target_month,permno,ticker,company_name,sector,weight,ret_exc_lead1m,pred,raw_me,raw_beta_60m,raw_betabab_1260d
2021-01-31,10874,BC,BRUNSWICK CORP,25,0.02,0.134004,0.37640906947837643,5972.87032,1.8805612925918593,1.3258398749533549
2021-01-31,11809,CLH,CLEAN HARBORS INC,20,0.02,0.017825,0.26083322617976085,4204.2206,1.619508683777794,1.4013313758663108
2021-01-31,12062,LH,LABORATORY CORP AMERICA HLDGS,35,0.02,0.124543,0.3367836783678368,19825.770000000004,1.0293470305104602,0.9882130621894952
2021-01-31,12981,FBHS,FORTUNE BRANDS HOME & SECUR INC,20,0.02,0.006137,0.24656037032274655,11908.99388,1.5569886933549437,1.2167626051063638
2021-01-31,13046,UI,UBIQUITI INC,45,0.02,0.105803,0.4531738888174532,17487.08588,1.4041781886050269,0.6701796588411056
2021-01-31,13169,ZNGA,ZYNGA INC,50,-0.02,0.004007,-0.3227894217993228,10675.391999999998,0.2382275711985728,0.4875533455299876
2021-01-31,13262,CCXI,CHEMOCENTRYX INC,35,-0.02,-0.07934200000000001,-0.4012686982984013,4300.46784,1.6713529898853432,0.30377347091897455
2021-01-31,13379,SPLK,SPLUNK INC,45,-0.02,-0.028653,-0.6012172645836013,27474.78069,1.3762157236519486,1.0050083508663148
2021-01-31,13739,BFAM,BRIGHT HORIZONS FAM SOL INC NEW,25,-0.02,-0.12155600000000001,-0.3664223565213665,10476.96636,0.785558437256329,1.0731885852116172
2021-01-31,13748,TPH,TRI POINTE GROUP INC,25,0.02,0.170968,0.24109553812524107,2187.7312500000003,1.5307958011595089,1.4610936599381625
2021-01-31,13802,APAM,ARTISAN PARTNERS ASSET MGMT INC,40,0.02,-0.038584,0.2961296129612961,3092.1848400000003,1.8262464109018182,1.1445580154093862
2021-01-31,13962,NSTG,NANOSTRING TECHNOLOGIES INC,35,-0.02,0.047053000000000005,-0.5234666323775236,2972.2140799999997,1.7754903660984647,0.9591282338829676
2021-01-31,14008,AMGN,AMGEN INC,35,0.02,0.050015000000000004,0.37758775877587764,132962.73599999998,0.696204529229762,0.60362006469616
2021-01-31,14044,AGIO,AGIOS PHARMACEUTICALS INC,35,-0.02,0.083961,-0.4923492349234924,3002.50902,1.7693863182657281,0.7070999765233422
2021-01-31,14136,RNG,RINGCENTRAL INC,45,-0.02,-0.01601,-0.4441301272984441,30062.932160000004,0.7079236658507883,0.7747581520220707
2021-01-31,14159,FEYE,FIREEYE INC,45,-0.02,-0.089378,-0.5289957567185289,5435.011399999999,1.2308787925067757,0.9905661120637461
2021-01-31,14182,BURL,BURLINGTON STORES INC,25,-0.02,-0.048412,-0.3767948223393768,17325.072,0.7413815106200924,0.8771272257010783
2021-01-31,14263,VCYT,VERACYTE INC,35,-0.02,0.15851600000000002,-0.43230037289443235,2848.3569399999997,0.7680461779538272,1.0309282544418075
2021-01-31,14273,CHGG,CHEGG INC,25,-0.02,0.054532000000000004,-0.36427928507136426,11635.49763,1.0083530124956446,0.7385517356561901
2021-01-31,14295,TWTR,TWITTER INC,50,-0.006696648738149924,-0.066897,-0.35009215207235006,43068.2025,0.8596834450570252,0.7552443077847978
2021-01-31,14325,TNDM,TANDEM DIABETES CARE INC,35,-0.02,-0.031714,-0.32754704041832755,5964.2128,0.31200963753477,0.46170019699268094
2021-01-31,14329,ARMK,ARAMARK,25,-0.02,-0.108934,-0.5074793193605075,9771.14944,1.7431793927644843,1.3405206909942995
2021-01-31,14432,ITCI,INTRA CELLULAR THERAPIES INC,35,-0.010000000000000002,0.010960000000000001,-0.4156701384424157,2558.7234,1.4376033889258455,0.6259678979471113
2021-01-31,14608,SABR,SABRE CORP,45,-0.01839077894737008,-0.10320700000000001,-0.6604517594616605,3813.90994,2.084864317147646,2.1322325231105066
2021-01-31,15108,NEWR,NEW RELIC INC,45,-0.011609221052629919,0.14949500000000002,-0.3815095795293815,4093.7784,1.0036281539178475,0.8738078643459253
2021-01-31,15167,SHAK,SHAKE SHACK INC,25,-0.02,0.33777,-0.5712142642835712,3249.6174,1.6721558883095007,1.136764518259553
2021-01-31,15431,MCRB,SERES THERAPEUTICS INC,35,-0.02,-0.030658,-0.7111568299687112,2240.7455,1.6052244208030444,1.5810039530167217
2021-01-31,15585,TDOC,TELADOC HEALTH INC,35,-0.02,0.319368,-0.42338519566242333,28986.401560000002,0.3264846757846427,0.5087397621845046
2021-01-31,15627,PLNT,PLANET FITNESS INC,25,-0.009999999999999995,-0.07257000000000001,-0.42445673138742446,6351.298449999999,1.2405321005448624,1.3483387400780948
2021-01-31,15643,RUN,SUNRUN INC,20,-0.02,-0.001631,-0.6231623162316231,13973.548279999999,2.242780983053148,1.2762444409644227
2021-01-31,15694,PEN,PENUMBRA INC,35,-0.02,0.49189700000000003,-0.4544383009729544,6354.425,0.4138224638654095,0.6275138537117705
2021-01-31,16068,RETA,REATA PHARMACEUTICALS INC,35,-0.02,-0.162075,-0.5784792764990785,3845.6945800000003,1.4341021027163177,0.6803479952223092
2021-01-31,16287,EVBG,EVERBRIDGE INC,45,-0.02,-0.10831700000000001,-0.43251468003943255,5284.38243,0.7707780177256409,0.5758335284659949
2021-01-31,16382,COUP,COUPA SOFTWARE INC,45,-0.02,-0.085733,-0.4997642621404998,24461.16816,1.551610631194885,0.736783288965789
2021-01-31,16595,SNAP,SNAP INC,50,-0.02,0.057274000000000005,-0.40304744760190303,61821.829560000006,1.2968779650687943,0.6315570042145572
2021-01-31,16968,MDB,MONGODB INC,45,-0.02,0.029394,-0.4480948094809481,21637.90464,0.834159511946872,0.7008842034514196
2021-01-31,17106,BAND,BANDWIDTH INC,50,-0.02,0.159191,-0.2962367665337962,3444.2057099999997,0.5744304396650713,0.4479660762212769
2021-01-31,19561,BA,BOEING CO,20,-0.02,-0.09287000000000001,-0.6301701598731303,120843.29179999999,1.582160406795345,1.6741044467599389
2021-01-31,21020,AAL,AMERICAN AIRLINES GROUP INC,20,-0.02,0.08872999999999999,-0.7334019116197334,9800.7396,1.729152974082844,1.6353641323487544
2021-01-31,24328,EQT,E Q T CORP,10,-0.02,0.283196,-0.3492349234923492,3502.8632900000002,1.187713321484676,0.6758254449121396
2021-01-31,26403,DIS,DISNEY WALT CO,50,-0.02,-0.071853,-0.4122840855514123,328023.6723,1.1404601628083333,0.9484231664067525
2021-01-31,27422,CLF,CLEVELAND CLIFFS INC NEW,15,-0.009999999999999995,0.053525,-0.4921349277784922,5812.96352,2.2400746598780072,1.0351491408111815
2021-01-31,27430,CTB,COOPER TIRE & RUBBER CO,25,0.02,-0.092639,0.3485277099138485,2040.1470000000002,1.4580143423269825,0.850620568230601
2021-01-31,28804,ALK,ALASKA AIRGROUP INC,20,-0.02,-0.061008,-0.5208520852085209,6430.528,1.7236414545332719,1.4021132154986924
2021-01-31,29209,ARW,ARROW ELECTRONICS INC,45,0.02,0.003346,0.33005443401483003,7350.5285,1.467573163001554,1.0296888035399334
2021-01-31,34032,MAS,MASCO CORP,20,0.02,-0.008818,0.3415412969868415,14373.862679999998,1.2488163323456765,0.8290566513167236
2021-01-31,35124,CLGX,CORELOGIC INC,20,0.02,-0.026301,0.3566285199948567,6013.87228,1.0448030732012463,0.8539057449481422
2021-01-31,38295,SPB,SPECTRUM BRANDS HOLDINGS INC NEW,30,0.02,-0.043222,0.27332733273327336,3402.6163600000004,1.8429964267484438,1.0604834258050502
2021-01-31,47941,TGNA,TEGNA INC,50,0.02,0.149058,0.3427842784278427,3058.4258999999997,1.153856672316507,0.7575940730660357
2021-01-31,48653,HUM,HUMANA INC,35,0.02,-0.066246,0.3195533839098195,54295.54207,0.8131719643055229,0.8776198252989943
2021-01-31,51625,SCI,SERVICE CORP INTERNATIONAL,25,0.02,0.027042,0.42638549569242645,8481.7304,0.6401906763072707,0.7541221884263954
2021-01-31,56223,LPX,LOUISIANA PACIFIC CORP,15,0.02,0.022553,0.38273113025588273,4063.57308,1.7360847711545953,1.359734199267307
2021-01-31,58683,LUV,SOUTHWEST AIRLINES CO,20,-0.02,-0.05733,-0.6075178946466077,27512.62453,1.1749124645136568,1.0426287158813232
2021-01-31,58771,RBC,REGAL BELOIT CORP,20,0.02,0.021695,0.29617247439029615,4985.47195,1.3428457309724044,1.0750003647910327
2021-01-31,61313,DCI,DONALDSON INC,20,0.02,0.063662,0.33284042689983284,7054.2912,1.2613951846883154,0.8926810129835012
2021-01-31,62092,TMO,THERMO FISHER SCIENTIFIC INC,35,0.02,0.094247,0.369036903690369,184604.91629999998,0.769551928970771,0.692131097654641
2021-01-31,65307,RPM,R P M INTERNATIONAL INC,15,0.02,-0.087587,0.40782649693540785,11795.68086,0.950246334032717,0.9213564044231378
2021-01-31,75342,MTH,MERITAGE HOMES CORP,25,0.02,-0.030956,0.29979426514079976,3115.02584,1.5727751102280663,1.360938310403969
2021-01-31,76095,HOLX,HOLOGIC INC,35,0.02,0.094695,0.287943080022288,18750.44765,1.1914798582550177,0.7781144674557026
2021-01-31,76709,IDXX,I D E X X LABORATORIES INC,35,0.02,-0.042436999999999996,0.3346834683468347,42713.39163,0.832695462646717,0.6947003345042542
2021-01-31,76839,FIZZ,NATIONAL BEVERAGE CORP,30,0.010000000000000002,0.784877,0.40566199477090564,3960.1605000000004,1.3315137956789662,0.3939863763604753
2021-01-31,78875,CREE,CREE INC,45,-0.02,-0.045561,-0.5098366979555099,11752.464300000001,1.4051232241298015,1.1083541864897581
2021-01-31,79108,SANM,SANMINA CORP,45,0.02,-0.024819,0.2993227894217994,2070.52203,1.1022298815221456,0.8926096965874657
2021-01-31,79637,UHS,UNIVERSAL HEALTH SERVICES INC,35,0.02,-0.093282,0.26972697269726975,10687.050000000001,1.1142664608752597,1.1310392326650442
2021-01-31,79878,UFPI,U F P INDUSTRIES INC,20,0.02,-0.029029,0.41161973340191166,3399.9933,1.3461141519220192,1.003305478414112
2021-01-31,80069,ARWR,ARROWHEAD PHARMACEUTICALS INC,35,-0.02,0.005688,-0.6150829368651151,7918.0756200000005,1.5361871814774464,0.7676267663829478
2021-01-31,80128,VMI,VALMONT INDUSTRIES INC,20,0.0199999999999994,0.102795,0.33427628477133425,3717.78729,1.1224627396592697,0.8389933103844915
2021-01-31,80575,SSD,SIMPSON MANUFACTURING CO INC,20,0.02,-0.013257999999999999,0.45756718528995755,4057.69245,1.1764992342870024,0.8982661899329314
2021-01-31,80864,RS,RELIANCE STEEL & ALUMINUM CO,15,0.02,-0.030693,0.3733444773048733,7634.781,0.9729508336172318,0.9035823401523311
2021-01-31,81061,MCK,MCKESSON H B O C INC,35,0.02,0.003116,0.33708370837083707,27925.290879999997,0.9102369786043715,0.6727233503536376
2021-01-31,81220,NSIT,INSIGHT ENTERPRISES INC,45,0.02,8.5e-05,0.37715914448587723,2670.98727,1.7381907103218177,0.9225649761166009
2021-01-31,81593,COOP,MR COOPER GROUP INC,40,0.010000000000000009,-0.122508,0.2911791179117912,2774.0820000000003,1.5302973366380754,1.0346524741264913
2021-01-31,82670,TGTX,T G THERAPEUTICS INC,35,-0.02,-0.072134,-0.5992670695640994,7312.76352,2.381099335662583,0.9496815730520138
2021-01-31,82779,NVAX,NOVAVAX INC,35,-0.02,0.981301,-0.5042218507565043,8261.88741,2.0050407155940713,0.6435598570150547
2021-01-31,83011,WSM,WILLIAMS SONOMA INC,25,0.02,0.271156,0.3695298101238695,7799.72192,1.6398879640511765,1.0257856768180798
2021-01-31,84172,NUS,NU SKIN ENTERPRISES INC,30,0.02,0.059262,0.38667438172388663,2787.82353,1.3252117099361584,0.9979872955262127
2021-01-31,84373,DGX,QUEST DIAGNOSTICS INC,35,0.02,0.088517,0.37846641807037845,16060.064219999998,1.0120843922539893,0.7180558008976902
2021-01-31,85427,GPI,GROUP 1 AUTOMOTIVE INC,25,0.02,0.049367,0.28650722215078644,2401.69796,2.0518246660833452,1.3683129051736793
2021-01-31,85621,MTD,METTLER TOLEDO INTERNATIONAL INC,35,0.02,0.024891,0.3358192962153358,27118.685600000004,0.962742883343791,0.7918783763755681
2021-01-31,86047,AMKR,AMKOR TECHNOLOGY INC,45,0.02,0.029131999999999998,0.30163730658780163,3661.86132,1.5910071423514223,1.2111433835744605
2021-01-31,86489,SNBR,SLEEP NUMBER CORP,25,0.02,0.316104,0.24866058034374863,2078.4254,2.0066788948642023,1.1574170715943028
2021-01-31,87337,PLUG,PLUG POWER INC,20,-0.02,0.862826,-0.7161287557327162,15532.509409999999,1.8239313355122577,1.150139778315966
2021-01-31,87356,WWE,WORLD WRESTLING ENTMT INC,50,0.02,0.172274,0.3563499207063564,2243.6947499999997,1.4419535932257401,0.5898510994443282
2021-01-31,87426,LCII,L C I INDUSTRIES,25,0.02,-0.002359,0.28472847284728475,3261.9707200000003,1.570567717585518,1.0177509891920808
2021-01-31,88421,ARNA,ARENA PHARMACEUTICALS INC,35,-0.02,-0.033756999999999995,-0.338862457674339,4503.08313,0.8073667830056132,0.5376250129198602
2021-01-31,89031,AAXN,AXON ENTERPRISE INC,20,-0.009999999999999353,0.339708,-0.3074021687883074,7813.370510000001,0.6902107505926689,0.7992181945087488
2021-01-31,89353,JBLU,JETBLUE AIRWAYS CORP,20,-0.02,-0.013800999999999999,-0.6514508593716515,4594.639999999999,1.4992807029152053,1.5062336006169619
2021-01-31,89533,WYNN,WYNN RESORTS LTD,25,-0.02,-0.117922,-0.6120183446916121,12173.00304,2.274540996388035,1.4317432609290244
2021-01-31,89866,LKQ,L K Q CORP,25,0.02,-0.004303,0.24769619819124775,10697.20772,1.5612767740571307,1.3060031484818746
2021-01-31,89916,NXST,NEXSTAR MEDIA GROUP INC,50,0.02,0.040983000000000006,0.2855857014272856,4723.23183,1.8572619559244048,1.4605808255855737
2021-01-31,89971,TPX,TEMPUR SEALY INTERNATIONAL INC,25,0.02,-0.022268,0.26124040975526125,5571.558,1.9094925029734502,1.3685112799350663
2021-01-31,90037,HTH,HILLTOP HOLDINGS INC,40,0.02,0.09192099999999999,0.3407483605503408,2482.44738,1.1611522061632369,1.0536616646676458
2021-01-31,90505,LVS,LAS VEGAS SANDS CORP,25,-0.02,-0.19316699999999998,-0.43677939222493667,45524.1488,1.2783501928325596,1.0255299185516122
2021-01-31,90808,EXPE,EXPEDIA GROUP INC,25,-0.02,-0.062735,-0.6050533624791051,18280.997600000002,1.6567277555846676,1.1938444898257141
2021-01-31,91041,LYV,LIVE NATION ENTERTAINMENT INC,50,-0.02,-0.095718,-0.6396211049676397,15953.757160000001,1.2877777971695124,1.306294844800411
2021-01-31,91103,UAL,UNITED AIRLINES HOLDINGS INC,20,-0.02,-0.075422,-0.7601045818867601,13487.296250000001,1.5518205548331552,1.6815506190693412
2021-01-31,91277,QRTEA,QURATE RETAIL INC,25,0.02,0.148541,0.31275984741331275,4192.36102,1.82229370783813,1.1533180985707177
2021-01-31,91500,EXLS,EXLSERVICE HOLDINGS INC,45,0.02,-0.099306,0.30879516523080885,2856.87767,0.8874994807789416,1.09551483861408
2021-01-31,91594,SPR,SPIRIT AEROSYSTEMS HOLDINGS INC,20,-0.02,-0.13358399999999998,-0.6836397925506835,4129.35033,1.9873456410909576,1.7072978945541146
2021-01-31,91915,CNK,CINEMARK HOLDINGS INC,50,-0.0033033512618500776,0.162504,-0.6106896403926108,2057.13078,2.494179196833971,1.4082277363622238
2021-01-31,91926,DAL,DELTA AIR LINES INC,20,-0.02,-0.056001999999999996,-0.6742102781706742,25643.284140000003,1.3765500153129124,1.4186060849051823
2021-01-31,92775,TREE,LENDINGTREE INC,40,-0.02,0.188894,-0.4074407440744075,3593.49375,1.640114158049158,0.9145138340376497
2021-01-31,93035,SEM,SELECT MEDICAL HOLDINGS CORP,35,0.02,-0.07090600000000001,0.2544040118297544,3727.54458,1.3854552274943097,1.3738893679316249
2021-01-31,93098,H,HYATT HOTELS CORP,25,-0.02,-0.115736,-0.5311388281685311,2905.92225,1.4526646105162095,1.1664788478817227
2021-01-31,93330,PRI,PRIMERICA INC,40,0.02,0.040124,0.3480562341948481,5263.8507899999995,1.3855162899579074,1.1323641400742253
2021-02-28,10874,BC,BRUNSWICK CORP,25,0.02,0.025127,0.23537355605418428,6773.53578,1.8111234382570052,1.3307145970343992
2021-02-28,10909,CERN,CERNER CORP,35,0.02,-0.136982,0.38465054433640816,24501.88383,0.7029011046410186,0.5313561182968051
2021-02-28,11809,CLH,CLEAN HARBORS INC,20,0.011971238207038146,0.099232,0.18573921715282968,4279.35516,1.7116162711002485,1.41287933337721
2021-02-28,12062,LH,LABORATORY CORP AMERICA HLDGS,35,0.02,0.048008999999999996,0.2812681791739383,22295.834000000003,0.997885021124335,0.9829634631723171
2021-02-28,12981,FBHS,FORTUNE BRANDS HOME & SECUR INC,20,0.02,-0.033101000000000005,0.28363666583561864,11982.62625,1.5405134573544828,1.2122553388385715
2021-02-28,13046,UI,UBIQUITI INC,45,0.02,0.036613,0.4064863292611984,19338.076119999998,1.3888083111116516,0.6321719493816773
2021-02-28,13169,ZNGA,ZYNGA INC,50,-0.02,0.125081,-0.2865245574669658,10732.50027,0.18857686819692748,0.4785141568926965
2021-02-28,13262,CCXI,CHEMOCENTRYX INC,35,-0.02,0.189922,-0.38716446438959523,3959.4585199999997,1.4007456666179896,0.2772846320916742
2021-02-28,13379,SPLK,SPLUNK INC,45,-0.02,-0.13347499999999998,-0.44857890800299177,26924.149409999998,1.3005855753640723,0.9908917778171115
2021-02-28,13407,FB,FACEBOOK INC,50,0.02,-0.002793,0.2984916479680878,621399.3818399999,1.1754583540860515,0.7613660098700502
2021-02-28,13802,APAM,ARTISAN PARTNERS ASSET MGMT INC,40,0.010000000000000009,0.005402,0.23342059336823734,2973.0184,1.8181035297069603,1.1650482390090768
2021-02-28,13837,EVTC,EVERTEC INC,45,0.02,0.122433,0.39699160641569015,2495.1729,1.024093136956664,0.7976069273261613
2021-02-28,13901,MO,ALTRIA GROUP INC,30,0.010000000000000002,0.061299,0.4802626111526635,76343.85252,0.5318088862508645,0.5054464645270256
2021-02-28,13962,NSTG,NANOSTRING TECHNOLOGIES INC,35,-0.02,-0.003472,-0.5409083354109533,3112.20323,1.7915593550593798,0.9898129215689565
2021-02-28,14008,AMGN,AMGEN INC,35,0.02,-0.061453,0.36620127981384526,139618.96899999998,0.6793006200915277,0.599503181965017
2021-02-28,14044,AGIO,AGIOS PHARMACEUTICALS INC,35,-0.02,0.009961,-0.45626610155405967,3255.20888,1.6249826108415835,0.6938983856391775
2021-02-28,14136,RNG,RINGCENTRAL INC,45,-0.02,0.014006,-0.34960109698329594,29582.997760000002,0.6708478207588142,0.7657916106326096
2021-02-28,14159,FEYE,FIREEYE INC,45,-0.02,-0.080045,-0.4170821906424,4949.49,1.1010715274746834,0.976600311827934
2021-02-28,14182,BURL,BURLINGTON STORES INC,25,-0.02,0.03981,-0.34739881991190896,16487.136,0.9064281084318657,0.9123627786152869
2021-02-28,14263,VCYT,VERACYTE INC,35,-0.02,0.023941,-0.41849497215989373,3299.9967,0.7019075089935117,1.0223704100229796
2021-02-28,14273,CHGG,CHEGG INC,25,-0.02,0.013287,-0.35803623369068394,12270.535860000002,0.938834836051015,0.7410472146625601
2021-02-28,14295,TWTR,TWITTER INC,50,-0.02,0.5249900000000001,-0.35334081276489654,40189.035500000005,0.733102987959673,0.7341954815260184
2021-02-28,14325,TNDM,TANDEM DIABETES CARE INC,35,-0.02,0.036004999999999995,-0.2861921382863791,5775.337750000001,0.17382250091915247,0.4488346528647304
2021-02-28,14328,AMC,A M C ENTERTAINMENT HOLDINGS INC,50,-0.02,-0.395973,-0.5460192803124742,3809.2930199999996,1.7961495448541007,1.0601853225918783
2021-02-28,14608,SABR,SABRE CORP,45,-0.010969464920937408,0.362664,-0.6517701321366243,3420.46166,2.131431209430803,2.1525850587334387
2021-02-28,15108,NEWR,NEW RELIC INC,45,-0.02,-0.186797,-0.4051151001412782,4705.96728,0.8880224792282938,0.8916826365493117
2021-02-28,15167,SHAK,SHAKE SHACK INC,25,-0.02,0.044567999999999997,-0.6216446438959528,4347.3886,1.6153940104499356,1.1303077384440166
2021-02-28,15272,SEDG,SOLAREDGE TECHNOLOGIES INC,45,-0.02,0.034567999999999995,-0.4099559544585722,14866.583129999999,0.9718296251962586,1.1426867219961914
2021-02-28,15431,MCRB,SERES THERAPEUTICS INC,35,-0.02,-0.19836099999999998,-0.7068270589212997,2172.15125,1.5342867569728003,1.532157911922321
2021-02-28,15506,CYRX,CRYOPORT INC,35,-0.02,-0.128491,-0.428799966758082,3016.0086,1.0286660812839021,0.6002627252251911
2021-02-28,15579,TXN,TEXAS INSTRUMENTS INC,45,0.02,0.039667999999999995,0.3867281642150752,152474.39991,1.0112042233932643,0.8896316066768387
2021-02-28,15585,TDOC,TELADOC HEALTH INC,35,-0.02,-0.162043,-0.44999168952048535,38245.06063,0.2238880616044867,0.5278047330362504
2021-02-28,15623,HLI,HOULIHAN LOKEY INC,40,0.02,-0.019937,0.5191972076788831,3327.9074499999997,0.6397047084082051,0.46332025522310966
2021-02-28,15643,RUN,SUNRUN INC,20,-0.02,-0.096624,-0.6415897947311561,13951.393619999999,2.197671633089365,1.317759481992006
2021-02-28,15694,PEN,PENUMBRA INC,35,-0.02,0.08935,-0.44467298263109784,9480.438989999999,0.24272521616251316,0.6335718706395026
2021-02-28,15914,WKHS,WORKHORSE GROUP INC,25,-0.01903053507906196,-0.528891,-0.4821947976398238,4184.39736,3.0550998847644135,0.3829106793285368
2021-02-28,16068,RETA,REATA PHARMACEUTICALS INC,35,-0.02,0.180185,-0.5860342391756005,3222.5813100000005,1.458614233712952,0.6868334377605377
2021-02-28,16287,EVBG,EVERBRIDGE INC,45,-0.02,0.152667,-0.37631928862295355,4712.23557,0.7879061898742744,0.5848193878989171
2021-02-28,16382,COUP,COUPA SOFTWARE INC,45,-0.02,0.117391,-0.49495138369483926,22544.281980000003,1.565344232157425,0.7476441383981483
2021-02-28,16595,SNAP,SNAP INC,50,-0.02,0.24022700000000002,-0.4012299509681708,65365.44152,1.291640626970359,0.6518064518950645
2021-02-28,16597,AYX,ALTERYX INC,45,-0.02,-0.241616,-0.378874761073714,6812.37225,0.8136827459632401,0.919793736228017
2021-02-28,16968,MDB,MONGODB INC,45,-0.02,0.044109999999999996,-0.4200116346713206,22508.50978,0.8379700342352419,0.7039557110942727
2021-02-28,17106,BAND,BANDWIDTH INC,50,-0.010000000000000002,-0.111081,-0.28762569600265936,3992.6518199999996,0.5622061430648985,0.4426576628232627
2021-02-28,18973,BRC,BRADY CORP,20,0.02,0.14153600000000002,0.4015208177511842,2225.53316,0.7926630706596125,0.8517469042674372
2021-02-28,19561,BA,BOEING CO,20,-0.02,0.091721,-0.5937214327266683,109626.08069999999,1.5510793936843124,1.6663313252858651
2021-02-28,21020,AAL,AMERICAN AIRLINES GROUP INC,20,-0.02,0.219524,-0.724943904263276,10670.8116,1.7450287216965696,1.6066725363315826
2021-02-28,24328,EQT,E Q T CORP,10,-0.02,0.090697,-0.36701155156652543,4495.019689999999,1.3068861725786063,0.662521711700191
2021-02-28,25953,DOV,DOVER CORP,20,0.02,0.062285999999999994,0.31037563367406296,16786.55847,1.243345708254754,1.0132789127989275
2021-02-28,27422,CLF,CLEVELAND CLIFFS INC NEW,15,-0.009999999999999995,-0.13042299999999998,-0.5058588880578411,6124.3722800000005,2.3061979101450474,1.0846072193893634
2021-02-28,28804,ALK,ALASKA AIRGROUP INC,20,-0.02,0.331513,-0.568997756170531,6065.56494,1.7264973393404932,1.4039798663904213
2021-02-28,29209,ARW,ARROW ELECTRONICS INC,45,0.02,0.026893,0.3106041718607164,7375.45835,1.4919189575003444,1.0203364097013496
2021-02-28,34032,MAS,MASCO CORP,20,0.02,-0.020115,0.33545250560957374,14211.62356,1.2555764047610243,0.8320331529192585
2021-02-28,35124,CLGX,CORELOGIC INC,20,0.02,0.12879000000000002,0.3586802958530707,5855.98091,1.1120445074419423,0.8559625327117543
2021-02-28,37568,FELE,FRANKLIN ELECTRIC INC,20,0.02,0.083844,0.39059253718939585,3208.73124,0.9768648080316106,0.8833625689446288
2021-02-28,38295,SPB,SPECTRUM BRANDS HOLDINGS INC NEW,30,0.02,0.031382999999999994,0.34640156237014874,3220.9445399999995,1.8571014338082656,1.0473736084761436
2021-02-28,38659,GNTX,GENTEX CORP,25,0.007059296872023814,0.070454,0.3549821324690435,8054.05365,1.0600401702749742,0.7091622841601253
2021-02-28,48653,HUM,HUMANA INC,35,0.02,-0.009076,0.29980054849164794,50701.16051,0.7948421474872609,0.8841180124048018
2021-02-28,51625,SCI,SERVICE CORP INTERNATIONAL,25,0.02,-0.05299,0.39285714285714285,8711.47992,0.6158404799969752,0.7569092455241675
2021-02-28,56223,LPX,LOUISIANA PACIFIC CORP,15,0.02,0.256758,0.42358514086262783,4155.40524,1.720394863751079,1.3583226079669164
2021-02-28,58683,LUV,SOUTHWEST AIRLINES CO,20,-0.02,0.322895,-0.5774744452754924,25945.42756,1.1526161931912313,1.0528499778111156
2021-02-28,61313,DCI,DONALDSON INC,20,0.02,-0.005568,0.3228205767472782,7503.705599999999,1.2873824430096954,0.8879013331227195
2021-02-28,64194,CHE,CHEMED CORP NEW,35,0.02,-0.13974399999999998,0.4022479847087177,8261.540799999999,0.48451103979178134,0.737397391422474
2021-02-28,65307,RPM,R P M INTERNATIONAL INC,15,0.02,-0.034361,0.41109864539183905,10729.59441,0.9316389594383316,0.9108745548211717
2021-02-28,75342,MTH,MERITAGE HOMES CORP,25,0.02,0.050415999999999996,0.25542258788332084,3018.73912,1.6111279441879511,1.365065824279905
2021-02-28,76095,HOLX,HOLOGIC INC,35,0.02,-0.09586800000000001,0.2814343887642317,20543.39126,1.1502387884148941,0.7845965843341475
2021-02-28,77902,CAKE,CHEESECAKE FACTORY INC,25,-0.02,0.22188100000000002,-0.5570722180669826,2051.48643,1.6803113746039702,1.4171689751958845
2021-02-28,79637,UHS,UNIVERSAL HEALTH SERVICES INC,35,0.02,0.005168,0.283179589462312,9690.628320000002,1.13393924084748,1.124173080152738
2021-02-28,79878,UFPI,U F P INDUSTRIES INC,20,0.02,0.13362200000000002,0.4059669242915316,3301.55952,1.39791407885144,1.0125450484921754
2021-02-28,80069,ARWR,ARROWHEAD PHARMACEUTICALS INC,35,-0.02,0.032221,-0.5765187401313056,8006.46467,1.308028101166422,0.739205079114475
2021-02-28,80575,SSD,SIMPSON MANUFACTURING CO INC,20,0.02,0.059302999999999995,0.41577329011883984,3994.732,1.191967621902231,0.9038370383339509
2021-02-28,80957,AZPN,ASPEN TECHNOLOGY INC,45,0.0009694649209374059,0.124003,0.29412864622288704,9083.2404,1.2535251464467754,0.9729179296132852
2021-02-28,81061,MCK,MCKESSON H B O C INC,35,0.02,-0.028417,0.3255630349871188,28013.60108,0.8393458967284337,0.6757532551296547
2021-02-28,81220,NSIT,INSIGHT ENTERPRISES INC,45,0.02,0.098378,0.35381866533698997,2671.3383,1.7621058776835663,0.9219378133825952
2021-02-28,81593,COOP,MR COOPER GROUP INC,40,0.02,0.154931,0.35469126568603004,2434.362,1.56171436570727,1.025007621234937
2021-02-28,82307,DVA,DAVITA INC,35,0.02,-0.12989099999999998,0.3490193634172692,13145.44,1.2496358112172166,0.6657151022273655
2021-02-28,82779,NVAX,NOVAVAX INC,35,-0.02,0.046528999999999994,-0.48944569101637164,14766.303960000001,1.718732216401672,0.5277558393046691
2021-02-28,82800,SCCO,SOUTHERN COPPER CORP,15,0.02,0.083109,0.4354899027673897,51341.570999999996,1.1496015992416404,0.8322584957637782
2021-02-28,83011,WSM,WILLIAMS SONOMA INC,25,0.02,0.018339,0.26265270506108196,9873.724959999998,1.6017291234460216,1.0238785486962354
2021-02-28,84042,PAG,PENSKE AUTOMOTIVE GROUP INC,25,0.02,0.143431,0.2916562785672734,4807.30624,1.467267817661513,1.1998018268194424
2021-02-28,84172,NUS,NU SKIN ENTERPRISES INC,30,0.02,-0.109035,0.3544003989030167,2953.1639699999996,1.2690409596186356,0.9558821187506481
2021-02-28,84373,DGX,QUEST DIAGNOSTICS INC,35,0.02,-0.10503900000000001,0.3048907171943821,17405.0289,0.994563725261539,0.7113983631642123
2021-02-28,85427,GPI,GROUP 1 AUTOMOTIVE INC,25,0.02,0.10989499999999999,0.2728330424665504,2520.37268,1.9501748020189094,1.384317377622251
2021-02-28,85621,MTD,METTLER TOLEDO INTERNATIONAL INC,35,0.02,-0.044605000000000006,0.3290326601844927,27794.9395,0.9430274369350353,0.7892054795568941
2021-02-28,86047,AMKR,AMKOR TECHNOLOGY INC,45,0.02,0.541853,0.2278733482921965,3768.70608,1.644932281559184,1.2154393053339543
2021-02-28,86444,INO,INOVIO PHARMACEUTICALS INC,35,-0.02,-0.129457,-0.48971578160059837,2636.037,1.035229747227354,0.5540960003120217
2021-02-28,86489,SNBR,SLEEP NUMBER CORP,25,0.02,0.27274099999999996,0.23988199119089174,2733.9024999999997,2.0222263813838004,1.139708267783225
2021-02-28,87337,PLUG,PLUG POWER INC,20,-0.02,-0.234175,-0.7314676306822904,28935.08167,1.6970471897973292,1.2243207250782986
2021-02-28,87356,WWE,WORLD WRESTLING ENTMT INC,50,0.02,-0.12307,0.30335327848416854,2630.32935,1.469278308990213,0.5242084555561832
2021-02-28,88421,ARNA,ARENA PHARMACEUTICALS INC,35,-0.010000000000000002,0.082256,-0.3324399567855065,4351.280639999999,0.7109680529730357,0.5274591437014705
2021-02-28,89031,AXON,AXON ENTERPRISE INC,20,-0.02,0.008057,-0.3535485747527632,10467.99072,0.594943019063093,0.7929315279997684
2021-02-28,89353,JBLU,JETBLUE AIRWAYS CORP,20,-0.02,0.285171,-0.611048782514751,4531.85586,1.5269124973302584,1.501056787403002
2021-02-28,89916,NXST,NEXSTAR MEDIA GROUP INC,50,0.02,0.216723,0.24813014210919976,4917.02319,1.7844608453407538,1.4485776658346752
2021-02-28,89971,TPX,TEMPUR SEALY INTERNATIONAL INC,25,0.02,0.26807899999999996,0.34768968669492234,5447.7456,1.8972178832811206,1.3576443856094356
2021-02-28,90178,ALNY,ALNYLAM PHARMACEUTICALS INC,35,-0.02,-0.015861,-0.3888681126901022,17604.956159999998,1.2967540769953,0.45141203724933426
2021-02-28,90550,DLB,DOLBY LABORATORIES INC,45,0.02,0.11166,0.3768386935926203,5764.732580000001,0.942629389663921,0.8290024370619098
2021-02-28,90808,EXPE,EXPEDIA GROUP INC,25,-0.02,0.297296,-0.6168661181750187,17168.1181,1.6181830530684016,1.1951472719872147
2021-02-28,91041,LYV,LIVE NATION ENTERTAINMENT INC,50,-0.02,0.337201,-0.6122538020443781,14427.42465,1.2961994538052095,1.303128489588116
2021-02-28,91103,UAL,UNITED AIRLINES HOLDINGS INC,20,-0.02,0.317284,-0.7344594033075709,12470.681550000001,1.5299501687914556,1.6555444408972133
2021-02-28,91277,QRTEA,QURATE RETAIL INC,25,0.02,-0.014331,0.25889221308069477,4801.1795999999995,1.8482125862198209,1.1347769971076869
2021-02-28,91594,SPR,SPIRIT AEROSYSTEMS HOLDINGS INC,20,-0.02,0.264496,-0.6430025762486496,3577.92519,1.9897988835892504,1.7243860619496179
2021-02-28,91926,DAL,DELTA AIR LINES INC,20,-0.02,0.26286299999999996,-0.5500083104795147,24208.382640000003,1.3635183214007198,1.4188143324358542
2021-02-28,92775,TREE,LENDINGTREE INC,40,-0.02,-0.17407399999999998,-0.43152164879913574,4272.45,1.5687405176568034,0.9325370894862882
2021-02-28,93035,SEM,SELECT MEDICAL HOLDINGS CORP,35,0.02,0.231473,0.2933183744702069,3463.4091,1.324212379489847,1.3689209915532188
2021-02-28,93098,H,HYATT HOTELS CORP,25,-0.02,0.339431,-0.5084559129061746,2569.73542,1.4160446325032068,1.1672917840503054
2021-02-28,93330,PRI,PRIMERICA INC,40,0.02,0.017035,0.33233607579157315,5475.300929999999,1.3984200321523357,1.119803566471659
2021-03-31,10874,BC,BRUNSWICK CORP,25,0.02,0.079185,0.29792171105730436,6872.976750000001,1.818491029207747,1.3471186140325375
2021-03-31,11691,MATX,MATSON INC,20,0.02,-0.037128,0.3638821630347054,2984.0823299999997,0.9539250598280548,0.8877741815881998
2021-03-31,11809,CLH,CLEAN HARBORS INC,20,0.02,-0.012827999999999999,0.2304277643260694,4665.96455,1.7144832666823209,1.4196517092914689
2021-03-31,11891,MGM,M G M RESORTS INTERNATIONAL,25,-0.02,0.005332,-0.6664447134786118,18700.49487,2.350138052250363,1.7462269395163375
2021-03-31,12062,LH,LABORATORY CORP AMERICA HLDGS,35,0.02,0.062997,0.33232445520581116,23415.215999999997,0.9973327722623092,0.9782728021876876
2021-03-31,12981,FBHS,FORTUNE BRANDS HOME & SECUR INC,20,0.02,0.152487,0.24749798224374495,11528.69124,1.5394208097229416,1.2208272200098405
2021-03-31,13046,UI,UBIQUITI INC,45,0.02,-0.064683,0.35722356739305894,20031.04628,1.3948640713872182,0.6464414839916958
2021-03-31,13168,TRIP,TRIPADVISOR INC,50,-0.02,0.084012,-0.482183212267958,6055.078979999999,1.3793278602806742,1.1139192666860587
2021-03-31,13169,ZNGA,ZYNGA INC,50,-0.02,-0.084332,-0.3233857949959645,12097.950700000001,0.17850107793981712,0.47974857860793335
2021-03-31,13262,CCXI,CHEMOCENTRYX INC,35,-0.02,-0.24472,-0.40534705407586774,4722.5459200000005,1.388505551243772,0.2846172460085335
2021-03-31,13379,SPLK,SPLUNK INC,45,-0.02,-0.052681,-0.5067191283292978,23331.652469999997,1.276436436578643,1.012935462606217
2021-03-31,13407,FB,FACEBOOK INC,50,0.02,0.143246,0.36906779661016953,619691.51376,1.1669003427698066,0.7644270171703033
2021-03-31,13739,BFAM,BRIGHT HORIZONS FAM SOL INC NEW,25,-0.02,0.07381700000000001,-0.36513317191283295,9669.64824,0.8423372477732524,1.0924851412655172
2021-03-31,13802,APAM,ARTISAN PARTNERS ASSET MGMT INC,40,0.02,0.098289,0.27784503631961255,3079.045,1.808708811058213,1.1752661792292292
2021-03-31,13837,EVTC,EVERTEC INC,45,0.02,-0.043214999999999996,0.3536723163841808,2797.1823,1.0173102487261767,0.8040576453251754
2021-03-31,13962,NSTG,NANOSTRING TECHNOLOGIES INC,35,-0.02,-0.058488,-0.542594834543987,3111.3777800000003,1.7674013626167513,1.006586969609368
2021-03-31,14008,AMGN,AMGEN INC,35,0.02,0.106189,0.38395883777239714,129906.14472,0.6643157897749202,0.5815066187932935
2021-03-31,14136,RNG,RINGCENTRAL INC,45,-0.010000000000000002,-0.212318,-0.29408797417272,29998.676480000002,0.643780765779419,0.7651021466300679
2021-03-31,14176,XLRN,ACCELERON PHARMA INC,35,-0.02,-0.004066,-0.38527037933817593,8244.488,0.4184328994814093,0.5043589809195809
2021-03-31,14295,TWTR,TWITTER INC,50,-0.005278320745374463,-0.174307,-0.30764729620661824,61505.593120000005,0.7861804073756705,0.7097630906809903
2021-03-31,14317,LGIH,L G I HOMES INC,25,0.02,0.366655,0.31077481840193705,2729.5020000000004,1.3997580819958,1.1270396993655838
2021-03-31,14328,AMC,A M C ENTERTAINMENT HOLDINGS INC,50,-0.02,0.27463,-0.5236682808716706,3026.20203,1.7555387327795506,0.9211167808491085
2021-03-31,14338,HLT,HILTON WORLDWIDE HOLDINGS INC,25,-0.02,-0.022343,-0.40494350282485864,34334.557440000004,1.2559298668117433,0.9918768412669138
2021-03-31,14432,ITCI,INTRA CELLULAR THERAPIES INC,35,-0.02,-0.042364,-0.40562953995157397,2866.88931,1.2717301924997468,0.5984510992263469
2021-03-31,14574,MC,MOELIS & CO,40,0.02,0.062715,0.4528046811945117,2996.51428,1.2757839636431616,0.7965145186122002
2021-03-31,14593,AAPL,APPLE INC,45,0.02,0.007313,0.4086965294592413,2035724.5209600003,1.1586227537233247,0.8813721653430682
2021-03-31,14828,SAGE,SAGE THERAPEUTICS INC,35,0.02,-0.119439,0.34443099273607747,4962.47,1.965381875626757,0.6758798609534116
2021-03-31,15108,NEWR,NEW RELIC INC,45,-0.02,0.005534,-0.34949556093623896,3855.8552400000003,0.859511386570451,0.8783352279047499
2021-03-31,15167,SHAK,SHAKE SHACK INC,25,-0.02,-0.048221,-0.5330710250201776,4541.3384,1.637733434908332,1.1176659660360158
2021-03-31,15272,SEDG,SOLAREDGE TECHNOLOGIES INC,45,-0.02,-0.036466,-0.5058313155770783,15387.42642,0.9497996203432424,1.1341314253218262
2021-03-31,15398,CC,CHEMOURS CO,15,0.02,0.186118,0.28946731234866824,3886.49716,2.214752701961112,1.4004030597624981
2021-03-31,15506,CYRX,CRYOPORT INC,35,-0.02,-0.125027,-0.37064164648910414,2628.61512,0.9939422369589279,0.5880849673342677
2021-03-31,15541,RPD,RAPID7 INC,45,-0.02,-0.021407,-0.3429176755447942,4016.8568799999994,1.2007981906759568,0.7439510762501308
2021-03-31,15579,TXN,TEXAS INSTRUMENTS INC,45,0.02,0.09703,0.3353914447134786,159006.58816,1.0108866802127416,0.8950143104127944
2021-03-31,15585,TDOC,TELADOC HEALTH INC,35,-0.02,-0.177964,-0.4188256658595642,33225.62629,0.17986505022853008,0.5090012417629723
2021-03-31,15643,RUN,SUNRUN INC,20,-0.02,-0.033583999999999996,-0.6534301856335755,12677.70672,2.1308825654277324,1.3855177076667546
2021-03-31,15694,PEN,PENUMBRA INC,35,-0.02,-0.048721,-0.3622881355932203,10367.18907,0.2538037045828307,0.6313376150925357
2021-03-31,15937,EDIT,EDITAS MEDICINE INC,35,-0.02,-0.042435,-0.5773002421307506,2954.54118,1.9952374275053353,0.9629558090719783
2021-03-31,16064,NTLA,INTELLIA THERAPEUTICS INC,35,-0.02,0.32738,-0.6015133171912833,4094.71396,2.0947724789197575,1.0260170566242892
2021-03-31,16068,RETA,REATA PHARMACEUTICALS INC,35,-0.02,-0.184552,-0.5744552058111381,3825.6376600000003,1.468461527755779,0.6952130957352265
2021-03-31,16119,ATKR,ATKORE INC,20,0.02,0.062796,0.28442292171105726,3154.18125,2.440691940338289,1.4347816795587611
2021-03-31,16140,TWLO,TWILIO INC,45,-0.02,-0.132688,-0.4542574656981437,62872.97928,1.4936642083927063,0.8757504221714109
2021-03-31,16287,EVBG,EVERBRIDGE INC,45,-0.02,-0.20919,-0.33591606133979024,5553.821349999999,0.7978352117808369,0.5901156846216841
2021-03-31,16382,COUP,COUPA SOFTWARE INC,45,-0.02,-0.265088,-0.470682001614205,25191.800040000002,1.5701150712130159,0.7670262438572776
2021-03-31,16597,AYX,ALTERYX INC,45,-0.02,-0.132245,-0.38182001614205,5627.016,0.7788565685423758,0.9365259743679135
2021-03-31,16648,SNDR,SCHNEIDER NATIONAL INC,20,0.02,0.082566,0.4680185633575463,2181.73725,0.9810218868754278,0.5404814198007435
2021-03-31,16655,CVNA,CARVANA CO,25,-0.004721679254624903,-0.07445399999999999,-0.6050645682001614,22206.8385,2.404678543371782,1.5370727454264825
2021-03-31,16968,MDB,MONGODB INC,45,-0.02,-0.307078,-0.40573042776432605,23502.36514,0.8335857989883003,0.7177686817084004
2021-03-31,17106,BAND,BANDWIDTH INC,50,-0.02,-0.199699,-0.3456820016142049,3620.5846800000004,0.5418051273697314,0.45616169120792815
2021-03-31,19561,BA,BOEING CO,20,-0.02,0.201426,-0.7164648910411623,123601.19396999998,1.5561206079688121,1.6983111836204785
2021-03-31,21020,AAL,AMERICAN AIRLINES GROUP INC,20,-0.02,0.141329,-0.7312550443906376,13394.815440000002,1.7738890696546195,1.5865911004660682
2021-03-31,27422,CLF,CLEVELAND CLIFFS INC NEW,15,-0.02,0.507469,-0.5150726392251818,6655.13924,2.322084864952769,1.1393547763247955
2021-03-31,28804,ALK,ALASKA AIRGROUP INC,20,-0.02,0.064415,-0.5814971751412429,8076.6543599999995,1.7643640678997619,1.4062356935670117
2021-03-31,29209,ARW,ARROW ELECTRONICS INC,45,0.02,0.105299,0.29039548022598866,7479.69678,1.5047798344118921,1.0396837171255757
2021-03-31,37568,FELE,FRANKLIN ELECTRIC INC,20,0.02,0.051665,0.387772397094431,3470.24898,0.9927256685871887,0.8884745023137848
2021-03-31,38295,SPB,SPECTRUM BRANDS HOLDINGS INC NEW,30,0.02,0.09604,0.25278450363196125,3305.3361,1.8544259187002565,1.0491966662553196
2021-03-31,38659,GNTX,GENTEX CORP,25,0.02,0.00817,0.3922518159806295,8620.90308,1.070712179350195,0.7110053590086903
2021-03-31,40272,IFF,INTERNATIONAL FLAVORS & FRAG INC,15,-0.02,0.03592,-0.4182405165456013,33704.860259999994,0.9180679213071442,0.7436884344708549
2021-03-31,42200,PKI,PERKINELMER INC,35,0.02,0.017421000000000002,0.3015133171912833,14118.801660000001,1.075338801329763,0.748216872827382
2021-03-31,47941,TGNA,TEGNA INC,50,0.015278320745374458,0.036892,0.33260694108151734,3996.78166,1.1618645812576536,0.7375870744485724
2021-03-31,56223,LPX,LOUISIANA PACIFIC CORP,15,0.02,0.164854,0.37435431799838575,5070.75066,1.7422228639045607,1.3573770255303836
2021-03-31,58683,LUV,SOUTHWEST AIRLINES CO,20,-0.02,0.050377,-0.6697538337368847,34336.05401,1.1952673380605083,1.0451801642201684
2021-03-31,61313,DCI,DONALDSON INC,20,0.02,-0.012757999999999999,0.3534301856335754,7436.7984,1.2851051416399215,0.9107266409644175
2021-03-31,62092,TMO,THERMO FISHER SCIENTIFIC INC,35,0.02,0.014553,0.3912429378531074,177238.35344,0.7212296155489317,0.6905621326196003
2021-03-31,64194,CHE,CHEMED CORP NEW,35,0.02,0.032789,0.4046206618240517,7138.0519300000005,0.45720498559644,0.7407905677159828
2021-03-31,65307,RPM,R P M INTERNATIONAL INC,15,0.02,0.153288,0.3984463276836158,10361.40292,0.9302723526314991,0.9102482746706412
2021-03-31,75342,MTH,MERITAGE HOMES CORP,25,0.02,0.090235,0.29778046811945114,3162.63672,1.6099492814386864,1.3802045832568826
2021-03-31,76095,HOLX,HOLOGIC INC,35,0.02,0.031739,0.33046811945117033,18574.85358,1.1404617117778382,0.7964024603016621
2021-03-31,77902,CAKE,CHEESECAKE FACTORY INC,25,-0.02,0.064759,-0.5363801452784503,2518.19365,1.7047742581212135,1.4107377316678689
2021-03-31,79637,UHS,UNIVERSAL HEALTH SERVICES INC,35,0.01672114732124027,0.065831,0.18583535108958835,9755.31121,1.1318107657773973,1.1284175307817716
2021-03-31,79878,UFPI,U F P INDUSTRIES INC,20,0.02,0.243252,0.3983050847457627,3766.933,1.4201839587717038,0.9901638564176864
2021-03-31,80069,ARWR,ARROWHEAD PHARMACEUTICALS INC,35,-0.02,-0.167614,-0.46602098466505254,8268.07072,1.3066644773060654,0.7401383586994725
2021-03-31,80864,RS,RELIANCE STEEL & ALUMINUM CO,15,0.004721679254624903,0.157182,0.34826472962066174,8408.184399999998,1.0164820285740557,0.9023343683045605
2021-03-31,81220,NSIT,INSIGHT ENTERPRISES INC,45,0.02,0.141497,0.323042776432607,2934.25977,1.7794690669845672,0.9098888822562452
2021-03-31,82179,IART,INTEGRA LIFESCIENCES HLDNGS CORP,35,0.02,0.010948000000000001,0.29977804681194514,5766.05082,1.1895844736361032,0.6997522046155789
2021-03-31,82670,TGTX,T G THERAPEUTICS INC,35,-0.02,0.101184,-0.5559322033898305,6153.449220000001,2.2505169843536676,0.9276978639912214
2021-03-31,82779,NVAX,NOVAVAX INC,35,-0.02,-0.215916,-0.48357546408393864,17078.416569999998,1.6889948743619418,0.5409910838653278
2021-03-31,82800,SCCO,SOUTHERN COPPER CORP,15,0.02,-0.048534,0.3568401937046005,55143.29709,1.1447301772091127,0.8579140440505602
2021-03-31,83011,WSM,WILLIAMS SONOMA INC,25,0.02,0.36489,0.4021388216303471,10055.238519999999,1.6003536892495402,1.013311101994011
2021-03-31,84042,PAG,PENSKE AUTOMOTIVE GROUP INC,25,0.02,0.18032,0.3353510895883777,5464.9801800000005,1.5021809170742733,1.2009471797457862
2021-03-31,84172,NUS,NU SKIN ENTERPRISES INC,30,0.02,0.033385,0.37405165456012907,2602.19592,1.25271290166833,0.9726758041224965
2021-03-31,84373,DGX,QUEST DIAGNOSTICS INC,35,0.02,0.110277,0.401775625504439,15426.063450000001,0.9835138786308238,0.7036131298420149
2021-03-31,85427,GPI,GROUP 1 AUTOMOTIVE INC,25,0.02,0.035069,0.26828087167070214,2758.55424,1.9611067178316157,1.4098171630057963
2021-03-31,85621,MTD,METTLER TOLEDO INTERNATIONAL INC,35,0.013278852678759731,0.035491,0.28527037933817595,26124.4984,0.9350549361797696,0.7975852666656083
2021-03-31,86444,INO,INOVIO PHARMACEUTICALS INC,35,-0.02,-0.163991,-0.4944915254237288,2304.7263,1.0092458037454228,0.5389208179057398
2021-03-31,86489,SNBR,SLEEP NUMBER CORP,25,0.02,0.046352,0.280548829701372,3479.67375,2.022682398050698,1.1843555131403065
2021-03-31,87337,PLUG,PLUG POWER INC,20,-0.02,-0.259225,-0.7614003228410009,24311.77246,1.671034034902103,1.2349250547284536
2021-03-31,88421,ARNA,ARENA PHARMACEUTICALS INC,35,-0.02,-0.13643,-0.3366222760290557,4847.9172499999995,0.7104755886329187,0.5308110584496043
2021-03-31,89353,JBLU,JETBLUE AIRWAYS CORP,20,-0.02,0.103608,-0.6646690879741728,5824.41447,1.5583771199966983,1.5088253195683268
2021-03-31,89916,NXST,NEXSTAR MEDIA GROUP INC,50,0.02,0.020911,0.20562953995157382,5967.60675,1.8000241571028266,1.4625177750718965
2021-03-31,89971,TPX,TEMPUR SEALY INTERNATIONAL INC,25,0.02,0.094256,0.2247982243744955,6860.57645,1.914289881923624,1.3675963586307625
2021-03-31,90505,LVS,LAS VEGAS SANDS CORP,25,-0.02,-0.029419999999999998,-0.5326472962066182,47816.5718,1.3979964142579562,1.0116263310747247
2021-03-31,90550,DLB,DOLBY LABORATORIES INC,45,0.02,0.011138,0.34539951573849886,6393.39818,0.9614875976352629,0.838076163451635
2021-03-31,90808,EXPE,EXPEDIA GROUP INC,25,-0.02,0.069041,-0.6317998385794997,22272.901,1.6482822084909898,1.193814647981586
2021-03-31,91103,UAL,UNITED AIRLINES HOLDINGS INC,20,-0.02,0.092228,-0.7680992736077481,16777.31568,1.5809967516078502,1.659777203214742
2021-03-31,91234,MWA,MUELLER WATER PRODUCTS INC,20,0.02,0.077553,0.30121065375302664,2040.69324,1.2718061364760318,1.0173500441933863
2021-03-31,91277,QRTEA,QURATE RETAIL INC,25,0.02,-0.053167,0.33946731234866834,4732.61616,1.8431873772508645,1.0477447538101738
2021-03-31,91571,EBS,EMERGENT BIOSOLUTIONS INC,35,0.02,-0.032215,0.28177966101694907,5116.799999999999,1.1089651760989305,0.7555709888683445
2021-03-31,91594,SPR,SPIRIT AEROSYSTEMS HOLDINGS INC,20,-0.02,0.136086,-0.7169895076674738,4520.3638599999995,2.023679154723575,1.7642965118630027
2021-03-31,91915,CNK,CINEMARK HOLDINGS INC,50,-0.02,-0.090896,-0.6254842615012107,2662.2108,2.5259507930139664,1.3808000049863662
2021-03-31,91926,DAL,DELTA AIR LINES INC,20,-0.02,0.007065,-0.6042574656981436,30592.767180000003,1.3986893853951066,1.422389684305365
2021-03-31,93035,SEM,SELECT MEDICAL HOLDINGS CORP,35,0.02,0.077382,0.20669895076674738,4267.591049999999,1.344963141057516,1.392146479807835
2021-03-31,93098,H,HYATT HOTELS CORP,25,-0.02,-0.05972,-0.5856941081517352,3453.0049500000005,1.4681325238594292,1.175266155731411
2021-03-31,93374,FAF,FIRST AMERICAN FINL CORP NEW,40,0.010000000000000002,0.087936,0.3510492332526231,5771.466460000001,1.0653788576697978,0.9767903670703281
2021-04-30,10107,MSFT,MICROSOFT CORP,45,0.009999999999999995,0.069588,0.3358928571428571,1776291.1800000002,0.7363456013787888,1.0259319747859916
2021-04-30,10517,PRG,PROG HOLDINGS INC,40,0.02,0.17670100000000002,0.34168650793650795,2931.9018300000002,1.9380686769087587,1.61038489393722
2021-04-30,10874,BC,BRUNSWICK CORP,25,0.02,0.123295,0.21470238095238095,7436.18964,1.8190267316317255,1.670180658057025
2021-04-30,11691,MATX,MATSON INC,20,0.02,-0.020554,0.3671230158730158,2897.1145,0.9744080373953373,1.237886761806894
2021-04-30,11809,CLH,CLEAN HARBORS INC,20,0.02,0.058277999999999996,0.2524603174603175,4606.23582,1.6846652614048616,1.4517324934987081
2021-04-30,12062,LH,LABORATORY CORP AMERICA HLDGS,35,0.02,0.042491,0.38535714285714284,24890.928,1.0037419451886158,1.0361575378036674
2021-04-30,12981,FBHS,FORTUNE BRANDS HOME & SECUR INC,20,0.02,0.095582,0.2188293650793651,13264.17096,1.5476740440936498,1.55144047348721
2021-04-30,13168,TRIP,TRIPADVISOR INC,50,-0.013156179889465488,-0.123829,-0.5575,6673.725299999999,1.3968869971489952,1.6469855858770446
2021-04-30,13169,ZNGA,ZYNGA INC,50,-0.02,0.059731,-0.2409126984126984,11116.648000000001,0.14341507190675276,0.6624850187841619
2021-04-30,13262,CCXI,CHEMOCENTRYX INC,35,-0.02,-0.056806,-0.39527777777777784,3573.58008,1.5246945969021484,0.40254760168087167
2021-04-30,13379,SPLK,SPLUNK INC,45,-0.02,-0.066887,-0.5323015873015873,22197.31416,1.2503365057325124,1.3604268595923705
2021-04-30,13802,APAM,ARTISAN PARTNERS ASSET MGMT INC,40,0.02,-0.023974,0.2710119047619048,3381.7637400000003,1.8314940794241374,1.4176906959684106
2021-04-30,13962,NSTG,NANOSTRING TECHNOLOGIES INC,35,-0.02,0.212435,-0.5858333333333333,2970.42055,1.6929580979515109,1.2554922274844977
2021-04-30,14054,MRTX,MIRATI THERAPEUTICS INC,35,-0.02,-0.02967,-0.34813492063492063,8800.7088,1.5013467318486775,0.5237925509546425
2021-04-30,14136,RNG,RINGCENTRAL INC,45,-0.02,0.070719,-0.3188095238095238,23911.42336,0.7140684869941564,1.0222711999033571
2021-04-30,14176,XLRN,ACCELERON PHARMA INC,35,-0.02,-0.078474,-0.349563492063492,8223.11918,0.4204534122980732,0.6754496313392547
2021-04-30,14182,BURL,BURLINGTON STORES INC,25,-0.02,0.092121,-0.39396825396825397,19835.838000000003,0.9601144354566771,1.0908503458806607
2021-04-30,14317,LGIH,L G I HOMES INC,25,0.02,0.110293,0.24934523809523812,3722.8955400000004,1.4861505507304906,1.446615305910933
2021-04-30,14328,AMC,A M C ENTERTAINMENT HOLDINGS INC,50,-0.02,-0.017644,-0.5668253968253969,4596.09276,1.7772260275970977,1.568073467405466
2021-04-30,14432,ITCI,INTRA CELLULAR THERAPIES INC,35,-0.02,0.014722,-0.3954365079365079,2752.87662,1.3148403086123719,0.9080688992768521
2021-04-30,14521,TNET,TRINET GROUP INC,20,0.02,0.009606,0.27986111111111117,5144.658359999999,1.4457640180990325,1.1894440707502516
2021-04-30,14574,MC,MOELIS & CO,40,0.015475774504718839,-0.010947,0.4508531746031746,3184.52176,1.2565965855863452,0.9615724399853176
2021-04-30,14593,AAPL,APPLE INC,45,0.02,0.076204,0.35160714285714284,2038232.1557500002,1.1380457686213197,1.1059989209279681
2021-04-30,14828,SAGE,SAGE THERAPEUTICS INC,35,0.02,0.052224,0.35384920634920636,4371.76395,1.9644936649151354,0.9263250291952713
2021-04-30,15167,SHAK,SHAKE SHACK INC,25,-0.02,-0.035662,-0.5498015873015872,4400.51094,1.724378892979116,1.472988955882779
2021-04-30,15222,IOVA,IOVANCE BIOTHERAPEUTICS INC,35,-0.02,-0.0069630000000000004,-0.3657738095238095,4727.3129,0.843008946746024,0.926411570663277
2021-04-30,15272,SEDG,SOLAREDGE TECHNOLOGIES INC,45,-0.02,-0.083162,-0.553531746031746,14937.10704,0.9702528998543299,1.670417562511856
2021-04-30,15398,CC,CHEMOURS CO,15,0.02,0.082035,0.19005952380952376,4609.95052,2.135988161042416,1.7593434074364063
2021-04-30,15506,CYRX,CRYOPORT INC,35,-0.02,0.087661,-0.43619047619047624,2376.54494,0.9084075376784733,0.9291537271378605
2021-04-30,15534,NTRA,NATERA INC,35,-0.02,0.0835,-0.4375,8877.642200000002,1.3119522760355784,0.9973082307466384
2021-04-30,15541,RPD,RAPID7 INC,45,-0.02,0.088982,-0.40638888888888886,4110.33951,1.244284918313945,1.0186016156033255
2021-04-30,15579,TXN,TEXAS INSTRUMENTS INC,45,0.02,-0.039487,0.3119246031746032,174483.69457000002,1.0173394757047436,1.0659345169320302
2021-04-30,15585,TDOC,TELADOC HEALTH INC,35,-0.02,-0.051733,-0.47067460317460313,27753.225,0.31639375976891704,0.7601194914197286
2021-04-30,15694,PEN,PENUMBRA INC,35,-0.02,0.13085300000000002,-0.34948412698412695,9862.37042,0.27046319216549025,0.8870794508735849
2021-04-30,15937,EDIT,EDITAS MEDICINE INC,35,-0.02,-0.118824,-0.6389285714285714,2833.866,1.955789481235363,1.4659654824868968
2021-04-30,16064,NTLA,INTELLIA THERAPEUTICS INC,35,-0.014524225495280537,-0.043438,-0.655436507936508,5448.51195,2.130794781078675,1.5907331182789617
2021-04-30,16068,RETA,REATA PHARMACEUTICALS INC,35,-0.02,0.017037,-0.45301587301587304,3126.592,1.4288687296920846,1.0062385323719982
2021-04-30,16119,ATKR,ATKORE INC,20,0.02,0.08872,0.31543650793650796,3352.3375,2.437989199925418,1.5842417752888915
2021-04-30,16140,TWLO,TWILIO INC,45,-0.02,0.079338,-0.4948412698412698,54532.16356,1.4620815198074517,1.3668501276865506
2021-04-30,16287,EVBG,EVERBRIDGE INC,45,-0.02,0.095134,-0.3246031746031746,4557.822160000001,0.7583783534991436,0.9033641934452247
2021-04-30,16382,COUP,COUPA SOFTWARE INC,45,-0.02,0.057201,-0.4676587301587301,18540.1404,1.520822271081755,1.0700928926149575
2021-04-30,16597,AYX,ALTERYX INC,45,-0.02,-0.014599,-0.42964285714285716,4883.0256,0.7489465589450001,1.3054847491281814
2021-04-30,16649,OKTA,OKTA INC,45,-0.02,0.223504,-0.34841269841269845,27124.572790000002,0.9398302818963259,0.8582871127294768
2021-04-30,17038,SFIX,STITCH FIX INC,25,-0.02,-0.125569,-0.42765873015873007,3376.54732,2.2903566277031575,1.2083609229563779
2021-04-30,17106,BAND,BANDWIDTH INC,50,-0.02,0.043066,-0.3978968253968254,2899.0507599999996,0.5012542123966434,0.7170077202453025
2021-04-30,17341,ZS,ZSCALER INC,45,-0.02,0.093013,-0.3964285714285714,23322.74286,0.8804600080049287,0.9296279317681021
2021-04-30,18973,BRC,BRADY CORP,20,0.02,0.025055,0.3512301587301588,2591.6301500000004,0.8361984660019822,1.0849035847768365
2021-04-30,19561,BA,BOEING CO,20,-0.02,-0.080141,-0.7336904761904762,148664.7808,1.5925251546165378,2.0336239100908973
2021-04-30,21020,AAL,AMERICAN AIRLINES GROUP INC,20,-0.02,-0.091227,-0.7323809523809525,15328.8386,1.833910540505577,2.0943076199253334
2021-04-30,27422,CLF,CLEVELAND CLIFFS INC NEW,15,-0.02,-0.111899,-0.5636507936507936,10033.019769999999,2.286091321826474,1.6149996351033518
2021-04-30,27562,CBRL,CRACKER BARREL OLD COUNTRY STORE,25,-0.010000000000000002,-0.031307,-0.3553174603174603,4101.578,1.4445402373159948,1.15980891800612
2021-04-30,29209,ARW,ARROW ELECTRONICS INC,45,0.02,0.029313,0.3057738095238095,8267.504459999998,1.5002013749122738,1.1790174529660933
2021-04-30,35991,ROG,ROGERS CORP,45,0.02,0.040526,0.3040674603174603,3515.19817,1.7947985784228955,1.239723933396776
2021-04-30,37568,FELE,FRANKLIN ELECTRIC INC,20,0.02,0.029502,0.37958333333333333,3663.7632799999997,0.993065805824713,1.0639614839898055
2021-04-30,40272,IFF,INTERNATIONAL FLAVORS & FRAG INC,15,-0.02,0.018323,-0.2841269841269841,34741.52967,0.8982842164019712,0.9454531872517504
2021-04-30,42200,PKI,PERKINELMER INC,35,0.02,0.010957,0.28244047619047624,14376.433979999998,1.0872218848403958,1.0132780891006827
2021-04-30,47941,TGNA,TEGNA INC,50,0.02,0.065307,0.3994246031746031,4154.40641,1.215766062456105,0.8533987090800378
2021-04-30,52716,HRC,HILL ROM HOLDINGS INC,35,0.02,-0.002367,0.37807539682539687,7331.67376,0.5369161286853165,0.8091266234985518
2021-04-30,56223,LPX,LOUISIANA PACIFIC CORP,15,0.02,0.187869,0.3884325396825397,5909.041160000001,1.7782162983554186,1.572905336178595
2021-04-30,58683,LUV,SOUTHWEST AIRLINES CO,20,-0.02,0.028155,-0.6781746031746032,36066.73762,1.2013321415189342,1.3892489921783624
2021-04-30,59619,SXT,SENSIENT TECHNOLOGIES CORP,15,0.02,0.059345,0.42662698412698413,3308.604,0.9145675873724419,0.9636117271519334
2021-04-30,61313,DCI,DONALDSON INC,20,0.02,0.081141,0.3410515873015873,7335.371839999999,1.2583343139472842,1.0827949790866822
2021-04-30,62092,TMO,THERMO FISHER SCIENTIFIC INC,35,0.02,0.030334,0.368968253968254,179719.24934,0.7025130325184228,0.8769780906413095
2021-04-30,64186,CI,CIGNA CORP NEW,35,0.02,0.03006,0.32005952380952385,83976.12468000001,0.8616157013757393,1.0627871310720989
2021-04-30,64194,CHE,CHEMED CORP NEW,35,0.02,0.0365,0.38057539682539687,7372.29406,0.45477538571392256,0.8774767127157824
2021-04-30,65541,COO,COOPER COMPANIES INC,35,0.004524225495280535,0.069761,0.3538293650793651,18878.40759,0.7513363967058732,0.7837316608991941
2021-04-30,75342,MTH,MERITAGE HOMES CORP,25,0.02,0.15740500000000002,0.26210317460317467,3448.10304,1.6114021126981195,1.6577870177633314
2021-04-30,76095,HOLX,HOLOGIC INC,35,0.02,-0.118729,0.34416666666666657,19056.527899999997,1.1779198694019832,1.0074860069748452
2021-04-30,79637,UHS,UNIVERSAL HEALTH SERVICES INC,35,0.02,0.112588,0.21676587301587302,10382.67743,1.1092927407849265,1.2191109706946868
2021-04-30,79878,UFPI,U F P INDUSTRIES INC,20,0.02,0.108108,0.3280357142857143,4689.79392,1.439484182555425,1.2357733517562228
2021-04-30,80069,ARWR,ARROWHEAD PHARMACEUTICALS INC,35,-0.02,0.097256,-0.47547619047619044,6897.5662,1.2329671741220642,1.053189958688923
2021-04-30,80415,EXP,EAGLE MATERIALS INC,15,0.02,0.027737,0.28119047619047616,5637.02099,1.2189193678535282,1.3737829469391107
2021-04-30,80957,AZPN,ASPEN TECHNOLOGY INC,45,0.02,-0.09348,0.29958333333333326,9816.46062,1.2504202097559691,1.3256985081040848
2021-04-30,81655,DRI,DARDEN RESTAURANTS INC,25,-0.02,0.039464,-0.46480158730158727,18506.576,1.489367828487967,1.4507917268722088
2021-04-30,82179,IART,INTEGRA LIFESCIENCES HLDNGS CORP,35,0.02,0.072211,0.29704365079365075,5838.58863,1.178892907800781,0.9495632785741497
2021-04-30,82651,WAT,WATERS CORP,35,0.02,0.055235,0.3511309523809523,17671.39562,0.7431694183231919,0.8650218651604065
2021-04-30,82670,TGTX,T G THERAPEUTICS INC,35,-0.02,-0.072421,-0.5826388888888889,6818.7576,2.330538456609384,1.2900204796759605
2021-04-30,82779,NVAX,NOVAVAX INC,35,-0.02,0.306753,-0.5124206349206349,13428.18122,1.6401165459130451,0.8528552141383138
2021-04-30,82800,SCCO,SOUTHERN COPPER CORP,15,0.010000000000000009,0.022675999999999998,0.36974206349206346,52468.464510000005,1.0997649302020744,1.0544709729513568
2021-04-30,84042,PAG,PENSKE AUTOMOTIVE GROUP INC,25,0.02,0.092833,0.2684722222222222,6485.55848,1.565661874578119,1.4767501703294943
2021-04-30,84172,NUS,NU SKIN ENTERPRISES INC,30,0.02,-0.000581,0.4428769841269841,2689.13916,1.1751487265168192,1.0048339787673113
2021-04-30,84373,DGX,QUEST DIAGNOSTICS INC,35,0.02,0.032534,0.4310714285714286,17127.614700000002,0.9922325669495127,0.835091318742936
2021-04-30,84588,MTN,VAIL RESORTS INC,25,-0.02,0.114846,-0.37182539682539684,11741.064960000002,1.2341768094350294,1.1123465730114515
2021-04-30,85427,GPI,GROUP 1 AUTOMOTIVE INC,25,0.02,0.040356,0.2614484126984126,2855.36784,1.995574854955055,1.7909638241338837
2021-04-30,85621,MTD,METTLER TOLEDO INTERNATIONAL INC,35,0.02,0.136381,0.27174603174603174,26951.846490000004,0.9255466329700986,0.999995505335097
2021-04-30,86489,SNBR,SLEEP NUMBER CORP,25,0.02,-0.220238,0.22244047619047616,3560.27388,2.0535508704506102,1.726043986683397
2021-04-30,87337,PLUG,PLUG POWER INC,20,-0.02,-0.204534,-0.7866666666666665,20299.274240000002,1.7041923520741973,1.9381343578912782
2021-04-30,88351,INSM,INSMED INC,35,-0.02,-0.009703,-0.47964285714285715,3517.68274,2.344734258016995,0.9708103343177575
2021-04-30,88421,ARNA,ARENA PHARMACEUTICALS INC,35,-0.02,-0.010967,-0.3796428571428571,4204.61766,0.5710413375588168,0.7649898619788342
2021-04-30,89353,JBLU,JETBLUE AIRWAYS CORP,20,-0.02,0.0009689999999999999,-0.6951984126984128,6440.39658,1.6282942392236626,1.8999824250772874
2021-04-30,89916,NXST,NEXSTAR MEDIA GROUP INC,50,0.02,0.049691,0.24902777777777782,6002.53992,1.8573775970265354,1.6875827746225944
2021-04-30,89922,XPER,XPERI HOLDING CORP,45,0.02,-0.056054,0.3656547619047618,2283.12875,0.7852101330616391,0.9937213000218768
2021-04-30,89971,TPX,TEMPUR SEALY INTERNATIONAL INC,25,0.02,0.043203,0.2656150793650794,7376.638080000001,1.95451107238407,1.3405752228050003
2021-04-30,90505,LVS,LAS VEGAS SANDS CORP,25,-0.02,0.008215,-0.5079761904761905,46411.100679999996,1.391028434754157,1.318482906391806
2021-04-30,90550,DLB,DOLBY LABORATORIES INC,45,0.02,0.027843,0.3851785714285714,6464.77792,0.9449232398985925,0.8822173027678875
2021-04-30,90808,EXPE,EXPEDIA GROUP INC,25,-0.02,0.023865,-0.6463095238095239,24327.785040000002,1.683198065334114,1.540054704420054
2021-04-30,91103,UAL,UNITED AIRLINES HOLDINGS INC,20,-0.02,-0.054585,-0.7828968253968255,18618.62058,1.611829943167726,2.1374047716516458
2021-04-30,91277,QRTEA,QURATE RETAIL INC,25,0.02,0.011891,0.3180952380952381,4495.0836,1.8827941080351813,1.490553020447886
2021-04-30,91571,EBS,EMERGENT BIOSOLUTIONS INC,35,0.02,-0.34368000000000004,0.330218253968254,4952.102999999999,1.103947855478805,1.019826617929259
2021-04-30,91915,CNK,CINEMARK HOLDINGS INC,50,-0.016843820110534515,0.038693,-0.6006349206349206,2420.2994400000002,2.532648176978993,1.5969635669717344
2021-04-30,91926,DAL,DELTA AIR LINES INC,20,-0.02,-0.028183,-0.5840079365079366,30809.737160000004,1.4298728055152734,1.7785380960996295
2021-04-30,92775,TREE,LENDINGTREE INC,40,-0.005475774504718837,-0.030577,-0.34757936507936504,2802.228,1.5356698030021678,1.3460173019864077
2021-04-30,93035,SEM,SELECT MEDICAL HOLDINGS CORP,35,0.02,0.106144,0.2648214285714286,4598.0099,1.3006571307351984,1.643011636790336
2021-04-30,93098,H,HYATT HOTELS CORP,25,-0.02,-0.004488,-0.5576984126984127,3246.8847000000005,1.465163503067919,1.5402350668632327
2021-05-31,10032,PLXS,PLEXUS CORP,45,0.02,0.068905,0.4001574183392365,2649.23796,1.1642394891940602,1.2185314758855923
2021-05-31,10517,PRG,PROG HOLDINGS INC,40,0.02,0.034938000000000004,0.26092089728453366,3430.8089999999997,1.9633808359143075,1.615930919790829
2021-05-31,10874,BC,BRUNSWICK CORP,25,0.02,-0.042728999999999996,0.3683195592286502,8353.14036,1.8304978011951245,1.5740332143081284
2021-05-31,11691,MATX,MATSON INC,20,0.02,-0.006987999999999999,0.39864226682408493,2837.60855,0.954939172606206,1.3891891347461967
2021-05-31,11731,AIN,ALBANY INTERNATIONAL CORP NEW,20,0.02,0.001228,0.36463990554899645,2739.6679999999997,1.4284913852684322,1.448518417274493
2021-05-31,12062,LH,LABORATORY CORP AMERICA HLDGS,35,0.02,0.032379000000000005,0.4125934671389217,25959.812670000003,1.0041057556110635,0.9460397744278398
2021-05-31,12360,PACB,PACIFIC BIOSCIENCES CALIF INC,35,-0.02,-0.093807,-0.6585005903187721,5921.43405,1.1611585467812087,1.6024172236199012
2021-05-31,12622,HCA,H C A HEALTHCARE INC,35,0.02,0.068283,0.3175324675324675,67744.55322,1.5326611762445976,1.2661642258969352
2021-05-31,12981,FBHS,FORTUNE BRANDS HOME & SECUR INC,20,0.02,-0.014908,0.2703463203463204,14532.17144,1.5550172257061963,1.4260230198472048
2021-05-31,13046,UI,UBIQUITI INC,45,0.02,0.058227,0.3395120031483668,17921.29197,1.3887798955279762,1.0582672408826133
2021-05-31,13169,ZNGA,ZYNGA INC,50,-0.02,0.001843,-0.2695592286501377,11780.415659999999,0.1512270840930127,0.7732314054508551
2021-05-31,13262,CCXI,CHEMOCENTRYX INC,35,-0.02,-0.789991,-0.4276859504132231,3371.0175,1.4682830071959583,0.4565591295079652
2021-05-31,13379,SPLK,SPLUNK INC,45,-0.02,-0.041296,-0.5406139315230224,20722.38714,1.216971161092394,1.4470414624117451
2021-05-31,13688,PCG,P G & E CORP,55,-0.02,-0.104245,-0.369185360094451,22471.39992,1.339659996548477,0.4993080581694296
2021-05-31,13739,BFAM,BRIGHT HORIZONS FAM SOL INC NEW,25,-0.02,-0.045576,-0.38036206218024404,8803.20189,0.813538688889752,1.3395060147655375
2021-05-31,13748,TPH,TRI POINTE HOMES INC,25,0.02,0.01259,0.32245179063360885,2820.85968,1.469461220604656,1.7948523976372976
2021-05-31,13802,APAM,ARTISAN PARTNERS ASSET MGMT INC,40,0.010000000000000009,0.020443,0.26005509641873276,3300.73624,1.804124927878309,1.5628513460791729
2021-05-31,13837,EVTC,EVERTEC INC,45,0.02,0.090972,0.38203463203463206,2879.5431,0.9658195465008242,0.961456553000265
2021-05-31,13962,NSTG,NANOSTRING TECHNOLOGIES INC,35,-0.02,-0.30350699999999997,-0.6023612750885476,3601.8010300000005,1.7244223659408309,1.4716616322254632
2021-05-31,14054,MRTX,MIRATI THERAPEUTICS INC,35,-0.02,-0.048555,-0.4013380558835105,8550.3568,1.4587103911223405,0.5867671067408067
2021-05-31,14136,RNG,RINGCENTRAL INC,45,-0.02,-0.177086,-0.33248720975993706,25602.7544,0.717498585095138,1.1103798974446153
2021-05-31,14176,XLRN,ACCELERON PHARMA INC,35,-0.02,0.047366000000000005,-0.379456906729634,7585.554029999999,0.3894539908556322,0.7529392027833526
2021-05-31,14182,BURL,BURLINGTON STORES INC,25,-0.02,-0.009075999999999999,-0.33347107438016527,21714.97719,0.9673559286539448,1.1341448105157423
2021-05-31,14295,TWTR,TWITTER INC,50,-0.02,0.050339,-0.4034041715859898,44102.66784,0.7734171423517625,1.1548918721462962
2021-05-31,14317,LGIH,L G I HOMES INC,25,0.010887609348974498,0.090657,0.26469893742621015,4133.5585200000005,1.4957630143329648,1.3405947098999411
2021-05-31,14516,QTWO,Q 2 HOLDINGS INC,45,-0.02,-0.08739200000000001,-0.36444313262495076,5783.512,1.4759723122203467,1.073328714800556
2021-05-31,14593,AAPL,APPLE INC,45,0.02,-0.050511,0.3489964580873672,2193755.9712600005,1.1345483964525915,1.2429596070588234
2021-05-31,14716,CCS,CENTURY COMMUNITIES INC,25,0.02,0.100617,0.2919716646989375,2492.3695199999997,1.9180385486548326,1.8154459091839237
2021-05-31,14828,SAGE,SAGE THERAPEUTICS INC,35,0.02,-0.11630800000000001,0.35773317591499415,4605.8848,1.9565718320278993,1.0306936366842256
2021-05-31,15167,SHAK,SHAKE SHACK INC,25,-0.02,-0.135821,-0.4973829201101928,4243.6425,1.6906138758939846,1.5777048002059963
2021-05-31,15272,SEDG,SOLAREDGE TECHNOLOGIES INC,45,-0.02,-0.020989,-0.5640495867768596,13697.75504,0.92660499519057,1.8534260431977865
2021-05-31,15398,CC,CHEMOURS CO,15,0.02,0.198553,0.17662337662337665,4988.194399999999,2.1376604540191946,1.7896269155181028
2021-05-31,15506,CYRX,CRYOPORT INC,35,-0.02,-0.011495,-0.4520070838252656,2584.17417,0.9044994926624085,1.0736487370359222
2021-05-31,15534,NTRA,NATERA INC,35,-0.02,-0.144342,-0.4596025186934278,9675.59888,1.3066215697856205,1.1418615295285615
2021-05-31,15541,RPD,RAPID7 INC,45,-0.02,0.029533999999999998,-0.42453758362849275,4479.3125,1.244790801543901,1.1006906566870616
2021-05-31,15579,TXN,TEXAS INSTRUMENTS INC,45,0.02,0.051571,0.3277646595828414,166705.31724,0.9908067235171659,1.1365934704564435
2021-05-31,15585,TDOC,TELADOC HEALTH INC,35,-0.02,-0.126318,-0.42363242817788266,26591.709149999995,0.2915885537484652,0.8660922116371957
2021-05-31,15627,PLNT,PLANET FITNESS INC,25,-0.02,-0.062154999999999995,-0.4612554112554113,6979.73698,1.2108130646495334,1.583151084534117
2021-05-31,15643,RUN,SUNRUN INC,20,-0.02,-0.087352,-0.6807556080283353,9992.57,2.0451700412880487,2.3042940813012507
2021-05-31,15694,PEN,PENUMBRA INC,35,-0.02,-0.185893,-0.42599370326643043,11163.12718,0.29852064369053966,1.0114607276873298
2021-05-31,15937,EDIT,EDITAS MEDICINE INC,35,-0.02,-0.08268500000000001,-0.6727863046044865,2510.2402599999996,1.897920499139278,1.734132970435804
2021-05-31,16068,RETA,REATA PHARMACEUTICALS INC,35,-0.02,0.34851600000000005,-0.4977764659582841,3180.7152,1.403622835165564,1.1699596911035333
2021-05-31,16119,ATKR,ATKORE INC,20,0.02,-0.013802,0.3476190476190476,3649.805,2.429454252184262,1.6703433086406667
2021-05-31,16287,EVBG,EVERBRIDGE INC,45,-0.02,-0.11461600000000001,-0.3576151121605667,4991.488520000001,0.7648767025522731,1.053237065937917
2021-05-31,16382,COUP,COUPA SOFTWARE INC,45,-0.02,-0.114635,-0.4682211727666273,19765.023600000004,1.509997373469088,1.1771872863666266
2021-05-31,16595,SNAP,SNAP INC,50,-0.02,0.004848,-0.4251279024006297,78401.54586,1.3042609621603505,1.0375713843822356
2021-05-31,16649,OKTA,OKTA INC,45,-0.02,-0.175237,-0.3973632428177882,33727.6032,0.9778678537407528,1.0207466128501608
2021-05-31,16655,CVNA,CARVANA CO,25,-0.0002902360408530355,-0.07071200000000001,-0.6307359307359306,22344.70106,2.348462195495203,2.017714149725816
2021-05-31,17106,BAND,BANDWIDTH INC,50,-0.02,-0.105224,-0.4062180243998426,3024.6038,0.4939435384653934,0.8276077918097378
2021-05-31,17341,ZS,ZSCALER INC,45,-0.02,0.034956,-0.42144824872097597,25686.9778,0.8819763287524879,1.0835790446248503
2021-05-31,17685,DOCU,DOCUSIGN INC,45,-0.02,-0.095636,-0.38323494687131054,43412.88326,0.8489513163175649,1.2533669641946756
2021-05-31,17700,CDAY,CERIDIAN H C M HOLDING INC,45,-0.010000000000000002,-0.053138,-0.45621802439984255,13867.396480000001,1.336125093377273,1.4643746364301762
2021-05-31,20482,ABT,ABBOTT LABORATORIES,35,0.02,-0.028569,0.36113734750098386,212725.20231999998,0.6390151243426179,0.8519771797768428
2021-05-31,27562,CBRL,CRACKER BARREL OLD COUNTRY STORE,25,-0.010597373308121463,-0.058224,-0.3492719401810311,3973.39322,1.418950692352944,1.201816506668684
2021-05-31,29209,ARW,ARROW ELECTRONICS INC,45,0.02,0.054874,0.30141676505312864,8449.963389999999,1.490016231397876,1.2197298579765352
2021-05-31,29612,AIT,APPLIED INDUSTRIAL TECHS INC,20,0.02,0.027346,0.3689098780007871,3707.7816,1.4590105930370767,1.4496110688536792
2021-05-31,35991,ROG,ROGERS CORP,45,0.02,-0.043357,0.30196772924045645,3657.70368,1.7803456657973185,1.324899341998863
2021-05-31,37568,FELE,FRANKLIN ELECTRIC INC,20,0.02,0.034341,0.5322314049586777,3777.34833,0.9862735321049751,1.0505437637833424
2021-05-31,40272,IFF,INTERNATIONAL FLAVORS & FRAG INC,15,-0.02,-0.003522,-0.2867375049193231,35378.57799,0.89465986145175,0.9805545128137707
2021-05-31,42200,PKI,PERKINELMER INC,35,0.02,0.119103,0.314029909484455,14526.59706,1.0757920579521403,1.133651132918256
2021-05-31,47941,TGNA,TEGNA INC,50,0.02,-0.033405,0.38675718221172767,4425.77762,1.2196022932021766,0.896430376367684
2021-05-31,52716,HRC,HILL ROM HOLDINGS INC,35,0.02,0.009612,0.3954151908697363,7314.419639999999,0.5255624188155406,0.927842235322936
2021-05-31,56223,LPX,LOUISIANA PACIFIC CORP,15,0.02,0.022661999999999998,0.3300078709169618,7019.25048,1.804471465906866,1.598707677659516
2021-05-31,58683,LUV,SOUTHWEST AIRLINES CO,20,-0.02,-0.021031,-0.47558048012593473,37126.64806,1.1950590160525105,1.532941654650768
2021-05-31,61146,PAR,PAR TECHNOLOGY CORP,45,-0.02,-0.184811,-0.5557260920897285,2066.97096,1.8799263469587861,1.6626587156276775
2021-05-31,62092,TMO,THERMO FISHER SCIENTIFIC INC,35,0.02,-0.001557,0.326879181424636,184808.38391,0.6987698070483279,0.9346958071418153
2021-05-31,64186,CI,CIGNA CORP NEW,35,0.02,0.039512,0.2667650531286895,86501.59182,0.8589032797693702,1.146352103630266
2021-05-31,65402,AOS,SMITH A O CORP,20,0.019112390651024876,0.048999,0.4038370720188902,9175.3825,1.0058656272582591,1.032885111091272
2021-05-31,65541,COO,COOPER COMPANIES INC,35,0.02,-0.042449,0.33394332939787486,20195.65439,0.7581221549692759,0.868236539832263
2021-05-31,76095,HOLX,HOLOGIC INC,35,0.02,-0.037991,0.3399252262888626,16796.07315,1.130095372053123,1.087141317181273
2021-05-31,76282,AN,AUTONATION INC DEL,25,0.02,-0.00342,0.4566312475403385,8247.590400000001,1.5377226698314301,1.1928309781881383
2021-05-31,77699,FCEL,FUELCELL ENERGY INC,20,-0.02,0.011324,-0.6112947658402205,3131.4070300000003,4.359714913196559,1.7454300645717278
2021-05-31,79637,UHS,UNIVERSAL HEALTH SERVICES INC,35,0.02,0.075596,0.20171192443919714,11556.835109999998,1.130927515353952,1.216708758377629
2021-05-31,80069,ARWR,ARROWHEAD PHARMACEUTICALS INC,35,-0.02,-0.002204,-0.47449822904368355,7573.2246000000005,1.2302800925054134,1.1816586041038597
2021-05-31,80191,ALB,ALBEMARLE CORP,15,-0.009999999999999995,-0.006487,-0.4303227075954349,19628.46606,1.5532896932533846,1.6414141380521892
2021-05-31,80306,BCRX,BIOCRYST PHARMACEUTICALS INC,35,-0.02,0.35538800000000004,-0.6298110979929162,2067.49296,2.69887282094149,1.3063649527328225
2021-05-31,80864,RS,RELIANCE STEEL & ALUMINUM CO,15,0.02,0.052684,0.47131050767414406,10212.86917,1.0045413010846964,1.1511674386404167
2021-05-31,82670,TGTX,T G THERAPEUTICS INC,35,-0.010000000000000002,-0.22009,-0.5888036206218024,6325.03428,2.26960082430199,1.4614108458697883
2021-05-31,82779,NVAX,NOVAVAX INC,35,-0.02,-0.37695199999999995,-0.5317001180637544,17555.09142,1.684147450434739,1.0034220586895093
2021-05-31,82800,SCCO,SOUTHERN COPPER CORP,15,0.02,0.013492,0.41780794962613144,53658.996929999994,1.0923347598991437,1.1518193605366638
2021-05-31,84042,PAG,PENSKE AUTOMOTIVE GROUP INC,25,0.02,-0.018948000000000003,0.36353797717434083,7087.71963,1.571748840002327,1.464651790192386
2021-05-31,84172,NUS,NU SKIN ENTERPRISES INC,30,0.02,0.14523,0.427784336875246,2650.08324,1.1630072632215067,1.1081004639993546
2021-05-31,84373,DGX,QUEST DIAGNOSTICS INC,35,0.02,-0.0015970000000000001,0.42939787485242037,17228.53944,0.9900366958044442,0.7896489624721843
2021-05-31,84588,MTN,VAIL RESORTS INC,25,-0.02,0.005285000000000001,-0.39088941361668633,13089.64096,1.2474047064610874,1.1433986970146819
2021-05-31,85427,GPI,GROUP 1 AUTOMOTIVE INC,25,0.02,-0.026504000000000003,0.2993703266430538,2979.99648,1.9851211206843198,1.8924287834281759
2021-05-31,87337,PLUG,PLUG POWER INC,20,-0.02,0.07680999999999999,-0.7892955529319166,16202.74618,1.6121412883044814,2.266926907077129
2021-05-31,88351,INSM,INSMED INC,35,-0.02,-0.270684,-0.4879378197560015,3483.6006699999994,2.3076104393716346,1.0515421184723344
2021-05-31,88421,ARNA,ARENA PHARMACEUTICALS INC,35,-0.02,-0.10957800000000001,-0.3897678079496262,4165.5664799999995,0.5503604934701836,0.8669158462074429
2021-05-31,89781,MOH,MOLINA HEALTHCARE INC,35,0.02,-0.014666,0.3765643447461629,14897.84,0.6954298368386163,0.8614737313439622
2021-05-31,89866,LKQ,L K Q CORP,25,0.02,0.090982,0.3714876033057851,14113.893600000001,1.5783460440229908,1.4367276784842375
2021-05-31,89916,NXST,NEXSTAR MEDIA GROUP INC,50,0.02,0.035403000000000004,0.2633412042502952,6316.37109,1.851373015216019,1.6076706727758132
2021-05-31,89922,XPER,XPERI HOLDING CORP,45,0.02,0.044860000000000004,0.3529515938606848,2155.83885,0.7593854373328554,1.1272194844788246
2021-05-31,90037,HTH,HILLTOP HOLDINGS INC,40,0.02,0.058889000000000004,0.32861078315623765,2895.5872,1.077988463267917,1.4408026261801323
2021-05-31,90505,LVS,LAS VEGAS SANDS CORP,25,-0.02,-0.057302,-0.4089925226288863,46800.4959,1.3734435181387035,1.3808669309426271
2021-05-31,90808,EXPE,EXPEDIA GROUP INC,25,-0.02,0.004081,-0.6138528138528139,24927.20481,1.6728614458544149,1.6410179702617262
2021-05-31,91103,UAL,UNITED AIRLINES HOLDINGS INC,20,-0.009112390651024867,0.07260499999999999,-0.6470090515545062,17602.6432,1.5726464739293418,2.276811766712029
2021-05-31,91277,QRTEA,QURATE RETAIL INC,25,0.02,0.145373,0.3580086580086581,4516.7997,1.86865537180748,1.5814105195549537
2021-05-31,91500,EXLS,EXLSERVICE HOLDINGS INC,45,0.02,0.10391399999999999,0.42796143250688706,3090.85004,0.9104495474365418,1.201986135195598
2021-05-31,91531,OC,OWENS CORNING NEW,20,0.02,0.10163699999999999,0.3685753640299095,10112.96622,1.48855774502121,1.4228718156105862
2021-05-31,91915,CNK,CINEMARK HOLDINGS INC,50,-0.010000000000000002,0.068863,-0.6300669027941755,2534.248,2.5171781209605073,1.7390270228254683
2021-05-31,91926,DAL,DELTA AIR LINES INC,20,-0.02,0.016193,-0.5692640692640693,30012.894119999997,1.4026920562825174,1.907779736981594
2021-05-31,92775,TREE,LENDINGTREE INC,40,-0.02,-0.00601,-0.4356749311294766,2748.3819000000003,1.5039211162839132,1.3408943730760279
2021-05-31,93035,SEM,SELECT MEDICAL HOLDINGS CORP,35,0.02,0.065832,0.25517512790240066,5086.12708,1.315130622633557,1.6400934373226268
2021-05-31,93098,H,HYATT HOTELS CORP,25,-0.02,-0.051627,-0.5213695395513577,3270.39459,1.4459515147777495,1.6337844329871718
2021-05-31,93374,FAF,FIRST AMERICAN FINL CORP NEW,40,0.02,-0.0029509999999999996,0.4226682408500591,7078.2945,1.1111585444397214,1.1142469061512952
2021-06-30,10032,PLXS,PLEXUS CORP,45,0.02,-0.074895,0.4062390670553936,2825.37314,1.1570121213393079,1.1546566002677299
2021-06-30,10107,MSFT,MICROSOFT CORP,45,0.02,0.08498499999999999,0.319067055393586,1880483.646,0.7384350017631536,1.176783200790096
2021-06-30,10517,PRG,PROG HOLDINGS INC,40,0.02,-0.087068,0.30246841593780366,3550.6919999999996,1.9624051946209722,1.4685673623080615
2021-06-30,10874,BC,BRUNSWICK CORP,25,0.02,-0.025535000000000002,0.3019825072886298,7963.51254,1.8351339935255855,1.4692923738930967
2021-06-30,11691,MATX,MATSON INC,20,0.02,-0.010058000000000001,0.37418853255587947,2808.0727500000003,0.9607498494378798,1.4070297160079492
2021-06-30,12060,GE,GENERAL ELECTRIC CO,20,-0.02,-0.041950999999999995,-0.4202526724975704,123427.69246,1.072502755610936,1.2700167883923958
2021-06-30,12062,LH,LABORATORY CORP AMERICA HLDGS,35,0.02,0.004987,0.3831486880466473,26800.501680000005,1.0013020327027657,0.924451359796056
2021-06-30,12360,PACB,PACIFIC BIOSCIENCES CALIF INC,35,-0.02,0.292787,-0.6732555879494656,5365.9896499999995,1.1741466691970994,1.7031412984791778
2021-06-30,12622,HCA,H C A HEALTHCARE INC,35,0.02,-0.035278,0.31860058309037903,72370.69823,1.5282782485761073,1.2134028888715733
2021-06-30,13169,ZNGA,ZYNGA INC,50,-0.02,-0.019377000000000002,-0.29603498542274054,11802.19092,0.15188749525255896,0.7848117405945967
2021-06-30,13379,SPLK,SPLUNK INC,45,-0.02,0.1929,-0.586103012633625,19866.740400000002,1.2188052282139767,1.4358704022351614
2021-06-30,13688,PCG,P G & E CORP,55,-0.02,0.0029549999999999997,-0.3571039844509233,20128.974840000003,1.345995391420195,0.4712862931282598
2021-06-30,13704,NEO,NEOGENOMICS INC,35,-0.02,0.100898,-0.5091350826044704,4838.54481,0.7123769871971379,1.146502831148653
2021-06-30,13739,BFAM,BRIGHT HORIZONS FAM SOL INC NEW,25,-0.02,0.064237,-0.35455782312925166,8436.1769,0.8193186112862388,1.2993894017278862
2021-06-30,13748,TPH,TRI POINTE HOMES INC,25,0.02,-0.11153,0.30161321671525754,2856.3868800000005,1.4690679530875341,1.766357621749257
2021-06-30,13766,BCC,BOISE CASCADE CO,20,0.02,-0.115779,0.2975898931000972,2595.45269,1.9535003824943058,1.5803795798180507
2021-06-30,13802,APAM,ARTISAN PARTNERS ASSET MGMT INC,40,0.010000000000000009,-0.005094,0.24843537414965983,3311.10776,1.8020412871056735,1.591775427603604
2021-06-30,13837,EVTC,EVERTEC INC,45,0.02,0.002753,0.3676773566569485,3141.25539,0.9546834802722198,0.9656825840310825
2021-06-30,14054,MRTX,MIRATI THERAPEUTICS INC,35,-0.02,0.021367999999999998,-0.4307871720116618,8135.236,1.4740502736197068,0.5752838889195256
2021-06-30,14136,RNG,RINGCENTRAL INC,45,-0.02,0.107094,-0.35924198250728867,21194.714970000005,0.7385851150482636,1.1246766579423957
2021-06-30,14176,XLRN,ACCELERON PHARMA INC,35,-0.02,-0.04126,-0.419047619047619,7944.892109999999,0.38437699536344855,0.7527961116814761
2021-06-30,14273,CHGG,CHEGG INC,25,-0.02,0.08061,-0.3528085519922254,10916.22085,0.9120003629898835,1.1074931576982094
2021-06-30,14338,HLT,HILTON WORLDWIDE HOLDINGS INC,25,-0.01395996049279282,-0.037124,-0.35970845481049557,34891.95418,1.2534597972375632,1.3148305416074781
2021-06-30,14426,DRNA,DICERNA PHARMACEUTICALS INC,35,-0.02,0.144781,-0.44897959183673464,2506.9400000000005,1.0982373205992026,0.9070766666473784
2021-06-30,14593,AAPL,APPLE INC,45,0.02,0.099105,0.366997084548105,2079445.69891,1.139949920202447,1.3103933221345667
2021-06-30,14716,CCS,CENTURY COMMUNITIES INC,25,0.02,-0.18086,0.2831292517006803,2744.29636,1.909604892877582,1.8436389065123002
2021-06-30,15108,NEWR,NEW RELIC INC,45,-0.01670391449742637,0.068439,-0.42517006802721086,3998.60792,0.892430717456954,1.4098311395079166
2021-06-30,15167,SHAK,SHAKE SHACK INC,25,-0.02,0.13874899999999998,-0.5737414965986395,3674.99392,1.703381130985097,1.658882296485949
2021-06-30,15222,IOVA,IOVANCE BIOTHERAPEUTICS INC,35,-0.010000000000000002,0.401181,-0.45745383867832856,2838.40593,0.8643923738947714,1.263751306765358
2021-06-30,15272,SEDG,SOLAREDGE TECHNOLOGIES INC,45,-0.02,0.071156,-0.6173760932944606,13410.32776,0.9393526033688613,1.9004898108062427
2021-06-30,15534,NTRA,NATERA INC,35,-0.02,0.20596599999999998,-0.4720310981535471,8279.04816,1.313398624673313,1.162490947960453
2021-06-30,15541,RPD,RAPID7 INC,45,-0.02,0.13125699999999998,-0.40489795918367344,4611.624500000001,1.2447131015902166,1.103225101776766
2021-06-30,15579,TXN,TEXAS INSTRUMENTS INC,45,0.02,0.013061,0.31961127308066084,175303.32567999998,0.98593505710312,1.1308720178685088
2021-06-30,15585,TDOC,TELADOC HEALTH INC,35,-0.02,0.104326,-0.44454810495626823,23268.525080000003,0.31138179799292737,0.8914226743227177
2021-06-30,15694,PEN,PENUMBRA INC,35,-0.02,0.10015299999999999,-0.385092322643343,9088.03102,0.32076027583057376,1.0317761807509265
2021-06-30,16068,RETA,REATA PHARMACEUTICALS INC,35,-0.02,0.035026,-0.6365597667638484,4289.26032,1.3759952192209877,1.2817004983399054
2021-06-30,16119,ATKR,ATKORE INC,20,0.02,-0.080315,0.29094266277939745,3627.1648000000005,2.4318449311014443,1.6019380456566972
2021-06-30,16140,TWLO,TWILIO INC,45,-0.02,0.173091,-0.5320116618075802,54556.32,1.4663474434200627,1.3881482599433448
2021-06-30,16381,BL,BLACKLINE INC,45,-0.02,0.070209,-0.39568513119533527,6035.04262,0.9757995490429234,1.036395172195391
2021-06-30,16382,COUP,COUPA SOFTWARE INC,45,-0.02,0.10037399999999999,-0.43560738581146746,17499.363,1.5235848682317477,1.1920560310137334
2021-06-30,16434,GOLF,ACUSHNET HOLDINGS CORP,25,0.02,-0.068509,0.4568124392614189,3940.2048,0.7896570132933667,0.9769072038944753
2021-06-30,16595,SNAP,SNAP INC,50,-0.02,0.09690499999999999,-0.4429154518950437,78782.01276,1.30542494681218,1.0974201270019461
2021-06-30,16649,OKTA,OKTA INC,45,-0.02,0.099978,-0.4068804664723032,27817.45664,0.9987411493583443,1.0797929953362801
2021-06-30,17038,SFIX,STITCH FIX INC,25,-0.02,0.127942,-0.46950437317784255,3785.5026000000003,2.19761437787638,1.4449221848850118
2021-06-30,17104,APLS,APELLIS PHARMACEUTICALS INC,35,-0.02,0.12295299999999999,-0.48182701652089405,4530.37116,1.4323828620955563,1.1983001619430182
2021-06-30,17106,BAND,BANDWIDTH INC,50,-0.02,0.165944,-0.3666861030126336,2706.3569100000004,0.5082645053434701,0.8622451161040702
2021-06-30,17341,ZS,ZSCALER INC,45,-0.02,0.11256,-0.44861030126336254,26602.875399999997,0.8832979006206644,1.029172953357272
2021-06-30,17342,DBX,DROPBOX INC,45,-0.02,0.108223,-0.35877551020408166,8385.51,0.8332627250149938,0.9188036473451346
2021-06-30,18973,BRC,BRADY CORP,20,0.02,-0.020797,0.48256559766763857,2777.02852,0.8210895000053021,1.038153578079636
2021-06-30,20482,ABT,ABBOTT LABORATORIES,35,0.02,-0.006176,0.35537414965986397,207266.053,0.6430622535760685,0.8462603524993093
2021-06-30,21020,AAL,AMERICAN AIRLINES GROUP INC,20,-0.006040039507207117,-0.125004,-0.6532361516034986,15547.12392,1.778195509983258,2.266731476736818
2021-06-30,35991,ROG,ROGERS CORP,45,0.02,0.07178699999999999,0.2757628765792031,3505.6931999999997,1.7810961234719436,1.3781043074771693
2021-06-30,37568,FELE,FRANKLIN ELECTRIC INC,20,0.02,-0.038984,0.40892128279883383,3899.12331,0.9825300971540649,1.008990212554913
2021-06-30,40272,IFF,INTERNATIONAL FLAVORS & FRAG INC,15,-0.02,0.060031,-0.30254616132167156,35264.496399999996,0.8925244851321326,1.0070484589508184
2021-06-30,49429,DDS,DILLARDS INC,25,0.02,0.372393,0.34703595724003883,2359.34226,0.8622623542287019,1.7602174175631928
2021-06-30,49680,DHR,DANAHER CORP,35,0.02,0.048527,0.34373177842565594,182699.28306,0.6397679484940206,0.87843429362774
2021-06-30,52716,HRC,HILL ROM HOLDINGS INC,35,0.02,0.02293,0.39479105928085517,7396.336479999999,0.5256350199819542,0.9033846395809084
2021-06-30,56223,LPX,LOUISIANA PACIFIC CORP,15,0.02,-0.102965,0.296268221574344,6872.424129999999,1.8019099242855494,1.6182407031625181
2021-06-30,57808,VSH,VISHAY INTERTECHNOLOGY INC,45,0.02,-0.059169,0.3274829931972789,3194.35377,1.3782451396896525,1.481306422253302
2021-06-30,58683,LUV,SOUTHWEST AIRLINES CO,20,-0.02,-0.13619,-0.4535082604470359,36346.030419999996,1.1986491719227275,1.3931620780103409
2021-06-30,62092,TMO,THERMO FISHER SCIENTIFIC INC,35,0.02,0.075074,0.3771622934888242,184526.646,0.6992134016120252,0.9508687666851623
2021-06-30,68196,SEIC,S E I INVESTMENTS CO,40,0.02,-0.017407,0.4096793002915452,9059.866399999999,1.0317283070603869,1.251499883168361
2021-06-30,76095,HOLX,HOLOGIC INC,35,0.02,0.058036000000000004,0.3912147716229348,16158.05298,1.1335578168271216,1.1147080896083705
2021-06-30,76282,AN,AUTONATION INC DEL,25,0.02,-0.071677,0.466064139941691,8219.4224,1.5388396607954038,1.132358000259093
2021-06-30,76573,MLI,MUELLER INDUSTRIES INC,20,0.02,-0.064572,0.3940719144800777,2652.45304,1.158876026346244,1.3018667547437544
2021-06-30,76661,IONS,IONIS PHARMACEUTICALS INC,35,-0.02,0.070869,-0.36740524781341105,5250.871749999999,1.123143660598836,0.870012565024612
2021-06-30,77584,BKE,BUCKLE INC,25,0.02,0.181145,0.4112147716229348,2097.1126799999997,1.22568396655586,1.1776282554329511
2021-06-30,77699,FCEL,FUELCELL ENERGY INC,20,-0.02,-0.09369000000000001,-0.6588143828960156,3166.88126,4.355114747896001,1.8391673344770676
2021-06-30,80864,RS,RELIANCE STEEL & ALUMINUM CO,15,0.02,-0.102164,0.37700680272108844,10707.403559999999,1.0003973026990935,1.1249479485961313
2021-06-30,82651,WAT,WATERS CORP,35,0.02,0.072486,0.34064139941690963,19882.825,0.739038106222841,0.9537655472120996
2021-06-30,82800,SCCO,SOUTHERN COPPER CORP,15,0.02,-0.077721,0.3658114674441205,53914.11102,1.0962641433026745,1.1867842036446261
2021-06-30,83011,WSM,WILLIAMS SONOMA INC,25,0.02,-0.058337999999999994,0.34796890184645285,12917.761219999999,1.6466676680665455,1.2310026041577355
2021-06-30,83885,MVIS,MICROVISION INC WA,45,-0.013296085502573631,0.073714,-0.7371234207968902,2464.0512,4.0729054798728335,1.9683376727386188
2021-06-30,83916,TTEC,T T E C HOLDINGS INC,45,0.02,-0.049076999999999996,0.3437512147716229,5076.08143,0.7606160535698672,1.2225846997193763
2021-06-30,84042,PAG,PENSKE AUTOMOTIVE GROUP INC,25,0.02,-0.118008,0.2861030126336249,6917.98293,1.5740061217346804,1.422373496271075
2021-06-30,84373,DGX,QUEST DIAGNOSTICS INC,35,0.02,0.002274,0.3784450923226433,17201.10546,0.9900452139363829,0.7903350252880535
2021-06-30,84588,MTN,VAIL RESORTS INC,25,-0.02,-0.031698,-0.3890379008746355,13158.88128,1.2478452273985776,1.1021567700338069
2021-06-30,85002,SRPT,SAREPTA THERAPEUTICS INC,35,-0.02,0.027622999999999998,-0.5705539358600583,6034.978750000001,1.4758500180686445,1.0928539033089528
2021-06-30,85427,GPI,GROUP 1 AUTOMOTIVE INC,25,0.02,-0.031668999999999996,0.2947327502429543,2896.63524,1.9903416693565001,1.7437684133528144
2021-06-30,85621,MTD,METTLER TOLEDO INTERNATIONAL INC,35,0.02,0.06486399999999999,0.379047619047619,30271.805549999997,0.9498041193821525,0.9961907732220349
2021-06-30,87337,PLUG,PLUG POWER INC,20,-0.02,0.113677,-0.8035957240038873,17447.3626,1.6144783916526817,2.4113355759056305
2021-06-30,88351,INSM,INSMED INC,35,-0.02,0.156907,-0.5518561710398445,2828.8032000000003,2.3364480082342536,1.137591010465577
2021-06-30,88421,ARNA,ARENA PHARMACEUTICALS INC,35,-0.02,0.116016,-0.37362487852283766,3709.13256,0.5619481826822319,0.8086556221774259
2021-06-30,88504,BRKR,BRUKER CORP,35,0.02,0.094178,0.38623906705539357,10521.618239999998,1.2466402323701498,1.0982335280597995
2021-06-30,89301,GME,GAMESTOP CORP NEW,25,-0.02,-0.035408999999999996,-0.35615160349854225,15711.384000000002,0.8139556666534248,1.079338097719464
2021-06-30,89781,MOH,MOLINA HEALTHCARE INC,35,0.02,0.006759,0.35595724003887275,14679.424,0.7019907331801202,0.8770734438275086
2021-06-30,89866,LKQ,L K Q CORP,25,0.02,-0.034148,0.31902818270165206,15398.073600000002,1.5686433637484776,1.3327695813049572
2021-06-30,89916,NXST,NEXSTAR MEDIA GROUP INC,50,0.009999999999999995,-0.026533,0.13065111758989306,6509.191589999999,1.8482581305611847,1.502319328259342
2021-06-30,90319,GOOGL,ALPHABET INC,50,0.02,0.036036000000000006,0.29088435374149657,708815.56695,0.9401684926826194,1.1414039007355776
2021-06-30,90505,LVS,LAS VEGAS SANDS CORP,25,-0.02,-0.087623,-0.4200388726919339,44118.97875,1.3781907349853089,1.3325477202727174
2021-06-30,90808,EXPE,EXPEDIA GROUP INC,25,-0.02,-0.074827,-0.5669387755102041,25029.04665,1.6737436739696245,1.5635394378754524
2021-06-30,91041,LYV,LIVE NATION ENTERTAINMENT INC,50,-0.02,-0.027970000000000002,-0.5340524781341108,19705.525129999998,1.3050121547633946,1.528740248449306
2021-06-30,91103,UAL,UNITED AIRLINES HOLDINGS INC,20,-0.02,-0.10386000000000001,-0.6583673469387755,18880.776299999998,1.5661692328393928,2.1241740471970276
2021-06-30,91277,QRTEA,QURATE RETAIL INC,25,0.02,-0.039623,0.23243926141885327,5173.44369,1.853259143532012,1.6247985624011643
2021-06-30,91413,EVR,EVERCORE INC,40,0.02,-0.034900999999999995,0.29288629737609334,5972.967000000001,1.6790816838654747,1.523920075155628
2021-06-30,91500,EXLS,EXLSERVICE HOLDINGS INC,45,0.02,0.041965,0.35416909620991255,3412.04684,0.899342217313715,1.0809084386396814
2021-06-30,91531,OC,OWENS CORNING NEW,20,0.02,-0.08204800000000001,0.32802721088435377,11140.8723,1.4764611956045306,1.3330762363556832
2021-06-30,91926,DAL,DELTA AIR LINES INC,20,-0.02,-0.09270500000000001,-0.5766180758017493,30498.368960000003,1.399451380703083,1.8266662856949996
2021-06-30,92040,FOLD,AMICUS THERAPEUTICS INC,35,-0.02,0.041033,-0.4897181729834791,2463.7156,1.1775926644292758,1.319957771902789
2021-06-30,92597,HI,HILLENBRAND INC,20,0.02,-0.028708,0.2885131195335277,3431.3088000000002,1.5225942797482948,1.4099607047502962
2021-06-30,92775,TREE,LENDINGTREE INC,40,-0.02,0.032298,-0.46452866861030134,2731.8775,1.508205478846025,1.431536362537793
2021-06-30,93035,SEM,SELECT MEDICAL HOLDINGS CORP,35,0.02,0.054650000000000004,0.2727113702623906,5402.99873,1.3121942868771392,1.5292771462020949
2021-06-30,93098,H,HYATT HOTELS CORP,25,-0.02,-0.005639,-0.4552575315840622,3212.9919999999997,1.4522876793015882,1.5582970809691004
2021-07-31,10032,PLXS,PLEXUS CORP,45,0.02,-0.011955,0.4230739761713213,2613.77754,1.143685484670342,1.2276769853634502
2021-07-31,10107,MSFT,MICROSOFT CORP,45,0.009999999999999995,0.051685999999999996,0.30961958395586714,2036897.0999999999,0.737409649277267,1.2604726065040008
2021-07-31,10158,AMRC,AMERESCO INC,20,-0.02,0.09260299999999999,-0.43370493812971694,2086.6944000000003,0.575463692901091,1.7455603300045073
2021-07-31,10517,PRG,PROG HOLDINGS INC,40,0.02,-0.090619,0.30670804122131556,3259.31547,1.9330335363567175,1.5261680404958708
2021-07-31,10874,BC,BRUNSWICK CORP,25,0.02,0.047950999999999994,0.31442746044515957,7760.19876,1.822106693231177,1.541106751721286
2021-07-31,11691,MATX,MATSON INC,20,0.02,0.048719,0.36390453204612505,2779.84,0.9524301983617759,1.5276352954809815
2021-07-31,11731,AIN,ALBANY INTERNATIONAL CORP NEW,20,0.02,-0.032632,0.32325786308087195,2740.282,1.4284537227751086,1.3461399605575755
2021-07-31,12060,GE,GENERAL ELECTRIC CO,20,-0.02,-0.037921,-0.3617591847680343,118160.50786,1.075014559203385,1.2953492165387526
2021-07-31,12062,LH,LABORATORY CORP AMERICA HLDGS,35,0.02,0.07356,0.35771750373520284,26934.269850000004,1.0007387623087483,0.9660245401158956
2021-07-31,12360,PACB,PACIFIC BIOSCIENCES CALIF INC,35,-0.02,-0.08067200000000001,-0.6719534153162472,6956.12749,1.1656152516313234,1.901675708423705
2021-07-31,12622,HCA,H C A HEALTHCARE INC,35,0.02,0.200511,0.30647818258437726,69658.35538000001,1.5184232254495742,1.2346604384413276
2021-07-31,13379,SPLK,SPLUNK INC,45,-0.02,-0.018014,-0.568229705397847,23699.119860000003,1.2291622639105968,1.655645823387406
2021-07-31,13688,PCG,P G & E CORP,55,-0.02,-0.135724,-0.33875416618779447,20188.52802,1.3572261993107348,0.4957705996440249
2021-07-31,13704,NEO,NEOGENOMICS INC,35,-0.02,0.020558,-0.4541432019308126,5542.85587,0.7041651696983325,1.1935121448678232
2021-07-31,13739,BFAM,BRIGHT HORIZONS FAM SOL INC NEW,25,-0.02,0.016215,-0.3439068306324944,8978.123300000001,0.8256455510030172,1.3350143991063383
2021-07-31,13748,TPH,TRI POINTE HOMES INC,25,0.02,0.125494,0.3515304754242807,2537.82632,1.4543060040455233,1.835314664121096
2021-07-31,13766,BCC,BOISE CASCADE CO,20,0.02,-0.090794,0.3154235145385588,2294.96385,1.9352530508911823,1.6983987508025564
2021-07-31,13788,ZTS,ZOETIS INC,35,0.0073452200926200605,0.08900799999999999,0.3145806995364518,88477.57812,0.5947400981143243,0.9258428226151596
2021-07-31,13802,APAM,ARTISAN PARTNERS ASSET MGMT INC,40,0.02,-0.053750000000000006,0.25518139677431717,3294.2540400000003,1.7792414986977934,1.6918585819722445
2021-07-31,13837,EVTC,EVERTEC INC,45,0.02,0.00226,0.4632992376355208,3149.91495,0.9520881786176423,0.9907916896493523
2021-07-31,14054,MRTX,MIRATI THERAPEUTICS INC,35,-0.02,-0.009131,-0.4691031682182124,8336.40177,1.3795838690450637,0.645714466983399
2021-07-31,14136,RNG,RINGCENTRAL INC,45,-0.02,-0.08025,-0.3646898823889975,23464.62558,0.7391030865199801,1.201726048500367
2021-07-31,14176,XLRN,ACCELERON PHARMA INC,35,-0.02,-0.003458,-0.43100409914569215,7627.03122,0.3720538269159627,0.8244558023912844
2021-07-31,14273,CHGG,CHEGG INC,25,-0.02,0.066387,-0.33844768800521013,11796.21785,0.9117885908923957,1.1847796911356097
2021-07-31,14295,TWTR,TWITTER INC,50,-0.02,0.01363,-0.3995326207715589,54919.11887,0.7965826596535223,1.3016131332954828
2021-07-31,14338,HLT,HILTON WORLDWIDE HOLDINGS INC,25,-0.02,0.089755,-0.3511665325824618,33596.77108,1.2547579975929297,1.4085685019006504
2021-07-31,14426,DRNA,DICERNA PHARMACEUTICALS INC,35,-0.02,0.00506,-0.46031107535532306,2896.10664,1.0785631220399963,0.9967195894999937
2021-07-31,14593,AAPL,APPLE INC,45,0.02,0.064952,0.35091751905911195,2267638.77632,1.138865322706104,1.4333225965502734
2021-07-31,14716,CCS,CENTURY COMMUNITIES INC,25,0.02,0.043702,0.288759912653718,2243.8618800000004,1.8774029640683003,2.037187730871462
2021-07-31,15108,NEWR,NEW RELIC INC,45,-0.02,0.031476,-0.47000344787955406,4332.75809,0.8926009940821302,1.5271526929091739
2021-07-31,15167,SHAK,SHAKE SHACK INC,25,-0.02,-0.06058,-0.5837834731640043,4184.91008,1.7074357529503372,1.8154925992338555
2021-07-31,15272,SEDG,SOLAREDGE TECHNOLOGIES INC,45,-0.02,-0.061145000000000005,-0.6061563804926636,14444.201680000002,0.9237342704844574,2.072389106070209
2021-07-31,15541,RPD,RAPID7 INC,45,-0.02,0.202019,-0.3786346396965867,5275.433239999999,1.2480677706768062,1.1952036472106704
2021-07-31,15579,TXN,TEXAS INSTRUMENTS INC,45,0.02,-0.003356,0.3242922269470942,177509.6301,0.9863618613648344,1.2305778039794057
2021-07-31,15585,TDOC,TELADOC HEALTH INC,35,-0.02,-0.107313,-0.43360916369765923,25696.12854,0.3578560979707939,0.9902370686126427
2021-07-31,15627,PLNT,PLANET FITNESS INC,25,-0.009823287527014456,-0.000297,-0.39748304792552586,6262.455499999999,1.209569548652353,1.6590412675243473
2021-07-31,15914,WKHS,WORKHORSE GROUP INC,25,-0.02,-0.304431,-0.6062904646975443,2047.43826,2.7274413693315727,0.9533783157048292
2021-07-31,16068,RETA,REATA PHARMACEUTICALS INC,35,-0.02,-0.114636,-0.6072482090181205,4451.68462,1.4143841529729297,1.389218307856302
2021-07-31,16119,ATKR,ATKORE INC,20,0.02,0.057856,0.31737731295253424,3335.864,2.415367191698211,1.6712839971480367
2021-07-31,16140,TWLO,TWILIO INC,45,-0.02,-0.052218,-0.5394590660077386,63999.75920000001,1.5037078424153763,1.546684936327723
2021-07-31,16263,PTGX,PROTAGONIST THERAPEUTICS INC,35,-0.02,0.10135,-0.4859977780331763,2132.9668800000004,1.5579405149627445,0.9953325331780758
2021-07-31,16268,HOME,AT HOME GROUP INC,25,0.02,0.004312,0.3624296057924376,2415.70932,2.5241995773373653,2.193623291709691
2021-07-31,16381,BL,BLACKLINE INC,45,-0.02,0.028009,-0.3463395012067579,6499.16943,0.9785213822000371,1.13492961618053
2021-07-31,16382,COUP,COUPA SOFTWARE INC,45,-0.02,-0.172134,-0.5418342719227675,19271.63775,1.5274591956543706,1.3495020720012478
2021-07-31,16434,GOLF,ACUSHNET HOLDINGS CORP,25,0.02,0.037014,0.607267363904532,3658.7615999999994,0.7784657154559872,1.073895441665676
2021-07-31,16595,SNAP,SNAP INC,50,-0.02,0.09213199999999999,-0.4414626671263839,86416.71522,1.3108598166247971,1.2262582484254991
2021-07-31,16649,OKTA,OKTA INC,45,-0.02,0.01268,-0.4111787917097652,30598.70208,1.002471749795715,1.191822285800375
2021-07-31,17106,BAND,BANDWIDTH INC,50,-0.02,-0.059921,-0.3630425621576064,3157.2646399999994,0.520908572513917,0.9599803306208191
2021-07-31,17341,ZS,ZSCALER INC,45,-0.02,0.091842,-0.4117534383021108,29597.411219999998,0.8883347552013438,1.1067665783528848
2021-07-31,17342,DBX,DROPBOX INC,45,-0.02,0.0389,-0.3147147837413325,9768.913,0.8444698266877755,0.984788511664942
2021-07-31,17700,CDAY,CERIDIAN H C M HOLDING INC,45,-0.02,0.025824,-0.487779182469448,14314.90896,1.3462066218409672,1.570332838723781
2021-07-31,19561,BA,BOEING CO,20,-0.02,-0.054631000000000006,-0.5466613032984714,140097.08359999998,1.5465637498607634,1.8295320789089435
2021-07-31,21020,AAL,AMERICAN AIRLINES GROUP INC,20,-0.02,-0.039164000000000004,-0.6018465310500708,13732.329660000001,1.7509377128105925,1.8473545500733266
2021-07-31,29612,AIT,APPLIED INDUSTRIAL TECHS INC,20,0.02,-0.014966,0.3174347776117688,3538.5005400000005,1.4458743948127473,1.419655201068816
2021-07-31,35991,ROG,ROGERS CORP,45,0.02,-0.050828000000000005,0.29464046278205563,3757.3696,1.7741784114839116,1.4683678319651907
2021-07-31,37568,FELE,FRANKLIN ELECTRIC INC,20,0.02,0.014109,0.48379496609585104,3745.2021,0.9732929968446253,1.0331206480631834
2021-07-31,40272,IFF,INTERNATIONAL FLAVORS & FRAG INC,15,-0.02,0.008269,-0.28035091751905916,37188.648,0.8956411840870301,1.090562630703191
2021-07-31,47730,ABM,A B M INDUSTRIES INC,20,0.02,0.048221999999999994,0.4244722828793626,2977.25985,1.300447500844087,1.2133455531257398
2021-07-31,49429,DDS,DILLARDS INC,25,0.02,0.013182000000000001,0.3212082902348389,3101.0067199999994,0.9000946150712145,1.9075118671988909
2021-07-31,52716,HRC,HILL ROM HOLDINGS INC,35,0.02,0.218914,0.3575834195303222,7549.872939999999,0.5281389547780729,0.9487644618645813
2021-07-31,56223,LPX,LOUISIANA PACIFIC CORP,15,0.02,-0.080476,0.29979312722675555,6164.83337,1.7787120470628948,1.7368820659593989
2021-07-31,57808,VSH,VISHAY INTERTECHNOLOGY INC,45,0.02,-0.018656,0.3466076696165192,2992.6330500000004,1.3639494742231384,1.5302405494400781
2021-07-31,58683,LUV,SOUTHWEST AIRLINES CO,20,-0.02,-0.048439,-0.39665938780983023,31396.20493,1.172913996626982,1.316202752511726
2021-07-31,61313,DCI,DONALDSON INC,20,0.02,0.041838999999999994,0.40719457533616826,7978.41505,1.2718565211492567,1.1368477621740745
2021-07-31,68196,SEIC,S E I INVESTMENTS CO,40,0.02,-0.018911,0.3994943109987358,8739.443189999998,1.0216934155934623,1.3195171191829962
2021-07-31,76095,HOLX,HOLOGIC INC,35,0.02,0.124669,0.2917289200475041,16899.64224,1.1375538419915483,1.2061357674562572
2021-07-31,76282,AN,AUTONATION INC DEL,25,0.02,0.279686,0.4369421139332644,7630.308800000001,1.5193856887789927,1.214676526486374
2021-07-31,76573,MLI,MUELLER INDUSTRIES INC,20,0.02,0.0020469999999999998,0.3891315174501015,2474.2136800000003,1.1517326871399054,1.336060969352777
2021-07-31,76709,IDXX,I D E X X LABORATORIES INC,35,0.02,0.07435699999999999,0.2901007547025246,53741.74724999999,0.8612537336374275,1.1319144147279718
2021-07-31,76795,ZBRA,ZEBRA TECHNOLOGIES CORP,45,0.02,0.043387999999999996,0.308297896793472,28333.53939,1.555666394152089,1.2162048549901305
2021-07-31,77584,BKE,BUCKLE INC,25,0.02,-0.148119,0.3930391142780523,2477.00275,1.245783400033521,1.2702748764880771
2021-07-31,77699,FCEL,FUELCELL ENERGY INC,20,-0.02,-0.288795,-0.7067961536988084,2870.2055,4.307526814936747,1.9873906742470664
2021-07-31,79108,SANM,SANMINA CORP,45,0.02,-0.013891,0.3274336283185841,2536.1401600000004,1.0719341568442955,1.2061018696468497
2021-07-31,82651,WAT,WATERS CORP,35,0.02,0.127859,0.3743247902539938,21324.137000000002,0.7459932754297454,0.9817805943459684
2021-07-31,82779,NVAX,NOVAVAX INC,35,-0.017345220092620062,-0.15537,-0.4387618281423591,15763.592880000002,1.7759390072824832,1.0506519844932132
2021-07-31,82800,SCCO,SOUTHERN COPPER CORP,15,0.02,0.020491,0.4058345784009501,49724.05535999999,1.0872010547593876,1.3136222963935533
2021-07-31,83011,WSM,WILLIAMS SONOMA INC,25,0.02,-0.046196,0.3834233612994676,11992.74835,1.6323031147680418,1.3742786880894315
2021-07-31,83885,MVIS,MICROVISION INC WA,45,-0.02,-0.17794100000000002,-0.7625943378155767,2746.33,4.047204763358887,2.1709123854966466
2021-07-31,83916,TTEC,T T E C HOLDINGS INC,45,0.02,0.013646,0.38336589664023296,4834.19937,0.748399270035822,1.3323486469124286
2021-07-31,84042,PAG,PENSKE AUTOMOTIVE GROUP INC,25,0.0026547799073793144,0.173634,0.3162854844270773,6101.63023,1.533154932257815,1.4392021108553459
2021-07-31,84373,DGX,QUEST DIAGNOSTICS INC,35,0.02,0.07944699999999999,0.41529709228824274,17240.296860000002,0.9939298655501279,0.8333388435676874
2021-07-31,85002,SRPT,SAREPTA THERAPEUTICS INC,35,-0.02,-0.12815000000000001,-0.5653181626632955,6205.9842,1.4582888214628384,1.2623873072460972
2021-07-31,85427,GPI,GROUP 1 AUTOMOTIVE INC,25,0.02,0.125009,0.2585909665555683,2804.9120900000003,1.9574800376403443,1.815710922995049
2021-07-31,85621,MTD,METTLER TOLEDO INTERNATIONAL INC,35,0.02,0.063758,0.32881278014021376,32235.476459999994,0.9486024825521143,1.0554839818820503
2021-07-31,87337,PLUG,PLUG POWER INC,20,-0.010000000000000002,-0.202137,-0.6773359383978853,19519.82318,1.6066563275004202,2.5440234250271385
2021-07-31,88351,INSM,INSMED INC,35,-0.02,-0.13566,-0.5520055166072865,3279.7019400000004,2.3260513447112894,1.225521456005383
2021-07-31,88421,ARNA,ARENA PHARMACEUTICALS INC,35,-0.02,-0.092993,-0.4524958816994216,4163.269,0.5620971239031051,0.8249635133240519
2021-07-31,88504,BRKR,BRUKER CORP,35,0.02,0.082491,0.3169750603378922,11477.08292,1.236592373953488,1.1559064465060793
2021-07-31,89301,GME,GAMESTOP CORP NEW,25,-0.02,-0.247626,-0.3381220549362142,15378.4641,0.7772772527893969,1.1828178279003432
2021-07-31,89533,WYNN,WYNN RESORTS LTD,25,-0.0028314923803648517,-0.196024,-0.5104394130942803,14148.153199999999,2.356974280698457,1.9014651358220398
2021-07-31,89540,DKS,DICKS SPORTING GOODS INC,25,0.02,0.039394,0.34612879745623104,6565.851460000001,1.662955566661943,1.315928001484263
2021-07-31,90319,GOOGL,ALPHABET INC,50,0.009999999999999995,0.103475,0.29628778301344677,735076.4616,0.932539376554493,1.2331740321678872
2021-07-31,90505,LVS,LAS VEGAS SANDS CORP,25,-0.02,-0.196273,-0.45408573727157797,40253.31585,1.3612817374490267,1.4140808632360922
2021-07-31,90808,EXPE,EXPEDIA GROUP INC,25,-0.02,-0.017379,-0.5271424740451289,23770.20087,1.6574375508891537,1.6060467752021192
2021-07-31,91103,UAL,UNITED AIRLINES HOLDINGS INC,20,-0.02,-0.10655200000000001,-0.593839788530054,16921.619189999998,1.54207208708728,1.8901735125503296
2021-07-31,91277,QRTEA,QURATE RETAIL INC,25,0.02,-0.09399600000000001,0.21750373520285024,5268.52865,1.8404252595664208,1.8038537846545717
2021-07-31,91500,EXLS,EXLSERVICE HOLDINGS INC,45,0.02,0.065469,0.39677431712829947,3533.145,0.9023587368380869,1.0685907357230109
2021-07-31,91531,OC,OWENS CORNING NEW,20,0.02,-0.015057,0.38759912653717965,10226.829800000001,1.4649927182862512,1.3764884800768244
2021-07-31,91926,DAL,DELTA AIR LINES INC,20,-0.02,-0.077701,-0.5057081561506339,27671.129220000003,1.368957257256666,1.67962667404363
2021-07-31,92040,FOLD,AMICUS THERAPEUTICS INC,35,-0.02,-0.036338,-0.495536911466115,2569.3781200000003,1.1522912021883012,1.3471146820539706
2021-07-31,92597,HI,HILLENBRAND INC,20,0.02,0.027646,0.2917672298203272,3316.93184,1.5133874995491665,1.4502604851311074
2021-07-31,92775,TREE,LENDINGTREE INC,40,-0.02,-0.07866000000000001,-0.445638432364096,2820.97032,1.5132946044869817,1.5779449928626432
2021-07-31,93035,SEM,SELECT MEDICAL HOLDINGS CORP,35,0.02,-0.066524,0.22386315749147606,5698.2961399999995,1.2959855995956038,1.569858794314041
2021-07-31,93098,H,HYATT HOTELS CORP,25,-0.02,0.028691,-0.5427153966976975,3194.886,1.4570633362344885,1.6018962946948565
2021-07-31,93374,FAF,FIRST AMERICAN FINL CORP NEW,40,0.010000000000000009,0.07952,0.4017737424817071,6842.35135,1.111712410149903,1.1414787333174876
2021-08-31,10158,AMRC,AMERESCO INC,20,-0.02,0.008997999999999999,-0.48462017677062647,2279.9931,0.5611232556262253,1.7731756746192422
2021-08-31,10258,CLDX,CELLDEX THERAPEUTICS INC,35,-0.02,0.20338,-0.4801814429778454,2033.5874999999999,3.1445971892844264,0.6780715369523447
2021-08-31,10517,PRG,PROG HOLDINGS INC,40,0.02,0.081057,0.30327453957870965,2910.7050000000004,1.9308184739068006,1.356660012102731
2021-08-31,11891,MGM,M G M RESORTS INTERNATIONAL,25,-0.009999999999999995,0.135576,-0.532414437565705,18409.81608,2.337063342118994,1.9001820697554952
2021-08-31,12062,LH,LABORATORY CORP AMERICA HLDGS,35,0.02,0.024364,0.2593349686563096,28637.704999999998,0.9930397138322212,0.9457045141738366
2021-08-31,12360,PACB,PACIFIC BIOSCIENCES CALIF INC,35,-0.02,-0.026177,-0.6876338433983568,6397.817849999999,1.1403486172841555,1.9447402993906924
2021-08-31,13168,TRIP,TRIPADVISOR INC,50,-0.02,-0.07778299999999999,-0.5441537203597709,4728.7977,1.3295935971267092,1.800317921660166
2021-08-31,13511,PANW,PALO ALTO NETWORKS INC,45,-0.02,0.15529500000000002,-0.35657828135342445,38863.87855,1.3666069802006195,1.0403718419951815
2021-08-31,13688,PCG,P G & E CORP,55,-0.02,0.043182,-0.19814663396020715,17450.549669999997,1.3640448871279414,0.49946035063172195
2021-08-31,13704,NEO,NEOGENOMICS INC,35,-0.02,0.054615,-0.48748199197913017,5656.9771,0.6978644249899952,1.1754324029038263
2021-08-31,13739,BFAM,BRIGHT HORIZONS FAM SOL INC NEW,25,-0.02,-0.025066,-0.3483821983413153,9123.985,0.8307010210949652,1.3043783367314912
2021-08-31,13748,TPH,TRI POINTE HOMES INC,25,0.02,-0.01456,0.23427948448389982,2744.5906800000002,1.4347177111182983,1.796593876750431
2021-08-31,13766,BCC,BOISE CASCADE CO,20,0.02,0.132893,0.3158314838609197,2011.7806500000002,1.9147048606264925,1.675990550339748
2021-08-31,13788,ZTS,ZOETIS INC,35,0.02,0.009127,0.3135342444418487,96235.27089999999,0.588422374971059,0.9344514396528772
2021-08-31,13802,APAM,ARTISAN PARTNERS ASSET MGMT INC,40,0.02,0.101471,0.2572129424132695,3117.2899800000005,1.7922437053049554,1.6949777364127083
2021-08-31,13837,EVTC,EVERTEC INC,45,0.02,0.058303,0.4241910991706576,3153.5231,0.9397221135831039,0.97046481393769
2021-08-31,14054,MRTX,MIRATI THERAPEUTICS INC,35,-0.02,0.060366,-0.47356227855001365,8262.77738,1.4353627023733386,0.6503481362905529
2021-08-31,14136,RNG,RINGCENTRAL INC,45,-0.02,-0.056209,-0.36825915975548024,21582.31977,0.7215088180653846,1.1864150680090124
2021-08-31,14176,XLRN,ACCELERON PHARMA INC,35,-0.02,0.07047700000000001,-0.4586691585873925,7616.279060000001,0.3813320092731571,0.8312554738826329
2021-08-31,14273,CHGG,CHEGG INC,25,-0.02,-0.061089,-0.3516333761632208,12579.69905,0.911190436666547,1.1570103443191448
2021-08-31,14426,DRNA,DICERNA PHARMACEUTICALS INC,35,-0.02,-0.45139500000000005,-0.45232254798894206,2910.85102,1.083643943216813,0.9798508587838499
2021-08-31,14593,AAPL,APPLE INC,45,0.005354298121178449,0.042448,0.23770587548183622,2411090.0127600003,1.1323609835835373,1.3750037917818578
2021-08-31,14716,CCS,CENTURY COMMUNITIES INC,25,0.02,0.01147,0.08275902347856555,2341.9929,1.8891259459162504,2.0495954730961268
2021-08-31,15108,NEWR,NEW RELIC INC,45,-0.0026456198717716797,0.157594,-0.4112447922750458,4469.26876,0.8659675023257688,1.5191771212514795
2021-08-31,15167,SHAK,SHAKE SHACK INC,25,-0.02,-0.137208,-0.5662111124089865,3931.51616,1.7032191544002269,1.7775459295034912
2021-08-31,15272,SEDG,SOLAREDGE TECHNOLOGIES INC,45,-0.02,0.11672300000000001,-0.6119612194837052,13563.019600000001,0.9592465822590802,2.0689853493419017
2021-08-31,15541,RPD,RAPID7 INC,45,-0.02,0.068259,-0.41447650196628116,6345.31625,1.2366921234014465,1.1724380637702396
2021-08-31,15585,TDOC,TELADOC HEALTH INC,35,-0.02,-0.027196,-0.4180975742709185,22939.3847,0.35417440396995975,0.9693803679696554
2021-08-31,16068,RETA,REATA PHARMACEUTICALS INC,35,-0.02,-0.150077,-0.6089047229685004,3941.50074,1.4758382002346246,1.4229694623510427
2021-08-31,16119,ATKR,ATKORE INC,20,0.02,0.235073,0.3145076509753533,3528.96824,2.4381011233079235,1.6401058806975377
2021-08-31,16140,TWLO,TWILIO INC,45,-0.02,-0.044563,-0.4733286609819725,60659.8083,1.5014885298745124,1.5151686297196236
2021-08-31,16263,PTGX,PROTAGONIST THERAPEUTICS INC,35,-0.02,-0.018864,-0.4865280535762955,2350.44593,1.556934909297036,0.9732995879470391
2021-08-31,16381,BL,BLACKLINE INC,45,-0.02,-0.046294,-0.3208737297044738,6681.40551,0.9785626386603913,1.1221954532380194
2021-08-31,16382,COUP,COUPA SOFTWARE INC,45,-0.02,0.128108,-0.5314410310322003,16056.264000000001,1.5322479918847525,1.35666716529257
2021-08-31,16434,GOLF,ACUSHNET HOLDINGS CORP,25,0.02,-0.024839,0.579702526963361,3794.2987199999993,0.7780724972095127,1.067403213664174
2021-08-31,16595,SNAP,SNAP INC,50,-0.010000000000000002,0.02266,-0.39224389674103494,98668.86396,1.3097162441636387,1.3279890779508938
2021-08-31,16649,OKTA,OKTA INC,45,-0.02,0.063755,-0.4317447338706537,36535.64434,1.0032688537135401,1.1673420672858188
2021-08-31,16736,VST,VISTRA CORP,55,-0.02,-0.003182,-0.3807187633843398,9231.35325,0.8545622682954923,1.3577114655501297
2021-08-31,17106,BAND,BANDWIDTH INC,50,-0.02,-0.20643499999999998,-0.32449480200911107,3000.9807,0.5231947806263649,0.9474455116116574
2021-08-31,17341,ZS,ZSCALER INC,45,-0.02,0.179808,-0.40472296850056466,32711.75242,0.887613126580049,1.0944999108800237
2021-08-31,17342,DBX,DROPBOX INC,45,-0.02,0.0069370000000000005,-0.271560954717128,10149.226999999999,0.8437313734014976,0.9292112789051891
2021-08-31,17787,EQH,EQUITABLE HOLDINGS INC,40,-0.02,0.010084,-0.43182260639333414,13220.787510000002,1.5746506881165536,1.6794508183974646
2021-08-31,17907,NKLA,NIKOLA CORP,20,-0.02,-0.121363,-0.41617022933457937,4727.27498,0.9629874225882192,1.0274210511473045
2021-08-31,18973,BRC,BRADY CORP,20,0.02,-0.024738,0.46852003270645953,2653.29232,0.8069731616632247,1.0882591008056792
2021-08-31,19561,BA,BOEING CO,20,-0.014645701878820916,-0.030869,-0.46680683720749133,132751.70496,1.5536218272662288,1.8315503719750397
2021-08-31,20482,ABT,ABBOTT LABORATORIES,35,0.02,0.044504,0.28111980687614385,214959.6836,0.6141230896579501,0.9263565818578735
2021-08-31,21020,AAL,AMERICAN AIRLINES GROUP INC,20,-0.02,-0.021639000000000002,-0.555250554841724,13195.194039999998,1.7094551753780627,1.7588606758069545
2021-08-31,22111,JNJ,JOHNSON & JOHNSON,35,0.02,0.011352,0.4033017949616478,453313.4004,0.6500812531739374,0.5285086891671079
2021-08-31,24328,EQT,E Q T CORP,10,-0.02,-0.003312,-0.5081182104894288,6951.71424,1.2696850730482816,0.9483737341284634
2021-08-31,29612,AIT,APPLIED INDUSTRIAL TECHS INC,20,0.02,-0.006354,0.2841957715220184,3485.6523,1.4489353207154492,1.439363625457378
2021-08-31,35991,ROG,ROGERS CORP,45,0.02,0.11437900000000001,0.28423470778335863,3568.4132,1.765548485772971,1.4228145035906656
2021-08-31,40272,IFF,INTERNATIONAL FLAVORS & FRAG INC,15,-0.02,0.00566,-0.28503290114083246,37497.30879999999,0.8899555492100495,1.0875997189594315
2021-08-31,49429,DDS,DILLARDS INC,25,0.02,0.039183,0.3249425690145232,3141.98088,0.8872961027122798,1.9229524320094735
2021-08-31,56223,LPX,LOUISIANA PACIFIC CORP,15,0.02,0.147931,0.28514970992485306,5668.90632,1.7618452312117994,1.7598352162886983
2021-08-31,57808,VSH,VISHAY INTERTECHNOLOGY INC,45,0.02,-0.007279000000000001,0.30804423159288247,2936.8944300000003,1.3591283925596447,1.515593541551869
2021-08-31,58683,LUV,SOUTHWEST AIRLINES CO,20,-0.02,-0.014697,-0.353774870536931,29889.9054,1.1934131183045265,1.3078092094387235
2021-08-31,61313,DCI,DONALDSON INC,20,0.02,0.026816,0.39641007670443484,8312.47115,1.2698900053081292,1.147589865889338
2021-08-31,68196,SEIC,S E I INVESTMENTS CO,40,0.02,0.03301,0.4842697504185648,8577.4816,1.0418201810054584,1.2888113023944163
2021-08-31,76095,HOLX,HOLOGIC INC,35,0.02,0.054722,0.19820503835221745,19021.66448,1.12110405713261,1.1629279906575152
2021-08-31,76573,MLI,MUELLER INDUSTRIES INC,20,0.02,0.027830999999999998,0.3327687575439006,2480.4836,1.1465758685098197,1.3179951577173477
2021-08-31,76661,IONS,IONIS PHARMACEUTICALS INC,35,-0.010000000000000002,0.070495,-0.3845929213876884,5242.23672,1.089502911839127,1.000441909826722
2021-08-31,76795,ZBRA,ZEBRA TECHNOLOGIES CORP,45,0.02,0.062741,0.3251761865825643,29504.08944,1.5607708218722522,1.225570881966835
2021-08-31,77584,BKE,BUCKLE INC,25,0.02,-0.079659,0.42528131448818274,2095.12112,1.2479109934897212,1.2689166342039853
2021-08-31,78015,MTX,MINERALS TECHNOLOGIES INC,15,0.02,-0.019098,0.3413542031694116,2705.8205999999996,1.39726493163067,1.5147339985741628
2021-08-31,80054,MED,MEDIFAST INC,30,0.010000000000000004,-0.20182799999999998,0.3074796558034497,3357.8831099999998,1.4573559652849795,1.2177645752461361
2021-08-31,80575,SSD,SIMPSON MANUFACTURING CO INC,20,0.004645701878820921,0.005908,0.4113226647977261,4885.11888,1.191473521202206,1.0595100090990344
2021-08-31,80864,RS,RELIANCE STEEL & ALUMINUM CO,15,0.010000000000000009,-0.041141,0.3601798855273917,9976.35345,0.9930385177396904,1.199396300544405
2021-08-31,82651,WAT,WATERS CORP,35,0.02,0.062058,0.35311295409414795,24051.277000000002,0.724472117286076,0.8849385101128431
2021-08-31,82779,NVAX,NOVAVAX INC,35,-0.02,0.330124,-0.43785772690106295,13357.21572,1.8040687837023497,1.0028408915197573
2021-08-31,82800,SCCO,SOUTHERN COPPER CORP,15,0.02,-0.033617,0.3715882101000662,50745.03684,1.1042619019028825,1.3137398301272256
2021-08-31,82924,JWA,WILEY JOHN & SONS INC,50,0.02,-0.011618,0.32449480200911107,2751.90326,0.7114212800480297,1.1094797465752795
2021-08-31,83011,WSM,WILLIAMS SONOMA INC,25,0.02,0.23067000000000001,0.3781684382665576,11395.5523,1.6383920912212135,1.3763467806137275
2021-08-31,83422,SYKE,SYKES ENTERPRISES INC,45,0.02,0.006286999999999999,0.37805162948253707,2135.45336,0.8979552907508035,1.4027544448832279
2021-08-31,83885,MVIS,MICROVISION INC WA,45,-0.012708678249406772,0.06966800000000001,-0.7607950784565666,2257.7292,4.106747005272755,2.1364046312794187
2021-08-31,83916,TTEC,T T E C HOLDINGS INC,45,0.02,0.009138,0.43550208308998173,4909.9325,0.7473890763754487,1.3254628315072157
2021-08-31,83976,ANF,ABERCROMBIE & FITCH CO,25,0.02,-0.054268000000000004,0.2978429311217537,2326.7139700000002,1.788566402507722,1.440056350702997
2021-08-31,84042,PAG,PENSKE AUTOMOTIVE GROUP INC,25,0.02,0.020222999999999998,0.3598683954366702,7117.149399999999,1.4893582662814207,1.4478657016245664
2021-08-31,84373,DGX,QUEST DIAGNOSTICS INC,35,0.02,0.077737,0.41840906436164,17325.2658,0.9865655845565874,0.8142705784774824
2021-08-31,85002,SRPT,SAREPTA THERAPEUTICS INC,35,-0.02,0.152503,-0.5330763540084881,5411.8941,1.4124312732586848,1.2678081143801812
2021-08-31,85035,QRVO,QORVO INC,45,0.02,-0.008277,0.2685823307246038,21071.41178,1.313524517022729,1.464894922283254
2021-08-31,85427,GPI,GROUP 1 AUTOMOTIVE INC,25,0.02,-0.045865,0.36925203441965504,3155.6396200000004,1.9175430152100075,1.778852948494031
2021-08-31,85621,MTD,METTLER TOLEDO INTERNATIONAL INC,35,0.02,0.053639,0.31195732585757113,34291.75799,0.931638328687949,1.0261653541544506
2021-08-31,85913,MAR,MARRIOTT INTERNATIONAL INC NEW,25,-0.02,-0.074306,-0.37659151968228016,47539.262879999995,1.7935126388433988,1.479270084085716
2021-08-31,86783,BKNG,BOOKING HOLDINGS INC,25,-0.02,0.055688,-0.3890511233111396,89439.35560000001,1.1784276998264425,1.6064471918169838
2021-08-31,87432,A,AGILENT TECHNOLOGIES INC,35,0.02,0.145092,0.2810419343534634,46496.570889999995,0.9280713731406883,0.9451141104718176
2021-08-31,88351,INSM,INSMED INC,35,-0.02,0.139788,-0.5292021960051396,2834.8794000000003,2.3170423771865645,1.2207979804379494
2021-08-31,88421,ARNA,ARENA PHARMACEUTICALS INC,35,-0.02,-0.144569,-0.41284117898999334,3778.03764,0.57811120257282,0.83711367185999
2021-08-31,88504,BRKR,BRUKER CORP,35,0.02,0.074115,0.3258770392866877,12421.395,1.2267975038279468,1.0958198813133806
2021-08-31,89301,GME,GAMESTOP CORP NEW,25,-0.02,0.354469,-0.3451699567807499,12376.4328,0.776786293635009,1.1833827515230975
2021-08-31,89455,RUSHA,RUSH ENTERPRISES INC,20,0.02,-0.057561,0.4453334890783788,2028.27636,1.2308374637803634,1.0180641025147057
2021-08-31,89533,WYNN,WYNN RESORTS LTD,25,-0.02,0.034122,-0.5515126737530663,11374.027759999999,2.3598446508287725,1.830180822211494
2021-08-31,89540,DKS,DICKS SPORTING GOODS INC,25,0.02,0.35207299999999997,0.3383561110462174,6824.710760000001,1.6474573254898817,1.3104767565256696
2021-08-31,89866,LKQ,L K Q CORP,25,0.02,0.038178,0.4116146867577775,14914.15625,1.550216564782225,1.317242793655515
2021-08-31,89971,TPX,TEMPUR SEALY INTERNATIONAL INC,25,0.02,0.035124999999999997,0.2719113810691897,8522.06977,1.8721626491736492,1.4106904152478792
2021-08-31,90505,LVS,LAS VEGAS SANDS CORP,25,-0.02,0.053316,-0.3734960869057353,32354.9765,1.34066579431117,1.3799021441588841
2021-08-31,90808,EXPE,EXPEDIA GROUP INC,25,-0.02,-0.101808,-0.5449713818479149,23373.767519999998,1.6493467418346417,1.5804208675213895
2021-08-31,91041,LYV,LIVE NATION ENTERTAINMENT INC,50,-0.02,0.09895000000000001,-0.5157302495814352,17251.901869999998,1.273387586793142,1.5838150632458543
2021-08-31,91103,UAL,UNITED AIRLINES HOLDINGS INC,20,-0.02,-0.004543999999999999,-0.601039598177783,15119.199359999999,1.5253537279552931,1.7985696406786047
2021-08-31,91277,QRTEA,QURATE RETAIL INC,25,0.02,-0.070032,0.2797765058599073,4733.11252,1.8417905032110375,1.7848269778246961
2021-08-31,91500,EXLS,EXLSERVICE HOLDINGS INC,45,0.02,0.08756800000000001,0.4193435346338044,3756.0734999999995,0.9199723443822736,1.0563698244454431
2021-08-31,91531,OC,OWENS CORNING NEW,20,0.02,-0.006392999999999999,0.30800529533154225,9916.9808,1.4698926110889359,1.3557715705001094
2021-08-31,91926,DAL,DELTA AIR LINES INC,20,-0.02,0.013484999999999999,-0.4842697504185648,25532.6085,1.3663946705948904,1.6371660312354992
2021-08-31,92597,HI,HILLENBRAND INC,20,0.02,0.024675,0.305221352645719,3408.7344,1.507365148692849,1.4245634651956673
2021-08-31,93035,SEM,SELECT MEDICAL HOLDINGS CORP,35,0.02,-0.120584,0.25598645018105354,5319.39855,1.2983180770033145,1.4742587456515046
2021-08-31,93098,H,HYATT HOTELS CORP,25,-0.02,-0.078677,-0.5206946229023088,3286.6505,1.4610985828395724,1.5767887048449616
2021-08-31,93330,PRI,PRIMERICA INC,40,0.010000000000000009,0.049255,0.32348245921426627,5766.624360000001,1.4359000719639978,1.2814638554201347
2021-09-30,10158,AMRC,AMERESCO INC,20,-0.02,-0.155058,-0.4377679058530123,2308.8493500000004,0.5492418661064087,1.7575483561219096
2021-09-30,10874,BC,BRUNSWICK CORP,25,0.010000000000000009,-0.01655,0.2730106772659965,7507.32813,1.796986038681057,1.5313485033166032
2021-09-30,11691,MATX,MATSON INC,20,0.02,0.019419000000000002,0.36914503935780535,3440.7282,0.9478145011849138,1.2152183222035364
2021-09-30,11809,CLH,CLEAN HARBORS INC,20,0.02,0.012148,0.35936404021510404,5582.83586,1.6876142730681931,1.2849762184579527
2021-09-30,11995,COKE,COCA COLA CONSOLIDATED INC,30,0.010000000000000047,-0.029529,0.4838282285090796,2900.3885600000003,1.0010130912277673,0.6709984870447286
2021-09-30,12062,LH,LABORATORY CORP AMERICA HLDGS,35,0.02,-0.072352,0.28672745694022295,29336.846,0.9906461378870824,0.9122235767827922
2021-09-30,13201,REGI,RENEWABLE ENERGY GROUP INC,10,-0.02,0.036729000000000005,-0.40380718572207935,2432.3787,0.7870478746275243,1.5751585337466751
2021-09-30,13379,SPLK,SPLUNK INC,45,-0.02,-0.053412,-0.5315641805003508,24726.56963,1.2076641663182013,1.630170604360991
2021-09-30,13511,PANW,PALO ALTO NETWORKS INC,45,-0.02,0.038922,-0.42290156651858773,44859.192,1.3795776500217585,1.1864537977453635
2021-09-30,13688,PCG,P G & E CORP,55,-0.02,0.046859000000000005,-0.2738874600576728,18204.95341,1.3678416268409672,0.5087621447208864
2021-09-30,13748,TPH,TRI POINTE HOMES INC,25,0.02,-0.11572500000000001,0.31614839061647576,2704.76453,1.4292502397368143,1.7779035392149478
2021-09-30,13766,BCC,BOISE CASCADE CO,20,0.02,-0.06693,0.26607435118073425,2275.29835,1.9214218942750811,1.6978057330456062
2021-09-30,13802,APAM,ARTISAN PARTNERS ASSET MGMT INC,40,0.02,-0.05854,0.22069597069597066,3369.03444,1.7943928906809958,1.7016915782518864
2021-09-30,13837,EVTC,EVERTEC INC,45,0.02,-0.011493,0.4862052840776244,3328.6124999999997,0.9415704593324423,0.9010037182629956
2021-09-30,14054,MRTX,MIRATI THERAPEUTICS INC,35,-0.02,0.04227,-0.5379744369106071,8761.97179,1.4319415228563193,0.6761182731591383
2021-09-30,14136,RNG,RINGCENTRAL INC,45,-0.02,-0.137827,-0.4167835710388902,20535.982079999998,0.7021313993930154,1.1595275438921195
2021-09-30,14159,FEYE,FIREEYE INC,45,-0.011260629210941783,-0.021473,-0.542806484295846,4350.902480000001,1.0578942974454344,1.784763769765961
2021-09-30,14176,XLRN,ACCELERON PHARMA INC,35,-0.02,0.285447,-0.47950276673680925,8153.42588,0.37405372925738356,0.8088021519498372
2021-09-30,14262,SRNE,SORRENTO THERAPEUTICS INC,35,-0.02,-0.152255,-0.6444938040682722,2682.9,2.322046578607926,1.4087748658094423
2021-09-30,14273,CHGG,CHEGG INC,25,-0.02,-0.182681,-0.31100459823864085,12040.103159999999,0.9126421885326302,1.1521973110140284
2021-09-30,14593,AAPL,APPLE INC,45,0.02,-0.06807,0.24865559971942952,2509775.1037800005,1.1317164872823833,1.3303326671807467
2021-09-30,14596,FIVN,FIVE 9 INC,45,-0.02,0.00951,-0.34052295222507983,10716.9179,0.5117181331840008,1.0574402172878095
2021-09-30,14716,CCS,CENTURY COMMUNITIES INC,25,0.02,-0.12342800000000001,0.12820512820512817,2363.9121999999998,1.8910760843026233,2.058681788541482
2021-09-30,14782,TRUP,TRUPANION INC,40,-0.009999999999999995,-0.151922,-0.359052295222508,3684.7212999999997,1.8657926668012168,1.4826258615288317
2021-09-30,15108,NEWR,NEW RELIC INC,45,-0.02,-0.10257100000000001,-0.4993180578286961,5185.89456,0.8844097101532857,1.3868256309175893
2021-09-30,15534,NTRA,NATERA INC,35,-0.02,-0.059054999999999996,-0.5329280648429584,11106.72069,1.2851379451160696,1.3095472573298381
2021-09-30,15541,RPD,RAPID7 INC,45,-0.01853514175663085,-0.06998,-0.3660860416179565,6778.75016,1.2573794255987718,1.1945365563053196
2021-09-30,15546,Z,ZILLOW GROUP INC,50,-0.02,-0.07970300000000001,-0.5558802899228431,17812.16653,1.2980862016274772,1.8673341810451773
2021-09-30,15579,TXN,TEXAS INSTRUMENTS INC,45,0.02,0.006776,0.28653261631985033,176250.0211,0.9672449673727814,1.2594105843159882
2021-09-30,15585,TDOC,TELADOC HEALTH INC,35,-0.02,-0.12196900000000001,-0.40659340659340654,22998.596159999997,0.34429590761150247,0.8843683113852256
2021-09-30,16068,RETA,REATA PHARMACEUTICALS INC,35,-0.02,-0.055427,-0.5493531291403632,3351.23064,1.4605957794827176,1.3269970245198306
2021-09-30,16119,ATKR,ATKORE INC,20,0.02,-0.06309200000000001,0.23084716701737978,4276.97531,2.4654787205069706,1.6957938407918565
2021-09-30,16263,PTGX,PROTAGONIST THERAPEUTICS INC,35,-0.02,-0.6346719999999999,-0.4735016756293352,2306.2235,1.5451659977070369,0.9245720955687893
2021-09-30,16287,EVBG,EVERBRIDGE INC,45,-0.02,-0.037811,-0.39525368248772513,6025.293449999999,0.7967370701798763,1.0331397487880292
2021-09-30,16381,BL,BLACKLINE INC,45,-0.02,0.082094,-0.3236107863767438,6372.421899999999,0.9683813970421427,1.0277372904325472
2021-09-30,16382,COUP,COUPA SOFTWARE INC,45,-0.02,-0.104726,-0.5561335827293276,18113.98152,1.5394864214277773,1.3316733332200796
2021-09-30,16434,GOLF,ACUSHNET HOLDINGS CORP,25,0.02,-0.062157,0.5478138882394201,3692.34376,0.771723339819263,1.049558001388604
2021-09-30,16597,AYX,ALTERYX INC,45,-0.02,-0.011795,-0.4400280570493336,4399.88354,0.7299276350816903,1.4320489266958911
2021-09-30,16649,OKTA,OKTA INC,45,-0.02,-0.099654,-0.480399033590523,38911.314000000006,1.0028089364689556,1.1484933393109646
2021-09-30,16966,SWCH,SWITCH INC,45,-0.02,0.023345,-0.41713428415556075,3406.36338,0.6994004480545837,0.997218063446512
2021-09-30,17106,BAND,BANDWIDTH INC,50,-0.02,-0.12267600000000001,-0.25118852778427236,2381.6205,0.49294617546052116,0.9348375238988257
2021-09-30,17315,CDLX,CARDLYTICS INC,50,-0.02,-0.07538,-0.5874444704231937,2999.3712,2.3448968435493702,1.8974525384226466
2021-09-30,17341,ZS,ZSCALER INC,45,-0.02,-0.057948,-0.39383134595900554,38615.77823999999,0.9004862760978323,1.0817050607772507
2021-09-30,17907,NKLA,NIKOLA CORP,20,-0.02,0.022978000000000002,-0.40524900631283606,4153.78922,0.9372837408206672,0.9980914365883864
2021-09-30,18973,BRC,BRADY CORP,20,0.02,-0.049349,0.4660392798690672,2587.78492,0.8044282411591296,1.080295491736933
2021-09-30,20482,ABT,ABBOTT LABORATORIES,35,0.02,-0.065238,0.26965941859558884,224030.88429000002,0.6102861330461201,0.8701533523297179
2021-09-30,21020,AAL,AMERICAN AIRLINES GROUP INC,20,-0.02,0.029054,-0.5498402306912945,12910.31252,1.7077556941210568,1.6949758800178973
2021-09-30,22111,JNJ,JOHNSON & JOHNSON,35,0.02,-0.067208,0.3954874912321721,455761.60865999997,0.6461391469303783,0.5243203767837483
2021-09-30,24328,EQT,E Q T CORP,10,-0.02,0.11617,-0.5077351726287896,6929.03328,1.2664473782818833,0.9519422693043258
2021-09-30,29612,AIT,APPLIED INDUSTRIAL TECHS INC,20,0.02,0.01483,0.3051983477515393,3420.51715,1.4453676230350316,1.4348820091986627
2021-09-30,35991,ROG,ROGERS CORP,45,0.02,-0.12210800000000001,0.256994778271374,3978.22689,1.758057071720661,1.4490252672323924
2021-09-30,38659,GNTX,GENTEX CORP,25,0.02,0.07074599999999999,0.48616631595355003,7359.783200000001,0.9946237264588278,0.9512458248098957
2021-09-30,40272,IFF,INTERNATIONAL FLAVORS & FRAG INC,15,-0.02,-0.11214600000000001,-0.20084171148000932,37733.347499999996,0.8916905733553805,1.0712215014541218
2021-09-30,49429,DDS,DILLARDS INC,25,0.02,-0.093322,0.3000935234977788,3265.24624,0.8769742620555303,1.894847431384415
2021-09-30,56223,LPX,LOUISIANA PACIFIC CORP,15,0.02,-0.032662,0.2829475489049957,6041.1374399999995,1.7696120787307932,1.7829529111170335
2021-09-30,57808,VSH,VISHAY INTERTECHNOLOGY INC,45,0.02,-0.08144,0.3211752786220871,2915.66067,1.3593869618655325,1.4862855173094853
2021-09-30,58683,LUV,SOUTHWEST AIRLINES CO,20,-0.02,0.033113000000000004,-0.3525251344400281,29452.0881,1.1887360722168607,1.2924732015788998
2021-09-30,61313,DCI,DONALDSON INC,20,0.02,-0.152653,0.41666666666666663,8508.383749999999,1.2726819145476858,1.1476114267318929
2021-09-30,68196,SEIC,S E I INVESTMENTS CO,40,0.02,-0.055916,0.5284856986984646,8861.04637,1.0451007631024545,1.281832766707203
2021-09-30,76095,HOLX,HOLOGIC INC,35,0.02,-0.0675,0.2567999376510015,20063.49605,1.12331468464548,1.0985214371029264
2021-09-30,76573,MLI,MUELLER INDUSTRIES INC,20,0.02,-0.07600900000000001,0.3671576650300054,2549.63994,1.147801725119361,1.3184544609736484
2021-09-30,76795,ZBRA,ZEBRA TECHNOLOGIES CORP,45,0.02,-0.122229,0.295962902345881,31356.639509999997,1.5827096993948544,1.237256780272963
2021-09-30,77699,FCEL,FUELCELL ENERGY INC,20,-0.02,0.072082,-0.7020107552022445,2286.86016,4.356163762906128,2.0014454933658867
2021-09-30,77918,LFUS,LITTELFUSE INC,45,0.02,-0.042534999999999996,0.278894864001247,7025.6918,1.1434555439732321,1.2842342052636975
2021-09-30,78015,MTX,MINERALS TECHNOLOGIES INC,15,0.02,-0.111935,0.35312914036318294,2641.75352,1.398972402024155,1.4558569443770988
2021-09-30,79108,SANM,SANMINA CORP,45,0.02,-0.023843,0.3007754656690827,2569.9505999999997,1.093975626812563,1.0657389422446448
2021-09-30,81678,LECO,LINCOLN ELECTRIC HOLDINGS INC,20,0.02,-0.07397400000000001,0.400475411113709,8291.01907,1.1305452816262749,1.0718461311800107
2021-09-30,82581,HSIC,SCHEIN HENRY INC,35,0.02,0.007508,0.29833995791442597,10559.393870000002,0.7837130700769162,1.0440367226390617
2021-09-30,82651,WAT,WATERS CORP,35,0.02,-0.13703100000000001,0.2964694879588496,25405.50926,0.7268098865630662,0.8838397960915895
2021-09-30,82779,NVAX,NOVAVAX INC,35,-0.02,-0.13095400000000001,-0.5627386797599564,17767.41336,1.8198986033897653,1.0198715528946947
2021-09-30,82800,SCCO,SOUTHERN COPPER CORP,15,0.02,-0.10308500000000001,0.41025641025641024,48387.13979,1.0951506446892196,1.3194670018995316
2021-09-30,82924,JWA,WILEY JOHN & SONS INC,50,0.009999999999999995,-0.10141,0.32581248538695345,2720.0677,0.7091697218049285,1.1160308803973555
2021-09-30,83885,MVIS,MICROVISION INC WA,45,-0.00020422903242736952,-0.249863,-0.7225274725274725,2415.1308000000004,4.090745484581437,2.081738109498833
2021-09-30,84042,PAG,PENSKE AUTOMOTIVE GROUP INC,25,0.02,0.118615,0.41423115891200996,7223.98697,1.4981914038840478,1.4628880791278516
2021-09-30,84373,DGX,QUEST DIAGNOSTICS INC,35,0.02,-0.049238,0.37070376432078567,18672.92223,0.9888956595580504,0.7599846893957527
2021-09-30,85002,SRPT,SAREPTA THERAPEUTICS INC,35,-0.02,0.183787,-0.538344634089315,6237.4914,1.4229745125822837,1.3143277042496027
2021-09-30,85035,QRVO,QORVO INC,45,0.02,-0.110866,0.2734782947548905,20898.03026,1.3000961649567455,1.4718380046649782
2021-09-30,85427,GPI,GROUP 1 AUTOMOTIVE INC,25,0.02,0.135605,0.44185955888083545,2990.16256,1.902426080608273,1.7660890424523503
2021-09-30,85621,MTD,METTLER TOLEDO INTERNATIONAL INC,35,0.02,-0.11303300000000001,0.2919297015041696,35896.77111,0.9309014001827888,1.030444943908125
2021-09-30,86783,BKNG,BOOKING HOLDINGS INC,25,-0.02,0.032233000000000005,-0.37748421790974984,94424.4502,1.1854273482753697,1.6349658019493436
2021-09-30,87430,KTOS,KRATOS DEFENSE & SECUR SOLS INC,20,-0.009999999999999346,-0.097525,-0.33691840074818796,3064.24176,0.821959573887983,1.4675905803497162
2021-09-30,88351,INSM,INSMED INC,35,-0.02,-0.017865,-0.5752669316499104,3231.5258799999997,2.3335629983632273,1.2058198084603529
2021-09-30,88421,ARNA,ARENA PHARMACEUTICALS INC,35,-0.02,0.12525,-0.39217520068583894,3232.03608,0.5505210431601627,0.8977025433712588
2021-09-30,88504,BRKR,BRUKER CORP,35,0.02,-0.115648,0.26274257657236383,13336.576200000001,1.2216983370093328,1.0957895612622615
2021-09-30,89301,GME,GAMESTOP CORP NEW,25,-0.02,-0.19601000000000002,-0.3815563868755358,16764.1056,0.7900556440889093,1.2358227895166087
2021-09-30,89327,ABG,ASBURY AUTOMOTIVE GROUP INC,25,0.02,0.056346,0.2633855506195932,3602.06784,1.5758435446120342,1.6125833284775388
2021-09-30,89533,WYNN,WYNN RESORTS LTD,25,-0.02,-0.16661800000000002,-0.5236926194373003,11762.685679999999,2.3528426480070594,1.784571436843665
2021-09-30,89866,LKQ,L K Q CORP,25,0.02,-0.045013,0.43246824097887926,15484.273749999998,1.5550239579706708,1.2866348367047973
2021-09-30,89922,XPER,XPERI HOLDING CORP,45,0.02,-0.118423,0.35928610396695504,2238.9135300000003,0.7508588505788028,1.0821226486894777
2021-09-30,89971,TPX,TEMPUR SEALY INTERNATIONAL INC,25,0.02,0.038222,0.38473228898760814,8783.415900000002,1.8730123386634538,1.4108540426586254
2021-09-30,90215,CRM,SALESFORCE COM INC,45,-0.02,0.022397,-0.35911074740861976,257717.49782999998,1.0253582028504955,1.1345547903269624
2021-09-30,90312,WLK,WESTLAKE CHEMICAL CORP,15,0.010000000000000009,0.043356,0.27831034214012934,11193.9025,1.4403612150212584,1.4650482871456776
2021-09-30,90505,LVS,LAS VEGAS SANDS CORP,25,-0.02,-0.179589,-0.45386174109578364,34081.5939,1.343951323702514,1.3713608228264402
2021-09-30,90808,EXPE,EXPEDIA GROUP INC,25,-0.02,0.13422299999999998,-0.3752630348375029,20995.271999999997,1.6293855548049452,1.6054123545683017
2021-09-30,91103,UAL,UNITED AIRLINES HOLDINGS INC,20,-0.02,0.022758,-0.5914971553269426,15051.24063,1.5279286253458269,1.7276086719698887
2021-09-30,91413,EVR,EVERCORE INC,40,0.02,-0.042786,0.29272854804769693,5537.703479999999,1.6404138233133179,1.500380189082425
2021-09-30,91500,EXLS,EXLSERVICE HOLDINGS INC,45,0.02,-0.00019500000000000002,0.36637830254851533,4085.1694999999995,0.9285565014780455,1.0715244287443424
2021-09-30,91531,OC,OWENS CORNING NEW,20,0.02,-0.105214,0.3062115189774764,9854.0715,1.4680175765387182,1.369715204987754
2021-09-30,91926,DAL,DELTA AIR LINES INC,20,-0.02,0.053627,-0.49793468942405106,25878.162599999996,1.3618117025230427,1.5922829482002736
2021-09-30,92040,FOLD,AMICUS THERAPEUTICS INC,35,-0.02,-0.161578,-0.5321876704855428,3036.06145,1.137111969396903,1.3741694512375309
2021-09-30,92050,PODD,INSULET CORP,35,-0.010000000000000002,-0.045633,-0.43209804380017147,20511.36594,0.6460214517258818,1.1119228285971363
2021-09-30,92221,MELI,MERCADOLIBRE INC,25,-0.02,-0.100732,-0.37943262411347517,92834.6744,1.4828723495329275,1.5283591972151147
2021-09-30,93002,AVGO,BROADCOM INC,45,0.02,-0.01758,0.2629958693788481,204659.59136,0.9352367129338944,1.2749775659585492
2021-09-30,93035,SEM,SELECT MEDICAL HOLDINGS CORP,35,0.02,0.04625,0.2853635725976152,4652.29232,1.2814079372067635,1.482605533907969
2021-09-30,93098,H,HYATT HOTELS CORP,25,-0.02,0.047664000000000005,-0.3966565349544074,3029.9210700000003,1.4533802153758262,1.5313151878089217
2021-10-31,11691,MATX,MATSON INC,20,0.02,0.031805,0.4016802104188749,3507.6566,0.9249539212637228,1.2844229291128757
2021-10-31,11809,CLH,CLEAN HARBORS INC,20,0.017400585731300922,0.08343300000000001,0.32754288854865937,5650.83961,1.6468887567546313,1.3579397424959996
2021-10-31,11995,COKE,COCA COLA CONSOLIDATED INC,30,0.02,0.018928,0.4587013700781219,2814.83938,0.9964400698283714,0.7009605081295093
2021-10-31,12360,PACB,PACIFIC BIOSCIENCES CALIF INC,35,-0.0008647315614235783,0.036362,-0.6534762297334432,5634.97585,1.203377220908133,2.046894010404762
2021-10-31,12591,APO,APOLLO GLOBAL MANAGEMENT INC,40,-0.02,0.249354,-0.3361598555333098,14506.10793,1.4858106468596188,1.4581086602908104
2021-10-31,13046,UI,UBIQUITI INC,45,0.02,0.022932,0.350508381423468,18666.576330000004,1.3860680218101362,1.2393119471767395
2021-10-31,13379,SPLK,SPLUNK INC,45,-0.02,0.138931,-0.5208456012248263,23377.32166,1.210136364138387,1.746558266088281
2021-10-31,13688,PCG,P G & E CORP,55,-0.02,0.20829599999999998,-0.25489734228398697,19058.620799999997,1.3082209892497938,0.5424698468869976
2021-10-31,13748,TPH,TRI POINTE HOMES INC,25,0.02,0.150772,0.3198092097515016,2391.84478,1.4491180574195668,1.8507311434332194
2021-10-31,13766,BCC,BOISE CASCADE CO,20,0.02,0.04887,0.31490205315432035,2123.08738,1.90947802029576,1.768815483837817
2021-10-31,13802,APAM,ARTISAN PARTNERS ASSET MGMT INC,40,0.010000000000000009,0.012636999999999999,0.2190750991245633,3171.92388,1.7885755362159441,1.8208411747817737
2021-10-31,13837,EVTC,EVERTEC INC,45,0.02,-0.010098000000000001,0.5515644015231814,3290.4683999999997,0.9293842776267028,0.9669872677353165
2021-10-31,14054,MRTX,MIRATI THERAPEUTICS INC,35,-0.02,0.068416,-0.5425352333843677,9158.099970000001,1.4342584700127312,0.7064122167503812
2021-10-31,14136,RNG,RINGCENTRAL INC,45,-0.02,0.12079100000000001,-0.42849291406587364,17706.24,0.7699951208829823,1.1964873215972487
2021-10-31,14176,XLRN,ACCELERON PHARMA INC,35,-0.02,0.012048999999999999,-0.6025792015074785,10520.6451,0.26722752594129257,0.8641050667784929
2021-10-31,14262,SRNE,SORRENTO THERAPEUTICS INC,35,-0.02,-0.100954,-0.6160836964629216,2315.4532099999997,2.3696871094852052,1.4284481096736226
2021-10-31,14273,CHGG,CHEGG INC,25,-0.02,-0.126176,-0.28312330703097405,9840.99756,0.9940035735580185,1.2240381021262623
2021-10-31,14432,ITCI,INTRA CELLULAR THERAPIES INC,35,-0.02,0.155274,-0.34876143367487156,3033.73456,1.1525123495502585,0.7101285806662653
2021-10-31,14593,AAPL,APPLE INC,45,0.02,0.05862,0.29370313665449693,2324390.219,1.151889011143478,1.3027220524818635
2021-10-31,14596,FIVN,FIVE 9 INC,45,-0.02,-0.010867,-0.35033172378596944,10867.751160000002,0.5152002381362993,1.122839287952382
2021-10-31,14716,CCS,CENTURY COMMUNITIES INC,25,0.02,0.091257,0.13557492246692576,2072.2169000000004,1.9191979490648352,2.1623630328757586
2021-10-31,15067,FRPT,FRESHPET INC,30,-0.02,0.092611,-0.3930043575550583,6191.3191,0.6368205226754122,1.2247027931513947
2021-10-31,15108,NEWR,NEW RELIC INC,45,-0.02,0.130798,-0.42421387351313156,4654.14096,0.9194874068983788,1.486098327456715
2021-10-31,15351,FTAI,FORTRESS TRANS AND INFR INV LLC,20,-0.02,0.028726,-0.3651120794566796,2478.12858,1.9006745511373089,1.5246836379785702
2021-10-31,15534,NTRA,NATERA INC,35,-0.02,0.028050000000000002,-0.5317787461233462,10535.31472,1.3106521720618403,1.4246722134031176
2021-10-31,15546,Z,ZILLOW GROUP INC,50,-0.02,0.175706,-0.5459898716287834,16499.01474,1.3151868015067056,1.9979111272455006
2021-10-31,15579,TXN,TEXAS INSTRUMENTS INC,45,0.019135268438575777,-0.018663,0.27913869587406276,177489.59715,0.948425432400959,1.3250391095878122
2021-10-31,15585,TDOC,TELADOC HEALTH INC,35,-0.02,0.17960199999999998,-0.439975660503278,20194.23888,0.40814063564085185,0.9325550148265305
2021-10-31,16044,NGVT,INGEVITY CORP,15,0.02,0.091598,0.3070113453460527,2820.5424000000003,2.1266500311520553,1.6646764063720199
2021-10-31,16068,RETA,REATA PHARMACEUTICALS INC,35,-0.02,-0.045758,-0.5328779492011149,3166.3979200000003,1.5029470302586343,1.4832556260216594
2021-10-31,16119,ATKR,ATKORE INC,20,0.02,0.08751500000000001,0.2507949593687434,4007.2727600000003,2.451639204510614,1.8795898075602748
2021-10-31,16140,TWLO,TWILIO INC,45,-0.02,-0.086826,-0.4716366348682919,53259.33555,1.554321047754145,1.6469372453967281
2021-10-31,16287,EVBG,EVERBRIDGE INC,45,-0.02,0.054716999999999995,-0.3816590115023751,5822.44096,0.8198946544503475,1.0778000791678635
2021-10-31,16381,BL,BLACKLINE INC,45,-0.02,0.074586,-0.36897891885525846,6924.8093,0.9206671272048774,1.0687149039280017
2021-10-31,16382,COUP,COUPA SOFTWARE INC,45,-0.02,0.038834999999999995,-0.5072822203902171,16217.566560000001,1.5658420997886922,1.4127910667315415
2021-10-31,16434,GOLF,ACUSHNET HOLDINGS CORP,25,0.02,0.090755,0.5747654379146547,3451.4102000000003,0.7891508422737215,1.1651973132688043
2021-10-31,16649,OKTA,OKTA INC,45,-0.02,0.041422999999999995,-0.366230911160837,34047.13502,1.0465441676246636,1.2142071327857888
2021-10-31,16655,CVNA,CARVANA CO,25,-0.02,0.0054020000000000006,-0.44191889451576183,25480.73308,2.3612349179706342,1.7610994350385325
2021-10-31,16966,SWCH,SWITCH INC,45,-0.02,-0.004369,-0.3262473992070035,3485.99622,0.6744166312852509,1.0538991842719874
2021-10-31,16968,MDB,MONGODB INC,45,-0.02,0.10553900000000001,-0.460624975464217,31203.58878,0.7256431788381859,1.5798675512345983
2021-10-31,17038,SFIX,STITCH FIX INC,25,-0.02,-0.13395400000000002,-0.4294154595061438,3168.4345000000003,2.157695326029995,1.8127613540915213
2021-10-31,17106,BAND,BANDWIDTH INC,50,-0.02,-0.055420000000000004,-0.3154123974404271,2091.3361999999997,0.5557515941724068,0.9974013897698047
2021-10-31,17315,CDLX,CARDLYTICS INC,50,-0.009135268438575808,-0.062939,-0.5602009971342206,2782.9467600000003,2.354360879261235,2.0323127965911922
2021-10-31,17341,ZS,ZSCALER INC,45,-0.02,0.215965,-0.348290346641542,36379.35392,0.9333001261584517,1.136239767628062
2021-10-31,17907,NKLA,NIKOLA CORP,20,-0.02,0.105867,-0.39039375024535783,4313.94502,0.9246093218642517,0.9495223003537643
2021-10-31,18135,GH,GUARDANT HEALTH INC,35,-0.02,-0.06579199999999999,-0.47303026734189135,12703.891230000001,0.5647120969164625,1.0829008509089475
2021-10-31,20204,CR,CRANE CO,20,0.02,0.0893,0.26916735366859024,5537.7572900000005,1.6150187277996773,1.6147044304220821
2021-10-31,21020,AAL,AMERICAN AIRLINES GROUP INC,20,-0.02,-0.06436499999999999,-0.5512110862481844,13286.22804,1.6526205975487265,1.8222256303507216
2021-10-31,21792,CNP,CENTERPOINT ENERGY INC,55,-0.02,0.058499999999999996,-0.3697836925371963,15469.1442,0.89909314403801,1.0956280709025668
2021-10-31,21936,PFE,PFIZER INC,35,0.02,0.016936,0.31362619243905315,241143.65088,0.6819342894044961,0.8265056065623594
2021-10-31,22111,JNJ,JOHNSON & JOHNSON,35,0.02,0.008508,0.4046441330035724,425145.843,0.6625326811958183,0.5472521911928597
2021-10-31,24328,EQT,E Q T CORP,10,-0.02,-0.026919,-0.5346445255761002,7732.775160000001,1.1853062010181143,1.0532806724503205
2021-10-31,29612,AIT,APPLIED INDUSTRIAL TECHS INC,20,0.02,0.081512,0.2997880108350018,3472.8891599999997,1.4071941213094512,1.5175182651050463
2021-10-31,35991,ROG,ROGERS CORP,45,0.02,0.07847,0.2896596396184195,3492.5839199999996,1.7877976353255518,1.5475763157640912
2021-10-31,38659,GNTX,GENTEX CORP,25,0.02,0.07674700000000001,0.47114591920857374,7800.924299999999,0.9417164442743025,0.9825559914707681
2021-10-31,40272,IFF,INTERNATIONAL FLAVORS & FRAG INC,15,-0.009999999999999995,0.10264000000000001,-0.20417697169552076,34035.083,0.9250962334951778,1.1673927008510063
2021-10-31,44943,DIOD,DIODES INC,45,0.02,0.060676,0.29678483099752684,4077.99944,1.1024509162877603,1.6456744783230373
2021-10-31,49429,DDS,DILLARDS INC,25,0.02,0.33975,0.3004750127586072,2868.49004,0.9123865622920031,2.0668308805035345
2021-10-31,56223,LPX,LOUISIANA PACIFIC CORP,15,0.02,-0.039796000000000005,0.31865112079456676,5844.01962,1.7473092568219735,1.8713818331492391
2021-10-31,57808,VSH,VISHAY INTERTECHNOLOGY INC,45,0.02,-0.043342000000000006,0.340144466690221,2666.16399,1.3668274047113549,1.5586354740142547
2021-10-31,58683,LUV,SOUTHWEST AIRLINES CO,20,-0.02,-0.080729,-0.33062458289168933,30428.302349999998,1.1528798907845035,1.3563623994535685
2021-10-31,62148,CSX,C S X CORP,20,0.02,0.21617,0.4363443646213638,65962.81442,1.1326125570618195,1.0438623065208288
2021-10-31,63765,SWN,SOUTHWESTERN ENERGY CO,10,-0.02,-0.119171,-0.37190358418717856,5622.9892,1.322761872934074,0.9043404872295753
2021-10-31,68196,SEIC,S E I INVESTMENTS CO,40,0.02,0.063032,0.48932202724453344,8260.7865,1.0461000335121697,1.393539302884034
2021-10-31,76095,HOLX,HOLOGIC INC,35,0.02,-0.006810999999999999,0.22959604286892002,18722.12793,1.1323598095164766,1.1401796120585768
2021-10-31,76392,MMSI,MERIT MEDICAL SYSTEMS INC,35,0.02,-0.06326799999999999,0.3145094806265458,4053.2535999999996,1.1785693953796148,0.9654728342846974
2021-10-31,76795,ZBRA,ZEBRA TECHNOLOGIES CORP,45,0.02,0.035913999999999995,0.34342244729713817,27524.974259999995,1.6124990748088066,1.2694980774317914
2021-10-31,77699,FCEL,FUELCELL ENERGY INC,20,-0.02,0.19428299999999998,-0.6357908373572017,2452.64766,4.246837933775062,2.1655007175877143
2021-10-31,80575,SSD,SIMPSON MANUFACTURING CO INC,20,0.02,-0.006000999999999999,0.39789188552585086,4646.7768,1.1952210968386172,1.1227099188661986
2021-10-31,81073,UHAL,AMERCO,20,0.02,0.14154999999999998,0.44698308012405297,12667.35624,0.817618827925992,1.0264480622811958
2021-10-31,81678,LECO,LINCOLN ELECTRIC HOLDINGS INC,20,0.02,0.10563900000000001,0.39824520080084796,7604.79192,1.1407530681042555,1.1335726179650483
2021-10-31,82307,DVA,DAVITA INC,35,0.010864731561423573,-0.112027,0.27097318729635295,12184.048,1.2518562723911164,0.965456875020605
2021-10-31,82581,HSIC,SCHEIN HENRY INC,35,0.02,0.0024579999999999997,0.27501668433243043,10596.1408,0.7622000332129178,1.1123325026047888
2021-10-31,82779,NVAX,NOVAVAX INC,35,-0.02,-0.282127,-0.574451379892435,15634.49096,1.8035569901000286,1.1974142188658847
2021-10-31,82800,SCCO,SOUTHERN COPPER CORP,15,0.02,0.068542,0.3898834059592509,43400.76734,1.1233644617575997,1.4408554599159387
2021-10-31,84042,PAG,PENSKE AUTOMOTIVE GROUP INC,25,0.02,0.054138,0.32746437404310447,8081.097399999999,1.420170694669033,1.617279169534954
2021-10-31,84373,DGX,QUEST DIAGNOSTICS INC,35,0.02,0.014513,0.38807757233148826,17754.12111,0.9939590664174909,0.7795378621191046
2021-10-31,85035,QRVO,QORVO INC,45,0.02,0.006183,0.2876575197267695,18581.83098,1.3237014017121569,1.4949746313967707
2021-10-31,85427,GPI,GROUP 1 AUTOMOTIVE INC,25,0.02,-0.043043000000000005,0.37359164605660894,3395.74312,1.8107563319488402,1.8884424289556379
2021-10-31,85621,MTD,METTLER TOLEDO INTERNATIONAL INC,35,0.02,0.07512100000000001,0.2868723746712205,31840.431119999997,0.9708918215906823,1.1249919038420657
2021-10-31,85863,COLM,COLUMBIA SPORTSWEAR CO,25,0.010000000000000009,0.08343600000000001,0.3258940839320065,6277.61584,0.8502612901374501,1.4505841696413733
2021-10-31,86594,KFY,KORN FERRY,20,0.02,0.066989,0.28078750049071566,3944.05416,1.5730718144044973,1.5885229796944234
2021-10-31,87034,LII,LENNOX INTERNATIONAL INC,20,0.012599414268699087,0.017334000000000002,0.4130059278451694,10933.41639,0.8205449139843973,1.0647499431767893
2021-10-31,87337,PLUG,PLUG POWER INC,20,-0.02,0.498397,-0.6537510305028855,14712.189299999998,1.617923161893273,2.6171513162203217
2021-10-31,88351,INSM,INSMED INC,35,-0.02,0.094734,-0.5740195501118832,3259.4967,2.3082763111281475,1.3005272759078494
2021-10-31,88421,ARNA,ARENA PHARMACEUTICALS INC,35,-0.02,-0.036309,-0.38195344089820604,3649.2239999999997,0.5018178983319985,0.9731378507387578
2021-10-31,88504,BRKR,BRUKER CORP,35,0.02,0.028132,0.21734778000235547,11847.0671,1.253949743945738,1.1961257910740133
2021-10-31,89301,GME,GAMESTOP CORP NEW,25,-0.02,0.045783,-0.5331920072233346,13421.87577,0.896323048513408,1.3647339970798325
2021-10-31,89533,WYNN,WYNN RESORTS LTD,25,-0.02,0.05955,-0.5267145605150552,9802.100250000001,2.382254941366919,1.989034662069496
2021-10-31,89866,LKQ,L K Q CORP,25,0.02,0.094558,0.42293801279786436,14705.718080000002,1.5388958536854271,1.3187475567546485
2021-10-31,89971,TPX,TEMPUR SEALY INTERNATIONAL INC,25,0.02,-0.041838,0.3459545401012837,9119.42577,1.7940110126913575,1.4940070883145216
2021-10-31,90215,CRM,SALESFORCE COM INC,45,-0.02,0.104933,-0.40454598987162876,265524.38,0.9893946307372149,1.2012327692354825
2021-10-31,90319,GOOGL,ALPHABET INC,50,0.02,0.107462,0.29637262984336354,804197.48952,0.939125227766872,1.2616551253124801
2021-10-31,90505,LVS,LAS VEGAS SANDS CORP,25,-0.02,0.060346,-0.46798571035998904,27962.034,1.4069601920957846,1.5459191593689636
2021-10-31,91103,UAL,UNITED AIRLINES HOLDINGS INC,20,-0.02,-0.030098,-0.5930200604561693,15403.49899,1.4857440120921706,1.8288768829133477
2021-10-31,91413,EVR,EVERCORE INC,40,0.02,0.135895,0.3534723040081655,5300.951189999999,1.628084831154285,1.587054288212763
2021-10-31,91500,EXLS,EXLSERVICE HOLDINGS INC,45,0.02,-0.004017,0.42148549444509875,4105.31328,0.90951536453919,1.0254315773860885
2021-10-31,91733,AVAV,AEROVIRONMENT INC,20,-0.02,0.032284999999999994,-0.3527067875790052,2141.68552,0.45443314392122985,1.445010259961997
2021-10-31,91926,DAL,DELTA AIR LINES INC,20,-0.02,-0.08170799999999999,-0.4876143367487143,27266.77815,1.3131920504991017,1.663497653311116
2021-10-31,92040,FOLD,AMICUS THERAPEUTICS INC,35,-0.02,0.099439,-0.5184509088054018,2660.48675,1.1970540714555749,1.481690834256515
2021-10-31,92871,VRTS,VIRTUS INVESTMENT PARTNERS INC,40,0.02,0.036127,0.26522199976445643,2354.70816,1.513492037201234,1.72544264691392
2021-10-31,93002,AVGO,BROADCOM INC,45,0.02,0.096348,0.3222431594237035,199604.94688,0.9287597829629599,1.2997104293155055
2021-10-31,93035,SEM,SELECT MEDICAL HOLDINGS CORP,35,0.02,-0.081596,0.307345031994661,4867.61392,1.2493987595963836,1.5678817609829376
2021-10-31,93098,H,HYATT HOTELS CORP,25,-0.02,0.105021,-0.4135751580104424,3860.2427999999995,1.392883704290265,1.589166525145336
2021-11-30,10517,PRG,PROG HOLDINGS INC,40,0.02,0.115407,0.3158160490950051,2689.925,1.8923490966781573,1.5932852211004669
2021-11-30,11691,MATX,MATSON INC,20,0.02,-0.017863999999999998,0.36302726637147525,3619.3488,0.9161013330676905,1.2747786023465915
2021-11-30,11809,CLH,CLEAN HARBORS INC,20,0.02,-0.098676,0.35791967684300474,6122.513620000001,1.6466363895072107,1.4026812553570789
2021-11-30,11995,COKE,COCA COLA CONSOLIDATED INC,30,0.02,0.421406,0.5198477433387712,2866.3974,0.9653831060256368,0.747016877443059
2021-11-30,12591,APO,APOLLO GLOBAL MANAGEMENT INC,40,-0.02,-0.074126,-0.3968189233278956,18123.80265,1.5535462138140508,1.5252982804519342
2021-11-30,13046,UI,UBIQUITI INC,45,0.009543874429178407,-0.018545,0.2885885186048318,19084.01486,1.349425679127926,1.3188759456682717
2021-11-30,13262,CCXI,CHEMOCENTRYX INC,35,-0.02,0.042185,-0.5708459566534608,2437.7791100000004,1.8331611149213725,1.52294037956702
2021-11-30,13305,ZWS,ZURN WATER SOLUTIONS CORP,20,-0.02,-0.033179,-0.38487532043812633,4402.5779999999995,1.33117111367011,1.711178077291951
2021-11-30,13688,PCG,P G & E CORP,55,-0.02,0.024094,-0.20595432300163133,23029.1668,1.3885221457209886,0.5919058648318756
2021-11-30,13748,TPH,TRI POINTE HOMES INC,25,0.02,0.032201,0.2799658199331935,2688.4282200000002,1.4333848669270666,1.896326808196277
2021-11-30,13766,BCC,BOISE CASCADE CO,20,0.02,0.20006200000000002,0.29076361376524507,2226.92122,1.8248907403371253,1.9184224825082683
2021-11-30,13788,ZTS,ZOETIS INC,35,0.02,0.026968000000000002,0.26283694554493897,102466.6928,0.6043615442772864,1.0305569197255382
2021-11-30,14054,MRTX,MIRATI THERAPEUTICS INC,35,-0.02,-0.27647,-0.5313252544084518,9784.998340000002,1.3264429013976229,0.7127206302441867
2021-11-30,14136,RNG,RINGCENTRAL INC,45,-0.02,-0.114081,-0.43523265750019424,19845.64224,0.7452197634191926,1.2960078217869557
2021-11-30,14176,XLRN,ACCELERON PHARMA INC,35,-0.02,0.03337,-0.43855356171832505,10647.79758,0.18173399008380697,0.8673262871168945
2021-11-30,14262,SRNE,SORRENTO THERAPEUTICS INC,35,-0.02,-0.131239,-0.6256117455138662,2101.4649600000002,2.1925240811435316,1.479496199897178
2021-11-30,14295,TWTR,TWITTER INC,50,-0.02,-0.17934899999999998,-0.38223413345762447,42811.1194,0.7104501505381015,1.4152918874097327
2021-11-30,14432,ITCI,INTRA CELLULAR THERAPIES INC,35,-0.02,-0.060179,-0.30579507496310104,3504.90739,1.114170177007918,0.7354297620196468
2021-11-30,14596,FIVN,FIVE 9 INC,45,-0.02,-0.099278,-0.3359939408063388,10752.42249,0.4505868944858798,1.2100994966714786
2021-11-30,14813,MARA,MARATHON DIGITAL HOLDINGS INC,45,-0.01024438809284741,-0.022441,-0.6127553794764236,5354.96568,5.474433291722679,2.6013245366721134
2021-11-30,15067,FRPT,FRESHPET INC,30,-0.02,-0.307208,-0.38932261322147127,6764.9349,0.6267332947492966,1.3426247499004336
2021-11-30,15108,NEWR,NEW RELIC INC,45,-0.02,0.36553,-0.45061368756311654,5263.063679999999,0.9356438326551136,1.581458569578188
2021-11-30,15284,BPMC,BLUEPRINT MEDICINES CORP,35,-0.02,-0.14485699999999999,-0.49998057950749625,6618.6866199999995,0.7314776262109044,1.1351032006262116
2021-11-30,15534,NTRA,NATERA INC,35,-0.010000000000000002,-0.201755,-0.46447991921075127,10831.218659999999,1.2041378859227143,1.5112333697323537
2021-11-30,15546,Z,ZILLOW GROUP INC,50,-0.02,-0.476354,-0.5599704808513944,19400.77956,1.346875859223838,2.161079088027298
2021-11-30,15579,TXN,TEXAS INSTRUMENTS INC,45,0.02,0.026039,0.2708381884564593,173142.65447999997,0.9196782558051803,1.398558637956344
2021-11-30,15585,TDOC,TELADOC HEALTH INC,35,-0.02,-0.323194,-0.4207838110774489,22480.53479,0.4158985944458012,0.9830100282838845
2021-11-30,15638,GBT,GLOBAL BLOOD THERAPEUTICS INC,35,-0.02,-0.22622099999999998,-0.5321991765711178,2353.5314,1.1231288747961983,1.6326147498229144
2021-11-30,16019,RRR,RED ROCK RESORTS INC,25,0.02,-0.07152800000000001,0.29806571894663253,3737.74936,2.330198299464159,1.7917941582717887
2021-11-30,16064,NTLA,INTELLIA THERAPEUTICS INC,35,-0.02,-0.135177,-0.8165151868251378,9896.238619999998,2.130465206077797,2.7845838245747014
2021-11-30,16119,ATKR,ATKORE INC,20,0.02,0.126582,0.25332090421813097,4358.1165900000005,2.4342547318701486,2.0090504024505895
2021-11-30,16140,TWLO,TWILIO INC,45,-0.02,-0.017925999999999997,-0.5542802765478133,49079.30064000001,1.3432589221939257,1.7579866742558583
2021-11-30,16287,EVBG,EVERBRIDGE INC,45,-0.02,-0.288099,-0.3828555892177425,6141.24119,0.7671120476231336,1.0998850796499386
2021-11-30,16381,BL,BLACKLINE INC,45,-0.02,-0.132621,-0.2640992775576789,7441.559850000001,0.907158053802125,1.0754903940140763
2021-11-30,16382,COUP,COUPA SOFTWARE INC,45,-0.02,-0.13636399999999999,-0.523673580361998,16989.6078,1.4669858730743521,1.537544401084759
2021-11-30,16434,GOLF,ACUSHNET HOLDINGS CORP,25,0.02,0.067486,0.5432494368057175,3764.77164,0.7945531033491402,1.249929196644092
2021-11-30,16554,JELD,JELD WEN HOLDING INC,20,0.02,-0.11606,0.250563194282607,2524.92697,2.3929212958504253,1.9859737643822908
2021-11-30,16597,AYX,ALTERYX INC,45,-0.02,-0.09186,-0.37030995106035886,4353.48758,0.7031869788308684,1.43024484340381
2021-11-30,16649,OKTA,OKTA INC,45,-0.02,-0.129302,-0.39423599782490487,36693.37664,1.0202478242849635,1.3015293741933371
2021-11-30,16655,CVNA,CARVANA CO,25,-0.02,-0.075115,-0.4053639400295191,25619.31636,2.2778164040187,1.7862604298586588
2021-11-30,16968,MDB,MONGODB INC,45,-0.009299486336331,-0.04453,-0.4155596985939563,34778.90493,0.7254583715412806,1.7052020559631398
2021-11-30,17038,SFIX,STITCH FIX INC,25,-0.00045612557082094773,-0.280391,-0.3854190942282297,2878.5124,2.0358210461084747,1.921370646967529
2021-11-30,17126,NMRK,NEWMARK GROUP INC,60,0.02,0.079897,0.3017167715373262,2840.45808,1.7404019766721015,1.89026079881082
2021-11-30,17341,ZS,ZSCALER INC,45,-0.02,0.088114,-0.3311970791579274,44650.603520000004,0.9786202869626838,1.2238203930087626
2021-11-30,17907,NKLA,NIKOLA CORP,20,-0.02,-0.13394199999999998,-0.3764856676765322,4770.8108,0.9278894624507508,0.9750330951818061
2021-11-30,18134,UPWK,UPWORK INC,20,-0.02,-0.20929699999999998,-0.429231725316554,6042.38608,1.966617214103415,1.9535813023780437
2021-11-30,18135,GH,GUARDANT HEALTH INC,35,-0.02,-0.099967,-0.5176143867008467,11872.404240000002,0.5028998867485942,1.2099378756792654
2021-11-30,18184,FSR,FISKER INC,25,-0.02,0.332666,-0.4230948496853881,2628.10725,0.9845522413710319,0.7795711307400136
2021-11-30,18190,AXNX,AXONICS INC,35,-0.02,-0.258258,-0.42010409383981984,3393.0976499999997,0.23283755973316214,1.2936303514948735
2021-11-30,20482,ABT,ABBOTT LABORATORIES,35,0.02,-0.024250999999999998,0.28618037753437425,228498.38312999997,0.6314658268206219,0.9272046629147782
2021-11-30,21020,AAL,AMERICAN AIRLINES GROUP INC,20,-0.02,-0.07869,-0.47469509826769213,12432.287999999999,1.6407575394680483,1.898825718913993
2021-11-30,21792,CNP,CENTERPOINT ENERGY INC,55,-0.02,0.001299,-0.314689660529791,16374.655079999999,0.9030904334930907,1.12989712069717
2021-11-30,21936,PFE,PFIZER INC,35,0.02,0.23927600000000002,0.33912064009943294,245236.53312,0.6571822961332169,0.8474720441174978
2021-11-30,22103,EMR,EMERSON ELECTRIC CO,20,0.02,-0.089764,0.3379554105492115,57992.578,1.4707878249984276,1.3896885654179116
2021-11-30,24328,EQT,E Q T CORP,10,-0.02,-0.024152999999999997,-0.6027538258370232,7524.9645900000005,1.1335655673940586,1.1208472826929103
2021-11-30,35991,ROG,ROGERS CORP,45,0.02,0.35546500000000003,0.33993630078458786,3766.77648,1.7515013189881097,1.4546734569938171
2021-11-30,40272,IFF,INTERNATIONAL FLAVORS & FRAG INC,15,-0.02,-0.035853,-0.25802066340402396,37529.71125,0.9293946617629144,1.2334636215284904
2021-11-30,44943,DIOD,DIODES INC,45,0.02,0.10673099999999999,0.32610891012196064,4325.77962,1.086682330893507,1.7461878578551895
2021-11-30,49429,DDS,DILLARDS INC,25,0.02,0.23711300000000002,0.31265050881690365,3843.1647799999996,1.0097885321152071,2.044193351863762
2021-11-30,50017,RRC,RANGE RESOURCES CORP,10,-0.02,-0.16127899999999998,-0.32948807581760275,6058.419400000001,2.283805153961666,1.3909948974696515
2021-11-30,56223,LPX,LOUISIANA PACIFIC CORP,15,0.02,0.111937,0.3161850384525752,5611.66818,1.6872369548738517,1.9872111678991131
2021-11-30,57808,VSH,VISHAY INTERTECHNOLOGY INC,45,0.02,0.059789999999999996,0.42732851705119235,2550.7054200000002,1.327364871000091,1.5621707938602236
2021-11-30,61313,DCI,DONALDSON INC,20,0.02,-0.059701000000000004,0.4483803309251923,7416.93595,1.3040560256338316,1.2011947616560688
2021-11-30,65541,COO,COOPER COMPANIES INC,35,0.02,-0.097065,0.2875398120096326,20555.82368,0.7640736321533118,0.9479293924001583
2021-11-30,68196,SEIC,S E I INVESTMENTS CO,40,0.02,-0.054137000000000005,0.46368367901809976,8791.11712,1.0471713484369165,1.4256603383475834
2021-11-30,69649,RJF,RAYMOND JAMES FINANCIAL INC,40,0.010000000000000009,-0.0030870000000000003,0.32572050027188687,20288.34315,1.1991707863133807,1.3318709925879793
2021-11-30,70228,TOL,TOLL BROTHERS INC,25,0.010456125570820957,0.054800999999999996,0.2706439835314223,7323.7118900000005,1.5146956122880282,1.6879008430802087
2021-11-30,75573,ODP,O D P CORP,25,0.02,-0.127989,0.2674978637458246,2233.1108999999997,2.1570270984525415,1.9681743141045884
2021-11-30,76095,HOLX,HOLOGIC INC,35,0.02,0.019326,0.24955332867241517,18595.30143,1.0871872498832527,1.200078603900934
2021-11-30,76709,IDXX,I D E X X LABORATORIES INC,35,0.02,-0.087218,0.266721044045677,56484.67516,0.8850137491230788,1.2236115760184423
2021-11-30,76795,ZBRA,ZEBRA TECHNOLOGIES CORP,45,0.02,0.102644,0.349199875708848,28534.821950000005,1.56787191623222,1.329208601818332
2021-11-30,77699,FCEL,FUELCELL ENERGY INC,20,-0.02,0.086314,-0.6022683135244311,2929.2858100000003,4.121178502374965,2.3208451681316244
2021-11-30,80864,RS,RELIANCE STEEL & ALUMINUM CO,15,0.02,0.021214,0.34914161423133694,9278.67528,0.959868971178587,1.3740158365884463
2021-11-30,81073,UHAL,AMERCO,20,0.02,-0.044047,0.3903324788316632,14450.89992,0.8547160047031769,1.1115193704346782
2021-11-30,82179,IART,INTEGRA LIFESCIENCES HLDNGS CORP,35,0.02,-0.037811000000000004,0.289326497319972,5629.161999999999,1.1616538056262273,1.212598173929944
2021-11-30,82581,HSIC,SCHEIN HENRY INC,35,0.02,-0.06933,0.30474636836790175,10587.7599,0.7279064983776822,1.1384403067545572
2021-11-30,82634,SAM,BOSTON BEER INC,30,-0.02,-0.083926,-0.38806028120873154,5025.265920000001,0.7110313694803652,1.0085459300843822
2021-11-30,82651,WAT,WATERS CORP,35,0.02,-0.107458,0.33519770061368753,22553.97065,0.7353555901397333,1.0029119195178726
2021-11-30,82779,NVAX,NOVAVAX INC,35,-0.02,0.40175700000000003,-0.5283539190553873,11252.738640000001,1.5343002862216868,1.236051703695432
2021-11-30,82800,SCCO,SOUTHERN COPPER CORP,15,0.010000000000000009,-0.00858,0.2639244931251457,46377.12919,1.147767867335469,1.574631707740434
2021-11-30,83011,WSM,WILLIAMS SONOMA INC,25,0.02,0.049006,0.3061058028431601,13811.997179999998,1.6031675589381467,1.590338027355428
2021-11-30,84042,PAG,PENSKE AUTOMOTIVE GROUP INC,25,0.02,-0.056780000000000004,0.2730132836168725,8303.18475,1.3932113559605,1.7332098102912492
2021-11-30,85002,SRPT,SAREPTA THERAPEUTICS INC,35,-0.02,0.021187,-0.5398508506175717,6890.403009999999,1.2482660862928316,1.708018467637562
2021-11-30,85035,QRVO,QORVO INC,45,0.02,-0.130817,0.32346772314145894,18542.81529,1.2959593977479882,1.556097439654493
2021-11-30,85427,GPI,GROUP 1 AUTOMOTIVE INC,25,0.02,0.085051,0.24128019886584326,3249.7052000000003,1.739881373402555,1.8437837189798132
2021-11-30,85621,MTD,METTLER TOLEDO INTERNATIONAL INC,35,0.02,0.022409000000000002,0.3475491338460343,34233.502960000005,0.9647087815799678,1.1886730034597575
2021-11-30,86594,KFY,KORN FERRY,20,0.02,-0.057938,0.2884719956498097,4208.408259999999,1.5555879247315647,1.6732017983168146
2021-11-30,87337,PLUG,PLUG POWER INC,20,-0.009999999999999995,0.041242,-0.6408956731142702,22045.242150000002,1.7183679522961588,2.7737275024903005
2021-11-30,88351,INSM,INSMED INC,35,-0.02,-0.087275,-0.5517361920298299,3568.9157999999998,2.266439739137371,1.3684265181772446
2021-11-30,88504,BRKR,BRUKER CORP,35,0.02,0.009047,0.3231569952613998,12180.7873,1.2084968061685293,1.2359721334204998
2021-11-30,89301,GME,GAMESTOP CORP NEW,25,-0.02,0.069162,-0.5020197312203838,14036.86341,0.7968738394630644,1.406123949502532
2021-11-30,89533,WYNN,WYNN RESORTS LTD,25,-0.02,-0.097928,-0.44533131360211303,10386.0884,2.364885607393997,2.0834018963117704
2021-11-30,89824,MODV,MODIVCARE INC,35,0.02,-0.158181,0.26978948186125995,2281.8726300000003,0.5714038891383393,1.1567955860823926
2021-11-30,90126,CYTK,CYTOKINETICS INC,35,-0.02,0.12685400000000002,-0.5127010020974132,2928.3555299999994,1.17336610558828,1.4929043711833794
2021-11-30,90312,WLK,WESTLAKE CHEMICAL CORP,15,0.02,-0.042552,0.26448768740775264,12474.121000000001,1.38637779520673,1.6498588339333302
2021-11-30,90505,LVS,LAS VEGAS SANDS CORP,25,-0.02,-0.082239,-0.46249902897537487,29650.451900000004,1.4172760685065044,1.6178669495956033
2021-11-30,90564,PBH,PRESTIGE CONSUMER HEALTHCARE INC,35,0.02,-0.067389,0.38005903829721127,3003.0994,0.6519011759345085,0.8288736628326002
2021-11-30,91103,UAL,UNITED AIRLINES HOLDINGS INC,20,-0.02,-0.084136,-0.4822496698516274,14940.45498,1.4737875208940199,1.8930875397626992
2021-11-30,91413,EVR,EVERCORE INC,40,0.02,-0.082403,0.3605608638235066,6021.51888,1.660771473290556,1.6737236804024231
2021-11-30,91500,EXLS,EXLSERVICE HOLDINGS INC,45,0.02,0.058995,0.4082964343975763,4083.9468899999997,0.8536171204320642,1.1075988501395206
2021-11-30,91983,CLR,CONTINENTAL RESOURCES INC,10,0.02,-0.08777800000000001,0.25081566068515493,17940.26193,3.097966397645355,2.025154264539932
2021-11-30,92040,FOLD,AMICUS THERAPEUTICS INC,35,-0.02,0.019956,-0.5425308785830809,2925.7095,1.1950981703521562,1.5701840516284913
2021-11-30,93002,AVGO,BROADCOM INC,45,0.02,0.041353999999999995,0.34984075196146974,219579.71,0.9396362728450883,1.3710977417464605
2021-11-30,93035,SEM,SELECT MEDICAL HOLDINGS CORP,35,0.02,-0.188779,0.32876951759496625,4470.61472,1.1781617583319284,1.660566745803471
2021-11-30,93098,H,HYATT HOTELS CORP,25,-0.02,-0.075514,-0.3930125067971724,4265.7936,1.4200106971934188,1.6389881008959313
2021-12-31,10107,MSFT,MICROSOFT CORP,45,0.02,0.017266,0.3448406073614755,2482063.1081999997,0.8178131254614655,1.1488419969510195
2021-12-31,10158,AMRC,AMERESCO INC,20,-0.02,-0.098484,-0.5440217823356388,3031.3844699999995,0.6704873553413354,2.0330841220497287
2021-12-31,11343,SAFM,SANDERSON FARMS INC,30,0.009999999999999995,0.017506999999999998,0.44832657603943077,4191.81294,0.6397644323381098,0.5585598810989838
2021-12-31,11691,MATX,MATSON INC,20,0.02,0.104189,0.49057953732411164,3426.86896,0.946372497373987,1.3015436510707423
2021-12-31,12591,APO,APOLLO GLOBAL MANAGEMENT INC,40,-0.02,0.023245,-0.29648620717068125,17452.86162,1.5709222932974403,1.5028070263453783
2021-12-31,13688,PCG,P G & E CORP,55,-0.02,0.021818999999999998,-0.2839057158756657,23586.18372,1.3974327521596344,0.5857009210850895
2021-12-31,13704,NEO,NEOGENOMICS INC,35,-0.02,-0.0041530000000000004,-0.5431870577947372,4218.15972,0.6838116911667278,1.5402082396904069
2021-12-31,13748,TPH,TRI POINTE HOMES INC,25,0.02,0.116873,0.29692344383496305,2775.11586,1.419968561029066,1.855097516582186
2021-12-31,13802,APAM,ARTISAN PARTNERS ASSET MGMT INC,40,0.02,0.06499,0.2777844025757214,2917.1116799999995,1.7330882325931372,1.9580960380929595
2021-12-31,14136,RNG,RINGCENTRAL INC,45,-0.02,-0.13262600000000002,-0.40527863900151045,17734.76574,0.7854143235748082,1.3698113359471293
2021-12-31,14295,TWTR,TWITTER INC,50,-0.02,-0.016453000000000002,-0.28418395738929964,35134.8634,0.7586898842689636,1.4481025320090992
2021-12-31,14432,ITCI,INTRA CELLULAR THERAPIES INC,35,-0.02,0.29291700000000004,-0.3191231417441768,3297.6222399999997,1.125278729911802,0.6914802438835637
2021-12-31,14516,QTWO,Q 2 HOLDINGS INC,45,-0.02,-0.010777,-0.39124731695683285,4562.4051,1.4429467971655023,1.5951092998211442
2021-12-31,14596,FIVN,FIVE 9 INC,45,-0.02,-0.035267,-0.47312981954050404,9685.414170000002,0.46831492208469383,1.1871552427309584
2021-12-31,14782,TRUP,TRUPANION INC,40,-0.02,0.070562,-0.3445623658478417,4978.18176,1.9548082535241464,1.8515723274120355
2021-12-31,15067,FRPT,FRESHPET INC,30,-0.02,-0.118101,-0.42918753478018923,4686.9878,0.7004933997962587,1.4175236465639844
2021-12-31,15284,BPMC,BLUEPRINT MEDICINES CORP,35,-0.02,0.113343,-0.39164480483345265,5660.2156,0.7873937109954283,1.1457447083185086
2021-12-31,15534,NTRA,NATERA INC,35,-0.00791590457218783,0.021034999999999998,-0.49413705381985845,8651.6587,1.1679277099284835,1.527792211401565
2021-12-31,15541,RPD,RAPID7 INC,45,-0.02,-0.051413,-0.37968041974719774,7005.29602,1.319050036574227,1.4516572929745322
2021-12-31,15546,Z,ZILLOW GROUP INC,60,-0.02,0.17645799999999998,-0.6542054217346372,10159.99524,1.4521863411667837,2.191964471097711
2021-12-31,15579,TXN,TEXAS INSTRUMENTS INC,45,0.02,-0.02034,0.29374354082200493,177658.69662,0.9120323281901956,1.4075306230937021
2021-12-31,15585,TDOC,TELADOC HEALTH INC,35,-0.02,-0.093203,-0.3834565545750855,16208.808749999998,0.47721659336991057,0.9796208585115199
2021-12-31,16019,RRR,RED ROCK RESORTS INC,25,0.02,0.15706399999999998,0.1907544319898243,3265.80784,2.3532175192120417,1.8134168069282093
2021-12-31,16119,ATKR,ATKORE INC,20,0.02,0.043971,0.21239764687177048,4900.8105000000005,2.3932525246024285,1.9361237853361344
2021-12-31,16140,TWLO,TWILIO INC,45,-0.02,-0.07978,-0.5054058351220287,48201.68135,1.3765713322120254,1.7376080927464606
2021-12-31,16287,EVBG,EVERBRIDGE INC,45,-0.018228860222856927,-0.406433,-0.23791636855075926,4373.70204,0.8358170601509319,1.1034460063101514
2021-12-31,16382,COUP,COUPA SOFTWARE INC,45,-0.02,-0.19639600000000002,-0.4899833055091819,14673.589240000001,1.4498947094180024,1.4990746198001577
2021-12-31,16597,AYX,ALTERYX INC,45,-0.02,-0.089882,-0.4671277526035456,3967.5942999999997,0.7278120300319122,1.3394782643494993
2021-12-31,16649,OKTA,OKTA INC,45,-0.02,0.04147,-0.387610302885762,31968.1119,1.0540948729889723,1.3215212000306837
2021-12-31,16655,CVNA,CARVANA CO,25,-0.02,-0.173485,-0.5411002464424836,24000.30654,2.2988844337008874,1.763640247635612
2021-12-31,16736,VST,VISTRA CORP,55,-0.02,0.153605,-0.4535137928293187,9594.644639999999,0.9082705063270027,1.5828167587449984
2021-12-31,16753,ATUS,ALTICE USA INC,50,0.02,0.021398,0.2978376659511885,4297.138559999999,1.0061795464560988,1.3815107997924356
2021-12-31,16966,SWCH,SWITCH INC,45,-0.02,0.047099,-0.3917839255902695,3929.5933,0.633078456373897,1.1713021766890144
2021-12-31,16968,MDB,MONGODB INC,45,-0.02,0.062671,-0.41599093727641306,33231.7377,0.7463597729920353,1.7547029262728704
2021-12-31,17037,SAIL,SAILPOINT TECHNOLOGIES HLDGS INC,45,-0.02,-0.080881,-0.4391247316956832,4904.7537600000005,1.8584477263999477,1.6162575732393436
2021-12-31,17315,CDLX,CARDLYTICS INC,50,-0.02,-0.022115000000000003,-0.5575562445345417,2248.31902,2.2750171684086666,2.216361151723933
2021-12-31,17341,ZS,ZSCALER INC,45,-0.02,-0.073964,-0.3166587169091343,48604.251540000005,0.9663103100457652,1.1885160868305085
2021-12-31,17374,RCUS,ARCUS BIOSCIENCES INC,35,-0.02,-0.076094,-0.5408418793226806,3076.9061999999994,1.0093548834493489,1.5337850306788772
2021-12-31,17672,EAF,GRAFTECH INTERNATIONAL LTD NEW,20,0.02,0.015384,0.31395579934811985,3066.5362999999998,1.0989957879652483,1.9815423312287244
2021-12-31,17855,AVLR,AVALARA INC,45,-0.02,-0.07574,-0.3424954288894189,12140.42688,0.8010592616960903,1.322502517362216
2021-12-31,17907,NKLA,NIKOLA CORP,20,-0.02,-0.034314,-0.3693854837427458,4132.74316,0.9649848281568737,0.9851277944881106
2021-12-31,17929,UGI,U G I CORP NEW,55,0.02,0.121479,0.42817394069480885,8630.407500000001,0.9514065406449344,0.8750485359224405
2021-12-31,18134,UPWK,UPWORK INC,20,-0.02,-0.08326599999999999,-0.35253199777406785,4777.99884,2.0125029552997327,1.6283153251926183
2021-12-31,18135,GH,GUARDANT HEALTH INC,35,-0.02,-0.048582999999999994,-0.49318308291597107,10686.078720000001,0.5344359424527082,1.251209643772536
2021-12-31,18184,FSR,FISKER INC,25,-0.02,-0.264677,-0.45401065267509344,3504.5589900000004,0.9075949157887006,0.7396093936477491
2021-12-31,18190,AXNX,AXONICS INC,35,-0.02,0.029155999999999998,-0.451228237538755,2519.01977,0.3201568263416343,1.3001804860597754
2021-12-31,19561,BA,BOEING CO,20,-0.02,0.017471999999999998,-0.4882343588520551,116276.24714999998,1.4873482152387218,1.7395853741991611
2021-12-31,20204,CR,CRANE CO,20,0.02,0.053693000000000005,0.3409651005644328,5669.50458,1.6476531951275988,1.5328728273941492
2021-12-31,20482,ABT,ABBOTT LABORATORIES,35,0.02,0.11896,0.32482709277367044,222397.45599,0.6580369543051281,0.9211558030419025
2021-12-31,21020,AAL,AMERICAN AIRLINES GROUP INC,20,-0.02,0.015196000000000001,-0.4880753637014071,11454.540350000001,1.6200689709471223,1.802429078941226
2021-12-31,21936,PFE,PFIZER INC,35,0.02,0.09894700000000001,0.2615271484219731,301579.34391,0.6034210372552629,0.9146231004533347
2021-12-31,22752,MRK,MERCK & CO INC NEW,35,0.02,0.032603,0.28599252722791946,189218.46503999998,0.4355490920495619,0.7944706559438793
2021-12-31,24328,EQT,E Q T CORP,10,-0.02,0.122424,-0.5774703871531919,7343.66565,1.1272757871322734,1.1287694813964082
2021-12-31,29612,AIT,APPLIED INDUSTRIAL TECHS INC,20,0.02,0.080531,0.2894109229668495,3654.95328,1.403456570380748,1.6061156604534916
2021-12-31,44943,DIOD,DIODES INC,45,0.02,0.032467,0.3425749264647428,4787.6642999999995,1.0319815382915378,1.8003218417839066
2021-12-31,49429,DDS,DILLARDS INC,25,0.02,-0.104794,0.2596390810080292,4554.135299999999,0.9302459424374121,2.1755521174248194
2021-12-31,50948,SMTC,SEMTECH CORP,45,0.02,0.037986,0.2487081644009858,5520.31779,1.4889446653066831,1.7861829525817419
2021-12-31,56223,LPX,LOUISIANA PACIFIC CORP,15,0.02,0.19886199999999998,0.20530248827410763,5750.08115,1.6648217270363173,1.9746428819551884
2021-12-31,57808,VSH,VISHAY INTERTECHNOLOGY INC,45,0.02,0.078723,0.2995468638206535,2703.3230700000004,1.3020472386833617,1.5781238363348413
2021-12-31,57809,NDSN,NORDSON CORP,20,0.02,0.006268,0.3980244852531997,14788.011629999999,0.9138123259725326,1.0841558859863274
2021-12-31,61313,DCI,DONALDSON INC,20,0.02,0.05409,0.4726925828762223,6974.46585,1.2963545911673038,1.1642549285290735
2021-12-31,61621,PAYX,PAYCHEX INC,45,0.02,0.145067,0.3496303362747436,43002.2344,0.8655263790549079,1.022036612005612
2021-12-31,65541,COO,COOPER COMPANIES INC,35,0.02,0.112744,0.293743540822005,18561.476880000002,0.8142600149532446,0.9669999159366375
2021-12-31,68196,SEIC,S E I INVESTMENTS CO,40,0.02,0.028912,0.501629700294141,8315.582390000001,1.0486167052885689,1.4073848395920387
2021-12-31,70228,TOL,TOLL BROTHERS INC,25,0.02,0.14047199999999999,0.3195405040146276,7725.37799,1.494240188167789,1.6072948349107723
2021-12-31,76076,CSCO,CISCO SYSTEMS INC,45,0.008228860222856925,0.15547599999999998,0.362548692264886,231293.56788000002,0.8865355159907128,0.9393160619252873
2021-12-31,76573,MLI,MUELLER INDUSTRIES INC,20,0.02,0.0752,0.3068208919627951,3174.11611,1.1538659724097846,1.540309046906007
2021-12-31,76752,PRGS,PROGRESS SOFTWARE CORP,45,0.02,-0.0037819999999999998,0.3335917004531362,2120.4627,1.1145028924585896,1.2899655393370002
2021-12-31,77699,FCEL,FUELCELL ENERGY INC,20,-0.02,-0.400989,-0.5790007154781779,3182.2529200000004,4.245061898805696,2.03623500759753
2021-12-31,77917,ASGN,ASGN INC,20,0.010000000000000009,0.014068,0.26424994037681854,6339.528,1.9857292595939824,1.4183446388626295
2021-12-31,80191,ALB,ALBEMARLE CORP,15,-0.011771139777142437,-0.121367,-0.40573575005962315,31172.934240000002,1.5672433199956886,1.9742087972882867
2021-12-31,80864,RS,RELIANCE STEEL & ALUMINUM CO,15,0.0017711397771424421,0.091368,0.3244296048970507,9312.41265,0.9144104280007075,1.4119299796096378
2021-12-31,82581,HSIC,SCHEIN HENRY INC,35,0.02,0.09098300000000001,0.20373241116145957,9854.17444,0.7491516802116529,1.0745201886641902
2021-12-31,82634,SAM,BOSTON BEER INC,30,-0.02,0.119467,-0.37504968598457744,4603.73868,0.7136646589294923,0.9995738645408508
2021-12-31,82651,WAT,WATERS CORP,35,0.02,0.13566599999999998,0.22791954845377216,20024.08052,0.7799087790457517,1.0198482757199245
2021-12-31,82779,NVAX,NOVAVAX INC,35,-0.02,-0.314308,-0.5870299705858971,15774.09704,1.5502706058670717,1.2225604506229597
2021-12-31,82800,SCCO,SOUTHERN COPPER CORP,15,0.02,0.054805,0.29048414023372293,45225.2385,1.118295915181651,1.6435214621713607
2021-12-31,84042,PAG,PENSKE AUTOMOTIVE GROUP INC,25,0.02,0.076223,0.2635344621989029,7799.7479,1.386443770619177,1.7819684428665141
2021-12-31,85035,QRVO,QORVO INC,45,0.02,0.069413,0.1634668892598776,16117.90929,1.3516786923904822,1.6176405751685916
2021-12-31,85427,GPI,GROUP 1 AUTOMOTIVE INC,25,0.02,0.002346,0.21261626520391128,3525.16975,1.6812631483988942,1.892707125024523
2021-12-31,85621,MTD,METTLER TOLEDO INTERNATIONAL INC,35,0.02,0.120847,0.2539748787661976,34803.792180000004,0.9687459393170137,1.1254034485866706
2021-12-31,85863,COLM,COLUMBIA SPORTSWEAR CO,25,0.010000000000000009,-0.00099,0.3753875506797043,6360.61401,0.8859059313824397,1.2144144266936967
2021-12-31,85992,MANH,MANHATTAN ASSOCIATES INC,45,0.02,-0.004357000000000001,0.27696955242865084,9882.117119999999,1.9241904961639094,1.5519259221891122
2021-12-31,86158,CTSH,COGNIZANT TECHNOLOGY SOLS CORP,45,0.02,0.13766099999999998,0.37024008267747827,40959.15096,1.0731903479258542,1.1089612576719408
2021-12-31,86594,KFY,KORN FERRY,20,0.02,0.042788,0.3041974719771047,3964.76644,1.5197982339230003,1.5592977487402322
2021-12-31,88351,INSM,INSMED INC,35,-0.02,-0.010241,-0.4894069480880833,3257.59744,2.2978423906692806,1.3718418813074982
2021-12-31,88421,ARNA,ARENA PHARMACEUTICALS INC,35,-0.02,0.7055669999999999,-0.3272517688210509,3341.76272,0.45320035575136114,0.919064203809019
2021-12-31,88462,SAVA,CASSAVA SCIENCES INC,35,-0.0020840954278121713,-0.183092,-0.6807973606804991,2140.5093300000003,1.0287360624050914,2.215951254199478
2021-12-31,89301,GME,GAMESTOP CORP NEW,25,-0.02,-0.243785,-0.5162373797599172,15008.29911,0.8266037311449339,1.4545864083933435
2021-12-31,89533,WYNN,WYNN RESORTS LTD,25,-0.02,0.04968,-0.40979012640114476,9369.454580000001,2.375614934190345,1.7571730353909647
2021-12-31,89866,LKQ,L K Q CORP,25,0.02,0.073815,0.3766992606725495,16294.346899999999,1.5292767362360116,1.2906331289396429
2021-12-31,89968,PIPR,PIPER SANDLER COMPANIES,40,0.02,0.076916,0.3476826456793068,2963.2785,1.316829474799236,1.7386283705474694
2021-12-31,90126,CYTK,CYTOKINETICS INC,35,-0.02,0.15855,-0.6405318387789173,3299.9572200000002,1.0997307082582022,1.5026224920958688
2021-12-31,90312,WLK,WESTLAKE CHEMICAL CORP,15,0.02,0.045241,0.3534462198902934,11877.22024,1.36714703276094,1.6191284845391276
2021-12-31,90319,GOOGL,ALPHABET INC,50,0.010000000000000002,0.020753999999999998,0.30189204229271016,853683.7394999999,0.9942246145881015,1.3191816185618188
2021-12-31,90505,LVS,LAS VEGAS SANDS CORP,25,-0.02,0.056643000000000006,-0.46796247714444705,27213.3238,1.417143744129004,1.678467033084097
2021-12-31,90564,PBH,PRESTIGE CONSUMER HEALTHCARE INC,35,0.02,0.083937,0.2974799268622307,2803.3188,0.6584517104798204,0.8553201271734784
2021-12-31,91103,UAL,UNITED AIRLINES HOLDINGS INC,20,-0.02,0.035901,-0.47907226329596947,13684.08382,1.4361952876236868,1.756558882035769
2021-12-31,91413,EVR,EVERCORE INC,40,0.02,-0.020615,0.471579616821687,5411.935299999999,1.624097968452998,1.6914740615324613
2021-12-31,91531,OC,OWENS CORNING NEW,20,0.02,0.066647,0.28038794816758084,8525.31708,1.4891544946466,1.5231181774384026
2021-12-31,91926,DAL,DELTA AIR LINES INC,20,-0.02,0.079491,-0.374294459019,23168.506800000003,1.257596582859497,1.5684593505190578
2021-12-31,91983,CLR,CONTINENTAL RESOURCES INC,10,0.02,0.009405,0.29183559901423006,16209.861540000002,3.0857815265623456,1.9746152798988916
2021-12-31,92871,VRTS,VIRTUS INVESTMENT PARTNERS INC,40,0.010000000000000009,-0.001009,0.27072899276572066,2256.51944,1.5329659620172458,1.8347730790788201
2021-12-31,93002,AVGO,BROADCOM INC,45,0.02,0.20935299999999998,0.3549964226091104,228600.07632,0.9286658042606533,1.3817225499195371
2021-12-31,93035,SEM,SELECT MEDICAL HOLDINGS CORP,35,0.02,0.094905,0.1441688528499881,3601.7932500000006,1.2530194055661579,1.6622740422984235
2021-12-31,93263,CELH,CELSIUS HOLDINGS INC,30,-0.02,0.089978,-0.4972970824389856,5118.09415,2.1692192905698824,1.7373259544049238
2022-01-31,10107,MSFT,MICROSOFT CORP,45,0.02,-0.075389,0.30019758940920765,2525083.8336,0.8143400170520498,1.130163120825949
2022-01-31,10158,AMRC,AMERESCO INC,20,-0.02,-0.37860499999999997,-0.5069551472041098,2733.0449599999997,0.6530485593345051,1.9008890996300671
2022-01-31,11343,SAFM,SANDERSON FARMS INC,30,0.009999999999999995,-0.034794000000000005,0.4825133372851215,4264.71452,0.6336956687368137,0.48428618277904495
2022-01-31,11691,MATX,MATSON INC,20,0.02,0.084706,0.4719818217743529,3784.1409599999997,0.9580300406150555,1.250349529520614
2022-01-31,12591,APO,APOLLO GLOBAL MANAGEMENT INC,40,-0.02,-0.033594000000000006,-0.3351906737798854,17859.71697,1.5674476208901895,1.399061810465365
2022-01-31,13688,PCG,P G & E CORP,55,-0.02,0.053498,-0.2562537048014227,24102.37966,1.3967946299210874,0.554580964889696
2022-01-31,13704,NEO,NEOGENOMICS INC,35,-0.02,-0.339434,-0.5629519857735625,4234.56496,0.6801738465344762,1.494656065294001
2022-01-31,13748,TPH,TRI POINTE HOMES INC,25,0.02,-0.146333,0.23598103141671614,3099.63882,1.4309688468510615,1.760837330557839
2022-01-31,14136,RNG,RINGCENTRAL INC,45,-0.02,-0.05801,-0.3879075281564908,15383.87055,0.7632243604687429,1.321340540351117
2022-01-31,14295,TWTR,TWITTER INC,50,-0.02,-0.132159,-0.3578936968978463,34559.1442,0.7561233877099904,1.3717070518554801
2022-01-31,14432,ITCI,INTRA CELLULAR THERAPIES INC,35,-0.02,-0.092707,-0.38176249753013236,4285.96558,1.1534063306462128,0.7183437220061758
2022-01-31,14596,FIVN,FIVE 9 INC,45,-0.02,-0.084664,-0.4557597312784035,9404.772159999999,0.4615838831712862,1.1565130652349533
2022-01-31,14813,MARA,MARATHON DIGITAL HOLDINGS INC,45,-0.013752273047602858,-0.283672,-0.5777316735822959,3375.80638,5.540200953022535,2.229459601385454
2022-01-31,15067,FRPT,FRESHPET INC,30,-0.02,-0.023556,-0.4272475795297373,4143.2923,0.6758177751868597,1.381459071341376
2022-01-31,15284,BPMC,BLUEPRINT MEDICINES CORP,35,-0.02,-0.280223,-0.464611736810907,6334.5925099999995,0.7991285649101266,1.089420841366625
2022-01-31,15351,FTAI,FORTRESS TRANS AND INFR INV LLC,20,-0.02,-0.077153,-0.3597115194625568,2868.2856,1.8964496401021325,1.493608754220904
2022-01-31,15541,RPD,RAPID7 INC,45,-0.02,-0.18153799999999998,-0.3730092867022328,6790.1245499999995,1.3034402803832579,1.322724398646704
2022-01-31,15546,Z,ZILLOW GROUP INC,60,-0.02,-0.209441,-0.689843904366726,11678.10115,1.4698269664018824,2.098977128875488
2022-01-31,15579,TXN,TEXAS INSTRUMENTS INC,45,0.02,-0.041513,0.31966014621616273,174146.28,0.9059077326551572,1.3359938048394422
2022-01-31,15585,TDOC,TELADOC HEALTH INC,35,-0.02,-0.164605,-0.424382533096226,14699.188339999999,0.4632766900494756,0.9817218014420322
2022-01-31,15917,GCP,G C P APPLIED TECHNOLOGIES INC,15,-0.02,0.007537,-0.33042876901798063,2327.23162,0.8759787837384116,1.3825044163712328
2022-01-31,16119,ATKR,ATKORE INC,20,0.02,-0.030712,0.23851017585457418,5153.878879999999,2.386484480663314,1.8452224647887308
2022-01-31,16140,TWLO,TWILIO INC,45,-0.02,-0.21733,-0.5374827109266943,44359.35966,1.3630127295544496,1.6818551950969247
2022-01-31,16287,EVBG,EVERBRIDGE INC,45,-0.016247726952396523,-0.24079799999999998,-0.3638213791740763,2652.1286999999998,0.7716583264916933,1.428213662686047
2022-01-31,16382,COUP,COUPA SOFTWARE INC,45,-0.02,-0.150503,-0.4765461371270501,11803.174000000003,1.4236908214460224,1.4428877841134617
2022-01-31,16597,AYX,ALTERYX INC,45,-0.02,-0.056738000000000004,-0.43738391622209044,3611.245,0.7089715233887699,1.2912643247330786
2022-01-31,16649,OKTA,OKTA INC,45,-0.02,-0.117276,-0.4479944674965422,33295.9701,1.0508396723563078,1.2897371292849311
2022-01-31,16655,CVNA,CARVANA CO,25,-0.02,-0.300877,-0.6607389843904367,19838.21073,2.259545011017869,1.703844019808062
2022-01-31,16736,VST,VISTRA CORP,55,-0.02,-0.042205,-0.41179608772969767,10989.439559999999,0.9255038033476196,1.4666156382008435
2022-01-31,16753,ATUS,ALTICE USA INC,50,0.02,-0.10882,0.31327800829875524,4389.37512,1.0075358586487815,1.3282352462764204
2022-01-31,16966,SWCH,SWITCH INC,45,-0.02,-0.105142,-0.32521240861489825,4114.93792,0.6364920638443851,1.1112221911414868
2022-01-31,17315,CDLX,CARDLYTICS INC,50,-0.02,0.015238,-0.5585457419482316,2216.26206,2.2560624903425284,2.1011786236872334
2022-01-31,17341,ZS,ZSCALER INC,45,-0.02,-0.199901,-0.3663505236119344,45012.54906,0.9446251207018048,1.0503719967327954
2022-01-31,17374,RCUS,ARCUS BIOSCIENCES INC,35,-0.02,-0.23898599999999998,-0.5204505038529935,2842.9770299999996,0.9900988633092435,1.4222227519018977
2022-01-31,17672,EAF,GRAFTECH INTERNATIONAL LTD NEW,20,0.02,-0.114161,0.42803793716656774,3113.91626,1.0969394083691681,1.7596662220860741
2022-01-31,17700,CDAY,CERIDIAN H C M HOLDING INC,45,-0.02,-0.274216,-0.38107093459790553,15808.036259999997,1.3542925139897952,1.476605020423372
2022-01-31,17855,AVLR,AVALARA INC,45,-0.02,-0.151001,-0.42054929855759726,11221.724760000001,0.7842830348008895,1.2944638838652822
2022-01-31,17907,NKLA,NIKOLA CORP,20,-0.02,-0.186468,-0.37316735822959896,4084.3145699999995,0.9499093235696298,0.9643345764555014
2022-01-31,17929,UGI,U G I CORP NEW,55,0.012242852888999706,-0.012242000000000001,0.4257656589606797,9605.84112,0.9641277302086967,0.8111737322458648
2022-01-31,18134,UPWK,UPWORK INC,20,-0.02,-0.203791,-0.3941315945465323,4411.0808,1.9917276114592963,1.5461411923802562
2022-01-31,18135,GH,GUARDANT HEALTH INC,35,-0.02,-0.304683,-0.49551472041098593,10178.73534,0.5206716638316988,1.194886164798758
2022-01-31,18184,FSR,FISKER INC,25,-0.02,-0.249249,-0.41766449318316534,2585.4771800000003,0.860666569316514,0.7292872254794314
2022-01-31,18190,AXNX,AXONICS INC,35,-0.02,-0.15308,-0.4840742936178621,2594.48,0.3169137023544641,1.261929146324512
2022-01-31,19561,BA,BOEING CO,20,-0.02,-0.005409,-0.4898834222485675,118315.56267999999,1.4841758826567526,1.6901394284936455
2022-01-31,20204,CR,CRANE CO,20,0.02,0.017453,0.28881643943884605,5974.29771,1.6508364486322527,1.477278250356572
2022-01-31,20482,ABT,ABBOTT LABORATORIES,35,0.02,-0.091119,0.3219917012448133,248868.71238,0.669787665429018,0.8852760127868508
2022-01-31,21020,AAL,AMERICAN AIRLINES GROUP INC,20,-0.02,-0.083006,-0.49567279193835206,11633.19488,1.6193398021275462,1.7097277580226224
2022-01-31,21936,PFE,PFIZER INC,35,0.02,-0.101062,0.2526970954356846,331439.79635,0.6134306085504941,0.8438002242478366
2022-01-31,22752,MRK,MERCK & CO INC NEW,35,0.02,0.063108,0.3784825133372851,193588.34816,0.43909873423047346,0.7420506439516875
2022-01-31,24328,EQT,E Q T CORP,10,-0.02,-0.02572,-0.6095633274056512,8243.19855,1.1427020616652652,1.0509612214304158
2022-01-31,29612,AIT,APPLIED INDUSTRIAL TECHS INC,20,0.02,-0.046003,0.2606797075676744,3949.5339000000004,1.4100768875156369,1.553208216991064
2022-01-31,44134,KMT,KENNAMETAL INC,20,0.02,-0.037360000000000004,0.2870183758150563,3003.6919499999995,2.003558079569279,1.665767128176579
2022-01-31,44943,DIOD,DIODES INC,45,0.02,-0.15503899999999998,0.2665283540802213,4943.42658,1.029495194851851,1.7286572159050293
2022-01-31,48725,UNP,UNION PACIFIC CORP,20,0.02,-0.029338,0.3639004149377594,161959.75068,1.1423631927008346,1.0368013946757704
2022-01-31,49429,DDS,DILLARDS INC,25,0.02,0.035462999999999995,0.2900414937759336,3785.06896,0.9146521824878888,2.089313746626037
2022-01-31,50948,SMTC,SEMTECH CORP,45,0.02,-0.200539,0.19559375617466904,5730.38241,1.484576321983931,1.727521144636037
2022-01-31,56223,LPX,LOUISIANA PACIFIC CORP,15,0.02,-0.152054,0.21738786801027463,6893.93815,1.6853400601277948,1.86698272024326
2022-01-31,57808,VSH,VISHAY INTERTECHNOLOGY INC,45,0.02,-0.053085,0.3340644141474018,2902.3895700000003,1.306370434052216,1.4979967581236697
2022-01-31,68196,SEIC,S E I INVESTMENTS CO,40,0.02,-0.038278,0.4267140881248765,8437.08206,1.0479889192735448,1.3648260316069412
2022-01-31,70228,TOL,TOLL BROTHERS INC,25,0.010000000000000009,-0.183409,0.22938154514917994,8712.8604,1.5061637158741432,1.4883243749385144
2022-01-31,75825,EOG,EOG RESOURCES INC,10,0.02,0.26416500000000004,0.27990515708358027,51973.5447,1.9840723404190983,1.6409788329735746
2022-01-31,76076,CSCO,CISCO SYSTEMS INC,45,0.02,-0.116246,0.37377988539814266,267269.75559,0.9032486178341784,0.9184419581280182
2022-01-31,76573,MLI,MUELLER INDUSTRIES INC,20,0.02,-0.129761,0.3725548310610551,3405.30512,1.1582900368685327,1.462676178609618
2022-01-31,76795,ZBRA,ZEBRA TECHNOLOGIES CORP,45,0.02,-0.144668,0.28403477573602054,31792.608,1.5051836525471316,1.257570932212952
2022-01-31,77917,ASGN,ASGN INC,20,0.007757147111000284,-0.06916900000000001,0.26668642560758743,6429.14,1.9788738906348164,1.363884958691568
2022-01-31,80191,ALB,ALBEMARLE CORP,15,-0.009999999999999995,-0.055783,-0.39994072317723767,27345.47952,1.545919162913215,1.8779124455111726
2022-01-31,80539,NKTR,NEKTAR THERAPEUTICS,35,-0.02,-0.17695,-0.40248962655601667,2505.6726799999997,1.3139741397555034,1.05705143348539
2022-01-31,80864,RS,RELIANCE STEEL & ALUMINUM CO,15,0.02,-0.057620000000000005,0.3827899624580123,10163.8941,0.9237366927082961,1.3417236584627275
2022-01-31,81073,UHAL,AMERCO,20,0.02,-0.16153599999999999,0.3775340841730883,14239.91784,0.8569745427563921,0.9806744808348262
2022-01-31,82307,DVA,DAVITA INC,35,0.02,-0.047425,0.24273858921161826,11592.144000000002,1.182870974766277,1.015171950537817
2022-01-31,82581,HSIC,SCHEIN HENRY INC,35,0.009999999999999995,-0.028807,0.19409207666469078,10632.92938,0.7584626027879869,1.0043875497248773
2022-01-31,82634,SAM,BOSTON BEER INC,30,-0.02,-0.16688199999999997,-0.43768030033590194,5154.040400000001,0.7260674983158726,0.9394063736271007
2022-01-31,82651,WAT,WATERS CORP,35,0.02,-0.140892,0.255206480932622,22742.013600000002,0.7944437675453444,0.9685151932670438
2022-01-31,82779,NVAX,NOVAVAX INC,35,-0.02,-0.34512,-0.563505236119344,10850.571869999998,1.4941917516401824,1.1494606055646075
2022-01-31,82800,SCCO,SOUTHERN COPPER CORP,15,0.02,0.035282999999999995,0.3496937364157281,47706.82851,1.1223890609531912,1.5535441523826286
2022-01-31,84042,PAG,PENSKE AUTOMOTIVE GROUP INC,25,0.02,-0.052180000000000004,0.2966607389843904,8394.7899,1.3905385078901586,1.6635142657548334
2022-01-31,85035,QRVO,QORVO INC,45,0.02,-0.122239,0.21045247974708553,16994.58852,1.3562222742214474,1.518684037284373
2022-01-31,85427,GPI,GROUP 1 AUTOMOTIVE INC,25,0.02,-0.130205,0.2468089310412962,3533.6772199999996,1.6732641390896057,1.750949006470104
2022-01-31,85593,AMG,AFFILIATED MANAGERS GROUP INC,40,0.02,-0.111283,0.2528156490812092,6687.49601,1.3258581791094035,1.7962078843343985
2022-01-31,85621,MTD,METTLER TOLEDO INTERNATIONAL INC,35,0.02,-0.13233799999999998,0.2744319304485279,39012.06906,0.9797140918705478,1.0604451967826969
2022-01-31,85738,MRCY,MERCURY SYSTEMS INC,20,-0.02,0.033736999999999996,-0.4275242047026279,3060.39998,0.9795015060272925,1.4046692311436948
2022-01-31,85863,COLM,COLUMBIA SPORTSWEAR CO,25,0.02,-0.046945,0.35433708753210824,6349.58016,0.881998235814746,1.1611336316457195
2022-01-31,85992,MANH,MANHATTAN ASSOCIATES INC,45,0.02,-0.139088,0.24291641967990515,9819.815460000002,1.916763722286737,1.483168178295005
2022-01-31,86594,KFY,KORN FERRY,20,0.02,-0.12350900000000001,0.24299545544358825,4120.772220000001,1.5147920555850964,1.4915499406619754
2022-01-31,88174,LPSN,LIVEPERSON INC,45,-0.02,-0.163818,-0.3591977869986169,2592.23612,1.155184281277441,1.3555214394237403
2022-01-31,88351,INSM,INSMED INC,35,-0.02,-0.16744499999999998,-0.49592965817032203,3234.42312,2.288889967831441,1.2923115906415326
2022-01-31,89301,GME,GAMESTOP CORP NEW,25,-0.02,-0.265965,-0.5885200553250345,11329.72489,0.781123145517959,1.3365402627344287
2022-01-31,89533,WYNN,WYNN RESORTS LTD,25,-0.02,0.004777,-0.4136139102944082,9840.403600000001,2.3809784316597535,1.7373872931110732
2022-01-31,89792,CVCO,CAVCO INDUSTRIES INC DEL,25,0.02,-0.15181499999999998,0.2665283540802213,2910.62695,1.022384657138113,1.4605193437591995
2022-01-31,89866,LKQ,L K Q CORP,25,0.02,-0.08566800000000001,0.366725943489429,17229.510449999998,1.5365261460906692,1.218577947052422
2022-01-31,89968,PIPR,PIPER SANDLER COMPANIES,40,0.010000000000000009,-0.13611499999999999,0.29822169531713094,3191.4017799999997,1.3223432474213475,1.637372802833868
2022-01-31,90126,CYTK,CYTOKINETICS INC,35,-0.02,-0.271874,-0.657320687611144,3865.1839999999997,1.114533098828078,1.379583351602576
2022-01-31,90312,WLK,WESTLAKE CHEMICAL CORP,15,0.02,0.015604999999999999,0.3722979648290851,12415.35086,1.3705960451241999,1.554506434658853
2022-01-31,90319,GOOGL,ALPHABET INC,50,0.02,-0.06596300000000001,0.3241651847460976,871247.1184800001,0.9918945368390069,1.2473536119589077
2022-01-31,90505,LVS,LAS VEGAS SANDS CORP,25,-0.02,0.163612,-0.4799841928472634,28756.5836,1.4260100589243658,1.7286557078039608
2022-01-31,90564,PBH,PRESTIGE CONSUMER HEALTHCARE INC,35,0.02,-0.06929400000000001,0.29964433906342614,3038.8076,0.6646772071173453,0.7908614788979786
2022-01-31,91103,UAL,UNITED AIRLINES HOLDINGS INC,20,-0.02,-0.020600999999999998,-0.5018178225647105,14176.44558,1.436266671431884,1.7219140235557873
2022-01-31,91413,EVR,EVERCORE INC,40,0.02,-0.081237,0.4136336692353289,5300.73115,1.6155076648479803,1.6393410108114326
2022-01-31,91500,EXLS,EXLSERVICE HOLDINGS INC,45,0.02,-0.16755099999999998,0.3127247579529738,4819.53807,0.8395601106925775,1.1541928630265428
2022-01-31,91926,DAL,DELTA AIR LINES INC,20,-0.02,0.015564999999999999,-0.4126654811302114,25011.74712,1.2646241638973834,1.5695023706032192
2022-01-31,91983,CLR,CONTINENTAL RESOURCES INC,10,0.02,0.160367,0.33311598498320494,16363.40556,3.0821923614258258,1.7972489330254082
2022-01-31,92611,V,VISA INC,45,0.02,0.043608999999999995,0.26633076467101363,361345.72136,0.9190807308921414,1.3289279361097965
2022-01-31,93035,SEM,SELECT MEDICAL HOLDINGS CORP,35,0.02,-0.20990799999999998,0.06795099782651651,3943.8630000000003,1.258151507332823,1.6169916293787554
2022-01-31,93263,CELH,CELSIUS HOLDINGS INC,30,-0.02,-0.359974,-0.5001580715273661,5585.96413,2.16679770119284,1.6447381257847604
2022-02-28,10777,FCNCA,FIRST CITIZENS BANCSHARES INC NC,40,-0.02,0.012607,-0.3655497762187009,11655.036800000002,1.1307940128708405,1.4376653987326011
2022-02-28,11343,SAFM,SANDERSON FARMS INC,30,0.009999999999999995,-0.02943,0.48491996290472156,4107.616,0.6370994537870768,0.4263931626010265
2022-02-28,11691,MATX,MATSON INC,20,0.02,0.137964,0.4532276924317568,4104.84512,0.8805434588866803,1.146684440285838
2022-02-28,11731,AIN,ALBANY INTERNATIONAL CORP NEW,20,0.02,0.04907,0.3626265069956856,2710.5298,1.3338856064186781,1.2328606805817401
2022-02-28,12060,GE,GENERAL ELECTRIC CO,20,-0.02,0.010874,-0.34093383331317284,103751.98376,1.0092116075622366,1.1480059530850655
2022-02-28,12591,APO,APOLLO GLOBAL MANAGEMENT INC NEW,40,-0.02,-0.062025,-0.43141405588484333,39964.47,1.5323036209355092,1.3450853581578675
2022-02-28,13511,PANW,PALO ALTO NETWORKS INC,45,-0.02,0.148503,-0.34363533728478696,50963.899999999994,1.36236870700477,1.2853698980022492
2022-02-28,13610,OLN,OLIN CORP,15,0.02,0.01655,0.24815531631789037,7945.0560000000005,1.3863806378914671,1.7556156581445987
2022-02-28,13688,PCG,P G & E CORP,55,-0.02,-0.111052,-0.26559412926898107,25392.869509999997,1.2997403841297452,0.5238490493518161
2022-02-28,13704,NEO,NEOGENOMICS INC,35,-0.0033284555764422916,-0.050161,-0.5472561590258457,2797.39432,0.864607573982937,1.5613613925527527
2022-02-28,13748,TPH,TRI POINTE HOMES INC,25,0.02,-0.060507,0.27996854965525586,2646.19578,1.4614758331528377,1.5590672765436306
2022-02-28,13802,APAM,ARTISAN PARTNERS ASSET MGMT INC,40,0.02,-0.07909,0.2902503931293093,2817.9833599999997,1.7268298396530681,1.7168871026879886
2022-02-28,13837,EVTC,EVERTEC INC,45,0.02,-0.074065,0.3674247006169106,3140.7708,0.9159340609611283,1.0068543483157708
2022-02-28,13967,PTCT,P T C THERAPEUTICS INC,35,-0.02,-0.126831,-0.35234466352163224,2848.70216,0.8749856209820296,0.9195406371768986
2022-02-28,14136,RNG,RINGCENTRAL INC,45,-0.02,-0.258683,-0.4075843715979194,14492.123370000001,0.7829867747692989,1.3792103337123038
2022-02-28,14328,AMC,A M C ENTERTAINMENT HOLDINGS INC,50,-0.02,0.174318,-0.38935930002822466,8254.21366,1.9292865889736637,1.2264085119548573
2022-02-28,14432,ITCI,INTRA CELLULAR THERAPIES INC,35,-0.02,0.168218,-0.43270432643845014,4388.83584,1.1932195476318754,0.7369758562508512
2022-02-28,14521,TNET,TRINET GROUP INC,20,0.02,0.024737,0.34698197653320434,5601.900000000001,1.2863480205516846,1.1020708081972699
2022-02-28,14574,MC,MOELIS & CO,40,0.010000000000000009,-0.135808,0.43157533970404416,3442.63708,1.2245987648794787,1.1414292310620178
2022-02-28,14596,FIVN,FIVE 9 INC,45,-0.02,-0.124929,-0.44117172694649415,8608.9416,0.5123142301516533,1.1522316045230128
2022-02-28,14813,MARA,MARATHON DIGITAL HOLDINGS INC,45,-0.0008699211456212365,0.076862,-0.5571549534292972,2418.33482,5.524807276060079,2.0391385891679463
2022-02-28,15067,FRPT,FRESHPET INC,30,-0.02,0.02362,-0.46689649610902784,4045.8747000000003,0.6816117635005974,1.4340918951559258
2022-02-28,15284,BPMC,BLUEPRINT MEDICINES CORP,35,-0.02,-0.214684,-0.4974597798475869,4559.7711,0.9326799970844961,1.1368193137326323
2022-02-28,15541,RPD,RAPID7 INC,45,-0.02,0.073988,-0.396738034756663,5557.75935,1.3754704460548555,1.3857171368118424
2022-02-28,15546,Z,ZILLOW GROUP INC,60,-0.02,0.139433,-0.6296117092052739,9232.74152,1.5390295688847864,2.047188993931904
2022-02-28,15585,TDOC,TELADOC HEALTH INC,35,-0.02,-0.010457000000000001,-0.4011330188298859,12280.273769999998,0.5499191678026698,0.9877907390778239
2022-02-28,16119,ATKR,ATKORE INC,20,0.02,-0.056346,0.19376234829240754,4995.81856,2.3176290333845646,1.8188615638538748
2022-02-28,16140,TWLO,TWILIO INC,45,-0.02,-0.151978,-0.5206443288577074,34720.70788,1.456899052049053,1.688403925217316
2022-02-28,16382,COUP,COUPA SOFTWARE INC,45,-0.02,-0.098784,-0.5094754243780492,10078.3062,1.4689064790315363,1.497660658074873
2022-02-28,16434,GOLF,ACUSHNET HOLDINGS CORP,25,0.02,-0.062127,0.3551268094028467,3438.521,0.7969211719930185,1.250097086582397
2022-02-28,16597,AYX,ALTERYX INC,45,-0.02,0.091614,-0.42782549090762473,3406.5083,0.7296987422138453,1.2748461096818617
2022-02-28,16649,OKTA,OKTA INC,45,-0.02,-0.07608,-0.4325430426192492,29609.093359999995,1.0985071040388,1.3539779252025677
2022-02-28,16655,CVNA,CARVANA CO,25,-0.02,-0.071545,-0.6741865247369058,13870.229220000001,2.3756905065629423,1.8570026964284831
2022-02-28,16736,VST,VISTRA CORP,55,-0.02,0.046281,-0.3442804725615903,10526.11668,0.9152652872107604,1.399471752611704
2022-02-28,16753,ATUS,ALTICE USA INC,50,0.02,-0.198364,0.32266844078867785,3911.9152799999997,1.021996206254648,1.3326343339421804
2022-02-28,16966,SWCH,SWITCH INC,45,-0.02,0.015189,-0.31577355751784203,3692.6935099999996,0.6749000485354836,1.0728150840404451
2022-02-28,17037,SAIL,SAILPOINT TECHNOLOGIES HLDGS INC,45,-0.009130078854378765,0.069241,-0.3758921011249546,3608.3841599999996,1.892215045892632,1.499342540166294
2022-02-28,17315,CDLX,CARDLYTICS INC,50,-0.02,-0.135646,-0.5619733075279223,2250.1313999999998,2.185945793074481,2.0866278694594524
2022-02-28,17341,ZS,ZSCALER INC,45,-0.02,-0.069881,-0.37010604411112447,36268.70793,1.0556733630736832,1.11784614149321
2022-02-28,17672,EAF,GRAFTECH INTERNATIONAL LTD NEW,20,0.02,-0.037242,0.44004274021208817,2758.5665599999998,1.1216075840332451,1.6814422801659694
2022-02-28,17700,CDAY,CERIDIAN H C M HOLDING INC,45,-0.02,-0.038408,-0.4293576871900328,11473.916419999998,1.4750698484450264,1.5228899360101547
2022-02-28,17855,AVLR,AVALARA INC,45,-0.02,-0.052117000000000004,-0.44976009031893865,9527.73192,0.8579744045732897,1.33387298505352
2022-02-28,17907,NKLA,NIKOLA CORP,20,-0.02,-0.016217,-0.37343252288214185,3322.9023299999994,1.045489060593261,0.9617475283574793
2022-02-28,17929,UGI,U G I CORP NEW,55,0.02,-0.152398,0.45911455183258737,9488.6712,0.9306962219776677,0.7566001068894627
2022-02-28,18134,UPWK,UPWORK INC,20,-0.02,-0.070616,-0.37871456796096925,3514.6752,2.0390734135325603,1.5554596550354476
2022-02-28,18135,GH,GUARDANT HEALTH INC,35,-0.02,-0.047188,-0.4987500504011934,7077.89485,0.7036343718599638,1.265231484646553
2022-02-28,18190,AXNX,AXONICS INC,35,-0.02,0.196683,-0.49139147615015516,2197.4319,0.4345530711774794,1.3168107376198546
2022-02-28,19561,BA,BOEING CO,20,-0.02,0.025441,-0.46959800008064184,117924.74008000002,1.4277072712921226,1.6374420602858792
2022-02-28,20204,CR,CRANE CO,20,0.02,-0.018985000000000002,0.2823474859884682,6078.83177,1.5754022469853994,1.3860382627893681
2022-02-28,21020,AAL,AMERICAN AIRLINES GROUP INC,20,-0.02,0.047331,-0.3943187774686505,10668.080159999998,1.593054829847957,1.6182622302224556
2022-02-28,21936,PFE,PFIZER INC,35,0.02,-0.109157,0.3304503850651183,295741.96223,0.6546345356048529,0.8552362382261491
2022-02-28,22111,JNJ,JOHNSON & JOHNSON,35,0.013328455576442286,-0.038638,0.3566186847304544,453570.13713,0.6538484804771212,0.4882104932747264
2022-02-28,22752,MRK,MERCK & CO INC NEW,35,0.02,-0.060166,0.3324664328051288,205813.91712,0.3867899250104674,0.6933151011385308
2022-02-28,24328,EQT,E Q T CORP,10,-0.02,0.094849,-0.5968912543849038,8031.54375,1.1147328114104766,1.0128156683361498
2022-02-28,29612,AIT,APPLIED INDUSTRIAL TECHS INC,20,0.02,0.035492,0.29766944881254787,3768.01686,1.3821636833155027,1.408345954070873
2022-02-28,44134,KMT,KENNAMETAL INC,20,0.02,-0.077181,0.2597677513003508,2891.60765,1.9365297842673979,1.5351034356850568
2022-02-28,44943,DIOD,DIODES INC,45,0.02,-0.034515,0.25835651788234343,4177.22022,1.0917176296825373,1.7109980487774785
2022-02-28,49429,DDS,DILLARDS INC,25,0.02,-0.011892,0.2694044594976009,3919.4665600000003,0.8815055340729686,1.8856404877156554
2022-02-28,50948,SMTC,SEMTECH CORP,45,0.02,-0.024219,0.21706786016692872,4557.4389,1.545784352303941,1.715627811341073
2022-02-28,56223,LPX,LOUISIANA PACIFIC CORP,15,0.02,0.086329,0.238075077617838,5845.98916,1.7166560141578637,1.8403927753391787
2022-02-28,57808,VSH,VISHAY INTERTECHNOLOGY INC,45,0.02,-0.073423,0.35214305874763113,2748.4448100000004,1.2845571671934866,1.4232409837787652
2022-02-28,70228,TOL,TOLL BROTHERS INC,25,0.010000000000000009,-0.079899,0.24202653118825854,7049.45071,1.5572440605360087,1.4815662841347923
2022-02-28,75825,EOG,EOG RESOURCES INC,10,0.009999999999999974,0.03083,0.20521349945566708,65225.83320000001,1.751137112042446,1.453556736223695
2022-02-28,76076,CSCO,CISCO SYSTEMS INC,45,0.02,0.001768,0.4389540744324826,231086.17,0.9389029169102403,0.9261590258671104
2022-02-28,76573,MLI,MUELLER INDUSTRIES INC,20,0.02,0.104308,0.42242248296439655,2963.5792199999996,1.1901026637610612,1.3623655411628834
2022-02-28,76795,ZBRA,ZEBRA TECHNOLOGIES CORP,45,0.02,-0.188157,0.30246764243377283,27194.6448,1.5455319520288355,1.2753529324862694
2022-02-28,77785,WIRE,ENCORE WIRE CORP,20,0.02,0.033072,0.2647473892181767,2269.46391,1.1656215081722041,1.3928425579927797
2022-02-28,80191,ALB,ALBEMARLE CORP,15,-0.02,-0.112604,-0.42838998427482766,25821.28224,1.5210884371332436,1.8007119554009465
2022-02-28,82307,DVA,DAVITA INC,35,0.02,0.040574,0.2623886133623644,11042.903,1.1664467993597363,0.9852016837943023
2022-02-28,82634,SAM,BOSTON BEER INC,30,-0.02,-0.088829,-0.40302810370549574,4294.14932,0.8096201092303186,0.9256177270864463
2022-02-28,82651,WAT,WATERS CORP,35,0.02,-0.010618,0.26053384944155483,19538.84432,0.8490270536841477,0.9795101237217271
2022-02-28,82779,NVAX,NOVAVAX INC,35,-0.02,-0.110273,-0.5652191443893392,7106.3017,1.6824096665969017,1.106455199999945
2022-02-28,82800,SCCO,SOUTHERN COPPER CORP,15,0.010000000000000009,0.102436,0.30073384137736386,49392.14509,1.0542663281424596,1.4731482719366547
2022-02-28,84042,PAG,PENSKE AUTOMOTIVE GROUP INC,25,0.02,-0.028468,0.34077254949397207,7957.12085,1.3685650867195809,1.5333408732622484
2022-02-28,85002,SRPT,SAREPTA THERAPEUTICS INC,35,-0.02,0.070393,-0.40085077214628434,6235.679389999999,1.3852434768236819,1.09128194327919
2022-02-28,85035,QRVO,QORVO INC,45,0.02,-0.0036699999999999997,0.20606023950647154,14885.544960000001,1.3699675073376416,1.4896838544083009
2022-02-28,85427,GPI,GROUP 1 AUTOMOTIVE INC,25,0.02,0.073466,0.2906939236321116,3073.73081,1.6869976276825238,1.6069313809637833
2022-02-28,85593,AMG,AFFILIATED MANAGERS GROUP INC,40,0.02,-0.053654,0.25023184549010125,5943.582710000001,1.3327163643770286,1.780222968130838
2022-02-28,85621,MTD,METTLER TOLEDO INTERNATIONAL INC,35,0.02,-0.043445,0.2567436796903351,33851.02248,1.0268765360100198,1.0516044652864305
2022-02-28,85738,MRCY,MERCURY SYSTEMS INC,20,-0.02,0.057948,-0.420003225676384,3230.43768,0.921721574820184,1.3323103644531604
2022-02-28,85992,MANH,MANHATTAN ASSOCIATES INC,45,0.02,-0.001447,0.2235998548445627,8454.55985,1.9282960568414989,1.499124277072614
2022-02-28,86047,AMKR,AMKOR TECHNOLOGY INC,45,0.02,0.031761,0.24295391314866338,5379.8162999999995,1.5073889407869088,2.1608079659118338
2022-02-28,87337,PLUG,PLUG POWER INC,20,-0.02,0.156351,-0.6388250473771219,12633.31485,1.8472332798222761,2.2582848194080793
2022-02-28,88174,LPSN,LIVEPERSON INC,45,-0.02,-0.321086,-0.371355993709931,2167.69577,1.221774606005153,1.4112689939086742
2022-02-28,88351,INSM,INSMED INC,35,-0.02,0.053764,-0.4847990000403209,2692.97784,2.301393259020904,1.228938313171577
2022-02-28,88615,ITGR,INTEGER HOLDINGS CORP,35,0.02,0.069606,0.2716221120116124,2589.01979,1.350369160883685,1.2553931079909155
2022-02-28,89301,GME,GAMESTOP CORP NEW,25,-0.02,0.132259,-0.5539091165678803,8316.91443,0.9643353642018908,0.9706661997209665
2022-02-28,89393,NFLX,NETFLIX INC,50,-0.02,-0.076396,-0.3285553001895085,189519.02802,0.9778849056217542,1.145668652168444
2022-02-28,89533,WYNN,WYNN RESORTS LTD,25,-0.02,0.012494,-0.3973428490786662,9887.84675,2.272949496296586,1.6877246423615049
2022-02-28,89866,LKQ,L K Q CORP,25,0.02,-0.144681,0.38028708519817755,15754.253349999999,1.52524796097199,1.1129481047517142
2022-02-28,89968,PIPR,PIPER SANDLER COMPANIES,40,0.02,-0.040295,0.3591185839280674,2757.14516,1.3563468074307161,1.568927769974608
2022-02-28,90126,CYTK,CYTOKINETICS INC,35,-0.02,0.064148,-0.6360429014959074,2814.5119999999997,1.2488816149371136,1.396045374385276
2022-02-28,90312,WLK,WESTLAKE CHEMICAL CORP,15,0.02,0.121183,0.3385548969799605,12609.640300000001,1.3055055650495992,1.4639854880064975
2022-02-28,90319,GOOGL,ALPHABET INC,50,0.02,-0.00185,0.3049272206765857,813864.08285,0.9985033821312036,1.194258307389004
2022-02-28,90505,LVS,LAS VEGAS SANDS CORP,25,-0.02,-0.021489,-0.42851094713922827,33462.761999999995,1.2718766628907756,1.7001901785448135
2022-02-28,90564,PBH,PRESTIGE CONSUMER HEALTHCARE INC,35,0.02,0.054534,0.2822668440788678,2828.3708,0.677360253035944,0.7394088006819732
2022-02-28,91103,UAL,UNITED AIRLINES HOLDINGS INC,20,-0.02,0.03542,-0.41871295512277723,13885.01568,1.3857057489816023,1.6215206484464224
2022-02-28,91413,EVR,EVERCORE INC,40,0.02,0.023109,0.4306479577436394,4870.35158,1.596064811652557,1.5802742086185244
2022-02-28,91463,CVLT,COMMVAULT SYSTEMS INC,45,0.02,-0.067475,0.260574170396355,3006.0175999999997,0.6212596049322003,1.3640150679847136
2022-02-28,91500,EXLS,EXLSERVICE HOLDINGS INC,45,0.02,0.002212,0.3231522922462804,4012.2313199999994,0.914393957740915,1.127372647178198
2022-02-28,91594,SPR,SPIRIT AEROSYSTEMS HOLDINGS INC,20,-0.006671544423557086,0.140743,-0.45850973751058427,4604.21001,1.8248610035975508,1.8490096509004394
2022-02-28,91983,CLR,CONTINENTAL RESOURCES INC,10,0.02,0.071816,0.2682351518083948,18988.27714,2.870668078388703,1.6298112499429926
2022-02-28,92050,PODD,INSULET CORP,35,-0.02,0.06727,-0.4625418329906052,17156.392,0.7097338530157042,1.2781668666448773
2022-02-28,92597,HI,HILLENBRAND INC,20,0.016671544423557096,0.026435,0.26214668763356314,3369.0563199999997,1.4890423070112841,1.3576586315227772
2022-02-28,93035,SEM,SELECT MEDICAL HOLDINGS CORP,35,0.02,-0.003472,0.0761864440949962,3116.1883500000004,1.337222433641306,1.6852492181329197
2022-02-28,93263,CELH,CELSIUS HOLDINGS INC,30,-0.02,0.33854300000000004,-0.5123785331236644,3575.40657,2.3172327341629564,1.699750272357687
2022-03-31,10777,FCNCA,FIRST CITIZENS BANCSHARES INC NC,40,-0.02,-0.155872,-0.2825476992143659,11805.461850000002,1.133892238952653,1.357363134169974
2022-03-31,11691,MATX,MATSON INC,20,0.02,0.088863,0.4102533269199936,4655.884639999999,0.8569422086606826,1.083283086914873
2022-03-31,11731,AIN,ALBANY INTERNATIONAL CORP NEW,20,0.010000000000000009,-0.037596,0.3074394741061407,2818.5829,1.3276453459378117,1.1320064626233677
2022-03-31,12060,GE,GENERAL ELECTRIC CO,20,-0.02,-0.041148,-0.32938512105178763,104996.24422,0.9951577065025264,1.100451565641079
2022-03-31,12591,APO,APOLLO GLOBAL MANAGEMENT INC NEW,40,-0.02,-0.050166999999999996,-0.3619127785794452,37258.30446000001,1.5364607860045172,1.3398965996984609
2022-03-31,13201,REGI,RENEWABLE ENERGY GROUP INC,10,-0.02,-0.013881,-0.3936187269520603,3094.6185,0.764287900436895,1.6089688697915956
2022-03-31,13379,SPLK,SPLUNK INC,45,-0.013876078856403238,0.25828,-0.4228795895462562,18901.314499999997,1.2346121481182337,1.658162476099864
2022-03-31,13511,PANW,PALO ALTO NETWORKS INC,45,-0.02,0.047496000000000003,-0.33243145743145747,58524.117,1.321954852774167,1.3277562279505637
2022-03-31,13610,OLN,OLIN CORP,15,0.02,0.019031,0.26376863876863876,8039.88684,1.3490668738267628,1.6390162003652093
2022-03-31,13688,PCG,P G & E CORP,55,-0.02,0.050072000000000005,-0.27697611030944363,23037.30276,1.3049225809737037,0.5148471067322108
2022-03-31,13704,NEO,NEOGENOMICS INC,35,-0.02,-0.432568,-0.5888648388648389,2655.39666,0.883899906534946,1.5986233843827709
2022-03-31,13802,APAM,ARTISAN PARTNERS ASSET MGMT INC,40,0.010000000000000009,0.032477000000000006,0.24937870771204107,2534.88665,1.7442294297756489,1.612715862118437
2022-03-31,13837,EVTC,EVERTEC INC,45,0.02,0.014063,0.4701779701779701,2904.7092,0.9399683245819207,0.9541278463671397
2022-03-31,14054,MRTX,MIRATI THERAPEUTICS INC,35,-0.02,-0.06881100000000001,-0.46314333814333813,4899.03552,1.5889966102189517,0.7737273256535666
2022-03-31,14136,RNG,RINGCENTRAL INC,45,-0.02,-0.104233,-0.45412457912457904,10743.664920000001,0.838945655822554,1.427436080426074
2022-03-31,14159,MNDT,MANDIANT INC,45,-0.02,0.126708,-0.4372494789161456,4629.7746,0.9360477047247996,1.5225394532935421
2022-03-31,14295,TWTR,TWITTER INC,50,-0.02,0.088266,-0.36343594676928015,28462.787549999997,0.8482181578442703,1.3029877353619836
2022-03-31,14328,AMC,A M C ENTERTAINMENT HOLDINGS INC,50,-0.02,0.306409,-0.4305154721821388,9693.30446,1.9277890123403874,1.1884361836548898
2022-03-31,14432,ITCI,INTRA CELLULAR THERAPIES INC,35,-0.02,0.10286,-0.3892295975629309,5192.595119999999,1.1844649610302767,0.705628624464587
2022-03-31,14596,FIVN,FIVE 9 INC,45,-0.02,0.0035759999999999998,-0.3314494147827482,7606.500000000001,0.5552976008084999,1.1200938951109913
2022-03-31,14813,MARA,MARATHON DIGITAL HOLDINGS INC,45,-0.015212111050313802,0.102504,-0.5644139810806478,2604.28155,5.569148920125042,1.830783385219493
2022-03-31,14828,SAGE,SAGE THERAPEUTICS INC,35,-0.02,-0.08996900000000001,-0.4602773769440436,2147.79398,1.6756369892992926,1.2927963898580725
2022-03-31,15067,FRPT,FRESHPET INC,30,-0.02,0.077752,-0.3904922238255572,4137.26735,0.7064875446827759,1.4156419761901164
2022-03-31,15069,MRO,MARATHON OIL CORP,10,0.02,0.11297199999999999,0.2554312970979638,16486.058399999998,2.7308305901673653,1.5735862663160936
2022-03-31,15546,Z,ZILLOW GROUP INC,60,-0.02,-0.14314100000000002,-0.7530463363796696,10522.30616,1.4933841734687312,1.8837185402546848
2022-03-31,16019,RRR,RED ROCK RESORTS INC,25,0.02,-0.028559,0.2914662497995832,3080.6556,2.3640097628403565,1.5923915941961844
2022-03-31,16119,ATKR,ATKORE INC,20,0.02,-0.032209999999999996,0.20644941478274811,4562.30376,2.338872516198627,1.6856698905270004
2022-03-31,16140,TWLO,TWILIO INC,45,-0.02,-0.057211,-0.549062049062049,30013.684400000002,1.4909478969130168,1.6945999694815734
2022-03-31,16381,BL,BLACKLINE INC,45,-0.02,-0.027812,-0.38265592432259105,4461.13847,0.9799051918107198,1.0588047171639243
2022-03-31,16382,COUP,COUPA SOFTWARE INC,45,-0.02,-0.160212,-0.4774330607663941,9083.010600000001,1.499320929807696,1.5033665380638612
2022-03-31,16434,GOLF,ACUSHNET HOLDINGS CORP,25,0.02,-0.076987,0.4203142536475869,3224.9939999999997,0.8273805468736434,1.195690687175539
2022-03-31,16597,AYX,ALTERYX INC,45,-0.02,0.148094,-0.4609187109187109,3730.0878999999995,0.7072812899049733,1.2354350298241008
2022-03-31,16649,OKTA,OKTA INC,45,-0.02,-0.17442,-0.4459074875741543,27374.8048,1.119933537636238,1.3874303029524648
2022-03-31,16655,CVNA,CARVANA CO,25,-0.02,-0.20727700000000002,-0.6831208914542248,13557.49747,2.390550564145532,1.9828318284915893
2022-03-31,16966,SWCH,SWITCH INC,45,-0.02,0.18671,-0.35561968895302215,3748.88354,0.6667756037279513,1.0590604280978386
2022-03-31,17104,APLS,APELLIS PHARMACEUTICALS INC,35,-0.02,0.194626,-0.6046977713644381,4156.49943,1.515633022788177,1.5124821223305767
2022-03-31,17341,ZS,ZSCALER INC,45,-0.02,0.008847,-0.39279701779701787,33740.477750000005,1.0794970288696921,1.1945735614441622
2022-03-31,17672,EAF,GRAFTECH INTERNATIONAL LTD NEW,20,0.02,-0.045695,0.29844075677409015,2653.6204799999996,1.1222732550974146,1.6168756137881652
2022-03-31,17855,AVLR,AVALARA INC,45,-0.02,-0.042404,-0.4929052429052429,9031.44156,0.8717104618715,1.3500134547186378
2022-03-31,17907,NKLA,NIKOLA CORP,20,-0.02,0.355636,-0.35666185666185674,3269.1068999999998,1.0504670103445435,1.010584657776607
2022-03-31,18134,UPWK,UPWORK INC,20,-0.02,-0.08075600000000001,-0.44933461600128266,3266.5804800000005,2.0448013584042344,1.5311526483297593
2022-03-31,18184,FSR,FISKER INC,25,-0.02,0.057317,-0.4347843514510181,2005.2652,0.9827695240552743,0.8162405643729342
2022-03-31,19561,BA,BOEING CO,20,-0.02,-0.06746,-0.3667628667628668,119713.22,1.3984202095539875,1.5117638633611323
2022-03-31,20204,CR,CRANE CO,20,0.02,0.071171,0.35780423280423274,5936.12516,1.5752715282218068,1.310350678556577
2022-03-31,21020,AAL,AMERICAN AIRLINES GROUP INC,20,-0.02,0.057911000000000004,-0.3709515792849126,11198.01,1.5591439714361892,1.5408526668562423
2022-03-31,21936,PFE,PFIZER INC,35,0.02,0.102837,0.3551186467853135,263959.86123999994,0.6707585409782648,0.8278475119586807
2022-03-31,22752,MRK,MERCK & CO INC NEW,35,0.009999999999999995,0.080873,0.3177609427609428,193573.86972,0.3933430839959164,0.6744883347682931
2022-03-31,24328,EQT,E Q T CORP,10,-0.02,0.486975,-0.17075517075517072,8701.17222,1.088926804257328,0.9505285804537608
2022-03-31,29612,AIT,APPLIED INDUSTRIAL TECHS INC,20,0.02,0.01537,0.3290644540644541,3888.0027,1.362352021951677,1.3118502388262034
2022-03-31,44134,KMT,KENNAMETAL INC,20,0.02,-0.097821,0.2660133076799744,2634.81561,1.9416494840060343,1.3657077971264258
2022-03-31,44943,DIOD,DIODES INC,45,0.02,-0.029081000000000003,0.25659371492704824,4033.5209800000002,1.1137912518608224,1.6439512385834514
2022-03-31,49429,DDS,DILLARDS INC,25,0.02,0.071228,0.3560405643738977,3872.96808,0.902829400486004,1.8280339191421937
2022-03-31,50948,SMTC,SEMTECH CORP,45,0.02,-0.0006370000000000001,0.27615440115440115,4447.18862,1.5493433302317692,1.5871513676996185
2022-03-31,53110,BMI,BADGER METER INC,45,0.02,0.0029579999999999997,0.2998236331569665,2907.6430899999996,0.7750072868344927,1.1966683741163127
2022-03-31,56223,LPX,LOUISIANA PACIFIC CORP,15,0.02,-0.136683,0.1627986211319545,6177.41115,1.6557599637895397,1.8028775446967185
2022-03-31,57808,VSH,VISHAY INTERTECHNOLOGY INC,45,0.02,0.026522,0.340688632355299,2548.52795,1.308811575730987,1.3021902238452885
2022-03-31,61313,DCI,DONALDSON INC,20,0.02,-0.043177999999999994,0.34277296777296773,6704.08164,1.2799690097545249,1.0475326752082814
2022-03-31,62341,PDCE,P D C ENERGY INC,10,0.02,0.130433,0.34143017476350807,6215.2116,2.877171458307177,1.632037835685299
2022-03-31,68196,SEIC,S E I INVESTMENTS CO,40,0.02,0.027764999999999998,0.4286716370049703,8104.77732,1.0184973111166378,1.1986795544040754
2022-03-31,75825,EOG,EOG RESOURCES INC,10,0.02,0.046401000000000005,0.29463283629950304,67276.35148,1.7465138388467962,1.2763653629771892
2022-03-31,76095,HOLX,HOLOGIC INC,35,0.02,0.079327,0.2553110469777136,17791.36128,1.078325464803536,0.8741277846750649
2022-03-31,76573,MLI,MUELLER INDUSTRIES INC,20,0.02,-0.046502999999999996,0.34349446849446846,3269.0791,1.1547165398407797,1.2714299027358165
2022-03-31,77300,SMG,SCOTTS MIRACLE GRO CO,15,-0.02,-0.12215100000000001,-0.37000962000962,7785.09504,1.1474328440457857,1.3071141579288095
2022-03-31,77699,FCEL,FUELCELL ENERGY INC,20,-0.02,-0.04006,-0.6363435946769281,2200.1220000000003,4.062183175279183,1.6129251114400622
2022-03-31,77785,WIRE,ENCORE WIRE CORP,20,0.02,-0.020074,0.20224066057399387,2355.06018,1.1373154900226365,1.4382663772122757
2022-03-31,80191,ALB,ALBEMARLE CORP,15,-0.02,0.131161,-0.4146224146224146,22926.37793,1.5349800770739244,1.8267644404934655
2022-03-31,80575,SSD,SIMPSON MANUFACTURING CO INC,20,0.02,-0.079969,0.32954545454545453,5148.0743999999995,1.2116405057597774,1.1046201266751237
2022-03-31,81282,ACIW,A C I WORLDWIDE INC,45,0.02,-0.060620999999999994,0.27767756934423604,3856.94528,1.054385704141671,1.2384031524256285
2022-03-31,82307,DVA,DAVITA INC,35,0.02,0.0029549999999999997,0.2318622735289402,10859.751,1.1391100032246027,0.8883045281683528
2022-03-31,82634,SAM,BOSTON BEER INC,30,-0.02,0.013005000000000001,-0.3359988776655443,3921.2619600000003,0.8337420697929117,0.8522396165733988
2022-03-31,82779,NVAX,NOVAVAX INC,35,-0.02,-0.116649,-0.5787838704505371,6359.713710000001,1.7146412421469324,1.09167190411282
2022-03-31,82800,SCCO,SOUTHERN COPPER CORP,15,0.02,0.093758,0.32942520442520445,53645.409,1.035341841923156,1.3583243265431308
2022-03-31,82924,JWA,WILEY JOHN & SONS INC,50,0.009999999999999995,0.054005000000000004,0.29799983966650634,2355.3632700000003,0.7883746297617538,0.9700644964239744
2022-03-31,84042,PAG,PENSKE AUTOMOTIVE GROUP INC,25,0.02,-0.046555,0.27272727272727276,7600.569120000001,1.388346574494879,1.5030803729388773
2022-03-31,84262,STLD,STEEL DYNAMICS INC,15,0.010000000000000009,0.186808,0.2649310565977233,13501.88342,1.3287974623291583,1.4800811861761605
2022-03-31,85002,SRPT,SAREPTA THERAPEUTICS INC,35,-0.02,0.019649999999999997,-0.37634279300945966,6676.561500000001,1.371465202786875,1.0794386747217262
2022-03-31,85427,GPI,GROUP 1 AUTOMOTIVE INC,25,0.02,-0.077562,0.21318342151675487,3100.26913,1.6739026688573897,1.4956425100921904
2022-03-31,85593,AMG,AFFILIATED MANAGERS GROUP INC,40,0.02,0.018659,0.4045414462081129,5503.822440000001,1.32280100787867,1.5079972217257278
2022-03-31,85738,MRCY,MERCURY SYSTEMS INC,20,-0.02,0.070182,-0.46482683982683987,3417.72588,0.888680629587454,1.2955122684157605
2022-03-31,86047,AMKR,AMKOR TECHNOLOGY INC,45,0.02,-0.041965999999999996,0.28445165945165946,5545.399380000001,1.4932742459697184,1.9352855604989343
2022-03-31,86158,CTSH,COGNIZANT TECHNOLOGY SOLS CORP,45,0.00999999999999939,0.041041,0.35391614558281226,45178.19955,1.0442550557785237,0.9805854340280509
2022-03-31,86211,MSTR,MICROSTRATEGY INC,45,-0.010911810093282352,0.097728,-0.6166827000160334,4129.2029999999995,1.776373912023877,2.146786319501453
2022-03-31,86594,KFY,KORN FERRY,20,0.02,-0.018151,0.29984367484367486,3605.47164,1.522524425982217,1.3143589622680403
2022-03-31,87179,NTCT,NETSCOUT SYSTEMS INC,45,0.02,0.030456999999999998,0.3382034632034632,2298.3278999999998,0.6504734650265809,1.108863610276843
2022-03-31,87337,PLUG,PLUG POWER INC,20,-0.02,0.131217,-0.6276254609587942,14614.129979999998,1.8282918839559255,2.177789793280194
2022-03-31,87430,KTOS,KRATOS DEFENSE & SECUR SOLS INC,20,-0.02,-0.021093,-0.38688472021805353,2607.5315600000004,0.6966218557017982,1.5865525118278259
2022-03-31,88159,EXEL,EXELIXIS INC,35,0.02,0.10417799999999999,0.25891855058521723,6568.18343,0.7557004091049888,1.0103553079515386
2022-03-31,88615,ITGR,INTEGER HOLDINGS CORP,35,0.02,-0.039407,0.15722703222703222,2775.92926,1.3128161853872327,1.133428784410766
2022-03-31,88949,SGEN,SEAGEN INC,35,-0.02,0.11773299999999999,-0.32227032227032215,23663.88262,0.8259229814363119,0.8395161622784906
2022-03-31,89031,AXON,AXON ENTERPRISE INC,20,-0.02,-0.018028000000000002,-0.3718734968734968,9948.213,0.5882529557987033,1.2195090084232267
2022-03-31,89216,AYI,ACUITY BRANDS INC,20,0.02,0.03794,0.29876142376142373,6386.232660000001,1.5229423169533178,1.2218333208802792
2022-03-31,89301,GME,GAMESTOP CORP NEW,25,-0.02,0.350516,-0.5205828122494789,9417.13234,0.9690902334344484,0.6765783973265285
2022-03-31,89393,NFLX,NETFLIX INC,50,-0.02,-0.050577,-0.31006493506493504,175045.76236,1.0010080201308142,1.1972333284687242
2022-03-31,89455,RUSHA,RUSH ENTERPRISES INC,20,0.02,-0.019891000000000002,0.4125982042648709,2235.96506,1.2089517007873853,0.9907935771684746
2022-03-31,89792,CVCO,CAVCO INDUSTRIES INC DEL,25,0.02,-0.11662800000000001,0.30401234567901236,2498.38132,1.0431141401671709,1.3451227200182878
2022-03-31,89968,PIPR,PIPER SANDLER COMPANIES,40,0.02,-0.080739,0.5693241943241943,2646.1227799999997,1.366815634541902,1.4830010500205795
2022-03-31,90312,WLK,WESTLAKE CORP,15,0.02,0.11860599999999999,0.3501082251082251,14110.965510000002,1.2671541100442918,1.3849246701787121
2022-03-31,91103,UAL,UNITED AIRLINES HOLDINGS INC,20,-0.02,0.044084000000000005,-0.4171276254609588,14413.3944,1.3590854363877563,1.5424978245146033
2022-03-31,91413,EVR,EVERCORE INC,40,0.02,-0.12359400000000001,0.29695767195767203,4877.692040000001,1.58202644262489,1.516770449068074
2022-03-31,91463,CVLT,COMMVAULT SYSTEMS INC,45,0.02,0.054621,0.3341149591149591,2803.2696,0.6393987358856025,1.2898904769330901
2022-03-31,91983,CLR,CONTINENTAL RESOURCES INC,10,0.02,0.10638099999999999,0.25885842552509214,20193.03814,2.858321540963896,1.4783584473524631
2022-03-31,92221,MELI,MERCADOLIBRE INC,25,-0.009999999999999995,0.055707,-0.4678130511463845,56804.56635,1.5237404539513206,1.820964451367127
2022-03-31,92611,V,VISA INC,45,0.02,0.026083,0.310345518678852,358418.59488,0.8658850679577047,1.2737380444982591
2022-03-31,93002,AVGO,BROADCOM INC,45,0.02,0.079154,0.2839305755972422,239840.59064000004,0.9922317970052377,1.334893311946715
2022-03-31,93263,CELH,CELSIUS HOLDINGS INC,30,-0.010000000000000002,-0.136388,-0.49995991662658323,4785.93601,2.222067748470357,1.6960032757931547
2022-04-30,10606,WTS,WATTS WATER TECHNOLOGIES INC,20,0.02,-0.086934,0.26055217408600867,3830.2100100000002,0.940412814538025,1.210790873005253
2022-04-30,10777,FCNCA,FIRST CITIZENS BANCSHARES INC NC,40,-0.02,-0.03943,-0.3071368898436568,9981.3376,1.1032622592282098,1.3110905134731992
2022-04-30,11691,MATX,MATSON INC,20,0.02,-0.28688800000000003,0.4797310737160362,4927.44762,0.8568289535018587,1.0099540885506246
2022-04-30,12060,GE,GENERAL ELECTRIC CO,20,-0.02,-0.185283,-0.2733818673668298,100810.2165,0.9898410336925569,0.984126267227611
2022-04-30,12591,APO,APOLLO GLOBAL MANAGEMENT INC NEW,40,-0.02,-0.197327,-0.387019135139436,35391.392790000005,1.5274295922219552,1.3957838110852159
2022-04-30,13610,OLN,OLIN CORP,15,0.02,0.097897,0.22928352627600748,8062.046520000001,1.3502804928597407,1.540021072194236
2022-04-30,13688,PCG,P G & E CORP,55,-0.02,0.059427,-0.32277121374865736,29433.688019999998,1.3116310637809334,0.4972221851054352
2022-04-30,13802,APAM,ARTISAN PARTNERS ASSET MGMT INC,40,0.01737126776813187,-0.183264,0.21659306997652858,2617.3652500000003,1.7395861601235654,1.5425886796264723
2022-04-30,13837,EVTC,EVERTEC INC,45,0.02,-0.036196,0.41560249830926527,2945.7320999999997,0.9320350850937152,0.9128007205793518
2022-04-30,14054,MRTX,MIRATI THERAPEUTICS INC,35,-0.02,-0.24851700000000002,-0.43843736324939336,4564.11442,1.5575602213548176,0.7593790242011185
2022-04-30,14136,RNG,RINGCENTRAL INC,45,-0.02,-0.276123,-0.4594422564347376,9900.377069999999,0.8216796031073204,1.4415109760441833
2022-04-30,14159,MNDT,MANDIANT INC,45,-0.02,-0.014829,-0.43433981779846437,5219.60298,0.9574145033395406,1.4568301262583605
2022-04-30,14295,TWTR,TWITTER INC,50,-0.02,0.266957,-0.33430799220272905,30976.800289999996,0.8494271291683841,1.2428851368143037
2022-04-30,14328,AMC,A M C ENTERTAINMENT HOLDINGS INC,50,-0.02,-0.379095,-0.39316545331582936,12733.43456,1.9446124811018355,1.2575789318790367
2022-04-30,14432,ITCI,INTRA CELLULAR THERAPIES INC,35,-0.02,-0.172941,-0.32756494410629744,5753.083799999999,1.202555513882576,0.6575488820102671
2022-04-30,14596,FIVN,FIVE 9 INC,45,-0.02,-0.002754,-0.357958388033576,7675.228800000001,0.5495279258092348,1.1840503513106087
2022-04-30,14776,SYF,SYNCHRONY FINANCIAL,40,0.01262873223186814,0.063738,0.29565978438158885,18145.478320000002,1.599006978091664,1.365032093923544
2022-04-30,14813,MARA,MARATHON DIGITAL HOLDINGS INC,45,-0.02,-0.441897,-0.5639893384254286,2964.1534,5.528459582618149,1.6614195647372316
2022-04-30,15067,FRPT,FRESHPET INC,30,-0.02,-0.09054799999999999,-0.4341806898197875,4461.86344,0.7135185443696319,1.511345227527355
2022-04-30,15069,MRO,MARATHON OIL CORP,10,0.02,-0.007604,0.2290846163026614,18349.509149999998,2.7349209686331424,1.4412186535489007
2022-04-30,15284,BPMC,BLUEPRINT MEDICINES CORP,35,-0.02,-0.08660599999999999,-0.3746071528026415,3804.43728,1.000976218578001,1.071817137488379
2022-04-30,15546,Z,ZILLOW GROUP INC,60,-0.02,-0.192165,-0.6839320523531051,8868.84828,1.4670613885786026,1.781289715832805
2022-04-30,15638,GBT,GLOBAL BLOOD THERAPEUTICS INC,35,-0.02,-0.11377799999999999,-0.6043680630146796,2253.5052,1.0446143136798385,1.3690145002351757
2022-04-30,16019,RRR,RED ROCK RESORTS INC,25,0.02,-0.094765,0.31358157298006917,2985.08032,2.3514326890208967,1.5567166676233293
2022-04-30,16021,CDEV,CENTENNIAL RESOURCE DEVELOP INC,10,0.010000000000000009,-0.040929,0.25514182281099573,2299.87737,5.5287954202230285,1.1813001527702123
2022-04-30,16119,ATKR,ATKORE INC,20,0.02,-0.023808,0.24575327206906156,4415.62464,2.323649023312103,1.6265902366811955
2022-04-30,16140,TWLO,TWILIO INC,45,-0.02,-0.321559,-0.5574253093050084,28298.37143,1.465384400973269,1.665443351708563
2022-04-30,16381,BL,BLACKLINE INC,45,-0.02,-0.08430399999999999,-0.35322433066793973,4341.43346,0.973489927843489,1.0122897985013677
2022-04-30,16382,COUP,COUPA SOFTWARE INC,45,-0.02,-0.150878,-0.5564705414329474,7674.99597,1.4656964515055877,1.6025574874931634
2022-04-30,16434,GOLF,ACUSHNET HOLDINGS CORP,25,0.010000000000000009,0.011885999999999999,0.31031944941719375,2914.0188,0.8108443618277908,1.1761621977013872
2022-04-30,16597,AYX,ALTERYX INC,45,-0.02,-0.10251099999999999,-0.4571746827385925,4282.71569,0.7191548463977314,1.2279980154435108
2022-04-30,16649,OKTA,OKTA INC,45,-0.02,-0.20969500000000002,-0.4898357003620161,22601.731200000002,1.0887973092398495,1.4106529183486654
2022-04-30,16655,CVNA,CARVANA CO,25,-0.02,-0.514162,-0.691411067350917,10751.488410000002,2.348839706737105,2.08801506585461
2022-04-30,16966,SWCH,SWITCH INC,45,-0.02,-0.031186,-0.3000755857898715,4575.19818,0.6885782530443275,0.9194749038982298
2022-04-30,17037,SAIL,SAILPOINT TECHNOLOGIES HLDGS INC,45,-0.0016869905792002901,0.24713,-0.3325774754346183,4820.74656,1.8871472589046485,1.3606865145562244
2022-04-30,17104,APLS,APELLIS PHARMACEUTICALS INC,35,-0.02,-0.143316,-0.6215936667064488,5408.2164,1.5325928693013857,1.562910804046577
2022-04-30,17341,ZS,ZSCALER INC,45,-0.02,-0.15976800000000002,-0.3758205036400525,34040.9888,1.0705300041451509,1.2290877380270615
2022-04-30,17672,EAF,GRAFTECH INTERNATIONAL LTD NEW,20,0.02,-0.056170000000000005,0.3731948919918845,2532.5227199999995,1.109712754894224,1.5472007170956144
2022-04-30,17701,SMAR,SMARTSHEET INC,45,-0.02,-0.117781,-0.34996220710506426,7047.06354,1.564821556122506,1.3844885368618813
2022-04-30,17787,EQH,EQUITABLE HOLDINGS INC,40,-0.02,-0.067329,-0.29546087440824287,12041.23778,1.4816181471474124,1.411210689556898
2022-04-30,17855,AVLR,AVALARA INC,45,-0.02,-0.23559100000000002,-0.5190754664438875,8705.83137,0.8601688169094073,1.3785819919051332
2022-04-30,17907,NKLA,NIKOLA CORP,20,-0.02,-0.329636,-0.38331940963519917,4480.46424,1.0965423206243394,1.072514065875448
2022-04-30,18134,UPWK,UPWORK INC,20,-0.02,-0.097713,-0.44669212714325496,3013.0892400000002,2.0250574893501687,1.5895723443818988
2022-04-30,18184,FSR,FISKER INC,25,-0.02,-0.220192,-0.4225046743843736,2121.2502,0.9839886919253358,0.8535958514897153
2022-04-30,18453,LAZR,LUMINAR TECHNOLOGIES INC,25,-0.02,-0.20861000000000002,-0.5077375979631619,3981.19545,1.4332222388901839,0.9869548860535902
2022-04-30,19561,BA,BOEING CO,20,-0.02,-0.222805,-0.38763575605680867,113058.7275,1.383682418412392,1.4377113782235431
2022-04-30,20204,CR,CRANE CO,20,0.02,-0.11132299999999999,0.3119902931933008,6158.9664,1.5826063952582599,1.2916234125012633
2022-04-30,21936,PFE,PFIZER INC,35,0.02,-0.052191,0.2817161952500298,292385.25998000003,0.681106766174351,0.8031910930621491
2022-04-30,22752,MRK,MERCK & CO INC NEW,35,0.02,0.080889,0.3487289652703186,207400.5747,0.3996596791922424,0.6291616760316529
2022-04-30,24328,EQT,E Q T CORP,10,-0.02,0.15514999999999998,-0.25366988900823484,12938.95143,1.150827091540164,0.9159756815675061
2022-04-30,29612,AIT,APPLIED INDUSTRIAL TECHS INC,20,0.02,0.019737,0.3224529577913036,3947.99562,1.3580508200162478,1.18062500533496
2022-04-30,44134,KMT,KENNAMETAL INC,20,0.02,-0.100701,0.22279906114492584,2377.2335099999996,1.929197449390916,1.304011738311755
2022-04-30,44943,DIOD,DIODES INC,45,0.02,-0.16051500000000002,0.2915821299279946,3934.73168,1.103160409295153,1.5309621021964732
2022-04-30,49429,DDS,DILLARDS INC,25,0.02,0.131935,0.34512869475275504,4146.08872,0.8993329421776556,1.731744234686972
2022-04-30,50948,SMTC,SEMTECH CORP,45,0.02,-0.14050400000000002,0.28497831881290525,4445.11004,1.543749378480676,1.4742974184969808
2022-04-30,53110,BMI,BADGER METER INC,45,0.02,-0.19079000000000002,0.3093646815451327,2916.4177899999995,0.770362578182994,1.1203745847282451
2022-04-30,54148,PHM,PULTE GROUP INC,25,0.02,-0.003378,0.26118868600071604,10115.7075,1.338816691169224,1.3307039304659
2022-04-30,56223,LPX,LOUISIANA PACIFIC CORP,15,0.02,0.038598,0.18723395791064965,5344.05936,1.6338739852135438,1.7539121255678192
2022-04-30,57808,VSH,VISHAY INTERTECHNOLOGY INC,45,0.02,-0.049527,0.298583760989776,2602.9780000000005,1.31171895427427,1.2517115543911863
2022-04-30,62341,PDCE,P D C ENERGY INC,10,0.02,-0.040488,0.35012133508374105,6951.4786,2.878607743791369,1.4422781275578092
2022-04-30,68196,SEIC,S E I INVESTMENTS CO,40,0.02,-0.074609,0.4017583641643792,8261.95599,1.0196266633710036,1.1594023302006091
2022-04-30,76095,HOLX,HOLOGIC INC,35,0.02,-0.062911,0.2726856824601186,19155.22064,1.0881255161822303,0.7914334411943478
2022-04-30,76573,MLI,MUELLER INDUSTRIES INC,20,0.02,-0.000406,0.32352707164737243,3104.04934,1.1453565826122054,1.241488965219571
2022-04-30,77300,SMG,SCOTTS MIRACLE GRO CO,15,-0.02,-0.154803,-0.38489079842463303,6834.60864,1.1291800654733082,1.3181001598083064
2022-04-30,77699,FCEL,FUELCELL ENERGY INC,20,-0.02,-0.291704,-0.5137048971635438,2112.12288,4.022299963465857,1.4415386228399212
2022-04-30,77785,WIRE,ENCORE WIRE CORP,20,0.02,-0.011083,0.23523093447905477,2245.23981,1.1264753301219486,1.411357522845056
2022-04-30,79878,UFPI,U F P INDUSTRIES INC,20,0.018313009420799074,0.002685,0.24927397859728684,4790.555759999999,1.420807203878162,1.200956870124747
2022-04-30,80575,SSD,SIMPSON MANUFACTURING CO INC,20,0.02,-0.04702,0.4641962047977085,4727.4292,1.1946206333458749,1.0421787814279826
2022-04-30,80864,RS,RELIANCE STEEL & ALUMINUM CO,15,0.010000000000000009,0.08122800000000001,0.4022954210924135,11313.61175,0.8365270295184031,1.0929416186039884
2022-04-30,81282,ACIW,A C I WORLDWIDE INC,45,0.02,-0.122933,0.2984644150057684,3624.6249599999996,1.0497123947137812,1.2063334174602163
2022-04-30,82307,DVA,DAVITA INC,35,0.02,-0.041943,0.2657636153876755,10892.493,1.133588107215979,0.8508899613196028
2022-04-30,82634,SAM,BOSTON BEER INC,30,-0.02,-0.034712,-0.34196602617655253,3972.4942200000005,0.8223714425316223,0.8391989445557327
2022-04-30,82779,NVAX,NOVAVAX INC,35,-0.02,-0.388089,-0.5656601822015356,5753.75895,1.66661187347417,1.044642766869974
2022-04-30,84042,PAG,PENSKE AUTOMOTIVE GROUP INC,25,0.02,0.118401,0.25540040577634565,7196.7588000000005,1.370802204642467,1.4327715885810042
2022-04-30,85002,SRPT,SAREPTA THERAPEUTICS INC,35,-0.02,-0.074282,-0.3463221545928313,6835.18752,1.3617291247275434,1.0307374330389254
2022-04-30,85427,GPI,GROUP 1 AUTOMOTIVE INC,25,0.02,0.037561,0.22604129371046663,2859.99103,1.652568405998164,1.3941547091321185
2022-04-30,85593,AMG,AFFILIATED MANAGERS GROUP INC,40,0.02,-0.109154,0.30156741058996694,5606.85005,1.3210360081476011,1.5527524456275346
2022-04-30,85738,MRCY,MERCURY SYSTEMS INC,20,-0.02,-0.134405,-0.44030711699884634,3657.7953,0.8971695305500358,1.2070653698132885
2022-04-30,86047,AMKR,AMKOR TECHNOLOGY INC,45,0.02,-0.13401500000000002,0.3651788200660381,5311.23504,1.4947586592551418,1.8041022363633676
2022-04-30,86158,CTSH,COGNIZANT TECHNOLOGY SOLS CORP,45,0.02,-0.09784,0.3804551060190158,46718.07,1.046352550043354,0.9238000679199748
2022-04-30,86594,KFY,KORN FERRY,20,0.02,-0.053933,0.259676970203286,3500.46082,1.5154264883216808,1.2883674534644014
2022-04-30,87179,NTCT,NETSCOUT SYSTEMS INC,45,0.011686990579200284,-0.039937,0.3220949198392807,2377.19216,0.6557913411169772,1.0461977009101096
2022-04-30,87430,KTOS,KRATOS DEFENSE & SECUR SOLS INC,20,-0.02,-0.259314,-0.3745275888133031,2556.416,0.6835567804545898,1.5003290131139608
2022-04-30,88159,EXEL,EXELIXIS INC,35,0.02,-0.014594000000000001,0.3521701078092056,7260.47556,0.7672727152107931,0.938797813442297
2022-04-30,88615,ITGR,INTEGER HOLDINGS CORP,35,0.02,-0.06706,0.19869117237538286,2666.7058599999996,1.3104006844970828,1.047918274710803
2022-04-30,88853,FLR,FLUOR CORP NEW,20,-0.02,-0.13736700000000002,-0.37796873135219,4051.6591800000006,2.77569047290119,1.4444880273182092
2022-04-30,88949,SGEN,SEAGEN INC,35,-0.02,-0.09056099999999999,-0.2688467199745395,26489.642600000003,0.8333083544264912,0.7819373906155527
2022-04-30,89031,AXON,AXON ENTERPRISE INC,20,-0.02,-0.1854,-0.3455861876914509,9778.416809999999,0.5683069008761137,1.167238228572749
2022-04-30,89301,GME,GAMESTOP CORP NEW,25,-0.02,-0.249227,-0.616063969447428,12716.55062,0.9868299982063825,0.6190918025622638
2022-04-30,89393,NFLX,NETFLIX INC,50,-0.010000000000000002,-0.491855,-0.256036917691053,166420.59766,0.9913683590997322,1.194865188674387
2022-04-30,89455,RUSHA,RUSH ENTERPRISES INC,20,0.02,-0.000626,0.42111230457095117,2193.91554,1.1974771091979195,0.9100716953258967
2022-04-30,89792,CVCO,CAVCO INDUSTRIES INC DEL,25,0.02,-0.019136,0.2713132036440307,2207.1494,1.020189521836164,1.3209401674268981
2022-04-30,89968,PIPR,PIPER SANDLER COMPANIES,40,0.02,-0.123999,0.5055296972590205,2350.425,1.3423673880953524,1.4308568480422585
2022-04-30,90312,WLK,WESTLAKE CORP,15,0.02,0.025490000000000002,0.34313959501929425,15785.451400000002,1.280950905446993,1.278744937607866
2022-04-30,90564,PBH,PRESTIGE CONSUMER HEALTHCARE INC,35,0.009999999999999995,0.032452999999999996,0.31320364403071166,2657.5350599999997,0.6301339484587908,0.6885287052157509
2022-04-30,90978,SPWR,SUNPOWER CORP,45,-0.02,-0.231415,-0.5669332060309504,3734.2120800000002,2.038602773633126,1.801110092419769
2022-04-30,91103,UAL,UNITED AIRLINES HOLDINGS INC,20,-0.02,0.08926400000000001,-0.43656760949994033,15147.156439999999,1.3593545023111278,1.6375239616980104
2022-04-30,91402,GTLS,CHART INDUSTRIES INC,20,-0.008313009420799098,-0.017210999999999997,-0.5416318574213311,6286.43846,1.661900704632616,1.8709461621685621
2022-04-30,91413,EVR,EVERCORE INC,40,0.02,-0.050073,0.35177228786251336,4275.13328,1.5586006906017216,1.4691973985209341
2022-04-30,91463,CVLT,COMMVAULT SYSTEMS INC,45,0.02,-0.08066999999999999,0.3100807574491785,2953.30485,0.646880147788102,1.2006395889618773
2022-04-30,91733,AVAV,AEROVIRONMENT INC,20,-0.02,-0.14684,-0.41456816644786576,2345.40396,0.413206882296571,1.2065767073341656
2022-04-30,91983,CLR,CONTINENTAL RESOURCES INC,10,0.02,-0.093955,0.26100966702470463,22342.39634,2.8627859910787845,1.320837865723209
2022-04-30,92040,FOLD,AMICUS THERAPEUTICS INC,35,-0.02,-0.252413,-0.48488284202569915,2652.86898,1.3388386924438425,1.2844112023904763
2022-04-30,92611,V,VISA INC,45,0.02,-0.038996,0.2562159366670645,367788.69048,0.8652461926837457,1.261317680796194
2022-04-30,93002,AVGO,BROADCOM INC,45,0.02,-0.11960599999999999,0.2704578907586426,257086.38007999997,0.9971808555311604,1.1953023886939755
2022-05-31,11403,CDNS,CADENCE DESIGN SYSTEMS INC,45,0.02,0.018785000000000003,0.25682621926145244,41598.24515,1.088122847420082,1.3183616194345624
2022-05-31,11691,MATX,MATSON INC,20,0.02,0.048207,0.40262357101735347,3514.0030199999997,1.0167344771651468,1.0355921415678888
2022-05-31,12591,APO,APOLLO GLOBAL MANAGEMENT INC NEW,40,-0.02,0.166508,-0.3072004276667489,28409.02896,1.570745979427051,1.385098623871451
2022-05-31,13318,YELP,YELP INC,50,0.009999999999999995,-0.096219,0.24619623324286538,2313.04565,1.6619378487174188,1.089422443904545
2022-05-31,13688,PCG,P G & E CORP,55,-0.02,-0.03588,-0.19732297063903284,31184.805300000004,1.1642798817653943,0.47086183990903957
2022-05-31,13837,EVTC,EVERTEC INC,45,0.02,-0.037363,0.3788140472078296,2828.4866,0.9014880192110717,0.8383507856298237
2022-05-31,14054,MRTX,MIRATI THERAPEUTICS INC,35,-0.02,-0.366547,-0.40424788222715685,3431.01333,1.66724089374594,0.7182736110848036
2022-05-31,14136,RNG,RINGCENTRAL INC,45,-0.02,-0.25617,-0.4389135619705568,7167.024949999999,0.9787339990772613,1.4005144639440195
2022-05-31,14179,AR,ANTERO RESOURCES CORP,10,-0.02,0.21787499999999999,-0.33253145817912655,11077.6864,3.728079170292103,1.038516896909889
2022-05-31,14295,TWTR,TWITTER INC,50,-0.02,-0.192473,-0.3564026646928201,37430.59356,0.6139754308570721,1.257669093317277
2022-05-31,14328,AMC,A M C ENTERTAINMENT HOLDINGS INC,50,-0.02,-0.063052,-0.3800888230940044,7906.7187,2.1432643004598635,1.20986605522674
2022-05-31,14432,ITCI,INTRA CELLULAR THERAPIES INC,35,-0.02,0.133856,-0.35899333826794966,4751.72229,1.27664697434073,0.6212973770634479
2022-05-31,14521,TNET,TRINET GROUP INC,20,0.02,-0.11485000000000001,0.4398182416317131,5522.3733,1.2803925341336724,0.9121171840260243
2022-05-31,14596,FIVN,FIVE 9 INC,45,-0.02,-0.121924,-0.48427091043671355,7658.2257,0.5374445301098701,1.1152720121523951
2022-05-31,14617,ARES,ARES MANAGEMENT CORP,40,-0.02,0.074444,-0.3588494119582202,11334.14898,1.016474101313662,1.4346356505234201
2022-05-31,14641,ZEN,ZENDESK INC,45,-0.02,-0.250963,-0.37961592236203634,14872.77072,0.9989205352679636,1.2293656978790728
2022-05-31,14751,VRTV,VERITIV CORP,20,0.02,0.033918,0.25666173205033305,2112.45674,2.029975431814961,1.4256283158229892
2022-05-31,15067,FRPT,FRESHPET INC,30,-0.0019461770909775002,-0.22933800000000001,-0.4078049181676124,4059.7915,0.7551642557607442,1.433499748011472
2022-05-31,15069,MRO,MARATHON OIL CORP,10,0.02,0.26448699999999997,0.234168105929764,17906.54012,2.554413141840446,1.3093634017836813
2022-05-31,15284,BPMC,BLUEPRINT MEDICINES CORP,35,-0.02,-0.057719,-0.4091208158565672,3475.96785,1.0005649416592992,1.0314531743921507
2022-05-31,15351,FTAI,FORTRESS TRANS AND INFR INV LLC,20,-0.02,-0.048833,-0.3632700057570523,2131.5716099999995,1.890936430865812,1.2436853321410906
2022-05-31,15546,Z,ZILLOW GROUP INC,60,-0.02,0.001702,-0.68811168681635,7166.52486,1.508079197738347,1.6938853343846023
2022-05-31,16019,RRR,RED ROCK RESORTS INC,25,0.02,-0.119279,0.29864709268854345,2703.54,2.2628847915757566,1.470744196540717
2022-05-31,16021,CDEV,CENTENNIAL RESOURCE DEVELOP INC,10,0.0019461770909775002,0.025533,0.20867258820626697,2205.84582,5.187405288337928,1.0796568939991387
2022-05-31,16119,ATKR,ATKORE INC,20,0.02,0.133096,0.23359240069084633,4310.661599999999,2.190768994351581,1.529207292666883
2022-05-31,16140,TWLO,TWILIO INC,45,-0.02,-0.059778000000000005,-0.5489555062093922,19206.53866,1.6142761626837638,1.6387633846549028
2022-05-31,16381,BL,BLACKLINE INC,45,-0.02,0.091714,-0.3340118430792006,3976.8695999999995,0.9754860819434124,0.9581211809440268
2022-05-31,16382,COUP,COUPA SOFTWARE INC,45,-0.02,-0.203204,-0.5245291553581709,6519.2746,1.4858080438426338,1.5533313251548844
2022-05-31,16434,GOLF,ACUSHNET HOLDINGS CORP,25,0.02,-0.001289,0.3191668722756806,2947.98714,0.7546165988078509,1.1272355877821085
2022-05-31,16597,AYX,ALTERYX INC,45,-0.02,-0.133485,-0.44802204128629003,3876.9738,0.7638309267563803,1.1764956413641046
2022-05-31,16649,OKTA,OKTA INC,45,-0.02,-0.304221,-0.4741138251500946,17986.10181,1.184435106789389,1.3677281900350418
2022-05-31,16655,CVNA,CARVANA CO,25,-0.02,-0.49237,-0.8285426433094827,6127.93692,2.583930249179729,2.0983030080574183
2022-05-31,16932,ROKU,ROKU INC,50,-0.02,0.021221999999999998,-0.49689530389012254,11133.879200000001,2.0104829781052445,1.468327798644689
2022-05-31,16966,SWCH,SWITCH INC,45,-0.02,0.131746,-0.32395756229953115,4432.68714,0.6679006410498954,0.8640285491780677
2022-05-31,17037,SAIL,SAILPOINT TECHNOLOGIES HLDGS INC,45,-0.018053822909021872,-0.006417,-0.4010198207089399,6016.16899,1.5960961218570775,1.3847135785915254
2022-05-31,17104,APLS,APELLIS PHARMACEUTICALS INC,35,-0.02,-0.04809,-0.6072662225511966,4636.902660000001,1.5501242794376804,1.4722035915478096
2022-05-31,17341,ZS,ZSCALER INC,45,-0.02,-0.245202,-0.3846327823011761,28758.060780000003,1.1435209853524653,1.1910177978711365
2022-05-31,17672,EAF,GRAFTECH INTERNATIONAL LTD NEW,20,0.02,-0.043286000000000005,0.3940291142363681,2372.2498800000003,1.0628732516693657,1.4341396164096851
2022-05-31,17855,AVLR,AVALARA INC,45,-0.02,0.112747,-0.4766839378238342,6655.136089999999,0.9864255555629765,1.3125041313168382
2022-05-31,17907,NKLA,NIKOLA CORP,20,-0.02,-0.01702,-0.3355744715848343,3022.0907199999997,1.292311548075486,0.9904572505292136
2022-05-31,17987,VRT,VERTIV HOLDINGS CO,20,-0.02,-0.123212,-0.4454313677111604,4711.17976,1.0901694511149451,1.5041338797074462
2022-05-31,18097,MNTV,MOMENTIVE GLOBAL INC,45,-0.02,-0.230395,-0.2991816761246812,2373.50624,1.2631277046281884,1.0951626253650004
2022-05-31,18134,UPWK,UPWORK INC,20,-0.02,-0.130016,-0.4889999177563945,2718.78147,1.9532617616768397,1.485599796334144
2022-05-31,18453,LAZR,LUMINAR TECHNOLOGIES INC,25,-0.02,-0.164414,-0.4879513117855087,3123.75899,1.5088567616541775,0.8569140158117571
2022-05-31,18572,BYND,BEYOND MEAT INC,30,-0.02,-0.283116,-0.7600542807796694,2342.802,1.200877804280529,1.444554633521497
2022-05-31,19561,BA,BOEING CO,20,-0.02,-0.11748,-0.441586479151246,87872.9034,1.4454104304404842,1.3873377846393984
2022-05-31,20482,ABT,ABBOTT LABORATORIES,35,0.02,0.034582999999999996,0.26011596348383914,200155.207,0.6865031383000948,0.7869936134657549
2022-05-31,21936,PFE,PFIZER INC,35,0.02,0.089178,0.2617197137922527,277136.27018,0.6759688104979873,0.7459043556865154
2022-05-31,23660,CTAS,CINTAS CORP,20,0.02,0.00492,0.33775392713216545,40649.6295,1.4227580236682302,0.9437998024642517
2022-05-31,24205,NEE,NEXTERA ENERGY INC,55,-0.02,0.071299,-0.30767332839871697,139518.78999999998,0.45349823976818693,0.7313100893048385
2022-05-31,24328,EQT,E Q T CORP,10,-0.02,0.204296,-0.5534994654165638,14965.875,0.9655694478072684,0.8659339030884938
2022-05-31,35991,ROG,ROGERS CORP,45,-0.02,-0.020032,-0.2975368040134879,5090.3481600000005,1.4278686015689477,1.0488245135735685
2022-05-31,43350,SWK,STANLEY BLACK & DECKER INC,20,-0.02,-0.012459,-0.31912575047290076,18132.3171,1.3132488280685122,1.1614316649381724
2022-05-31,44134,KMT,KENNAMETAL INC,20,0.02,0.085891,0.25880006579488446,2137.93143,1.8580394359886676,1.2261004902035824
2022-05-31,44943,DIOD,DIODES INC,45,0.02,0.054190999999999996,0.23947281848836252,3304.38841,1.153079379642149,1.4711870125596682
2022-05-31,49429,DDS,DILLARDS INC,25,0.02,-0.007976,0.3360679332181923,4324.73535,0.7669242455702154,1.6261076774026986
2022-05-31,50017,RRC,RANGE RESOURCES CORP,10,-0.02,0.133628,-0.3431614441977136,7867.483499999999,2.0450210652194185,0.9327575648615568
2022-05-31,50948,SMTC,SEMTECH CORP,45,0.02,0.075029,0.2695328563204211,3782.6332,1.5408363302254318,1.3952327734690997
2022-05-31,56223,LPX,LOUISIANA PACIFIC CORP,15,0.02,0.073491,0.16273953450119258,5550.52656,1.4998959243708583,1.617933806060304
2022-05-31,57808,VSH,VISHAY INTERTECHNOLOGY INC,45,0.02,0.096848,0.31764536557282674,2468.23281,1.2543558463628375,1.1629583364341067
2022-05-31,61807,MOGA,MOOG INC,20,0.02,0.022265,0.2870507443046303,2320.38324,1.3032454221329555,1.0827635779484415
2022-05-31,62341,PDCE,P D C ENERGY INC,10,0.02,0.134479,0.38070565013570196,6655.21846,2.7100809344496164,1.3318566230628723
2022-05-31,68196,SEIC,S E I INVESTMENTS CO,40,0.02,0.048329,0.4308331277243194,7648.461519999999,0.9999756200765149,0.9847981255331544
2022-05-31,75573,ODP,O D P CORP,25,0.02,-0.112787,0.24629903774981493,2116.94691,1.8306826013064292,1.140465848117492
2022-05-31,75825,EOG,EOG RESOURCES INC,10,0.02,0.172697,0.28310305123776625,68350.01964,1.6362954163402401,1.07699070946079
2022-05-31,76504,CATY,CATHAY GENERAL BANCORP,40,0.01579938298720809,0.033859,0.36086438029443213,3012.7234100000005,1.2161889435123916,1.0802223796895718
2022-05-31,76573,MLI,MUELLER INDUSTRIES INC,20,0.02,-0.005847,0.284912410560079,3081.29745,1.0681869390926755,1.2202087526354128
2022-05-31,77300,SMG,SCOTTS MIRACLE GRO CO,15,-0.02,-0.083444,-0.3934328480960606,5776.845120000001,1.1623591211266373,1.299990593234632
2022-05-31,77785,WIRE,ENCORE WIRE CORP,20,0.02,0.107928,0.2281437618225184,2225.5156800000004,1.0628321669121015,1.3456901846140252
2022-05-31,80575,SSD,SIMPSON MANUFACTURING CO INC,20,0.010000000000000009,0.044836,0.315836006250514,4494.6128499999995,1.1523440636689486,0.983264394354717
2022-05-31,81282,ACIW,A C I WORLDWIDE INC,45,0.00805382290902187,-0.035789,0.22162595608191465,3179.17248,1.0646418071101524,1.1605028799663972
2022-05-31,82634,SAM,BOSTON BEER INC,30,-0.02,-0.052840000000000005,-0.34953532362858786,3830.9999999999995,0.8025691170114473,0.7700187158161876
2022-05-31,82779,NVAX,NOVAVAX INC,35,-0.02,0.22733899999999999,-0.5417180689201414,3521.5444500000003,1.8774409016945073,0.9944911619439049
2022-05-31,82800,SCCO,SOUTHERN COPPER CORP,15,0.02,0.01482,0.34009786989061597,48140.314300000005,1.103830123324101,1.1532200587350605
2022-05-31,84042,PAG,PENSKE AUTOMOTIVE GROUP INC,25,0.02,0.103232,0.3161444197713627,8049.1278,1.1963626316148768,1.3481336220717088
2022-05-31,84262,STLD,STEEL DYNAMICS INC,15,0.02,-0.004622,0.27603010115963483,16180.1675,1.238475346389461,1.3088921101521613
2022-05-31,84788,AMZN,AMAZON COM INC,25,-0.02,-0.033071,-0.3773953450119253,1264489.6936,1.1855835629927869,1.2411854862749978
2022-05-31,85246,JLL,JONES LANG LASALLE INC,60,0.02,-0.09819,0.23721111933547165,10850.97657,1.222574927406253,1.1654838120335074
2022-05-31,85427,GPI,GROUP 1 AUTOMOTIVE INC,25,0.02,0.033114,0.254708446418291,2903.26208,1.5172201708830857,1.313963543123245
2022-05-31,85593,AMG,AFFILIATED MANAGERS GROUP INC,40,0.02,0.063891,0.3444567809852783,4894.2163199999995,1.3008761926944608,1.488339455288193
2022-05-31,85738,MRCY,MERCURY SYSTEMS INC,20,-0.02,0.071749,-0.3713915618060696,3217.57667,0.9353606037189276,1.1442986064513545
2022-05-31,85992,MANH,MANHATTAN ASSOCIATES INC,45,0.02,-0.073995,0.2604449379060778,8239.5327,1.8442071247347591,1.1950780847336333
2022-05-31,86047,AMKR,AMKOR TECHNOLOGY INC,45,0.02,0.086349,0.3810551854593305,4604.29299,1.4917863393460944,1.612640640393763
2022-05-31,86158,CTSH,COGNIZANT TECHNOLOGY SOLS CORP,45,0.02,-0.0734,0.3777654412369437,42162.9766,1.0445254090463172,0.8997840015952341
2022-05-31,86594,KFY,KORN FERRY,20,0.02,1.9000000000000028e-05,0.3478287688132247,3311.80032,1.4532122852421243,1.202607554583412
2022-05-31,87179,NTCT,NETSCOUT SYSTEMS INC,45,0.02,0.114303,0.3241426104120405,2282.3416,0.6342103082461086,0.9709358604790861
2022-05-31,88159,EXEL,EXELIXIS INC,35,0.02,-0.179806,0.3558063985525126,7154.787119999999,0.7260494850920828,0.866248543593989
2022-05-31,89031,AXON,AXON ENTERPRISE INC,20,-0.02,-0.09692,-0.36041204046385394,7965.8634,0.68529351635293,1.1398290382565204
2022-05-31,89301,GME,GAMESTOP CORP NEW,25,-0.02,-0.002946,-0.5904268443128547,9548.71929,1.1684328300740547,0.592829299508642
2022-05-31,89455,RUSHA,RUSH ENTERPRISES INC,20,0.02,0.005461,0.38039723661485325,2178.22368,1.1212901990383204,0.8746274386352959
2022-05-31,89508,KMX,CARMAX INC,25,-0.02,0.15695599999999998,-0.35823258491652277,13770.94964,1.4216823492741626,1.2445394607079066
2022-05-31,89792,CVCO,CAVCO INDUSTRIES INC DEL,25,0.02,-0.059947,0.2848096060531294,2138.29875,0.9698010873383993,1.23647185757895
2022-05-31,89968,PIPR,PIPER SANDLER COMPANIES,40,0.014200617012791919,0.151258,0.21381281355374623,2059.0618400000003,1.343337560457824,1.4028731320974197
2022-05-31,90125,CORT,CORCEPT THERAPEUTICS INC,35,0.009999999999999995,-0.031455,0.30625462620281274,2285.4590100000005,0.6164584500960342,0.6243151866776032
2022-05-31,90178,ALNY,ALNYLAM PHARMACEUTICALS INC,35,-0.02,-0.057491,-0.4930092935274282,16120.212019999999,0.9865463523088911,0.8893072028846242
2022-05-31,90199,CBRE,C B R E GROUP INC,60,0.02,-0.002715,0.27006743975655895,27458.670720000002,1.30329748490402,1.127835919138614
2022-05-31,90312,WLK,WESTLAKE CORP,15,0.010000000000000009,0.046089,0.3296529319845382,16213.3329,1.177414780383296,1.1728207164978977
2022-05-31,90978,SPWR,SUNPOWER CORP,45,-0.02,0.069953,-0.5516695451928613,2870.46162,2.085080746348821,1.7009206370017766
2022-05-31,91402,GTLS,CHART INDUSTRIES INC,20,-0.02,0.041513,-0.5374208405296489,6180.5001999999995,1.5754371881079332,1.7184495483711646
2022-05-31,91413,EVR,EVERCORE INC,40,0.02,0.086551,0.24666913397483345,4061.2230000000004,1.485988268131998,1.4144634501968978
2022-05-31,91463,CVLT,COMMVAULT SYSTEMS INC,45,0.02,-0.00014299999999999998,0.34766428160210544,2715.1710000000003,0.660938680837998,1.1251380544900371
2022-05-31,91733,AVAV,AEROVIRONMENT INC,20,-0.02,0.144613,-0.39034871288757306,2004.06432,0.5076008554423189,1.1446324862317268
2022-05-31,91983,CLR,CONTINENTAL RESOURCES INC,10,0.02,0.230151,0.2901554404145078,20179.02296,2.7336642541657126,1.2238687365462364
2022-05-31,92293,TDC,TERADATA CORP DE,45,0.02,-0.070924,0.31435562135043993,4326.037,1.0889695206708343,1.1347598756415391
2022-05-31,93002,AVGO,BROADCOM INC,45,0.02,0.046121999999999996,0.3174397565589276,225082.34,1.0271292867218367,1.1466448368520799
2022-06-30,11403,CDNS,CADENCE DESIGN SYSTEMS INC,45,0.02,-0.024635,0.21709168936205334,42392.43107,1.0877400385137264,1.286946087126624
2022-06-30,11691,MATX,MATSON INC,20,0.02,-0.18970800000000002,0.4269621193364693,3643.8250799999996,1.0128594890090155,0.9587650525174235
2022-06-30,11752,IIVI,II VI INC,45,-0.02,-0.185367,-0.4021622513823554,6653.5625,1.536891828473284,1.1564248938410526
2022-06-30,12591,APO,APOLLO GLOBAL MANAGEMENT INC NEW,40,-0.02,-0.15948400000000001,-0.6200792275315673,33111.816759999994,1.5550639187317943,1.322064313503131
2022-06-30,13284,ALSN,ALLISON TRANSMISSION HLDGS INC,20,0.02,-0.039556999999999995,0.42735413056036975,3883.5706499999997,0.9055586709761322,0.8064325967510776
2022-06-30,13318,YELP,YELP INC,50,0.02,-0.05633,0.23060576050177434,2083.96319,1.6688176539507404,1.0620073065985813
2022-06-30,13600,QLYS,QUALYS INC,45,0.02,-0.035308,0.27438722456053477,5074.827120000001,0.7550668325710421,1.037534779595365
2022-06-30,13610,OLN,OLIN CORP,15,0.02,-0.29711699999999996,0.244924486258975,9989.09307,1.1769941386616427,1.2684483796723094
2022-06-30,13688,PCG,P G & E CORP,55,-0.02,-0.182534,-0.06538334571263514,24247.219399999998,1.1654235347594892,0.4312862199304182
2022-06-30,13837,EVTC,EVERTEC INC,45,0.02,-0.028506,0.393888751341091,2714.4552400000002,0.9056279697379518,0.7726229833890692
2022-06-30,13928,COP,CONOCOPHILLIPS,10,0.02,-0.195195,0.3097507633902782,145332.04200000002,1.327024054654734,1.0001642704933142
2022-06-30,14054,MRTX,MIRATI THERAPEUTICS INC,35,-0.02,0.713682,-0.38817364034001817,2174.43732,1.7043258849913376,0.7539607727684439
2022-06-30,14136,RNG,RINGCENTRAL INC,45,-0.02,-0.172882,-0.46051002723446405,5363.30102,1.003598369378078,1.4148196857262443
2022-06-30,14179,AR,ANTERO RESOURCES CORP,10,-0.02,-0.285782,-0.35295452669802757,13339.3248,3.708089293214413,0.9902043376032549
2022-06-30,14328,AMC,A M C ENTERTAINMENT HOLDINGS INC,50,-0.02,-0.055658,-0.41010563670875627,7411.213140000001,2.1546898398775127,1.145184364732109
2022-06-30,14432,ITCI,INTRA CELLULAR THERAPIES INC,35,-0.02,-0.006142,-0.40191466534620784,5414.1975999999995,1.2671633047955095,0.6140970779480635
2022-06-30,14521,TNET,TRINET GROUP INC,20,0.02,-0.012281,0.44319963687381364,4889.7433200000005,1.2916676042810697,0.8575230592988952
2022-06-30,14596,FIVN,FIVE 9 INC,45,-0.02,-0.058162,-0.4735495584715689,6726.85747,0.5519572661138972,1.1410896562584352
2022-06-30,14617,ARES,ARES MANAGEMENT CORP,40,-0.02,-0.193327,-0.34447470495997357,12210.42339,1.0109594061311622,1.3913304424311776
2022-06-30,14641,ZEN,ZENDESK INC,45,-0.02,-0.190616,-0.3928777750268218,11206.557350000001,1.0232416199261753,1.258815096919018
2022-06-30,14751,VRTV,VERITIV CORP,20,0.02,-0.253749,0.2837129652554263,2134.7554499999997,2.028069585623958,1.2473244677526882
2022-06-30,15067,FRPT,FRESHPET INC,30,-0.02,-0.279572,-0.484195758025914,3440.95767,0.7799395688985599,1.5219257686707839
2022-06-30,15069,MRO,MARATHON OIL CORP,10,0.02,-0.285327,0.23788891639844847,22242.72813,2.5288349803333867,1.2733374224955551
2022-06-30,16019,RRR,RED ROCK RESORTS INC,25,0.02,-0.13307400000000003,0.3038086985227367,2380.81056,2.2734851588678975,1.3495602022064488
2022-06-30,16021,CDEV,CENTENNIAL RESOURCE DEVELOP INC,10,0.015113004103442148,-0.247418,0.19736733514896435,2262.84442,5.184084779647259,1.028466348258952
2022-06-30,16119,ATKR,ATKORE INC,20,0.02,-0.23844800000000002,0.20376330774944293,4695.97688,2.1781583469948047,1.4350892972595093
2022-06-30,16343,YUMC,YUM CHINA HOLDINGS INC,25,-0.02,0.066305,-0.30605760501774365,19158.2078,0.6585309784419713,0.9940874191838194
2022-06-30,16381,BL,BLACKLINE INC,45,-0.02,-0.09097999999999999,-0.2918420401089379,4342.82464,0.9673695464605301,0.9710929088721403
2022-06-30,16382,COUP,COUPA SOFTWARE INC,45,-0.02,-0.17050400000000002,-0.5222827432532805,5196.534180000001,1.5058975899737854,1.5963719161455652
2022-06-30,16597,AYX,ALTERYX INC,45,-0.02,-0.13048600000000002,-0.36801601056367084,3364.2094500000003,0.7788071362546906,1.183967463798704
2022-06-30,16649,OKTA,OKTA INC,45,-0.02,0.087934,-0.4697945035899975,12524.18915,1.2142297797313566,1.4165031476310255
2022-06-30,16655,CVNA,CARVANA CO,25,-0.011449621833554772,-0.233583,-0.8292687959065776,3113.10336,2.6309841156210574,2.376192343055655
2022-06-30,16932,ROKU,ROKU INC,50,-0.02,-0.135024,-0.49607988776099693,11373.575200000001,2.0109497804105416,1.4626192976456613
2022-06-30,16966,SWCH,SWITCH INC,45,-0.02,-0.007974,-0.29842370223652726,5076.641250000001,0.6560586616121038,0.7822733265009156
2022-06-30,17104,APLS,APELLIS PHARMACEUTICALS INC,35,-0.010000000000000002,0.09038600000000001,-0.5065403977882313,4415.3369,1.5561299093455585,1.3172639752710957
2022-06-30,17341,ZS,ZSCALER INC,45,-0.02,-0.023952,-0.4478418750515804,21717.80667,1.1686835057687304,1.2930667207857718
2022-06-30,17672,EAF,GRAFTECH INTERNATIONAL LTD NEW,20,0.02,-0.18605100000000002,0.3886481802426343,2258.74432,1.0656196761490708,1.2904746160196041
2022-06-30,17855,AVLR,AVALARA INC,45,-0.02,-0.166742,-0.4121275893372947,7439.1062,0.9763802772371467,1.297126609560217
2022-06-30,17907,NKLA,NIKOLA CORP,20,-0.02,-0.32634599999999997,-0.3952711067095816,2973.2342799999997,1.2955052864745433,1.0048839224283792
2022-06-30,17987,VRT,VERTIV HOLDINGS CO,20,-0.02,-0.252614,-0.4169142527028143,4139.77914,1.101198848974854,1.506547549449476
2022-06-30,18134,UPWK,UPWORK INC,20,-0.02,0.13258399999999998,-0.4787488652306677,2366.1307500000003,1.9641842093387687,1.4648430392893086
2022-06-30,18453,LAZR,LUMINAR TECHNOLOGIES INC,25,-0.02,-0.427066,-0.5008046546174797,2611.12918,1.529869928953536,0.9275637279440412
2022-06-30,19561,BA,BOEING CO,20,-0.02,0.039920000000000004,-0.48543368820665184,77740.9704,1.454994766169802,1.3773051043162492
2022-06-30,20482,ABT,ABBOTT LABORATORIES,35,0.02,-0.075571,0.2971032433770735,205665.64732,0.6841717159565572,0.7530275125834492
2022-06-30,21936,PFE,PFIZER INC,35,0.02,-0.012068,0.33669637699100435,297601.92384,0.6678049671257179,0.6665222602267429
2022-06-30,22752,MRK,MERCK & CO INC NEW,35,0.02,-0.001822,0.35311958405545935,232725.92414999998,0.3151629657081459,0.5044443193829508
2022-06-30,24205,NEE,NEXTERA ENERGY INC,55,-0.02,0.022817999999999998,-0.34796154163571835,148693.005,0.44786596789377087,0.6842165581407218
2022-06-30,24328,EQT,E Q T CORP,10,-0.02,-0.27969499999999997,-0.560431624989684,17634.25792,0.947045447879204,0.8090291330630067
2022-06-30,35991,ROG,ROGERS CORP,45,-0.02,-0.012964,-0.2823718742262936,4989.94014,1.4300247146922596,0.8936974612192935
2022-06-30,43123,ATI,ALLEGHENY TECHNOLOGIES,15,-0.008550378166444604,-0.17474900000000002,-0.30807955764628214,3413.6575,1.3101797025007154,1.3582647306858446
2022-06-30,43350,SWK,STANLEY BLACK & DECKER INC,20,-0.02,-0.111288,-0.3370264917058678,17918.03585,1.3129890772376858,1.1067488033457573
2022-06-30,44943,DIOD,DIODES INC,45,0.02,-0.162104,0.2512998266897747,3484.4714700000004,1.148981522853137,1.4002908906417089
2022-06-30,49429,DDS,DILLARDS INC,25,0.02,-0.268328,0.2536106296938186,4291.5678,0.7702879516956668,1.534224826116732
2022-06-30,50017,RRC,RANGE RESOURCES CORP,10,-0.02,-0.27155399999999996,-0.3771354295617727,9159.608150000002,2.032078924206275,0.9041590919002037
2022-06-30,50948,SMTC,SEMTECH CORP,45,0.02,-0.14286700000000002,0.2854460675084592,4068.3050200000002,1.5336278293343213,1.3265254195385119
2022-06-30,56223,LPX,LOUISIANA PACIFIC CORP,15,0.02,-0.24166200000000002,0.22299248989023684,5671.13814,1.4928421463726156,1.4942955198066092
2022-06-30,57808,VSH,VISHAY INTERTECHNOLOGY INC,45,0.02,-0.12379899999999999,0.3607947511760337,2696.56744,1.2444622096655216,1.0521050442094573
2022-06-30,61621,PAYX,PAYCHEX INC,45,0.02,-0.081,0.3338697697449864,44566.416999999994,0.9295019590872476,0.9056167118624293
2022-06-30,68196,SEIC,S E I INVESTMENTS CO,40,0.02,-0.069317,0.42731286622101183,8020.45238,0.9945310545212883,0.9092174835866905
2022-06-30,76226,PARA,PARAMOUNT GLOBAL,50,-0.02,-0.274872,-0.4083106379466865,20886.20035,1.5947150124996294,1.1479945305375225
2022-06-30,76504,CATY,CATHAY GENERAL BANCORP,40,0.010000000000000009,-0.048243999999999995,0.3690269868779401,3089.37539,1.2118951140758867,0.9808722593725457
2022-06-30,76573,MLI,MUELLER INDUSTRIES INC,20,0.02,-0.0065439999999999995,0.4095073037880664,3064.22655,1.068276754262992,1.088489069182155
2022-06-30,77300,SMG,SCOTTS MIRACLE GRO CO,15,-0.02,-0.165754,-0.37012049187092516,5241.191040000001,1.1690401299375361,1.3141774210438395
2022-06-30,77785,WIRE,ENCORE WIRE CORP,20,0.02,-0.16918000000000002,0.25437401997194026,2466.39456,1.0529963108887268,1.2571351340073054
2022-06-30,79668,BDC,BELDEN INC NEW,45,0.02,-0.074571,0.2680118841297351,2548.26048,1.2871423853674546,1.126249490012116
2022-06-30,79841,FWRD,FORWARD AIR CORP,20,0.02,-0.013766,0.27599653379549394,2503.2697799999996,1.086635820829497,1.1432166289718728
2022-06-30,81282,ACIW,A C I WORLDWIDE INC,45,0.02,-0.028720000000000002,0.22817116447965669,3057.9256800000003,1.0673707553443426,1.0857474858669784
2022-06-30,82634,SAM,BOSTON BEER INC,30,-0.02,-0.147851,-0.33234298918874305,3629.7448,0.8085700082148773,0.7310563380419889
2022-06-30,82779,NVAX,NOVAVAX INC,35,-0.02,-0.07105299999999999,-0.47453990261615914,4323.2095500000005,1.8619740223444325,0.9966673516170234
2022-06-30,82924,WLY,WILEY JOHN & SONS INC,50,0.02,-0.098754,0.41610959808533465,2471.6432,0.7592180552133551,0.7256323541014105
2022-06-30,84042,PAG,PENSKE AUTOMOTIVE GROUP INC,25,0.02,-0.091326,0.3749896839151606,8738.089740000001,1.186755845988111,1.24759964442372
2022-06-30,84381,ROK,ROCKWELL AUTOMATION INC,20,-0.02,-0.065717,-0.3332301724849386,24787.058399999998,1.3644385264423189,1.0428197059401996
2022-06-30,84761,TTWO,TAKE TWO INTERACTIVE SOFTWR INC,50,-0.02,-0.016627000000000003,-0.38522324007592645,20171.61846,0.7326908681494602,0.79794891097258
2022-06-30,84788,AMZN,AMAZON COM INC,25,-0.02,-0.11702599999999999,-0.37166790459684745,1223059.5368000001,1.1891128974237457,1.241138868730596
2022-06-30,85427,GPI,GROUP 1 AUTOMOTIVE INC,25,0.02,-0.05508,0.3470537261698441,2980.47564,1.5140450960517768,1.1990130510967363
2022-06-30,85517,CHH,CHOICE HOTELS INTERNATIONAL INC,25,0.02,-0.12585000000000002,0.25301229677312864,7132.425300000001,1.2802261038000409,1.056287683369763
2022-06-30,85593,AMG,AFFILIATED MANAGERS GROUP INC,40,0.02,-0.127943,0.256210283073368,5167.7535,1.2930686407681689,1.3770068442823675
2022-06-30,85738,MRCY,MERCURY SYSTEMS INC,20,-0.02,0.075006,-0.43393579268795907,3449.4221300000004,0.9288014678327129,0.9302832666318142
2022-06-30,85992,MANH,MANHATTAN ASSOCIATES INC,45,0.02,-0.052911,0.23077081785920606,7632.37602,1.8508378104252772,1.1715790294808603
2022-06-30,86047,AMKR,AMKOR TECHNOLOGY INC,45,0.02,-0.16929000000000002,0.20120491870925147,5003.28276,1.4832790968727056,1.4893248816150337
2022-06-30,86594,KFY,KORN FERRY,20,0.02,-0.056538,0.3512214244449946,3312.87838,1.452869438036094,1.1054410699084214
2022-06-30,88159,EXEL,EXELIXIS INC,35,0.02,0.13527599999999998,0.2893661797474622,5879.182529999999,0.7420629218938074,0.8428739619417315
2022-06-30,88417,ACLS,AXCELIS TECHNOLOGIES INC,45,0.02,-0.116906,0.2413757530741933,2049.2212000000004,1.6043812106954827,1.9136756403962107
2022-06-30,89301,GME,GAMESTOP CORP NEW,25,-0.02,-0.020128,-0.6071015928034992,9522.52686,1.1767079745346674,0.6663477725101352
2022-06-30,89455,RUSHA,RUSH ENTERPRISES INC,20,0.02,-0.055098,0.4784393826854832,2182.5047799999998,1.1206268508717028,0.7987066691940738
2022-06-30,89508,KMX,CARMAX INC,25,-0.02,-0.089113,-0.3744738796731864,15936.60726,1.406540873872789,1.210890126660782
2022-06-30,89968,PIPR,PIPER SANDLER COMPANIES,40,0.02,-0.140411,0.2356606420731204,2347.1798999999996,1.3289723861872482,1.317285021136438
2022-06-30,90126,CYTK,CYTOKINETICS INC,35,-0.02,-0.015855,-0.6108566476850706,3417.5148,1.1211428757340136,1.14852985270924
2022-06-30,90178,ALNY,ALNYLAM PHARMACEUTICALS INC,35,-0.02,0.15881299999999998,-0.4546298588759594,15198.401199999998,0.9932882127537109,0.8769408083612432
2022-06-30,90312,WLK,WESTLAKE CORP,15,0.02,-0.25861,0.3488487249319138,16953.544190000004,1.1731357294164646,1.0950371125313612
2022-06-30,90829,CF,C F INDUSTRIES HOLDINGS INC,15,0.018550378166444614,-0.13259100000000001,0.2858380787323595,20603.61954,1.0149007166905972,1.1602758319437536
2022-06-30,91402,GTLS,CHART INDUSTRIES INC,20,-0.02,-0.048895,-0.49783362218370886,6439.8462,1.5726155100911317,1.562611475048826
2022-06-30,91413,EVR,EVERCORE INC,40,0.02,-0.18086500000000003,0.26396797887265827,4635.949,1.4769905107867145,1.2808751873654498
2022-06-30,91463,CVLT,COMMVAULT SYSTEMS INC,45,0.016336617730112604,0.030411999999999998,0.24822563340760914,2721.22903,0.6609597504520953,1.0356892534416609
2022-06-30,91531,OC,OWENS CORNING NEW,20,0.02,-0.22310300000000002,0.26322522076421556,9278.71524,1.3150892355842452,1.2054175383742078
2022-06-30,91611,FSLR,FIRST SOLAR INC,45,-0.02,-0.03569,-0.3248328794256004,7525.89624,1.3792506478253184,1.1241571163848367
2022-06-30,91733,AVAV,AEROVIRONMENT INC,20,-0.02,-0.1067,-0.4016051828010233,2294.49396,0.49613408529573993,1.1173634940328205
2022-06-30,91983,CLR,CONTINENTAL RESOURCES INC,10,0.02,-0.040526,0.22643806222662372,24707.299829999996,2.7108850116367376,1.1486173753714588
2022-06-30,92040,FOLD,AMICUS THERAPEUTICS INC,35,-0.02,0.408882,-0.4953371296525542,2134.84206,1.4204276263468236,1.188897477721611
2022-06-30,92601,NOG,NORTHERN OIL & GAS INC,10,-0.02,-0.22270800000000002,-0.30207559626970376,2528.01577,2.1576903636180633,1.027063303486554
2022-06-30,92611,V,VISA INC,45,0.02,-0.072585,0.2681975736568457,349172.20023,0.840883038494781,1.184904845964193
2022-06-30,93002,AVGO,BROADCOM INC,45,0.02,-0.156336,0.2559833292068993,234266.93634,1.0235970720745906,1.121029607481851
2022-06-30,93246,GNRC,GENERAC HOLDINGS INC,20,-0.009999999999999995,-0.148292,-0.4432615333828505,15771.1164,1.158498513682456,1.6431376698294462
2022-07-31,11403,CDNS,CADENCE DESIGN SYSTEMS INC,45,0.02,0.239473,0.2505416082579329,41372.12277,1.056332913809081,1.257892853038079
2022-07-31,11691,MATX,MATSON INC,20,0.02,0.25700900000000004,0.35533749628308053,2954.6280799999995,1.0846490885347977,0.9533050450305226
2022-07-31,11752,IIVI,II VI INC,45,-0.02,0.032358,-0.35038868357334013,5449.102500000001,1.5726917687275368,1.1157986194241838
2022-07-31,12591,APO,APOLLO GLOBAL MANAGEMENT INC NEW,40,-0.02,0.17699299999999998,-0.5808376874389364,27849.772319999996,1.5749259179275588,1.3075831895346375
2022-07-31,13284,ALSN,ALLISON TRANSMISSION HLDGS INC,20,0.0019761925674607692,0.088135,0.4006414340937088,3732.1492500000004,0.8796099963708627,0.7509784414413586
2022-07-31,13600,QLYS,QUALYS INC,45,0.02,-0.031096,0.30446879911643515,4858.53438,0.7475489586829281,1.001359335936947
2022-07-31,13610,OLN,OLIN CORP,15,0.02,0.12861799999999998,0.2514549084575846,7026.83124,1.3028210614947677,1.216934161514237
2022-07-31,13688,PCG,P G & E CORP,55,-0.02,0.08736400000000001,-0.09551420925194343,19835.020460000003,1.2031537045807035,0.4320230773643924
2022-07-31,13837,EVTC,EVERTEC INC,45,0.02,0.056401,0.3988997918525126,2638.6164800000006,0.8812890634850987,0.7472897993990645
2022-07-31,13928,COP,CONOCOPHILLIPS,10,0.02,0.08403400000000001,0.2714625546918143,116164.7445,1.383292480919128,0.9880407055092275
2022-07-31,14054,MRTX,MIRATI THERAPEUTICS INC,35,-0.02,-0.041479,-0.4559491950214519,3731.95809,1.2162752697211725,0.8265334889001499
2022-07-31,14179,AR,ANTERO RESOURCES CORP,10,-0.02,0.29250000000000004,-0.3406184953910199,9534.755249999998,3.7043296442726934,0.9692076602839965
2022-07-31,14328,AMC,A M C ENTERTAINMENT HOLDINGS INC,50,-0.02,0.073727,-0.3565269104965804,7002.924550000001,2.1264805243474454,0.7694377314920339
2022-07-31,14432,ITCI,INTRA CELLULAR THERAPIES INC,35,-0.02,-0.052669,-0.38645342168981783,5386.46836,1.2375546857406108,0.5757695447048184
2022-07-31,14521,TNET,TRINET GROUP INC,20,0.02,0.062057999999999995,0.41053905951318964,4832.46596,1.2371832956390374,0.81353221375992
2022-07-31,14596,FIVN,FIVE 9 INC,45,-0.02,0.185495,-0.4504693938235419,6388.002600000001,0.5734768159589415,1.143116024222006
2022-07-31,14617,ARES,ARES MANAGEMENT CORP,40,-0.02,0.259301,-0.3686971666454271,9755.29962,1.08873545655496,1.4122382981017516
2022-07-31,14776,SYF,SYNCHRONY FINANCIAL,40,0.02,0.21968,0.2689138099486003,13851.12618,1.516624896931091,1.2246061902106673
2022-07-31,15069,MRO,MARATHON OIL CORP,10,0.02,0.10239100000000001,0.2693173611996092,15908.893680000001,2.5769789039335755,1.1645692630637152
2022-07-31,15440,WING,WINGSTOP INC,25,-0.02,0.686763,-0.33702901321099354,2236.66978,1.352009205813539,1.1623846007543925
2022-07-31,15535,OLLI,OLLIES BARGAIN OUTLET HLD INC,25,-0.02,0.0025919999999999997,-0.3915296716367189,3671.5812499999997,0.9076951649946468,1.0766095839338647
2022-07-31,15638,GBT,GLOBAL BLOOD THERAPEUTICS INC,35,-0.02,0.023288,-0.6333630686886708,2149.3723499999996,0.8459722886030829,1.2116695561671942
2022-07-31,16119,ATKR,ATKORE INC,20,0.02,0.195068,0.21885221528397272,3578.89314,2.2214161547243676,1.3943457366630005
2022-07-31,16343,YUMC,YUM CHINA HOLDINGS INC,25,-0.02,0.0035179999999999994,-0.36636081729748105,20439.355,0.5840284115932016,1.0097865485662536
2022-07-31,16381,BL,BLACKLINE INC,45,-0.02,-0.051563,-0.25470455800518244,3971.3579999999997,0.9780606937671952,0.9744266494653279
2022-07-31,16597,AYX,ALTERYX INC,45,-0.02,-0.0006050000000000001,-0.3874516800475765,2927.1342600000003,0.8303664865706223,1.2201445987739472
2022-07-31,16631,VRRM,VERRA MOBILITY CORP,45,0.02,0.048838,0.2865213882163035,2406.52064,1.2758629176993788,0.9655479996594155
2022-07-31,16649,OKTA,OKTA INC,45,-0.02,0.08823700000000001,-0.49203517267745633,13632.5912,1.1080777398007313,1.4698377511015936
2022-07-31,16932,ROKU,ROKU INC,50,-0.010000000000000002,-0.203149,-0.4882757741812157,9917.09076,2.009166006055743,1.469768323017261
2022-07-31,16966,SWCH,SWITCH INC,45,-0.02,0.008442,-0.17609702221655835,5039.0365,0.6315358287361612,0.6950565221083805
2022-07-31,17037,SAIL,SAILPOINT TECHNOLOGIES HLDGS INC,45,-0.02,0.016578,-0.3372838876853149,5913.16852,1.5388359784081334,1.083287794808161
2022-07-31,17341,ZS,ZSCALER INC,45,-0.02,0.036309,-0.4354742789176331,21209.93713,1.141407695463378,1.294094184714382
2022-07-31,17855,AVLR,AVALARA INC,45,-0.010000000000000023,0.237432,-0.39514039335627205,6202.915999999999,1.0364114493487562,1.337282369993114
2022-07-31,18134,UPWK,UPWORK INC,20,-0.02,-0.10332699999999999,-0.4618537870098976,2699.38108,1.7732388729252373,1.3932377687711868
2022-07-31,18726,CRWD,CROWDSTRIKE HOLDINGS INC,45,-0.02,0.088414,-0.35132322331251864,35973.90664,1.43246432165317,1.2209424777477609
2022-07-31,18727,CHWY,CHEWY INC,25,-0.02,0.11698800000000001,-0.5121490166093199,3799.0276799999997,0.43811938999424127,1.3250189468634834
2022-07-31,19561,BA,BOEING CO,20,-0.02,0.164416,-0.5261671126969968,80888.47391999999,1.3487515409133222,1.3560010176100377
2022-07-31,20482,ABT,ABBOTT LABORATORIES,35,0.02,0.005391,0.3081857185336222,190239.8483,0.7014568276916443,0.6804601156411348
2022-07-31,21936,PFE,PFIZER INC,35,0.02,-0.029835,0.3166602948048086,294179.27728,0.6450020314730631,0.6714488748904404
2022-07-31,22752,MRK,MERCK & CO INC NEW,35,0.009999999999999343,-0.020884,0.3120937938065502,230551.15185,0.3042195372245104,0.4899145208196921
2022-07-31,23660,CTAS,CINTAS CORP,20,0.00802380743253924,0.138293,0.3068901066224884,37796.753639999995,1.392923537765084,0.8891945574460225
2022-07-31,24205,NEE,NEXTERA ENERGY INC,55,-0.02,0.08994500000000001,-0.3885986151820228,152170.16999999998,0.41763466049892795,0.6914359298167222
2022-07-31,24328,EQT,E Q T CORP,10,-0.02,0.27913000000000004,-0.554436939807145,12712.0384,1.0766858448068402,0.8004399513640126
2022-07-31,35991,ROG,ROGERS CORP,45,-0.02,0.026507,-0.2527717599082452,4928.07827,1.3686488273102502,0.7947544667388408
2022-07-31,43123,ATI,ALLEGHENY TECHNOLOGIES,15,-0.02,0.095181,-0.3333120937938065,2819.06043,1.3528975885686048,1.29049352748762
2022-07-31,43350,SWK,STANLEY BLACK & DECKER INC,20,-0.02,-0.07262199999999999,-0.3676139501295612,15830.1899,1.3061057396174918,1.1055348282664144
2022-07-31,44943,DIOD,DIODES INC,45,0.02,0.259371,0.2675332398793594,2924.3107299999997,1.1948548046142877,1.3404735799082312
2022-07-31,49429,DDS,DILLARDS INC,25,0.02,0.029927,0.2976933860073914,2985.85609,0.9145622862853863,1.3837300326131226
2022-07-31,50017,RRC,RANGE RESOURCES CORP,10,-0.02,0.33535000000000004,-0.3688033643430611,6677.4757500000005,2.0983966766066704,0.8756573700942893
2022-07-31,50948,SMTC,SEMTECH CORP,45,0.02,0.133079,0.28898517480141034,3489.38566,1.5407035581058564,1.2409739875136703
2022-07-31,56223,LPX,LOUISIANA PACIFIC CORP,15,0.02,0.213269,0.29871288390467693,4303.85679,1.5691335489267517,1.4073690106388945
2022-07-31,57808,VSH,VISHAY INTERTECHNOLOGY INC,45,0.02,0.158559,0.3811860158871756,2350.92132,1.2532820395228177,0.99056067110165
2022-07-31,70228,TOL,TOLL BROTHERS INC,25,0.02,0.106536,0.24879996601673682,5127.974200000001,1.4302668591645606,1.1922649837308454
2022-07-31,76226,PARA,PARAMOUNT GLOBAL,50,-0.02,-0.042546,-0.3045112781954887,15005.44,1.6704291477776707,1.1050306826838607
2022-07-31,76573,MLI,MUELLER INDUSTRIES INC,20,0.02,0.262652,0.36774138736672185,3032.36087,1.0201027675511976,1.0326866383552078
2022-07-31,77300,SMG,SCOTTS MIRACLE GRO CO,15,-0.02,0.12528,-0.38800390807527296,4375.41408,1.206793361570244,1.3083081258398115
2022-07-31,77918,LFUS,LITTELFUSE INC,45,0.02,0.096929,0.28607535788624106,6284.69556,1.136222431868574,1.0689109560380359
2022-07-31,79668,BDC,BELDEN INC NEW,45,0.02,0.214131,0.22131600186907943,2357.51712,1.2596472727163701,1.1159926856489237
2022-07-31,79785,NVR,N V R INC,25,0.02,0.09632800000000001,0.32621808759186094,13173.6206,0.9362729911990875,0.8499644671816189
2022-07-31,79841,FWRD,FORWARD AIR CORP,20,0.02,0.140228,0.2563400025487447,2471.8848,1.040465830598221,1.0575578720178305
2022-07-31,79878,UFPI,U F P INDUSTRIES INC,20,0.02,0.352431,0.2703368590968948,4230.54004,1.33379167460668,1.0030385713530898
2022-07-31,80415,EXP,EAGLE MATERIALS INC,15,0.010000000000000009,0.149361,0.2540248927403254,4199.598059999999,1.2200530341350737,1.1142867019889429
2022-07-31,80575,SSD,SIMPSON MANUFACTURING CO INC,20,0.02,0.028345,0.3026846777961854,4342.3276,1.1385798227411286,0.8994729695399393
2022-07-31,82634,SAM,BOSTON BEER INC,30,-0.02,0.254857,-0.3663395777579542,3095.14152,0.8653237601872883,0.7410701633507719
2022-07-31,82779,NVAX,NOVAVAX INC,35,-0.02,0.059075,-0.4774436090225564,4020.12881,1.8507560938117762,1.0224236170403596
2022-07-31,84042,PAG,PENSKE AUTOMOTIVE GROUP INC,25,0.02,0.092798,0.3378148761734846,7945.02879,1.1877283939554428,1.200038417261244
2022-07-31,84262,STLD,STEEL DYNAMICS INC,15,0.02,0.176512,0.26052419183552106,12079.71765,1.3154749257135605,1.1774358158006695
2022-07-31,84381,ROK,ROCKWELL AUTOMATION INC,20,-0.02,0.280007,-0.26774563527462725,23172.17922,1.3313909410779807,0.9686667967481707
2022-07-31,84761,TTWO,TAKE TWO INTERACTIVE SOFTWR INC,50,-0.02,0.082433,-0.33108194214349435,20364.485999999997,0.7075414958650974,0.7488614779211608
2022-07-31,84788,AMZN,AMAZON COM INC,25,-0.02,0.269784,-0.3817382439148719,1081536.43,1.2021758746808904,1.2351949896244505
2022-07-31,85002,SRPT,SAREPTA THERAPEUTICS INC,35,-0.02,0.239183,-0.34726647126290305,6561.623599999999,1.2582784828156677,0.8334638882798742
2022-07-31,85427,GPI,GROUP 1 AUTOMOTIVE INC,25,0.02,0.04112,0.27704855358735825,2818.0008000000003,1.4764241626175778,1.1346984892753795
2022-07-31,85517,CHH,CHOICE HOTELS INTERNATIONAL INC,25,0.02,0.081961,0.24270421817255,6225.6051,1.2915663114982725,1.01379825874515
2022-07-31,85593,AMG,AFFILIATED MANAGERS GROUP INC,40,0.02,0.083065,0.287158574402107,4509.504999999999,1.2973979362564774,1.3232276038099233
2022-07-31,85738,MRCY,MERCURY SYSTEMS INC,20,-0.02,-0.08351099999999999,-0.4158914234739392,3710.10409,0.8376676450924456,0.8847511467893869
2022-07-31,85792,PWR,QUANTA SERVICES INC,20,-0.02,0.106017,-0.35977656004417824,18012.48606,1.0803562829338207,1.2296828099003272
2022-07-31,85992,MANH,MANHATTAN ASSOCIATES INC,45,0.02,0.226675,0.22384350707276665,7187.5974,1.7896168557981977,1.1484568287074783
2022-07-31,86047,AMKR,AMKOR TECHNOLOGY INC,45,0.02,0.189159,0.22581878424875748,4146.52935,1.5115434187727521,1.4329018584165731
2022-07-31,86158,CTSH,COGNIZANT TECHNOLOGY SOLS CORP,45,0.02,0.0061519999999999995,0.30529714115797973,34959.82,1.0522595987769279,0.912496084163298
2022-07-31,86594,KFY,KORN FERRY,20,0.02,0.131208,0.26776687481415407,3127.45206,1.4139577435519957,1.0315476409300437
2022-07-31,88159,EXEL,EXELIXIS INC,35,0.02,0.003991,0.20256148846693003,6699.876,0.6223631940928364,0.7228990138747671
2022-07-31,88351,INSM,INSMED INC,35,-0.009014092452200922,0.12089200000000001,-0.3562295569432054,2363.7378,2.0437081678803732,0.9237638444655054
2022-07-31,89215,AMN,A M N HEALTHCARE SERVICES INC,35,0.02,0.024072,0.2614799711142262,4906.01178,0.2734929152383925,0.593517562882608
2022-07-31,89301,GME,GAMESTOP CORP NEW,25,-0.02,0.11153500000000001,-0.587230788836498,9310.5767,1.185287153013752,0.5948963958451172
2022-07-31,89455,RUSHA,RUSH ENTERPRISES INC,20,0.02,-0.001019,0.48407034535491267,2063.3456,1.099526259455467,0.7374536154925462
2022-07-31,89508,KMX,CARMAX INC,25,-0.02,0.099321,-0.4393186355719808,14525.478240000002,1.38743092440888,1.1891623328315952
2022-07-31,89916,NXST,NEXSTAR MEDIA GROUP INC,50,0.02,0.155684,0.27439361114651034,6421.38112,1.4789719310640352,0.9988433545823681
2022-07-31,89968,PIPR,PIPER SANDLER COMPANIES,40,0.02,0.11245500000000001,0.28286818741769676,2018.9415999999999,1.350046463375134,1.2320484897858073
2022-07-31,90125,CORT,CORCEPT THERAPEUTICS INC,35,0.02,0.204402,0.2559576908372626,2546.9569,0.5115661680845452,0.5986033992655672
2022-07-31,90126,CYTK,CYTOKINETICS INC,35,-0.02,0.076561,-0.6203644704982797,3698.9177600000003,1.08472853111984,1.118192073096828
2022-07-31,90178,ALNY,ALNYLAM PHARMACEUTICALS INC,35,-0.02,-0.026935,-0.4584342211460855,17646.6832,0.8513407832966601,0.8043694326373994
2022-07-31,90215,CRM,SALESFORCE INC,45,-0.02,0.11419,-0.36572363111167755,164214.8,1.057288883702946,1.2760567692843934
2022-07-31,90312,WLK,WESTLAKE CORP,15,0.02,-0.007749,0.3682086572363111,12578.80858,1.2730847189644,1.0597082275657874
2022-07-31,90880,AMP,AMERIPRISE FINANCIAL INC,40,0.010000000000000009,0.13483299999999998,0.26080030584936914,26121.98272,1.4575095056009109,1.2182474412303963
2022-07-31,91237,VG,VONAGE HOLDINGS CORP,45,-0.02,0.11383800000000001,-0.3790620619344972,4834.0048799999995,0.6324909821173882,0.7711629130019533
2022-07-31,91402,GTLS,CHART INDUSTRIES INC,20,-0.02,0.164739,-0.5234272120980417,6128.6187,1.5341495048695892,1.4529947463656603
2022-07-31,91413,EVR,EVERCORE INC,40,0.02,0.06713000000000001,0.2632003738158957,3800.09795,1.5108144097422687,1.2211951750073282
2022-07-31,91463,CVLT,COMMVAULT SYSTEMS INC,45,0.02,-0.109079,0.21813007094006207,2820.1843999999996,0.607052309077899,0.9986641115698792
2022-07-31,91531,OC,OWENS CORNING NEW,20,0.02,0.252631,0.3124761055180324,7213.86618,1.3818465047713353,1.167938794888201
2022-07-31,91611,FSLR,FIRST SOLAR INC,45,-0.02,0.454788,-0.3438893844781446,7262.249219999999,1.3316676075791725,1.0750501225816798
2022-07-31,91733,AVAV,AEROVIRONMENT INC,20,-0.02,0.053203,-0.4129391274797162,2050.6434,0.549112074554358,1.0751644237355835
2022-07-31,91983,CLR,CONTINENTAL RESOURCES INC,10,0.02,0.053358,0.18238392591648614,23720.024149999997,2.598617310401425,1.064811660119491
2022-07-31,92040,FOLD,AMICUS THERAPEUTICS INC,35,-0.010985907547798423,-0.07343799999999999,-0.5042903869844102,3012.10818,1.0970661323994035,1.136955772362331
2022-07-31,92611,V,VISA INC,45,0.02,0.07649,0.3090140605751667,324025.61391,0.8454447499814601,1.1460548631502994
2022-07-31,93002,AVGO,BROADCOM INC,45,0.02,0.10143,0.3851153306996304,196178.82258,1.075503825194359,1.0605866352646849
2022-08-31,10606,WTS,WATTS WATER TECHNOLOGIES INC,20,0.02,0.0030940000000000004,0.24225831590172678,3788.62964,0.9481847395126065,1.0160374942075483
2022-08-31,11403,CDNS,CADENCE DESIGN SYSTEMS INC,45,0.02,-0.068055,0.18102210737869653,50961.729600000006,1.1165946734109777,1.2649309877260617
2022-08-31,11691,MATX,MATSON INC,20,0.02,-0.19534200000000002,0.35539969648496783,3716.39347,1.1641549179635184,0.9419624087951042
2022-08-31,11752,IIVI,II VI INC,45,-0.02,-0.104675,-0.3674992822279644,6823.565280000001,1.505392776034861,1.0810684099811585
2022-08-31,12591,APO,APOLLO GLOBAL MANAGEMENT INC NEW,40,-0.02,-0.021949,-0.5246503424797998,32801.6089,1.5843848155232962,1.295735976900457
2022-08-31,13284,ALSN,ALLISON TRANSMISSION HLDGS INC,20,0.02,-0.131187,0.4132931380993397,4064.1115499999996,0.8839606221768078,0.7406130415427014
2022-08-31,13600,QLYS,QUALYS INC,45,0.02,0.23992400000000003,0.3073910011894508,4711.39944,0.6859789365594493,0.9874387152701868
2022-08-31,13610,OLN,OLIN CORP,15,0.008913474830916476,0.04773,0.211701734957549,7936.31091,1.3045549274061503,1.1710097014224905
2022-08-31,13688,PCG,P G & E CORP,55,-0.02,0.13345800000000002,-0.26647799516016574,21584.000219999998,1.199157193796824,0.413065215287903
2022-08-31,13837,EVTC,EVERTEC INC,45,0.02,-0.138973,0.42006070300643944,2789.5785400000004,0.8615565423926289,0.7353391507708372
2022-08-31,13928,COP,CONOCOPHILLIPS,10,0.02,0.126598,0.2974652393257044,126020.83350000001,1.3524678498841416,0.9777357587792636
2022-08-31,14054,MRTX,MIRATI THERAPEUTICS INC,35,-0.02,0.25632900000000003,-0.4353389934785284,3581.284,1.0832790262300818,0.817121901162369
2022-08-31,14295,TWTR,TWITTER INC,50,-0.02,-0.070635,-0.4987900414257003,31802.39817,0.6697367305563527,1.0828495305686816
2022-08-31,14328,AMC,A M C ENTERTAINMENT HOLDINGS INC,50,-0.02,-0.016231000000000002,-0.3394856650670604,7524.91376,2.024892653453261,0.7252849810763312
2022-08-31,14432,ITCI,INTRA CELLULAR THERAPIES INC,35,-0.02,-0.073224,-0.31842418276526796,5107.14204,1.127091796546066,0.5596831362720802
2022-08-31,14596,FIVN,FIVE 9 INC,45,-0.02,-0.094483,-0.38337229810098034,7579.53636,0.6300689894680367,1.1713798984357882
2022-08-31,14617,ARES,ARES MANAGEMENT CORP,40,-0.02,0.032851,-0.4916738443870226,12292.775550000002,1.1659516490384474,1.4240418723621766
2022-08-31,14776,SYF,SYNCHRONY FINANCIAL,40,0.02,-0.023705,0.21559821172224272,16789.85172,1.5596236555054113,1.199408538922027
2022-08-31,15069,MRO,MARATHON OIL CORP,10,0.02,0.033535,0.25532176694967396,17550.736800000002,2.496426706988581,1.1376053965785333
2022-08-31,15535,OLLI,OLLIES BARGAIN OUTLET HLD INC,25,-0.02,-0.06364800000000001,-0.38876584225421434,3690.1521000000002,0.8584991727446372,1.0617472328637956
2022-08-31,15638,GBT,GLOBAL BLOOD THERAPEUTICS INC,35,-0.02,1.073282,-0.5529715762273902,2201.17256,0.8148332307661148,1.1580128370770488
2022-08-31,16019,RRR,RED ROCK RESORTS INC,25,0.02,-0.030124,0.3472581108240024,2298.64185,2.2184562143374733,1.2485494927246676
2022-08-31,16076,GMS,G M S INC,20,0.02,-0.093667,0.24260694803330463,2263.27629,1.7850732868082166,1.2985324131140419
2022-08-31,16119,ATKR,ATKORE INC,20,0.02,-0.151594,0.22390385956277425,4279.92678,2.210519621289971,1.40158624482312
2022-08-31,16343,YUMC,YUM CHINA HOLDINGS INC,25,-0.02,0.029407999999999997,-0.303494524424757,20527.8553,0.5608914779250048,1.0184357369095678
2022-08-31,16381,BL,BLACKLINE INC,45,-0.02,0.072759,-0.29728066937369263,3769.8086000000003,0.8938776446173251,1.0256900100518274
2022-08-31,16597,AYX,ALTERYX INC,45,-0.02,0.284905,-0.35006767564907093,2927.7387900000003,0.7780221662989029,1.2168916274294586
2022-08-31,16932,ROKU,ROKU INC,50,-0.0075621371215487745,0.03595,-0.6062302612690209,7910.491679999999,1.7820358166502837,1.5143865979651898
2022-08-31,16966,SWCH,SWITCH INC,45,-0.02,0.00379,-0.18539026290964275,5097.43227,0.5994780380994202,0.6663464164984434
2022-08-31,17037,SAIL,SAILPOINT TECHNOLOGIES HLDGS INC,45,-0.02,0.021307,-0.3138509495098643,6015.998030000001,1.4546020456988682,1.0293086949422685
2022-08-31,17341,ZS,ZSCALER INC,45,-0.02,0.025056,-0.4247159673516263,22179.47228,1.0831592783859822,1.3171744841706614
2022-08-31,17672,EAF,GRAFTECH INTERNATIONAL LTD NEW,20,0.02,-0.23701699999999998,0.34108527131782945,2003.7248,1.1197207579417845,1.200554753815037
2022-08-31,17907,NKLA,NIKOLA CORP,20,-0.02,-0.14016499999999998,-0.36684303350970016,2696.2145,1.5345954052890496,0.9631196050811027
2022-08-31,18134,UPWK,UPWORK INC,20,-0.02,-0.064401,-0.3824289405684755,2422.6553599999997,1.6176771434079955,1.348295751239139
2022-08-31,18572,BYND,BEYOND MEAT INC,30,-0.02,-0.23916300000000001,-0.6714039621016364,2035.93957,1.3722116631389352,1.5446158088908966
2022-08-31,18575,PSN,PARSONS CORP,20,0.02,-0.044695,0.2657602231245642,4484.2479,0.7380594463372002,0.9738482618399059
2022-08-31,18726,CRWD,CROWDSTRIKE HOLDINGS INC,45,-0.02,-0.007293,-0.3217464419014807,39441.1356,1.3804333613954638,1.2296899623476762
2022-08-31,18727,CHWY,CHEWY INC,25,-0.02,-0.117335,-0.502440424921045,4246.5513900000005,0.48507642777672144,1.3072257765938269
2022-08-31,19561,BA,BOEING CO,20,-0.02,0.003999,-0.43937902465034245,94253.53116,1.3614190280398337,1.3246742351902576
2022-08-31,20482,ABT,ABBOTT LABORATORIES,35,0.02,-0.058774,0.2894261925269677,190572.52728,0.663871056071552,0.6776195783451323
2022-08-31,21020,AAL,AMERICAN AIRLINES GROUP INC,20,-0.011086525169082899,-0.054417,-0.4155900086132644,8909.38866,1.48928151871191,1.3960210596763551
2022-08-31,21936,PFE,PFIZER INC,35,0.02,-0.106435,0.36790943767687956,283406.35695999995,0.5940798049371399,0.6466573911632095
2022-08-31,22752,MRK,MERCK & CO INC NEW,35,0.02,-0.04645,0.3400188671506501,225923.4387,0.2745091458795951,0.4691079368844887
2022-08-31,24205,NEE,NEXTERA ENERGY INC,55,-0.02,0.009762,-0.07352036421803866,165980.60499999998,0.4363611622144278,0.6906155032473636
2022-08-31,24328,EQT,E Q T CORP,10,-0.02,0.087662,-0.1518395471883844,16270.67008,1.1619884041798518,0.7747602762089026
2022-08-31,35991,ROG,ROGERS CORP,45,-0.02,-0.071465,-0.21984332061851442,5062.7077500000005,1.3055436946760297,0.7442974038397329
2022-08-31,43123,ATI,A T I INC,15,-0.02,0.20059,-0.2877035396415241,3089.67037,1.3281517969523524,1.220650700905696
2022-08-31,43350,SWK,STANLEY BLACK & DECKER INC,20,-0.02,-0.096733,-0.41542594643369835,14693.42345,1.2078901573371934,1.1860167639214119
2022-08-31,44943,DIOD,DIODES INC,45,0.02,-0.12725399999999998,0.20380624256593252,3685.16593,1.2620838966677297,1.3465970641011575
2022-08-31,49429,DDS,DILLARDS INC,25,0.02,0.301112,0.31897789262130344,3077.63695,0.8566657665896283,1.3635460005773614
2022-08-31,50876,LLY,LILLY ELI & CO,35,0.02,-0.085318,0.3210696854107707,313258.25039999996,0.3462181572424432,0.5330612809435349
2022-08-31,50948,SMTC,SEMTECH CORP,45,0.02,-0.260845,0.22373979738320823,3958.95228,1.5287100388100905,1.234014390546499
2022-08-31,52476,EFX,EQUIFAX INC,20,-0.02,-0.098296,-0.3251302243550306,25570.584000000003,1.400998549330369,0.8909121909678992
2022-08-31,56223,LPX,LOUISIANA PACIFIC CORP,15,0.02,-0.14645599999999998,0.3262376440671015,5225.23197,1.5983401811891083,1.3440003320924006
2022-08-31,57808,VSH,VISHAY INTERTECHNOLOGY INC,45,0.02,-0.04982,0.30316640006562484,2725.59116,1.2729282435885074,0.9802647107213824
2022-08-31,70228,TOL,TOLL BROTHERS INC,25,0.02,-0.111498,0.20704647061236203,5654.56886,1.4176181439655746,1.158282145713834
2022-08-31,76226,PARA,PARAMOUNT GLOBAL,50,-0.002437862878451228,-0.012895,-0.3512571264509249,14379.199999999999,1.5714669336927976,1.0920841464649018
2022-08-31,76504,CATY,CATHAY GENERAL BANCORP,40,0.02,0.011859,0.4014396456256922,3105.3990000000003,1.1543357607343276,0.8645887325630066
2022-08-31,76573,MLI,MUELLER INDUSTRIES INC,20,0.02,-0.06368599999999999,0.24763135228251507,3816.53372,1.1043049400294116,1.0719415671638097
2022-08-31,77300,SMG,SCOTTS MIRACLE GRO CO,15,-0.01891347483091647,-0.242659,-0.3156761412575366,4927.1184,1.212137120449348,1.3034093268381748
2022-08-31,79668,BDC,BELDEN INC NEW,45,0.02,0.009842,0.24346827447602643,2864.24832,1.3179887311543887,1.1084185413400478
2022-08-31,79841,FWRD,FORWARD AIR CORP,20,0.02,-0.075015,0.30482752963373116,2820.5184,1.0625637683246072,1.0594537486334086
2022-08-31,80306,BCRX,BIOCRYST PHARMACEUTICALS INC,35,-0.02,0.259442,-0.40923259915507976,2049.1139,2.205295362812723,1.0694699307257685
2022-08-31,80415,EXP,EAGLE MATERIALS INC,15,0.02,-0.055914,0.3252532709897051,4817.618549999999,1.2394311129672886,1.0721553367008951
2022-08-31,82634,SAM,BOSTON BEER INC,30,-0.02,-0.115851,-0.2011812476928756,3890.2771800000005,0.9408344182590601,0.6185687238746501
2022-08-31,82779,NVAX,NOVAVAX INC,35,-0.02,-0.39577399999999996,-0.4854599893359583,4263.49965,1.7631657248452117,1.0679252143889921
2022-08-31,84042,PAG,PENSKE AUTOMOTIVE GROUP INC,25,0.02,0.032731,0.19445469833066734,8688.76059,1.1729844600220471,1.1562865911547833
2022-08-31,84381,ROK,ROCKWELL AUTOMATION INC,20,-0.02,-0.069711,-0.3132972396538288,29679.36336,1.4141814077151416,1.0183679695302061
2022-08-31,84385,NSP,INSPERITY INC,20,0.02,-0.008462,0.33370247323735697,4203.919919999999,1.3211989216695454,0.9070319660802574
2022-08-31,84761,TTWO,TAKE TWO INTERACTIVE SOFTWR INC,50,-0.02,-0.078523,-0.2595873836183914,22124.896429999997,0.7088080318833432,0.7351160549125427
2022-08-31,84788,AMZN,AMAZON COM INC,25,-0.02,-0.062516,-0.43343177064107297,1374810.5472499998,1.2814204206901856,1.271935828475199
2022-08-31,85002,SRPT,SAREPTA THERAPEUTICS INC,35,-0.02,0.174861,-0.3272630326893893,8139.4456,1.3069924953292924,0.828674678288244
2022-08-31,85517,CHH,CHOICE HOTELS INTERNATIONAL INC,25,0.02,-0.052865,0.30718592346499324,6740.919900000001,1.2695103803800627,0.9921591189739515
2022-08-31,85593,AMG,AFFILIATED MANAGERS GROUP INC,40,0.02,0.005927999999999999,0.28743693859972924,4887.746499999999,1.2765670451131375,1.2517270588164429
2022-08-31,85738,MRCY,MERCURY SYSTEMS INC,20,-0.02,-0.18627700000000003,-0.3551536032156188,3403.51977,0.7466127655900193,0.891345774979778
2022-08-31,85792,PWR,QUANTA SERVICES INC,20,-0.02,0.016624,-0.33905500184569953,19936.74957,1.0734951337107157,1.234718335598884
2022-08-31,86047,AMKR,AMKOR TECHNOLOGY INC,45,0.02,-0.003884,0.1837496411139822,4938.382460000001,1.53071708259899,1.4320496663361129
2022-08-31,86594,KFY,KORN FERRY,20,0.02,-0.071967,0.3513186497682622,3473.27469,1.4132993739368043,1.0079884288600902
2022-08-31,86868,GS,GOLDMAN SACHS GROUP INC,40,-0.02,0.003438,-0.31237438989376975,114501.79533,1.3474677401358806,1.004727021315657
2022-08-31,87006,UTHR,UNITED THERAPEUTICS CORP,35,0.009999999999999995,-0.021159,0.2603051556539929,10517.382119999998,0.49942252804669646,0.599094681276379
2022-08-31,88159,EXEL,EXELIXIS INC,35,0.02,-0.15390900000000002,0.25160986013699194,6732.0560000000005,0.5887962785585487,0.707036204696565
2022-08-31,88351,INSM,INSMED INC,35,-0.02,0.111119,-0.3556868052992085,2651.4138,2.0041140408015914,0.9117979660443656
2022-08-31,89301,GME,GAMESTOP CORP NEW,25,-0.02,-0.159796,-0.5343095033017513,10356.58916,1.1392199337535853,0.5908426354428548
2022-08-31,89508,KMX,CARMAX INC,25,-0.02,-0.113414,-0.400188671506501,15843.38364,1.3684621772184975,1.1789769754655928
2022-08-31,89792,CVCO,CAVCO INDUSTRIES INC DEL,25,0.02,-0.094147,0.34194659776055125,2293.04205,1.116459618461157,1.131462598263544
2022-08-31,89866,LKQ,L K Q CORP,25,0.02,-0.027026,0.2876215085517412,15047.5476,1.3191166860394379,1.0109620806654411
2022-08-31,89916,NXST,NEXSTAR MEDIA GROUP INC,50,0.02,0.018376,0.20111972437553832,7426.29888,1.4771731635091438,0.9848046658206269
2022-08-31,89946,AEL,AMERICAN EQUITY INVT LIFE HLDG C,40,0.02,0.009814,0.2601821090193183,3495.44628,1.0145807341832396,1.0571807721768338
2022-08-31,90126,CYTK,CYTOKINETICS INC,35,-0.02,0.24922100000000003,-0.5923464993232436,3985.1155200000003,1.051810804463355,0.911818424922268
2022-08-31,90178,ALNY,ALNYLAM PHARMACEUTICALS INC,35,-0.02,0.453112,-0.37576391452360447,17048.63508,0.7879197684484104,0.798435282496294
2022-08-31,90312,WLK,WESTLAKE CORP,15,0.02,0.014808000000000002,0.37287231860875275,12491.544860000002,1.2015760834599525,1.0195455745688515
2022-08-31,90564,PBH,PRESTIGE CONSUMER HEALTHCARE INC,35,0.02,-0.163234,0.3273040482342808,3010.6752,0.4842162481668131,0.5310200576923305
2022-08-31,90829,CF,C F INDUSTRIES HOLDINGS INC,15,0.02,0.08571,0.28358147737992695,19919.40498,1.050920273394961,1.0530935603145146
2022-08-31,90880,AMP,AMERIPRISE FINANCIAL INC,40,0.010000000000000009,-0.004364,0.16758951642672568,29665.28768,1.447621391259705,1.2076329679870645
2022-08-31,91161,GPRE,GREEN PLAINS INC,10,-0.02,0.015033999999999999,-0.5931052869037365,2092.47384,1.7126982787930776,1.3490924889392377
2022-08-31,91413,EVR,EVERCORE INC,40,0.02,-0.057972,0.21941265739715352,4058.28215,1.4656857349695616,1.1914627061877698
2022-08-31,91531,OC,OWENS CORNING NEW,20,0.02,-0.12062,0.17587465649481157,9003.013719999999,1.448923974646344,1.1557075969483424
2022-08-31,91611,FSLR,FIRST SOLAR INC,45,-0.02,0.284274,-0.3500881834215167,10571.02615,1.4922787855310535,1.1891414079204274
2022-08-31,91733,AVAV,AEROVIRONMENT INC,20,-0.02,0.021298,-0.3558303597063287,2165.22024,0.5423279870880232,1.0761638423060946
2022-08-31,91983,CLR,CONTINENTAL RESOURCES INC,10,0.02,0.016011,0.3769328575530126,25004.934409999998,2.4899246790237926,1.0057571937437015
2022-08-31,92293,TDC,TERADATA CORP DE,45,0.011086525169082899,-0.142669,0.2823715188056273,4008.963,1.0226188032769585,0.9406182953463725
2022-08-31,92601,NOG,NORTHERN OIL & GAS INC,10,-0.02,0.095567,-0.3124564209835528,2229.51039,2.153660896426547,1.0050016996622508
2022-08-31,92611,V,VISA INC,45,0.02,-0.063411,0.3157991878922112,349073.45709000004,0.8374256327473008,1.1068619470543692
2022-08-31,93002,AVGO,BROADCOM INC,45,0.02,-0.069821,0.3533079036955005,216869.4,1.068321375212294,1.0503501021088633
2022-09-30,10606,WTS,WATTS WATER TECHNOLOGIES INC,20,0.02,-0.094262,0.20124716553287983,3782.15008,0.9366775678378562,1.0326066574260138
2022-09-30,11403,CDNS,CADENCE DESIGN SYSTEMS INC,45,0.02,-0.061433,0.229129923574368,47590.3899,1.1315914997009648,1.2350650798738045
2022-09-30,11691,MATX,MATSON INC,20,0.02,-0.16674,0.37794994541026294,2871.34046,1.206866718730149,0.960558046134685
2022-09-30,11752,IIVI,II VI INC,45,-0.02,-0.26405100000000004,-0.4050348534475518,6318.61832,1.5156270722140444,1.069827054538426
2022-09-30,11995,COKE,COCA COLA CONSOLIDATED INC,30,0.02,-0.133905,0.3481775426219871,3969.6677699999996,0.791430253398719,0.7898364220377935
2022-09-30,12591,APO,APOLLO GLOBAL MANAGEMENT INC NEW,40,-0.02,-0.165297,-0.49859326446628044,31735.67978,1.5783958972316574,1.2861447107629396
2022-09-30,13511,PANW,PALO ALTO NETWORKS INC,45,-0.02,-0.119456,-0.3276014109347443,55535.11577999999,1.1543931943240124,1.153340161978479
2022-09-30,13527,FIVE,FIVE BELOW INC,25,-0.02,0.074627,-0.4734819853867473,7098.235159999999,1.3128308515168212,1.3822026330461203
2022-09-30,13600,QLYS,QUALYS INC,45,0.011634355333233853,-0.084286,0.17143277063911982,5827.491599999999,0.6236100952424276,0.999419122319534
2022-09-30,13610,OLN,OLIN CORP,15,0.02,-0.217443,0.2481523473586966,7933.6257000000005,1.2836723777266448,1.12488430331658
2022-09-30,13628,WDAY,WORKDAY INC,45,-0.02,-0.076917,-0.3897917191567985,33076.56,1.3264663705408104,1.1416594856483642
2022-09-30,13688,PCG,P G & E CORP,55,-0.02,0.011859,-0.2735575711766188,24507.94644,1.1451184795107043,0.3932119368836207
2022-09-30,13862,TMHC,TAYLOR MORRISON HOME CORP,25,0.02,-0.073215,0.256214831611657,2853.97749,1.6883932104364843,1.2649108648241987
2022-09-30,13928,COP,CONOCOPHILLIPS,10,0.02,-0.054181,0.31987486352565714,139333.46185,1.3022247653458139,0.9385844662163753
2022-09-30,14008,AMGN,AMGEN INC,35,0.02,-0.06393499999999999,0.36556227429243304,128543.91930000001,0.5124340008285971,0.41594666183580126
2022-09-30,14054,MRTX,MIRATI THERAPEUTICS INC,35,-0.02,-0.14002599999999998,-0.3318426135886453,4506.0783,1.016543055290177,0.82328638213672
2022-09-30,14182,BURL,BURLINGTON STORES INC,25,-0.018365644666765536,-0.20379799999999998,-0.414021164021164,9188.893740000001,0.8326913068903126,1.2468570724905943
2022-09-30,14295,TWTR,TWITTER INC,50,-0.02,0.129426,-0.43430335097001765,29653.282499999998,0.6897629034478329,1.0665194784477912
2022-09-30,14325,TNDM,TANDEM DIABETES CARE INC,35,-0.010000000000000002,0.044201,-0.36067019400352723,2937.4685400000003,0.9537907385282433,0.8781719484221393
2022-09-30,14328,AMC,A M C ENTERTAINMENT HOLDINGS INC,50,-0.02,-0.237675,-0.39426387839086247,4713.40752,2.0107182453475194,0.7336401394646647
2022-09-30,14432,ITCI,INTRA CELLULAR THERAPIES INC,35,-0.02,-0.076143,-0.3523557571176619,4744.64452,1.177140813507052,0.5414017406566831
2022-09-30,14617,ARES,ARES MANAGEMENT CORP,40,-0.02,-0.15966,-0.46098933400520703,12750.30064,1.1489250317376936,1.392084959942697
2022-09-30,14776,SYF,SYNCHRONY FINANCIAL,40,0.02,-0.14116599999999999,0.23118753674309225,15777.607250000001,1.5494996404336374,1.1836327607368364
2022-09-30,15456,FL,FOOT LOCKER INC,25,-0.02,-0.15692399999999998,-0.3708742756361804,3481.7484000000004,1.1972221765690474,1.2349578444763436
2022-09-30,15535,OLLI,OLLIES BARGAIN OUTLET HLD INC,25,-0.02,-0.069006,-0.363567649281935,3461.8529000000003,0.8652345970302161,1.0404091256824806
2022-09-30,15638,GBT,GLOBAL BLOOD THERAPEUTICS INC,35,-0.02,0.001017,-0.642668178382464,4581.620400000001,0.511547701016392,1.2261342229543248
2022-09-30,16019,RRR,RED ROCK RESORTS INC,25,0.008365644666765534,-0.099716,0.20884773662551437,2233.7679,2.2014675389479703,1.2020984529891583
2022-09-30,16076,GMS,G M S INC,20,0.02,-0.171846,0.23353909465020578,2055.5854,1.796324340361569,1.2488237320533093
2022-09-30,16119,ATKR,ATKORE INC,20,0.02,-0.080119,0.19876963130931383,3487.90561,2.224152406270345,1.3222719363608002
2022-09-30,16343,YUMC,YUM CHINA HOLDINGS INC,25,-0.02,-0.057407,-0.28544133702863866,21024.75292,0.546551067198636,0.9918387578017016
2022-09-30,16381,BL,BLACKLINE INC,45,-0.02,-0.120269,-0.2895145712606029,4051.2622,0.854744272659874,1.0544237115285666
2022-09-30,16664,FND,FLOOR & DECOR HOLDINGS INC,25,-0.02,-0.13835999999999998,-0.4582808432014781,8627.170320000001,1.7794051726596045,1.443070748884772
2022-09-30,16736,VST,VISTRA CORP,55,-0.02,-0.14717699999999997,-0.4403922062652222,10304.613000000001,0.85568481574878,0.7866060937303505
2022-09-30,16932,ROKU,ROKU INC,50,-0.010000000000000002,-0.17251699999999998,-0.5928025531200135,8209.912,1.7608999013258746,1.5141516342006975
2022-09-30,16966,SWCH,SWITCH INC,45,-0.02,-0.009587,-0.05893592004703115,5323.19025,0.594180841715026,0.5273977586860559
2022-09-30,17855,AVLR,AVALARA INC,45,-0.02,0.00036399999999999996,-0.4438145628621819,8084.282940000001,1.0855751281462556,1.3276270558011054
2022-09-30,17907,NKLA,NIKOLA CORP,20,-0.02,-0.345213,-0.48311917359536405,2323.43136,1.5645366090826078,0.9704435685359347
2022-09-30,18453,LAZR,LUMINAR TECHNOLOGIES INC,25,-0.02,-0.156801,-0.5072226421432771,2248.03566,1.6202202356129578,1.1025316597329822
2022-09-30,18726,CRWD,CROWDSTRIKE HOLDINGS INC,45,-0.02,-0.099405,-0.35844461241286646,39230.836740000006,1.3732013580786433,1.2072138351406951
2022-09-30,18777,KRTX,KARUNA THERAPEUTICS INC,35,-0.02,-0.120058,-0.3400310741580583,8663.1129,0.9099029012031434,0.38219644388164326
2022-09-30,19561,BA,BOEING CO,20,-0.02,-0.24636,-0.419480137734106,95158.21275,1.3426490150499009,1.3035742361888296
2022-09-30,20482,ABT,ABBOTT LABORATORIES,35,0.02,-0.059308,0.3171453766691862,179762.733,0.6772892464521016,0.6704315812581876
2022-09-30,21936,PFE,PFIZER INC,35,0.02,-0.03443,0.34662383471907277,253846.68095999997,0.6211708832147537,0.6080752516224762
2022-09-30,22752,MRK,MERCK & CO INC NEW,35,0.02,0.014981000000000001,0.33578987150415723,216240.7808,0.28641214392717984,0.4588403464926276
2022-09-30,23835,MDU,M D U RESOURCES GROUP INC,20,-0.02,-0.088276,-0.3321155622742924,6131.03265,0.6752965360291575,0.6348583386399022
2022-09-30,24328,EQT,E Q T CORP,10,-0.02,-0.149419,-0.13498362307886116,17683.9446,1.1261237236573618,0.7471414708760862
2022-09-30,28345,MUR,MURPHY OIL CORP,10,0.02,-0.09944,0.24668262366675067,6058.00341,2.4386684572543906,1.20279374454375
2022-09-30,35991,ROG,ROGERS CORP,45,-0.02,-0.036417,-0.2646342487612329,4712.53172,1.3138107683629292,0.7135236816244633
2022-09-30,43123,ATI,A T I INC,15,-0.02,-0.112854,-0.29955068447131933,3887.9668599999995,1.2624917434700502,1.1953817630649002
2022-09-30,43350,SWK,STANLEY BLACK & DECKER INC,20,-0.02,-0.14027699999999999,-0.39124044679600234,13022.5896,1.2207276454884275,1.1902205148059106
2022-09-30,44943,DIOD,DIODES INC,45,0.02,-0.089887,0.20309481817418323,3236.88277,1.2904589438926897,1.346161646851339
2022-09-30,49429,DDS,DILLARDS INC,25,0.02,-0.080487,0.17911732594272278,4010.2008800000003,0.7589136772596423,1.3889342896694619
2022-09-30,50948,SMTC,SEMTECH CORP,45,0.02,-0.365211,0.21858990509784157,2933.80404,1.5836705589398474,1.2604881531457546
2022-09-30,52476,EFX,EQUIFAX INC,20,-0.02,-0.091802,-0.2655580750818846,23103.0,1.412467168763455,0.8896695012377519
2022-09-30,56223,LPX,LOUISIANA PACIFIC CORP,15,0.010000000000000009,-0.057987,0.119782480893592,4006.07856,1.6254247076759862,1.3302635973390486
2022-09-30,61807,MOGA,MOOG INC,20,0.02,-0.063679,0.337721508356429,2171.49578,1.2468544157273405,0.8471952885683908
2022-09-30,62341,PDCE,P D C ENERGY INC,10,0.02,-0.14618899999999999,0.3188250608885529,6540.208369999999,2.5409951240804403,1.1270083862528961
2022-09-30,64194,CHE,CHEMED CORP NEW,35,0.02,-0.085152,0.3001595700008398,7127.61192,0.48631453173915506,0.6527876798049789
2022-09-30,66800,AIG,AMERICAN INTERNATIONAL GROUP INC,40,0.010000000000000009,-0.079022,0.3302469135802469,39351.528000000006,1.1332573017232452,0.9467426075017203
2022-09-30,76504,CATY,CATHAY GENERAL BANCORP,40,0.02,-0.084905,0.4099899218946838,3123.2718,1.135064342585246,0.8290626047717491
2022-09-30,76573,MLI,MUELLER INDUSTRIES INC,20,0.02,-0.057241,0.3651003611321072,3580.72828,1.1097099137327557,1.040601394729812
2022-09-30,76841,BIIB,BIOGEN INC,35,0.02,0.364639,0.28245989753926265,28352.177939999998,0.4258091209603395,0.5333563655152539
2022-09-30,77300,SMG,SCOTTS MIRACLE GRO CO,15,-0.02,-0.363393,-0.5485428739396992,3709.4317,1.2665696606665415,1.3171518311809183
2022-09-30,79668,BDC,BELDEN INC NEW,45,0.02,-0.084609,0.2551230368690686,2850.0170000000003,1.302614770524323,1.0402537899288926
2022-09-30,79758,BYD,BOYD GAMING CORP,25,0.02,-0.123756,0.26482321323591174,5815.41006,1.8466677495176829,1.1434406497196041
2022-09-30,79841,FWRD,FORWARD AIR CORP,20,0.02,-0.071797,0.3795036533131771,2605.62104,1.0739518309182372,1.0271977634984648
2022-09-30,80306,BCRX,BIOCRYST PHARMACEUTICALS INC,35,-0.02,-0.095454,-0.44618711682203743,2584.6355,2.1110925119946393,1.0481118901600028
2022-09-30,80415,EXP,EAGLE MATERIALS INC,15,0.02,-0.103961,0.3516628873771731,4507.8797,1.2428730839712416,1.0625059953271447
2022-09-30,82634,SAM,BOSTON BEER INC,30,-0.02,-0.041771,-0.08371126228269087,3446.9800800000003,0.9644044701897375,0.6026993078465525
2022-09-30,82779,NVAX,NOVAVAX INC,35,-0.02,-0.45108200000000004,-0.4693037708910725,2584.2236000000003,1.8728284014834324,1.0289306357974313
2022-09-30,84042,PAG,PENSKE AUTOMOTIVE GROUP INC,25,0.02,-0.16713999999999998,0.17714369698496682,8749.15782,1.1527964680876324,1.1291595597181165
2022-09-30,84381,ROK,ROCKWELL AUTOMATION INC,20,-0.01827126071268296,-0.094062,-0.19635508524397413,27351.1689,1.418429245397099,1.0157411571727983
2022-09-30,84385,NSP,INSPERITY INC,20,0.02,-0.061069,0.31454186612916774,4145.594520000001,1.3160119654413804,0.8978652261815403
2022-09-30,84761,TTWO,TAKE TWO INTERACTIVE SOFTWR INC,50,-0.02,-0.112569,-0.45443856554967665,20429.648960000002,0.7361207922723947,0.7410622820124856
2022-09-30,85002,SRPT,SAREPTA THERAPEUTICS INC,35,-0.02,0.008676,-0.3589905097841606,9578.187839999999,1.2493712940993615,0.7559542189885989
2022-09-30,85593,AMG,AFFILIATED MANAGERS GROUP INC,40,0.02,-0.12371,0.2842235659695977,4868.46336,1.2554289915517334,1.229812227424948
2022-09-30,85738,MRCY,MERCURY SYSTEMS INC,20,-0.02,-0.15838,-0.24099269337364573,2780.9032700000002,0.7972012365842963,0.8749402977037309
2022-09-30,85753,VRSN,VERISIGN INC,45,0.02,-0.048686,0.27057613168724276,19549.10826,0.9584533251856311,0.9444179161129991
2022-09-30,85792,PWR,QUANTA SERVICES INC,20,-0.0033630946205508404,-0.099877,-0.34960527420844884,20209.1499,1.0644354016574031,1.1952917506360956
2022-09-30,86047,AMKR,AMKOR TECHNOLOGY INC,45,0.02,-0.15272599999999997,0.06972789115646254,4928.58894,1.5091542018261799,1.433145207441975
2022-09-30,86594,KFY,KORN FERRY,20,0.02,-0.228842,0.4147350298143949,3229.91748,1.419309783344157,0.9796317770733991
2022-09-30,86868,GS,GOLDMAN SACHS GROUP INC,40,-0.02,-0.121026,-0.23899806836314777,114254.51349000001,1.331383429743338,0.9726623778636292
2022-09-30,87179,NTCT,NETSCOUT SYSTEMS INC,45,0.02,-0.015162,0.35493827160493824,2268.9021599999996,0.6158905887952204,0.7762656518798365
2022-09-30,89301,GME,GAMESTOP CORP NEW,25,-0.02,-0.124485,-0.5207231040564373,8721.338240000001,1.1877518894780952,0.5768971935375615
2022-09-30,89508,KMX,CARMAX INC,25,-0.02,-0.255434,-0.39310909549004786,14076.641039999999,1.3864500837970344,1.1806073533850552
2022-09-30,89792,CVCO,CAVCO INDUSTRIES INC DEL,25,0.02,-0.12265,0.28535735281767033,2081.5189499999997,1.1343343118151488,1.1329323821970818
2022-09-30,89866,LKQ,L K Q CORP,25,0.02,-0.115984,0.30563953976652397,14603.0358,1.3125687943280915,0.9876473539330266
2022-09-30,89916,NXST,NEXSTAR MEDIA GROUP INC,50,0.02,-0.12982999999999997,0.2244268077601411,7422.068079999999,1.455089934557295,0.951792402417939
2022-09-30,89946,AEL,AMERICAN EQUITY INVT LIFE HLDG C,40,0.02,-0.020613,0.29816494499034185,3330.244,1.002719291781934,1.082818220641986
2022-09-30,90125,CORT,CORCEPT THERAPEUTICS INC,35,0.02,-0.0089,0.35707986898463095,2765.4511,0.6270525337346716,0.6004056012218544
2022-09-30,90178,ALNY,ALNYLAM PHARMACEUTICALS INC,35,-0.02,-0.033429,-0.5344755186025026,24805.980089999997,0.6546470654896219,1.0468713779566114
2022-09-30,90312,WLK,WESTLAKE CORP,15,0.02,-0.121061,0.2770429159318048,12620.79343,1.1891335498350217,1.0091448492403303
2022-09-30,90829,CF,C F INDUSTRIES HOLDINGS INC,15,0.02,-0.071618,0.3223943898547073,20615.54306,1.019139313488549,1.0255970597221638
2022-09-30,90978,SPWR,SUNPOWER CORP,45,-0.02,-0.041929,-0.4505752918451331,4178.232,2.0024906586236293,1.5132909886282409
2022-09-30,91161,GPRE,GREEN PLAINS INC,10,-0.02,-0.20831699999999997,-0.4041740152851265,2127.90996,1.689795373473171,1.2877276602214736
2022-09-30,91413,EVR,EVERCORE INC,40,0.02,-0.124034,0.2698622658940119,3667.40136,1.463864347120312,1.1706392045013032
2022-09-30,91463,CVLT,COMMVAULT SYSTEMS INC,45,0.02,-0.024954,0.25776853951457124,2432.5720300000003,0.5209847963778564,0.9959030843753505
2022-09-30,91531,OC,OWENS CORNING NEW,20,0.02,-0.040104,0.22833207357016883,7865.613470000001,1.472215323919541,1.1409563228499549
2022-09-30,91611,FSLR,FIRST SOLAR INC,45,-0.02,0.035076,-0.3208826740572772,13596.19225,1.3943719931866825,1.1517578442784324
2022-09-30,91733,AVAV,AEROVIRONMENT INC,20,-0.02,-0.061602,-0.39682539682539686,2215.2748500000002,0.549300701876615,1.0992487947552578
2022-09-30,92040,FOLD,AMICUS THERAPEUTICS INC,35,-0.02,-0.072276,-0.5340975896531452,3149.99254,0.9442004465367729,1.0857374267878976
2022-09-30,92326,CVI,C V R ENERGY,10,0.02,-0.114605,0.2607499790039473,3283.34246,1.4142089302143095,1.0810999292591605
2022-09-30,92611,V,VISA INC,45,0.02,-0.107913,0.2837196607037877,324893.83065,0.8499351961333207,1.0868484623717052
2022-09-30,93002,AVGO,BROADCOM INC,45,0.02,-0.104761,0.30219618711682206,202140.04911,1.0803426718341655,1.0712188352643157
2022-10-31,10606,WTS,WATTS WATER TECHNOLOGIES INC,20,0.02,0.161755,0.2786328159256336,3432.93192,0.9358542135588745,1.0242778491132836
2022-10-31,11403,CDNS,CADENCE DESIGN SYSTEMS INC,45,0.02,-0.075998,0.2223756906077348,44831.463879999996,1.1203841823857033,1.2044039709007697
2022-10-31,11691,MATX,MATSON INC,20,0.02,0.19370700000000002,0.4518547750591949,2398.11112,1.2413212305218821,0.9502850847178783
2022-10-31,11752,COHR,COHERENT CORP,45,-0.02,-0.037908000000000004,-0.3434403227220907,4819.30195,1.5739983296165359,1.071613801680188
2022-10-31,11995,COKE,COCA COLA CONSOLIDATED INC,30,0.02,0.181142,0.3619880733140401,3445.7683700000002,0.836314357305454,0.783926045620445
2022-10-31,12591,APO,APOLLO GLOBAL MANAGEMENT INC NEW,40,-0.02,0.18821100000000002,-0.4702929053757782,26551.0815,1.5943813963848985,1.255850815052376
2022-10-31,13511,PANW,PALO ALTO NETWORKS INC,45,-0.02,0.045294999999999995,-0.21755239849162505,49201.697049999995,1.1675223917230892,1.1483703184943828
2022-10-31,13527,FIVE,FIVE BELOW INC,25,-0.02,0.06072199999999999,-0.4869990353415768,7641.648689999999,1.193743898071715,1.3169723873592347
2022-10-31,13600,QLYS,QUALYS INC,45,0.02,0.020415,0.2337761992458125,5314.104359999999,0.6438205476371289,0.9838908070888681
2022-10-31,13610,OLN,OLIN CORP,15,0.02,0.232514,0.25271858282908005,6223.817600000001,1.341876141367388,1.0964304035298393
2022-10-31,13628,WDAY,WORKDAY INC,45,-0.02,0.021323,-0.3582609839515917,30596.22,1.3066913969778453,1.135476050226429
2022-10-31,13688,PCG,P G & E CORP,55,-0.02,0.192073,-0.3102911514513725,24845.85,1.0687683362764155,0.3817744491898187
2022-10-31,13862,TMHC,TAYLOR MORRISON HOME CORP,25,0.02,0.127176,0.1988731035692362,2650.52788,1.6324336748073907,1.2547818642182935
2022-10-31,14167,ISEE,IVERIC BIO INC,35,-0.015549283093602454,0.33100599999999997,-0.5201482066122949,2163.07962,0.9800600218634673,1.1164487639784817
2022-10-31,14182,BURL,BURLINGTON STORES INC,25,-0.02,0.275356,-0.3844821538191704,7333.941940000001,0.9007628563984381,1.2624857020730138
2022-10-31,14295,TWTR,TWITTER INC,50,-0.02,0.233987,-0.454376041392616,33548.384640000004,0.5922868162188677,1.0162414387850722
2022-10-31,14325,TNDM,TANDEM DIABETES CARE INC,35,-0.02,0.171132,-0.4044768920459528,3075.08025,0.9250801624467693,0.9380272534391593
2022-10-31,14328,AMC,A M C ENTERTAINMENT HOLDINGS INC,50,-0.02,-0.046803000000000004,-0.3867841796018592,3602.24237,2.095558122955199,0.7497740858626303
2022-10-31,14432,ITCI,INTRA CELLULAR THERAPIES INC,35,-0.02,-0.02081,-0.33258791546084365,4406.48406,1.202758852145574,0.5371285624512409
2022-10-31,14617,ARES,ARES MANAGEMENT CORP,40,-0.02,0.221725,-0.475203893712181,10653.9132,1.1906607237559668,1.386446577644946
2022-10-31,14776,SYF,SYNCHRONY FINANCIAL,40,0.02,0.26727199999999995,0.2194597912829957,13580.78621,1.5475295911245608,1.1830956509677835
2022-10-31,15067,FRPT,FRESHPET INC,30,-0.02,0.17455500000000002,-0.5804832061738139,2395.50416,0.8054389287283571,1.4737351506830632
2022-10-31,15069,MRO,MARATHON OIL CORP,10,0.010000000000000009,0.34621199999999996,0.2940454266421118,15299.846719999998,2.3869514057167547,1.053925580398927
2022-10-31,15119,WK,WORKIVA INC,45,-0.006151308523602846,-0.0021980000000000003,-0.38093045689730776,3769.8768,1.2948404715005373,1.3325933197169968
2022-10-31,15456,FL,FOOT LOCKER INC,25,-0.02,0.028657000000000002,-0.32484872401999476,2904.4912600000002,1.2272240858631036,1.21203682581666
2022-10-31,15535,OLLI,OLLIES BARGAIN OUTLET HLD INC,25,-0.02,0.082944,-0.3205516092256424,3229.6440000000002,0.8529462514095372,1.01520657574535
2022-10-31,16119,ATKR,ATKORE INC,20,0.02,0.222451,0.18006226431640796,3215.18701,2.15227002079558,1.2697084487167527
2022-10-31,16343,YUMC,YUM CHINA HOLDINGS INC,25,-0.02,-0.12867399999999998,-0.260172761553977,19858.34276,0.540835001733481,0.960497993479337
2022-10-31,16381,BL,BLACKLINE INC,45,-0.02,-0.067436,-0.2899894764535648,3580.6423,0.8768349528339442,1.0728522593920782
2022-10-31,16736,VST,VISTRA CORP,55,-0.02,0.09148300000000001,-0.3888231167236692,8743.308,0.8924228796593547,0.7723983702036143
2022-10-31,16932,ROKU,ROKU INC,50,-0.010000000000000002,-0.017575,-0.5899982460755941,6872.058,1.7770779722045764,1.504348245281348
2022-10-31,16966,SWCH,SWITCH INC,45,-0.02,0.008358999999999998,-0.0772822941331229,5282.4235499999995,0.5722300878467356,0.49024894591602486
2022-10-31,17005,CVS,C V S HEALTH CORP,35,0.0055492830936024525,-0.00335,0.2563579759712356,125204.50173,0.6609129338430915,0.5461352593449204
2022-10-31,17104,APLS,APELLIS PHARMACEUTICALS INC,35,-0.02,-0.116675,-0.5064237481364554,7545.5108,1.3154643423270305,1.0179917740576818
2022-10-31,17855,AVLR,AVALARA INC,45,-0.02,0.016192,-0.3811716215031132,8129.624400000001,1.032928189704707,1.2524498727764402
2022-10-31,18726,CRWD,CROWDSTRIKE HOLDINGS INC,45,-0.02,-0.024231,-0.3666798210997106,35406.79154,1.3713632167864183,1.209786661119434
2022-10-31,18727,CHWY,CHEWY INC,25,-0.010000000000000002,0.25841499999999995,-0.461150574410243,3426.1094399999997,0.573797112046824,1.3291102438943099
2022-10-31,18777,KRTX,KARUNA THERAPEUTICS INC,35,-0.02,-0.027179,-0.2995702885205648,7725.445779999999,1.0075806429159306,0.3748152208835282
2022-10-31,18937,CHPT,CHARGEPOINT HOLDINGS INC,20,-0.02,-0.055173,-0.5332807156011576,5016.45168,2.07056787154652,1.2820655019177045
2022-10-31,19561,BA,BOEING CO,20,-0.02,0.174663,-0.3869814960975182,71898.63588,1.4025635539706223,1.3101576011830527
2022-10-31,20482,ABT,ABBOTT LABORATORIES,35,0.02,0.024893000000000002,0.2895948434622468,169448.0472,0.6772033255406148,0.6632566459876097
2022-10-31,21020,AAL,AMERICAN AIRLINES GROUP INC,20,-0.02,0.17541400000000001,-0.38154433043935804,7824.35052,1.4205376285464155,1.3369285918259957
2022-10-31,21936,PFE,PFIZER INC,35,0.02,0.06142999999999999,0.34372533543804273,245596.52352,0.6071531998352893,0.6027812720753267
2022-10-31,23835,MDU,M D U RESOURCES GROUP INC,20,-0.02,0.038988999999999996,-0.20021047092870298,5561.649850000001,0.6946480377999176,0.6242516383297273
2022-10-31,24328,EQT,E Q T CORP,10,-0.02,0.024422,-0.13959045865123212,15054.68,1.1591187089716894,0.7371695643171682
2022-10-31,28345,MUR,MURPHY OIL CORP,10,0.02,0.376974,0.25274050688415334,5467.282010000001,2.3609791458907763,1.1507042477333704
2022-10-31,35991,ROG,ROGERS CORP,45,-0.02,-0.029407,-0.2794878540734894,4550.00468,1.2594011188192265,0.6738674682216156
2022-10-31,43123,ATI,A T I INC,15,-0.02,0.11605,-0.24697448039989472,3456.6922199999995,1.251530770139622,1.165723198404294
2022-10-31,43350,SWK,STANLEY BLACK & DECKER INC,20,-0.02,0.041283999999999994,-0.30257388406559677,11117.24136,1.224301161729272,1.1649455091661558
2022-10-31,44943,DIOD,DIODES INC,45,0.02,0.101817,0.2649741296150136,2951.3278800000003,1.2759730517463836,1.3142384725401939
2022-10-31,49429,DDS,DILLARDS INC,25,0.02,0.203092,0.21196176444795228,3586.794,0.797109515221826,1.3442841077336916
2022-10-31,52476,EFX,EQUIFAX INC,20,-0.02,-0.013352,-0.30956765763395605,20983.032000000003,1.4174200433049604,0.9671301740357372
2022-10-31,56223,LPX,LOUISIANA PACIFIC CORP,15,0.02,0.10433400000000001,0.12200736648250457,3781.5076799999997,1.5733445244501119,1.3170028129397513
2022-10-31,57808,VSH,VISHAY INTERTECHNOLOGY INC,45,0.02,0.173052,0.3152679119529948,2324.7972,1.2508245200713348,0.9433985528475862
2022-10-31,60098,OTTR,OTTER TAIL CORP,55,0.02,0.09357700000000001,0.4857712882574762,2561.1391200000003,0.4801033435417216,0.6273574362135382
2022-10-31,61621,PAYX,PAYCHEX INC,45,0.014450716906396913,0.052035,0.25381478558274134,40440.596209999996,0.9555443020058043,0.9048441117325494
2022-10-31,61807,MOGA,MOOG INC,20,0.02,0.20236400000000002,0.37126194861001494,2037.4063499999997,1.2060986449609943,0.8278927678081982
2022-10-31,62341,PDCE,P D C ENERGY INC,10,0.02,0.245986,0.34574234850477936,5358.69333,2.476919445299875,1.106212259772724
2022-10-31,64194,CHE,CHEMED CORP NEW,35,0.02,0.06710200000000001,0.31276856967464706,6534.43008,0.5161592233645309,0.6335433426865162
2022-10-31,66800,AIG,AMERICAN INTERNATIONAL GROUP INC,40,0.010000000000000009,0.198178,0.3562220468297817,36104.55168,1.114597949974909,0.933698772279456
2022-10-31,76573,MLI,MUELLER INDUSTRIES INC,20,0.02,0.051509,0.38198281154082264,3369.2969599999997,1.0733012105088222,1.0083460009480982
2022-10-31,76841,BIIB,BIOGEN INC,35,0.02,0.059246,0.04729018679294921,38448.267,0.18915046660933554,0.7768342802589974
2022-10-31,77300,SMG,SCOTTS MIRACLE GRO CO,15,-0.02,0.071591,-0.483052705428396,2368.6065,1.4025490244093797,1.3084442987937792
2022-10-31,77660,CACC,CREDIT ACCEPTANCE CORP,40,0.02,0.060732,0.26267210383232487,5661.150000000001,1.3538973035855053,1.0997908181384963
2022-10-31,79668,BDC,BELDEN INC NEW,45,0.02,0.157786,0.2876655266158029,2612.3705,1.2742029175679077,1.0059869718024441
2022-10-31,79758,BYD,BOYD GAMING CORP,25,0.02,0.209845,0.2288652109094098,5091.021299999999,1.8274888792784278,1.1237706518694754
2022-10-31,79841,FWRD,FORWARD AIR CORP,20,0.02,0.170618,0.27896167675173206,2400.0134000000003,1.0529598693241313,1.0141530792371074
2022-10-31,80191,ALB,ALBEMARLE CORP,15,-0.009999999999999995,0.056022999999999996,-0.39094975006577215,30973.59276,1.4313063043982572,1.4008174956916253
2022-10-31,80306,BCRX,BIOCRYST PHARMACEUTICALS INC,35,-0.02,0.057197,-0.4033806892922915,2348.7786,2.068698013515034,1.0332554424002216
2022-10-31,80415,EXP,EAGLE MATERIALS INC,15,0.02,0.13883700000000002,0.3133605191616241,4039.0783000000006,1.2263765650222833,1.029912594664214
2022-10-31,80575,SSD,SIMPSON MANUFACTURING CO INC,20,0.02,0.091447,0.32585723055336313,3384.2144,1.136317802047467,0.8674790246559801
2022-10-31,82634,SAM,BOSTON BEER INC,30,-0.02,0.15104900000000002,-0.12231430325352977,3309.6449000000002,0.9430903279982362,0.5986280324909504
2022-10-31,84042,PAG,PENSKE AUTOMOTIVE GROUP INC,25,0.02,0.13167700000000002,0.14412873805138998,7303.70286,1.1864576052153253,1.125943124131034
2022-10-31,84381,ROK,ROCKWELL AUTOMATION INC,20,-0.02,0.184508,-0.25228010172761556,24831.222850000002,1.3900195048545891,1.0180088156554632
2022-10-31,84519,CIEN,CIENA CORP,45,-0.02,0.18243700000000002,-0.358392528282031,5989.38106,0.9665725524634445,0.9807193667418518
2022-10-31,84761,TTWO,TAKE TWO INTERACTIVE SOFTWR INC,50,-0.02,0.084646,-0.431903884942559,18257.5,0.7589492546560059,0.7604842579182262
2022-10-31,85002,SRPT,SAREPTA THERAPEUTICS INC,35,-0.02,0.029155000000000004,-0.3676664035780058,9701.65364,1.1808861055597544,0.7591602131399846
2022-10-31,85593,AMG,AFFILIATED MANAGERS GROUP INC,40,0.02,0.10773100000000001,0.3304393580636674,4275.5781,1.2463129128058004,1.1802933026399929
2022-10-31,85710,POWI,POWER INTEGRATIONS INC,45,0.02,0.034830999999999994,0.30165307375252126,3678.7823999999996,1.0965737988968725,1.226849462062226
2022-10-31,85738,MRCY,MERCURY SYSTEMS INC,20,-0.02,0.18979100000000002,-0.12880382355520478,2280.908,0.839293720547743,0.8590664417856104
2022-10-31,85753,VRSN,VERISIGN INC,45,0.02,0.151732,0.2701701306673683,18464.309999999998,0.9363693060150841,0.923317647157436
2022-10-31,85792,PWR,QUANTA SERVICES INC,20,-0.02,0.11267400000000001,-0.35106989388757354,18219.699969999998,1.0748328283570698,1.1326629650666844
2022-10-31,86047,AMKR,AMKOR TECHNOLOGY INC,45,0.02,0.217028,0.15160484083136014,4174.027550000001,1.5055747359289018,1.3754914690560625
2022-10-31,86594,KFY,KORN FERRY,20,0.02,0.181699,0.29270805928264493,2506.1910000000003,1.461958902145735,0.9670290677447296
2022-10-31,86868,GS,GOLDMAN SACHS GROUP INC,40,-0.02,0.173274,-0.24719372095062705,100647.14335,1.3261727905554308,0.9565673448066576
2022-10-31,89215,AMN,A M N HEALTHCARE SERVICES INC,35,0.02,0.182082,0.26824081382092435,4585.20708,0.2512981791422788,0.5996988982925447
2022-10-31,89301,GME,GAMESTOP CORP NEW,25,-0.02,0.12421499999999999,-0.48594668069806196,7652.838899999999,1.250306174027647,0.5921638018324553
2022-10-31,89508,KMX,CARMAX INC,25,-0.02,-0.047919,-0.46641234762781725,10434.06488,1.448001512345834,1.2989991650970392
2022-10-31,89866,LKQ,L K Q CORP,25,0.02,0.177737,0.24530825221432953,12735.215,1.3079317667917707,0.9825345149595469
2022-10-31,89916,NXST,NEXSTAR MEDIA GROUP INC,50,0.02,0.024344,0.2441682013505218,6386.6843,1.4614806796486373,0.9207410724916286
2022-10-31,89946,AEL,AMERICAN EQUITY INVT LIFE HLDG C,40,0.02,0.152943,0.3314697886521091,3268.02102,0.9585525318113206,1.031455973723028
2022-10-31,90125,CORT,CORCEPT THERAPEUTICS INC,35,0.02,0.11311800000000001,0.3941725861615365,2760.146,0.5904740703909939,0.5809867172365437
2022-10-31,90126,CYTK,CYTOKINETICS INC,35,-0.02,-0.10119199999999999,-0.3300228010172761,4584.871950000001,0.997450651565711,0.8715549769421919
2022-10-31,90312,WLK,WESTLAKE CORP,15,0.02,0.110127,0.29746557923353495,11117.25168,1.1891421534732902,0.9963434921048413
2022-10-31,90829,CF,C F INDUSTRIES HOLDINGS INC,15,0.02,0.101673,0.30290274489169516,19178.87125,0.9994901130150612,1.0249993736731917
2022-10-31,91233,MA,MASTERCARD INC,45,0.02,0.153745,0.25583179864947825,272589.93384,1.0271824652055574,1.1130728110051882
2022-10-31,91413,EVR,EVERCORE INC,40,0.02,0.275485,0.22678242567745327,3219.594,1.452041114566078,1.1757921253307075
2022-10-31,91463,CVLT,COMMVAULT SYSTEMS INC,45,0.02,0.145675,0.2303560466543892,2365.42488,0.5065868027301346,0.9470897861827849
2022-10-31,91531,OC,OWENS CORNING NEW,20,0.02,0.091425,0.18245198631938964,7565.347790000001,1.4114621027630196,1.1330380061645555
2022-10-31,91611,FSLR,FIRST SOLAR INC,45,-0.02,0.098225,-0.3309436113303516,14100.77562,1.3132883274029703,1.1030683847244727
2022-10-31,91733,AVAV,AEROVIRONMENT INC,20,-0.008299408382794067,0.095322,-0.24377356835920372,2083.08304,0.5551273507402646,1.119410235347777
2022-10-31,92040,FOLD,AMICUS THERAPEUTICS INC,35,-0.02,-0.044473000000000006,-0.4996492151188283,2932.46028,0.9277411254403326,1.061512357977967
2022-10-31,92326,CVI,C V R ENERGY,10,0.02,0.345499,0.2526966587740069,2913.3883800000003,1.397097176057404,1.0778443958882338
2022-10-31,92611,V,VISA INC,45,0.02,0.16378600000000001,0.33252214329562396,290460.41475000005,0.8702935983316705,1.0596073300125657
2022-10-31,93002,AVGO,BROADCOM INC,45,0.02,0.056478,0.3779926335174954,179824.49401,1.0888682282826674,1.0592333847138906
2022-11-30,10606,WTS,WATTS WATER TECHNOLOGIES INC,20,0.02,0.081798,0.2709183673469388,3996.21344,0.9723275075736728,1.0054506973167925
2022-11-30,11403,CDNS,CADENCE DESIGN SYSTEMS INC,45,0.02,0.133547,0.0734481292517007,41528.699239999994,1.0433338537172252,1.1679748698244994
2022-11-30,11691,MATX,MATSON INC,20,0.02,-0.132222,0.4007440476190477,2868.2219800000003,1.2800349678933518,0.9110587654665799
2022-11-30,11752,COHR,COHERENT CORP,45,-0.02,0.088188,-0.3517644557823129,4647.82607,1.5060400141154044,1.0461880225432099
2022-11-30,12591,APO,APOLLO GLOBAL MANAGEMENT INC NEW,40,-0.02,0.25861599999999996,-0.5018920068027211,31610.06176,1.6161802976645627,1.21038785393706
2022-11-30,13318,YELP,YELP INC,50,0.02,-0.197076,0.2423894557823129,2699.2243399999998,1.4717482150800576,0.9963268017899365
2022-11-30,13511,PANW,PALO ALTO NETWORKS INC,45,-0.02,-0.012705000000000001,-0.20801445578231292,51871.65700000001,1.1435127727275276,1.120317594111026
2022-11-30,13527,FIVE,FIVE BELOW INC,25,-0.02,0.09629,-0.44445153061224485,8124.1812,1.1775579712187756,1.2704835266493288
2022-11-30,13600,QLYS,QUALYS INC,45,0.02,-0.137817,0.24868197278911566,5415.56928,0.6254110299297359,0.9718592258565575
2022-11-30,13610,OLN,OLIN CORP,15,0.02,0.077157,0.19156037414965987,7252.084950000001,1.387728878886188,1.0438653593892209
2022-11-30,13628,WDAY,WORKDAY INC,45,-0.02,0.074669,-0.3673681972789116,31475.64,1.2713212193861776,1.1277291741565227
2022-11-30,13688,PCG,P G & E CORP,55,-0.02,0.048718000000000004,-0.21086309523809524,29676.361,1.1300603852845748,0.3862464236780042
2022-11-30,13766,BCC,BOISE CASCADE CO,20,0.02,0.123249,0.24721513605442183,2633.94296,1.4982392886222051,1.355246735738581
2022-11-30,13862,TMHC,TAYLOR MORRISON HOME CORP,25,0.02,0.150903,0.22867772108843543,2853.8599799999997,1.6276629347558882,1.2190193549965394
2022-11-30,13928,COP,CONOCOPHILLIPS,10,0.02,-0.019562,0.3078018707482993,160516.73097,1.3081250194682557,0.9108060810592782
2022-11-30,14167,ISEE,IVERIC BIO INC,35,-0.02,-0.015397999999999998,-0.4810799319727891,2887.69416,1.0749292862338973,1.080646498022248
2022-11-30,14182,BURL,BURLINGTON STORES INC,25,-0.02,0.36591799999999997,-0.4193664965986394,9370.456160000002,0.9846558841165057,1.2786101377242824
2022-11-30,14328,AMC,A M C ENTERTAINMENT HOLDINGS INC,50,-0.02,0.08273,-0.37548894557823126,3442.02786,1.989220761027504,0.7448562517130357
2022-11-30,14432,ITCI,INTRA CELLULAR THERAPIES INC,35,-0.02,0.184357,-0.26553996598639457,4325.0403400000005,1.145317765950426,0.507194286669651
2022-11-30,14596,FIVN,FIVE 9 INC,45,-0.02,0.061034000000000005,-0.35839710884353737,4248.51078,0.6516313116398336,1.1756259134363922
2022-11-30,14617,ARES,ARES MANAGEMENT CORP,40,-0.02,0.030903999999999997,-0.4892857142857143,13040.94008,1.2360474597653128,1.3772163346467847
2022-11-30,14776,SYF,SYNCHRONY FINANCIAL,40,0.02,0.053949000000000004,0.16643282312925173,16021.23796,1.6050985937252387,1.162226750291921
2022-11-30,15067,FRPT,FRESHPET INC,30,-0.02,0.13404,-0.5684311224489796,2830.7790000000005,0.8447627690867511,1.4217042890615328
2022-11-30,15456,FL,FOOT LOCKER INC,25,-0.0011654337620821843,0.252665,-0.24995748299319726,2957.6734,1.2120438440317252,1.1532238336034204
2022-11-30,15535,OLLI,OLLIES BARGAIN OUTLET HLD INC,25,-0.02,0.084644,-0.3141156462585034,3485.832,0.8620738852978485,0.991479113163268
2022-11-30,16119,ATKR,ATKORE INC,20,0.02,0.27888599999999997,0.16983418367346934,3937.8913,2.1704388153138843,1.239686130080216
2022-11-30,16343,YUMC,YUM CHINA HOLDINGS INC,25,-0.02,0.333244,-0.2850977891156462,17351.32835,0.47191539541367705,0.9751669437067937
2022-11-30,16381,BL,BLACKLINE INC,45,-0.02,0.205894,-0.30065901360544217,3347.512,0.8177732710870327,1.0856651181538917
2022-11-30,16505,BPOP,POPULAR INC,40,0.010000000000000009,0.029667000000000002,0.3966624149659865,5139.43456,0.8371045029303923,0.830207261635743
2022-11-30,16597,AYX,ALTERYX INC,45,-0.006402386223994432,-0.082478,-0.3389455782312925,2960.93226,0.6651566702142561,1.1913618360564067
2022-11-30,16632,HLNE,HAMILTON LANE INC,40,0.02,0.232182,0.2801020408163265,2265.14412,0.9568962259059778,1.019540856789836
2022-11-30,16736,VST,VISTRA CORP,55,-0.02,0.056352,-0.4214923469387755,9563.51356,0.8990604268385616,0.7408756600534073
2022-11-30,16932,ROKU,ROKU INC,50,-0.02,0.06610300000000001,-0.5946428571428573,6767.271299999999,1.7252748453803757,1.4864609739014396
2022-11-30,16966,SWCH,SWITCH INC,45,-0.02,0.004564,-0.08858418367346939,5347.790849999999,0.5618564330035294,0.45623856118144884
2022-11-30,17005,CVS,C V S HEALTH CORP,35,0.009999999999999995,0.072962,0.19323979591836735,124324.9063,0.6504468319939726,0.6022799103971221
2022-11-30,17104,APLS,APELLIS PHARMACEUTICALS INC,35,-0.02,-0.17743,-0.42085459183673474,6682.6932400000005,1.2132353645323506,0.9572911365614261
2022-11-30,17949,BE,BLOOM ENERGY CORP,20,-0.002432180013922748,0.135038,-0.49880952380952376,3298.47945,2.9979151524874386,1.6249960451135537
2022-11-30,18453,LAZR,LUMINAR TECHNOLOGIES INC,25,-0.02,-0.056007999999999995,-0.503656462585034,2149.26221,1.613842782597958,1.2012741070617072
2022-11-30,18726,CRWD,CROWDSTRIKE HOLDINGS INC,45,-0.02,-0.273017,-0.29923469387755103,35181.094,1.2918756111035803,1.170800653182575
2022-11-30,18777,KRTX,KARUNA THERAPEUTICS INC,35,-0.02,0.069953,-0.2448979591836735,7537.18042,0.9051995737832388,0.35987410033587325
2022-11-30,18937,CHPT,CHARGEPOINT HOLDINGS INC,20,-0.02,-0.114444,-0.5196428571428571,4751.3546400000005,1.9313746097123745,1.2626526217143608
2022-11-30,19561,BA,BOEING CO,20,-0.02,0.25235399999999997,-0.4677508503401361,84933.53732999999,1.4333329466596274,1.2956661478199003
2022-11-30,21936,PFE,PFIZER INC,35,0.02,0.0833,0.3600552721088435,261254.98559999999,0.6132899701211634,0.5992217665445019
2022-11-30,23835,MDU,M D U RESOURCES GROUP INC,20,-0.02,0.102832,-0.2362457482993197,5791.43648,0.6853930145057403,0.6290539849978111
2022-11-30,28345,MUR,MURPHY OIL CORP,10,0.010000000000000002,-0.024810000000000002,0.21728316326530622,7541.02503,2.43590866413094,1.1181700958448106
2022-11-30,35991,ROG,ROGERS CORP,45,-0.02,-0.539507,-0.22353316326530615,4426.79263,1.1968052243820766,0.6304914402119546
2022-11-30,43123,ATI,A T I INC,15,-0.02,0.022345999999999998,-0.22164115646258506,3865.88352,1.2549464040316691,1.0817618086267773
2022-11-30,43350,SWK,STANLEY BLACK & DECKER INC,20,-0.02,0.048488,-0.39413265306122447,11611.96758,1.2035964838973499,1.1682040078811393
2022-11-30,44943,DIOD,DIODES INC,45,0.02,0.284014,0.23658588435374148,3258.69156,1.2640318513020883,1.3013196025853564
2022-11-30,49429,DDS,DILLARDS INC,25,0.02,0.091155,0.1964498299319728,4323.588500000001,0.850155540695637,1.3012349577129814
2022-11-30,52476,EFX,EQUIFAX INC,20,-0.02,0.163635,-0.2736181972789116,20758.98622,1.366845627536248,0.9497447566656888
2022-11-30,56223,LPX,LOUISIANA PACIFIC CORP,15,0.02,0.12795,0.14190051020408162,4184.8488,1.5648902628600632,1.2640074206977738
2022-11-30,57808,VSH,VISHAY INTERTECHNOLOGY INC,45,0.02,0.104006,0.24462159863945582,2732.5188000000003,1.2696477526072998,0.9483022266730003
2022-11-30,59328,INTC,INTEL CORP,45,-0.02,0.068519,-0.38790391156462584,117330.61,0.7132251292538664,0.9178216211583831
2022-11-30,61621,PAYX,PAYCHEX INC,45,0.02,0.052567,0.27774234693877553,42639.042310000004,0.9396588072459535,0.8876315700884697
2022-11-30,61807,MOGA,MOOG INC,20,0.00883456623791718,0.027118,0.34810799319727886,2454.4447499999997,1.2487850489988632,0.8043655115465963
2022-11-30,62341,PDCE,P D C ENERGY INC,10,0.02,0.027363,0.35916241496598633,6647.3403,2.494553493703415,1.0471088632079992
2022-11-30,69649,RJF,RAYMOND JAMES FINANCIAL INC,40,-0.02,-0.013352,-0.34147534013605446,25411.914,1.0515071711981532,0.9851327232662588
2022-11-30,76573,MLI,MUELLER INDUSTRIES INC,20,0.02,0.095005,0.2245960884353741,3562.0236,1.0600948021800878,0.9708656719909836
2022-11-30,76841,BIIB,BIOGEN INC,35,0.02,0.073809,0.14213435374149663,40815.64344,0.20729790044713498,0.748480449221712
2022-11-30,77300,SMG,SCOTTS MIRACLE GRO CO,15,-0.02,0.229871,-0.5759778911564626,2543.6894599999996,1.3920634555178553,1.3210755832436472
2022-11-30,77660,CACC,CREDIT ACCEPTANCE CORP,40,0.02,0.015056,0.20495323129251702,6018.1385,1.334557996703888,1.100948408750093
2022-11-30,79668,BDC,BELDEN INC NEW,45,0.02,0.152393,0.2731079931972789,3030.6457499999997,1.3020084852906548,0.99483943543442
2022-11-30,79758,BYD,BOYD GAMING CORP,25,0.02,0.058952000000000004,0.1845238095238095,6171.19392,1.8450558412486049,1.0964112514030808
2022-11-30,79785,NVR,N V R INC,25,0.01116543376208218,0.091831,0.2473426870748299,13912.53325,0.898951715766497,0.8427827587680412
2022-11-30,79841,FWRD,FORWARD AIR CORP,20,0.02,0.060869000000000006,0.34819302721088435,2815.0833000000002,1.0878910099791483,0.9773950205761788
2022-11-30,79878,UFPI,U F P INDUSTRIES INC,20,0.02,0.149889,0.25618622448979594,4422.3857800000005,1.3882175100489176,0.9602520347037052
2022-11-30,80191,ALB,ALBEMARLE CORP,15,-0.02,-0.009573,-0.3773171768707483,32780.89323,1.405069858709077,1.3604044787638863
2022-11-30,80306,BCRX,BIOCRYST PHARMACEUTICALS INC,35,-0.02,-0.002107,-0.3849277210884354,2488.7604,2.0328423376394693,0.9998148323294024
2022-11-30,80415,EXP,EAGLE MATERIALS INC,15,0.02,0.11185300000000001,0.35522959183673475,4506.51195,1.2472442321256971,0.9966069140855927
2022-11-30,80432,AEO,AMERICAN EAGLE OUTFITTERS INC NE,25,-0.02,0.38975,-0.34232568027210875,2128.11424,1.356802785824867,1.1831145074863072
2022-11-30,82634,SAM,BOSTON BEER INC,30,-0.02,0.026826,-0.11749574829931972,3817.6368300000004,0.9599637581997408,0.6468507490801096
2022-11-30,83272,HUBG,HUB GROUP INC,20,0.02,0.081551,0.3886692176870748,2533.9504,0.9072173247327424,0.7841272299081425
2022-11-30,84042,PAG,PENSKE AUTOMOTIVE GROUP INC,25,0.02,0.135671,0.17132227891156462,7958.84086,1.2015413803111226,1.0689204978406492
2022-11-30,84381,ROK,ROCKWELL AUTOMATION INC,20,-0.02,0.036682,-0.2294642857142857,29470.555500000002,1.4127463256277224,1.0209970256059215
2022-11-30,84519,CIEN,CIENA CORP,45,-0.02,-0.064234,-0.3213010204081632,7096.0018,1.0100794544009262,0.9710947213265732
2022-11-30,84761,TTWO,TAKE TWO INTERACTIVE SOFTWR INC,50,-0.02,-0.110807,-0.38594812925170074,19883.19512,0.7640126059029808,0.7327959202179886
2022-11-30,85002,SRPT,SAREPTA THERAPEUTICS INC,35,-0.02,0.074236,-0.27846513605442175,10009.01766,1.1437049518882878,0.6792705353137284
2022-11-30,85593,AMG,AFFILIATED MANAGERS GROUP INC,40,0.02,0.28926999999999997,0.2903273809523809,4746.14016,1.257480252673304,1.144652173926947
2022-11-30,85710,POWI,POWER INTEGRATIONS INC,45,0.02,0.206389,0.3255102040816326,3815.67858,1.0682221082061565,1.1911908048123754
2022-11-30,85738,MRCY,MERCURY SYSTEMS INC,20,-0.02,0.047144000000000005,-0.1995960884353741,2806.3288,0.8930802337353284,0.8366043130883799
2022-11-30,85792,PWR,QUANTA SERVICES INC,20,-0.02,0.052340000000000005,-0.30563350340136053,20314.98692,1.0814500467677453,1.1145848163350138
2022-11-30,86047,AMKR,AMKOR TECHNOLOGY INC,45,0.02,0.34490699999999996,0.3606505102040816,5093.03025,1.5374759760212184,1.3288700623231238
2022-11-30,86158,CTSH,COGNIZANT TECHNOLOGY SOLS CORP,45,0.02,0.001039,0.27000425170068026,31991.582250000003,1.0069539411267945,0.8574149190644131
2022-11-30,86594,KFY,KORN FERRY,20,0.02,0.023048,0.3324617346938776,2967.3942,1.4861347911730132,0.9279095183424786
2022-11-30,86868,GS,GOLDMAN SACHS GROUP INC,40,-0.02,0.125268,-0.06205357142857142,118320.92597,1.3541740864946115,0.9473194985067878
2022-11-30,89215,AMN,A M N HEALTHCARE SERVICES INC,35,0.02,-0.017199,0.22978316326530607,5430.7615000000005,0.31405603355043155,0.5728856003840734
2022-11-30,89301,GME,GAMESTOP CORP NEW,25,-0.02,-0.07703499999999999,-0.47378826530612245,8621.244299999998,1.2390748644311813,0.5846262040385194
2022-11-30,89393,NFLX,NETFLIX INC,50,-0.010000000000000002,0.043910000000000005,-0.4924107142857143,129892.43759999999,1.2899539605516157,1.4141917475702444
2022-11-30,89508,KMX,CARMAX INC,25,-0.02,0.09792200000000001,-0.41787840136054427,9956.52515,1.3881739160124398,1.253878070673244
2022-11-30,89792,CVCO,CAVCO INDUSTRIES INC DEL,25,0.02,0.010203,0.2862244897959184,2019.40303,1.1398892389954731,1.1333641897626219
2022-11-30,89946,AEL,AMERICAN EQUITY INVT LIFE HLDG C,40,0.02,-0.053814999999999995,0.3878188775510204,3775.44504,0.989186780051582,1.0014682136630226
2022-11-30,90125,CORT,CORCEPT THERAPEUTICS INC,35,0.02,-0.11894,0.4069302721088435,3078.7900000000004,0.6136366473421687,0.5525382897209061
2022-11-30,90126,CYTK,CYTOKINETICS INC,35,-0.02,-0.029425,-0.2925595238095238,4131.589459999999,0.9231451272099226,0.8270034562005865
2022-11-30,90312,WLK,WESTLAKE CORP,15,0.02,0.11469700000000001,0.3271471088435375,12367.43065,1.1963329390870536,0.9461474479184684
2022-11-30,90558,HUN,HUNTSMAN CORP,15,0.010000000000000009,0.035261,0.2964923469387756,5389.67808,1.117410144266535,0.9098546138920568
2022-11-30,90829,CF,C F INDUSTRIES HOLDINGS INC,15,0.02,0.019086,0.3380739795918367,21173.473860000002,0.9985547545515049,0.9900685951136362
2022-11-30,91233,MA,MASTERCARD INC,45,0.02,0.083133,0.20618622448979593,313019.06854,1.0512020227741723,1.057255653703783
2022-11-30,91463,CVLT,COMMVAULT SYSTEMS INC,45,0.02,0.081066,0.2848639455782313,2711.55348,0.5614192048581935,0.7956989784764743
2022-11-30,91531,OC,OWENS CORNING NEW,20,0.02,0.034873,0.147937925170068,8000.7681600000005,1.4013281826354291,1.1237872818287875
2022-11-30,91611,FSLR,FIRST SOLAR INC,45,-0.02,0.182347,-0.4465773809523809,15518.635419999999,1.2928887991504738,1.0874238173921045
2022-11-30,92040,FOLD,AMICUS THERAPEUTICS INC,35,-0.02,0.207144,-0.4676658163265306,2809.45,0.8872468533281914,1.0156685817857924
2022-11-30,92121,DFS,DISCOVER FINANCIAL SERVICES,40,0.02,0.040231,0.25448554421768704,28541.18796,1.4006443431710824,1.1157062969348395
2022-11-30,92611,V,VISA INC,45,0.02,0.047074000000000005,0.26826105442176873,338709.7074,0.9046785351700569,0.995357951906948
2022-11-30,92655,UNH,UNITEDHEALTH GROUP INC,35,0.02,-0.016168,0.2754889455782313,519277.87245,0.7021824001523247,0.6296019730010275
2022-11-30,93002,AVGO,BROADCOM INC,45,0.02,0.169249,0.29345238095238096,196510.16,1.0723036221954543,1.0579555314431273
2022-12-31,10606,WTS,WATTS WATER TECHNOLOGIES INC,20,0.02,-0.08050099999999999,0.22511203249989528,4323.30825,0.9698907352524002,0.9784152151482487
2022-12-31,11403,CDNS,CADENCE DESIGN SYSTEMS INC,45,0.02,-0.06964300000000001,0.08166855132554342,47193.32463999999,1.0618365651615458,1.154271186240483
2022-12-31,11644,CRK,COMSTOCK RESOURCES INC,10,0.010000000000000009,-0.25624,0.2753905432005696,4289.4593,1.2977098258040467,0.9378003765496356
2022-12-31,11691,MATX,MATSON INC,20,0.02,-0.022984,0.26209322779243627,2408.9165599999997,1.2352215214879074,0.9104558585164445
2022-12-31,11752,COHR,COHERENT CORP,45,-0.02,-0.046193,-0.40153704401725504,5085.7623,1.5107605045615848,1.1450630928641325
2022-12-31,12591,APO,APOLLO GLOBAL MANAGEMENT INC NEW,40,-0.02,-0.08408199999999999,-0.3250827155840348,39710.78676,1.6596291198547706,1.1799379624603432
2022-12-31,13116,CIVI,CIVITAS RESOURCES INC,10,0.02,-0.11366000000000001,0.42369225614608197,5733.07696,1.6649923474486505,0.8472553003507923
2022-12-31,13181,GWRE,GUIDEWIRE SOFTWARE INC,45,-0.02,0.051418,-0.34818025715123335,4987.022040000001,1.2505045988928403,1.0035714584065116
2022-12-31,13318,YELP,YELP INC,50,0.009999999999999995,-0.12001899999999999,0.10403316999623066,2157.2769,1.4302198201710135,1.0032157394927363
2022-12-31,13511,PANW,PALO ALTO NETWORKS INC,45,-0.02,-0.18207199999999998,-0.25836579134732174,51370.454300000005,1.1349479811954553,1.1261985325396089
2022-12-31,13527,FIVE,FIVE BELOW INC,25,-0.02,0.09614900000000001,-0.44727143275955944,8929.98204,1.175143976269937,1.251927418526118
2022-12-31,13600,QLYS,QUALYS INC,45,0.02,-0.093308,0.19039242785944635,4684.68016,0.5778441819668455,0.9907511257343118
2022-12-31,13610,OLN,OLIN CORP,15,0.010000000000000009,-0.07428100000000001,0.21302927503455202,7804.037780000001,1.3982125280819886,1.0007609988124289
2022-12-31,13628,WDAY,WORKDAY INC,45,-0.0016598979896439636,-0.0067740000000000005,-0.3624199019977384,33915.8,1.2890514549423433,1.2598664481827984
2022-12-31,13688,PCG,P G & E CORP,55,-0.02,0.03229,-0.11825187418854964,31206.89,1.1428188106160984,0.3627732168036255
2022-12-31,13721,ABBV,ABBVIE INC,35,0.02,-0.0007110000000000003,0.33184654688612475,285043.76758,0.6613774326415508,0.42433569088529904
2022-12-31,13766,BCC,BOISE CASCADE CO,20,0.02,-0.075907,0.3196172048414792,2920.72992,1.5037091573757453,1.3020642764721742
2022-12-31,13862,TMHC,TAYLOR MORRISON HOME CORP,25,0.02,-0.0046949999999999995,0.25658583574150856,3292.66533,1.6502282954876142,1.2111294614365964
2022-12-31,14054,MRTX,MIRATI THERAPEUTICS INC,35,-0.02,-0.507537,-0.5920969971101897,5262.3000600000005,0.9258177700308989,1.065062455115485
2022-12-31,14167,ISEE,IVERIC BIO INC,35,-0.001503041386405713,-0.096944,-0.5311806340830089,2851.47726,1.0174059536991822,1.0651980431690977
2022-12-31,14328,AMC,A M C ENTERTAINMENT HOLDINGS INC,50,-0.02,-0.44044700000000003,-0.42829920006701006,3736.61583,1.9856376449699717,0.7620893617980605
2022-12-31,14432,ITCI,INTRA CELLULAR THERAPIES INC,35,-0.02,-0.027355,-0.26196758386732,5134.9051,1.1744951294877444,0.4850385182027555
2022-12-31,14436,RARE,ULTRAGENYX PHARMACEUTICALS INC,35,-0.02,0.27293,-0.5245633873602211,2544.8477999999996,1.2239995258777179,1.0699302644467066
2022-12-31,14479,IBP,INSTALLED BUILDING PRODUCTS INC,25,0.02,0.008006,0.3010219039242786,2429.2527900000005,1.6415848630825494,1.2293947593250272
2022-12-31,14617,ARES,ARES MANAGEMENT CORP,40,-0.02,-0.122589,-0.46938476358001424,13594.3938,1.2269426659349245,1.3369788034604064
2022-12-31,14776,SYF,SYNCHRONY FINANCIAL,40,0.02,-0.12897799999999998,0.1321774092222641,16931.33078,1.5945985039155637,1.1688666163052979
2022-12-31,15067,FRPT,FRESHPET INC,30,-0.02,-0.216002,-0.5250450224065,3218.3004,0.8379752350707612,1.317152581789674
2022-12-31,15535,OLLI,OLLIES BARGAIN OUTLET HLD INC,25,-0.02,-0.23424899999999999,-0.3193659169912468,3790.8423,0.8666029518606893,0.9832179576125578
2022-12-31,16044,NGVT,INGEVITY CORP,15,0.02,-0.10341700000000001,0.32102022867194374,2925.10644,1.7316084117050368,0.9309353696133664
2022-12-31,16119,ATKR,ATKORE INC,20,0.02,-0.074849,0.056686350881601615,5047.36015,2.201441294516932,1.2139125245167106
2022-12-31,16381,BL,BLACKLINE INC,45,-0.02,-0.009583999999999999,-0.3669221426477363,4046.3051299999997,0.8510724239222024,1.1827810133830603
2022-12-31,16505,BPOP,POPULAR INC,40,0.02,-0.08762400000000001,0.417431000544457,5308.11588,0.8426855224443789,0.8175477558220721
2022-12-31,16736,VST,VISTRA CORP,55,-0.02,-0.042111,-0.13209364660551995,9682.220819999999,0.909445157676707,0.7017974645794516
2022-12-31,16966,SWCH,SWITCH INC,45,-0.02,-0.003379,-0.21405536708966785,5409.89025,0.5723297617483389,0.3701564348469371
2022-12-31,17104,APLS,APELLIS PHARMACEUTICALS INC,35,-0.02,0.032271,-0.5083553210202287,5521.059679999999,1.1700537902689123,0.9154814170987745
2022-12-31,18011,SONO,SONOS INC,25,-0.02,-0.039317,-0.40614398793818324,2220.80558,1.885675607027774,1.1517297702352687
2022-12-31,18453,LAZR,LUMINAR TECHNOLOGIES INC,25,-0.02,-0.357165,-0.48393851823930983,2035.02454,1.5833733157121666,1.1835272632698357
2022-12-31,18726,CRWD,CROWDSTRIKE HOLDINGS INC,45,-0.02,-0.108436,-0.3834862001088914,25680.877300000004,1.2055695785446692,1.1714724151983968
2022-12-31,18777,KRTX,KARUNA THERAPEUTICS INC,35,-0.02,-0.16831,-0.37274364451145453,8085.95753,0.8907081997477736,0.34487392819079327
2022-12-31,18937,CHPT,CHARGEPOINT HOLDINGS INC,20,-0.02,-0.236068,-0.5073082883109268,4221.16056,1.8680205240480803,1.241460805710219
2022-12-31,19561,BA,BOEING CO,20,-0.02,0.061525,-0.4295975206265443,106609.43903999998,1.4684653722014767,1.2170792122813507
2022-12-31,19880,MTZ,MASTEC INC,20,-0.02,-0.063932,-0.412321480923064,7105.99422,1.3329069995708467,1.055945981962081
2022-12-31,21936,PFE,PFIZER INC,35,0.02,0.018763,0.22140553670896673,281395.48095,0.6212386256016283,0.5192837520329806
2022-12-31,23835,MDU,M D U RESOURCES GROUP INC,20,-0.02,-0.032844,-0.20268459186664994,6403.5229899999995,0.7002201605332434,0.5723260876162306
2022-12-31,28345,MUR,MURPHY OIL CORP,10,0.02,-0.09215000000000001,0.36143569125099473,7337.4760000000015,2.410015714954352,1.048578818502305
2022-12-31,32651,HL,HECLA MINING CO,15,-0.02,0.016805,-0.4623696444276919,3304.17695,2.0795926564324634,0.9354215082079382
2022-12-31,35991,ROG,ROGERS CORP,45,-0.02,0.091082,-0.4277547430581731,2051.2604800000004,1.0724139903307903,0.8729710775112066
2022-12-31,43350,SWK,STANLEY BLACK & DECKER INC,20,-0.02,-0.084143,-0.392323156175399,12475.7838,1.2017218915407135,1.1916910690784381
2022-12-31,43553,VFC,V F CORP,25,-0.02,-0.14690899999999998,-0.35833647443146127,12752.73612,1.334506521178966,1.0968911327876165
2022-12-31,44943,DIOD,DIODES INC,45,0.02,-0.177834,0.15958872555178624,4193.6981000000005,1.3335326452446528,1.3242985596969672
2022-12-31,49429,DDS,DILLARDS INC,25,0.02,-0.061453,0.21108179419525078,4730.055,0.8382316135316529,1.1750814295733614
2022-12-31,52476,EFX,EQUIFAX INC,20,-0.02,-0.01863,-0.3191983917577585,24166.57491,1.3861045533486298,1.0056915119487613
2022-12-31,56223,LPX,LOUISIANA PACIFIC CORP,15,0.02,-0.07547899999999999,0.09245298823135233,4574.141,1.5802469514654964,1.265735325695865
2022-12-31,57808,VSH,VISHAY INTERTECHNOLOGY INC,45,0.02,-0.06718099999999999,0.3209992880177577,2985.24672,1.2867293047759631,0.9302684400987494
2022-12-31,59328,INTC,INTEL CORP,45,-0.02,-0.12443000000000001,-0.32428697072496543,124098.89,0.7253563505916446,0.9370007753490944
2022-12-31,61621,PAYX,PAYCHEX INC,45,0.02,-0.07166900000000001,0.28163085814800853,44708.72201,0.9380432801484268,0.8742860542932595
2022-12-31,62341,PDCE,P D C ENERGY INC,10,0.02,-0.135509,0.40122293420446453,6848.216399999999,2.4986008020819206,0.9998178401370836
2022-12-31,69649,RJF,RAYMOND JAMES FINANCIAL INC,40,-0.02,-0.085757,-0.20559534279850905,25140.9816,1.0374973325685717,0.9330338640683412
2022-12-31,75976,NEOG,NEOGEN CORP,35,-0.02,-0.08369299999999999,-0.386690120199355,3579.5102399999996,0.7543354194132018,0.8647922311383022
2022-12-31,76226,PARA,PARAMOUNT GLOBAL,50,-0.02,-0.15231999999999998,-0.38461699543493744,12218.077599999999,1.5301899238646668,1.123754728224217
2022-12-31,76573,MLI,MUELLER INDUSTRIES INC,20,0.02,-0.142346,0.2539891946224401,3910.60605,1.067164841503987,0.915729804473949
2022-12-31,76841,BIIB,BIOGEN INC,35,0.02,-0.09595000000000001,0.15479331574318383,43944.78517,0.21702409883335566,0.719283227912983
2022-12-31,77300,SMG,SCOTTS MIRACLE GRO CO,15,-0.02,-0.13461399999999998,-0.4677932738618754,3102.15745,1.4332549738164537,1.2995248654620373
2022-12-31,79668,BDC,BELDEN INC NEW,45,0.02,-0.10896800000000001,0.31681115718055036,3443.3146399999996,1.3193304621999318,0.9503738586847895
2022-12-31,79758,BYD,BOYD GAMING CORP,25,0.02,-0.11191999999999999,0.22322737362315198,6401.318749999999,1.8354898433946365,1.0357757582866964
2022-12-31,79785,NVR,N V R INC,25,0.02,-0.009076,0.2531725091091846,14826.27596,0.9056510982527767,0.8670072363699086
2022-12-31,79841,FWRD,FORWARD AIR CORP,20,0.02,-0.06994500000000001,0.3741885496502911,2987.9183000000003,1.0951181549301727,0.9503329850254861
2022-12-31,79878,UFPI,U F P INDUSTRIES INC,20,0.02,-0.035263,0.25566444695732293,5082.35996,1.40548643438113,0.9623284599887099
2022-12-31,80306,BCRX,BIOCRYST PHARMACEUTICALS INC,35,-0.008496958613594289,-0.144098,-0.3466934707040248,2490.62464,2.003555139687307,0.9654443593543965
2022-12-31,80415,EXP,EAGLE MATERIALS INC,15,0.02,-0.027174,0.3836327846881936,5023.4473,1.256289550742305,0.9736324468609457
2022-12-31,80432,AEO,AMERICAN EAGLE OUTFITTERS INC NE,25,-0.02,-0.120952,-0.46984545797210703,2964.76292,1.3999483378927986,1.2140248699930754
2022-12-31,82634,SAM,BOSTON BEER INC,30,-0.02,-0.14608,-0.08279934665158939,3930.95199,0.9581862013495559,0.6601117729065078
2022-12-31,83272,HUBG,HUB GROUP INC,20,0.02,-0.058756,0.3788792561879633,2747.8341000000005,0.9056544089357254,0.7633680502366337
2022-12-31,84042,PAG,PENSKE AUTOMOTIVE GROUP INC,25,0.02,-0.09448200000000001,0.15678267789085729,9016.26435,1.2164571617481548,1.0030946681847095
2022-12-31,84385,NSP,INSPERITY INC,20,0.02,-0.040913,0.35689156929262467,4497.075699999999,1.2571683953958073,0.8110916625721585
2022-12-31,84519,CIEN,CIENA CORP,45,-0.02,0.130518,-0.34650500481635044,6660.46432,0.9880130258931612,0.9609921953825031
2022-12-31,84761,TTWO,TAKE TWO INTERACTIVE SOFTWR INC,50,-0.02,-0.018139000000000002,-0.4113791514846924,17736.790109999998,0.73650942940744,0.7405632039550571
2022-12-31,85002,SRPT,SAREPTA THERAPEUTICS INC,35,-0.02,0.051747,-0.47244209909117557,10780.63023,1.135121668544892,0.6632813662881953
2022-12-31,85593,AMG,AFFILIATED MANAGERS GROUP INC,40,0.010000000000000009,-0.015784,0.1269213050215689,6042.8609799999995,1.3026636612776805,1.1354548486308094
2022-12-31,85710,POWI,POWER INTEGRATIONS INC,45,0.02,-0.11222599999999999,0.17904259329061437,4603.29504,1.1072638426409418,1.2253150036749254
2022-12-31,85738,MRCY,MERCURY SYSTEMS INC,20,-0.02,-0.12301699999999999,-0.29344138710893325,2946.64524,0.8938886284634423,0.8040447739682728
2022-12-31,85792,PWR,QUANTA SERVICES INC,20,-0.02,-0.052085,-0.2179922100766428,21418.00188,1.0846265349529087,1.0483357859661568
2022-12-31,86047,AMKR,AMKOR TECHNOLOGY INC,45,0.02,-0.145201,0.2695271600284793,6864.1995,1.610404081321964,1.3025613921557249
2022-12-31,86594,KFY,KORN FERRY,20,0.02,-0.11311399999999999,0.3443690580893747,3044.2614000000003,1.4770247567090085,0.8890869457740678
2022-12-31,86719,EWBC,EAST WEST BANCORP INC,40,0.02,-0.06476599999999999,0.2844997277714956,9895.888869999999,1.4256324184192826,1.0299695605593264
2022-12-31,86868,GS,GOLDMAN SACHS GROUP INC,40,-0.02,-0.11413899999999999,-0.011454537839762111,130763.90524999998,1.3696545447909267,0.9002048941972021
2022-12-31,89301,GME,GAMESTOP CORP NEW,25,-0.02,-0.299068,-0.42978598651421873,7981.7312999999995,1.2063169425276143,0.5581800105399988
2022-12-31,89508,KMX,CARMAX INC,25,-0.02,-0.125495,-0.42385978137957026,10959.920399999999,1.4120084617425586,1.2445643068746581
2022-12-31,89792,CVCO,CAVCO INDUSTRIES INC DEL,25,0.02,-0.018098,0.2908028646814926,2045.77367,1.1388233468268247,1.1347207500023573
2022-12-31,89946,AEL,AMERICAN EQUITY INVT LIFE HLDG C,40,0.02,0.12276300000000001,0.34694475855425727,3471.78802,0.9621759213870326,1.0730708487700813
2022-12-31,90125,CORT,CORCEPT THERAPEUTICS INC,35,0.02,-0.199977,0.3629015370440172,2721.3920000000003,0.5966922669715609,0.5285946140977552
2022-12-31,90126,CYTK,CYTOKINETICS INC,35,-0.02,0.074739,-0.49826192570255906,4021.8175,0.9572141357015413,0.8276765394059823
2022-12-31,90564,PBH,PRESTIGE CONSUMER HEALTHCARE INC,35,0.02,0.01517,0.33356368052937974,3043.86796,0.5589947109352227,0.45785812426461137
2022-12-31,90829,CF,C F INDUSTRIES HOLDINGS INC,15,0.02,-0.21587599999999998,0.28464631235079785,21225.68791,0.9966631035442081,0.9675528164936291
2022-12-31,90880,AMP,AMERIPRISE FINANCIAL INC,40,0.02,-0.06537599999999999,0.2718096913347573,35325.12315,1.4327661831043466,1.1424480443820428
2022-12-31,91161,GPRE,GREEN PLAINS INC,10,-0.02,-0.12085599999999999,-0.4262888972651506,2049.2352,1.7108601418671732,1.214305172315237
2022-12-31,91233,MA,MASTERCARD INC,45,0.02,-0.027706,0.19979478158897687,339935.3892,1.0607125355645248,1.0067371558882758
2022-12-31,91531,OC,OWENS CORNING NEW,20,0.02,-0.043226,0.21030698999036732,8302.63104,1.3928522081170596,1.1082364010915837
2022-12-31,91594,SPR,SPIRIT AEROSYSTEMS HOLDINGS INC,20,-0.02,0.12596100000000002,-0.4779913724504753,2758.7073400000004,1.738677172523197,1.3710712280011044
2022-12-31,91611,FSLR,FIRST SOLAR INC,45,-0.02,-0.135182,-0.4302885622146836,18392.73318,1.3055583752268378,1.0294178035938502
2022-12-31,92121,DFS,DISCOVER FINANCIAL SERVICES,40,0.02,-0.100555,0.2394982619257026,29606.76936,1.392799638609415,1.0869781893880706
2022-12-31,92611,V,VISA INC,45,0.02,-0.04596,0.28380868618335636,353312.673,0.9059815971057557,0.961129940961318
2022-12-31,92655,UNH,UNITEDHEALTH GROUP INC,35,0.02,-0.032494999999999996,0.23108011894291577,511799.00824,0.6829733265649574,0.6076501267389487
2022-12-31,93002,AVGO,BROADCOM INC,45,0.02,0.019813,0.2890647903840516,230267.72258,1.095413437034292,1.0662368804319813
2022-12-31,93263,CELH,CELSIUS HOLDINGS INC,30,-0.008340102010356055,-0.068944,-0.48150940235372947,8486.8915,2.0065543052336032,1.452176063150503
2023-01-31,10258,CLDX,CELLDEX THERAPEUTICS INC,35,-0.02,-0.014949,-0.32872023809523804,2103.74857,2.3017721158950835,0.5005910724747785
2023-01-31,10606,WTS,WATTS WATER TECHNOLOGIES INC,20,0.02,0.114732,0.22997448979591836,3989.88555,0.979802509856673,0.9912534225428902
2023-01-31,11370,ENV,ENVESTNET INC,45,-0.02,0.049978999999999996,-0.2603954081632653,3413.6142,1.1756318888776578,0.9719652914661951
2023-01-31,11691,MATX,MATSON INC,20,0.02,0.054244999999999995,0.27678571428571436,2361.69031,1.218006299000517,0.907232801026262
2023-01-31,11752,COHR,COHERENT CORP,45,-0.02,0.232961,-0.3935586734693877,4868.019,1.4884106425265708,1.1853390724340702
2023-01-31,12591,APO,APOLLO GLOBAL MANAGEMENT INC NEW,40,-0.02,0.106072,-0.2982993197278911,36505.99636,1.6542400965311268,1.1987883539057829
2023-01-31,13116,CIVI,CIVITAS RESOURCES INC,10,0.010000000000000002,0.14529399999999998,0.3822066326530612,4930.48023,1.6745080858978332,0.8365039570791515
2023-01-31,13181,GWRE,GUIDEWIRE SOFTWARE INC,45,-0.009999999999999369,0.16721,-0.26532738095238095,5122.162560000001,1.1962568743134074,1.033816319265787
2023-01-31,13284,ALSN,ALLISON TRANSMISSION HLDGS INC,20,0.02,0.08014800000000001,0.43199404761904764,3847.584,0.9699226638449231,0.6556744218051175
2023-01-31,13527,FIVE,FIVE BELOW INC,25,-0.02,0.111041,-0.5112882653061225,9818.761180000001,1.1135049323723654,1.280606323227972
2023-01-31,13600,QLYS,QUALYS INC,45,0.02,0.024383000000000002,0.272108843537415,4193.13726,0.6044282383233507,0.9947510645206878
2023-01-31,13610,OLN,OLIN CORP,15,0.010000000000000009,0.216554,0.27157738095238093,7250.715340000001,1.3955599918489006,0.977101114578861
2023-01-31,13688,PCG,P G & E CORP,55,-0.02,-0.025646,-0.16009778911564623,32320.002000000004,1.1010192148770301,0.36090366301999166
2023-01-31,13721,ABBV,ABBVIE INC,35,0.02,-0.08037899999999999,0.3151147959183673,285804.21441,0.6493608786072954,0.41850557502993896
2023-01-31,13766,BCC,BOISE CASCADE CO,20,0.02,0.08823700000000001,0.3069940476190475,2708.8941600000003,1.499729954339571,1.297011461291282
2023-01-31,13862,TMHC,TAYLOR MORRISON HOME CORP,25,0.02,0.176066,0.23845663265306125,3288.33145,1.611245436697097,1.19040802272381
2023-01-31,14008,AMGN,AMGEN INC,35,0.02,-0.042495000000000005,0.3296130952380953,140249.75999999998,0.6173467777561696,0.4038297377771263
2023-01-31,14167,ISEE,IVERIC BIO INC,35,-0.010000000000000002,0.07542900000000001,-0.5437074829931974,2925.4624,1.0573742993173272,1.0770096340816153
2023-01-31,14432,ITCI,INTRA CELLULAR THERAPIES INC,35,-0.02,-0.09798799999999999,-0.25423044217687074,5018.4036,1.1753022196567746,0.4556825493340114
2023-01-31,14436,RARE,ULTRAGENYX PHARMACEUTICALS INC,35,-0.02,-0.025089999999999998,-0.5712159863945578,3252.22701,1.0893236316105626,1.0821289004478711
2023-01-31,14479,IBP,INSTALLED BUILDING PRODUCTS INC,25,0.02,0.282592,0.26460459183673474,2448.4168,1.5977265906931568,1.2210256229959071
2023-01-31,14617,ARES,ARES MANAGEMENT CORP,40,-0.02,0.209089,-0.5084396258503401,11868.8648,1.2512861416385934,1.3430551305535103
2023-01-31,15067,FRPT,FRESHPET INC,30,-0.02,0.19660799999999998,-0.48497023809523804,2538.87024,0.9086527204035896,1.3051546144321056
2023-01-31,15272,SEDG,SOLAREDGE TECHNOLOGIES INC,45,-0.02,0.12308700000000002,-0.5394982993197279,15900.79491,1.2980333422569872,1.4779159672282651
2023-01-31,15535,OLLI,OLLIES BARGAIN OUTLET HLD INC,25,-0.02,0.16557999999999998,-0.2901147959183673,2915.2747600000002,0.9355381644654206,0.9839168196227479
2023-01-31,16019,RRR,RED ROCK RESORTS INC,25,0.0014960361778548585,0.121463,0.24090136054421776,2321.10013,2.1278104563818836,1.038536159702292
2023-01-31,16044,NGVT,INGEVITY CORP,15,0.02,0.166852,0.4306122448979592,2632.48368,1.7281737736169474,0.9274918510748346
2023-01-31,16505,BPOP,POPULAR INC,40,0.02,0.031476,0.37882653061224486,4765.357279999999,0.8596221888865097,0.8199904258440112
2023-01-31,16736,VST,VISTRA CORP,55,-0.02,-0.00954,-0.10795068027210883,9232.532799999999,0.9044031510455193,0.7016400470940081
2023-01-31,17104,APLS,APELLIS PHARMACEUTICALS INC,35,-0.02,0.016219,-0.5176658163265306,5728.02012,1.1327219214728452,0.9325365699676155
2023-01-31,18011,SONO,SONOS INC,25,-0.02,0.087618,-0.3884141156462585,2151.7248999999997,1.8517980042092652,1.1493039238128822
2023-01-31,18726,CRWD,CROWDSTRIKE HOLDINGS INC,45,-0.02,0.0022879999999999997,-0.3744897959183673,22982.911780000002,1.2291761707969266,1.1658716475307611
2023-01-31,18777,KRTX,KARUNA THERAPEUTICS INC,35,-0.02,0.011201,-0.4390093537414966,6774.141,0.9883353329940433,0.35849944696117714
2023-01-31,18937,CHPT,CHARGEPOINT HOLDINGS INC,20,-0.02,0.270366,-0.4694302721088435,3256.24852,1.9391032162349844,1.2671998210183484
2023-01-31,19561,BA,BOEING CO,20,-0.02,0.114663,-0.45282738095238095,113528.80167,1.4043524988816174,1.1910003285564392
2023-01-31,19880,MTZ,MASTEC INC,20,-0.02,0.147672,-0.3383928571428571,6675.707219999999,1.3263664748089332,1.0551212127080634
2023-01-31,20765,AJRD,AEROJET ROCKETDYNE HOLDINGS INC,20,-0.02,-0.003685,-0.26753826530612246,4504.21069,0.5361486147792698,0.5929121081522302
2023-01-31,23835,MDU,M D U RESOURCES GROUP INC,20,-0.02,0.015281000000000001,-0.1876913265306122,6169.66934,0.6962068379862465,0.5736482523231613
2023-01-31,27887,BAX,BAXTER INTERNATIONAL INC,35,-0.02,-0.107096,-0.2881377551020408,25695.04737,0.5674881887305216,0.5726286475884361
2023-01-31,28345,MUR,MURPHY OIL CORP,10,0.02,0.010444,0.3457908163265306,6686.11955,2.3907488531032794,1.0326147971508397
2023-01-31,32651,HL,HECLA MINING CO,15,-0.02,0.10620600000000001,-0.4796981292517006,3370.8667599999994,2.0182305249699737,0.9521928438517655
2023-01-31,35991,ROG,ROGERS CORP,45,-0.02,0.166177,-0.44632227891156456,2245.02408,1.0092808319549764,0.889336352976688
2023-01-31,38295,SPB,SPECTRUM BRANDS HOLDINGS INC NEW,30,-0.02,0.11074200000000001,-0.3698341836734695,2484.74404,1.3869251805951939,1.039834786120148
2023-01-31,38850,SKY,SKYLINE CHAMPION CORP,25,0.02,0.140932,0.2204081632653061,2932.20675,1.8366959293258787,1.2811417857095668
2023-01-31,40272,IFF,INTERNATIONAL FLAVORS & FRAG INC,15,-0.02,0.069176,-0.28428996598639455,26730.21608,0.9824132462938078,0.7875075422499715
2023-01-31,43350,SWK,STANLEY BLACK & DECKER INC,20,-0.02,0.185392,-0.39840561224489796,11468.1948,1.1980159193399542,1.2041816255409998
2023-01-31,43553,VFC,V F CORP,25,-0.02,0.11710200000000001,-0.374234693877551,10728.30726,1.351287610246005,1.154882879504353
2023-01-31,44943,DIOD,DIODES INC,45,0.02,0.16788899999999998,0.24598214285714293,3462.0858,1.375064810409882,1.3281556328698878
2023-01-31,49429,DDS,DILLARDS INC,25,0.02,0.213419,0.24668367346938774,4246.524799999999,0.856033439667193,1.135578144211788
2023-01-31,52476,EFX,EQUIFAX INC,20,-0.02,0.139733,-0.3253188775510204,23798.021480000003,1.3601185953430757,1.0158348027411397
2023-01-31,52978,HAS,HASBRO INC,25,-0.02,-0.022192,-0.27247023809523807,8430.3618,0.7310381959614081,0.7753653445413168
2023-01-31,56223,LPX,LOUISIANA PACIFIC CORP,15,0.02,0.146663,0.1427083333333333,4244.344,1.5752671258496922,1.2451017937150979
2023-01-31,57808,VSH,VISHAY INTERTECHNOLOGY INC,45,0.02,0.05769,0.3870110544217687,2794.7817600000003,1.2803521293675442,0.9306204597849981
2023-01-31,59328,INTC,INTEL CORP,45,-0.02,0.065734,-0.27476615646258506,109340.91,0.7517897123152286,0.9452591284787877
2023-01-31,60098,OTTR,OTTER TAIL CORP,55,0.02,0.08915300000000001,0.4097151360544218,2444.15601,0.4617835236440684,0.6520160638632466
2023-01-31,62341,PDCE,P D C ENERGY INC,10,0.02,0.063444,0.4317602040816327,5656.3854,2.492908138858447,0.9933198466652425
2023-01-31,66384,WDC,WESTERN DIGITAL CORP,45,-0.02,0.389521,-0.3265731292517007,10064.45,1.5253427544976472,1.1674386093701514
2023-01-31,69649,RJF,RAYMOND JAMES FINANCIAL INC,40,-0.02,0.051899,-0.2267644557823129,22979.588399999997,1.0474356968395184,0.9249481988477067
2023-01-31,76226,PARA,PARAMOUNT GLOBAL,50,-0.02,0.36853199999999997,-0.3734906462585034,10279.92,1.5437452272143157,1.159274461373614
2023-01-31,76504,CATY,CATHAY GENERAL BANCORP,40,0.02,0.07420900000000001,0.438732993197279,2967.14618,1.1612729640954504,0.7572870983580786
2023-01-31,76573,MLI,MUELLER INDUSTRIES INC,20,0.02,0.10751100000000001,0.24436649659863943,3355.0350000000003,1.0987678898705429,0.935082695926887
2023-01-31,76841,BIIB,BIOGEN INC,35,0.02,0.046978,0.200765306122449,39876.48,0.24943407774778525,0.7040980159944078
2023-01-31,77300,SMG,SCOTTS MIRACLE GRO CO,15,-0.02,0.482191,-0.4010416666666667,2695.0443500000006,1.4439785337322981,1.2892924575350615
2023-01-31,78987,MCHP,MICROCHIP TECHNOLOGY INC,45,0.02,0.10140500000000001,0.23773384353741497,38482.388,1.5525832632687515,1.3506359596625492
2023-01-31,79299,PZZA,PAPA JOHNS INTL INC,25,-0.02,0.08615500000000001,-0.2786352040816326,2859.12016,1.0733733571560067,0.5364945837383704
2023-01-31,79668,BDC,BELDEN INC NEW,45,0.02,0.12431000000000002,0.34440901360544224,3077.7514,1.3281280809947618,0.9537877068242548
2023-01-31,79698,IT,GARTNER INC,45,0.02,0.0024440000000000004,0.22525510204081628,26563.12736,1.3063760517756913,0.9953507736147958
2023-01-31,79758,BYD,BOYD GAMING CORP,25,0.02,0.139168,0.2534863945578231,5691.56875,1.8342634488473117,1.0069824871656132
2023-01-31,79785,NVR,N V R INC,25,0.008503963822145136,0.13902199999999998,0.2534863945578231,14741.805680000001,0.8869368102468325,0.8520365534554354
2023-01-31,79841,FWRD,FORWARD AIR CORP,20,0.02,0.024714,0.3577168367346939,2775.4942899999996,1.0976412554594253,0.9331139647034319
2023-01-31,79878,UFPI,U F P INDUSTRIES INC,20,0.02,0.17693599999999998,0.25937499999999997,4883.2265,1.3881946695192786,0.9554867180445157
2023-01-31,80034,SHOO,MADDEN STEVEN LTD,25,0.02,0.11820900000000001,0.2196641156462585,2454.40016,1.097132896130819,0.974489420811599
2023-01-31,80415,EXP,EAGLE MATERIALS INC,15,0.02,0.09608,0.37959183673469393,4894.858249999999,1.234749737587987,0.9662753682229812
2023-01-31,80432,AEO,AMERICAN EAGLE OUTFITTERS INC NE,25,-0.02,0.15265399999999998,-0.4072491496598639,2616.1877600000003,1.409244844565657,1.184973055635803
2023-01-31,83272,HUBG,HUB GROUP INC,20,0.019999999999999993,0.069208,0.3219175170068027,2595.11003,0.9079094694425524,0.7674839432034687
2023-01-31,84319,LAD,LITHIA MOTORS INC,25,-0.02,0.28202699999999997,-0.2669005102040816,5597.18212,1.3781608923333923,0.9385194333825323
2023-01-31,84385,NSP,INSPERITY INC,20,0.02,-0.030355,0.3467049319727891,4309.3024,1.2465885780571568,0.8099272310989643
2023-01-31,84519,CIEN,CIENA CORP,45,-0.02,0.016894000000000003,-0.4225765306122449,7566.1966999999995,0.9182424647371981,0.9918728310817322
2023-01-31,84761,TTWO,TAKE TWO INTERACTIVE SOFTWR INC,50,-0.02,0.083885,-0.39241071428571433,17545.905,0.724373098501634,0.7608985363674937
2023-01-31,85002,SRPT,SAREPTA THERAPEUTICS INC,35,-0.02,-0.039083,-0.5074617346938776,11396.561000000002,1.0949367107179344,0.6634723745692399
2023-01-31,85593,AMG,AFFILIATED MANAGERS GROUP INC,40,0.018423359637426567,0.086818,0.21366921768707486,5967.89967,1.2729094000631946,1.1191627293754114
2023-01-31,85710,POWI,POWER INTEGRATIONS INC,45,0.02,0.196857,0.2550595238095238,4085.2429199999997,1.1271488526418507,1.202433077856342
2023-01-31,85738,MRCY,MERCURY SYSTEMS INC,20,-0.02,0.11372700000000001,-0.3580994897959184,2521.7701,0.9190047621281329,0.8318086625973414
2023-01-31,86047,AMKR,AMKOR TECHNOLOGY INC,45,0.02,0.21667699999999998,0.34253826530612247,5877.28218,1.6327937295494184,1.2940974336389548
2023-01-31,86158,CTSH,COGNIZANT TECHNOLOGY SOLS CORP,45,0.01999999999999938,0.163656,0.22752976190476196,29109.71,1.0129590300799758,0.9404794331368727
2023-01-31,88949,SGEN,SEAGEN INC,35,-0.02,0.081857,-0.30739795918367346,23974.697089999998,0.5697621503496033,0.6243566777518315
2023-01-31,89215,AMN,A M N HEALTHCARE SERVICES INC,35,0.02,-0.071392,0.2440263605442177,4455.807519999999,0.3552150130192734,0.5415410226671596
2023-01-31,89301,GME,GAMESTOP CORP NEW,25,-0.02,0.181218,-0.3469175170068027,5622.50988,1.3299768668649912,0.5716502872634607
2023-01-31,89946,AEL,AMERICAN EQUITY INVT LIFE HLDG C,40,0.02,0.040992,0.30425170068027213,3909.7252399999998,0.8924324544077161,1.0817697325178126
2023-01-31,90125,CORT,CORCEPT THERAPEUTICS INC,35,0.02,0.122048,0.3190476190476191,2190.1288499999996,0.6621516552144264,0.47207325156794094
2023-01-31,90126,CYTK,CYTOKINETICS INC,35,-0.02,-0.0764,-0.562797619047619,4345.29388,0.9181938991512301,0.8090783174764999
2023-01-31,90386,MOS,MOSAIC CO NEW,15,0.02,0.125739,0.2643494897959183,14936.901469999999,1.5119563029426129,1.0861865309687042
2023-01-31,90564,PBH,PRESTIGE CONSUMER HEALTHCARE INC,35,0.02,0.046973,0.26349914965986393,3100.3276,0.5410910017468993,0.4676262654327767
2023-01-31,90829,CF,C F INDUSTRIES HOLDINGS INC,15,0.02,-0.009375,0.3665603741496599,16715.3028,1.059684745120374,0.954540255811578
2023-01-31,90880,AMP,AMERIPRISE FINANCIAL INC,40,0.02,0.12094400000000001,0.2836734693877551,33135.06129,1.4247123277862905,1.1257528716877363
2023-01-31,91233,MA,MASTERCARD INC,45,0.02,0.063916,0.21881377551020412,331665.91719,1.048845073402568,0.9872233959855067
2023-01-31,91531,OC,OWENS CORNING NEW,20,0.02,0.136383,0.1938988095238095,7971.7968,1.3727906290836427,1.1049106626366396
2023-01-31,91594,SPR,SPIRIT AEROSYSTEMS HOLDINGS INC,20,-0.02,0.217778,-0.4561862244897959,3115.5184000000004,1.6397871408696763,1.3361568307573446
2023-01-31,91611,FSLR,FIRST SOLAR INC,45,-0.02,0.18215399999999998,-0.44264455782312934,15968.962109999999,1.330054681559143,1.0378453929738467
2023-01-31,91733,AVAV,AEROVIRONMENT INC,20,-0.02,0.035135,-0.3729804421768707,2154.94862,0.6033294122084742,1.0403267091567319
2023-01-31,92121,DFS,DISCOVER FINANCIAL SERVICES,40,0.011576640362573443,0.189686,0.2501913265306122,26729.69958,1.3974922203230526,1.0783276996908058
2023-01-31,92611,V,VISA INC,45,0.02,0.104551,0.30533588435374154,338268.39144,0.9035607574783207,0.9525086757777877
2023-01-31,92655,UNH,UNITEDHEALTH GROUP INC,35,0.02,-0.061958,0.2709396258503401,495373.15281999996,0.6838673922443448,0.6045249006976601
2023-01-31,93002,AVGO,BROADCOM INC,45,0.02,0.04278,0.23218537414965987,233652.59918000002,1.0644041482453688,1.0413548499183083
2023-02-28,10258,CLDX,CELLDEX THERAPEUTICS INC,35,-0.02,-0.032274,-0.23465585718380216,2079.6760600000002,2.28616683037809,0.48926089752974866
2023-02-28,10606,WTS,WATTS WATER TECHNOLOGIES INC,20,0.02,0.069997,0.24425746222822747,4461.6432,0.9962902403574225,0.9316155708757525
2023-02-28,11370,ENV,ENVESTNET INC,45,-0.02,-0.041758,-0.23252671661957988,3596.19,1.1638338520277682,0.9671816084895809
2023-02-28,11644,CRK,COMSTOCK RESOURCES INC,10,0.018186211408884528,0.0060149999999999995,0.30325922286369406,2840.1597,1.2854563464833222,0.9605097696799327
2023-02-28,11691,MATX,MATSON INC,20,0.02,0.0070019999999999995,0.2524464643983131,2498.07972,1.1892766065331801,0.9346912438693004
2023-02-28,11752,COHR,COHERENT CORP,45,-0.02,-0.009670999999999999,-0.35331449862834213,6019.146,1.5751091263438521,1.2036632031154975
2023-02-28,11995,COKE,COCA COLA CONSOLIDATED INC,30,0.02,0.09535,0.36475862916103674,4241.241819999999,0.8528358875065416,0.726761674807616
2023-02-28,13527,FIVE,FIVE BELOW INC,25,-0.02,0.032922,-0.4498628342136511,10948.00881,1.1454293969700096,1.270784816735867
2023-02-28,13600,QLYS,QUALYS INC,45,0.02,0.020735000000000003,0.2309503337018384,4310.08032,0.5940503164706298,0.9995503356052786
2023-02-28,13688,PCG,P G & E CORP,55,-0.02,-0.021060000000000002,-0.08371207468369979,31604.43,1.0996482271247365,0.35920697542096197
2023-02-28,13721,ABBV,ABBVIE INC,35,0.02,0.038174,0.3264750440158867,261293.06775,0.576813041162851,0.4287474926856391
2023-02-28,13766,BCC,BOISE CASCADE CO,20,0.02,-0.079594,0.3283585145150063,2957.41656,1.4880203746431786,1.2991103581114458
2023-02-28,13862,TMHC,TAYLOR MORRISON HOME CORP,25,0.02,-0.0026119999999999997,0.25928428121033453,3878.8225999999995,1.6457472480848852,1.1861353435878041
2023-02-28,13928,COP,CONOCOPHILLIPS,10,0.02,-0.151564,0.37438070671088725,151858.67277,1.267777676920339,0.8719057533710798
2023-02-28,14328,AMC,A M C ENTERTAINMENT HOLDINGS INC,50,-0.02,0.331129,-0.4202186463579413,2765.08865,2.2569596752645658,0.8180138186312754
2023-02-28,14432,ITCI,INTRA CELLULAR THERAPIES INC,35,-0.012678713811042866,0.019714000000000002,-0.1467673913933587,4544.2536,1.0897413336059592,0.4153678803689855
2023-02-28,14436,RARE,ULTRAGENYX PHARMACEUTICALS INC,35,-0.017321286188957136,-0.021981,-0.5544978094419195,3182.03001,1.036114782860022,1.102059211086272
2023-02-28,14479,IBP,INSTALLED BUILDING PRODUCTS INC,25,0.02,0.044601999999999996,0.237419645416206,3148.9042700000005,1.6889482636802502,1.2396768878592017
2023-02-28,14601,NAVI,NAVIENT CORP,40,0.010000000000000009,-0.051948,0.272632354747574,2446.01077,1.49580339593546,1.037470807138308
2023-02-28,14617,ARES,ARES MANAGEMENT CORP,40,-0.02,-0.031887,-0.5007165376898824,14392.125799999998,1.2857680000758906,1.3388203609188079
2023-02-28,15067,FRPT,FRESHPET INC,30,-0.02,-0.021609000000000003,-0.5443639192564386,3046.93296,0.9705714136369219,1.308051992033652
2023-02-28,15069,MRO,MARATHON OIL CORP,10,0.011813788591115475,-0.084535,0.35239323588420746,17445.31796,2.3849550250159575,0.9747301661738474
2023-02-28,15272,SEDG,SOLAREDGE TECHNOLOGIES INC,45,-0.02,-0.007242,-0.525652049297793,17913.724290000002,1.336891648166671,1.48027018505586
2023-02-28,15535,OLLI,OLLIES BARGAIN OUTLET HLD INC,25,-0.02,0.047317,-0.24917086353027879,3395.5580800000002,0.9703993832963376,0.9783456938327877
2023-02-28,16019,RRR,RED ROCK RESORTS INC,25,0.02,-0.033221,0.2334070343528641,2611.16513,2.1439807635975376,1.0217339524383389
2023-02-28,16044,NGVT,INGEVITY CORP,15,0.02,-0.001994,0.3533759161446178,3080.9476799999998,1.7617474978855563,0.9434356276341964
2023-02-28,16076,GMS,G M S INC,20,0.02,0.019982,0.2670228882610654,2469.01704,1.8201577608972315,1.163854695671163
2023-02-28,16736,VST,VISTRA CORP,55,-0.02,-0.049851,-0.09407116242885803,9176.819239999999,0.8791450262979371,0.7171044098086139
2023-02-28,17104,APLS,APELLIS PHARMACEUTICALS INC,35,-0.02,0.238348,-0.4895180772222904,5841.00756,1.1884785809243523,0.9309180928069204
2023-02-28,18011,SONO,SONOS INC,25,-0.02,0.050238,-0.2754780330016787,2348.29712,1.8420974463963908,1.1101093192292844
2023-02-28,18726,CRWD,CROWDSTRIKE HOLDINGS INC,45,-0.02,0.13621,-0.3672358023174876,23590.1781,1.1948733876799185,1.1563337032135588
2023-02-28,18777,KRTX,KARUNA THERAPEUTICS INC,35,-0.02,-0.0033,-0.39118863366498796,6873.770859999999,0.9372017051331915,0.3573058666358947
2023-02-28,18937,CHPT,CHARGEPOINT HOLDINGS INC,20,-0.02,-0.0677,-0.4739385005937026,4148.0437600000005,1.9907066028484908,1.2930613845896546
2023-02-28,19880,MTZ,MASTEC INC,20,-0.02,-0.008642,-0.30512222085738855,7684.9258199999995,1.3405457821358562,1.0631771935962897
2023-02-28,20765,AJRD,AEROJET ROCKETDYNE HOLDINGS INC,20,-0.02,0.004061,-0.19598329443557302,4503.405360000001,0.5609219306897545,0.48907678251822545
2023-02-28,23835,MDU,M D U RESOURCES GROUP INC,20,-0.02,0.026961,-0.16001310240347213,6285.57941,0.700258835230655,0.58296186756157
2023-02-28,27887,BAX,BAXTER INTERNATIONAL INC,35,-0.02,-0.12282,-0.3092167219424313,23033.28849,0.5018246320528036,0.5939746241354957
2023-02-28,32651,HL,HECLA MINING CO,15,-0.02,-0.168766,-0.4488187364369652,3740.6920699999996,2.0465502460198706,0.9435174397325988
2023-02-28,35991,ROG,ROGERS CORP,45,-0.02,0.051067,-0.31797895426442285,2625.9670800000004,1.05040381274771,0.9072933726501261
2023-02-28,38295,SPB,SPECTRUM BRANDS HOLDINGS INC NEW,30,-0.02,-0.05402,-0.34700896695737626,2783.1478799999995,1.3935381468997114,1.0541456543318342
2023-02-28,38850,SKY,SKYLINE CHAMPION CORP,25,0.02,0.157025,0.22218810137984685,3355.72875,1.685455330615666,1.3649657461388667
2023-02-28,40272,IFF,INTERNATIONAL FLAVORS & FRAG INC,15,-0.02,-0.174711,-0.28309380501985837,28673.026519999996,1.0019874245029834,0.7930318671554123
2023-02-28,43350,SWK,STANLEY BLACK & DECKER INC,20,-0.02,-0.044879,-0.406788682799001,13634.51115,1.2543718467783767,1.2413969330708878
2023-02-28,43553,VFC,V F CORP,25,-0.02,-0.20125200000000001,-0.35081685296646603,12022.232039999999,1.355768303838686,1.1650292803253106
2023-02-28,44943,DIOD,DIODES INC,45,0.02,0.024579999999999998,0.22914875322441963,4055.4692999999997,1.4220343361812129,1.3037316158534946
2023-02-28,49429,DDS,DILLARDS INC,25,0.02,-0.097269,0.24004012611063336,5167.700089999999,0.8834899016708724,1.0840428417776253
2023-02-28,52476,EFX,EQUIFAX INC,20,-0.02,-0.09022999999999999,-0.30164189493510213,27206.8346,1.379668062070477,1.004400155802948
2023-02-28,52978,HAS,HASBRO INC,25,-0.02,-0.07375599999999999,-0.24423698972280225,8176.110600000001,0.7080011219569489,0.7991380002895533
2023-02-28,56223,LPX,LOUISIANA PACIFIC CORP,15,0.02,-0.144146,0.14216107767268565,4881.71255,1.5778509829981575,1.2302167834967044
2023-02-28,57808,VSH,VISHAY INTERTECHNOLOGY INC,45,0.02,-0.075971,0.41266429185603737,2965.81152,1.275537811007134,0.9235971802740078
2023-02-28,59328,INTC,INTEL CORP,45,-0.02,-0.11006099999999999,-0.407464275478033,116911.62000000001,0.7572972907671888,0.9671248482333821
2023-02-28,60098,OTTR,OTTER TAIL CORP,55,0.02,0.109154,0.4345698726610162,2670.6928000000003,0.49696929092095193,0.6672417437656731
2023-02-28,61241,AMD,ADVANCED MICRO DEVICES INC,45,-0.02,0.042192,-0.5009417352495599,121141.8,2.099173306899066,1.5070932712988838
2023-02-28,62341,PDCE,P D C ENERGY INC,10,0.02,-0.012604,0.46294476518036276,6035.081650000001,2.493935492091841,0.9925560466271608
2023-02-28,66384,WDC,WESTERN DIGITAL CORP,45,-0.02,-0.12791,-0.542193833681366,14034.201900000002,1.6081662583067617,1.195699093324015
2023-02-28,69649,RJF,RAYMOND JAMES FINANCIAL INC,40,-0.02,-0.041669000000000005,-0.23647791016664618,24252.76728,1.035667673597918,0.9120034637962149
2023-02-28,70228,TOL,TOLL BROTHERS INC,25,0.02,0.0041140000000000005,0.27799615116898,6587.149230000001,1.3531885903718333,1.0692750085360236
2023-02-28,72726,STT,STATE STREET CORP,40,0.02,-0.032466,0.26937722638496503,31876.36192,1.5128273949034972,1.0732680136389023
2023-02-28,76226,PARA,PARAMOUNT GLOBAL,50,-0.02,-0.07858,-0.3723948736846416,14104.44,1.6560065320540824,1.1586036081419524
2023-02-28,76504,CATY,CATHAY GENERAL BANCORP,40,0.02,-0.019534000000000003,0.42959505384268926,3197.7383200000004,1.167672997132201,0.7509423032350545
2023-02-28,76841,BIIB,BIOGEN INC,35,0.02,-0.075777,0.18693444703762843,41889.6,0.2394944989480291,0.7008282010584966
2023-02-28,77300,SMG,SCOTTS MIRACLE GRO CO,15,-0.02,0.14845899999999998,-0.48126765753592926,4004.0183500000003,1.6257610951833514,1.3795669233346235
2023-02-28,78987,MCHP,MICROCHIP TECHNOLOGY INC,45,0.02,0.044969999999999996,0.2230888916185563,42519.925520000004,1.5527277480891322,1.3356657822575932
2023-02-28,79299,PZZA,PAPA JOHNS INTL INC,25,-0.02,-0.063229,-0.2930639151619375,3115.4718399999997,1.0534831855411813,0.5394759512093675
2023-02-28,79668,BDC,BELDEN INC NEW,45,0.02,0.037121999999999995,0.3480940097449126,3471.13854,1.3336654730084316,0.9499146587927431
2023-02-28,79698,IT,GARTNER INC,45,0.02,-0.034,0.2736150350079843,26721.175359999997,1.2658623625413894,0.9559605311496172
2023-02-28,79758,BYD,BOYD GAMING CORP,25,0.02,0.041808,0.2432747819678172,6503.60625,1.8335659191845042,1.0003910421323428
2023-02-28,79785,NVR,N V R INC,25,0.02,-0.021738,0.45459198296687553,16842.920000000002,0.9484506616702073,0.8555225394137882
2023-02-28,79841,FWRD,FORWARD AIR CORP,20,0.02,-0.046473,0.3303238750358269,2853.8188499999997,1.0834407263018073,0.9128066498509965
2023-02-28,79878,UFPI,U F P INDUSTRIES INC,20,0.02,-0.086507,0.2917946198255743,5764.3639,1.4358516654236,0.9616312374158085
2023-02-28,80415,EXP,EAGLE MATERIALS INC,15,0.02,-0.04288,0.22669205257339392,5266.47616,1.2596421761925467,0.9837282551035185
2023-02-28,80432,AEO,AMERICAN EAGLE OUTFITTERS INC NE,25,-0.02,-0.113115,-0.44241084223887317,3024.73284,1.4587759581169228,1.1942170719747067
2023-02-28,83272,HUBG,HUB GROUP INC,20,0.019999999999999993,0.07230900000000001,0.310997829914425,2783.8096899999996,0.9226248678897111,0.7780651537549108
2023-02-28,84319,LAD,LITHIA MOTORS INC,25,-0.02,-0.033921,-0.24609998771649672,7195.3616,1.4315679073482601,0.9512680879544735
2023-02-28,84385,NSP,INSPERITY INC,20,0.02,0.11902900000000001,0.35935388772878024,4193.6037,1.2110142783712794,0.8098501932468534
2023-02-28,84519,CIEN,CIENA CORP,45,-0.02,-0.076499,-0.30153953240797604,7720.5483,0.9125258617932102,0.9985077932579074
2023-02-28,84761,TTWO,TAKE TWO INTERACTIVE SOFTWR INC,50,-0.02,-0.03595,-0.3676043074151415,19099.07025,0.7072698271945529,0.7144383464907601
2023-02-28,85002,SRPT,SAREPTA THERAPEUTICS INC,35,-0.02,-0.026175999999999998,-0.4721778651271343,10991.1115,1.0293309059606481,0.618105132591728
2023-02-28,85593,AMG,AFFILIATED MANAGERS GROUP INC,40,0.02,-0.080562,0.22853457806166316,6506.94306,1.2991482063981228,1.1056034113319855
2023-02-28,85710,POWI,POWER INTEGRATIONS INC,45,0.02,-0.04584,0.2189943905335135,4906.01083,1.1769854949514746,1.1915521348948213
2023-02-28,85738,MRCY,MERCURY SYSTEMS INC,20,-0.02,0.043664,-0.26104491667690294,2904.5283799999997,0.9651677920187977,0.844626787518178
2023-02-28,86047,AMKR,AMKOR TECHNOLOGY INC,45,0.02,-0.120499,0.23971256602383004,7171.362660000001,1.6887628004655777,1.297017702316314
2023-02-28,86594,KFY,KORN FERRY,20,0.02,0.031742,0.3286860746018098,2845.8129000000004,1.475395230976183,0.8612200162225543
2023-02-28,86783,BKNG,BOOKING HOLDINGS INC,25,0.02,0.033484,0.2758670106047578,92162.3283,1.233783513895988,1.1508063270646114
2023-02-28,89301,GME,GAMESTOP CORP NEW,25,-0.02,-0.124163,-0.34141997297629284,6661.12086,1.388478539122085,0.596866550492322
2023-02-28,89393,NFLX,NETFLIX INC,50,-0.010000000000000002,-0.09311799999999999,-0.47745977152683944,157590.48942,1.2321662189870983,1.3783700866115831
2023-02-28,89792,CVCO,CAVCO INDUSTRIES INC DEL,25,0.02,0.06757600000000001,0.34506407894198093,2313.4734000000003,1.165085683538967,1.1201108433789302
2023-02-28,89916,NXST,NEXSTAR MEDIA GROUP INC,50,0.02,-0.08941199999999999,0.282295377308275,7537.583700000001,1.4774141838782235,0.9029364747032713
2023-02-28,89946,AEL,AMERICAN EQUITY INVT LIFE HLDG C,40,0.02,-0.129368,0.45719199115587766,4083.7003,0.8805362080867797,1.078888190889379
2023-02-28,90125,CORT,CORCEPT THERAPEUTICS INC,35,0.02,-0.092251,0.3180403717806985,2465.1081,0.6264608565757408,0.4564493082925994
2023-02-28,90126,CYTK,CYTOKINETICS INC,35,-0.02,0.017265999999999997,-0.49054170249355117,4028.54832,0.8537076790127578,0.7851846633246724
2023-02-28,90386,MOS,MOSAIC CO NEW,15,0.02,0.070228,0.19590140441387213,16867.42874,1.5247420264410259,1.0938684949094934
2023-02-28,90564,PBH,PRESTIGE CONSUMER HEALTHCARE INC,35,0.02,-0.08724,0.35001842525488275,3256.8297600000005,0.5668203841186683,0.4509537192246848
2023-02-28,90829,CF,C F INDUSTRIES HOLDINGS INC,15,0.02,0.015342,0.3695082504196864,16617.2083,1.0497460863626116,0.945379789970505
2023-02-28,91161,GPRE,GREEN PLAINS INC,10,-0.02,-0.006326,-0.42599189288785155,2061.68715,1.7417409626575793,1.2354140589787161
2023-02-28,91531,OC,OWENS CORNING NEW,20,0.02,0.008345,0.180096630225607,9032.522400000002,1.4039199694117226,1.1115224932482293
2023-02-28,91594,SPR,SPIRIT AEROSYSTEMS HOLDINGS INC,20,-0.02,-0.057945,-0.47301723784956806,3804.9321,1.6542840133677783,1.3451521888915536
2023-02-28,91611,FSLR,FIRST SOLAR INC,45,-0.02,-0.051085,-0.4762314212013266,18933.7584,1.3789123011584012,1.0821387777212477
2023-02-28,91733,AVAV,AEROVIRONMENT INC,20,-0.02,-0.039754000000000005,-0.31406870572820694,2247.73808,0.6314731013210625,1.0585998272269845
2023-02-28,92655,UNH,UNITEDHEALTH GROUP INC,35,0.02,-0.050026,0.18849035744994472,466417.67731,0.6406542983095103,0.6049743509638955
2023-02-28,93002,AVGO,BROADCOM INC,45,0.02,0.012412999999999999,0.27901977644024073,243949.16999999998,1.0519636829568637,1.0209721415525124
2023-02-28,93263,CELH,CELSIUS HOLDINGS INC,30,-0.02,-0.09834599999999999,-0.4624329525447325,7662.64224,1.9577535673603617,1.4049580970022086
2023-03-31,10258,CLDX,CELLDEX THERAPEUTICS INC,35,-0.02,-0.16278700000000002,-0.28088217073472926,2019.9875299999999,2.2546678202916053,0.4917448288494303
2023-03-31,10606,WTS,WATTS WATER TECHNOLOGIES INC,20,0.02,-0.043072,0.25599884359641517,4785.5313,0.9748126536905644,0.9139421509740219
2023-03-31,11370,ENV,ENVESTNET INC,45,-0.02,-0.065068,-0.31507867674389795,3458.42826,1.181965304664804,0.9593090516053282
2023-03-31,11691,MATX,MATSON INC,20,0.02,-0.10648,0.21469871556601827,2512.81431,1.1536481579329994,0.9455768027403367
2023-03-31,11809,CLH,CLEAN HARBORS INC,20,0.02,0.07579,0.24106884731342665,7141.553179999999,1.3725517658080957,0.8659009945501751
2023-03-31,13116,CIVI,CIVITAS RESOURCES INC,10,0.010000000000000009,0.0027519999999999997,0.2794160161896501,5972.23887,1.701211168376027,0.8515789392393764
2023-03-31,13600,QLYS,QUALYS INC,45,0.02,0.096828,0.3297815223227191,4372.6133500000005,0.6357674589914815,0.9348492596061098
2023-03-31,13688,PCG,P G & E CORP,55,-0.02,0.031573,-0.09934745797711975,31047.874,1.1006095709014554,0.3442893511869179
2023-03-31,13721,ABBV,ABBVIE INC,35,0.02,0.031904999999999996,0.2532523850823938,272310.66000000003,0.5795467894087407,0.42831298039886273
2023-03-31,13748,TPH,TRI POINTE HOMES INC,25,0.02,0.058442999999999995,0.3553256515095198,2408.62672,1.3801981923022766,1.0864141476823368
2023-03-31,13766,BCC,BOISE CASCADE CO,20,0.02,-0.08843000000000001,0.2100318010985834,2727.0806000000002,1.4857382516266635,1.1482039632948873
2023-03-31,13862,TMHC,TAYLOR MORRISON HOME CORP,25,0.02,0.064182,0.2599636558873332,3882.0730099999996,1.6248711408623777,1.1898324480916092
2023-03-31,14167,ISEE,IVERIC BIO INC,35,-0.02,0.167199,-0.58898112584149,2849.3951600000005,1.0882205583088347,1.126545337711869
2023-03-31,14169,PINC,PREMIER INC,35,0.02,0.0019539999999999996,0.3235039028620989,3826.3287299999997,0.28074569798914706,0.30764477039807725
2023-03-31,14328,AMC,A M C ENTERTAINMENT HOLDINGS INC,50,-0.02,-0.301957,-0.4523190021889068,3695.5212,2.243460316160585,0.849538630477252
2023-03-31,14432,ITCI,INTRA CELLULAR THERAPIES INC,35,-0.02,0.100788,-0.2189732788171643,4671.5784,1.1208727294995342,0.4108615697679519
2023-03-31,14479,IBP,INSTALLED BUILDING PRODUCTS INC,25,0.02,-0.004065,0.2966794697063561,3300.21414,1.6474403588115103,1.2579693494908684
2023-03-31,14596,FIVN,FIVE 9 INC,45,-0.02,0.091665,-0.46673274687151534,4695.965999999999,0.735576637337952,1.2415806709818191
2023-03-31,14601,NAVI,NAVIENT CORP,40,0.02,-0.109843,0.39800933382893483,2327.3850500000003,1.4893630678682255,1.0363646800858086
2023-03-31,14617,ARES,ARES MANAGEMENT CORP,40,-0.02,0.041659999999999996,-0.34869698096064106,13982.854599999999,1.2888860591929254,1.3292448405914832
2023-03-31,15167,SHAK,SHAKE SHACK INC,25,-0.02,-0.009015,-0.41172097633502663,2193.43964,1.6957402333976177,1.3431812120842863
2023-03-31,15272,SEDG,SOLAREDGE TECHNOLOGIES INC,45,-0.02,-0.047580000000000004,-0.5072068723413043,17850.254240000002,1.4349814993701637,1.4677581049769515
2023-03-31,15452,EVH,EVOLENT HEALTH INC,35,-0.02,-0.07676000000000001,-0.432990542270681,3542.6969099999997,1.5877351922272847,0.9519149947043862
2023-03-31,15535,OLLI,OLLIES BARGAIN OUTLET HLD INC,25,-0.02,0.0033139999999999997,-0.2345847272126544,3567.94032,0.9821491531375912,0.9950816101776776
2023-03-31,16019,RRR,RED ROCK RESORTS INC,25,0.02,0.02292,0.17637219675380988,2539.67252,2.1499925936292525,1.0229032805660272
2023-03-31,16076,GMS,G M S INC,20,0.02,-0.050088,0.3279023664973361,2526.87162,1.8008045047748198,1.1723380593368988
2023-03-31,16260,MEDP,MEDPACE HOLDINGS INC,35,0.02,-0.033708,0.2453640606285879,6019.974,1.3596399805900217,1.3193408418592223
2023-03-31,16557,NEX,NEXTIER OILFIELD SOLUTIONS INC,10,0.02,-0.132882,0.2861892371866352,2133.4984000000004,2.1859814205143953,1.1264097024808983
2023-03-31,16736,VST,VISTRA CORP,55,-0.02,0.096369,-0.051583859909965724,8751.00846,0.8846672595620921,0.714980154274446
2023-03-31,16932,ROKU,ROKU INC,50,-0.010000000000000002,0.01383,-0.6265229422211209,7936.42796,1.824555438225767,1.6714317313894436
2023-03-31,17104,APLS,APELLIS PHARMACEUTICALS INC,35,-0.02,0.0036919999999999995,-0.40540205674637597,7549.778520000001,1.1745402762668764,0.9199087100914659
2023-03-31,18011,SONO,SONOS INC,25,-0.02,0.006140999999999999,-0.400941642919093,2474.37164,1.8242892593552824,1.1750281102128548
2023-03-31,18726,CRWD,CROWDSTRIKE HOLDINGS INC,45,-0.02,0.133656,-0.36094246892165366,26906.26653,1.159472407575297,1.1534991119760576
2023-03-31,18777,KRTX,KARUNA THERAPEUTICS INC,35,-0.02,-0.092797,-0.5044397637632676,6882.9812999999995,0.9497511429465036,0.3610487008261817
2023-03-31,18937,CHPT,CHARGEPOINT HOLDINGS INC,20,-0.02,-0.081983,-0.45956717465824143,3881.53024,1.9993166153722863,1.318196272208135
2023-03-31,19880,MTZ,MASTEC INC,20,-0.02,-0.037203,-0.286788089043076,7645.0264799999995,1.3362418705619072,1.0222922512403434
2023-03-31,20765,AJRD,AEROJET ROCKETDYNE HOLDINGS INC,20,-0.02,-0.006655,-0.0968075001032503,4545.342180000001,0.5572196345674043,0.45851385318614096
2023-03-31,21936,PFE,PFIZER INC,35,0.02,0.0020310000000000003,0.2690083839259902,227732.18954999998,0.5637412587446019,0.46731262286122055
2023-03-31,23660,CTAS,CINTAS CORP,20,0.01999999999999936,0.051577,0.2731590467930451,44580.12184,1.2924343708025179,0.8015980758577411
2023-03-31,25785,F,FORD MOTOR CO DEL,25,-0.02,0.040272999999999996,-0.36038491719324334,47258.0331,1.4910532788294932,1.2142928999672378
2023-03-31,27887,BAX,BAXTER INTERNATIONAL INC,35,-0.001352448002631403,0.011630999999999999,-0.22921571056870274,20161.6464,0.5118995294462607,0.6185833260857885
2023-03-31,32651,HL,HECLA MINING CO,15,-0.02,0.226986,-0.3380828480568289,3130.2833,2.076247272161987,0.9332134350900883
2023-03-31,35991,ROG,ROGERS CORP,45,-0.02,0.10661999999999999,-0.1825052657663239,2769.1264,1.0060079446407586,0.9219779954340452
2023-03-31,40272,IFF,INTERNATIONAL FLAVORS & FRAG INC,15,-0.02,-0.007372,-0.26126460992029077,23762.4584,1.0229090944752375,0.9014012804465713
2023-03-31,43350,SWK,STANLEY BLACK & DECKER INC,20,-0.02,-0.053541000000000005,-0.40375005162516003,13100.38464,1.2581854625113376,1.288173116122375
2023-03-31,43553,VFC,V F CORP,25,-0.02,-0.06855800000000001,-0.3590220129682402,9646.46674,1.3786416025763477,1.2368118994505857
2023-03-31,44943,DIOD,DIODES INC,45,0.02,0.008032,0.22209143848345933,4170.70303,1.438720239428106,1.3210777269764717
2023-03-31,49429,DDS,DILLARDS INC,25,0.02,-0.139784,0.16716226820303146,4682.87099,0.9510937885681557,1.1187589610444282
2023-03-31,52476,EFX,EQUIFAX INC,20,-0.02,-0.0021070000000000004,-0.2889769958286871,24798.38079,1.378219036645739,1.0252548662153982
2023-03-31,52978,HAS,HASBRO INC,25,-0.02,-0.027634,-0.2875314913476232,7603.4821999999995,0.7267802353388987,0.8394732742701815
2023-03-31,54148,PHM,PULTE GROUP INC,25,0.02,0.065472,0.26642712592409035,12333.387990000001,1.2410100891644027,1.0744516807272602
2023-03-31,56223,LPX,LOUISIANA PACIFIC CORP,15,0.02,-0.073256,0.18948498740346095,4199.49674,1.6011482552901184,1.2591224943455464
2023-03-31,57568,BALL,BALL CORP,15,-0.02,-0.023208,-0.3034733407673564,17673.829250000003,0.7254740917299443,0.9600534668984558
2023-03-31,57808,VSH,VISHAY INTERTECHNOLOGY INC,45,0.02,0.066764,0.19888076653037626,2750.7286400000003,1.2558195538688124,0.9921438398697823
2023-03-31,59328,INTC,INTEL CORP,45,-0.02,0.306831,-0.35712220707884196,103135.41,0.7875857916058523,0.9931030197631897
2023-03-31,60986,NWL,NEWELL BRANDS INC,25,-0.02,-0.156803,-0.31982819146739355,6083.52563,0.9064861372569625,0.8928986051680287
2023-03-31,61313,DCI,DONALDSON INC,20,0.02,0.029405999999999998,0.3017800355181101,7696.7027499999995,1.1719227081134227,0.7621438712033859
2023-03-31,62341,PDCE,P D C ENERGY INC,10,0.02,-0.041669000000000005,0.25027877586420516,5931.78579,2.508988772730149,0.9686749069189549
2023-03-31,64194,CHE,CHEMED CORP NEW,35,0.02,0.027364,0.24129599801759385,7796.577840000001,0.4911632322496913,0.5002227548016053
2023-03-31,66384,WDC,WESTERN DIGITAL CORP,45,-0.02,-0.024687999999999998,-0.433403543550985,12287.510559999999,1.6329364553956152,1.2062963151168087
2023-03-31,69649,RJF,RAYMOND JAMES FINANCIAL INC,40,-0.02,-0.139817,-0.22719200429521336,23357.07792,1.0377851188991676,0.9014002471658857
2023-03-31,72726,STT,STATE STREET CORP,40,0.011338989648129998,-0.143016,0.24172964936191302,30548.39772,1.5165320416757693,1.051210826120129
2023-03-31,76226,PARA,PARAMOUNT GLOBAL,50,-0.02,0.050601,-0.4488497914343534,13062.173040000001,1.6583495624287987,1.1474289929743597
2023-03-31,76504,CATY,CATHAY GENERAL BANCORP,40,0.02,-0.199351,0.44071366621236524,3114.10352,1.1627496864110252,0.7489650331747094
2023-03-31,76661,IONS,IONIS PHARMACEUTICALS INC,35,-0.02,-0.008095,-0.462127782596126,5132.0486,0.5794804846103139,0.7379016723705056
2023-03-31,76841,BIIB,BIOGEN INC,35,0.02,0.026637,0.13678602403667453,38990.99196,0.21338423598006664,0.7133399613569416
2023-03-31,78987,MCHP,MICROCHIP TECHNOLOGY INC,45,0.02,0.030300000000000004,0.2062734894478173,44387.90988000001,1.5361921165366732,1.332719269975618
2023-03-31,79299,PZZA,PAPA JOHNS INTL INC,25,-0.02,-0.111083,-0.12224837896997479,2909.62305,1.0432600583484883,0.5643292895342398
2023-03-31,79698,IT,GARTNER INC,45,0.02,-0.009861,0.22562259943005822,25916.98641,1.232992283427788,0.9502395413932229
2023-03-31,79758,BYD,BOYD GAMING CORP,25,0.02,-0.016531999999999998,0.16974352620493122,6797.943749999999,1.8089209831287143,0.9977156761615625
2023-03-31,79785,NVR,N V R INC,25,0.02,0.073401,0.46559699335067933,16534.88952,0.9307549693883376,0.8532119532013243
2023-03-31,80415,EXP,EAGLE MATERIALS INC,15,0.02,0.044114,0.32104654524429016,5058.81664,1.2472813978252142,0.9968804713379851
2023-03-31,80432,AEO,AMERICAN EAGLE OUTFITTERS INC NE,25,-0.02,-0.068356,-0.3696361458720522,2693.02422,1.501606235729799,1.2258645090130662
2023-03-31,84319,LAD,LITHIA MOTORS INC,25,-0.02,-0.105029,-0.3333333333333334,6976.11084,1.402630147298426,1.006059696379515
2023-03-31,84519,CIEN,CIENA CORP,45,-0.02,0.085537,-0.30045843142113743,7156.5713,0.9499549041815883,1.0179909569804444
2023-03-31,84761,TTWO,TAKE TWO INTERACTIVE SOFTWR INC,50,-0.02,0.085363,-0.3841324908107215,18478.346250000002,0.6888110069927963,0.7254587276847217
2023-03-31,84788,AMZN,AMAZON COM INC,25,-0.02,0.09251,-0.40713666212365257,966213.12402,1.2294242486057718,1.3102271402035555
2023-03-31,85002,SRPT,SAREPTA THERAPEUTICS INC,35,-0.02,0.124914,-0.30785115433857857,10745.24166,1.0269716982817059,0.6001917805270411
2023-03-31,85710,POWI,POWER INTEGRATIONS INC,45,0.02,0.02542,0.19080659150043364,4687.18075,1.1658306312937308,1.1752856946637602
2023-03-31,85738,MRCY,MERCURY SYSTEMS INC,20,-0.02,-0.026947,-0.2842274811051914,3041.37272,0.951168363396613,0.8430435416946506
2023-03-31,85753,VRSN,VERISIGN INC,45,0.02,0.07003,0.24903977202329328,20643.333570000003,0.9543629694945244,0.9346426560650127
2023-03-31,86047,AMKR,AMKOR TECHNOLOGY INC,45,0.02,0.006454999999999999,0.04960145376450668,6318.51584,1.7157332159095664,1.240269328752269
2023-03-31,86594,KFY,KORN FERRY,20,0.02,-0.075157,0.3240614545905092,2945.9619000000002,1.461744992962958,0.8684771650850416
2023-03-31,86783,BKNG,BOOKING HOLDINGS INC,25,0.02,0.047237999999999995,0.16842192210795853,95023.55200000001,1.2481695718614634,1.1376202992221536
2023-03-31,87179,NTCT,NETSCOUT SYSTEMS INC,45,0.02,0.0037459999999999998,0.2948829141370338,2018.15928,0.682770428721256,0.7979973518677939
2023-03-31,88351,INSM,INSMED INC,35,-0.008647551997368599,-0.16703300000000001,-0.5253376285466486,2779.9339,1.630211092732227,1.1368231480621882
2023-03-31,89301,GME,GAMESTOP CORP NEW,25,-0.02,0.19345,-0.3173914839136001,5857.03494,1.394322752563087,0.6054820232045466
2023-03-31,89792,CVCO,CAVCO INDUSTRIES INC DEL,25,0.02,0.111239,0.1344319167389419,2477.7900000000004,1.166712112722043,1.1584388488792732
2023-03-31,89916,NXST,NEXSTAR MEDIA GROUP INC,50,0.02,-0.07485900000000001,0.3286870689299137,6835.543000000001,1.4879371238020844,0.9070998613698036
2023-03-31,89946,AEL,AMERICAN EQUITY INVT LIFE HLDG C,40,0.01866101035187001,-0.127528,0.18704827984966751,3569.4883,0.8893674921563148,1.1245561639983546
2023-03-31,90126,CYTK,CYTOKINETICS INC,35,-0.02,-0.192061,-0.49254532689051345,4126.18096,0.8146549662056973,0.7758037951164096
2023-03-31,90386,MOS,MOSAIC CO NEW,15,0.02,-0.133244,0.14362119522570518,18110.18439,1.5098249064505638,1.0590546700167793
2023-03-31,90634,AX,AXOS FINANCIAL INC,40,0.02,-0.224571,0.24590096229298308,2843.44739,1.4680721901161908,1.1295419893428964
2023-03-31,90829,CF,C F INDUSTRIES HOLDINGS INC,15,0.02,-0.15965200000000002,0.20224672696485357,16814.51352,1.0455646114367325,0.9172740812986417
2023-03-31,91161,GPRE,GREEN PLAINS INC,10,-0.02,-0.109782,-0.404576054185768,2055.65364,1.7615674067581446,1.2134872281885112
2023-03-31,91531,OC,OWENS CORNING NEW,20,0.02,-0.018848,0.17474084169660925,8876.49609,1.3785493709418741,1.0910718797709913
2023-03-31,91611,FSLR,FIRST SOLAR INC,45,-0.02,0.282279,-0.4185354974600421,18031.84626,1.3773590798674777,1.0669178239818264
2023-03-31,91733,AVAV,AEROVIRONMENT INC,20,-0.02,0.065408,-0.25003097509602273,2166.1353599999998,0.6325648237793583,1.0312770705996595
2023-03-31,92326,CVI,C V R ENERGY,10,0.02,0.044905,0.28286457688018823,3189.8486300000004,1.4601490015552225,0.9659384491155983
2023-03-31,92611,V,VISA INC,45,0.02,0.02146,0.2812745219510181,357392.38276,0.9168200752602711,0.8953358232469202
2023-03-31,92655,UNH,UNITEDHEALTH GROUP INC,35,0.02,-0.007118,0.16866972287614093,443979.20118,0.6406519798578558,0.6019080988075683
2023-03-31,93002,AVGO,BROADCOM INC,45,0.02,0.08366699999999999,0.2939330111923347,247773.76395999998,1.047187005962631,1.0205070265357905
2023-03-31,93263,CELH,CELSIUS HOLDINGS INC,30,-0.01999999999999936,0.01993,-0.4362532523850824,6964.995599999999,1.9671664486754867,1.3966712552615401
2023-04-30,10606,WTS,WATTS WATER TECHNOLOGIES INC,20,0.02,-0.042792,0.36796917535703816,4596.8192,0.9762037113025825,0.9253749154348461
2023-04-30,11370,ENV,ENVESTNET INC,45,-0.02,0.07664,-0.28724295346986645,3169.3534000000004,1.1863749475074565,1.0026536523437657
2023-04-30,11691,MATX,MATSON INC,20,0.02,0.136464,0.25505716798592787,2154.50469,1.1451807846194861,0.9558589663176125
2023-04-30,11995,COKE,COCA COLA CONSOLIDATED INC,30,0.02,0.09895,0.508606608870461,4478.08452,0.8007395674839378,0.6196272700422675
2023-04-30,13116,CIVI,CIVITAS RESOURCES INC,10,0.02,0.006749000000000001,0.3654144155463417,5481.5514,1.6983248608347086,0.8609484997426777
2023-04-30,13600,QLYS,QUALYS INC,45,0.02,-0.135004,0.35680780667588063,4802.02866,0.6398350765253252,0.9220884779476111
2023-04-30,13688,PCG,P G & E CORP,55,-0.02,0.054492000000000006,-0.06244503078276163,32142.483450000003,1.1178351868403327,0.34315722996844883
2023-04-30,13721,ABBV,ABBVIE INC,35,0.009999999999999995,-0.046779999999999995,0.28554676048079747,281989.27800000005,0.5512683594167292,0.4348538685079122
2023-04-30,13748,TPH,TRI POINTE HOMES INC,25,0.02,0.129061,0.3966159902835364,2558.15556,1.398106449545814,1.082168639454705
2023-04-30,13766,BCC,BOISE CASCADE CO,20,0.02,0.07636,0.2918289567366084,2495.8450000000003,1.4724199945057386,1.135927124376795
2023-04-30,13862,TMHC,TAYLOR MORRISON HOME CORP,25,0.02,0.12260199999999999,0.24781170163755917,4143.51974,1.6381589145928628,1.1305756971682872
2023-04-30,13908,PFSI,PENNYMAC FINANCIAL SVCS INC NEW,40,0.02,0.044674000000000005,0.3088118272814842,2982.46713,1.4312341006299836,1.006852605576381
2023-04-30,14167,ISEE,IVERIC BIO INC,35,-0.02,0.348189,-0.6137705741927377,3339.2924999999996,1.0882637993851016,1.1438495187197584
2023-04-30,14317,LGIH,L G I HOMES INC,25,-0.02,0.038191,-0.31815135904845665,2683.46799,1.6193777601778012,1.129239612739379
2023-04-30,14328,AMC,A M C ENTERTAINMENT HOLDINGS INC,50,-0.02,0.094164,-0.43673828370398293,2601.15192,2.1936770961035297,0.7918982173275037
2023-04-30,14432,ITCI,INTRA CELLULAR THERAPIES INC,35,-0.02,0.144098,-0.23579176613477407,5181.072,1.1353108311163738,0.43484647037514196
2023-04-30,14479,IBP,INSTALLED BUILDING PRODUCTS INC,25,0.02,0.086161,0.3188005193282239,3227.73318,1.6491523333069749,1.2469848030423913
2023-04-30,14596,FIVN,FIVE 9 INC,45,-0.02,-0.106697,-0.4422247351007246,5171.91576,0.7374862666267359,1.2513172136899506
2023-04-30,14601,NAVI,NAVIENT CORP,40,0.02,0.030756999999999996,0.3465887674330946,2022.17535,1.4868553542222351,1.0580025464832352
2023-04-30,14617,ARES,ARES MANAGEMENT CORP,40,-0.02,0.046096000000000005,-0.4179545168991079,14687.275679999999,1.2698871974383301,1.3261254765338841
2023-04-30,15067,FRPT,FRESHPET INC,30,-0.02,0.038360000000000005,-0.37931900992587014,3184.33471,0.9703563079740026,1.296230734064967
2023-04-30,15272,SEDG,SOLAREDGE TECHNOLOGIES INC,45,-0.02,-0.063913,-0.5049210537337186,17125.454850000002,1.434680856550101,1.4800187129229776
2023-04-30,15452,EVH,EVOLENT HEALTH INC,35,-0.02,0.118394,-0.40696067345143866,3603.6374000000005,1.575926415953736,0.989211785049654
2023-04-30,16076,GMS,G M S INC,20,0.02,-0.0007030000000000001,0.17204841479247812,2391.14645,1.7965124097021956,1.138897021060495
2023-04-30,16260,MEDP,MEDPACE HOLDINGS INC,35,0.02,0.060651000000000004,0.2673074506847594,5758.8432,1.3676960937795688,1.3399145497495935
2023-04-30,16736,VST,VISTRA CORP,55,-0.02,-0.009472999999999999,-0.39540143234074626,9154.872,0.9101628111929014,0.8080375375010019
2023-04-30,17104,APLS,APELLIS PHARMACEUTICALS INC,35,-0.02,0.26121700000000003,-0.33660007538635517,7663.166839999999,1.2044888004336984,0.8747038544875618
2023-04-30,18011,SONO,SONOS INC,25,-0.02,0.073832,-0.2627842693805754,2517.6776400000003,1.8215678952652916,1.1210675008673963
2023-04-30,18726,CRWD,CROWDSTRIKE HOLDINGS INC,45,-0.02,-0.129022,-0.239770490430121,30600.33262,1.1671487038365829,1.1266278019897444
2023-04-30,18777,KRTX,KARUNA THERAPEUTICS INC,35,-0.02,0.088851,-0.5684549985341543,6792.97272,0.9317108536068367,0.36863977505485696
2023-04-30,18937,CHPT,CHARGEPOINT HOLDINGS INC,20,-0.02,-0.17556,-0.47367759768815176,3577.4314800000006,1.983939782626398,1.3164156372182652
2023-04-30,19880,MTZ,MASTEC INC,20,-0.02,-0.063255,-0.33287263894124053,7441.02204,1.3215795332414546,1.020991490718415
2023-04-30,20765,AJRD,AEROJET ROCKETDYNE HOLDINGS INC,20,-0.02,0.0006329999999999999,-0.11220002512878502,4531.627090000001,0.5604274965325439,0.43531055281198705
2023-04-30,21936,PFE,PFIZER INC,35,0.02,-0.050454,0.2744482137621979,229258.25999999998,0.5603787333743917,0.45292751322694114
2023-04-30,25590,NFG,NATIONAL FUEL GAS CO N J,55,0.009999999999999995,-0.035507,0.3394480043556561,5300.2433,0.6309227060206206,0.5677084126012488
2023-04-30,25785,F,FORD MOTOR CO DEL,25,-0.02,-0.048767,-0.37048205385936256,49333.157999999996,1.5039791952090464,1.2034396687895377
2023-04-30,27887,BAX,BAXTER INTERNATIONAL INC,35,-0.02,0.171902,-0.21855760773966576,20504.012880000002,0.5098706023098035,0.6320769640306164
2023-04-30,28345,MUR,MURPHY OIL CORP,10,0.013627936170362103,-0.010941,0.2292582820287306,5760.115739999999,2.347491777582496,1.0339575937877123
2023-04-30,32651,HL,HECLA MINING CO,15,-0.02,-0.047874,-0.4061649285923692,3847.51326,2.0976394231822004,0.942001320610057
2023-04-30,35991,ROG,ROGERS CORP,45,-0.02,-0.018815,-0.24492189135988612,3040.94201,0.9939554355628483,0.9570780132971228
2023-04-30,40272,IFF,INTERNATIONAL FLAVORS & FRAG INC,15,-0.02,0.050732,-0.22574025212547638,23455.501519999998,1.0222514685263444,0.9047603094049979
2023-04-30,43553,VFC,V F CORP,25,-0.02,0.022549,-0.3845541734723793,8904.13187,1.3809930934138848,1.2759027861088006
2023-04-30,44943,DIOD,DIODES INC,45,0.02,-0.144433,0.1983917577585124,4239.78132,1.4406487944969335,1.3050520402974788
2023-04-30,48144,KLIC,KULICKE & SOFFA INDS INC,45,0.02,-0.099104,0.24339322360430535,2985.04657,1.3593259458875067,1.132197044259866
2023-04-30,49429,DDS,DILLARDS INC,25,0.02,-0.033833999999999996,0.29497005486451394,4022.60832,0.9319246391424867,1.121090957787566
2023-04-30,52476,EFX,EQUIFAX INC,20,-0.02,0.023672,-0.2170289399840851,24995.364680000002,1.3872029400257666,1.0383991884286228
2023-04-30,52978,HAS,HASBRO INC,25,-0.02,0.112397,-0.267663441805922,7441.38031,0.70882269907632,0.8650010137101322
2023-04-30,53613,MU,MICRON TECHNOLOGY INC,45,-0.02,0.065077,-0.40591364074213676,66035.73396,1.406613808447666,1.1827432881926085
2023-04-30,54148,PHM,PULTE GROUP INC,25,0.02,0.148556,0.3115550529798551,13147.793160000001,1.2552677095639813,1.0432098565977046
2023-04-30,56223,LPX,LOUISIANA PACIFIC CORP,15,0.02,0.098371,0.2856514637517277,3890.86854,1.597921284837615,1.2223835710353508
2023-04-30,57568,BALL,BALL CORP,15,-0.02,-0.038660999999999994,-0.21401348578129578,17327.961750000002,0.7232080582317707,0.9750149228977364
2023-04-30,57808,VSH,VISHAY INTERTECHNOLOGY INC,45,0.02,-0.062438,0.25417766051011437,2930.8281600000005,1.2661443528192355,0.9708673422026454
2023-04-30,59328,INTC,INTEL CORP,45,-0.02,-0.052920999999999996,-0.46739540143234076,136266.57,0.825356737334563,1.013097266892983
2023-04-30,60986,NWL,NEWELL BRANDS INC,25,-0.02,-0.026952,-0.32973154081333506,5151.404,0.8954879810860173,0.923118002810436
2023-04-30,61241,AMD,ADVANCED MICRO DEVICES INC,45,-0.009999999999999995,-0.091794,-0.4775516187125685,157698.09,2.047907051466457,1.484420221734338
2023-04-30,62341,PDCE,P D C ENERGY INC,10,0.0163720638296379,0.009916000000000001,0.2630564978849939,5614.594760000001,2.496992872148368,0.9947450748908273
2023-04-30,64194,CHE,CHEMED CORP NEW,35,0.02,0.021464999999999998,0.27536960254638354,8038.287,0.5003622500303296,0.5013878180990847
2023-04-30,66384,WDC,WESTERN DIGITAL CORP,45,-0.02,-0.089385,-0.45899819910373996,12054.400000000001,1.6486939118848578,1.196877311629253
2023-04-30,69649,RJF,RAYMOND JAMES FINANCIAL INC,40,-0.02,-0.033017,-0.3169996230682246,20085.88104,1.0222146170040343,0.9457009725631497
2023-04-30,72726,STT,STATE STREET CORP,40,0.009078221748423456,-0.048956,0.14294090547388702,26073.61551,1.5007433212601653,1.0857526181221924
2023-04-30,76226,PARA,PARAMOUNT GLOBAL,50,-0.02,0.042079000000000005,-0.4378690790300289,13609.099999999999,1.6644109695496827,1.1570986019764904
2023-04-30,76504,CATY,CATHAY GENERAL BANCORP,40,0.0009217782515765526,-0.080407,0.354232106210998,2498.9373200000005,1.1456131600525137,0.7868382637271393
2023-04-30,76573,MLI,MUELLER INDUSTRIES INC,20,0.02,-0.025823000000000002,0.26938057544917704,4190.197,1.0729239131952304,0.9904448030643148
2023-04-30,76661,IONS,IONIS PHARMACEUTICALS INC,35,-0.02,-0.013992999999999998,-0.4706412028311765,5111.64202,0.5543218154260141,0.7450739027188765
2023-04-30,76721,CRVL,CORVEL CORP,35,0.02,0.058111,0.32694643380659205,3267.1076000000003,1.0396913067695084,0.6470589933491169
2023-04-30,76837,HAE,HAEMONETICS CORP MASS,35,0.02,0.007961,0.24092222641035307,4174.572,0.4843523255795344,0.583181849553632
2023-04-30,76841,BIIB,BIOGEN INC,35,0.02,0.090594,0.20046488252293004,40242.618259999996,0.20675310166303318,0.7247550107667136
2023-04-30,78987,MCHP,MICROCHIP TECHNOLOGY INC,45,0.02,-0.13243,0.19613016710642045,45698.6388,1.5446928836993148,1.321724472510781
2023-04-30,79299,PZZA,PAPA JOHNS INTL INC,25,-0.02,-0.005508,-0.035599112116262516,2424.43508,1.0342395360183732,0.5664593460666854
2023-04-30,79698,IT,GARTNER INC,45,0.02,-0.07519400000000001,0.24418896846337476,25755.701970000002,1.2378066682781366,0.9329537236089454
2023-04-30,79758,BYD,BOYD GAMING CORP,25,0.02,0.078706,0.2694433974117351,6541.009440000001,1.7934711950942632,0.961050284680248
2023-04-30,79785,NVR,N V R INC,25,0.02,0.044422,0.4461615780876995,18104.045309999998,0.934411666038103,0.8390729431055497
2023-04-30,79841,FWRD,FORWARD AIR CORP,20,0.02,-0.02452,0.27122335301754835,2807.47128,1.0700952065134646,0.9418589695691972
2023-04-30,80415,EXP,EAGLE MATERIALS INC,15,0.02,0.0063089999999999995,0.26255392218452905,5290.631,1.257712806469309,1.0003248801299787
2023-04-30,84319,LAD,LITHIA MOTORS INC,25,-0.02,-0.038759999999999996,-0.2840180927252168,6258.488340000001,1.38900177845543,1.022524486118703
2023-04-30,84385,NSP,INSPERITY INC,20,0.02,0.0038469999999999997,0.3788164342254052,4600.910599999999,1.2195209744443924,0.7161823782546274
2023-04-30,84519,CIEN,CIENA CORP,45,-0.02,-0.127022,-0.2764166352556854,7833.8832,0.9753898592133925,0.9858881894845095
2023-04-30,84761,TTWO,TAKE TWO INTERACTIVE SOFTWR INC,50,-0.02,0.038187000000000006,-0.3787326716086611,20149.77,0.6765201002773213,0.7355229224403433
2023-04-30,84788,AMZN,AMAZON COM INC,25,-0.01999999999999938,0.017272,-0.37864890899191694,1059548.82,1.2322844075775383,1.316290002757265
2023-04-30,85002,SRPT,SAREPTA THERAPEUTICS INC,35,-0.02,-0.112905,-0.38604095991958787,12836.659220000001,1.064258437837225,0.7134313487914469
2023-04-30,85710,POWI,POWER INTEGRATIONS INC,45,0.02,-0.143763,0.14038614566319055,4841.915840000001,1.170196746908781,1.169385965429413
2023-04-30,85738,MRCY,MERCURY SYSTEMS INC,20,-0.02,-0.07112800000000001,-0.2139716044729237,2897.17488,0.9589020983115474,0.8439508997265428
2023-04-30,85753,VRSN,VERISIGN INC,45,0.02,0.045903,0.24002177828035348,22047.636240000003,0.9644254335427133,0.9373626550342136
2023-04-30,85992,MANH,MANHATTAN ASSOCIATES INC,45,0.02,0.066299,0.27074171797126945,9604.88095,1.5650153351750435,1.20475916230152
2023-04-30,86047,AMKR,AMKOR TECHNOLOGY INC,45,0.02,-0.14391700000000002,0.04736775976881517,6389.0809,1.7174941573676452,1.2234167479318614
2023-04-30,86783,BKNG,BOOKING HOLDINGS INC,25,0.02,0.009141,0.23313230305314736,98701.48092,1.258517530475467,1.069150774956193
2023-04-30,87179,NTCT,NETSCOUT SYSTEMS INC,45,0.02,-0.053902,0.30007957448590694,2041.2838499999998,0.6835951508713882,0.7959235912671384
2023-04-30,88351,INSM,INSMED INC,35,-0.02,0.14005499999999999,-0.5232231854923148,2326.11445,1.6088169993546741,1.1333366632580606
2023-04-30,89301,GME,GAMESTOP CORP NEW,25,-0.02,-0.16567300000000001,-0.18277002973572895,7013.6185000000005,1.3600255141065745,0.5770432750603908
2023-04-30,89393,NFLX,NETFLIX INC,50,-0.010000000000000002,-0.04865,-0.4668509444235038,153578.64276,1.2821294409520452,1.4054302373478351
2023-04-30,89792,CVCO,CAVCO INDUSTRIES INC DEL,25,0.02,-0.058779,0.2109980315785065,2753.2171,1.1910344794918046,1.1313595404625711
2023-04-30,89916,NXST,NEXSTAR MEDIA GROUP INC,50,0.02,0.0009350000000000001,0.26933869414080486,6212.99744,1.4702670618959903,0.938216259814968
2023-04-30,89946,AEL,AMERICAN EQUITY INVT LIFE HLDG C,40,0.02,0.05254,0.16463542321062108,3093.6222000000002,0.8736567440177087,1.1619487185966937
2023-04-30,90071,NRG,N R G ENERGY INC,55,-0.02,0.003869,-0.3004565062612556,7878.95046,1.0002431226714465,0.8698742571513421
2023-04-30,90126,CYTK,CYTOKINETICS INC,35,-0.02,0.059162,-0.5362273317418436,3365.60679,0.7812166428921212,0.7908354949439005
2023-04-30,90505,LVS,LAS VEGAS SANDS CORP,25,-0.02,0.107761,-0.32443355530426776,43907.483850000004,1.1169209305396899,1.117423756599512
2023-04-30,90634,AX,AXOS FINANCIAL INC,40,0.02,0.09793099999999999,0.12489006156552328,2215.23692,1.46862854588221,1.2137784834977927
2023-04-30,90829,CF,C F INDUSTRIES HOLDINGS INC,15,0.02,-0.016194,0.25019893621476724,14191.222319999999,1.018214953531554,0.9031237735528602
2023-04-30,91531,OC,OWENS CORNING NEW,20,0.02,0.111287,0.1990618586924655,8695.8618,1.3786176867588142,1.053888745534442
2023-04-30,91594,SPR,SPIRIT AEROSYSTEMS HOLDINGS INC,20,-0.02,-0.14178100000000002,-0.4212840809146878,3634.2825000000003,1.6402160078457793,1.3697293493540679
2023-04-30,91611,FSLR,FIRST SOLAR INC,45,-0.02,-0.164192,-0.4808393014197764,23234.4375,1.41984782225571,1.0849978465236916
2023-04-30,92655,UNH,UNITEDHEALTH GROUP INC,35,0.02,0.037622,0.2315408133350086,440854.16373,0.6304753753200103,0.5952415592404358
2023-04-30,93002,AVGO,BROADCOM INC,45,0.02,-0.027084,0.2380114754784939,267473.42296,1.0508613238708255,1.0124240950336452
2023-04-30,93356,SPSC,S P S COMMERCE INC,45,0.02,-0.036469999999999995,0.26427105582778404,5563.9759,0.8145814982777858,0.9998160254792439
2023-05-31,10606,WTS,WATTS WATER TECHNOLOGIES INC,20,0.02,-0.021717,0.3052653660583176,4416.846299999999,0.9757900858717563,0.9444870729340057
2023-05-31,11370,ENV,ENVESTNET INC,45,-0.02,-0.178007,-0.33238934340255927,3423.7876,1.183340466915177,0.9950389741223121
2023-05-31,11990,KKR,K K R & CO INC,40,-0.009999999999999995,-0.030233999999999997,-0.39557373610237045,45699.00156,1.459076492970213,1.4727952840535945
2023-05-31,11995,COKE,COCA COLA CONSOLIDATED INC,30,0.02,0.118959,0.4165093350115377,4933.19074,0.7978705772271906,0.6316385683398156
2023-05-31,13116,CIVI,CIVITAS RESOURCES INC,10,0.02,-0.036247,0.3554017201594294,5538.500499999999,1.7007187615333668,0.8999844603154185
2023-05-31,13600,QLYS,QUALYS INC,45,0.02,0.114277,0.3912313824208097,4167.03424,0.6437957653116041,0.9471227290860409
2023-05-31,13688,PCG,P G & E CORP,55,-0.02,-0.013598,-0.01527165932452275,34011.00135,1.1181714325408447,0.3327994874120588
2023-05-31,13748,TPH,TRI POINTE HOMES INC,25,0.02,0.014818,0.14038179148311308,2870.81064,1.3967783781737697,1.0959553723920934
2023-05-31,13766,BCC,BOISE CASCADE CO,20,0.02,0.049917,0.22555066079295152,2695.5126,1.4730071619605458,1.136086974404393
2023-05-31,13862,TMHC,TAYLOR MORRISON HOME CORP,25,0.02,-0.018979,0.2106565974407384,4701.67917,1.636215771458695,1.1453565318682437
2023-05-31,14167,ISEE,IVERIC BIO INC,35,-0.02,0.144103,-0.5981120201384519,4514.1525,1.0763056876937953,1.175871992298574
2023-05-31,14317,LGIH,L G I HOMES INC,25,-0.02,-0.046002,-0.3242920075519194,2795.7204,1.6179849728644833,1.1506916431541223
2023-05-31,14328,AMC,A M C ENTERTAINMENT HOLDINGS INC,50,-0.02,-0.18548,-0.4401090832808895,2855.556,2.19795757174386,0.8414900020850696
2023-05-31,14432,ITCI,INTRA CELLULAR THERAPIES INC,35,-0.02,-0.048232,-0.2098174952800503,5946.512000000001,1.1270963206981357,0.4405882824317625
2023-05-31,14479,IBP,INSTALLED BUILDING PRODUCTS INC,25,0.02,-0.162429,0.2456891126494651,3517.58662,1.6462069951046472,1.2803808664697764
2023-05-31,14596,FIVN,FIVE 9 INC,45,-0.02,0.015925,-0.4402559261590099,4638.91296,0.7390687106532723,1.275519236053513
2023-05-31,14601,NAVI,NAVIENT CORP,40,0.02,-0.087701,0.36945668135095444,2091.7311,1.4865057559760018,1.0666854993564008
2023-05-31,14617,ARES,ARES MANAGEMENT CORP,40,-0.02,-0.00937,-0.3283196979232222,15417.76698,1.2696874976502932,1.3278421622441905
2023-05-31,15067,FRPT,FRESHPET INC,30,-0.002557622568016964,-0.137198,-0.3650513950073421,3318.07773,0.9751872196940569,1.3325417265997173
2023-05-31,15272,SEDG,SOLAREDGE TECHNOLOGIES INC,45,-0.02,-0.006463,-0.5052443885043003,16093.251090000002,1.4357215650367665,1.540756394135039
2023-05-31,15831,AXSM,AXSOME THERAPEUTICS INC,35,-0.01420077358115848,0.027792999999999998,-0.4950283196979232,3115.05997,1.886546408549711,1.1236861818748713
2023-05-31,16076,GMS,G M S INC,20,0.02,0.087106,0.2031885882106146,2398.1683000000003,1.7970171185264783,1.1751382227645792
2023-05-31,16260,MEDP,MEDPACE HOLDINGS INC,35,0.02,0.030463999999999998,0.15087056849171385,6104.06986,1.3679402890341545,1.367644744831516
2023-05-31,16597,AYX,ALTERYX INC,45,-0.02,-0.056908,-0.40184602475351383,2573.21619,0.5968402862682933,1.285774601530035
2023-05-31,16631,VRRM,VERRA MOBILITY CORP,20,0.02,0.036456,0.228928046989721,2549.1443999999997,1.1926929986516872,0.9112549659211193
2023-05-31,16632,HLNE,HAMILTON LANE INC,40,0.02,-0.081974,0.22731277533039648,2844.9321600000003,1.0449303159139276,1.0369369016001753
2023-05-31,16736,VST,VISTRA CORP,55,-0.02,0.0009480000000000005,-0.28206419131529264,9101.468579999999,0.9130987351038172,0.8308532482404271
2023-05-31,17104,APLS,APELLIS PHARMACEUTICALS INC,35,-0.02,0.025344000000000002,-0.40258023914411567,9692.813970000001,1.2015767118554483,0.9038616276105158
2023-05-31,17221,LBRT,LIBERTY ENERGY INC,10,0.02,-0.087191,0.28737151248164466,2255.99472,2.133751072608362,1.103552616168788
2023-05-31,18011,SONO,SONOS INC,25,-0.02,-0.316339,-0.29798615481434865,2712.72708,1.8204213858588898,1.1427741199229517
2023-05-31,18420,FOXA,FOX CORP,50,0.02,-0.065598,0.30803440318858827,8998.127139999999,0.8427517389352154,0.7297400170355796
2023-05-31,18726,CRWD,CROWDSTRIKE HOLDINGS INC,45,-0.02,0.330199,-0.23941682399832173,26905.966149999997,1.1724427861380275,1.155194080937881
2023-05-31,18777,KRTX,KARUNA THERAPEUTICS INC,35,-0.02,0.137993,-0.5627019089574156,7430.387360000001,0.9313257389122624,0.3819479428567126
2023-05-31,18937,CHPT,CHARGEPOINT HOLDINGS INC,20,-0.02,0.111678,-0.4716593245227606,3038.77431,1.988358086509151,1.3364949770267343
2023-05-31,19393,BMY,BRISTOL MYERS SQUIBB CO,35,0.017442377431982417,-0.038558,0.30245437382001267,140273.55419,0.4101850397156705,0.38801226225465896
2023-05-31,19880,MTZ,MASTEC INC,20,-0.02,0.137651,-0.3118942731277533,6997.42871,1.3209143639382104,1.0519705109922197
2023-05-31,20765,AJRD,AEROJET ROCKETDYNE HOLDINGS INC,20,-0.02,-0.037876,-0.13463394168239987,4550.98957,0.5602438595465503,0.4177847902462102
2023-05-31,21936,PFE,PFIZER INC,35,0.02,-0.015367,0.2745542269771345,218525.82675,0.562234307831879,0.4474188190236439
2023-05-31,25590,NFG,NATIONAL FUEL GAS CO N J,55,0.009999999999999995,-0.092929,0.34445143696245023,5131.3405,0.6315428460801016,0.5737659491878371
2023-05-31,25785,F,FORD MOTOR CO DEL,25,-0.02,0.006439,-0.3629746171596392,46514.1204,1.5057410047947384,1.2404014780490678
2023-05-31,27887,BAX,BAXTER INTERNATIONAL INC,35,-0.02,-0.149635,-0.3239983217956786,24118.928,0.5084050576731142,0.6347516776069245
2023-05-31,32651,HL,HECLA MINING CO,15,-0.02,-0.121637,-0.38153975246486255,3677.3231,2.100832772078747,0.9559700029691129
2023-05-31,35991,ROG,ROGERS CORP,45,-0.009999999999999995,-0.025283999999999997,-0.11613173903922802,2994.7966499999998,0.9911698693501282,0.9967746741648331
2023-05-31,40272,IFF,INTERNATIONAL FLAVORS & FRAG INC,15,-0.02,-0.206529,-0.165554856303755,24730.81152,1.022183136622326,0.9219540760033947
2023-05-31,43350,SWK,STANLEY BLACK & DECKER INC,20,-0.02,-0.135351,-0.4869519614013006,13212.09216,1.2508777262914648,1.3458654525052216
2023-05-31,44943,DIOD,DIODES INC,45,0.02,0.12356500000000001,0.3042164883574575,3642.8479,1.4416306663310263,1.3032426349747843
2023-05-31,48144,KLIC,KULICKE & SOFFA INDS INC,45,0.02,0.105864,0.28370044052863436,2696.7457799999997,1.3587970891900931,1.1340177638699118
2023-05-31,49429,DDS,DILLARDS INC,25,0.02,-0.08101,0.2402349486049927,3901.1508599999997,0.930262214633981,1.1269178355381815
2023-05-31,50017,RRC,RANGE RESOURCES CORP,10,0.010000000000000009,0.031121000000000003,0.36803020767778477,6382.0147,2.2183489392598768,0.820973210630849
2023-05-31,52476,EFX,EQUIFAX INC,20,-0.02,-0.000631,-0.2673799035032515,25556.55672,1.3852734940139062,1.0386622793174152
2023-05-31,52978,HAS,HASBRO INC,25,-0.02,-0.001467,-0.3245647157541431,8208.42498,0.7080890253684938,0.9597913228996854
2023-05-31,53613,MU,MICRON TECHNOLOGY INC,45,-0.02,0.056002,-0.4234319278372142,70435.19784,1.4019107593547853,1.231024638133755
2023-05-31,54253,MSA,M S A SAFETY INC,20,0.02,0.060014,0.3300818124606671,5087.886750000001,0.912618895716624,0.7462492834178399
2023-05-31,56223,LPX,LOUISIANA PACIFIC CORP,15,0.02,-0.020331,0.18477029578351165,4287.77876,1.5954143990668086,1.2418932859519736
2023-05-31,57568,BALL,BALL CORP,15,-0.02,-0.037885,-0.2514998951122299,16721.1215,0.7242046235091101,1.0022844040429428
2023-05-31,57808,VSH,VISHAY INTERTECHNOLOGY INC,45,0.02,0.207235,0.31214600377595975,2758.50272,1.2659243997962775,0.979958244441199
2023-05-31,59328,INTC,INTEL CORP,45,-0.02,0.012623,-0.48120411160058735,129551.26,0.8262134299665308,1.0263124871504927
2023-05-31,60986,NWL,NEWELL BRANDS INC,25,-0.02,-0.314277,-0.3343612334801761,5031.3150000000005,0.8982912069483651,0.95971390219895
2023-05-31,62341,PDCE,P D C ENERGY INC,10,0.02,0.051219,0.25890497168030213,5689.0127999999995,2.499324245297273,1.032733683689728
2023-05-31,64194,CHE,CHEMED CORP NEW,35,0.02,-0.034693,0.32745961820851693,8240.085000000001,0.5035281391978056,0.4981031814809888
2023-05-31,66384,WDC,WESTERN DIGITAL CORP,45,-0.02,0.120902,-0.5269351793580869,11018.63028,1.6464386830669981,1.2590273941725831
2023-05-31,69649,RJF,RAYMOND JAMES FINANCIAL INC,40,-0.02,-0.0056500000000000005,-0.18032305433186496,19495.81656,1.022935062792882,0.9441138100995862
2023-05-31,76226,PARA,PARAMOUNT GLOBAL,50,-0.02,-0.351712,-0.4519823788546256,14231.3,1.6624273400120066,1.1987337298554233
2023-05-31,76504,CATY,CATHAY GENERAL BANCORP,40,0.02,-0.076076,0.34461925739458776,2311.7223200000003,1.1472742540137335,0.8226162467172213
2023-05-31,76573,MLI,MUELLER INDUSTRIES INC,20,0.02,0.029880000000000004,0.20562198447660998,4095.0907499999994,1.0744164337006334,0.9892925268873851
2023-05-31,76661,IONS,IONIS PHARMACEUTICALS INC,35,-0.02,0.15268500000000002,-0.5061254457730228,5061.16404,0.5539262100443952,0.7608012877770495
2023-05-31,76721,CRVL,CORVEL CORP,35,0.02,-0.036281,0.3755821271239773,3468.8551,1.0374852200996008,0.6267418618196976
2023-05-31,76837,HAE,HAEMONETICS CORP MASS,35,0.02,0.0069700000000000005,0.2730857981959304,4223.002079999999,0.48602642619815395,0.5885137756532111
2023-05-31,76841,BIIB,BIOGEN INC,35,0.02,-0.029366,0.14336060415355573,44034.85866,0.20483730545269418,0.749018727320581
2023-05-31,77366,MODG,TOPGOLF CALLAWAY BRANDS CORP,25,-0.02,-0.233703,-0.36620516047828827,4108.12317,1.7573669089327737,1.136099657559345
2023-05-31,78987,MCHP,MICROCHIP TECHNOLOGY INC,45,0.02,0.032510000000000004,0.2528214810153136,39813.1254,1.544888612340739,1.329088077834982
2023-05-31,79299,PZZA,PAPA JOHNS INTL INC,25,-0.02,-0.061102,0.02536186280679673,2442.34224,1.0366472045964532,0.5748073963262867
2023-05-31,79698,IT,GARTNER INC,45,0.02,0.129909,0.263478078456052,23912.79006,1.2400993966868077,0.9513264521956691
2023-05-31,79758,BYD,BOYD GAMING CORP,25,0.02,-0.085362,0.2594923431927837,7079.6328,1.7930163766703278,0.9679059971080393
2023-05-31,80415,EXP,EAGLE MATERIALS INC,15,0.02,0.095657,0.2561359345500315,5343.26692,1.256449488635093,1.0179188217180162
2023-05-31,83601,WOR,WORTHINGTON INDUSTRIES INC,15,0.02,-0.058553,0.2554856303754982,2954.94945,1.2130521888643413,1.2204623944569237
2023-05-31,84319,LAD,LITHIA MOTORS INC,25,-0.02,0.054887,-0.33238934340255927,6038.69082,1.388334950468956,1.0577059405486464
2023-05-31,84519,CIEN,CIENA CORP,45,-0.02,0.011542,-0.2092511013215859,6867.3264,0.9776794345200306,1.0109495928894099
2023-05-31,84761,TTWO,TAKE TWO INTERACTIVE SOFTWR INC,50,-0.02,0.104472,-0.3558212712397734,20992.581000000002,0.6762718382757683,0.7364937398290154
2023-05-31,85002,SRPT,SAREPTA THERAPEUTICS INC,35,-0.02,0.0030989999999999998,-0.3302076777847703,11435.90273,1.0672515258375845,0.731367343077512
2023-05-31,85710,POWI,POWER INTEGRATIONS INC,45,0.02,0.186029,0.23526326830291586,4163.45268,1.1727504397289659,1.1600482579720421
2023-05-31,85738,MRCY,MERCURY SYSTEMS INC,20,-0.02,-0.15218299999999998,-0.16037340046150625,2773.9173,0.9506884047735108,0.8887462121475246
2023-05-31,85992,MANH,MANHATTAN ASSOCIATES INC,45,0.02,0.09134,0.21569121040486677,10276.63336,1.564326482045794,1.2540548971279692
2023-05-31,86047,AMKR,AMKOR TECHNOLOGY INC,45,0.02,0.104072,0.13079504929725191,5494.98917,1.715039776198147,1.2451703208467833
2023-05-31,86783,BKNG,BOOKING HOLDINGS INC,25,0.02,-0.069753,0.23620725823368996,99216.17353999999,1.259666289342738,1.0739210253321056
2023-05-31,88351,INSM,INSMED INC,35,-0.02,-0.027764999999999998,-0.5587581288021817,2660.3655,1.6082834823505512,1.1805143882293672
2023-05-31,89301,GME,GAMESTOP CORP NEW,25,-0.02,0.243098,-0.05586322634780784,5877.1807499999995,1.364838002134598,0.593162731017882
2023-05-31,89393,NFLX,NETFLIX INC,50,-0.010000000000000002,0.19425900000000001,-0.3186490455212922,146667.41213,1.2847421329653659,1.1819043083996938
2023-05-31,89397,VRNT,VERINT SYSTEMS INC,45,0.02,-0.020378999999999998,0.225802391441158,2345.7961400000004,0.9699612061891606,0.9861845130100373
2023-05-31,89792,CVCO,CAVCO INDUSTRIES INC DEL,25,0.02,-0.174337,0.10497168030207674,2601.4063,1.191572382232558,1.1720323480924923
2023-05-31,89810,GPK,GRAPHIC PACKAGING HOLDING CO,15,0.002557622568016964,-0.034481,0.3031676106565975,7573.62852,0.9391176298760905,0.7741116108563177
2023-05-31,89916,NXST,NEXSTAR MEDIA GROUP INC,50,0.02,-0.126082,0.36070904132578135,6236.74165,1.468285755573299,0.9721231232216991
2023-05-31,89946,AEL,AMERICAN EQUITY INVT LIFE HLDG C,40,0.02,0.019950000000000002,0.23968953220054537,3267.4211999999998,0.8733721694445195,1.1912536631482071
2023-05-31,90071,NRG,N R G ENERGY INC,55,-0.02,-0.014783000000000001,-0.2324312985105937,7851.37758,1.0005985629687941,0.8831435383399507
2023-05-31,90126,CYTK,CYTOKINETICS INC,35,-0.02,0.004092,-0.5315921963499056,3576.9734,0.7840922905007518,0.8072590940942153
2023-05-31,90634,AX,AXOS FINANCIAL INC,40,0.02,-0.073738,0.09234319278372143,2404.1257100000003,1.4665111058575149,1.2652022116293564
2023-05-31,91161,GPRE,GREEN PLAINS INC,10,-0.02,-0.154964,-0.38737151248164464,2033.5592100000001,1.7403284609335121,1.2150667996311497
2023-05-31,91531,OC,OWENS CORNING NEW,20,0.02,-0.008156,0.10912523599748268,9624.54229,1.3710529467295067,1.087841930689204
2023-05-31,91611,FSLR,FIRST SOLAR INC,45,-0.02,0.10796,-0.28756031046779945,19504.29108,1.4229709669967452,1.1452214888905428
2023-05-31,91832,MDGL,MADRIGAL PHARMACEUTICALS INC,35,-0.013241603850823938,-0.111322,-0.5668135095447872,5704.296,-0.11752873208483716,1.2825053867302072
2023-05-31,91915,CNK,CINEMARK HOLDINGS INC,50,-0.02,-0.055202,-0.30341934130480386,2032.3688799999998,2.2798683178187424,0.9643992060450134
2023-05-31,92655,UNH,UNITEDHEALTH GROUP INC,35,0.02,-0.013518,0.17193203272498425,459044.68022999994,0.6325868894680338,0.6196971506858887
2023-05-31,93002,AVGO,BROADCOM INC,45,0.02,0.285979,0.3249423117264527,259371.0,1.0505027427729512,1.0131989545405335
2023-05-31,93132,FTNT,FORTINET INC,45,0.02,0.080081,0.23398363750786658,49452.637,1.138681447660536,1.1879268791168733
2023-05-31,93356,SPSC,S P S COMMERCE INC,45,0.02,0.054043,0.2654080134256346,5381.3109,0.8171019194952303,1.0259281877520825
2023-06-30,10606,WTS,WATTS WATER TECHNOLOGIES INC,20,0.02,0.155468,0.20728291316526612,4342.7976,0.9767291946852827,0.9797221932295553
2023-06-30,10693,EHC,ENCOMPASS HEALTH CORP,35,0.02,0.090085,0.24149053560818265,6216.63672,1.028258740669403,0.8116152421970021
2023-06-30,11370,ENV,ENVESTNET INC,45,-0.02,0.130071,-0.25978270095917155,2846.96132,1.19492738311986,0.9871120638214735
2023-06-30,12570,ITT,I T T INC,20,0.02,0.223895,0.2637721755368814,6275.584,1.375881360048059,1.1255425412130575
2023-06-30,13600,QLYS,QUALYS INC,45,0.02,0.01897,0.2886851710381122,4658.488960000001,0.6399661618485559,0.9620219762298639
2023-06-30,13688,PCG,P G & E CORP,55,-0.02,0.015993,-0.02711993888464475,33808.479320000006,1.1266023797853433,0.33919308850249424
2023-06-30,13748,TPH,TRI POINTE HOMES INC,25,0.02,0.120879,0.20269926152279094,2923.86258,1.3997556717732929,1.123296743314409
2023-06-30,13766,BCC,BOISE CASCADE CO,20,0.02,0.253928,0.156692980222392,2843.3538,1.461700711663459,1.1422236097080578
2023-06-30,13862,TMHC,TAYLOR MORRISON HOME CORP,25,0.02,0.145345,0.29466938290467704,4629.66459,1.6511040662106884,1.1655052061959745
2023-06-30,14167,ISEE,IVERIC BIO INC,35,-0.02,0.038041,-0.5640437993379172,5201.308249999999,1.0783715817596031,1.2245386089735948
2023-06-30,14329,ARMK,ARAMARK,25,-0.02,0.08634800000000001,-0.3176300823359646,10288.843319999998,1.597340220924758,0.8114351829314533
2023-06-30,14432,ITCI,INTRA CELLULAR THERAPIES INC,35,-0.02,0.062273999999999996,-0.07308377896613191,5696.0858800000005,1.105130713654519,0.40795589500875695
2023-06-30,14479,IBP,INSTALLED BUILDING PRODUCTS INC,25,0.02,0.340348,0.22718784483490362,2969.4587,1.652508724898781,1.3622945653898315
2023-06-30,14596,FIVN,FIVE 9 INC,45,-0.02,0.243086,-0.40972752737458623,4705.44536,0.7241286547207199,1.366345236564739
2023-06-30,14617,ARES,ARES MANAGEMENT CORP,40,-0.0016792714336671777,0.11119,-0.2562176385705798,15543.91029,1.2753963950161469,1.364286095933494
2023-06-30,15067,FRPT,FRESHPET INC,30,-0.02,0.09716,-0.4190221543162719,2875.71096,0.970556566888563,1.2627528379881787
2023-06-30,15119,WK,WORKIVA INC,45,-0.02,0.045478000000000005,-0.3827985739750445,4798.9287,1.2053018996741938,1.3804120345984046
2023-06-30,15332,CWEN,CLEARWAY ENERGY INC,55,0.013040762343688837,-0.009995,0.32841015193956374,2366.94978,0.715426683203949,0.6439153823099756
2023-06-30,15490,LITE,LUMENTUM HOLDINGS INC,45,-0.02,0.068323,-0.3735676088617265,3634.23,1.0653163202638114,1.04279703784059
2023-06-30,16076,GMS,G M S INC,20,0.02,0.088611,0.2358882947118241,2615.8456499999998,1.8030217497595025,1.2499108539602097
2023-06-30,16260,MEDP,MEDPACE HOLDINGS INC,35,0.02,0.156332,0.23503947033358802,6312.37803,1.3601100748595905,1.4354088019344402
2023-06-30,16432,GT,GOODYEAR TIRE & RUBBER CO,25,-0.02,-0.007719999999999999,-0.4771878448349036,3891.46644,1.749041189096626,1.4485747705640204
2023-06-30,16597,AYX,ALTERYX INC,45,-0.02,0.161818,-0.4180460062813004,2436.20322,0.5934280540252814,1.3228191685410688
2023-06-30,16736,VST,VISTRA CORP,55,-0.0030407623436888424,0.09998800000000001,-0.10281385281385282,8941.45719,0.9080716674722044,0.8483563663518224
2023-06-30,17104,APLS,APELLIS PHARMACEUTICALS INC,35,-0.02,0.057075,-0.3963585434173669,9997.833449999998,1.2222198622000728,0.937112478426029
2023-06-30,17929,UGI,U G I CORP NEW,55,-0.02,-0.026777000000000002,-0.30303030303030304,5854.90416,1.0244269522109906,0.7738229268255197
2023-06-30,17949,BE,BLOOM ENERGY CORP,20,-0.02,0.187613,-0.5418046006281301,2646.1078,3.0055239607938082,1.5749958609911343
2023-06-30,18542,CAT,CATERPILLAR INC,20,0.02,0.191791,0.26035565741448097,106034.497,1.0439062110957436,0.9007402799767231
2023-06-30,18726,CRWD,CROWDSTRIKE HOLDINGS INC,45,-0.02,-0.086886,-0.2178083354553943,35890.25716,1.1552044470002878,1.1131075362671108
2023-06-30,18777,KRTX,KARUNA THERAPEUTICS INC,35,-0.02,-0.046894,-0.45721925133689834,8482.9382,0.9281668335419604,0.3993665107536062
2023-06-30,18779,MORF,MORPHIC HOLDING INC,35,-0.02,-0.007035,-0.41698497580850524,2632.0625,1.1485541283913498,0.9326365894396181
2023-06-30,18937,CHPT,CHARGEPOINT HOLDINGS INC,20,-0.02,-0.095081,-0.4901324166030049,3416.1402399999997,1.9840314648554143,1.35305002012539
2023-06-30,19880,MTZ,MASTEC INC,20,-0.02,0.159793,-0.3432645785586962,7993.1482399999995,1.3145265569771354,1.1371422444343091
2023-06-30,20765,AJRD,AEROJET ROCKETDYNE HOLDINGS INC,20,-0.02,0.0030810000000000004,-0.08369408369408371,4399.75032,0.5613042025142266,0.4375877034471826
2023-06-30,27887,BAX,BAXTER INTERNATIONAL INC,35,-0.02,0.12265200000000001,-0.23932603344368047,20584.89656,0.5119875476491406,0.6877852232437287
2023-06-30,32651,HL,HECLA MINING CO,15,-0.02,-0.037849,-0.32459044223750105,3265.3552099999997,2.1141092873944043,0.9981172302144219
2023-06-30,32707,HP,HELMERICH & PAYNE INC,10,0.02,0.14391400000000001,0.23270520329343855,3167.8248,1.688117512378316,1.3878727930161114
2023-06-30,40272,IFF,INTERNATIONAL FLAVORS & FRAG INC,15,-0.02,0.03648,-0.2161743485272897,19715.98339,1.044212909004717,1.0047638152476708
2023-06-30,43350,SWK,STANLEY BLACK & DECKER INC,20,-0.02,0.258275,-0.4479034037857567,11481.13071,1.258882641456743,1.4068889799897777
2023-06-30,44943,DIOD,DIODES INC,45,0.02,0.025418999999999997,0.0851370851370851,4107.4848,1.4231889679598793,1.383179263603194
2023-06-30,45306,IDCC,INTERDIGITAL INC,45,0.02,0.158615,0.22922502334267042,2220.6556800000003,1.1744055060031886,1.1988725418567787
2023-06-30,48144,KLIC,KULICKE & SOFFA INDS INC,45,0.02,0.123944,0.19658772599949073,2992.1090400000003,1.354673778971121,1.194888810213083
2023-06-30,48653,HUM,HUMANA INC,35,0.02,-0.111374,0.2736185383244207,62706.14715,0.698406749281243,0.6156507349328627
2023-06-30,49429,DDS,DILLARDS INC,25,0.02,0.181774,0.1382310499957559,3599.40294,0.9306839255967047,1.0719138994151605
2023-06-30,52476,EFX,EQUIFAX INC,20,-0.02,0.12381,-0.20441813088871916,25585.991280000002,1.3874522403694207,1.0897824505709108
2023-06-30,52978,HAS,HASBRO INC,25,-0.02,0.087245,-0.1978609625668449,8226.444150000001,0.710565491395918,0.9940484187572272
2023-06-30,53110,BMI,BADGER METER INC,45,0.02,0.066206,0.22956455309396487,4041.65905,0.885870240700417,0.9544562836477752
2023-06-30,53613,MU,MICRON TECHNOLOGY INC,45,-0.02,-0.078711,-0.4199558611323317,74637.6708,1.3791115787052495,1.322964787259061
2023-06-30,56223,LPX,LOUISIANA PACIFIC CORP,15,0.02,0.27719299999999997,0.09061200237670827,4215.956360000001,1.5980342633864324,1.2402975241097576
2023-06-30,57568,BALL,BALL CORP,15,-0.02,0.133725,-0.31835158305746536,16092.275679999999,0.7351429005372959,1.0656474952647181
2023-06-30,57808,VSH,VISHAY INTERTECHNOLOGY INC,45,0.02,0.140456,0.10084033613445377,3289.1413,1.2421079464128193,1.1507768394902482
2023-06-30,59328,INTC,INTEL CORP,45,-0.02,0.059535000000000005,-0.5731262201850438,131136.24000000002,0.8193680139539516,1.1189096498462232
2023-06-30,60986,NWL,NEWELL BRANDS INC,25,-0.02,0.042853,-0.3950004244121891,3441.1710000000003,0.92383952032723,0.9850109727000036
2023-06-30,61241,AMD,ADVANCED MICRO DEVICES INC,45,-0.02,-0.040454,-0.572850352262117,190360.89202,2.0220644173647506,1.5835231097217237
2023-06-30,62341,PDCE,P D C ENERGY INC,10,0.010000000000000002,0.038378,0.39610389610389607,6001.2307200000005,2.492397723732876,1.0659139076766984
2023-06-30,64194,CHE,CHEMED CORP NEW,35,0.02,0.010722,0.34780578898225956,8017.225399999999,0.5013749119301566,0.5146021819552873
2023-06-30,66384,WDC,WESTERN DIGITAL CORP,45,-0.02,-0.024734,-0.5310669722434429,12391.16001,1.638385041632999,1.3030190536085944
2023-06-30,69649,RJF,RAYMOND JAMES FINANCIAL INC,40,-0.02,0.14910400000000001,-0.1609795433324845,19146.15885,1.0187477316750875,0.995810497454611
2023-06-30,76226,PARA,PARAMOUNT GLOBAL,50,-0.02,0.045095,-0.544011544011544,9291.074129999999,1.6753835905077783,1.408429897547578
2023-06-30,76504,CATY,CATHAY GENERAL BANCORP,40,0.02,0.09681100000000001,0.3254817078346491,2120.95264,1.1462010511377612,0.9394889566140421
2023-06-30,76573,MLI,MUELLER INDUSTRIES INC,20,0.02,0.175988,0.23368135132841011,4232.4487,1.066667285871645,1.0755203911430777
2023-06-30,76661,IONS,IONIS PHARMACEUTICALS INC,35,-0.02,-0.0009000000000000002,-0.48879551820728295,5852.4628,0.5412341674403498,0.7484523573464631
2023-06-30,76721,CRVL,CORVEL CORP,35,0.02,-0.014004,0.23406332229861643,3350.2324799999997,1.0412354202075538,0.6621066293872545
2023-06-30,76837,HAE,HAEMONETICS CORP MASS,35,0.0052799662226433435,0.0023049999999999998,0.22256175197351666,4275.768599999999,0.4722580389448448,0.5607138708100003
2023-06-30,76841,BIIB,BIOGEN INC,35,0.02,-0.043078,0.2279093455564043,42902.976220000004,0.19989116644132762,0.7877815194635486
2023-06-30,76892,BOKF,B O K FINANCIAL CORP,40,0.011679271433667187,-0.010718,0.3843052372464137,5415.99332,1.2403034670546818,0.8476837297108768
2023-06-30,77274,GILD,GILEAD SCIENCES INC,35,0.02,0.007249,0.3618538324420677,95971.33982000001,0.3570082319682844,0.39129161881550695
2023-06-30,77366,MODG,TOPGOLF CALLAWAY BRANDS CORP,25,-0.02,0.158781,-0.41923436041083095,3168.24321,1.7604860715348145,1.164019543678012
2023-06-30,78987,MCHP,MICROCHIP TECHNOLOGY INC,45,0.02,0.186329,0.13564213564213562,41045.59984,1.5318665864024752,1.3869327396110818
2023-06-30,79299,PZZA,PAPA JOHNS INTL INC,25,-0.02,0.048982000000000005,0.0003607503607503393,2289.5121599999998,1.058024168831129,0.5958256746049256
2023-06-30,79758,BYD,BOYD GAMING CORP,25,0.02,0.08693100000000001,0.2455224514048044,6438.51444,1.7883238707163727,0.9814434594234481
2023-06-30,79857,PTEN,PATTERSON U T I ENERGY INC,10,0.02,0.224875,0.2711569476275359,2028.3257800000001,2.351337751718862,1.2939681612783773
2023-06-30,80069,ARWR,ARROWHEAD PHARMACEUTICALS INC,35,-0.02,0.032249,-0.5492318139376963,3678.4289999999996,1.028326236203525,1.2494091329834758
2023-06-30,80415,EXP,EAGLE MATERIALS INC,15,0.02,0.141782,0.29751294457176813,5765.27805,1.2471420558632185,1.0201619007232396
2023-06-30,83601,WOR,WORTHINGTON INDUSTRIES INC,15,0.02,0.239826,0.22663610898905015,2792.7481500000004,1.21112435293079,1.3004445717496453
2023-06-30,83906,SRCL,STERICYCLE INC,20,0.02,0.097701,0.28686019862490447,3896.5567499999997,1.1771086290735058,0.8588111996830167
2023-06-30,84319,LAD,LITHIA MOTORS INC,25,-0.02,0.29954899999999995,-0.3216407775231304,6421.7318399999995,1.3892869237698697,1.1276857632687867
2023-06-30,84385,NSP,INSPERITY INC,20,0.010000000000000009,0.075286,0.358925388337153,4231.1648000000005,1.2170573130092155,0.7461805800028158
2023-06-30,84519,CIEN,CIENA CORP,45,-0.02,-0.095007,-0.24032340208810796,6971.7384,0.9909996335720449,1.076367808212698
2023-06-30,84761,TTWO,TAKE TWO INTERACTIVE SOFTWR INC,50,-0.02,0.064389,-0.418788727612257,23322.37182,0.6624769439174782,0.756989087188647
2023-06-30,85002,SRPT,SAREPTA THERAPEUTICS INC,35,-0.02,-0.077541,-0.5449028096086919,11513.2164,1.049448357719992,1.0138794953756853
2023-06-30,85738,MRCY,MERCURY SYSTEMS INC,20,-0.02,-0.151898,-0.24562855445208384,2361.9321,0.9445186424346065,1.0086265119935771
2023-06-30,85992,MANH,MANHATTAN ASSOCIATES INC,45,0.02,0.097675,0.3077837195484254,11252.938339999999,1.5662230158521617,1.2803175259337973
2023-06-30,86783,BKNG,BOOKING HOLDINGS INC,25,0.02,0.072278,0.18130888719124014,92658.91118,1.2681277025802618,1.0929401940097874
2023-06-30,88351,INSM,INSMED INC,35,-0.015279966222643345,0.104698,-0.5067057125880655,2596.31999,1.599142324268168,1.1690734456121066
2023-06-30,89031,AXON,AXON ENTERPRISE INC,20,-0.02,0.007377999999999999,-0.37119090060266535,14253.15535,0.9784640599492058,1.1367722548856822
2023-06-30,89216,AYI,ACUITY BRANDS INC,20,0.02,0.078144,0.2478991596638656,4791.640619999999,1.5185783450914576,0.9453537392796891
2023-06-30,89301,GME,GAMESTOP CORP NEW,25,-0.02,0.0042380000000000004,-0.15503777268483152,7328.44385,1.3756290586580702,0.5661962081064579
2023-06-30,89393,NFLX,NETFLIX INC,50,-0.02,0.11043800000000001,-0.41106442577030816,175695.93943,1.2687331534488593,1.230864357715767
2023-06-30,89397,VRNT,VERINT SYSTEMS INC,45,0.02,-0.026931999999999998,0.23410576351752826,2306.5816800000002,0.9730657261497246,1.0411084495087277
2023-06-30,89792,CVCO,CAVCO INDUSTRIES INC DEL,25,0.02,0.180756,0.14824717765894238,2157.66068,1.1804888135362517,1.1601362402604436
2023-06-30,89916,NXST,NEXSTAR MEDIA GROUP INC,50,0.02,0.099487,0.17744673627026572,5411.538439999999,1.471474068946082,0.9923842523103331
2023-06-30,89946,AEL,AMERICAN EQUITY INVT LIFE HLDG C,40,0.02,0.316835,0.240981240981241,3344.5710000000004,0.8583215976877798,1.267601685924901
2023-06-30,90071,NRG,N R G ENERGY INC,55,-0.02,0.102462,-0.611365758424582,7779.53928,0.9936642284198167,0.9305545234851401
2023-06-30,90126,CYTK,CYTOKINETICS INC,35,-0.02,-0.138596,-0.3734402852049911,3604.70929,0.7818668128910393,0.8250794752448802
2023-06-30,90550,DLB,DOLBY LABORATORIES INC,45,0.02,0.009856,0.5090399796282149,4903.9326,0.967871425644214,0.7768762622730361
2023-06-30,90634,AX,AXOS FINANCIAL INC,40,0.02,0.038757,0.12664459723283256,2235.65366,1.4699292876644283,1.399799786661494
2023-06-30,91500,EXLS,EXLSERVICE HOLDINGS INC,20,0.02,-0.003283,0.2463288345641287,5018.30218,0.9781161323347756,1.0554352889361656
2023-06-30,91531,OC,OWENS CORNING NEW,20,0.02,0.22323300000000001,0.17625838214073508,9581.28997,1.3786706688708654,1.1242833790946622
2023-06-30,91611,FSLR,FIRST SOLAR INC,45,-0.02,-0.06749,-0.31622952211187505,21681.40496,1.4291312206632052,1.2868952168757424
2023-06-30,92655,UNH,UNITEDHEALTH GROUP INC,35,0.02,-0.013643,0.2911892029539089,453636.03168,0.6339449873800218,0.6419667427800111
2023-06-30,92852,LOPE,GRAND CANYON EDUCATION INC,25,0.009999999999999988,-0.018874000000000002,0.473813767931415,3218.85576,0.5812935130341438,0.5857433522580475
2023-06-30,93002,AVGO,BROADCOM INC,45,0.02,0.075353,0.13840081487140313,333432.97260000004,1.0353370286156818,1.0862835699390165
2023-06-30,93132,FTNT,FORTINET INC,45,0.02,0.102171,0.2518461930226636,53652.44268,1.131998859537305,1.2235951444935707
2023-06-30,93356,SPSC,S P S COMMERCE INC,45,0.02,0.228656,0.26419658772599947,5691.8414,0.811848700020802,1.0531332427824702
2023-07-31,10606,WTS,WATTS WATER TECHNOLOGIES INC,20,0.02,0.010849000000000001,0.17937469105289172,5035.67184,1.0024207078797358,1.0253348282789245
2023-07-31,10693,EHC,ENCOMPASS HEALTH CORP,35,0.02,-0.029203,0.27230598121601585,6786.97956,1.0364616880638893,0.8170439290061616
2023-07-31,10892,WSFS,WSFS FINANCIAL CORP,40,0.010000000000000009,0.155471,0.29331438457736037,2304.42796,1.0119206416123756,1.0535915298132585
2023-07-31,11370,ENV,ENVESTNET INC,45,-0.02,0.039922,-0.27405668149612783,3228.8774000000003,1.2131713260917214,1.0460500204199206
2023-07-31,11691,MATX,MATSON INC,20,0.02,0.19797599999999999,0.2402990608007909,2787.1646100000003,1.14781645808726,1.0418011446177016
2023-07-31,12570,ITT,I T T INC,20,0.02,0.064164,0.1570481133629922,7680.504,1.4165946551291495,1.1915981662915676
2023-07-31,13600,QLYS,QUALYS INC,45,0.02,0.07016199999999999,0.36983028505519855,4746.60999,0.6329012025144627,1.0247458194654184
2023-07-31,13688,PCG,P G & E CORP,55,-0.02,0.014706,-0.046527434503213075,34487.043840000006,1.110164908894192,0.3393795218297675
2023-07-31,13748,TPH,TRI POINTE HOMES INC,25,0.02,-0.034215,0.1584486735870819,3289.22028,1.4053783344020108,1.1056178279999342
2023-07-31,13766,BCC,BOISE CASCADE CO,20,0.02,0.141043,0.1378727961772945,3576.9565000000002,1.5054365710051754,1.121038740955912
2023-07-31,13862,TMHC,TAYLOR MORRISON HOME CORP,25,0.02,-0.011568,0.26538556599110236,5321.4410100000005,1.6588863800580806,1.144172984205558
2023-07-31,14317,LGIH,L G I HOMES INC,25,-0.02,0.024225,-0.290327895864228,3176.1199399999996,1.6547072823925868,1.2556738220376764
2023-07-31,14329,ARMK,ARAMARK,25,-0.02,-0.06664400000000001,-0.2767960125226561,11219.217449999998,1.591613293403041,0.827717102915305
2023-07-31,14432,ITCI,INTRA CELLULAR THERAPIES INC,35,-0.02,-0.027764,-0.10498022738507165,6083.97556,1.082180878809578,0.41942609882401
2023-07-31,14479,IBP,INSTALLED BUILDING PRODUCTS INC,25,0.02,0.051688,0.1417449332674246,3981.2448,1.7187608446725855,1.3619913681965086
2023-07-31,14601,NAVI,NAVIENT CORP,40,0.02,0.020367,0.24857884330202668,2259.36516,1.5285914263011426,1.1769506435964465
2023-07-31,14617,ARES,ARES MANAGEMENT CORP,40,-0.02,0.025396000000000002,-0.20238095238095236,17196.64435,1.2753600273428316,1.344818346235357
2023-07-31,15067,FRPT,FRESHPET INC,30,-0.02,0.11306799999999999,-0.379819574888779,3171.0548500000004,0.9811119137878423,1.2770652540235023
2023-07-31,15282,KDNY,CHINOOK THERAPEUTICS INC,35,-0.02,0.015390000000000001,-0.41015818091942663,2577.1751799999997,0.3707670672179195,1.1228353660128085
2023-07-31,15332,CWEN,CLEARWAY ENERGY INC,55,0.009999999999999995,-0.079671,0.33625803262481463,2352.9441599999996,0.6949132038353435,0.649241544076553
2023-07-31,15452,EVH,EVOLENT HEALTH INC,35,-0.02,-0.001421,-0.39654391168232,3413.8404000000005,1.5454019691286878,1.1222504298490168
2023-07-31,15454,GKOS,GLAUKOS CORP,35,-0.010000000000000002,0.078884,-0.3256302521008404,3432.96289,1.3380933315336019,1.05748014840875
2023-07-31,15490,LITE,LUMENTUM HOLDINGS INC,45,-0.02,-0.08142300000000001,-0.35957324106113037,3766.8720000000003,1.065451737702735,1.1503320507188903
2023-07-31,15729,PSTG,PURE STORAGE INC,45,-0.02,0.00022599999999999964,-0.2921197890921074,11323.36506,1.2817050066045725,1.2250456331478863
2023-07-31,16076,GMS,G M S INC,20,0.02,0.060493,0.13157027516889105,2821.5608,1.7886557238772791,1.2414238684067742
2023-07-31,16260,MEDP,MEDPACE HOLDINGS INC,35,0.02,0.049737,0.14852117317515243,7340.315709999999,1.3731361587300037,1.5401894793900694
2023-07-31,16432,GT,GOODYEAR TIRE & RUBBER CO,25,-0.01854286701833746,0.171048,-0.4605371560388862,3877.62336,1.713747529696671,1.520614882265704
2023-07-31,16557,NEX,NEXTIER OILFIELD SOLUTIONS INC,10,0.02,0.328942,0.2558699950568462,2040.1974,2.192080924412114,1.3493733937292614
2023-07-31,16597,AYX,ALTERYX INC,45,-0.02,-0.091175,-0.43814878892733555,2840.3602,0.6308004816578487,1.3830353733165188
2023-07-31,17104,APLS,APELLIS PHARMACEUTICALS INC,35,-0.02,-0.721735,-0.39753254242873615,10711.446899999999,1.207512739886381,0.9956531350462984
2023-07-31,17929,UGI,U G I CORP NEW,55,-0.02,-0.003649,-0.3030565167243368,5645.57616,1.0010044956272097,0.8317269258666795
2023-07-31,17949,BE,BLOOM ENERGY CORP,20,-0.02,0.087964,-0.558679354094579,3153.3427500000003,3.0005687789834217,1.685397833821936
2023-07-31,18011,SONO,SONOS INC,25,-0.02,0.045211,-0.38655462184873957,2094.17553,1.8330421147614757,1.2798811315442564
2023-07-31,18777,KRTX,KARUNA THERAPEUTICS INC,35,-0.02,-0.083155,-0.3837740978744439,8163.1014,0.8609610062031386,0.42747637125074256
2023-07-31,18779,MORF,MORPHIC HOLDING INC,35,-0.02,-0.014856999999999999,-0.41145575877409785,2745.13239,1.1090299250617777,0.9558875312967682
2023-07-31,18937,CHPT,CHARGEPOINT HOLDINGS INC,20,-0.02,-0.019181,-0.44461608172680833,3105.6212699999996,1.8902633640786681,1.4252601673099845
2023-07-31,19484,PCVX,VAXCYTE INC,35,-0.02,-0.042036,-0.3371436810018125,4685.02122,0.9188474792507522,1.01923850308493
2023-07-31,19880,MTZ,MASTEC INC,20,-0.02,-0.006255999999999999,-0.29759845114516387,9302.996229999999,1.3362081090765305,1.1568157542008721
2023-07-31,20765,AJRD,AEROJET ROCKETDYNE HOLDINGS INC,20,-0.02,0.052653,-0.07433267424616904,4431.24633,0.5477607657423388,0.43563567595940633
2023-07-31,27887,BAX,BAXTER INTERNATIONAL INC,35,-0.02,-0.011634,-0.24291481298401713,23031.627880000004,0.5434918222799342,0.7335456778215009
2023-07-31,32651,HL,HECLA MINING CO,15,-0.02,0.11405599999999999,-0.27036991267095073,3155.08055,2.054788325893817,1.0048311479552063
2023-07-31,32707,HP,HELMERICH & PAYNE INC,10,0.0003661270947840096,0.258515,0.1751524139067391,3636.63825,1.6997442874072275,1.4373047844942612
2023-07-31,40272,IFF,INTERNATIONAL FLAVORS & FRAG INC,15,-0.02,0.058682000000000005,-0.2102076124567474,20302.69269,1.0382627355101937,1.056503111452891
2023-07-31,43350,SWK,STANLEY BLACK & DECKER INC,20,-0.02,0.054941000000000004,-0.5373620036249794,14351.03053,1.3156188698405107,1.5141483946681837
2023-07-31,44943,DIOD,DIODES INC,45,0.02,0.017233000000000002,0.1254119294776734,4231.32501,1.3989116420884704,1.44980756500814
2023-07-31,45306,IDCC,INTERDIGITAL INC,45,0.02,-0.040845,0.35551573570604716,2565.23695,1.2002500849743587,1.2651286151168193
2023-07-31,48144,KLIC,KULICKE & SOFFA INDS INC,45,0.02,0.002842,0.15455594002306805,3358.2116,1.3616704361210494,1.2454631685490232
2023-07-31,49429,DDS,DILLARDS INC,25,0.02,0.046976000000000004,0.11241555445707695,4077.8474399999996,0.9623964502074256,1.1313573465127265
2023-07-31,52476,EFX,EQUIFAX INC,20,-0.011457132981662552,-0.137073,-0.19933267424616904,28858.133200000004,1.398558604782683,1.140862899744717
2023-07-31,52978,HAS,HASBRO INC,25,-0.02,0.0031739999999999997,-0.21937304333498106,8984.76486,0.726797611943418,1.0620063881679176
2023-07-31,53110,BMI,BADGER METER INC,45,0.010000000000000009,0.111359,0.20194842642939534,4325.7214,0.8836883067518552,1.0165614015003328
2023-07-31,53613,MU,MICRON TECHNOLOGY INC,45,-0.02,0.12895299999999998,-0.4153072993903444,69124.50921999999,1.3258952715201828,1.3610869514335373
2023-07-31,56223,LPX,LOUISIANA PACIFIC CORP,15,0.02,0.010946000000000001,0.04595073323447024,5401.784140000001,1.6455614479481813,1.27376663391266
2023-07-31,57568,BALL,BALL CORP,15,-0.02,0.003855,-0.32725737353765033,18309.83908,0.7590009610577423,1.1524245238059976
2023-07-31,57808,VSH,VISHAY INTERTECHNOLOGY INC,45,0.02,-0.046908,0.21360603064755312,3750.999,1.2627775724002581,1.2257587089445012
2023-07-31,59328,INTC,INTEL CORP,45,-0.02,0.065286,-0.5795847750865052,140046.72,0.8216922238124221,1.225681104141896
2023-07-31,60986,NWL,NEWELL BRANDS INC,25,-0.02,0.278368,-0.4255643433844126,3603.5399999999995,0.9249195921857896,1.0865644402542154
2023-07-31,61241,AMD,ADVANCED MICRO DEVICES INC,45,-0.02,-8.899999999999967e-05,-0.5553633217993079,183850.74,1.958161732098825,1.658356449999805
2023-07-31,62341,PDCE,P D C ENERGY INC,10,0.02,0.062379,0.5005767012687429,6189.108859999999,2.451618001214081,1.0611799373870332
2023-07-31,64186,CI,CIGNA GROUP,35,0.02,0.047284,0.24439775910364145,83021.68320000001,0.6314905899001393,0.6860322782678068
2023-07-31,64194,CHE,CHEMED CORP NEW,35,0.02,-0.042385,0.3540121931125391,8135.883399999999,0.4924210723097645,0.5307080042954444
2023-07-31,66384,WDC,WESTERN DIGITAL CORP,45,-0.02,0.11767599999999999,-0.3874196737518537,12213.46,1.6012305935539592,1.3658065827157735
2023-07-31,69649,RJF,RAYMOND JAMES FINANCIAL INC,40,-0.02,0.05632,-0.08739083868841654,21990.00447,1.04121716638083,1.0409457476694823
2023-07-31,76226,PARA,PARAMOUNT GLOBAL,50,-0.02,0.003151,-0.476952545724172,9705.1,1.66469244853737,1.4971349940542233
2023-07-31,76392,MMSI,MERIT MEDICAL SYSTEMS INC,35,0.02,-0.111636,0.25358378645575874,4820.50776,0.9706072661866015,0.7038929762188607
2023-07-31,76573,MLI,MUELLER INDUSTRIES INC,20,0.02,-0.075656,0.14225984511451636,4974.5235999999995,1.0942884242048074,1.1468987222329887
2023-07-31,76661,IONS,IONIS PHARMACEUTICALS INC,35,-0.02,0.005358000000000001,-0.47614928324270883,5874.1420100000005,0.5282131690024295,0.805908971278056
2023-07-31,76721,CRVL,CORVEL CORP,35,0.02,0.052767,0.23797165925193609,3311.559,1.0118826452537828,0.7072995640907145
2023-07-31,76837,HAE,HAEMONETICS CORP MASS,35,0.02,0.07900099999999999,0.32612456747404844,4307.91372,0.4628840023553905,0.5834744289572226
2023-07-31,76841,BIIB,BIOGEN INC,35,0.02,-0.055857,0.207097544900313,41252.83155,0.18151995537521384,0.8336146837653056
2023-07-31,76892,BOKF,B O K FINANCIAL CORP,40,0.02,0.098357,0.4114145658263305,5361.2878200000005,1.212428244431456,0.915019317439043
2023-07-31,77366,MODG,TOPGOLF CALLAWAY BRANDS CORP,25,-0.02,0.001654,-0.40507085187015984,3684.2195500000003,1.7756987543602196,1.208699492782246
2023-07-31,78987,MCHP,MICROCHIP TECHNOLOGY INC,45,0.02,0.044164,0.11910940846927008,48766.88306,1.5551908816491526,1.4516429715587607
2023-07-31,79299,PZZA,PAPA JOHNS INTL INC,25,-0.02,0.11574999999999999,-0.02001977261492832,2391.64902,1.0504607799183372,0.651748378054692
2023-07-31,79758,BYD,BOYD GAMING CORP,25,0.02,-0.019527,0.3011616411270391,7008.312360000001,1.7754667403813247,0.9426385512051814
2023-07-31,79857,PTEN,PATTERSON U T I ENERGY INC,10,0.009633872905215992,0.318917,0.20021832262316694,2489.68818,2.3720149436531246,1.428063252333607
2023-07-31,80415,EXP,EAGLE MATERIALS INC,15,0.02,-0.015387999999999999,0.31815373208106773,6620.892719999999,1.2640141042035382,1.0175136052615996
2023-07-31,82307,DVA,DAVITA INC,35,0.02,0.010738000000000001,0.270225737353765,9112.629,0.9153904447716122,1.0084877471161748
2023-07-31,83601,WOR,WORTHINGTON INDUSTRIES INC,15,0.02,0.069742,0.14275416048772446,3456.47985,1.2562078952872173,1.3746843407051565
2023-07-31,84319,LAD,LITHIA MOTORS INC,25,-0.02,0.016720000000000002,-0.3260009886307464,8371.54008,1.4473396513907084,1.1582723583020313
2023-07-31,84519,CIEN,CIENA CORP,45,-0.02,-0.011216,-0.28843302026693035,6352.21251,0.9434328687741944,1.1692343845244895
2023-07-31,84761,TTWO,TAKE TWO INTERACTIVE SOFTWR INC,50,-0.02,0.034886,-0.2718734552644588,24987.768,0.6698740594190502,0.7925373479552046
2023-07-31,85002,SRPT,SAREPTA THERAPEUTICS INC,35,-0.02,-0.057919,-0.493615093096062,10681.73848,1.0128598881563269,1.1654044256704843
2023-07-31,85753,VRSN,VERISIGN INC,45,0.02,-0.07086,0.32505355083209747,23365.298000000003,0.9390972223597379,0.8743405132921158
2023-07-31,85992,MANH,MANHATTAN ASSOCIATES INC,45,0.02,-0.050719,0.3325712637996375,12326.39972,1.5608230015735054,1.3157950078344594
2023-07-31,86356,EBAY,EBAY INC,25,0.02,-0.008419,0.24062860438292963,23819.77,1.321393331470389,1.0080463967584072
2023-07-31,86783,BKNG,BOOKING HOLDINGS INC,25,0.02,0.095771,0.22530482781347835,97322.59352999998,1.264720181279729,1.0617805573075962
2023-07-31,88351,INSM,INSMED INC,35,-0.02,0.042528,-0.43450321304992595,3012.025,1.5960211623597502,1.193084655175942
2023-07-31,89031,AXON,AXON ENTERPRISE INC,20,-0.02,-0.05149,-0.2781553797989784,14587.756560000002,0.9547823390312359,1.158582064076228
2023-07-31,89301,GME,GAMESTOP CORP NEW,25,-0.02,-0.088927,-0.1764087988136432,7390.2117499999995,1.3198743125584294,0.612667997838969
2023-07-31,89393,NFLX,NETFLIX INC,50,-0.02,-0.007842,-0.3358872960949086,195201.82203,1.2800552528226734,1.2657732705778955
2023-07-31,89792,CVCO,CAVCO INDUSTRIES INC DEL,25,0.02,-0.002188,0.08821469764376337,2559.125,1.2115948541910824,1.2579104960695409
2023-07-31,89916,NXST,NEXSTAR MEDIA GROUP INC,50,0.02,0.116714,0.15181660899653984,5892.705550000001,1.471581274122543,1.0772683173582773
2023-07-31,89946,AEL,AMERICAN EQUITY INVT LIFE HLDG C,40,0.02,0.025546,0.11021173175152413,4417.8858,0.937807885138631,1.4284501893415211
2023-07-31,90071,NRG,N R G ENERGY INC,55,-0.02,0.021752,-0.597132970835393,8608.37448,1.0024918439448536,0.9717253695163515
2023-07-31,90126,CYTK,CYTOKINETICS INC,35,-0.02,0.017988,-0.3076495304003955,3131.45476,0.7124532219466284,0.7980388758682706
2023-07-31,90550,DLB,DOLBY LABORATORIES INC,45,0.02,0.054524,0.5527269731421981,4972.265600000001,0.9511126981709933,0.8012489402418965
2023-07-31,90634,AX,AXOS FINANCIAL INC,40,0.02,0.187293,0.11025292469929147,2331.4167199999997,1.454425112217767,1.5347224111256244
2023-07-31,91500,EXLS,EXLSERVICE HOLDINGS INC,20,0.02,-0.071318,0.29798978414895366,5008.09218,0.9535928480820176,1.0930103728137106
2023-07-31,91531,OC,OWENS CORNING NEW,20,0.02,0.072543,0.14598780688746088,11759.224499999998,1.4176081274434444,1.1535090539248896
2023-07-31,92655,UNH,UNITEDHEALTH GROUP INC,35,0.02,0.049142,0.23506755643433844,447491.22048,0.6146568009655768,0.680263264384164
2023-07-31,92852,LOPE,GRAND CANYON EDUCATION INC,25,0.02,0.047348,0.48467622343054867,3137.37758,0.5644951795210319,0.6021045233813042
2023-07-31,93132,FTNT,FORTINET INC,45,0.02,0.023787000000000003,0.1824435656615587,59383.504,1.1324348760536387,1.2803435082308918
2023-07-31,93356,SPSC,S P S COMMERCE INC,45,0.02,-0.065153,0.27275910364145656,7038.42282,0.8576671271633908,1.0910911485095498
2023-08-31,10606,WTS,WATTS WATER TECHNOLOGIES INC,20,0.02,0.009402,0.2106320789185239,5112.41424,0.9932405931962488,1.0551866405349462
2023-08-31,10693,EHC,ENCOMPASS HEALTH CORP,35,0.02,0.071338,0.2594284090447773,6618.58308,1.019636675719825,0.8482020360776401
2023-08-31,11018,FBP,FIRST BANCORP P R,40,0.02,-0.061617,0.2422766207932448,2669.86665,1.1367055338070156,1.1468706713443748
2023-08-31,11370,ENV,ENVESTNET INC,45,-0.02,-0.123124,-0.2272155238907157,3371.9599200000002,1.2102634847814095,1.07313635648345
2023-08-31,11691,MATX,MATSON INC,20,0.018829535185683748,-0.061057,0.19352088661551578,3351.1952199999996,1.178269134529337,1.0694095409117488
2023-08-31,11990,KKR,K K R & CO INC,40,-0.01496460608376361,0.056178,-0.3406812000162384,51249.33412,1.449681576127854,1.5499822480537713
2023-08-31,12570,ITT,I T T INC,20,0.02,0.025282,0.2395769902163764,8207.04,1.4144442251381797,1.2066863174702056
2023-08-31,12622,HCA,H C A HEALTHCARE INC,35,0.02,0.011921000000000001,0.23748629886737302,75074.5839,1.5348109231573335,0.8608491376372855
2023-08-31,13284,ALSN,ALLISON TRANSMISSION HLDGS INC,20,0.02,0.029464000000000004,0.38328664799253037,5254.80915,0.9691383052536955,0.8449084119209914
2023-08-31,13600,QLYS,QUALYS INC,45,0.02,0.116861,0.30818414322250637,5095.625600000001,0.6373909825748905,1.041480530142562
2023-08-31,13688,PCG,P G & E CORP,55,-0.02,-0.078927,-0.12927779807575207,45239.82585,1.1106143879429335,0.34462214504073035
2023-08-31,13766,BCC,BOISE CASCADE CO,20,0.02,0.054213,0.2563431169569277,4097.1691,1.5257984481601043,1.1475394265176218
2023-08-31,13862,TMHC,TAYLOR MORRISON HOME CORP,25,0.02,-0.025603,0.21245889660211917,5299.47216,1.6646533694859507,1.1872875823463078
2023-08-31,14169,PINC,PREMIER INC,35,0.02,-0.221114,0.37794828076158005,3306.6345,0.3104081578041384,0.4760893850101278
2023-08-31,14317,LGIH,L G I HOMES INC,25,-0.02,-0.11733,-0.28202005439857103,3267.0074999999997,1.6698172368801416,1.2982064243258098
2023-08-31,14329,ARMK,ARAMARK,25,-0.02,-0.080857,-0.27034871919782405,10520.785329999999,1.5742347622298005,0.866035684357525
2023-08-31,14432,ITCI,INTRA CELLULAR THERAPIES INC,35,-0.02,-0.106736,-0.060041407867494824,5941.77272,1.0632889173930362,0.41949300094791203
2023-08-31,14479,IBP,INSTALLED BUILDING PRODUCTS INC,25,0.02,-0.026764,0.2305646896439735,4204.5081,1.7289253579876482,1.4081428494589332
2023-08-31,14593,AAPL,APPLE INC,45,0.02,-0.046921,0.2359639507977104,3071344.8764,1.2348365927645872,1.1106869706402458
2023-08-31,14596,FIVN,FIVE 9 INC,45,-0.006205858730552025,-0.17980800000000002,-0.37250842365931874,6333.795000000001,0.7952410088640015,1.4616355670845835
2023-08-31,14601,NAVI,NAVIENT CORP,40,0.02,-0.069138,0.320403523728332,2315.30208,1.529500020664917,1.1697796667418328
2023-08-31,14617,ARES,ARES MANAGEMENT CORP,40,-0.02,0.037995,-0.23911013680834659,17708.88482,1.2748089955760191,1.3436238172597357
2023-08-31,15067,FRPT,FRESHPET INC,30,-0.02,0.022251,-0.4285714285714285,3543.5249000000003,0.9878948578353265,1.2762228014655175
2023-08-31,15119,WK,WORKIVA INC,45,-0.02,0.057767,-0.3458368854788292,5216.59305,1.1866341432941687,1.396578596478095
2023-08-31,15332,CWEN,CLEARWAY ENERGY INC,55,0.009999999999999995,-0.051902,0.3535704136727155,2175.81426,0.6763165318296567,0.6561487395853552
2023-08-31,15452,EVH,EVOLENT HEALTH INC,35,-0.02,-0.165116,-0.4006820119352089,3423.98052,1.5500597905922646,1.139420492885609
2023-08-31,15454,GKOS,GLAUKOS CORP,35,-0.02,-0.030463999999999998,-0.37632444282060645,3718.8422600000004,1.3446648857037602,1.1166309588863348
2023-08-31,15490,LITE,LUMENTUM HOLDINGS INC,45,-0.02,0.029267,-0.29237202127227707,3476.704,1.067436975413633,1.1982016772550697
2023-08-31,15782,WSC,WILLSCOT MOBILE MINI HLDGS CORP,20,0.02,-0.149063,0.2796857873584216,9460.77475,1.491730250478728,1.0641799462280808
2023-08-31,16076,GMS,G M S INC,20,0.02,-0.063568,0.21046969512442656,3004.63606,1.7994858653504406,1.2849408301063472
2023-08-31,16260,MEDP,MEDPACE HOLDINGS INC,35,0.02,0.06300700000000001,0.18672106523768925,7737.634709999999,1.3294426033766589,1.580934359567252
2023-08-31,16591,LAUR,LAUREATE EDUCATION INC,25,0.02,0.082047,0.3429545731336013,2014.9194,0.6901212426564028,0.8765860228877856
2023-08-31,16597,AYX,ALTERYX INC,45,-0.02,-0.29252500000000003,-0.4180164819551009,2593.86198,0.6177908288442253,1.4245382717054333
2023-08-31,16917,BKI,BLACK KNIGHT INC,45,-0.02,0.072824,-0.28670888645313203,11023.433519999999,0.48901913957958876,0.6970775459412962
2023-08-31,17929,UGI,U G I CORP NEW,55,-0.02,-0.071599,-0.3149839646003329,5649.76272,0.9983518970440423,0.8762122304141476
2023-08-31,17949,BE,BLOOM ENERGY CORP,20,-0.02,-0.16523100000000002,-0.5580725043640645,3444.5689,3.019987864617958,1.6682789296214324
2023-08-31,18011,SONO,SONOS INC,25,-0.02,-0.20057000000000003,-0.38070880526123496,2198.3421200000003,1.83249178657949,1.30628579444792
2023-08-31,18777,KRTX,KARUNA THERAPEUTICS INC,35,-0.02,-0.064656,-0.35050541955912795,7524.936360000001,0.8363064674326057,0.43670385964837066
2023-08-31,18779,MORF,MORPHIC HOLDING INC,35,-0.02,-0.033622,-0.40518816222141035,2718.67179,1.099448375346848,0.9680554274863785
2023-08-31,18937,CHPT,CHARGEPOINT HOLDINGS INC,20,-0.02,-0.17774700000000002,-0.42765801972963097,3059.69058,1.8775462854456277,1.3783876309745589
2023-08-31,19880,MTZ,MASTEC INC,20,-0.02,-0.159611,-0.22177566678845453,9285.64725,1.345230158762748,1.1486689265247891
2023-08-31,22592,MMM,3M CO,20,-0.02,-0.033507,-0.3235091137904437,61547.10799999999,0.9167325891881085,0.9635382349758234
2023-08-31,27887,BAX,BAXTER INTERNATIONAL INC,35,-0.02,-0.100491,-0.31823164048227987,22904.698149999997,0.5444917099779394,0.742488553287504
2023-08-31,28345,MUR,MURPHY OIL CORP,10,0.010000000000000009,0.051235,0.3576706044736735,6754.360460000001,2.356909029736516,1.075256508381559
2023-08-31,30680,CMC,COMMERCIAL METALS CO,15,0.02,-0.02079,0.2550034506556246,6682.49492,1.2413122053326795,1.018654031171456
2023-08-31,32651,HL,HECLA MINING CO,15,-0.02,-0.24130400000000002,-0.35111435878699304,3549.9686399999996,2.0770187725199745,1.022254187995564
2023-08-31,32707,HP,HELMERICH & PAYNE INC,10,0.02,-0.100692,0.17454228068038805,4451.3467900000005,1.7344428240357725,1.435659926312984
2023-08-31,40272,IFF,INTERNATIONAL FLAVORS & FRAG INC,15,-0.02,-0.17189300000000002,-0.21791905167864248,21583.24951,1.037022017347861,1.0993356477055203
2023-08-31,43350,SWK,STANLEY BLACK & DECKER INC,20,-0.02,-0.053797,-0.46665042828725684,15202.50561,1.307608560161862,1.4515557105010972
2023-08-31,44943,DIOD,DIODES INC,45,0.02,-0.13830800000000001,0.13345918077375876,4322.82301,1.3919929774982271,1.4559735899109718
2023-08-31,45306,IDCC,INTERDIGITAL INC,45,0.02,-0.069053,0.3660739658182114,2462.68061,1.1929180247249407,1.2713496765375671
2023-08-31,48144,KLIC,KULICKE & SOFFA INDS INC,45,0.02,-0.14064300000000002,0.18615272195834853,3382.50144,1.34975136569624,1.2257679434919582
2023-08-31,49429,DDS,DILLARDS INC,25,0.02,0.0015259999999999996,0.1301709089432875,4287.31392,0.9855104495136399,1.160694892904647
2023-08-31,52476,EFX,EQUIFAX INC,20,-0.02,0.008301,-0.19283075549060205,25044.6976,1.3823383464656667,1.1863905444472276
2023-08-31,52978,HAS,HASBRO INC,25,-0.02,0.110705,-0.2523444160272805,8955.63408,0.7173529646950547,1.094555478651455
2023-08-31,53613,MU,MICRON TECHNOLOGY INC,45,-0.02,-0.024848,-0.4796411318150448,78193.60978,1.34031472845587,1.3860477017989843
2023-08-31,56223,LPX,LOUISIANA PACIFIC CORP,15,0.02,-0.18074400000000002,0.06535947712418301,5484.63359,1.648246918308814,1.3215613214683013
2023-08-31,57568,BALL,BALL CORP,15,-0.02,-0.073373,-0.23411683513985307,18460.82212,0.7484322009349846,1.1822063009022554
2023-08-31,57808,VSH,VISHAY INTERTECHNOLOGY INC,45,0.02,-0.029759,0.23413713311411516,3591.5177499999995,1.248435974148313,1.2525534163430965
2023-08-31,59328,INTC,INTEL CORP,45,-0.02,-0.018655,-0.40039784029553843,149804.76,0.833236300056318,1.2605063884777832
2023-08-31,60986,NWL,NEWELL BRANDS INC,25,-0.02,-0.050242,-0.2940770511102992,4622.472,0.9562668945499228,1.1905690422626463
2023-08-31,61241,AMD,ADVANCED MICRO DEVICES INC,45,-0.02,-0.080411,-0.502659034628344,184832.7624,1.9323832634702747,1.7069631027664962
2023-08-31,62341,PDCE,P D C ENERGY INC,10,0.02,-0.027372999999999998,0.4634230503795721,6602.354109999999,2.4541440830093713,1.0400087684131822
2023-08-31,65402,AOS,SMITH A O CORP,20,0.02,-0.006327,0.2894694109527869,9048.9717,1.2207557560115134,0.9612399497734538
2023-08-31,66384,WDC,WESTERN DIGITAL CORP,45,-0.02,0.052794,-0.49344375431331955,13704.320000000002,1.626003063221947,1.404507258465786
2023-08-31,76226,PARA,PARAMOUNT GLOBAL,50,-0.02,-0.063177,-0.5180854950675923,9778.300000000001,1.6725402503404634,1.5400955155302445
2023-08-31,76661,IONS,IONIS PHARMACEUTICALS INC,35,-0.02,-0.032536,-0.45351763893963376,5931.40881,0.5234020153509132,0.8267452874911023
2023-08-31,76841,BIIB,BIOGEN INC,35,0.02,-0.015011,0.10390533024804126,39129.726370000004,0.1575128017538505,0.8484908360227725
2023-08-31,77366,MODG,TOPGOLF CALLAWAY BRANDS CORP,25,-0.02,-0.131227,-0.35472739820565913,3706.4919099999997,1.7743721397341254,1.2345892529229607
2023-08-31,77520,AGCO,A G C O CORP,20,0.02,-0.029101,0.2485892907887793,9964.3984,1.328437927211537,1.0591568783237868
2023-08-31,78987,MCHP,MICROCHIP TECHNOLOGY INC,45,0.02,-0.128907,0.12793813177444893,51134.73595999999,1.5573118346454926,1.5003273047386037
2023-08-31,79299,PZZA,PAPA JOHNS INTL INC,25,-0.02,-0.084052,-0.06584662850647505,2707.3499,1.0841828245969838,0.6538328355895627
2023-08-31,79668,BDC,BELDEN INC NEW,45,0.016205858730552032,-0.03289,0.28407014979905004,4112.12864,1.3004506234647437,0.9962877678552697
2023-08-31,79857,PTEN,PATTERSON U T I ENERGY INC,10,0.02,-0.11186,0.1575731741972151,3294.62496,2.416592526140162,1.411059751199286
2023-08-31,80415,EXP,EAGLE MATERIALS INC,15,0.02,0.022311,0.27160719360207847,6532.59784,1.268581272538111,1.051394834847333
2023-08-31,82307,DVA,DAVITA INC,35,0.02,-0.0003210000000000001,0.29052490561441974,9250.493,0.9153924780983729,1.0224295550906508
2023-08-31,83601,WOR,WORTHINGTON INDUSTRIES INC,15,0.02,0.004174,0.19772256728778467,3712.7181000000005,1.2510661512408767,1.4055879107675668
2023-08-31,84319,LAD,LITHIA MOTORS INC,25,-0.02,-0.011005000000000001,-0.3168919741809767,8548.269839999999,1.4562027833513944,1.213075070852549
2023-08-31,84519,CIEN,CIENA CORP,45,-0.02,0.17982299999999998,-0.2523038200787561,6308.8578,0.9471394656232128,1.2062573763331241
2023-08-31,84761,TTWO,TAKE TWO INTERACTIVE SOFTWR INC,50,-0.02,-0.074761,-0.32537652742256323,25973.953139999998,0.6793482380802954,0.824346943892436
2023-08-31,85875,IBOC,INTERNATIONAL BANCSHARES CORP,40,0.004964606083763616,-0.090138,0.4223196524986807,3080.11236,0.9819159311374437,0.8716085745543447
2023-08-31,85992,MANH,MANHATTAN ASSOCIATES INC,45,0.02,0.058415999999999996,0.2809036658141517,11755.34478,1.55228826161939,1.1907371880794286
2023-08-31,86356,EBAY,EBAY INC,25,0.02,0.0071460000000000004,0.1998741525595745,23686.30807,1.3295581963703498,1.091520053820589
2023-08-31,86783,BKNG,BOOKING HOLDINGS INC,25,0.009999999999999995,0.040646,0.18418381845491819,106033.7936,1.275950631307176,1.0709218171206931
2023-08-31,87179,NTCT,NETSCOUT SYSTEMS INC,45,0.02,0.019792,0.3042463362156457,2016.5366,0.6754536936936538,0.9394607696524142
2023-08-31,88351,INSM,INSMED INC,35,-0.02,-0.013590999999999999,-0.47834206146226604,3176.5420000000004,1.595128207876228,1.2066320792518594
2023-08-31,89031,AXON,AXON ENTERPRISE INC,20,-0.02,0.14057099999999997,-0.3088945723216823,13900.68459,0.9401834016666369,1.1670105472998702
2023-08-31,89070,ZBH,ZIMMER BIOMET HOLDINGS INC,35,0.02,-0.14228600000000002,0.22532781228433402,28844.062200000004,0.9773909040286567,0.8229574936056566
2023-08-31,89301,GME,GAMESTOP CORP NEW,25,-0.02,-0.16895100000000002,-0.11496772622092315,6765.472199999999,1.3108619430712543,0.6158345022127901
2023-08-31,89393,NFLX,NETFLIX INC,50,-0.018829535185683748,-0.016588,-0.26143790849673204,194528.23859000002,1.2953054007122742,1.2844477042667601
2023-08-31,89533,WYNN,WYNN RESORTS LTD,25,-0.02,-0.071797,-0.30733162830349536,12417.50814,1.9864081493668837,1.3710434346934721
2023-08-31,89792,CVCO,CAVCO INDUSTRIES INC DEL,25,0.02,-0.059095,0.14937279259529898,2565.3550499999997,1.2087997426963644,1.312879415718006
2023-08-31,89916,NXST,NEXSTAR MEDIA GROUP INC,50,0.02,-0.12551800000000002,0.19583485568140294,6606.34032,1.4836752506769912,1.0951363045566889
2023-08-31,89946,AEL,AMERICAN EQUITY INVT LIFE HLDG C,40,0.02,-0.004351,0.29168189014736334,4180.14162,0.9418133454835398,1.4515711976723655
2023-08-31,90071,NRG,N R G ENERGY INC,55,-0.02,-0.016119,-0.5753054845126455,8746.51368,1.0013985919870156,1.0071688900116642
2023-08-31,90126,CYTK,CYTOKINETICS INC,35,-0.02,0.043139000000000004,-0.3212357406730808,3201.5333000000005,0.7279942179383863,0.7987406435536588
2023-08-31,90550,DLB,DOLBY LABORATORIES INC,45,0.02,-0.047902,0.5295538505257176,5265.2062000000005,0.9524331682357856,0.8161276290481053
2023-08-31,90634,AX,AXOS FINANCIAL INC,40,0.02,-0.087729,0.08111070515162584,2778.311,1.4817944397777192,1.628196760442236
2023-08-31,91161,GPRE,GREEN PLAINS INC,10,-0.02,-0.130417,-0.2911541428165469,2113.8392799999997,1.7505613943904332,1.2641329575578273
2023-08-31,92220,MASI,MASIMO CORP,35,-0.02,-0.070114,-0.3555393171761459,6454.994,0.8001752730530571,1.0422733296186502
2023-08-31,92655,UNH,UNITEDHEALTH GROUP INC,35,0.009999999999999995,-0.06336800000000001,0.19033410465635528,471446.67384,0.6168201159831069,0.7051855218917359
2023-08-31,92852,LOPE,GRAND CANYON EDUCATION INC,25,0.02,0.07561,0.4823001664433889,3299.7028999999998,0.5650663893706594,0.6185890227400664
2023-08-31,93132,FTNT,FORTINET INC,45,0.02,-0.229833,0.2198067632850241,61056.832,1.1344525810762267,1.2774982287817955
2023-08-31,93356,SPSC,S P S COMMERCE INC,45,0.02,0.027283,0.22971217472496244,6611.47389,0.8307457382309161,1.080473373355513
2023-09-30,10606,WTS,WATTS WATER TECHNOLOGIES INC,20,0.02,-0.088761,0.24740564063938406,5168.900140000001,0.9992010224619913,1.0246582822491612
2023-09-30,10693,EHC,ENCOMPASS HEALTH CORP,35,0.02,-0.056773,0.1983638798225793,7120.41024,0.99541357741868,0.8534625915311348
2023-09-30,11691,MATX,MATSON INC,20,0.02,0.0052910000000000006,0.2563812871369989,3101.1973199999998,1.1877021212338223,1.0456756712770092
2023-09-30,12570,ITT,I T T INC,20,0.02,-0.046993,0.19254749351410158,8397.188,1.4050565613266663,1.2139350355825034
2023-09-30,12622,HCA,H C A HEALTHCARE INC,35,0.02,-0.11519399999999999,0.19085279102853797,75422.2724,1.523481809922533,0.8625256398356692
2023-09-30,13284,ALSN,ALLISON TRANSMISSION HLDGS INC,20,0.02,-0.027261,0.3699263536697632,5412.3907500000005,0.9555956434242797,0.8223508416721375
2023-09-30,13600,QLYS,QUALYS INC,45,0.02,-0.024184,0.2765921834463135,5714.2228000000005,0.6128179823929204,1.0206832976194087
2023-09-30,13688,PCG,P G & E CORP,55,-0.02,-0.014696,-0.05893798644238012,34087.2283,1.1131869008556587,0.3429044212210062
2023-09-30,13721,ABBV,ABBVIE INC,35,0.02,0.010023,0.34787429910452755,259391.30712,0.5476997446393175,0.5258575312358762
2023-09-30,13766,BCC,BOISE CASCADE CO,20,0.02,-0.062144,0.2266926102602728,4329.9583,1.5161127775488048,1.1187550321161037
2023-09-30,13862,TMHC,TAYLOR MORRISON HOME CORP,25,0.02,-0.105322,0.20194158506988033,5187.8351999999995,1.6733963891040342,1.2025981983082583
2023-09-30,14329,ARMK,ARAMARK,25,-0.02,-0.07097,-0.26516863335844004,9705.839,1.5841130864235875,0.9243710126832893
2023-09-30,14432,ITCI,INTRA CELLULAR THERAPIES INC,35,-0.02,-0.066047,0.007406477529500355,5335.027840000001,1.0827309166176302,0.40471012482782587
2023-09-30,14479,IBP,INSTALLED BUILDING PRODUCTS INC,25,0.02,-0.13921699999999998,0.07103104862331579,4111.92403,1.7592406583176785,1.4036714578546274
2023-09-30,14593,AAPL,APPLE INC,45,0.02,-0.092945,0.16997238262616118,2937203.16584,1.2207330060739918,1.1517215300461205
2023-09-30,14596,FIVN,FIVE 9 INC,45,-0.01809345486017205,-0.11577699999999999,-0.41279604987865104,5225.982440000001,0.7611262508613269,1.559634998911028
2023-09-30,14601,NAVI,NAVIENT CORP,40,0.02,-0.02863,0.32377186375428907,2146.2753,1.5386020862850145,1.160532221377757
2023-09-30,14617,ARES,ARES MANAGEMENT CORP,40,-0.02,-0.002482,-0.22566741986777133,18759.3612,1.276056328701034,1.3768706764263001
2023-09-30,15067,FRPT,FRESHPET INC,30,-0.02,-0.1318,-0.39321282115658207,3641.0166900000004,0.9488721246203118,1.264110686788518
2023-09-30,15167,SHAK,SHAKE SHACK INC,25,-0.010000000000000009,-0.174696,-0.3670181605155244,2762.34,1.7358854443916663,1.4283754653728513
2023-09-30,15490,LITE,LUMENTUM HOLDINGS INC,45,-0.02,-0.16960999999999998,-0.4802493932546656,3626.65587,1.0193936659667349,1.2635131213556168
2023-09-30,15831,AXSM,AXSOME THERAPEUTICS INC,35,-0.02,-0.139292,-0.322244539291991,3813.0328,1.8384325086373843,0.8743505762495142
2023-09-30,16076,GMS,G M S INC,20,0.02,-0.081712,0.15034730939827604,2815.6200400000002,1.8224861929458946,1.32792892133631
2023-09-30,16260,MEDP,MEDPACE HOLDINGS INC,35,0.02,-0.10838500000000001,0.1832580132228638,8260.262009999999,1.3284237397741698,1.6434948057984655
2023-09-30,16736,VST,VISTRA CORP,55,0.02,0.058310999999999995,0.3570800903841325,11549.0494,0.9073365601899857,0.8861425843823928
2023-09-30,16816,BHF,BRIGHTHOUSE FINANCIAL INC,40,-0.02,-0.018765999999999998,-0.2718637542890619,3252.8293199999994,1.2952002628579642,1.395263623021736
2023-09-30,16917,BKI,BLACK KNIGHT INC,45,-0.02,-0.004838,-0.14963595279939748,11876.06184,0.472454614546627,0.7073374783641634
2023-09-30,16928,KRYS,KRYSTAL BIOTECH INC,35,-0.02,-0.07239000000000001,-0.2995857393924178,3484.69312,0.8352750973066444,0.7830709229034576
2023-09-30,17223,ADT,A D T INC,25,0.02,-0.064125,0.2512553351744916,5562.8080199999995,1.6966478072742246,1.1524509861138925
2023-09-30,17783,CHX,CHAMPIONX CORP,10,0.010000000000000002,-0.01729,0.24949786593020337,7094.644380000001,2.5507727515652077,1.2739318765651988
2023-09-30,17929,UGI,U G I CORP NEW,55,-0.02,-0.076625,-0.3930454431333166,5274.68122,1.0044269105336412,0.9590913496942974
2023-09-30,17949,BE,BLOOM ENERGY CORP,20,-0.02,-0.119677,-0.47953803665578715,3139.23578,3.0109740185006117,1.599625550718884
2023-09-30,18576,UBER,UBER TECHNOLOGIES INC,20,-0.02,-0.030522,-0.3686500962423634,96515.59129,1.264788771834132,1.445939562777476
2023-09-30,18777,KRTX,KARUNA THERAPEUTICS INC,35,-0.02,-0.10370199999999999,-0.4297430747342874,7072.54368,0.8610785572771749,0.21630815710013784
2023-09-30,18779,MORF,MORPHIC HOLDING INC,35,-0.02,-0.588327,-0.5616788015733534,2639.59884,1.1064834330897209,0.9096832358882876
2023-09-30,18937,CHPT,CHARGEPOINT HOLDINGS INC,20,-0.02,-0.31013300000000005,-0.3527910285379529,2529.72108,1.9092689272032848,1.353211544968906
2023-09-30,19201,RVMD,REVOLUTION MEDICINES INC,35,-0.02,-0.18943,-0.5506736965436438,3708.5049,1.2670565735034343,1.2119667323612318
2023-09-30,19433,MP,M P MATERIALS CORP,15,-0.02,-0.092137,-0.3343376014729266,3719.97006,2.862229875955094,1.302215150597632
2023-09-30,19484,PCVX,VAXCYTE INC,35,-0.015316664777608915,-0.022372,-0.3372039501213491,4872.536239999999,0.8733434478538745,1.0537814555625706
2023-09-30,19880,MTZ,MASTEC INC,20,-0.02,-0.280878,-0.35195413842162526,7845.7814,1.3856332708600863,1.2994989622450024
2023-09-30,22592,MMM,3M CO,20,-0.02,-0.126607,-0.2977236588835886,58880.986639999996,0.9185860560829059,0.953778518638272
2023-09-30,23712,PEG,PUBLIC SERVICE ENTERPRISE GP INC,55,0.009999999999999995,-0.06371,0.2779939743911624,30485.69988,0.5292808846583352,0.7108980003282683
2023-09-30,26403,DIS,DISNEY WALT CO,50,-0.02,-0.035696,-0.31333165955310066,153115.90672,1.2724265954908283,1.242019319631382
2023-09-30,27887,BAX,BAXTER INTERNATIONAL INC,35,-0.02,-0.07471,-0.2096828186459118,20560.042999999998,0.555468033993917,0.7563985017695565
2023-09-30,30680,CMC,COMMERCIAL METALS CO,15,0.02,-0.126491,0.24305381203447987,6573.88394,1.254120006098135,1.0329471052612145
2023-09-30,32707,HP,HELMERICH & PAYNE INC,10,0.02,0.049997,0.3128504477362123,3976.0857300000002,1.740709015412486,1.3915816247158326
2023-09-30,40272,IFF,INTERNATIONAL FLAVORS & FRAG INC,15,-0.02,-0.025193,-0.2937484308310319,17982.57385,1.0671995359884727,1.2482502997613223
2023-09-30,43350,SWK,STANLEY BLACK & DECKER INC,20,-0.02,-0.11110300000000001,-0.3450079504561051,14461.847399999999,1.3223632360456476,1.4599929158904539
2023-09-30,44943,DIOD,DIODES INC,45,0.02,-0.041042,0.2258138756381287,3760.10715,1.4172831637201748,1.459108436642973
2023-09-30,45306,IDCC,INTERDIGITAL INC,45,0.02,-0.07888400000000001,0.12517783914971964,2289.75097,1.204932016016979,1.2897623073170377
2023-09-30,47941,TGNA,TEGNA INC,50,0.009999999999999995,-0.11624300000000001,0.4555402125700896,3331.15866,0.6317203648540943,0.5576914940990175
2023-09-30,49429,DDS,DILLARDS INC,25,0.02,-0.045001,0.20643986944514187,4313.30976,0.9983743777297587,1.101976654723418
2023-09-30,52978,HAS,HASBRO INC,25,-0.02,-0.08565600000000001,-0.3854715875805507,9989.352,0.69589888731265,1.1546282880136602
2023-09-30,53613,MU,MICRON TECHNOLOGY INC,45,-0.02,-0.031576,-0.5048958071805172,76794.12,1.3458648716056014,1.4122753258727314
2023-09-30,57808,VSH,VISHAY INTERTECHNOLOGY INC,45,0.02,-0.09980800000000001,0.21706837392250403,3483.4256800000003,1.2600806500662152,1.26666811451502
2023-09-30,59328,INTC,INTEL CORP,45,-0.02,0.007401,-0.3616620637710269,147166.32,0.8329884967841025,1.3095263287797667
2023-09-30,61241,AMD,ADVANCED MICRO DEVICES INC,45,-0.02,-0.031698000000000004,-0.5509247635785421,170808.73812,1.902984059055697,1.776199340810939
2023-09-30,64194,CHE,CHEMED CORP NEW,35,0.0053166647776089135,0.011883999999999999,0.2853376851619382,7710.98088,0.49217118020707523,0.5479239430718015
2023-09-30,65402,AOS,SMITH A O CORP,20,0.02,-0.09212899999999999,0.30305883337517786,9032.775,1.2251152407940114,0.9676073376912475
2023-09-30,66384,WDC,WESTERN DIGITAL CORP,45,-0.02,0.009733,-0.5073227885178676,14485.320000000002,1.6275209827057333,1.4328189532095634
2023-09-30,76076,CSCO,CISCO SYSTEMS INC,45,0.004683335222390458,-0.06686500000000001,0.3890283705749435,233185.1,0.9213323929586514,0.7585854499821074
2023-09-30,76226,PARA,PARAMOUNT GLOBAL,50,-0.02,-0.14629699999999998,-0.47359611682986025,9210.92091,1.6773672149455199,1.580088625563573
2023-09-30,76661,IONS,IONIS PHARMACEUTICALS INC,35,-0.02,0.12213000000000002,-0.36643233743409487,5771.73802,0.5222689148922101,0.7999022026465817
2023-09-30,76712,AES,A E S CORP,55,-0.02,-0.156526,-0.35576198845091644,12006.44797,0.9623661482095854,1.0625044969042938
2023-09-30,76837,HAE,HAEMONETICS CORP MASS,35,0.02,-0.005939,0.27462549167294337,4550.3877600000005,0.4478808419150101,0.6099205307828528
2023-09-30,76841,BIIB,BIOGEN INC,35,0.02,-0.042979,0.10251903925014647,38719.87728,0.15203730639455185,0.8696296307194009
2023-09-30,77366,MODG,TOPGOLF CALLAWAY BRANDS CORP,25,-0.02,-0.210689,-0.36237342036990544,3234.7014400000003,1.7700259370099682,1.2747797084785
2023-09-30,77730,TSN,TYSON FOODS INC,30,-0.02,-0.056454,-0.28475186208050884,15211.248500000002,0.7211393965003813,0.6121835760093567
2023-09-30,78987,MCHP,MICROCHIP TECHNOLOGY INC,45,0.02,-0.050577,0.11136915223031212,44548.294559999995,1.5931313073191922,1.524404361991207
2023-09-30,79299,PZZA,PAPA JOHNS INTL INC,25,-0.02,-0.103078,-0.08795715122604401,2478.1909,1.087047143478081,0.6590048471944058
2023-09-30,79758,BYD,BOYD GAMING CORP,25,0.02,-0.09235099999999999,0.33310318855134324,6687.80244,1.7743076879509985,0.9685955158672557
2023-09-30,79857,PTEN,PATTERSON U T I ENERGY INC,10,0.02,-0.020012,0.30207548748849283,2941.03516,2.4396057612824196,1.3882056359755155
2023-09-30,79878,UFPI,U F P INDUSTRIES INC,20,0.02,-0.022954,0.2594359360615951,6455.61275,1.4559156722539892,1.1141086918218455
2023-09-30,80069,ARWR,ARROWHEAD PHARMACEUTICALS INC,35,-0.02,-0.032125,-0.5590425977069211,2962.81452,1.0449065694302961,1.3604836994529281
2023-09-30,80415,EXP,EAGLE MATERIALS INC,15,0.02,-0.12346199999999999,0.23050046028956395,6707.98624,1.276292543010901,1.067574016341124
2023-09-30,80575,SSD,SIMPSON MANUFACTURING CO INC,20,0.02,-0.066548,0.24449744748514518,6817.43848,1.173004275943263,1.1390934523101777
2023-09-30,82307,DVA,DAVITA INC,35,0.02,-0.08130299999999999,0.13114068122855468,9350.946,0.9184908350837055,1.055378197119477
2023-09-30,83601,WOR,WORTHINGTON INDUSTRIES INC,15,0.02,-0.179229,0.19484894133400285,3761.3171699999994,1.2529456569387896,1.4383872284218613
2023-09-30,84319,LAD,LITHIA MOTORS INC,25,-0.02,-0.045466,-0.2747928696962089,8489.64724,1.468086660318751,1.235077428679882
2023-09-30,84372,NCR,N C R CORP NEW,45,-0.016589880362218406,-0.127479,-0.3787346221441124,4334.084000000001,1.5828793471827263,1.5155393634801513
2023-09-30,84519,CIEN,CIENA CORP,45,-0.02,-0.058689,-0.32341618545484974,7471.9600199999995,0.8829097532799477,1.3213276857581744
2023-09-30,84761,TTWO,TAKE TWO INTERACTIVE SOFTWR INC,50,-0.02,-0.016996,-0.2033642982676375,24149.968199999996,0.6678314974118108,0.8246857422821913
2023-09-30,85246,JLL,JONES LANG LASALLE INC,60,-0.02,-0.187253,-0.3432086367060005,8239.449600000002,1.278462092161698,1.3160960438191631
2023-09-30,85738,MRCY,MERCURY SYSTEMS INC,20,-0.02,-0.059299,-0.5049376516863335,2327.56425,0.8311253719139176,1.1228024850517069
2023-09-30,85753,VRSN,VERISIGN INC,45,0.02,-0.029581,0.34048874382793537,21430.21386,0.9151665360213544,0.8839980519955067
2023-09-30,85875,IBOC,INTERNATIONAL BANCSHARES CORP,40,0.010000000000000009,-0.036424,0.4480291237760482,2778.55422,0.9901387573418997,0.8937418854483807
2023-09-30,85992,MANH,MANHATTAN ASSOCIATES INC,45,0.02,-0.028746,0.25384969453510753,12495.37278,1.5184887164097944,1.2211439336107968
2023-09-30,86356,EBAY,EBAY INC,25,0.02,-0.019676,0.2594777805674115,23829.99046,1.3234122605564593,1.088219653190551
2023-09-30,87179,NTCT,NETSCOUT SYSTEMS INC,45,0.02,-0.025573,0.30021340697966353,2065.5972399999996,0.680838362122468,0.9588658485066951
2023-09-30,88351,INSM,INSMED INC,35,-0.02,0.149228,-0.4690350656958742,3147.782,1.6261111352662485,1.1236366098841164
2023-09-30,89031,AXON,AXON ENTERPRISE INC,20,-0.02,-0.06964699999999999,-0.4116662482216085,15917.151600000001,0.9202631582870386,1.1923914819377717
2023-09-30,89070,ZBH,ZIMMER BIOMET HOLDINGS INC,35,0.02,-0.060181,0.1368524562724914,24891.791680000002,1.0040377113079038,0.8490967629357336
2023-09-30,89216,AYI,ACUITY BRANDS INC,20,0.010000000000000009,0.051723,0.2497907774709181,5030.64576,1.4800566396483927,1.024029710813263
2023-09-30,89217,AAP,ADVANCE AUTO PARTS INC,25,-0.02,-0.191567,-0.3773955979579881,4092.7253999999994,1.0420815889850463,1.334386890003668
2023-09-30,89301,GME,GAMESTOP CORP NEW,25,-0.02,-0.11693500000000001,-0.11783412837894383,5653.13105,1.3833911729830597,0.6361756766432178
2023-09-30,89792,CVCO,CAVCO INDUSTRIES INC DEL,25,0.02,-0.053852,0.08502803581889698,2425.39504,1.1983200785752777,1.3470495312115518
2023-09-30,89946,AEL,AMERICAN EQUITY INVT LIFE HLDG C,40,0.02,-0.005012,0.2809021675454013,4203.03664,0.9387940460625911,1.4163716002710927
2023-09-30,90071,NRG,N R G ENERGY INC,55,-0.02,0.021565,-0.3956398024939326,8603.34335,0.9883776265589972,1.0117637822781493
2023-09-30,90126,CYTK,CYTOKINETICS INC,35,-0.02,-0.161107,-0.4189890367394761,3354.1701199999998,0.7197922455142906,0.7881700539818149
2023-09-30,90634,AX,AXOS FINANCIAL INC,40,0.02,-0.125641,0.11662063771026863,2584.75365,1.503272770104875,1.6888757734496136
2023-09-30,92402,MSCI,M S C I INC,40,0.02,-0.060446,0.2480751527324462,42994.36218,1.0963071728121878,1.3463637841916856
2023-09-30,92655,UNH,UNITEDHEALTH GROUP INC,35,0.02,0.057804,0.2941459536362876,441458.4369,0.6225908859228596,0.726390069790851
2023-09-30,93132,FTNT,FORTINET INC,45,0.02,-0.029678,0.105176165369487,47285.14077,1.1370258277526715,1.4294162336717913
2023-09-30,93312,SSNC,S S & C TECHNOLOGIES HLDGS INC,20,0.02,-0.089255,0.25119256841576704,14245.21296,1.3487089353855466,1.0926126979425919
2023-09-30,93356,SPSC,S P S COMMERCE INC,45,0.02,-0.08765,0.17635366976316008,6821.850630000001,0.8121445924216686,1.1214546365364952
2023-10-31,10693,EHC,ENCOMPASS HEALTH CORP,35,0.02,-0.073208,0.30069675985295374,6731.513959999999,0.9945465021965854,0.8574953364990421
2023-10-31,11995,COKE,COCA COLA CONSOLIDATED INC,30,0.009999999999999995,-0.0037919999999999994,0.34124134393434213,5325.36208,0.7690205527246671,0.7667222623950566
2023-10-31,12570,ITT,I T T INC,20,0.02,-0.051288,0.21520475335556125,8038.410999999999,1.3983601266812637,1.256193304551654
2023-10-31,12622,HCA,H C A HEALTHCARE INC,35,0.02,-0.085372,0.18162776780371034,66903.60824,1.5370035306215448,0.8793103630053704
2023-10-31,13600,QLYS,QUALYS INC,45,0.02,-0.0020929999999999994,0.31984696930836964,5613.2298,0.6117859901856022,1.0689855070066874
2023-10-31,13688,PCG,P G & E CORP,55,-0.02,0.005824,-0.0974822604086518,33731.71733,1.097044295570314,0.3462668074342432
2023-10-31,13721,ABBV,ABBVIE INC,35,0.02,-0.048126999999999996,0.2888988629563136,263097.90582,0.537241056044519,0.5269109039523979
2023-10-31,13862,TMHC,TAYLOR MORRISON HOME CORP,25,0.02,-0.105396,0.18327348892878512,4663.57928,1.6787380051329446,1.2516139691008947
2023-10-31,14329,ARMK,ARAMARK,25,-0.02,0.035177,-0.2170428314952552,9058.435000000001,1.5798573082233813,0.9574382367450132
2023-10-31,14432,ITCI,INTRA CELLULAR THERAPIES INC,35,-0.02,-0.049444999999999996,-0.0709583653928357,5012.41234,1.0957450203333265,0.4179078344695194
2023-10-31,14479,IBP,INSTALLED BUILDING PRODUCTS INC,25,0.02,-0.110568,0.10222706676925705,3548.2497900000003,1.7721133815355943,1.4787259182257297
2023-10-31,14574,MC,MOELIS & CO,40,-0.02,-0.082047,-0.2676754723433359,3004.4394899999998,1.4545719066692802,1.4154504668259749
2023-10-31,14751,VRTV,VERITIV CORP,20,0.02,-0.0016949999999999995,0.3533598358553475,2288.7639,2.064354891607801,1.0929330684349963
2023-10-31,15067,FRPT,FRESHPET INC,30,-0.02,-0.133434,-0.2971060955800633,3177.1288799999998,0.976742322615146,1.2315998672645783
2023-10-31,15490,LITE,LUMENTUM HOLDINGS INC,45,-0.02,-0.136853,-0.4093571001111395,3027.06,1.0497613779440078,1.3528928333576289
2023-10-31,15729,PSTG,PURE STORAGE INC,45,-0.02,-0.055528999999999995,-0.27297597674617424,11111.87272,1.2522086412549103,1.3829499515582142
2023-10-31,15831,AXSM,AXSOME THERAPEUTICS INC,35,-0.02,-0.11359999999999999,-0.30869026246045994,3306.98513,1.8804648610504293,0.9147842992819989
2023-10-31,16076,GMS,G M S INC,20,0.02,-0.09053699999999999,0.16861160981448237,2596.73421,1.8186339868580312,1.3812167154898247
2023-10-31,16260,MEDP,MEDPACE HOLDINGS INC,35,0.02,-0.0024849999999999994,0.13223476104984186,7429.03266,1.3460710151433153,1.7320236098489001
2023-10-31,16347,AA,ALCOA CORP,15,-0.02,-0.118918,-0.5114559288706506,5185.757,2.3725310087070905,1.8272757484281685
2023-10-31,16434,GOLF,ACUSHNET HOLDINGS CORP,25,0.02,-0.043931,0.25312045823715484,3529.44072,0.8703639311762753,1.055485356281159
2023-10-31,16597,AYX,ALTERYX INC,45,-0.02,-0.155418,-0.497114644780713,2380.68885,0.5055902440479326,1.5645151674762048
2023-10-31,16736,VST,VISTRA CORP,55,0.02,-0.018579,0.3339104043771907,12195.9726,0.8764825443362106,0.9140338504918104
2023-10-31,16816,BHF,BRIGHTHOUSE FINANCIAL INC,40,-0.02,-0.079092,-0.3255321877404463,3166.6137599999997,1.2812690926997226,1.4987957629418334
2023-10-31,16928,KRYS,KRYSTAL BIOTECH INC,35,-0.02,0.002785,-0.30095323587244593,3270.62,0.8569584043438951,0.8327878932867424
2023-10-31,17223,ADT,A D T INC,25,0.02,-0.061382,0.25491579037360007,5198.886,1.6884791226081408,1.1381769164894255
2023-10-31,17783,CHX,CHAMPIONX CORP,10,0.02,-0.137801,0.19036932546806873,6945.9,2.5116964988874377,1.3070457302700917
2023-10-31,17929,UGI,U G I CORP NEW,55,-0.02,-0.100367,-0.3446182781909891,4818.017000000001,1.0084028909693192,1.0053187441528535
2023-10-31,17949,BE,BLOOM ENERGY CORP,20,-0.02,-0.22040099999999999,-0.48666324698640684,2776.93572,3.0041773772437046,1.6679728293804257
2023-10-31,18064,FTDR,FRONTDOOR INC,25,0.02,-0.058981,0.3621868855262033,2435.51462,0.7817926639371221,0.816416640274324
2023-10-31,18184,FSR,FISKER INC,25,-0.02,-0.30378000000000005,-0.3536590578780883,2294.75196,1.029650501494841,1.160874451964615
2023-10-31,18312,MRNA,MODERNA INC,35,-0.02,-0.26931000000000005,-0.26340087201846624,39353.490000000005,1.7781997723763723,0.6057185209582526
2023-10-31,18542,CAT,CATERPILLAR INC,20,0.02,-0.172373,0.29039497307001794,139269.039,1.0747929939389855,1.0245595451075817
2023-10-31,18576,UBER,UBER TECHNOLOGIES INC,20,-0.02,-0.063641,-0.36199452851158415,93981.62277,1.2509248979701706,1.4899861721357688
2023-10-31,18772,AKRO,AKERO THERAPEUTICS INC,35,-0.02,-0.769049,-0.330490724117295,2816.34498,-0.5561492337140979,0.5043210337800351
2023-10-31,18777,KRTX,KARUNA THERAPEUTICS INC,35,-0.02,-0.019382,-0.38058903992476706,6377.90571,0.908456462894658,0.22563042394964675
2023-10-31,19201,RVMD,REVOLUTION MEDICINES INC,35,-0.02,-0.289397,-0.4890142771650851,3029.63136,1.3173051000001255,1.2468644101818318
2023-10-31,19433,MP,M P MATERIALS CORP,15,-0.02,-0.14607599999999998,-0.3454945712575875,3393.0959000000003,2.8346182592540683,1.3714522577896677
2023-10-31,19502,WBA,WALGREENS BOOTS ALLIANCE INC,30,-0.02,-0.056873,-0.3007608788578268,19213.469599999997,0.6858303827179907,0.8338589232530479
2023-10-31,19751,LCID,LUCID GROUP INC,25,-0.02,-0.267685,-0.5410575361203728,12797.05843,1.4230041172851582,1.7287967459963551
2023-10-31,22592,MMM,3M CO,20,-0.02,-0.033235,-0.24367359151919293,51677.49104,0.9389044401094846,0.9995290391713079
2023-10-31,24248,ALE,ALLETE INC,55,0.009999999999999995,0.0093,0.2770795930580491,3030.6144,0.6656175701285851,0.7115033127969849
2023-10-31,26403,DIS,DISNEY WALT CO,50,-0.015273337242829218,0.001948,-0.298687697700265,148303.58795,1.260812898360068,1.2891116405155205
2023-10-31,27887,BAX,BAXTER INTERNATIONAL INC,35,-0.02,-0.145415,-0.2409164743096521,19111.7247,0.5676439608232472,0.7806930303282055
2023-10-31,30680,CMC,COMMERCIAL METALS CO,15,0.009999999999999362,-0.145507,0.22798580832692142,5770.3962599999995,1.274695079204277,1.0778955964628094
2023-10-31,32707,HP,HELMERICH & PAYNE INC,10,0.02,-0.066148,0.1713046080191502,4191.84232,1.696451413806927,1.3816916746361656
2023-10-31,44943,DIOD,DIODES INC,45,0.02,-0.179246,0.18592374113020435,3621.5942400000004,1.4043842525163097,1.5438665306757158
2023-10-31,45306,IDCC,INTERDIGITAL INC,45,0.02,-0.062306,0.16878259382747712,2084.234,1.2078371438709778,1.3413571057002194
2023-10-31,49429,DDS,DILLARDS INC,25,0.02,-0.066261,0.24008292724630248,4114.94559,1.0035219404531186,1.1465093392490204
2023-10-31,52978,HAS,HASBRO INC,25,-0.02,-0.311489,-0.3021928699666581,9176.5943,0.7114787139987458,1.2115190272717045
2023-10-31,53613,MU,MICRON TECHNOLOGY INC,45,-0.02,-0.020151,-0.45943404291698725,74699.25302,1.3284448482907445,1.4907292091239566
2023-10-31,57808,VSH,VISHAY INTERTECHNOLOGY INC,45,0.02,-0.105039,0.17391211421732064,3138.12984,1.2647974120354237,1.3560065734556122
2023-10-31,59328,INTC,INTEL CORP,45,-0.02,0.022008,-0.42848593656493117,149878.8,0.8140289552660046,1.3822080858015062
2023-10-31,60986,NWL,NEWELL BRANDS INC,25,-0.02,-0.260529,-0.298623578695392,3740.2259999999997,1.0121469315784728,1.3418973822480427
2023-10-31,61241,AMD,ADVANCED MICRO DEVICES INC,45,-0.02,-0.046729999999999994,-0.553838591091733,166054.3,1.8949570513007152,1.8689953534856494
2023-10-31,64194,CHE,CHEMED CORP NEW,35,0.02,0.077929,0.2650465931435411,7835.5169000000005,0.4810745695813387,0.5716909680140179
2023-10-31,65402,AOS,SMITH A O CORP,20,0.02,0.055035,0.2714584936308455,8239.1367,1.2303161108959009,1.018292164498884
2023-10-31,66376,WSO,WATSCO INC,20,-0.02,-0.075123,-0.3171112251004531,12675.52776,0.8843211415808455,1.0232072385304483
2023-10-31,66384,WDC,WESTERN DIGITAL CORP,45,-0.02,-0.12481099999999999,-0.510130802769941,14784.12,1.59265798722656,1.4743531265066858
2023-10-31,70228,TOL,TOLL BROTHERS INC,25,0.02,-0.04582,0.22009917072753696,7949.146839999999,1.3811861488947408,1.1547667535096955
2023-10-31,76076,CSCO,CISCO SYSTEMS INC,45,0.02,-0.027986,0.4399204924339574,217989.16608,0.9275218298187933,0.7817127182934763
2023-10-31,76226,PARA,PARAMOUNT GLOBAL,50,-0.014726662757170784,-0.161304,-0.5011113960844661,7881.900000000001,1.6928542823814372,1.6889487464311237
2023-10-31,76661,IONS,IONIS PHARMACEUTICALS INC,35,-0.02,-0.028745,-0.49854663588954434,6504.30648,0.4787921851383526,0.8240943084268001
2023-10-31,76712,AES,A E S CORP,55,-0.02,-0.013537,-0.391211421732068,10178.3608,0.9975090033927112,1.1180271948367042
2023-10-31,76837,HAE,HAEMONETICS CORP MASS,35,0.02,-0.053274999999999996,0.2377746430708729,4542.78096,0.4427092124335472,0.6515545006364428
2023-10-31,77274,GILD,GILEAD SCIENCES INC,35,0.02,0.043323,0.360754894417372,93450.18,0.34402771869662285,0.4479653620347447
2023-10-31,77366,MODG,TOPGOLF CALLAWAY BRANDS CORP,25,-0.02,-0.121767,-0.30843378644096775,2566.98784,1.8059648926974168,1.3377742979262857
2023-10-31,77730,TSN,TYSON FOODS INC,30,-0.02,-0.086711,-0.2782337351457639,14417.419500000002,0.7236618105002358,0.6572368692507908
2023-10-31,78077,KAI,KADANT INC,20,0.0007664753285834876,-0.028101,0.21787637855860473,2640.2883,1.1800073979906687,1.1076954002719475
2023-10-31,78987,MCHP,MICROCHIP TECHNOLOGY INC,45,0.02,-0.09132599999999999,0.1636103274343849,42228.4842,1.5809006676293027,1.5854257104334453
2023-10-31,79299,PZZA,PAPA JOHNS INTL INC,25,-0.02,-0.051621999999999994,-0.09331452509190392,2215.30806,1.106471174468477,0.7061446912297215
2023-10-31,79758,BYD,BOYD GAMING CORP,25,0.02,-0.09644599999999999,0.3062109942720356,6083.72996,1.772566133674293,0.9734484380416663
2023-10-31,79862,ROCK,GIBRALTAR INDUSTRIES INC,20,0.02,-0.10321899999999999,0.33609045054287423,2054.7343600000004,1.13793338338725,1.1263765870195874
2023-10-31,79878,UFPI,U F P INDUSTRIES INC,20,0.009233524671416521,-0.075321,0.19819184406258014,6329.6512,1.4401871451539658,1.1556795148546088
2023-10-31,80069,ARWR,ARROWHEAD PHARMACEUTICALS INC,35,-0.010000000000000002,-0.089568,-0.5719415234675557,2883.47344,1.0534858898364738,1.45745603615751
2023-10-31,80575,SSD,SIMPSON MANUFACTURING CO INC,20,0.02,-0.11408499999999999,0.19575532187740446,6392.84213,1.1743400553694856,1.2009050077883519
2023-10-31,82307,DVA,DAVITA INC,35,0.02,-0.187726,0.1079977772078311,8630.589,0.9304985914470564,1.1379880780807659
2023-10-31,82800,SCCO,SOUTHERN COPPER CORP,15,0.02,-0.063023,0.22454475506540136,58207.30132,1.2531994207473656,1.228377068977328
2023-10-31,83601,WOR,WORTHINGTON INDUSTRIES INC,15,0.02,-0.007949999999999999,0.11201590151320849,3089.20722,1.2873773003281916,1.4785180185770919
2023-10-31,84319,LAD,LITHIA MOTORS INC,25,-0.02,-0.184582,-0.3385483457296744,8139.8854599999995,1.4610612350620995,1.2910325138393508
2023-10-31,84372,NCR,N C R CORP NEW,45,-0.02,-0.063926,-0.31458921090878,3800.073,1.5951715291672555,1.381515879641429
2023-10-31,84606,EEFT,EURONET WORLDWIDE INC,40,0.02,-0.036712999999999996,0.2931307172779345,3664.2601799999998,1.23632694227694,1.3135677337792926
2023-10-31,84761,TTWO,TAKE TWO INTERACTIVE SOFTWR INC,50,-0.02,-0.052011999999999996,-0.19154484055740786,23866.3,0.6626380996020388,0.8441081765158598
2023-10-31,85738,MRCY,MERCURY SYSTEMS INC,20,-0.02,-0.034642,-0.5232110797640421,2124.29266,0.8342993865512883,1.222456824921319
2023-10-31,85753,VRSN,VERISIGN INC,45,0.02,-0.018886,0.3499187825938274,20739.072,0.9090715661292934,0.9029294589760563
2023-10-31,85914,BBY,BEST BUY COMPANY INC,25,0.02,-0.042860999999999996,0.22264255792083443,15119.31186,1.4912066157545958,1.2267543076693743
2023-10-31,85992,MANH,MANHATTAN ASSOCIATES INC,45,0.02,-0.018274,0.26137043686415323,12168.34492,1.504161640063143,1.2976584006589045
2023-10-31,86356,EBAY,EBAY INC,25,0.02,-0.11494399999999999,0.2693211934684107,22926.800000000003,1.3055165493137701,1.109255309547249
2023-10-31,88351,INSM,INSMED INC,35,-0.02,-0.01224,-0.532166367444644,3611.98725,1.5534884717716304,1.219178582341461
2023-10-31,89031,AXON,AXON ENTERPRISE INC,20,-0.02,0.022925,-0.323800974608874,14910.718680000002,0.9321632337503798,1.2660363563337476
2023-10-31,89217,AAP,ADVANCE AUTO PARTS INC,25,-0.02,-0.06979099999999999,-0.3767632726340087,3326.1571,1.081265696689364,1.444645066996569
2023-10-31,89301,GME,GAMESTOP CORP NEW,25,-0.02,-0.16814099999999998,-0.036697443789005704,5024.26686,1.429614138510264,0.6634745719622055
2023-10-31,89792,CVCO,CAVCO INDUSTRIES INC DEL,25,0.02,-0.065507,0.142066341797042,2261.2979200000004,1.195942283701361,1.393264897263963
2023-10-31,89946,AEL,AMERICAN EQUITY INVT LIFE HLDG C,40,0.02,-0.017392,0.2695135504830299,4199.90472,0.9240123052131978,1.4629728422503763
2023-10-31,90071,NRG,N R G ENERGY INC,55,-0.02,0.105293,-0.48379926476874413,8825.58684,0.9669103153832939,1.0604195194058748
2023-10-31,90126,CYTK,CYTOKINETICS INC,35,-0.02,0.178584,-0.4022398905702317,2835.58392,0.7752274437515292,0.831892397681583
2023-10-31,90199,CBRE,C B R E GROUP INC,60,-0.02,-0.065912,-0.26645721125074806,22884.634680000003,1.3355870295183256,1.252723215674774
2023-10-31,90550,DLB,DOLBY LABORATORIES INC,45,0.010000000000000009,0.016481,0.3035179960673677,4720.3293,0.9524277736236139,0.9817359106567327
2023-10-31,90634,AX,AXOS FINANCIAL INC,40,0.02,-0.053050999999999994,0.12943489783705223,2236.23876,1.5138846514076763,1.7710662029797497
2023-10-31,91356,HOMB,HOME BANCSHARES INC,40,0.010000000000000009,-0.028115,0.3557749850388988,4242.04614,1.179110157781702,1.0265355807057057
2023-10-31,92402,MSCI,M S C I INC,40,0.02,-0.085658,0.21225527913140121,40578.98412,1.1000684460989767,1.4097610851924254
2023-10-31,92655,UNH,UNITEDHEALTH GROUP INC,35,0.02,0.057504,0.23568008891168674,467033.71794999996,0.5957253943725098,0.756680700617636
2023-10-31,93132,FTNT,FORTINET INC,45,0.02,-0.030448,0.17891339659741812,45553.284,1.135760759106393,1.5005706343369547
2023-10-31,93312,SSNC,S S & C TECHNOLOGIES HLDGS INC,20,0.02,-0.048301,0.2662648542361289,13003.65,1.3506918080758958,1.141569741030839
2023-10-31,93356,SPSC,S P S COMMERCE INC,45,0.02,-0.064911,0.243246131486706,6260.70456,0.8316367890804999,1.1823323258565088
2023-11-30,10693,EHC,ENCOMPASS HEALTH CORP,35,0.02,0.037296,0.2552862300154719,6270.45136,0.9755716795760039,0.8514873470940975
2023-11-30,11018,FBP,FIRST BANCORP P R,40,0.010000000000000009,0.12964399999999998,0.25225631768953066,2380.2783,1.1750123876543173,1.3538906817029375
2023-11-30,11995,COKE,COCA COLA CONSOLIDATED INC,30,0.02,0.14973799999999998,0.35082516761217125,5326.11529,0.761962865576641,0.8232134686490753
2023-11-30,12473,KNX,KNIGHT SWIFT TRANSPORT HDLGS INC,20,-0.02,0.095596,-0.3632671480144404,7885.663660000001,1.136020107911131,1.0951382668152798
2023-11-30,12570,ITT,I T T INC,20,0.02,0.15851099999999999,0.2366984700017191,7664.034999999999,1.367498682294661,1.3072609389235448
2023-11-30,12622,HCA,H C A HEALTHCARE INC,35,0.02,0.10320800000000001,0.20661423414130994,60528.858539999994,1.578731515758638,0.8624185886733963
2023-11-30,12981,FBIN,FORTUNE BRANDS INNOVATIONS INC,20,0.02,0.22619099999999998,0.25595238095238093,7036.101,1.4995863651568202,1.4876742627405948
2023-11-30,13600,QLYS,QUALYS INC,45,0.02,0.20407599999999998,0.3108990888774282,5626.265749999999,0.5350523259006928,1.1272376184262396
2023-11-30,13688,PCG,P G & E CORP,55,-0.02,0.04895,-0.16741877256317686,34776.1804,1.1357458478108107,0.33386201220948397
2023-11-30,13788,ZTS,ZOETIS INC,35,0.02,0.12086300000000001,0.2466047790957538,72269.769,0.7807723532128096,1.2303957177165985
2023-11-30,14169,PINC,PREMIER INC,35,0.02,0.077782,0.3306042633659962,2300.09584,0.3436172213156102,0.5916595236313955
2023-11-30,14229,OMF,ONEMAIN HOLDINGS INC,40,0.02,0.203652,0.3365351555784769,4308.15072,1.689233540886399,1.4137786691141503
2023-11-30,14328,AMC,A M C ENTERTAINMENT HOLDINGS INC,50,-0.02,-0.38176499999999997,-0.5137742822760873,2118.45276,2.356794414765751,1.3263110652049133
2023-11-30,14329,ARMK,ARAMARK,25,-0.02,0.039203,-0.21712222795255287,7030.0765,1.5428572992646843,1.018534112442027
2023-11-30,14432,ITCI,INTRA CELLULAR THERAPIES INC,35,-0.02,0.228896,-0.11438456248925566,4788.80288,1.0278626226663659,0.4504808038114193
2023-11-30,14479,IBP,INSTALLED BUILDING PRODUCTS INC,25,0.02,0.343387,0.15134519511775826,3172.65637,1.7411336888186373,1.5232435707565684
2023-11-30,14574,MC,MOELIS & CO,40,-0.02,0.151553,-0.24542289840123774,2772.0997199999997,1.3965960706207605,1.4439362699997849
2023-11-30,14593,AAPL,APPLE INC,45,0.02,0.109323,0.2469485989341585,2655943.45904,1.251724319224814,1.166020675013234
2023-11-30,14751,VRTV,VERITIV CORP,20,0.02,-0.000941,0.34070397111913353,2295.67491,2.0760070106367805,1.1197123403298563
2023-11-30,15067,FRPT,FRESHPET INC,30,-0.010000000000000002,0.23163899999999998,-0.2898186350352416,2768.1724,1.047342870702619,1.298199898284262
2023-11-30,15119,WK,WORKIVA INC,45,-0.02,0.09983600000000001,-0.3463340209730102,4338.73671,1.1336711277065994,1.4572121796175543
2023-11-30,15167,SHAK,SHAKE SHACK INC,25,-0.02,0.07623300000000001,-0.3425520027505587,2211.45048,1.7482422134174906,1.5383891547762372
2023-11-30,15490,LITE,LUMENTUM HOLDINGS INC,45,-0.02,0.087134,-0.4781459515214029,2627.07,1.0690673364918444,1.5001068602866712
2023-11-30,15831,AXSM,AXSOME THERAPEUTICS INC,35,-0.02,0.078588,-0.30913701220560424,2947.0896000000002,1.991016614351969,0.963704657363372
2023-11-30,16076,GMS,G M S INC,20,0.02,0.15221099999999999,0.23809523809523808,2373.87864,1.7526215708881923,1.4200713972942982
2023-11-30,16260,MEDP,MEDPACE HOLDINGS INC,35,0.02,0.111165,0.03341499054495445,7445.84361,1.319730264443054,1.4310569567257876
2023-11-30,16434,GOLF,ACUSHNET HOLDINGS CORP,25,0.02,0.108115,0.24856025442668042,3391.0312800000006,0.8515906606067388,1.141610806952564
2023-11-30,16597,AYX,ALTERYX INC,45,-0.02,0.246748,-0.4730316314251332,2021.9116499999998,0.5181981528740697,1.6792543158815725
2023-11-30,16736,VST,VISTRA CORP,55,0.02,0.077789,0.39004211793020455,12026.8904,0.8624726756233748,0.9552729844317788
2023-11-30,16816,BHF,BRIGHTHOUSE FINANCIAL INC,40,-0.02,0.144141,-0.26005673027333676,2931.0911999999994,1.28661368456506,1.5800168705738924
2023-11-30,16928,KRYS,KRYSTAL BIOTECH INC,35,-0.02,-0.112578,-0.3020887055183084,3296.43522,0.949858411324048,0.886960967000527
2023-11-30,17104,APLS,APELLIS PHARMACEUTICALS INC,35,-0.009573846768899316,0.102645,-0.47341842874333845,5766.21,0.9160356541405079,1.5390270598948288
2023-11-30,17223,ADT,A D T INC,25,0.02,0.032679,0.29639418944473095,4904.28246,1.6702613591977382,1.213517753194
2023-11-30,17783,CHX,CHAMPIONX CORP,10,0.012276759167208755,-0.052475999999999995,0.1976749183427884,5999.84,2.5637467101668734,1.2753764200566047
2023-11-30,17949,BE,BLOOM ENERGY CORP,20,-0.02,0.384038,-0.5269683685748668,2328.1336,2.9968024038050176,1.8808728637674503
2023-11-30,18312,MRNA,MODERNA INC,35,-0.02,0.018483,-0.21804624376826545,28962.332639999997,1.8320088415430513,0.6443078075658585
2023-11-30,18576,UBER,UBER TECHNOLOGIES INC,20,-0.02,0.298256,-0.35903386625408285,88443.67543999999,1.25637998141507,1.51932480600768
2023-11-30,18777,KRTX,KARUNA THERAPEUTICS INC,35,-0.02,0.143226,-0.4256274712050886,6285.69547,0.9210216297114298,0.2472518735224032
2023-11-30,18973,BRC,BRADY CORP,20,0.02,0.089047,0.439337287261475,2306.6945,0.7055005077833086,0.871628194962749
2023-11-30,19166,FMC,F M C CORP,15,-0.02,0.004223,-0.3162927625924015,6635.8488,0.8680634292857299,1.168679742925358
2023-11-30,19201,RVMD,REVOLUTION MEDICINES INC,35,-0.02,0.17385899999999999,-0.6021359807460892,2167.1496,1.379032846764585,1.7190583529929082
2023-11-30,19393,BMY,BRISTOL MYERS SQUIBB CO,35,0.01957384676889931,-0.046147,0.3523938456248925,104851.07974,0.35420038931813713,0.5069536756485646
2023-11-30,19433,MP,M P MATERIALS CORP,15,-0.02,-0.036740999999999996,-0.33142083548220735,2913.4435999999996,2.8602797757583454,1.4717149262643037
2023-11-30,19502,WBA,WALGREENS BOOTS ALLIANCE INC,30,-0.02,-0.035993,-0.28805655836341754,18211.328199999996,0.7641274264823111,0.9004426340667294
2023-11-30,19880,MTZ,MASTEC INC,20,-0.02,0.015764,-0.3275528623001547,4687.4384,1.5194710106317453,1.5331374626526428
2023-11-30,22111,JNJ,JOHNSON & JOHNSON,35,0.02,0.046457000000000005,0.3812317345710848,357095.76686000003,0.5384083201435477,0.4511868425133333
2023-11-30,22592,MMM,3M CO,20,-0.02,0.101927,-0.31719528966821386,50233.23115,0.9313997008020758,1.0535269483061143
2023-11-30,24248,ALE,ALLETE INC,55,0.02,0.044437000000000004,0.2671695031803335,3073.08892,0.6771929794614051,0.7333559033356343
2023-11-30,26403,DIS,DISNEY WALT CO,50,-0.010000000000000002,0.131622,-0.28446793880006876,149291.66861,1.290004120811072,1.3672704046684796
2023-11-30,27887,BAX,BAXTER INTERNATIONAL INC,35,-0.02,0.117068,-0.2746475846656352,16422.71415,0.5306257693338082,0.8403519605848399
2023-11-30,32707,HP,HELMERICH & PAYNE INC,10,0.02,-0.078725,0.1887785800240673,3934.32639,1.7156255766322688,1.4354168176948943
2023-11-30,38762,NI,NISOURCE INC,55,-0.02,0.014654,-0.28418858518136497,10397.4958,0.44583688694299567,0.7183309625114327
2023-11-30,40272,IFF,INTERNATIONAL FLAVORS & FRAG INC,15,-0.02,0.098429,-0.2959644146467251,17446.54255,1.1074240356726526,1.4043014278670847
2023-11-30,44206,ES,EVERSOURCE ENERGY,55,-0.02,0.100056,-0.2912368918686608,18777.33594,0.48999546915208214,0.6608513120255921
2023-11-30,44943,DIOD,DIODES INC,45,0.02,0.016166,0.2334321815368747,2989.5148799999997,1.4365866686066184,1.6221781715562484
2023-11-30,49429,DDS,DILLARDS INC,25,0.02,0.113598,0.28977565755544094,3861.68755,1.0022046801288385,1.1855848198770589
2023-11-30,53613,MU,MICRON TECHNOLOGY INC,45,-0.02,0.133904,-0.37018652226233456,73425.53358000002,1.2932055101760274,1.5392609400648984
2023-11-30,57808,VSH,VISHAY INTERTECHNOLOGY INC,45,0.02,-0.004874,0.2268136496475847,2823.3012799999997,1.2764222060130677,1.412542773902781
2023-11-30,59328,INTC,INTEL CORP,45,-0.02,0.224267,-0.4275184803163143,153884.0,0.8290860701393246,1.4537035179806685
2023-11-30,66384,WDC,WESTERN DIGITAL CORP,45,-0.02,0.198814,-0.4797576070139247,13018.35645,1.5443762344959977,1.6453164091303787
2023-11-30,70228,TOL,TOLL BROTHERS INC,25,0.02,0.210256,0.2528365136668386,7599.84009,1.4368975484932531,1.2200574741503134
2023-11-30,76076,CSCO,CISCO SYSTEMS INC,45,0.02,-0.07636,0.44963039367371493,211074.37000000002,0.9349381021394179,0.7931123173235374
2023-11-30,76136,KMPR,KEMPER CORP DE,40,-0.02,0.113349,-0.287282963727007,2555.78956,0.9179020063898848,1.2866426229475285
2023-11-30,76661,IONS,IONIS PHARMACEUTICALS INC,35,-0.02,0.113037,-0.5001719099192024,6351.505440000001,0.48035260239752753,0.9395103334380522
2023-11-30,76712,AES,A E S CORP,55,-0.010000000000000002,0.15061,-0.43950919718067727,9977.4721,1.0511268592276148,1.1896190776622455
2023-11-30,76837,HAE,HAEMONETICS CORP MASS,35,0.02,-0.05558,0.3011861784424961,4322.183760000001,0.42588993236616146,0.7057284882857672
2023-11-30,77366,MODG,TOPGOLF CALLAWAY BRANDS CORP,25,-0.02,-0.0011510000000000001,-0.3879362214199759,2266.51672,1.8314193183133922,1.449844929369155
2023-11-30,77660,CACC,CREDIT ACCEPTANCE CORP,40,0.02,0.131177,0.2359678528451091,5057.33781,1.3401405232060506,1.5899133624030484
2023-11-30,77730,TSN,TYSON FOODS INC,30,-0.02,0.01672,-0.23338920405707414,13235.2425,0.7658491891883915,0.7147847439076421
2023-11-30,78077,KAI,KADANT INC,20,0.010000000000000009,0.18021199999999998,0.25629620079078563,2575.3199999999997,1.1792205073522453,1.1350895651905513
2023-11-30,78875,WOLF,WOLFSPEED INC,45,-0.02,0.08482,-0.7247077531373561,4238.7307200000005,1.744059109160263,2.484724907620109
2023-11-30,78987,MCHP,MICROCHIP TECHNOLOGY INC,45,0.02,0.172234,0.11644748151968368,38571.09805,1.5668390293514691,1.6807419428209662
2023-11-30,79299,PZZA,PAPA JOHNS INTL INC,25,-0.02,0.006121000000000001,-0.08855509712910438,2129.7951199999998,1.176628853820901,0.739996774902825
2023-11-30,79878,UFPI,U F P INDUSTRIES INC,20,0.02,0.150667,0.2474213512119649,5882.7432100000005,1.4017225232475639,1.2370585759073176
2023-11-30,80069,ARWR,ARROWHEAD PHARMACEUTICALS INC,35,-0.02,-0.14228500000000002,-0.5778107271789582,2638.80208,0.9442421455491183,1.5596007405083048
2023-11-30,80575,SSD,SIMPSON MANUFACTURING CO INC,20,0.02,0.24929300000000001,0.23474299467079246,5683.190140000001,1.1333955873535826,1.2603844693692827
2023-11-30,80864,RS,RELIANCE STEEL & ALUMINUM CO,15,0.02,0.081639,0.3141653773422727,14895.72966,0.9003882188551205,1.0073132760083268
2023-11-30,82800,SCCO,SOUTHERN COPPER CORP,15,0.02,0.024335,0.40323620422898404,54813.3572,1.2484889092108593,1.293781247179713
2023-11-30,83601,WOR,WORTHINGTON INDUSTRIES INC,15,0.02,0.16477399999999998,0.25868145091971806,3078.8433,1.3083799006742296,1.4802346829110844
2023-11-30,84319,LAD,LITHIA MOTORS INC,25,-0.02,0.100052,-0.3207624204916624,6665.6192,1.5777054332940352,1.441363341097933
2023-11-30,84372,VYX,N C R VOYIX CORP,45,-0.02,0.021082999999999998,-0.331764655320612,2154.361,1.6295412291038367,1.4739641231943865
2023-11-30,84761,TTWO,TAKE TWO INTERACTIVE SOFTWR INC,50,-0.02,0.17837999999999998,-0.16075726319408634,22746.595,0.6620200515587403,0.8952202429892681
2023-11-30,85738,MRCY,MERCURY SYSTEMS INC,20,-0.02,-0.051394999999999996,-0.4874075984184288,2132.78646,0.7966590498447257,1.3189999933472631
2023-11-30,85914,BBY,BEST BUY COMPANY INC,25,0.02,0.057234,0.1934846140622314,14542.57116,1.4902823652628099,1.2947194437844907
2023-11-30,85992,MANH,MANHATTAN ASSOCIATES INC,45,0.02,0.139539,0.2176594464500601,12003.9437,1.4887057177500107,1.3041404794150013
2023-11-30,86356,EBAY,EBAY INC,25,0.02,0.047322,0.3130049853876568,20399.6,1.3110204427388947,1.2101130647087706
2023-11-30,88351,INSM,INSMED INC,35,-0.02,-0.00602,-0.39597301014268516,3585.1337200000003,1.4708916467782391,1.248500373573253
2023-11-30,89031,AXON,AXON ENTERPRISE INC,20,-0.02,0.11969,-0.325661853188929,15322.844680000002,0.9036611898265406,1.3494063659827982
2023-11-30,89217,AAP,ADVANCE AUTO PARTS INC,25,-0.02,-0.028256,-0.3813176895306859,3094.2241,1.1073878786043836,1.5791979750930412
2023-11-30,89301,GME,GAMESTOP CORP NEW,25,-0.02,0.052221000000000004,-0.02613030771875539,4203.16857,1.4629160853746033,0.7176850792808485
2023-11-30,89792,CVCO,CAVCO INDUSTRIES INC DEL,25,0.02,0.12891699999999998,0.19602028537046587,2077.1707499999998,1.1488960334757579,1.4421733496361582
2023-11-30,89876,CRI,CARTERS INC,25,0.02,0.022265,0.2730359291731133,2473.167,1.2490778015994883,1.1769737620025438
2023-11-30,89946,AEL,AMERICAN EQUITY INVT LIFE HLDG C,40,0.02,0.037117000000000004,0.2585740072202166,4164.19184,0.898497835446306,1.537922828756662
2023-11-30,90071,NRG,N R G ENERGY INC,55,-0.02,0.12441,-0.4922210761560942,9709.97846,0.9569127635808936,1.12324778912796
2023-11-30,90126,CYTK,CYTOKINETICS INC,35,-0.02,-0.044010999999999995,-0.45889204057074096,3355.3447199999996,0.6062754575570775,0.9490819082446933
2023-11-30,90199,CBRE,C B R E GROUP INC,60,-0.0004261532311000576,0.134313,-0.2366554925219185,21134.34662,1.346715987979347,1.3133469103964517
2023-11-30,90249,ENS,ENERSYS,20,0.02,0.029462,0.2322717895822589,3512.2032,1.3381957522623646,1.5849197801118529
2023-11-30,90436,HALO,HALOZYME THERAPEUTICS INC,35,0.02,0.13552299999999998,0.23843905793364278,4474.15926,1.2738723253812094,1.1898436601607014
2023-11-30,90550,DLB,DOLBY LABORATORIES INC,45,0.01042615323110005,0.063377,0.28713254254770504,4820.3817,0.9682269100546078,1.036855756879798
2023-11-30,90634,AX,AXOS FINANCIAL INC,40,0.02,0.057746000000000006,0.08275313735602544,2080.08396,1.5147560464284677,1.890306056425843
2023-11-30,92326,CVI,C V R ENERGY,10,0.017723240832791247,0.029768,0.31328433900636066,3292.3902500000004,1.6130979516463202,1.0129052591014827
2023-11-30,92402,MSCI,M S C I INC,40,0.02,0.103143,0.2686307374935534,37294.41795,1.0759195445903744,1.4146380334795743
2023-11-30,93096,DG,DOLLAR GENERAL CORP NEW,30,-0.02,0.097054,-0.2974686264397456,26126.42304,0.3445202847202535,0.7622368375574986
2023-11-30,93132,FTNT,FORTINET INC,45,0.02,-0.085061,0.18293364277118787,44381.070999999996,1.119814734523759,1.5856687114329073
2023-11-30,93312,SSNC,S S & C TECHNOLOGIES HLDGS INC,20,0.02,0.119954,0.27600137527935364,12437.679,1.3547238702785467,1.1616936186667872
2023-12-31,10693,EHC,ENCOMPASS HEALTH CORP,35,0.02,0.021820000000000003,0.28432106467040963,6532.70597,0.9516169760804214,0.9266122150674243
2023-12-31,11018,FBP,FIRST BANCORP P R,40,0.02,0.092401,0.26839259721355796,2588.2799999999997,1.1853261035552134,1.5284509981555463
2023-12-31,11995,COKE,COCA COLA CONSOLIDATED INC,30,0.0110157020593083,0.259689,0.32324807652318566,6147.19788,0.7793893834149104,0.8915552169551463
2023-12-31,12473,KNX,KNIGHT SWIFT TRANSPORT HDLGS INC,20,-0.02,0.07035999999999999,-0.2800998128509046,8678.42482,1.1306583037470364,1.1449376941160627
2023-12-31,12570,ITT,I T T INC,20,0.02,0.09779399999999999,0.2233936369307548,8888.966999999999,1.3786306039849043,1.4012058034776178
2023-12-31,12622,HCA,H C A HEALTHCARE INC,35,0.02,0.07879599999999999,0.22532751091703054,67043.72727999999,1.5604214705238104,0.9161210681722374
2023-12-31,12981,FBIN,FORTUNE BRANDS INNOVATIONS INC,20,0.02,0.108404,0.17569141193595345,8628.68085,1.5399598869561155,1.5833914316601767
2023-12-31,13318,YELP,YELP INC,50,0.02,0.07878099999999999,0.3188396756082345,2992.95483,1.4207359971643172,1.1951164306728919
2023-12-31,13688,PCG,P G & E CORP,55,-0.02,0.046403,-0.1407153254314826,36632.33236,1.1340381953260947,0.37657035036309555
2023-12-31,13788,ZTS,ZOETIS INC,35,0.02,0.11290199999999999,0.1753794967768767,81111.67038,0.7992499966853457,1.2010303501275157
2023-12-31,14329,ARMK,ARAMARK,25,-0.02,-0.0010529999999999997,-0.2175296319401123,7324.83908,1.5022870808170907,1.1366283578344505
2023-12-31,14432,ITCI,INTRA CELLULAR THERAPIES INC,35,-0.02,0.162754,-0.08467456851736328,5906.12606,1.075658915800943,0.4779405667108687
2023-12-31,14479,IBP,INSTALLED BUILDING PRODUCTS INC,25,0.017251226056609212,0.212586,0.03333333333333331,4275.838589999999,1.8036783392513656,1.7225594251923502
2023-12-31,14574,MC,MOELIS & CO,40,-0.02,0.17866300000000002,-0.2415055105011437,3163.2542500000004,1.4085105673717224,1.4478231551779106
2023-12-31,14593,AAPL,APPLE INC,45,0.02,0.009316999999999999,0.2909544603867748,2954245.2424,1.2535924247474002,1.1362965748522662
2023-12-31,14596,FIVN,FIVE 9 INC,45,-0.02,0.02814,-0.37868579746309006,5540.88912,0.8761883549545089,1.6146585640525335
2023-12-31,14601,NAVI,NAVIENT CORP,40,0.02,0.082716,0.35410688292784365,2013.9912299999999,1.495372424560242,1.3037981181872704
2023-12-31,14617,ARES,ARES MANAGEMENT CORP,40,-0.02,0.062304000000000005,-0.27211478477854023,20832.14075,1.2308291186951252,1.5876852790308467
2023-12-31,14691,CBAY,CYMABAY THERAPEUTICS INC,35,-0.02,0.230444,-0.48369723435225614,2169.39939,0.40297341492076355,1.0718461822140746
2023-12-31,15067,FRPT,FRESHPET INC,30,-0.0010157020593083046,0.218567,-0.3119983364524849,3421.7766,1.1087850754102038,1.5191273923455157
2023-12-31,15119,WK,WORKIVA INC,45,-0.02,0.051469,-0.31956747764608023,4827.92634,1.1257984738387292,1.4574503541231587
2023-12-31,15398,CC,CHEMOURS CO,15,-0.02,0.14557,-0.4067373674360573,4071.6543399999996,1.955012213652987,1.8578116924126649
2023-12-31,15490,LITE,LUMENTUM HOLDINGS INC,45,-0.02,0.2205,-0.4534414639218133,2867.6,1.076439254639708,1.6408634641876598
2023-12-31,15831,AXSM,AXSOME THERAPEUTICS INC,35,-0.02,0.17571900000000001,-0.30374298190892074,3191.7340000000004,1.9255315963680222,0.7956414318025656
2023-12-31,16076,GMS,G M S INC,20,0.02,0.214392,0.19149511332917443,2745.71052,1.7409239402356145,1.5279453593453554
2023-12-31,16182,PI,IMPINJ INC,45,-0.02,0.072777,-0.662424620503223,2261.6110400000002,2.1026865283266676,2.459633457858305
2023-12-31,16260,MEDP,MEDPACE HOLDINGS INC,35,0.02,0.128011,0.11212310251611561,8306.501760000001,1.3028547220216944,1.5579768476479525
2023-12-31,16434,GOLF,ACUSHNET HOLDINGS CORP,25,0.02,0.113787,0.3153878145144521,3693.857,0.8643036303114144,1.2939437924251027
2023-12-31,16597,AYX,ALTERYX INC,45,-0.017251226056609212,0.173262,-0.42526512788521525,2558.9547,0.5971587518189742,1.872865675507028
2023-12-31,16736,VST,VISTRA CORP,55,0.02,0.089705,0.22405905593678524,12660.91632,0.8605770530677741,1.04134156783621
2023-12-31,16928,KRYS,KRYSTAL BIOTECH INC,35,-0.02,0.185986,-0.3378872946558536,2939.91138,0.8478340837830559,1.0236640194224509
2023-12-31,17223,ADT,A D T INC,25,0.02,0.16367,0.30147639841962987,5089.74199,1.6250813447909578,1.5303716284982773
2023-12-31,17783,CHX,CHAMPIONX CORP,10,0.02,-0.008018,0.2550842170929507,5711.536,2.454124425470788,1.3997579511768226
2023-12-31,17949,BE,BLOOM ENERGY CORP,20,-0.02,0.020665,-0.6434601788313579,3235.26756,3.058288730041107,2.1221806977119315
2023-12-31,17959,CRNX,CRINETICS PHARMACEUTICALS INC,35,-0.0017330718840818625,0.114954,-0.6046995217300895,2123.54021,0.560970535535306,1.8318620446296499
2023-12-31,18312,MRNA,MODERNA INC,35,-0.02,0.275657,-0.2664171345394053,29625.7668,1.756644921776024,0.7372184658204043
2023-12-31,18576,UBER,UBER TECHNOLOGIES INC,20,-0.02,0.08778799999999999,-0.25812019130796415,116022.03404000001,1.3430038016554926,1.536283962696192
2023-12-31,18656,IDYA,IDEAYA BIOSCIENCES INC,35,-0.02,0.127054,-0.5976294447910169,2027.23555,0.8232599352638466,1.1015919559452103
2023-12-31,18777,KRTX,KARUNA THERAPEUTICS INC,35,-0.02,0.651034,-0.4432522353919734,7213.77967,0.9220294640526807,0.2890535673948888
2023-12-31,18973,BRC,BRADY CORP,20,0.02,0.038741,0.37161572052401753,2520.50211,0.7132680872579285,0.9702997585644673
2023-12-31,19166,FMC,F M C CORP,15,-0.02,0.181489,-0.32343522561863175,6694.56794,0.8387631018768257,1.3827362977346103
2023-12-31,19393,BMY,BRISTOL MYERS SQUIBB CO,35,0.02,0.034819,0.32143896860054066,100476.35004,0.31983231817534635,0.5852999335678074
2023-12-31,19433,MP,M P MATERIALS CORP,15,-0.02,0.24652200000000002,-0.4012684549802454,2821.9240499999996,2.6498503823659365,1.5478431931542835
2023-12-31,19484,PCVX,VAXCYTE INC,35,-0.02,0.208792,-0.30738199209814926,4926.12258,0.8729654913157882,0.759138170637968
2023-12-31,19502,WBA,WALGREENS BOOTS ALLIANCE INC,30,-0.02,0.305162,-0.24009149511332914,17191.60998,0.7272000267913,0.9864430260215038
2023-12-31,19880,MTZ,MASTEC INC,20,-0.02,0.24441500000000002,-0.34938656685381575,4779.82672,1.4693263198324538,1.6963711510228079
2023-12-31,22111,JNJ,JOHNSON & JOHNSON,35,0.02,0.009183,0.37795799542524433,372309.77014,0.536488804377808,0.49735665099031395
2023-12-31,22592,MMM,3M CO,20,-0.02,0.09919599999999999,-0.25360781867332094,54718.04519,0.9419371589173198,1.1556910704270527
2023-12-31,23712,PEG,PUBLIC SERVICE ENTERPRISE GP INC,55,0.009999999999999995,-0.015825,0.2463505926388023,31109.74302,0.526168388093453,0.7893152277872864
2023-12-31,24248,ALE,ALLETE INC,55,0.02,0.09811299999999999,0.2698066126013724,3188.8239599999997,0.6695422301360425,0.7965928825527631
2023-12-31,26403,DIS,DISNEY WALT CO,50,-0.02,-0.02701,-0.272010813058848,169651.99004,1.3021283011442504,1.3419936618443853
2023-12-31,27887,BAX,BAXTER INTERNATIONAL INC,35,-0.02,0.067242,-0.2453316697858183,18304.24992,0.5609577449791877,0.9573550086851282
2023-12-31,32707,HP,HELMERICH & PAYNE INC,10,0.010000000000000002,-0.004542,0.15221459762944484,3602.24021,1.6224412667675399,1.5459312890939083
2023-12-31,38762,NI,NISOURCE INC,55,-0.02,0.031225000000000003,-0.12634643377001456,10599.9606,0.4344564042500812,0.7655899967419059
2023-12-31,42550,NEU,NEWMARKET CORP,15,0.02,0.028756999999999998,0.515429403202329,5087.5909,0.35434998933520656,0.5778764323906349
2023-12-31,44206,ES,EVERSOURCE ENERGY,55,-0.02,0.04596,-0.23688916614680805,20753.45766,0.5121790015218463,0.7573698975254596
2023-12-31,44943,DIOD,DIODES INC,45,0.02,0.208019,0.028966521106259097,3051.2019600000003,1.382447832327148,1.7373137210164955
2023-12-31,45306,IDCC,INTERDIGITAL INC,45,0.02,0.08200299999999999,0.31761280931586616,2568.24376,1.2944422083900615,1.402442628440534
2023-12-31,46463,GFF,GRIFFON CORP,20,0.02,0.305642,0.3081929715117488,2427.23745,1.4908167741807312,1.3826322062498377
2023-12-31,53613,MU,MICRON TECHNOLOGY INC,45,-0.02,0.11836899999999999,-0.4148471615720524,84036.48000000001,1.299233345423198,1.6161379576900952
2023-12-31,58683,LUV,SOUTHWEST AIRLINES CO,20,-0.02,0.13217600000000002,-0.3163443543356207,15242.66055,1.1586520917155174,1.285402564157126
2023-12-31,58771,RRX,REGAL REXNORD CORP,20,-0.02,0.234186,-0.3237679351216469,7948.6102,1.0807491036238035,1.6929569969341909
2023-12-31,59328,INTC,INTEL CORP,45,-0.02,0.11989499999999999,-0.39604907465169475,188455.2,0.8921014778614967,1.5821876724531436
2023-12-31,64194,CHE,CHEMED CORP NEW,35,0.02,0.027039,0.31505510501143685,8540.154,0.43499636885232185,0.6982050029662329
2023-12-31,65307,RPM,R P M INTERNATIONAL INC,15,0.02,0.080258,0.2357454772301934,13260.26604,0.9423317377235936,1.3400614998679146
2023-12-31,65402,AOS,SMITH A O CORP,20,0.02,0.089683,0.33815762112705344,9256.318080000001,1.1738344780200782,1.1565411819531848
2023-12-31,66384,WDC,WESTERN DIGITAL CORP,45,-0.02,0.079775,-0.3877937201081306,15664.17933,1.570326569933971,1.718150137815795
2023-12-31,70228,TOL,TOLL BROTHERS INC,25,0.02,0.192497,0.2154086088583905,9231.37131,1.469283319173096,1.3592157281880035
2023-12-31,76076,CSCO,CISCO SYSTEMS INC,45,0.02,0.039967,0.3773965481389062,196590.96888000003,0.8678782640519938,0.9039934203085532
2023-12-31,76136,KMPR,KEMPER CORP DE,40,-0.02,0.096118,-0.22366396340195469,2834.56801,0.9357726149415582,1.3346616187276612
2023-12-31,76661,IONS,IONIS PHARMACEUTICALS INC,35,-0.02,0.018374,-0.5461634435433563,7097.55984,0.5043532820900511,1.035728393301799
2023-12-31,76712,AES,A E S CORP,55,-0.02,0.11427,-0.4867124142233313,11524.31509,1.0739910808454498,1.4194619427661161
2023-12-31,77274,GILD,GILEAD SCIENCES INC,35,0.011733071884081857,0.06300499999999999,0.3623206487835309,95446.81719999999,0.26367730593476524,0.43615386920672244
2023-12-31,77660,CACC,CREDIT ACCEPTANCE CORP,40,0.010000000000000009,0.161445,0.13959243085880643,5743.119,1.3495039857503586,1.7488443069148676
2023-12-31,77730,TSN,TYSON FOODS INC,30,-0.02,0.143257,-0.24021626117695988,13360.22004,0.7478118912714535,0.7910531751646337
2023-12-31,78987,MCHP,MICROCHIP TECHNOLOGY INC,45,0.02,0.076511,0.024495737159492586,45144.794799999996,1.5732862321478585,1.7417095886317369
2023-12-31,79686,DECK,DECKERS OUTDOOR CORP,25,0.02,0.002451,0.26778956123934294,17084.612070000003,0.9358235407117836,1.3058731442476148
2023-12-31,79862,ROCK,GIBRALTAR INDUSTRIES INC,20,0.02,0.171207,0.3442919525888959,2044.9948399999998,1.090511845614333,1.2605760555871193
2023-12-31,80563,PENN,PENN ENTERTAINMENT INC,25,-0.02,0.05518,-0.3520066541900603,3713.44744,2.245754709338542,1.7628675744474938
2023-12-31,80575,SSD,SIMPSON MANUFACTURING CO INC,20,0.010000000000000009,0.181456,0.18642129340819297,7125.11081,1.1914227907104884,1.3942427308802512
2023-12-31,82694,EME,EMCOR GROUP INC,20,0.02,0.009427000000000001,0.2743189852360158,9997.79088,1.0507121413880796,1.248636254653725
2023-12-31,82800,SCCO,SOUTHERN COPPER CORP,15,0.02,0.192314,0.3882927843626533,55609.8023,1.214313118178989,1.3178570909042393
2023-12-31,83601,WOR,WORTHINGTON INDUSTRIES INC,15,0.02,0.18949100000000002,0.14541484716157208,3582.4905000000003,1.3284620411836137,1.5901846310253958
2023-12-31,84319,LAD,LITHIA MOTORS INC,25,-0.02,0.22903900000000002,-0.2979413599500935,7347.5648,1.5593761316293262,1.5870949968285728
2023-12-31,84372,VYX,N C R VOYIX CORP,45,-0.02,0.074178,-0.3777084632979829,2214.0159999999996,1.580347151119115,1.5761744924043337
2023-12-31,84761,TTWO,TAKE TWO INTERACTIVE SOFTWR INC,50,-0.02,0.013117,-0.313994593470576,26904.7576,0.7185293416060661,0.8760476961618209
2023-12-31,85738,MRCY,MERCURY SYSTEMS INC,20,-0.02,0.062226,-0.46051154086088586,2032.60833,0.7447374812651496,1.4907256095919341
2023-12-31,85992,MANH,MANHATTAN ASSOCIATES INC,45,0.02,-0.038922,0.27255146600124763,13732.07325,1.4846605282997325,1.2994881822630167
2023-12-31,89217,AAP,ADVANCE AUTO PARTS INC,25,-0.02,0.197348,-0.4143688916614681,3022.10658,1.0587579815841761,1.7684234333413116
2023-12-31,89301,GME,GAMESTOP CORP NEW,25,-0.02,0.200545,-0.052963194011228946,4441.25655,1.4006585787123724,0.8337095544447995
2023-12-31,89525,CMCSA,COMCAST CORP NEW,50,0.02,0.042523,0.33713869827406945,168214.95015000002,0.9754148954469075,1.0572777969514806
2023-12-31,89876,CRI,CARTERS INC,25,0.02,0.09398899999999999,0.29292992306092736,2511.09675,1.218151525488952,1.2195362999032107
2023-12-31,90071,NRG,N R G ENERGY INC,55,-0.02,0.07641999999999999,-0.428592222915367,10800.549760000002,0.9709559695864344,1.247819426672289
2023-12-31,90199,CBRE,C B R E GROUP INC,60,-0.02,0.174685,-0.29469744229569556,24066.45528,1.3496955898020833,1.3886715318813443
2023-12-31,90249,ENS,ENERSYS,20,0.02,0.13936300000000001,0.2129340819297151,3574.50352,1.2999185214756357,1.6477432564151506
2023-12-31,90319,GOOGL,ALPHABET INC,50,0.02,0.04976,0.264316905801622,784312.54,0.9810674126505319,1.5349167628623144
2023-12-31,90436,HALO,HALOZYME THERAPEUTICS INC,35,0.02,-0.047001,0.15529216053233524,5100.30378,1.2780928652515149,1.3775994497858248
2023-12-31,90490,TBBK,BANCORP INC,40,0.02,-0.015802,0.24526928675400292,2093.12056,1.5452563939898807,1.984606061364541
2023-12-31,90634,AX,AXOS FINANCIAL INC,40,0.02,0.422439,0.03237679351216468,2209.40364,1.4838960769061456,2.263955796481926
2023-12-31,91516,AWI,ARMSTRONG WORLD INDS INC NEW,20,0.02,0.155031,0.3388854231648991,3746.9058,1.0777714670857619,1.1564508475798756
2023-12-31,92220,MASI,MASIMO CORP,35,-0.02,0.24584100000000003,-0.35637346641713447,4948.652800000001,0.8949682496156002,1.2090798453542624
2023-12-31,92326,CVI,C V R ENERGY,10,0.02,-0.050536,0.35389893948845913,3193.86987,1.5685746191698509,1.1080322990325246
2023-12-31,92402,MSCI,M S C I INC,40,0.02,0.081747,0.2571636514867956,41194.54735,1.072616847811269,1.464082577179478
2023-12-31,93096,DG,DOLLAR GENERAL CORP NEW,30,-0.02,0.032571,-0.21809107922645038,28777.69312,0.37224370575181653,0.8305290935799421
2023-12-31,93132,FTNT,FORTINET INC,45,0.02,0.109318,0.08124350176751927,40361.3496,1.0411310042354351,1.6266226092422087
2024-01-31,10107,MSFT,MICROSOFT CORP,45,0.02,0.052552,0.25795322341236415,2794827.80248,0.8183245552100894,1.3904440825041395
2024-01-31,10693,EHC,ENCOMPASS HEALTH CORP,35,0.02,0.060019,0.27935571869859993,6688.07952,0.8983552919103335,0.970633012490675
2024-01-31,11018,FBP,FIRST BANCORP P R,40,0.02,0.009253,0.24750270790708867,2838.4804,1.2259195081443097,1.5806410352824976
2024-01-31,12473,KNX,KNIGHT SWIFT TRANSPORT HDLGS INC,20,-0.02,-0.009412,-0.28505235287038155,9302.922849999999,1.0331006964533502,1.1572280363736491
2024-01-31,12570,ITT,I T T INC,20,0.02,0.007507000000000001,0.24515585509688287,9796.171999999999,1.3850972198015181,1.4279364321220356
2024-01-31,12622,HCA,H C A HEALTHCARE INC,35,0.02,0.12169300000000001,0.21213944718578248,72450.47948000001,1.568362445653477,0.9703467988847128
2024-01-31,12981,FBIN,FORTUNE BRANDS INNOVATIONS INC,20,0.02,0.014314999999999998,0.19815862317968472,9600.8733,1.5542225457508965,1.6283594940121517
2024-01-31,13305,ZWS,ZURN ELKAY WATER SOLUTIONS CORP,20,0.02,0.003431000000000001,0.2633289204477073,5082.37151,1.2209255358308542,1.4043359342621733
2024-01-31,13318,YELP,YELP INC,50,0.02,-0.080986,0.33120712480442893,3241.51182,1.5274911588544813,1.215661515462959
2024-01-31,13600,QLYS,QUALYS INC,45,0.02,-0.040952999999999996,0.3350984875837445,7244.49852,0.5897621765404768,1.1276282863760543
2024-01-31,13688,PCG,P G & E CORP,55,-0.02,-0.069066,-0.1115858306254262,38467.14924,1.1377502553971406,0.3883281724010789
2024-01-31,13788,ZTS,ZOETIS INC,35,0.02,-0.051008,0.23171661250852488,90615.33018,0.8024864616025974,1.2361702861923156
2024-01-31,14229,OMF,ONEMAIN HOLDINGS INC,40,0.02,-0.037249,0.2778713844425723,5899.276800000001,1.713842410576599,1.5034679189903268
2024-01-31,14318,NMIH,N M I HOLDINGS INC,40,0.010000000000000009,0.070743,0.40490231475909655,2374.9936,1.1261891857754904,1.1144517926630988
2024-01-31,14329,ARMK,ARAMARK,25,-0.02,0.030146000000000003,-0.13631804870221048,7370.405199999999,1.4354416375253933,1.1932849636975758
2024-01-31,14432,ITCI,INTRA CELLULAR THERAPIES INC,35,-0.02,-0.064489,-0.12195611184659204,6902.7356,0.9967603285620373,0.490622639548673
2024-01-31,14574,MC,MOELIS & CO,40,-0.02,-0.025395,-0.27600593733702417,3741.9064500000004,1.4209551242672767,1.5208131885103675
2024-01-31,14596,FIVN,FIVE 9 INC,45,-0.02,-0.040693,-0.3655473984033378,5769.314729999999,0.9276162281890951,1.6933651840143629
2024-01-31,14601,NAVI,NAVIENT CORP,40,0.02,-0.079917,0.3574838528503229,2113.44448,1.448098858940812,1.375269068337145
2024-01-31,14617,ARES,ARES MANAGEMENT CORP,40,-0.02,0.016798,-0.17874192642516148,22070.00604,1.165825890579601,1.5958489736996477
2024-01-31,14691,CBAY,CYMABAY THERAPEUTICS INC,35,-0.02,-0.009385999999999999,-0.4524210695230072,2689.4913,0.36719512012447303,1.0018470508614463
2024-01-31,15119,WK,WORKIVA INC,45,-0.02,-0.089335,-0.28888353993661486,5097.00906,1.1559104156890834,1.441959586438662
2024-01-31,15398,CC,CHEMOURS CO,15,-0.02,-0.048166,-0.41238416175231674,4681.734519999999,2.0722954371944695,1.9953217904657374
2024-01-31,15400,ENR,ENERGIZER HOLDINGS INC NEW,30,0.02,-0.0066229999999999995,0.3022024310988085,2273.70528,1.0399195380964463,1.2299211425596515
2024-01-31,15490,LITE,LUMENTUM HOLDINGS INC,45,-0.02,0.043344,-0.46112648934889877,3533.1080000000006,1.1423674598299287,1.7155042766046973
2024-01-31,15831,AXSM,AXSOME THERAPEUTICS INC,35,-0.02,0.126443,-0.2966863240662735,3768.66609,1.903195368888768,0.8159955496769239
2024-01-31,16260,MEDP,MEDPACE HOLDINGS INC,35,0.02,-0.053501,0.1728647651141333,9404.953459999999,1.288830095475806,1.597884361450771
2024-01-31,16434,GOLF,ACUSHNET HOLDINGS CORP,25,0.02,-0.002038,0.3515465158262125,4129.92826,0.8724636387488813,1.3770647174953698
2024-01-31,16736,VST,VISTRA CORP,55,0.02,0.060432,0.2168331528061941,13772.903040000001,0.9007646945473095,1.0788568087884924
2024-01-31,16928,KRYS,KRYSTAL BIOTECH INC,35,-0.02,-0.107985,-0.3148393308460705,3503.08222,0.7967441824218476,1.0689807031290433
2024-01-31,17223,ADT,A D T INC,25,0.02,-0.047250999999999994,0.3622577927548441,5913.46514,1.6058399963532741,1.6098557061592564
2024-01-31,17783,CHX,CHAMPIONX CORP,10,0.02,-0.063476,0.2431499979941429,5582.031,2.4459175094574896,1.4470589866169705
2024-01-31,17949,BE,BLOOM ENERGY CORP,20,-0.02,-0.23986400000000002,-0.6274722188791271,3315.9252,2.966151403151231,2.2153467747038276
2024-01-31,17959,CRNX,CRINETICS PHARMACEUTICALS INC,35,-0.02,0.020566,-0.615938540538372,2425.6665,0.5227027327265419,1.8277299506061844
2024-01-31,18064,FTDR,FRONTDOOR INC,25,0.02,-0.074576,0.4365346812693064,2760.50838,0.916486869258443,1.1513132729327333
2024-01-31,18312,MRNA,MODERNA INC,35,-0.02,0.011359999999999999,-0.28160227865366866,37989.9,1.7615782149632726,0.6625254542079811
2024-01-31,18576,UBER,UBER TECHNOLOGIES INC,20,-0.02,0.055365000000000004,-0.25835439483291206,126702.31706000002,1.347627000195221,1.5801515083968738
2024-01-31,18649,BCO,BRINKS CO,20,0.02,-0.08557,0.27115176314839334,3962.23545,1.399416689136921,1.3088336730690124
2024-01-31,18656,IDYA,IDEAYA BIOSCIENCES INC,35,-0.02,0.218711,-0.5815581497974084,2314.08762,0.8350231123376519,1.170902660790487
2024-01-31,18777,KRTX,KARUNA THERAPEUTICS INC,35,-0.02,-0.014492000000000001,-0.4771332290287639,12090.365489999998,1.0511982276537184,0.4674366098591754
2024-01-31,18973,BRC,BRADY CORP,20,0.02,0.025523999999999998,0.42668592289485296,2628.9011699999996,0.7518500070040584,1.0037318819323109
2024-01-31,19166,FMC,F M C CORP,15,-0.02,-0.113373,-0.32882015485216837,7866.05495,0.8614558708588766,1.5010692740196134
2024-01-31,19393,BMY,BRISTOL MYERS SQUIBB CO,35,0.02,-0.041302,0.33915031893127934,104403.43298000001,0.3255768672016306,0.6168510406743246
2024-01-31,19433,MP,M P MATERIALS CORP,15,-0.02,-0.20825500000000002,-0.42086893729690694,3529.62775,2.6862271605065944,1.6525794627132722
2024-01-31,19484,PCVX,VAXCYTE INC,35,-0.02,0.13253199999999998,-0.2890841256468889,5988.922,0.921111317284164,0.7926231149104586
2024-01-31,19502,WBA,WALGREENS BOOTS ALLIANCE INC,30,-0.02,-0.14030900000000002,-0.2938781241224375,22516.63736,0.7277285632473736,1.0881860608418261
2024-01-31,19880,MTZ,MASTEC INC,20,-0.02,-0.13745500000000002,-0.33108677337826453,5968.477559999999,1.5293359703289968,1.823843593123673
2024-01-31,22111,JNJ,JOHNSON & JOHNSON,35,0.02,0.009052000000000001,0.38231636378224415,377316.91046000004,0.4921074950047542,0.518787845914055
2024-01-31,22592,MMM,3M CO,20,-0.02,-0.14166600000000001,-0.3019015525333975,60379.29444,0.9692365707703026,1.2063574554680105
2024-01-31,23712,PEG,PUBLIC SERVICE ENTERPRISE GP INC,55,0.015918389528881274,-0.056405,0.22938981826934643,30471.9011,0.5103259311650324,0.8410772514744316
2024-01-31,26403,DIS,DISNEY WALT CO,50,-0.014081610471118094,0.059065000000000006,-0.13110282023508646,165259.23164,1.3408330409947506,1.3402332404515407
2024-01-31,32707,HP,HELMERICH & PAYNE INC,10,0.02,0.106812,0.1904360733341357,3601.2459400000002,1.57805557607028,1.530719508236598
2024-01-31,38762,NI,NISOURCE INC,55,-0.02,-0.026575,-0.14859389417097923,11876.00085,0.4375046103139018,0.8165614136909665
2024-01-31,44206,ES,EVERSOURCE ENERGY,55,-0.02,-0.126246,-0.2037549644963293,21560.40072,0.5235605179285319,0.8225180692193516
2024-01-31,44943,DIOD,DIODES INC,45,0.02,-0.168663,0.0255546194889076,3698.92776,1.4422973297329147,1.831334454323437
2024-01-31,45306,IDCC,INTERDIGITAL INC,45,0.02,-0.033191,0.41019777751033015,2776.4532,1.3017635526950009,1.4526648382935348
2024-01-31,46463,GFF,GRIFFON CORP,20,0.02,-0.048864,0.31355558230031694,3179.4567500000003,1.5212542326634737,1.450636485449224
2024-01-31,46690,CBT,CABOT CORP,15,0.02,-0.14125600000000002,0.2944999398242869,4618.3015,1.2346454857622446,1.4516242776677704
2024-01-31,53613,MU,MICRON TECHNOLOGY INC,45,-0.02,7.500000000000041e-05,-0.3731295382516949,94207.59406000002,1.2749122215963413,1.706724426702849
2024-01-31,58683,LUV,SOUTHWEST AIRLINES CO,20,-0.02,0.030243000000000003,-0.3467926344927187,17215.801199999998,1.1669083420083102,1.3102112488314477
2024-01-31,58771,RRX,REGAL REXNORD CORP,20,-0.009999999999999995,-0.10309399999999999,-0.3362017089902515,9820.978980000002,1.1176231283391178,1.8222330805500828
2024-01-31,59328,INTC,INTEL CORP,45,-0.02,-0.14741600000000002,-0.3950535563846431,212457.0,0.9325974532637155,1.6710604244123817
2024-01-31,64194,CHE,CHEMED CORP NEW,35,0.02,0.009021000000000001,0.3074577767079873,8807.5045,0.3920721790394298,0.7126631942883903
2024-01-31,65307,RPM,R P M INTERNATIONAL INC,15,0.02,-0.045231999999999994,0.2697877803185301,14381.06964,0.936083599394492,1.4050078538984787
2024-01-31,65402,AOS,SMITH A O CORP,20,0.02,-0.059537999999999994,0.32454767922333216,10125.94032,1.1869629183525596,1.2128818310125602
2024-01-31,66384,WDC,WESTERN DIGITAL CORP,45,-0.02,0.088454,-0.41164199462430295,17072.62,1.5593944100416277,1.7334706286617032
2024-01-31,75573,ODP,O D P CORP,25,0.0030219283667009106,-0.096381,0.31552132226100216,2080.7917,1.6618699802844197,1.1637472310183845
2024-01-31,76076,CSCO,CISCO SYSTEMS INC,45,0.02,-0.00379,0.4493119910137601,205286.80752000003,0.8626472144349769,0.9251640009608376
2024-01-31,76095,HOLX,HOLOGIC INC,35,0.02,0.037118000000000005,0.28495206001524453,16758.168800000003,0.9934000276788912,0.7783085070772043
2024-01-31,76136,KMPR,KEMPER CORP DE,40,-0.02,0.228063,-0.2291892325590725,3119.1142900000004,0.9324704159270822,1.3888466990439652
2024-01-31,76661,IONS,IONIS PHARMACEUTICALS INC,35,-0.02,0.011084,-0.5127973683154813,7302.211190000001,0.49151936904156796,1.0753090731779884
2024-01-31,76712,AES,A E S CORP,55,-0.005918389528881279,-0.129274,-0.4424720182934167,12890.358250000001,1.109351688040505,1.5675883484217534
2024-01-31,77274,GILD,GILEAD SCIENCES INC,35,0.009999999999999995,-0.038674999999999994,0.3589681871063505,100941.86242,0.21259476686532727,0.44179363005066946
2024-01-31,77660,CACC,CREDIT ACCEPTANCE CORP,40,0.02,0.010925999999999998,0.1407911100413207,6670.845060000001,1.4090901089849994,1.8430143246750548
2024-01-31,77730,TSN,TYSON FOODS INC,30,-0.02,0.014061999999999998,-0.30286436394271277,15391.36625,0.7609752003672556,0.8339085931839788
2024-01-31,78987,MCHP,MICROCHIP TECHNOLOGY INC,45,0.02,-0.060174,0.04340674770329361,48732.18984000001,1.6334862364642968,1.8025814674072314
2024-01-31,79686,DECK,DECKERS OUTDOOR CORP,25,0.02,0.122883,0.28655674569743655,17199.37233,0.9390437290670245,1.342164596920379
2024-01-31,79862,ROCK,GIBRALTAR INDUSTRIES INC,20,0.02,0.019834,0.31014562522565897,2404.23018,1.1630609343589837,1.3460347344372179
2024-01-31,80563,PENN,PENN ENTERTAINMENT INC,25,-0.02,-0.13808800000000002,-0.3647651141332692,3943.40906,2.273241168884647,1.8853994046822997
2024-01-31,82307,DVA,DAVITA INC,35,0.02,0.027725999999999997,0.28567416857223094,9564.588,0.9857904885119873,1.125600696887478
2024-01-31,82642,EL,LAUDER ESTEE COS INC,30,-0.010000000000000002,-0.10223299999999999,-0.40660729329642564,33974.606250000004,1.0153556116831988,1.9406626133337594
2024-01-31,82694,EME,EMCOR GROUP INC,20,0.02,0.055,0.35222850724114413,10134.68892,0.9855348534706181,1.2856838780059285
2024-01-31,82800,SCCO,SOUTHERN COPPER CORP,15,0.02,-0.050853999999999996,0.29819071689332854,66541.5777,1.254054941931085,1.4666159069982891
2024-01-31,84319,LAD,LITHIA MOTORS INC,25,-0.02,-0.10929,-0.3481566173225819,9061.7856,1.6207258245709153,1.7060001516191006
2024-01-31,84372,VYX,N C R VOYIX CORP,45,-0.02,-0.135421,-0.39272676214546476,2387.692,1.5768384662572914,1.6458920964190185
2024-01-31,84761,TTWO,TAKE TWO INTERACTIVE SOFTWR INC,50,-0.02,0.019999,-0.2979098968989449,27441.975,0.7161891117112978,0.9048185774246109
2024-01-31,85738,MRCY,MERCURY SYSTEMS INC,20,-0.02,-0.19368200000000002,-0.4078910418421792,2105.11548,0.7472499592906742,1.4791328579716343
2024-01-31,85992,MANH,MANHATTAN ASSOCIATES INC,45,0.02,0.12178000000000001,0.2801380029686685,13256.39112,1.4466119901139556,1.3177961378382819
2024-01-31,86356,EBAY,EBAY INC,25,0.02,-0.063188,0.28202350864524406,22551.539999999997,1.3197676580003144,1.274753823350898
2024-01-31,88351,INSM,INSMED INC,35,-0.02,-0.107665,-0.4147711317045774,4585.83822,1.3522299210643154,1.3840903093948753
2024-01-31,89217,AAP,ADVANCE AUTO PARTS INC,25,-0.02,0.09502000000000001,-0.4212901672884823,3631.40706,1.0992497519412978,1.9171103342014375
2024-01-31,89301,GME,GAMESTOP CORP NEW,25,-0.02,-0.192978,-0.09090544389617682,5355.66042,1.40693213591776,0.8861339272060313
2024-01-31,89876,CRI,CARTERS INC,25,0.02,0.005286,0.3244674449392225,2757.82425,1.2329894797978602,1.2656109675991882
2024-01-31,90071,NRG,N R G ENERGY INC,55,-0.02,0.029071999999999997,-0.34478677738997876,11671.998800000001,1.048425151980247,1.1087354328984267
2024-01-31,90199,CBRE,C B R E GROUP INC,60,-0.02,-0.07756199999999999,-0.32173947927949614,28373.180370000002,1.397881869956462,1.4783261456096606
2024-01-31,90249,ENS,ENERSYS,20,0.02,-0.058116999999999995,0.1949693103863281,4078.68304,1.329480977420144,1.7376187384269828
2024-01-31,90319,GOOGL,ALPHABET INC,50,0.02,-0.0017939999999999996,0.19577165322742404,824031.3099999999,0.9962024953416357,1.5752354408820592
2024-01-31,90436,HALO,HALOZYME THERAPEUTICS INC,35,0.02,-0.088874,0.23175672965057967,4685.4192,1.2535068656855397,1.4330807739738127
2024-01-31,90490,TBBK,BANCORP INC,40,0.02,0.127014,0.24738235648092433,2051.50768,1.4811676798420563,2.107598002988408
2024-01-31,91832,MDGL,MADRIGAL PHARMACEUTICALS INC,35,-0.02,-0.068131,-0.48389296746499777,4598.6775,-0.0028551860960533246,0.3983057561558654
2024-01-31,92220,MASI,MASIMO CORP,35,-0.02,0.095348,-0.4119629317607414,6201.9327299999995,0.9747415625413418,1.2709437625900268
2024-01-31,92294,UEC,URANIUM ENERGY CORP,10,-0.02,0.189021,-0.4224936815501264,2515.072,1.8869164412625459,1.630600980511625
2024-01-31,92326,CVI,C V R ENERGY,10,0.02,0.108472,0.362699081317447,3046.0893,1.5749788681338093,1.081657640617795
2024-01-31,93096,DG,DOLLAR GENERAL CORP NEW,30,-0.02,-0.028999,-0.22102539415092065,29840.61715,0.37846420458486435,0.8284231110677427
2024-01-31,93132,FTNT,FORTINET INC,45,0.0010596821044171812,0.097099,0.07979299554699722,44541.33,1.0709979043761984,1.6767189159834803
2024-02-29,10107,MSFT,MICROSOFT CORP,45,0.02,0.038076,0.2933578581647251,2954192.7448799997,0.8416191853337273,1.371393935045231
2024-02-29,10606,WTS,WATTS WATER TECHNOLOGIES INC,20,0.000959224059623268,0.027593,0.2945023502963417,5419.13768,0.9259204932975619,1.2575656475659085
2024-02-29,10693,EHC,ENCOMPASS HEALTH CORP,35,0.02,0.043073,0.23744124259145716,7121.120640000001,0.894240650214479,0.9969824183826717
2024-02-29,11018,FBP,FIRST BANCORP P R,40,0.02,0.023621000000000003,0.21917024320457798,2878.16736,1.171815241062077,1.6302653624936647
2024-02-29,12473,KNX,KNIGHT SWIFT TRANSPORT HDLGS INC,20,-0.02,-0.022349,-0.3246065808297568,9259.35322,0.9610596195181836,1.200645534162537
2024-02-29,12570,ITT,I T T INC,20,0.02,0.040154,0.2762722256284488,9916.037999999999,1.3992802163148033,1.4261853419675183
2024-02-29,12622,HCA,H C A HEALTHCARE INC,35,0.02,0.018077999999999997,0.10069487022276724,81609.83889999999,1.572239152609653,1.0195174571500154
2024-02-29,12981,FBIN,FORTUNE BRANDS INNOVATIONS INC,20,0.02,0.047234,0.12787655834866138,9783.71105,1.5300246201800216,1.658560004935264
2024-02-29,13318,YELP,YELP INC,50,0.02,-0.125194,0.38479460453709374,2994.3242899999996,1.564893988738276,1.257662788425522
2024-02-29,13688,PCG,P G & E CORP,55,-0.02,-0.014894000000000001,-0.08939301042305332,35992.27996,1.3703617845700533,0.5250828644453557
2024-02-29,13788,ZTS,ZOETIS INC,35,0.02,0.05179,0.2463110566114858,86226.20034,0.8319535827184089,1.2596629803827388
2024-02-29,14169,PINC,PREMIER INC,35,0.009999999999999995,-0.029663000000000002,0.25452687512773353,2590.4219200000002,0.36404317149165155,0.6957221432892765
2024-02-29,14229,OMF,ONEMAIN HOLDINGS INC,40,0.02,0.009327,0.25358675659104846,5707.4304,1.6837942244267636,1.5105619304909739
2024-02-29,14329,ARMK,ARAMARK,25,-0.02,0.042036000000000004,-0.1299816063764562,7627.451359999999,1.42695144637253,1.2168494621499246
2024-02-29,14432,ITCI,INTRA CELLULAR THERAPIES INC,35,-0.02,0.028149,-0.10976905783772736,6490.2292,1.032717581709059,0.5114771381534261
2024-02-29,14574,MC,MOELIS & CO,40,-0.02,-0.010554000000000001,-0.23014510525240142,3664.5750500000004,1.359916362346692,1.5915970485724351
2024-02-29,14596,FIVN,FIVE 9 INC,45,-0.02,-0.200111,-0.3342530145105252,5561.827619999999,0.8935135192689101,1.7564283206613482
2024-02-29,14617,ARES,ARES MANAGEMENT CORP,40,-0.02,0.087561,-0.22834661761700387,22545.10876,1.145959254943193,1.6056625243513831
2024-02-29,14690,ARDX,ARDELYX INC,35,-0.02,0.063359,-0.46913958716533827,2029.3146900000002,0.9136200387369547,1.4891811842012395
2024-02-29,14691,CBAY,CYMABAY THERAPEUTICS INC,35,-0.02,0.364981,-0.45285101164929487,2676.96615,0.3561512152520087,0.9805587232876123
2024-02-29,15119,WK,WORKIVA INC,45,-0.02,-0.07760500000000001,-0.3276313100347435,4665.77388,1.1335080160264128,1.4937146387395612
2024-02-29,15167,SHAK,SHAKE SHACK INC,25,-0.02,0.40287,-0.30069487022276725,2982.2020800000005,1.7744045158712665,1.8125903211012107
2024-02-29,15400,ENR,ENERGIZER HOLDINGS INC NEW,30,0.02,-0.092282,0.296137339055794,2269.3990200000003,1.0515633862498808,1.2657104755455866
2024-02-29,15490,LITE,LUMENTUM HOLDINGS INC,45,-0.02,-0.121989,-0.4339055793991417,3702.956,1.112459465207255,1.7882325505032106
2024-02-29,15831,AXSM,AXSOME THERAPEUTICS INC,35,-0.02,-0.100303,-0.31146535867565905,4263.01053,1.1772003732708134,0.9103139460748595
2024-02-29,16260,MEDP,MEDPACE HOLDINGS INC,35,0.02,0.359107,0.15867565910484366,8946.25756,1.2545698376275434,1.6227728873374123
2024-02-29,16434,GOLF,ACUSHNET HOLDINGS CORP,25,0.02,0.012827,0.37743715511955855,4141.04252,0.8714496461331238,1.4017084285251835
2024-02-29,16736,VST,VISTRA CORP,55,0.02,0.325047,0.19730226854690378,14670.35856,0.8930422462452883,1.0869652572328463
2024-02-29,16928,KRYS,KRYSTAL BIOTECH INC,35,-0.02,0.429214,-0.3290210504802779,3141.36625,0.794421730866226,1.079785782326796
2024-02-29,17223,ADT,A D T INC,25,0.02,0.107568,0.30717351318209685,5662.01281,1.5783526085735284,1.7210055235629294
2024-02-29,17332,VCTR,VICTORY CAPITAL HOLDINGS INC,40,0.02,0.135118,0.3407929695483344,2167.3211499999998,0.9973877848254833,1.2684407942082603
2024-02-29,17783,CHX,CHAMPIONX CORP,10,0.02,0.128939,0.2530962599632128,5238.0509999999995,2.43127402254299,1.4773552407939652
2024-02-29,17949,BE,BLOOM ENERGY CORP,20,-0.02,-0.229489,-0.6070917637441242,2536.23468,3.1043632335217235,2.261241990331133
2024-02-29,18064,FTDR,FRONTDOOR INC,25,0.02,-0.046959,0.4592274678111588,2567.69604,0.9013213951878626,1.169286696484389
2024-02-29,18312,MRNA,MODERNA INC,35,-0.02,-0.091409,-0.28802370733701205,38601.1,1.8050403553552736,0.6991929282729609
2024-02-29,18482,PD,PAGERDUTY INC,45,-0.019040775940376113,0.016045999999999998,-0.2974248927038627,2176.00256,1.0232309765791772,1.757623286947214
2024-02-29,18576,UBER,UBER TECHNOLOGIES INC,20,-0.02,0.21379299999999998,-0.3192724300020437,134316.39166,1.3469380833036242,1.630645516202879
2024-02-29,18578,KTB,KONTOOR BRANDS INC,25,0.02,0.004135,0.22783568362967507,3293.2716,1.1986745676292279,1.409291374500254
2024-02-29,18649,BCO,BRINKS CO,20,0.02,0.023194,0.3337012058042101,3641.92284,1.389128768863978,1.3321079669709206
2024-02-29,18656,IDYA,IDEAYA BIOSCIENCES INC,35,-0.02,0.022654,-0.6523809523809525,2831.1476700000003,0.8322707017434019,1.2134128518698668
2024-02-29,18777,KRTX,KARUNA THERAPEUTICS INC,35,-0.02,-0.0024690000000000003,-0.3149601471489885,11946.63014,1.0528375191114945,0.4754136467383869
2024-02-29,19166,FMC,F M C CORP,15,-0.02,-0.0008430000000000004,-0.2841406090333129,7011.455800000001,0.8593552806782564,1.5618187006421629
2024-02-29,19393,BMY,BRISTOL MYERS SQUIBB CO,35,0.02,0.034245000000000005,0.3556100551808707,99438.62346,0.35587951119937306,0.6321625264405036
2024-02-29,19433,MP,M P MATERIALS CORP,15,-0.02,-0.042175,-0.33341508277130594,2811.25515,2.69454618627284,1.6894678170765307
2024-02-29,19484,PCVX,VAXCYTE INC,35,-0.02,0.029380000000000003,-0.36550173717555695,6810.9682999999995,0.9174239649623579,0.8344524578405711
2024-02-29,19502,WBA,WALGREENS BOOTS ALLIANCE INC,30,-0.02,-0.051552,-0.1616390762313509,19463.82632,0.7254682729362317,1.1328060867375707
2024-02-29,19561,BA,BOEING CO,20,-0.02,-0.038909,-0.322644594318414,127674.34607999999,1.5355633736893837,1.468035192568093
2024-02-29,19880,MTZ,MASTEC INC,20,-0.010959224059623263,0.14485499999999998,-0.3414878397711016,5176.30641,1.548039501568659,1.9342170199508237
2024-02-29,22111,JNJ,JOHNSON & JOHNSON,35,0.02,0.019103000000000002,0.3576129164111997,382516.63310000004,0.49698979851719516,0.5114940459678525
2024-02-29,22592,MMM,3M CO,20,-0.02,-0.0119,-0.19380748007357448,52111.108949999994,0.9790220184384174,1.2484471787785067
2024-02-29,23712,PEG,PUBLIC SERVICE ENTERPRISE GP INC,55,0.009999999999999995,0.071824,0.2601675863478438,28897.228860000003,0.5102500775241895,0.8471868497969961
2024-02-29,24248,ALE,ALLETE INC,55,0.02,-0.034244000000000004,0.2670958512160229,3397.4654699999996,0.7081888921377929,0.9047727147782415
2024-02-29,26403,DIS,DISNEY WALT CO,50,-0.02,0.157463,-0.22900061312078476,176183.1703,1.374588708506586,1.354531119336065
2024-02-29,28345,MUR,MURPHY OIL CORP,10,0.008537327494292287,0.028687999999999998,0.2527896995708155,5978.105100000001,2.2188951249657176,1.183017974084669
2024-02-29,32707,HP,HELMERICH & PAYNE INC,10,0.02,-0.040046,0.06727978745146126,3978.7750199999996,1.5598874681597554,1.6066668473425065
2024-02-29,38762,NI,NISOURCE INC,55,-0.02,0.009629,-0.15317800940118537,11616.56279,0.4218624182644413,0.8405479966701773
2024-02-29,44206,ES,EVERSOURCE ENERGY,55,-0.02,0.078402,-0.2637032495401594,18940.45572,0.5156832322258288,0.8785737506840842
2024-02-29,44943,DIOD,DIODES INC,45,0.02,0.00558,0.052094829348048204,3092.54616,1.482358102596677,1.9010901883576714
2024-02-29,45306,IDCC,INTERDIGITAL INC,45,0.02,0.014528999999999999,0.45685673410995303,2687.1789999999996,1.3071336064718064,1.2553934122063626
2024-02-29,46463,GFF,GRIFFON CORP,20,0.02,0.223939,0.3699366441855712,2989.2623399999998,1.3693326648443118,1.4516440135863882
2024-02-29,46690,CBT,CABOT CORP,15,0.02,0.179706,0.3425710198242387,3996.4309,1.2454175111299606,1.4877625562124948
2024-02-29,53613,MU,MICRON TECHNOLOGY INC,45,-0.02,0.052452,-0.3565706110770489,94660.19675,1.2383719169748577,1.721981577092146
2024-02-29,58683,LUV,SOUTHWEST AIRLINES CO,20,-0.02,0.142313,-0.3584712855099121,17817.87735,1.1087032047923768,1.3935003120788203
2024-02-29,59328,INTC,INTEL CORP,45,-0.02,-0.001998,-0.3361332515838954,182142.24,0.9662175746340759,1.767054276585357
2024-02-29,64194,CHE,CHEMED CORP NEW,35,0.02,0.052725,0.30106274269364397,8928.60298,0.38858940883733795,0.740186411498364
2024-02-29,65307,RPM,R P M INTERNATIONAL INC,15,0.02,0.07725,0.25761291641119966,13745.48752,0.9815216233151526,1.295316647839273
2024-02-29,65402,AOS,SMITH A O CORP,20,0.02,0.063937,0.44344982628244434,9532.68108,1.1791276370889139,1.0163874901432968
2024-02-29,66384,WDC,WESTERN DIGITAL CORP,45,-0.02,0.034553,-0.4536889433885142,18655.485,1.5215257682853451,1.7263077848115547
2024-02-29,76076,CSCO,CISCO SYSTEMS INC,45,0.02,-0.040293999999999996,0.43989372573063557,203229.0,0.8507751181434633,0.9525591678214225
2024-02-29,76095,HOLX,HOLOGIC INC,35,0.02,-0.012822,0.2764152871449009,17473.45008,0.9954443646932372,0.7758800837914617
2024-02-29,76136,KMPR,KEMPER CORP DE,40,-0.02,-0.043784,-0.3310647864295933,3845.2200000000003,0.9015080966311051,1.4363446961647008
2024-02-29,76661,IONS,IONIS PHARMACEUTICALS INC,35,-0.02,-0.12448100000000001,-0.5429184549356224,7417.68399,0.47719539495361424,1.0792440116799904
2024-02-29,76712,AES,A E S CORP,55,-0.02,-0.09295300000000001,-0.443143265890047,11169.41172,1.091456954530708,1.5915112268069547
2024-02-29,77660,CACC,CREDIT ACCEPTANCE CORP,40,0.02,0.018934,0.198937257306356,6775.278540000001,1.439905397486537,1.7052941339903653
2024-02-29,77730,TSN,TYSON FOODS INC,30,-0.02,-0.004772,-0.2787042714081341,15680.580759999999,0.7194874746297674,0.8418682039337557
2024-02-29,79862,ROCK,GIBRALTAR INDUSTRIES INC,20,0.02,-0.047106,0.3055180870631514,2463.28572,1.2061270829512147,1.3841344444693726
2024-02-29,79878,UFPI,U F P INDUSTRIES INC,20,0.02,0.009086,0.2531575720416922,6990.9024500000005,1.4361619177269118,1.5183144364573165
2024-02-29,80563,PENN,PENN ENTERTAINMENT INC,25,-0.009999999999999995,-0.192694,-0.35150214592274676,3417.52015,2.2369232290990455,1.9442791392235421
2024-02-29,82307,DVA,DAVITA INC,35,0.02,0.169685,0.26319231555283057,9875.008,0.9849291786719467,1.1460843289472749
2024-02-29,82800,SCCO,SOUTHERN COPPER CORP,15,0.02,-0.009513,0.3895360719395055,63472.331,1.2666870315898573,1.4976263103503125
2024-02-29,84042,PAG,PENSKE AUTOMOTIVE GROUP INC,25,0.02,0.036335,0.23744124259145719,9972.54118,1.1595804181697869,1.4432388277516983
2024-02-29,84319,LAD,LITHIA MOTORS INC,25,-0.02,0.010054,-0.27412630288166767,8114.272000000001,1.6188124480900745,1.7717701988613335
2024-02-29,84372,VYX,N C R VOYIX CORP,45,-0.02,-0.010346000000000001,-0.42515838953607193,2075.64,1.5663733715630328,1.7734164677866497
2024-02-29,84723,LNG,CHENIERE ENERGY INC,10,0.0005034484460838161,-0.055249,0.40077661966073974,39071.437450000005,0.9694876288505876,0.9397702667949419
2024-02-29,84761,TTWO,TAKE TWO INTERACTIVE SOFTWR INC,50,-0.02,-0.113361,-0.24218270999386873,28134.748980000004,0.7321721995679668,0.9067669149047775
2024-02-29,85875,IBOC,INTERNATIONAL BANCSHARES CORP,40,0.02,-0.010167,0.3819333742080523,3281.33736,0.9700224455250271,1.2432343643777717
2024-02-29,86356,EBAY,EBAY INC,25,0.02,0.146981,0.3251583895360719,21233.19,1.284112253852051,1.2489496945747471
2024-02-29,88351,INSM,INSMED INC,35,-0.02,-0.007102000000000001,-0.4027181688125893,4113.7884,1.0500807082982282,1.3848228557238687
2024-02-29,89301,GME,GAMESTOP CORP NEW,25,-0.02,-0.0014130000000000002,-0.056897608828939315,4347.46422,1.5439784826907204,0.867984090343304
2024-02-29,89482,BANC,BANC OF CALIFORNIA INC,40,-0.02,0.057460000000000004,-0.42861230329041483,2328.15856,1.2189881820441377,1.9049465954856792
2024-02-29,89876,CRI,CARTERS INC,25,0.02,0.065977,0.32832618025751076,2785.443,1.2664670190682872,1.2788124547545463
2024-02-29,89946,AEL,AMERICAN EQUITY INVT LIFE HLDG C,40,0.010000000000000009,0.0017529999999999994,0.26985489474759855,4362.97025,0.7877884700797737,1.3992873408583126
2024-02-29,90071,NRG,N R G ENERGY INC,55,-0.02,0.038762000000000005,-0.4557735540568158,11974.52256,1.0713447714263422,1.13223476238346
2024-02-29,90199,CBRE,C B R E GROUP INC,60,-0.02,0.060427,-0.25716329450235026,26306.68383,1.3909922597035953,1.5321663772438066
2024-02-29,90249,ENS,ENERSYS,20,0.02,-0.042834,0.3084406294706724,3860.93243,1.3346887333860726,1.7772190195492872
2024-02-29,90319,GOOGL,ALPHABET INC,50,0.02,-0.01593,0.266176170038831,825609.2999999999,1.0029755523011568,1.626626124814465
2024-02-29,90436,HALO,HALOZYME THERAPEUTICS INC,35,0.02,0.171847,0.19824238708358882,4291.1645,1.2594937870013743,1.4292649226975516
2024-02-29,90490,TBBK,BANCORP INC,40,0.02,0.018691,0.053178009401185396,2321.77892,1.5128188642661364,2.120193605552043
2024-02-29,90550,DLB,DOLBY LABORATORIES INC,45,0.02,-0.026774,0.27617003883098307,4912.943520000001,0.9479300529448454,1.2042212125694363
2024-02-29,91516,AWI,ARMSTRONG WORLD INDS INC NEW,20,0.02,0.214276,0.29630083793173917,4383.0978,1.0531790363845919,1.2514402120524244
2024-02-29,91832,MDGL,MADRIGAL PHARMACEUTICALS INC,35,-0.02,0.085712,-0.47674228489679127,4307.11125,0.004152338169331351,0.4142201617093267
2024-02-29,92220,MASI,MASIMO CORP,35,-0.02,-0.007326000000000001,-0.4133864704680156,6822.60222,0.9398080607966486,1.3325362884420882
2024-02-29,92294,UEC,URANIUM ENERGY CORP,10,-0.02,-0.156056,-0.470713263846311,3002.3672,1.944321012118714,1.7072659850291747
2024-02-29,93096,DG,DOLLAR GENERAL CORP NEW,30,-0.02,0.096026,-0.24635193133047206,28988.96879,0.36443180545229176,0.8596967906404952
2024-02-29,93132,FTNT,FORTINET INC,45,0.02,0.06741499999999999,0.02689556509298996,49076.89,1.0786382943412909,1.7502213851637007
2024-03-31,10107,MSFT,MICROSOFT CORP,45,0.02,0.012958999999999998,0.2903883029721956,3073525.5470399996,0.8326537636659956,1.3339327885225711
2024-03-31,10258,CLDX,CELLDEX THERAPEUTICS INC,35,-0.02,-0.130874,-0.38292984979226585,2686.60206,1.6826939227666018,0.7691437213041716
2024-03-31,10693,EHC,ENCOMPASS HEALTH CORP,35,0.02,0.10780500000000001,0.2603867050175775,7450.416,0.9056420327651415,0.9577865328325248
2024-03-31,11018,FBP,FIRST BANCORP P R,40,0.02,0.028823,0.2956615532118888,2841.0596400000004,1.1575491488809915,1.654613231452222
2024-03-31,12473,KNX,KNIGHT SWIFT TRANSPORT HDLGS INC,20,-0.02,-0.024815,-0.22928651326302335,9098.571960000001,0.9410297455796983,1.2041977357600608
2024-03-31,12622,HCA,H C A HEALTHCARE INC,35,0.02,0.068053,0.21344678811121764,82444.3383,1.5651888966165963,1.028334281378839
2024-03-31,12981,FBIN,FORTUNE BRANDS INNOVATIONS INC,20,0.02,0.036782,0.1823266219239374,10259.33286,1.524032046837269,1.6615184495642494
2024-03-31,13318,YELP,YELP INC,50,0.02,0.020817,0.21704218600191758,2624.72164,1.5225578526669772,1.41530294345662
2024-03-31,13788,ZTS,ZOETIS INC,35,0.02,-0.150983,0.22399328859060402,90808.76211000001,0.8248596774896102,1.298093838404692
2024-03-31,14179,AR,ANTERO RESOURCES CORP,10,-0.02,0.124248,-0.338506711409396,7801.6975999999995,3.3582782764954326,1.0932754178853485
2024-03-31,14229,OMF,ONEMAIN HOLDINGS INC,40,0.02,0.077571,0.24748322147651006,5656.54818,1.6581953565416345,1.4795945352205386
2024-03-31,14329,ARMK,ARAMARK,25,-0.02,0.06804900000000001,-0.1504474272930649,7960.22982,1.4376548641730602,1.2135147760224663
2024-03-31,14432,ITCI,INTRA CELLULAR THERAPIES INC,35,-0.02,-0.00876,-0.09431927133269412,6730.02264,1.0095693434448687,0.515936343719569
2024-03-31,14574,MC,MOELIS & CO,40,-0.02,0.046361,-0.19501038670501755,3603.1169999999997,1.3399252212710788,1.5760674900731018
2024-03-31,14593,AAPL,APPLE INC,45,0.02,-0.055443,0.42070150207734097,2791119.99075,1.2396485450753585,1.1068781693857295
2024-03-31,14596,FIVN,FIVE 9 INC,45,-0.02,0.01404,-0.3579418344519016,4472.947,0.8358806215413475,1.7691247511593748
2024-03-31,14617,ARES,ARES MANAGEMENT CORP,40,-0.02,0.005503999999999999,-0.17885107062959407,24614.403809999996,1.137943329642073,1.6565424516876344
2024-03-31,14690,ARDX,ARDELYX INC,35,-0.02,-0.22089499999999998,-0.6853028124001278,2168.6335200000003,0.8714586570907052,1.55088293902209
2024-03-31,14691,CBAY,CYMABAY THERAPEUTICS INC,35,-0.02,0.005473,-0.5025966762543943,3665.3143499999996,0.38527834974412695,1.0439267997494073
2024-03-31,15067,FRPT,FRESHPET INC,30,-0.010000000000000002,0.020881,-0.29234579737935446,5458.55779,1.2224338963780015,1.691436930527704
2024-03-31,15432,ALPN,ALPINE IMMUNE SCIENCES INC,35,-0.02,0.12134,-0.3648130393096836,2308.17792,1.1798970730170852,1.0805968752963317
2024-03-31,15490,LITE,LUMENTUM HOLDINGS INC,45,-0.02,-0.027264,-0.4799656439757111,3266.878,1.0746845141978623,2.078931535579654
2024-03-31,15831,AXSM,AXSOME THERAPEUTICS INC,35,-0.02,-0.023572000000000003,-0.2927452860338766,3855.29612,1.1467403308839577,0.9331149552759683
2024-03-31,16260,MEDP,MEDPACE HOLDINGS INC,35,0.02,0.012520999999999997,0.040627996164908926,12227.31768,1.3468883028385124,1.7163406609651382
2024-03-31,16434,GOLF,ACUSHNET HOLDINGS CORP,25,0.02,0.02303,0.21089006072227554,4211.65076,0.8559678444059906,1.4738665845036725
2024-03-31,16736,VST,VISTRA CORP,55,0.02,0.277199,0.10590444231383832,19500.88608,0.9563958367409859,1.149798160927087
2024-03-31,17223,ADT,A D T INC,25,0.02,-0.07085899999999999,0.10015180568871844,6298.5582,1.5779914830646324,1.7911902233082437
2024-03-31,17332,VCTR,VICTORY CAPITAL HOLDINGS INC,40,0.02,0.10924700000000001,0.40679929689996797,2471.7023099999997,0.99919768862656,1.285936581673522
2024-03-31,17341,ZS,ZSCALER INC,45,-0.02,-0.208067,-0.31767337807606266,36261.14026,0.9106897395850732,1.8141505131704896
2024-03-31,17783,CHX,CHAMPIONX CORP,10,0.01649700875505794,0.151348,0.1472115691914349,5935.566,2.410728713706187,1.4555588856424033
2024-03-31,17959,CRNX,CRINETICS PHARMACEUTICALS INC,35,-0.016197146268987786,0.13922400000000001,-0.622283477149249,2791.0845,0.6316172285314577,1.9798896203393714
2024-03-31,18064,FTDR,FRONTDOOR INC,25,0.02,0.034746,0.35178970917225943,2458.0595200000002,0.8742836297379284,1.1996665335689323
2024-03-31,18100,ARVN,ARVINAS INC,35,-0.02,-0.106375,-0.6496284755512943,3130.50232,2.0618268758462777,1.8443305642291423
2024-03-31,18312,MRNA,MODERNA INC,35,-0.02,0.15109,-0.2766458932566315,35242.413519999995,1.7185380887880455,0.7457428175512653
2024-03-31,18576,UBER,UBER TECHNOLOGIES INC,20,-0.02,-0.035729000000000004,-0.3048098434004474,165081.5115,1.380096155973736,1.7162929011666648
2024-03-31,18656,IDYA,IDEAYA BIOSCIENCES INC,35,-0.02,-0.022502,-0.46628315755832533,3332.8320000000003,0.8185025117502567,1.252015830497937
2024-03-31,18777,KRTX,KARUNA THERAPEUTICS INC,35,-0.02,0.046898999999999996,-0.3371684244167466,11977.327560000002,1.0225367114724386,0.4786848905034405
2024-03-31,19201,RVMD,REVOLUTION MEDICINES INC,35,-0.02,0.08912700000000001,-0.659695589645254,4855.0612,1.442258711101554,2.000210412808639
2024-03-31,19393,BMY,BRISTOL MYERS SQUIBB CO,35,0.006197146268987784,0.064414,0.2999760306807287,102626.29475,0.3552440300540793,0.6418550612503849
2024-03-31,19433,MP,M P MATERIALS CORP,15,-0.02,-0.063986,-0.4082774049217003,2708.56638,2.63174064028418,1.7265893162460724
2024-03-31,19484,PCVX,VAXCYTE INC,35,-0.02,-0.07879799999999999,-0.3411033876637903,8002.678559999999,0.9028238036868895,0.8727792446225641
2024-03-31,19502,WBA,WALGREENS BOOTS ALLIANCE INC,30,-0.02,0.016069,-0.14485458612975388,18341.27838,0.7117394600222426,1.1888488887540882
2024-03-31,19561,BA,BOEING CO,20,-0.02,-0.056827,-0.17953020134228193,124296.7022,1.497485415369089,1.457056993027039
2024-03-31,21207,NEM,NEWMONT CORP,15,-0.02,0.151287,-0.34851390220517736,36015.375,0.4305520401940104,0.7552439429509139
2024-03-31,22111,JNJ,JOHNSON & JOHNSON,35,0.02,-0.023924,0.3936561201661873,388726.81846,0.49353923178779713,0.5113146028471893
2024-03-31,22592,MMM,3M CO,20,-0.02,0.14727600000000002,-0.13396852029402367,50914.72400000001,0.9654239711071955,1.252315633260982
2024-03-31,26403,DIS,DISNEY WALT CO,50,-0.02,0.09245500000000001,-0.21085011185682326,204671.41715999998,1.4008801087106797,1.4750926743512103
2024-03-31,27334,CSL,CARLISLE COMPANIES,20,0.010000000000000009,0.115414,0.2429689996804091,16712.15,0.8865282601287579,1.4596601407603516
2024-03-31,32707,HP,HELMERICH & PAYNE INC,10,0.02,0.09144100000000001,0.13462767657398528,3793.96853,1.542876168020295,1.595284198046467
2024-03-31,38762,NI,NISOURCE INC,55,-0.010000000000000002,0.05724,-0.12072547139661234,11662.501499999998,0.4220220689339103,0.8558369968019555
2024-03-31,39538,MAT,MATTEL INC,25,0.02,0.0014270000000000003,0.2984579737935443,6864.8393,0.9623485846674361,1.2185517524634757
2024-03-31,44206,ES,EVERSOURCE ENERGY,55,-0.02,0.02643,-0.3371684244167466,20526.626900000003,0.5301263159807065,0.9137009408221115
2024-03-31,46463,GFF,GRIFFON CORP,20,0.02,0.023014,0.20541706615532118,3530.4444000000003,1.3923445560097707,1.53382351391959
2024-03-31,46690,CBT,CABOT CORP,15,0.02,0.08118700000000001,0.23162352189197824,4708.86345,1.277110456562469,1.5630763405676393
2024-03-31,49015,LNC,LINCOLN NATIONAL CORP,40,-0.02,0.155248,-0.5517337807606264,4672.68426,1.8002765901559623,2.339198056771076
2024-03-31,49429,DDS,DILLARDS INC,25,0.02,0.133685,0.25511345477788433,5074.636280000001,0.9796370283573699,1.3966940721176597
2024-03-31,52978,HAS,HASBRO INC,25,-0.02,0.11972400000000001,-0.3121005113454777,6979.79939,0.7117924784201957,1.5514328147042855
2024-03-31,53613,MU,MICRON TECHNOLOGY INC,45,-0.02,0.298183,-0.35188958133589004,100305.27,1.2318502234747473,1.7534158964031448
2024-03-31,55511,PNM,P N M RESOURCES INC,55,-0.02,0.026792999999999997,-0.29983620965164587,3133.8358499999995,0.3494922826599108,0.6565852850226314
2024-03-31,58683,LUV,SOUTHWEST AIRLINES CO,20,-0.02,-0.14793599999999998,-0.3274209012464046,20447.70955,1.137154901883386,1.4472015093153732
2024-03-31,65307,RPM,R P M INTERNATIONAL INC,15,0.02,0.027052,0.2748082454458294,14865.3852,0.9905349280184256,1.3074300717518736
2024-03-31,66093,T,A T & T INC,50,0.02,0.035418,0.40883668903803133,121096.76856000001,0.520490886330408,0.96300183235797
2024-03-31,66384,WDC,WESTERN DIGITAL CORP,45,-0.02,0.143312,-0.39201821668264625,19397.03255,1.5030612627593813,1.750912509288083
2024-03-31,73139,SYK,STRYKER CORP,35,0.02,0.023339,0.24005273250239695,132738.75448,0.8426656476675608,1.1762586279622018
2024-03-31,76095,HOLX,HOLOGIC INC,35,0.02,0.052212,0.2867729306487696,17323.2216,0.9770860549280939,0.7784888421408528
2024-03-31,76136,KMPR,KEMPER CORP DE,40,-0.02,0.075906,-0.20785394694790663,3687.69492,0.8711178979556943,1.3947240672807026
2024-03-31,76661,IONS,IONIS PHARMACEUTICALS INC,35,-0.02,-0.045298,-0.40905640779801855,6589.4479200000005,0.41527845272851527,1.1382726966145584
2024-03-31,77157,OI,O I GLASS INC,15,-0.02,-0.023661,-0.2848354106743369,2600.0964,1.3276882547863746,1.5782794068371546
2024-03-31,77730,TSN,TYSON FOODS INC,30,-0.02,0.07862300000000001,-0.17557526366251203,15531.02736,0.7137902318432234,0.8546299347997646
2024-03-31,78015,MTX,MINERALS TECHNOLOGIES INC,15,0.02,0.036197,0.2471236816874401,2341.78668,1.2814580934173114,1.3924916046902769
2024-03-31,79637,UHS,UNIVERSAL HEALTH SERVICES INC,35,0.02,0.088025,0.22423298178331733,10018.5882,1.1559513859820674,1.0916641055233578
2024-03-31,79862,ROCK,GIBRALTAR INDUSTRIES INC,20,0.02,0.035611,0.3410035155001597,2357.81035,1.1678676753811308,1.514613379261895
2024-03-31,79878,UFPI,U F P INDUSTRIES INC,20,0.02,0.06894800000000001,0.22742889101949507,7053.1839,1.4263581094356899,1.52681720781334
2024-03-31,80191,ALB,ALBEMARLE CORP,15,-0.02,-0.045292,-0.5575463406839246,16184.00355,1.675103512634837,2.258702284719383
2024-03-31,80415,EXP,EAGLE MATERIALS INC,15,0.02,0.068694,0.23002556727388943,8734.7975,1.2758360530031454,1.3796188364039124
2024-03-31,82307,DVA,DAVITA INC,35,0.02,0.083108,0.27021412591882393,11135.269,1.0149427847790364,1.2008063899584045
2024-03-31,82598,NTAP,NETAPP INC,45,0.02,0.17369300000000001,0.2724512623841483,18358.72,1.2421331267035194,1.2661384139117862
2024-03-31,84372,VYX,N C R VOYIX CORP,45,-0.003802853731011584,-0.139681,-0.32871923937360176,2062.932,1.547607863090523,1.84556146274195
2024-03-31,84403,WWD,WOODWARD INC,20,0.02,0.085107,0.2556727388942154,8531.564020000002,1.3395760379026433,1.4259637632031723
2024-03-31,84761,TTWO,TAKE TWO INTERACTIVE SOFTWR INC,50,-0.02,0.00646,-0.22199584531799296,25064.20098,0.7244665194602633,0.9121483019998466
2024-03-31,85394,PSMT,PRICESMART INC,30,0.02,-0.005821,0.39852988175135823,2579.39584,0.9057897914481929,0.8857751717142568
2024-03-31,85488,OSIS,O S I SYSTEMS INC,45,0.01730584497595363,0.08457600000000001,0.2289069990412272,2236.0942800000003,0.9336327127230275,1.3432912451068757
2024-03-31,85875,IBOC,INTERNATIONAL BANCSHARES CORP,40,0.010000000000000009,0.07774700000000001,0.3334132310642378,3225.89752,0.9403368273942615,1.291832235848486
2024-03-31,85992,MANH,MANHATTAN ASSOCIATES INC,45,0.02,-0.016394,0.2355385107062959,15596.514780000001,1.4209274975412072,1.3520985349066703
2024-03-31,87812,SLAB,SILICON LABORATORIES INC,45,-0.02,0.040775,-0.4792865132630233,4390.414339999999,1.2540228872552992,2.0157332336737057
2024-03-31,89070,ZBH,ZIMMER BIOMET HOLDINGS INC,35,0.02,0.059037,0.24544582933844677,25504.24624,0.9766828273256055,1.1094113787076014
2024-03-31,89216,AYI,ACUITY BRANDS INC,20,0.02,0.065458,0.2932246724193033,7742.46308,1.433386469177882,1.3830894106682439
2024-03-31,89269,CNC,CENTENE CORP DEL,35,0.02,-0.003519,0.27193192713326936,41949.30509000001,0.3531573154927184,0.9088996992391333
2024-03-31,89301,GME,GAMESTOP CORP NEW,25,-0.02,-0.126792,-0.04182646212847556,4359.68478,1.5202555988691837,0.8674078225414135
2024-03-31,89482,BANC,BANC OF CALIFORNIA INC,40,-0.02,0.042814,-0.42193991690635985,2471.76776,1.1987097469485088,1.9831887542419444
2024-03-31,89876,CRI,CARTERS INC,25,0.02,0.051973,0.3746005113454777,2953.13695,1.2498818714071687,1.271271851333899
2024-03-31,89968,PIPR,PIPER SANDLER COMPANIES,40,0.02,0.059069,0.23649728347714927,3329.17841,1.37414330652694,1.646390900902508
2024-03-31,90037,HTH,HILLTOP HOLDINGS INC,40,0.02,0.010092,0.3394854586129754,2011.9246400000002,1.1156576145860262,1.3224589362408572
2024-03-31,90071,NRG,N R G ENERGY INC,55,-0.02,0.219451,-0.2915068712048578,11507.72172,1.0703171982494983,1.1263414809351937
2024-03-31,90249,ENS,ENERSYS,20,0.02,0.026472,0.26030680728667305,3713.4220799999994,1.3345068420987447,1.8375306888648986
2024-03-31,90319,GOOGL,ALPHABET INC,50,0.02,0.08590500000000001,0.33181527644614894,815944.78,0.9917007346506482,1.51116105219583
2024-03-31,90436,HALO,HALOZYME THERAPEUTICS INC,35,0.02,0.017696999999999997,0.22329418344519011,5058.019740000001,1.2808210478694786,1.4848239194291095
2024-03-31,90490,TBBK,BANCORP INC,40,0.02,-0.254605,0.1452540747842761,2374.98192,1.495134923694068,2.139339017417891
2024-03-31,91668,IPGP,I P G PHOTONICS CORP,45,0.02,0.046104,0.24792265899648447,3980.5622999999996,1.1948016521879368,1.6529481570363262
2024-03-31,91832,MDGL,MADRIGAL PHARMACEUTICALS INC,35,-0.02,0.12641,-0.5235099073186322,4699.671399999999,0.0025449209965548044,0.45241318424793386
2024-03-31,92294,UEC,URANIUM ENERGY CORP,10,-0.02,0.03751,-0.4513422818791947,2546.5104,1.8959191689813473,1.7421903664917355
2024-03-31,92402,MSCI,M S C I INC,40,0.02,-0.005084,0.3017737296260786,44367.67827,1.035587426397836,1.5388645024299488
2024-03-31,93096,DG,DOLLAR GENERAL CORP NEW,30,-0.02,0.06982300000000001,-0.22958612975391499,31895.109070000002,0.38054744205918417,0.8828321997554138
2024-03-31,93098,H,HYATT HOTELS CORP,25,-0.02,0.035103,-0.2885906040268456,6827.84345,1.4681930210530676,1.4646356212859606
2024-04-30,10107,MSFT,MICROSOFT CORP,45,0.02,-0.07947399999999999,0.2602565630088566,3126919.78032,0.8304700325616987,1.396956945208783
2024-04-30,10258,CLDX,CELLDEX THERAPEUTICS INC,35,-0.02,-0.11327499999999999,-0.37912546169426903,2766.28467,1.6605591751035678,0.8153763280242953
2024-04-30,11018,FBP,FIRST BANCORP P R,40,0.02,-0.021398,0.20552841653759082,2934.75772,1.1571631072467545,1.6236121138117865
2024-04-30,12473,KNX,KNIGHT SWIFT TRANSPORT HDLGS INC,20,-0.02,-0.16462400000000002,-0.3078954684459272,8885.39988,0.936214762984055,1.241684256054864
2024-04-30,12622,HCA,H C A HEALTHCARE INC,35,0.02,-0.07595199999999999,0.20181500456729815,88218.35147,1.5671515248202192,1.0642468258461124
2024-04-30,12981,FBIN,FORTUNE BRANDS INNOVATIONS INC,20,0.02,-0.141512,0.137872830533381,10679.34243,1.5235303723477567,1.7684355042005266
2024-04-30,13318,YELP,YELP INC,50,0.02,0.016456,0.2945907303705469,2690.2714,1.5212602715881163,1.5089718518262734
2024-04-30,13788,ZTS,ZOETIS INC,35,0.02,-0.06113,0.2611104491838437,77475.67507000001,0.8084431888293293,1.3852304302724767
2024-04-30,14179,AR,ANTERO RESOURCES CORP,10,-0.02,0.167895,-0.30620755391397597,8803.472,3.358243735982885,1.1324562871402155
2024-04-30,14229,OMF,ONEMAIN HOLDINGS INC,40,0.02,0.015101,0.23642718138130978,6118.844940000001,1.6605626323160845,1.4860120621550101
2024-04-30,14329,ARMK,ARAMARK,25,-0.02,-0.035921999999999996,-0.1574724969220382,8535.00408,1.440551318727492,1.2564849685366664
2024-04-30,14432,ITCI,INTRA CELLULAR THERAPIES INC,35,-0.02,0.032853,-0.095794114142738,6745.4776,1.0014932362960332,0.481956921810898
2024-04-30,14574,MC,MOELIS & CO,40,-0.02,-0.140323,-0.2526311608880416,3785.13975,1.3407174851801291,1.6893083132769329
2024-04-30,14593,AAPL,APPLE INC,45,0.02,-0.01157,0.352734421541761,2630106.39528,1.2302589302025937,1.1922501475195613
2024-04-30,14596,FIVN,FIVE 9 INC,45,-0.02,-0.07796,-0.354481909527781,4586.761390000001,0.8350581480294377,1.8648913624199706
2024-04-30,15432,ALPN,ALPINE IMMUNE SCIENCES INC,35,-0.02,0.624551,-0.299892767782676,2598.4812800000004,1.1843783395184087,1.1438334988418217
2024-04-30,15490,LITE,LUMENTUM HOLDINGS INC,45,-0.02,-0.080682,-0.45837801342388496,3200.8599999999997,1.0702715969661512,2.259796071391378
2024-04-30,15627,PLNT,PLANET FITNESS INC,25,-0.02,-0.049411000000000004,-0.3380992096588427,5351.04457,1.3521115314778185,1.864062241023623
2024-04-30,15831,AXSM,AXSOME THERAPEUTICS INC,35,-0.02,-0.08055300000000001,-0.3293220540926963,3787.7070000000003,1.1371071654234157,1.055686719414304
2024-04-30,15976,SNDX,SYNDAX PHARMACEUTICALS INC,35,-0.02,-0.11704900000000001,-0.3598633782120021,2022.5240000000001,1.0743962006554324,1.1963733948500395
2024-04-30,16260,MEDP,MEDPACE HOLDINGS INC,35,0.02,-0.043958,0.09126653163350414,12521.77945,1.3424246634553951,1.7764134444037847
2024-04-30,16434,GOLF,ACUSHNET HOLDINGS CORP,25,0.02,-0.08022399999999999,0.250665236903769,4187.49525,0.8548101050504654,1.5115052026602738
2024-04-30,16736,VST,VISTRA CORP,55,0.009999999999999995,0.084009,0.07605544302792011,24230.19025,0.9788785505351066,1.0640798820793924
2024-04-30,16928,KRYS,KRYSTAL BIOTECH INC,35,-0.010000000000000002,-0.144301,-0.36379522618054727,5075.98704,0.8954282193352381,1.5396432114129883
2024-04-30,17223,ADT,A D T INC,25,0.02,-0.037602000000000003,0.12202629175106239,5729.2704,1.567661879157783,2.029091499747636
2024-04-30,17332,VCTR,VICTORY CAPITAL HOLDINGS INC,40,0.02,0.193816,0.4810556416061003,2743.99053,1.0058663615048744,1.3069556852616497
2024-04-30,17783,CHX,CHAMPIONX CORP,10,0.02,-0.067213,0.2073553357957028,6832.34341,2.4195022277994003,1.430928884784329
2024-04-30,17949,BE,BLOOM ENERGY CORP,20,-0.016439361039789605,-0.01465,-0.6461138250129075,2528.6965200000004,2.974661885319026,2.7125468404026227
2024-04-30,18064,FTDR,FRONTDOOR INC,25,0.02,-0.062875,0.32548949521426584,2550.88368,0.8760246684050723,1.2585454419081283
2024-04-30,18100,ARVN,ARVINAS INC,35,-0.02,-0.235242,-0.6225227372016363,2819.75424,2.0431493318832903,1.9547695503960276
2024-04-30,18312,MRNA,MODERNA INC,35,-0.02,0.030327,-0.29159219984908064,40812.48,1.7250021576244805,0.8092519867974458
2024-04-30,18482,PD,PAGERDUTY INC,45,-0.02,-0.12479299999999999,-0.3506692084673736,2103.61536,1.0100620340777928,1.8054186348014678
2024-04-30,18576,UBER,UBER TECHNOLOGIES INC,20,-0.013560638960209759,-0.144103,-0.18390325271059219,159869.50402999998,1.3726101373232555,1.7841113612258341
2024-04-30,18656,IDYA,IDEAYA BIOSCIENCES INC,35,-0.02,-0.07847399999999999,-0.49604829421343183,3280.6882,0.8106175294886591,1.3216406495307245
2024-04-30,19201,RVMD,REVOLUTION MEDICINES INC,35,-0.02,0.15182199999999998,-0.696076095158664,5315.14599,1.4474821491778294,2.0783206671446854
2024-04-30,19349,KROS,KEROS THERAPEUTICS INC,35,-0.02,-0.15305100000000002,-0.434687636522499,2387.7016,1.6002509448785514,1.5484959129355529
2024-04-30,19433,MP,M P MATERIALS CORP,15,-0.02,0.11401700000000001,-0.42336868024941415,2546.5154,2.614010535991016,1.8442518348123138
2024-04-30,19484,PCVX,VAXCYTE INC,35,-0.02,-0.11846400000000001,-0.3068827197267564,7429.12236,0.8861532015278446,0.9232487491302466
2024-04-30,19502,WBA,WALGREENS BOOTS ALLIANCE INC,30,-0.02,-0.18743700000000002,-0.2856745700782398,18712.24497,0.7131457219046772,1.2799295730708815
2024-04-30,19561,BA,BOEING CO,20,-0.02,-0.135182,-0.2711982207395051,117749.95365000001,1.4900307059434117,1.5566161716259252
2024-04-30,21207,NEM,NEWMONT CORP,15,-0.02,0.12906499999999999,-0.3719369315699591,41315.886080000004,0.44351215453567255,0.8076784383346327
2024-04-30,21936,PFE,PFIZER INC,35,-0.02,-0.081621,-0.3238015806823146,156698.0895,0.5456869048461735,0.7537252136131688
2024-04-30,22111,JNJ,JOHNSON & JOHNSON,35,0.02,-0.090837,0.3978315262718933,381042.85173,0.4901640268930241,0.5445660450497352
2024-04-30,22592,MMM,3M CO,20,-0.02,0.072184,-0.29145319512291984,58695.00126999999,0.9783801792136165,1.3675295826917593
2024-04-30,26403,DIS,DISNEY WALT CO,50,-0.02,-0.096888,-0.13707851781246277,224445.19272,1.406866494760067,1.5639206693630947
2024-04-30,27334,CSL,CARLISLE COMPANIES,20,0.02,-0.014051000000000001,0.27719528178243774,18731.9974,0.8938889262362212,1.4833570611828877
2024-04-30,32707,HP,HELMERICH & PAYNE INC,10,0.02,-0.069771,0.1570356249255332,4156.66362,1.5479388362719375,1.6061167239401375
2024-04-30,39538,MAT,MATTEL INC,25,0.005972869253720084,-0.08007900000000001,0.3023154215814766,6815.80879,0.9597930789205719,1.268419904146885
2024-04-30,44206,ES,EVERSOURCE ENERGY,55,-0.02,0.009356999999999999,-0.3286468882799158,20900.79199,0.531784452489825,0.984620702379551
2024-04-30,46463,GFF,GRIFFON CORP,20,0.02,-0.111491,0.291850351483379,3626.36964,1.3889953311948005,1.5241111615757874
2024-04-30,46690,CBT,CABOT CORP,15,0.02,-0.015385000000000001,0.3042217721116804,5110.7382,1.2808124122692797,1.598913683048589
2024-04-30,49015,LNC,LINCOLN NATIONAL CORP,40,-0.02,-0.137929,-0.5742483815878311,5417.53117,1.8118098087330343,2.2891454689772135
2024-04-30,49429,DDS,DILLARDS INC,25,0.02,-0.076211,0.22397632948091664,5770.98704,0.9862783864859997,1.5214591766927257
2024-04-30,52978,HAS,HASBRO INC,25,-0.02,0.09209300000000001,-0.32016759998411376,7833.6154799999995,0.7220423741969492,1.637669950656854
2024-04-30,53613,MU,MICRON TECHNOLOGY INC,45,-0.02,-0.046683,-0.3905834226935144,130547.61352,1.2558161894325564,1.9905657488607924
2024-04-30,55511,PNM,P N M RESOURCES INC,55,-0.02,-0.009768,-0.270820922197069,3395.128,0.35164197499938993,0.7358298748582652
2024-04-30,58683,LUV,SOUTHWEST AIRLINES CO,20,-0.02,-0.116203,-0.32741570356249255,17416.65135,1.1218772560562238,1.6406090855167634
2024-04-30,59328,INTC,INTEL CORP,45,-0.02,-0.315029,-0.3553159378847452,188026.03624000002,0.9422258832896863,1.8592410930717358
2024-04-30,65307,RPM,R P M INTERNATIONAL INC,15,0.02,-0.10223299999999999,0.2681004011279241,15329.324400000001,0.990123124658364,1.362298545043517
2024-04-30,66384,WDC,WESTERN DIGITAL CORP,45,-0.02,0.03309,-0.48929663608562685,22278.72224,1.5128315602663893,1.9200471457171113
2024-04-30,73139,SYK,STRYKER CORP,35,0.02,-0.064578,0.24300011914690817,136085.07768000002,0.8424660718111268,1.2252439014223646
2024-04-30,76095,HOLX,HOLOGIC INC,35,0.02,-0.032955,0.28023352793994993,18193.99296,0.979490776329129,0.8297903284322674
2024-04-30,76136,KMPR,KEMPER CORP DE,40,-0.02,-0.063165,-0.21029429286310022,3982.94208,0.8766748604062714,1.4258588485760406
2024-04-30,76661,IONS,IONIS PHARMACEUTICALS INC,35,-0.02,-0.053076,-0.35265499026966923,6322.38075,0.41122876619013204,1.204105297171437
2024-04-30,77157,OI,O I GLASS INC,15,-0.02,-0.10311600000000001,-0.2567417292187934,2549.3853,1.3228099805116393,1.699058514870118
2024-04-30,77660,CACC,CREDIT ACCEPTANCE CORP,40,0.02,-0.07345299999999999,0.27622224869931294,6740.49255,1.4165405712688677,1.672669389111951
2024-04-30,77730,TSN,TYSON FOODS INC,30,-0.02,0.027828,-0.1477421660907899,16816.689469999998,0.7200606148213564,0.9266359192261098
2024-04-30,78015,MTX,MINERALS TECHNOLOGIES INC,15,0.02,-0.036612,0.25846935938679055,2436.28664,1.2821954648058942,1.4626834201358656
2024-04-30,78170,SM,S M ENERGY CO,10,0.004027130746279918,-0.028501,0.23920727590452362,5769.98795,4.307134112164819,1.1705945899900185
2024-04-30,79637,UHS,UNIVERSAL HEALTH SERVICES INC,35,0.02,-0.070796,0.16775884665792923,10942.1262,1.1615336136168701,1.1360747929590778
2024-04-30,79862,ROCK,GIBRALTAR INDUSTRIES INC,20,0.02,-0.11749300000000001,0.380455935501807,2453.7491,1.1679511027605547,1.58997426748234
2024-04-30,79878,UFPI,U F P INDUSTRIES INC,20,0.02,-0.088678,0.23132372214941022,7596.35954,1.4278226625558545,1.611199783061841
2024-04-30,80415,EXP,EAGLE MATERIALS INC,15,0.02,-0.082288,0.22600182691925808,9361.7875,1.2781971620115398,1.4365160460412145
2024-04-30,80864,RS,RELIANCE INC,15,0.02,-0.152868,0.2992374597879185,19190.2865,0.8405660513414394,1.3320244013125462
2024-04-30,81678,LECO,LINCOLN ELECTRIC HOLDINGS INC,20,0.02,-0.14544500000000002,0.2977679812542198,14536.57952,1.1616102068509104,1.3897558652079796
2024-04-30,82307,DVA,DAVITA INC,35,0.02,0.00209,0.2708804956511378,12106.985,1.0193397437562577,1.279407742250589
2024-04-30,84761,TTWO,TAKE TWO INTERACTIVE SOFTWR INC,50,-0.02,-0.043116,-0.25380277215139596,25362.092000000004,0.7230895956306722,0.9489676582065374
2024-04-30,85072,RL,RALPH LAUREN CORP,25,0.02,-0.133326,0.26722665713491406,7330.901439999999,1.5166577621409818,1.5832685667166633
2024-04-30,85394,PSMT,PRICESMART INC,30,0.009999999999999995,-0.033529,0.4263672107708805,2575.02,0.9029076998846164,0.9407422868107718
2024-04-30,85593,AMG,AFFILIATED MANAGERS GROUP INC,40,0.02,-0.07275699999999999,0.2841256602724493,5492.0111799999995,1.2804184443813686,1.3918862639666914
2024-04-30,85789,CADE,CADENCE BANK,40,-0.02,-0.050726,-0.2949283132769371,5346.904,1.0301233040704554,1.8002513958629924
2024-04-30,85992,MANH,MANHATTAN ASSOCIATES INC,45,0.02,-0.18138200000000002,0.21001628341077885,15406.6611,1.4143327015699705,1.4522887047593638
2024-04-30,87812,SLAB,SILICON LABORATORIES INC,45,-0.02,-0.15954000000000002,-0.45881488542039006,4588.1172799999995,1.2544782787621631,2.2207205614919077
2024-04-30,89070,ZBH,ZIMMER BIOMET HOLDINGS INC,35,0.02,-0.09351400000000001,0.27435561380515505,27066.98632,0.9804403006936236,1.1828266075196179
2024-04-30,89216,AYI,ACUITY BRANDS INC,20,0.02,-0.08033799999999999,0.3036458953890147,8281.45241,1.4355810397851945,1.4186087629112423
2024-04-30,89269,CNC,CENTENE CORP DEL,35,0.02,-0.07392599999999999,0.2210572302315422,41976.048240000004,0.351450480349029,0.9623760757125334
2024-04-30,89301,GME,GAMESTOP CORP NEW,25,-0.02,-0.11908099999999999,-0.31879741054052985,3829.52996,1.4962141595560947,0.8406264291679614
2024-04-30,89397,VRNT,VERINT SYSTEMS INC,45,0.02,-0.09144,0.25110210890027407,2067.79755,1.1757507687475046,2.1132782965239785
2024-04-30,89482,BANC,BANC OF CALIFORNIA INC,40,-0.02,-0.104798,-0.4147106715914055,2384.83674,1.1999765654477121,2.02069739527002
2024-04-30,89876,CRI,CARTERS INC,25,0.02,-0.196999,0.318717979268438,3089.2110800000005,1.2526705468063917,1.3681549247253997
2024-04-30,89968,PIPR,PIPER SANDLER COMPANIES,40,0.02,-0.018467,0.31961158107947096,3509.89867,1.3753835374472883,1.6086181678693383
2024-04-30,90071,NRG,N R G ENERGY INC,55,-0.02,0.07472699999999999,-0.3941776877556694,14080.94149,1.0879187542372615,1.1273901061032854
2024-04-30,90249,ENS,ENERSYS,20,0.02,-0.047316,0.2840462290003575,3817.6953599999993,1.333917444524863,1.9328653199581247
2024-04-30,90319,GOOGL,ALPHABET INC,50,0.02,0.07364899999999999,0.2309464236069741,887317.4700000001,0.9966328836535785,1.5867693276439065
2024-04-30,90436,HALO,HALOZYME THERAPEUTICS INC,35,0.02,-0.06828600000000001,0.2869057547956631,5173.92648,1.278445166889478,1.4317656794646005
2024-04-30,91668,IPGP,I P G PHOTONICS CORP,45,0.02,-0.078852,0.29496802891298307,4132.47123,1.1975946998700702,1.7499098373845583
2024-04-30,91832,MDGL,MADRIGAL PHARMACEUTICALS INC,35,-0.02,-0.24085900000000002,-0.5293299972199055,5523.7224,0.010876947444910771,0.4908160990794571
2024-04-30,92293,TDC,TERADATA CORP DE,45,0.02,-0.045464,0.3149847094801223,3766.4580000000005,0.9539052181677445,1.329939398864159
2024-04-30,92294,UEC,URANIUM ENERGY CORP,10,-0.02,-0.004864,-0.5419595694825053,2727.9449999999997,1.893024330847875,1.8174659330482825
2024-04-30,92402,MSCI,M S C I INC,40,0.02,-0.173764,0.2826760395567735,44326.55095,1.0316342884997913,1.6216743495345138
2024-04-30,93035,SEM,SELECT MEDICAL HOLDINGS CORP,35,0.02,-0.063902,0.297648834346082,3869.9937,1.348813852905092,1.5831242593343358
2024-04-30,93096,DG,DOLLAR GENERAL CORP NEW,30,-0.02,-0.10960600000000001,-0.3055323881011955,34281.85626,0.38588480561536864,0.9765220378825242
2024-04-30,93098,H,HYATT HOTELS CORP,25,-0.02,-0.072713,-0.17905794511299097,7208.91806,1.467454050614259,1.4828583083464593
2024-04-30,93330,PRI,PRIMERICA INC,40,0.010000000000000009,-0.16734000000000002,0.3541840422574367,8815.15008,1.038579377576356,1.1718966693828519
2024-05-31,10107,MSFT,MICROSOFT CORP,45,0.00874223407975822,0.063743,0.2741605488025033,2893619.6949799997,0.8375177980347209,1.3015815222167673
2024-05-31,10258,CLDX,CELLDEX THERAPEUTICS INC,35,-0.02,-0.11451700000000001,-0.3720664339872428,2466.3896200000004,1.7534911690310602,0.7940226450838496
2024-05-31,10693,EHC,ENCOMPASS HEALTH CORP,35,0.019999999999999372,0.031685,0.2399606852007863,8349.6732,0.8876454455595952,0.9090682222202222
2024-05-31,11018,FBP,FIRST BANCORP P R,40,0.02,0.032765999999999997,0.18688570626228587,2874.6434999999997,1.1566677120291704,1.592410022598917
2024-05-31,12373,HHH,HOWARD HUGHES HOLDINGS INC,60,-0.02,0.013080000000000001,-0.2969270269186023,3274.6809599999997,1.4491925323941983,1.436403943366021
2024-05-31,12473,KNX,KNIGHT SWIFT TRANSPORT HDLGS INC,20,-0.02,0.039279999999999995,-0.28573434428531314,7465.867619999999,0.9779187886258573,1.2245271060208445
2024-05-31,12622,HCA,H C A HEALTHCARE INC,35,0.02,0.09219,0.2072852729971517,81942.7427,1.58354982089674,1.0983343413564077
2024-05-31,12981,FBIN,FORTUNE BRANDS INNOVATIONS INC,20,0.02,-0.042717000000000005,0.2700284831708589,9220.0299,1.5375508786915664,1.7027413800869298
2024-05-31,13318,YELP,YELP INC,50,0.02,-0.085677,0.2393388694989369,2729.92184,1.4716857004048094,1.4753170690568223
2024-05-31,13788,ZTS,ZOETIS INC,35,0.02,0.060393,0.12520560035303083,72910.74108,0.8196036653922081,1.4635920244237435
2024-05-31,14179,AR,ANTERO RESOURCES CORP,10,-0.02,0.043218,-0.31947286075339987,10570.54607,3.319292746204476,1.1175965476672274
2024-05-31,14229,OMF,ONEMAIN HOLDINGS INC,40,0.02,-0.042669000000000006,0.2179764913547559,6241.00626,1.6323185332812682,1.4713768431770813
2024-05-31,14318,NMIH,N M I HOLDINGS INC,40,0.02,0.07076299999999999,0.45268183094636333,2477.2865,1.029977695678059,1.1159988819273101
2024-05-31,14329,ARMK,ARAMARK,25,-0.02,0.018808000000000002,-0.13389096160789507,8269.92554,1.4294269194059464,1.220913109390732
2024-05-31,14432,ITCI,INTRA CELLULAR THERAPIES INC,35,-0.02,-0.068055,-0.17308540939543468,7505.79663,0.9923561819476973,0.5726071214240087
2024-05-31,14574,MC,MOELIS & CO,40,-0.02,0.16242499999999999,-0.2291290568459903,3453.0234,1.377096046139316,1.6623075771137004
2024-05-31,14593,AAPL,APPLE INC,45,0.02,0.12581799999999999,0.3264933606129899,2611854.1870600004,1.2189377419275866,1.1915493992840884
2024-05-31,14596,FIVN,FIVE 9 INC,45,-0.02,-0.192186,-0.3427207445741565,4252.58076,0.8520553378023937,1.8211521511936954
2024-05-31,15432,ALPN,ALPINE IMMUNE SCIENCES INC,35,-0.02,0.0019330000000000007,-0.33620170899025165,4234.5204,1.0045402419243974,1.2050656754426798
2024-05-31,15627,PLNT,PLANET FITNESS INC,25,-0.02,0.059088,-0.32817828057929155,5211.9443200000005,1.333596248195907,1.8334012088006149
2024-05-31,15831,AXSM,AXSOME THERAPEUTICS INC,35,-0.02,-0.008889,-0.3206763750150439,3503.3049600000004,1.136820117123093,1.047163222491076
2024-05-31,16260,MEDP,MEDPACE HOLDINGS INC,35,0.02,-0.009590999999999999,0.06358567015685802,12032.24805,1.363985775490445,1.7281379133655674
2024-05-31,16434,GOLF,ACUSHNET HOLDINGS CORP,25,0.02,0.076267,0.22926946684318206,3861.1316399999996,0.8638728857493435,1.4973784777167876
2024-05-31,16738,AM,ANTERO MIDSTREAM CORP,10,0.00023508191823053658,0.054111,0.4944237172543828,6660.37544,2.2469905578513965,0.6209763862186155
2024-05-31,17223,ADT,A D T INC,25,0.02,0.089431,0.4372768483973202,5561.5885,1.5570814731525922,1.9905693042622086
2024-05-31,17332,VCTR,VICTORY CAPITAL HOLDINGS INC,40,0.010000000000000009,0.018589,0.29133068560195774,3291.1505999999995,0.9237228995739272,1.3225226664741623
2024-05-31,17783,CHX,CHAMPIONX CORP,10,0.02,-0.032714,0.1879889276687929,6392.43297,2.4207954422772366,1.4492910310526739
2024-05-31,18064,FTDR,FRONTDOOR INC,25,0.02,0.148078,0.3644842941388856,2387.3751,0.880997150500738,1.2245461225745733
2024-05-31,18100,ARVN,ARVINAS INC,35,-0.02,0.038707,-0.5951177438119307,2170.14516,2.048400983507424,1.891546532749284
2024-05-31,18312,MRNA,MODERNA INC,35,-0.02,0.287852,-0.30675572672202833,42275.2044,1.6698925082447562,0.7998595238432935
2024-05-31,18576,UBER,UBER TECHNOLOGIES INC,20,-0.02,-0.030219,-0.25105307497893853,137943.92088,1.3985124655017422,1.7573810739793467
2024-05-31,18656,IDYA,IDEAYA BIOSCIENCES INC,35,-0.02,-0.10527600000000001,-0.4796204918361617,3039.1972499999997,0.8348011496438063,1.007629691541921
2024-05-31,19201,RVMD,REVOLUTION MEDICINES INC,35,-0.02,0.02375,-0.6885906847996148,6147.95664,1.369862182193987,2.006808465599321
2024-05-31,19285,CARR,CARRIER GLOBAL CORP,20,-0.02,0.026436,-0.29227343844024556,55403.22788,1.1974198265474805,1.3891199068947682
2024-05-31,19349,KROS,KEROS THERAPEUTICS INC,35,-0.02,-0.173239,-0.43420788703012797,2033.8745199999998,1.6434454453242004,1.526577219481057
2024-05-31,19433,MP,M P MATERIALS CORP,15,-0.02,0.009335,-0.45470774662013075,2849.248,2.493010607506699,1.820754774494402
2024-05-31,19484,PCVX,VAXCYTE INC,35,-0.02,0.156113,-0.2925743170056565,6585.1758,0.9336961653540935,0.8424062721611758
2024-05-31,19488,RNA,AVIDITY BIOSCIENCES INC,35,-0.02,0.108722,-0.38883539936614914,2307.72081,0.86745677664343,1.5562017841224796
2024-05-31,19502,WBA,WALGREENS BOOTS ALLIANCE INC,30,-0.02,-0.076747,-0.3154611465479199,15295.90149,0.7838457678246992,1.3519086847314423
2024-05-31,19547,CERE,CEREVEL THERAPEUTICS HLDGS INC,35,-0.02,-0.05054,-0.28230432863962757,7781.54845,1.6745018567882095,1.036625927975769
2024-05-31,19561,BA,BOEING CO,20,-0.02,0.053794999999999996,-0.40728928471135717,103034.29056000001,1.5126053901998073,1.527233047289734
2024-05-31,20646,OSCR,OSCAR HEALTH INC,40,-0.02,0.144693,-0.4646166807076665,3499.4644200000002,1.7024746870879957,2.2260469852032077
2024-05-31,21020,AAL,AMERICAN AIRLINES GROUP INC,20,-0.02,-0.153194,-0.3684759497733382,8863.7759,1.5609855961991286,1.616400528361184
2024-05-31,21207,NEM,NEWMONT CORP,15,-0.02,0.027573000000000004,-0.30787900669956275,46863.6096,0.417293619040117,0.8441062758563564
2024-05-31,21936,PFE,PFIZER INC,35,-0.02,0.130915,-0.2647530789906528,144670.45236000002,0.5709690984645529,0.7543423143116718
2024-05-31,22111,JNJ,JOHNSON & JOHNSON,35,0.02,0.018286,0.5063585670156858,348430.52397,0.5129507400909672,0.5180918049303309
2024-05-31,22592,MMM,3M CO,20,-0.02,0.040497,-0.2537208649255827,53404.87011,0.9527469751907166,1.3895936480288393
2024-05-31,27334,CSL,CARLISLE COMPANIES,20,0.02,0.075151,0.3289204477073053,18481.476499999997,0.8710893771501717,1.447434285346402
2024-05-31,39538,MAT,MATTEL INC,25,0.02,-0.033345,0.3424800417218278,6303.16088,0.9884540940401085,1.2258248140259753
2024-05-31,43123,ATI,A T I INC,15,-0.02,0.023056,-0.30156055682593175,7628.525700000001,1.2109557887736058,1.719143216825371
2024-05-31,44206,ES,EVERSOURCE ENERGY,55,-0.02,-0.015803,-0.28882336422353266,21198.02594,0.5197826468227091,0.9656216259233649
2024-05-31,46463,GFF,GRIFFON CORP,20,0.010000000000000009,0.028791,0.22337224696112648,3239.7019199999995,1.4123056936788436,1.4702777481047764
2024-05-31,46690,CBT,CABOT CORP,15,0.02,0.12164,0.25695029486099413,5056.97013,1.262299209783617,1.5690960509409646
2024-05-31,49015,LNC,LINCOLN NATIONAL CORP,40,-0.02,0.205339,-0.49217715729931394,4626.87363,1.8076029221381884,2.2041864482645943
2024-05-31,49154,TGT,TARGET CORP,30,0.009999999999999995,-0.027644,0.2354475067196213,74474.49936,1.1419579859510987,1.171786899848712
2024-05-31,49429,DDS,DILLARDS INC,25,0.02,0.016955,0.2069242187186585,5362.74956,1.027864601228538,1.5567243020105388
2024-05-31,52978,HAS,HASBRO INC,25,-0.02,-0.029210999999999997,-0.23434428531311427,8533.9408,0.6471752780331423,1.5601699949476457
2024-05-31,53613,MU,MICRON TECHNOLOGY INC,45,-0.02,0.102171,-0.38678942512135434,125088.28927999998,1.2612168116294313,1.954226109037333
2024-05-31,54253,MSA,M S A SAFETY INC,20,0.02,-0.00394,0.40638664901512417,7093.147600000001,0.9820245755219883,1.2119854773919427
2024-05-31,55511,PNM,P N M RESOURCES INC,55,-0.010000000000000002,0.030124,-0.1484936013158423,3342.8120000000004,0.35250195880400975,0.7403521332755553
2024-05-31,58683,LUV,SOUTHWEST AIRLINES CO,20,-0.02,0.030281,-0.3302643719661411,15523.94864,1.1337598366369834,1.631375745318826
2024-05-31,61313,DCI,DONALDSON INC,20,0.02,0.016084,0.39479279496128694,8690.6418,1.0537702257796229,1.1456861789358344
2024-05-31,64186,CI,CIGNA GROUP,35,0.02,-0.039201,0.2419063665904441,101273.32488,0.5597034738952018,1.2379931089732932
2024-05-31,64929,KWR,QUAKER CHEMICAL CORP,15,0.02,-0.032185,0.2405423837605809,3356.0477600000004,1.4883317498522761,1.6571869989906625
2024-05-31,65307,RPM,R P M INTERNATIONAL INC,15,0.02,0.044131,0.34123641031812896,13766.05233,1.0079224402491416,1.3357879744456354
2024-05-31,66384,WDC,WESTERN DIGITAL CORP,45,-0.02,0.058552999999999994,-0.45603161230793926,23127.76575,1.4768811419369057,1.8418551928094806
2024-05-31,73139,SYK,STRYKER CORP,35,0.02,0.009225,0.14943635415413006,127958.83600000001,0.8644585397268634,1.2257873806334874
2024-05-31,76095,HOLX,HOLOGIC INC,35,0.02,-0.030678999999999998,0.27526377020901033,17682.97529,0.9884044029013493,0.8271078758588498
2024-05-31,76136,KMPR,KEMPER CORP DE,40,-0.02,0.027060999999999998,-0.24036185662133433,3751.37385,0.8554732804391588,1.3720665233400946
2024-05-31,76661,IONS,IONIS PHARMACEUTICALS INC,35,-0.02,-0.093848,-0.3563405143017611,6017.5647,0.4327289990148431,1.1763325781363025
2024-05-31,77157,OI,O I GLASS INC,15,-0.02,-0.15615300000000001,-0.2814016929433947,2298.9031999999997,1.333322144940818,1.700409058929759
2024-05-31,77660,CACC,CREDIT ACCEPTANCE CORP,40,0.02,-0.048972,0.16117061820515904,6221.662920000001,1.4078937514816363,1.643901730602017
2024-05-31,77730,TSN,TYSON FOODS INC,30,-0.02,-0.052395000000000004,-0.19338468327516342,17366.46035,0.6878627093404901,0.9078610275897078
2024-05-31,78170,SM,S M ENERGY CO,10,0.011022684002011226,0.035593,0.22644120832831865,5612.57203,4.307630905636515,1.0822139074644557
2024-05-31,79637,UHS,UNIVERSAL HEALTH SERVICES INC,35,0.02,0.109239,0.21687326994824888,10220.687100000001,1.181062510273687,1.1590139198901603
2024-05-31,79862,ROCK,GIBRALTAR INDUSTRIES INC,20,0.02,0.051559999999999995,0.4699322020299274,2177.3862,1.2006667128842659,1.5734516980859354
2024-05-31,79878,UFPI,U F P INDUSTRIES INC,20,0.02,0.055744999999999996,0.29193244273277974,6959.6758,1.41100442775461,1.626612226440116
2024-05-31,80069,ARWR,ARROWHEAD PHARMACEUTICALS INC,35,-0.009999999999999377,0.010173999999999999,-0.5668151000922694,2807.88846,0.8642744298834807,2.022563726490316
2024-05-31,82307,DVA,DAVITA INC,35,0.02,0.053925999999999995,0.31712600794319407,12191.177,1.0107171290316144,1.2599006540847448
2024-05-31,84761,TTWO,TAKE TWO INTERACTIVE SOFTWR INC,50,-0.02,0.118476,-0.19857985317126006,24391.948,0.7271336212727143,0.9253277921025445
2024-05-31,85072,RL,RALPH LAUREN CORP,25,0.02,0.137604,0.2807999358125728,6389.1601599999985,1.5420059521015594,1.5616771295340874
2024-05-31,85593,AMG,AFFILIATED MANAGERS GROUP INC,40,0.02,0.03729,0.2664981746700365,5066.381600000001,1.2852566239430807,1.3724383331281438
2024-05-31,85992,MANH,MANHATTAN ASSOCIATES INC,45,0.02,0.061003,0.1978577446142737,12687.1142,1.430024624286728,1.466231868605735
2024-05-31,86026,IOSP,INNOSPEC INC,15,0.02,0.091982,0.3362217675612789,2991.96,1.0860572289694397,1.1402982096536167
2024-05-31,86810,TREX,TREX COMPANY INC,20,0.02,-0.027791999999999997,0.2371725438279777,9618.6552,1.5881771687132942,1.917969243812396
2024-05-31,89070,ZBH,ZIMMER BIOMET HOLDINGS INC,35,0.02,-0.047066000000000004,0.2864765114133269,24667.503520000002,1.0041782325662425,1.1853194012859491
2024-05-31,89301,GME,GAMESTOP CORP NEW,25,-0.02,1.082149,-0.3248485577887431,3392.13157,1.5885685396061517,0.8563828402277236
2024-05-31,89540,DKS,DICKS SPORTING GOODS INC,25,0.02,0.12846,0.2443133951137321,11830.94532,1.5891807219740817,1.8254477909627433
2024-05-31,89876,CRI,CARTERS INC,25,0.02,0.007575000000000001,0.3467324587796365,2496.89659,1.2908176933885906,1.3502662458289567
2024-05-31,89968,PIPR,PIPER SANDLER COMPANIES,40,0.02,0.080349,0.32508926064107196,3462.1545699999997,1.3552604309194722,1.5770642015585288
2024-05-31,90071,NRG,N R G ENERGY INC,55,-0.02,0.11021299999999999,-0.4284109600032094,15604.719780000001,1.0604997417722382,1.1471797501072836
2024-05-31,90249,ENS,ENERSYS,20,0.02,0.18784599999999999,0.3315280619408673,3655.6272,1.3247732754993309,1.8630881037652622
2024-05-31,90319,GOOGL,ALPHABET INC,50,0.02,0.055298,0.21398483572030327,956169.72,0.9640056019850496,1.650229538679584
2024-05-31,90436,HALO,HALOZYME THERAPEUTICS INC,35,0.02,0.158052,0.26583624182613236,4849.1394,1.2924437359691583,1.3938899815504624
2024-05-31,91668,IPGP,I P G PHOTONICS CORP,45,0.02,0.028331,0.08500822401412125,3826.80064,1.1790246838894543,1.7509786509234653
2024-05-31,91832,MDGL,MADRIGAL PHARMACEUTICALS INC,35,-0.02,0.153119,-0.5015846271111646,4342.5657,0.1327470763683521,0.47735007961430476
2024-05-31,92293,TDC,TERADATA CORP DE,45,0.02,-0.125439,0.34131664460223854,3613.5400000000004,0.9504192109985934,1.3030951146111887
2024-05-31,92294,UEC,URANIUM ENERGY CORP,10,-0.02,0.053363,-0.5638664901512416,2727.9449999999997,1.908282295529814,1.7934290849716412
2024-05-31,92469,SATS,ECHOSTAR CORP,50,-0.02,0.196335,-0.48900790307698483,2241.3822600000003,0.6197612572138328,2.1884277649065216
2024-05-31,92852,LOPE,GRAND CANYON EDUCATION INC,25,0.010000000000000009,0.091263,0.4928390901432182,3879.66678,0.5503071012104073,0.8257706649791228
2024-05-31,93035,SEM,SELECT MEDICAL HOLDINGS CORP,35,0.02,0.21778,0.24310988085208812,3641.5164600000003,1.356420919286574,1.5608098472238194
2024-05-31,93096,DG,DOLLAR GENERAL CORP NEW,30,-0.02,-0.020796,-0.20445701448228829,30576.00649,0.4093417762501918,0.967485652497734
2024-05-31,93098,H,HYATT HOTELS CORP,25,-0.02,-0.012258999999999999,-0.16058891964536443,6719.802769999999,1.4694870133749693,1.4291787795730952
2024-05-31,93312,SSNC,S S & C TECHNOLOGIES HLDGS INC,20,0.02,-0.0018299999999999996,0.3788662895655313,15306.82047,1.3540909467198166,1.2170214017678247
2024-05-31,93436,TSLA,TESLA INC,25,-0.02,-0.032787000000000004,-0.612528583463714,584515.84288,2.467476156454052,2.356412036945339
2024-06-30,10107,MSFT,MICROSOFT CORP,45,0.02,0.072526,0.27451557229151957,3085373.1897799997,0.8381104845831467,1.3230981661877494
2024-06-30,10258,CLDX,CELLDEX THERAPEUTICS INC,35,-0.02,0.10728599999999999,-0.3482388012865772,2194.8363,1.656909990329928,0.7949803313226419
2024-06-30,10606,WTS,WATTS WATER TECHNOLOGIES INC,20,0.02,-0.08326900000000001,0.29655997489605396,5458.55156,0.9194802252470207,1.3629104563706271
2024-06-30,10693,EHC,ENCOMPASS HEALTH CORP,35,0.02,-0.01107,0.2791048874244921,8698.17715,0.8725741885211025,0.9256257301479602
2024-06-30,11018,FBP,FIRST BANCORP P R,40,0.02,0.027460000000000002,0.25558955048246645,2950.75071,1.1345545360388498,1.5220339175622595
2024-06-30,11644,CRK,COMSTOCK RESOURCES INC,10,-0.02,-0.117703,-0.33784419863497295,3421.6854200000002,0.6113725917847673,1.169781882572094
2024-06-30,11731,AIN,ALBANY INTERNATIONAL CORP NEW,20,0.010000000000000009,-0.038436,0.2627480975915902,2736.864,1.3074019151199745,1.3369737238540795
2024-06-30,12473,KNX,KNIGHT SWIFT TRANSPORT HDLGS INC,20,-0.02,0.033818,-0.3150152977171099,7797.73075,0.930945302117684,1.2506409417659452
2024-06-30,12622,HCA,H C A HEALTHCARE INC,35,0.02,-0.056638999999999995,0.21395230250254962,88985.2815,1.6128485923943676,1.1487186708091643
2024-06-30,12981,FBIN,FORTUNE BRANDS INNOVATIONS INC,20,0.02,-0.07720500000000001,0.2553738134463011,8763.03474,1.5278430108747787,1.7403436331886086
2024-06-30,13318,YELP,YELP INC,50,0.02,-0.004666,0.24845061583117595,2493.92226,1.388559542627185,1.466436505418139
2024-06-30,13407,META,META PLATFORMS INC,50,0.02,0.07704,0.2903428257629246,1023032.7361799999,1.111103556021524,1.718837882780749
2024-06-30,13788,ZTS,ZOETIS INC,35,0.02,0.018286,0.16413665960618182,77369.3802,0.8448383209522233,1.486374068606697
2024-06-30,14044,AGIO,AGIOS PHARMACEUTICALS INC,35,-0.02,0.182446,-0.41688240370283197,2063.1308200000003,0.828847606412807,1.528143901366176
2024-06-30,14179,AR,ANTERO RESOURCES CORP,10,-0.02,-0.088324,-0.31179885463246254,11074.053410000002,3.3352360517842974,1.1008888266501389
2024-06-30,14229,OMF,ONEMAIN HOLDINGS INC,40,0.02,-0.016951,0.31430924923511416,5885.01808,1.6055016185439361,1.4308954137703733
2024-06-30,14329,ARMK,ARAMARK,25,-0.02,0.054040000000000005,-0.15323213305091393,8455.1928,1.5237672973807903,1.2497276421697603
2024-06-30,14432,ITCI,INTRA CELLULAR THERAPIES INC,35,-0.02,0.014464999999999999,-0.11712559817996393,7098.862999999999,0.9651392834773505,0.5819996945969433
2024-06-30,14574,MC,MOELIS & CO,40,-0.02,0.0002909999999999996,-0.19596767866949083,3982.79655,1.3406390823706094,1.696886805313766
2024-06-30,14596,FIVN,FIVE 9 INC,45,-0.02,-0.061010999999999996,-0.3054836432101671,3454.0676799999997,0.8224788891430187,1.6991943502508544
2024-06-30,14617,ARES,ARES MANAGEMENT CORP,40,-0.02,-0.046612,-0.2934415941005727,26801.06468,1.1700524901077995,1.577806372409885
2024-06-30,15400,ENR,ENERGIZER HOLDINGS INC NEW,30,0.02,0.02802,0.25904134306111243,2054.6298,0.9796268652455039,1.3250406863397575
2024-06-30,15831,AXSM,AXSOME THERAPEUTICS INC,35,-0.02,0.092157,-0.43006197536675295,3487.6312800000005,1.2667346742959549,1.0647377542729308
2024-06-30,16260,MEDP,MEDPACE HOLDINGS INC,35,0.02,0.061905,0.09274731309327684,11969.97222,1.3602151051449871,1.7666110971681024
2024-06-30,16386,IRTC,IRHYTHM TECHNOLOGIES INC,35,-0.02,0.216145,-0.4246881619204519,2743.77205,1.254651247800491,1.5176410683401205
2024-06-30,16738,AM,ANTERO MIDSTREAM CORP,10,0.010892194387553723,0.002018,0.4853887189142544,7050.18065,2.303472214161905,0.6232993365786925
2024-06-30,16816,BHF,BRIGHTHOUSE FINANCIAL INC,40,-0.02,-0.030411,-0.2974425354985487,2764.5606099999995,1.0713922484946874,1.8976426502574237
2024-06-30,17223,ADT,A D T INC,25,0.02,0.07278,0.4773476112026359,6083.522190000001,1.5607205907951611,1.8145679742410494
2024-06-30,17332,VCTR,VICTORY CAPITAL HOLDINGS INC,40,0.02,-0.079809,0.362497058131325,3366.8612999999996,0.9368012461796518,1.3388889287540282
2024-06-30,17783,CHX,CHAMPIONX CORP,10,0.02,0.013961999999999999,0.33182317408017575,6211.533019999999,2.3753664380964477,1.4171240188591452
2024-06-30,18312,MRNA,MODERNA INC,35,-0.02,-0.17108399999999999,-0.304110771161842,54630.86200000001,1.6471799669248426,0.8695886396679614
2024-06-30,18656,IDYA,IDEAYA BIOSCIENCES INC,35,-0.02,-0.043523000000000006,-0.4703459637561779,2766.35985,0.8407026100130159,0.9797109306593532
2024-06-30,19285,CARR,CARRIER GLOBAL CORP,20,-0.02,-0.002849,-0.17368792657095788,56934.94828,1.1897140475495127,1.4209647191876933
2024-06-30,19433,MP,M P MATERIALS CORP,15,-0.02,-0.21929099999999999,-0.42680630736643926,2681.4417399999998,2.4669374066641074,1.919070370606745
2024-06-30,19484,PCVX,VAXCYTE INC,35,-0.02,0.070445,-0.34131560367145214,7645.024649999999,0.9587357314472049,0.827620308353333
2024-06-30,19502,WBA,WALGREENS BOOTS ALLIANCE INC,30,-0.02,-0.258441,-0.33674590099631285,14002.320499999998,0.7674829601636407,1.4223223624490398
2024-06-30,19547,CERE,CEREVEL THERAPEUTICS HLDGS INC,35,-0.02,-0.00044300000000000025,-0.2869106456421119,7422.6243,1.6279200481405007,1.017046150309044
2024-06-30,19561,BA,BOEING CO,20,-0.02,0.020648,-0.4799168431787872,109031.93724000001,1.5285990072266762,1.6356902683976606
2024-06-30,21020,AAL,AMERICAN AIRLINES GROUP INC,20,-0.02,-0.018908,-0.36414450458931513,7545.035000000001,1.4921095257166148,1.7520220292535948
2024-06-30,21207,NEM,NEWMONT CORP,15,-0.02,0.00036399999999999974,-0.19938024633247037,48362.6916,0.457131025412185,0.8673832360624545
2024-06-30,21342,VERA,VERA THERAPEUTICS INC,35,-0.02,-0.051768999999999996,-0.39909390444810544,2078.09099,1.0078860556921825,1.2026291719620505
2024-06-30,21936,PFE,PFIZER INC,35,-0.02,-0.027851,-0.3221542323684004,162404.55538,0.6266497702198167,0.7867705386017287
2024-06-30,22111,JNJ,JOHNSON & JOHNSON,35,0.02,-0.007602,0.4413195261630188,352987.60893,0.49959411234736667,0.5615522274252076
2024-06-30,22592,MMM,3M CO,20,-0.02,0.016346,-0.2128343924060563,55413.57054,0.9215444828989175,1.3858123715395536
2024-06-30,27334,CSL,CARLISLE COMPANIES,20,0.02,-0.035394999999999996,0.3901702361339923,19911.44058,0.8723805572699223,1.4609449413755033
2024-06-30,28345,MUR,MURPHY OIL CORP,10,0.02,-0.040347999999999995,0.34264925080411074,6528.72704,2.214280062459613,1.061097532074119
2024-06-30,32651,HL,HECLA MINING CO,15,-0.02,-0.180695,-0.3111712559817997,3688.8480999999997,2.1769895122210516,1.7614264982159615
2024-06-30,39538,MAT,MATTEL INC,25,0.02,-0.090128,0.40680160037655916,6120.80961,0.9156462840754386,1.2191521542779817
2024-06-30,44206,ES,EVERSOURCE ENERGY,55,-0.02,-0.046671000000000004,-0.25233388248215266,20864.06365,0.5489202061625095,0.9970555678562197
2024-06-30,46463,GFF,GRIFFON CORP,20,0.02,-0.058610999999999996,0.2876166941241077,3346.80962,1.3173139282559803,1.5439723270623142
2024-06-30,46690,CBT,CABOT CORP,15,0.02,-0.105885,0.24054679532439005,5652.8934,1.2579979016338219,1.5904325606766705
2024-06-30,48653,HUM,HUMANA INC,35,-0.02,0.041712,-0.2903036008472582,43153.81812,0.5109539158971454,1.2076839685974738
2024-06-30,49429,DDS,DILLARDS INC,25,0.02,-0.019124000000000002,0.21308935435788814,5477.3534,0.9526896404238149,1.5731607904390639
2024-06-30,54253,MSA,M S A SAFETY INC,20,0.02,0.038597000000000006,0.39297481760414205,7088.759999999999,0.9607821911211121,1.1028863477082962
2024-06-30,54704,MOD,MODINE MANUFACTURING CO,25,-0.019107805612445634,-0.011358,-0.36357574331215187,5280.3362400000005,2.2793156959787293,2.082102080220019
2024-06-30,55511,PNM,P N M RESOURCES INC,55,-0.02,-0.040119,-0.17545304777594728,3458.2680000000005,0.3779766121147237,0.7605031058939727
2024-06-30,58683,LUV,SOUTHWEST AIRLINES CO,20,-0.02,0.06856999999999999,-0.34984702282890096,16062.55904,1.1209026853824422,1.6777477939333918
2024-06-30,60871,ADI,ANALOG DEVICES INC,45,-0.02,-0.02681,-0.31289715227112264,116357.92433,1.1072275268181324,1.6776006554716527
2024-06-30,63765,SWN,SOUTHWESTERN ENERGY CO,10,-0.02,-0.110367,-0.3243508276457205,8304.42285,1.1276770572952362,0.6693237189079538
2024-06-30,64194,CHE,CHEMED CORP NEW,35,0.02,-0.025392,0.24768572997568053,8392.60743,0.4217222694426501,0.857843759374521
2024-06-30,65307,RPM,R P M INTERNATIONAL INC,15,0.02,-0.043553999999999995,0.359045265552679,14434.3323,0.9833931513817173,1.3607959381176025
2024-06-30,66384,WDC,WESTERN DIGITAL CORP,45,-0.02,0.0022499999999999994,-0.40766454852122075,24584.06725,1.3974340695477216,1.7640860258660929
2024-06-30,73139,SYK,STRYKER CORP,35,0.02,-0.004242,0.0995920608770691,129938.23549999998,0.8701587128648138,1.238896382880147
2024-06-30,76095,HOLX,HOLOGIC INC,35,0.02,0.0022449999999999996,0.3047383698125049,17218.555060000002,0.9814064448458755,0.8047940317649472
2024-06-30,76136,KMPR,KEMPER CORP DE,40,-0.02,-0.012648,-0.17235427943829923,3852.2000000000003,0.8525062319025624,1.368329549656089
2024-06-30,76582,DORM,DORMAN PRODUCTS INC,25,0.007669388405018401,-0.009453,0.3684592453126226,2852.26561,0.8194716909682538,1.1258024033606717
2024-06-30,76591,QDEL,QUIDELORTHO CORP,35,-0.02,-0.252371,-0.2991292068722052,2959.4926799999994,0.2077799074419999,0.7313020980741942
2024-06-30,76661,IONS,IONIS PHARMACEUTICALS INC,35,-0.02,0.26444,-0.4051933788342355,5483.90505,0.37910203485016686,1.1575512908973407
2024-06-30,77730,TSN,TYSON FOODS INC,30,-0.02,-0.006046,-0.12018514160194556,16374.416000000001,0.7059358375152612,0.7394947272722933
2024-06-30,79637,UHS,UNIVERSAL HEALTH SERVICES INC,35,0.02,-0.028739,0.20016474464579903,11326.8844,1.2034549160782841,1.158320602336953
2024-06-30,79862,ROCK,GIBRALTAR INDUSTRIES INC,20,0.02,-0.095697,0.1953008551031615,2299.2661999999996,1.1904262778083108,1.5370547610590477
2024-06-30,79878,UFPI,U F P INDUSTRIES INC,20,0.02,-0.06407500000000001,0.28855809210010197,7378.36792,1.3912580742768488,1.627841060692903
2024-06-30,80069,ARWR,ARROWHEAD PHARMACEUTICALS INC,35,-0.010000000000000002,0.128337,-0.6241468580842551,2850.39,1.023683892974782,2.1054901761787272
2024-06-30,80191,ALB,ALBEMARLE CORP,15,-0.010892194387553723,-0.221931,-0.6243822075782538,14407.63493,1.66449877137665,2.657866870371871
2024-06-30,82307,DVA,DAVITA INC,35,0.02,-0.062241000000000005,0.2252098532988154,12902.424,0.9396627576707393,1.1946953672002194
2024-06-30,83601,WOR,WORTHINGTON ENTERPRISES INC,25,0.02,-0.17162,0.25062759865066286,2859.82638,1.315524099058704,1.7728370907670237
2024-06-30,83799,STRA,STRATEGIC EDUCATION INC,25,0.02,-0.028459,0.4405546403075234,2791.03936,0.5226440873240149,1.15643200126928
2024-06-30,84761,TTWO,TAKE TWO INTERACTIVE SOFTWR INC,50,-0.02,-0.034494,-0.3308621636463482,27483.298600000002,0.8176568599341681,0.8527386050377258
2024-06-30,85072,RL,RALPH LAUREN CORP,25,0.0014384172074272384,-0.06296,0.20999058602024004,7592.56064,1.5132298379213378,1.5334378001314728
2024-06-30,85394,PSMT,PRICESMART INC,30,0.02,-0.039180999999999994,0.4708166627441751,2578.27185,0.8449063852515415,0.8608121792745164
2024-06-30,85593,AMG,AFFILIATED MANAGERS GROUP INC,40,0.02,-0.043301000000000006,0.334568918176826,5181.0864,1.2128152778394878,1.3994023271644591
2024-06-30,85992,MANH,MANHATTAN ASSOCIATES INC,45,0.02,0.11949699999999999,0.2177375068643602,13517.0778,1.4546463485057424,1.51036808544698
2024-06-30,86810,TREX,TREX COMPANY INC,20,0.02,-0.14704799999999998,0.18012081274025263,9399.77064,1.5527367733258557,1.9215320913090668
2024-06-30,86896,CBU,COMMUNITY FINANCIAL SYSTEM INC,40,0.02,0.045201000000000005,0.3074448889934886,2398.96966,0.6565821862881258,1.4430943386156954
2024-06-30,89070,ZBH,ZIMMER BIOMET HOLDINGS INC,35,0.02,-0.059523000000000006,0.14679924688161922,23689.579200000004,0.9892777643739045,1.190235965799709
2024-06-30,89217,AAP,ADVANCE AUTO PARTS INC,25,-0.02,-0.10760700000000001,-0.2897936769435946,4211.69808,1.172145107167506,1.7565527280812163
2024-06-30,89301,GME,GAMESTOP CORP NEW,25,-0.02,0.062859,-0.444614419078999,7085.16718,1.7074262043457853,1.7053208321742932
2024-06-30,89482,BANC,BANC OF CALIFORNIA INC,40,-0.02,-0.074866,-0.3019141758845219,2186.35956,1.2055109770927843,2.004607233867504
2024-06-30,89540,DKS,DICKS SPORTING GOODS INC,25,0.02,-0.055510000000000004,0.07623362359770926,13254.56664,1.6033919068525229,1.9401330241297885
2024-06-30,89876,CRI,CARTERS INC,25,0.02,-0.09813100000000001,0.31962422530791557,2496.5316000000003,1.2392392834319277,1.3748810613554001
2024-06-30,89968,PIPR,PIPER SANDLER COMPANIES,40,0.02,0.08270999999999999,0.36983211736094773,3748.29422,1.3424544374496075,1.5662738151852393
2024-06-30,90319,GOOGL,ALPHABET INC,50,0.02,0.053024,0.36785125911979294,1013265.0,0.9551072409195771,1.6454954252611298
2024-06-30,90436,HALO,HALOZYME THERAPEUTICS INC,35,0.02,0.17808300000000002,0.2018318035616224,5636.96546,1.3066711491794405,1.3318912287486007
2024-06-30,90564,PBH,PRESTIGE CONSUMER HEALTHCARE INC,35,0.02,0.066471,0.3623597709264925,3210.03365,0.4832601521365671,0.7903708348046901
2024-06-30,90708,MORN,MORNINGSTAR INC,40,0.010000000000000009,0.022241,0.3400015689966267,12321.5345,1.1326506990895595,1.2906754834664376
2024-06-30,91668,IPGP,I P G PHOTONICS CORP,45,0.02,-0.031105,0.11883188201145369,3952.11264,1.09326099576307,1.778884324617519
2024-06-30,91832,MDGL,MADRIGAL PHARMACEUTICALS INC,35,-0.02,0.18218900000000002,-0.5483447085588765,5033.041920000001,0.08135425312534864,0.4895264249763571
2024-06-30,92294,UEC,URANIUM ENERGY CORP,10,-0.02,-0.16238799999999998,-0.5509923903663607,2885.5595999999996,1.9302026648123334,1.7729185919988393
2024-06-30,92469,SATS,ECHOSTAR CORP,50,-0.02,-0.076521,-0.5029810935906488,2691.3408,0.7109171861667158,2.283863158743834
2024-06-30,92782,MYRG,M Y R GROUP INC DE,20,-0.02,-0.128915,-0.2979524594022122,2599.5809,1.0221592056545488,1.5309020482898177
2024-06-30,93096,DG,DOLLAR GENERAL CORP NEW,30,-0.02,-0.038307999999999995,-0.15638973876206164,30105.82445,0.4187902598750467,1.0592699934392011
2024-06-30,93312,SSNC,S S & C TECHNOLOGIES HLDGS INC,20,0.02,0.009788999999999999,0.39691692162861847,15346.39215,1.3116743451976867,1.2342546322461194
2024-06-30,93330,PRI,PRIMERICA INC,40,0.02,0.043199,0.35571114772103246,7773.1007899999995,1.0569195199727974,1.2769825181387247
2024-06-30,93436,TSLA,TESLA INC,25,-0.02,0.10706099999999999,-0.5794304542245234,567932.02368,2.392710418905316,2.39613207528998
2024-07-31,10107,MSFT,MICROSOFT CORP,45,0.02,-0.06870000000000001,0.27355498120300753,3322626.3,0.8382191336684097,1.305107814958945
2024-07-31,10258,CLDX,CELLDEX THERAPEUTICS INC,35,-0.02,0.025011,-0.3707119360902256,2453.05981,1.760129644492544,0.8307466228882939
2024-07-31,10606,WTS,WATTS WATER TECHNOLOGIES INC,20,0.010000000000000009,0.12699000000000002,0.2775689223057644,5026.53844,0.883285394902026,1.373875319168339
2024-07-31,10693,EHC,ENCOMPASS HEALTH CORP,35,0.02,0.080536,0.24496788847117795,8637.766150000001,0.8642146074885722,0.9726885769473034
2024-07-31,10933,MKL,MARKEL GROUP INC,40,0.02,0.035393,0.3987703634085213,20488.30698,0.66941541863886,1.1970904223373773
2024-07-31,11644,CRK,COMSTOCK RESOURCES INC,10,-0.02,-0.09237999999999999,-0.3292998120300751,3033.0567600000004,0.5262432377607169,1.1792040829777088
2024-07-31,12473,KNX,KNIGHT SWIFT TRANSPORT HDLGS INC,20,-0.02,0.08563399999999999,-0.35181704260651625,8067.62112,0.8900782282922782,1.2688621736632117
2024-07-31,12622,HCA,H C A HEALTHCARE INC,35,0.02,0.1253,0.2467888471177945,84147.72991999998,1.6032615469281137,1.2185095791423906
2024-07-31,12981,FBIN,FORTUNE BRANDS INNOVATIONS INC,20,0.02,0.23966800000000002,0.22891212406015038,8122.630259999999,1.4877353792281656,1.7654602429062967
2024-07-31,13318,YELP,YELP INC,50,0.02,-0.018784000000000002,0.29323308270676696,2492.5731,1.3783544203622826,1.4801165864099415
2024-07-31,13407,META,META PLATFORMS INC,50,0.02,-0.062999,0.2691494360902255,1103233.36,1.1153663515385495,1.7615606738338736
2024-07-31,13766,BCC,BOISE CASCADE CO,20,0.02,0.187119,0.24833568295739347,4706.68638,1.4594869854799146,1.758471432473319
2024-07-31,13788,ZTS,ZOETIS INC,35,0.02,0.036325,0.14557879072681706,79103.30120000002,0.8231278988784777,1.5102358031045153
2024-07-31,14044,AGIO,AGIOS PHARMACEUTICALS INC,35,-0.02,0.071356,-0.44642857142857145,2452.45,0.8359492926040399,1.6977559021725435
2024-07-31,14179,AR,ANTERO RESOURCES CORP,10,-0.02,-0.115345,-0.29223449248120303,10141.632410000002,3.4641606917658416,1.09452295317252
2024-07-31,14329,ARMK,ARAMARK,25,-0.02,0.0026379999999999997,-0.14168233082706766,8946.987840000002,1.5483676389865733,1.2834618998764158
2024-07-31,14432,ITCI,INTRA CELLULAR THERAPIES INC,35,-0.02,0.144654,-0.16531563283208017,7234.256249999999,1.000111095266302,0.6271861644438427
2024-07-31,14472,VRNS,VARONIS SYSTEMS INC,45,-0.02,0.144549,-0.33464520676691734,5381.274600000001,0.9038684786816664,1.6732652272289357
2024-07-31,14574,MC,MOELIS & CO,40,-0.02,0.19120900000000002,-0.22002271303258145,4000.3853000000004,1.3369522373110314,1.6896119892582842
2024-07-31,14596,FIVN,FIVE 9 INC,45,-0.02,0.005493,-0.40380247493734334,3295.1079,0.8342969194415036,1.7225435265680653
2024-07-31,14617,ARES,ARES MANAGEMENT CORP,40,-0.02,0.14474900000000002,-0.29689458020050136,26082.096319999997,1.1859443872625883,1.6699490152568957
2024-07-31,15400,ENR,ENERGIZER HOLDINGS INC NEW,30,0.02,0.037605,0.2853226817042606,2120.6766000000002,1.0206065730662321,1.3366806693035242
2024-07-31,15831,AXSM,AXSOME THERAPEUTICS INC,35,-0.02,0.07988500000000001,-0.4521655701754386,3848.061,1.2713689978024032,1.055645855035752
2024-07-31,16171,KNSL,KINSALE CAPITAL GROUP INC,40,0.02,0.181621,0.2782933897243108,8967.777279999998,1.0490651410303398,1.4843507547006196
2024-07-31,16260,MEDP,MEDPACE HOLDINGS INC,35,0.02,-0.075926,0.06952929197994986,12768.1737,1.328766152335648,1.7903951930103388
2024-07-31,16386,IRTC,IRHYTHM TECHNOLOGIES INC,35,-0.02,-0.203429,-0.49185463659147877,3359.4444000000003,1.2513802034320904,1.592869936274162
2024-07-31,16738,AM,ANTERO MIDSTREAM CORP,10,0.009999999999999995,-0.015436,0.47761983082706766,7093.49234,2.3774665111238455,0.6116125086774432
2024-07-31,16816,BHF,BRIGHTHOUSE FINANCIAL INC,40,-0.004470638468577285,0.145958,-0.23102678571428578,2654.31496,1.0795357742727747,1.8866093702511193
2024-07-31,16968,MDB,MONGODB INC,45,-0.02,0.0048909999999999995,-0.4616815476190476,18334.81596,1.2107659855964323,2.1615842089142827
2024-07-31,17223,ADT,A D T INC,25,0.02,0.018973,0.33613330200501246,6502.7804,1.58343875479582,1.820568215080399
2024-07-31,17332,VCTR,VICTORY CAPITAL HOLDINGS INC,40,0.02,0.092922,0.4229714912280701,3093.33357,0.937597118836848,1.3666264470981337
2024-07-31,17341,ZS,ZSCALER INC,45,-0.02,-0.07152,-0.282875156641604,29049.32631,0.9342040700037625,1.7058553782731978
2024-07-31,17783,CHX,CHAMPIONX CORP,10,0.02,0.029935999999999997,0.19699639724310772,6325.14339,2.3990874340861335,1.415408864637467
2024-07-31,17959,CRNX,CRINETICS PHARMACEUTICALS INC,35,-0.004411786027466799,0.181268,-0.6774161967418546,3552.83238,0.6911399347050985,2.32241676687595
2024-07-31,18312,MRNA,MODERNA INC,35,-0.02,-0.0007530000000000002,-0.28831845238095244,45600.0,1.7787276421514708,0.9469138215604183
2024-07-31,18482,PD,PAGERDUTY INC,45,-0.02,-0.09193299999999999,-0.3192747493734336,2192.1079999999997,1.1330596409383518,1.8126431506831513
2024-07-31,18578,KTB,KONTOOR BRANDS INC,25,0.0011175755039553002,0.055758,0.2724193295739349,3693.1545,1.133884533615469,1.4139687472429086
2024-07-31,18656,IDYA,IDEAYA BIOSCIENCES INC,35,-0.02,0.22143500000000002,-0.53874921679198,2671.5550099999996,0.9185906303950637,1.03012884451798
2024-07-31,18786,AMK,ASSETMARK FINANCIAL HOLDINGS INC,40,0.02,-0.006158,0.4287672305764411,2570.6927499999997,1.063259375748716,1.163659282726489
2024-07-31,19285,CARR,CARRIER GLOBAL CORP,20,-0.02,0.07502900000000001,-0.2406994047619048,56835.83695999999,1.1854117689026915,1.4599144988867432
2024-07-31,19433,MP,M P MATERIALS CORP,15,-0.02,0.057347,-0.37398182957393483,2104.4854100000002,2.429735189434255,1.957357037285014
2024-07-31,19484,PCVX,VAXCYTE INC,35,-0.02,0.040051,-0.33670112781954886,8349.59376,0.961751531779203,0.8279423786981974
2024-07-31,19502,WBA,WALGREENS BOOTS ALLIANCE INC,30,-0.02,-0.023314,-0.27128367794486213,10441.311125,0.7169186322122639,1.5918523393355424
2024-07-31,19547,CERE,CEREVEL THERAPEUTICS HLDGS INC,35,-0.02,0.095803,-0.3696154448621555,7449.95355,1.6158724159844018,1.0289069231411592
2024-07-31,19561,BA,BOEING CO,20,-0.02,0.042484,-0.46465773809523814,111733.02683999999,1.5368012839489313,1.6715496917673192
2024-07-31,21020,AAL,AMERICAN AIRLINES GROUP INC,20,-0.02,-0.065611,-0.24929511278195488,7439.36864,1.4489614470914467,1.7698528756941656
2024-07-31,21207,NEM,NEWMONT CORP,15,-0.02,0.16725,-0.2460643796992481,48281.9718,0.41094352008701734,0.8877113935864758
2024-07-31,21936,PFE,PFIZER INC,35,-0.02,0.101681,-0.26288377192982454,158551.27214,0.6212295313962898,0.795366660321046
2024-07-31,22111,JNJ,JOHNSON & JOHNSON,35,0.02,0.07527,0.5165648496240601,351760.20264000003,0.4883628144632857,0.5685388615143192
2024-07-31,22592,MMM,3M CO,20,-0.02,0.243454,-0.16181077694235593,56547.960589999995,0.9115815988303732,1.3203382866860973
2024-07-31,27334,CSL,CARLISLE COMPANIES,20,0.02,0.028283999999999997,0.334234022556391,19288.806419999997,0.8729785564275144,1.4955338898930002
2024-07-31,39538,MAT,MATTEL INC,25,0.02,0.18163600000000002,0.3469611528822055,5526.774,0.8805289323783542,1.243467650700932
2024-07-31,44206,ES,EVERSOURCE ENERGY,55,-0.02,0.139884,-0.18998668546365918,19976.38105,0.5461647618728018,1.0103507318120348
2024-07-31,46463,GFF,GRIFFON CORP,20,0.02,0.123695,0.31052239974937335,3164.4545799999996,1.285245487295281,1.579488612882855
2024-07-31,46690,CBT,CABOT CORP,15,0.02,0.086703,0.3212915100250626,5077.65762,1.210143832095069,1.5001600082799549
2024-07-31,48653,HUM,HUMANA INC,35,-0.02,-0.036934,-0.26840538847117795,45025.19865,0.49780766553273864,1.1607942588332603
2024-07-31,49429,DDS,DILLARDS INC,25,0.02,-0.099627,0.24024906015037595,5393.45633,0.9466372433567884,1.543764484871015
2024-07-31,54704,MOD,MODINE MANUFACTURING CO,25,-0.011117575503955295,0.169658,-0.3658560463659148,5242.1411800000005,2.29576700539419,2.1135062789741648
2024-07-31,55511,PNM,P N M RESOURCES INC,55,-0.02,0.130979,-0.18681469298245615,3333.7920000000004,0.35360370079326225,0.8042829674648116
2024-07-31,58683,LUV,SOUTHWEST AIRLINES CO,20,-0.02,-0.063082,-0.3848488408521303,17121.82616,1.123803941754016,1.7429451347114615
2024-07-31,61313,DCI,DONALDSON INC,20,0.02,0.040845,0.40460526315789475,8616.1818,1.0238116800104435,1.0787594482706035
2024-07-31,63765,SWN,SOUTHWESTERN ENERGY CO,10,-0.02,-0.046316,-0.29356594611528825,7422.146850000001,1.1871091638700975,0.679576681778649
2024-07-31,64194,CHE,CHEMED CORP NEW,35,0.02,0.04612,0.2557957393483709,8214.118620000001,0.3953765277156753,0.8665310598206027
2024-07-31,65307,RPM,R P M INTERNATIONAL INC,15,0.02,0.127798,0.3573973997493734,13865.199840000001,0.9529785417808382,1.344053668739679
2024-07-31,66384,WDC,WESTERN DIGITAL CORP,45,-0.02,-0.11979600000000001,-0.4256539786967418,25989.109999999997,1.32838118322976,1.8576704884260824
2024-07-31,73139,SYK,STRYKER CORP,35,0.02,-0.04233,0.14841791979949875,129618.2375,0.8465829749998539,1.251638095315528
2024-07-31,76095,HOLX,HOLOGIC INC,35,0.014411786027466794,0.094414,0.2640390037593985,17230.158,0.9719945276569324,0.8166355613620944
2024-07-31,76136,KMPR,KEMPER CORP DE,40,-0.02,0.075013,-0.14847666040100246,3819.36875,0.8541530752434293,1.3573461185680813
2024-07-31,76591,QDEL,QUIDELORTHO CORP,35,-0.02,0.17801,-0.23165335213032584,2229.062,0.16467131455294778,0.7468843333284683
2024-07-31,76661,IONS,IONIS PHARMACEUTICALS INC,35,-0.02,0.033057,-0.4313518170426064,6959.5515,0.4180455745491174,1.177674393762323
2024-07-31,77730,TSN,TYSON FOODS INC,30,-0.02,0.061092,-0.1382362155388471,16342.954240000001,0.6968614233267452,0.7616789574575542
2024-07-31,79444,TALO,TALOS ENERGY INC,10,-0.02,-0.030225,-0.3273809523809524,2234.61585,1.9957069163672743,1.2173127587355985
2024-07-31,79637,UHS,UNIVERSAL HEALTH SERVICES INC,35,0.02,0.15118600000000001,0.2589677318295739,11036.25254,1.1955302751239796,1.1823367245530847
2024-07-31,79862,ROCK,GIBRALTAR INDUSTRIES INC,20,0.02,0.078732,0.25328947368421056,2089.19835,1.1630033105939546,1.5115867504706628
2024-07-31,79878,UFPI,U F P INDUSTRIES INC,20,0.02,0.173235,0.29025689223057644,6822.928,1.3562040728477875,1.631587857607697
2024-07-31,80069,ARWR,ARROWHEAD PHARMACEUTICALS INC,35,-0.02,0.094173,-0.6376683897243106,3228.65973,1.0196544940047754,2.1955288508441293
2024-07-31,82307,DVA,DAVITA INC,35,0.02,-0.018783,0.33354871553884713,12152.589,0.8553364629351669,1.2151974267673233
2024-07-31,83601,WOR,WORTHINGTON ENTERPRISES INC,25,0.02,0.0498,0.14244595864661655,2373.41018,1.264942435043871,1.7406700662469696
2024-07-31,83799,STRA,STRATEGIC EDUCATION INC,25,0.02,-0.052244,0.45314458020050125,2724.78118,0.5259903596108654,1.1566867874918845
2024-07-31,84761,TTWO,TAKE TWO INTERACTIVE SOFTWR INC,50,-0.02,-0.03661,-0.3394423558897244,27241.847999999998,0.8152068531569822,0.8782641142274028
2024-07-31,85394,PSMT,PRICESMART INC,30,0.02,0.12004300000000001,0.4732142857142857,2487.8868,0.8427854032902186,0.8642809410535679
2024-07-31,85593,AMG,AFFILIATED MANAGERS GROUP INC,40,0.014470638468577294,0.18340900000000002,0.29340930451127817,4978.11272,1.2012593884893745,1.4116056038156837
2024-07-31,85992,MANH,MANHATTAN ASSOCIATES INC,45,0.02,0.030557,0.1461074561403509,15108.16328,1.480268866940397,1.5871818584414652
2024-07-31,86026,IOSP,INNOSPEC INC,15,0.01999999999999999,0.056378,0.3316298558897243,3082.45819,1.0824831582390695,1.1589549417309786
2024-07-31,86810,TREX,TREX COMPANY INC,20,0.02,0.12359400000000001,0.17152255639097744,8056.32516,1.5056550457919953,1.99510576553617
2024-07-31,89070,ZBH,ZIMMER BIOMET HOLDINGS INC,35,0.02,0.021273,0.1488878446115288,22327.65984,0.991078736869398,1.1933715633294846
2024-07-31,89217,AAP,ADVANCE AUTO PARTS INC,25,-0.02,-0.0007379999999999999,-0.2229401629072681,3775.8612599999997,1.1848586165524677,1.7676752586770612
2024-07-31,89301,GME,GAMESTOP CORP NEW,25,-0.02,-0.08652599999999999,-0.4968867481203007,8671.57242,1.8735978214995672,2.0966995195568825
2024-07-31,89540,DKS,DICKS SPORTING GOODS INC,25,0.02,0.0022710000000000004,0.12456923558897241,12444.112,1.635304515169058,2.018723315811479
2024-07-31,89876,CRI,CARTERS INC,25,0.02,-0.027625,0.38606281328320796,2261.84303,1.1986446349729984,1.3300694075801154
2024-07-31,89968,PIPR,PIPER SANDLER COMPANIES,40,0.02,0.182585,0.25765585839599,4073.77883,1.3657778008512793,1.6123798293441567
2024-07-31,90276,BLKB,BLACKBAUD INC,45,0.009999999999999995,0.037432,0.2679942042606516,3932.20008,0.9607501253616655,1.2442130142578822
2024-07-31,90319,GOOGL,ALPHABET INC,50,0.02,-0.06296,0.32792919799498754,1067399.0,0.9914667800798066,1.6743959941309552
2024-07-31,90436,HALO,HALOZYME THERAPEUTICS INC,35,0.02,0.050675,0.1349075814536341,6625.3726,1.2984433424286554,1.3946158049326753
2024-07-31,90564,PBH,PRESTIGE CONSUMER HEALTHCARE INC,35,0.02,0.023757,0.29197994987468673,3420.1237499999997,0.471445483084214,0.8148212353343836
2024-07-31,91234,MWA,MUELLER WATER PRODUCTS INC,20,0.02,0.149307,0.2978735902255639,2790.37696,1.298135199012502,1.6287033528414347
2024-07-31,91668,IPGP,I P G PHOTONICS CORP,45,0.02,-0.051992,0.10430372807017545,3732.14775,1.030513099788393,1.6979814649567408
2024-07-31,91733,AVAV,AEROVIRONMENT INC,20,-0.02,-0.024583999999999998,-0.2910988408521304,5124.88944,0.5202883961639627,1.7952756187758745
2024-07-31,91832,MDGL,MADRIGAL PHARMACEUTICALS INC,35,-0.02,0.011351,-0.5671209273182958,6079.752160000001,0.06497738998563081,0.4964230401210075
2024-07-31,92245,AROC,ARCHROCK INC,10,0.02,0.020512,0.2826597744360902,3160.10292,1.529921867870123,1.1616372384985265
2024-07-31,92294,UEC,URANIUM ENERGY CORP,10,-0.02,-0.018022,-0.5234766604010026,2456.75578,1.9600961317742864,1.836265775619085
2024-07-31,92782,MYRG,M Y R GROUP INC DE,20,-0.02,0.030438,-0.1747141290726817,2259.30008,0.9824751868573445,1.5450896184537222
2024-07-31,93096,DG,DOLLAR GENERAL CORP NEW,30,-0.02,-0.09007299999999999,-0.05895598370927318,29076.71585,0.40299910491492996,0.9284368060388464
2024-07-31,93312,SSNC,S S & C TECHNOLOGIES HLDGS INC,20,0.02,0.15932300000000002,0.3931312656641604,15341.616000000002,1.3270395855377561,1.2298289823484754
2024-07-31,93436,TSLA,TESLA INC,25,-0.02,0.16807,-0.5936325187969925,632155.3631999999,2.3934831945443804,2.4040562165908543
2024-08-31,10138,TROW,T ROWE PRICE GROUP INC,40,0.02,-0.07595400000000001,0.2559383091297985,25422.91758,1.3812486765384933,1.4822961620861126
2024-08-31,10258,CLDX,CELLDEX THERAPEUTICS INC,35,-0.02,0.08007299999999999,-0.37609291155390434,2526.23568,1.7598465899832578,0.8228334735141399
2024-08-31,10606,WTS,WATTS WATER TECHNOLOGIES INC,20,0.010000000000000009,-0.054487,0.2431235693647041,5688.53824,0.8848615881862031,1.3448560992470455
2024-08-31,10693,EHC,ENCOMPASS HEALTH CORP,35,0.02,-0.003235,0.2691845847874217,9357.6639,0.8651431058145325,0.9258586162182996
2024-08-31,11581,EPAC,ENERPAC TOOL GROUP CORP,20,0.02,0.021452000000000002,0.3164659086644902,2182.86,1.1187217230978648,1.2241191630505615
2024-08-31,11644,CRK,COMSTOCK RESOURCES INC,10,-0.02,0.118073,-0.32639123419265265,2767.15294,0.5234867239191596,1.1570086935542074
2024-08-31,12473,KNX,KNIGHT SWIFT TRANSPORT HDLGS INC,20,-0.02,-0.042082,-0.23710082929941084,8796.486729999999,0.8909361305994531,1.2700608509925753
2024-08-31,12622,HCA,H C A HEALTHCARE INC,35,0.02,0.085211,0.2353559232991857,93693.7657,1.6047326207453838,1.1913190373095763
2024-08-31,12981,FBIN,FORTUNE BRANDS INNOVATIONS INC,20,0.02,-0.018846,0.16873053397876087,10029.16748,1.490957120765042,1.833854683413442
2024-08-31,13318,YELP,YELP INC,50,0.02,-0.045594,0.32890539982738565,2457.49494,1.3779173495356252,1.3303064884677926
2024-08-31,13407,META,META PLATFORMS INC,50,0.02,0.093469,0.2698225074111599,1037374.8710699999,1.1142047987882078,1.7267627232960374
2024-08-31,13766,BCC,BOISE CASCADE CO,20,0.02,-0.049954,0.13653420391009047,5609.57111,1.4616898788903367,1.787685578294031
2024-08-31,13788,ZTS,ZOETIS INC,35,0.02,0.014743,0.24757026530076182,82151.3518,0.8234754580590751,1.4041289194459237
2024-08-31,14179,AR,ANTERO RESOURCES CORP,10,-0.02,-0.074371,-0.14848587189012719,9019.61914,3.461910867247552,1.044886049079725
2024-08-31,14318,NMIH,N M I HOLDINGS INC,40,0.02,0.039291,0.40583136327817176,3135.1325500000003,1.0675037898397635,1.09797847603338
2024-08-31,14329,ARMK,ARAMARK,25,-0.02,0.06727,-0.07711358775188566,9012.735840000001,1.548228006657921,1.2398345718867438
2024-08-31,14406,ESI,ELEMENT SOLUTIONS INC,15,0.02,-0.009243000000000001,0.26282412098014934,6525.7269,1.2990425395042804,1.6068797009455635
2024-08-31,14432,ITCI,INTRA CELLULAR THERAPIES INC,35,-0.02,-0.07352500000000001,-0.11660850313332584,8314.8,1.0021443935902132,0.625259157434116
2024-08-31,14574,MC,MOELIS & CO,40,-0.02,-0.012345000000000002,-0.19096401365904914,4784.684,1.3392387786589537,1.6209429776265625
2024-08-31,14596,FIVN,FIVE 9 INC,45,-0.02,-0.280513,-0.38382303275920304,3328.7314499999993,0.834381969092491,1.6833058777568366
2024-08-31,14617,ARES,ARES MANAGEMENT CORP,40,-0.02,-0.048805,-0.2679462644001651,29980.320799999998,1.1872691734535794,1.6548121949709442
2024-08-31,14688,AMPH,AMPHASTAR PHARMACEUTICALS INC,35,0.02,0.11552599999999999,0.2713985515403955,2130.8262400000003,0.7540096100992684,1.1164974069696387
2024-08-31,15400,ENR,ENERGIZER HOLDINGS INC NEW,30,0.02,0.058314,0.28762805358550037,2210.4141,1.0208991666981204,1.2867971909152345
2024-08-31,15831,AXSM,AXSOME THERAPEUTICS INC,35,-0.02,0.013334000000000002,-0.3873316071897631,4190.88,1.271840314416026,1.0118672225466459
2024-08-31,16386,IRTC,IRHYTHM TECHNOLOGIES INC,35,-0.02,-0.182622,-0.45431348268227695,2694.105,1.248199190303001,1.5811223366795706
2024-08-31,16431,LW,LAMB WESTON HOLDINGS INC,30,-0.02,0.03376,-0.34354009531314494,8623.13342,0.7378443395358172,1.7832149178252927
2024-08-31,16771,MGY,MAGNOLIA OIL & GAS CORP,10,0.02,-0.059227999999999996,0.34564148748545914,4928.56044,2.015953926880057,0.9629625235880738
2024-08-31,17223,ADT,A D T INC,25,0.02,-0.067401,0.4466021239070884,6656.79362,1.5834034658863663,1.7268238776680533
2024-08-31,17332,VCTR,VICTORY CAPITAL HOLDINGS INC,40,0.02,0.037192,0.40718225824608806,3398.8536400000003,0.9384996508057648,1.3236846985059085
2024-08-31,17700,DAY,DAYFORCE INC,20,-0.02,-0.040013,-0.3588502382828624,9360.312,1.3009713834197578,1.945343868447885
2024-08-31,18312,MRNA,MODERNA INC,35,-0.02,-0.355199,-0.19103906337948892,45827.69112,1.7781954498551182,0.9063585014020648
2024-08-31,18482,PD,PAGERDUTY INC,45,-0.02,-0.059364,-0.3281173777627679,2000.908,1.1319639098770142,1.764394357176201
2024-08-31,18656,IDYA,IDEAYA BIOSCIENCES INC,35,-0.02,-0.086881,-0.5631355773199743,3275.7175499999994,0.9217236438704952,1.0970621745969882
2024-08-31,18770,BBIO,BRIDGEBIO PHARMA INC,35,-0.010000000000000002,0.068799,-0.34444069195842236,4879.4563499999995,1.1809179401400887,1.4298521130105124
2024-08-31,19201,RVMD,REVOLUTION MEDICINES INC,35,-0.02,-0.07037,-0.6285789335434726,7560.12908,1.3611538941235486,2.03044127072056
2024-08-31,19433,MP,M P MATERIALS CORP,15,-0.02,-0.050277,-0.3941423693196743,2235.08584,2.430032509842454,1.9105834009879359
2024-08-31,19484,PCVX,VAXCYTE INC,35,-0.02,0.019285,-0.25582573454913876,8723.34064,0.9618163528276401,0.7884040529209143
2024-08-31,19502,WBA,WALGREENS BOOTS ALLIANCE INC,30,-0.02,-0.206393,-0.24214792299898683,10247.07425,0.716792688212956,1.5166301729149105
2024-08-31,19561,BA,BOEING CO,20,-0.02,-0.092877,-0.5747307591279223,117309.15379999999,1.537508411015778,1.587961865925656
2024-08-31,19577,RKT,ROCKET COMPANIES INC,40,-0.006976632321809872,0.209293,-0.3308191676986003,2258.1164400000002,2.501018494388182,2.0154193492632273
2024-08-31,20482,ABT,ABBOTT LABORATORIES,35,0.02,0.064771,0.2753574242935945,184296.82596,0.6876779680065648,0.849714072258797
2024-08-31,21020,AAL,AMERICAN AIRLINES GROUP INC,20,-0.02,-0.006299,-0.43890952756200985,6987.330559999999,1.4482728445315118,1.7187621865490939
2024-08-31,21207,NEM,NEWMONT CORP,15,-0.02,0.083619,-0.10096063642162936,56304.34103,0.4132543968539367,0.8662109197156396
2024-08-31,21342,VERA,VERA THERAPEUTICS INC,35,-0.02,0.029197,-0.37817554129610864,2005.7540300000003,0.9647482491264593,1.0521555770191624
2024-08-31,21747,NUVL,NUVALENT INC,35,-0.02,0.060504999999999996,-0.36444144245562676,4745.39828,1.371866347501038,1.2717125647142384
2024-08-31,21936,PFE,PFIZER INC,35,-0.02,-0.054516999999999996,-0.10281811700251417,173057.75022,0.6228480644520635,0.7764587227500385
2024-08-31,27334,CSL,CARLISLE COMPANIES,20,0.02,0.010565999999999999,0.3471424818942549,19356.394940000002,0.8730490781651299,1.504506958039328
2024-08-31,28345,MUR,MURPHY OIL CORP,10,0.02,-0.096375,0.3359975984089459,6313.594880000001,2.2631094607351976,0.9962759841378194
2024-08-31,32651,HL,HECLA MINING CO,15,-0.02,0.023797000000000002,-0.29359450636046386,3619.9562,2.080097536609,1.7918659006131576
2024-08-31,39538,MAT,MATTEL INC,25,0.0004146768708480162,-0.020489999999999998,0.20820668693009128,6556.670999999999,0.8822335676104894,1.4844588643789725
2024-08-31,42439,HNI,H N I CORP,20,0.02,-0.018337,0.2973845172426733,2590.28805,0.8446918937589207,1.3161046008751143
2024-08-31,44206,ES,EVERSOURCE ENERGY,55,-0.02,0.035945,-0.12150549739202221,22864.872049999998,0.5480908058719494,0.9777017794345116
2024-08-31,46463,GFF,GRIFFON CORP,20,0.02,-0.083762,0.2726368719276521,3570.7891799999998,1.2865846132214198,1.6257554484091703
2024-08-31,46690,CBT,CABOT CORP,15,0.02,0.047929,0.26295545799091896,5541.824820000001,1.211230089937126,1.4746717979298423
2024-08-31,48653,HUM,HUMANA INC,35,-0.02,-0.024163999999999998,-0.26244887237795034,43574.366610000005,0.4969444436710553,1.1930608498085469
2024-08-31,49429,DDS,DILLARDS INC,25,0.02,-0.153996,0.22522421103981388,4881.53173,0.9443393733533255,1.538839983633441
2024-08-31,52936,MCY,MERCURY GENERAL CORP NEW,40,0.02,0.101811,0.4041427445682765,3315.06177,0.7681210402528607,1.0724760035019363
2024-08-31,54594,AIR,A A R CORP,20,-0.02,0.013847000000000002,-0.28744042928440094,2306.9305999999997,1.5178873419238976,1.4595179074400004
2024-08-31,55511,PNM,P N M RESOURCES INC,55,-0.02,-0.018849,-0.05259109159818377,3750.516,0.3554817416013276,0.7993783884261055
2024-08-31,58246,NTRS,NORTHERN TRUST CORP,40,0.02,0.024459,0.29305039588727533,17875.208700000003,1.0610967932795239,1.3615400841829879
2024-08-31,58683,LUV,SOUTHWEST AIRLINES CO,20,-0.02,0.069078,-0.4443881571541146,16141.289580000002,1.1229271214023657,1.6646993147635611
2024-08-31,61313,DCI,DONALDSON INC,20,0.02,-0.02871,0.4350632293894705,9008.702099999999,1.0242927725928221,1.0835213583499872
2024-08-31,63765,SWN,SOUTHWESTERN ENERGY CO,10,-0.02,-0.015272,-0.22511163645915416,7113.35025,1.1867583698410673,0.6605312022028633
2024-08-31,66384,WDC,WESTERN DIGITAL CORP,45,-0.02,-0.026194,-0.35282749821756926,22998.149999999998,1.326245819511222,1.9137529230374952
2024-08-31,71563,TFC,TRUIST FINANCIAL CORP,40,-0.02,0.002882,-0.27698975571316,59799.510239999996,1.0756954544632409,1.5478647652248438
2024-08-31,73139,SYK,STRYKER CORP,35,0.02,0.09626799999999999,0.09208600697962402,124742.07749999998,0.8458191267699032,1.233892795051177
2024-08-31,76095,HOLX,HOLOGIC INC,35,0.02,-0.008953,0.37511726518818705,18955.71792,0.9730089898079362,0.7900958112578107
2024-08-31,76136,KMPR,KEMPER CORP DE,40,-0.02,-0.023818,-0.1355022702540433,4123.8625,0.8551303188006072,1.2917247740626745
2024-08-31,76591,QDEL,QUIDELORTHO CORP,35,-0.02,0.070918,-0.21580547112462004,2641.66315,0.16708028449370899,0.7202377269722732
2024-08-31,76661,IONS,IONIS PHARMACEUTICALS INC,35,-0.02,-0.040408,-0.39119666779241247,7231.596060000001,0.41846802044020925,1.1611823922218754
2024-08-31,77730,TSN,TYSON FOODS INC,30,-0.02,0.05962,-0.06825772073999029,17418.3744,0.6977418753144657,0.7233481179895687
2024-08-31,79338,LNW,LIGHT & WONDER INC,25,0.02,0.020021,0.27567638560546365,9540.800000000001,1.8092963900359322,1.3791139358202271
2024-08-31,79444,TALO,TALOS ENERGY INC,10,-0.02,-0.035669,-0.2239858906525573,2177.60096,1.9954159176859732,1.1462741684287288
2024-08-31,79637,UHS,UNIVERSAL HEALTH SERVICES INC,35,0.02,0.10883899999999999,0.1833277046043004,12756.769279999999,1.1971249482744757,1.2185288820844389
2024-08-31,79878,UFPI,U F P INDUSTRIES INC,20,0.02,-0.079686,0.1554842583211377,8037.04367,1.3581430940684476,1.7022905668187098
2024-08-31,82307,DVA,DAVITA INC,35,0.02,0.10025099999999999,0.34460955382941194,11981.574,0.8547153076338599,1.1727821728234298
2024-08-31,82800,SCCO,SOUTHERN COPPER CORP,15,0.02,-0.039171,0.31387669330931744,83279.04116,1.1783640695017867,1.6011319699042035
2024-08-31,84761,TTWO,TAKE TWO INTERACTIVE SOFTWR INC,50,-0.02,0.069852,-0.273743855304139,26385.34999,0.8144325442139546,0.8287649178844166
2024-08-31,85738,MRCY,MERCURY SYSTEMS INC,20,-0.02,0.061685,-0.41757664452699916,2111.8833,0.647041829007337,1.573762677032043
2024-08-31,85992,MANH,MANHATTAN ASSOCIATES INC,45,0.00999999999999936,0.031018000000000004,0.10810912229351947,15641.00348,1.479864678529304,1.6540690924909454
2024-08-31,86810,TREX,TREX COMPANY INC,20,0.02,-0.242252,0.1398176291793313,9089.995589999999,1.5067881149833928,1.9690111511731538
2024-08-31,89070,ZBH,ZIMMER BIOMET HOLDINGS INC,35,0.02,0.032492,0.15250103193365602,22907.8128,0.9910182076620092,1.1700352450747962
2024-08-31,89134,OVV,OVINTIV INC,10,0.009999999999999995,-0.082154,0.314008030320087,12241.95552,2.71480709697073,1.0529080802172808
2024-08-31,89301,GME,GAMESTOP CORP NEW,25,-0.02,0.028664000000000002,-0.45140530601523515,7962.112060000001,1.8714106198089375,2.0515340582788832
2024-08-31,89393,NFLX,NETFLIX INC,50,0.010000000000000009,0.111758,0.2874967165747308,269665.82775,1.249270861315649,1.3220269208719622
2024-08-31,89482,BANC,BANC OF CALIFORNIA INC,40,-0.0030233676781894875,0.012748000000000002,-0.33601636083905584,2205.28908,1.2034013456617925,1.959541486191452
2024-08-31,89540,DKS,DICKS SPORTING GOODS INC,25,0.02,0.090843,0.09869038237832561,12530.992,1.6346524521550319,2.005578437308824
2024-08-31,89876,CRI,CARTERS INC,25,0.02,0.096533,0.33044391909640136,2187.85315,1.198363237747829,1.3317337131042497
2024-08-31,89968,PIPR,PIPER SANDLER COMPANIES,40,0.02,-0.004124,0.2880971143382491,4836.78272,1.3678665810369657,1.5429782601593822
2024-08-31,90276,BLKB,BLACKBAUD INC,45,0.02,0.048743,0.31477728995459486,4098.0718799999995,0.9610361872350707,1.1783487435782025
2024-08-31,90319,GOOGL,ALPHABET INC,50,0.02,-0.051988,0.3382866148823595,1005052.86,0.9900583887810225,1.606547508243555
2024-08-31,90436,HALO,HALOZYME THERAPEUTICS INC,35,0.02,0.151028,0.2657510600773012,7000.22628,1.2988383160935675,1.309073129119998
2024-08-31,90564,PBH,PRESTIGE CONSUMER HEALTHCARE INC,35,0.02,0.049669,0.4065443356223498,3517.48675,0.4714053533396696,0.7919539494395059
2024-08-31,90708,MORN,MORNINGSTAR INC,40,0.02,-0.016634,0.32791099103155835,13607.80835,1.1500959742126404,1.2156777828738063
2024-08-31,90776,WAL,WESTERN ALLIANCE BANCORPORATION,40,-0.02,0.015523000000000002,-0.31012420728732787,8859.53106,1.5209142759534053,1.8484573681014422
2024-08-31,91234,MWA,MUELLER WATER PRODUCTS INC,20,0.02,0.037126,0.26997260685203944,3220.14484,1.2999109042438541,1.6069316083863667
2024-08-31,91668,IPGP,I P G PHOTONICS CORP,45,0.02,-0.15404600000000002,0.1401178280610905,3555.7704000000003,1.0301617340964433,1.6760687140547696
2024-08-31,91832,MDGL,MADRIGAL PHARMACEUTICALS INC,35,-0.02,-0.13626000000000002,-0.5103943862809112,6177.406660000001,0.06500617115158089,0.4740050218673542
2024-08-31,92294,UEC,URANIUM ENERGY CORP,10,-0.02,-0.122463,-0.49729821006416747,2424.05354,1.956253452201853,1.8398625133039992
2024-08-31,92782,MYRG,M Y R GROUP INC DE,20,-0.02,-0.286879,-0.3180607152238358,2319.04384,0.9826473809865778,1.5536982820293492
2024-08-31,92852,LOPE,GRAND CANYON EDUCATION INC,25,0.009585323129151993,-0.07457000000000001,0.47290705092123536,4608.16655,0.6159386092755089,0.8651778971301154
2024-08-31,93073,ADUS,ADDUS HOMECARE CORP,35,0.02,0.09157599999999999,0.2923374235430973,2196.616,1.0063125134317008,0.9784955764750694
2024-08-31,93096,DG,DOLLAR GENERAL CORP NEW,30,-0.02,-0.315242,-0.017918120755000193,26473.159050000002,0.4017444293093096,0.9165079392323824
2024-08-31,93179,PPC,PILGRIMS PRIDE CORP NEW,30,0.009999999999999995,0.12534099999999998,0.4857968404067695,9776.581289999998,0.7130835669518286,0.7280815322945553
2024-08-31,93330,PRI,PRIMERICA INC,40,0.02,0.044726,0.3870876955983339,8663.65747,1.0705010373652497,1.2321711287696595
2024-08-31,93436,TSLA,TESLA INC,25,-0.02,-0.081809,-0.5833239521182785,741380.1048,2.3948115051565653,2.4806527919123096
2024-09-30,10138,TROW,T ROWE PRICE GROUP INC,40,0.02,0.034817,0.25657794965119807,23604.291920000003,1.382381908765867,1.417000591989286
2024-09-30,10258,CLDX,CELLDEX THERAPEUTICS INC,35,-0.02,-0.18221400000000001,-0.2823779193205945,2739.68304,1.7479427274546009,0.7961131243217938
2024-09-30,11644,CRK,COMSTOCK RESOURCES INC,10,-0.02,0.042418000000000004,-0.37048832271762205,3106.7344300000004,0.489578866878397,1.1692377942461953
2024-09-30,11731,AIN,ALBANY INTERNATIONAL CORP NEW,20,0.02,-0.058255,0.32573172581134363,2937.792,1.2662856470036805,1.2813185414187462
2024-09-30,12473,KNX,KNIGHT SWIFT TRANSPORT HDLGS INC,20,-0.02,0.028645000000000004,-0.2028359114346375,8478.43632,0.883885669089912,1.2005148066166715
2024-09-30,12622,HCA,H C A HEALTHCARE INC,35,0.02,0.024464,0.28143008795875046,102091.49366,1.5930631291151836,1.1058797863182643
2024-09-30,12981,FBIN,FORTUNE BRANDS INNOVATIONS INC,20,0.02,0.122821,0.2402752502274795,9855.41628,1.4835039454578358,1.7662835810525555
2024-09-30,13318,YELP,YELP INC,50,0.02,-0.00032499999999999977,0.3914164391871398,2337.13137,1.3754592466549949,1.2218004168123335
2024-09-30,13407,META,META PLATFORMS INC,50,0.02,0.09449,0.2616962390051562,1138921.0749899999,1.11086316867572,1.5984709234508498
2024-09-30,13766,BCC,BOISE CASCADE CO,20,0.02,0.078296,0.12181528662420382,5278.19478,1.4976252670978694,1.793455846541642
2024-09-30,13788,ZTS,ZOETIS INC,35,0.02,0.06018,0.12046936609038518,83130.32799,0.8497196990937302,1.3177217196204025
2024-09-30,13802,APAM,ARTISAN PARTNERS ASSET MGMT INC,40,0.02,0.036978000000000004,0.24814225053078554,2907.3073600000002,1.7638587526154141,1.6231357184241928
2024-09-30,14179,AR,ANTERO RESOURCES CORP,10,-0.02,0.056885000000000005,-0.19597361237488625,8394.07893,3.3976642403256547,1.0156773659678466
2024-09-30,14329,ARMK,ARAMARK,25,-0.02,0.052711,-0.11730360934182592,9650.13687,1.5885508705167568,1.0758344475988801
2024-09-30,14406,ESI,ELEMENT SOLUTIONS INC,15,0.02,0.011087999999999999,0.2592508340915984,6474.877079999999,1.2883663621877584,1.5375777802203825
2024-09-30,14432,ITCI,INTRA CELLULAR THERAPIES INC,35,-0.02,-0.00612,-0.14209887776766758,7743.27776,0.9957049274725156,0.5885895141553376
2024-09-30,14593,AAPL,APPLE INC,45,0.02,0.012848,0.364877161055505,3481747.373,1.1993897308857586,1.275926045647403
2024-09-30,14596,FIVN,FIVE 9 INC,45,-0.02,-0.11376599999999999,-0.4007810130421596,2410.2360000000003,0.8911660262293385,1.7992174532132905
2024-09-30,14617,ARES,ARES MANAGEMENT CORP,40,-0.02,0.066489,-0.23384895359417654,28720.605600000003,1.1849825357226929,1.5949054566664425
2024-09-30,14688,AMPH,AMPHASTAR PHARMACEUTICALS INC,35,0.02,-0.008928,0.2060206248104337,2386.40788,0.7841337966220874,1.0615230688958819
2024-09-30,15490,LITE,LUMENTUM HOLDINGS INC,45,-0.02,0.095537,-0.5206248104337277,3949.05028,0.8681226240419524,2.1893726017044695
2024-09-30,15831,AXSM,AXSOME THERAPEUTICS INC,35,-0.02,0.0067469999999999995,-0.1694532908704883,4265.28,1.2677678147815192,0.9164617823651953
2024-09-30,16386,IRTC,IRHYTHM TECHNOLOGIES INC,35,-0.02,0.042785000000000004,-0.43156657567485596,2214.0076799999997,1.228655004967746,1.4509222792041039
2024-09-30,16968,MDB,MONGODB INC,45,-0.02,-0.07491,-0.5039050652107977,21480.36651,1.2328947452280592,2.124037205311259
2024-09-30,17223,ADT,A D T INC,25,0.02,-0.005057,0.3255611161662117,6248.135069999999,1.5346575250103995,1.6407642014870916
2024-09-30,17332,VCTR,VICTORY CAPITAL HOLDINGS INC,40,0.02,0.018695000000000003,0.3572945101607522,3540.2833200000005,0.917476981993372,1.3702019143599178
2024-09-30,17700,DAY,DAYFORCE INC,20,-0.02,0.066747,-0.34421443736730356,9038.577,1.3260424819461198,1.8386725970457707
2024-09-30,18656,IDYA,IDEAYA BIOSCIENCES INC,35,-0.02,-0.20259400000000002,-0.4647785865938732,3336.9995,0.9032943492330978,1.0268509466745446
2024-09-30,18770,BBIO,BRIDGEBIO PHARMA INC,35,-0.02,-0.090436,-0.3779951471034274,5236.71905,1.1947438186136217,1.3410621691058076
2024-09-30,18835,DKNG,DRAFTKINGS INC,25,-0.02,0.13161299999999998,-0.4441158629056718,16750.785,1.9329563479113028,1.9601690825360916
2024-09-30,19433,MP,M P MATERIALS CORP,15,-0.02,0.36359800000000003,-0.4156240521686381,2133.4407,2.426208333567544,1.9543714512620938
2024-09-30,19484,PCVX,VAXCYTE INC,35,-0.02,0.410314,-0.33327646345162265,9013.6236,0.961021311825975,0.7644034204007929
2024-09-30,19488,RNA,AVIDITY BIOSCIENCES INC,35,-0.02,0.039245,-0.5369843797391568,4831.244,0.9413143883592441,1.6640709937857348
2024-09-30,19502,WBA,WALGREENS BOOTS ALLIANCE INC,30,-0.02,-0.035969999999999995,-0.2505876554443433,7992.0,0.7081334097264803,1.4625984500773341
2024-09-30,19561,BA,BOEING CO,20,-0.02,-0.129518,-0.6030292690324538,107052.85458000001,1.562468348125887,1.5605440382719877
2024-09-30,19577,RKT,ROCKET COMPANIES INC,40,-0.02,-0.028029,-0.4570632393084623,2762.1808499999997,2.510966957730697,1.8600611084108483
2024-09-30,19635,HRMY,HARMONY BIOSCIENCES HLDGS INC,35,0.02,0.10711,0.23868289353958141,2044.9233,0.7040872136552047,1.4001421567219374
2024-09-30,19849,SMMT,SUMMIT THERAPEUTICS INC,35,-0.02,0.682592,-0.2876857749469215,9404.50324,0.2154861006586487,0.6167768835907501
2024-09-30,20067,SOFI,SOFI TECHNOLOGIES INC,40,-0.003996897739397062,-0.020888999999999998,-0.6049628450106157,8516.90055,2.20319935848492,2.503002262579005
2024-09-30,20482,ABT,ABBOTT LABORATORIES,35,0.02,0.001914,0.26709887776766755,197078.13319,0.6891860537280612,0.7796218714005287
2024-09-30,20649,HAYW,HAYWARD HOLDINGS INC,20,0.02,0.029074000000000003,0.2529193205944798,3192.49952,1.245800738006976,1.5757235284808662
2024-09-30,21020,AAL,AMERICAN AIRLINES GROUP INC,20,-0.02,0.053761,-0.4421822869275099,6974.196479999999,1.4321009101778002,1.6779495374249171
2024-09-30,21207,NEM,NEWMONT CORP,15,-0.02,0.0013240000000000005,-0.056528662420382174,61261.23431000001,0.436379353245804,0.8400889155911114
2024-09-30,21342,VERA,VERA THERAPEUTICS INC,35,-0.02,0.164075,-0.4629777070063694,2073.59496,0.9576653821989335,0.9766903542871221
2024-09-30,21747,NUVL,NUVALENT INC,35,-0.02,0.197073,-0.40246815286624205,5053.4870599999995,1.3691282683470136,1.236222557993786
2024-09-30,21936,PFE,PFIZER INC,35,-0.014296066956514544,-0.007032,-0.06337200485289655,164390.82195,0.6083600206492301,0.7104709330144688
2024-09-30,22752,MRK,MERCK & CO INC NEW,35,0.02,-0.039644,0.3949802851076737,300248.12605,0.34131922302921497,0.49439787156571774
2024-09-30,27334,CSL,CARLISLE COMPANIES,20,0.02,0.056613000000000004,0.3212010919017288,19597.7834,0.8765894772644455,1.4681135403168164
2024-09-30,28345,MUR,MURPHY OIL CORP,10,0.02,-0.099576,0.2737336973005763,5625.06736,2.218334506021301,0.9776309166481347
2024-09-30,28484,HES,HESS CORP,10,0.02,-0.017174000000000002,0.2779231119199272,42538.3569,1.1620934360858854,0.948079213725962
2024-09-30,39538,MAT,MATTEL INC,25,0.02,-0.000931,0.35356005459508644,6451.302,0.8137933023685958,1.3902163867962827
2024-09-30,42439,HNI,H N I CORP,20,0.02,-0.004805,0.4160221413406127,2538.4351500000002,0.8294304683504469,1.1462753735474462
2024-09-30,44206,ES,EVERSOURCE ENERGY,55,-0.02,0.013911000000000001,-0.12782453745829542,24134.20905,0.5653962591598064,0.9077456052052104
2024-09-30,46463,GFF,GRIFFON CORP,20,0.02,0.052943000000000004,0.20770776463451618,3260.7179699999997,1.2998464880911924,1.8067764280622962
2024-09-30,46690,CBT,CABOT CORP,15,0.02,0.058743000000000004,0.18001213224143162,5762.5506399999995,1.1955291665757934,1.6782397548578938
2024-09-30,54594,AIR,A A R CORP,20,-0.02,-0.011004,-0.2586252653927813,2358.213,1.5318853223213698,1.4263791486352797
2024-09-30,55511,TXNM,T X N M ENERGY INC,55,-0.02,0.063463,-0.027145890203215062,3696.3959999999997,0.36457124046079165,0.7703726320561383
2024-09-30,56223,LPX,LOUISIANA PACIFIC CORP,15,0.02,0.102645,0.348328025477707,6820.2858,1.8440083295202523,1.8803996781185564
2024-09-30,58246,NTRS,NORTHERN TRUST CORP,40,0.01399689773939707,-0.009014,0.3095238095238096,18391.40198,1.046786037701679,1.284577058161177
2024-09-30,58683,LUV,SOUTHWEST AIRLINES CO,20,-0.02,0.026181000000000003,-0.4486654534425235,17327.620440000002,1.139284856229162,1.627169177396747
2024-09-30,63765,SWN,SOUTHWESTERN ENERGY CO,10,-0.02,0.102369,-0.2641037306642402,7037.02516,1.1253017220171064,0.6044947046243668
2024-09-30,65307,RPM,R P M INTERNATIONAL INC,15,0.010000000000000009,0.036241,0.32986427054898393,14970.09375,0.9561201454799074,1.174767529860389
2024-09-30,66384,WDC,WESTERN DIGITAL CORP,45,-0.00999999999999996,0.036546,-0.3544510160752199,22527.01668,1.346429420443078,1.8675291197739903
2024-09-30,71563,TFC,TRUIST FINANCIAL CORP,40,-0.02,-0.042630999999999995,-0.26861540794661815,59538.29778,1.0681283653115785,1.4374314273524602
2024-09-30,73139,SYK,STRYKER CORP,35,0.004296066956514542,-6.899999999999962e-05,0.062291477100394295,137347.0515,0.8643873947035028,1.1713398268465374
2024-09-30,76095,HOLX,HOLOGIC INC,35,0.02,-0.001911,0.37992872308158937,18869.77728,0.969308632743847,0.6936285979508026
2024-09-30,76136,KMPR,KEMPER CORP DE,40,-0.02,-0.024776,-0.07194040036396723,4027.3317700000002,0.8163504518486278,1.170710239547473
2024-09-30,76591,QDEL,QUIDELORTHO CORP,35,-0.02,0.074671,-0.20892098877767667,2840.67875,0.18355119121000543,0.6646810463299431
2024-09-30,76661,IONS,IONIS PHARMACEUTICALS INC,35,-0.02,-0.16443400000000002,-0.3403662420382165,6971.340480000001,0.41176602766904896,1.120297016110316
2024-09-30,77730,TSN,TYSON FOODS INC,30,-0.02,-0.07848,-0.033382620564149215,18381.148510000003,0.7434333413116716,0.6675703845195092
2024-09-30,79338,LNW,LIGHT & WONDER INC,25,0.010000000000000009,-0.17844900000000002,0.2527866242038216,9743.669679999999,1.7921331473648663,1.3419569644042018
2024-09-30,79444,TALO,TALOS ENERGY INC,10,-0.02,-0.102265,-0.21860782529572337,2066.36638,1.9899272237983627,1.2403472146285388
2024-09-30,79637,UHS,UNIVERSAL HEALTH SERVICES INC,35,0.02,-0.041457,0.2881217773733697,14150.17214,1.1984693661766088,1.1254774669801115
2024-09-30,79878,UFPI,U F P INDUSTRIES INC,20,0.02,0.07379000000000001,0.22979223536548377,7412.01473,1.3521387928782942,1.6582546772169853
2024-09-30,82307,DVA,DAVITA INC,35,0.02,0.081586,0.30455717318774644,12662.188,0.8475506249394967,1.0896209143662845
2024-09-30,82800,SCCO,SOUTHERN COPPER CORP,15,0.02,0.132522,0.31098346982104946,79904.51848,1.1559672308434836,1.5199375106382809
2024-09-30,83799,STRA,STRATEGIC EDUCATION INC,25,0.02,-0.039313999999999995,0.3699385805277525,2376.1195000000002,0.5165988423531027,1.124633950617617
2024-09-30,84319,LAD,LITHIA MOTORS INC,25,-0.02,0.050383000000000004,-0.29126857749469215,8050.879199999999,1.675040204795434,1.6604093507162037
2024-09-30,84761,TTWO,TAKE TWO INTERACTIVE SOFTWR INC,50,-0.02,-0.05409,-0.2944343342432515,28345.01393,0.8383567209595918,0.8080392345596518
2024-09-30,85067,MMS,MAXIMUS INC,20,0.02,0.005136,0.41729223536548377,5551.930020000001,0.7307015207658512,0.993659206801699
2024-09-30,85072,RL,RALPH LAUREN CORP,25,0.02,0.132155,0.2436874431301183,6860.333079999999,1.4832956493594918,1.499102666722125
2024-09-30,85593,AMG,AFFILIATED MANAGERS GROUP INC,40,0.02,0.018219,0.3789240218380346,5182.567620000001,1.1837832415283032,1.1904623154922527
2024-09-30,85738,MRCY,MERCURY SYSTEMS INC,20,-0.009999999999999995,-0.028366000000000002,-0.2391188959660297,2255.0499999999997,0.667206174719049,1.623157807418994
2024-09-30,85992,MANH,MANHATTAN ASSOCIATES INC,45,0.02,0.059481000000000006,0.22194419168941465,16195.27978,1.4802389540955634,1.545728720471393
2024-09-30,86822,EXTR,EXTREME NETWORKS INC,45,-0.02,-0.050332999999999996,-0.40817409766454343,2052.80775,1.7608665793733478,1.8235508743859266
2024-09-30,87137,DVN,DEVON ENERGY CORP NEW,10,0.0017070353040877766,-0.121271,0.2625492872308159,28041.236000000004,2.0753590332393332,0.9827702896169332
2024-09-30,88159,EXEL,EXELIXIS INC,35,0.02,-0.007692,0.3613891416439187,7425.109560000001,0.5326060234288419,0.8073496289264508
2024-09-30,89070,ZBH,ZIMMER BIOMET HOLDINGS INC,35,0.02,-0.06758499999999999,0.16370943281771308,23513.65992,1.0063167665485802,1.081276720826816
2024-09-30,89297,CCOI,COGENT COMMUNICATIONS HLDS INC,50,-0.02,0.080262,-0.43776539278131643,3429.29992,0.3633089833542832,0.965521827866702
2024-09-30,89301,GME,GAMESTOP CORP NEW,25,-0.02,-0.025541,-0.49833181680315436,8225.525560000002,1.8504369207441433,1.909437395942475
2024-09-30,89540,DKS,DICKS SPORTING GOODS INC,25,0.02,-0.119321,0.12507582650894752,13724.7232,1.6215416199160757,1.618477525026468
2024-09-30,89876,CRI,CARTERS INC,25,0.02,-0.01858,0.32340006066120713,2381.1647000000003,1.2088364353922059,1.2466450152310815
2024-09-30,89968,PIPR,PIPER SANDLER COMPANIES,40,0.02,0.036122,0.3318736730360934,4825.9719,1.3592804078141005,1.526688935799147
2024-09-30,90319,GOOGL,ALPHABET INC,50,0.02,0.011864000000000001,0.3423946011525629,957243.4199999999,0.985967585688008,1.5082015196880663
2024-09-30,90436,HALO,HALOZYME THERAPEUTICS INC,35,0.02,-0.108143,0.17396496815286625,8088.3903,1.3011686099734925,1.2634299203811599
2024-09-30,90708,MORN,MORNINGSTAR INC,40,0.02,0.012432,0.39860100090991807,13441.593029999998,1.167859884353003,1.1412310718371617
2024-09-30,90776,WAL,WESTERN ALLIANCE BANCORPORATION,40,-0.02,0.054269000000000005,-0.2631558993023961,8991.824480000001,1.5020275657734252,1.7352862969683183
2024-09-30,91234,MWA,MUELLER WATER PRODUCTS INC,20,0.02,0.0060940000000000005,0.25642629663330296,3344.9401199999998,1.3143506447391275,1.4455022335512406
2024-09-30,91594,SPR,SPIRIT AEROSYSTEMS HOLDINGS INC,20,-0.02,-0.081302,-0.4992796481649985,4106.1902,1.8656301101341222,2.0453048422644913
2024-09-30,91733,AVAV,AEROVIRONMENT INC,20,-0.02,-0.020617999999999997,-0.3164240218380346,5747.254559999999,0.5082770423156387,1.6572104332346038
2024-09-30,91832,MDGL,MADRIGAL PHARMACEUTICALS INC,35,-0.02,-0.145881,-0.5356574158325752,5365.93369,0.06279259343350926,0.45731006294578724
2024-09-30,92294,UEC,URANIUM ENERGY CORP,10,-0.011707035304087779,0.18276099999999998,-0.5296481649984834,2137.9089400000003,1.9450072113862487,1.903375575258533
2024-09-30,92596,IRDM,IRIDIUM COMMUNICATIONS INC,50,0.02,0.18173999999999998,0.2575636942675159,3054.2814,0.7014615226245398,1.3437952372754838
2024-09-30,93096,DG,DOLLAR GENERAL CORP NEW,30,-0.010000000000000002,0.014665,-0.029572338489535943,18246.34755,0.4297075712877759,1.0143137203287695
2024-09-30,93312,SSNC,S S & C TECHNOLOGIES HLDGS INC,20,0.02,-0.012990999999999999,0.39177661510464057,18428.5878,1.332165356298812,1.1371462817297329
2024-09-30,93330,PRI,PRIMERICA INC,40,0.02,0.0026750000000000003,0.4403055808310586,8904.544440000001,1.0705647884376122,1.1656062329332828
2024-10-31,10258,CLDX,CELLDEX THERAPEUTICS INC,35,-0.02,-0.237211,-0.30784335938975105,2255.03256,1.7397915717244443,0.7935337935644372
2024-10-31,10517,PRG,PROG HOLDINGS INC,40,0.02,-0.103309,0.29307805596465386,2052.19378,2.0552915749254073,1.799825937407644
2024-10-31,11644,CRK,COMSTOCK RESOURCES INC,10,-0.02,0.034727,-0.3563309542690986,3252.8649300000006,0.4843550012928677,1.1875375256888767
2024-10-31,11731,AIN,ALBANY INTERNATIONAL CORP NEW,20,0.02,-0.239473,0.3513651297156452,2772.12,1.2625444561663934,1.2442777775952896
2024-10-31,12473,KNX,KNIGHT SWIFT TRANSPORT HDLGS INC,20,-0.02,-0.038569,-0.22642649446773158,8732.562800000002,0.8836316781404615,1.1996808790430078
2024-10-31,12622,HCA,H C A HEALTHCARE INC,35,0.02,-0.12124599999999999,0.2812204977153431,104889.01582,1.5931660478353347,1.0592196533844453
2024-10-31,12981,FBIN,FORTUNE BRANDS INNOVATIONS INC,20,0.02,-0.07315799999999999,0.22867338846720292,11111.38924,1.4861053830292064,1.748773918507383
2024-10-31,13046,UI,UBIQUITI INC,45,0.02,0.194406,0.2995355160303614,13407.4084,1.2067220792482702,1.550953758569699
2024-10-31,13318,YELP,YELP INC,50,0.02,-0.030703,0.3404327631131755,2347.16772,1.3745795351597345,1.232466721929041
2024-10-31,13407,META,META PLATFORMS INC,50,0.02,-0.012396999999999998,0.32844303462860164,1247919.2000000002,1.1140891346406852,1.5777715617367216
2024-10-31,13766,BCC,BOISE CASCADE CO,20,0.02,-0.060298,0.08655262263509687,5486.800619999999,1.4988300952586129,1.8338737993849952
2024-10-31,13788,ZTS,ZOETIS INC,35,0.02,-0.086659,0.19106151580378383,88517.10437999999,0.8517196109539269,1.288765594182404
2024-10-31,13802,APAM,ARTISAN PARTNERS ASSET MGMT INC,40,0.02,0.014099,0.25459763604093494,3028.2412799999997,1.763591239476462,1.5997720358024214
2024-10-31,14179,AR,ANTERO RESOURCES CORP,10,-0.02,-0.100591,-0.24247573732109812,8910.35055,3.3982148291387926,1.0174699085023784
2024-10-31,14329,ARMK,ARAMARK,25,-0.02,-0.027145000000000002,-0.1876439711491258,10203.37977,1.5889336873673285,1.0579503037516542
2024-10-31,14406,ESI,ELEMENT SOLUTIONS INC,15,0.02,-0.006116,0.2324685623654696,6576.57672,1.2868065786453078,1.5391119544939103
2024-10-31,14432,ITCI,INTRA CELLULAR THERAPIES INC,35,-0.02,0.15435500000000002,-0.13953400551338693,7755.94683,0.996042642394805,0.5666052878418066
2024-10-31,14593,AAPL,APPLE INC,45,0.010000000000000009,-0.034336,0.33450398398852016,3522211.138,1.1980580445272968,1.2529770289527653
2024-10-31,14617,ARES,ARES MANAGEMENT CORP,40,-0.02,0.07206800000000001,-0.2448925644801933,30572.53536,1.1874865814172522,1.5989482621609887
2024-10-31,14688,AMPH,AMPHASTAR PHARMACEUTICALS INC,35,0.02,0.037305,0.23779313470035116,2347.54169,0.7851567530092357,1.0366927161864936
2024-10-31,15058,SLNO,SOLENO THERAPEUTICS INC,35,-0.02,0.086606,-0.3805369887844115,2072.16009,0.1172829559438335,0.3531916145570899
2024-10-31,15490,LITE,LUMENTUM HOLDINGS INC,45,-0.02,0.003824,-0.5162569389373514,4349.515880000001,0.8717537892283174,2.223002094534317
2024-10-31,15831,AXSM,AXSOME THERAPEUTICS INC,35,-0.02,-0.013253999999999998,-0.22270684641818664,4352.94332,1.2698598464784177,0.8911610204964833
2024-10-31,17223,ADT,A D T INC,25,0.02,-0.008056,0.37185151618141316,6196.7100900000005,1.5290864832516475,1.5937014076834761
2024-10-31,17332,VCTR,VICTORY CAPITAL HOLDINGS INC,40,0.02,0.077862,0.38639024206034517,3596.7896,0.9180119591228142,1.3766961198331398
2024-10-31,17341,ZS,ZSCALER INC,45,-0.02,0.053716,-0.323817076394396,26066.640600000002,0.8962731113445525,1.6125571515388788
2024-10-31,17959,CRNX,CRINETICS PHARMACEUTICALS INC,35,-0.02,0.091201,-0.5304369170348552,4130.9751,0.6429987486885745,1.2537331447365867
2024-10-31,18064,FTDR,FRONTDOOR INC,25,0.02,0.031516999999999996,0.38463426607756507,3636.8261700000003,1.0278256517759548,1.230288395746339
2024-10-31,18656,IDYA,IDEAYA BIOSCIENCES INC,35,-0.02,-0.11533399999999999,-0.4552509346323779,2735.82144,0.8905575590242828,1.0420167823303665
2024-10-31,18770,BBIO,BRIDGEBIO PHARMA INC,35,-0.017906588074654818,-0.08442599999999999,-0.3775914806842642,4811.60902,1.1955029370313772,1.322320167189519
2024-10-31,18776,IMVT,IMMUNOVANT INC,35,-0.02,0.0224,-0.36752766134209436,4178.56815,0.7305258436393917,1.0574830004716267
2024-10-31,18835,DKNG,DRAFTKINGS INC,25,-0.02,-0.10288699999999999,-0.45547751217854315,19097.0248,1.9370900725007012,1.943451846076374
2024-10-31,19433,MP,M P MATERIALS CORP,15,-0.02,0.015356999999999999,-0.4463955288697557,2919.00995,2.4401101360327893,1.957666640575617
2024-10-31,19484,PCVX,VAXCYTE INC,35,-0.02,-0.07321699999999999,-0.44488501189532126,14218.616100000001,0.9768800955226067,0.9360684143022161
2024-10-31,19488,RNA,AVIDITY BIOSCIENCES INC,35,-0.02,-0.083811,-0.5432385483931876,5461.077,0.9415043277863329,1.6390631256017754
2024-10-31,19502,WBA,WALGREENS BOOTS ALLIANCE INC,30,-0.02,0.051897,-0.28966051130999587,7741.4400000000005,0.706017599541658,1.4400875907494142
2024-10-31,19561,BA,BOEING CO,20,-0.02,-0.021863,-0.6004871417242551,93682.03068,1.557275205289602,1.6070038730654586
2024-10-31,19577,RKT,ROCKET COMPANIES INC,40,-0.02,-0.164928,-0.43433027453646006,2697.51911,2.5079318284036014,1.816404029853117
2024-10-31,19599,QS,QUANTUMSCAPE CORP,25,-0.002093411925344558,-0.10825499999999999,-0.3131112873380915,2595.826,5.177751079521638,2.0450863765455183
2024-10-31,19635,HRMY,HARMONY BIOSCIENCES HLDGS INC,35,0.02,-0.200657,0.20227710433896,2281.24,0.709249135534053,1.3600861082163507
2024-10-31,19849,SMMT,SUMMIT THERAPEUTICS INC,35,-0.02,-0.155049,-0.3355424644084439,16142.3805,0.2515270372482569,0.7453750643482409
2024-10-31,20482,ABT,ABBOTT LABORATORIES,35,0.02,-0.004808,0.2741965937842226,198365.65697,0.6893415705269541,0.7631498152031185
2024-10-31,21020,AAL,AMERICAN AIRLINES GROUP INC,20,-0.02,0.18826400000000001,-0.490540387447604,7385.8377199999995,1.433495034273669,1.6673579121315538
2024-10-31,21207,NEM,NEWMONT CORP,15,-0.02,-0.153767,-0.07983082209886334,61330.08005000001,0.43686636119554195,0.8503527820497485
2024-10-31,21342,VERA,VERA THERAPEUTICS INC,35,-0.02,-0.090332,-0.4838374683735509,2432.1492000000003,0.96668495364856,0.948749820416352
2024-10-31,21723,HOOD,ROBINHOOD MARKETS INC,40,-0.02,-0.000918,-0.4687322986292059,17845.876060000002,1.983621390792642,2.118211532053759
2024-10-31,21747,NUVL,NUVALENT INC,35,-0.02,-0.138902,-0.4550243570862128,6700.1385,1.3832314589804664,1.349978971647619
2024-10-31,22752,MRK,MERCK & CO INC NEW,35,0.01780652916483249,-0.10288599999999999,0.372417960046826,287852.91004000005,0.34008766563152476,0.4948059971197541
2024-10-31,27334,CSL,CARLISLE COMPANIES,20,0.02,-0.065097,0.31713303878252325,20797.78925,0.8779453913685452,1.3387817048006179
2024-10-31,39538,MAT,MATTEL INC,25,0.02,0.06590900000000001,0.3153392998753823,6417.16395,0.8109693861726885,1.3816441206458614
2024-10-31,42439,HNI,H N I CORP,20,0.02,-0.088602,0.4102186473320493,2537.96376,0.8268291307164153,1.1188328316522227
2024-10-31,44206,ES,EVERSOURCE ENERGY,55,-0.02,-0.036236,-0.08800649522299005,24320.04925,0.5647018506903148,0.8732141053293401
2024-10-31,45306,IDCC,INTERDIGITAL INC,45,0.02,0.061533,0.3678108832748009,3575.02446,1.3449414940791895,1.242444404298008
2024-10-31,46463,GFF,GRIFFON CORP,20,0.02,-0.10562099999999999,0.24608209659756053,3448.41,1.2978017198196437,1.7879085267821773
2024-10-31,46690,CBT,CABOT CORP,15,0.02,-0.039158,0.2648691514670896,6127.67848,1.1949428797426662,1.6679964249501222
2024-10-31,49154,TGT,TARGET CORP,30,0.009999999999999995,-0.041248,0.29028359956195005,71800.8055,1.235602557911939,1.2497912739180754
2024-10-31,54594,AIR,A A R CORP,20,-0.02,-0.105804,-0.1683093538763642,2346.94688,1.5316337644699756,1.4040617383862406
2024-10-31,55511,TXNM,T X N M ENERGY INC,55,-0.02,-0.0003489999999999999,-0.028699822514255482,3948.0540000000005,0.36639580597320565,0.7739134273750993
2024-10-31,56223,LPX,LOUISIANA PACIFIC CORP,15,0.02,-0.083565,0.36156111929307805,7551.85896,1.8462531122516321,1.8488270196828072
2024-10-31,58246,NTRS,NORTHERN TRUST CORP,40,0.02,0.11261,0.33684528529889357,17845.56654,1.04523149288508,1.2261771908116335
2024-10-31,58683,LUV,SOUTHWEST AIRLINES CO,20,-0.02,0.028155,-0.46138740984101806,17753.02191,1.1396266219913715,1.6022811638829688
2024-10-31,66384,WDC,WESTERN DIGITAL CORP,45,-0.02,-0.047544,-0.37151164986216534,23628.340000000004,1.3466903485406034,1.872914363498537
2024-10-31,71563,TFC,TRUIST FINANCIAL CORP,40,-0.02,0.00264,-0.22669083493825762,57275.14611000001,1.064643255292887,1.3824876573278608
2024-10-31,75603,CRUS,CIRRUS LOGIC INC,45,0.02,-0.11975899999999999,0.24751708772327333,6599.52572,0.9382180091223904,1.6971716256075162
2024-10-31,76095,HOLX,HOLOGIC INC,35,0.02,-0.01115,0.36988784411464826,18876.318499999998,0.9685772282616095,0.6868807988608557
2024-10-31,76591,QDEL,QUIDELORTHO CORP,35,-0.02,-0.169477,-0.21689135606661383,3065.916,0.18634452361098416,0.6598325436902264
2024-10-31,76644,X,UNITED STATES STEEL CORP NEW,15,-0.02,0.095725,-0.3002530115932177,7947.907459999999,1.8503202558615213,1.5095539803157592
2024-10-31,76661,IONS,IONIS PHARMACEUTICALS INC,35,-0.02,-0.045595000000000004,-0.3902987047316945,6321.98878,0.40699574662032567,1.1197288485753543
2024-10-31,76721,CRVL,CORVEL CORP,35,0.02,-0.09283599999999999,0.2721762773309165,5601.26015,1.0648999149408789,1.0359677723983969
2024-10-31,77730,TSN,TYSON FOODS INC,30,-0.02,-0.020193,-0.038990219402590516,17023.498760000002,0.7418544127937311,0.672494592802241
2024-10-31,79338,LNW,LIGHT & WONDER INC,25,0.02,0.029709,0.2239907858464559,8074.97,1.7835114124143427,1.5568410059798294
2024-10-31,79637,UHS,UNIVERSAL HEALTH SERVICES INC,35,0.02,-0.11176299999999999,0.2600166156867188,13617.39262,1.1962408936470448,1.1049779188424653
2024-10-31,79878,UFPI,U F P INDUSTRIES INC,20,0.02,-0.07150899999999999,0.19255315131603792,7967.727250000001,1.353690356017565,1.6673178562379138
2024-10-31,81282,ACIW,A C I WORLDWIDE INC,45,0.02,-0.037306,0.3148672633208715,5337.9339,1.1589877025911557,1.4633805574194318
2024-10-31,82307,DVA,DAVITA INC,35,0.02,-0.15104299999999998,0.300177485744496,13753.727,0.8496579666201758,1.0444105482422639
2024-10-31,82800,SCCO,SOUTHERN COPPER CORP,15,0.02,-0.056816,0.22323552735923866,90862.71778,1.1585762107314643,1.5775203432804232
2024-10-31,83799,STRA,STRATEGIC EDUCATION INC,25,0.02,-0.064307,0.4176390619689589,2273.86095,0.5182328293999392,1.107657176653287
2024-10-31,84319,LAD,LITHIA MOTORS INC,25,-0.02,0.042466,-0.30314187530682374,8493.693599999999,1.6759309751565366,1.6751924486373788
2024-10-31,84761,TTWO,TAKE TWO INTERACTIVE SOFTWR INC,50,-0.02,0.048204,-0.20388202862429664,26976.105000000003,0.8370780900813051,0.7973797945580299
2024-10-31,85072,RL,RALPH LAUREN CORP,25,0.02,0.017034999999999998,0.23788754201125334,7766.04446,1.4859001540550558,1.4860560763650257
2024-10-31,85593,AMG,AFFILIATED MANAGERS GROUP INC,40,0.02,0.08664400000000001,0.3785544352554662,5300.9292000000005,1.1826110330008766,1.1944355197457095
2024-10-31,87137,DVN,DEVON ENERGY CORP NEW,10,0.009999999999999995,-0.015154,0.2951927797288622,24496.944,2.068879512627629,0.9653738082476004
2024-10-31,88159,EXEL,EXELIXIS INC,35,0.02,0.275476,0.43687927193081827,7415.990999999999,0.5337658561221573,0.8072779504460807
2024-10-31,89070,ZBH,ZIMMER BIOMET HOLDINGS INC,35,0.02,-0.013447999999999998,0.1310373475321929,21984.233399999997,1.0040980194188809,1.106727050200948
2024-10-31,89297,CCOI,COGENT COMMUNICATIONS HLDS INC,50,-0.02,0.05339,-0.4713757033344663,3721.06696,0.3672355109648086,0.9631092100587455
2024-10-31,89301,GME,GAMESTOP CORP NEW,25,-0.02,-0.036615,-0.6052263887315433,10238.4743,1.8409626892124538,1.8653044669310685
2024-10-31,89540,DKS,DICKS SPORTING GOODS INC,25,0.02,-0.065958,0.24487368301801288,12071.625399999999,1.6133657900028056,1.621453917645847
2024-10-31,89876,CRI,CARTERS INC,25,0.012093411925344567,-0.16211,0.3474189041199351,2347.9223400000005,1.2081033517429234,1.2080032822128355
2024-10-31,89968,PIPR,PIPER SANDLER COMPANIES,40,0.02,-0.004506,0.35823798194932216,5022.58557,1.3592186078509243,1.5060420073066405
2024-10-31,90319,GOOGL,ALPHABET INC,50,0.02,0.027808,0.3278577093010083,969227.4,0.9855137014535049,1.5094041736877954
2024-10-31,90436,HALO,HALOZYME THERAPEUTICS INC,35,0.02,-0.120434,0.18679430535100638,7279.954920000001,1.297706764903739,1.23068883034389
2024-10-31,90564,PBH,PRESTIGE CONSUMER HEALTHCARE INC,35,0.010100058909822324,0.018978,0.27978550658963025,3573.0597,0.4529957701914141,0.7100065131847579
2024-10-31,90708,MORN,MORNINGSTAR INC,40,0.010000000000000009,0.025382,0.38580491673275175,13685.14208,1.1692693837170605,1.112987387108599
2024-10-31,90776,WAL,WESTERN ALLIANCE BANCORPORATION,40,-0.02,-0.041831,-0.29489067633397525,9521.33814,1.5022903782435715,1.6969191981519451
2024-10-31,91234,MWA,MUELLER WATER PRODUCTS INC,20,0.02,-0.008976,0.31458404138816504,3380.7731999999996,1.3129607534043284,1.449398610657518
2024-10-31,91594,SPR,SPIRIT AEROSYSTEMS HOLDINGS INC,20,-0.02,-0.008213,-0.5389146935538688,3791.3161999999998,1.862234478670847,1.9478861459323824
2024-10-31,91733,AVAV,AEROVIRONMENT INC,20,-0.02,0.06821300000000001,-0.28828216457082434,5655.303,0.5063916658045368,1.6090495803676284
2024-10-31,91832,MDGL,MADRIGAL PHARMACEUTICALS INC,35,-0.02,0.21812700000000002,-0.5166723311053208,4627.66932,0.0581467984786952,0.43089888488549166
2024-10-31,92293,TDC,TERADATA CORP DE,45,0.02,0.058387,0.33023677353574266,2915.674,0.8166013304178524,1.2718264428995332
2024-10-31,92294,UEC,URANIUM ENERGY CORP,10,-0.02,0.19094,-0.5848721725010385,2554.83126,1.947731147539145,1.968771486897461
2024-10-31,92469,SATS,ECHOSTAR CORP,50,-0.02000000000000001,0.005763,-0.48799139005324577,3486.7384199999997,0.7027415572712621,2.109351182958562
2024-10-31,93096,DG,DOLLAR GENERAL CORP NEW,30,-0.02,-0.050789,-0.04067066953664889,18598.211549999996,0.4300298714553433,0.9843508144469124
2024-10-31,93330,PRI,PRIMERICA INC,40,0.02,0.040068,0.4328575204863864,8969.4942,1.0691985786502718,1.137537740430622
2024-10-31,93436,TSLA,TESLA INC,25,-0.02,-0.048932,-0.5917072618103545,839047.41,2.3842772567876493,2.3398059438252647
2024-11-30,10421,SKYW,SKYWEST INC,20,0.02,0.201297,0.28403516715719573,3839.2256,1.8658657405725823,1.4355942946794455
2024-11-30,10933,MKL,MARKEL GROUP INC,40,0.02,0.15227600000000002,0.41366689306467436,19833.33262,0.6786831504388423,1.1411212410687852
2024-11-30,11644,CRK,COMSTOCK RESOURCES INC,10,-0.02,0.34293100000000004,-0.3025998037883934,3378.5371600000003,0.49056663097510783,1.1959848249978582
2024-11-30,12473,KNX,KNIGHT SWIFT TRANSPORT HDLGS INC,20,-0.02,0.13583,-0.23139763036751945,8431.38744,0.8877470419827935,1.1072218368564932
2024-11-30,12622,HCA,H C A HEALTHCARE INC,35,0.02,-0.091818,0.18072220964455513,92581.46676000001,1.603295116984594,1.1287950709294015
2024-11-30,12981,FBIN,FORTUNE BRANDS INNOVATIONS INC,20,0.02,-0.06137,0.2769036299147234,10341.91964,1.4893697041444338,1.760001198019868
2024-11-30,13046,UI,UBIQUITI INC,45,0.02,0.302493,0.2703003546902121,16066.2743,1.1795687927954104,1.5254068488421246
2024-11-30,13318,YELP,YELP INC,50,0.02,0.115553,0.3919326843257114,2284.2732600000004,1.3768865590275143,1.226777461342326
2024-11-30,13407,META,META PLATFORMS INC,50,0.02,0.00792,0.28394083465398834,1237324.9675800002,1.113547985774633,1.5877237843265755
2024-11-30,13766,BCC,BOISE CASCADE CO,20,0.02,0.105569,0.14204588332956003,5177.3945699999995,1.504137539188768,1.881907731055338
2024-11-30,13788,ZTS,ZOETIS INC,35,0.02,-0.0237,0.2094747566221417,80996.45778,0.8606891420375905,1.3254670260145265
2024-11-30,13802,APAM,ARTISAN PARTNERS ASSET MGMT INC,40,0.02,0.12183300000000001,0.18938193343898574,3082.7664,1.7631895090449596,1.6581982627423832
2024-11-30,14179,AR,ANTERO RESOURCES CORP,10,-0.02,0.259183,-0.22468115613915932,8052.924319999999,3.427892806193711,1.022993206094304
2024-11-30,14318,NMIH,N M I HOLDINGS INC,40,0.02,0.029913000000000002,0.4183835182250396,3068.1362799999997,1.1062690473914896,1.0199960861156698
2024-11-30,14329,ARMK,ARAMARK,25,-0.02,0.071646,-0.1038034865293185,9966.27567,1.5903071963355484,1.0448139237693252
2024-11-30,14406,ESI,ELEMENT SOLUTIONS INC,15,0.02,0.054348,0.17347747339823408,6562.617300000001,1.2846566380446125,1.6156642816412579
2024-11-30,14432,ITCI,INTRA CELLULAR THERAPIES INC,35,-0.02,0.006664999999999999,-0.3301448947249264,8984.94075,0.9737499247480402,0.5831188642084566
2024-11-30,14472,VRNS,VARONIS SYSTEMS INC,45,-0.02,-0.012095,-0.31241038412195304,5665.16427,0.9031501275276891,1.6769317099858827
2024-11-30,14596,FIVN,FIVE 9 INC,45,-0.02,0.393945,-0.3849709455890122,2220.89224,0.8821805467899474,1.8518233145375753
2024-11-30,14617,ARES,ARES MANAGEMENT CORP,40,-0.02,0.050017,-0.2897705833521998,33256.8128,1.1765943111515242,1.6133212426612364
2024-11-30,14688,AMPH,AMPHASTAR PHARMACEUTICALS INC,35,0.02,-0.109635,0.24896234246471965,2444.28769,0.7837603054112643,1.0541023552995683
2024-11-30,15058,SLNO,SOLENO THERAPEUTICS INC,35,-0.02,-0.046636,-0.3845181495736171,2374.02202,0.11102233280274801,0.36427889315402656
2024-11-30,16386,IRTC,IRHYTHM TECHNOLOGIES INC,35,-0.02,0.196556,-0.508018262772621,2267.22712,1.2392069946207167,1.551057507723535
2024-11-30,16431,LW,LAMB WESTON HOLDINGS INC,30,-0.02,-0.005104,-0.3668968379744925,11078.43862,0.726244972166683,1.6795461526760251
2024-11-30,16771,MGY,MAGNOLIA OIL & GAS CORP,10,0.02,0.098559,0.2833371066334615,4756.735360000001,2.0021790878916987,0.9880026734979075
2024-11-30,16968,MDB,MONGODB INC,45,-0.009223567597020189,0.18868600000000002,-0.4778507282469247,20116.1376,1.2320987010722289,2.1398087206764664
2024-11-30,17223,ADT,A D T INC,25,0.02,0.054378,0.28146932306995703,6136.3368,1.5160484348446108,1.7742626935891033
2024-11-30,17332,VCTR,VICTORY CAPITAL HOLDINGS INC,40,0.02,0.15539799999999998,0.43060901064070645,3897.4876200000003,0.910586664617518,1.409914649964885
2024-11-30,17341,ZS,ZSCALER INC,45,-0.02,0.138752,-0.29201569692853374,27735.897849999998,0.8969356822443126,1.6397082980996553
2024-11-30,17342,DBX,DROPBOX INC,45,0.02,0.066064,0.25484869066485555,5873.12,0.5857300940125034,1.340376672724329
2024-11-30,17959,CRNX,CRINETICS PHARMACEUTICALS INC,35,-0.02,0.018204,-0.5498830276960229,4523.86236,0.6263416946865435,1.2253195429713741
2024-11-30,18656,IDYA,IDEAYA BIOSCIENCES INC,35,-0.02,-0.032019,-0.4907365481850426,2430.9777,0.9305841458195248,1.0471894806496236
2024-11-30,18772,AKRO,AKERO THERAPEUTICS INC,35,-0.02,0.037239,-0.37783940834653984,2151.90317,0.08040904385768365,0.8361068357152104
2024-11-30,18835,DKNG,DRAFTKINGS INC,25,-0.009999999999999397,0.231889,-0.37029280808995546,17206.80908,1.9526475703612947,1.9290757182856049
2024-11-30,19201,RVMD,REVOLUTION MEDICINES INC,35,-0.02,0.077353,-0.5406950418836314,8974.518,1.336026607759205,1.187475598783345
2024-11-30,19433,MP,M P MATERIALS CORP,15,-0.009999999999999995,0.16725099999999998,-0.42081729680778807,2975.24017,2.433073192691447,1.9929579216581133
2024-11-30,19484,PCVX,VAXCYTE INC,35,-0.02,-0.116884,-0.37395290921439894,13233.1305,0.9930618771983967,0.9613886713889744
2024-11-30,19488,RNA,AVIDITY BIOSCIENCES INC,35,-0.02,0.014266000000000001,-0.5362048147309637,5041.99834,0.9586049329297618,1.6280997462859859
2024-11-30,19502,WBA,WALGREENS BOOTS ALLIANCE INC,30,-0.02,-0.022941,-0.33889895102256434,8179.27682,0.6946261204501136,1.5212479885618029
2024-11-30,19561,BA,BOEING CO,20,-0.02,0.037101,-0.6215002641310089,111620.57256,1.5612359235697333,1.6708305610883052
2024-11-30,19577,RKT,ROCKET COMPANIES INC,40,-0.02,-0.101471,-0.40640329031771183,2263.1609,2.5291800826337085,1.871096889031167
2024-11-30,19849,SMMT,SUMMIT THERAPEUTICS INC,35,-0.02,-0.010948,-0.3267677911101048,13709.158319999999,0.2937556871057611,0.8245545693479649
2024-11-30,20482,ABT,ABBOTT LABORATORIES,35,0.02,0.043677,0.32474907554146853,197252.12289,0.6894869998409203,0.7348078817887546
2024-11-30,20834,LBPH,LONGBOARD PHARMACEUTICALS INC,35,-0.02,0.0007339999999999994,-0.5022639800769754,2055.5624000000003,0.9496543506561977,0.7525126802634775
2024-11-30,21020,AAL,AMERICAN AIRLINES GROUP INC,20,-0.02,0.079627,-0.359142706210852,8805.5554,1.3994814807577407,1.7242333083303973
2024-11-30,21207,NEM,NEWMONT CORP,15,-0.02,-0.075491,-0.06544789072522829,51731.168,0.45445586350275846,0.9187600027118422
2024-11-30,21342,VERA,VERA THERAPEUTICS INC,35,-0.02,0.228091,-0.486001056524036,2512.20132,0.9921906800717106,0.9911700028657795
2024-11-30,21573,IP,INTERNATIONAL PAPER CO,15,-0.02,0.06379,-0.3070145649384952,19293.42966,0.9839868251240348,1.3524708625331479
2024-11-30,21747,NUVL,NUVALENT INC,35,-0.010000000000000002,0.088598,-0.3378990264885669,5806.44833,1.413521507642662,1.110054371481503
2024-11-30,21890,BROS,DUTCH BROS INC,25,-0.02,0.618328,-0.31971171987019853,3769.6852799999997,2.3295054939466815,1.732111524210084
2024-11-30,21927,DJT,TRUMP MEDIA & TECH GRP CORP,50,-0.02,-0.109784,-0.3973285035091691,7666.094160000001,2.438353471294868,1.3856233139389502
2024-11-30,24328,EQT,E Q T CORP,10,-0.02,0.244485,-0.29384574749075537,21802.833359999997,1.0515032250006973,0.7110399413748051
2024-11-30,28345,MUR,MURPHY OIL CORP,10,0.009999999999999995,0.036876,0.27165874273639723,4749.92276,2.2236711756014373,1.0084343655600658
2024-11-30,39538,MAT,MATTEL INC,25,0.02,-0.070687,0.28752546977586596,6865.186419999999,0.8004883361315196,1.3851141237527647
2024-11-30,44206,ES,EVERSOURCE ENERGY,55,-0.02,-0.024608,-0.12857520187155688,23533.802249999997,0.5689937017344594,0.8379229910777979
2024-11-30,46463,GFF,GRIFFON CORP,20,0.02,0.339528,0.33033355973134093,3097.65744,1.3128285484356754,1.841203152396278
2024-11-30,46690,CBT,CABOT CORP,15,0.02,0.016633,0.312693381631575,5911.67192,1.20310946514314,1.6987053381463784
2024-11-30,49015,LNC,LINCOLN NATIONAL CORP,40,-0.02,0.018779,-0.3336917968455211,5914.34575,1.804186774862674,1.8695105105303305
2024-11-30,49154,TGT,TARGET CORP,30,0.009999999999999995,-0.114009,0.23696324805675045,69119.677,1.2388346784597077,1.2831786874394338
2024-11-30,52936,MCY,MERCURY GENERAL CORP NEW,40,0.02,0.163574,0.4307599426458381,3744.74073,0.7591718356529272,1.012518977892611
2024-11-30,55511,TXNM,T X N M ENERGY INC,55,-0.02,0.122595,-0.032356048600105616,3927.308,0.36523945299994753,0.7969852223633499
2024-11-30,56223,LPX,LOUISIANA PACIFIC CORP,15,0.02,0.19398100000000001,0.33614444192891096,6950.2964,1.8483720602009608,1.8749740595825675
2024-11-30,58683,LUV,SOUTHWEST AIRLINES CO,20,-0.02,0.054253,-0.45190928986491585,18339.957459999998,1.130661364309648,1.6488925674534494
2024-11-30,61146,PAR,PAR TECHNOLOGY CORP,45,-0.01470565553341573,0.37153200000000003,-0.441683646517244,2140.39316,2.2255143196073646,2.0423981729123515
2024-11-30,61313,DCI,DONALDSON INC,20,0.010000000000000009,0.062885,0.4039883782356049,8760.76368,1.0214196827107995,1.0267297391598147
2024-11-30,64995,KEY,KEYCORP NEW,40,-0.02,0.12532,-0.417987321711569,16270.131000000001,1.2651137803478234,1.6830406864911232
2024-11-30,65306,UNF,UNIFIRST CORP,20,0.02,0.113169,0.3596898347294543,2701.28563,0.8299214163841601,1.2555603541554543
2024-11-30,66384,WDC,WESTERN DIGITAL CORP,45,-0.02,0.113638,-0.38455588257490003,22578.18948,1.3582307601830168,1.8162642143697243
2024-11-30,75603,CRUS,CIRRUS LOGIC INC,45,0.02,-0.052853,0.2711304807184363,5835.8348,0.939568589953621,1.797324978548431
2024-11-30,76095,HOLX,HOLOGIC INC,35,0.02,-0.020896,0.39051769677760173,18739.60075,0.972114100841796,0.6951957157451367
2024-11-30,76661,IONS,IONIS PHARMACEUTICALS INC,35,-0.02,-0.073244,-0.35859557769224953,6061.66583,0.4149045790638999,1.1209310091777955
2024-11-30,76721,CRVL,CORVEL CORP,35,0.02,0.22296100000000002,0.29097803939325334,5103.1457,1.0766027930720592,1.070341402656537
2024-11-30,76804,MTG,M G I C INVESTMENT CORP WIS,40,0.02,0.050318,0.4100633914421553,6491.219359999999,1.2537115087784518,1.0941867071519917
2024-11-30,77730,TSN,TYSON FOODS INC,30,-0.02,0.105449,0.01892310014338541,16746.25239,0.7443995834211786,0.6737565699354952
2024-11-30,78015,MTX,MINERALS TECHNOLOGIES INC,15,0.02,0.079456,0.3162591502528111,2400.92281,1.2584775107190462,1.2663490456614304
2024-11-30,79338,LNW,LIGHT & WONDER INC,25,0.02,0.009481,0.22554901516866652,8346.42,1.7731123106047448,1.5581902964228436
2024-11-30,79637,UHS,UNIVERSAL HEALTH SERVICES INC,35,0.02,-0.0005780000000000004,0.2184363444268357,12148.68122,1.2136909504188613,1.235664883490343
2024-11-30,79864,VSEC,V S E CORP,20,-0.02,0.13968799999999998,-0.5154139310240736,2094.67944,1.5625746002032523,1.5336847280443093
2024-11-30,79878,UFPI,U F P INDUSTRIES INC,20,0.02,0.10688399999999999,0.22919024979246855,7429.096500000001,1.349702478051938,1.738912940704289
2024-11-30,80924,SIRI,SIRIUS X M HOLDINGS INC NEW,50,-0.00607077686956403,0.017285,-0.29286468945739946,9043.12532,1.0455539833808514,1.6444025952823087
2024-11-30,81282,ACIW,A C I WORLDWIDE INC,45,0.02,0.15092299999999997,0.2926948909516263,5159.6532,1.1630514746042468,1.4474018684535535
2024-11-30,82307,DVA,DAVITA INC,35,0.02,0.184587,0.20598445400347146,11464.42,0.8686830054680272,0.9518670180617999
2024-11-30,82800,SCCO,SOUTHERN COPPER CORP,15,0.02,-0.0764,0.3036374613236737,86055.2497,1.165866032545466,1.6171431555512525
2024-11-30,83799,STRA,STRATEGIC EDUCATION INC,25,0.02,0.13231500000000002,0.41979850577314926,2136.52024,0.5301202668041866,1.1220878789317579
2024-11-30,84761,TTWO,TAKE TWO INTERACTIVE SOFTWR INC,50,-0.02,0.16089799999999999,-0.20977662063240515,28402.39844,0.8324373313666744,0.7964299073041247
2024-11-30,85067,MMS,MAXIMUS INC,20,0.02,-0.13882,0.4331559882273036,5201.69988,0.7396789297172748,0.9964323733035274
2024-11-30,85072,RL,RALPH LAUREN CORP,25,0.02,0.165145,0.2806014640404498,7928.67994,1.483509197465888,1.5082326107011181
2024-11-30,85593,AMG,AFFILIATED MANAGERS GROUP INC,40,0.010000000000000009,-0.036704,0.34161572711493465,5780.9346000000005,1.1744508375735199,1.2249228062035324
2024-11-30,88159,EXEL,EXELIXIS INC,35,0.02,0.094238,0.19207984303071465,9481.222800000001,0.5072858825949095,0.8609745884253004
2024-11-30,89070,ZBH,ZIMMER BIOMET HOLDINGS INC,35,0.02,0.044492,0.12965059240812016,21284.99208,1.002924581770823,1.1338768738447684
2024-11-30,89297,CCOI,COGENT COMMUNICATIONS HLDS INC,50,-0.02,0.032216,-0.3988755565617689,3935.15648,0.35858077460194476,0.9543662487572951
2024-11-30,89301,GME,GAMESTOP CORP NEW,25,-0.02,0.305784,-0.6023884989812089,9903.5918,1.8648532645023066,1.9095977369943167
2024-11-30,89482,BANC,BANC OF CALIFORNIA INC,40,-0.02,0.11779,-0.356482529620406,2431.53408,1.1935346617290779,1.8337085723011697
2024-11-30,89540,DKS,DICKS SPORTING GOODS INC,25,0.02,0.054742,0.23573692551505543,11322.5715,1.627313221495595,1.6574213343721782
2024-11-30,89968,PIPR,PIPER SANDLER COMPANIES,40,0.02,0.207596,0.33903101652705464,5019.577079999999,1.359713693849916,1.5391679581709297
2024-11-30,90319,GOOGL,ALPHABET INC,50,0.02,-0.016579,0.3263149950947098,999795.7300000001,0.9814883027584801,1.4345730308185978
2024-11-30,90436,HALO,HALOZYME THERAPEUTICS INC,35,0.02,-0.050821,0.22071919100445253,6433.86939,1.3155011272498074,1.29237584355365
2024-11-30,90564,PBH,PRESTIGE CONSUMER HEALTHCARE INC,35,0.02,0.14546900000000001,0.30993887253792163,3654.82875,0.4507956415615935,0.7288730119745628
2024-11-30,90776,WAL,WESTERN ALLIANCE BANCORPORATION,40,-0.02,0.12575999999999998,-0.2825635801071617,9160.25606,1.5045637310057138,1.717341765599362
2024-11-30,91234,MWA,MUELLER WATER PRODUCTS INC,20,0.02,0.15886699999999998,0.262565089427213,3363.63564,1.3116561061774565,1.4762721482813204
2024-11-30,91594,SPR,SPIRIT AEROSYSTEMS HOLDINGS INC,20,-0.02,-0.004264,-0.6047656780620331,3774.9894,1.8597125052562484,1.7140138464831773
2024-11-30,91832,MDGL,MADRIGAL PHARMACEUTICALS INC,35,-0.02,0.261527,-0.3689344200437702,5656.205399999999,0.034297363622389665,0.44829590512433426
2024-11-30,92293,TDC,TERADATA CORP DE,45,0.02,-0.045221,0.3592936382159837,3097.3029999999994,0.8105739493055998,1.2896438501827494
2024-11-30,92294,UEC,URANIUM ENERGY CORP,10,-0.02,0.115991,-0.5802769602294165,3052.63252,1.9248475102293399,2.0617486126929587
2024-11-30,93330,PRI,PRIMERICA INC,40,0.02,0.093071,0.4303637461323674,9363.92868,1.0651028098242985,1.1319416420950124
2024-12-31,10517,PRG,PROG HOLDINGS INC,40,0.02,-0.135188,0.33827079218784295,2021.48238,2.0987451396320704,1.8677991053902665
2024-12-31,10693,EHC,ENCOMPASS HEALTH CORP,35,0.02,-0.106538,0.29518689196108555,10371.205,0.8345312219498844,0.9275270425202352
2024-12-31,11644,CRK,COMSTOCK RESOURCES INC,10,-0.02,0.166536,-0.30595786701777483,4550.50377,0.6004185626170311,1.2596634042857129
2024-12-31,11691,MATX,MATSON INC,20,0.02,-0.123391,0.4754955745739156,5087.107800000001,1.0187791770897898,1.1139851076784222
2024-12-31,12473,KNX,KNIGHT SWIFT TRANSPORT HDLGS INC,20,-0.02,-0.107556,-0.20420964084558552,9609.96848,0.9156796687861161,1.1531625893164368
2024-12-31,12622,HCA,H C A HEALTHCARE INC,35,0.02,-0.084462,0.279551605588472,82883.84434000001,1.5434454598449947,1.1264684908575442
2024-12-31,12981,FBIN,FORTUNE BRANDS INNOVATIONS INC,20,0.004999999999999562,-0.130994,0.14755687221125008,9726.8958,1.4395975752678087,1.69219447340913
2024-12-31,13046,UI,UBIQUITI INC,45,0.02,-0.045684,0.28657376929266326,20952.2503,1.168848091064649,1.6325985987097555
2024-12-31,13407,META,META PLATFORMS INC,50,0.02,0.016638,0.3230561041620949,1252018.1743200002,1.0896419107645008,1.5886090995184332
2024-12-31,13410,SUPN,SUPERNUS PHARMACEUTICALS INC,35,0.02,-0.014874,0.3237875795479482,2019.3588300000001,1.0345641794775586,1.1394489047583247
2024-12-31,13766,BCC,BOISE CASCADE CO,20,0.02,-0.197232,0.13812083973374295,5668.5779999999995,1.4983200004347155,1.8499713439130194
2024-12-31,13788,ZTS,ZOETIS INC,35,0.02,-0.073963,0.36414673396240216,79066.66625000001,0.849979474770302,1.2804726701990965
2024-12-31,13802,APAM,ARTISAN PARTNERS ASSET MGMT INC,40,0.02,-0.12131,0.20953112427766807,3418.66651,1.7583207543076649,1.6778455382677235
2024-12-31,14179,AR,ANTERO RESOURCES CORP,10,-0.02,0.06853,-0.2505120327700973,10171.951159999999,3.482904265215073,1.0692070896274444
2024-12-31,14329,ARMK,ARAMARK,25,-0.02,-0.084342,-0.14360690512764246,10740.044119999999,1.5907967835940187,1.0156658862567491
2024-12-31,14406,ESI,ELEMENT SOLUTIONS INC,15,0.02,-0.114491,0.30381830151415407,6945.23484,1.2701828683255802,1.58865463952584
2024-12-31,14432,ITCI,INTRA CELLULAR THERAPIES INC,35,-0.02,-0.028532,-0.21254846024431276,9080.35605,0.9449339541347762,0.5774573679228895
2024-12-31,14688,AMPH,AMPHASTAR PHARMACEUTICALS INC,35,0.02,-0.182021,0.1952124935995904,2172.78039,0.7341682498102426,1.0277027701030457
2024-12-31,15058,SLNO,SOLENO THERAPEUTICS INC,35,-0.02,-0.150884,-0.35242484090410364,2272.6970699999997,0.06928614733924766,0.36071397072450667
2024-12-31,15284,BPMC,BLUEPRINT MEDICINES CORP,35,-0.014999999999999843,-0.098704,-0.4513751737254042,6122.63588,0.6036710744092,1.4995758208385248
2024-12-31,16318,ELF,E L F BEAUTY INC,30,-0.02,-0.034315,-0.5220174091141833,7295.991120000001,1.4551599754875197,2.2372339550107125
2024-12-31,16386,IRTC,IRHYTHM TECHNOLOGIES INC,35,-0.02,0.033191,-0.5039316801989614,2721.83057,1.2700309287979952,1.600362606339577
2024-12-31,17223,ADT,A D T INC,25,0.02,-0.089969,0.459585984931607,6494.28978,1.481875475630515,1.5799523340879629
2024-12-31,17332,VCTR,VICTORY CAPITAL HOLDINGS INC,40,0.02,-0.055159,0.39561846243873894,4518.562320000001,0.892763109362599,1.5105880980794757
2024-12-31,17787,EQH,EQUITABLE HOLDINGS INC,40,-0.02,-0.025641,-0.4296503547655622,15112.243509999998,1.3653975960655447,1.4991281921421498
2024-12-31,17959,CRNX,CRINETICS PHARMACEUTICALS INC,35,-0.02,-0.109782,-0.38323824153317243,5304.613600000001,0.6021477244804462,1.213129892222816
2024-12-31,18578,KTB,KONTOOR BRANDS INC,25,0.02,-0.067561,0.37998317606612536,5060.84098,1.180319982902846,1.1424008594319162
2024-12-31,18656,IDYA,IDEAYA BIOSCIENCES INC,35,-0.02,-0.064336,-0.4633713700533977,2364.77952,0.8465951337419003,1.0976697960714448
2024-12-31,18770,BBIO,BRIDGEBIO PHARMA INC,35,-0.02,0.009257,-0.4681991076000293,5119.7391,1.1898816257868006,1.4028439738424887
2024-12-31,18772,AKRO,AKERO THERAPEUTICS INC,35,-0.02,-0.136996,-0.3592641357618317,2240.5479000000005,0.10973190224939583,0.8362613581950077
2024-12-31,18776,IMVT,IMMUNOVANT INC,35,-0.02,-0.12529400000000002,-0.3303159973666886,4139.3369999999995,0.6990615232955006,1.0395504097805177
2024-12-31,18835,DKNG,DRAFTKINGS INC,25,-0.02,-0.151429,-0.4412076658620437,21284.962199999998,1.9937443468566,1.8298936437331867
2024-12-31,19002,BWIN,BALDWIN INSURANCE GROUP INC,40,-0.02,-0.211996,-0.2921878428790871,3308.17824,1.5853686242379745,1.6789581209897084
2024-12-31,19201,RVMD,REVOLUTION MEDICINES INC,35,-0.02,-0.24757,-0.4246763221417598,9731.469149999999,1.3298900532219777,1.1574365549355536
2024-12-31,19484,PCVX,VAXCYTE INC,35,-0.02,-0.13595,-0.2703167288420745,11758.25458,0.904116014064752,0.9562343130781684
2024-12-31,19488,RNA,AVIDITY BIOSCIENCES INC,35,-0.02,-0.327855,-0.5874661692634042,5133.86627,0.9307983523031458,1.6236769535568512
2024-12-31,19502,WBA,WALGREENS BOOTS ALLIANCE INC,30,-0.02,0.030705000000000003,-0.30573842440201887,7788.66176,0.6668314937752831,1.5311247314626746
2024-12-31,19561,BA,BOEING CO,20,-0.02,0.13504,-0.60553361129398,116203.21344,1.540402956727632,1.6728099147402584
2024-12-31,19577,RKT,ROCKET COMPANIES INC,40,-0.02,-0.228715,-0.5346902201740912,2118.98255,2.417846477671794,1.7590700012408746
2024-12-31,19849,SMMT,SUMMIT THERAPEUTICS INC,35,-0.02,-0.036978,-0.26951210591763586,13613.29008,0.24202509292125146,0.8854953200555458
2024-12-31,20482,ABT,ABBOTT LABORATORIES,35,0.02,-0.051318,0.3284873089020554,206001.22035,0.6899174775373548,0.7323432832411251
2024-12-31,20649,HAYW,HAYWARD HOLDINGS INC,20,0.02,-0.0575,0.27549191719698635,3481.268,1.1834742951188033,1.4147813661067619
2024-12-31,21020,AAL,AMERICAN AIRLINES GROUP INC,20,-0.02,0.19675,-0.30429376051495866,9541.54212,1.4137643070291819,1.727673880756469
2024-12-31,21342,VERA,VERA THERAPEUTICS INC,35,-0.02,-0.153613,-0.4439141247897007,3150.31925,1.0481661622569847,1.0019702416739786
2024-12-31,21573,IP,INTERNATIONAL PAPER CO,15,-0.02,-0.088824,-0.1453258722843976,20438.01264,0.9781967550301717,1.2653399101307465
2024-12-31,21619,OKLO,OKLO INC,55,-0.02,-0.101794,-0.2891156462585034,2874.13984,-0.48949625439652256,0.8622323772852679
2024-12-31,21747,NUVL,NUVALENT INC,35,-0.02,-0.193982,-0.285952015214688,6343.851560000001,1.3764546834211933,1.110651476164844
2024-12-31,21927,DJT,TRUMP MEDIA & TECH GRP CORP,50,-0.02,0.075451,-0.3875722331943531,6854.798400000001,2.2406005300179914,1.4195188828342111
2024-12-31,24272,ASH,ASHLAND INC 2022,15,0.010000000000000009,-0.088213,0.2595091800160924,3677.3285400000004,0.8383379274464527,1.5062743677925
2024-12-31,24328,EQT,E Q T CORP,10,-0.02,0.011082,-0.3419098822324629,27113.320959999997,1.1382143378452647,0.7593610754438737
2024-12-31,27334,CSL,CARLISLE COMPANIES,20,0.02,-0.196043,0.28006363835856923,20700.8409,0.8918249472613822,1.3827617957053258
2024-12-31,27422,CLF,CLEVELAND CLIFFS INC NEW,15,-0.02,-0.248643,-0.3702545534342769,6134.861999999999,1.921942827248546,1.9368263924435045
2024-12-31,39538,MAT,MATTEL INC,25,0.02,-0.071486,0.3627752176139272,6407.058179999999,0.7690778976289898,1.4090428594637745
2024-12-31,44206,ES,EVERSOURCE ENERGY,55,-0.02,-0.1018,-0.1119705946894887,23629.264979999996,0.5561289459102049,0.791437704176877
2024-12-31,46463,GFF,GRIFFON CORP,20,0.02,-0.15823,0.1976629361421988,4031.3946,1.3983781630852121,1.9951826109816464
2024-12-31,46690,CBT,CABOT CORP,15,0.02,-0.170695,0.2041182064223539,5962.67028,1.1758910670383838,1.6825138154470112
2024-12-31,52936,MCY,MERCURY GENERAL CORP NEW,40,0.02,-0.157989,0.4891010167507863,4372.09416,0.7962836506520745,0.8769831871139777
2024-12-31,56223,LPX,LOUISIANA PACIFIC CORP,15,0.02,-0.127605,0.24076512325360255,8302.1316,1.8776596989188197,1.8622466636852268
2024-12-31,58683,LUV,SOUTHWEST AIRLINES CO,20,-0.02,0.040744,-0.347871406627167,19407.489319999997,1.1297040986933407,1.6120194119003515
2024-12-31,59328,INTC,INTEL CORP,45,-0.0019010869087948722,-0.169983,-0.5221819910760003,103727.65000000001,1.0113439013932395,2.252498267198433
2024-12-31,61146,PAR,PAR TECHNOLOGY CORP,45,-0.010980674931823826,-0.10805,-0.4198120108258357,2945.7877,2.277611397845723,2.04102543672943
2024-12-31,64995,KEY,KEYCORP NEW,40,-0.02,-0.11419699999999999,-0.5113927291346647,19310.19284,1.2745115431598646,1.7248344268118596
2024-12-31,65306,UNF,UNIFIRST CORP,20,0.02,-0.150401,0.35119961963279944,3015.4604400000003,0.8507677401086263,1.3188600129321282
2024-12-31,66384,WDC,WESTERN DIGITAL CORP,45,-0.02,-0.186702,-0.41278984712164435,25233.22692,1.3787659472258122,1.8909490615780797
2024-12-31,75603,CRUS,CIRRUS LOGIC INC,45,0.02,-0.050288,0.27188940092165903,5550.473,0.9001966746650423,1.7993994231105819
2024-12-31,76095,HOLX,HOLOGIC INC,35,0.02,-0.096871,0.42548094506619843,18041.8095,0.941420474969259,0.6654928280936071
2024-12-31,76661,IONS,IONIS PHARMACEUTICALS INC,35,-0.02,-0.025214,-0.3571062833735645,5641.659809999999,0.3639835745471131,1.120497242766587
2024-12-31,76721,CRVL,CORVEL CORP,35,0.02,-0.090198,0.3120656864896496,6257.8404,1.1222583907022676,1.1660070725645468
2024-12-31,79571,CASH,PATHWARD FINANCIAL INC,40,0.02,-0.125925,0.3930400117036062,2023.1856,0.7195370101318217,1.134302046934092
2024-12-31,79637,UHS,UNIVERSAL HEALTH SERVICES INC,35,0.02,-0.127561,0.31581449784214755,12036.575,1.1936922787566486,1.247998308243107
2024-12-31,79758,BYD,BOYD GAMING CORP,25,0.02,-0.019138,0.28668349060054127,6527.527649999999,1.5678313867212135,1.4117450081699965
2024-12-31,79864,VSEC,V S E CORP,20,-0.02,-0.192645,-0.3830187989174164,2393.51112,1.5723910232063862,1.5692281215613708
2024-12-31,79878,UFPI,U F P INDUSTRIES INC,20,0.02,-0.172718,0.2288420744641943,8252.5275,1.3644733808683822,1.718801130397831
2024-12-31,80128,VMI,VALMONT INDUSTRIES INC,20,0.02,-0.120347,0.32108112062029115,6969.3751,1.0207394075818115,1.4030262747537787
2024-12-31,80924,SIRI,SIRIUS X M HOLDINGS INC NEW,50,-0.01711823815938126,-0.157652,-0.2559615243947041,9141.4939,1.0325779967502946,1.6130027551209734
2024-12-31,81282,ACIW,A C I WORLDWIDE INC,45,0.02,-0.090076,0.31191939141247893,5959.79298,1.1634372181378156,1.382295851696356
2024-12-31,82307,DVA,DAVITA INC,35,0.02,-0.103681,0.2409845658693585,13625.939999999999,0.8778476977508946,0.9359999042205271
2024-12-31,82800,SCCO,SOUTHERN COPPER CORP,15,0.02,-0.095541,0.31186453075854004,79317.74384999998,1.1097231398159644,1.607495911687409
2024-12-31,84381,ROK,ROCKWELL AUTOMATION INC,20,-0.014999999999999557,-0.035343,-0.30796942432887137,33320.42058,1.343442882756625,1.756725465900767
2024-12-31,84761,TTWO,TAKE TWO INTERACTIVE SOFTWR INC,50,-0.02,-0.026489,-0.23427327920415478,33084.61426,0.8701333046804711,0.8212918261368145
2024-12-31,85002,SRPT,SAREPTA THERAPEUTICS INC,35,-0.02,-0.091784,-0.31426011264720943,12736.6368,0.7762072911734481,1.1586024065130867
2024-12-31,85593,AMG,AFFILIATED MANAGERS GROUP INC,40,0.02,-0.017633,0.34977324263038545,5668.3965,1.1333571093869552,1.2964913264682274
2024-12-31,87006,UTHR,UNITED THERAPEUTICS CORP,35,0.004999999999999841,-0.051303,0.32600029259015434,16540.52605,0.49418982095294983,0.6753814433331866
2024-12-31,87056,BMRN,BIOMARIN PHARMACEUTICAL INC,35,0.02,-0.008206,0.26058810621022604,12584.19549,0.3000337979440347,0.8685761861896966
2024-12-31,88159,EXEL,EXELIXIS INC,35,0.02,-0.090333,0.34223904615609685,10412.21034,0.5159708149284443,0.8433946375407367
2024-12-31,89070,ZBH,ZIMMER BIOMET HOLDINGS INC,35,0.02,-0.059234,0.20784873089020559,22316.1954,0.9963133033436393,1.0873440259514267
2024-12-31,89134,OVV,OVINTIV INC,10,0.02,-0.105382,0.305189817862629,11823.91608,2.6864352036638808,1.0672262845304432
2024-12-31,89216,AYI,ACUITY BRANDS INC,20,0.02,-0.092721,0.3428425133494258,9897.455469999999,1.3448590175884472,1.3407947940794087
2024-12-31,89297,CCOI,COGENT COMMUNICATIONS HLDS INC,50,-0.02,-0.065958,-0.36169629141979376,4029.28256,0.3497932507868027,0.9433797773229857
2024-12-31,89301,GME,GAMESTOP CORP NEW,25,-0.02,0.075167,-0.6174566600833883,12971.1155,1.8911122800920608,1.8821696015039908
2024-12-31,89482,BANC,BANC OF CALIFORNIA INC,40,-0.02,-0.101075,-0.3582583571062834,2728.0259,1.1957672152844039,1.800078706867657
2024-12-31,89916,NXST,NEXSTAR MEDIA GROUP INC,50,0.02,-0.077642,0.3713334796284105,5292.04298,1.4516703483155668,1.6727834799955041
2024-12-31,89968,PIPR,PIPER SANDLER COMPANIES,40,0.02,-0.129148,0.21022602589422862,6098.3622000000005,1.397714427403165,1.8572131133106276
2024-12-31,90178,ALNY,ALNYLAM PHARMACEUTICALS INC,35,-0.02,-0.073841,-0.3469387755102041,32641.22167,0.3504349439986962,1.2299497972340216
2024-12-31,90319,GOOGL,ALPHABET INC,50,0.02,0.118065,0.32495794016531343,987174.85,0.9550281247138188,1.4677860447301994
2024-12-31,90436,HALO,HALOZYME THERAPEUTICS INC,35,0.02,-0.011753999999999999,0.1825031087703899,6132.3414,1.236592877250701,1.4283263789548033
2024-12-31,90564,PBH,PRESTIGE CONSUMER HEALTHCARE INC,35,0.02,-0.082465,0.34869431643625187,4188.06185,0.47877109881053026,0.7489775558071959
2024-12-31,90776,WAL,WESTERN ALLIANCE BANCORPORATION,40,-0.009999999999999995,-0.111237,-0.2863909004462,10303.55909,1.5114176488947393,1.7056551182101507
2024-12-31,91594,SPR,SPIRIT AEROSYSTEMS HOLDINGS INC,20,-0.02,0.049489,-0.4987747787286958,3783.27232,1.8239890030758033,1.6157193804863195
2024-12-31,91606,CPRX,CATALYST PHARMACEUTICALS INC,35,0.02,-0.058036,0.3028856703971911,2632.35511,0.7508725171272641,1.498985044619684
2024-12-31,91832,MDGL,MADRIGAL PHARMACEUTICALS INC,35,-0.02,-0.063445,-0.38254333991661177,7157.823899999999,0.07898418769095006,0.4649712831008234
2024-12-31,92293,TDC,TERADATA CORP DE,45,0.02,0.004428,0.3711871845512399,2957.13,0.8022367566595057,1.3557605146856566
2024-12-31,92294,UEC,URANIUM ENERGY CORP,10,-0.010000000000000002,-0.198609,-0.5842111037963572,3418.7838600000005,1.9376768454516644,2.1067340192977086
2024-12-31,92469,SATS,ECHOSTAR CORP,50,-0.02,-0.098167,-0.4355021578523882,3553.0426799999996,0.6814960397530142,1.9823974789415653
2024-12-31,93330,PRI,PRIMERICA INC,40,0.02,-0.107148,0.3887243069270719,10103.07025,1.068203568342359,1.1315663919427623
2025-01-31,10693,EHC,ENCOMPASS HEALTH CORP,35,0.02,0.07362500000000001,0.3052707822598619,9304.262499999999,0.8594035559028134,0.8995603209664901
2025-01-31,11644,CRK,COMSTOCK RESOURCES INC,10,-0.02,0.015364000000000001,-0.3323861525889606,5324.99542,0.535376880514674,1.2748143947279742
2025-01-31,11691,MATX,MATSON INC,20,0.02,0.048691,0.46588292103112694,4478.0364,1.042296198489786,1.0853893756135722
2025-01-31,12473,KNX,KNIGHT SWIFT TRANSPORT HDLGS INC,20,-0.02,0.073061,-0.18774608127182235,8586.80472,0.9401420165928179,1.1145798788248207
2025-01-31,12622,HCA,H C A HEALTHCARE INC,35,0.02,0.09585300000000001,0.294406061956764,76027.09455,1.5500148014982658,1.0787003981670018
2025-01-31,12981,FBIN,FORTUNE BRANDS INNOVATIONS INC,20,0.02,0.045583,0.22996062699650846,8488.362579999999,1.459141322961426,1.6293313780002634
2025-01-31,13046,UI,UBIQUITI INC,45,0.02,0.21244100000000002,0.31687838942129115,20071.8071,1.1789180393734993,1.5883805559557531
2025-01-31,13407,META,META PLATFORMS INC,50,0.02,0.173762,0.20059802392095685,1282266.9,1.081160432479953,1.5631798153017442
2025-01-31,13410,SUPN,SUPERNUS PHARMACEUTICALS INC,35,0.02,0.057819999999999996,0.35374414976599067,2015.66688,1.028459432296001,1.0813538522921273
2025-01-31,13748,TPH,TRI POINTE HOMES INC,25,0.02,0.01325,0.2773010920436817,3393.5733999999998,1.589756559455543,1.5183206271743106
2025-01-31,13766,BCC,BOISE CASCADE CO,20,0.02,0.05812,0.23094495208379762,4564.8183,1.5488221728553588,1.7898826859276058
2025-01-31,13788,ZTS,ZOETIS INC,35,0.02,0.04875,0.3604115593195157,73508.31345,0.853401699242507,1.2319042325774263
2025-01-31,13802,APAM,ARTISAN PARTNERS ASSET MGMT INC,40,0.02,0.034797999999999996,0.2632791025926752,3016.47045,1.770027539364175,1.577113515955445
2025-01-31,14179,AR,ANTERO RESOURCES CORP,10,-0.02,0.061468,-0.2773939529009732,10906.2982,3.421988715680088,1.049038844604404
2025-01-31,14329,ARMK,ARAMARK,25,-0.02,0.039587,-0.13143525741029644,9882.78473,1.6006165253294384,0.9991777683307548
2025-01-31,14406,ESI,ELEMENT SOLUTIONS INC,15,0.02,0.011646,0.31559690959066933,6158.20509,1.2931333399291396,1.532642348319046
2025-01-31,14432,ITCI,INTRA CELLULAR THERAPIES INC,35,-0.02,0.518255,-0.2392838570685684,8896.71744,0.716658366107135,0.9096453279751532
2025-01-31,15058,SLNO,SOLENO THERAPEUTICS INC,35,-0.02,0.114167,-0.3680261496174132,2054.3948,0.04857890743602974,0.3374377948295158
2025-01-31,15293,NEXT,NEXTDECADE CORP,10,-0.02,0.096573,-0.4221826015897779,2006.84361,1.3509701981428002,1.1466039478777224
2025-01-31,16318,ELF,E L F BEAUTY INC,30,-0.010000000000000002,-0.207518,-0.5215437188916129,7072.3570500000005,1.4677356397557333,2.2157676004169917
2025-01-31,16386,IRTC,IRHYTHM TECHNOLOGIES INC,35,-0.02,0.203867,-0.48831810415273746,2830.61664,1.261604126459154,1.5672549245862433
2025-01-31,16431,LW,LAMB WESTON HOLDINGS INC,30,-0.02,-0.10085799999999999,-0.3960701285194265,9532.69803,0.7294417461870591,1.8039357008970454
2025-01-31,16434,GOLF,ACUSHNET HOLDINGS CORP,25,0.018162723124402102,-0.08433299999999999,0.2580046058985217,4321.87724,0.87796556018349,1.2879584308863972
2025-01-31,16771,MGY,MAGNOLIA OIL & GAS CORP,10,0.02,0.01039,0.314538295817547,4466.4216799999995,2.0016330612887163,0.9669239864339808
2025-01-31,17223,ADT,A D T INC,25,0.02,0.10813600000000001,0.451062328207414,5889.17879,1.498676888607019,1.512734989193153
2025-01-31,17332,VCTR,VICTORY CAPITAL HOLDINGS INC,40,0.02,0.0077020000000000005,0.4209011217591561,4166.72538,0.9048430028538361,1.4936331387751356
2025-01-31,17341,ZS,ZSCALER INC,45,-0.02,0.119645,-0.3604487036624322,27681.929989999997,0.9408659165116069,1.651060212812916
2025-01-31,17787,EQH,EQUITABLE HOLDINGS INC,40,-0.02,0.150402,-0.37851942649134535,14780.10629,1.3642456098293423,1.4669274810997237
2025-01-31,17959,CRNX,CRINETICS PHARMACEUTICALS INC,35,-0.02,-0.21511,-0.4513966272936632,4751.30638,0.6057244858152993,1.1695893911973378
2025-01-31,18578,KTB,KONTOOR BRANDS INC,25,0.02,0.072104,0.39670158234900826,4709.59281,1.176481494746613,1.1002822188772396
2025-01-31,18656,IDYA,IDEAYA BIOSCIENCES INC,35,-0.02,-0.055826,-0.504141594235198,2223.1528,0.8701742470156552,1.1135801607398377
2025-01-31,18770,BBIO,BRIDGEBIO PHARMA INC,35,-0.02,0.243423,-0.447756481687839,5214.807360000001,1.1633496360968205,1.3419972289902218
2025-01-31,18772,AKRO,AKERO THERAPEUTICS INC,35,-0.02,0.940628,-0.3512740509620384,2013.6950599999998,0.14348732433442657,0.8076729730624069
2025-01-31,18776,IMVT,IMMUNOVANT INC,35,-0.02,-0.125622,-0.33881212391352794,3646.24308,0.6867307665953254,0.936125968709643
2025-01-31,18835,DKNG,DRAFTKINGS INC,25,-0.02,0.124391,-0.44563925414159417,18193.4412,2.022743093318525,1.7839134723793983
2025-01-31,19002,BWIN,BALDWIN INSURANCE GROUP INC,40,-0.02,0.053204999999999995,-0.24663843696604998,2634.86604,1.639858227505254,1.6257036536384502
2025-01-31,19201,RVMD,REVOLUTION MEDICINES INC,35,-0.02,-0.021358000000000002,-0.48426937077483106,8131.13478,1.3831640247842032,1.1486642348708938
2025-01-31,19433,MP,M P MATERIALS CORP,15,-0.009999999999999995,0.404395,-0.30930094346631004,2546.0292,2.49981346807457,1.946993688582419
2025-01-31,19484,PCVX,VAXCYTE INC,35,-0.02,0.075618,-0.30878092266547813,10223.74098,0.9498698679865224,0.9417463222998985
2025-01-31,19488,RNA,AVIDITY BIOSCIENCES INC,35,-0.02,0.12909600000000002,-0.5360857291434514,3486.4884399999996,1.0446025416070042,1.5616613984587302
2025-01-31,19502,WBA,WALGREENS BOOTS ALLIANCE INC,30,-0.02,0.098525,-0.3419322487185202,8056.343040000001,0.6455372881551203,1.5338681611051432
2025-01-31,19561,BA,BOEING CO,20,-0.02,-0.0060090000000000005,-0.6428385706856846,132427.152,1.5000419914234053,1.6259874933154488
2025-01-31,19599,QS,QUANTUMSCAPE CORP,25,-0.008162723124402093,-0.007150999999999999,-0.3266287794368918,2376.01314,4.972871752865059,2.047562738595826
2025-01-31,19849,SMMT,SUMMIT THERAPEUTICS INC,35,-0.02,0.201522,-0.2977490528192556,13162.935969999999,0.28152468482950804,0.9000604057714454
2025-01-31,20067,SOFI,SOFI TECHNOLOGIES INC,40,-0.004642564861795711,0.021377999999999998,-0.5088403536141446,16868.5132,2.3137886877000033,2.4084330812135324
2025-01-31,20482,ABT,ABBOTT LABORATORIES,35,0.02,0.13373200000000002,0.34235940866206077,196184.20505,0.6969742211000899,0.7118922906547023
2025-01-31,21020,AAL,AMERICAN AIRLINES GROUP INC,20,-0.02,-0.032557,-0.3966272936631751,11461.37538,1.3491665091331106,1.7636173876601988
2025-01-31,21342,VERA,VERA THERAPEUTICS INC,35,-0.02,-0.121765,-0.38349676844216624,2687.9524,1.1228890485231107,0.9729143750074936
2025-01-31,21573,IP,INTERNATIONAL PAPER CO,15,-0.02,0.030334,-0.14742589703588144,18697.49856,0.9955663668973025,1.2351602937491206
2025-01-31,21619,OKLO,OKLO INC,55,-0.02,0.956665,-0.2928274273828096,2592.09808,-0.4249525337363848,0.8587439030561025
2025-01-31,21747,NUVL,NUVALENT INC,35,-0.02,0.092896,-0.30772230889235574,5159.4348,1.45627814818242,1.0732425335661575
2025-01-31,21927,DJT,TRUMP MEDIA & TECH GRP CORP,50,-0.02,-0.06898599999999999,-0.38553970730257786,7524.403700000001,2.190777580495001,1.4041802029563824
2025-01-31,24328,EQT,E Q T CORP,10,-0.02,0.105356,-0.3522583760493277,27513.09924,1.115080318018533,0.7395448107232692
2025-01-31,27334,CSL,CARLISLE COMPANIES,20,0.02,0.052608,0.3474481836416313,16718.410679999997,0.936063583196328,1.3675332909333828
2025-01-31,27422,CLF,CLEVELAND CLIFFS INC NEW,15,-0.02,0.086065,-0.3326090186464601,4631.944,1.968449874006666,1.8524681966654433
2025-01-31,28804,ALK,ALASKA AIRGROUP INC,20,-0.02,0.127977,-0.3133125325013001,8219.68875,1.5183670193862813,1.6243050345045933
2025-01-31,39538,MAT,MATTEL INC,25,0.02,0.048028,0.328263130525221,5850.900000000001,0.7679317893645667,1.3831300868390353
2025-01-31,44206,ES,EVERSOURCE ENERGY,55,-0.02,0.001056,-0.16490231037812944,21042.46686,0.5724938462894762,0.7686710756879251
2025-01-31,46463,GFF,GRIFFON CORP,20,0.02,0.059843,0.36104301314909737,3408.27394,1.4410975984639895,1.9397705356673676
2025-01-31,46690,CBT,CABOT CORP,15,0.02,-0.056303,0.19489636728326273,4966.7161399999995,1.2133877108001012,1.6541001322748523
2025-01-31,52936,MCY,MERCURY GENERAL CORP NEW,40,0.02,-0.253598,0.4929611470173093,3681.0640800000006,0.8323155004691037,0.8757029072300975
2025-01-31,56223,LPX,LOUISIANA PACIFIC CORP,15,0.02,0.126302,0.3246229849193968,7273.144899999999,1.9029911221057283,1.7634303545067151
2025-01-31,58683,LUV,SOUTHWEST AIRLINES CO,20,-0.02,-0.08985299999999999,-0.4184867394695789,20163.157939999997,1.1127829049078204,1.5283421534454034
2025-01-31,59328,INTC,INTEL CORP,45,-0.009999999999999948,-0.03422,-0.5265767773568085,86816.5,1.0384142963538494,2.1933153504287835
2025-01-31,64995,KEY,KEYCORP NEW,40,-0.02,0.045711,-0.3902756110244409,16990.59062,1.2888331042657517,1.589954918136056
2025-01-31,65306,UNF,UNIFIRST CORP,20,0.02,0.24937700000000002,0.45189807592303693,2571.4827,0.882736541347903,1.2896843518151728
2025-01-31,66384,WDC,WESTERN DIGITAL CORP,45,-0.02,0.088939,-0.3911299309115222,20751.24,1.3911497779577318,1.8642264125786394
2025-01-31,75603,CRUS,CIRRUS LOGIC INC,45,0.02,0.005339,0.2522843770893693,5291.48204,0.8929847520315841,1.741097753491404
2025-01-31,76095,HOLX,HOLOGIC INC,35,0.02,-0.0026030000000000003,0.40981353539855886,16260.620400000002,0.9583363243491454,0.6557436198962465
2025-01-31,76661,IONS,IONIS PHARMACEUTICALS INC,35,-0.02,-0.09082599999999999,-0.3951043756035956,5520.49864,0.36973587216834364,1.0991065954928987
2025-01-31,76721,CRVL,CORVEL CORP,35,0.02,0.037958,0.26636208305475073,5715.09242,1.1383112809322984,1.1607077661989658
2025-01-31,76804,MTG,M G I C INVESTMENT CORP WIS,40,0.0018372768755973142,0.07388600000000001,0.3859297229032018,6007.28415,1.2625484466724488,1.1139896510481064
2025-01-31,78015,MTX,MINERALS TECHNOLOGIES INC,15,0.02,0.0030009999999999998,0.3400193150583166,2430.2606899999996,1.2531088785486357,1.2955424279077958
2025-01-31,79637,UHS,UNIVERSAL HEALTH SERVICES INC,35,0.02,0.047645,0.33409479236312306,10534.6453,1.2149560932059724,1.1981925867334928
2025-01-31,79758,BYD,BOYD GAMING CORP,25,0.02,0.053361,0.2569831364683159,6411.738060000001,1.5630808061548804,1.3572448067872922
2025-01-31,79878,UFPI,U F P INDUSTRIES INC,20,0.02,0.023333999999999997,0.296411856474259,6840.5586,1.4060688584050602,1.6579377123153891
2025-01-31,80128,VMI,VALMONT INDUSTRIES INC,20,0.02,0.078517,0.3894584354802763,6144.13345,1.0426316152293433,1.3689490767401251
2025-01-31,80924,SIRI,SIRIUS X M HOLDINGS INC NEW,50,-0.02,0.049773,-0.3271673724091821,7733.2128,1.0564293041084014,1.5988482185258686
2025-01-31,81282,ACIW,A C I WORLDWIDE INC,45,0.02,0.028296,0.33218185870291966,5463.787049999999,1.1773544498169726,1.3823081491392395
2025-01-31,82307,DVA,DAVITA INC,35,0.02,0.174904,0.2423854097021024,12263.1,0.8968185529878622,0.9177128749733622
2025-01-31,82694,EME,EMCOR GROUP INC,20,0.02,-0.01568,0.25520020800832033,20880.3078,1.0877716309140602,1.4862774806863674
2025-01-31,82800,SCCO,SOUTHERN COPPER CORP,15,0.02,0.00208,0.28298417650991753,72030.15443,1.1199782883370093,1.5163455632402836
2025-01-31,84381,ROK,ROCKWELL AUTOMATION INC,20,-0.009999999999999995,-0.029050000000000003,-0.24468835896292992,32266.548370000004,1.3396601329255229,1.683907487157701
2025-01-31,84385,NSP,INSPERITY INC,20,-0.02,-0.035551,-0.2989933883069609,2897.5563300000003,1.1262347724666157,1.4328953368288313
2025-01-31,84761,TTWO,TAKE TWO INTERACTIVE SOFTWR INC,50,-0.02,0.004470999999999999,-0.2039038704405319,32471.712000000003,0.8707116133985437,0.7900928771362036
2025-01-31,85593,AMG,AFFILIATED MANAGERS GROUP INC,40,0.02,0.013033999999999999,0.38009806106529975,5589.207,1.1331487888737883,1.2256426363960762
2025-01-31,86822,EXTR,EXTREME NETWORKS INC,45,-0.02,-0.058853,-0.3800052002080084,2220.5107799999996,1.7437218407824921,1.8085670260190192
2025-01-31,87006,UTHR,UNITED THERAPEUTICS CORP,35,0.009999999999999995,-0.00803,0.2911745041230221,15818.170039999999,0.5160595710450363,0.6497678044739533
2025-01-31,88159,EXEL,EXELIXIS INC,35,0.02,-0.007802,0.2782668449595127,9381.6756,0.533862244333443,0.827272295117111
2025-01-31,89070,ZBH,ZIMMER BIOMET HOLDINGS INC,35,0.02,0.033151,0.20622539187281777,21028.18662,0.997678772997559,1.0625654313981048
2025-01-31,89134,OVV,OVINTIV INC,10,0.009999999999999995,0.039172,0.30157492013966275,10543.122000000001,2.693315076601259,1.0325738777644484
2025-01-31,89216,AYI,ACUITY BRANDS INC,20,0.02,0.134518,0.34059505237352355,9050.77166,1.3562465642145245,1.3018056106692109
2025-01-31,89297,CCOI,COGENT COMMUNICATIONS HLDS INC,50,-0.02,-0.025744000000000003,-0.4272156600549737,3779.1274499999995,0.36220505207895964,0.9179197632104515
2025-01-31,89301,GME,GAMESTOP CORP NEW,25,-0.02,-0.144969,-0.5875120719114479,14002.712,1.9026755048306454,1.83032461345334
2025-01-31,89916,NXST,NEXSTAR MEDIA GROUP INC,50,0.02,-0.033366,0.42665849491122504,4837.199369999999,1.4538773734803463,1.5487103522167216
2025-01-31,89968,PIPR,PIPER SANDLER COMPANIES,40,0.02,0.054013,0.3390349899710274,5333.111,1.4285274032691906,1.81516121564669
2025-01-31,90126,CYTK,CYTOKINETICS INC,35,-0.02,0.048149,-0.35638139811306735,5560.55136,0.8550381126904172,1.057549762398031
2025-01-31,90319,GOOGL,ALPHABET INC,50,0.02,0.074463,0.2066525518163583,1104565.5,0.9193470270942641,1.4652934351301767
2025-01-31,90436,HALO,HALOZYME THERAPEUTICS INC,35,0.02,0.181392,0.28528712577074516,5887.22778,1.2433045620959213,1.3438476559928856
2025-01-31,90564,PBH,PRESTIGE CONSUMER HEALTHCARE INC,35,0.02,-0.020201,0.3563813981130674,3858.03645,0.4928187226484438,0.7281620693076235
2025-01-31,90776,WAL,WESTERN ALLIANCE BANCORPORATION,40,-0.007194712013801598,0.048535,-0.1995765544907511,9195.164260000001,1.5235798924339694,1.5544394287878305
2025-01-31,91594,SPR,SPIRIT AEROSYSTEMS HOLDINGS INC,20,-0.02,-0.005351,-0.511979050590595,3996.42528,1.8095826957922225,1.5451974601484104
2025-01-31,91606,CPRX,CATALYST PHARMACEUTICALS INC,35,0.02,0.077681,0.28642002822970064,2522.7447300000003,0.7886800882496419,1.3699007021053902
2025-01-31,91832,MDGL,MADRIGAL PHARMACEUTICALS INC,35,-0.02,0.081708,-0.32917316692667703,6790.08285,0.1269711252012015,0.45153766146379676
2025-01-31,92293,TDC,TERADATA CORP DE,45,0.02,0.021100999999999998,0.3777765396330139,2981.055,0.7955547811210164,1.3048810490891734
2025-01-31,93330,PRI,PRIMERICA INC,40,0.02,0.06578400000000001,0.40231037812941095,9057.556820000002,1.0929895943126149,1.113359252131798
2025-02-28,10693,EHC,ENCOMPASS HEALTH CORP,35,0.02,0.005448999999999999,0.2783411336453458,10001.4525,0.8720177994076337,0.8889798405715086
2025-02-28,11644,CRK,COMSTOCK RESOURCES INC,10,-0.02,-0.034565,-0.3150211722754625,5424.36416,0.5074161595310615,1.2617426728949708
2025-02-28,11691,MATX,MATSON INC,20,0.02,0.014871,0.4927382809598098,4710.8385,1.033108610363262,1.0504100333762918
2025-02-28,12473,KNX,KNIGHT SWIFT TRANSPORT HDLGS INC,20,-0.02,-0.119798,-0.20158234900824604,9242.471370000001,0.9474919270805527,1.1116276637726317
2025-02-28,13046,UI,UBIQUITI INC,45,0.02,-0.15507800000000002,0.2769482207859743,24402.0638,1.1855508276998794,1.6208546048634673
2025-02-28,13407,META,META PLATFORMS INC,50,0.02,-0.033757,0.21259564668301018,1509233.90364,1.0918079737965112,1.5472853488306626
2025-02-28,13410,SUPN,SUPERNUS PHARMACEUTICALS INC,35,0.02,-0.16776600000000003,0.41789242998291354,2138.85891,1.0283058972970878,1.0385313801839382
2025-02-28,13766,BCC,BOISE CASCADE CO,20,0.02,-0.17999600000000002,0.16079786048584802,4845.1748,1.5472493432178023,1.7532553541589686
2025-02-28,13788,ZTS,ZOETIS INC,35,0.02,-0.024731,0.344829507466013,77104.09850000001,0.8576817781194666,1.2093343615582908
2025-02-28,13802,APAM,ARTISAN PARTNERS ASSET MGMT INC,40,0.02,-0.029502999999999998,0.2693150583166184,3131.38361,1.7715933644863413,1.5355298702632358
2025-02-28,14169,PINC,PREMIER INC,35,0.02,-0.191753,0.3780179778619716,2069.01662,0.4340230669910011,0.6464053026940889
2025-02-28,14179,AR,ANTERO RESOURCES CORP,10,-0.02,-0.019927999999999998,-0.2666963821409999,11612.64048,3.384686074498253,1.0612282430658022
2025-02-28,14329,ARMK,ARAMARK,25,-0.02,-0.048456,-0.11399598841096502,10306.59753,1.6029024206770615,0.9916113903734931
2025-02-28,14406,ESI,ELEMENT SOLUTIONS INC,15,0.02,0.008308,0.3335004828764579,6250.22703,1.290581557401176,1.4953314800287894
2025-02-28,14432,ITCI,INTRA CELLULAR THERAPIES INC,35,-0.02,0.005497999999999999,-0.4269742218260159,13536.815760000001,0.7369306213912808,1.1135666691241821
2025-02-28,14596,FIVN,FIVE 9 INC,45,-0.02,-0.120173,-0.3135353985587995,3107.3699200000005,0.9657380349431021,1.7372901373654515
2025-02-28,15058,SLNO,SOLENO THERAPEUTICS INC,35,-0.02,-0.031386,-0.39677587103484135,2295.7119199999997,0.06960385057396953,0.3364579183119341
2025-02-28,15284,BPMC,BLUEPRINT MEDICINES CORP,35,-0.02,-0.14514400000000002,-0.5298640517049253,7169.51136,0.6385863101984578,1.5162958596229186
2025-02-28,15293,NEXT,NEXTDECADE CORP,10,-0.02,-0.033975,-0.4351088329247456,2207.26768,1.3361804404084034,1.1595924694957724
2025-02-28,16318,ELF,E L F BEAUTY INC,30,-0.017877313563692918,-0.300182,-0.4942054825050145,5628.03021,1.4372623916777099,2.18094963895721
2025-02-28,16771,MGY,MAGNOLIA OIL & GAS CORP,10,0.009999999999999995,-0.009245999999999999,0.3306403684718817,4527.5532,1.9850749304210122,0.9378509868308093
2025-02-28,17223,ADT,A D T INC,25,0.02,0.06309100000000001,0.43156154817621273,6545.42592,1.490936631299715,1.4157608469178378
2025-02-28,17332,VCTR,VICTORY CAPITAL HOLDINGS INC,40,0.02,-0.028998999999999997,0.41863531684124516,4212.55554,0.9003996816511075,1.515030993554284
2025-02-28,17341,ZS,ZSCALER INC,45,-0.02,-0.034709,-0.33468910184978823,31345.73775,0.9613691998149744,1.6219281937968093
2025-02-28,17787,EQH,EQUITABLE HOLDINGS INC,40,-0.02,0.00771,-0.34094792363123094,17051.79954,1.3725381188969128,1.4576303169465519
2025-02-28,17959,CRNX,CRINETICS PHARMACEUTICALS INC,35,-0.02,-0.115474,-0.47132456726840505,3744.9177999999997,0.5706256134545823,1.2501810305231915
2025-02-28,18578,KTB,KONTOOR BRANDS INC,25,0.01780559780585104,-0.295204,0.37744224054676473,5064.700849999999,1.1720126044688721,1.0806557388172402
2025-02-28,18656,IDYA,IDEAYA BIOSCIENCES INC,35,-0.02,-0.15855100000000003,-0.4383218185870293,2106.3724,0.8679332636357775,1.0749412836462562
2025-02-28,18770,BBIO,BRIDGEBIO PHARMA INC,35,-0.02,0.016855000000000002,-0.4800906321967165,6501.405240000001,1.181250978807697,1.3684312075997642
2025-02-28,18772,AKRO,AKERO THERAPEUTICS INC,35,-0.02,-0.095031,-0.4726617636134017,3914.4726399999995,0.2359985259603631,1.3510915169567632
2025-02-28,18776,IMVT,IMMUNOVANT INC,35,-0.02,-0.055753,-0.3005348785379987,3692.7781399999994,0.6689110039306613,0.9006635713759376
2025-02-28,18835,DKNG,DRAFTKINGS INC,25,-0.02,0.042215,-0.44675358442909147,20516.52845,2.0519023179228424,1.7320792701406433
2025-02-28,19002,BWIN,BALDWIN INSURANCE GROUP INC,40,-0.02,0.0013250000000000002,-0.28302132085283416,2783.7400500000003,1.6348766649592714,1.584608549187887
2025-02-28,19201,RVMD,REVOLUTION MEDICINES INC,35,-0.02,-0.05477,-0.45386672609761536,7984.276150000001,1.377119416562817,1.142106685724856
2025-02-28,19484,PCVX,VAXCYTE INC,35,-0.02,-0.176549,-0.35558279474036103,11030.54976,0.953402479238627,0.9714558233658368
2025-02-28,19488,RNA,AVIDITY BIOSCIENCES INC,35,-0.02,-0.072857,-0.55463932843028,3948.07649,1.0554468149883347,1.4812830590587094
2025-02-28,19502,WBA,WALGREENS BOOTS ALLIANCE INC,30,-0.02,0.035596,-0.28876012183344474,8883.492839999999,0.6481380494757601,1.617074063785934
2025-02-28,19561,BA,BOEING CO,20,-0.02,-0.014022,-0.6850345442389124,132068.02752,1.4969573931523286,1.4628464050437275
2025-02-28,19849,SMMT,SUMMIT THERAPEUTICS INC,35,-0.02,-0.040989,-0.32100141148503086,15858.958999999999,0.2983408491371606,0.9806457046253259
2025-02-28,20062,SHC,SOTERA HEALTH CO,35,0.02,-0.09376,0.25382586732040713,3886.3188600000003,1.7818735352000936,0.9434257829936813
2025-02-28,20067,SOFI,SOFI TECHNOLOGIES INC,40,-0.02,-0.08633199999999999,-0.561696753584429,17303.4012,2.305809175370929,2.2335661832678366
2025-02-28,20482,ABT,ABBOTT LABORATORIES,35,0.002122686436306453,0.075478,0.2332850456875418,221888.82815000002,0.7087281120960655,0.737832684600714
2025-02-28,21342,VERA,VERA THERAPEUTICS INC,35,-0.02,-0.200472,-0.4348488225243295,2369.5168000000003,1.0776612857694547,0.6886592296364363
2025-02-28,21573,IP,INTERNATIONAL PAPER CO,15,-0.02,0.018099,-0.05079488893841467,19326.307040000003,0.9875355112527813,1.2208244907769654
2025-02-28,21619,OKLO,OKLO INC,55,-0.02,-0.20086400000000001,-0.3356362825941609,5080.41456,-0.22827472030827572,1.2242949075371814
2025-02-28,21747,NUVL,NUVALENT INC,35,-0.02,-0.129524,-0.40049030532649876,5655.7371,1.4568911174288655,1.0908644443023718
2025-02-28,21927,DJT,TRUMP MEDIA & TECH GRP CORP,50,-0.02,-0.24688100000000002,-0.3784265656340539,7030.13202,2.1555235247111515,1.1069527724578176
2025-02-28,24328,EQT,E Q T CORP,10,-0.02,-0.058262999999999995,-0.33091895104375596,30502.486079999995,1.0849915973277,0.7758668562011609
2025-02-28,27334,CSL,CARLISLE COMPANIES,20,0.02,-0.125895,0.3186056013669119,17653.053419999997,0.9349717623299247,1.3432726323282531
2025-02-28,27422,CLF,CLEVELAND CLIFFS INC NEW,15,-0.02,0.055279,-0.3403907584874824,5045.8624,1.960711654411352,1.82838457021064
2025-02-28,39538,MAT,MATTEL INC,25,0.02,0.13938899999999999,0.42405839090706493,6151.2,0.7765145965408751,1.3555650838719515
2025-02-28,44206,ES,EVERSOURCE ENERGY,55,-0.02,0.089091,-0.1705668226729069,21134.06736,0.5790222722995766,0.7107754169177095
2025-02-28,46463,GFF,GRIFFON CORP,20,0.02,-0.046221,0.3201285194264913,3623.47294,1.4417037331421543,1.914761784708493
2025-02-28,46690,CBT,CABOT CORP,15,0.02,-0.0037779999999999997,0.2750724314686873,4688.489869999999,1.1923277496111806,1.6133315456866362
2025-02-28,54594,AIR,A A R CORP,20,-0.02,-0.043752,-0.3098209642671422,2433.6004000000003,1.5892681153436616,1.4579266048911956
2025-02-28,56223,LPX,LOUISIANA PACIFIC CORP,15,0.02,-0.148819,0.24290543050293437,8215.73886,1.9108617507680983,1.764048699471984
2025-02-28,58683,LUV,SOUTHWEST AIRLINES CO,20,-0.02,0.008081999999999999,-0.2572988633831067,18417.92327,1.1051540420312496,1.4678126349476777
2025-02-28,61146,PAR,PAR TECHNOLOGY CORP,45,-0.02,-0.056766,-0.4254884481093528,2635.37995,2.292388722434536,1.9227088484614219
2025-02-28,64995,KEY,KEYCORP NEW,40,-0.02,-0.040022999999999996,-0.4105564222568902,19900.012280000003,1.2855300873796702,1.5433000364488096
2025-02-28,65700,USLM,UNITED STATES LIME MINERALS INC,15,0.010000000000000009,-0.15407300000000002,0.34646385855434214,3164.7996000000003,0.8867370920692697,1.3742253550002492
2025-02-28,66384,WDC,WESTERN DIGITAL CORP,45,-0.009999999999999995,-0.0037719999999999997,-0.3578485996582721,22653.77712,1.400574821168252,1.851834132450713
2025-02-28,75182,PII,POLARIS INC,25,-0.02,-0.061596,-0.325867320407102,2660.2290000000003,1.5253505975187138,1.6857583343559217
2025-02-28,75510,ADBE,ADOBE INC,45,0.02,-0.0007779999999999996,0.2618304732189287,190421.985,1.2392632542892204,1.7136206116646935
2025-02-28,75603,CRUS,CIRRUS LOGIC INC,45,0.02,0.03422,0.29130450932323004,5337.8838000000005,0.8866356947660184,1.697619438245174
2025-02-28,76095,HOLX,HOLOGIC INC,35,0.02,-0.124607,0.4068605601366912,16187.4946,0.957848861667446,0.6653548801078754
2025-02-28,76266,PRK,PARK NATIONAL CORP,40,7.171575784187603e-05,-0.016322,0.3808409479236312,2742.34389,0.7297290440256328,1.0786549761505868
2025-02-28,76573,MLI,MUELLER INDUSTRIES INC,20,0.02,0.014844000000000001,0.3068494168338162,8956.63125,0.9623614212750152,1.5731552202611743
2025-02-28,76661,IONS,IONIS PHARMACEUTICALS INC,35,-0.02,0.037124000000000004,-0.4227583389049848,5037.2971,0.35934192252189534,1.117026978683568
2025-02-28,76721,CRVL,CORVEL CORP,35,0.02,-0.051481,0.29345888121239133,5950.86695,1.1401414528599907,1.1480411018461618
2025-02-28,79637,UHS,UNIVERSAL HEALTH SERVICES INC,35,0.02,-0.073903,0.28012406210534135,11071.3004,1.2139576638711402,1.1961737078566121
2025-02-28,79758,BYD,BOYD GAMING CORP,25,0.02,-0.008402999999999999,0.2884258227471956,6775.01685,1.5631184710734518,1.3271657773925987
2025-02-28,79864,VSEC,V S E CORP,20,-0.02,0.15447699999999998,-0.41408513483396475,2107.3865,1.6098427001937763,1.56659274633686
2025-02-28,79878,UFPI,U F P INDUSTRIES INC,20,0.02,-0.07811,0.2592117970433103,7015.67595,1.404202712260339,1.6233716824490994
2025-02-28,80128,VMI,VALMONT INDUSTRIES INC,20,0.02,0.046751,0.3276688210385558,6646.8116,1.0429450830572695,1.366400917351583
2025-02-28,81282,ACIW,A C I WORLDWIDE INC,45,0.02,0.067647,0.39059133793923184,5636.40525,1.1710380334369281,1.3549453109703473
2025-02-28,82307,DVA,DAVITA INC,35,0.02,-0.16404100000000002,0.2342507986033727,14448.4,0.9151239527358725,0.9060529850985518
2025-02-28,82598,NTAP,NETAPP INC,45,0.02,-0.18587,0.2609204368174727,24823.6626,1.1891156860932712,1.4944606440131647
2025-02-28,82694,EME,EMCOR GROUP INC,20,0.02,-0.090692,0.14008988930985816,20611.65612,1.076810924210277,1.7175331587876699
2025-02-28,82800,SCCO,SOUTHERN COPPER CORP,15,0.02,-0.018212,0.36923334076220193,72417.45582,1.1075037264055496,1.4894067671748725
2025-02-28,83799,STRA,STRATEGIC EDUCATION INC,25,0.02,-0.183504,0.3641445657826313,2406.83146,0.5427918321362992,1.1469821553332136
2025-02-28,84385,NSP,INSPERITY INC,20,-0.02,0.16946199999999997,-0.306775128147983,2804.0988300000004,1.1221845124253387,1.4389125670521412
2025-02-28,84761,TTWO,TAKE TWO INTERACTIVE SOFTWR INC,50,-0.02,0.139373,-0.21885446846445286,32741.77296,0.8702927045509271,0.8131533128881843
2025-02-28,85593,AMG,AFFILIATED MANAGERS GROUP INC,40,0.02,-0.094195,0.4103149840279326,5680.4865,1.1265604779988598,1.2191934448869166
2025-02-28,87006,UTHR,UNITED THERAPEUTICS CORP,35,0.02,-0.091933,0.3311232449297972,15743.302270000002,0.5183830317041518,0.6506691618939351
2025-02-28,88159,EXEL,EXELIXIS INC,35,0.02,0.16380399999999998,0.18899041675952752,9339.4158,0.5284570963062826,0.8605821857238999
2025-02-28,89070,ZBH,ZIMMER BIOMET HOLDINGS INC,35,0.02,-0.050447,0.18336304880766655,21794.62152,0.9997751338252633,1.0568765876202175
2025-02-28,89134,OVV,OVINTIV INC,10,0.02,0.026055000000000002,0.34334373374935,10990.879280000001,2.6635434035145953,1.0177182252827468
2025-02-28,89297,CCOI,COGENT COMMUNICATIONS HLDS INC,50,-0.02,-0.033445,-0.30605081346110985,3716.2208400000004,0.3634889313123629,0.9000330686316306
2025-02-28,89301,GME,GAMESTOP CORP NEW,25,-0.02,-0.07246,-0.5387415496619864,12018.92,1.8383677347804503,1.8015995642847575
2025-02-28,89916,NXST,NEXSTAR MEDIA GROUP INC,50,0.02,0.11436500000000001,0.4883552484956541,4691.74962,1.4497934903911398,1.4882415717943989
2025-02-28,89968,PIPR,PIPER SANDLER COMPANIES,40,0.02,-0.090091,0.16367654706188245,5638.7492,1.4299873026446557,1.800881274520588
2025-02-28,90126,CYTK,CYTOKINETICS INC,35,-0.02,-0.073271,-0.3841839387861229,5846.61714,0.863375153915818,0.915599359121079
2025-02-28,90178,ALNY,ALNYLAM PHARMACEUTICALS INC,35,-0.012122686436306455,-0.09383899999999999,-0.37762796226134754,35114.83937,0.3846869892885213,1.2023533815972487
2025-02-28,90319,GOOGL,ALPHABET INC,50,0.02,-0.168691,0.2861785900007429,1190048.6600000001,0.9276696812020335,1.4195508258369227
2025-02-28,90436,HALO,HALOZYME THERAPEUTICS INC,35,0.02,0.041,0.20739543867468985,6974.53632,1.2610443739548614,1.299845820285011
2025-02-28,90564,PBH,PRESTIGE CONSUMER HEALTHCARE INC,35,0.02,0.100632,0.330528935443132,3792.82185,0.4885979261552224,0.7164190790155732
2025-02-28,90880,AMP,AMERIPRISE FINANCIAL INC,40,0.02,-0.011702,0.3152254661615036,52714.070400000004,1.33547467745699,1.2923340773617165
2025-02-28,91594,SPR,SPIRIT AEROSYSTEMS HOLDINGS INC,20,-0.02,0.022854000000000003,-0.42485699427977125,3988.21666,1.7994460225952444,1.2715857463798308
2025-02-28,91606,CPRX,CATALYST PHARMACEUTICALS INC,35,0.02,0.011313,0.19866651808929506,2727.03024,0.7965299563900048,1.3825704157947507
2025-02-28,91832,MDGL,MADRIGAL PHARMACEUTICALS INC,35,-0.02,0.01601,-0.38340390758487475,7367.274,0.12041946083220367,0.4641792295796913
2025-02-28,92293,TDC,TERADATA CORP DE,45,0.02,-0.256214,0.4207525443874897,3053.7870000000003,0.7888283112376903,1.2786039092796666
2025-02-28,92469,SATS,ECHOSTAR CORP,50,-0.02,0.12575199999999997,-0.39573582943317737,4288.65534,0.7102758807412598,1.5902310276437934
2025-02-28,92852,LOPE,GRAND CANYON EDUCATION INC,25,0.02,0.020484000000000002,0.4715660054973627,5068.619119999999,0.701839088244222,0.8709019816731179
2025-02-28,93330,PRI,PRIMERICA INC,40,0.02,-9.89999999999997e-05,0.3901084614813164,9683.26307,1.089108780735015,1.1010800740503615
2025-03-31,10032,PLXS,PLEXUS CORP,45,0.02,-0.039462,0.2970964922281762,3594.1567999999997,0.8831124733338348,1.342630872153153
2025-03-31,10693,EHC,ENCOMPASS HEALTH CORP,35,0.02,0.007959,0.24219967316535554,10089.105,0.8894373381998519,0.8989181581538109
2025-03-31,11691,MATX,MATSON INC,20,0.02,-0.113788,0.4106905331965188,4784.5647,1.0250687021909453,1.0155173439090035
2025-03-31,12308,CHTR,CHARTER COMMUNICATIONS INC NEW,50,0.02,0.010218000000000001,0.2603655987534678,51632.02998,1.09878192934372,1.3007432006416042
2025-03-31,12570,ITT,I T T INC,20,0.02,-0.086619,0.28221791509900046,11496.936000000002,1.3804958813467827,1.4392385293854097
2025-03-31,12591,APO,APOLLO GLOBAL MANAGEMENT INC NEW,40,-0.02,-0.08602699999999999,-0.325067457150458,85155.54960000001,1.618896220112332,1.7646204351813144
2025-03-31,12623,HII,HUNTINGTON INGALLS INDS INC,20,-0.02,0.158666,-0.44704138638695706,6870.4454000000005,0.48151958487791263,1.3623739711342597
2025-03-31,13046,UI,UBIQUITI INC,45,0.02,-0.09576,0.3776080264508037,20668.8281,1.168524579699245,1.60195533049695
2025-03-31,13407,META,META PLATFORMS INC,50,0.02,-0.140124,0.2857522897427128,1463289.8436000003,1.111574924807117,1.2671814959487626
2025-03-31,13628,WDAY,WORKDAY INC,45,-0.02,-0.11662499999999999,-0.3070725496902672,56623.89347999999,1.3327901502604942,1.5606344932578835
2025-03-31,13730,PBF,P B F ENERGY INC,10,-0.02,-0.112618,-0.3320601983810284,2471.15759,1.6606334394063265,1.1142110758155337
2025-03-31,13748,TPH,TRI POINTE HOMES INC,25,0.02,0.0047870000000000005,0.26633223121650895,2909.9339200000004,1.6507934927057029,1.5436781410668756
2025-03-31,13766,BCC,BOISE CASCADE CO,20,0.02,-0.057158,0.19423858929046478,3932.13478,1.6317987902627653,1.7238622095860667
2025-03-31,13788,ZTS,ZOETIS INC,35,0.02,-0.018912,0.1855356667806787,74888.73408,0.894352573868487,1.1547879848616314
2025-03-31,13802,APAM,ARTISAN PARTNERS ASSET MGMT INC,40,0.02,-0.077324,0.29734351841295176,2955.65332,1.7865386029951908,1.4749173508995566
2025-03-31,14472,VRNS,VARONIS SYSTEMS INC,45,-0.02,-0.062070999999999994,-0.4881237411165583,4836.273499999999,0.9244117610733138,1.5607149670837699
2025-03-31,14593,AAPL,APPLE INC,45,0.02,-0.084925,0.300915897085091,3632938.13432,1.1240924367668124,1.2651753916744344
2025-03-31,14960,ENVA,ENOVA INTERNATIONAL INC,40,0.02,-0.069034,0.3756128149583856,2665.5519600000002,1.4420117506689212,1.4591625062849773
2025-03-31,15058,SLNO,SOLENO THERAPEUTICS INC,35,-0.02,0.460115,-0.3573898833276328,2238.73874,-0.035951389678614526,0.32004197068536
2025-03-31,15167,SHAK,SHAKE SHACK INC,25,-0.02,-0.19154700000000002,-0.42406795120282753,4352.9052,1.9328002593769291,1.9144828184204608
2025-03-31,15293,NEXT,NEXTDECADE CORP,10,-0.02,-0.056953,-0.3335613575038954,2140.8332400000004,1.2631744119535728,1.171376266736441
2025-03-31,15303,VKTX,VIKING THERAPEUTICS INC,35,-0.02,-0.166917,-0.6167293733135712,3240.59976,0.8894749656859459,1.4902461727214917
2025-03-31,15650,PJT,P J T PARTNERS INC,40,0.02,-0.13622,0.2958233572758712,3710.4394799999995,0.6902124760839443,1.3769507978097837
2025-03-31,16434,GOLF,ACUSHNET HOLDINGS CORP,25,0.02,0.06804500000000001,0.28584729981378026,3853.4347,0.8000837604969675,1.2356613574738906
2025-03-31,16771,MGY,MAGNOLIA OIL & GAS CORP,10,0.02,0.075601,0.34135218333143313,4415.96876,1.9062449881740695,0.9247313846879289
2025-03-31,17223,ADT,A D T INC,25,0.02,-0.002062,0.3430433625964353,6730.206209999999,1.5567066300614818,1.3562868199527864
2025-03-31,17332,VCTR,VICTORY CAPITAL HOLDINGS INC,40,0.02,-0.099771,0.401246532132406,4076.9144800000004,0.9082969994753388,1.4944322094564573
2025-03-31,17341,ZS,ZSCALER INC,45,-0.02,0.007735,-0.27265990194960665,30361.686749999997,0.9596416656182857,1.4753876837743238
2025-03-31,17959,CRNX,CRINETICS PHARMACEUTICALS INC,35,-0.02,-0.06602999999999999,-0.4333979401816593,3329.2932200000005,0.5892417449598603,1.2439179677774719
2025-03-31,18312,MRNA,MODERNA INC,35,-0.02,-0.087727,-0.3799832782274922,11944.86336,1.95076334450881,1.252500074385247
2025-03-31,18770,BBIO,BRIDGEBIO PHARMA INC,35,-0.02,-0.012881,-0.5031163303310151,6637.5961,1.1793200707208045,1.3466568941989514
2025-03-31,18772,AKRO,AKERO THERAPEUTICS INC,35,-0.02,-0.179321,-0.43860449207616004,3910.9344,0.18391266757288263,1.3076090557739375
2025-03-31,18776,IMVT,IMMUNOVANT INC,35,-0.02,-0.17381300000000002,-0.27457910538517083,3499.1366,0.6980993086326982,0.9404957467100566
2025-03-31,18835,DKNG,DRAFTKINGS INC,25,-0.02,-0.24624300000000002,-0.5129213696651845,21489.47016,2.1767683815747945,1.8771106756412392
2025-03-31,19098,HESM,HESS MIDSTREAM L P,10,0.009999999999999995,0.009995,0.3343214380724357,4871.435009999999,1.4468172403659765,0.617475981751327
2025-03-31,19201,RVMD,REVOLUTION MEDICINES INC,35,-0.015851465677458754,-0.13548200000000002,-0.331300117812488,7574.095620000001,1.4884404411069434,1.180804784332861
2025-03-31,19484,PCVX,VAXCYTE INC,35,-0.012586763003802605,-0.486306,-0.26112567932200814,9402.20124,1.0001183706297851,0.9685703610117725
2025-03-31,19488,RNA,AVIDITY BIOSCIENCES INC,35,-0.02,-0.039979,-0.5304222247558241,3683.29568,1.07134702480985,1.4094795017414221
2025-03-31,19561,BA,BOEING CO,20,-0.02,-0.026789,-0.6831034089613499,130985.42261999998,1.4938651137692387,1.4672507619799922
2025-03-31,19577,RKT,ROCKET COMPANIES INC,40,-0.02,-0.093185,-0.3460456808421693,2041.69,2.4222237758166933,1.56942770768906
2025-03-31,19655,STEP,STEPSTONE GROUP INC,40,-0.02,-0.13524,-0.4073461786949416,4563.1359999999995,1.309881169650673,1.5939326268934484
2025-03-31,19849,SMMT,SUMMIT THERAPEUTICS INC,35,-0.0015617713187386431,-0.071091,-0.3105119142629119,15262.5992,0.32894019428584087,1.0585992433785405
2025-03-31,20067,SOFI,SOFI TECHNOLOGIES INC,40,-0.02,-0.199693,-0.5552198533044502,15866.9338,2.313867736264273,2.2338036429614108
2025-03-31,20583,EXE,EXPAND ENERGY CORP,10,-0.02,0.12883799999999998,-0.3229012275301182,23009.375999999997,0.5329675634677428,0.7019446683540286
2025-03-31,20648,RBLX,ROBLOX CORP,50,-0.02,-0.087492,-0.373864629650743,39392.969079999995,1.5089775032686163,1.8015305180837233
2025-03-31,21352,FA,FIRST ADVANTAGE CORP,20,-0.02,-0.061579999999999996,-0.2873674609508608,2595.75448,1.2019816349638226,1.1175662055422457
2025-03-31,21559,INTA,INTAPP INC,45,-0.02,-0.118343,-0.3042792536008817,5237.092079999999,0.7808598909273862,1.502530080926715
2025-03-31,21573,IP,INTERNATIONAL PAPER CO,15,-0.02,-0.056664,-0.16277125375289783,29647.2001,0.977470763622083,1.1654001470540656
2025-03-31,21619,OKLO,OKLO INC,55,-0.02,-0.355626,-0.36263443925056055,4076.78544,-0.1528283584255059,1.368230947900884
2025-03-31,21927,DJT,TRUMP MEDIA & TECH GRP CORP,50,-0.02,-0.192637,-0.38726104967126523,5303.5665,2.231310984750145,1.0987266287916944
2025-03-31,22758,ACLX,ARCELLX INC,35,-0.02,0.008608000000000001,-0.47696955877322994,3561.4700799999996,0.2799840317567168,0.864811067713306
2025-03-31,24328,EQT,E Q T CORP,10,-0.02,0.105772,-0.22184851594268995,28778.73297,1.1142028485518898,0.7622819695137459
2025-03-31,27422,CLF,CLEVELAND CLIFFS INC NEW,15,-0.02,-0.245122,-0.5356287766503249,5360.17404,1.932569784790772,2.032881235387734
2025-03-31,44206,ES,EVERSOURCE ENERGY,55,-0.02,-0.005292,-0.015562649640861934,23111.12285,0.5513125666730665,0.6783566562292795
2025-03-31,46463,GFF,GRIFFON CORP,20,0.02,-0.015037000000000002,0.16470945920267546,3438.3202,1.4139443016465143,1.8731488611254339
2025-03-31,46690,CBT,CABOT CORP,15,0.02,-0.036681,0.2504465473340174,4663.005999999999,1.209365158323165,1.5369325052212044
2025-03-31,53225,GHC,GRAHAM HOLDINGS CO,25,0.02,-0.026713,0.32086801200927295,3321.20752,1.1026505238719555,1.2301209191665412
2025-03-31,54148,PHM,PULTE GROUP INC,25,0.02,-0.0059570000000000005,0.2523847527837951,20909.86224,1.6334198745239894,1.5657587827298174
2025-03-31,56223,LPX,LOUISIANA PACIFIC CORP,15,0.02,-0.08058,0.27245087979325816,6946.201639999999,1.976528953004578,1.7798495858558336
2025-03-31,59619,SXT,SENSIENT TECHNOLOGIES CORP,15,0.02,0.069053,0.35244935963212104,2942.0742000000005,0.7119848288628533,1.1270809698384732
2025-03-31,62092,TMO,THERMO FISHER SCIENTIFIC INC,35,0.02,-0.061936,0.2387033025500703,199555.97856000002,0.7603828393589296,0.87833174819657
2025-03-31,64995,KEY,KEYCORP NEW,40,-0.02,-0.068561,-0.3644016265724167,19140.661079999998,1.2772149616779547,1.5027782449507492
2025-03-31,65700,USLM,UNITED STATES LIME MINERALS INC,15,0.02,-0.061709999999999994,0.3332953293049063,2686.08085,0.8896225232005815,1.4046440572950063
2025-03-31,75182,PII,POLARIS INC,25,-0.009999999999999936,-0.07774299999999999,-0.3340934139018736,2520.012,1.55350148151492,1.7148067202748327
2025-03-31,75510,ADBE,ADOBE INC,45,0.02,-0.12890400000000002,0.22447079390415384,190728.42832,1.2818182118424821,1.646143719342841
2025-03-31,76095,HOLX,HOLOGIC INC,35,0.02,-0.028981,0.2915669060920458,14224.0821,0.9566543809360024,0.7223439629746004
2025-03-31,76573,MLI,MUELLER INDUSTRIES INC,20,0.02,-0.050824999999999995,0.17096112187891915,9081.82824,0.9677461684115117,1.5281698353253972
2025-03-31,76644,X,UNITED STATES STEEL CORP NEW,15,-0.02,0.047296000000000005,-0.28871660396001975,9058.22774,1.8242961974527225,1.5033903508569033
2025-03-31,76661,IONS,IONIS PHARMACEUTICALS INC,35,-0.02,-0.094416,-0.5520275149165812,5276.04835,0.2978037236045394,1.0663123989599688
2025-03-31,76721,CRVL,CORVEL CORP,35,0.02,0.011992,0.26408999353931517,5663.35693,1.054428710750499,1.176185933442308
2025-03-31,76804,MTG,M G I C INVESTMENT CORP WIS,40,0.02,0.003483,0.42190172158248773,5973.01927,1.2523843502346828,1.1029480960677809
2025-03-31,77520,AGCO,A G C O CORP,20,-0.02,-0.048799999999999996,-0.3155664500437046,7232.216539999999,1.218024583586868,1.3139758189983723
2025-03-31,79637,UHS,UNIVERSAL HEALTH SERVICES INC,35,0.02,0.069977,0.23592900847489834,10120.86275,1.2259155688896688,1.236802315869617
2025-03-31,79668,BDC,BELDEN INC NEW,45,0.02,-0.09185399999999999,0.2910348496940676,4430.79807,1.020862628549021,1.4192102451465642
2025-03-31,79758,BYD,BOYD GAMING CORP,25,0.02,-0.13795500000000002,0.3804013225401892,6386.46996,1.5674160606562906,1.2820282156630762
2025-03-31,79864,VSEC,V S E CORP,20,-0.02,0.009149000000000001,-0.49684566564055793,2441.2185,1.6092620553888366,1.6438556366191357
2025-03-31,79878,UFPI,U F P INDUSTRIES INC,20,0.02,0.00027800000000000004,0.22994337399764375,6508.168,1.4646266920403341,1.566020974941305
2025-03-31,80128,VMI,VALMONT INDUSTRIES INC,20,0.02,-0.182344,0.2119674685516665,6983.42502,0.9717689736462951,1.5014793632663124
2025-03-31,81736,RMD,RESMED INC,35,0.02,-0.044835,0.2510166077604226,34296.38184,0.7325771351097279,1.3678600667697602
2025-03-31,82307,DVA,DAVITA INC,35,0.02,0.030994999999999998,0.24105955231254514,11830.4,0.9679722253631924,0.9089633282132776
2025-03-31,82670,TGTX,T G THERAPEUTICS INC,35,-0.02,0.306977,-0.5815566450043705,4726.26639,2.3332747722967713,1.7780011277355716
2025-03-31,82800,SCCO,SOUTHERN COPPER CORP,15,0.02,0.047514,0.3106069243339794,70803.3981,1.0925221913170948,1.4704555840070777
2025-03-31,84761,TTWO,TAKE TWO INTERACTIVE SOFTWR INC,50,-0.02,-0.025738,-0.34032607456390374,37413.62208,0.7999128235597195,0.8791329163806738
2025-03-31,85020,PPBI,PACIFIC PREMIER BANCORP INC,40,0.02,-0.111001,0.24164861475316382,2303.90382,1.301423090426205,1.6843734784601208
2025-03-31,85593,AMG,AFFILIATED MANAGERS GROUP INC,40,0.010000000000000009,-0.019931,0.36516170714095697,4998.55845,1.1593322707644005,1.2082440727497379
2025-03-31,85621,MTD,METTLER TOLEDO INTERNATIONAL INC,35,0.02,-0.075562,0.2818188728005168,26620.21152,1.08910424059843,1.4927327511763355
2025-03-31,87430,KTOS,KRATOS DEFENSE & SECUR SOLS INC,20,-0.02,0.121622,-0.36955117242427693,4033.52677,1.1520404697197248,1.6572825742689428
2025-03-31,88159,EXEL,EXELIXIS INC,35,0.02,-0.049172999999999994,0.34769885607874434,10769.20674,0.5570425043370789,0.7909308772512187
2025-03-31,89217,AAP,ADVANCE AUTO PARTS INC,25,-0.02,0.05917700000000001,-0.3647056587998328,2206.3617,1.2522625704526815,1.7425430582338788
2025-03-31,89297,CCOI,COGENT COMMUNICATIONS HLDS INC,50,-0.02,-0.151894,-0.3641355983734276,3604.2508199999997,0.3994964094048337,0.9430394669526686
2025-03-31,89301,GME,GAMESTOP CORP NEW,25,-0.02,-0.112051,-0.5515334625470301,11187.872,1.8530725786144029,1.7512258904376878
2025-03-31,89916,NXST,NEXSTAR MEDIA GROUP INC,50,0.02,0.056108000000000005,0.3214000684072511,5160.59735,1.459716492829406,1.482694263075061
2025-03-31,89968,PIPR,PIPER SANDLER COMPANIES,40,0.02,-0.13639500000000002,0.19724090753619886,5134.9626,1.4257477884372582,1.7291152229931124
2025-03-31,90126,CYTK,CYTOKINETICS INC,35,-0.02,-0.129729,-0.3470337855812716,5447.826,0.976147736372597,0.9333843195731808
2025-03-31,90319,GOOGL,ALPHABET INC,50,0.02,-0.094179,0.27799946794360203,993243.24,0.9604702491195638,1.442944513448319
2025-03-31,90436,HALO,HALOZYME THERAPEUTICS INC,35,0.02,0.07535800000000001,0.3155474480294912,7284.49995,1.3167835064025049,1.2539795837009406
2025-03-31,91531,OC,OWENS CORNING NEW,20,0.02,-0.071686,0.23518792992057155,13176.735639999999,1.4869307127509748,1.5777180312084973
2025-03-31,91594,SPR,SPIRIT AEROSYSTEMS HOLDINGS INC,20,-0.02,-0.016032,-0.35634477254588987,4092.5834,1.7659607474196972,1.202304273112441
2025-03-31,91606,CPRX,CATALYST PHARMACEUTICALS INC,35,0.02,0.055990000000000005,0.14253410861551327,2779.9905000000003,0.8303547437829437,1.303788232612634
2025-03-31,91832,MDGL,MADRIGAL PHARMACEUTICALS INC,35,-0.02,-0.032845,-0.37109033557557103,7535.241599999999,0.12605045453534883,0.42183981919559776
2025-03-31,92293,TDC,TERADATA CORP DE,45,0.02,-0.060472,0.2896287006422681,2255.2639999999997,0.772366424405762,1.2073127718825531
2025-03-31,92469,SATS,ECHOSTAR CORP,50,-0.02,-0.184341,-0.3470527875954851,4843.58562,0.6457300377749068,1.5240876386124378
2025-03-31,92729,JBTM,J B T MAREL CORP,20,-0.02,-0.076942,-0.3616273324972447,6847.896,1.18814641409147,1.6595712751980631
2025-04-30,11691,MATX,MATSON INC,20,0.02,-0.1524,0.5024817744687452,4207.94927,1.0966400396096374,0.9718416769414226
2025-04-30,11884,IPAR,INTERPARFUMS INC,30,0.011526380888696381,-0.044547,0.2942841631766714,3657.9598800000003,1.1300341438573493,1.08632635427129
2025-04-30,12373,HHH,HOWARD HUGHES HOLDINGS INC,60,0.02,-0.10545199999999999,0.36807817589576547,3734.0024,1.1104010896029681,1.4355239113781966
2025-04-30,12570,ITT,I T T INC,20,0.02,0.057319999999999996,0.21581743446564297,10513.624,1.3215107241679067,1.3522017307327276
2025-04-30,12591,APO,APOLLO GLOBAL MANAGEMENT INC NEW,40,-0.02,-0.006894,-0.3864200403288351,78121.5312,1.62413063548279,1.6903675009487087
2025-04-30,12623,HII,HUNTINGTON INGALLS INDS INC,20,-0.02,0.125361,-0.456355669303552,8005.7134399999995,0.3392636950059342,1.0567780129239193
2025-04-30,13046,UI,UBIQUITI INC,45,0.02,0.049054,0.40125252055219474,18760.3686,1.3656782846974513,1.489956088775925
2025-04-30,13407,META,META PLATFORMS INC,50,0.02,-0.051004999999999995,0.24757639212036603,1256464.8,1.1538175244777782,1.2203927627870235
2025-04-30,13730,PBF,P B F ENERGY INC,10,-0.02,-0.103587,-0.32487978904917014,2207.72032,1.2169834890444429,0.8823661106066268
2025-04-30,13748,TPH,TRI POINTE HOMES INC,25,0.02,-0.040189,0.31055141926477425,2928.05352,1.3949656049526822,1.3412877158028667
2025-04-30,13766,BCC,BOISE CASCADE CO,20,0.02,-0.052571999999999994,0.20278811850473089,3720.8479700000003,1.4946602703890972,1.4583683096359834
2025-04-30,13788,ZTS,ZOETIS INC,35,0.02,-0.050406999999999993,0.2337133550488599,73728.9528,0.8789127595190418,0.9447819929244206
2025-04-30,13837,EVTC,EVERTEC INC,40,0.011502856033372408,-0.0805,0.34105010082208775,2339.08678,0.9769094106502622,1.1160998213139697
2025-04-30,14472,VRNS,VARONIS SYSTEMS INC,45,-0.02,0.05555,-0.4028036295951605,4566.11735,0.843858938140777,1.3957382297686574
2025-04-30,14574,MC,MOELIS & CO,40,0.02,-0.08544,0.24232201023731972,4120.7996,1.5240453371291902,1.586411723263808
2025-04-30,14593,AAPL,APPLE INC,45,0.02,-0.046888,0.3221847370870172,3318470.04095,1.202210169178382,1.1557162867363557
2025-04-30,14960,ENVA,ENOVA INTERNATIONAL INC,40,0.02,-0.052933999999999995,0.2959516053978595,2490.6686400000003,1.3694666980731116,1.3648350953045738
2025-04-30,15058,SLNO,SOLENO THERAPEUTICS INC,35,-0.02,0.044190999999999994,-0.42723359702187064,3467.25415,-0.42026349932300167,0.23697080327720946
2025-04-30,15303,VKTX,VIKING THERAPEUTICS INC,35,-0.02,0.19191,-0.5812975027144408,2711.77935,0.8319059647732323,1.1635496654483715
2025-04-30,15535,OLLI,OLLIES BARGAIN OUTLET HLD INC,25,-0.02,-0.091624,-0.32422056770590973,7127.166359999999,0.7443842126399567,1.097565318731577
2025-04-30,15650,PJT,P J T PARTNERS INC,40,0.02,0.024243,0.342736931906313,3212.32824,0.7849075665878965,1.162963764830335
2025-04-30,16738,AM,ANTERO MIDSTREAM CORP,10,0.009999999999999995,-0.071681,0.39386536373507053,8614.908,1.997676465206259,0.5996063360545477
2025-04-30,16771,MGY,MAGNOLIA OIL & GAS CORP,10,0.02,-0.190788,0.3031836513106872,4762.11624,1.5966778659863683,0.8087452124610236
2025-04-30,17223,ADT,A D T INC,25,0.010000000000000009,-0.018277,0.3399643244920118,6689.11826,1.4037793673606938,1.0723890971723362
2025-04-30,17332,VCTR,VICTORY CAPITAL HOLDINGS INC,40,0.02,-0.013558,0.44113541181945093,3699.3397499999996,0.8753507559057501,1.4090563725600187
2025-04-30,17341,ZS,ZSCALER INC,45,-0.02,0.13632,-0.4298123158058012,30700.534499999998,1.201558941352368,1.504415891069017
2025-04-30,17959,CRNX,CRINETICS PHARMACEUTICALS INC,35,-0.02,-0.008007,-0.35952768729641693,3136.8285,0.3985492502771123,0.8747848948160466
2025-04-30,18312,MRNA,MODERNA INC,35,-0.02,0.0031669999999999997,-0.41026834186443306,10960.762050000001,2.3271097946917023,1.3234350444099268
2025-04-30,18770,BBIO,BRIDGEBIO PHARMA INC,35,-0.02,0.106098,-0.48379091050100825,6562.28482,1.2058131382631658,1.2904610872584
2025-04-30,18772,AKRO,AKERO THERAPEUTICS INC,35,-0.02,0.12319400000000001,-0.4275825965565379,3225.0416,0.246181790502689,1.04427071383837
2025-04-30,18776,IMVT,IMMUNOVANT INC,35,-0.02,-0.05853800000000001,-0.27592290988056456,2907.2140799999997,0.8337565996127277,0.7862695270869857
2025-04-30,18835,DKNG,DRAFTKINGS INC,25,-0.02,-0.0011259999999999998,-0.497828447339848,16483.41819,2.282383656969938,1.7734544388698212
2025-04-30,19201,RVMD,REVOLUTION MEDICINES INC,35,-0.02,0.138433,-0.36233907243679236,6586.08288,1.4120821284473872,1.0658208540206529
2025-04-30,19488,RNA,AVIDITY BIOSCIENCES INC,35,-0.02,0.102495,-0.5532224290367613,3557.51424,1.0596314383634478,1.296403016623556
2025-04-30,19506,VERX,VERTEX INC,45,-0.02,0.13985299999999998,-0.36757406545680166,2517.4640699999995,0.8629226053603811,1.0698399576071238
2025-04-30,19561,BA,BOEING CO,20,-0.02,0.070871,-0.7457150612688073,128323.01385000002,1.2176897355286977,1.2888815094388626
2025-04-30,19655,STEP,STEPSTONE GROUP INC,40,-0.02,-0.046039,-0.4369861951295176,4009.2270299999996,1.3448267358026382,1.5901034548393387
2025-04-30,20067,SOFI,SOFI TECHNOLOGIES INC,40,-0.02,0.072131,-0.5451760508763767,12840.72952,2.342835456917866,2.1364628955857756
2025-04-30,20583,EXE,EXPAND ENERGY CORP,10,-0.02,-0.07019,-0.41703505506437105,26435.828319999997,0.43871766044483823,0.6606739253498981
2025-04-30,20930,SOC,SABLE OFFSHORE CORP,10,-0.02,-0.268021,-0.297444547851714,2268.40781,0.36554963485396236,0.47913358308652587
2025-04-30,21352,FA,FIRST ADVANTAGE CORP,20,-0.02,-0.002825,-0.28369784395843023,2446.60169,1.1856303225699991,1.0886293988189224
2025-04-30,21573,IP,INTERNATIONAL PAPER CO,15,-0.02,-0.14730300000000002,-0.21783387622149838,28068.8221,0.9461633963239218,0.9688043605571849
2025-04-30,21619,OKLO,OKLO INC,55,-0.02,0.094015,-0.4599232201023732,3006.95934,0.11741353980776519,1.563632968630565
2025-04-30,21747,NUVL,NUVALENT INC,35,-0.006970763077930592,0.07867,-0.30764308980921357,4703.769,1.502576071375993,0.9941937570101783
2025-04-30,21927,DJT,TRUMP MEDIA & TECH GRP CORP,50,-0.02,0.25234999999999996,-0.411606173413991,4310.973419999999,2.287789413459577,0.9735058249835913
2025-04-30,22752,MRK,MERCK & CO INC NEW,35,0.016970763077930585,-0.054336999999999996,0.3908019233752133,226736.99136,0.35305245605522806,0.32418186298590856
2025-04-30,22758,ACLX,ARCELLX INC,35,-0.02,-0.013444,-0.49827439118970057,3612.3951999999995,0.29717566380426214,0.7865193937214146
2025-04-30,24328,EQT,E Q T CORP,10,-0.02,-0.07821199999999999,-0.2753994105785637,31921.272630000003,1.3465654511799452,0.8643952483160128
2025-04-30,27422,CLF,CLEVELAND CLIFFS INC NEW,15,-0.02,-0.0011020000000000001,-0.5319722351481309,4064.6338200000005,1.932489546407501,1.8986197889790337
2025-04-30,39538,MAT,MATTEL INC,25,0.02,-0.185727,0.31252908329455564,6274.19959,0.5359624382921867,1.1909922578237944
2025-04-30,42439,HNI,H N I CORP,20,0.009999999999999995,-0.049758,0.31409958120055836,2079.8376000000003,0.7757901271652039,0.9556464214577214
2025-04-30,44206,ES,EVERSOURCE ENERGY,55,-0.011526380888696381,-0.045879,-0.013184426865208662,22799.46302,0.5233024844035343,0.4714007394439746
2025-04-30,46463,GFF,GRIFFON CORP,20,0.02,-0.05094799999999999,0.2358461299829378,3398.395,1.2850320132037356,1.5743323611564692
2025-04-30,46690,CBT,CABOT CORP,15,0.02,-0.058863,0.24532728400806575,4507.93394,1.050969951937688,1.3432738804061874
2025-04-30,47941,TGNA,TEGNA INC,50,0.02,-0.112756,0.45276872964169385,2913.34156,0.30785889573347547,0.7691263154814196
2025-04-30,53225,GHC,GRAHAM HOLDINGS CO,25,0.02,-0.044108999999999995,0.33094850317977353,3264.04142,0.9114985127875666,1.0704828685130288
2025-04-30,54148,PHM,PULTE GROUP INC,25,0.02,-0.0056749999999999995,0.2490887234372577,20722.938000000002,1.365187530538627,1.3277501281570234
2025-04-30,54594,AIR,A A R CORP,20,-0.02,-0.048722,-0.30898092135877153,2021.46296,1.3140912297547123,1.312826724947628
2025-04-30,56223,LPX,LOUISIANA PACIFIC CORP,15,0.02,-0.065179,0.33375988832014897,6410.27016,1.8216939546196218,1.5236293040888154
2025-04-30,58683,LUV,SOUTHWEST AIRLINES CO,20,-0.02,-0.17089700000000002,-0.3310648363579959,19901.556379999998,0.9124204198088193,1.1526929101402734
2025-04-30,59619,SXT,SENSIENT TECHNOLOGIES CORP,15,0.02,0.258725,0.36935784085621215,3158.6603400000004,0.6336412450921285,1.0012879160887398
2025-04-30,61146,PAR,PAR TECHNOLOGY CORP,45,-0.02,-0.051465,-0.4165503334884443,2466.6654200000003,2.0487794305108693,1.7006970415010765
2025-04-30,62092,TMO,THERMO FISHER SCIENTIFIC INC,35,0.02,-0.14139700000000002,0.2457150612688072,187725.07360000003,0.8395366010287186,0.8143909434505661
2025-04-30,64995,KEY,KEYCORP NEW,40,-0.02,-0.075455,-0.3352334419109663,17670.85281,1.0909211231269538,1.27648124676513
2025-04-30,65307,RPM,R P M INTERNATIONAL INC,15,0.010000000000000009,-0.076168,0.3448890957034279,14872.746240000002,1.017527004308824,0.9587700793872096
2025-04-30,65700,USLM,UNITED STATES LIME MINERALS INC,15,0.02,0.05451,0.24839072436792303,2530.58454,0.9148477652997393,1.3567704777116654
2025-04-30,75182,PII,POLARIS INC,25,-0.02,-0.17402800000000002,-0.374185667752443,2288.58694,1.3497322811368382,1.511647381680936
2025-04-30,75510,ADBE,ADOBE INC,45,0.02,-0.025828,0.25250116333178213,163460.48599999998,1.3974529776810534,1.5219423799704521
2025-04-30,76644,X,UNITED STATES STEEL CORP NEW,15,-0.02,0.030776,-0.3097370870172173,9567.8753,1.7605466097509752,1.2896698981487995
2025-04-30,76661,IONS,IONIS PHARMACEUTICALS INC,35,-0.02,0.014364000000000002,-0.5046533271288971,4798.266970000001,0.3107004618100069,0.8829927388452199
2025-04-30,76721,CRVL,CORVEL CORP,35,0.02,-0.032202999999999996,0.35388552815262914,5750.7792,0.93959567031806,1.0431181337143531
2025-04-30,77520,AGCO,A G C O CORP,20,-0.02,-0.087147,-0.3464789824724678,6904.055739999999,1.1491517689995954,1.2158850410813595
2025-04-30,79637,UHS,UNIVERSAL HEALTH SERVICES INC,35,0.02,-0.061172000000000004,0.22109120521172637,10851.4129,1.1174522495761352,1.0379934935504236
2025-04-30,79668,BDC,BELDEN INC NEW,45,0.02,0.024994,0.236447184737087,4036.9672499999997,1.06901387663232,1.2988889973116708
2025-04-30,79758,BYD,BOYD GAMING CORP,25,0.02,0.046745999999999996,0.335388552815263,5431.83079,1.3420878322322694,1.2691342119822793
2025-04-30,79859,FLG,FLAGSTAR FINANCIAL INC,40,-0.0015028560333723983,0.00421,-0.3143710252830775,4819.0464,1.1745683373047688,1.5303332397583342
2025-04-30,79864,VSEC,V S E CORP,20,-0.02,-0.049122,-0.46161005118659837,2480.1933,1.3262384554700526,1.4377492159420813
2025-04-30,79878,UFPI,U F P INDUSTRIES INC,20,0.02,-0.080049,0.21579804560260585,6464.680800000001,1.4047592701590774,1.34407642396695
2025-04-30,80128,VMI,VALMONT INDUSTRIES INC,20,0.02,0.023973,0.24728555917481002,5727.6612700000005,1.071075017753759,1.4116123086457733
2025-04-30,81736,RMD,RESMED INC,35,0.02,0.053377999999999995,0.23921979215138825,32876.17795,0.7534503632771828,1.0947043303564714
2025-04-30,82702,AMRX,AMNEAL PHARMACEUTICALS INC,35,0.02,-0.08945399999999999,0.23960756941212966,2626.1663000000003,1.0122978502180453,0.9892951733173655
2025-04-30,82800,SCCO,SOUTHERN COPPER CORP,15,0.02,-0.045691999999999997,0.3053745928338762,74411.26318,1.020220402826066,1.1943254952540259
2025-04-30,84761,TTWO,TAKE TWO INTERACTIVE SOFTWR INC,50,-0.02,0.12225500000000002,-0.22993252675663098,36703.975,0.9861689675935377,0.7942353740929673
2025-04-30,85020,PPBI,PACIFIC PREMIER BANCORP INC,40,0.02,-0.049501,0.29451682953311614,2069.51108,1.224925916789331,1.410015368372431
2025-04-30,85488,OSIS,O S I SYSTEMS INC,45,-0.02,0.04998,-0.3027570963238716,3262.77426,1.1546689549681268,1.2884369182187736
2025-04-30,85621,MTD,METTLER TOLEDO INTERNATIONAL INC,35,0.02,-0.096971,0.3134015821312238,24611.345310000004,1.2158545025239775,1.398972344644497
2025-04-30,85789,CADE,CADENCE BANK,40,0.02,-0.039767,0.30618892508143325,5597.65536,0.9097916047308653,1.2195191107943146
2025-04-30,85863,COLM,COLUMBIA SPORTSWEAR CO,25,0.02,-0.18215800000000001,0.33814177136652707,4175.74161,0.8824088438380152,1.0050404574854326
2025-04-30,87430,KTOS,KRATOS DEFENSE & SECUR SOLS INC,20,-0.02,0.13438999999999998,-0.42835815107802083,4552.93181,1.0568036769988511,1.423205202710159
2025-04-30,88159,EXEL,EXELIXIS INC,35,0.02,0.056866,0.419206607724523,10276.53432,0.5590380878052083,0.6045888431777514
2025-04-30,89217,AAP,ADVANCE AUTO PARTS INC,25,-0.02,-0.162587,-0.3517139754924772,2346.05193,1.0688224023955089,1.3755989311289152
2025-04-30,89297,CCOI,COGENT COMMUNICATIONS HLDS INC,50,-0.02,-0.117056,-0.29992632232045907,3024.8514700000005,0.6396076284484712,0.7765119851970566
2025-04-30,89301,GME,GAMESTOP CORP NEW,25,-0.02,0.244673,-0.492418954552505,9978.91488,2.008779339255809,1.779353138041557
2025-04-30,89916,NXST,NEXSTAR MEDIA GROUP INC,50,0.02,-0.168472,0.36526679075539015,5440.76076,1.093112720168887,1.1682564931711619
2025-04-30,90126,CYTK,CYTOKINETICS INC,35,-0.02,0.062402,-0.2994803784706065,4791.4518,0.9743501142710773,0.7219113283073102
2025-04-30,90319,GOOGL,ALPHABET INC,50,0.02,0.023366,0.26826430898092135,900777.9999999999,0.9693424731108905,1.3474412146185253
2025-04-30,90409,HURN,HURON CONSULTING GROUP INC,20,0.02,-0.063905,0.3999340778656739,2529.0235,0.3615347412455969,0.7751035815934803
2025-04-30,90436,HALO,HALOZYME THERAPEUTICS INC,35,0.02,-0.04099,0.2752442996742671,7859.4777,1.3220264374712736,1.0964294946314748
2025-04-30,90564,PBH,PRESTIGE CONSUMER HEALTHCARE INC,35,0.02,-0.058671,0.3182681867535288,4258.78186,0.45487157081313917,0.5551433470094009
2025-04-30,91594,SPR,SPIRIT AEROSYSTEMS HOLDINGS INC,20,-0.02,0.041155,-0.37596944315185354,4040.9863600000003,1.4224619723313257,0.791795744528233
2025-04-30,91733,AVAV,AEROVIRONMENT INC,20,-0.02,0.267713,-0.4211261051651931,3363.42261,0.761179336595227,1.3475547116530582
2025-04-30,91832,MDGL,MADRIGAL PHARMACEUTICALS INC,35,-0.02,0.004555999999999999,-0.36451062509694426,7349.33124,-0.08373089300639809,0.35553009897948123
2025-04-30,92089,GRBK,GREEN BRICK PARTNERS INC,25,0.02,0.008127,0.29069722351481303,2594.67838,1.7501257016194225,1.3704583153653793
2025-04-30,92293,TDC,TERADATA CORP DE,45,0.02,-0.047129000000000004,0.28600511865984174,2126.6079999999997,0.9022920517048058,1.1512192796529213
2025-04-30,92469,SATS,ECHOSTAR CORP,50,-0.02,-0.124723,-0.34118582286334725,3971.60196,0.7199440856897521,1.2978576277598495
2025-05-31,10032,PLXS,PLEXUS CORP,45,0.02,0.06836600000000001,0.29803571428571424,3316.6287,0.7908672608146364,0.9962712555411571
2025-05-31,11691,MATX,MATSON INC,20,0.02,0.034253000000000006,0.41174603174603186,3581.5337900000004,1.2807387738292997,0.8402256654755277
2025-05-31,11884,IPAR,INTERPARFUMS INC,30,0.02,0.24367899999999998,0.35287698412698415,3507.9408000000003,1.3142625391163045,0.806476103467392
2025-05-31,12373,HHH,HOWARD HUGHES HOLDINGS INC,60,0.02,0.022998,0.38343253968253965,3353.44465,1.190711356833239,1.057018169350442
2025-05-31,12570,ITT,I T T INC,20,0.02,0.094915,0.2021031746031746,11094.23536,1.331244800306094,1.197800445566436
2025-05-31,12623,HII,HUNTINGTON INGALLS INDS INC,20,-0.02,-0.029502,-0.40325396825396825,9037.62024,0.3185373315439815,0.8438879792989505
2025-05-31,13046,UI,UBIQUITI INC,45,0.02,0.208808,0.414563492063492,19746.9605,1.3980654711719807,1.1678673647221864
2025-05-31,13318,YELP,YELP INC,50,0.02,0.084327,0.32488095238095244,2258.9766,1.0668582052690119,0.8260528675291623
2025-05-31,13766,BCC,BOISE CASCADE CO,20,0.02,-0.072368,0.20190476190476195,3548.4644799999996,1.4140961451109855,1.0645228814940408
2025-05-31,13788,ZTS,ZOETIS INC,35,0.02,0.07444,0.302718253968254,69763.94039999999,0.8976396083847727,0.6932097035408011
2025-05-31,13802,APAM,ARTISAN PARTNERS ASSET MGMT INC,40,0.02,0.103045,0.3008531746031746,2604.4274399999995,1.64405046268348,1.1404450762519924
2025-05-31,13837,EVTC,EVERTEC INC,40,0.02,0.065177,0.36091269841269835,2173.1103200000002,1.0007704340882904,0.865909819414763
2025-05-31,14436,RARE,ULTRAGENYX PHARMACEUTICALS INC,35,-0.005407465423284209,-0.130745,-0.3039087301587301,3660.3779199999994,0.43437485068035114,0.7959636056862069
2025-05-31,14472,VRNS,VARONIS SYSTEMS INC,45,-0.02,0.109222,-0.3334126984126984,4794.867,0.8972110647528252,1.0510016324568514
2025-05-31,14558,ALLY,ALLY FINANCIAL INC,40,-0.02,0.077847,-0.34890873015873014,10031.029099999998,1.1760839159604866,1.1833309328768475
2025-05-31,14574,MC,MOELIS & CO,40,0.02,0.075088,0.12920634920634919,3974.7251400000005,1.668416657842217,1.3596824042744884
2025-05-31,14593,AAPL,APPLE INC,45,0.02,-0.057414999999999994,0.26869047619047615,3173863.025,1.222690377527217,1.1580691235612879
2025-05-31,14960,ENVA,ENOVA INTERNATIONAL INC,40,0.02,0.00583,0.2494444444444445,2328.4369300000003,1.4694446694584826,1.156854644861616
2025-05-31,15058,SLNO,SOLENO THERAPEUTICS INC,35,-0.02,-0.023928,-0.4064087301587302,3706.99234,-0.7002200579538757,0.16116172497172015
2025-05-31,15303,VKTX,VIKING THERAPEUTICS INC,35,-0.02,-0.075458,-0.5185119047619048,3242.3897,0.755708971662505,0.893059615116416
2025-05-31,15535,OLLI,OLLIES BARGAIN OUTLET HLD INC,25,-0.02,0.046568,-0.25450396825396826,6515.896769999999,0.4358631146934996,0.7773624720967129
2025-05-31,15650,PJT,P J T PARTNERS INC,40,0.02,0.05940000000000001,0.28051587301587305,3301.55958,0.7800512338731919,0.9777719797404633
2025-05-31,16086,HTZ,HERTZ GLOBAL HOLDINGS INC NEW,20,-0.02,-0.043345999999999996,-0.3676388888888889,2100.40314,1.9086554556454285,1.142231681259576
2025-05-31,16318,ELF,E L F BEAUTY INC,30,-0.02,0.81441,-0.42186507936507933,3489.40613,1.2833384242092862,1.3518801347475995
2025-05-31,16434,GOLF,ACUSHNET HOLDINGS CORP,25,0.02,0.026747,0.2532936507936508,3974.0608599999996,0.9132323510189073,0.9633026686711534
2025-05-31,17000,RYTM,RHYTHM PHARMACEUTICALS INC,35,-0.02,-0.062969,-0.2903174603174604,4147.45299,2.4454614478517187,0.8198248821750656
2025-05-31,17332,VCTR,VICTORY CAPITAL HOLDINGS INC,40,0.02,0.078631,0.3766468253968255,3851.95044,1.0712938521444002,1.2513748054968823
2025-05-31,17341,ZS,ZSCALER INC,45,-0.02,0.21523799999999998,-0.3881150793650794,35213.764319999995,1.250152304406614,1.284513644977986
2025-05-31,17959,CRNX,CRINETICS PHARMACEUTICALS INC,35,-0.02,-0.09000999999999999,-0.37964285714285717,3126.2723100000003,0.34342394651364483,0.7503455761380634
2025-05-31,18428,DOW,DOW INC,15,-0.02,-0.074041,-0.3412698412698413,21622.90858,0.9364937747094892,1.0046747176732167
2025-05-31,18770,BBIO,BRIDGEBIO PHARMA INC,35,-0.02,-0.1109,-0.46424603174603174,7283.83516,1.3028468756490137,0.9504154676180888
2025-05-31,18772,AKRO,AKERO THERAPEUTICS INC,35,-0.02,0.08482,-0.4358531746031745,3634.15919,0.3363098814224456,0.8224409115226831
2025-05-31,18776,IMVT,IMMUNOVANT INC,35,-0.02,-0.084252,-0.2873412698412699,2747.3088,0.7821341376971022,0.6656397764855773
2025-05-31,18835,DKNG,DRAFTKINGS INC,25,-0.02,0.074044,-0.45216269841269835,16523.12531,2.0465550570812825,1.3008098240543546
2025-05-31,19201,RVMD,REVOLUTION MEDICINES INC,35,-0.02,-0.028026,-0.3519246031746031,7521.098040000001,1.1766126764062252,0.8366384163510481
2025-05-31,19484,PCVX,VAXCYTE INC,35,-0.02,-0.097228,-0.34617063492063493,4621.173760000001,1.249103016716472,0.8814085039036945
2025-05-31,19488,RNA,AVIDITY BIOSCIENCES INC,35,-0.02,-0.054905999999999996,-0.5375,3935.5656999999997,1.045041459743424,0.9730795878217982
2025-05-31,19506,VERX,VERTEX INC,45,-0.02,-0.015248,-0.2676785714285715,2882.1199699999997,0.8441364173322039,0.7897125069977511
2025-05-31,19561,BA,BOEING CO,20,-0.02,0.127655,-0.5337301587301587,138163.8762,1.398758980491267,1.1652142737228202
2025-05-31,19565,NCNO,NCINO INC NEW,45,-0.02,0.12986399999999998,-0.2949404761904762,2673.5912,0.7368376281885849,1.0606993664437747
2025-05-31,19655,STEP,STEPSTONE GROUP INC,40,-0.009999999999999995,0.15301199999999998,-0.3864087301587301,3838.8176099999996,1.3503909695085192,1.4254669438759622
2025-05-31,19807,VNT,VONTIER CORP,45,0.02,0.120103,0.2431746031746032,4718.0592,1.2390207733974818,1.0305577369788546
2025-05-31,20067,SOFI,SOFI TECHNOLOGIES INC,40,-0.02,0.059393,-0.6018849206349206,13828.09113,2.330916635750706,1.785186800406265
2025-05-31,20583,EXE,EXPAND ENERGY CORP,10,-0.02,0.119585,-0.2578968253968254,24726.0181,0.4502819914571776,0.5730751475479899
2025-05-31,21352,FA,FIRST ADVANTAGE CORP,20,-0.02,0.210427,-0.3251190476190476,2448.3663,1.1836784676074426,0.9293100408219687
2025-05-31,21359,MCW,MISTER CAR WASH INC,25,0.015404096059644531,0.028313,0.2513492063492064,2228.31322,1.582728985354696,0.9722261993779113
2025-05-31,21573,IP,INTERNATIONAL PAPER CO,15,-0.02,0.053026000000000004,-0.24805555555555553,24113.375679999997,0.9952617332162123,0.8222128153716105
2025-05-31,21747,NUVL,NUVALENT INC,35,-0.02,-0.03164,-0.3013690476190476,5094.2045,1.497272232046828,0.7606763358387711
2025-05-31,21903,SLVM,SYLVAMO CORP,15,0.02,-0.115297,0.4041666666666667,2427.7264,1.0548490091824338,0.7506358790269866
2025-05-31,21927,DJT,TRUMP MEDIA & TECH GRP CORP,50,-0.02,-0.13456400000000002,-0.4088095238095238,5414.088419999999,2.2537814727116396,0.6940212731829956
2025-05-31,22758,ACLX,ARCELLX INC,35,-0.02,-0.048253000000000004,-0.48640873015873015,3576.9913500000002,0.30529311598192155,0.662187803217331
2025-05-31,24328,EQT,E Q T CORP,10,-0.02,0.11458700000000001,-0.12208333333333334,29596.069439999996,0.5825272543119019,0.7185526937798044
2025-05-31,27422,CLF,CLEVELAND CLIFFS INC NEW,15,-0.02,-0.296233,-0.5577380952380953,4074.5564000000004,2.0563665075021746,1.5890740617389516
2025-05-31,39538,MAT,MATTEL INC,25,0.02,0.188188,0.22456349206349208,5131.087570000001,0.6456462602421776,1.0446578914838704
2025-05-31,46463,GFF,GRIFFON CORP,20,0.02,0.008282,0.2634722222222222,3237.2683,1.2039152493287635,1.1800181894089872
2025-05-31,46690,CBT,CABOT CORP,15,0.02,-0.047047000000000005,0.31289682539682534,4258.51734,0.9281109238144292,1.022698649446969
2025-05-31,47941,TGNA,TEGNA INC,50,0.02,0.026434,0.46301587301587305,2608.40445,0.38135758110313256,0.6630355133186979
2025-05-31,56223,LPX,LOUISIANA PACIFIC CORP,15,0.02,0.042980000000000004,0.34275793650793657,6010.8873300000005,1.9189284232860784,1.154438083588388
2025-05-31,61146,PAR,PAR TECHNOLOGY CORP,45,-0.004592534576715155,0.11884600000000001,-0.3251190476190477,2365.0831999999996,1.8911362238005498,1.3054638012886532
2025-05-31,62092,TMO,THERMO FISHER SCIENTIFIC INC,35,0.02,-0.064783,0.16585317460317459,161944.068,0.7974674264667226,0.708396735139356
2025-05-31,64995,KEY,KEYCORP NEW,40,-0.02,0.078878,-0.2586309523809524,16260.44028,1.1239888293160496,1.0555884449879336
2025-05-31,65700,USLM,UNITED STATES LIME MINERALS INC,15,0.02,0.09601900000000001,0.3631349206349207,2677.47183,0.9654422467452779,1.0303187883814109
2025-05-31,75510,ADBE,ADOBE INC,45,0.02,0.10320900000000001,0.3668253968253968,159816.476,1.4596548411429575,1.1747463236284184
2025-05-31,76644,X,UNITED STATES STEEL CORP NEW,15,-0.02,0.229005,-0.3008730158730159,9896.162550000001,1.7983126318318896,0.9864897597568798
2025-05-31,76661,IONS,IONIS PHARMACEUTICALS INC,35,-0.02,0.087419,-0.4590873015873016,4887.77289,0.1776328383005259,0.7023658080470258
2025-05-31,76721,CRVL,CORVEL CORP,35,0.02,0.019321,0.3680753968253968,5585.9136,1.1122981946325057,0.7494209662704939
2025-05-31,77274,GILD,GILEAD SCIENCES INC,35,0.02,0.02947,0.3576190476190476,132528.19566000003,0.21970659146354515,0.362751317903936
2025-05-31,77520,AGCO,A G C O CORP,20,-0.02,0.15442799999999998,-0.2950793650793651,6326.79106,1.1966932353959892,1.0581508087817646
2025-05-31,79637,UHS,UNIVERSAL HEALTH SERVICES INC,35,0.015407465423284205,0.071242,0.11599206349206345,10261.56064,1.2026734797051761,0.803005263608565
2025-05-31,79668,BDC,BELDEN INC NEW,45,0.02,0.026211,0.21825396825396823,4099.34427,1.2519207548865978,1.1371990981223428
2025-05-31,79859,FLG,FLAGSTAR FINANCIAL INC,40,-0.02,-0.019982,-0.36676587301587293,4860.5165400000005,1.1561970452761543,1.0368817042433813
2025-05-31,79864,VSEC,V S E CORP,20,-0.02,0.13317199999999998,-0.38551587301587303,2367.1284,1.3569996247725595,1.1633059179734047
2025-05-31,80128,VMI,VALMONT INDUSTRIES INC,20,0.02,0.080889,0.29944444444444446,5885.218620000001,1.1087377897596085,1.150395178154736
2025-05-31,81736,RMD,RESMED INC,35,0.02,0.03315800000000001,0.14525793650793653,34690.48193,0.789234117846359,0.7616677016027318
2025-05-31,82307,DVA,DAVITA INC,35,0.02,-0.041129,0.3161111111111112,10879.95765,1.1265349232611193,0.5573349221988765
2025-05-31,82581,HSIC,SCHEIN HENRY INC,35,0.02,0.073509,0.24926587301587302,7908.1484,0.8488018695945397,0.6434370840246678
2025-05-31,82702,AMRX,AMNEAL PHARMACEUTICALS INC,35,0.02,-0.048143000000000005,0.3016468253968254,2400.7972,1.1223216302586603,0.7025377914373191
2025-05-31,82800,SCCO,SOUTHERN COPPER CORP,15,0.02,0.029709999999999997,0.28746031746031747,71274.30215999999,1.028552247647639,1.0198724410632294
2025-05-31,83601,WOR,WORTHINGTON ENTERPRISES INC,20,0.02,0.15978199999999998,0.26998015873015874,2527.2977100000003,1.174501582872259,1.0846931065553427
2025-05-31,84761,TTWO,TAKE TWO INTERACTIVE SOFTWR INC,50,-0.02,-0.03393,-0.22345238095238096,41320.971999999994,1.0698926758291536,0.6842848585706065
2025-05-31,85488,OSIS,O S I SYSTEMS INC,45,-0.02,0.06643,-0.22511904761904764,3437.3798600000005,1.2488260145769012,1.0399434434932717
2025-05-31,85593,AMG,AFFILIATED MANAGERS GROUP INC,40,0.02,0.058911000000000005,0.31307539682539687,4767.49392,1.0465889137855078,1.0171183742013246
2025-05-31,85621,MTD,METTLER TOLEDO INTERNATIONAL INC,35,0.02,0.07559300000000001,0.24686507936507932,22311.74937,1.3348086329847109,1.1790452289129896
2025-05-31,85863,COLM,COLUMBIA SPORTSWEAR CO,25,0.02,0.026881,0.2617261904761904,3403.43448,0.9665948556758985,0.9369484426670026
2025-05-31,86594,KFY,KORN FERRY,20,0.02,0.098512,0.3079761904761905,3186.5582000000004,1.4428446211655308,0.9015533888982247
2025-05-31,87430,KTOS,KRATOS DEFENSE & SECUR SOLS INC,20,-0.02,0.088148,-0.3918253968253968,5180.895964999999,1.0947816106007047,1.092083779075089
2025-05-31,88159,EXEL,EXELIXIS INC,35,0.02,0.09560400000000001,0.44440476190476186,10767.54195,0.2333766416680028,0.48607080182481904
2025-05-31,89297,CCOI,COGENT COMMUNICATIONS HLDS INC,50,-0.02,-0.14422000000000001,-0.3069444444444444,2681.4659500000002,0.7075716659299186,0.6833241347261274
2025-05-31,89301,GME,GAMESTOP CORP NEW,25,-0.02,0.065877,-0.45952380952380956,12461.805859999999,1.752434892921734,1.1048380971440734
2025-05-31,89916,NXST,NEXSTAR MEDIA GROUP INC,50,0.02,0.147111,0.46174603174603174,4518.0857399999995,1.0667933891789367,0.9211316122108639
2025-05-31,90126,CYTK,CYTOKINETICS INC,35,-0.02,-0.279667,-0.30799603174603174,5107.384800000001,0.8552798099087469,0.5537454951959312
2025-05-31,90319,GOOGL,ALPHABET INC,50,0.02,0.077729,0.3168849206349207,924216.0000000001,0.9457522682459348,1.009845814336948
2025-05-31,90436,HALO,HALOZYME THERAPEUTICS INC,35,0.02,-0.090862,0.2983928571428572,7568.23382,1.2642385302642094,0.8196040610325908
2025-05-31,90550,DLB,DOLBY LABORATORIES INC,45,0.009188438517070624,-0.032590999999999995,0.2636706349206349,4700.00874,0.9174965803728408,0.8922290042023201
2025-05-31,90564,PBH,PRESTIGE CONSUMER HEALTHCARE INC,35,0.02,0.050903000000000004,0.3686904761904762,4023.97174,0.42862520913526275,0.42531256434541004
2025-05-31,91234,MWA,MUELLER WATER PRODUCTS INC,20,0.02,-0.06645899999999999,0.24982142857142856,4109.183999999999,1.2197784077365232,1.0742669084257341
2025-05-31,91594,SPR,SPIRIT AEROSYSTEMS HOLDINGS INC,20,-0.02,0.034575999999999996,-0.40920634920634924,4223.484,1.658900961298888,0.6835972943431103
2025-05-31,91611,FSLR,FIRST SOLAR INC,45,-0.02,0.252641,-0.2982738095238095,13493.440079999998,1.492392497732183,1.0984955959255611
2025-05-31,91733,AVAV,AEROVIRONMENT INC,20,-0.02,0.171203,-0.47825396825396826,4283.16736,0.836186752496238,1.0876614905335114
2025-05-31,91832,MDGL,MADRIGAL PHARMACEUTICALS INC,35,-0.02,-0.179403,-0.25545634920634924,7413.8037300000005,-0.2711424147347539,0.24901731142410477
2025-05-31,92293,TDC,TERADATA CORP DE,45,0.02,0.017638,0.31083333333333335,2065.1825000000003,0.833090742787665,0.9384987983780028
2025-05-31,92469,SATS,ECHOSTAR CORP,50,-0.02,-0.215056,-0.29384920634920636,3507.5544,0.8317226212120182,1.0649963022531794
2025-05-31,92729,JBTM,J B T MAREL CORP,20,-0.02,0.087892,-0.276468253968254,5469.835900000001,1.242989077121383,1.1222900342468771
2025-06-30,10032,PLXS,PLEXUS CORP,45,0.02,0.027446,0.3819436345966958,3555.8333999999995,0.8044042406103632,0.9696838981056094
2025-06-30,10693,EHC,ENCOMPASS HEALTH CORP,35,0.02,0.0109,0.3302040816326531,12186.3573,0.8586234872908532,0.5839569206223717
2025-06-30,11691,MATX,MATSON INC,20,0.02,-0.016701,0.30517006802721086,3683.9882500000003,1.3023442990129952,0.9877846141898643
2025-06-30,12373,HHH,HOWARD HUGHES HOLDINGS INC,60,0.019999999999999376,-0.015267000000000001,0.21179786200194362,3442.20921,1.2151350789397566,1.047317670130634
2025-06-30,12623,HII,HUNTINGTON INGALLS INDS INC,20,-0.02,0.07908000000000001,-0.2424684159378037,8752.65134,0.2895271977726342,0.7708075583065777
2025-06-30,13046,UI,UBIQUITI INC,45,0.02,0.037978,0.2942468415937804,23911.487390000002,1.423096056693675,1.2211339696199475
2025-06-30,13318,YELP,YELP INC,50,0.009999999999999995,-0.105583,0.28410106899902815,2436.8491400000003,1.1021916649591401,0.8183240103623239
2025-06-30,13730,PBF,P B F ENERGY INC,10,-0.02,0.134124,-0.337220602526725,2203.07535,0.9054986109837767,0.7366538986331381
2025-06-30,13748,TPH,TRI POINTE HOMES INC,25,0.010000000000000009,0.080377,0.28419825072886296,2672.9516,1.1936618056733401,0.9054340721154042
2025-06-30,13802,APAM,ARTISAN PARTNERS ASSET MGMT INC,40,0.02,0.09659100000000001,0.25086491739552963,2838.2483999999995,1.672728583554307,1.1442670995042787
2025-06-30,13837,EVTC,EVERTEC INC,40,0.02,-0.008377,0.37481049562682217,2318.72,0.9707011177762632,0.8319109760436272
2025-06-30,13862,TMHC,TAYLOR MORRISON HOME CORP,25,0.02,0.08792,0.2904956268221574,5648.71104,1.508474601857752,0.951010140310314
2025-06-30,13967,PTCT,P T C THERAPEUTICS INC,35,0.02,0.003186,0.27869776482021374,3845.5496400000006,0.5299435968423253,0.9211775788028013
2025-06-30,14558,ALLY,ALLY FINANCIAL INC,40,-0.02,0.109448,-0.3460252672497571,10751.125,1.1782072370254888,1.1844301696708517
2025-06-30,14574,MC,MOELIS & CO,40,0.013772628120460928,0.08781900000000001,0.13067055393586005,4236.591130000001,1.6437018629985602,1.3882049027967476
2025-06-30,14593,AAPL,APPLE INC,45,0.02,0.0181,0.26938775510204077,2999860.6520999996,1.1671081171877573,1.1565644592788864
2025-06-30,14813,MARA,MARA HOLDINGS INC,45,-0.016811407033151614,0.107073,-0.7662390670553936,4969.22336,6.984330479926345,2.153936198555046
2025-06-30,14960,ENVA,ENOVA INTERNATIONAL INC,40,0.02,0.200001,0.3280272108843537,2350.7598900000003,1.5023455632245837,1.1440641249422847
2025-06-30,14970,HUBS,HUBSPOT INC,45,-0.02,-0.059808,-0.3705150631681244,31110.1462,1.7726597492112104,1.3174933214524294
2025-06-30,15058,SLNO,SOLENO THERAPEUTICS INC,35,-0.02,0.138786,-0.29856171039844515,3696.3998999999994,-0.7405529431122382,0.15265689670843482
2025-06-30,15284,BPMC,BLUEPRINT MEDICINES CORP,35,-0.02,0.261317,-0.5682215743440233,6545.385699999999,0.8853632277879867,0.9321848205581162
2025-06-30,15293,NEXT,NEXTDECADE CORP,10,-0.02,0.072678,-0.41082604470359574,2160.03672,1.2402042513347018,0.8369588935401687
2025-06-30,15303,VKTX,VIKING THERAPEUTICS INC,35,-0.02,-0.014603000000000001,-0.4696793002915452,3009.9080000000004,0.6419801247244196,0.8796018503072838
2025-06-30,15535,OLLI,OLLIES BARGAIN OUTLET HLD INC,25,-0.02,0.179005,-0.2779980563654033,6836.45445,0.3369429799401113,0.7652833428735883
2025-06-30,16086,HTZ,HERTZ GLOBAL HOLDINGS INC NEW,20,-0.02,0.039339,-0.4044120505344995,2025.9870499999997,2.208511915544382,1.0596820225526997
2025-06-30,16738,AM,ANTERO MIDSTREAM CORP,10,0.009999999999999995,0.005642999999999999,0.39819241982507286,8999.732820000001,1.0321997648389827,0.5998214366074812
2025-06-30,16771,MGY,MAGNOLIA OIL & GAS CORP,10,0.02,0.042172,0.31912536443148687,4019.4035000000003,1.3356003428123506,0.8210576451430409
2025-06-30,17104,APLS,APELLIS PHARMACEUTICALS INC,35,-0.02,0.019036,-0.3550048590864918,2127.79626,0.6808946881826706,0.677357667373493
2025-06-30,17223,ADT,A D T INC,25,0.02,0.021423,0.3566180758017493,6504.29312,1.2087463933061564,0.7341770040283881
2025-06-30,17332,VCTR,VICTORY CAPITAL HOLDINGS INC,40,0.02,0.031445999999999995,0.29339164237123416,4169.30436,1.059519127050659,1.2233701541293562
2025-06-30,17341,ZS,ZSCALER INC,45,-0.02,0.135292,-0.44460641399416906,42925.3872,1.1719330541119166,1.2669513587031072
2025-06-30,17959,CRNX,CRINETICS PHARMACEUTICALS INC,35,-0.02,-0.060767,-0.4245092322643342,2858.1768,0.3141410014183325,0.7849941986444744
2025-06-30,18770,BBIO,BRIDGEBIO PHARMA INC,35,-0.010000000000000002,0.257321,-0.43926141885325565,6503.42425,1.2674363244723077,0.9056736738394808
2025-06-30,18772,AKRO,AKERO THERAPEUTICS INC,35,-0.02,0.071314,-0.4273080660835763,3957.9987,0.28360539321716766,0.7533415327765438
2025-06-30,18835,DKNG,DRAFTKINGS INC,25,-0.02,0.191964,-0.42532555879494655,17806.741680000003,1.7222242926870472,1.2550688622968476
2025-06-30,19201,RVMD,REVOLUTION MEDICINES INC,35,-0.02,-0.06965299999999999,-0.4257142857142857,7338.959199999999,1.1661994590949714,0.8627416614785907
2025-06-30,19484,PCVX,VAXCYTE INC,35,-0.02,-0.0027930000000000003,-0.43379980563654025,4191.33996,1.1813632431808818,0.886137017510545
2025-06-30,19488,RNA,AVIDITY BIOSCIENCES INC,35,-0.02,-0.086689,-0.6472886297376094,3734.26724,0.9963021202218211,0.9812544131923898
2025-06-30,19506,VERX,VERTEX INC,45,-0.02,-0.11043499999999999,-0.1922837706511176,2849.23785,0.8148157002125536,0.767450773722442
2025-06-30,19561,BA,BOEING CO,20,-0.02,0.007250999999999999,-0.4407968901846453,156320.3166,1.4286716405766053,1.1028779358231016
2025-06-30,19565,NCNO,NCINO INC NEW,45,-0.02,0.060089,-0.2895821185617104,3049.2745999999997,0.7785387298355929,1.0464647238206697
2025-06-30,19655,STEP,STEPSTONE GROUP INC,40,-0.02,-0.032631,-0.4593391642371234,4440.62385,1.3748807344008944,1.383438844195225
2025-06-30,20067,SOFI,SOFI TECHNOLOGIES INC,40,-0.02,0.365764,-0.5608357628765792,14701.327900000002,2.288932309257632,1.754002758711052
2025-06-30,20583,EXE,EXPAND ENERGY CORP,10,-0.02,0.003566,-0.24901846452866863,27636.50127,0.4858200457696556,0.5560710795715266
2025-06-30,20930,SOC,SABLE OFFSHORE CORP,10,-0.02,-0.239684,-0.4021963070942662,2823.57702,0.6814179560790378,0.9308581797970636
2025-06-30,21352,FA,FIRST ADVANTAGE CORP,20,-0.02,-0.033199,-0.3240621963070942,2973.2988800000003,1.2582632115719403,1.043897206752155
2025-06-30,21415,S,SENTINELONE INC,45,-0.013188592966847767,0.034637999999999995,-0.34870748299319726,5605.9673999999995,0.8380797689026536,1.304957584335439
2025-06-30,21573,IP,INTERNATIONAL PAPER CO,15,-0.02,-0.023906999999999998,-0.2962487852283771,25238.994620000005,1.0072699319389111,0.8135369564642517
2025-06-30,21619,OKLO,OKLO INC,55,-0.02,0.058616999999999995,-0.47317784256559764,7338.887600000001,0.7183179708998189,1.291228899734855
2025-06-30,21927,DJT,TRUMP MEDIA & TECH GRP CORP,50,-0.02,-0.157652,-0.4374149659863945,4705.93125,2.0872151841132514,0.6624360182550533
2025-06-30,22758,ACLX,ARCELLX INC,35,-0.02,0.057661,-0.4469582118561711,3419.94042,0.23829319836779905,0.6746686257357549
2025-06-30,27422,CLF,CLEVELAND CLIFFS INC NEW,15,-0.02,0.300193,-0.5817103984450923,2883.84448,1.8726509557646351,1.5791400016547419
2025-06-30,40125,DXC,D X C TECHNOLOGY CO,45,0.02,0.002512,0.3087463556851312,2755.2432,1.2378444296240008,1.0429913563885518
2025-06-30,46463,GFF,GRIFFON CORP,20,0.02,0.049246,0.18279883381924192,3233.0375000000004,1.1908785721141872,1.1534396402682072
2025-06-30,49429,DDS,DILLARDS INC,25,0.02,0.052294999999999994,0.3194752186588921,4637.79022,1.0871954313705987,0.9725540451914255
2025-06-30,56223,LPX,LOUISIANA PACIFIC CORP,15,0.02,-0.048707,0.30134110787172014,6267.881229999999,1.8629140132510293,0.9537138326736585
2025-06-30,62092,TMO,THERMO FISHER SCIENTIFIC INC,35,0.02,0.0042190000000000005,0.15772594752186592,152062.13308,0.7553445018789062,0.7567432766284006
2025-06-30,65700,USLM,UNITED STATES LIME MINERALS INC,15,0.02,-0.032403,0.3575510204081632,2942.89974,1.0193582563548134,1.0109211374539033
2025-06-30,68196,SEIC,S E I INVESTMENTS CO,40,0.02,0.056652999999999995,0.3576287657920311,10613.76162,0.8851287022985976,0.9005707172111388
2025-06-30,75510,ADBE,ADOBE INC,45,0.02,-0.07136999999999999,0.3617103984450924,177243.43,1.4610284960927453,1.1405343580622052
2025-06-30,75603,CRUS,CIRRUS LOGIC INC,45,0.02,0.056524,0.2985034013605442,5071.4416,0.9142559904948625,1.171283746974276
2025-06-30,76573,MLI,MUELLER INDUSTRIES INC,20,0.02,0.020434,0.2697181729834791,8616.3155,1.0134553493201788,1.0051498725143093
2025-06-30,76644,X,UNITED STATES STEEL CORP NEW,15,-0.02,0.018516,-0.4027405247813411,12185.87058,1.858329958237422,1.0041225490907475
2025-06-30,76661,IONS,IONIS PHARMACEUTICALS INC,35,-0.02,0.175642,-0.43039844509232267,5333.418089999999,0.20587276312090158,0.7007271998111064
2025-06-30,76721,CRVL,CORVEL CORP,35,0.02,-0.07970999999999999,0.33084548104956263,5713.8257699999995,1.0184005521141313,0.6883476712228802
2025-06-30,76804,MTG,M G I C INVESTMENT CORP WIS,40,0.01622737187953908,0.049143,0.4033624878522838,6280.2086500000005,0.8788836935224649,0.748642746497651
2025-06-30,77584,BKE,BUCKLE INC,25,0.02,0.060895,0.3612244897959185,2179.88499,1.1513027495535142,0.7902219792865536
2025-06-30,79668,BDC,BELDEN INC NEW,45,0.02,0.087479,0.3152769679300291,4194.5814,1.2567327923189722,1.090463661419587
2025-06-30,79859,FLG,FLAGSTAR FINANCIAL INC,40,-0.02,-0.08248799999999999,-0.2870165208940719,4781.7216,1.1632599197813154,0.8642890298616732
2025-06-30,80128,VMI,VALMONT INDUSTRIES INC,20,0.02,0.025503,0.31321671525753164,6383.380840000001,1.1423904356433776,1.0321212649551086
2025-06-30,81282,ACIW,A C I WORLDWIDE INC,45,0.02,-0.010975,0.364178814382896,4852.674,1.0585121642574569,0.9997672720400387
2025-06-30,81736,RMD,RESMED INC,35,0.02,0.050556,0.2729834791059281,35892.82333,0.7853038476098071,0.7468044940842133
2025-06-30,82307,DVA,DAVITA INC,35,0.02,0.042019,0.26017492711370255,10287.63,1.0975888856740816,0.5202860315963238
2025-06-30,82702,AMRX,AMNEAL PHARMACEUTICALS INC,35,0.02,0.10178200000000001,0.25451895043731776,2294.2344000000003,0.9862012014261189,0.6820069583436931
2025-06-30,82800,SCCO,SOUTHERN COPPER CORP,15,0.02,0.10945,0.3457531584062196,73097.82187999999,0.9927679599150868,0.9486187933679966
2025-06-30,83779,PEGA,PEGASYSTEMS INC,45,0.02,0.099597,0.2549854227405247,8354.42985,1.1521292648970365,1.4761300248150448
2025-06-30,84761,TTWO,TAKE TWO INTERACTIVE SOFTWR INC,50,-0.02,0.069819,-0.29463556851311956,40147.729,1.010954698313711,0.7053436175066015
2025-06-30,85002,SRPT,SAREPTA THERAPEUTICS INC,35,-0.02,-0.5486219999999999,-0.3902818270165209,3695.2152,0.6189399801313604,0.7860077597198536
2025-06-30,85621,MTD,METTLER TOLEDO INTERNATIONAL INC,35,0.02,0.013206999999999998,0.057395529640427594,24015.172160000002,1.3226072773543383,1.0846133436470484
2025-06-30,86594,KFY,KORN FERRY,20,0.02,0.074815,0.3018464528668611,3512.44446,1.4563199757671583,0.8799041982563713
2025-06-30,87056,BMRN,BIOMARIN PHARMACEUTICAL INC,35,0.02,-0.056793,0.2970068027210884,11136.43232,0.17627646598797048,0.5533936101387319
2025-06-30,87430,KTOS,KRATOS DEFENSE & SECUR SOLS INC,20,-0.02,0.25574,-0.42031098153547136,5660.51227,1.0448818493172287,1.0513833875227634
2025-06-30,88159,EXEL,EXELIXIS INC,35,0.02,0.020638,0.4011078717201166,11737.352320000002,0.26742764954274534,0.567396054512628
2025-06-30,88351,INSM,INSMED INC,35,-0.02,0.439872,-0.4477162293488824,12700.55247,0.8319355713986758,0.49018340013032424
2025-06-30,89297,CCOI,COGENT COMMUNICATIONS HLDS INC,50,-0.02,0.051283999999999996,-0.3206025267249757,2255.1942700000004,0.676580942166181,0.7256574632578093
2025-06-30,89301,GME,GAMESTOP CORP NEW,25,-0.02,-0.184953,-0.40299319727891164,13329.5698,1.8595133579188166,0.7029091205698881
2025-06-30,89455,RUSHA,RUSH ENTERPRISES INC,20,0.02,0.034053,0.2924586977648203,3038.3813999999998,0.8974900467592928,0.8619530341068273
2025-06-30,89792,CVCO,CAVCO INDUSTRIES INC DEL,25,0.02,-0.0014830000000000002,0.2729834791059281,3478.2990900000004,1.1545577958348934,0.9803190267984466
2025-06-30,89971,SGI,SOMNIGROUP INTERNATIONAL INC,25,-0.02,0.042549,-0.30062196307094263,13570.5401,1.2848118622541276,1.0561044819348433
2025-06-30,90126,CYTK,CYTOKINETICS INC,35,-0.02,0.061709999999999994,-0.3713702623906706,3704.62554,0.6237734099064779,0.5441286469056823
2025-06-30,90319,GOOGL,ALPHABET INC,50,0.02,0.023959,0.24406219630709422,999526.8,0.9487974966710415,1.0362187143198647
2025-06-30,90436,HALO,HALOZYME THERAPEUTICS INC,35,0.02,-0.07564,0.16623906705539357,6909.00147,1.2003838116947032,0.9046176508010115
2025-06-30,90564,PBH,PRESTIGE CONSUMER HEALTHCARE INC,35,0.02,-0.07134399999999999,0.29148688046647236,4233.38305,0.4330547487290111,0.4126759221188567
2025-06-30,91516,AWI,ARMSTRONG WORLD INDS INC NEW,20,0.02,0.040348999999999996,0.3451700680272109,6758.54401,1.365903426543485,0.7603843501437993
2025-06-30,91594,SPR,SPIRIT AEROSYSTEMS HOLDINGS INC,20,-0.02,0.01719,-0.1790476190476191,4385.384220000001,1.6709694172596214,0.622105228946191
2025-06-30,91606,CPRX,CATALYST PHARMACEUTICALS INC,35,0.02,-0.134018,0.2934305150631681,3044.496,0.7349716989515714,0.7451295713141747
2025-06-30,91611,FSLR,FIRST SOLAR INC,45,-0.02,0.043781999999999995,-0.33366375121477165,16953.131520000003,1.5595528439244124,1.0987953533873946
2025-06-30,91733,AVAV,AEROVIRONMENT INC,20,-0.02,0.597164,-0.4568513119533527,5032.5520400000005,0.8378695148073653,1.0569330406229065
2025-06-30,91832,MDGL,MADRIGAL PHARMACEUTICALS INC,35,-0.02,0.09606100000000001,-0.22485908649173952,6111.59778,-0.46605553181179554,0.2418124271256872
2025-06-30,92089,GRBK,GREEN BRICK PARTNERS INC,25,0.02,0.072382,0.25760932944606413,2567.4747,1.8059091726907663,0.9911513067438434
2025-06-30,92245,AROC,ARCHROCK INC,10,0.02,-0.00622,0.24324586977648202,4402.5441,1.1182433855143226,1.0227524711891258
2025-06-30,92326,CVI,C V R ENERGY,10,-0.02,0.144517,-0.3337026239067056,2351.42009,1.1589225968035006,0.8197504278547397
2025-06-30,92469,SATS,ECHOSTAR CORP,50,-0.02,0.558915,-0.43838678328474234,2766.4119,0.7510768610523993,1.0420080188674758
2025-07-31,10032,PLXS,PLEXUS CORP,45,0.02,-0.061187,0.3908105615127407,3651.34035,0.7919520546856239,0.947969429301472
2025-07-31,10693,EHC,ENCOMPASS HEALTH CORP,35,0.02,-0.104296,0.34488258580268266,12360.73611,0.8665858287592154,0.5584669050862034
2025-07-31,11691,MATX,MATSON INC,20,0.02,-0.04451,0.42497790076482567,3635.02075,1.2783115334481057,0.9373055224693254
2025-07-31,12623,HII,HUNTINGTON INGALLS INDS INC,20,-0.02,0.151423,-0.2861370536915331,9474.64894,0.3211547737109656,0.7355011410725599
2025-07-31,13046,UI,UBIQUITI INC,45,0.02,0.054397,0.3466889580691034,24901.12015,1.4222359326986735,1.2140462022780176
2025-07-31,13318,YELP,YELP INC,50,0.02,0.0012010000000000002,0.4114493254929091,2187.8653400000003,1.053282233135568,0.787548038706954
2025-07-31,13730,PBF,P B F ENERGY INC,10,-0.02,0.039449,-0.34117375763864866,2506.0704900000005,0.9337249398712011,0.6779809841826376
2025-07-31,13802,APAM,ARTISAN PARTNERS ASSET MGMT INC,40,0.02,0.017285000000000002,0.2892693800684115,3122.0732399999997,1.6684985624474482,1.1292807442372534
2025-07-31,13837,EVTC,EVERTEC INC,40,0.02,-0.0006940000000000002,0.3812021983934817,2307.2,0.9618579555044116,0.8051555751756798
2025-07-31,13967,PTCT,P T C THERAPEUTICS INC,35,0.02,0.063485,0.3797801606518313,3876.8215200000004,0.5246204763501212,0.8765847728269583
2025-07-31,14558,ALLY,ALLY FINANCIAL INC,40,-0.019999999999999366,-0.031709,-0.32414773819132175,11964.466250000001,1.1803280746445133,1.1756214046868394
2025-07-31,14574,MC,MOELIS & CO,40,0.00999999999999937,0.12201300000000001,0.10100311310965067,4623.08456,1.657064656283939,1.3916117139520552
2025-07-31,14593,AAPL,APPLE INC,45,0.02,0.00823,0.30126061724124675,3048153.65274,1.1428024699857136,1.1253601112263552
2025-07-31,14813,MARA,MARA HOLDINGS INC,45,-0.0022579985808951954,0.022042000000000003,-0.7562358276643991,5681.45984,6.892492935722068,2.1977481743094835
2025-07-31,14960,ENVA,ENOVA INTERNATIONAL INC,40,0.02,-0.065878,0.2562934778431146,2828.92784,1.5321699130507074,1.1370491331186716
2025-07-31,15058,SLNO,SOLENO THERAPEUTICS INC,35,-0.02,0.02864,-0.34693877551020413,4225.61186,-0.6633317951118685,0.136531668128135
2025-07-31,15284,BPMC,BLUEPRINT MEDICINES CORP,35,-0.02,0.0029289999999999997,-0.6202390560744071,8278.12076,0.9271467690924677,1.0235081377421096
2025-07-31,15293,NEXT,NEXTDECADE CORP,10,-0.02,0.27150399999999997,-0.42795649333179614,2324.6189999999997,1.1922258403017354,0.8014700166078527
2025-07-31,15303,VKTX,VIKING THERAPEUTICS INC,35,-0.02,0.225589,-0.4937161305200046,2976.745,0.6202335391440829,0.8621643840422105
2025-07-31,15535,OLLI,OLLIES BARGAIN OUTLET HLD INC,25,-0.02,0.033336000000000005,-0.24309158691725277,8083.51698,0.37564012132134134,0.7245304267193942
2025-07-31,15623,HLI,HOULIHAN LOKEY INC,40,0.02,0.056049,0.3505323033168069,9679.510499999999,0.822312881566535,0.8568030443838635
2025-07-31,16086,HTZ,HERTZ GLOBAL HOLDINGS INC NEW,20,-0.02,-0.064961,-0.3930204850301703,2116.59651,2.128152432537347,0.9792455057838859
2025-07-31,16680,QXO,Q X O INC,20,-0.02,-0.072177,-0.29553403282216845,14438.972819999999,2.609144343478932,0.7515490496865989
2025-07-31,16738,AM,ANTERO MIDSTREAM CORP,10,0.02,-0.022275999999999997,0.3992659210576886,9081.20005,1.011349353668375,0.5827658983126555
2025-07-31,16771,MGY,MAGNOLIA OIL & GAS CORP,10,0.009999999999999995,0.056141,0.316883815673162,4202.613520000001,1.3199006608415111,0.773414910462937
2025-07-31,17104,APLS,APELLIS PHARMACEUTICALS INC,35,-0.02,0.28711499999999995,-0.36331142626542146,2184.29697,0.6808124139118884,0.6921883540685736
2025-07-31,17332,VCTR,VICTORY CAPITAL HOLDINGS INC,40,0.02,0.078831,0.3089088742841769,4261.17842,1.0503439368378122,1.1873659146390994
2025-07-31,17341,ZS,ZSCALER INC,45,-0.02,-0.09386699999999999,-0.43010876667051,48879.20224,1.1823491111248678,1.3000347517851083
2025-07-31,17959,CRNX,CRINETICS PHARMACEUTICALS INC,35,-0.02,-0.009379,-0.4011683769553019,2707.0637600000005,0.2834313448220778,0.7732611821281742
2025-07-31,18428,DOW,DOW INC,15,-0.02,-0.123936,-0.3370998116760829,18717.70576,0.8534799125361392,0.9869303027725028
2025-07-31,18726,CRWD,CROWDSTRIKE HOLDINGS INC,45,-0.02,-0.110947,-0.487835812291018,126944.49888,1.2022586050151454,1.4122694046396365
2025-07-31,18770,BBIO,BRIDGEBIO PHARMA INC,35,-0.02,0.091252,-0.5015181213728429,8254.41834,1.3112309091540955,0.872581791011636
2025-07-31,18772,AKRO,AKERO THERAPEUTICS INC,35,-0.02,-0.087988,-0.39159844728851995,4264.47784,0.29524338736365363,0.7235664118909421
2025-07-31,18776,IMVT,IMMUNOVANT INC,35,-0.02,0.001532,-0.33187286213920597,2737.104,0.6388365928637667,0.6551975844355787
2025-07-31,18835,DKNG,DRAFTKINGS INC,25,-0.02,0.04666,-0.4801683385218494,21275.62739,1.7741354871171602,1.2667272919466535
2025-07-31,19002,BWIN,BALDWIN INSURANCE GROUP INC,40,-0.02,-0.142921,-0.3083323724970214,3051.45399,1.6345106282127237,1.0418188976300469
2025-07-31,19201,RVMD,REVOLUTION MEDICINES INC,35,-0.010000000000000002,0.009578999999999999,-0.3868326991813675,6876.0877900000005,1.1304239599729708,0.8540395058453241
2025-07-31,19393,BMY,BRISTOL MYERS SQUIBB CO,35,0.02,-0.055480999999999996,0.3722472039663323,94203.89949,0.3492111668965583,0.3311352159243074
2025-07-31,19484,PCVX,VAXCYTE INC,35,-0.02,0.040826,-0.4163880241362082,4220.31816,1.144790628246897,0.8782998430237361
2025-07-31,19488,RNA,AVIDITY BIOSCIENCES INC,35,-0.02,0.28913799999999995,-0.6223528959606442,3430.0952,0.9600736200147458,0.8723588641289964
2025-07-31,19506,VERX,VERTEX INC,45,-0.02,-0.064739,-0.2387101733348707,2729.34607,0.7699125827757782,0.7688300708505968
2025-07-31,19561,BA,BOEING CO,20,-0.02,0.055283,-0.5085514431761405,157986.66765,1.3885735378886528,1.097104695804273
2025-07-31,19565,NCNO,NCINO INC NEW,45,-0.013589214581093608,-0.005077,-0.2640762519697144,3242.89774,0.7915753549852235,1.0507906187146767
2025-07-31,19577,RKT,ROCKET COMPANIES INC,40,-0.02,0.03814,-0.5372612321764864,2146.19972,2.3085746135373366,1.0513769609713606
2025-07-31,19655,STEP,STEPSTONE GROUP INC,40,-0.02,0.066082,-0.3987470694492486,4359.6915,1.3405283461906818,1.352654494227342
2025-07-31,20067,SOFI,SOFI TECHNOLOGIES INC,40,-0.02,0.23651,-0.6337868480725624,20275.79703,2.3888451663041366,1.7788440096266787
2025-07-31,20583,EXE,EXPAND ENERGY CORP,10,-0.02,-0.10745299999999999,-0.27883469772089625,27765.88278,0.47089887280537507,0.5488553132695446
2025-07-31,20649,HAYW,HAYWARD HOLDINGS INC,20,0.02,0.111025,0.31048464583573543,2984.7744000000002,1.124314305101987,0.8975690939898152
2025-07-31,20930,SOC,SABLE OFFSHORE CORP,10,-0.02,0.391891,-0.379318959222107,2156.43582,0.5633825623570275,0.9111230708599951
2025-07-31,21415,S,SENTINELONE INC,45,-0.014152786838011196,-0.00018599999999999997,-0.35612437065221575,5819.2552,0.8400542067846017,1.2807100192982714
2025-07-31,21619,OKLO,OKLO INC,55,-0.02,0.364455,-0.4736730850532303,8185.570030000001,0.7006862570319238,1.2695171231236333
2025-07-31,21903,SLVM,SYLVAMO CORP,15,0.02,-0.075957,0.39776701641108414,2040.2223,0.9004321585178744,0.7401635184224716
2025-07-31,21927,DJT,TRUMP MEDIA & TECH GRP CORP,50,-0.02,-0.028412999999999997,-0.432741458165187,5002.6723999999995,1.969848315736314,0.6238885416673902
2025-07-31,22220,NN,NEXTNAV INC,45,-0.02,-0.030442,-0.4326261578077558,2021.8279999999997,1.2253904793030688,0.9145868191046859
2025-07-31,22758,ACLX,ARCELLX INC,35,-0.02,0.080663,-0.39240554979053766,3646.1803499999996,0.2384108553879516,0.6659733284859534
2025-07-31,26403,DIS,DISNEY WALT CO,50,0.02,-0.042981,0.2979553403282217,222938.48146,1.5708698521053706,0.9131069493511581
2025-07-31,27422,CLF,CLEVELAND CLIFFS INC NEW,15,-0.02,0.380743,-0.6142818709404666,3759.3856,1.9301359576674677,1.651259309396312
2025-07-31,40125,DXC,D X C TECHNOLOGY CO,45,0.02,-0.113344,0.3002036972981283,2782.18369,1.2091602546181655,0.9899996795568502
2025-07-31,46463,GFF,GRIFFON CORP,20,0.02,0.119511,0.22116530227910366,3403.2716200000004,1.1767344016655479,1.110953476565821
2025-07-31,49429,DDS,DILLARDS INC,25,0.02,0.114044,0.41290979668703637,4868.13733,1.0956275253365635,0.9287458679866144
2025-07-31,56223,LPX,LOUISIANA PACIFIC CORP,15,0.02,0.047933,0.3341596525615896,5983.95811,1.8173104304301797,0.9206860363460599
2025-07-31,58975,OII,OCEANEERING INTERNATIONAL INC,10,0.02,0.043829,0.2692647680541143,2084.3284,1.5612569537768626,0.9249708857727743
2025-07-31,62092,TMO,THERMO FISHER SCIENTIFIC INC,35,0.02,0.149987,0.19153311041930898,153058.71724,0.7448638192983085,0.7661411623512692
2025-07-31,65700,USLM,UNITED STATES LIME MINERALS INC,15,0.02,-0.005672,0.3333141166070948,2858.272,0.9799392248931625,0.9878412913755776
2025-07-31,68196,SEIC,S E I INVESTMENTS CO,40,0.02,-0.022831999999999998,0.32608862754141205,11115.41242,0.8890155145654938,0.8917519731094719
2025-07-31,75510,ADBE,ADOBE INC,45,0.02,-0.078918,0.2765094738460356,164114.49599999998,1.413314750182106,1.066102523631395
2025-07-31,75603,CRUS,CIRRUS LOGIC INC,45,0.02,-0.037471,0.2954187324647374,5349.74107,0.9352605808683617,1.1846348511978697
2025-07-31,76661,IONS,IONIS PHARMACEUTICALS INC,35,-0.02,0.084358,-0.44594334909104877,6289.8734699999995,0.24923860931636038,0.6930695281019345
2025-07-31,76721,CRVL,CORVEL CORP,35,0.02,-0.141433,0.3892732234136593,5275.1835,0.9768133412462481,0.6785063562476115
2025-07-31,76804,MTG,M G I C INVESTMENT CORP WIS,40,0.02,-0.073152,0.3779930051116492,6610.24608,0.8806754811704509,0.7259185455309689
2025-07-31,77584,BKE,BUCKLE INC,25,0.02,0.093237,0.3632729928129444,2319.9699499999997,1.1400467758604214,0.7519797430451547
2025-07-31,79668,BDC,BELDEN INC NEW,45,0.02,0.064321,0.285502901725662,4573.7526,1.269783631212036,1.0523558796590462
2025-07-31,79859,FLG,FLAGSTAR FINANCIAL INC,40,-0.02,0.061626,-0.36634766901110727,4399.848,1.1285073809846207,0.8108995382024091
2025-07-31,80128,VMI,VALMONT INDUSTRIES INC,20,0.02,0.110994,0.3184788039509589,6554.58647,1.135060672776127,1.0012383650351582
2025-07-31,81282,ACIW,A C I WORLDWIDE INC,45,0.02,-0.076437,0.4548791267919597,4747.69083,1.0456467008141617,0.9767256717078591
2025-07-31,81736,RMD,RESMED INC,35,0.02,0.050563000000000004,0.27147469157154386,37829.766,0.7701761786051075,0.696266977280388
2025-07-31,82702,AMRX,AMNEAL PHARMACEUTICALS INC,35,0.02,-0.036843,0.20198700949306275,2540.60787,1.0048656655336476,0.6727800484348845
2025-07-31,82800,SCCO,SOUTHERN COPPER CORP,15,0.02,-0.072757,0.2565048618317384,81347.55956,1.000093368735195,0.9430590939677151
2025-07-31,83601,WOR,WORTHINGTON ENTERPRISES INC,20,0.02,-0.029709,0.2943041623429033,3176.71788,1.1652201625670457,0.9895868347794194
2025-07-31,83779,PEGA,PEGASYSTEMS INC,45,0.02,0.081763,0.22166493716130514,9261.751260000001,1.1612968989104209,1.474239650660259
2025-07-31,84761,TTWO,TAKE TWO INTERACTIVE SOFTWR INC,50,-0.02,-0.08631799999999999,-0.2334063568930397,44781.54,1.016559766098552,0.7133801578520038
2025-07-31,85072,RL,RALPH LAUREN CORP,25,0.02,0.085747,0.2700142203774165,10612.44176,1.498734529087542,1.134154543804482
2025-07-31,85593,AMG,AFFILIATED MANAGERS GROUP INC,40,0.02,0.063107,0.28279334332603095,5593.97433,1.0852173087984176,0.9872317694058794
2025-07-31,85621,MTD,METTLER TOLEDO INTERNATIONAL INC,35,0.02,0.046723,0.12488950382412849,24414.20576,1.311010401892364,1.0772961069939182
2025-07-31,87056,BMRN,BIOMARIN PHARMACEUTICAL INC,35,0.02,0.048924,0.31651869787463005,10554.34994,0.14379131062169004,0.5591248994838357
2025-07-31,87430,KTOS,KRATOS DEFENSE & SECUR SOLS INC,20,-0.02,0.260256,-0.4974826088627542,7821.1581,1.1200142831544453,1.0663454063427036
2025-07-31,88159,EXEL,EXELIXIS INC,35,0.02,-0.181687,0.40956608632153424,11906.067900000002,0.272655905399495,0.5953363979161519
2025-07-31,88351,INSM,INSMED INC,35,-0.02,0.06251,-0.5418348130212537,21246.21104,0.9282830377689805,0.5864980019537441
2025-07-31,89297,CCOI,COGENT COMMUNICATIONS HLDS INC,50,-0.02,-0.057814,-0.30051116491794455,2374.14966,0.6836079673831724,0.6869803035715564
2025-07-31,89301,GME,GAMESTOP CORP NEW,25,-0.02,-0.083009,-0.23972865982551214,10910.52504,1.7596764072263338,0.450991152688312
2025-07-31,89455,RUSHA,RUSH ENTERPRISES INC,20,0.02,0.04759,0.2958607171682232,3148.44573,0.8955080940038025,0.84292552211836
2025-07-31,90126,CYTK,CYTOKINETICS INC,35,-0.02,0.135757,-0.36561743341404357,3951.71616,0.6166767034522509,0.5290429407061299
2025-07-31,90319,GOOGL,ALPHABET INC,50,0.02,0.08545,0.23538567969560706,1024953.6799999999,0.944857740352823,1.0462846346182038
2025-07-31,90436,HALO,HALOZYME THERAPEUTICS INC,35,0.02,0.149358,0.3115031323263768,6118.6444200000005,1.1535701067288957,0.8725218528088663
2025-07-31,90564,PBH,PRESTIGE CONSUMER HEALTHCARE INC,35,0.02,-0.077357,0.3909642953226488,3945.7877499999995,0.4182273755055959,0.38767291184605496
2025-07-31,91516,AWI,ARMSTRONG WORLD INDS INC NEW,20,0.02,0.154929,0.331392443983243,7054.28188,1.358022269500217,0.7413869195287015
2025-07-31,91594,SPR,SPIRIT AEROSYSTEMS HOLDINGS INC,20,-0.02,0.029297000000000004,-0.2462623467466082,4475.7198499999995,1.6453723273762788,0.5744042672889709
2025-07-31,91606,CPRX,CATALYST PHARMACEUTICALS INC,35,0.02,-0.020519,0.3096775433337177,2655.7762,0.6770732413938013,0.7302642302196025
2025-07-31,91611,FSLR,FIRST SOLAR INC,45,-0.02,0.052047,-0.33198816249663704,17753.66838,1.5452274585019365,1.105554963929728
2025-07-31,91733,AVAV,AEROVIRONMENT INC,20,-0.02,-0.06421600000000001,-0.4144471347861179,13020.22035,0.9803035212300756,1.1458415020276616
2025-07-31,91832,MDGL,MADRIGAL PHARMACEUTICALS INC,35,-0.02,-0.003898,-0.29743648871978173,6724.9634399999995,-0.4388686307983916,0.22679764045258816
2025-07-31,92326,CVI,C V R ENERGY,10,-0.02,-0.0060750000000000005,-0.3174218840078405,2699.2573500000003,1.186088273943786,0.7593767884863618
2025-07-31,92469,SATS,ECHOSTAR CORP,50,-0.02,0.173066,-0.46823475152772975,4329.4823,0.9133438404542408,1.1969436365804622
2025-08-31,10032,PLXS,PLEXUS CORP,45,0.02,0.070783,0.304869605354258,3440.8424999999997,0.7854079182053464,0.9434293047565
2025-08-31,10693,EHC,ENCOMPASS HEALTH CORP,35,0.02,0.10199799999999999,0.2543272559427648,11098.757669999999,0.8441057384290064,0.6040208229501149
2025-08-31,11691,MATX,MATSON INC,20,0.02,-0.026185,0.25259635356565885,3485.8331000000003,1.2169274972097663,1.0007953793086561
2025-08-31,12623,HII,HUNTINGTON INGALLS INDS INC,20,-0.02,-0.027903,-0.20074621124701902,10942.187539999999,0.3397211423212534,0.7635772948912558
2025-08-31,13046,UI,UBIQUITI INC,45,0.02,0.208977,0.32579429186860526,26342.01577,1.4324731460452347,1.2328485495419883
2025-08-31,13318,YELP,YELP INC,50,0.02,-0.08542,0.3989922301715517,2198.08006,1.0449752224192188,0.7875874701090325
2025-08-31,13730,PBF,P B F ENERGY INC,10,-0.02,0.219683,-0.28790676205861987,2613.6222000000002,1.0104786704253164,0.7220253907572695
2025-08-31,13802,APAM,ARTISAN PARTNERS ASSET MGMT INC,40,0.006034921880289171,0.0465,0.23371028540656974,3186.8669999999997,1.6601961818966382,1.134032852383503
2025-08-31,13967,PTCT,P T C THERAPEUTICS INC,35,0.02,-0.057154,0.28413724132625584,4136.38758,0.5682573180264497,0.9050775058224441
2025-08-31,14229,OMF,ONEMAIN HOLDINGS INC,40,0.02,0.086559,0.2685591199323025,6869.4973,1.3269485551333413,1.232128933718387
2025-08-31,14472,VRNS,VARONIS SYSTEMS INC,45,-0.02,0.053333,-0.3337564428032926,6255.58401,0.7962744233912867,0.9099108199166762
2025-08-31,14574,MC,MOELIS & CO,40,0.02,0.033914,0.14435725825063464,5202.84492,1.711149010030995,1.3969460168339496
2025-08-31,14593,AAPL,APPLE INC,45,0.02,0.115845,0.3494691899376875,3080419.7523,1.1085691747903847,1.1286677382781276
2025-08-31,14960,ENVA,ENOVA INTERNATIONAL INC,40,0.02,0.156294,0.26598199861527805,2615.35928,1.5345951354320981,1.1474841127936
2025-08-31,15058,SLNO,SOLENO THERAPEUTICS INC,35,-0.02,-0.221221,-0.3732402492499422,4564.92424,-0.5863252964744923,0.13552187056118534
2025-08-31,15293,NEXT,NEXTDECADE CORP,10,-0.02,-0.060143,-0.44739979998461415,2976.1836799999996,1.341575878554291,0.8460215819542244
2025-08-31,15303,VKTX,VIKING THERAPEUTICS INC,35,-0.02,-0.173286,-0.4604008000615432,3662.33365,0.6699348875996362,0.8174655541319041
2025-08-31,15535,OLLI,OLLIES BARGAIN OUTLET HLD INC,25,-0.02,-0.075458,-0.2009769982306331,8381.02083,0.35986452210264647,0.7524429341833619
2025-08-31,16126,AZZ,A Z Z INC,20,0.02,0.027154,0.3255827371336257,3286.533,1.3118725292957631,1.0025360168404762
2025-08-31,16653,HCC,WARRIOR MET COAL INC,15,-0.02,0.18772,-0.3109854604200323,2700.48142,0.738824623968768,0.5837158353305908
2025-08-31,16680,QXO,Q X O INC,20,-0.02,-0.00031499999999999974,-0.16089699207631356,13446.879979999998,2.544782679678966,0.3118935797150372
2025-08-31,16738,AM,ANTERO MIDSTREAM CORP,10,0.02,-0.034323,0.4454573428725287,8780.49335,0.9749262297317856,0.6227226401037304
2025-08-31,16967,CARG,CARGURUS INC,50,0.02,0.050429999999999996,0.2861373951842449,2791.14408,1.463077572189821,1.1319760585966996
2025-08-31,17104,APLS,APELLIS PHARMACEUTICALS INC,35,-0.02,0.230304,-0.3571813216401261,2821.3186,0.7840279709240238,0.7369527745801927
2025-08-31,17332,VCTR,VICTORY CAPITAL HOLDINGS INC,40,0.02,0.030588,0.20574659589199168,4602.01653,1.0677190644450016,1.2303662717060673
2025-08-31,17959,CRNX,CRINETICS PHARMACEUTICALS INC,35,-0.02,0.08014,-0.414454958073698,2692.49184,0.3627662157257152,0.8026498825870517
2025-08-31,18424,LEVI,LEVI STRAUSS & CO,25,0.02,0.132305,0.25928917609046853,2059.2983400000003,1.2178499668524732,1.1754006334455551
2025-08-31,18428,DOW,DOW INC,15,-0.02,0.068758,-0.4979229171474729,16508.97676,0.8556919364390179,1.126342732068329
2025-08-31,18656,IDYA,IDEAYA BIOSCIENCES INC,35,-0.02,0.0044090000000000015,-0.38641433956458193,2134.0827,0.11759026247302397,0.716220306797377
2025-08-31,18726,CRWD,CROWDSTRIKE HOLDINGS INC,45,-0.02,-0.071715,-0.4148396030463881,114018.42938999999,1.1796849712191866,1.3194351395880222
2025-08-31,18770,BBIO,BRIDGEBIO PHARMA INC,35,-0.02,0.091181,-0.45818909146857445,9036.558630000001,1.392015427114965,0.8897262761050384
2025-08-31,18772,AKRO,AKERO THERAPEUTICS INC,35,-0.02,-0.047203,-0.3503923378721439,3907.4626500000004,0.16690944199732996,0.6768093227913103
2025-08-31,18776,IMVT,IMMUNOVANT INC,35,-0.02,-0.09024800000000001,-0.3110816216632049,2750.7895199999994,0.6769374317303947,0.6778707550996615
2025-08-31,18835,DKNG,DRAFTKINGS INC,25,-0.02,0.06147,-0.4572467112854835,22342.137039999998,1.808412491701817,1.2871179259939904
2025-08-31,18911,DDOG,DATADOG INC,45,-0.009999999999999995,-0.027379999999999998,-0.32129394568812986,45235.796819999996,1.0760112682382696,1.1926253743334387
2025-08-31,19076,ASTS,A S T SPACEMOBILE INC,50,-0.02,-0.083361,-0.5727555965843526,14303.687059999998,2.4742276692739726,1.6321373542972977
2025-08-31,19488,RNA,AVIDITY BIOSCIENCES INC,35,-0.02,0.265059,-0.6510500807754445,4722.85163,0.9981354297591511,0.9115028673553943
2025-08-31,19506,VERX,VERTEX INC,45,-0.02,-0.225391,-0.22047849834602662,2562.1171400000003,0.7872348738913575,0.7802985062400852
2025-08-31,19561,BA,BOEING CO,20,-0.02,0.054075,-0.3522963304869605,167746.09072,1.4625359059129657,1.1168068427661726
2025-08-31,19577,RKT,ROCKET COMPANIES INC,40,-0.02,0.199309,-0.5158858373721055,3762.59842,2.3092759769438573,1.0746792711264528
2025-08-31,19628,IRON,DISC MEDICINE INC,35,-0.0016345228331855616,-0.005729,-0.2902530963920301,2077.61616,0.7513820183326879,0.636915850914116
2025-08-31,19655,STEP,STEPSTONE GROUP INC,40,-0.02,0.046396999999999994,-0.4155704284944996,4662.90608,1.3428991864361388,1.3816008499276886
2025-08-31,20067,SOFI,SOFI TECHNOLOGIES INC,40,-0.008365477166813823,0.127284,-0.5479075313485653,27038.421,2.4102354061227413,1.8008537802133966
2025-08-31,20648,RBLX,ROBLOX CORP,50,-0.02,-0.099603,-0.5298099853834911,86806.45989,1.650082060780904,1.1939985791579597
2025-08-31,20930,SOC,SABLE OFFSHORE CORP,10,-0.02,-0.124118,-0.41960920070774677,3009.00303,0.5968376210924198,0.9406081199956069
2025-08-31,21415,S,SENTINELONE INC,45,-0.02,0.024548,-0.3805677359796907,5838.3556,0.8395941072784514,1.2719700593102155
2025-08-31,21573,IP,INTERNATIONAL PAPER CO,15,-0.02,0.069645,-0.3212362489422263,24674.13948,1.0073349875734947,0.8371057219693973
2025-08-31,21619,OKLO,OKLO INC,55,-0.02,-0.042322000000000005,-0.48076775136548966,11197.22823,0.7336328208663098,1.2842801248099933
2025-08-31,21927,DJT,TRUMP MEDIA & TECH GRP CORP,50,-0.02,-0.007216,-0.42584044926532816,4873.60853,1.960308513649129,0.5985628303533946
2025-08-31,22758,ACLX,ARCELLX INC,35,-0.02,-0.03182,-0.37783675667359035,3952.9356900000002,0.2421891741808397,0.6735233217643206
2025-08-31,25419,WHR,WHIRLPOOL CORP,25,-0.02,0.128782,-0.3634125701977075,4641.43776,1.1208666179888782,1.0895751107321494
2025-08-31,26403,DIS,DISNEY WALT CO,50,0.02,-0.009934,0.32840987768289864,214129.52606,1.5770172532139493,0.9183145300908068
2025-08-31,27422,CLF,CLEVELAND CLIFFS INC NEW,15,-0.02,0.018058,-0.6085852757904454,5204.1914,2.010619338914677,1.751304137864712
2025-08-31,35263,TRMK,TRUSTMARK CORP,40,0.02,0.083712,0.42437879836910536,2248.6707499999998,0.7344200976285897,0.7077246446290304
2025-08-31,37568,FELE,FRANKLIN ELECTRIC INC,20,0.02,0.040769999999999994,0.37475959689206867,4179.36575,1.0860131297411844,0.8679235096038274
2025-08-31,40125,DXC,D X C TECHNOLOGY CO,45,0.02,0.057914,0.2822909454573429,2476.48921,1.1920288553925826,1.0249329463426222
2025-08-31,42439,HNI,H N I CORP,20,0.02,-0.123549,0.4051273174859605,2356.15776,0.9399925649527434,0.6946174664055529
2025-08-31,46463,GFF,GRIFFON CORP,20,0.010000000000000009,-0.064467,0.17982152473267174,3821.8030200000003,1.1313347325843932,1.0973204924628592
2025-08-31,49429,DDS,DILLARDS INC,25,0.02,0.137437,0.3119470728517579,5428.995110000001,1.1660101161017924,0.9535213191776694
2025-08-31,56223,LPX,LOUISIANA PACIFIC CORP,15,0.009999999999999995,0.051141,0.23861450880836993,6291.54149,1.775768456053628,0.9528023389166825
2025-08-31,65700,USLM,UNITED STATES LIME MINERALS INC,15,0.02,0.26133,0.22770982383260252,2851.9712,0.9804284519974874,1.0117425699031142
2025-08-31,68196,SEIC,S E I INVESTMENTS CO,40,0.02,-0.001989,0.3389876144318794,10893.835000000001,0.9201943816721879,0.8943231575455171
2025-08-31,75510,ADBE,ADOBE INC,45,0.02,-0.006573,0.32948688360643136,151732.098,1.4232678739849722,1.08638408565973
2025-08-31,75603,CRUS,CIRRUS LOGIC INC,45,0.02,0.130045,0.29688822217093624,5167.832939999999,0.9131118626197309,1.195670798609933
2025-08-31,76478,ESE,E S C O TECHNOLOGIES INC,20,0.02,0.033417999999999996,0.2880413877990615,5002.1088,1.2003428413204258,1.0010143658893307
2025-08-31,76573,MLI,MUELLER INDUSTRIES INC,20,0.02,0.12000899999999999,0.3276021232402493,9450.54437,1.0155640678841156,0.9806335370463835
2025-08-31,76708,ATGE,ADTALEM GLOBAL EDUCATION INC,25,0.02,0.14216499999999999,0.41118547580583126,4105.49256,0.8655130917395334,0.6864687203470815
2025-08-31,76721,CRVL,CORVEL CORP,35,0.02,0.0012740000000000004,0.3538541426263559,4547.3949999999995,0.9486971597456545,0.6595606860917577
2025-08-31,77274,GILD,GILEAD SCIENCES INC,35,0.02,0.002251,0.3263904915762751,139330.21803000002,0.2929304731211879,0.3706347278373875
2025-08-31,77584,BKE,BUCKLE INC,25,0.02,0.142438,0.3867220555427341,2525.6210899999996,1.1644491495746454,0.7363630612991798
2025-08-31,79668,BDC,BELDEN INC NEW,45,0.02,0.049166999999999995,0.31904377259789213,4883.804050000001,1.3101229180367595,1.0672098595289106
2025-08-31,79758,BYD,BOYD GAMING CORP,25,0.010000000000000009,0.007502,0.26236633587199015,6807.6216,1.2848956398679456,0.9169319743998542
2025-08-31,79859,FLG,FLAGSTAR FINANCIAL INC,40,-0.02,0.131713,-0.36333564120316947,4686.253199999999,1.1367831875816379,0.7846732587712412
2025-08-31,81282,ACIW,A C I WORLDWIDE INC,45,0.02,0.15573399999999998,0.4453034848834525,4401.25728,1.0625311208230406,0.9913928968237549
2025-08-31,81593,COOP,MR COOPER GROUP INC,40,-0.02,0.206894,-0.31779367643664896,9964.98996,0.995847573559553,0.7678356528440754
2025-08-31,81736,RMD,RESMED INC,35,0.02,0.007773,0.2827525194245711,39873.746380000004,0.7685847039405718,0.6689025672037525
2025-08-31,82702,AMRX,AMNEAL PHARMACEUTICALS INC,35,0.02,0.218701,0.29386875913531807,2456.09778,1.0538688843415245,0.6795611182446197
2025-08-31,83601,WOR,WORTHINGTON ENTERPRISES INC,20,0.02,0.057998999999999995,0.3267174398030618,3087.53131,1.18593337338081,0.9769142462141461
2025-08-31,84761,TTWO,TAKE TWO INTERACTIVE SOFTWR INC,50,-0.02,0.043517,-0.21997845988152934,41087.003099999994,0.9697563115561458,0.7214610394406967
2025-08-31,85072,RL,RALPH LAUREN CORP,25,0.02,-0.009897,0.3095622740210785,11559.235,1.5406015411676974,1.1234809561601569
2025-08-31,85621,MTD,METTLER TOLEDO INTERNATIONAL INC,35,0.02,0.050795999999999994,0.11175859681513964,25639.571440000003,1.281310245392768,1.0978718208813187
2025-08-31,86594,KFY,KORN FERRY,20,0.02,0.042336,0.30142703284868066,3679.64127,1.512472915255558,0.8436671160866149
2025-08-31,87056,BMRN,BIOMARIN PHARMACEUTICAL INC,35,0.011634522833185557,0.003455,0.23036387414416493,11108.06775,0.15570788759776025,0.5762289352061093
2025-08-31,87430,KTOS,KRATOS DEFENSE & SECUR SOLS INC,20,-0.02,0.11782999999999999,-0.5308869913070235,9883.7886,1.1081359476284194,1.1662981863571338
2025-08-31,87759,WULF,TERAWULF INC,45,-0.02,0.82759,-0.6693399492268635,2013.07596,3.2833335318183035,1.957724931004872
2025-08-31,88159,EXEL,EXELIXIS INC,35,0.02,0.029326,0.20645818909146857,9750.532659999999,0.2782466087641625,0.6579450150588841
2025-08-31,88351,INSM,INSMED INC,35,-0.02,0.264838,-0.44811139318409104,22647.98808,0.973514532400221,0.5650284515068542
2025-08-31,89297,CCOI,COGENT COMMUNICATIONS HLDS INC,50,-0.02,-0.142559,-0.32848680667743674,2242.25297,0.633906849493344,0.6724284331839008
2025-08-31,89301,GME,GAMESTOP CORP NEW,25,-0.02,-0.005587,-0.161743211016232,10042.6932,1.8429550499078367,0.45408280465838746
2025-08-31,89525,CMCSA,COMCAST CORP NEW,50,0.019999999999999973,0.018464,0.3584506500500039,122378.18126,0.8731054753101161,0.6807477534830799
2025-08-31,89792,CVCO,CAVCO INDUSTRIES INC DEL,25,0.02,0.310363,0.24994230325409647,3196.2590600000003,1.1429058217583041,0.9463551592328239
2025-08-31,90126,CYTK,CYTOKINETICS INC,35,-0.02,-0.065176,-0.36918224478806055,4501.89456,0.6692825843451214,0.5493695481368974
2025-08-31,90178,ALNY,ALNYLAM PHARMACEUTICALS INC,35,-0.02,0.134554,-0.39229940764674204,51414.426960000004,0.29259718007673186,0.7473024127842549
2025-08-31,90436,HALO,HALOZYME THERAPEUTICS INC,35,0.02,0.215972,0.2661743211016232,7014.4510199999995,1.1804740764469241,0.8784806464175772
2025-08-31,90550,DLB,DOLBY LABORATORIES INC,45,0.02,-0.048047,0.40893530271559353,4626.32804,0.884564234257051,0.8677215633164083
2025-08-31,90564,PBH,PRESTIGE CONSUMER HEALTHCARE INC,35,0.02,-0.083724,0.414454958073698,3640.78035,0.4266929262651066,0.3956072131283763
2025-08-31,91594,SPR,SPIRIT AEROSYSTEMS HOLDINGS INC,20,-0.02,0.051779,-0.20622740210785448,4622.3686,1.7402702317345686,0.5908820041787939
2025-08-31,91606,CPRX,CATALYST PHARMACEUTICALS INC,35,0.02,-0.038498000000000004,0.31290868528348337,2610.49338,0.7190332940424022,0.7399338075678388
2025-08-31,91611,FSLR,FIRST SOLAR INC,45,-0.02,0.11329,-0.35095007308254483,18739.44304,1.5112254325679702,1.1178446268717135
2025-08-31,91733,AVAV,AEROVIRONMENT INC,20,-0.02,-0.102034,-0.41820524655742747,12229.274519999999,1.0128665390489244,1.1937409644262615
2025-08-31,91832,MDGL,MADRIGAL PHARMACEUTICALS INC,35,-0.02,0.443585,-0.30044618816832064,6722.07471,-0.40267310043677584,0.2341899725415178
2025-08-31,92245,AROC,ARCHROCK INC,10,0.02,0.066244,0.28029079159935383,4130.25824,1.1105369586888552,0.9744622269522693
2025-08-31,92326,CVI,C V R ENERGY,10,-0.02,0.134731,-0.2666743595661205,2692.2201800000003,1.2260731817577222,0.7820684688031169
2025-08-31,92469,SATS,ECHOSTAR CORP,50,-0.02,0.892175,-0.46603584891145466,5096.03312,0.9496300133850131,1.2344833519984002
2025-08-31,93330,PRI,PRIMERICA INC,40,0.012330555286524662,0.01407,0.39053004077236714,8728.33617,0.9709889380525598,0.7650698984701533
2025-09-30,10032,PLXS,PLEXUS CORP,45,0.02,0.052745,0.3388104648974214,3697.4888699999997,0.8064973585664226,0.9686442154016282
2025-09-30,10693,EHC,ENCOMPASS HEALTH CORP,35,0.02,0.039891,0.2815170336909467,12264.154240000002,0.9029468702746712,0.609739373665864
2025-09-30,10696,FI,FISERV INC,40,0.02,-0.07025100000000001,0.2802936194240541,75113.68074,0.8940524239180248,1.0322068086271439
2025-09-30,11691,MATX,MATSON INC,20,0.02,-0.055784,0.25211744776962164,3307.64545,1.2118691532591273,1.0415264602896825
2025-09-30,13046,UI,UBIQUITI INC,45,0.02,0.249375,0.12155091285526068,31951.33687,1.506494125312913,1.4084368551716044
2025-09-30,13730,PBF,P B F ENERGY INC,10,-0.02,0.10100999999999999,-0.30417843026538677,3160.89668,1.0743780477840703,0.7670163500507481
2025-09-30,13788,ZTS,ZOETIS INC,35,0.02,-0.067759,0.2826839826839827,69313.8212,0.8420441865683186,0.7032257107384923
2025-09-30,13802,APAM,ARTISAN PARTNERS ASSET MGMT INC,40,0.02,-0.07576000000000001,0.23958215697346133,3297.33809,1.678272344176583,1.144891737660148
2025-09-30,13967,PTCT,P T C THERAPEUTICS INC,35,0.02,0.240762,0.08562017692452475,3918.67654,0.5545002133800547,0.9348592261304094
2025-09-30,14229,OMF,ONEMAIN HOLDINGS INC,40,0.02,-0.090603,0.2458498023715415,7353.2982,1.3379978233487566,1.2287142356539218
2025-09-30,14472,VRNS,VARONIS SYSTEMS INC,45,-0.02,-0.029571,-0.30575945793337095,6613.01394,0.7602573189335491,0.9367194836836567
2025-09-30,14574,MC,MOELIS & CO,40,0.02,-0.014265,0.15514775079992468,5348.975579999999,1.7384454871775443,1.4294411230114603
2025-09-30,14593,AAPL,APPLE INC,45,0.02,0.09357199999999999,0.24984001505740633,3445048.1345999995,1.0479264832290247,1.1841764290101913
2025-09-30,14960,ENVA,ENOVA INTERNATIONAL INC,40,0.02,-0.054504,0.23306982872200263,3034.0769,1.5776026424804672,1.1684844741002836
2025-09-30,15058,SLNO,SOLENO THERAPEUTICS INC,35,-0.02,-0.004343,-0.3504987765857331,3596.3221500000004,-0.721695211054616,0.1378359057494152
2025-09-30,15293,NEXT,NEXTDECADE CORP,10,-0.02,-0.369913,-0.3731225296442688,2808.51136,1.483327778081682,0.8132755028503681
2025-09-30,15303,VKTX,VIKING THERAPEUTICS INC,35,-0.02,-0.031775000000000005,-0.5002070393374741,3041.6372499999998,0.7347877404663005,0.9726603892015699
2025-09-30,16126,AZZ,A Z Z INC,20,0.02,-0.036616,0.37854319593450025,3388.28046,1.3163426479760152,1.0102637805040868
2025-09-30,16263,PTGX,PROTAGONIST THERAPEUTICS INC,35,-0.02,0.12167,-0.3371165066817241,3673.55955,2.05729624374375,0.7641742529458472
2025-09-30,16653,HCC,WARRIOR MET COAL INC,15,-0.02,0.037581,-0.30127987954074914,3214.0686600000004,0.7955719855808974,0.6153605866814782
2025-09-30,16680,QXO,Q X O INC,20,-0.02,-0.056464,-0.41264822134387347,13558.70241,2.558996687974473,0.3009866478431217
2025-09-30,16738,AM,ANTERO MIDSTREAM CORP,10,0.02,0.08943999999999999,0.5662149444758141,8512.53279,0.9207695421254819,0.6222132584208054
2025-09-30,16771,MGY,MAGNOLIA OIL & GAS CORP,10,0.02,-0.043904,0.3851872764916244,4610.04008,1.3774972171470707,0.804774882131281
2025-09-30,16967,CARG,CARGURUS INC,50,0.02,0.07270299999999999,0.3639751552795031,2942.5224,1.594058795270901,1.0630736961977294
2025-09-30,17104,APLS,APELLIS PHARMACEUTICALS INC,35,-0.02,-0.182489,-0.34249952945605117,3481.8153,0.7354019975710624,0.7333263092799979
2025-09-30,17341,ZS,ZSCALER INC,45,-0.02,0.078301,-0.39235836627140974,43857.29205,1.1298969308374665,1.3506085254576965
2025-09-30,17959,CRNX,CRINETICS PHARMACEUTICALS INC,35,-0.02,0.340673,-0.40513833992094866,2918.51424,0.31031880232974457,0.8339710905227714
2025-09-30,17968,LQDA,LIQUIDIA CORP,35,-0.02,-0.181777,-0.43466967814793905,2382.9988799999996,0.2151595271974218,0.8626624883839039
2025-09-30,18424,LEVI,LEVI STRAUSS & CO,25,0.02,0.038265,0.34897421419160546,2339.58882,1.2625399566829631,1.1971699607538313
2025-09-30,18428,DOW,DOW INC,15,-0.02,-0.072331,-0.4922454357236966,17458.82772,0.8274089120274027,1.1975327338486121
2025-09-30,18726,CRWD,CROWDSTRIKE HOLDINGS INC,45,-0.02,0.15406699999999998,-0.4213250517598343,106329.6335,1.1732785830821495,1.3690538775591592
2025-09-30,18770,BBIO,BRIDGEBIO PHARMA INC,35,-0.02,0.0001690000000000003,-0.44771315640880854,9894.90744,1.425140901361432,0.9090482286571386
2025-09-30,18772,AKRO,AKERO THERAPEUTICS INC,35,-0.02,0.012740999999999999,-0.32636928289102196,3737.88597,0.22173383954474712,0.7052414958909994
2025-09-30,18776,IMVT,IMMUNOVANT INC,35,-0.007760490076099511,0.094036,-0.31353284396762665,2560.71673,0.4520322490088609,0.6892327369118233
2025-09-30,18911,DDOG,DATADOG INC,45,-0.02,0.038541,-0.31309994353472614,44184.68028000001,1.1691073772524094,1.264810837194413
2025-09-30,19002,BWIN,BALDWIN INSURANCE GROUP INC,40,-0.02,-0.11256100000000001,-0.3356295878035009,2258.54605,1.4230993639879068,1.1826241483490363
2025-09-30,19076,ASTS,A S T SPACEMOBILE INC,50,-0.02,-0.00044800000000000005,-0.5335215509128554,13171.124319999999,2.5958618435831755,1.41350389118134
2025-09-30,19201,RVMD,REVOLUTION MEDICINES INC,35,-0.02,0.226609,-0.39619800489365703,7097.846009999999,1.1928061862141892,0.8840994771809846
2025-09-30,19488,RNA,AVIDITY BIOSCIENCES INC,35,-0.02,-0.067929,-0.544042913608131,5992.656739999999,1.0419209857948368,0.9921784431374512
2025-09-30,19561,BA,BOEING CO,20,-0.02,-0.08363100000000001,-0.3410314323357801,177455.15944000002,1.4730887546078972,1.1150725309328589
2025-09-30,19565,NCNO,NCINO INC NEW,45,-0.02,-0.159024,-0.3258610954263128,3718.81965,0.7869312327736078,1.1149168882401082
2025-09-30,19577,RKT,ROCKET COMPANIES INC,40,-0.02,0.087293,-0.5614530397139094,4542.7228,2.246684549248776,1.1423866492777526
2025-09-30,19628,IRON,DISC MEDICINE INC,35,-0.02,0.10457899999999999,-0.3131564088085827,2073.61807,0.7578902115982699,0.6466959032022961
2025-09-30,19635,HRMY,HARMONY BIOSCIENCES HLDGS INC,35,0.02,-0.25622300000000003,0.34613212874082444,2122.39237,0.857350845265974,0.7781226959407435
2025-09-30,20188,CRC,CALIFORNIA RESOURCES CORP,10,0.02,0.067142,0.42364012798795414,4157.222400000001,1.634228828676553,0.839890002318949
2025-09-30,20646,OSCR,OSCAR HEALTH INC,40,-0.014349115777613474,0.13294599999999998,-0.37705627705627703,3651.25558,1.9158625105545928,1.383262384849843
2025-09-30,20648,RBLX,ROBLOX CORP,50,-0.02,0.108498,-0.5146809712027103,80364.66147,1.6401556431598578,1.2489869152634459
2025-09-30,20876,SYM,SYMBOTIC INC,20,-0.02,0.133103,-0.46058723884810837,5279.67045,2.5879085502905244,1.4333662918980108
2025-09-30,20930,SOC,SABLE OFFSHORE CORP,10,-0.02,-0.356163,-0.3749670619235837,2684.69886,0.5874364217739615,0.9709117265681653
2025-09-30,21573,IP,INTERNATIONAL PAPER CO,15,-0.02,-0.069332,-0.19917184265010351,26230.14576,1.0196676227824626,0.858993664918742
2025-09-30,21619,OKLO,OKLO INC,55,-0.02,0.512579,-0.5971767363071712,10869.92676,0.7227934674030413,1.3326811347950882
2025-09-30,21927,DJT,TRUMP MEDIA & TECH GRP CORP,50,-0.02,-0.06662900000000001,-0.4267645398080181,4856.98451,1.9557931026385613,0.6080989062092644
2025-09-30,22220,NN,NEXTNAV INC,45,-0.02,-0.200389,-0.47018633540372673,2371.06311,1.2311755824645205,0.9130140110614658
2025-09-30,22758,ACLX,ARCELLX INC,35,-0.02,0.179859,-0.32403538490495004,3848.3000100000004,0.2348530596947751,0.6515402730502329
2025-09-30,25419,WHR,WHIRLPOOL CORP,25,-0.02,-0.159509,-0.34765669113495196,5206.5261,1.1129667148707865,1.1255608240940542
2025-09-30,35263,TRMK,TRUSTMARK CORP,40,0.0043491157776134794,-0.019947,0.3872388481084133,2430.9790900000003,0.7413566814036145,0.722100529380757
2025-09-30,37568,FELE,FRANKLIN ELECTRIC INC,20,0.02,-0.030491,0.3403914925654056,4353.3021,1.077201803187526,0.8949821127150923
2025-09-30,40125,DXC,D X C TECHNOLOGY CO,45,0.02,-0.060056,0.31276115189158676,2586.5355499999996,1.175415767472531,1.0472144673272352
2025-09-30,49429,DDS,DILLARDS INC,25,0.02,0.150384,0.37300959909655557,6195.79576,1.0980529986754834,0.9474857243686517
2025-09-30,59328,INTC,INTEL CORP,45,-0.009999999999999995,0.374514,-0.4631469979296066,113720.7823,1.190070490824315,1.6176722228978222
2025-09-30,68196,SEIC,S E I INVESTMENTS CO,40,0.02,-0.042163,0.348334274421231,10913.615,0.9533642600284866,0.9112577634590253
2025-09-30,75510,ADBE,ADOBE INC,45,0.02,-0.014383,0.28520609824957643,149814.0,1.3912130769765825,1.1171030189557876
2025-09-30,75603,CRUS,CIRRUS LOGIC INC,45,0.02,0.093897,0.25439488048183695,5861.60108,1.0101687607684244,1.2045645777388483
2025-09-30,75912,PTC,P T C INC,45,0.02,-0.052396,0.3105778279691323,25575.805500000002,1.198706250986907,1.1117307400278642
2025-09-30,76573,MLI,MUELLER INDUSTRIES INC,20,0.02,0.05328,0.31968755881799366,10620.653939999998,1.037852674285813,1.008554660227478
2025-09-30,76721,CRVL,CORVEL CORP,35,0.02,-0.13391,0.3178618482966309,4569.42265,0.9669001120655044,0.680044739232865
2025-09-30,76868,AAON,AAON INC,20,-0.02,0.12454099999999999,-0.5176548089591568,6762.996450000001,1.0220815700846897,1.3858801679171098
2025-09-30,79668,BDC,BELDEN INC NEW,45,0.02,-0.07923000000000001,0.2911725955204216,5158.523999999999,1.333306042724433,1.093506800052072
2025-09-30,79758,BYD,BOYD GAMING CORP,25,0.02,0.005734000000000001,0.36640316205533596,6884.598239999999,1.272114526783244,0.9140569547259978
2025-09-30,79859,FLG,FLAGSTAR FINANCIAL INC,40,-0.02,-0.101678,-0.32128740824393,5327.6586800000005,1.2390789538200933,0.7772219715012868
2025-09-30,79906,INCY,INCYTE CORP,35,0.02,-0.0009449999999999997,0.2738565782044043,16522.30236,0.7073712906565904,0.5817370399260058
2025-09-30,80128,VMI,VALMONT INDUSTRIES INC,20,0.02,0.054697,0.29945416901938643,7246.21456,1.1647052620737486,1.028789146581123
2025-09-30,80864,RS,RELIANCE INC,15,0.009999999999999995,-0.053468,0.3115753811405986,15549.942040000002,0.8914482324430743,0.8096810794773475
2025-09-30,81593,COOP,MR COOPER GROUP INC,40,-0.02,0.15023699999999998,-0.3653115000941088,12064.60029,0.9953984179021026,0.8565170381382315
2025-09-30,81736,RMD,RESMED INC,35,0.02,-0.00615,0.2182006399397704,40192.381649999996,0.8489998950686827,0.676321721816444
2025-09-30,82702,AMRX,AMNEAL PHARMACEUTICALS INC,35,0.017760490076099505,0.043762,0.1945416901938641,3002.59524,1.13193877621917,0.6485045916663906
2025-09-30,83601,WOR,WORTHINGTON ENTERPRISES INC,20,0.02,-0.157484,0.2518915866741954,3276.4451999999997,1.181326859655682,1.005617188769342
2025-09-30,84385,NSP,INSPERITY INC,20,-0.02,-0.102716,-0.3455486542443064,2080.35828,0.4633437149753812,1.0531715050464572
2025-09-30,84761,TTWO,TAKE TWO INTERACTIVE SOFTWR INC,50,-0.02,0.104249,-0.13069828722002635,43031.3169,0.9840595772584372,0.7322193066054641
2025-09-30,85072,RL,RALPH LAUREN CORP,25,0.02,0.055786,0.23626952757387548,11489.11249,1.6194384547031615,1.168283222591075
2025-09-30,85593,AMG,AFFILIATED MANAGERS GROUP INC,40,0.02,0.057228,0.28499905891210237,6387.58584,1.1871399852895759,1.0078525898685442
2025-09-30,85621,MTD,METTLER TOLEDO INTERNATIONAL INC,35,0.02,-0.059749,0.1295313382269904,26800.12296,1.3083725785138778,1.125197544534597
2025-09-30,85645,INGR,INGREDION INC,30,0.0178903941462864,-0.060666,0.47489177489177486,8314.006739999999,0.7434801527689188,0.4873393609400259
2025-09-30,86964,FFIV,F 5 INC,45,0.02,0.028784999999999998,0.3350084697910785,17988.95358,1.0812755355362456,0.9376502076610881
2025-09-30,87056,BMRN,BIOMARIN PHARMACEUTICAL INC,35,0.02,-0.073843,0.2678336156597026,11188.71405,0.32898947105917775,0.652965698806528
2025-09-30,87430,KTOS,KRATOS DEFENSE & SECUR SOLS INC,20,-0.02,0.384449,-0.5128176171654432,11113.4628,1.1181032291052546,1.221782929024166
2025-09-30,88159,EXEL,EXELIXIS INC,35,0.02,0.100379,0.28605307735742513,10073.57626,0.311851247624604,0.6600780623292513
2025-09-30,88351,INSM,INSMED INC,35,-0.02,0.05481,-0.44511575381140595,28768.137499999997,0.9943014157079535,0.5818670932526119
2025-09-30,89301,GME,GAMESTOP CORP NEW,25,-0.02,0.214005,-0.09887069452286845,10024.79976,1.6286238613222714,0.44852184470045087
2025-09-30,89525,CMCSA,COMCAST CORP NEW,50,0.02,-0.078375,0.38484848484848483,125103.42514,0.8780105912859364,0.6987451633400089
2025-09-30,90436,HALO,HALOZYME THERAPEUTICS INC,35,0.02,-0.000712,0.38104648974214195,8556.0629,1.204237211486953,0.890618639015686
2025-09-30,90550,DLB,DOLBY LABORATORIES INC,45,0.02,0.006317,0.3725955204216073,4385.6691200000005,0.9087685497362469,0.8816896166505439
2025-09-30,91500,EXLS,EXLSERVICE HOLDINGS INC,20,0.02,0.002401,0.3354225484660267,7071.039140000001,0.8244048296693547,0.7998499874733639
2025-09-30,91516,AWI,ARMSTRONG WORLD INDS INC NEW,20,0.02,-0.0020829999999999998,0.40796160361377753,8468.61866,1.4595642041940327,0.7631504877043883
2025-09-30,91594,SPR,SPIRIT AEROSYSTEMS HOLDINGS INC,20,-0.02,-0.075201,-0.18456615847920196,4883.45621,1.7834564128933184,0.6154793581727882
2025-09-30,91606,CPRX,CATALYST PHARMACEUTICALS INC,35,0.02,-0.046534,0.17494824016563146,2520.03069,0.8727671228042576,0.7536017307922146
2025-09-30,91611,FSLR,FIRST SOLAR INC,45,-0.02,0.126513,-0.3692264257481649,20933.73712,1.4356891347980312,1.1537485666994949
2025-09-30,91733,AVAV,AEROVIRONMENT INC,20,-0.007890394146286395,0.301394,-0.3366836062488236,12051.0882,1.0543802292973594,1.2121062481293567
2025-09-30,91832,MDGL,MADRIGAL PHARMACEUTICALS INC,35,-0.02,0.044219,-0.28539431582909847,9759.238650000001,-0.39976541391670695,0.24091228564147624
2025-09-30,92040,FOLD,AMICUS THERAPEUTICS INC,35,-0.02,0.034899,-0.37976661020139285,2339.53401,0.5938595058637444,0.7105812758161575
2025-09-30,92245,AROC,ARCHROCK INC,10,0.02,0.059292000000000004,0.25558065123282514,4353.3279600000005,1.1598133286369352,0.9894725705949456
2025-09-30,92326,CVI,C V R ENERGY,10,-0.02,0.193149,-0.29732731037078863,3065.19019,1.3476089193221272,0.8423886343166753
2025-09-30,92469,SATS,ECHOSTAR CORP,50,-0.02,0.23249,-0.5286843591191417,9661.97872,0.9943460921894778,1.4320716640432951
2025-09-30,92596,IRDM,IRIDIUM COMMUNICATIONS INC,50,0.009999999999999995,-0.296035,0.2492941840767928,2641.1774600000003,0.8451766721574029,0.9450390445362459
2025-10-31,10032,PLXS,PLEXUS CORP,45,0.02,-0.036373,0.3465021507810731,3881.74332,0.7944055039344928,0.96545829559247
2025-10-31,10421,SKYW,SKYWEST INC,20,0.02,-0.004659,0.27607350388649915,4038.8868,1.828570384050263,1.0845707188467428
2025-10-31,10606,WTS,WATTS WATER TECHNOLOGIES INC,20,0.002664165348375795,-0.027187,0.2935061504792091,7656.461199999999,1.135947354259546,0.896251589015592
2025-10-31,10693,EHC,ENCOMPASS HEALTH CORP,35,0.02,-0.10558500000000001,0.30250547128518607,12793.96248,0.912095001211217,0.608625538084781
2025-10-31,10696,FI,FISERV INC,40,0.02,-0.48601099999999997,0.2596219153271451,70085.44549,0.9018960197557504,1.0387072358872422
2025-10-31,11691,MATX,MATSON INC,20,0.02,0.02067,0.2908082408874802,3134.07751,1.2064141990284039,1.0392698205266702
2025-10-31,13046,UI,UBIQUITI INC,45,0.02,0.188382,0.18155233567277942,39964.42942,1.523942360379128,1.4135505051770536
2025-10-31,13730,PBF,P B F ENERGY INC,10,-0.02,0.129314,-0.3053543128820467,3490.6388300000003,0.9684676310527318,0.7736559113423604
2025-10-31,13788,ZTS,ZOETIS INC,35,0.02,-0.015091,0.3187306618368425,64846.53655999999,0.8521324273206822,0.7074768802579909
2025-10-31,13802,APAM,ARTISAN PARTNERS ASSET MGMT INC,40,0.02,0.0027229999999999997,0.29654365708248437,3058.4414,1.6816395658780317,1.1532485015411997
2025-10-31,13967,PTCT,P T C THERAPEUTICS INC,35,0.02,0.109817,0.05724096294619273,4905.42684,0.5786436010880376,0.945368527848649
2025-10-31,14229,OMF,ONEMAIN HOLDINGS INC,40,0.02,0.045085,0.28278997811485923,6711.4002,1.3527409319157253,1.2090605842166855
2025-10-31,14436,RARE,ULTRAGENYX PHARMACEUTICALS INC,35,-0.02,0.14699800000000002,-0.45664478152592264,2900.9753599999995,0.29278480675181345,0.9247225586615738
2025-10-31,14472,VRNS,VARONIS SYSTEMS INC,45,-0.02,-0.390253,-0.32893743868387293,6775.5405900000005,0.7360544101670904,0.947455173312604
2025-10-31,14574,MC,MOELIS & CO,40,0.02,-0.11529800000000001,0.1521583276733831,5290.374959999999,1.7804658537166203,1.4515640818951412
2025-10-31,14593,AAPL,APPLE INC,45,0.02,0.058547,0.20947475662214174,3761715.1938,1.0346155471486536,1.1976917859174192
2025-10-31,14960,ENVA,ENOVA INTERNATIONAL INC,40,0.02,0.035658,0.19953211078409175,2878.7461700000003,1.5530398990291046,1.1809526701324478
2025-10-31,15058,SLNO,SOLENO THERAPEUTICS INC,35,-0.02,-0.009777000000000001,-0.38531054260055847,3630.3903999999998,-0.6841122098681094,0.13458218628759763
2025-10-31,16086,HTZ,HERTZ GLOBAL HOLDINGS INC NEW,20,-0.02,-0.248856,-0.3165610142630745,2113.3448,2.203090521000154,1.0344842890752288
2025-10-31,16126,AZZ,A Z Z INC,20,0.02,-0.08646000000000001,0.3481435363368802,3275.42782,1.3081453857498675,1.0131197488477426
2025-10-31,16263,PTGX,PROTAGONIST THERAPEUTICS INC,35,-0.018692828417740365,0.180233,-0.335936910421855,4148.35421,2.036827073475927,0.7813520619046599
2025-10-31,16653,HCC,WARRIOR MET COAL INC,15,-0.02,0.062728,-0.31054260055844846,3345.49116,0.8326675743857526,0.6314397096909188
2025-10-31,16680,QXO,Q X O INC,20,-0.02,-0.07619600000000001,-0.42408120141876093,12837.99642,2.4765312480088584,0.27815045171993547
2025-10-31,16738,AM,ANTERO MIDSTREAM CORP,10,0.02,-0.104849,0.5489397026639499,9302.05944,0.8617233418114508,0.6240358541408135
2025-10-31,16967,CARG,CARGURUS INC,50,0.02,-0.059943,0.4552675269790959,3049.47207,1.5787527182157624,1.0660039982091862
2025-10-31,17341,ZS,ZSCALER INC,45,-0.02,0.10178400000000001,-0.42091162931099546,47436.47766,1.1408708517757453,1.2266618685090747
2025-10-31,17959,CRNX,CRINETICS PHARMACEUTICALS INC,35,-0.011307171582259638,0.04115,-0.4710210550147158,3937.9242,0.3533870506309717,0.9461393316105099
2025-10-31,18424,LEVI,LEVI STRAUSS & CO,25,0.02,-0.126958,0.3331446683269187,2436.8538,1.3069995303272908,1.2281982049075524
2025-10-31,18428,DOW,DOW INC,15,-0.02,0.036854,-0.4751905516564787,16253.792920000002,0.8427235917331941,1.232339783344925
2025-10-31,18656,IDYA,IDEAYA BIOSCIENCES INC,35,-0.02,0.167625,-0.3923854803411063,2385.39186,0.17228188273158015,0.7568514965727876
2025-10-31,18726,CRWD,CROWDSTRIKE HOLDINGS INC,45,-0.02,0.10405700000000001,-0.47934118179760027,123063.3129,1.2302251255943044,1.4151256502335803
2025-10-31,18772,AKRO,AKERO THERAPEUTICS INC,35,-0.02,0.138265,-0.3611991547807713,3805.4745199999998,0.18781761252621315,0.7110718137504816
2025-10-31,18776,IMVT,IMMUNOVANT INC,35,-0.02,0.5277489999999999,-0.3732359821900234,2813.47196,0.48329501928784846,0.699493616128933
2025-10-31,18911,DDOG,DATADOG INC,45,-0.02,0.14006100000000002,-0.29895856916459135,46296.8032,1.2601994314484135,1.2972669015810319
2025-10-31,19002,BWIN,BALDWIN INSURANCE GROUP INC,40,-0.02,-0.219858,-0.3164478152592258,2014.6735700000002,1.3836134939160551,1.2119400681470076
2025-10-31,19076,ASTS,A S T SPACEMOBILE INC,50,-0.02,0.631818,-0.5549769828692174,13348.87656,2.5790908977792477,1.4249182103470748
2025-10-31,19201,RVMD,REVOLUTION MEDICINES INC,35,-0.02,0.256689,-0.4802467738283903,8859.503700000001,1.3178517677854313,0.9553740154703383
2025-10-31,19488,RNA,AVIDITY BIOSCIENCES INC,35,-0.02,0.599899,-0.5587314164968682,6394.81247,1.0213012157143135,1.042549956742981
2025-10-31,19561,BA,BOEING CO,20,-0.02,-0.071887,-0.34384197419062706,163201.58114000002,1.4585062068961399,1.0818588522123984
2025-10-31,19565,NCNO,NCINO INC NEW,45,-0.02,-0.019129,-0.2272281337257566,3139.74465,0.727313733693153,1.1435357966968978
2025-10-31,19577,RKT,ROCKET COMPANIES INC,40,-0.02,-0.143619,-0.5454871330465625,4954.303199999999,2.184268383776346,1.1216884206323479
2025-10-31,19628,IRON,DISC MEDICINE INC,35,-0.02,0.301514,-0.37046260659572866,2313.2625599999997,0.7942347944776001,0.6670348077068908
2025-10-31,19655,STEP,STEPSTONE GROUP INC,40,-0.02,-0.071098,-0.45643725001886654,5167.5884399999995,1.3791765114416685,1.4642553247467796
2025-10-31,19751,LCID,LUCID GROUP INC,25,-0.02,-0.257156,-0.5555618443891027,7711.861559999999,1.0612013333839208,1.4382534330134995
2025-10-31,19807,VNT,VONTIER CORP,45,0.010000000000000009,-0.085946,0.3040713908384273,6156.999,1.247685694702919,1.0135907764850463
2025-10-31,20646,OSCR,OSCAR HEALTH INC,40,-0.009999999999999367,-0.052396,-0.3904988302769602,4222.22292,1.9313437065898902,1.3837863003244897
2025-10-31,20648,RBLX,ROBLOX CORP,50,-0.02,-0.182304,-0.5016979850577314,89349.97116000002,1.6492057810581198,1.2685572964790677
2025-10-31,21053,BBAI,BIGBEAR AI HOLDINGS INC,45,-0.02,0.058082,-0.6782129650592408,2416.9835599999997,3.043607465918063,1.3343483582927922
2025-10-31,21573,IP,INTERNATIONAL PAPER CO,15,-0.02,-0.170509,-0.14921515357331522,24498.3648,1.0556271756984794,0.8674791266508591
2025-10-31,21619,OKLO,OKLO INC,55,-0.02,0.186108,-0.6121236133122027,16477.59267,0.8177652666380618,1.381703153029591
2025-10-31,21927,DJT,TRUMP MEDIA & TECH GRP CORP,50,-0.02,-0.06995499999999999,-0.3627084748320882,4597.5671600000005,1.9220344749307625,0.5876107349276255
2025-10-31,22758,ACLX,ARCELLX INC,35,-0.02,0.096001,-0.3765187533016377,4743.4096,0.26641711993573025,0.6609766956098185
2025-10-31,25419,WHR,WHIRLPOOL CORP,25,-0.02,-0.091945,-0.29522300203758206,4393.2684,1.1140783851169551,1.1261912161190673
2025-10-31,26403,DIS,DISNEY WALT CO,50,0.02,-0.019687,0.2865255452418686,205863.443,1.5566147530555081,0.9459944931390429
2025-10-31,37568,FELE,FRANKLIN ELECTRIC INC,20,0.02,-0.007785,0.3752924307599426,4237.1616,1.077079264085858,0.8954951443365342
2025-10-31,40125,DXC,D X C TECHNOLOGY CO,45,0.02,0.038552,0.2870160742585465,2439.75637,1.143002226363786,1.0762012160689056
2025-10-31,49429,DDS,DILLARDS INC,25,0.02,-0.026702,0.3536148215229039,7144.55896,1.179992546700893,0.9736156191165786
2025-10-31,68196,SEIC,S E I INVESTMENTS CO,40,0.02,-0.053239,0.3563504641159158,10405.410049999999,0.9419761235857752,0.9260664958734678
2025-10-31,75510,ADBE,ADOBE INC,45,0.02,-0.038534,0.2658667270394688,147661.15,1.3914137931121766,1.093499569249323
2025-10-31,75603,CRUS,CIRRUS LOGIC INC,45,0.02,0.055476,0.2484152139461173,6392.04522,1.070675600912299,1.1845699980987319
2025-10-31,75912,PTC,P T C INC,45,0.02,-0.025335,0.3510678439363067,24268.19872,1.1631819747032677,1.1026035741431073
2025-10-31,76573,MLI,MUELLER INDUSTRIES INC,20,0.02,0.043809,0.32295675798052975,11192.97811,1.0114960267400872,0.9925467201198485
2025-10-31,76721,CRVL,CORVEL CORP,35,0.02,-0.048089,0.2546411591577994,3971.10406,0.9553327660648745,0.7073750473207984
2025-10-31,76868,AAON,AAON INC,20,-0.02,0.049707,-0.5089993208059769,7624.04992,1.0660007894344836,1.43433282605103
2025-10-31,77274,GILD,GILEAD SCIENCES INC,35,0.02,0.07592099999999999,0.3045807863557467,137862.0,0.30737082176702524,0.39929178727524145
2025-10-31,79668,BDC,BELDEN INC NEW,45,0.02,0.009869,0.33263527280959926,4765.0974,1.2967496014747653,1.091048155490864
2025-10-31,79758,BYD,BOYD GAMING CORP,25,0.02,-0.102516,0.34269111765149807,6931.9068,1.3278705150008447,0.9173729070923181
2025-10-31,79859,FLG,FLAGSTAR FINANCIAL INC,40,-0.02,-0.014523,-0.21773828390310168,4799.72955,1.2078947409557577,0.7400030113435172
2025-10-31,79906,INCY,INCYTE CORP,35,0.02,0.098961,0.302750735793525,16633.87011,0.6925276685138243,0.5589314400630082
2025-10-31,80128,VMI,VALMONT INDUSTRIES INC,20,0.02,0.06301499999999999,0.19166478001660253,7653.0147400000005,1.1705462266780962,1.0500629901476126
2025-10-31,80864,RS,RELIANCE INC,15,0.009999999999999995,0.0024289999999999997,0.31871179533620103,14769.97302,0.8735960529298049,0.8077698066114195
2025-10-31,81736,RMD,RESMED INC,35,0.02,-0.101357,0.2674515130933514,40078.17795,0.8352310263109621,0.6691332380951005
2025-10-31,82702,AMRX,AMNEAL PHARMACEUTICALS INC,35,0.02,0.077651,0.23003924232133424,3146.2531099999997,1.1210707687942105,0.6632729204651284
2025-10-31,84761,TTWO,TAKE TWO INTERACTIVE SOFTWR INC,50,-0.02,-0.01097,-0.17181722134178554,47719.092,0.9976762820061038,0.7454686524520664
2025-10-31,85072,RL,RALPH LAUREN CORP,25,0.02,0.016186,0.192174175533922,12132.57708,1.6284431260434482,1.2331898741123024
2025-10-31,85593,AMG,AFFILIATED MANAGERS GROUP INC,40,0.02,-0.005239000000000001,0.27279073277488497,6774.27316,1.198308339458063,1.0236475876493702
2025-10-31,85621,MTD,METTLER TOLEDO INTERNATIONAL INC,35,0.02,0.150429,0.12804693985359594,25287.538389999998,1.3091661318903804,1.1336812234038305
2025-10-31,87056,BMRN,BIOMARIN PHARMACEUTICAL INC,35,0.02,-0.014162,0.26505546751188586,10404.081839999999,0.3141434548024002,0.5736823685877934
2025-10-31,87426,LCII,L C I INDUSTRIES,25,0.02,0.107736,0.2696588936684024,2258.3286000000003,1.3283720372726926,1.020378326598323
2025-10-31,87430,KTOS,KRATOS DEFENSE & SECUR SOLS INC,20,-0.02,-0.011695,-0.5402799788695193,15426.819430000001,1.1774432267049357,1.2461297616630063
2025-10-31,88159,EXEL,EXELIXIS INC,35,0.02,-0.06694800000000001,0.21539883782356045,11072.4474,0.3615212331249934,0.6682815637531767
2025-10-31,88351,INSM,INSMED INC,35,-0.02,0.313307,-0.4491925137725455,30614.07783,1.0444484690178752,0.5983983031938386
2025-10-31,89217,AAP,ADVANCE AUTO PARTS INC,25,-0.02,-0.2318,-0.303486529318542,3683.0789999999997,1.061426395063692,1.2087967235429837
2025-10-31,89301,GME,GAMESTOP CORP NEW,25,-0.02,-0.176013,-0.14195155082635277,12212.32848,1.8081695767508188,0.4384834096191413
2025-10-31,89327,ABG,ASBURY AUTOMOTIVE GROUP INC,25,0.010000000000000009,-0.043563,0.2557354161950042,4806.13145,0.9041983268354484,0.9517208091024872
2025-10-31,89525,CMCSA,COMCAST CORP NEW,50,0.00733583465162419,-0.10791800000000001,0.4384197419062712,114528.0994,0.887794110580516,0.6892194557560446
2025-10-31,89916,NXST,NEXSTAR MEDIA GROUP INC,50,0.02,-0.013433,0.2825258471058788,5996.267760000001,1.0211950304745336,0.913284291642355
2025-10-31,90178,ALNY,ALNYLAM PHARMACEUTICALS INC,35,-0.02,-0.00318,-0.3466719492868463,60096.695999999996,0.3911953899600921,0.7137867541981335
2025-10-31,90436,HALO,HALOZYME THERAPEUTICS INC,35,0.02,-0.114394,0.3476341408195608,8619.13682,1.1748811034033575,0.8862780087132478
2025-10-31,90550,DLB,DOLBY LABORATORIES INC,45,0.02,-0.086866,0.4228926118783488,4427.88608,0.9015302893383068,0.8787094591211937
2025-10-31,90988,BKD,BROOKDALE SENIOR LIVING INC,35,-0.02,0.09118299999999999,-0.32673005810882205,2011.5403000000001,0.9581451242636831,0.6130125396041521
2025-10-31,91392,TNL,TRAVEL & LEISURE CO,25,0.02,0.052035,0.2774130254320429,3862.0908000000004,1.4882854932450167,1.1874996918827632
2025-10-31,91516,AWI,ARMSTRONG WORLD INDS INC NEW,20,0.02,-0.031736,0.39517772243604254,8479.00058,1.4432996061785794,0.7710976605462921
2025-10-31,91531,OC,OWENS CORNING NEW,20,0.02,-0.09842699999999999,0.26696098407667346,11830.016880000001,1.3026884680034807,1.2081422705084937
2025-10-31,91594,SPR,SPIRIT AEROSYSTEMS HOLDINGS INC,20,-0.02,-0.05275,-0.1863255603350691,4532.3734,1.752604039433734,0.6133445420661023
2025-10-31,91606,CPRX,CATALYST PHARMACEUTICALS INC,35,0.02,0.076427,0.1810052071541771,2428.3205,0.8229132848302728,0.7569957321346777
2025-10-31,91611,FSLR,FIRST SOLAR INC,45,-0.02,0.20718,-0.3016376122556788,23664.633240000003,1.4136163216616675,1.0909701980323423
2025-10-31,91733,AVAV,AEROVIRONMENT INC,20,-0.02,0.17146,-0.5793713681986264,15723.08748,1.0275813462698358,1.176255795717546
2025-10-31,91832,MDGL,MADRIGAL PHARMACEUTICALS INC,35,-0.02,-0.08995500000000001,-0.2893932533393705,10413.416640000001,-0.38596184418286517,0.24394059118125175
2025-10-31,92040,FOLD,AMICUS THERAPEUTICS INC,35,-0.02,0.14267100000000002,-0.38551807410761446,2430.98,0.5968459043571874,0.7355192119123608
2025-10-31,92294,UEC,URANIUM ENERGY CORP,10,-0.02,0.130915,-0.5108105048675572,6199.15136,1.5615503619853808,1.4911726552706859
2025-10-31,92326,CVI,C V R ENERGY,10,-0.02,-0.027665,-0.32410761451965886,3667.37088,1.2903909883143037,0.8433720573809151
2025-10-31,92469,SATS,ECHOSTAR CORP,50,-0.02,-0.022781,-0.5228661987774508,11947.20924,0.9785768058908467,1.397739086744571
2025-10-31,93174,KAR,O P E N L A N E INC,20,0.02,-0.08526900000000001,0.2881480642970341,3059.4291200000002,1.3521658981549185,0.9418069941574966
2025-11-30,10421,SKYW,SKYWEST INC,20,0.02,0.007338,0.2307519388557941,4029.6499200000003,1.8275651072421706,1.0796577611034917
2025-11-30,10606,WTS,WATTS WATER TECHNOLOGIES INC,20,0.015404381297859163,0.00902,0.32411674347158215,7473.329000000001,1.1659718745199144,0.8850663091250709
2025-11-30,10693,EHC,ENCOMPASS HEALTH CORP,35,0.02,0.017804999999999998,0.19364205162788956,11467.4274,0.8946651239579301,0.5897687431478622
2025-11-30,10696,FI,FISERV INC,40,0.005291826333098027,-0.081285,0.08858791352890491,35869.349879999994,0.8652185675525217,1.2325033303416633
2025-11-30,11691,MATX,MATSON INC,20,0.02,0.080134,0.28378479637330933,3209.0995500000004,1.288250107407662,0.9844586342438049
2025-11-30,12400,LPLA,L P L FINANCIAL HOLDINGS INC,40,-0.02,-0.058625000000000003,-0.3991045670825372,30199.137779999997,0.672205289908285,0.9735142261737667
2025-11-30,12622,HCA,H C A HEALTHCARE INC,35,0.02,0.10273499999999999,0.30735079240193325,104896.21792,1.3295648954759887,0.6123449692656922
2025-11-30,13046,UI,UBIQUITI INC,45,0.02,-0.261185,0.12629725375594772,47624.39,1.5659228554672109,1.4254294199123108
2025-11-30,13730,PBF,P B F ENERGY INC,10,-0.02,0.013176999999999998,-0.27578584541605783,3958.49199,0.9231122625270588,0.7621732610529424
2025-11-30,13788,ZTS,ZOETIS INC,35,0.02,-0.113429,0.3308043909932187,63858.238470000004,0.8484627984863115,0.6849982183201456
2025-11-30,13967,PTCT,P T C THERAPEUTICS INC,35,0.02,0.255808,0.12766475591023196,5460.15492,0.6154187857129054,0.8691835583679599
2025-11-30,14229,OMF,ONEMAIN HOLDINGS INC,40,0.02,0.063324,0.1564946985875389,7035.9153,1.3899983379784886,1.1819977560939625
2025-11-30,14574,MC,MOELIS & CO,40,0.02,0.020642,0.16265782473492937,4686.166679999999,1.7984840618850262,1.4540094032582735
2025-11-30,14593,AAPL,APPLE INC,45,0.02,0.029348,0.3246974635644974,3995082.56061,1.0261818898937884,1.1903731984820791
2025-11-30,14708,VRDN,VIRIDIAN THERAPEUTICS INC,35,-0.02,0.349506,-0.3875838297553483,2255.2944599999996,0.8389354452234273,0.7612020467732538
2025-11-30,14960,ENVA,ENOVA INTERNATIONAL INC,40,0.02,0.093333,0.16910194447566593,2965.57514,1.5392102281407256,1.2041144802288968
2025-11-30,15058,SLNO,SOLENO THERAPEUTICS INC,35,-0.02,-0.251821,-0.3653666029747855,3607.1636,-0.7773345977127739,0.1289957308187192
2025-11-30,15303,VKTX,VIKING THERAPEUTICS INC,35,-0.02,-0.036363,-0.5064628526469596,4304.410879999999,0.659364530428221,0.9440353112792701
2025-11-30,16126,AZZ,A Z Z INC,20,0.02,0.052772,0.35075493612078984,3001.19145,1.3051698648244954,0.9896406959349571
2025-11-30,16263,PTGX,PROTAGONIST THERAPEUTICS INC,35,-0.02,0.141735,-0.37201678468397587,4915.00792,2.040905666528139,0.8166455488053671
2025-11-30,16653,HCC,WARRIOR MET COAL INC,15,-0.02,0.15216400000000002,-0.27157094151586675,3566.2809600000005,0.8030425004262354,0.6398711250548403
2025-11-30,16680,QXO,Q X O INC,20,-0.02,0.056977,-0.4273537896669289,11901.752190000001,2.482822254844307,0.2708921554405264
2025-11-30,16738,AM,ANTERO MIDSTREAM CORP,10,0.02,0.041046,0.48130455958937474,8215.74375,0.8863297457306396,0.6121467874773904
2025-11-30,16967,CARG,CARGURUS INC,50,0.02,0.0015440000000000002,0.4337417106889963,2853.0434399999995,1.5634566675498618,1.0777049025734906
2025-11-30,17341,ZS,ZSCALER INC,45,-0.02,-0.24351499999999998,-0.41322917837473305,52806.233519999994,1.140264797698219,1.2167950548818076
2025-11-30,17821,SRRK,SCHOLAR ROCK HOLDING CORP,35,-0.02,0.484496,-0.4791128095612754,2937.44502,1.0287969139017754,0.53953047821581
2025-11-30,18064,FTDR,FRONTDOOR INC,25,0.02,-0.19118,0.3242853396275898,4790.466590000001,1.3588725496787422,0.8891857073152872
2025-11-30,18424,LEVI,LEVI STRAUSS & CO,25,0.02,0.08327999999999999,0.25220111648121085,2121.00408,1.353592868110743,1.2527894724388893
2025-11-30,18428,DOW,DOW INC,15,-0.02,0.011663,-0.4430706979880859,16951.792950000003,0.8449806283718503,1.2873748330551302
2025-11-30,18656,IDYA,IDEAYA BIOSCIENCES INC,35,-0.02,0.115004,-0.38512981904012583,2793.03876,0.16653598404510436,0.7553286699039082
2025-11-30,18726,CRWD,CROWDSTRIKE HOLDINGS INC,45,-0.02,-0.06534999999999999,-0.4235510097036454,136880.87478,1.2107194864685602,1.4050032915365305
2025-11-30,18772,AKRO,AKERO THERAPEUTICS INC,35,-0.02,-5.9999999999999724e-05,-0.37064928252969154,4376.8126,0.14841933167054178,0.6897672712899462
2025-11-30,18776,IMVT,IMMUNOVANT INC,35,-0.02,-0.024487000000000002,-0.3908808212506087,4307.47444,0.5734879547750279,0.7469015633134413
2025-11-30,18911,DDOG,DATADOG INC,45,-0.02,-0.020210000000000002,-0.3086995616499944,52985.37483,1.2450278622744417,1.3170848056621862
2025-11-30,19076,ASTS,A S T SPACEMOBILE INC,50,-0.02,-0.3027,-0.565846165374096,21834.42,2.6083177108352067,1.4378303910504875
2025-11-30,19201,RVMD,REVOLUTION MEDICINES INC,35,-0.02,0.318538,-0.45978045033906556,11374.9488,1.3028147533577665,0.9273619824867306
2025-11-30,19484,PCVX,VAXCYTE INC,35,-0.004595618702140221,0.092615,-0.3897943126896707,5927.423680000001,1.0155995161074511,0.8598796141389503
2025-11-30,19488,RNA,AVIDITY BIOSCIENCES INC,35,-0.02,0.023473,-0.6019257427597318,10524.718599999998,1.015835085645828,1.1997093218917816
2025-11-30,19489,PCT,PURECYCLE TECHNOLOGIES INC,15,-0.02,-0.243081,-0.4775767112509835,2086.61178,2.16780246042389,1.4139606234757438
2025-11-30,19561,BA,BOEING CO,20,-0.02,-0.062807,-0.3000449589749353,152794.29690000002,1.4316242365714456,1.0744417677402065
2025-11-30,19565,NCNO,NCINO INC NEW,45,-0.02,-0.077225,-0.2656513431493762,3053.1258000000003,0.7070632053867003,1.1563042068694822
2025-11-30,19577,RKT,ROCKET COMPANIES INC,40,-0.02,0.19626800000000003,-0.49608482259937803,16110.40326,2.1696919427352452,1.0856808558684754
2025-11-30,19593,MIR,MIRION TECHNOLOGIES INC,45,-0.009999999999999995,-0.117074,-0.38039039376568884,7278.53214,0.9478799486288966,1.4270198454398968
2025-11-30,19628,IRON,DISC MEDICINE INC,35,-0.02,0.079799,-0.43741336030871825,3254.805,0.7845235607860195,0.7080092480857787
2025-11-30,19751,LCID,LUCID GROUP INC,25,-0.02,-0.235125,-0.474860439848638,5753.982,1.0523203306565083,1.4005416725783453
2025-11-30,20188,CRC,CALIFORNIA RESOURCES CORP,10,0.02,0.009920000000000002,0.3881458169420403,3947.6573,1.6056196167410322,0.8491198352992925
2025-11-30,20325,SMR,NUSCALE POWER CORP,20,-0.005404381297859153,-0.55728,-0.5850473942527443,7522.859329999999,2.6135023945311704,1.7648101178339406
2025-11-30,20646,OSCR,OSCAR HEALTH INC,40,-0.02,-0.004679,-0.4041624517627665,4014.7920000000004,1.9247563908634902,1.389415512990347
2025-11-30,20648,RBLX,ROBLOX CORP,50,-0.02,-0.16736299999999998,-0.4293582106327975,74470.1106,1.6316721916597274,1.240375175738527
2025-11-30,20876,SYM,SYMBOTIC INC,20,-0.02,0.031824,-0.49183245288674093,9117.8842,2.6215740121772506,1.4662722722168038
2025-11-30,21053,BBAI,BIGBEAR AI HOLDINGS INC,45,-0.02,-0.086827,-0.6940916413772432,3020.71148,3.0406259998877534,1.318171887110257
2025-11-30,21573,IP,INTERNATIONAL PAPER CO,15,-0.02,0.031379,-0.2626166123412386,20401.22448,1.0741671112277782,0.8301642548483745
2025-11-30,21619,OKLO,OKLO INC,55,-0.02,-0.31475400000000003,-0.6119853134015211,19598.046930000004,0.8265311405188275,1.209487027290771
2025-11-30,21927,DJT,TRUMP MEDIA & TECH GRP CORP,50,-0.02,-0.249994,-0.3353752201116481,4290.969349999999,1.9120794277464326,0.4732255451749532
2025-11-30,22758,ACLX,ARCELLX INC,35,-0.02,-0.19736099999999998,-0.3914990071559702,5218.52575,0.2706923652363846,0.6397333958448248
2025-11-30,25419,WHR,WHIRLPOOL CORP,25,-0.02,0.090084,-0.27870817878685705,4021.9528699999996,1.1227166660457957,1.088745838158484
2025-11-30,26403,DIS,DISNEY WALT CO,50,0.009999999999999995,-0.075379,0.2778277321943726,202483.32708000002,1.5622132637456856,0.926694187802562
2025-11-30,29612,AIT,APPLIED INDUSTRIAL TECHS INC,20,0.02,0.0055769999999999995,0.24523247536622833,9696.92062,1.0082197381014475,1.0701109096031036
2025-11-30,40125,DXC,D X C TECHNOLOGY CO,45,0.02,-0.073435,0.2866696639316624,2541.7857999999997,1.1629871850988696,1.0790266255152086
2025-11-30,46463,GFF,GRIFFON CORP,20,0.02,0.013336999999999998,0.25231351391854934,3445.8315900000002,1.1872346783790215,1.0243481385864281
2025-11-30,46690,CBT,CABOT CORP,15,0.02,-0.069106,0.2915214866434379,3590.2059200000003,0.91231045785543,0.9149526148431905
2025-11-30,49429,DDS,DILLARDS INC,25,0.02,0.113606,0.42411299689033755,6977.130160000001,1.2286724251205987,0.9561723072636205
2025-11-30,75510,ADBE,ADOBE INC,45,0.02,-0.062311,0.2681240867708216,142453.766,1.3789762616843506,1.093011068388167
2025-11-30,75603,CRUS,CIRRUS LOGIC INC,45,0.02,-0.095813,0.29571765763740593,6769.1295,1.0837828885116636,1.1864952291437376
2025-11-30,75912,PTC,P T C INC,45,0.02,-0.119412,0.3559814169570267,23732.67744,1.170392856730574,1.0842924194141572
2025-11-30,76721,CRVL,CORVEL CORP,35,0.02,-0.013423999999999998,0.31096624330298595,3793.11735,0.972846110294503,0.7017512499147964
2025-11-30,76868,AAON,AAON INC,20,-0.02,-0.051896,-0.47791390356299873,8027.93527,1.0633759356215224,1.4122998130087459
2025-11-30,77274,GILD,GILEAD SCIENCES INC,35,0.02,0.047493,0.31004833089805545,148621.0572,0.2890110939008209,0.3816368338671618
2025-11-30,77584,BKE,BUCKLE INC,25,0.02,0.027645,0.400359671799483,2803.4035999999996,1.2196425336386147,0.7718696485701495
2025-11-30,79637,UHS,UNIVERSAL HEALTH SERVICES INC,35,0.02,0.119655,0.29564272601251357,12236.75988,1.2403133237179327,0.7480316346849724
2025-11-30,79668,BDC,BELDEN INC NEW,45,0.02,-0.07236000000000001,0.2915027537372148,4788.704999999999,1.2981753728833592,1.0664649742612355
2025-11-30,79859,FLG,FLAGSTAR BANK NATL ASSOC,40,-0.02,0.068792,-0.1779251433067326,4745.70662,1.2192574162952625,0.7283573560019603
2025-11-30,79906,INCY,INCYTE CORP,35,0.02,0.114446,0.304934247499157,18352.27404,0.6942987525802363,0.5114272095052173
2025-11-30,80128,VMI,VALMONT INDUSTRIES INC,20,0.02,-0.004125,0.29397549735866024,8144.571,1.2138993563160734,1.0062370934190463
2025-11-30,80864,RS,RELIANCE INC,15,0.01470817366690197,-0.00971,0.37093027612303775,14767.41741,0.8927782406303657,0.7715183637550258
2025-11-30,81736,RMD,RESMED INC,35,0.02,0.035707,0.2244951481772882,36029.91408,0.8653083986302021,0.6432547076270317
2025-11-30,82702,AMRX,AMNEAL PHARMACEUTICALS INC,35,0.014595618702140215,0.15410400000000002,0.157581207148477,3401.4076600000003,1.1452308354597645,0.6605750989624082
2025-11-30,83601,WOR,WORTHINGTON ENTERPRISES INC,20,0.02,-0.024941,0.26724364017833724,2785.70985,1.2137022470797296,1.0045534103494802
2025-11-30,84761,TTWO,TAKE TWO INTERACTIVE SOFTWR INC,50,-0.02,-0.043188000000000004,-0.055749128919860634,47371.79223,0.9865739171472065,0.7363843120261391
2025-11-30,85072,RL,RALPH LAUREN CORP,25,0.02,0.14611500000000002,0.29787194185305904,12368.60438,1.6290529868559627,1.2224709115196124
2025-11-30,85593,AMG,AFFILIATED MANAGERS GROUP INC,40,0.02,0.126759,0.24112996890337574,6760.91952,1.2276532785223693,1.0277379609378559
2025-11-30,85621,MTD,METTLER TOLEDO INTERNATIONAL INC,35,0.02,0.039656,0.08373609081712936,29174.15771,1.3344775167955856,1.1408469346716328
2025-11-30,87430,KTOS,KRATOS DEFENSE & SECUR SOLS INC,20,-0.02,-0.16305599999999998,-0.5386834513506426,15296.9946,1.1715375981868015,1.2593287060492515
2025-11-30,87487,BGC,B G C GROUP INC,40,0.02,-0.048936,0.3049904462178262,3344.66418,1.281118114980311,0.9307640333568336
2025-11-30,88159,EXEL,EXELIXIS INC,35,0.02,0.139217,0.1900266007268368,10367.891040000002,0.3155139857529641,0.63821742942214
2025-11-30,88351,INSM,INSMED INC,35,-0.02,0.092821,-0.4831965831179049,40436.5608,1.0633659782902736,0.6005085204332028
2025-11-30,89217,AAP,ADVANCE AUTO PARTS INC,25,-0.02,0.097773,-0.35214117118129706,2828.83686,1.0503402379024827,1.2087734874640197
2025-11-30,89297,CCOI,COGENT COMMUNICATIONS HLDS INC,50,-0.02,-0.539924,-0.368663594470046,2026.24125,0.7313066938629841,0.804305633575157
2025-11-30,89301,GME,GAMESTOP CORP NEW,25,-0.02,0.007755000000000001,-0.03632310516653553,9983.891609999999,1.787296398072582,0.40697992592364723
2025-11-30,89916,NXST,NEXSTAR MEDIA GROUP INC,50,0.02,-0.011646,0.32269304259862874,5935.31652,1.001836626705797,0.9092083569676598
2025-11-30,90436,HALO,HALOZYME THERAPEUTICS INC,35,0.02,0.092248,0.3645985538196395,7666.148429999999,1.189197743123086,0.833161595883122
2025-11-30,90550,DLB,DOLBY LABORATORIES INC,45,0.02,0.014026999999999998,0.39916076580120646,4057.7228799999993,0.9375272730250757,0.9023244705924622
2025-11-30,90880,AMP,AMERIPRISE FINANCIAL INC,40,0.02,0.007054,0.2584579071597167,42683.53344,1.2633403923543471,1.159337827724666
2025-11-30,90988,BKD,BROOKDALE SENIOR LIVING INC,35,-0.02,0.197635,-0.31345771983065457,2201.5323,1.0029091203113376,0.5794202063945919
2025-11-30,91215,DK,DELEK U S HOLDINGS INC NEW,10,-0.02,0.027379999999999998,-0.3344011089880484,2271.33952,1.0868717707873856,0.946349162061025
2025-11-30,91392,TNL,TRAVEL & LEISURE CO,25,0.02,0.089374,0.17494661121726432,4038.3235000000004,1.513826624787345,1.286062786543757
2025-11-30,91531,OC,OWENS CORNING NEW,20,0.02,-0.11353,0.3398711176051852,10646.68068,1.2921384284777597,1.172674542352938
2025-11-30,91594,SPR,SPIRIT AEROSYSTEMS HOLDINGS INC,20,-0.02,-0.0019219999999999999,-0.17873065827432466,4308.10311,1.7477253721323265,0.6087274588465192
2025-11-30,91606,CPRX,CATALYST PHARMACEUTICALS INC,35,0.02,0.097599,0.1477838971938106,2621.8465499999998,0.8245148938841809,0.7630240294690097
2025-11-30,91733,AVAV,AEROVIRONMENT INC,20,-0.02,-0.24753099999999997,-0.5928215503353191,18468.49657,1.104077950248674,1.1991933331367968
2025-11-30,91832,MDGL,MADRIGAL PHARMACEUTICALS INC,35,-0.02,0.422101,-0.20149113933535645,9513.6379,-0.3893089209997593,0.22276952414579304
2025-11-30,92040,FOLD,AMICUS THERAPEUTICS INC,35,-0.02,0.096656,-0.36707129744108496,2786.06202,0.6777062998468881,0.6992387502243135
2025-11-30,92294,UEC,URANIUM ENERGY CORP,10,-0.02,-0.19204,-0.5297291221760144,7274.83686,1.5218479469410469,1.5001639457961287
2025-11-30,93174,KAR,O P E N L A N E INC,20,0.02,-0.040105,0.3243790041587052,2808.55168,1.3573509024647248,0.9183270588585699
2025-12-31,10421,SKYW,SKYWEST INC,20,0.02,-0.014060999999999999,0.19375187181790948,4071.35808,1.5878280191523653,1.0697024120591885
2025-12-31,10693,EHC,ENCOMPASS HEALTH CORP,35,0.02,-0.08985900000000001,0.2093815513626834,11693.59152,0.6989281338819838,0.5840058768834082
2025-12-31,10696,FISV,FISERV INC,40,0.02,0.089601,0.17482779275232105,33061.76244,0.7651646524972225,1.2121019633229104
2025-12-31,11018,FBP,FIRST BANCORP P R,40,0.02,0.045431,0.3342692422881101,3122.41449,0.9506795162204812,0.8285111585947397
2025-12-31,11581,EPAC,ENERPAC TOOL GROUP CORP,20,0.02,0.006643,0.3810459718478586,2006.42834,0.9885889550984474,0.78974040344949
2025-12-31,12400,LPLA,L P L FINANCIAL HOLDINGS INC,40,-0.02,4.700000000000017e-05,-0.2532569631626235,28496.72952,0.6483257119429702,0.9407768900297577
2025-12-31,12622,HCA,H C A HEALTHCARE INC,35,0.02,-0.083249,0.27890086852351004,115988.72826,1.2819093274895734,0.5924217003932195
2025-12-31,13046,UI,UBIQUITI INC,45,0.019999999999999404,-0.054131,0.06485849056603776,35276.945,1.4739084233056092,1.3937690584855176
2025-12-31,13730,PBF,P B F ENERGY INC,10,-0.02,-0.216584,-0.30381476489967063,3994.4045599999995,0.5295368428707337,0.7349089868341001
2025-12-31,13788,ZTS,ZOETIS INC,35,0.02,-0.021539000000000003,0.07429245283018868,56488.02874,0.9441765536993096,0.7797312540907084
2025-12-31,13967,PTCT,P T C THERAPEUTICS INC,35,0.02,-0.119768,0.04700134770889488,6903.965119999999,0.4665733457559058,0.8251517897534218
2025-12-31,14229,OMF,ONEMAIN HOLDINGS INC,40,0.02,0.085862,0.1954552261156035,7302.91596,1.4271397194433115,1.174373510888291
2025-12-31,14436,RARE,ULTRAGENYX PHARMACEUTICALS INC,35,-0.02,-0.341256,-0.465146750524109,3352.6105,0.2134015741604207,0.9210771261098348
2025-12-31,14574,MC,MOELIS & CO,40,0.02,0.06809,0.1904761904761905,4748.3233199999995,1.948744657556524,1.313970882049838
2025-12-31,14593,AAPL,APPLE INC,45,0.02,-0.028194,0.3439091045223121,4120386.03405,1.058576922976742,1.1865470495739183
2025-12-31,14960,ENVA,ENOVA INTERNATIONAL INC,40,0.02,0.196049,0.20249326145552565,3251.29418,1.384369754615511,1.1669400744191805
2025-12-31,15058,SLNO,SOLENO THERAPEUTICS INC,35,-0.02,-0.085387,-0.24868972746331236,2709.6695,-0.9223522592328285,0.14709789052021052
2025-12-31,15303,VKTX,VIKING THERAPEUTICS INC,35,-0.02,-0.047408,-0.4902478286912249,4160.85516,0.6769459954853296,0.9249760978821858
2025-12-31,16005,SYRE,SPYRE THERAPEUTICS INC,35,-0.02,0.088873,-0.32165318957771794,2327.7599999999998,2.8346412534445786,0.26531087787958413
2025-12-31,16087,FTV,FORTIVE CORP,20,0.02,0.029222,0.2549415992812219,16985.889760000002,1.0920961713326993,0.9448013802591453
2025-12-31,16126,AZZ,A Z Z INC,20,0.02,0.013568000000000002,0.3404275232105421,3168.60894,1.1424486593793985,0.9404108239231291
2025-12-31,16560,REVG,R E V GROUP INC,20,0.02,0.139519,0.2731169511829889,2599.8956200000002,1.1418474453223886,1.033952896644782
2025-12-31,16653,HCC,WARRIOR MET COAL INC,15,-0.02,0.12307,-0.2359613656783468,4115.7053000000005,0.7470923694241051,0.6548469673457563
2025-12-31,16680,QXO,Q X O INC,20,-0.02,0.026771999999999997,-0.426081910751722,12631.36216,2.7341397927573157,0.2909874921431306
2025-12-31,16738,AM,ANTERO MIDSTREAM CORP,10,0.02,-0.015342,0.46065438754117993,8577.71275,0.8329096814299518,0.6104289723170523
2025-12-31,16771,MGY,MAGNOLIA OIL & GAS CORP,10,0.02,-0.057145999999999995,0.317235699311171,4238.16042,0.996410221826365,0.8056320733484265
2025-12-31,16967,CARG,CARGURUS INC,50,0.02,0.083891,0.3705825097334531,2866.0413599999997,1.500594735622944,1.0713952212723972
2025-12-31,17821,SRRK,SCHOLAR ROCK HOLDING CORP,35,-0.02,-0.003354,-0.4878519017669961,4494.42842,0.8451687864717369,0.5179267368011342
2025-12-31,17959,CRNX,CRINETICS PHARMACEUTICALS INC,35,-0.02,0.018602999999999998,-0.4754417490266546,4323.27952,0.24435823054360037,0.9307379753435628
2025-12-31,18065,GTX,GARRETT MOTION INC,25,0.0005076157795641627,0.056432,0.3704327643006887,3214.8039900000003,0.4370007518779872,0.7137048253012406
2025-12-31,18424,LEVI,LEVI STRAUSS & CO,25,0.02,-0.061683999999999996,0.23721548367774783,2304.02958,1.3383312872694546,1.2838355818117446
2025-12-31,18428,DOW,DOW INC,15,-0.02,-0.022834,-0.44025157232704404,16951.792950000003,0.7526920907725493,1.3156711001859989
2025-12-31,18726,CRWD,CROWDSTRIKE HOLDINGS INC,45,-0.02,-0.082473,-0.38316112608565434,128348.03448,1.1553267621995864,1.4000638117091202
2025-12-31,18776,IMVT,IMMUNOVANT INC,35,-0.010000000000000002,0.049461000000000005,-0.2925464210841569,4232.939549999999,0.5256489612562123,0.7104791766758956
2025-12-31,18835,DKNG,DRAFTKINGS INC,25,-0.02,0.036077000000000005,-0.47261530398322854,16506.15268,1.7006017593192146,1.3763177756471647
2025-12-31,18911,DDOG,DATADOG INC,45,-0.02,-0.153243,-0.35351153039832284,52074.13442999999,1.3126592190788597,1.4326718645000835
2025-12-31,19002,BWIN,BALDWIN INSURANCE GROUP INC,40,-0.02,-0.160265,-0.454702006588799,2041.0309000000002,1.3551999731811644,1.1279500438505168
2025-12-31,19201,RVMD,REVOLUTION MEDICINES INC,35,-0.02,0.021179,-0.4372941000299491,15032.5632,0.9873153730493697,0.9043762141266707
2025-12-31,19561,BA,BOEING CO,20,-0.02,0.145656,-0.27807726864330634,143657.95500000002,1.1554180332545287,1.0560949752772848
2025-12-31,19565,NCNO,NCINO INC NEW,45,-0.009999999999999395,0.03493,-0.16947439353099727,2832.7195,0.6270298035135086,1.1417357312410155
2025-12-31,19577,RKT,ROCKET COMPANIES INC,40,-0.02,-0.034158,-0.5530098831985625,19320.87978,2.2594567541505306,1.1030339191308753
2025-12-31,19628,IRON,DISC MEDICINE INC,35,-0.02,-0.152549,-0.3593516022761306,3524.34,0.8760839102966879,0.6151604842574461
2025-12-31,19635,HRMY,HARMONY BIOSCIENCES HLDGS INC,35,0.02,0.05723,0.3851265348906859,2032.5628399999998,0.8064148319481139,0.7122388110299848
2025-12-31,19751,LCID,LUCID GROUP INC,25,-0.02,-0.227632,-0.5122229709493861,4418.40984,1.1731187707738946,1.4460016230124884
2025-12-31,20138,CMPO,COMPOSECURE INC,45,-0.02,-0.03282,-0.3621780473195568,2511.78657,0.9685913996777078,0.7980223395077609
2025-12-31,20325,SMR,NUSCALE POWER CORP,20,-0.02,-0.294627,-0.6743972746331238,5656.860000000001,2.7220103226037056,1.7653678470500083
2025-12-31,20646,OSCR,OSCAR HEALTH INC,40,-0.02,-0.203461,-0.4295073375262054,4115.3097,1.9233160097002497,1.4180849867250829
2025-12-31,20648,RBLX,ROBLOX CORP,50,-0.02,-0.150449,-0.40244085055405815,62230.870650000004,1.652647894724753,1.2493526857040704
2025-12-31,20876,SYM,SYMBOTIC INC,20,-0.009999999999999995,-0.29284899999999997,-0.4931304282719377,9517.44478,2.6218101228038,1.498317074646895
2025-12-31,21053,BBAI,BIGBEAR AI HOLDINGS INC,45,-0.02,-0.151392,-0.5817422881102126,2767.7333399999998,3.0537971714603316,1.3500329835440457
2025-12-31,21342,VERA,VERA THERAPEUTICS INC,35,-0.02,0.497317,-0.4546832884097034,2157.5699999999997,1.1693683638912156,0.8764037060017812
2025-12-31,21573,IP,INTERNATIONAL PAPER CO,15,-0.02,-0.005407,-0.2884845762204253,20846.94024,1.0516963002401776,0.8431817979267494
2025-12-31,21619,OKLO,OKLO INC,55,-0.02,-0.217835,-0.6073861934710992,14277.85086,0.8719585541350534,1.1809669984593807
2025-12-31,21927,DJT,TRUMP MEDIA & TECH GRP CORP,50,-0.02,0.144187,-0.3705263551961665,3231.1769199999994,1.9475805480933437,0.41450864671344895
2025-12-31,22758,ACLX,ARCELLX INC,35,-0.02,-0.10641400000000001,-0.39139712488769096,4204.310329999999,0.3044228238546288,0.608288491864578
2025-12-31,25419,WHR,WHIRLPOOL CORP,25,-0.02,-0.070483,-0.33318358790056907,4343.12515,1.1658163865659905,1.0980023490018598
2025-12-31,29612,AIT,APPLIED INDUSTRIAL TECHS INC,20,0.02,-0.011047999999999999,0.27616801437556154,9762.172760000001,0.8610965210744636,0.9855824538969468
2025-12-31,40125,DXC,D X C TECHNOLOGY CO,45,0.02,0.106721,0.31721698113207547,2298.5687999999996,1.1127675406374387,1.056689750910041
2025-12-31,49429,DDS,DILLARDS INC,25,0.02,-0.057942,0.29499850254567234,7790.78762,1.3654972294030159,0.9654416607598059
2025-12-31,58975,OII,OCEANEERING INTERNATIONAL INC,10,0.019492384220435824,-0.018291,0.26476864330637906,2434.51,1.3928178042495387,0.8685455393584451
2025-12-31,70033,HOG,HARLEY DAVIDSON INC,25,0.02,-0.159573,0.27890086852351004,2893.29758,1.382037968380789,1.1194179661172388
2025-12-31,75510,ADBE,ADOBE INC,45,0.02,0.09014799999999999,0.33471847858640313,134006.418,1.4673158203676075,1.0656247504977996
2025-12-31,75603,CRUS,CIRRUS LOGIC INC,45,0.02,-0.018417,0.303066037735849,6140.9502,1.0697541983936174,1.1803882348811199
2025-12-31,75912,PTC,P T C INC,45,0.02,-0.010081,0.32414270739742435,20954.76264,1.0500823903474992,1.0929301610484654
2025-12-31,76095,HOLX,HOLOGIC INC,35,0.02,-0.00953,0.2520964360587002,16711.18785,0.687689782313691,0.4876538195127129
2025-12-31,76123,JOE,ST JOE CO,60,0.02,-0.01904,0.36820530098831983,3483.7558499999996,1.4040488309590906,0.8608482898760719
2025-12-31,76661,IONS,IONIS PHARMACEUTICALS INC,35,-0.02,-0.046883999999999995,-0.46091644204851745,13400.10902,0.31100713705750016,0.8066241656184284
2025-12-31,76721,CRVL,CORVEL CORP,35,0.02,-0.078421,0.20808999700509132,3750.2554600000003,1.1179839542323953,0.6796145009567259
2025-12-31,76868,AAON,AAON INC,20,-0.02,-0.187445,-0.4538222521713087,7631.146320000001,1.0935017522147885,1.3695384367989918
2025-12-31,77918,LFUS,LITTELFUSE INC,45,0.02,-0.015235,0.24605046421084162,6375.41004,1.4154046263534195,1.4069621240536931
2025-12-31,79637,UHS,UNIVERSAL HEALTH SERVICES INC,35,0.02,-0.10749800000000001,0.2752882599580713,13737.808439999999,1.1879764949031626,0.7398845212718695
2025-12-31,79859,FLG,FLAGSTAR BANK NATL ASSOC,40,-0.02,0.026278,-0.17018568433662778,5088.85344,1.1532060795170294,0.694385491334207
2025-12-31,80128,VMI,VALMONT INDUSTRIES INC,20,0.02,-0.027309,0.2972446840371369,8135.509,1.2244280981814821,0.9971657433108809
2025-12-31,80575,SSD,SIMPSON MANUFACTURING CO INC,20,0.02,-0.038436,0.34214959568733155,6939.4074200000005,1.3408856939809144,0.916672268982783
2025-12-31,80864,RS,RELIANCE INC,15,0.009999999999999995,0.031062999999999997,0.342130877508236,14604.804839999999,0.9269968711538259,0.7098279322604913
2025-12-31,81736,RMD,RESMED INC,35,0.02,-0.061603,0.19165543575920935,37342.48178,0.8700321614554987,0.6260706118682414
2025-12-31,82702,AMRX,AMNEAL PHARMACEUTICALS INC,35,0.02,0.003263,0.16765873015873015,3935.82476,1.3283749365748618,0.6562489540967963
2025-12-31,83601,WOR,WORTHINGTON ENTERPRISES INC,20,0.02,-0.060004999999999996,0.272667714884696,2724.6219,1.3151392736950847,0.9752557764006538
2025-12-31,83779,PEGA,PEGASYSTEMS INC,45,0.02,0.087251,0.2871368673255465,9295.728710000001,1.14444884324178,1.5071310748766307
2025-12-31,84761,TTWO,TAKE TWO INTERACTIVE SOFTWR INC,50,-0.010000000000000002,0.037349,-0.08393231506439057,45468.56853,0.948427370848535,0.7352718372357184
2025-12-31,85072,RL,RALPH LAUREN CORP,25,0.02,-0.038024999999999996,0.24429095537586104,14237.34347,1.5450080050377035,1.2331235438472676
2025-12-31,85593,AMG,AFFILIATED MANAGERS GROUP INC,40,0.011159324310061176,0.069224,0.22151093141659178,7561.91907,1.2152770935022963,1.0044391359299938
2025-12-31,85621,MTD,METTLER TOLEDO INTERNATIONAL INC,35,0.02,-0.059014,0.242269392033543,30166.43616,1.3333954306418128,1.0806104022291259
2025-12-31,87430,KTOS,KRATOS DEFENSE & SECUR SOLS INC,20,-0.02,-0.0056240000000000005,-0.5002620545073375,12848.8001,1.2385397343253073,1.3258957416622748
2025-12-31,88159,EXEL,EXELIXIS INC,35,0.02,-0.010825,0.3044137466307278,11842.507040000002,0.40984275083105975,0.6496911434970946
2025-12-31,88351,INSM,INSMED INC,35,-0.02,-0.16546999999999998,-0.4085804132973944,44311.73121,1.0332178193737518,0.574346511656827
2025-12-31,89217,AAP,ADVANCE AUTO PARTS INC,25,-0.02,-0.24561,-0.35047918538484574,3113.9413600000003,1.1396392703574434,1.1825363572429644
2025-12-31,89301,GME,GAMESTOP CORP NEW,25,-0.02,-0.111871,-0.03208295896975142,10091.38977,1.5298038267731,0.3943257231163028
2025-12-31,90126,CYTK,CYTOKINETICS INC,35,-0.02,-0.070498,-0.4200359389038634,8329.91445,0.640815942503357,0.8070801496553245
2025-12-31,90436,HALO,HALOZYME THERAPEUTICS INC,35,0.02,-0.06055,0.21149670560047915,8396.4258,0.9389756106990325,0.6711585988320782
2025-12-31,90880,AMP,AMERIPRISE FINANCIAL INC,40,0.02,0.072794,0.25537211740041926,42340.98044000001,1.2658215666461226,1.0869882596512668
2025-12-31,90988,BKD,BROOKDALE SENIOR LIVING INC,35,-0.02,-0.033675,-0.3251347708894879,2645.10015,0.6814992637677941,0.5750897453178302
2025-12-31,91215,DK,DELEK U S HOLDINGS INC NEW,10,-0.02,-0.236124,-0.24196990116801428,2322.21084,0.9211321976411588,0.9209029636009843
2025-12-31,91234,MWA,MUELLER WATER PRODUCTS INC,20,0.02,-0.020454,0.2624101527403414,3789.8997599999993,1.178435285984576,1.0395372582920965
2025-12-31,91392,TNL,TRAVEL & LEISURE CO,25,0.02,0.033428,0.24097783767595088,4411.4085000000005,1.4022519409647791,1.2967166415493798
2025-12-31,91594,SPR,SPIRIT AEROSYSTEMS HOLDINGS INC,20,-0.02,0.094771,-0.14010557053009884,4316.61979,1.1089902392689088,0.5844366330167214
2025-12-31,91733,AVAV,AEROVIRONMENT INC,20,-0.02,-0.137565,-0.48313492063492053,13952.599419999999,1.1801335143810445,1.2117682180999432
2025-12-31,91832,MDGL,MADRIGAL PHARMACEUTICALS INC,35,-0.02,-0.02765,-0.2700284516322253,13558.01278,-0.3573465081383677,0.20791979088941884
2025-12-31,91907,SMCI,SUPER MICRO COMPUTER INC,45,-0.02,-0.13843,-0.6360437256663671,20207.46835,1.4827420395108175,1.7596765162465489
2025-12-31,92245,AROC,ARCHROCK INC,10,0.02,0.057183000000000005,0.2835616951182988,4303.5797999999995,0.9596680191530174,0.9394130308175908
2025-12-31,92294,UEC,URANIUM ENERGY CORP,10,-0.02,-0.051212,-0.5186807427373465,5899.685939999999,1.564766295335648,1.536136508568542
2025-12-31,92469,SATS,ECHOSTAR CORP,50,-0.02,0.480022,-0.48513776579814316,11471.93712,1.0777154069640535,1.3235512264310363
2025-12-31,93098,H,HYATT HOTELS CORP,25,-0.02,-0.027885,-0.38971248876909254,6874.62541,1.289533661034418,1.143582175171345
2025-12-31,93330,PRI,PRIMERICA INC,40,0.018840675689938833,0.0009149999999999996,0.3441711590296496,8212.62512,0.8965157450224953,0.7987429918260049
2026-01-31,10421,SKYW,SKYWEST INC,20,0.02,-0.0417411612389205,0.2321428571428572,4026.84264,1.6370780567000445,1.0846129529178559
2026-01-31,10606,WTS,WATTS WATER TECHNOLOGIES INC,20,0.0015306521322984434,0.08137794362727344,0.30180636923539134,7564.880139999999,1.260366660470613,0.9056376123349336
2026-01-31,10693,EHC,ENCOMPASS HEALTH CORP,35,0.02,-0.11079299837093333,0.22157127835361276,10679.38224,0.7104599303382897,0.5961477651357292
2026-01-31,12062,LH,LABCORP HOLDINGS INC,35,0.02,0.07927040816326532,0.2760064593660808,20797.952,0.9936918280595104,0.5434409967625822
2026-01-31,12400,LPLA,L P L FINANCIAL HOLDINGS INC,40,-0.02,0.017522440294537516,-0.3513970256872465,28587.17246,0.6169337359307779,0.9711790790617935
2026-01-31,12622,HCA,H C A HEALTHCARE INC,35,0.02,0.04285957246283669,0.3131290371038005,106534.65084,1.2827003721926815,0.6078568203356216
2026-01-31,13046,UI,UBIQUITI INC,45,0.02,-0.006487846751603977,0.1677369686044765,33477.675,1.4645689363699752,1.406631965114603
2026-01-31,13730,PBF,P B F ENERGY INC,10,-0.02,0.2307758112094394,-0.27311476641129634,3141.77064,0.5802167554145196,0.7765230225949964
2026-01-31,13788,ZTS,ZOETIS INC,35,0.02,-0.006681495123683001,0.11009088177857893,55447.993259999996,0.9452715107961116,0.7853450919446987
2026-01-31,14229,OMF,ONEMAIN HOLDINGS INC,40,0.02,-0.032755736491487754,0.15205798407691148,7952.7966,1.3648912135151368,1.1963671753015566
2026-01-31,14574,MC,MOELIS & CO,40,0.02,0.03962438172825139,0.14909118221421055,5086.48504,1.8897489654604567,1.3349107727474945
2026-01-31,14593,AAPL,APPLE INC,45,0.02,-0.04853814463326709,0.34535075859996994,4017099.32658,1.0415563827756964,1.2005258685987183
2026-01-31,14759,WMS,ADVANCED DRAINAGE SYSTEMS INC,20,0.02,0.04678250362493934,0.24755896049271442,11262.56012,1.379967953670648,1.179710435108782
2026-01-31,14803,HQY,HEALTHEQUITY INC,35,0.02,-0.06784008296037548,0.25557683641279855,7826.7919600000005,0.2923639086637762,0.5152617844469314
2026-01-31,14960,ENVA,ENOVA INTERNATIONAL INC,40,0.018469347867700943,0.047699745547073784,0.11979870812678385,3894.9444,1.3354931072253637,1.2123699779691057
2026-01-31,15058,SLNO,SOLENO THERAPEUTICS INC,35,-0.02,-0.1701706263498919,-0.224275199038606,2486.7729999999997,-0.9103299179784655,0.15093879122849244
2026-01-31,15303,VKTX,VIKING THERAPEUTICS INC,35,-0.02,-0.17753098351335989,-0.502948024635722,3976.60648,0.7606635389412818,0.9360279019488378
2026-01-31,15315,GDDY,GODADDY INC,45,0.02,-0.1928774983881367,0.3033648790746582,16768.41936,0.9581783259730109,0.9374076161476769
2026-01-31,15707,HPE,HEWLETT PACKARD ENTERPRISE CO,45,-0.02,-0.10707993338884264,-0.4302989334535075,32055.482659999998,1.2882293699044813,1.3706010444124685
2026-01-31,16005,SYRE,SPYRE THERAPEUTICS INC,35,-0.02,-0.026809523809523738,-0.33032897701667413,2541.91392,2.889763450183809,0.27202407000294315
2026-01-31,16126,AZZ,A Z Z INC,20,0.02,0.1566379921627169,0.35066471383506087,3221.5092600000003,1.1401153816731235,0.9216737765704814
2026-01-31,16653,HCC,WARRIOR MET COAL INC,15,-0.02,0.009816150618124082,-0.21999399128736669,4635.0969000000005,0.6824525183121635,0.6757121347391656
2026-01-31,16680,QXO,Q X O INC,20,-0.02,0.14681855883877673,-0.41082694907616046,13009.02168,2.774538643916612,0.300529348593518
2026-01-31,16923,CELC,CELCUITY INC,35,-0.015471969203943425,0.09405233607379193,-0.5196597566471384,4615.0695399999995,0.3081931956723823,1.221968675053521
2026-01-31,16967,CARG,CARGURUS INC,50,0.02,-0.15814993481095183,0.3831680937359171,3115.4389499999997,1.4261888539074228,1.104792153513294
2026-01-31,17223,ADT,A D T INC,25,0.02,-0.01167410161090458,0.4217928496319664,6173.69526,0.9547957150705493,0.6690603331945727
2026-01-31,17700,DAY,DAYFORCE INC,20,-0.011530652132298438,-0.001409485251590523,-0.3686720745080367,11068.0206,1.2297792865113226,1.4147652152747006
2026-01-31,17821,SRRK,SCHOLAR ROCK HOLDING CORP,35,-0.02,0.0035834279228151257,-0.46937434279705575,4493.40835,0.8822140010697183,0.5299141725011272
2026-01-31,17959,CRNX,CRINETICS PHARMACEUTICALS INC,35,-0.02,0.06982491944146081,-0.5061589304491513,4417.222599999999,0.23883857522799173,0.947120550491052
2026-01-31,18064,FTDR,FRONTDOOR INC,25,0.02,0.021614317906049608,0.29025837464323273,4160.1989699999995,1.3467679714397136,0.9445996015796089
2026-01-31,18424,LEVI,LEVI STRAUSS & CO,25,0.02,-0.044465766634522744,0.2705798407691152,2169.11364,1.3322760365826836,1.2950976551029851
2026-01-31,18428,DOW,DOW INC,15,-0.010000000000000002,0.17535757057313964,-0.4198212407991588,16617.73246,0.7442997865660292,1.3444997672544141
2026-01-31,18776,IMVT,IMMUNOVANT INC,35,-0.02,0.019816679779700953,-0.3472472585248611,5152.07476,0.5509037999165901,0.717228021701614
2026-01-31,18835,DKNG,DRAFTKINGS INC,25,-0.02,-0.20468311085316307,-0.4470482199188824,17153.25758,1.754723227865037,1.390160724167946
2026-01-31,19201,RVMD,REVOLUTION MEDICINES INC,35,-0.02,0.21420025109855612,-0.4155024785939612,15397.938,1.0352432927999893,0.8916844379132426
2026-01-31,19561,BA,BOEING CO,20,-0.02,0.07345541635961675,-0.41850683491062046,170020.37552,1.1500574816607625,1.1036162981896283
2026-01-31,19565,NCNO,NCINO INC NEW,45,-0.02,-0.1703166926677067,-0.24849782184167044,2940.5234,0.6610057999359104,1.1498120893105064
2026-01-31,19577,RKT,ROCKET COMPANIES INC,40,-0.02,-0.0768636363636364,-0.5209929397626558,18721.33296,2.302102693391822,1.123526309696055
2026-01-31,19628,IRON,DISC MEDICINE INC,35,-0.02,-0.02931910338748273,-0.4133055430374042,2997.7275,0.8762579167676473,0.6315648679255201
2026-01-31,19635,HRMY,HARMONY BIOSCIENCES HLDGS INC,35,0.02,-0.02705130946018168,0.35119047619047616,2155.24232,0.8664696444475871,0.7461660291836774
2026-01-31,19655,STEP,STEPSTONE GROUP INC,40,-0.02,0.09860511142278312,-0.4315382304341294,5077.3870799999995,1.3549731330820811,1.457328943548534
2026-01-31,19751,LCID,LUCID GROUP INC,25,-0.02,0.04430368968779565,-0.48971007961544233,3426.4557600000003,1.2021638637216085,1.4323295411846877
2026-01-31,19969,IMNM,IMMUNOME INC,35,-0.014528030796056577,0.14318249534450653,-0.548144809974463,2369.93136,2.5322087904473403,1.1244367281514527
2026-01-31,20138,CMPO,COMPOSECURE INC,45,-0.02,0.21951037344398333,-0.2678383656301638,2437.20408,0.9856496829597422,0.8140189847336131
2026-01-31,20325,SMR,NUSCALE POWER CORP,20,-0.02,0.23059209597741712,-0.6793976265585098,3947.74783,2.7669654574923768,1.8163183204289817
2026-01-31,20648,RBLX,ROBLOX CORP,50,-0.02,-0.191448722695298,-0.3834685293675829,53062.90065,1.6669171584005953,1.2450651670927624
2026-01-31,21053,BBAI,BIGBEAR AI HOLDINGS INC,45,-0.02,-0.06966666666666672,-0.5700766110860748,2357.3754,3.070111937848891,1.2883574380284493
2026-01-31,21342,VERA,VERA THERAPEUTICS INC,35,-0.02,-0.14873459715639817,-0.4851472134595163,3594.7816799999996,1.1302843979654487,0.9206125280013033
2026-01-31,21573,IP,INTERNATIONAL PAPER CO,15,-0.02,0.020610053313023666,-0.28447498873366384,20799.416820000002,1.0638153927184169,0.8683289452522233
2026-01-31,21619,OKLO,OKLO INC,55,-0.02,0.10653177257525082,-0.610259876821391,11212.284720000001,0.8960356769396873,1.233062475694502
2026-01-31,21927,DJT,TRUMP MEDIA & TECH GRP CORP,50,-0.02,-0.037743202416918496,-0.4187697160883281,3707.17352,1.9329198994517451,0.5130487793027695
2026-01-31,22220,NN,NEXTNAV INC,45,-0.02,-0.14001923076923084,-0.36765810425116413,2243.55456,1.135631279316542,0.9001608672022141
2026-01-31,22265,RIVN,RIVIAN AUTOMOTIVE INC,25,-0.02,-0.2546489091831558,-0.5316208502328377,24085.63971,1.850940664410388,1.6153924958948156
2026-01-31,22758,ACLX,ARCELLX INC,35,-0.02,0.04469938650306747,-0.44351810124680785,3770.0596,0.31936687714722534,0.6157139263329459
2026-01-31,23054,SOUN,SOUNDHOUND AI INC,45,-0.02,-0.1544543630892678,-0.5864879074658254,3863.9732000000004,2.7581823959978884,1.668508263298796
2026-01-31,25419,WHR,WHIRLPOOL CORP,25,-0.02,0.10581619074022729,-0.30866005708277006,4050.5888600000003,1.2066794035731658,1.0930861637662774
2026-01-31,29612,AIT,APPLIED INDUSTRIAL TECHS INC,20,0.02,0.011176110916384433,0.31729758149316506,9684.85086,0.8831656480344487,0.9986063333094362
2026-01-31,40125,DXC,D X C TECHNOLOGY CO,45,0.02,-0.018017064846416356,0.314293225176506,2551.0631,1.0546452606406296,1.0743404393222
2026-01-31,44134,KMT,KENNAMETAL INC,20,0.02,0.20748926434354087,0.2467515397326123,2161.80213,1.4918227947901364,1.1622229270335847
2026-01-31,46463,GFF,GRIFFON CORP,20,0.02,0.1029063136456211,0.2851134144509539,3404.9131500000003,1.4120330351182704,0.9607203096729503
2026-01-31,49429,DDS,DILLARDS INC,25,0.02,-0.0009879275653924694,0.31019978969505785,7049.915180000001,1.293444681402913,0.990838859902784
2026-01-31,70033,HOG,HARLEY DAVIDSON INC,25,0.02,-0.03667496339677878,0.3155700766110861,2420.7295799999997,1.4417933691230527,1.1459385696436453
2026-01-31,75510,ADBE,ADOBE INC,45,0.02,-0.16511891768336245,0.26032747483851587,146505.814,1.4589063052916966,0.9871649952832476
2026-01-31,75603,CRUS,CIRRUS LOGIC INC,45,0.02,0.09691561181434602,0.3410507736217515,6047.055,1.079107203453804,1.1951898820983493
2026-01-31,75912,PTC,P T C INC,45,0.02,-0.10678279088456467,0.374680787141355,20809.036079999998,1.0303871399098752,1.105570347496832
2026-01-31,76123,JOE,ST JOE CO,60,0.02,0.11187283139632813,0.40605753342346407,3428.3206499999997,1.3323319332484247,0.8849374589172517
2026-01-31,76661,IONS,IONIS PHARMACEUTICALS INC,35,-0.02,0.04200063203134878,-0.4017575484452456,12813.76314,0.2843075567209744,0.8230713640902614
2026-01-31,76709,IDXX,I D E X X LABORATORIES INC,35,0.02,-0.01197225548017078,0.24387862400480695,54021.59703,1.6568815345725323,1.3833863772461221
2026-01-31,76721,CRVL,CORVEL CORP,35,0.02,0.025964090438894544,0.2404799459215863,3467.88449,1.0841620060589685,0.6600532629435573
2026-01-31,76868,AAON,AAON INC,20,-0.02,0.19122950819672135,-0.40044314255670715,6224.5925,1.1240278875722793,1.4025346208121392
2026-01-31,77584,BKE,BUCKLE INC,25,0.02,-0.06156589000270877,0.3903034399879826,2732.80694,1.2350259114104953,0.7764830889210841
2026-01-31,77918,LFUS,LITTELFUSE INC,45,0.02,0.2770885655543254,0.21937434279705575,6298.21384,1.4149415031307482,1.4357401256656799
2026-01-31,79637,UHS,UNIVERSAL HEALTH SERVICES INC,35,0.02,-0.07987368131364103,0.3363940213309298,12042.116680000001,1.20005120385811,0.7475569387484197
2026-01-31,79859,FLG,FLAGSTAR BANK NATL ASSOC,40,-0.02,0.04703971405877689,-0.15904311251314404,5234.368039999999,1.1323522942507016,0.6774726002525039
2026-01-31,80128,VMI,VALMONT INDUSTRIES INC,20,0.02,0.10447663551401873,0.31305392819588407,7925.704,1.2234256663538878,1.0099913260107787
2026-01-31,80575,SSD,SIMPSON MANUFACTURING CO INC,20,0.02,0.09374386452787914,0.32835736818386657,6694.384730000001,1.3599658946961874,0.9221506709864786
2026-01-31,81736,RMD,RESMED INC,35,0.02,0.06940420143645942,0.18501201742526666,35158.830420000006,0.8835813458846574,0.6236732382718363
2026-01-31,82702,AMRX,AMNEAL PHARMACEUTICALS INC,35,0.02,0.08271428571428573,0.17055355265134445,3960.9737999999998,1.3032295284259299,0.6512897094751744
2026-01-31,83779,PEGA,PEGASYSTEMS INC,45,0.02,-0.2710277917092339,0.17380201291873215,10135.85756,1.1444354522525901,1.549831207921193
2026-01-31,84761,TTWO,TAKE TWO INTERACTIVE SOFTWR INC,50,-0.008469347867700884,-0.14255395852048586,-0.03871864203094488,47308.96736999999,0.9078939364710965,0.7468579603732325
2026-01-31,85072,RL,RALPH LAUREN CORP,25,0.02,-0.0035655948643985073,0.24954934655250116,13705.56999,1.5087912040935778,1.2615050581054807
2026-01-31,85593,AMG,AFFILIATED MANAGERS GROUP INC,40,0.02,0.08306216178715145,0.25071353462520657,8109.02812,1.1755342396337134,1.0227853300417022
2026-01-31,85621,MTD,METTLER TOLEDO INTERNATIONAL INC,35,0.02,-0.01802664629641587,0.2613602223223674,28480.513320000002,1.3597372010522903,1.1025153358926194
2026-01-31,87426,LCII,L C I INDUSTRIES,25,0.02,0.2059170924674468,0.26474012317860895,2936.18532,1.345696497996527,1.0096812368073875
2026-01-31,87430,KTOS,KRATOS DEFENSE & SECUR SOLS INC,20,-0.02,0.3540017125543408,-0.5063091482649842,12816.72031,1.1662882637366683,1.3696585175335205
2026-01-31,88159,EXEL,EXELIXIS INC,35,0.02,-0.05935409536846906,0.3058622502628812,11751.348960000001,0.40679409996466925,0.6781618055065171
2026-01-31,88351,INSM,INSMED INC,35,-0.02,-0.10165548149850602,-0.4705573080967402,37118.03292,1.1274488819219977,0.6126479543316831
2026-01-31,89217,AAP,ADVANCE AUTO PARTS INC,25,-0.02,0.22559490400540763,-0.3456511942316358,2358.8646,1.1501976604270783,1.2094779365322352
2026-01-31,89301,GME,GAMESTOP CORP NEW,25,-0.02,0.18624302788844643,-0.12426768814781435,8996.020719999999,1.5543384370513145,0.3764198700230379
2026-01-31,89540,DKS,DICKS SPORTING GOODS INC,25,-0.02,0.01735661968985215,-0.33952981823644285,13144.812059999998,1.2126652727933802,1.1372020140717407
2026-01-31,90126,CYTK,CYTOKINETICS INC,35,-0.02,-0.008508341202392217,-0.4586525461919783,7768.7181,0.59320205450015,0.8504601653101926
2026-01-31,90319,GOOGL,ALPHABET INC,50,0.02,0.0768722044728433,0.2696597566471383,1821034.0,1.0278890562595668,1.0880367296306106
2026-01-31,90436,HALO,HALOZYME THERAPEUTICS INC,35,0.02,0.06252748885586919,0.20331981372990837,7914.2780999999995,0.9309564119328257,0.681090476938228
2026-01-31,90880,AMP,AMERIPRISE FINANCIAL INC,40,0.02,0.072151935391769,0.21484903109508788,45555.52804,1.2642581773483983,1.1104502171420187
2026-01-31,90988,BKD,BROOKDALE SENIOR LIVING INC,35,-0.02,0.38717608897126976,-0.2714060387561965,2564.29745,0.6873951680055327,0.5663385319332284
2026-01-31,91234,MWA,MUELLER WATER PRODUCTS INC,20,0.02,0.13343996641477748,0.2908404686795854,3724.4952000000003,1.1857628900655248,1.051741626118698
2026-01-31,91392,TNL,TRAVEL & LEISURE CO,25,0.02,-0.017036580178647464,0.27305843473035896,4536.842250000001,1.3962935647133055,1.3093565894334964
2026-01-31,91733,AVAV,AEROVIRONMENT INC,20,-0.02,0.1478950349332341,-0.5927782785038305,12076.84203,1.213379068306161,1.2191590080933186
2026-01-31,91832,MDGL,MADRIGAL PHARMACEUTICALS INC,35,-0.02,-0.16275203489370477,-0.24909869310500227,13225.52374,-0.3202089908894424,0.21732052507863042
2026-01-31,91907,SMCI,SUPER MICRO COMPUTER INC,45,-0.02,-0.008466347796378549,-0.6115742827099294,17473.34117,1.5009268360651589,1.672441196454373
2026-01-31,92469,SATS,ECHOSTAR CORP,50,-0.02,0.038582336706531634,-0.5470557308096741,17014.5936,1.0970400094057575,1.363420351511376
2026-01-31,93098,H,HYATT HOTELS CORP,25,-0.02,-0.02763822355289409,-0.3500826197987082,6704.42208,1.3035244491712412,1.1505320666534202
2026-01-31,93330,PRI,PRIMERICA INC,40,0.02,0.015114259173246693,0.3624755896049271,8245.81776,0.9028910962843028,0.7944220190517284
2026-02-28,10606,,,20,0.02,0.09726347927887377,0.3065012609405132,8203.18917,1.2596736912703972,0.9119652794188904
2026-02-28,10693,,,35,0.02,0.1384250079339893,0.23994956237946896,9511.23048,0.7068042867232024,0.5957229776758738
2026-02-28,12062,LH,LABCORP HOLDINGS INC.,35,0.02,0.06467200942013984,0.2342197003411957,22509.008,1.0047618571412222,0.54967037333317
2026-02-28,12400,LPLA,LPL Financial Holdings Inc.,40,-0.02,-0.17871220850480105,-0.20729491173416403,29173.851,0.6187426303907827,0.9904122348295946
2026-02-28,12622,HCA,"HCA Healthcare, Inc.",35,0.02,0.08205059495770803,0.25736166740839633,111420.28438,1.2812573363074309,0.6094995249985634
2026-02-28,13046,,,45,0.02,0.38973594428112995,0.09929906542056074,33360.909999999996,1.4724848622923394,1.445712906490141
2026-02-28,13730,PBF,PBF Energy Inc.,10,-0.02,0.06951901282462743,-0.33492805221777194,3876.24062,0.5954261330742253,0.8671613593454531
2026-02-28,13788,,,35,0.02,0.04751244992789615,0.15834075063047023,55007.300259999996,0.9408399329825451,0.7889354869097219
2026-02-28,14229,,,40,0.02,-0.1476922200066396,0.21098501705978343,7716.155280000001,1.3613945936560938,1.2295579168609052
2026-02-28,14574,,,40,0.02,-0.16601546979896314,0.13948227265984278,5303.29332,1.8953730344334407,1.3657002732720136
2026-02-28,14593,AAPL,Apple Inc.,45,0.02,0.016277060086716536,0.37171784601691144,3813817.83848,1.0402739938975312,1.1913324484479602
2026-02-28,14759,,,20,0.02,0.1241402788739806,0.21272808188696038,11823.238559999998,1.3791394419160041,1.1862699588493597
2026-02-28,14803,HQY,"HEALTHEQUITY, INC.",35,0.00999999999999937,-0.10995536360452908,0.21927384661029523,7319.302120000001,0.3073817107794195,0.5229398248572168
2026-02-28,14960,ENVA,"Enova International, Inc.",40,0.02,-0.16094009808076515,0.25265168372645014,4083.82825,1.3265250142450398,1.2219017818869424
2026-02-28,15058,,,35,-0.02,0.010426141078838122,-0.1615487316421896,2071.0576,-0.9133375707198969,0.14347575567855797
2026-02-28,15303,,,35,-0.02,0.16248925619834725,-0.4910621569500075,3282.56544,0.7773336702324134,0.9369913170887668
2026-02-28,16005,SYRE,"Spyre Therapeutics, Inc.",35,-0.02,0.34210306441525945,-0.30403500964248625,2481.39216,2.8811035185683544,0.2717579776754777
2026-02-28,16653,HCC,"WARRIOR MET COAL, INC.",15,-0.02,-0.06980449616952908,-0.19253449043168672,4694.501,0.6868693840717189,0.6900213240655163
2026-02-28,16680,QXO,"QXO, Inc.",20,-0.02,0.0770016230838592,-0.437620531078475,15663.36074,2.8155317408878537,0.3113487509559696
2026-02-28,16736,VST,Vistra Corp.,55,-0.010000000000000002,0.09533703820650442,-0.40722815605993173,53652.938749999994,1.405109608373296,1.267901197117462
2026-02-28,16738,,,10,0.02,0.1916739638682253,0.4709983681946298,8963.495499999999,0.8093279891079274,0.6153948901127505
2026-02-28,16923,,,35,-0.016936071442526332,0.018128532261012537,-0.5496588043317016,5062.97282,0.35099093187015235,1.2389063336884878
2026-02-28,16967,,,50,0.02,-0.055269135802469116,0.4658062601987836,2632.0788,1.4184542022697286,1.1141517331422093
2026-02-28,17223,,,25,0.02,-0.00030000000000010053,0.44305370123127125,6120.144,0.9673187283740802,0.6829001681191915
2026-02-28,17366,,,15,-0.02,0.34579437751004,-0.40283340750630475,3100.9837500000003,1.5940895907386838,0.7325359096495281
2026-02-28,17700,,,20,-0.02,0.007738474644146145,-0.4233422340898977,11085.62445,1.2206922229221757,1.4075479589113813
2026-02-28,17821,SRRK,Scholar Rock Holding Corp,35,-0.02,-0.004378709968425807,-0.4712950600801068,4522.99038,0.89766468756952,0.5390592502861516
2026-02-28,17892,DNTH,"Dianthus Therapeutics, Inc. /DE/",35,-0.02,0.030914178685146978,-0.5765650496958907,2289.14964,1.6235453025237252,0.8805336472772074
2026-02-28,17959,CRNX,"Crinetics Pharmaceuticals, Inc.",35,-0.02,-0.1798124148978774,-0.5425567423230975,5119.44928,0.23861414589819765,0.9271317482797458
2026-02-28,18064,,,25,0.02,0.1572406022669598,0.2767764426642931,4262.59943,1.3552573540365345,0.952657874629649
2026-02-28,18424,LEVI,LEVI STRAUSS & CO,25,0.02,0.11901398498393315,0.17864560154279788,2062.39096,1.3308661005244797,1.3236174174121846
2026-02-28,18428,DOW,DOW INC.,15,-0.02,0.1253306747622904,-0.5436322504079513,19581.63085,0.7421827119272967,1.3667353017533814
2026-02-28,18776,,,35,-0.00306392855747304,0.06373846153846156,-0.2957276368491321,5238.402,0.5379978408702846,0.7203100992104673
2026-02-28,18835,,,25,-0.02,-0.136206034169393,-0.4298694555703901,13693.735230000002,1.7668238119206627,1.4466710442426383
2026-02-28,19002,BWIN,"Baldwin Insurance Group, Inc.",40,-0.02,0.056962773722627674,-0.4656950007417298,2096.07808,1.3646725463477094,1.1898463219779196
2026-02-28,19201,,,35,-0.02,0.04949499742135114,-0.5399421450823321,18742.374,1.0416196072879171,1.0876474498378876
2026-02-28,19565,,,45,-0.00662792363199814,-0.2468281030444965,-0.2047359442219255,2448.52475,0.660336640045471,1.1994684782599656
2026-02-28,19577,,,40,-0.02,0.011700836586726377,-0.5661622904613559,17338.50723,2.30658610359564,1.1855734850427544
2026-02-28,19628,IRON,"Disc Medicine, Inc.",35,-0.02,-0.1411859286083806,-0.42386144488948224,2918.83,0.8812534073011034,0.6411543325402955
2026-02-28,19635,HRMY,"Harmony Biosciences Holdings, Inc.",35,0.02,-0.2213104052573933,0.44494511200118675,2103.40592,0.8656072636082903,0.7445075313642519
2026-02-28,19751,LCID,"Lucid Group, Inc.",25,-0.02,-0.09945763324299911,-0.4889667705088266,3588.53976,1.308890510486015,1.537411792922212
2026-02-28,20138,CMPO,"CompoSecure, Inc.",45,-0.02,-0.050221354974123035,-0.40544800474707016,6821.51155,0.988176154554446,0.8310987207465741
2026-02-28,20325,SMR,NUSCALE POWER Corp,20,-0.02,-0.2676741418764303,-0.6850801068090788,4869.91052,2.7664216756107747,1.738297401229358
2026-02-28,20648,,,50,-0.02,0.04129975669099744,-0.45512535232161405,43063.264800000004,1.664288395374051,1.3632749779608777
2026-02-28,21007,RGTI,"Rigetti Computing, Inc.",45,-0.02,-0.04407682993946064,-0.6982458092271177,5996.57242,2.108506864518915,1.8302507255794085
2026-02-28,21017,,,45,-0.02,-0.2220071731949032,-0.3190364931019136,2225.0347600000005,0.6696125747553786,1.3237104428605921
2026-02-28,21053,BBAI,"BigBear.ai Holdings, Inc.",45,-0.02,-0.2170857142857143,-0.5567608663403056,2200.21704,3.067871843451428,1.2605365097915429
2026-02-28,21342,,,35,-0.02,-0.05989662505779008,-0.460539979231568,3031.05516,1.1254783285423147,0.9284297990278658
2026-02-28,21573,IP,INTERNATIONAL PAPER CO /NEW/,15,-0.02,0.08855773080912914,-0.33047767393561794,21290.49216,1.065580609119568,0.9011890706120091
2026-02-28,21619,,,55,-0.02,-0.21216950514945995,-0.6077176976709687,12440.386140000002,0.8968390526804938,1.1700904416799334
2026-02-28,21927,DJT,Trump Media & Technology Group Corp.,50,-0.02,-0.16477183098591539,-0.36721183800623053,3533.6444399999996,1.9321455241047163,0.4860948382467291
2026-02-28,22623,CEG,Constellation Energy Corp,55,-0.02,0.172488584865327,-0.3974002373535085,101705.80140000001,1.158046204672576,1.2098604596908638
2026-02-28,22758,,,35,-0.02,0.662988317962231,-0.41757528556593976,3949.88913,0.31942125396050597,0.6082853250147134
2026-02-28,23054,,,45,-0.003372076368001854,0.013748463356973755,-0.5638072986203828,3278.7576000000004,2.753230048588404,1.612458470395557
2026-02-28,40125,DXC,DXC Technology Co,45,0.02,-0.1303121275121275,0.35332294911734163,2512.75362,1.0635730579082807,1.0873858871635844
2026-02-28,42877,JBHT,HUNT J B TRANSPORT SERVICES INC,20,0.02,0.15086446102997572,0.24419596499035753,19302.59296,1.2585563879711619,1.15208040113603
2026-02-28,44134,KMT,KENNAMETAL INC,20,0.02,0.17417033171308594,0.16746402610888594,2616.83827,1.4986263724950282,1.1886113691245361
2026-02-28,46463,,,20,0.010000000000000009,0.04643265941376071,0.24058003263610742,3793.3708500000002,1.4195731553303206,0.9791235918967275
2026-02-28,49429,,,25,0.02,-0.01065107643689512,0.3032191069574247,7064.10012,1.3218340779512392,1.053984962832836
2026-02-28,65700,,,15,0.02,-0.055127926591342524,0.2538013647826732,3451.85867,0.9918457155851388,0.9021904996498028
2026-02-28,70033,,,25,0.02,-0.09370909090909092,0.3104138851802403,2339.2116,1.4503781719953885,1.1554732768211022
2026-02-28,75510,ADBE,ADOBE INC.,45,0.02,-0.10796624040920712,0.3467215546654798,120379.125,1.4519284530077352,1.0199991783066948
2026-02-28,75603,,,45,0.02,0.07990676691729325,0.2867341640706127,6651.2502,1.0914782241713405,1.2122296596047841
2026-02-28,75912,,,45,0.02,0.00014626272977651946,0.383177570093458,18566.9796,1.0385540655008547,1.1485994967507376
2026-02-28,76123,,,60,0.02,0.08754597371204101,0.3932094644711467,3822.14155,1.337579572266139,0.8968116406360079
2026-02-28,76661,IONS,IONIS PHARMACEUTICALS INC,35,-0.02,-0.021186355388895562,-0.4258641151164516,13390.39058,0.28920000578248667,0.7991821324954868
2026-02-28,76709,IDXX,IDEXX LABORATORIES INC /DE,35,0.02,-0.023278477463234224,0.23828067052366117,53536.90146,1.6538284138665826,1.3991259089559271
2026-02-28,76721,,,35,0.02,-0.2620273445354014,0.20410547396528705,3568.3286099999996,1.0785833278905879,0.6700159277954983
2026-02-28,76868,,,20,-0.02,0.10855515045025264,-0.4200971665924937,7424.212860000001,1.1344519003044082,1.3692023898986996
2026-02-28,79637,,,35,0.02,0.021248494484746087,0.33895193591455275,11116.394839999999,1.1915849807217975,0.7561249444946425
2026-02-28,79668,BDC,BELDEN INC.,45,0.02,0.21667068334609826,0.25500667556742324,4618.143,1.2366237370533448,1.059624740735391
2026-02-28,79758,BYD,BOYD GAMING CORP,25,0.010000000000000009,-0.018295623373551076,0.2894971072541166,6604.4338800000005,1.2686765217848788,0.916659928387361
2026-02-28,79859,,,40,-0.02,-0.04289077155824524,-0.2267838599614301,5496.29432,1.1334978521270591,0.6188745163145046
2026-02-28,79879,VIAV,VIAVI SOLUTIONS INC.,45,-0.02,0.21183614063777606,-0.41008381545764727,5659.77494,1.000834784734587,1.0703336752920611
2026-02-28,80128,,,20,0.02,0.029451548612981358,0.30277406912920934,8777.532,1.2322749549594332,1.009578493309493
2026-02-28,80575,,,20,0.02,0.09217680733114594,0.29426272066458986,7329.122020000001,1.3597534387532273,0.939700803305314
2026-02-28,80864,,,15,0.009999999999999995,-0.044863732928679866,0.3295505117935025,17228.5665,0.9344153398656151,0.712558337161826
2026-02-28,81736,RMD,RESMED INC,35,0.02,-0.008313873157171244,0.28836596944073584,37704.47746,0.8803472593963254,0.5892206743196511
2026-02-28,82702,AMRX,"Amneal Pharmaceuticals, Inc.",35,0.02,0.0067029239766082434,0.2145267764426643,4300.48584,1.3069233890752334,0.6462899708205906
2026-02-28,83601,WOR,"WORTHINGTON ENTERPRISES, INC.",20,0.02,0.005117941335252603,0.2581033971220887,2753.32679,1.3445833143289971,0.9646404656940207
2026-02-28,83779,PEGA,PEGASYSTEMS INC,45,0.02,-0.0018844586861981396,0.2320501409286456,7415.19787,1.1387036727091946,1.589983103247342
2026-02-28,84761,,,50,-0.02,-0.04283631411711306,-0.04257528556593975,40706.8137,0.9039068552138216,0.7654998893784807
2026-02-28,85072,RL,RALPH LAUREN CORP,25,0.02,0.023203791630117918,0.31586559857587904,13697.818190000002,1.5055071993479854,1.255576382660793
2026-02-28,85593,,,40,0.02,-0.02483676050192796,0.21395193591455272,8806.90861,1.1823200909391638,1.044503950409138
2026-02-28,85621,MTD,METTLER TOLEDO INTERNATIONAL INC/,35,0.02,-0.0075697416329264765,0.26934060228452755,28052.546720000002,1.36220792294806,1.1169003030940137
2026-02-28,87430,,,20,-0.02,-0.16618219590331032,-0.5249035751372201,17392.311410000002,1.1659784985528265,1.431157175310553
2026-02-28,88159,EXEL,"EXELIXIS, INC.",35,0.02,0.0624804642166345,0.3397678385996143,11089.11232,0.4137771163595015,0.6735048237904601
2026-02-28,88351,INSM,INSMED Inc,35,-0.02,-0.050865276980939574,-0.4188733125649013,33456.13551,1.13413023410544,0.6069672071415187
2026-02-28,89217,AAP,ADVANCE AUTO PARTS INC,25,-0.02,0.10467760883149349,-0.3408804331701528,2881.65622,1.150140336304147,1.2185306528974689
2026-02-28,89301,GME,GameStop Corp.,25,-0.02,0.0034814070351758364,-0.17397270434653614,10698.45492,1.9763908836937594,0.6416406879639416
2026-02-28,89540,,,25,-0.02,0.005269306930692984,-0.27868639667705086,13412.395999999999,1.2269516831638931,1.1553768655375898
2026-02-28,90126,,,35,-0.02,-0.01815053014717517,-0.42313825841863234,7725.9253499999995,0.5859590306263731,0.8499397879877063
2026-02-28,90319,,,50,0.02,-0.08043313609467449,0.29426272066458975,1966484.0,1.0308525507469282,1.079788536463385
2026-02-28,90436,HALO,"HALOZYME THERAPEUTICS, INC.",35,0.02,-0.03320022312090354,0.20386441180833706,8432.880869999999,0.9404828142177915,0.689123516408856
2026-02-28,90808,,,25,0.02,-0.18838374867844737,0.24673638925975375,30988.663559999997,1.4209489300517273,1.4365431735431746
2026-02-28,90988,BKD,Brookdale Senior Living Inc.,35,-0.02,0.017200000000000108,-0.3889259753745734,3564.825,0.6991589743575586,0.5885236705958614
2026-02-28,91233,MA,Mastercard Inc,40,0.02,-0.04285271070361356,0.36619195964990353,480200.89782,0.7893679986736777,0.7976662795247478
2026-02-28,91234,,,20,0.02,0.10548004821208595,0.26607699154428127,4232.6652,1.1842139956287219,1.0618167394476676
2026-02-28,91392,,,25,0.02,0.05702168536094342,0.2941329179646937,4473.160500000001,1.3948805943062514,1.3345519789737124
2026-02-28,91733,AVAV,AeroVironment Inc,20,-0.02,-0.09669705089981676,-0.6042130247737724,13898.89914,1.2394622095660188,1.3592249950382191
2026-02-28,91832,MDGL,"MADRIGAL PHARMACEUTICALS, INC.",35,-0.02,-0.11992411354764873,-0.1870456905503635,11112.71941,-0.3213233947850624,0.2030905361375601
2026-02-28,91907,SMCI,"Super Micro Computer, Inc.",45,-0.02,0.10987605633802822,-0.6316013944518618,17377.82581,1.494565585165598,1.638440013976521
2026-02-28,92293,,,45,0.02,0.10133744740532956,0.24590194333184986,2658.064,0.6436384858288933,1.1176911574884143
2026-02-28,92469,,,50,-0.02,0.017602755696873452,-0.5540906393710132,17722.100159999998,1.0934891321164886,1.379117783236896
2026-02-28,93098,,,25,-0.02,0.03000680437424055,-0.2963951935914553,6539.23703,1.2934214592126638,1.1824642061982105
2026-03-31,10107,,,45,0.02,-0.060368045017059634,0.3284825594312375,2916341.53346,1.0418621861575794,1.0118866930359787
2026-03-31,10318,BCPC,BALCHEM CORP,15,0.009999999999999995,-0.06876562310533006,0.34673776197881956,5810.29575,0.940632400413389,0.5941768838991139
2026-03-31,10693,EHC,Encompass Health Corp,35,0.009999999999999995,-0.10625558027437881,0.2340405835740206,10724.99808,0.6883436914912652,0.599946784379738
2026-03-31,11018,,,40,0.02,0.007984997633696082,0.34879286084573796,3337.20881,0.8969337933229337,0.8494520257519604
2026-03-31,12400,,,40,-0.02,-0.0004273652293367734,-0.26121972894912243,24054.430399999997,0.6188923894332183,1.0459131514893294
2026-03-31,12622,HCA,"HCA Healthcare, Inc.",35,0.02,-0.10812189003890589,0.27423535510627267,118452.57340000002,1.2662679916280066,0.5779406663738124
2026-03-31,13046,UI,Ubiquiti Inc.,45,0.02,0.027478492548794545,0.05869066133451828,46419.00179,1.4135487032797,1.4508085178225334
2026-03-31,13543,GMED,GLOBUS MEDICAL INC,35,0.02,-0.10032300439974856,0.25664667111012374,10770.083579999999,1.0215402279214256,1.3074796344627027
2026-03-31,13730,PBF,PBF Energy Inc.,10,-0.02,0.3347404494382021,-0.22430200696141597,4162.6012,0.49047276538701357,0.8615637558085258
2026-03-31,13788,ZTS,Zoetis Inc.,35,0.02,-0.10122189168573612,0.18840257720506554,55340.9808,0.9318762536795848,0.7691429994204525
2026-03-31,13802,APAM,Artisan Partners Asset Management Inc.,40,0.02,-0.09947398212512415,0.27940087387987855,2840.9886800000004,1.7562141036433248,1.0906383086685194
2026-03-31,14229,OMF,"OneMain Holdings, Inc.",40,0.02,-0.03070806979280262,0.22659779308301856,6445.70304,1.374494196758532,1.2516044862678664
2026-03-31,14574,MC,Moelis & Co,40,0.02,-0.04265741239892167,0.039306080130341384,4392.4025599999995,1.916903184413162,1.40431825580735
2026-03-31,14593,AAPL,Apple Inc.,45,0.02,-0.04222924521159813,0.3138746945123306,3878463.5652,1.0538471647799483,1.2038490944086513
2026-03-31,14708,VRDN,"Viridian Therapeutics, Inc.\DE",35,-0.02,-0.3371409802586794,-0.40274383470339925,3002.8416599999996,1.09127492240167,0.704992999619076
2026-03-31,14803,HQY,"HEALTHEQUITY, INC.",35,0.02,0.08966111910053601,0.29763756202325414,6534.99964,0.32705124313758666,0.5490603571288811
2026-03-31,14960,,,40,0.02,-0.026057137720244507,0.21687773087462045,3477.6405000000004,1.3065697816231074,1.2871531539315106
2026-03-31,15058,,,35,-0.02,-0.14597652930637328,-0.12184329408279641,2016.9496800000002,-0.9452845660019257,0.12485978098319754
2026-03-31,15303,VKTX,"Viking Therapeutics, Inc.",35,-0.02,-0.04131607565011833,-0.45038139672665334,3910.3473600000007,0.7842248258833611,0.9028865420515799
2026-03-31,15707,HPE,Hewlett Packard Enterprise Co,45,-0.02,0.11270146152584776,-0.4007813078575131,28529.507759999997,1.2668481560687959,1.4154084726138316
2026-03-31,16005,SYRE,"Spyre Therapeutics, Inc.",35,-0.02,0.16985052313415483,-0.34323853958379624,3378.0054,2.822558755098254,0.26754187141660174
2026-03-31,16126,AZZ,AZZ INC,20,0.02,-0.08269114575672883,0.36789972598681775,4059.81888,1.1217864531979318,0.923806916921071
2026-03-31,16631,VRRM,VERRA MOBILITY Corp,20,0.02,-0.14772345900658296,0.43457009553432574,2529.25902,0.6238899332489307,0.7795438869594226
2026-03-31,16680,QXO,"QXO, Inc.",20,-0.02,-0.19204405010438402,-0.42422054358290756,16913.32235,2.780438617566374,0.3262250635362398
2026-03-31,16967,CARG,"CarGurus, Inc.",50,0.02,0.10622052117263837,0.39852255054432345,2485.8711,1.4468697142248381,1.0645473283597968
2026-03-31,17045,ACMR,"ACM Research, Inc.",45,-0.02,-0.2961830459770115,-0.5597459823742872,3332.7264,1.5659866754693037,1.7871636820163657
2026-03-31,17223,ADT,ADT Inc.,25,0.02,-0.1766359212373344,0.42916388950603573,6135.4443599999995,0.9921011236083964,0.6771484683583864
2026-03-31,17366,HYMC,HYCROFT MINING HOLDING CORP,15,-0.02,-0.30407133214214804,-0.4091127897504258,4181.96925,1.5472686845460837,0.7783247586739712
2026-03-31,17372,COGT,"Cogent Biosciences, Inc.",35,-0.02,-0.012166409266409252,-0.4674146485966082,6305.704650000001,0.5257426830729713,1.1226683640929445
2026-03-31,17821,,,35,-0.02,0.10755854980799623,-0.39306080130341403,4515.84989,0.9248085001585388,0.5397821633162897
2026-03-31,17892,,,35,-0.02,0.5176653198043124,-0.5543397763459972,2385.47737,1.5929112171280464,0.8862322781950561
2026-03-31,18424,,,25,0.02,-0.1685137184115525,0.15637265792786786,2298.92272,1.2860113426062967,1.3445478258532306
2026-03-31,18428,DOW,DOW INC.,15,-0.02,0.3524530751708426,-0.5380100718358883,22049.81982,0.6974110519088392,1.3745497380589813
2026-03-31,18776,IMVT,"Immunovant, Inc.",35,-0.02,-0.10711925712225029,-0.290268829149078,5643.94236,0.6252393709653453,0.7854988928290633
2026-03-31,19002,BWIN,"Baldwin Insurance Group, Inc.",40,-0.02,-0.05843164012053376,-0.5333074131674442,2246.82883,1.3357313136363052,1.3388202258065272
2026-03-31,19577,RKT,"Rocket Companies, Inc.",40,-0.02,-0.21950252886201216,-0.5241983262978598,17589.93009,2.304168634265212,1.1999901878943844
2026-03-31,19628,IRON,"Disc Medicine, Inc.",35,-0.02,-0.043128159711798356,-0.4321076797748648,2542.2192,0.8612994244775224,0.7527837648640554
2026-03-31,19751,LCID,"Lucid Group, Inc.",25,-0.02,-0.04990000000000006,-0.506072724579723,3276.84,1.2613151638116533,1.6013445959561932
2026-03-31,20138,,,45,-0.02,-0.2412073496659241,-0.32437236169740064,6497.36675,1.0031224923406046,0.8080242721785712
2026-03-31,20325,SMR,NUSCALE POWER Corp,20,-0.02,-0.15932023346303503,-0.7070650966451899,3579.9971499999997,2.823105511939596,1.7956382406468703
2026-03-31,20646,OSCR,"Oscar Health, Inc.",40,-0.015338233944988556,-0.16199090909090907,-0.4235540250314745,3575.82148,1.9453935088070187,1.3927301504759952
2026-03-31,21007,,,45,-0.02,-0.1969298507462688,-0.6900688735836481,5749.052920000001,2.13259253382056,1.8528798459762654
2026-03-31,21573,IP,INTERNATIONAL PAPER CO /NEW/,15,-0.02,-0.18315258323765776,-0.2745130711693698,22996.0549,1.0534428725608966,0.9107474068881836
2026-03-31,21619,,,55,-0.02,-0.21513193010325654,-0.5878138191512997,9835.748650000001,0.9349814207824613,1.186095723839143
2026-03-31,21927,DJT,Trump Media & Technology Group Corp.,50,-0.02,-0.13642007469654543,-0.3317596089757831,2961.29358,1.9580999479509027,0.4995121227056592
2026-03-31,22220,NN,NEXTNAV INC.,45,-0.02,-0.007250528278433827,-0.32455750573946535,2169.39861,1.1140930582874646,0.9059380603227977
2026-03-31,22265,RIVN,"Rivian Automotive, Inc. / DE",25,-0.02,-0.02116484018264836,-0.6323594756720728,18964.39041,1.8309124823596286,1.6037891486050468
2026-03-31,22623,CEG,Constellation Energy Corp,55,-0.02,-0.15526224738851718,-0.28589942975635046,119413.26120000001,1.1331951404903515,1.2030391647020886
2026-03-31,22758,,,35,-0.02,0.006151762017751885,-0.5245315855735762,6654.4392,0.21617916144932275,0.9414868619761088
2026-03-31,23147,,,15,-0.02,-0.31529092495637,-0.5852958601792195,2706.1013700000003,1.145359581087328,1.5876638567369015
2026-03-31,25785,F,FORD MOTOR CO,25,-0.02,-0.18387941802696955,-0.34638598829889655,55213.39807,1.6429403013501829,0.9886160392743245
2026-03-31,30681,OMC,OMNICOM GROUP INC.,50,-0.02,-0.11108928679693876,-0.38989483818410725,26468.557440000004,0.7072059907754227,0.9702905673371246
2026-03-31,40125,,,45,0.02,-0.004488562351072244,0.2953973191142709,2137.2783999999997,1.0971040605373956,1.2099196156170224
2026-03-31,44134,KMT,KENNAMETAL INC,20,0.02,-0.105928798411122,0.20804636006813298,3069.29572,1.4748280121113158,1.2192700816418456
2026-03-31,46463,GFF,GRIFFON CORP,20,0.02,-0.1502486625997183,0.29484188698807673,3970.39396,1.4067201940791207,0.9577488925468803
2026-03-31,49429,DDS,"DILLARD'S, INC.",25,0.02,-0.053298975852656194,0.2152299489002444,7008.63933,1.3510084066847883,1.0560109333129615
2026-03-31,57809,NDSN,NORDSON CORP,20,0.02,-0.09342456705040957,0.30265496556320814,16369.256959999999,0.9957427765055196,0.9798258707410682
2026-03-31,59045,KEX,KIRBY CORP,20,0.02,0.020828813559321778,0.26923646597052514,6963.250800000001,0.8115616239267633,1.0567785473119227
2026-03-31,60599,LUMN,"Lumen Technologies, Inc.",50,-0.007121833393369252,-0.0254035161744023,-0.3598274457527956,7283.270699999999,1.6424890923092827,1.097404384676138
2026-03-31,73139,,,35,0.02,-0.15256706281898874,0.27764200548026363,148276.67994,0.8251539552603843,0.7176990468047418
2026-03-31,75510,,,45,0.02,-0.07656335124423605,0.3354995186254906,107719.30500000001,1.4664182048389285,1.0583709543850977
2026-03-31,75603,CRUS,"CIRRUS LOGIC, INC.",45,0.02,0.0219015873015873,0.2791231578167814,7198.10784,1.1016946501727258,1.204518855400994
2026-03-31,76123,JOE,ST JOE Co,60,0.02,-0.13073940136706375,0.3595127008812856,4152.9504799999995,1.3069952092932466,0.9029829676407825
2026-03-31,76661,IONS,IONIS PHARMACEUTICALS INC,35,-0.02,-0.0775765249537893,-0.4886876990298452,13405.330800000002,0.3149225106680723,0.7920986810844705
2026-03-31,76709,IDXX,IDEXX LABORATORIES INC /DE,35,0.02,-0.14731246783305169,0.2580907946382286,52291.46952,1.6464017005238814,1.3702116135882811
2026-03-31,76721,CRVL,CORVEL CORP,35,0.02,0.056619193485847236,0.1253240020736133,2638.42016,1.1179445775108048,0.7893473906144162
2026-03-31,76868,,,20,-0.02,-0.1841712775106456,-0.32365029993334815,8250.9372,1.1164601948027355,1.238748406349496
2026-03-31,77584,BKE,BUCKLE INC,25,0.02,-0.06247049486461248,0.4052617936754795,2739.4573499999997,1.250097366065389,0.8071566043820954
2026-03-31,79637,UHS,UNIVERSAL HEALTH SERVICES INC,35,0.02,-0.13369376955365647,0.16148263348885433,11096.0118,1.1909634262872362,0.768128906421429
2026-03-31,79859,,,40,-0.02,0.035748729973668944,-0.18349626009035028,5275.9436399999995,1.1094532988459567,0.6115696835085196
2026-03-31,79879,,,45,-0.02,0.11726156176371588,-0.37349107605717247,6874.567190000001,0.9651946477791652,1.0879885786504284
2026-03-31,80306,BCRX,BIOCRYST PHARMACEUTICALS INC,35,0.02,0.08509999999999995,0.37995260312523144,2194.50875,0.7507696678357648,0.8383235485545665
2026-03-31,80864,RS,"RELIANCE, INC.",15,0.02,-0.036062084746954375,0.29728578834333114,16329.004119999998,0.9254924087492657,0.7188476234022958
2026-03-31,81736,,,35,0.02,-0.12691467259814254,0.24183514774494558,37331.444279999996,0.8899858397012658,0.6251296277893349
2026-03-31,82702,AMRX,"Amneal Pharmaceuticals, Inc.",35,0.02,-0.10282758870383785,0.22152484633044509,4341.35303,1.2952377574390106,0.6362462966968632
2026-03-31,83601,,,20,0.02,-0.06825859867801912,0.3202251351551507,2775.12747,1.3132056034349413,0.9556753941303802
2026-03-31,83779,PEGA,PEGASYSTEMS INC,45,0.02,-0.02965508804024692,0.22761608531437455,7392.29412,1.1330257308695095,1.5793719837810407
2026-03-31,84761,TTWO,TAKE TWO INTERACTIVE SOFTWARE INC,50,-0.0028781666066307497,-0.0690055418952147,-0.1284344219803007,39160.809,0.9235002146539981,0.7536412960302056
2026-03-31,85072,RL,RALPH LAUREN CORP,25,0.02,-0.05158309453802317,0.27275420276975487,14016.303000000002,1.4850152772623284,1.2360033250803388
2026-03-31,85621,MTD,METTLER TOLEDO INTERNATIONAL INC/,35,0.02,-0.08008648705997702,0.27960453232614974,27777.97425,1.3714164797480741,1.097320226899613
2026-03-31,86233,LEU,CENTRUS ENERGY CORP,10,-0.004661766055010811,-0.14604625598499438,-0.6534288676590387,3838.06755,1.4854866628696033,1.976991509603936
2026-03-31,86594,,,20,0.004661766055010811,0.010428433820982975,0.2671258238909872,3271.06065,1.3479230741690467,0.9118074307448764
2026-03-31,87430,,,20,-0.02,-0.18472873056393596,-0.5795563948752128,14678.953220000001,1.1941150387406978,1.5083868805661338
2026-03-31,88159,EXEL,"EXELIXIS, INC.",35,0.02,-0.029454698138901534,0.3958564763385914,11442.778540000001,0.4121474573991861,0.6637828137867628
2026-03-31,88351,INSM,INSMED Inc,35,-0.02,0.09212444250987743,-0.30135895726875506,32188.38016,1.160428309727472,0.5939034240722657
2026-03-31,88853,FLR,FLUOR CORP,20,-0.02,-0.11110110877461293,-0.44288306302303193,7666.81515,1.3501766012733158,1.2087587908834512
2026-03-31,89216,,,20,0.02,-0.0737577870619051,0.2450751684810783,9247.65417,1.4912833970146175,1.0854414889952786
2026-03-31,89217,AAP,ADVANCE AUTO PARTS INC,25,-0.02,-0.010799191273274446,-0.24055765385469893,3195.5170000000003,1.1202260442957992,1.1595275289802178
2026-03-31,89540,,,25,-0.009999999999999995,-0.022695960798975966,-0.23559579352736432,13520.62474,1.2232741849024593,1.1433064363863858
2026-03-31,89781,MOH,"MOLINA HEALTHCARE, INC.",35,-0.02,-0.13759652710159037,-0.35842035103310377,7933.575000000001,0.49715517285354416,0.5140696047749136
2026-03-31,89922,ADEA,Adeia Inc.,45,0.02,0.16105989276414262,0.32326149744501226,2256.30657,1.4030987717357148,1.2990591759191794
2026-03-31,89968,,,40,0.02,0.05287114377482181,0.3300007405761682,5267.2921,1.5475434501273733,1.3862781157055142
2026-03-31,90126,CYTK,CYTOKINETICS INC,35,-0.02,0.05640568948891028,-0.3453121528549211,7663.201859999999,0.6072742824355454,0.8070886732923482
2026-03-31,90276,BLKB,BLACKBAUD INC,45,0.010000000000000009,-0.20747354758961678,0.3688809894097608,2229.5878199999997,1.0897547630221682,0.8480364571844106
2026-03-31,90319,GOOGL,Alphabet Inc.,50,0.02,-0.07989155166492547,0.2973043027475376,1815066.72,1.0333228266096501,1.0384247030176539
2026-03-31,90808,EXPE,"Expedia Group, Inc.",25,0.02,0.06961423116940232,0.08812856402280977,25238.10259,1.408360183588667,1.4767436038386372
2026-03-31,90988,BKD,Brookdale Senior Living Inc.,35,-0.02,-0.1087823529411765,-0.21404502703103015,3638.2176000000004,0.6767481686365118,0.6004411412658305
2026-03-31,91041,LYV,"Live Nation Entertainment, Inc.",50,-0.02,-0.06229311705933142,-0.34446049026142334,37676.14752,1.181839939129914,1.011560306403168
2026-03-31,91233,MA,Mastercard Inc,40,0.02,-0.036832058544885075,0.37939717099903725,457842.56736000004,0.7799433633924151,0.8375655947848449
2026-03-31,91392,TNL,Travel & Leisure Co.,25,0.02,-0.05587930659314575,0.20786121602606825,4598.7326,1.3331568129450002,1.3586782551202312
2026-03-31,91733,AVAV,AeroVironment Inc,20,-0.02,-0.2772310208126858,-0.5887025105532103,12593.8335,1.2674772768601128,1.4131111497959963
2026-03-31,91832,MDGL,"MADRIGAL PHARMACEUTICALS, INC.",35,-0.02,0.20883611111111117,-0.19453084499740794,9910.08,-0.2915687701017413,0.19690057434199107
2026-03-31,91907,SMCI,"Super Micro Computer, Inc.",45,-0.02,-0.29990524853349804,-0.4469192031400429,19401.25371,1.4890767891835135,1.4825932546772131
2026-03-31,92293,TDC,TERADATA CORP /DE/,45,0.02,-0.18899082248332805,0.19493816188995036,2934.868,0.5537537777107909,1.3482901247838286
2026-03-31,92469,,,50,-0.02,0.010429871029169917,-0.5184958898022661,18083.67984,1.090984396642125,1.3768661717076691
2026-03-31,93330,PRI,"Primerica, Inc.",40,0.005338233944988561,-0.015436466135772386,0.36173442938606243,8095.81256,0.9119114728197794,0.8167181095357027
2026-04-30,10107,,,45,0.009149465985451861,0.09870196666396494,0.3272407864244599,2748745.08693,1.0495652586020892,1.0174882141021278
2026-04-30,10318,,,15,0.009999999999999995,-0.04927715364644789,0.3387904612394408,5427.597,0.946094194696191,0.6050860428478105
2026-04-30,10606,,,20,0.02,0.031100482276344286,0.3494804515212679,7960.912960000001,1.2900707138777157,0.9055780581180939
2026-04-30,10693,EHC,Encompass Health Corp,35,0.02,0.032922514675404094,0.28464902444494283,9616.50968,0.725786252380902,0.6232262711927151
2026-04-30,12400,,,40,-0.02,0.10779374729913918,-0.2400014951035359,24090.466399999998,0.5980420925929687,1.0120976660613437
2026-04-30,12622,,,35,0.02,-0.08486686670611107,0.33940719144800774,105826.87528000001,1.2831579561288844,0.5842045339600224
2026-04-30,13046,,,45,0.008486453354239988,0.2776552392159841,0.08230544965238844,47829.14109,1.395952841790122,1.4994050090408557
2026-04-30,13543,GMED,GLOBUS MEDICAL INC,35,0.02,0.04375738161559901,0.26495103535919867,9720.829679999999,1.055980842931111,1.3291111823140018
2026-04-30,13730,,,10,-0.02,-0.0923582108357833,-0.2946475293414069,5568.06374,0.3357122319450852,0.8594520211242932
2026-04-30,13788,,,35,0.02,-0.026108446994047907,0.15048217089033417,49899.75087999999,0.9542487338729766,0.7889833927841604
2026-04-30,13802,APAM,Artisan Partners Asset Management Inc.,40,0.02,0.025954080791426096,0.24237497196680868,2566.62309,1.7470092347489785,1.0789916305235474
2026-04-30,14229,,,40,0.02,0.09581003925967478,0.17046049188906331,6266.460480000001,1.3353223677110928,1.2298801234153018
2026-04-30,14593,,,45,0.02,0.0662910634776785,0.36508559467743146,3725926.5206,1.0569046680167506,1.1926163499588154
2026-04-30,14960,,,40,0.02,0.24432079069425,0.28072437766315317,3397.1083000000003,1.2766486673488953,1.296815864514551
2026-04-30,15293,,,10,-0.02,0.019293211488250642,-0.5227816401285789,2029.3638,1.884238262788409,1.009573637400455
2026-04-30,15303,,,35,-0.02,-0.04469471419791025,-0.42870225013082147,3760.12716,0.8440574053221663,0.888734276105837
2026-04-30,15707,HPE,Hewlett Packard Enterprise Co,45,-0.02,0.20541583368332644,-0.3130373028332212,31592.39374,1.1709429946043997,1.387012370483779
2026-04-30,16005,,,35,-0.02,0.4731111022997622,-0.35230245944531646,3961.5576,2.6727207396533017,0.2647076355434779
2026-04-30,16126,AZZ,AZZ INC,20,0.02,0.14179077527529738,0.3340061299244973,3735.88128,1.1508398677465226,0.9392280237472971
2026-04-30,16263,,,35,-0.02,-0.06390569259962056,-0.4001644613889512,6725.4686,1.996566740110968,0.5781556057153474
2026-04-30,16631,,,20,0.02,0.03488866340097977,0.5144464379158257,2162.96298,0.6929168929154047,0.7357557148518473
2026-04-30,16680,QXO,"QXO, Inc.",20,-0.02,0.030570648815653932,-0.38889511848695524,13760.060420000002,2.7738541686992697,0.3575010637759516
2026-04-30,16923,CELC,Celcuity Inc.,35,-0.02,0.060268039250043745,-0.5264072662031846,5517.18518,0.39777627128241444,1.2110682625566354
2026-04-30,16967,,,50,0.02,0.0678782672540383,0.3481722359273379,2757.1306499999996,1.3845128578842132,1.0646989555068127
2026-04-30,17366,HYMC,HYCROFT MINING HOLDING CORP,15,-0.02,0.032895454545454485,-0.4433542647828362,3204.4672000000005,1.7826331360091716,0.8448834269733152
2026-04-30,17372,,,35,-0.02,-0.07304809041309437,-0.520015698587127,6247.27341,0.5325835449129627,1.1322895964859694
2026-04-30,17821,SRRK,Scholar Rock Holding Corp,35,-0.02,-0.054771440195280664,-0.3365664947297601,5647.648279999999,0.8920220318357244,0.5556625830525516
2026-04-30,17892,DNTH,"Dianthus Therapeutics, Inc. /DE/",35,-0.02,0.04333450905624399,-0.5989571652836958,4442.89264,1.2851447834130472,0.9040958404627019
2026-04-30,18064,FTDR,"Frontdoor, Inc.",25,0.010000000000000009,0.2954352251229662,0.3092808551992225,3732.86748,1.4212791067526243,0.9109398669871693
2026-04-30,18428,,,15,-0.02,-0.030751140456182373,-0.5605330044105553,29885.2911,0.4905118768963263,1.346721175916514
2026-04-30,19002,,,40,-0.02,0.03265150410209652,-0.48917918815878003,2122.0587400000004,1.3299755342132102,1.277615233040723
2026-04-30,19166,,,15,-0.02,-0.10975249709639934,-0.3426590416386334,2153.2749,0.5350366474834876,1.0771202057439706
2026-04-30,19577,,,40,-0.02,0.023064912280701663,-0.5136241309710697,13835.838,2.3404316156311795,1.3583148915731906
2026-04-30,19628,,,35,-0.02,0.02853572098842673,-0.39911788891380734,2439.9503999999997,0.8877182223012098,0.7485619495677971
2026-04-30,19751,LCID,"Lucid Group, Inc.",25,-0.02,-0.33448447009443855,-0.48295581969051354,3122.82852,1.2812470009593082,1.5959720983478256
2026-04-30,19813,TNGX,"Tango Therapeutics, Inc.",35,-0.02,0.03056080305927339,-0.586996336996337,2985.05388,1.3751385731111012,1.1111320468732722
2026-04-30,20138,GPGI,"GPGI, Inc.",45,-0.02,-0.10056081871345035,-0.29980563654033043,4952.8953,1.1201348948304841,0.901258519245421
2026-04-30,20632,,,35,-0.02,0.0010833080424886357,-0.42597368617776776,6084.573359999999,-0.2822308413816149,1.0206705152547133
2026-04-30,20649,,,20,0.010000000000000009,0.11892361733931232,0.31154219929730126,2906.2430400000003,1.189462874828242,0.9534055169835259
2026-04-30,20930,SOC,Sable Offshore Corp.,10,-0.02,-0.13425593220338977,-0.45346490244449417,2432.47088,-0.10095107581956635,1.1681431222683543
2026-04-30,21219,GPOR,GULFPORT ENERGY CORP,10,0.009999999999999995,-0.09284658978115998,0.4154892726321297,3926.3160599999997,0.5875529206238617,0.6447742472539687
2026-04-30,21342,VERA,"Vera Therapeutics, Inc.",35,-0.0023640806603075215,-0.1177396718866517,-0.4139007251252149,2870.6518799999994,1.14440467806165,0.9279905339584728
2026-04-30,21573,,,15,-0.02,-0.1507991596638656,-0.30365552814532404,18902.043300000005,1.1011862535078498,0.9620669088504661
2026-04-30,21619,,,55,-0.02,0.45908830409356716,-0.5513568064588472,8607.28671,1.0454287614143467,1.2054817737532715
2026-04-30,21927,DJT,Trump Media & Technology Group Corp.,50,-0.02,-0.01690862068965507,-0.3030948643193541,2568.0636799999997,1.9814697114291053,0.5096394091945998
2026-04-30,22220,NN,NEXTNAV INC.,45,-0.02,0.15377915106117362,-0.3940345368916797,2172.24792,1.0991293364359722,0.8689927841766933
2026-04-30,22265,RIVN,"Rivian Automotive, Inc. / DE",25,-0.02,0.08680099667774072,-0.5979292816027508,18618.008850000002,1.7809383189747339,1.6342278409646753
2026-04-30,22313,LUNR,"Intuitive Machines, Inc.",20,-0.02,0.3629405172413795,-0.40216416236824404,2957.9628799999996,3.201133013957036,0.6852608744521851
2026-04-30,22758,,,35,-0.02,-0.0007226789757882462,-0.348583389399716,6714.673599999999,0.23549142059688385,0.9387133790087135
2026-04-30,23054,SOUN,"SOUNDHOUND AI, INC.",45,-0.00763591933969184,0.1557608442503638,-0.5041862899005757,2681.21673,2.8271124531160914,1.5448503883671378
2026-04-30,23352,AMPX,"Amprius Technologies, Inc.",20,-0.02,0.24621032028469741,-0.434271510802123,2310.14034,2.1377166939945083,1.249756197688418
2026-04-30,25785,F,FORD MOTOR CO,25,-0.02,0.04389376083188925,-0.36605741197577935,45220.909419999996,1.6910870994384417,1.0048635153715986
2026-04-30,30681,OMC,OMNICOM GROUP INC.,50,-0.02,0.01582261319877832,-0.24235628317260968,23371.404160000002,0.7301585525709372,0.9906697087897165
2026-04-30,37568,,,20,0.02,0.08411312791580769,0.3322120056813934,4074.09834,1.0847282028447556,0.9345283867571313
2026-04-30,40125,,,45,0.02,-0.10234311853619733,0.31432682963295205,2133.8831999999998,1.0179533564972338,1.2316751025204904
2026-04-30,44134,,,20,0.02,0.06850880154995836,0.1681430814083875,2753.0698700000003,1.480960431980672,1.2907553595439536
2026-04-30,46463,,,20,0.02,0.2515028618602089,0.3226433430515064,3385.3617200000003,1.445223219545259,0.9828759984452625
2026-04-30,57809,NDSN,NORDSON CORP,20,0.02,0.0812539502367886,0.3109067802945354,14841.89104,1.01566601436078,1.0043804034620911
2026-04-30,59328,INTC,INTEL CORP,45,-0.02,1.1380472014502607,-0.4949540255662704,220429.35,1.2954344283349797,1.7791015616220047
2026-04-30,61496,,,25,0.02,-0.1655901953722877,0.2742206772819018,3691.4114499999996,1.3573394695746899,1.004904154821375
2026-04-30,71176,SON,SONOCO PRODUCTS CO,15,0.02,-0.07925422444074695,0.3008522090154743,5347.9864800000005,0.49465599701915275,0.7999317207073198
2026-04-30,73139,SYK,STRYKER CORP,35,0.02,-0.04386290209683805,0.24861702922927414,125747.77851,0.883435341105862,0.7377229027668274
2026-04-30,75510,ADBE,ADOBE INC.,45,0.02,0.009523893368438183,0.3079913283994918,98252.936,1.4571511899510468,0.9966798394372561
2026-04-30,75603,CRUS,"CIRRUS LOGIC, INC.",45,0.02,0.12474486239800862,0.2533079165732227,7376.63234,1.0651409104979777,1.2104052340908367
2026-04-30,76123,,,60,0.02,0.0252847133757962,0.3468640203334081,3613.7632,1.375470375367782,0.9358531383147899
2026-04-30,76661,IONS,IONIS PHARMACEUTICALS INC,35,-0.02,-0.00729472632840589,-0.5486843088883905,12404.267280000002,0.3813415227027084,0.7946806745758461
2026-04-30,76709,IDXX,IDEXX LABORATORIES INC /DE,35,0.02,-0.004839881471462443,0.2529154518950437,44739.929359999995,1.6953025199216358,1.4017565719222365
2026-04-30,76721,,,35,0.02,0.048518115279048535,0.14539881886820663,2795.4568,1.068233248266133,0.7848993241747547
2026-04-30,77274,,,35,0.012364080660307517,-0.06410398938078493,0.33439859460267624,173016.84477000003,0.34946784529283204,0.3873598232239562
2026-04-30,77520,AGCO,AGCO CORP /DE,20,0.02,0.04154636230258031,0.2651192345069896,8389.45148,1.1398253855574727,1.0754684371946086
2026-04-30,77584,BKE,BUCKLE INC,25,0.02,0.10868312933985333,0.4053412573820737,2576.2665199999997,1.2577312229266504,0.7991253260112693
2026-04-30,79637,UHS,UNIVERSAL HEALTH SERVICES INC,35,0.02,-0.06268655640610153,0.2846116468565448,9635.38686,1.2214644187537393,0.765668115590541
2026-04-30,79668,,,45,0.02,-0.023365035269528774,0.2534761157210137,4449.54767,1.3018887560601649,1.1515580758933333
2026-04-30,79859,,,40,-0.02,0.05784411541381938,-0.16395679150781195,5478.62781,1.0530193636841325,0.6156778462569159
2026-04-30,79879,,,45,-0.02,0.5716192307692306,-0.44722284518202887,7700.62592,0.9017701326002407,1.2614798577275346
2026-04-30,79906,INCY,INCYTE CORP,35,0.02,0.009318444538886438,0.3139530537489721,18731.19768,0.8217981732454154,0.5090647175822923
2026-04-30,80306,,,35,0.02,-0.04071512605042011,0.3603012633624879,2387.6255199999996,0.7074242091416674,0.8382555059478959
2026-04-30,81736,,,35,0.02,-0.05043207412687093,0.32228825596172533,32701.79744,0.9334377179307489,0.6249618435777219
2026-04-30,82702,,,35,0.02,0.03249823008849553,0.19739104432981985,3910.83847,1.279860499267132,0.6584333230569032
2026-04-30,83779,,,45,0.02,-0.14350319206376355,0.2692494580249682,7194.512640000001,1.1481157618636157,1.5567331273807252
2026-04-30,84761,,,50,-0.01000000000000001,0.07942911392405069,-0.07780145025042987,36572.0625,0.9456554062782314,0.7643103411802876
2026-04-30,85072,,,25,0.02,0.03968844733858538,0.22250878373327354,13296.93345,1.4798360331330227,1.246617065610519
2026-04-30,85293,,,35,-0.02,0.3917992864424058,-0.32782013904462887,2430.0841499999997,-0.5732455871489264,0.5746918712203992
2026-04-30,85621,,,35,0.02,0.009318522042499092,0.18227180982283023,25633.89,1.3731883963846,1.135185838674959
2026-04-30,87430,,,20,-0.02,-0.10870059566019015,-0.5728489197876953,13017.203650000001,1.2742333599624371,1.5678563684865106
2026-04-30,88159,,,35,0.02,0.033705269293541625,0.34264035284443445,11138.91901,0.41746874074688306,0.6667134245964309
2026-04-30,88351,INSM,INSMED Inc,35,-0.02,-0.16917935420743635,-0.36516034985422746,35247.06304,1.1233217226538756,0.6228882154308986
2026-04-30,88661,,,25,0.02,0.02495061299695264,0.31582193316887197,28569.695040000002,1.6150078261806389,1.350347218785348
2026-04-30,88853,FLR,FLUOR CORP,20,-0.02,0.1407227224008576,-0.46338865216416236,6700.19955,1.3164632836570347,1.258638839992094
2026-04-30,89217,AAP,ADVANCE AUTO PARTS INC,25,-0.02,0.1304181366439901,-0.2291619944681169,3170.275,1.063507791247621,1.186456742682562
2026-04-30,89781,,,35,-0.02,0.4571150037509376,-0.3279135830156239,6864.950000000001,0.5340309743649535,0.5141873746310556
2026-04-30,89922,ADEA,Adeia Inc.,45,0.02,0.3225265501456513,0.2414779098452568,2620.54359,1.2973378821709867,1.3493748493619266
2026-04-30,89968,,,40,0.02,0.136224755062051,0.34193017866487246,5457.2495,1.489383460865036,1.3881386207930038
2026-04-30,90126,,,35,-0.02,-0.032334076771354844,-0.34518202885549826,8117.67333,0.5411802195747106,0.7940533469339204
2026-04-30,90319,GOOGL,Alphabet Inc.,50,0.02,0.3352555153707053,0.26235329296553783,1674174.32,1.056878442931713,1.0459430268359304
2026-04-30,90808,EXPE,"Expedia Group, Inc.",25,0.02,0.07280704664558901,0.06503700381251397,27016.669789999996,1.33397849854895,1.4973371625307217
2026-04-30,91041,,,50,-0.02,0.03270422267392307,-0.3726732451222247,35438.44368,1.2023196004383214,1.0232134140628333
2026-04-30,91233,,,40,0.02,0.00536337501263724,0.3705614113777379,442307.02656,0.7820915003286775,0.8474261197650588
2026-04-30,91392,TNL,Travel & Leisure Co.,25,0.02,-0.06837188900130074,0.1969425132690439,4317.31762,1.3302426915606227,1.3541240342364484
2026-04-30,91733,AVAV,AeroVironment Inc,20,-0.02,0.06249196940726577,-0.6324848620766987,9140.4187,1.375475379895452,1.4994839243074132
2026-04-30,91832,,,35,-0.02,-0.014514801230252049,-0.25609254690887345,12008.401800000001,-0.34621097052011696,0.18767133761837662
2026-04-30,91907,SMCI,"Super Micro Computer, Inc.",45,-0.02,0.20043772507685548,-0.4169656873738506,13638.97953,1.6017602214062292,1.5950232071458175
2026-04-30,92293,TDC,TERADATA CORP /DE/,45,0.02,0.025192079594225612,0.3059542498318008,2363.086,0.6395276459712125,1.3665457785279682
2026-04-30,92469,SATS,EchoStar CORP,50,-0.02,0.04894932091910818,-0.48981460716154596,18441.685889999997,1.0776241271795357,1.4190971274029769
2026-04-30,92611,,,40,0.010000000000000009,0.0884181577554261,0.38076549301039103,508093.85056000005,0.7579931455669671,0.8145323008787395
2026-04-30,93330,,,40,0.02,0.1200239859469818,0.37400014951035354,7930.1968,0.8956900038956478,0.8182614221791191
2026-05-31,10606,,,20,0.02,0.026284328358209024,0.3323533681765389,8244.194560000002,1.2257173600353979,1.1799499495794115
2026-05-31,11499,CECO,CECO ENVIRONMENTAL CORP,20,-0.02,0.005127677367143289,-0.4241252903600466,2659.6242199999997,1.5631045068619773,1.4837376233998911
2026-05-31,12400,LPLA,LPL Financial Holdings Inc.,40,-0.02,-0.1828942229358598,-0.23553644018583042,26793.21644,0.6061935046731953,1.3229375705635658
2026-05-31,12622,HCA,"HCA Healthcare, Inc.",35,0.00955038806576075,-0.13179144895845316,0.17472415795586524,96378.38799999999,1.1303832212147682,0.8449305074906047
2026-05-31,13046,,,45,0.02,-0.4254047956353168,0.0854747386759582,61247.85721,1.526318749254276,2.2451598549859275
2026-05-31,13543,,,35,0.02,-0.09513814593036163,0.250635162601626,10174.37814,0.9782091453226044,1.896307754835733
2026-05-31,13730,PBF,PBF Energy Inc.,10,-0.02,-0.05809680992980923,-0.09808725319396049,5092.80544,0.24083133381214392,1.1172094224527425
2026-05-31,13788,,,35,0.02,-0.32735850221796997,0.20100174216027877,48346.83949,0.8576085300559216,1.0962195754567883
2026-05-31,14229,,,40,0.02,-0.043388229294012766,0.23259654471544713,6885.02304,1.3137105374906095,1.4455968604510203
2026-05-31,14593,AAPL,Apple Inc.,45,0.010000000000000009,0.14798855476440143,0.317182055749129,3983727.339,1.0216461649154471,1.2758265674914053
2026-05-31,14960,ENVA,"Enova International, Inc.",40,0.02,-0.04973243019892572,0.24014590592334498,4215.76785,1.3858396759664775,1.6883225040761045
2026-05-31,15293,NEXT,NextDecade Corp,10,-0.02,0.0071171136653895364,-0.5135561846689896,2074.4019000000003,1.839152345127603,1.3523092341183665
2026-05-31,15303,VKTX,"Viking Therapeutics, Inc.",35,-0.02,0.046932071840923746,-0.35614474448315914,3613.57492,0.7409873883915771,1.2220029932022778
2026-05-31,15707,HPE,Hewlett Packard Enterprise Co,45,-0.02,0.49290278067431337,-0.25283101045296175,38173.58958,1.2475092983568217,1.6800018503776915
2026-05-31,16005,SYRE,"Spyre Therapeutics, Inc.",35,-0.02,-0.015860241773002052,-0.3765788327526132,6331.228000000001,2.870905418321745,0.40570477297267127
2026-05-31,16087,FTV,Fortive Corp,20,0.02,-0.027686051179126873,0.24196065621370497,18406.88961,1.0716318667381906,1.4149831488443056
2026-05-31,16126,AZZ,AZZ INC,20,0.02,-0.0557426174496644,0.34277003484320556,4274.035199999999,1.1709871561202863,1.252597036916833
2026-05-31,16263,,,35,-0.02,0.0028614024451854444,-0.35478368176538916,6315.17673,1.795851150905536,0.823179505094041
2026-05-31,16631,,,20,0.02,-0.6989867161159812,0.5166775551684087,2252.76598,0.6844560744186541,1.008145645994692
2026-05-31,16680,QXO,"QXO, Inc.",20,-0.02,-0.14360822122571001,-0.4192980545876888,14549.30496,2.675377748734112,0.5171790361949293
2026-05-31,16923,,,35,-0.02,0.0919144210960033,-0.5279653019744484,5865.69495,0.09951151545690318,1.739854216352281
2026-05-31,16967,,,50,0.02,-0.1841202962150302,0.4331990418118467,2769.90266,1.346887172205204,1.4149793400693014
2026-05-31,17332,VCTR,"Victory Capital Holdings, Inc.",40,0.02,0.07383287479301985,0.2602533391405343,5028.5655,1.1322237225440175,1.449558745148958
2026-05-31,17366,HYMC,HYCROFT MINING HOLDING CORP,15,-0.02,-0.09662715304443235,-0.5639336527293844,3331.0220600000002,1.7017520471028933,1.2149027199733
2026-05-31,17372,,,35,-0.02,-0.026290835428890703,-0.4627068815331011,5809.03911,0.4369138157679008,1.5927063574302374
2026-05-31,17787,EQH,"Equitable Holdings, Inc.",40,-0.02,-0.02324218009478677,-0.31990418118466907,11880.819200000002,1.1386896516498526,1.669770391462176
2026-05-31,17892,,,35,-0.02,0.056239407744874806,-0.5355509581881533,4780.6222,1.25052396287774,1.2551037081994776
2026-05-31,18424,LEVI,LEVI STRAUSS & CO,25,0.02,0.03819263913824052,0.2903237514518003,2187.38356,1.3486926527014638,1.6378776785811908
2026-05-31,18428,DOW,DOW INC.,15,-0.02,-0.1609167446577398,-0.4334531068524971,29182.80309,0.45193099294514594,1.7457340183844963
2026-05-31,18649,BCO,BRINKS CO,20,0.02,-0.02630685719124861,0.3359284262485482,4391.268,1.04781477117608,1.2572778070431578
2026-05-31,19002,,,40,-0.02,-0.14834647887323932,-0.508220818815331,2225.78752,1.264390778934987,1.8176019269751122
2026-05-31,19577,,,40,-0.02,-0.010623939808481583,-0.4951183217189315,14195.08432,2.2466454011891273,1.863245868906516
2026-05-31,19628,,,35,-0.02,0.05179006823351009,-0.31133855981416964,2516.652,0.9045331264016152,1.015693890047791
2026-05-31,19751,LCID,"Lucid Group, Inc.",25,-0.02,0.025157456828885358,-0.5040650406504065,2317.03654,1.0223261408388136,2.2910201361308147
2026-05-31,19813,TNGX,"Tango Therapeutics, Inc.",35,-0.02,0.013551248843663247,-0.5920985772357723,3084.93618,1.2907090731184596,1.6245287708437186
2026-05-31,20138,,,45,-0.02,-0.2148611820029852,-0.2933725319396051,4472.55523,0.9787630555609248,1.3104496572321371
2026-05-31,20632,,,35,-0.019550388065760753,-0.0027221424522955256,-0.33287964576074336,6114.52653,-0.30441524495773614,1.4276500055293226
2026-05-31,20930,SOC,Sable Offshore Corp.,10,-0.02,0.017805923344947756,-0.43746370499419285,2112.9514,-0.21301852489217693,1.5191576818232082
2026-05-31,21219,,,10,0.02,-0.12748973719746537,0.5048998257839721,3475.5395399999998,0.470394654032777,0.8109204514287388
2026-05-31,21342,,,35,-0.02,-0.005627379949452297,-0.38539851916376305,2553.73554,0.9482000014826941,1.3083784083121872
2026-05-31,21573,IP,INTERNATIONAL PAPER CO /NEW/,15,-0.02,0.11342605955582902,-0.202943524970964,16106.96412,0.9166396785274672,1.3476404135125424
2026-05-31,21619,OKLO,Oklo Inc.,55,-0.02,-0.08061724137931041,-0.595746225319396,12583.752499999999,1.2602467802165724,1.8075586460703852
2026-05-31,21927,DJT,Trump Media & Technology Group Corp.,50,-0.02,0.014386338797814221,-0.29435249709639955,2532.08865,1.8236248226947949,0.6816974376366388
2026-05-31,22220,,,45,-0.02,0.10969007015650295,-0.4445049361207899,2520.59884,1.1201151336738218,1.4131714364709347
2026-05-31,22265,RIVN,"Rivian Automotive, Inc. / DE",25,-0.010449611934238618,-0.009197560975609627,-0.4817436120789779,20288.0628,1.7361749649973657,2.2981782849999037
2026-05-31,22313,,,20,-0.02,0.7258940828402365,-0.4237986353077816,4040.1055499999998,3.227514112023763,1.0550719453959352
2026-05-31,23147,,,15,-0.02,0.04600366328916608,-0.5649136178861789,2027.0373599999998,1.2767598823941269,2.180735589632117
2026-05-31,23352,AMPX,"Amprius Technologies, Inc.",20,-0.02,-0.040137037037036895,-0.4380807200929152,2885.62014,2.153220748581457,1.7561853350199372
2026-05-31,23738,,,10,-0.02,-0.04280080552359018,-0.44686411149825783,2170.18846,1.0903992303065457,1.5394646127675466
2026-05-31,24459,PBI,PITNEY BOWES INC /DE/,20,0.02,0.044623990251638594,0.28478876306620204,2219.0974800000004,1.6213068193291116,1.3054792461950562
2026-05-31,25785,F,FORD MOTOR CO,25,-0.02,0.4586700193625134,-0.14688588850174217,47336.965840000004,1.6526801128986799,1.3465972500345618
2026-05-31,44134,,,20,0.02,-0.15104270493883926,0.24506387921022066,2949.66329,1.4522407887787032,1.7369684076033332
2026-05-31,46463,,,20,0.02,-0.035676503611748234,0.27379137630662015,4246.60743,1.5408165871918875,1.3755589909521397
2026-05-31,46690,,,15,0.02,0.14012375163028792,0.30340810104529625,4019.00512,0.8261929930466976,1.311653089742237
2026-05-31,50017,RRC,RANGE RESOURCES CORP,10,0.02,-0.10769770114942522,0.44680966898954694,10249.557,0.5700490379249425,0.9060980741379934
2026-05-31,60599,LUMN,"Lumen Technologies, Inc.",50,-0.017741438595148505,0.240112669683258,-0.3466717479674797,9104.51048,1.7233100706782691,1.611818268227169
2026-05-31,73139,SYK,STRYKER CORP,35,0.02,-0.03495986735632912,0.17267349012775846,120689.74792,0.7812392298722987,0.939015565447375
2026-05-31,75510,ADBE,ADOBE INC.,45,0.02,0.050171028037383235,0.273755081300813,99473.62,1.371970226009157,1.437332327985081
2026-05-31,75603,,,45,0.02,0.03902656364974231,0.2412529036004646,8318.22156,1.134482799945556,1.5153161952442769
2026-05-31,75912,,,45,0.02,0.014728319882611725,0.2547002032520325,16219.1548,0.9851622928669571,1.5569252142859664
2026-05-31,76661,IONS,IONIS PHARMACEUTICALS INC,35,-0.02,0.02017447833065804,-0.4137630662020907,12355.061880000001,0.3677613262448845,1.0920790731303383
2026-05-31,76709,,,35,0.02,0.0017680456490727857,0.2537565331010453,44541.53999999999,1.5660920616144127,1.9337399042349275
2026-05-31,76721,,,35,0.02,0.07156063348416287,0.1685721544715447,2939.19392,1.0003837389141759,1.1141809544533465
2026-05-31,77274,GILD,"GILEAD SCIENCES, INC.",35,0.02,0.024338092326505682,0.35251524390243905,162401.48648,0.2863924618249637,0.5397365803086248
2026-05-31,77462,,,25,0.02,0.10994347826086942,0.30966898954703836,5156.097449999999,1.4853749528228493,1.7249225274510536
2026-05-31,77520,AGCO,AGCO CORP /DE,20,0.010000000000000009,-0.07286242255782267,0.23686120789779322,8762.33208,1.1065794551364412,1.3927025054462574
2026-05-31,78015,MTX,MINERALS TECHNOLOGIES INC,15,0.02,0.0675144008896303,0.41530560394889665,2232.1543199999996,1.0949236483131113,1.2392870794809836
2026-05-31,79507,MCRI,MONARCH CASINO & RESORT INC,25,0.02,0.01012773611930263,0.48889372822299654,2105.5606,1.3617474907464324,1.2255784259621407
2026-05-31,79637,UHS,UNIVERSAL HEALTH SERVICES INC,35,0.02,-0.1347931122600582,0.11539997096399537,9049.72887,1.0770637900049764,1.0457010294426539
2026-05-31,79859,,,40,-0.02,0.0033423765211167025,-0.06513138792102204,5811.422210000001,1.0610344587704443,0.832267737725153
2026-05-31,79879,VIAV,VIAVI SOLUTIONS INC.,45,-0.02,-0.07638244274809151,-0.3876851045296167,12124.7836,1.2403054340259756,1.9315501377681685
2026-05-31,80306,,,35,0.02,-0.030392576419213974,0.4100065331010453,2327.61096,0.5943262792422122,1.1756868059098116
2026-05-31,80575,SSD,"Simpson Manufacturing Co., Inc.",20,0.02,-0.008290583547423038,0.31759944831591175,7856.93162,1.3391198892776581,1.2936991120356245
2026-05-31,81736,RMD,RESMED INC,35,0.02,-0.10915321168635207,0.27477134146341464,31147.41318,0.8592011809090465,0.760696968065323
2026-05-31,82702,AMRX,"Amneal Pharmaceuticals, Inc.",35,0.02,0.02021002331002337,0.17176611498257838,4105.51713,1.288973512632006,0.9337235577119978
2026-05-31,82800,SCCO,SOUTHERN COPPER CORP/,15,0.02,0.12806620750469594,0.3034625435540069,141827.09985,1.034479755117105,1.720183203626719
2026-05-31,84761,,,50,-0.012258561404851499,0.045552694610778446,-0.08883202671312428,39583.008,0.95571634226588,1.0549492846550053
2026-05-31,85293,ORKA,"Oruka Therapeutics, Inc.",35,-0.02,-0.14752332992252595,-0.37349375725900114,4094.8173699999998,-0.25526281678791357,0.8752827615844628
2026-05-31,85621,,,35,0.02,-0.07832266001362984,0.23114474448315908,25947.098249999995,1.2666409324575991,1.421164420977504
2026-05-31,86799,CNX,CNX Resources Corp,10,0.009999999999999995,-0.1372557440246724,0.46644526713124274,5524.79199,0.6325652445911423,0.7499487924642895
2026-05-31,87430,,,20,-0.02,0.014029262490087206,-0.569722706155633,11817.0832,1.1311028367204332,2.2555690951173992
2026-05-31,88159,,,35,0.02,0.13230260908681954,0.3385416666666666,11293.19568,0.38675880591263595,0.9617401376275032
2026-05-31,88351,INSM,INSMED Inc,35,-0.02,-0.21889989730800272,-0.26326582462253195,29427.103160000002,0.9356274207961581,0.8614402060136511
2026-05-31,88661,TPR,"TAPESTRY, INC.",25,0.02,-0.00020424710424703446,0.29549578977932633,29365.378559999997,1.4900887472957454,1.790804869568882
2026-05-31,88853,FLR,FLUOR CORP,20,-0.02,-0.14536804123711353,-0.4259400406504064,7662.5004500000005,1.3449989416555979,1.7244885288249194
2026-05-31,89217,,,25,-0.02,0.009166845908250806,-0.22795078397212545,3590.17879,1.077385855992641,1.7216886222233379
2026-05-31,89781,MOH,"MOLINA HEALTHCARE, INC.",35,-0.02,-0.11110534374678867,-0.33592842624854813,10139.702000000001,0.803295100188627,0.7605191417999027
2026-05-31,89922,ADEA,Adeia Inc.,45,0.02,-0.16268266785679933,0.2616688443670151,3525.9224,1.470133706166877,1.8927650423771751
2026-05-31,89968,,,40,0.02,-0.10160917462669203,0.3887558072009291,6214.8312000000005,1.4840813264362456,1.7241764095465109
2026-05-31,90126,,,35,-0.02,0.19683747068938576,-0.33656358885017423,7878.73711,0.4483015085504275,1.1020419616759307
2026-05-31,90319,GOOGL,Alphabet Inc.,50,0.02,-0.014690436590436645,0.1901858304297329,2240946.292,1.1887309422518544,1.4853092388168772
2026-05-31,90505,LVS,LAS VEGAS SANDS CORP,25,0.00044961193423862303,-0.07176327619116125,0.3307382404181185,36186.606569999996,0.8221571578770789,1.3331598067861354
2026-05-31,90664,DXCM,DEXCOM INC,35,0.02,0.23518715365239293,0.25549869337979086,22978.737149999997,1.4088244625466242,1.4041743879260957
2026-05-31,90808,EXPE,"Expedia Group, Inc.",25,0.02,-0.09209509957082877,0.07919570267131247,29062.02207,1.3070489852299225,1.994977343610081
2026-05-31,90880,AMP,AMERIPRISE FINANCIAL INC,40,0.02,-0.060942425149788905,0.27631387921022066,43058.7051,1.207815638157779,1.4024910489420104
2026-05-31,91041,,,50,-0.02,0.06319099658098011,-0.34511106271777,36700.20192,1.170837556683047,1.3936242500922258
2026-05-31,91392,TNL,Travel & Leisure Co.,25,0.02,0.04855480977420358,0.13391042392566785,4036.2065199999997,1.1952813366545871,1.8398743139731768
2026-05-31,91413,EVR,Evercore Inc.,40,0.02,0.06058078829344845,0.28106852497096396,12724.69045,1.5379452870109063,2.0234214124504204
2026-05-31,91733,AVAV,AeroVironment Inc,20,-0.02,0.059560239975387126,-0.6249092624854821,9738.12868,1.3596670681944623,2.1293988004190676
2026-05-31,91832,MDGL,"MADRIGAL PHARMACEUTICALS, INC.",35,-0.02,-0.04198749299367983,-0.14196791521486643,11868.9266,-0.4107261319583467,0.26326646537373066
2026-05-31,92293,,,45,0.02,0.28912011385199227,0.2595092915214866,2490.8655000000003,0.5362601415326808,1.98966064797114
2026-05-31,92402,MSCI,MSCI Inc.,40,0.02,0.0683803996511189,0.29879863530778156,43054.647999999994,1.2376866907642525,1.371030021763412
2026-05-31,92469,,,50,-0.02,0.04603107032645774,-0.502812862950058,19397.87478,1.0357632649540685,2.046648812761952
2026-05-31,92601,NOG,"NORTHERN OIL & GAS, INC.",10,-0.02,-0.20155360824742263,-0.3986824912891986,2873.28356,0.8308791985628865,1.3505348460975488
2026-06-30,10606,WTS,WATTS WATER TECHNOLOGIES INC,20,0.010000000000000009,0.26661049856269176,0.34290079668230933,8489.2255,1.2139728059175705,1.1122212898102826
2026-06-30,11499,CECO,CECO ENVIRONMENTAL CORP,20,-0.02,0.21101304347826078,-0.44412310378696934,2681.50675,1.5246988817494338,1.6633895011757156
2026-06-30,12400,LPLA,LPL Financial Holdings Inc.,40,-0.02,0.025992866274610137,-0.18289133835352325,21896.94591,0.5256331805273728,1.3650567368443942
2026-06-30,12622,,,35,0.02,0.029107625554159924,0.2378042125941286,83975.31360000001,1.06436766404164,0.8731370823762733
2026-06-30,13305,ZWS,Zurn Elkay Water Solutions Corp,20,0.02,0.0722063829787234,0.34710247735457816,7842.984,1.0858378671885984,1.3593808196066326
2026-06-30,13407,META,"Meta Platforms, Inc.",50,0.02,-0.11154919876534371,0.27154498162901525,1389021.05546,1.1525139347820246,1.6234495258857398
2026-06-30,13543,GMED,GLOBUS MEDICAL INC,35,0.02,-0.03795129457743027,0.09809378296773257,9278.232199999999,0.9275701580089502,1.750292933245508
2026-06-30,13730,PBF,PBF Energy Inc.,10,-0.02,0.11552751842751838,-0.07666703044854306,4815.1356000000005,0.21151163884879973,1.1437663202747743
2026-06-30,13788,ZTS,Zoetis Inc.,35,0.02,-0.07794183292573048,0.09039979628214923,32569.82332,0.7344334884434073,1.2552560421425538
2026-06-30,13967,PTCT,"PTC THERAPEUTICS, INC.",35,-0.02,0.10163622207176709,-0.5030921459492887,6125.783649999999,0.5496311271410667,0.9910783975145723
2026-06-30,14593,,,45,0.02,-0.07564242132923163,0.31085161337262174,4583336.31336,1.0502143367813643,1.2567850263713
2026-06-30,14960,ENVA,"Enova International, Inc.",40,0.02,0.4875959445235589,0.26918039943250033,4019.17635,1.3397700040847969,1.7639073828849814
2026-06-30,15293,,,10,-0.02,-0.0496762326169406,-0.48424824475244643,2096.09463,1.7875109119967056,1.4366664931507096
2026-06-30,15303,VKTX,"Viking Therapeutics, Inc.",35,-0.02,0.1886088576664629,-0.3770053475935829,3801.31044,0.7122424240606207,1.2914281998357044
2026-06-30,16005,SYRE,"Spyre Therapeutics, Inc.",35,-0.02,0.20499115646258503,-0.3423369347739095,6382.813499999999,2.804086800665847,0.4284562937217371
2026-06-30,16087,FTV,Fortive Corp,20,0.02,0.04561570032890668,0.2751100440176071,17779.49352,1.0460747706160347,1.4264351694663417
2026-06-30,16126,AZZ,AZZ INC,20,0.02,0.14129600029518125,0.41642111390010556,4067.6036699999995,1.1270846852767389,1.3318987707584538
2026-06-30,16680,QXO,"QXO, Inc.",20,-0.02,-0.0011608695652173431,-0.40470733748044674,12509.148,2.5641078969196314,0.5294936495124339
2026-06-30,16923,CELC,Celcuity Inc.,35,-0.02,-0.215573088500903,-0.566826730692277,6480.02608,0.10884157488470267,1.8242781407149975
2026-06-30,16967,CARG,"CarGurus, Inc.",50,0.02,0.13876108506363038,0.37998835897995564,2268.49406,1.2638041976908456,1.506851594520342
2026-06-30,17332,VCTR,"Victory Capital Holdings, Inc.",40,0.02,-0.0030371753046567742,0.3054494525082761,5286.99605,1.1357531001920902,1.5144682641713407
2026-06-30,17366,HYMC,HYCROFT MINING HOLDING CORP,15,-0.02,-0.29488184568835096,-0.5878897013350795,3019.48105,1.6345580316291488,1.3264755947401048
2026-06-30,17372,COGT,"Cogent Biosciences, Inc.",35,-0.02,0.104079405034325,-0.45107133762595947,5973.54528,0.400614849307447,1.6344470387085694
2026-06-30,17787,EQH,"Equitable Holdings, Inc.",40,-0.02,0.0661398202618038,-0.2185237731456219,11640.810650000001,1.1078997757247027,1.75900475350475
2026-06-30,17892,DNTH,"Dianthus Therapeutics, Inc. /DE/",35,-0.005141008184931371,0.04515934845715513,-0.4146931499872676,5084.48466,1.2471999576342818,1.3221238446720658
2026-06-30,18424,,,25,0.02,0.0673586206896551,0.34530175706646293,2277.7064,1.3379756961540268,1.7127579674665185
2026-06-30,18428,,,15,-0.02,-0.19223333333333326,-0.36772890974571654,24325.00875,0.39458322609661833,1.8006143853745404
2026-06-30,18677,TRVI,"Trevi Therapeutics, Inc.",35,-0.02,0.3160533239038188,-0.3551056786350904,2007.5972,0.8884758728710077,0.9426272664895197
2026-06-30,18776,IMVT,"Immunovant, Inc.",35,-0.02,0.15415705705705718,-0.4026519698788607,6836.789699999999,0.7594402266741388,1.3046497049355767
2026-06-30,18846,MIRM,"Mirum Pharmaceuticals, Inc.",35,-0.02,0.15049901477832506,-0.37538651824366104,6189.5715,0.5683861007397412,0.8253810785864878
2026-06-30,19577,RKT,"Rocket Companies, Inc.",40,-0.009999999999999995,0.08255830461750524,-0.4022699989086544,14227.780499999999,2.1973834162737065,2.0108583916143736
2026-06-30,19751,LCID,"Lucid Group, Inc.",25,-0.02,0.018474045801526805,-0.5945287205791409,2556.18335,1.0270307951839315,2.337566619238016
2026-06-30,19813,TNGX,"Tango Therapeutics, Inc.",35,-0.02,0.41930200181983623,-0.6215940921823274,3179.36304,1.2530457703542923,1.429982232455038
2026-06-30,20062,SHC,Sotera Health Co,35,0.02,0.13201048593350379,0.2573756775437448,4460.01188,1.7857182113751344,1.065248168770842
2026-06-30,20138,GPGI,"GPGI, Inc.",45,-0.02,0.30055394736842117,-0.4357561206300703,3524.7097599999997,0.8816323516676867,1.5504394976917169
2026-06-30,20325,SMR,NUSCALE POWER Corp,20,-0.02,-0.2112662194159432,-0.7147586307250172,4385.16302,2.663110687754942,2.694827947615053
2026-06-30,20930,SOC,Sable Offshore Corp.,10,-0.02,-0.7926610921501707,-0.44725162792389683,2261.41795,-0.21747897311462436,1.514414546205718
2026-06-30,21053,BBAI,"BigBear.ai Holdings, Inc.",45,-0.009888770605751936,-0.2747253968253969,-0.4568736585543309,2413.90296,3.032736780476141,1.6101574492724082
2026-06-30,21090,RCAT,"Red Cat Holdings, Inc.",20,-0.02,-0.26841724137931033,-0.5881079704609117,2206.784,1.5611502564614306,1.9782770734216042
2026-06-30,21219,GPOR,GULFPORT ENERGY CORP,10,0.02,0.0036840204045315485,0.49423405725926745,3029.5623,0.40557392717585644,0.8541312080103696
2026-06-30,21573,IP,INTERNATIONAL PAPER CO /NEW/,15,-0.02,0.13543283537496265,-0.1835825239186584,17722.93399,0.9478673049905693,1.414877249989294
2026-06-30,21619,OKLO,Oklo Inc.,55,-0.02,-0.22045382775119615,-0.572137946087526,11636.51808,1.18787535488043,1.8775474647994732
2026-06-30,21927,DJT,Trump Media & Technology Group Corp.,50,-0.02,-0.1715358754027927,-0.3129797373494853,2578.44174,1.7931861706923244,0.7037805309034235
2026-06-30,22220,NN,NEXTNAV INC.,45,-0.0001112293942480595,-0.13820552861299723,-0.21299428862454076,2813.3309400000003,1.1313849387288637,1.5075988132919267
2026-06-30,22265,RIVN,"Rivian Automotive, Inc. / DE",25,-0.02,0.061517177914110474,-0.5229364473061952,20481.0315,1.70839237597205,2.4212697190999455
2026-06-30,22313,LUNR,"Intuitive Machines, Inc.",20,-0.02,-0.5148780971937029,-0.443213649096002,7032.6111599999995,3.5772265693423804,1.1792241470972356
2026-06-30,23352,AMPX,"Amprius Technologies, Inc.",20,-0.02,-0.3194680473372783,-0.41920404525446536,2872.1955600000006,2.067850431319641,1.9478464355755203
2026-06-30,23738,,,10,-0.02,-0.007693289394847219,-0.37129397213430826,2084.68114,1.025659327785217,1.5657254123224864
2026-06-30,24328,,,10,0.009999999999999995,-0.034940779173493496,0.3797882789479428,34357.506539999995,0.574204815468589,1.0126067029058239
2026-06-30,24459,PBI,PITNEY BOWES INC /DE/,20,0.02,0.08529875776397512,0.2926625195532759,2180.6001,1.6092576975078625,1.341096294955553
2026-06-30,25785,F,FORD MOTOR CO,25,-0.02,-0.20588165137614683,-0.2723998690385245,68257.38704,1.7939255069414102,1.6954423149417268
2026-06-30,34032,MAS,MASCO CORP /DE/,20,0.02,0.1553918149466194,0.30392156862745096,14171.8135,1.2833828428165601,1.4832166201425896
2026-06-30,44134,KMT,KENNAMETAL INC,20,0.02,0.06569756097560976,0.10382334752082653,2499.6879999999996,1.3732410104681807,2.0271089267449747
2026-06-30,46463,GFF,GRIFFON CORP,20,0.02,0.1056473971357125,0.31392557022809126,4035.37866,1.4918239559837285,1.4339133457957374
2026-06-30,47706,FSS,FEDERAL SIGNAL CORP /DE/,20,0.02,0.20131743205248365,0.26099530721379455,6508.9134,1.2840390729406723,1.5390364581625173
2026-06-30,49429,DDS,"DILLARD'S, INC.",25,0.02,-0.10708325421341232,0.42522463530866894,6864.732510000001,1.2277708311091988,1.4525851797842508
2026-06-30,50017,RRC,RANGE RESOURCES CORP,10,0.02,-0.04561188430551112,0.47799119647859145,9177.476900000001,0.522718151781871,0.9562433593527226
2026-06-30,60599,LUMN,"Lumen Technologies, Inc.",50,-0.019999999999999955,-0.3040828935395815,-0.3619629670049838,11323.11789,1.774231438221805,1.7368595264258828
2026-06-30,75510,,,45,0.02,-0.2119582925041471,0.2708537960638801,104772.68199999999,1.3716265564124281,1.5542478234973434
2026-06-30,75603,CRUS,"CIRRUS LOGIC, INC.",45,0.02,-0.12893706972639007,0.1995343591982248,8596.580849999998,1.1269066878610896,1.612129731397595
2026-06-30,75912,PTC,PTC INC.,45,0.02,-0.1839711453903265,0.27503728764232965,16024.147379999999,0.9759480712203344,1.647679128443333
2026-06-30,76661,IONS,IONIS PHARMACEUTICALS INC,35,-0.02,0.0335705882352942,-0.4023427552839318,12642.6195,0.3586455264520253,1.1479768113268858
2026-06-30,76709,IDXX,IDEXX LABORATORIES INC /DE,35,0.02,-0.06871725906340376,0.1968241842191422,44452.936989999995,1.5422623661953667,1.9732721112643297
2026-06-30,76721,CRVL,CORVEL CORP,35,0.02,0.009569635627530415,0.1860562406780894,3130.1692500000004,1.0094253995156945,1.2045376480802457
2026-06-30,77274,GILD,"GILEAD SCIENCES, INC.",35,0.009999999999999398,-0.05688008392064999,0.32682163774600753,166904.2551,0.28654148192889506,0.5452888307009734
2026-06-30,77462,M,"Macy's, Inc.",25,0.02,0.0877586349584764,0.21310342318745681,5738.96064,1.5008282098537626,1.832624637004008
2026-06-30,78015,MTX,MINERALS TECHNOLOGIES INC,15,0.02,-0.04099319941882733,0.36689221143002654,2388.31318,1.106601992360379,1.3089576061002117
2026-06-30,79507,MCRI,MONARCH CASINO & RESORT INC,25,0.02,0.0941827973214182,0.6035141329258976,2134.6150000000002,1.337407559028404,1.2759249374391968
2026-06-30,79637,UHS,UNIVERSAL HEALTH SERVICES INC,35,0.02,0.01618252514758734,0.20384517443340974,7785.909680000001,1.0152642932013902,1.0532784365234589
2026-06-30,79859,,,40,-0.02,0.06044681401075179,-0.08394266797628144,5860.418900000001,1.0492647772020876,0.8651201440574506
2026-06-30,79879,VIAV,VIAVI SOLUTIONS INC.,45,-0.02,-0.019580395387149882,-0.3775873985958019,11898.122640000001,1.1880102307074059,2.01591499670819
2026-06-30,79906,,,35,0.02,0.16890070291503,0.278420459092728,19326.91068,0.7609946703305938,0.7406758885184197
2026-06-30,80128,,,20,0.02,0.10977959851719167,0.30355778675106404,10091.591339999999,1.3324265264528248,1.2491289972412611
2026-06-30,80575,SSD,"Simpson Manufacturing Co., Inc.",20,0.02,0.10045195530726253,0.3608534322820037,7805.52412,1.3110760360878508,1.3483031718922012
2026-06-30,81678,,,20,0.02,0.027313935369312776,0.31876386918403726,14161.89163,1.2228527539424947,1.3177067048941977
2026-06-30,81736,,,35,0.02,0.019716361441989766,0.21661391829459056,27643.321920000002,0.8109233379796563,0.8475061440755832
2026-06-30,82702,AMRX,"Amneal Pharmaceuticals, Inc.",35,0.02,0.3114507972665147,0.16015497107934085,4201.53291,1.2687120121293294,0.976385645907672
2026-06-30,82800,,,15,0.02,-0.09197475169890239,0.26596092982647607,159606.5638,1.0543744609754804,1.9364047039659265
2026-06-30,84761,TTWO,TAKE TWO INTERACTIVE SOFTWARE INC,50,-0.02,0.1122855817273376,-0.11570082578485939,41619.11472,0.9578610960710441,1.0899361251384292
2026-06-30,85293,,,35,-0.02,0.6231037587561934,-0.3656917312379497,3530.06136,-0.3139088125225296,0.9069277667539796
2026-06-30,85488,OSIS,OSI SYSTEMS INC,45,-0.02,0.0060965397923874905,-0.34226417839863216,3572.69025,1.2012031622962054,1.6737310522680902
2026-06-30,87430,,,20,-0.02,-0.22541676282551065,-0.4731892757102841,12025.6576,1.1075424299034098,2.3976877984973437
2026-06-30,88159,EXEL,"EXELIXIS, INC.",35,0.02,0.0749526148969889,0.2652151769798829,12688.400399999999,0.4182665589529401,0.9409850321090278
2026-06-30,88351,INSM,INSMED Inc,35,-0.014858991815068029,-0.005612561968010401,-0.2563025210084034,23172.95632,0.8195234323590865,0.9603350555541691
2026-06-30,88661,TPR,"TAPESTRY, INC.",25,0.02,0.006297925684657681,0.24535268652915712,29389.4657,1.4549690073800372,1.9414065137603933
2026-06-30,89217,AAP,ADVANCE AUTO PARTS INC,25,-0.02,0.029968525896414362,-0.28875186438211653,3632.4719999999998,1.0655229421796855,1.2564900871772071
2026-06-30,89781,MOH,"MOLINA HEALTHCARE, INC.",35,-0.02,0.31449631336405526,-0.23131070610062207,9044.56,0.7517822423646393,0.7898474302568574
2026-06-30,89922,ADEA,Adeia Inc.,45,0.02,0.22951017964071857,0.10353232201971699,2947.05568,1.3830443136218005,2.09924858484028
2026-06-30,89968,,,40,0.02,-0.08031359520469328,0.2092473352977555,5570.560039999999,1.421716293090373,1.8124817262120212
2026-06-30,90071,NRG,"NRG ENERGY, INC.",55,-0.02,0.08644964200477326,-0.4255702280912365,28289.00288,1.229701956887879,1.6337322360628515
2026-06-30,90126,CYTK,CYTOKINETICS INC,35,-0.02,0.10692282438770183,-0.4044163119793372,9551.47708,0.4909666865875929,1.1727304631044082
2026-06-30,90319,GOOGL,Alphabet Inc.,50,0.02,-0.06272435788487346,0.2779657317472444,2215100.1599999997,1.1571632207652771,1.4923693604106643
2026-06-30,90664,DXCM,DEXCOM INC,35,0.02,-0.08955581773799838,0.1757248353887009,28454.275019999997,1.4671500192798022,1.3932804080064116
2026-06-30,90808,EXPE,"Expedia Group, Inc.",25,0.02,0.1303654236237211,0.27525555676816177,25852.729209999998,1.2511237721264936,2.0639780325463986
2026-06-30,90880,AMP,AMERIPRISE FINANCIAL INC,40,0.02,0.02637912768392013,0.3128887918803885,40067.99187,1.1642090607703053,1.4398815662346796
2026-06-30,91041,LYV,"Live Nation Entertainment, Inc.",50,-0.02,0.084386978207945,-0.2753646913310779,39191.19633,1.1739344936903613,1.485953053780093
2026-06-30,91392,TNL,Travel & Leisure Co.,25,0.010000000000000009,0.1301678834605285,0.17532467532467533,4244.696,1.192544420839359,1.9036101639946843
2026-06-30,91402,,,20,-0.02,0.002489279183909175,-0.341572992833497,9948.13558,1.683712401536987,0.8929800971953172
2026-06-30,91413,,,40,0.02,-0.0011984216393828935,0.30292116846738704,13185.146520000002,1.5304020786974024,2.0531435483269145
2026-06-30,91733,,,20,-0.02,-0.2063838834201892,-0.6343082687620502,10348.32216,1.3518612637127938,2.306338335465008
2026-06-30,91832,MDGL,"MADRIGAL PHARMACEUTICALS, INC.",35,-0.02,0.0768956844370263,-0.30768671104805556,11465.05712,-0.44528218824454885,0.28208450125186163
2026-06-30,92293,TDC,TERADATA CORP /DE/,45,0.02,0.014721145374449383,0.2925170068027211,3204.1049999999996,0.6295985813498925,2.1591862227583682
2026-06-30,92402,,,40,0.02,-0.11589059203649153,0.30144785186802003,45964.464,1.2391073799952175,1.4477178173187408
2026-06-30,92469,SATS,EchoStar CORP,50,-0.02,-0.21723547488195682,-0.44501436938411726,20472.09335,1.0227496067136954,2.079601191028402
2026-06-30,92601,NOG,"NORTHERN OIL & GAS, INC.",10,-0.02,-0.14807120293738862,-0.3625813961948416,2303.0700699999998,0.7524992363435711,1.3612888445978628
2026-07-31,11499,CECO,CECO ENVIRONMENTAL CORP,20,-0.02,-0.27675937844390563,-0.48842419716206115,5299.488219999999,1.5237743244181936,1.5769124716501632
2026-07-31,12400,,,40,-0.02,0.25278020448736144,-0.2111028130445606,22529.61144,0.5403570889879981,1.3127678444635729
2026-07-31,12622,HCA,"HCA Healthcare, Inc.",35,0.02,0.029673289902280145,0.19031615633557378,86493.1976,1.071151587460463,0.843259709752578
2026-07-31,13305,,,20,0.02,-0.003295804472590516,0.3216686226394964,8432.04216,1.0813954042768463,1.3109655078222309
2026-07-31,13407,,,50,0.02,-0.014581371939853156,0.23308083502258256,1237010.7513399997,1.1624880027626838,1.5927767137795212
2026-07-31,13543,GMED,GLOBUS MEDICAL INC,35,0.02,-0.005684457663586873,0.08840997190511755,8953.01815,0.9227683969182934,1.6510386823791117
2026-07-31,13730,,,10,-0.02,0.5849734622144112,-0.09989686688715813,5385.380160000001,0.21353409411130286,1.0545804629925284
2026-07-31,13788,,,35,0.02,0.08014454972297028,0.1584160176393186,30125.72408,0.7326335860979873,1.1680355515634084
2026-07-31,13967,PTCT,"PTC THERAPEUTICS, INC.",35,-0.02,-0.16913758734828965,-0.4839610227959742,6766.14993,0.5307878999008777,0.9588425099979312
2026-07-31,14708,VRDN,"Viridian Therapeutics, Inc.\DE",35,-0.02,0.02704011976047908,-0.5141719122301647,2028.5623600000001,1.0056821751098417,1.3904309289224888
2026-07-31,14960,ENVA,"Enova International, Inc.",40,0.02,0.05280556224816183,0.20050499662150148,5990.56605,1.306142978361594,1.6775559136034983
2026-07-31,15433,PVLA,"PALVELLA THERAPEUTICS, INC.",35,-0.02,-0.093071443528334,-0.3955688324620364,2191.8972599999997,-0.16595921247979445,0.9879420841935271
2026-07-31,16005,SYRE,"Spyre Therapeutics, Inc.",35,-0.02,0.1046692723586393,-0.4091183897009141,7709.743979999999,2.7826215813019886,0.41242386392385305
2026-07-31,16126,AZZ,AZZ INC,20,0.02,-0.06793381853732351,0.32527828158896127,4654.135850000001,1.1214479795798267,1.3169224210061223
2026-07-31,16680,QXO,"QXO, Inc.",20,-0.02,-0.23322407407407403,-0.4661616700451652,12533.2704,2.4533372268285363,0.48727871857043203
2026-07-31,16923,CELC,Celcuity Inc.,35,-0.02,-0.177245249474288,-0.5666808919236104,5101.89892,0.16792053028819434,1.6962367492467831
2026-07-31,16967,CARG,"CarGurus, Inc.",50,0.02,0.060168348489293005,0.35527579216899596,2589.8513900000003,1.2618901261152193,1.4689330513130223
2026-07-31,17332,VCTR,"Victory Capital Holdings, Inc.",40,0.02,0.17518708065667377,0.33656957928802583,5256.35586,1.130676354021034,1.4329494951349686
2026-07-31,17366,HYMC,HYCROFT MINING HOLDING CORP,15,-0.02,-0.1682846153846153,-0.5801593228777694,2137.8474,1.718886592324163,1.3155865980765573
2026-07-31,17821,SRRK,Scholar Rock Holding Corp,35,-0.02,-0.14299090909090906,-0.35593371030264237,6590.54,0.8753595244135578,0.7232183344575207
2026-07-31,17892,DNTH,"Dianthus Therapeutics, Inc. /DE/",35,-0.010000000000000002,0.09394037751333605,-0.488388634019702,5328.8416799999995,1.280822240464717,1.281537768725391
2026-07-31,18424,LEVI,LEVI STRAUSS & CO,25,0.02,-0.008998384937011444,0.3604146662399089,2437.73491,1.3263721958380132,1.608122592453248
2026-07-31,18428,,,15,-0.02,0.10419064327485364,-0.33006152423628154,19719.47376,0.4284311479012864,1.6857673267175985
2026-07-31,18656,IDYA,"IDEAYA Biosciences, Inc.",35,-0.02,-0.05039127984974518,-0.36578470073615704,3481.61432,-0.0670085573226489,0.9741256799408005
2026-07-31,18677,TRVI,"Trevi Therapeutics, Inc.",35,-0.02,-0.02434772117962459,-0.36624702158682737,2647.9269999999997,0.8624581193023876,0.8656895959364826
2026-07-31,18846,MIRM,"Mirum Pharmaceuticals, Inc.",35,-0.02,-0.09788590586828386,-0.37314627120452354,7139.0456699999995,0.5540653821476215,0.7946625006575875
2026-07-31,18968,,,35,0.02,0.07687800901838365,0.2905153099327857,2258.3115599999996,1.0772577217201025,1.5761558386717827
2026-07-31,19002,BWIN,"Baldwin Insurance Group, Inc.",40,-0.02,0.04074183596689241,-0.4002987303958178,2591.2841999999996,1.130621899842935,1.8229361412998337
2026-07-31,19076,ASTS,"AST SpaceMobile, Inc.",50,-0.02,-0.33915928426738695,-0.7198691276361179,26546.56956,2.893453303678989,2.6250743132905834
2026-07-31,19577,RKT,"Rocket Companies, Inc.",40,-0.009999999999999995,-0.18385238095238093,-0.4299583911234396,15443.662499999999,2.17758954878009,2.016326781862258
2026-07-31,19751,LCID,"Lucid Group, Inc.",25,-0.02,0.10023901345291472,-0.6361179273800632,2610.8193300000003,0.9426796144816517,2.388376725891613
2026-07-31,19813,TNGX,"Tango Therapeutics, Inc.",35,-0.02,-0.1334182341650672,-0.6480137984992355,5089.5969000000005,1.2166275697055915,1.3936629654784165
2026-07-31,20062,,,35,0.02,0.0032971830985915173,0.2065507308225755,5061.714249999999,1.7730538202774189,0.9978189142229954
2026-07-31,20117,,,45,0.02,0.0032105207226353176,0.3389523098260962,2287.98504,1.2906057456683897,1.6390735673595294
2026-07-31,20138,GPGI,"GPGI, Inc.",45,-0.02,-0.17009242902208205,-0.42821579714783603,4594.29685,0.8500510439244588,1.54791769985601
2026-07-31,20325,SMR,NUSCALE POWER Corp,20,-0.02,-0.16341844466600197,-0.7105871474803512,3471.4431799999998,2.699469468933663,2.5676144726439833
2026-07-31,20648,,,50,-0.02,-0.3482475542478853,-0.5129094206764109,36521.39048,1.49166608569211,2.3520179462162387
2026-07-31,20682,CPNG,"Coupang, Inc.",25,-0.02,-0.061621934369602734,-0.36219282335787184,28439.223570000002,1.1784970573583546,1.6038996408456747
2026-07-31,21219,GPOR,GULFPORT ENERGY CORP,10,0.02,-0.05198662345315254,0.49882641630214436,3049.5089999999996,0.4051993296960678,0.8024262512090448
2026-07-31,21342,VERA,"Vera Therapeutics, Inc.",35,-0.02,-0.2548226287578652,-0.3600234716739571,3080.20853,0.9586208028963079,0.836041566801944
2026-07-31,21573,,,15,-0.02,0.06875354330708668,-0.22344322344322345,20174.597700000002,0.9360563415034765,1.404748942435933
2026-07-31,21619,OKLO,Oklo Inc.,55,-0.02,-0.26087821517294096,-0.5525089796934457,9104.94903,1.220188015654652,1.7864310134295243
2026-07-31,21927,DJT,Trump Media & Technology Group Corp.,50,-0.02,0.2710018087855296,-0.2694619296561044,2143.62396,1.8156707502349592,0.6958323450995393
2026-07-31,22220,NN,NEXTNAV INC.,45,-0.02,-0.26762237801458216,-0.23613926526547885,2432.67171,1.1497731911473552,1.4361266290073433
2026-07-31,22265,RIVN,"Rivian Automotive, Inc. / DE",25,-0.02,-0.12566657060518735,-0.53887051459867,21800.361750000004,1.696031416263104,2.437505307616223
2026-07-31,22313,LUNR,"Intuitive Machines, Inc.",20,-0.02,-0.42599490416082286,-0.461751840392617,3432.06828,3.763620133416354,1.2301061779781892
2026-07-31,23054,,,45,-0.015947325244424826,-0.055450231839258124,-0.5118958711191721,2589.5139799999997,2.706918700585881,2.0873146370009024
2026-07-31,23568,MBC,"MasterBrand, Inc.",20,-0.02,-0.2011507288629737,-0.3811124150929976,2109.61464,1.3732759699974089,1.562366123126472
2026-07-31,23738,,,10,-0.02,-0.3532913305237809,-0.3706035065258367,2074.6886600000003,1.0235639442996307,1.4927533813355263
2026-07-31,23941,CAVA,"CAVA GROUP, INC.",25,-0.008980264997707422,-0.1717328236493374,-0.34348661047690177,9140.87952,1.5124016558680111,1.9702722300833457
2026-07-31,24459,PBI,PITNEY BOWES INC /DE/,20,0.02,-0.0023292237442922503,0.3354493403037092,2372.92632,1.599090970064146,1.2708006658576312
2026-07-31,44134,KMT,KENNAMETAL INC,20,0.02,-0.03371312410841644,0.1352644119634411,2671.1604999999995,1.3745318043671513,1.9500455526722396
2026-07-31,44768,TILE,INTERFACE INC,20,0.02,-0.046984821428571535,0.3432732316227462,2080.72704,1.9426649542876218,1.3684951874515816
2026-07-31,46463,GFF,GRIFFON CORP,20,0.02,-0.11937698144160765,0.26988868736441546,4473.40851,1.4932911076885385,1.3905881774402744
2026-07-31,47706,,,20,0.02,-0.030450782162035943,0.2660834311319748,7838.14698,1.2747151119518232,1.4320732806135432
2026-07-31,49429,DDS,"DILLARD'S, INC.",25,0.02,0.1104946481965104,0.4030193107863011,6147.109859999999,1.1925004355673996,1.43481511968678
2026-07-31,50017,,,10,0.001019735002291968,0.07642239849421897,0.45410576478537645,8762.78218,0.4953880201258801,0.9033063953546784
2026-07-31,53604,,,20,0.02,-0.11789890996293884,0.34450016003414063,2422.8534,1.306625268585255,1.356520587468292
2026-07-31,75510,ADBE,ADOBE INC.,45,0.02,0.2184930348258704,0.2366371492585085,81495.45,1.3708798991751299,1.534267138460958
2026-07-31,75603,,,45,0.02,-0.1320321618528244,0.2362992994060955,7493.78409,1.1335553010667994,1.6056535558868363
2026-07-31,75912,,,45,0.02,0.20474017252002458,0.2816956506276894,13122.63666,0.9909668770086133,1.6226267743556806
2026-07-31,76661,IONS,IONIS PHARMACEUTICALS INC,35,-0.02,-0.3499803379997478,-0.4081759664283936,13103.703270000002,0.34784518920026425,1.0725613310403574
2026-07-31,76709,,,35,0.02,0.059082372160170184,0.21359223300970878,41527.16652,1.532211800256593,1.8919538615088571
2026-07-31,76721,CRVL,CORVEL CORP,35,0.02,-0.042247408829174674,0.22678615882499376,3189.08268,0.999468082708965,1.1337461318849835
2026-07-31,77274,,,35,0.02,0.027731628937787037,0.3321419680642981,156859.9538,0.289401137566618,0.52449427464828
2026-07-31,77462,M,"Macy's, Inc.",25,0.01898026499770743,0.05102781316348201,0.1885024360752516,6194.544900000001,1.4893111154874865,1.741965884000157
2026-07-31,78015,MTX,MINERALS TECHNOLOGIES INC,15,0.02,0.027788116804109673,0.4225968206550731,2293.73573,1.1277246317521186,1.2278675619668276
2026-07-31,79507,,,25,0.02,-0.07022011245346114,0.5950958426686581,2336.0775000000003,1.3428291061810893,1.2012798573367447
2026-07-31,79637,,,35,0.02,0.12992668639451188,0.1872399445214979,7923.39272,1.0279104306409421,0.9792586625627697
2026-07-31,79859,,,40,-0.02,-0.051092771084337234,-0.0846402788150361,6227.2161,1.053905207446245,0.790605247440277
2026-07-31,79879,,,45,-0.02,-0.22907801047120419,-0.41587538674917324,11779.2565,1.1970610865273954,2.06110924466329
2026-07-31,80539,NKTR,NEKTAR THERAPEUTICS,35,-0.02,0.009419151983956445,-0.6187275507663857,2358.60066,1.2139534793219842,1.7283536814453369
2026-07-31,80575,,,20,0.02,-0.10478392797033816,0.3148049361641595,8612.2403,1.3060584418937689,1.3002331608590039
2026-07-31,81736,,,35,0.02,0.07971494252873561,0.21697073153383833,28268.513280000003,0.7782888460421087,0.8214282844374424
2026-07-31,82272,,,35,0.02,0.04368507698381379,0.3839396849105587,2080.15026,0.6710737488514588,1.0083008753379687
2026-07-31,82702,,,35,0.02,0.0554477758521087,0.08730751449198053,5522.28813,1.2541240722285913,0.921136355724932
2026-07-31,82800,SCCO,SOUTHERN COPPER CORP/,15,0.02,0.0455907609319409,0.26444752658344894,145390.17153999998,1.0861643897284292,1.9623430159639264
2026-07-31,82924,WLY,"JOHN WILEY & SONS, INC.",50,0.02,0.08052371895927683,0.41955617198335643,2037.4685099999997,0.7813002589610497,1.084924372304012
2026-07-31,83601,WOR,"WORTHINGTON ENTERPRISES, INC.",20,0.02,0.04267291666666665,0.3725239162132366,2647.84128,1.292141765621713,1.0709504129537493
2026-07-31,84761,,,50,-0.02,-0.03114225938075046,-0.1049468331021729,46413.03666,0.9538594360220287,1.080294987074821
2026-07-31,85293,ORKA,"Oruka Therapeutics, Inc.",35,-0.02,0.011180067248082421,-0.4150040897613713,5739.89304,-0.388162107364687,0.8332992343824951
2026-07-31,85488,,,45,-0.02,0.009399954275262908,-0.33080835022582594,3604.8321,1.1975464972275722,1.6075904468764401
2026-07-31,87430,,,20,-0.009999999999999995,-0.06828307260328917,-0.4572708844553505,9349.7472,1.120105937702556,2.3226555852995423
2026-07-31,88159,,,35,0.02,-0.028262984745451122,0.29417831359578933,13676.22555,0.4446306601882799,0.8987161694411964
2026-07-31,88661,,,25,0.02,0.038020890832080885,0.29698780184217083,29575.3471,1.4680098727888986,1.828657366070435
2026-07-31,89217,AAP,ADVANCE AUTO PARTS INC,25,-0.02,-0.10641007508608276,-0.2510402219140083,3751.8659999999995,1.046972726660257,1.174860587092109
2026-07-31,89781,MOH,"MOLINA HEALTHCARE, INC.",35,-0.02,-0.147543637953651,-0.32170418578185567,11915.27,0.7133778389088266,0.7280808044616582
2026-07-31,89922,,,45,0.02,-0.19360756149407843,0.07189089227924181,3631.98142,1.3573276336847842,2.0701302096508694
2026-07-31,89968,,,40,0.02,0.04492969311584182,0.25564564884953234,5139.32296,1.4359155795669147,1.7075447793209606
2026-07-31,90071,,,55,-0.02,-0.08348332192249767,-0.4097229631210214,30816.615159999998,1.1889439852775594,1.5784559675448957
2026-07-31,90319,GOOGL,Alphabet Inc.,50,0.02,-0.006369793211517519,0.2603399836409545,2081322.8800000001,1.166237005084004,1.4442299758468455
2026-07-31,90664,,,35,0.02,0.23614974016332607,0.2548099150040898,25988.546549999995,1.455893178048213,1.2969251028162592
2026-07-31,90808,EXPE,"Expedia Group, Inc.",25,0.02,0.14896806315460387,0.21526370070059384,29298.004119999998,1.2513735849536551,2.003930155131597
2026-07-31,90880,AMP,AMERIPRISE FINANCIAL INC,40,0.02,0.1869160258087017,0.3072655499839966,41241.14772,1.1719669450557892,1.373729133915761
2026-07-31,91041,LYV,"Live Nation Entertainment, Inc.",50,-0.02,-0.05194155971820227,-0.2524271844660194,42612.077430000005,1.1734625992696053,1.4116071968840078
2026-07-31,91402,,,20,-0.02,0.002173229434287452,-0.33763647355880366,10001.74886,1.6893430066183437,0.6486436600531137
2026-07-31,91413,EVR,Evercore Inc.,40,0.02,-0.06405276476101215,0.29273800633023933,13207.58208,1.5429718845513498,1.9744207478121645
2026-07-31,91733,AVAV,AeroVironment Inc,20,-0.02,-0.0980111649603198,-0.4858992140545539,8353.86256,1.3975781038306938,2.2034066378791337
2026-07-31,91832,MDGL,"MADRIGAL PHARMACEUTICALS, INC.",35,-0.02,-0.1325768786665426,-0.31393363917635764,12379.919200000002,-0.4200572060021156,0.2706408146327883
2026-07-31,92293,TDC,TERADATA CORP /DE/,45,0.02,-0.10852770562770564,0.28342046303211355,3260.5649999999996,0.6210497040208156,2.0887972798685777
2026-07-31,92294,,,10,-0.0050724097578670945,-0.10233714821763606,-0.5774031793449269,5275.3355200000005,1.3485026300520269,2.6635640154810063
2026-07-31,92402,,,40,0.02,0.018884158274409025,0.3476297165617554,40770.912,1.2342010967540304,1.4089746773429375
2026-07-31,92469,ECHO,EchoStar CORP,50,-0.02,-0.17442709359605912,-0.4411963441089655,16084.1975,1.0748125722473063,1.7588783664391388
2026-07-31,93101,,,25,0.02,-0.02841096523944516,0.3593477719691312,6715.7357,1.2545047062672847,1.4279943133762327
2026-08-31,11499,,,20,-0.02,0.05446834117468516,-0.47329520932239966,3848.17367,1.5662404614335474,1.5296253352761637
2026-08-31,12400,LPLA,LPL Financial Holdings Inc.,40,-0.02,0.04598328223375696,-0.2067867932671558,28289.987100000002,0.5063947925787134,1.2804550136465023
2026-08-31,12622,HCA,"HCA Healthcare, Inc.",35,0.02,0.034930050423507816,0.16013882894547546,87161.54018,1.0602442044453486,0.8767792356088038
2026-08-31,13305,ZWS,Zurn Elkay Water Solutions Corp,20,0.02,-0.0494597873235148,0.42031722054380666,8377.79064,1.0772812131915108,1.1744323624644382
2026-08-31,13511,,,45,-0.02,0.11692038995871377,-0.32033160696302687,270441.45,0.9493799067230175,1.5117093491749547
2026-08-31,13543,,,35,0.02,0.050152417819520144,0.09149762624082862,8928.08885,0.9196713030517303,1.584591756390079
2026-08-31,13788,,,35,0.02,-0.002253085780825553,0.17319450438785786,32402.132120000002,0.7149873674764359,1.1329894224218175
2026-08-31,13967,PTCT,"PTC THERAPEUTICS, INC.",35,-0.012193942644116787,0.027683737685634438,-0.27837721191195514,5676.182610000001,0.558274585464051,0.9378850737925278
2026-08-31,14708,,,35,-0.02,0.21697315010570806,-0.5162027046468134,2089.29776,1.0076214239722734,1.3506343386281243
2026-08-31,14960,ENVA,"Enova International, Inc.",40,0.02,-0.0871842527740615,0.183031218529708,6327.577719999999,1.303861599578023,1.6860053916818523
2026-08-31,16005,,,35,-0.02,-0.0839535950371199,-0.4137174507265141,8539.07553,2.7721259396401527,0.4053744180627057
2026-08-31,16044,NGVT,Ingevity Corp,15,0.02,-0.053235111475858195,0.35099266292619763,2513.37558,1.224239187418402,1.5415570717493439
2026-08-31,16263,,,35,-0.02,0.053379274004684035,-0.3744784923032657,8787.45504,1.6878341031583954,0.8163023891153692
2026-08-31,16318,,,30,-0.02,0.2529812884545783,-0.3483311753704503,4885.2879299999995,1.6061465250773197,1.8002666966127054
2026-08-31,16680,QXO,"QXO, Inc.",20,-0.02,0.013641353383458552,-0.4620917853546252,13798.4973,2.4927565998416283,0.48203244609318135
2026-08-31,16923,CELC,Celcuity Inc.,35,-0.02,0.02094811298911788,-0.538879297942742,4212.40708,0.2058410284696477,0.6998778302736072
2026-08-31,16967,,,50,0.02,0.005930022075055195,0.3522155085599195,2753.18904,1.2498829990513003,1.4841908626625875
2026-08-31,17332,VCTR,"Victory Capital Holdings, Inc.",40,0.02,0.19178847823891754,0.2661847216227881,6192.44493,1.1101553820198944,1.3635805046700384
2026-08-31,17821,,,35,-0.02,0.21921650280156452,-0.34563372176665236,5667.26526,0.8984933985102057,0.7016951355527193
2026-08-31,17892,,,35,-0.02,-0.013001010101010084,-0.5138289454754712,5844.88872,1.2782489838401387,1.2650724043353385
2026-08-31,18424,LEVI,LEVI STRAUSS & CO,25,0.02,-0.13462920065252854,0.2602323406704071,2463.18112,1.3252880984115765,1.5147301553229089
2026-08-31,18428,DOW,DOW INC.,15,-0.02,0.004363123142951634,-0.15848439073514606,21879.708889999998,0.412930063204058,1.4872960399701896
2026-08-31,18656,,,35,-0.02,0.12695915492957743,-0.3216983167889512,3316.268,-0.0626454254150769,0.9347841538218779
2026-08-31,18677,,,35,-0.02,-0.08290000000000004,-0.42839159833117535,2591.1349999999998,0.8817632717316325,0.8743636097136825
2026-08-31,18846,,,35,-0.02,-0.08303213780084955,-0.3592828370018703,6460.93695,0.5779434453417962,0.80505377484103
2026-08-31,18968,,,35,0.02,-0.1676928043687761,0.2848151345130197,2438.4751599999995,1.065975486534999,1.497615869571161
2026-08-31,19002,BWIN,"Baldwin Insurance Group, Inc.",40,-0.02,0.10308413842826249,-0.3943677168752698,2686.3138599999997,1.1232316010421224,1.7907938186066261
2026-08-31,19484,PCVX,"Vaxcyte, Inc.",35,-0.02,0.10351642011834325,-0.32894547547115527,7809.043839999999,1.250811284614974,0.8349426702181029
2026-08-31,19751,LCID,"Lucid Group, Inc.",25,-0.02,-0.32403821138211386,-0.6490792691699037,2880.09666,0.9261730002043418,2.305764673988776
2026-08-31,19813,,,35,-0.02,-0.14418035320088302,-0.6238131204143288,4425.3117,1.2459244714166329,1.37730497506989
2026-08-31,19880,MTZ,MASTEC INC,20,-0.02,-0.0868984796655265,-0.3352934829520932,21128.245500000005,1.8486739148022278,1.8728006759914309
2026-08-31,20062,,,35,0.02,0.07604736842105264,0.21665947345705652,5093.082619999999,1.771030499012085,0.9694331626869991
2026-08-31,20117,RAMP,"LiveRamp Holdings, Inc.",45,0.02,-0.006332796408766743,0.32765069774133215,2301.96582,1.2924337271786874,1.5893006338841866
2026-08-31,20138,,,45,-0.02,0.0010781310489144562,-0.3774816573154941,3826.1651999999995,0.8742845496207063,1.5473694246507266
2026-08-31,20325,,,20,-0.02,0.10042541567695953,-0.7054380664652568,2914.21252,2.727696569397235,2.50701542733027
2026-08-31,20682,,,25,-0.02,0.007497553516819458,-0.32374838152783764,26769.217350000003,1.1867928317761023,1.6289152433053768
2026-08-31,21342,VERA,"Vera Therapeutics, Inc.",35,-0.02,0.06220903426791266,-0.3194504387857862,2304.2343,0.987019632040472,0.8373800245591491
2026-08-31,21573,IP,INTERNATIONAL PAPER CO /NEW/,15,-0.02,-0.02919767578859835,-0.29486764494317363,21620.17911,0.9266352942944405,1.3236587643821118
2026-08-31,21619,OKLO,Oklo Inc.,55,-0.02,0.03083680144218394,-0.546180405697022,6756.07053,1.2629815844500523,1.7507512800026377
2026-08-31,21927,DJT,Trump Media & Technology Group Corp.,50,-0.02,-0.025719472616632825,-0.30975758883613863,2730.76644,1.7714777960480488,0.7012779511261625
2026-08-31,22265,RIVN,"Rivian Automotive, Inc. / DE",25,-0.009999999999999995,0.05294756898817343,-0.5199072075960294,21976.888560000003,1.7074767276679748,2.530826072139688
2026-08-31,23054,SOUN,"SOUNDHOUND AI, INC.",45,-0.02,0.15696949429037532,-0.5485901309164148,2471.2420700000002,2.7192896477504536,2.002967662413302
2026-08-31,23941,,,25,-0.02,0.0233149317798558,-0.2993993669975543,7597.599020000001,1.578323352983546,1.9113752557352297
2026-08-31,24459,PBI,PITNEY BOWES INC /DE/,20,0.007806057355882589,-0.015369236643621538,0.30474032513307436,2403.1877000000004,1.6023741153608158,1.1823557237908693
2026-08-31,28804,ALK,"ALASKA AIR GROUP, INC.",20,-0.02,-0.11101380400421504,-0.40722557905337364,5287.30605,1.3127006505312815,2.0231749097634033
2026-08-31,37875,FUL,FULLER H B CO,15,0.02,0.01608734177215197,0.26492590994101567,2974.4210999999996,0.9759801458880187,1.4035349018358756
2026-08-31,42877,JBHT,HUNT J B TRANSPORT SERVICES INC,20,0.02,-0.040738279661999645,0.256401956553014,25521.401250000003,1.3041437989710407,1.508279284838982
2026-08-31,44134,KMT,KENNAMETAL INC,20,0.02,-0.12755792348278422,0.20923248453459933,2588.8536999999997,1.376501031575514,1.9022431711860577
2026-08-31,46463,,,20,0.02,0.14575962632006506,0.34426701194072795,3952.3593899999996,1.5146450251733177,1.3676649255134365
2026-08-31,48506,MCO,MOODYS CORP /DE/,40,0.02,0.07583175196762997,0.2475902747806071,82855.416,1.2970962801249089,1.473530772323526
2026-08-31,49429,,,25,0.02,0.05140533365061018,0.42319450438785783,6844.15922,1.1791900333103849,1.3446701884961176
2026-08-31,50876,,,35,0.02,0.02103010546511044,0.26616673859876283,1081909.7304399998,0.4240324511581711,0.7731620786015381
2026-08-31,53604,GRC,GORMAN RUPP CO,20,0.02,-0.061907167706797675,0.2968997266580348,2144.2279,1.3214617153578379,1.33913705468967
2026-08-31,64194,CHE,CHEMED CORP,35,0.02,-0.018253938333226773,0.26634656883901603,7065.086499999999,0.46922126887540755,0.5087084851757768
2026-08-31,75470,MIDD,MIDDLEBY Corp,20,0.02,-0.15883651744273108,0.25708531146597613,6039.68612,1.3553370716449242,1.7351776735066706
2026-08-31,75510,ADBE,ADOBE INC.,45,0.02,0.161270759953676,0.16565961732124876,99537.975,1.3343490413918995,1.5908122532155566
2026-08-31,75603,,,45,0.02,-0.16424518747584066,0.28673931808372893,6526.09555,1.1515220520431233,1.5674886636065497
2026-08-31,76123,JOE,ST JOE Co,60,0.02,0.08123164509456293,0.44204071356639335,3543.3232000000003,1.283330387198942,1.1980622899018645
2026-08-31,76661,IONS,IONIS PHARMACEUTICALS INC,35,-0.02,0.17635439443693246,-0.6171054524528845,8603.34568,0.3982692901033876,1.091830628448666
2026-08-31,76709,,,35,0.02,-0.010197833902731393,0.175226586102719,44101.11881,1.51839654290778,1.8388324906019422
2026-08-31,76721,,,35,0.02,0.1499471528471527,0.29384261257373046,3063.60054,1.002476771775142,1.092423693989989
2026-08-31,77274,,,35,0.008984049425690052,0.11590807925658544,0.2736836426413466,161664.8297,0.28747024938346133,0.510236939206916
2026-08-31,77462,,,25,0.02,-0.11611514907332794,0.26019637462235645,6528.603160000001,1.4848698178180129,1.6614812336254563
2026-08-31,79507,MCRI,MONARCH CASINO & RESORT INC,25,0.02,-0.004366395112016276,0.46466335779024603,2200.04825,1.353052741237489,0.9296770881239881
2026-08-31,79637,UHS,UNIVERSAL HEALTH SERVICES INC,35,0.01320989321842673,0.01621659938256951,0.052762192490289184,8975.83072,1.0056778641396558,0.939619041271465
2026-08-31,79859,,,40,-0.02,-0.05704908579465558,-0.09631707667961442,5927.1093,1.0552632791334233,0.7471609479321324
2026-08-31,79879,,,45,-0.02,-0.013996075778078484,-0.4240397065170479,9115.047700000001,1.2305546777051564,2.1262493088655936
2026-08-31,80128,VMI,VALMONT INDUSTRIES INC,20,0.02,-0.014151816483288388,0.3178319666235074,9299.218499999999,1.3545139606727092,1.2333751496636494
2026-08-31,80539,,,35,-0.02,0.02327801047120411,-0.6335779024600777,2387.65662,1.215374134784085,1.673462586202013
2026-08-31,80575,SSD,"Simpson Manufacturing Co., Inc.",20,0.02,-0.03310134228187926,0.3655948784347576,7723.24812,1.318740430673717,1.1921572405348748
2026-08-31,81736,RMD,RESMED INC,35,0.02,0.13950378848763795,0.13347000431592573,30603.91488,0.7621215261221702,0.8705989009956936
2026-08-31,82272,MD,"Pediatrix Medical Group, Inc.",35,0.02,0.0008721614485099156,0.3071140843044166,2177.05422,0.6653958837249566,0.9948504634658165
2026-08-31,82702,AMRX,"Amneal Pharmaceuticals, Inc.",35,0.02,-0.045476419213973863,0.05855272622644224,5850.14392,1.250143184463733,0.9085971099348621
2026-08-31,82800,SCCO,SOUTHERN COPPER CORP/,15,0.02,0.16564194591773418,0.24196158826068187,152440.25159,1.0812623089511493,1.9474278250802188
2026-08-31,82924,WLY,"JOHN WILEY & SONS, INC.",50,0.02,0.026027203065134175,0.3877319810099266,2192.4522,0.7696642993817956,1.081334829308271
2026-08-31,83601,,,20,0.02,0.016847375911759565,0.3859156955833693,2750.58014,1.2835474882303082,1.0574338719543044
2026-08-31,84129,ZION,"ZIONS BANCORPORATION, NATIONAL ASSOCIATION /UT/",40,0.02,-0.02392829986354834,0.3338008919579916,10171.9483,0.9016435422978823,1.1926454847114334
2026-08-31,84438,,,20,0.02,-0.06489460916442055,0.2779995684074234,2574.61386,1.3147223988244496,1.7818646672302914
2026-08-31,84761,,,50,-0.02,-0.033897859377572906,-0.0877571572435621,45421.181599999996,0.9576869906053671,1.0721492212813117
2026-08-31,85293,,,35,-0.02,-0.05849009429074707,-0.4250467558624659,5820.71112,-0.3796619754506092,0.8034017897312941
2026-08-31,85488,,,45,-0.02,-0.06952450878540133,-0.2632534887066609,3649.17137,1.1967039916751938,1.5433338568775679
2026-08-31,85863,COLM,COLUMBIA SPORTSWEAR CO,25,0.02,-0.021041079516033147,0.3846209178535463,3036.75258,0.9212951043035643,1.5401496502307654
2026-08-31,87430,,,20,-0.02,0.11297982832618023,-0.4760825780463242,8738.432,1.1310167602522456,2.244985335012456
2026-08-31,88159,,,35,0.02,0.023877295870262147,0.3367501078981442,13329.35565,0.45333503446449497,0.7752215825907124
2026-08-31,88661,,,25,0.02,-0.17931267966135073,0.28988634728816,30785.59665,1.4650338804731593,1.7716328059963937
2026-08-31,89031,AXON,"AXON ENTERPRISE, INC.",20,-0.017806057355882584,0.13536360466878888,-0.38507049345417926,42538.51152,1.4716140921196674,2.1308817265821984
2026-08-31,89216,,,20,0.02,0.017715731295106587,0.2779096532872968,9830.68304,1.3278799929745477,1.6714822593910745
2026-08-31,89217,,,25,-0.02,-0.23048372344256401,-0.2749604373471443,3349.062,1.0560775092810055,1.1208353509603566
2026-08-31,89353,JBLU,JETBLUE AIRWAYS CORP,20,-0.02,-0.20688009950248765,-0.43099913681484675,2275.1913600000003,1.751557181600908,2.087795249357288
2026-08-31,89482,BANC,"BANC OF CALIFORNIA, INC.",40,-0.02,-0.03162062663185369,-0.3094518774277083,2943.83375,0.8037955935130912,1.2247511869497043
2026-08-31,89781,MOH,"MOLINA HEALTHCARE, INC.",35,-0.02,0.019490348635108862,-0.313929650410013,10211.364000000001,0.7293522250518726,0.6242257700232707
2026-08-31,89922,ADEA,Adeia Inc.,45,0.02,-0.035960615687889365,0.08924974823766363,2939.3351,1.3866750356342559,2.114160027839542
2026-08-31,89968,,,40,0.02,-0.002768072609102224,0.18626816285426556,5385.1352,1.4316419443794663,1.6968107876344536
2026-08-31,90071,NRG,"NRG ENERGY, INC.",55,-0.02,-0.17259855973621796,-0.45817148611710545,28333.309939999996,1.2009870205246553,1.5641271079213717
2026-08-31,90664,DXCM,DEXCOM INC,35,0.02,0.08541635710005979,0.16853690116529996,31490.77545,1.4142053502372263,1.3154099578231955
2026-08-31,90808,,,25,0.02,0.1165131549934616,0.20115810674723061,33747.43526,1.2315562453410163,1.9576552530148332
2026-08-31,90880,AMP,AMERIPRISE FINANCIAL INC,40,0.009999999999999995,0.024951247183843485,0.2324665515753129,49069.37848000001,1.1452908260674526,1.3583276540759204
2026-08-31,91041,LYV,"Live Nation Entertainment, Inc.",50,-0.02,0.040286125308677485,-0.20689469141130773,40522.31469,1.1838089989116807,1.3795229411239802
2026-08-31,91733,AVAV,AeroVironment Inc,20,-0.02,-0.012473542210617973,-0.48930010070493457,7559.31696,1.4102102304197925,2.1624750106112134
2026-08-31,91832,MDGL,"MADRIGAL PHARMACEUTICALS, INC.",35,-0.02,0.13927238722930751,-0.28080492015537334,10796.96128,-0.3890846000449023,0.25891862284267125
2026-08-31,92293,,,45,0.02,-0.0745360116166505,0.2890051791109193,2916.1589999999997,0.6339173036292266,2.0365161145828314
2026-08-31,92469,ECHO,EchoStar CORP,50,-0.02,0.029803056249256797,-0.3594087181700475,13325.32185,1.1049181726883814,1.7081072839429994
2026-08-31,92601,NOG,"NORTHERN OIL & GAS, INC.",10,-0.02,0.21364846335697407,-0.4578118256365991,2300.7816,0.7351667865446808,1.2521334928577341
