Date,PERMNO,TICKER,COMPANY NAME,WEIGHT
2021-01-01,10107,MSFT,MICROSOFT CORP,1.0
2021-01-01,10397,WERN,WERNER ENTERPRISES INC,1.0
2021-01-01,10874,BC,BRUNSWICK CORP,1.0
2021-01-01,11786,SIVB,S V B FINANCIAL GROUP,1.0
2021-01-01,11809,CLH,CLEAN HARBORS INC,1.0
2021-01-01,12062,LH,LABORATORY CORP AMERICA HLDGS,1.0
2021-01-01,12476,TRGP,TARGA RESOURCES CORP,1.0
2021-01-01,12981,FBHS,FORTUNE BRANDS HOME & SECUR INC,1.0
2021-01-01,13046,UI,UBIQUITI INC,1.0
2021-01-01,13407,FB,FACEBOOK INC,1.0
2021-01-01,13721,ABBV,ABBVIE INC,1.0
2021-01-01,13788,ZTS,ZOETIS INC,1.0
2021-01-01,13802,APAM,ARTISAN PARTNERS ASSET MGMT INC,1.0
2021-01-01,13837,EVTC,EVERTEC INC,1.0
2021-01-01,13901,MO,ALTRIA GROUP INC,1.0
2021-01-01,14008,AMGN,AMGEN INC,1.0
2021-01-01,14406,ESI,ELEMENT SOLUTIONS INC,1.0
2021-01-01,14702,AMAT,APPLIED MATERIALS INC,1.0
2021-01-01,14795,TKR,TIMKEN CO,1.0
2021-01-01,14926,CDK,C D K GLOBAL INC,1.0
2021-01-01,16736,VST,VISTRA CORP,1.0
2021-01-01,17929,UGI,U G I CORP NEW,1.0
2021-01-01,18163,PG,PROCTER & GAMBLE CO,1.0
2021-01-01,20482,ABT,ABBOTT LABORATORIES,1.0
2021-01-01,20512,CACI,CACI INTERNATIONAL INC,1.0
2021-01-01,22111,JNJ,JOHNSON & JOHNSON,1.0
2021-01-01,25953,DOV,DOVER CORP,1.0
2021-01-01,27430,CTB,COOPER TIRE & RUBBER CO,1.0
2021-01-01,29209,ARW,ARROW ELECTRONICS INC,1.0
2021-01-01,34032,MAS,MASCO CORP,1.0
2021-01-01,35124,CLGX,CORELOGIC INC,1.0
2021-01-01,38295,SPB,SPECTRUM BRANDS HOLDINGS INC NEW,1.0
2021-01-01,48653,HUM,HUMANA INC,1.0
2021-01-01,48725,UNP,UNION PACIFIC CORP,1.0
2021-01-01,49154,TGT,TARGET CORP,1.0
2021-01-01,49680,DHR,DANAHER CORP,1.0
2021-01-01,50948,SMTC,SEMTECH CORP,1.0
2021-01-01,55976,WMT,WALMART INC,1.0
2021-01-01,56223,LPX,LOUISIANA PACIFIC CORP,1.0
2021-01-01,57904,AFL,AFLAC INC,1.0
2021-01-01,58771,RBC,REGAL BELOIT CORP,1.0
2021-01-01,61241,AMD,ADVANCED MICRO DEVICES INC,1.0
2021-01-01,61313,DCI,DONALDSON INC,1.0
2021-01-01,62092,TMO,THERMO FISHER SCIENTIFIC INC,1.0
2021-01-01,62148,CSX,C S X CORP,1.0
2021-01-01,62498,WST,WEST PHARMACEUTICAL SERVICES INC,1.0
2021-01-01,64194,CHE,CHEMED CORP NEW,1.0
2021-01-01,65307,RPM,R P M INTERNATIONAL INC,1.0
2021-01-01,65402,AOS,SMITH A O CORP,1.0
2021-01-01,66181,HD,HOME DEPOT INC,1.0
2021-01-01,68196,SEIC,S E I INVESTMENTS CO,1.0
2021-01-01,75342,MTH,MERITAGE HOMES CORP,1.0
2021-01-01,75510,ADBE,ADOBE INC,1.0
2021-01-01,76076,CSCO,CISCO SYSTEMS INC,1.0
2021-01-01,76095,HOLX,HOLOGIC INC,1.0
2021-01-01,76709,IDXX,I D E X X LABORATORIES INC,1.0
2021-01-01,76744,VRTX,VERTEX PHARMACEUTICALS INC,1.0
2021-01-01,77496,MHK,MOHAWK INDUSTRIES INC,1.0
2021-01-01,77520,AGCO,A G C O CORP,1.0
2021-01-01,77661,DHI,D R HORTON INC,1.0
2021-01-01,79103,ORLY,O REILLY AUTOMOTIVE INC NEW,1.0
2021-01-01,79637,UHS,UNIVERSAL HEALTH SERVICES INC,1.0
2021-01-01,79878,UFPI,U F P INDUSTRIES INC,1.0
2021-01-01,80128,VMI,VALMONT INDUSTRIES INC,1.0
2021-01-01,80575,SSD,SIMPSON MANUFACTURING CO INC,1.0
2021-01-01,80864,RS,RELIANCE STEEL & ALUMINUM CO,1.0
2021-01-01,81061,MCK,MCKESSON H B O C INC,1.0
2021-01-01,81220,NSIT,INSIGHT ENTERPRISES INC,1.0
2021-01-01,82547,AEIS,ADVANCED ENERGY INDUSTRIES INC,1.0
2021-01-01,83011,WSM,WILLIAMS SONOMA INC,1.0
2021-01-01,83111,ALXN,ALEXION PHARMACEUTICALS INC,1.0
2021-01-01,84172,NUS,NU SKIN ENTERPRISES INC,1.0
2021-01-01,84373,DGX,QUEST DIAGNOSTICS INC,1.0
2021-01-01,85427,GPI,GROUP 1 AUTOMOTIVE INC,1.0
2021-01-01,85621,MTD,METTLER TOLEDO INTERNATIONAL INC,1.0
2021-01-01,85792,PWR,QUANTA SERVICES INC,1.0
2021-01-01,85914,BBY,BEST BUY COMPANY INC,1.0
2021-01-01,86047,AMKR,AMKOR TECHNOLOGY INC,1.0
2021-01-01,86102,FHI,FEDERATED HERMES INC,1.0
2021-01-01,86778,MKSI,M K S INSTRUMENTS INC,1.0
2021-01-01,87055,COST,COSTCO WHOLESALE CORP NEW,1.0
2021-01-01,87432,A,AGILENT TECHNOLOGIES INC,1.0
2021-01-01,88031,MNST,MONSTER BEVERAGE CORP NEW,1.0
2021-01-01,89394,OSTK,OVERSTOCK COM INC DEL,1.0
2021-01-01,89753,FORM,FORMFACTOR INC,1.0
2021-01-01,89866,LKQ,L K Q CORP,1.0
2021-01-01,89916,NXST,NEXSTAR MEDIA GROUP INC,1.0
2021-01-01,89946,AEL,AMERICAN EQUITY INVT LIFE HLDG C,1.0
2021-01-01,89971,TPX,TEMPUR SEALY INTERNATIONAL INC,1.0
2021-01-01,90037,HTH,HILLTOP HOLDINGS INC,1.0
2021-01-01,91277,QRTEA,QURATE RETAIL INC,1.0
2021-01-01,91658,AIMC,ALTRA INDUSTRIAL MOTION CORP,1.0
2021-01-01,92602,PM,PHILIP MORRIS INTERNATIONAL INC,1.0
2021-01-01,92655,UNH,UNITEDHEALTH GROUP INC,1.0
2021-01-01,93035,SEM,SELECT MEDICAL HOLDINGS CORP,1.0
2021-01-01,93096,DG,DOLLAR GENERAL CORP NEW,1.0
2021-01-01,93312,SSNC,S S & C TECHNOLOGIES HLDGS INC,1.0
2021-01-01,93330,PRI,PRIMERICA INC,1.0
2021-01-01,93374,FAF,FIRST AMERICAN FINL CORP NEW,1.0
2021-01-01,90708,MORN,MORNINGSTAR INC,0.537163
2021-01-01,47941,TGNA,TEGNA INC,0.454671
2021-01-01,21371,CAH,CARDINAL HEALTH INC,0.008166
2021-01-01,15847,KURA,KURA ONCOLOGY INC,-0.008166
2021-01-01,71475,AWR,AMERICAN STATES WATER CO,-0.454671
2021-01-01,16816,BHF,BRIGHTHOUSE FINANCIAL INC,-0.537163
2021-01-01,10026,JJSF,J & J SNACK FOODS CORP,-1.0
2021-01-01,12089,RP,REALPAGE INC,-1.0
2021-01-01,12639,CSOD,CORNERSTONE ONDEMAND INC,-1.0
2021-01-01,12872,MPC,MARATHON PETROLEUM CORP,-1.0
2021-01-01,13262,CCXI,CHEMOCENTRYX INC,-1.0
2021-01-01,13323,ENPH,ENPHASE ENERGY INC,-1.0
2021-01-01,13356,PSX,PHILLIPS 66,-1.0
2021-01-01,13379,SPLK,SPLUNK INC,-1.0
2021-01-01,13511,PANW,PALO ALTO NETWORKS INC,-1.0
2021-01-01,13527,FIVE,FIVE BELOW INC,-1.0
2021-01-01,13610,OLN,OLIN CORP,-1.0
2021-01-01,13688,PCG,P G & E CORP,-1.0
2021-01-01,13704,NEO,NEOGENOMICS INC,-1.0
2021-01-01,13739,BFAM,BRIGHT HORIZONS FAM SOL INC NEW,-1.0
2021-01-01,13962,NSTG,NANOSTRING TECHNOLOGIES INC,-1.0
2021-01-01,13967,PTCT,P T C THERAPEUTICS INC,-1.0
2021-01-01,14044,AGIO,AGIOS PHARMACEUTICALS INC,-1.0
2021-01-01,14054,MRTX,MIRATI THERAPEUTICS INC,-1.0
2021-01-01,14136,RNG,RINGCENTRAL INC,-1.0
2021-01-01,14176,XLRN,ACCELERON PHARMA INC,-1.0
2021-01-01,14182,BURL,BURLINGTON STORES INC,-1.0
2021-01-01,14263,VCYT,VERACYTE INC,-1.0
2021-01-01,14295,TWTR,TWITTER INC,-1.0
2021-01-01,14325,TNDM,TANDEM DIABETES CARE INC,-1.0
2021-01-01,14329,ARMK,ARAMARK,-1.0
2021-01-01,14338,HLT,HILTON WORLDWIDE HOLDINGS INC,-1.0
2021-01-01,14359,XNCR,XENCOR INC,-1.0
2021-01-01,14432,ITCI,INTRA CELLULAR THERAPIES INC,-1.0
2021-01-01,14436,RARE,ULTRAGENYX PHARMACEUTICALS INC,-1.0
2021-01-01,14472,VRNS,VARONIS SYSTEMS INC,-1.0
2021-01-01,14596,FIVN,FIVE 9 INC,-1.0
2021-01-01,14634,PE,PARSLEY ENERGY INC,-1.0
2021-01-01,14641,ZEN,ZENDESK INC,-1.0
2021-01-01,14782,TRUP,TRUPANION INC,-1.0
2021-01-01,14797,CDNA,CAREDX INC,-1.0
2021-01-01,14811,FWONK,LIBERTY MEDIA CORP 3RD NEW,-1.0
2021-01-01,14882,CZR,CAESARS ENTERTAINMENT INC DE,-1.0
2021-01-01,14988,LBRDK,LIBERTY BROADBAND CORP,-1.0
2021-01-01,15046,NVRO,NEVRO CORP,-1.0
2021-01-01,15065,FGEN,FIBROGEN INC,-1.0
2021-01-01,15108,NEWR,NEW RELIC INC,-1.0
2021-01-01,15272,SEDG,SOLAREDGE TECHNOLOGIES INC,-1.0
2021-01-01,15431,MCRB,SERES THERAPEUTICS INC,-1.0
2021-01-01,15534,NTRA,NATERA INC,-1.0
2021-01-01,15627,PLNT,PLANET FITNESS INC,-1.0
2021-01-01,15729,PSTG,PURE STORAGE INC,-1.0
2021-01-01,16140,TWLO,TWILIO INC,-1.0
2021-01-01,16284,SMPL,SIMPLY GOOD FOODS CO,-1.0
2021-01-01,16381,BL,BLACKLINE INC,-1.0
2021-01-01,16382,COUP,COUPA SOFTWARE INC,-1.0
2021-01-01,16595,SNAP,SNAP INC,-1.0
2021-01-01,16597,AYX,ALTERYX INC,-1.0
2021-01-01,16649,OKTA,OKTA INC,-1.0
2021-01-01,16924,DCPH,DECIPHERA PHARMACEUTICALS INC,-1.0
2021-01-01,17036,CNNE,CANNAE HOLDINGS INC,-1.0
2021-01-01,17125,DNLI,DENALI THERAPEUTICS INC,-1.0
2021-01-01,18649,BCO,BRINKS CO,-1.0
2021-01-01,19561,BA,BOEING CO,-1.0
2021-01-01,23026,FE,FIRSTENERGY CORP,-1.0
2021-01-01,24328,EQT,E Q T CORP,-1.0
2021-01-01,26403,DIS,DISNEY WALT CO,-1.0
2021-01-01,28484,HES,HESS CORP,-1.0
2021-01-01,28804,ALK,ALASKA AIRGROUP INC,-1.0
2021-01-01,32870,HRL,HORMEL FOODS CORP,-1.0
2021-01-01,52898,WTRG,ESSENTIAL UTILITIES INC,-1.0
2021-01-01,58683,LUV,SOUTHWEST AIRLINES CO,-1.0
2021-01-01,75186,SCHW,SCHWAB CHARLES CORP NEW,-1.0
2021-01-01,76128,VICR,VICOR CORP,-1.0
2021-01-01,76661,IONS,IONIS PHARMACEUTICALS INC,-1.0
2021-01-01,77702,SBUX,STARBUCKS CORP,-1.0
2021-01-01,79839,ITRI,ITRON INC,-1.0
2021-01-01,80069,ARWR,ARROWHEAD PHARMACEUTICALS INC,-1.0
2021-01-01,80191,ALB,ALBEMARLE CORP,-1.0
2021-01-01,82670,TGTX,T G THERAPEUTICS INC,-1.0
2021-01-01,82759,NUAN,NUANCE COMMUNICATIONS INC,-1.0
2021-01-01,83779,PEGA,PEGASYSTEMS INC,-1.0
2021-01-01,86799,CNX,C N X RESOURCES CORP,-1.0
2021-01-01,86949,SKX,SKECHERS U S A INC,-1.0
2021-01-01,87430,KTOS,KRATOS DEFENSE & SECUR SOLS INC,-1.0
2021-01-01,88421,ARNA,ARENA PHARMACEUTICALS INC,-1.0
2021-01-01,88863,EXAS,EXACT SCIENCES CORP,-1.0
2021-01-01,89031,AAXN,AXON ENTERPRISE INC,-1.0
2021-01-01,89353,JBLU,JETBLUE AIRWAYS CORP,-1.0
2021-01-01,89922,XPER,XPERI HOLDING CORP,-1.0
2021-01-01,90178,ALNY,ALNYLAM PHARMACEUTICALS INC,-1.0
2021-01-01,90188,NUVA,NUVASIVE INC,-1.0
2021-01-01,90427,TXRH,TEXAS ROADHOUSE INC,-1.0
2021-01-01,90444,ORA,ORMAT TECHNOLOGIES INC,-1.0
2021-01-01,90505,LVS,LAS VEGAS SANDS CORP,-1.0
2021-01-01,90856,ATRC,ATRICURE INC,-1.0
2021-01-01,91041,LYV,LIVE NATION ENTERTAINMENT INC,-1.0
2021-01-01,91103,UAL,UNITED AIRLINES HOLDINGS INC,-1.0
2021-01-01,91152,TDG,TRANSDIGM GROUP INC,-1.0
2021-01-01,91237,VG,VONAGE HOLDINGS CORP,-1.0
2021-01-01,91594,SPR,SPIRIT AEROSYSTEMS HOLDINGS INC,-1.0
2021-01-01,91659,ALGT,ALLEGIANT TRAVEL CO,-1.0
2021-01-01,91926,DAL,DELTA AIR LINES INC,-1.0
2021-01-01,93150,CIT,C I T GROUP INC NEW,-1.0
2021-01-01,93289,MXL,MAXLINEAR INC,-1.0
2021-02-01,10107,MSFT,MICROSOFT CORP,1.0
2021-02-01,10874,BC,BRUNSWICK CORP,1.0
2021-02-01,11809,CLH,CLEAN HARBORS INC,1.0
2021-02-01,12062,LH,LABORATORY CORP AMERICA HLDGS,1.0
2021-02-01,12476,TRGP,TARGA RESOURCES CORP,1.0
2021-02-01,12981,FBHS,FORTUNE BRANDS HOME & SECUR INC,1.0
2021-02-01,13046,UI,UBIQUITI INC,1.0
2021-02-01,13407,FB,FACEBOOK INC,1.0
2021-02-01,13837,EVTC,EVERTEC INC,1.0
2021-02-01,13901,MO,ALTRIA GROUP INC,1.0
2021-02-01,14008,AMGN,AMGEN INC,1.0
2021-02-01,14593,AAPL,APPLE INC,1.0
2021-02-01,14696,MIK,MICHAELS COMPANIES INC,1.0
2021-02-01,14702,AMAT,APPLIED MATERIALS INC,1.0
2021-02-01,14795,TKR,TIMKEN CO,1.0
2021-02-01,15579,TXN,TEXAS INSTRUMENTS INC,1.0
2021-02-01,15647,FLOW,S P X FLOW INC,1.0
2021-02-01,16119,ATKR,ATKORE INTERNATIONAL GROUP INC,1.0
2021-02-01,16736,VST,VISTRA CORP,1.0
2021-02-01,17929,UGI,U G I CORP NEW,1.0
2021-02-01,20482,ABT,ABBOTT LABORATORIES,1.0
2021-02-01,22111,JNJ,JOHNSON & JOHNSON,1.0
2021-02-01,25953,DOV,DOVER CORP,1.0
2021-02-01,29209,ARW,ARROW ELECTRONICS INC,1.0
2021-02-01,34032,MAS,MASCO CORP,1.0
2021-02-01,35124,CLGX,CORELOGIC INC,1.0
2021-02-01,49154,TGT,TARGET CORP,1.0
2021-02-01,49680,DHR,DANAHER CORP,1.0
2021-02-01,56223,LPX,LOUISIANA PACIFIC CORP,1.0
2021-02-01,57904,AFL,AFLAC INC,1.0
2021-02-01,58771,RBC,REGAL BELOIT CORP,1.0
2021-02-01,61313,DCI,DONALDSON INC,1.0
2021-02-01,62092,TMO,THERMO FISHER SCIENTIFIC INC,1.0
2021-02-01,62498,WST,WEST PHARMACEUTICAL SERVICES INC,1.0
2021-02-01,64194,CHE,CHEMED CORP NEW,1.0
2021-02-01,65307,RPM,R P M INTERNATIONAL INC,1.0
2021-02-01,66181,HD,HOME DEPOT INC,1.0
2021-02-01,76076,CSCO,CISCO SYSTEMS INC,1.0
2021-02-01,76095,HOLX,HOLOGIC INC,1.0
2021-02-01,76709,IDXX,I D E X X LABORATORIES INC,1.0
2021-02-01,76744,VRTX,VERTEX PHARMACEUTICALS INC,1.0
2021-02-01,77496,MHK,MOHAWK INDUSTRIES INC,1.0
2021-02-01,77520,AGCO,A G C O CORP,1.0
2021-02-01,77661,DHI,D R HORTON INC,1.0
2021-02-01,79637,UHS,UNIVERSAL HEALTH SERVICES INC,1.0
2021-02-01,79878,UFPI,U F P INDUSTRIES INC,1.0
2021-02-01,80128,VMI,VALMONT INDUSTRIES INC,1.0
2021-02-01,81061,MCK,MCKESSON H B O C INC,1.0
2021-02-01,81220,NSIT,INSIGHT ENTERPRISES INC,1.0
2021-02-01,83011,WSM,WILLIAMS SONOMA INC,1.0
2021-02-01,83111,ALXN,ALEXION PHARMACEUTICALS INC,1.0
2021-02-01,84172,NUS,NU SKIN ENTERPRISES INC,1.0
2021-02-01,84373,DGX,QUEST DIAGNOSTICS INC,1.0
2021-02-01,85427,GPI,GROUP 1 AUTOMOTIVE INC,1.0
2021-02-01,85621,MTD,METTLER TOLEDO INTERNATIONAL INC,1.0
2021-02-01,85914,BBY,BEST BUY COMPANY INC,1.0
2021-02-01,86047,AMKR,AMKOR TECHNOLOGY INC,1.0
2021-02-01,86778,MKSI,M K S INSTRUMENTS INC,1.0
2021-02-01,87432,A,AGILENT TECHNOLOGIES INC,1.0
2021-02-01,89394,OSTK,OVERSTOCK COM INC DEL,1.0
2021-02-01,89916,NXST,NEXSTAR MEDIA GROUP INC,1.0
2021-02-01,89946,AEL,AMERICAN EQUITY INVT LIFE HLDG C,1.0
2021-02-01,89971,TPX,TEMPUR SEALY INTERNATIONAL INC,1.0
2021-02-01,90520,CE,CELANESE CORP DEL,1.0
2021-02-01,91277,QRTEA,QURATE RETAIL INC,1.0
2021-02-01,93035,SEM,SELECT MEDICAL HOLDINGS CORP,1.0
2021-02-01,93330,PRI,PRIMERICA INC,1.0
2021-02-01,93374,FAF,FIRST AMERICAN FINL CORP NEW,1.0
2021-02-01,89866,LKQ,L K Q CORP,0.995697
2021-02-01,80575,SSD,SIMPSON MANUFACTURING CO INC,0.986742
2021-02-01,50948,SMTC,SEMTECH CORP,0.98414
2021-02-01,85792,PWR,QUANTA SERVICES INC,0.978432
2021-02-01,55976,WMT,WALMART INC,0.974564
2021-02-01,80864,RS,RELIANCE STEEL & ALUMINUM CO,0.969307
2021-02-01,75342,MTH,MERITAGE HOMES CORP,0.969044
2021-02-01,13721,ABBV,ABBVIE INC,0.967508
2021-02-01,20512,CACI,CACI INTERNATIONAL INC,0.967427
2021-02-01,14926,CDK,C D K GLOBAL INC,0.962717
2021-02-01,92602,PM,PHILIP MORRIS INTERNATIONAL INC,0.962027
2021-02-01,13802,APAM,ARTISAN PARTNERS ASSET MGMT INC,0.961416
2021-02-01,14406,ESI,ELEMENT SOLUTIONS INC,0.960473
2021-02-01,38295,SPB,SPECTRUM BRANDS HOLDINGS INC NEW,0.956778
2021-02-01,92655,UNH,UNITEDHEALTH GROUP INC,0.951192
2021-02-01,89753,FORM,FORMFACTOR INC,0.949977
2021-02-01,48725,UNP,UNION PACIFIC CORP,0.948326
2021-02-01,62148,CSX,C S X CORP,0.944913
2021-02-01,79103,ORLY,O REILLY AUTOMOTIVE INC NEW,0.940074
2021-02-01,88031,MNST,MONSTER BEVERAGE CORP NEW,0.93886
2021-02-01,86102,FHI,FEDERATED HERMES INC,0.934533
2021-02-01,61241,AMD,ADVANCED MICRO DEVICES INC,0.933767
2021-02-01,48653,HUM,HUMANA INC,0.933754
2021-02-01,13788,ZTS,ZOETIS INC,0.933411
2021-02-01,91658,AIMC,ALTRA INDUSTRIAL MOTION CORP,0.92743
2021-02-01,18163,PG,PROCTER & GAMBLE CO,0.926961
2021-02-01,93096,DG,DOLLAR GENERAL CORP NEW,0.926935
2021-02-01,68196,SEIC,S E I INVESTMENTS CO,0.919564
2021-02-01,75510,ADBE,ADOBE INC,0.917274
2021-02-01,93312,SSNC,S S & C TECHNOLOGIES HLDGS INC,0.864284
2021-02-01,90037,HTH,HILLTOP HOLDINGS INC,0.772227
2021-02-01,21371,CAH,CARDINAL HEALTH INC,0.712203
2021-02-01,90708,MORN,MORNINGSTAR INC,0.533241
2021-02-01,47941,TGNA,TEGNA INC,0.522444
2021-02-01,82547,AEIS,ADVANCED ENERGY INDUSTRIES INC,0.451207
2021-02-01,87055,COST,COSTCO WHOLESALE CORP NEW,0.24081
2021-02-01,11786,SIVB,S V B FINANCIAL GROUP,0.198937
2021-02-01,10397,WERN,WERNER ENTERPRISES INC,0.081404
2021-02-01,13928,COP,CONOCOPHILLIPS,-0.2543
2021-02-01,71475,AWR,AMERICAN STATES WATER CO,-0.441784
2021-02-01,16816,BHF,BRIGHTHOUSE FINANCIAL INC,-0.524602
2021-02-01,76128,VICR,VICOR CORP,-0.687369
2021-02-01,14988,LBRDK,LIBERTY BROADBAND CORP,-0.7476
2021-02-01,16924,DCPH,DECIPHERA PHARMACEUTICALS INC,-0.774441
2021-02-01,90505,LVS,LAS VEGAS SANDS CORP,-0.806833
2021-02-01,93289,MXL,MAXLINEAR INC,-0.821897
2021-02-01,17036,CNNE,CANNAE HOLDINGS INC,-0.858097
2021-02-01,13739,BFAM,BRIGHT HORIZONS FAM SOL INC NEW,-0.878444
2021-02-01,91152,TDG,TRANSDIGM GROUP INC,-0.893999
2021-02-01,79839,ITRI,ITRON INC,-0.89693
2021-02-01,14176,XLRN,ACCELERON PHARMA INC,-0.902955
2021-02-01,15272,SEDG,SOLAREDGE TECHNOLOGIES INC,-0.90347
2021-02-01,77702,SBUX,STARBUCKS CORP,-0.904889
2021-02-01,19561,BA,BOEING CO,-0.90713
2021-02-01,14338,HLT,HILTON WORLDWIDE HOLDINGS INC,-0.911243
2021-02-01,89922,XPER,XPERI HOLDING CORP,-0.921485
2021-02-01,26403,DIS,DISNEY WALT CO,-0.928147
2021-02-01,12639,CSOD,CORNERSTONE ONDEMAND INC,-0.928655
2021-02-01,14295,TWTR,TWITTER INC,-0.933103
2021-02-01,15046,NVRO,NEVRO CORP,-0.934616
2021-02-01,14782,TRUP,TRUPANION INC,-0.937219
2021-02-01,28804,ALK,ALASKA AIRGROUP INC,-0.938992
2021-02-01,91926,DAL,DELTA AIR LINES INC,-0.943998
2021-02-01,14811,FWONK,LIBERTY MEDIA CORP 3RD NEW,-0.94432
2021-02-01,18649,BCO,BRINKS CO,-0.946204
2021-02-01,13967,PTCT,P T C THERAPEUTICS INC,-0.947357
2021-02-01,14882,CZR,CAESARS ENTERTAINMENT INC DE,-0.947712
2021-02-01,90188,NUVA,NUVASIVE INC,-0.953975
2021-02-01,83779,PEGA,PEGASYSTEMS INC,-0.956355
2021-02-01,91659,ALGT,ALLEGIANT TRAVEL CO,-0.959001
2021-02-01,86949,SKX,SKECHERS U S A INC,-0.959331
2021-02-01,87430,KTOS,KRATOS DEFENSE & SECUR SOLS INC,-0.967508
2021-02-01,91237,VG,VONAGE HOLDINGS CORP,-0.969274
2021-02-01,13356,PSX,PHILLIPS 66,-0.969356
2021-02-01,16381,BL,BLACKLINE INC,-0.971764
2021-02-01,90427,TXRH,TEXAS ROADHOUSE INC,-0.975005
2021-02-01,52898,WTRG,ESSENTIAL UTILITIES INC,-0.979019
2021-02-01,13704,NEO,NEOGENOMICS INC,-0.984724
2021-02-01,13511,PANW,PALO ALTO NETWORKS INC,-0.986898
2021-02-01,10026,JJSF,J & J SNACK FOODS CORP,-1.0
2021-02-01,12872,MPC,MARATHON PETROLEUM CORP,-1.0
2021-02-01,13168,TRIP,TRIPADVISOR INC,-1.0
2021-02-01,13262,CCXI,CHEMOCENTRYX INC,-1.0
2021-02-01,13379,SPLK,SPLUNK INC,-1.0
2021-02-01,13527,FIVE,FIVE BELOW INC,-1.0
2021-02-01,13688,PCG,P G & E CORP,-1.0
2021-02-01,13860,SEAS,SEAWORLD ENTERTAINMENT INC,-1.0
2021-02-01,13962,NSTG,NANOSTRING TECHNOLOGIES INC,-1.0
2021-02-01,14044,AGIO,AGIOS PHARMACEUTICALS INC,-1.0
2021-02-01,14054,MRTX,MIRATI THERAPEUTICS INC,-1.0
2021-02-01,14136,RNG,RINGCENTRAL INC,-1.0
2021-02-01,14159,FEYE,FIREEYE INC,-1.0
2021-02-01,14182,BURL,BURLINGTON STORES INC,-1.0
2021-02-01,14263,VCYT,VERACYTE INC,-1.0
2021-02-01,14325,TNDM,TANDEM DIABETES CARE INC,-1.0
2021-02-01,14329,ARMK,ARAMARK,-1.0
2021-02-01,14359,XNCR,XENCOR INC,-1.0
2021-02-01,14432,ITCI,INTRA CELLULAR THERAPIES INC,-1.0
2021-02-01,14436,RARE,ULTRAGENYX PHARMACEUTICALS INC,-1.0
2021-02-01,14472,VRNS,VARONIS SYSTEMS INC,-1.0
2021-02-01,14596,FIVN,FIVE 9 INC,-1.0
2021-02-01,14634,,,-1.0
2021-02-01,14641,ZEN,ZENDESK INC,-1.0
2021-02-01,15065,FGEN,FIBROGEN INC,-1.0
2021-02-01,15108,NEWR,NEW RELIC INC,-1.0
2021-02-01,15431,MCRB,SERES THERAPEUTICS INC,-1.0
2021-02-01,15454,GKOS,GLAUKOS CORP,-1.0
2021-02-01,15534,NTRA,NATERA INC,-1.0
2021-02-01,15627,PLNT,PLANET FITNESS INC,-1.0
2021-02-01,15643,RUN,SUNRUN INC,-1.0
2021-02-01,15729,PSTG,PURE STORAGE INC,-1.0
2021-02-01,16068,RETA,REATA PHARMACEUTICALS INC,-1.0
2021-02-01,16140,TWLO,TWILIO INC,-1.0
2021-02-01,16382,COUP,COUPA SOFTWARE INC,-1.0
2021-02-01,16595,SNAP,SNAP INC,-1.0
2021-02-01,16649,OKTA,OKTA INC,-1.0
2021-02-01,16968,MDB,MONGODB INC,-1.0
2021-02-01,17125,DNLI,DENALI THERAPEUTICS INC,-1.0
2021-02-01,23026,FE,FIRSTENERGY CORP,-1.0
2021-02-01,24328,EQT,E Q T CORP,-1.0
2021-02-01,28484,HES,HESS CORP,-1.0
2021-02-01,32870,HRL,HORMEL FOODS CORP,-1.0
2021-02-01,43123,ATI,ALLEGHENY TECHNOLOGIES,-1.0
2021-02-01,58683,LUV,SOUTHWEST AIRLINES CO,-1.0
2021-02-01,76661,IONS,IONIS PHARMACEUTICALS INC,-1.0
2021-02-01,80069,ARWR,ARROWHEAD PHARMACEUTICALS INC,-1.0
2021-02-01,80191,ALB,ALBEMARLE CORP,-1.0
2021-02-01,82670,TGTX,T G THERAPEUTICS INC,-1.0
2021-02-01,82759,NUAN,NUANCE COMMUNICATIONS INC,-1.0
2021-02-01,88421,ARNA,ARENA PHARMACEUTICALS INC,-1.0
2021-02-01,88863,EXAS,EXACT SCIENCES CORP,-1.0
2021-02-01,89031,AXON,AXON ENTERPRISE INC,-1.0
2021-02-01,89353,JBLU,JETBLUE AIRWAYS CORP,-1.0
2021-02-01,90178,ALNY,ALNYLAM PHARMACEUTICALS INC,-1.0
2021-02-01,90444,ORA,ORMAT TECHNOLOGIES INC,-1.0
2021-02-01,90808,EXPE,EXPEDIA GROUP INC,-1.0
2021-02-01,90856,ATRC,ATRICURE INC,-1.0
2021-02-01,91041,LYV,LIVE NATION ENTERTAINMENT INC,-1.0
2021-02-01,91103,UAL,UNITED AIRLINES HOLDINGS INC,-1.0
2021-02-01,91594,SPR,SPIRIT AEROSYSTEMS HOLDINGS INC,-1.0
2021-02-01,93098,H,HYATT HOTELS CORP,-1.0
2021-02-01,93150,CIT,C I T GROUP INC NEW,-1.0
2021-02-01,93423,SIX,SIX FLAGS ENTERTAINMENT CORP,-1.0
2021-03-01,10107,MSFT,MICROSOFT CORP,1.0
2021-03-01,10874,BC,BRUNSWICK CORP,1.0
2021-03-01,11809,CLH,CLEAN HARBORS INC,1.0
2021-03-01,12062,LH,LABORATORY CORP AMERICA HLDGS,1.0
2021-03-01,12476,TRGP,TARGA RESOURCES CORP,1.0
2021-03-01,12622,HCA,H C A HEALTHCARE INC,1.0
2021-03-01,13046,UI,UBIQUITI INC,1.0
2021-03-01,13407,FB,FACEBOOK INC,1.0
2021-03-01,13721,ABBV,ABBVIE INC,1.0
2021-03-01,13837,EVTC,EVERTEC INC,1.0
2021-03-01,13901,MO,ALTRIA GROUP INC,1.0
2021-03-01,14406,ESI,ELEMENT SOLUTIONS INC,1.0
2021-03-01,14593,AAPL,APPLE INC,1.0
2021-03-01,14702,AMAT,APPLIED MATERIALS INC,1.0
2021-03-01,14795,TKR,TIMKEN CO,1.0
2021-03-01,15579,TXN,TEXAS INSTRUMENTS INC,1.0
2021-03-01,15647,FLOW,S P X FLOW INC,1.0
2021-03-01,16119,ATKR,ATKORE INC,1.0
2021-03-01,17929,UGI,U G I CORP NEW,1.0
2021-03-01,25953,DOV,DOVER CORP,1.0
2021-03-01,29209,ARW,ARROW ELECTRONICS INC,1.0
2021-03-01,35124,CLGX,CORELOGIC INC,1.0
2021-03-01,42200,PKI,PERKINELMER INC,1.0
2021-03-01,49154,TGT,TARGET CORP,1.0
2021-03-01,50948,SMTC,SEMTECH CORP,1.0
2021-03-01,56223,LPX,LOUISIANA PACIFIC CORP,1.0
2021-03-01,57904,AFL,AFLAC INC,1.0
2021-03-01,58771,RBC,REGAL BELOIT CORP,1.0
2021-03-01,62092,TMO,THERMO FISHER SCIENTIFIC INC,1.0
2021-03-01,62148,CSX,C S X CORP,1.0
2021-03-01,64194,CHE,CHEMED CORP NEW,1.0
2021-03-01,75342,MTH,MERITAGE HOMES CORP,1.0
2021-03-01,76076,CSCO,CISCO SYSTEMS INC,1.0
2021-03-01,76095,HOLX,HOLOGIC INC,1.0
2021-03-01,76709,IDXX,I D E X X LABORATORIES INC,1.0
2021-03-01,77496,MHK,MOHAWK INDUSTRIES INC,1.0
2021-03-01,77520,AGCO,A G C O CORP,1.0
2021-03-01,77661,DHI,D R HORTON INC,1.0
2021-03-01,79637,UHS,UNIVERSAL HEALTH SERVICES INC,1.0
2021-03-01,79878,UFPI,U F P INDUSTRIES INC,1.0
2021-03-01,80128,VMI,VALMONT INDUSTRIES INC,1.0
2021-03-01,80575,SSD,SIMPSON MANUFACTURING CO INC,1.0
2021-03-01,80864,RS,RELIANCE STEEL & ALUMINUM CO,1.0
2021-03-01,81220,NSIT,INSIGHT ENTERPRISES INC,1.0
2021-03-01,83011,WSM,WILLIAMS SONOMA INC,1.0
2021-03-01,84172,NUS,NU SKIN ENTERPRISES INC,1.0
2021-03-01,84373,DGX,QUEST DIAGNOSTICS INC,1.0
2021-03-01,85427,GPI,GROUP 1 AUTOMOTIVE INC,1.0
2021-03-01,85792,PWR,QUANTA SERVICES INC,1.0
2021-03-01,86047,AMKR,AMKOR TECHNOLOGY INC,1.0
2021-03-01,86778,MKSI,M K S INSTRUMENTS INC,1.0
2021-03-01,87432,A,AGILENT TECHNOLOGIES INC,1.0
2021-03-01,89753,FORM,FORMFACTOR INC,1.0
2021-03-01,89866,LKQ,L K Q CORP,1.0
2021-03-01,89916,NXST,NEXSTAR MEDIA GROUP INC,1.0
2021-03-01,89971,TPX,TEMPUR SEALY INTERNATIONAL INC,1.0
2021-03-01,90520,CE,CELANESE CORP DEL,1.0
2021-03-01,90550,DLB,DOLBY LABORATORIES INC,1.0
2021-03-01,92602,PM,PHILIP MORRIS INTERNATIONAL INC,1.0
2021-03-01,93035,SEM,SELECT MEDICAL HOLDINGS CORP,1.0
2021-03-01,93330,PRI,PRIMERICA INC,1.0
2021-03-01,93374,FAF,FIRST AMERICAN FINL CORP NEW,1.0
2021-03-01,83111,ALXN,ALEXION PHARMACEUTICALS INC,0.996172
2021-03-01,61313,DCI,DONALDSON INC,0.994432
2021-03-01,48725,UNP,UNION PACIFIC CORP,0.993653
2021-03-01,79103,ORLY,O REILLY AUTOMOTIVE INC NEW,0.988332
2021-03-01,38295,SPB,SPECTRUM BRANDS HOLDINGS INC NEW,0.986805
2021-03-01,91277,QRTEA,QURATE RETAIL INC,0.985669
2021-03-01,34032,MAS,MASCO CORP,0.979885
2021-03-01,22111,JNJ,JOHNSON & JOHNSON,0.977388
2021-03-01,68196,SEIC,S E I INVESTMENTS CO,0.974331
2021-03-01,20482,ABT,ABBOTT LABORATORIES,0.969127
2021-03-01,14696,MIK,MICHAELS COMPANIES INC,0.967697
2021-03-01,14926,CDK,C D K GLOBAL INC,0.967304
2021-03-01,12981,FBHS,FORTUNE BRANDS HOME & SECUR INC,0.966899
2021-03-01,13802,APAM,ARTISAN PARTNERS ASSET MGMT INC,0.96661
2021-03-01,65307,RPM,R P M INTERNATIONAL INC,0.965639
2021-03-01,85621,MTD,METTLER TOLEDO INTERNATIONAL INC,0.955395
2021-03-01,66181,HD,HOME DEPOT INC,0.953873
2021-03-01,88031,MNST,MONSTER BEVERAGE CORP NEW,0.948657
2021-03-01,92655,UNH,UNITEDHEALTH GROUP INC,0.947271
2021-03-01,13788,ZTS,ZOETIS INC,0.93936
2021-03-01,14008,AMGN,AMGEN INC,0.938547
2021-03-01,62498,WST,WEST PHARMACEUTICAL SERVICES INC,0.937048
2021-03-01,86102,FHI,FEDERATED HERMES INC,0.933686
2021-03-01,76744,VRTX,VERTEX PHARMACEUTICALS INC,0.927797
2021-03-01,48653,HUM,HUMANA INC,0.925279
2021-03-01,49680,DHR,DANAHER CORP,0.923559
2021-03-01,85914,BBY,BEST BUY COMPANY INC,0.92212
2021-03-01,61241,AMD,ADVANCED MICRO DEVICES INC,0.921404
2021-03-01,75510,ADBE,ADOBE INC,0.919032
2021-03-01,93312,SSNC,S S & C TECHNOLOGIES HLDGS INC,0.913177
2021-03-01,55976,WMT,WALMART INC,0.901197
2021-03-01,93096,DG,DOLLAR GENERAL CORP NEW,0.900125
2021-03-01,18163,PG,PROCTER & GAMBLE CO,0.893082
2021-03-01,20512,CACI,CACI INTERNATIONAL INC,0.887654
2021-03-01,89394,OSTK,OVERSTOCK COM INC DEL,0.865548
2021-03-01,16736,VST,VISTRA CORP,0.863751
2021-03-01,90037,HTH,HILLTOP HOLDINGS INC,0.852535
2021-03-01,21371,CAH,CARDINAL HEALTH INC,0.682877
2021-03-01,47941,TGNA,TEGNA INC,0.594122
2021-03-01,91658,AIMC,ALTRA INDUSTRIAL MOTION CORP,0.550074
2021-03-01,90708,MORN,MORNINGSTAR INC,0.520135
2021-03-01,82547,AEIS,ADVANCED ENERGY INDUSTRIES INC,0.459836
2021-03-01,87055,COST,COSTCO WHOLESALE CORP NEW,0.226601
2021-03-01,10397,WERN,WERNER ENTERPRISES INC,0.089035
2021-03-01,52716,HRC,HILL ROM HOLDINGS INC,0.027279
2021-03-01,16816,BHF,BRIGHTHOUSE FINANCIAL INC,-0.014932
2021-03-01,13928,COP,CONOCOPHILLIPS,-0.333453
2021-03-01,17036,CNNE,CANNAE HOLDINGS INC,-0.42416
2021-03-01,93289,MXL,MAXLINEAR INC,-0.661065
2021-03-01,15506,CYRX,CRYOPORT INC,-0.716511
2021-03-01,90444,ORA,ORMAT TECHNOLOGIES INC,-0.750393
2021-03-01,14988,LBRDK,LIBERTY BROADBAND CORP,-0.765277
2021-03-01,16924,DCPH,DECIPHERA PHARMACEUTICALS INC,-0.767047
2021-03-01,14782,TRUP,TRUPANION INC,-0.808205
2021-03-01,14811,FWONK,LIBERTY MEDIA CORP 3RD NEW,-0.828844
2021-03-01,15108,NEWR,NEW RELIC INC,-0.830158
2021-03-01,76661,IONS,IONIS PHARMACEUTICALS INC,-0.872271
2021-03-01,52898,WTRG,ESSENTIAL UTILITIES INC,-0.893975
2021-03-01,13688,PCG,P G & E CORP,-0.919465
2021-03-01,14159,FEYE,FIREEYE INC,-0.919955
2021-03-01,13739,BFAM,BRIGHT HORIZONS FAM SOL INC NEW,-0.922855
2021-03-01,16381,BL,BLACKLINE INC,-0.929737
2021-03-01,91152,TDG,TRANSDIGM GROUP INC,-0.931753
2021-03-01,13967,PTCT,P T C THERAPEUTICS INC,-0.935518
2021-03-01,13704,NEO,NEOGENOMICS INC,-0.946605
2021-03-01,15046,NVRO,NEVRO CORP,-0.954157
2021-03-01,80191,ALB,ALBEMARLE CORP,-0.966449
2021-03-01,14054,MRTX,MIRATI THERAPEUTICS INC,-0.978477
2021-03-01,82759,NUAN,NUANCE COMMUNICATIONS INC,-0.979314
2021-03-01,90178,ALNY,ALNYLAM PHARMACEUTICALS INC,-0.984139
2021-03-01,32870,HRL,HORMEL FOODS CORP,-0.989498
2021-03-01,19561,BA,BOEING CO,-0.990333
2021-03-01,88863,EXAS,EXACT SCIENCES CORP,-0.992373
2021-03-01,83779,PEGA,PEGASYSTEMS INC,-0.99308
2021-03-01,10026,JJSF,J & J SNACK FOODS CORP,-1.0
2021-03-01,12639,CSOD,CORNERSTONE ONDEMAND INC,-1.0
2021-03-01,12872,MPC,MARATHON PETROLEUM CORP,-1.0
2021-03-01,13168,TRIP,TRIPADVISOR INC,-1.0
2021-03-01,13262,CCXI,CHEMOCENTRYX INC,-1.0
2021-03-01,13356,PSX,PHILLIPS 66,-1.0
2021-03-01,13379,SPLK,SPLUNK INC,-1.0
2021-03-01,13511,PANW,PALO ALTO NETWORKS INC,-1.0
2021-03-01,13527,FIVE,FIVE BELOW INC,-1.0
2021-03-01,13860,SEAS,SEAWORLD ENTERTAINMENT INC,-1.0
2021-03-01,13962,NSTG,NANOSTRING TECHNOLOGIES INC,-1.0
2021-03-01,14044,AGIO,AGIOS PHARMACEUTICALS INC,-1.0
2021-03-01,14136,RNG,RINGCENTRAL INC,-1.0
2021-03-01,14176,XLRN,ACCELERON PHARMA INC,-1.0
2021-03-01,14182,BURL,BURLINGTON STORES INC,-1.0
2021-03-01,14263,VCYT,VERACYTE INC,-1.0
2021-03-01,14295,TWTR,TWITTER INC,-1.0
2021-03-01,14325,TNDM,TANDEM DIABETES CARE INC,-1.0
2021-03-01,14329,ARMK,ARAMARK,-1.0
2021-03-01,14338,HLT,HILTON WORLDWIDE HOLDINGS INC,-1.0
2021-03-01,14359,XNCR,XENCOR INC,-1.0
2021-03-01,14432,ITCI,INTRA CELLULAR THERAPIES INC,-1.0
2021-03-01,14436,RARE,ULTRAGENYX PHARMACEUTICALS INC,-1.0
2021-03-01,14472,VRNS,VARONIS SYSTEMS INC,-1.0
2021-03-01,14516,QTWO,Q 2 HOLDINGS INC,-1.0
2021-03-01,14596,FIVN,FIVE 9 INC,-1.0
2021-03-01,14641,ZEN,ZENDESK INC,-1.0
2021-03-01,14882,CZR,CAESARS ENTERTAINMENT INC DE,-1.0
2021-03-01,15065,FGEN,FIBROGEN INC,-1.0
2021-03-01,15167,SHAK,SHAKE SHACK INC,-1.0
2021-03-01,15272,SEDG,SOLAREDGE TECHNOLOGIES INC,-1.0
2021-03-01,15454,GKOS,GLAUKOS CORP,-1.0
2021-03-01,15534,NTRA,NATERA INC,-1.0
2021-03-01,15585,TDOC,TELADOC HEALTH INC,-1.0
2021-03-01,15627,PLNT,PLANET FITNESS INC,-1.0
2021-03-01,15694,PEN,PENUMBRA INC,-1.0
2021-03-01,15729,PSTG,PURE STORAGE INC,-1.0
2021-03-01,16140,TWLO,TWILIO INC,-1.0
2021-03-01,16382,COUP,COUPA SOFTWARE INC,-1.0
2021-03-01,16595,SNAP,SNAP INC,-1.0
2021-03-01,16649,OKTA,OKTA INC,-1.0
2021-03-01,16968,MDB,MONGODB INC,-1.0
2021-03-01,18649,BCO,BRINKS CO,-1.0
2021-03-01,23026,FE,FIRSTENERGY CORP,-1.0
2021-03-01,24328,EQT,E Q T CORP,-1.0
2021-03-01,26403,DIS,DISNEY WALT CO,-1.0
2021-03-01,28484,HES,HESS CORP,-1.0
2021-03-01,28804,ALK,ALASKA AIRGROUP INC,-1.0
2021-03-01,43123,ATI,ALLEGHENY TECHNOLOGIES,-1.0
2021-03-01,58683,LUV,SOUTHWEST AIRLINES CO,-1.0
2021-03-01,77702,SBUX,STARBUCKS CORP,-1.0
2021-03-01,78875,CREE,CREE INC,-1.0
2021-03-01,79839,ITRI,ITRON INC,-1.0
2021-03-01,80069,ARWR,ARROWHEAD PHARMACEUTICALS INC,-1.0
2021-03-01,82670,TGTX,T G THERAPEUTICS INC,-1.0
2021-03-01,87337,PLUG,PLUG POWER INC,-1.0
2021-03-01,87430,KTOS,KRATOS DEFENSE & SECUR SOLS INC,-1.0
2021-03-01,88351,INSM,INSMED INC,-1.0
2021-03-01,88421,ARNA,ARENA PHARMACEUTICALS INC,-1.0
2021-03-01,89031,AXON,AXON ENTERPRISE INC,-1.0
2021-03-01,89353,JBLU,JETBLUE AIRWAYS CORP,-1.0
2021-03-01,90188,NUVA,NUVASIVE INC,-1.0
2021-03-01,90427,TXRH,TEXAS ROADHOUSE INC,-1.0
2021-03-01,90505,LVS,LAS VEGAS SANDS CORP,-1.0
2021-03-01,90808,EXPE,EXPEDIA GROUP INC,-1.0
2021-03-01,90856,ATRC,ATRICURE INC,-1.0
2021-03-01,91041,LYV,LIVE NATION ENTERTAINMENT INC,-1.0
2021-03-01,91103,UAL,UNITED AIRLINES HOLDINGS INC,-1.0
2021-03-01,91237,VG,VONAGE HOLDINGS CORP,-1.0
2021-03-01,91594,SPR,SPIRIT AEROSYSTEMS HOLDINGS INC,-1.0
2021-03-01,91659,ALGT,ALLEGIANT TRAVEL CO,-1.0
2021-03-01,91926,DAL,DELTA AIR LINES INC,-1.0
2021-03-01,92143,PRO,P R O S HOLDINGS INC,-1.0
2021-03-01,93098,H,HYATT HOTELS CORP,-1.0
2021-03-01,93150,CIT,C I T GROUP INC NEW,-1.0
2021-03-01,93423,SIX,SIX FLAGS ENTERTAINMENT CORP,-1.0
2021-04-01,10107,MSFT,MICROSOFT CORP,1.0
2021-04-01,10874,BC,BRUNSWICK CORP,1.0
2021-04-01,12062,LH,LABORATORY CORP AMERICA HLDGS,1.0
2021-04-01,12476,TRGP,TARGA RESOURCES CORP,1.0
2021-04-01,12622,HCA,H C A HEALTHCARE INC,1.0
2021-04-01,12981,FBHS,FORTUNE BRANDS HOME & SECUR INC,1.0
2021-04-01,13407,FB,FACEBOOK INC,1.0
2021-04-01,13802,APAM,ARTISAN PARTNERS ASSET MGMT INC,1.0
2021-04-01,13862,TMHC,TAYLOR MORRISON HOME CORP,1.0
2021-04-01,13901,MO,ALTRIA GROUP INC,1.0
2021-04-01,14008,AMGN,AMGEN INC,1.0
2021-04-01,14406,ESI,ELEMENT SOLUTIONS INC,1.0
2021-04-01,14479,IBP,INSTALLED BUILDING PRODUCTS INC,1.0
2021-04-01,14593,AAPL,APPLE INC,1.0
2021-04-01,14696,MIK,MICHAELS COMPANIES INC,1.0
2021-04-01,14702,AMAT,APPLIED MATERIALS INC,1.0
2021-04-01,14795,TKR,TIMKEN CO,1.0
2021-04-01,14926,CDK,C D K GLOBAL INC,1.0
2021-04-01,15579,TXN,TEXAS INSTRUMENTS INC,1.0
2021-04-01,15647,FLOW,S P X FLOW INC,1.0
2021-04-01,16119,ATKR,ATKORE INC,1.0
2021-04-01,16290,FLGT,FULGENT GENETICS INC,1.0
2021-04-01,16554,JELD,JELD WEN HOLDING INC,1.0
2021-04-01,17929,UGI,U G I CORP NEW,1.0
2021-04-01,22825,CMD,CANTEL MEDICAL CORP,1.0
2021-04-01,25953,DOV,DOVER CORP,1.0
2021-04-01,29209,ARW,ARROW ELECTRONICS INC,1.0
2021-04-01,42200,PKI,PERKINELMER INC,1.0
2021-04-01,48653,HUM,HUMANA INC,1.0
2021-04-01,48725,UNP,UNION PACIFIC CORP,1.0
2021-04-01,49154,TGT,TARGET CORP,1.0
2021-04-01,52716,HRC,HILL ROM HOLDINGS INC,1.0
2021-04-01,56223,LPX,LOUISIANA PACIFIC CORP,1.0
2021-04-01,57904,AFL,AFLAC INC,1.0
2021-04-01,58771,RBC,REGAL BELOIT CORP,1.0
2021-04-01,62092,TMO,THERMO FISHER SCIENTIFIC INC,1.0
2021-04-01,64194,CHE,CHEMED CORP NEW,1.0
2021-04-01,65307,RPM,R P M INTERNATIONAL INC,1.0
2021-04-01,66181,HD,HOME DEPOT INC,1.0
2021-04-01,68196,SEIC,S E I INVESTMENTS CO,1.0
2021-04-01,75342,MTH,MERITAGE HOMES CORP,1.0
2021-04-01,76076,CSCO,CISCO SYSTEMS INC,1.0
2021-04-01,76095,HOLX,HOLOGIC INC,1.0
2021-04-01,77496,MHK,MOHAWK INDUSTRIES INC,1.0
2021-04-01,77520,AGCO,A G C O CORP,1.0
2021-04-01,77661,DHI,D R HORTON INC,1.0
2021-04-01,79103,ORLY,O REILLY AUTOMOTIVE INC NEW,1.0
2021-04-01,79637,UHS,UNIVERSAL HEALTH SERVICES INC,1.0
2021-04-01,79878,UFPI,U F P INDUSTRIES INC,1.0
2021-04-01,80128,VMI,VALMONT INDUSTRIES INC,1.0
2021-04-01,80575,SSD,SIMPSON MANUFACTURING CO INC,1.0
2021-04-01,80864,RS,RELIANCE STEEL & ALUMINUM CO,1.0
2021-04-01,83011,WSM,WILLIAMS SONOMA INC,1.0
2021-04-01,84172,NUS,NU SKIN ENTERPRISES INC,1.0
2021-04-01,84373,DGX,QUEST DIAGNOSTICS INC,1.0
2021-04-01,85427,GPI,GROUP 1 AUTOMOTIVE INC,1.0
2021-04-01,85792,PWR,QUANTA SERVICES INC,1.0
2021-04-01,85914,BBY,BEST BUY COMPANY INC,1.0
2021-04-01,86102,FHI,FEDERATED HERMES INC,1.0
2021-04-01,86778,MKSI,M K S INSTRUMENTS INC,1.0
2021-04-01,87432,A,AGILENT TECHNOLOGIES INC,1.0
2021-04-01,89866,LKQ,L K Q CORP,1.0
2021-04-01,89916,NXST,NEXSTAR MEDIA GROUP INC,1.0
2021-04-01,89971,TPX,TEMPUR SEALY INTERNATIONAL INC,1.0
2021-04-01,90520,CE,CELANESE CORP DEL,1.0
2021-04-01,90550,DLB,DOLBY LABORATORIES INC,1.0
2021-04-01,92602,PM,PHILIP MORRIS INTERNATIONAL INC,1.0
2021-04-01,92655,UNH,UNITEDHEALTH GROUP INC,1.0
2021-04-01,93035,SEM,SELECT MEDICAL HOLDINGS CORP,1.0
2021-04-01,93330,PRI,PRIMERICA INC,1.0
2021-04-01,93374,FAF,FIRST AMERICAN FINL CORP NEW,1.0
2021-04-01,83111,ALXN,ALEXION PHARMACEUTICALS INC,0.997188
2021-04-01,89753,FORM,FORMFACTOR INC,0.994242
2021-04-01,62148,CSX,C S X CORP,0.993069
2021-04-01,86047,AMKR,AMKOR TECHNOLOGY INC,0.992438
2021-04-01,85621,MTD,METTLER TOLEDO INTERNATIONAL INC,0.989303
2021-04-01,20512,CACI,CACI INTERNATIONAL INC,0.989172
2021-04-01,11809,CLH,CLEAN HARBORS INC,0.987172
2021-04-01,88031,MNST,MONSTER BEVERAGE CORP NEW,0.984852
2021-04-01,61313,DCI,DONALDSON INC,0.981745
2021-04-01,18163,PG,PROCTER & GAMBLE CO,0.979092
2021-04-01,20482,ABT,ABBOTT LABORATORIES,0.969586
2021-04-01,93312,SSNC,S S & C TECHNOLOGIES HLDGS INC,0.962614
2021-04-01,13837,EVTC,EVERTEC INC,0.956785
2021-04-01,13788,ZTS,ZOETIS INC,0.952888
2021-04-01,75510,ADBE,ADOBE INC,0.950397
2021-04-01,49680,DHR,DANAHER CORP,0.947188
2021-04-01,55976,WMT,WALMART INC,0.946153
2021-04-01,50948,SMTC,SEMTECH CORP,0.941182
2021-04-01,62498,WST,WEST PHARMACEUTICAL SERVICES INC,0.940795
2021-04-01,76709,IDXX,I D E X X LABORATORIES INC,0.940646
2021-04-01,76744,VRTX,VERTEX PHARMACEUTICALS INC,0.937986
2021-04-01,35124,CLGX,CORELOGIC INC,0.93607
2021-04-01,13046,UI,UBIQUITI INC,0.935317
2021-04-01,91277,QRTEA,QURATE RETAIL INC,0.933264
2021-04-01,16736,VST,VISTRA CORP,0.892587
2021-04-01,90037,HTH,HILLTOP HOLDINGS INC,0.880637
2021-04-01,89394,OSTK,OVERSTOCK COM INC DEL,0.853798
2021-04-01,21371,CAH,CARDINAL HEALTH INC,0.811638
2021-04-01,47941,TGNA,TEGNA INC,0.61604
2021-04-01,91658,AIMC,ALTRA INDUSTRIAL MOTION CORP,0.52588
2021-04-01,82547,AEIS,ADVANCED ENERGY INDUSTRIES INC,0.480603
2021-04-01,38295,SPB,SPECTRUM BRANDS HOLDINGS INC NEW,0.435466
2021-04-01,64186,CI,CIGNA CORP NEW,0.232175
2021-04-01,10397,WERN,WERNER ENTERPRISES INC,0.097849
2021-04-01,78664,DDD,3 D SYSTEMS CORP DEL,0.03418
2021-04-01,13928,COP,CONOCOPHILLIPS,-0.339599
2021-04-01,93150,CIT,C I T GROUP INC NEW,-0.43071
2021-04-01,17036,CNNE,CANNAE HOLDINGS INC,-0.449927
2021-04-01,14813,MARA,MARATHON DIGITAL HOLDINGS INC,-0.667438
2021-04-01,90444,ORA,ORMAT TECHNOLOGIES INC,-0.688797
2021-04-01,16968,MDB,MONGODB INC,-0.692922
2021-04-01,15065,FGEN,FIBROGEN INC,-0.693757
2021-04-01,87337,PLUG,PLUG POWER INC,-0.740775
2021-04-01,79839,ITRI,ITRON INC,-0.756114
2021-04-01,14988,LBRDK,LIBERTY BROADBAND CORP,-0.768533
2021-04-01,14136,RNG,RINGCENTRAL INC,-0.787682
2021-04-01,16595,SNAP,SNAP INC,-0.796348
2021-04-01,14436,RARE,ULTRAGENYX PHARMACEUTICALS INC,-0.80441
2021-04-01,15046,NVRO,NEVRO CORP,-0.805791
2021-04-01,16381,BL,BLACKLINE INC,-0.812614
2021-04-01,14811,FWONK,LIBERTY MEDIA CORP 3RD NEW,-0.817305
2021-04-01,15585,TDOC,TELADOC HEALTH INC,-0.822036
2021-04-01,14295,TWTR,TWITTER INC,-0.825693
2021-04-01,14472,VRNS,VARONIS SYSTEMS INC,-0.839136
2021-04-01,16649,OKTA,OKTA INC,-0.843079
2021-04-01,14596,FIVN,FIVE 9 INC,-0.843905
2021-04-01,83779,PEGA,PEGASYSTEMS INC,-0.858141
2021-04-01,89031,AXON,AXON ENTERPRISE INC,-0.860569
2021-04-01,12639,CSOD,CORNERSTONE ONDEMAND INC,-0.862602
2021-04-01,16140,TWLO,TWILIO INC,-0.867312
2021-04-01,14359,XNCR,XENCOR INC,-0.873933
2021-04-01,12872,MPC,MARATHON PETROLEUM CORP,-0.885968
2021-04-01,91237,VG,VONAGE HOLDINGS CORP,-0.894073
2021-04-01,13704,NEO,NEOGENOMICS INC,-0.895693
2021-04-01,15627,PLNT,PLANET FITNESS INC,-0.897871
2021-04-01,13511,PANW,PALO ALTO NETWORKS INC,-0.898804
2021-04-01,80191,ALB,ALBEMARLE CORP,-0.900357
2021-04-01,14325,TNDM,TANDEM DIABETES CARE INC,-0.91934
2021-04-01,15729,PSTG,PURE STORAGE INC,-0.921273
2021-04-01,14159,FEYE,FIREEYE INC,-0.931834
2021-04-01,14882,CZR,CAESARS ENTERTAINMENT INC DE,-0.935868
2021-04-01,93098,H,HYATT HOTELS CORP,-0.94028
2021-04-01,13379,SPLK,SPLUNK INC,-0.947319
2021-04-01,91152,TDG,TRANSDIGM GROUP INC,-0.949905
2021-04-01,52898,WTRG,ESSENTIAL UTILITIES INC,-0.951125
2021-04-01,15694,PEN,PENUMBRA INC,-0.951279
2021-04-01,91041,LYV,LIVE NATION ENTERTAINMENT INC,-0.952595
2021-04-01,78875,CREE,CREE INC,-0.952996
2021-04-01,82759,NUAN,NUANCE COMMUNICATIONS INC,-0.958208
2021-04-01,88863,EXAS,EXACT SCIENCES CORP,-0.960705
2021-04-01,15272,SEDG,SOLAREDGE TECHNOLOGIES INC,-0.963534
2021-04-01,91659,ALGT,ALLEGIANT TRAVEL CO,-0.967735
2021-04-01,90505,LVS,LAS VEGAS SANDS CORP,-0.97058
2021-04-01,26403,DIS,DISNEY WALT CO,-0.976063
2021-04-01,14338,HLT,HILTON WORLDWIDE HOLDINGS INC,-0.977657
2021-04-01,13356,PSX,PHILLIPS 66,-0.981791
2021-04-01,13739,BFAM,BRIGHT HORIZONS FAM SOL INC NEW,-0.990978
2021-04-01,87430,KTOS,KRATOS DEFENSE & SECUR SOLS INC,-0.991973
2021-04-01,16924,DCPH,DECIPHERA PHARMACEUTICALS INC,-0.99245
2021-04-01,10026,JJSF,J & J SNACK FOODS CORP,-0.992616
2021-04-01,12503,NAV,NAVISTAR INTERNATIONAL CORP,-1.0
2021-04-01,13169,ZNGA,ZYNGA INC,-1.0
2021-04-01,13262,CCXI,CHEMOCENTRYX INC,-1.0
2021-04-01,13527,FIVE,FIVE BELOW INC,-1.0
2021-04-01,13688,PCG,P G & E CORP,-1.0
2021-04-01,13860,SEAS,SEAWORLD ENTERTAINMENT INC,-1.0
2021-04-01,13962,NSTG,NANOSTRING TECHNOLOGIES INC,-1.0
2021-04-01,13967,PTCT,P T C THERAPEUTICS INC,-1.0
2021-04-01,14044,AGIO,AGIOS PHARMACEUTICALS INC,-1.0
2021-04-01,14054,MRTX,MIRATI THERAPEUTICS INC,-1.0
2021-04-01,14176,XLRN,ACCELERON PHARMA INC,-1.0
2021-04-01,14182,BURL,BURLINGTON STORES INC,-1.0
2021-04-01,14329,ARMK,ARAMARK,-1.0
2021-04-01,14432,ITCI,INTRA CELLULAR THERAPIES INC,-1.0
2021-04-01,14516,QTWO,Q 2 HOLDINGS INC,-1.0
2021-04-01,14641,ZEN,ZENDESK INC,-1.0
2021-04-01,14782,TRUP,TRUPANION INC,-1.0
2021-04-01,15167,SHAK,SHAKE SHACK INC,-1.0
2021-04-01,15222,IOVA,IOVANCE BIOTHERAPEUTICS INC,-1.0
2021-04-01,15454,GKOS,GLAUKOS CORP,-1.0
2021-04-01,15506,CYRX,CRYOPORT INC,-1.0
2021-04-01,15534,NTRA,NATERA INC,-1.0
2021-04-01,15831,AXSM,AXSOME THERAPEUTICS INC,-1.0
2021-04-01,16382,COUP,COUPA SOFTWARE INC,-1.0
2021-04-01,17342,DBX,DROPBOX INC,-1.0
2021-04-01,18649,BCO,BRINKS CO,-1.0
2021-04-01,19561,BA,BOEING CO,-1.0
2021-04-01,23026,FE,FIRSTENERGY CORP,-1.0
2021-04-01,24328,EQT,E Q T CORP,-1.0
2021-04-01,27562,CBRL,CRACKER BARREL OLD COUNTRY STORE,-1.0
2021-04-01,28484,HES,HESS CORP,-1.0
2021-04-01,28804,ALK,ALASKA AIRGROUP INC,-1.0
2021-04-01,32870,HRL,HORMEL FOODS CORP,-1.0
2021-04-01,40272,IFF,INTERNATIONAL FLAVORS & FRAG INC,-1.0
2021-04-01,58683,LUV,SOUTHWEST AIRLINES CO,-1.0
2021-04-01,76661,IONS,IONIS PHARMACEUTICALS INC,-1.0
2021-04-01,76750,MNRO,MONRO INC,-1.0
2021-04-01,77702,SBUX,STARBUCKS CORP,-1.0
2021-04-01,80069,ARWR,ARROWHEAD PHARMACEUTICALS INC,-1.0
2021-04-01,82670,TGTX,T G THERAPEUTICS INC,-1.0
2021-04-01,82779,NVAX,NOVAVAX INC,-1.0
2021-04-01,88351,INSM,INSMED INC,-1.0
2021-04-01,88421,ARNA,ARENA PHARMACEUTICALS INC,-1.0
2021-04-01,89353,JBLU,JETBLUE AIRWAYS CORP,-1.0
2021-04-01,90178,ALNY,ALNYLAM PHARMACEUTICALS INC,-1.0
2021-04-01,90188,NUVA,NUVASIVE INC,-1.0
2021-04-01,90427,TXRH,TEXAS ROADHOUSE INC,-1.0
2021-04-01,90808,EXPE,EXPEDIA GROUP INC,-1.0
2021-04-01,90856,ATRC,ATRICURE INC,-1.0
2021-04-01,91103,UAL,UNITED AIRLINES HOLDINGS INC,-1.0
2021-04-01,91594,SPR,SPIRIT AEROSYSTEMS HOLDINGS INC,-1.0
2021-04-01,91926,DAL,DELTA AIR LINES INC,-1.0
2021-04-01,93423,SIX,SIX FLAGS ENTERTAINMENT CORP,-1.0
2021-05-01,10107,MSFT,MICROSOFT CORP,1.0
2021-05-01,10874,BC,BRUNSWICK CORP,1.0
2021-05-01,11809,CLH,CLEAN HARBORS INC,1.0
2021-05-01,12062,LH,LABORATORY CORP AMERICA HLDGS,1.0
2021-05-01,12476,TRGP,TARGA RESOURCES CORP,1.0
2021-05-01,12622,HCA,H C A HEALTHCARE INC,1.0
2021-05-01,12981,FBHS,FORTUNE BRANDS HOME & SECUR INC,1.0
2021-05-01,13407,FB,FACEBOOK INC,1.0
2021-05-01,13748,TPH,TRI POINTE HOMES INC,1.0
2021-05-01,13788,ZTS,ZOETIS INC,1.0
2021-05-01,13837,EVTC,EVERTEC INC,1.0
2021-05-01,13862,TMHC,TAYLOR MORRISON HOME CORP,1.0
2021-05-01,14406,ESI,ELEMENT SOLUTIONS INC,1.0
2021-05-01,14479,IBP,INSTALLED BUILDING PRODUCTS INC,1.0
2021-05-01,14593,AAPL,APPLE INC,1.0
2021-05-01,14696,,,1.0
2021-05-01,14795,TKR,TIMKEN CO,1.0
2021-05-01,16119,ATKR,ATKORE INC,1.0
2021-05-01,16554,JELD,JELD WEN HOLDING INC,1.0
2021-05-01,17929,UGI,U G I CORP NEW,1.0
2021-05-01,22825,CMD,CANTEL MEDICAL CORP,1.0
2021-05-01,25953,DOV,DOVER CORP,1.0
2021-05-01,29209,ARW,ARROW ELECTRONICS INC,1.0
2021-05-01,37568,FELE,FRANKLIN ELECTRIC INC,1.0
2021-05-01,42200,PKI,PERKINELMER INC,1.0
2021-05-01,46886,KLAC,K L A CORP,1.0
2021-05-01,48653,HUM,HUMANA INC,1.0
2021-05-01,49154,TGT,TARGET CORP,1.0
2021-05-01,49680,DHR,DANAHER CORP,1.0
2021-05-01,56223,LPX,LOUISIANA PACIFIC CORP,1.0
2021-05-01,57904,AFL,AFLAC INC,1.0
2021-05-01,58771,RBC,REGAL BELOIT CORP,1.0
2021-05-01,61313,DCI,DONALDSON INC,1.0
2021-05-01,62092,TMO,THERMO FISHER SCIENTIFIC INC,1.0
2021-05-01,62148,CSX,C S X CORP,1.0
2021-05-01,62498,WST,WEST PHARMACEUTICAL SERVICES INC,1.0
2021-05-01,64194,CHE,CHEMED CORP NEW,1.0
2021-05-01,65307,RPM,R P M INTERNATIONAL INC,1.0
2021-05-01,66181,HD,HOME DEPOT INC,1.0
2021-05-01,68196,SEIC,S E I INVESTMENTS CO,1.0
2021-05-01,75342,MTH,MERITAGE HOMES CORP,1.0
2021-05-01,75510,ADBE,ADOBE INC,1.0
2021-05-01,76095,HOLX,HOLOGIC INC,1.0
2021-05-01,76709,IDXX,I D E X X LABORATORIES INC,1.0
2021-05-01,77496,MHK,MOHAWK INDUSTRIES INC,1.0
2021-05-01,77520,AGCO,A G C O CORP,1.0
2021-05-01,77661,DHI,D R HORTON INC,1.0
2021-05-01,79103,ORLY,O REILLY AUTOMOTIVE INC NEW,1.0
2021-05-01,79637,UHS,UNIVERSAL HEALTH SERVICES INC,1.0
2021-05-01,79878,UFPI,U F P INDUSTRIES INC,1.0
2021-05-01,80128,VMI,VALMONT INDUSTRIES INC,1.0
2021-05-01,80575,SSD,SIMPSON MANUFACTURING CO INC,1.0
2021-05-01,80864,RS,RELIANCE STEEL & ALUMINUM CO,1.0
2021-05-01,84373,DGX,QUEST DIAGNOSTICS INC,1.0
2021-05-01,85427,GPI,GROUP 1 AUTOMOTIVE INC,1.0
2021-05-01,85621,MTD,METTLER TOLEDO INTERNATIONAL INC,1.0
2021-05-01,85792,PWR,QUANTA SERVICES INC,1.0
2021-05-01,85914,BBY,BEST BUY COMPANY INC,1.0
2021-05-01,86047,AMKR,AMKOR TECHNOLOGY INC,1.0
2021-05-01,87432,A,AGILENT TECHNOLOGIES INC,1.0
2021-05-01,88031,MNST,MONSTER BEVERAGE CORP NEW,1.0
2021-05-01,89394,OSTK,OVERSTOCK COM INC DEL,1.0
2021-05-01,89866,LKQ,L K Q CORP,1.0
2021-05-01,89916,NXST,NEXSTAR MEDIA GROUP INC,1.0
2021-05-01,89971,TPX,TEMPUR SEALY INTERNATIONAL INC,1.0
2021-05-01,90520,CE,CELANESE CORP DEL,1.0
2021-05-01,90550,DLB,DOLBY LABORATORIES INC,1.0
2021-05-01,91575,HRI,HERC HOLDINGS INC,1.0
2021-05-01,92602,PM,PHILIP MORRIS INTERNATIONAL INC,1.0
2021-05-01,92655,UNH,UNITEDHEALTH GROUP INC,1.0
2021-05-01,93035,SEM,SELECT MEDICAL HOLDINGS CORP,1.0
2021-05-01,93330,PRI,PRIMERICA INC,1.0
2021-05-01,93374,FAF,FIRST AMERICAN FINL CORP NEW,1.0
2021-05-01,84172,NUS,NU SKIN ENTERPRISES INC,0.999419
2021-05-01,52716,HRC,HILL ROM HOLDINGS INC,0.997633
2021-05-01,14702,AMAT,APPLIED MATERIALS INC,0.993324
2021-05-01,76076,CSCO,CISCO SYSTEMS INC,0.991466
2021-05-01,14926,CDK,C D K GLOBAL INC,0.991292
2021-05-01,13802,APAM,ARTISAN PARTNERS ASSET MGMT INC,0.976026
2021-05-01,20482,ABT,ABBOTT LABORATORIES,0.975113
2021-05-01,18163,PG,PROCTER & GAMBLE CO,0.970778
2021-05-01,86778,MKSI,M K S INSTRUMENTS INC,0.965955
2021-05-01,15579,TXN,TEXAS INSTRUMENTS INC,0.960513
2021-05-01,83011,WSM,WILLIAMS SONOMA INC,0.956167
2021-05-01,76744,VRTX,VERTEX PHARMACEUTICALS INC,0.952421
2021-05-01,91277,QRTEA,QURATE RETAIL INC,0.944361
2021-05-01,13901,MO,ALTRIA GROUP INC,0.933332
2021-05-01,50948,SMTC,SEMTECH CORP,0.923982
2021-05-01,86102,FHI,FEDERATED HERMES INC,0.920114
2021-05-01,90037,HTH,HILLTOP HOLDINGS INC,0.908234
2021-05-01,13046,UI,UBIQUITI INC,0.894636
2021-05-01,89753,FORM,FORMFACTOR INC,0.862868
2021-05-01,93312,SSNC,S S & C TECHNOLOGIES HLDGS INC,0.862808
2021-05-01,16736,VST,VISTRA CORP,0.851681
2021-05-01,21371,CAH,CARDINAL HEALTH INC,0.806149
2021-05-01,16290,FLGT,FULGENT GENETICS INC,0.797129
2021-05-01,14716,CCS,CENTURY COMMUNITIES INC,0.67818
2021-05-01,14008,AMGN,AMGEN INC,0.665406
2021-05-01,47941,TGNA,TEGNA INC,0.656272
2021-05-01,86582,STL,STERLING BANCORP DEL,0.646456
2021-05-01,91658,AIMC,ALTRA INDUSTRIAL MOTION CORP,0.56095
2021-05-01,55976,WMT,WALMART INC,0.535956
2021-05-01,15647,FLOW,S P X FLOW INC,0.506756
2021-05-01,82547,AEIS,ADVANCED ENERGY INDUSTRIES INC,0.485615
2021-05-01,38295,SPB,SPECTRUM BRANDS HOLDINGS INC NEW,0.451547
2021-05-01,64186,CI,CIGNA CORP NEW,0.239154
2021-05-01,10397,WERN,WERNER ENTERPRISES INC,0.096097
2021-05-01,78664,DDD,3 D SYSTEMS CORP DEL,0.026831
2021-05-01,11691,MATX,MATSON INC,0.015379
2021-05-01,13928,COP,CONOCOPHILLIPS,-0.327862
2021-05-01,17315,CDLX,CARDLYTICS INC,-0.373789
2021-05-01,17036,CNNE,CANNAE HOLDINGS INC,-0.450829
2021-05-01,14813,MARA,MARATHON DIGITAL HOLDINGS INC,-0.511202
2021-05-01,87337,PLUG,PLUG POWER INC,-0.589261
2021-05-01,17341,ZS,ZSCALER INC,-0.599076
2021-05-01,90444,ORA,ORMAT TECHNOLOGIES INC,-0.635021
2021-05-01,14179,AR,ANTERO RESOURCES CORP,-0.673559
2021-05-01,14295,TWTR,TWITTER INC,-0.71655
2021-05-01,79839,ITRI,ITRON INC,-0.767106
2021-05-01,16968,MDB,MONGODB INC,-0.770721
2021-05-01,14436,RARE,ULTRAGENYX PHARMACEUTICALS INC,-0.788714
2021-05-01,14988,LBRDK,LIBERTY BROADBAND CORP,-0.832861
2021-05-01,13739,BFAM,BRIGHT HORIZONS FAM SOL INC NEW,-0.837101
2021-05-01,14359,XNCR,XENCOR INC,-0.863773
2021-05-01,15729,PSTG,PURE STORAGE INC,-0.864804
2021-05-01,14472,VRNS,VARONIS SYSTEMS INC,-0.86544
2021-05-01,12639,CSOD,CORNERSTONE ONDEMAND INC,-0.876148
2021-05-01,15272,SEDG,SOLAREDGE TECHNOLOGIES INC,-0.883405
2021-05-01,14811,FWONK,LIBERTY MEDIA CORP 3RD NEW,-0.886205
2021-05-01,13704,NEO,NEOGENOMICS INC,-0.909795
2021-05-01,89031,AXON,AXON ENTERPRISE INC,-0.916088
2021-05-01,19561,BA,BOEING CO,-0.919859
2021-05-01,91041,LYV,LIVE NATION ENTERTAINMENT INC,-0.92141
2021-05-01,12872,MPC,MARATHON PETROLEUM CORP,-0.921732
2021-05-01,91659,ALGT,ALLEGIANT TRAVEL CO,-0.934692
2021-05-01,16140,TWLO,TWILIO INC,-0.936123
2021-05-01,91594,SPR,SPIRIT AEROSYSTEMS HOLDINGS INC,-0.939143
2021-05-01,16595,SNAP,SNAP INC,-0.941474
2021-05-01,91103,UAL,UNITED AIRLINES HOLDINGS INC,-0.945415
2021-05-01,14159,FEYE,FIREEYE INC,-0.946344
2021-05-01,76661,IONS,IONIS PHARMACEUTICALS INC,-0.952388
2021-05-01,83779,PEGA,PEGASYSTEMS INC,-0.952695
2021-05-01,14325,TNDM,TANDEM DIABETES CARE INC,-0.957351
2021-05-01,88863,EXAS,EXACT SCIENCES CORP,-0.960984
2021-05-01,91926,DAL,DELTA AIR LINES INC,-0.971817
2021-05-01,32870,HRL,HORMEL FOODS CORP,-0.972029
2021-05-01,87430,KTOS,KRATOS DEFENSE & SECUR SOLS INC,-0.972323
2021-05-01,15627,PLNT,PLANET FITNESS INC,-0.975566
2021-05-01,90505,LVS,LAS VEGAS SANDS CORP,-0.978553
2021-05-01,26403,DIS,DISNEY WALT CO,-0.983984
2021-05-01,13511,PANW,PALO ALTO NETWORKS INC,-0.986227
2021-05-01,91152,TDG,TRANSDIGM GROUP INC,-0.99161
2021-05-01,28804,ALK,ALASKA AIRGROUP INC,-0.998975
2021-05-01,10026,JJSF,J & J SNACK FOODS CORP,-1.0
2021-05-01,12503,NAV,NAVISTAR INTERNATIONAL CORP,-1.0
2021-05-01,12591,APO,APOLLO GLOBAL MANAGEMENT INC,-1.0
2021-05-01,13169,ZNGA,ZYNGA INC,-1.0
2021-05-01,13262,CCXI,CHEMOCENTRYX INC,-1.0
2021-05-01,13379,SPLK,SPLUNK INC,-1.0
2021-05-01,13527,FIVE,FIVE BELOW INC,-1.0
2021-05-01,13688,PCG,P G & E CORP,-1.0
2021-05-01,13860,SEAS,SEAWORLD ENTERTAINMENT INC,-1.0
2021-05-01,13962,NSTG,NANOSTRING TECHNOLOGIES INC,-1.0
2021-05-01,13967,PTCT,P T C THERAPEUTICS INC,-1.0
2021-05-01,14044,AGIO,AGIOS PHARMACEUTICALS INC,-1.0
2021-05-01,14054,MRTX,MIRATI THERAPEUTICS INC,-1.0
2021-05-01,14136,RNG,RINGCENTRAL INC,-1.0
2021-05-01,14176,XLRN,ACCELERON PHARMA INC,-1.0
2021-05-01,14182,BURL,BURLINGTON STORES INC,-1.0
2021-05-01,14329,ARMK,ARAMARK,-1.0
2021-05-01,14338,HLT,HILTON WORLDWIDE HOLDINGS INC,-1.0
2021-05-01,14432,ITCI,INTRA CELLULAR THERAPIES INC,-1.0
2021-05-01,14516,QTWO,Q 2 HOLDINGS INC,-1.0
2021-05-01,14596,FIVN,FIVE 9 INC,-1.0
2021-05-01,14641,ZEN,ZENDESK INC,-1.0
2021-05-01,14782,TRUP,TRUPANION INC,-1.0
2021-05-01,14882,CZR,CAESARS ENTERTAINMENT INC DE,-1.0
2021-05-01,15454,GKOS,GLAUKOS CORP,-1.0
2021-05-01,15506,CYRX,CRYOPORT INC,-1.0
2021-05-01,15534,NTRA,NATERA INC,-1.0
2021-05-01,15541,RPD,RAPID7 INC,-1.0
2021-05-01,15639,PRPL,PURPLE INNOVATION INC,-1.0
2021-05-01,15694,PEN,PENUMBRA INC,-1.0
2021-05-01,15831,AXSM,AXSOME THERAPEUTICS INC,-1.0
2021-05-01,16381,BL,BLACKLINE INC,-1.0
2021-05-01,16382,COUP,COUPA SOFTWARE INC,-1.0
2021-05-01,16649,OKTA,OKTA INC,-1.0
2021-05-01,16924,DCPH,DECIPHERA PHARMACEUTICALS INC,-1.0
2021-05-01,17104,APLS,APELLIS PHARMACEUTICALS INC,-1.0
2021-05-01,17342,DBX,DROPBOX INC,-1.0
2021-05-01,17374,RCUS,ARCUS BIOSCIENCES INC,-1.0
2021-05-01,17700,CDAY,CERIDIAN H C M HOLDING INC,-1.0
2021-05-01,24328,EQT,E Q T CORP,-1.0
2021-05-01,27562,CBRL,CRACKER BARREL OLD COUNTRY STORE,-1.0
2021-05-01,40272,IFF,INTERNATIONAL FLAVORS & FRAG INC,-1.0
2021-05-01,52898,WTRG,ESSENTIAL UTILITIES INC,-1.0
2021-05-01,57817,JWN,NORDSTROM INC,-1.0
2021-05-01,58683,LUV,SOUTHWEST AIRLINES CO,-1.0
2021-05-01,76750,MNRO,MONRO INC,-1.0
2021-05-01,78875,CREE,CREE INC,-1.0
2021-05-01,80069,ARWR,ARROWHEAD PHARMACEUTICALS INC,-1.0
2021-05-01,80191,ALB,ALBEMARLE CORP,-1.0
2021-05-01,82670,TGTX,T G THERAPEUTICS INC,-1.0
2021-05-01,82779,NVAX,NOVAVAX INC,-1.0
2021-05-01,84588,MTN,VAIL RESORTS INC,-1.0
2021-05-01,88351,INSM,INSMED INC,-1.0
2021-05-01,88421,ARNA,ARENA PHARMACEUTICALS INC,-1.0
2021-05-01,89353,JBLU,JETBLUE AIRWAYS CORP,-1.0
2021-05-01,90178,ALNY,ALNYLAM PHARMACEUTICALS INC,-1.0
2021-05-01,90188,NUVA,NUVASIVE INC,-1.0
2021-05-01,90427,TXRH,TEXAS ROADHOUSE INC,-1.0
2021-05-01,90808,EXPE,EXPEDIA GROUP INC,-1.0
2021-05-01,90856,ATRC,ATRICURE INC,-1.0
2021-05-01,91237,VG,VONAGE HOLDINGS CORP,-1.0
2021-05-01,93098,H,HYATT HOTELS CORP,-1.0
2021-05-01,93423,SIX,SIX FLAGS ENTERTAINMENT CORP,-1.0
2021-06-01,10107,MSFT,MICROSOFT CORP,1.0
2021-06-01,10874,BC,BRUNSWICK CORP,1.0
2021-06-01,11809,CLH,CLEAN HARBORS INC,1.0
2021-06-01,12062,LH,LABORATORY CORP AMERICA HLDGS,1.0
2021-06-01,12476,TRGP,TARGA RESOURCES CORP,1.0
2021-06-01,12622,HCA,H C A HEALTHCARE INC,1.0
2021-06-01,13407,FB,FACEBOOK INC,1.0
2021-06-01,13748,TPH,TRI POINTE HOMES INC,1.0
2021-06-01,13766,BCC,BOISE CASCADE CO,1.0
2021-06-01,13788,ZTS,ZOETIS INC,1.0
2021-06-01,13837,EVTC,EVERTEC INC,1.0
2021-06-01,14406,ESI,ELEMENT SOLUTIONS INC,1.0
2021-06-01,14593,AAPL,APPLE INC,1.0
2021-06-01,14702,AMAT,APPLIED MATERIALS INC,1.0
2021-06-01,14716,CCS,CENTURY COMMUNITIES INC,1.0
2021-06-01,15579,TXN,TEXAS INSTRUMENTS INC,1.0
2021-06-01,16119,ATKR,ATKORE INC,1.0
2021-06-01,16554,JELD,JELD WEN HOLDING INC,1.0
2021-06-01,17929,UGI,U G I CORP NEW,1.0
2021-06-01,25953,DOV,DOVER CORP,1.0
2021-06-01,29209,ARW,ARROW ELECTRONICS INC,1.0
2021-06-01,37568,FELE,FRANKLIN ELECTRIC INC,1.0
2021-06-01,42200,PKI,PERKINELMER INC,1.0
2021-06-01,46886,KLAC,K L A CORP,1.0
2021-06-01,49154,TGT,TARGET CORP,1.0
2021-06-01,49680,DHR,DANAHER CORP,1.0
2021-06-01,52716,HRC,HILL ROM HOLDINGS INC,1.0
2021-06-01,56223,LPX,LOUISIANA PACIFIC CORP,1.0
2021-06-01,57904,AFL,AFLAC INC,1.0
2021-06-01,62092,TMO,THERMO FISHER SCIENTIFIC INC,1.0
2021-06-01,62498,WST,WEST PHARMACEUTICAL SERVICES INC,1.0
2021-06-01,64194,CHE,CHEMED CORP NEW,1.0
2021-06-01,68196,SEIC,S E I INVESTMENTS CO,1.0
2021-06-01,75342,MTH,MERITAGE HOMES CORP,1.0
2021-06-01,76076,CSCO,CISCO SYSTEMS INC,1.0
2021-06-01,76095,HOLX,HOLOGIC INC,1.0
2021-06-01,76282,AN,AUTONATION INC DEL,1.0
2021-06-01,76573,MLI,MUELLER INDUSTRIES INC,1.0
2021-06-01,76709,IDXX,I D E X X LABORATORIES INC,1.0
2021-06-01,77496,MHK,MOHAWK INDUSTRIES INC,1.0
2021-06-01,79637,UHS,UNIVERSAL HEALTH SERVICES INC,1.0
2021-06-01,80128,VMI,VALMONT INDUSTRIES INC,1.0
2021-06-01,80864,RS,RELIANCE STEEL & ALUMINUM CO,1.0
2021-06-01,85621,MTD,METTLER TOLEDO INTERNATIONAL INC,1.0
2021-06-01,86047,AMKR,AMKOR TECHNOLOGY INC,1.0
2021-06-01,86102,FHI,FEDERATED HERMES INC,1.0
2021-06-01,86778,MKSI,M K S INSTRUMENTS INC,1.0
2021-06-01,87432,A,AGILENT TECHNOLOGIES INC,1.0
2021-06-01,88504,BRKR,BRUKER CORP,1.0
2021-06-01,89394,OSTK,OVERSTOCK COM INC DEL,1.0
2021-06-01,89866,LKQ,L K Q CORP,1.0
2021-06-01,89916,NXST,NEXSTAR MEDIA GROUP INC,1.0
2021-06-01,89971,TPX,TEMPUR SEALY INTERNATIONAL INC,1.0
2021-06-01,90520,CE,CELANESE CORP DEL,1.0
2021-06-01,91277,QRTEA,QURATE RETAIL INC,1.0
2021-06-01,91575,HRI,HERC HOLDINGS INC,1.0
2021-06-01,92602,PM,PHILIP MORRIS INTERNATIONAL INC,1.0
2021-06-01,92655,UNH,UNITEDHEALTH GROUP INC,1.0
2021-06-01,93035,SEM,SELECT MEDICAL HOLDINGS CORP,1.0
2021-06-01,93330,PRI,PRIMERICA INC,1.0
2021-06-01,85914,BBY,BEST BUY COMPANY INC,0.999737
2021-06-01,84373,DGX,QUEST DIAGNOSTICS INC,0.998403
2021-06-01,93374,FAF,FIRST AMERICAN FINL CORP NEW,0.997049
2021-06-01,80575,SSD,SIMPSON MANUFACTURING CO INC,0.996623
2021-06-01,62148,CSX,C S X CORP,0.996528
2021-06-01,13802,APAM,ARTISAN PARTNERS ASSET MGMT INC,0.995979
2021-06-01,75510,ADBE,ADOBE INC,0.992598
2021-06-01,85792,PWR,QUANTA SERVICES INC,0.986646
2021-06-01,65307,RPM,R P M INTERNATIONAL INC,0.986182
2021-06-01,66181,HD,HOME DEPOT INC,0.985289
2021-06-01,12981,FBHS,FORTUNE BRANDS HOME & SECUR INC,0.985092
2021-06-01,58771,RBC,REGAL BELOIT CORP,0.984763
2021-06-01,48653,HUM,HUMANA INC,0.98306
2021-06-01,18163,PG,PROCTER & GAMBLE CO,0.981178
2021-06-01,61313,DCI,DONALDSON INC,0.97948
2021-06-01,77520,AGCO,A G C O CORP,0.974258
2021-06-01,85427,GPI,GROUP 1 AUTOMOTIVE INC,0.973496
2021-06-01,77661,DHI,D R HORTON INC,0.97134
2021-06-01,79103,ORLY,O REILLY AUTOMOTIVE INC NEW,0.967872
2021-06-01,90550,DLB,DOLBY LABORATORIES INC,0.96348
2021-06-01,13901,MO,ALTRIA GROUP INC,0.96206
2021-06-01,90037,HTH,HILLTOP HOLDINGS INC,0.961719
2021-06-01,83011,WSM,WILLIAMS SONOMA INC,0.949387
2021-06-01,13862,TMHC,TAYLOR MORRISON HOME CORP,0.94905
2021-06-01,79878,UFPI,U F P INDUSTRIES INC,0.947996
2021-06-01,20482,ABT,ABBOTT LABORATORIES,0.947255
2021-06-01,22825,CMD,CANTEL MEDICAL CORP,0.925146
2021-06-01,76744,VRTX,VERTEX PHARMACEUTICALS INC,0.910644
2021-06-01,14479,IBP,INSTALLED BUILDING PRODUCTS INC,0.880797
2021-06-01,82651,WAT,WATERS CORP,0.879989
2021-06-01,93312,SSNC,S S & C TECHNOLOGIES HLDGS INC,0.860595
2021-06-01,50948,SMTC,SEMTECH CORP,0.859323
2021-06-01,78664,DDD,3 D SYSTEMS CORP DEL,0.835286
2021-06-01,89753,FORM,FORMFACTOR INC,0.776907
2021-06-01,16290,FLGT,FULGENT GENETICS INC,0.766593
2021-06-01,90319,GOOGL,ALPHABET INC,0.757361
2021-06-01,21371,CAH,CARDINAL HEALTH INC,0.749097
2021-06-01,86582,STL,STERLING BANCORP DEL,0.685297
2021-06-01,14008,AMGN,AMGEN INC,0.665308
2021-06-01,47941,TGNA,TEGNA INC,0.634349
2021-06-01,91658,AIMC,ALTRA INDUSTRIAL MOTION CORP,0.624447
2021-06-01,15647,FLOW,S P X FLOW INC,0.522278
2021-06-01,84172,NUS,NU SKIN ENTERPRISES INC,0.511618
2021-06-01,14795,TKR,TIMKEN CO,0.467785
2021-06-01,38295,SPB,SPECTRUM BRANDS HOLDINGS INC NEW,0.457498
2021-06-01,82547,AEIS,ADVANCED ENERGY INDUSTRIES INC,0.449532
2021-06-01,64186,CI,CIGNA CORP NEW,0.248603
2021-06-01,10397,WERN,WERNER ENTERPRISES INC,0.099755
2021-06-01,11691,MATX,MATSON INC,0.015272
2021-06-01,27562,CBRL,CRACKER BARREL OLD COUNTRY STORE,-0.127091
2021-06-01,13947,BLUE,BLUEBIRD BIO INC,-0.203282
2021-06-01,17787,EQH,EQUITABLE HOLDINGS INC,-0.232936
2021-06-01,13928,COP,CONOCOPHILLIPS,-0.360184
2021-06-01,17036,CNNE,CANNAE HOLDINGS INC,-0.407107
2021-06-01,82779,NVAX,NOVAVAX INC,-0.623048
2021-06-01,14295,TWTR,TWITTER INC,-0.75262
2021-06-01,16968,MDB,MONGODB INC,-0.756415
2021-06-01,15454,GKOS,GLAUKOS CORP,-0.781431
2021-06-01,13739,BFAM,BRIGHT HORIZONS FAM SOL INC NEW,-0.798949
2021-06-01,88863,EXAS,EXACT SCIENCES CORP,-0.805773
2021-06-01,79839,ITRI,ITRON INC,-0.813245
2021-06-01,15729,PSTG,PURE STORAGE INC,-0.814758
2021-06-01,14136,RNG,RINGCENTRAL INC,-0.822914
2021-06-01,14811,FWONK,LIBERTY MEDIA CORP 3RD NEW,-0.842966
2021-06-01,14359,XNCR,XENCOR INC,-0.849461
2021-06-01,89031,AXON,AXON ENTERPRISE INC,-0.849495
2021-06-01,14988,LBRDK,LIBERTY BROADBAND CORP,-0.851129
2021-06-01,15272,SEDG,SOLAREDGE TECHNOLOGIES INC,-0.864863
2021-06-01,12639,CSOD,CORNERSTONE ONDEMAND INC,-0.870305
2021-06-01,91659,ALGT,ALLEGIANT TRAVEL CO,-0.878105
2021-06-01,76750,MNRO,MONRO INC,-0.883123
2021-06-01,83779,PEGA,PEGASYSTEMS INC,-0.886645
2021-06-01,14325,TNDM,TANDEM DIABETES CARE INC,-0.889529
2021-06-01,87430,KTOS,KRATOS DEFENSE & SECUR SOLS INC,-0.909412
2021-06-01,14516,QTWO,Q 2 HOLDINGS INC,-0.912608
2021-06-01,57817,JWN,NORDSTROM INC,-0.91439
2021-06-01,13527,FIVE,FIVE BELOW INC,-0.914786
2021-06-01,15627,PLNT,PLANET FITNESS INC,-0.914929
2021-06-01,90505,LVS,LAS VEGAS SANDS CORP,-0.92248
2021-06-01,14641,ZEN,ZENDESK INC,-0.935062
2021-06-01,90427,TXRH,TEXAS ROADHOUSE INC,-0.944871
2021-06-01,26403,DIS,DISNEY WALT CO,-0.944994
2021-06-01,90188,NUVA,NUVASIVE INC,-0.954509
2021-06-01,14329,ARMK,ARAMARK,-0.96374
2021-06-01,14179,AR,ANTERO RESOURCES CORP,-0.964037
2021-06-01,93423,SIX,SIX FLAGS ENTERTAINMENT CORP,-0.967002
2021-06-01,90856,ATRC,ATRICURE INC,-0.969633
2021-06-01,19561,BA,BOEING CO,-0.969751
2021-06-01,14338,HLT,HILTON WORLDWIDE HOLDINGS INC,-0.973344
2021-06-01,89353,JBLU,JETBLUE AIRWAYS CORP,-0.987225
2021-06-01,91926,DAL,DELTA AIR LINES INC,-0.987554
2021-06-01,80191,ALB,ALBEMARLE CORP,-0.993513
2021-06-01,13860,SEAS,SEAWORLD ENTERTAINMENT INC,-0.993969
2021-06-01,80069,ARWR,ARROWHEAD PHARMACEUTICALS INC,-0.997796
2021-06-01,12503,NAV,NAVISTAR INTERNATIONAL CORP,-0.999543
2021-06-01,14044,AGIO,AGIOS PHARMACEUTICALS INC,-0.999637
2021-06-01,28804,ALK,ALASKA AIRGROUP INC,-0.999837
2021-06-01,10026,JJSF,J & J SNACK FOODS CORP,-1.0
2021-06-01,12360,PACB,PACIFIC BIOSCIENCES CALIF INC,-1.0
2021-06-01,12591,APO,APOLLO GLOBAL MANAGEMENT INC,-1.0
2021-06-01,13169,ZNGA,ZYNGA INC,-1.0
2021-06-01,13379,SPLK,SPLUNK INC,-1.0
2021-06-01,13511,PANW,PALO ALTO NETWORKS INC,-1.0
2021-06-01,13688,PCG,P G & E CORP,-1.0
2021-06-01,13704,NEO,NEOGENOMICS INC,-1.0
2021-06-01,13962,NSTG,NANOSTRING TECHNOLOGIES INC,-1.0
2021-06-01,13967,PTCT,P T C THERAPEUTICS INC,-1.0
2021-06-01,14054,MRTX,MIRATI THERAPEUTICS INC,-1.0
2021-06-01,14159,FEYE,FIREEYE INC,-1.0
2021-06-01,14176,XLRN,ACCELERON PHARMA INC,-1.0
2021-06-01,14273,CHGG,CHEGG INC,-1.0
2021-06-01,14426,DRNA,DICERNA PHARMACEUTICALS INC,-1.0
2021-06-01,14432,ITCI,INTRA CELLULAR THERAPIES INC,-1.0
2021-06-01,14436,RARE,ULTRAGENYX PHARMACEUTICALS INC,-1.0
2021-06-01,14472,VRNS,VARONIS SYSTEMS INC,-1.0
2021-06-01,14596,FIVN,FIVE 9 INC,-1.0
2021-06-01,14782,TRUP,TRUPANION INC,-1.0
2021-06-01,14882,CZR,CAESARS ENTERTAINMENT INC DE,-1.0
2021-06-01,15506,CYRX,CRYOPORT INC,-1.0
2021-06-01,15534,NTRA,NATERA INC,-1.0
2021-06-01,15541,RPD,RAPID7 INC,-1.0
2021-06-01,15649,MSGS,MADISON SQUARE GARD SPORTS CORP,-1.0
2021-06-01,15694,PEN,PENUMBRA INC,-1.0
2021-06-01,15831,AXSM,AXSOME THERAPEUTICS INC,-1.0
2021-06-01,16064,NTLA,INTELLIA THERAPEUTICS INC,-1.0
2021-06-01,16140,TWLO,TWILIO INC,-1.0
2021-06-01,16381,BL,BLACKLINE INC,-1.0
2021-06-01,16595,SNAP,SNAP INC,-1.0
2021-06-01,16649,OKTA,OKTA INC,-1.0
2021-06-01,17037,SAIL,SAILPOINT TECHNOLOGIES HLDGS INC,-1.0
2021-06-01,17104,APLS,APELLIS PHARMACEUTICALS INC,-1.0
2021-06-01,17341,ZS,ZSCALER INC,-1.0
2021-06-01,17342,DBX,DROPBOX INC,-1.0
2021-06-01,17700,CDAY,CERIDIAN H C M HOLDING INC,-1.0
2021-06-01,24328,EQT,E Q T CORP,-1.0
2021-06-01,32870,HRL,HORMEL FOODS CORP,-1.0
2021-06-01,40272,IFF,INTERNATIONAL FLAVORS & FRAG INC,-1.0
2021-06-01,58683,LUV,SOUTHWEST AIRLINES CO,-1.0
2021-06-01,63765,SWN,SOUTHWESTERN ENERGY CO,-1.0
2021-06-01,76661,IONS,IONIS PHARMACEUTICALS INC,-1.0
2021-06-01,80539,NKTR,NEKTAR THERAPEUTICS,-1.0
2021-06-01,82670,TGTX,T G THERAPEUTICS INC,-1.0
2021-06-01,84588,MTN,VAIL RESORTS INC,-1.0
2021-06-01,85002,SRPT,SAREPTA THERAPEUTICS INC,-1.0
2021-06-01,87337,PLUG,PLUG POWER INC,-1.0
2021-06-01,87445,TDY,TELEDYNE TECHNOLOGIES,-1.0
2021-06-01,88351,INSM,INSMED INC,-1.0
2021-06-01,88421,ARNA,ARENA PHARMACEUTICALS INC,-1.0
2021-06-01,90178,ALNY,ALNYLAM PHARMACEUTICALS INC,-1.0
2021-06-01,90444,ORA,ORMAT TECHNOLOGIES INC,-1.0
2021-06-01,90808,EXPE,EXPEDIA GROUP INC,-1.0
2021-06-01,91041,LYV,LIVE NATION ENTERTAINMENT INC,-1.0
2021-06-01,91103,UAL,UNITED AIRLINES HOLDINGS INC,-1.0
2021-06-01,91152,TDG,TRANSDIGM GROUP INC,-1.0
2021-06-01,91237,VG,VONAGE HOLDINGS CORP,-1.0
2021-06-01,91594,SPR,SPIRIT AEROSYSTEMS HOLDINGS INC,-1.0
2021-06-01,93098,H,HYATT HOTELS CORP,-1.0
2021-07-01,10107,MSFT,MICROSOFT CORP,1.0
2021-07-01,11809,CLH,CLEAN HARBORS INC,1.0
2021-07-01,12062,LH,LABORATORY CORP AMERICA HLDGS,1.0
2021-07-01,12476,TRGP,TARGA RESOURCES CORP,1.0
2021-07-01,12622,HCA,H C A HEALTHCARE INC,1.0
2021-07-01,13407,FB,FACEBOOK INC,1.0
2021-07-01,13766,BCC,BOISE CASCADE CO,1.0
2021-07-01,13788,ZTS,ZOETIS INC,1.0
2021-07-01,13837,EVTC,EVERTEC INC,1.0
2021-07-01,14593,AAPL,APPLE INC,1.0
2021-07-01,14702,AMAT,APPLIED MATERIALS INC,1.0
2021-07-01,14716,CCS,CENTURY COMMUNITIES INC,1.0
2021-07-01,15579,TXN,TEXAS INSTRUMENTS INC,1.0
2021-07-01,16119,ATKR,ATKORE INC,1.0
2021-07-01,16268,HOME,AT HOME GROUP INC,1.0
2021-07-01,16554,JELD,JELD WEN HOLDING INC,1.0
2021-07-01,17929,UGI,U G I CORP NEW,1.0
2021-07-01,20482,ABT,ABBOTT LABORATORIES,1.0
2021-07-01,25953,DOV,DOVER CORP,1.0
2021-07-01,42200,PKI,PERKINELMER INC,1.0
2021-07-01,46886,KLAC,K L A CORP,1.0
2021-07-01,49154,TGT,TARGET CORP,1.0
2021-07-01,49680,DHR,DANAHER CORP,1.0
2021-07-01,52716,HRC,HILL ROM HOLDINGS INC,1.0
2021-07-01,56223,LPX,LOUISIANA PACIFIC CORP,1.0
2021-07-01,61313,DCI,DONALDSON INC,1.0
2021-07-01,62092,TMO,THERMO FISHER SCIENTIFIC INC,1.0
2021-07-01,62498,WST,WEST PHARMACEUTICAL SERVICES INC,1.0
2021-07-01,64194,CHE,CHEMED CORP NEW,1.0
2021-07-01,75510,ADBE,ADOBE INC,1.0
2021-07-01,76076,CSCO,CISCO SYSTEMS INC,1.0
2021-07-01,76095,HOLX,HOLOGIC INC,1.0
2021-07-01,76709,IDXX,I D E X X LABORATORIES INC,1.0
2021-07-01,76795,ZBRA,ZEBRA TECHNOLOGIES CORP,1.0
2021-07-01,78664,DDD,3 D SYSTEMS CORP DEL,1.0
2021-07-01,79103,ORLY,O REILLY AUTOMOTIVE INC NEW,1.0
2021-07-01,80864,RS,RELIANCE STEEL & ALUMINUM CO,1.0
2021-07-01,82651,WAT,WATERS CORP,1.0
2021-07-01,82800,SCCO,SOUTHERN COPPER CORP,1.0
2021-07-01,83916,TTEC,T T E C HOLDINGS INC,1.0
2021-07-01,84373,DGX,QUEST DIAGNOSTICS INC,1.0
2021-07-01,85621,MTD,METTLER TOLEDO INTERNATIONAL INC,1.0
2021-07-01,86047,AMKR,AMKOR TECHNOLOGY INC,1.0
2021-07-01,86158,CTSH,COGNIZANT TECHNOLOGY SOLS CORP,1.0
2021-07-01,87432,A,AGILENT TECHNOLOGIES INC,1.0
2021-07-01,88504,BRKR,BRUKER CORP,1.0
2021-07-01,89971,TPX,TEMPUR SEALY INTERNATIONAL INC,1.0
2021-07-01,90319,GOOGL,ALPHABET INC,1.0
2021-07-01,91531,OC,OWENS CORNING NEW,1.0
2021-07-01,92602,PM,PHILIP MORRIS INTERNATIONAL INC,1.0
2021-07-01,92655,UNH,UNITEDHEALTH GROUP INC,1.0
2021-07-01,93035,SEM,SELECT MEDICAL HOLDINGS CORP,1.0
2021-07-01,14406,ESI,ELEMENT SOLUTIONS INC,0.999568
2021-07-01,48653,HUM,HUMANA INC,0.995905
2021-07-01,85914,BBY,BEST BUY COMPANY INC,0.995195
2021-07-01,13802,APAM,ARTISAN PARTNERS ASSET MGMT INC,0.990905
2021-07-01,66181,HD,HOME DEPOT INC,0.990413
2021-07-01,68196,SEIC,S E I INVESTMENTS CO,0.982593
2021-07-01,80575,SSD,SIMPSON MANUFACTURING CO INC,0.982156
2021-07-01,18163,PG,PROCTER & GAMBLE CO,0.981756
2021-07-01,10874,BC,BRUNSWICK CORP,0.974465
2021-07-01,91575,HRI,HERC HOLDINGS INC,0.974348
2021-07-01,93374,FAF,FIRST AMERICAN FINL CORP NEW,0.973601
2021-07-01,90550,DLB,DOLBY LABORATORIES INC,0.970884
2021-07-01,89866,LKQ,L K Q CORP,0.965852
2021-07-01,37568,FELE,FRANKLIN ELECTRIC INC,0.961016
2021-07-01,91277,QRTEA,QURATE RETAIL INC,0.960377
2021-07-01,62148,CSX,C S X CORP,0.957905
2021-07-01,16290,FLGT,FULGENT GENETICS INC,0.954538
2021-07-01,80128,VMI,VALMONT INDUSTRIES INC,0.953868
2021-07-01,12981,FBHS,FORTUNE BRANDS HOME & SECUR INC,0.951188
2021-07-01,13901,MO,ALTRIA GROUP INC,0.948625
2021-07-01,29209,ARW,ARROW ELECTRONICS INC,0.945978
2021-07-01,86778,MKSI,M K S INSTRUMENTS INC,0.945382
2021-07-01,93330,PRI,PRIMERICA INC,0.944081
2021-07-01,85427,GPI,GROUP 1 AUTOMOTIVE INC,0.942666
2021-07-01,90037,HTH,HILLTOP HOLDINGS INC,0.9423
2021-07-01,50948,SMTC,SEMTECH CORP,0.938433
2021-07-01,85792,PWR,QUANTA SERVICES INC,0.937801
2021-07-01,76573,MLI,MUELLER INDUSTRIES INC,0.935428
2021-07-01,65307,RPM,R P M INTERNATIONAL INC,0.93504
2021-07-01,76282,AN,AUTONATION INC DEL,0.928323
2021-07-01,58771,RBC,REGAL BELOIT CORP,0.924384
2021-07-01,77661,DHI,D R HORTON INC,0.921184
2021-07-01,79637,UHS,UNIVERSAL HEALTH SERVICES INC,0.918448
2021-07-01,77520,AGCO,A G C O CORP,0.917997
2021-07-01,90520,CE,CELANESE CORP DEL,0.916285
2021-07-01,77496,MHK,MOHAWK INDUSTRIES INC,0.912233
2021-07-01,83011,WSM,WILLIAMS SONOMA INC,0.894001
2021-07-01,13748,TPH,TRI POINTE HOMES INC,0.88847
2021-07-01,79878,UFPI,U F P INDUSTRIES INC,0.886239
2021-07-01,76744,VRTX,VERTEX PHARMACEUTICALS INC,0.880086
2021-07-01,75342,MTH,MERITAGE HOMES CORP,0.873777
2021-07-01,13862,TMHC,TAYLOR MORRISON HOME CORP,0.846516
2021-07-01,93312,SSNC,S S & C TECHNOLOGIES HLDGS INC,0.839505
2021-07-01,80054,MED,MEDIFAST INC,0.831419
2021-07-01,89753,FORM,FORMFACTOR INC,0.803572
2021-07-01,21371,CAH,CARDINAL HEALTH INC,0.769279
2021-07-01,14008,AMGN,AMGEN INC,0.681551
2021-07-01,91658,AIMC,ALTRA INDUSTRIAL MOTION CORP,0.618863
2021-07-01,39490,APA,A P A CORP,0.53231
2021-07-01,15647,FLOW,S P X FLOW INC,0.497174
2021-07-01,82547,AEIS,ADVANCED ENERGY INDUSTRIES INC,0.496682
2021-07-01,84172,NUS,NU SKIN ENTERPRISES INC,0.481766
2021-07-01,38295,SPB,SPECTRUM BRANDS HOLDINGS INC NEW,0.437681
2021-07-01,14795,TKR,TIMKEN CO,0.426213
2021-07-01,49429,DDS,DILLARDS INC,0.383392
2021-07-01,64186,CI,CIGNA CORP NEW,0.228604
2021-07-01,89179,ANTM,ANTHEM INC,0.224119
2021-07-01,10397,WERN,WERNER ENTERPRISES INC,0.092542
2021-07-01,11691,MATX,MATSON INC,0.015118
2021-07-01,92143,PRO,P R O S HOLDINGS INC,-0.001734
2021-07-01,13947,BLUE,BLUEBIRD BIO INC,-0.208899
2021-07-01,17787,EQH,EQUITABLE HOLDINGS INC,-0.223398
2021-07-01,17036,CNNE,CANNAE HOLDINGS INC,-0.385075
2021-07-01,26403,DIS,DISNEY WALT CO,-0.394861
2021-07-01,83779,PEGA,PEGASYSTEMS INC,-0.598907
2021-07-01,10158,AMRC,AMERESCO INC,-0.639219
2021-07-01,16678,KR,KROGER CO,-0.685397
2021-07-01,14359,XNCR,XENCOR INC,-0.761773
2021-07-01,91659,ALGT,ALLEGIANT TRAVEL CO,-0.769221
2021-07-01,89353,JBLU,JETBLUE AIRWAYS CORP,-0.824157
2021-07-01,15729,PSTG,PURE STORAGE INC,-0.835284
2021-07-01,90505,LVS,LAS VEGAS SANDS CORP,-0.84165
2021-07-01,13739,BFAM,BRIGHT HORIZONS FAM SOL INC NEW,-0.850271
2021-07-01,79839,ITRI,ITRON INC,-0.852731
2021-07-01,58683,LUV,SOUTHWEST AIRLINES CO,-0.86381
2021-07-01,28804,ALK,ALASKA AIRGROUP INC,-0.871386
2021-07-01,14988,LBRDK,LIBERTY BROADBAND CORP,-0.888848
2021-07-01,14295,TWTR,TWITTER INC,-0.89289
2021-07-01,91926,DAL,DELTA AIR LINES INC,-0.896002
2021-07-01,91103,UAL,UNITED AIRLINES HOLDINGS INC,-0.89614
2021-07-01,15454,GKOS,GLAUKOS CORP,-0.900905
2021-07-01,90427,TXRH,TEXAS ROADHOUSE INC,-0.902554
2021-07-01,14159,FEYE,FIREEYE INC,-0.903885
2021-07-01,88863,EXAS,EXACT SCIENCES CORP,-0.906227
2021-07-01,14811,FWONK,LIBERTY MEDIA CORP 3RD NEW,-0.910173
2021-07-01,14136,RNG,RINGCENTRAL INC,-0.911043
2021-07-01,93423,SIX,SIX FLAGS ENTERTAINMENT CORP,-0.921234
2021-07-01,15272,SEDG,SOLAREDGE TECHNOLOGIES INC,-0.926403
2021-07-01,15649,MSGS,MADISON SQUARE GARD SPORTS CORP,-0.932605
2021-07-01,16968,MDB,MONGODB INC,-0.936694
2021-07-01,14436,RARE,ULTRAGENYX PHARMACEUTICALS INC,-0.937465
2021-07-01,19561,BA,BOEING CO,-0.940461
2021-07-01,80539,NKTR,NEKTAR THERAPEUTICS,-0.949636
2021-07-01,91594,SPR,SPIRIT AEROSYSTEMS HOLDINGS INC,-0.959136
2021-07-01,14329,ARMK,ARAMARK,-0.961156
2021-07-01,13169,ZNGA,ZYNGA INC,-0.980623
2021-07-01,32870,HRL,HORMEL FOODS CORP,-0.983721
2021-07-01,14516,QTWO,Q 2 HOLDINGS INC,-0.986148
2021-07-01,14641,ZEN,ZENDESK INC,-0.987607
2021-07-01,14044,AGIO,AGIOS PHARMACEUTICALS INC,-0.987625
2021-07-01,10026,JJSF,J & J SNACK FOODS CORP,-0.996968
2021-07-01,91152,TDG,TRANSDIGM GROUP INC,-0.997607
2021-07-01,87445,TDY,TELEDYNE TECHNOLOGIES,-0.99847
2021-07-01,12360,PACB,PACIFIC BIOSCIENCES CALIF INC,-1.0
2021-07-01,12503,NAV,NAVISTAR INTERNATIONAL CORP,-1.0
2021-07-01,12591,APO,APOLLO GLOBAL MANAGEMENT INC,-1.0
2021-07-01,12639,CSOD,CORNERSTONE ONDEMAND INC,-1.0
2021-07-01,13379,SPLK,SPLUNK INC,-1.0
2021-07-01,13511,PANW,PALO ALTO NETWORKS INC,-1.0
2021-07-01,13688,PCG,P G & E CORP,-1.0
2021-07-01,13704,NEO,NEOGENOMICS INC,-1.0
2021-07-01,13860,SEAS,SEAWORLD ENTERTAINMENT INC,-1.0
2021-07-01,13962,NSTG,NANOSTRING TECHNOLOGIES INC,-1.0
2021-07-01,13967,PTCT,P T C THERAPEUTICS INC,-1.0
2021-07-01,14054,MRTX,MIRATI THERAPEUTICS INC,-1.0
2021-07-01,14176,XLRN,ACCELERON PHARMA INC,-1.0
2021-07-01,14179,AR,ANTERO RESOURCES CORP,-1.0
2021-07-01,14273,CHGG,CHEGG INC,-1.0
2021-07-01,14325,TNDM,TANDEM DIABETES CARE INC,-1.0
2021-07-01,14338,HLT,HILTON WORLDWIDE HOLDINGS INC,-1.0
2021-07-01,14426,DRNA,DICERNA PHARMACEUTICALS INC,-1.0
2021-07-01,14432,ITCI,INTRA CELLULAR THERAPIES INC,-1.0
2021-07-01,14472,VRNS,VARONIS SYSTEMS INC,-1.0
2021-07-01,14596,FIVN,FIVE 9 INC,-1.0
2021-07-01,14782,TRUP,TRUPANION INC,-1.0
2021-07-01,14882,CZR,CAESARS ENTERTAINMENT INC DE,-1.0
2021-07-01,15067,FRPT,FRESHPET INC,-1.0
2021-07-01,15108,NEWR,NEW RELIC INC,-1.0
2021-07-01,15167,SHAK,SHAKE SHACK INC,-1.0
2021-07-01,15351,FTAI,FORTRESS TRANS AND INFR INV LLC,-1.0
2021-07-01,15506,CYRX,CRYOPORT INC,-1.0
2021-07-01,15534,NTRA,NATERA INC,-1.0
2021-07-01,15541,RPD,RAPID7 INC,-1.0
2021-07-01,15627,PLNT,PLANET FITNESS INC,-1.0
2021-07-01,15694,PEN,PENUMBRA INC,-1.0
2021-07-01,15831,AXSM,AXSOME THERAPEUTICS INC,-1.0
2021-07-01,16064,NTLA,INTELLIA THERAPEUTICS INC,-1.0
2021-07-01,16140,TWLO,TWILIO INC,-1.0
2021-07-01,16263,PTGX,PROTAGONIST THERAPEUTICS INC,-1.0
2021-07-01,16381,BL,BLACKLINE INC,-1.0
2021-07-01,16382,COUP,COUPA SOFTWARE INC,-1.0
2021-07-01,16595,SNAP,SNAP INC,-1.0
2021-07-01,16649,OKTA,OKTA INC,-1.0
2021-07-01,17037,SAIL,SAILPOINT TECHNOLOGIES HLDGS INC,-1.0
2021-07-01,17104,APLS,APELLIS PHARMACEUTICALS INC,-1.0
2021-07-01,17341,ZS,ZSCALER INC,-1.0
2021-07-01,17342,DBX,DROPBOX INC,-1.0
2021-07-01,17700,CDAY,CERIDIAN H C M HOLDING INC,-1.0
2021-07-01,24328,EQT,E Q T CORP,-1.0
2021-07-01,40272,IFF,INTERNATIONAL FLAVORS & FRAG INC,-1.0
2021-07-01,63765,SWN,SOUTHWESTERN ENERGY CO,-1.0
2021-07-01,76661,IONS,IONIS PHARMACEUTICALS INC,-1.0
2021-07-01,80069,ARWR,ARROWHEAD PHARMACEUTICALS INC,-1.0
2021-07-01,82670,TGTX,T G THERAPEUTICS INC,-1.0
2021-07-01,85002,SRPT,SAREPTA THERAPEUTICS INC,-1.0
2021-07-01,87337,PLUG,PLUG POWER INC,-1.0
2021-07-01,87430,KTOS,KRATOS DEFENSE & SECUR SOLS INC,-1.0
2021-07-01,88351,INSM,INSMED INC,-1.0
2021-07-01,88421,ARNA,ARENA PHARMACEUTICALS INC,-1.0
2021-07-01,89031,AXON,AXON ENTERPRISE INC,-1.0
2021-07-01,90178,ALNY,ALNYLAM PHARMACEUTICALS INC,-1.0
2021-07-01,90444,ORA,ORMAT TECHNOLOGIES INC,-1.0
2021-07-01,90808,EXPE,EXPEDIA GROUP INC,-1.0
2021-07-01,90856,ATRC,ATRICURE INC,-1.0
2021-07-01,91041,LYV,LIVE NATION ENTERTAINMENT INC,-1.0
2021-07-01,91237,VG,VONAGE HOLDINGS CORP,-1.0
2021-07-01,93098,H,HYATT HOTELS CORP,-1.0
2021-08-01,10107,MSFT,MICROSOFT CORP,1.0
2021-08-01,10874,BC,BRUNSWICK CORP,1.0
2021-08-01,11809,CLH,CLEAN HARBORS INC,1.0
2021-08-01,12062,LH,LABORATORY CORP AMERICA HLDGS,1.0
2021-08-01,12622,HCA,H C A HEALTHCARE INC,1.0
2021-08-01,13407,FB,FACEBOOK INC,1.0
2021-08-01,13766,BCC,BOISE CASCADE CO,1.0
2021-08-01,13788,ZTS,ZOETIS INC,1.0
2021-08-01,13837,EVTC,EVERTEC INC,1.0
2021-08-01,14593,AAPL,APPLE INC,1.0
2021-08-01,14716,CCS,CENTURY COMMUNITIES INC,1.0
2021-08-01,16119,ATKR,ATKORE INC,1.0
2021-08-01,16268,,,1.0
2021-08-01,16434,GOLF,ACUSHNET HOLDINGS CORP,1.0
2021-08-01,16554,JELD,JELD WEN HOLDING INC,1.0
2021-08-01,18163,PG,PROCTER & GAMBLE CO,1.0
2021-08-01,20482,ABT,ABBOTT LABORATORIES,1.0
2021-08-01,22111,JNJ,JOHNSON & JOHNSON,1.0
2021-08-01,25953,DOV,DOVER CORP,1.0
2021-08-01,46886,KLAC,K L A CORP,1.0
2021-08-01,48725,UNP,UNION PACIFIC CORP,1.0
2021-08-01,49154,TGT,TARGET CORP,1.0
2021-08-01,49429,DDS,DILLARDS INC,1.0
2021-08-01,49680,DHR,DANAHER CORP,1.0
2021-08-01,56223,LPX,LOUISIANA PACIFIC CORP,1.0
2021-08-01,61313,DCI,DONALDSON INC,1.0
2021-08-01,62033,RAVN,RAVEN INDUSTRIES INC,1.0
2021-08-01,62092,TMO,THERMO FISHER SCIENTIFIC INC,1.0
2021-08-01,62498,WST,WEST PHARMACEUTICAL SERVICES INC,1.0
2021-08-01,64194,CHE,CHEMED CORP NEW,1.0
2021-08-01,66181,HD,HOME DEPOT INC,1.0
2021-08-01,68196,SEIC,S E I INVESTMENTS CO,1.0
2021-08-01,75510,ADBE,ADOBE INC,1.0
2021-08-01,76076,CSCO,CISCO SYSTEMS INC,1.0
2021-08-01,76095,HOLX,HOLOGIC INC,1.0
2021-08-01,76282,AN,AUTONATION INC DEL,1.0
2021-08-01,76709,IDXX,I D E X X LABORATORIES INC,1.0
2021-08-01,76795,ZBRA,ZEBRA TECHNOLOGIES CORP,1.0
2021-08-01,77496,MHK,MOHAWK INDUSTRIES INC,1.0
2021-08-01,79103,ORLY,O REILLY AUTOMOTIVE INC NEW,1.0
2021-08-01,79637,UHS,UNIVERSAL HEALTH SERVICES INC,1.0
2021-08-01,80575,SSD,SIMPSON MANUFACTURING CO INC,1.0
2021-08-01,80864,RS,RELIANCE STEEL & ALUMINUM CO,1.0
2021-08-01,82651,WAT,WATERS CORP,1.0
2021-08-01,82800,SCCO,SOUTHERN COPPER CORP,1.0
2021-08-01,83422,SYKE,SYKES ENTERPRISES INC,1.0
2021-08-01,83916,TTEC,T T E C HOLDINGS INC,1.0
2021-08-01,84373,DGX,QUEST DIAGNOSTICS INC,1.0
2021-08-01,85035,QRVO,QORVO INC,1.0
2021-08-01,85427,GPI,GROUP 1 AUTOMOTIVE INC,1.0
2021-08-01,85621,MTD,METTLER TOLEDO INTERNATIONAL INC,1.0
2021-08-01,86047,AMKR,AMKOR TECHNOLOGY INC,1.0
2021-08-01,86158,CTSH,COGNIZANT TECHNOLOGY SOLS CORP,1.0
2021-08-01,86778,MKSI,M K S INSTRUMENTS INC,1.0
2021-08-01,87432,A,AGILENT TECHNOLOGIES INC,1.0
2021-08-01,88504,BRKR,BRUKER CORP,1.0
2021-08-01,89455,RUSHA,RUSH ENTERPRISES INC,1.0
2021-08-01,89866,LKQ,L K Q CORP,1.0
2021-08-01,89971,TPX,TEMPUR SEALY INTERNATIONAL INC,1.0
2021-08-01,90319,GOOGL,ALPHABET INC,1.0
2021-08-01,91575,HRI,HERC HOLDINGS INC,1.0
2021-08-01,92602,PM,PHILIP MORRIS INTERNATIONAL INC,1.0
2021-08-01,92655,UNH,UNITEDHEALTH GROUP INC,1.0
2021-08-01,93035,SEM,SELECT MEDICAL HOLDINGS CORP,1.0
2021-08-01,93330,PRI,PRIMERICA INC,1.0
2021-08-01,93374,FAF,FIRST AMERICAN FINL CORP NEW,1.0
2021-08-01,13748,TPH,TRI POINTE HOMES INC,0.999968
2021-08-01,14406,ESI,ELEMENT SOLUTIONS INC,0.999965
2021-08-01,15579,TXN,TEXAS INSTRUMENTS INC,0.996644
2021-08-01,17929,UGI,U G I CORP NEW,0.993059
2021-08-01,29209,ARW,ARROW ELECTRONICS INC,0.98534
2021-08-01,91531,OC,OWENS CORNING NEW,0.984943
2021-08-01,14702,AMAT,APPLIED MATERIALS INC,0.982623
2021-08-01,37568,FELE,FRANKLIN ELECTRIC INC,0.974575
2021-08-01,85914,BBY,BEST BUY COMPANY INC,0.9724
2021-08-01,62148,CSX,C S X CORP,0.965041
2021-08-01,90550,DLB,DOLBY LABORATORIES INC,0.9591
2021-08-01,80128,VMI,VALMONT INDUSTRIES INC,0.957476
2021-08-01,13901,MO,ALTRIA GROUP INC,0.955758
2021-08-01,16290,FLGT,FULGENT GENETICS INC,0.954716
2021-08-01,12476,TRGP,TARGA RESOURCES CORP,0.951739
2021-08-01,90520,CE,CELANESE CORP DEL,0.94565
2021-08-01,13802,APAM,ARTISAN PARTNERS ASSET MGMT INC,0.937644
2021-08-01,76573,MLI,MUELLER INDUSTRIES INC,0.937343
2021-08-01,58771,RBC,REGAL BELOIT CORP,0.931976
2021-08-01,12981,FBHS,FORTUNE BRANDS HOME & SECUR INC,0.930723
2021-08-01,77520,AGCO,A G C O CORP,0.930149
2021-08-01,65307,RPM,R P M INTERNATIONAL INC,0.91687
2021-08-01,79878,UFPI,U F P INDUSTRIES INC,0.885258
2021-08-01,76744,VRTX,VERTEX PHARMACEUTICALS INC,0.879841
2021-08-01,91277,QRTEA,QURATE RETAIL INC,0.870105
2021-08-01,13862,TMHC,TAYLOR MORRISON HOME CORP,0.859306
2021-08-01,83011,WSM,WILLIAMS SONOMA INC,0.852702
2021-08-01,50948,SMTC,SEMTECH CORP,0.844424
2021-08-01,80054,MED,MEDIFAST INC,0.838827
2021-08-01,92402,MSCI,M S C I INC,0.831024
2021-08-01,89753,FORM,FORMFACTOR INC,0.821179
2021-08-01,21371,CAH,CARDINAL HEALTH INC,0.800112
2021-08-01,78664,DDD,3 D SYSTEMS CORP DEL,0.688986
2021-08-01,14008,AMGN,AMGEN INC,0.67535
2021-08-01,39490,APA,A P A CORP,0.462044
2021-08-01,82547,AEIS,ADVANCED ENERGY INDUSTRIES INC,0.457182
2021-08-01,84172,NUS,NU SKIN ENTERPRISES INC,0.456578
2021-08-01,38295,SPB,SPECTRUM BRANDS HOLDINGS INC NEW,0.449556
2021-08-01,21936,PFE,PFIZER INC,0.310631
2021-08-01,89179,ANTM,ANTHEM INC,0.225409
2021-08-01,64186,CI,CIGNA CORP NEW,0.221287
2021-08-01,83976,ANF,ABERCROMBIE & FITCH CO,0.14262
2021-08-01,78015,MTX,MINERALS TECHNOLOGIES INC,0.137515
2021-08-01,10397,WERN,WERNER ENTERPRISES INC,0.095268
2021-08-01,11691,MATX,MATSON INC,0.015854
2021-08-01,77661,DHI,D R HORTON INC,0.015238
2021-08-01,17787,EQH,EQUITABLE HOLDINGS INC,-0.226472
2021-08-01,90248,DPZ,DOMINOS PIZZA INC,-0.245374
2021-08-01,26403,DIS,DISNEY WALT CO,-0.39541
2021-08-01,14295,TWTR,TWITTER INC,-0.400021
2021-08-01,17855,AVLR,AVALARA INC,-0.410834
2021-08-01,15454,GKOS,GLAUKOS CORP,-0.541598
2021-08-01,10258,CLDX,CELLDEX THERAPEUTICS INC,-0.557017
2021-08-01,14580,MGNI,MAGNITE INC,-0.599013
2021-08-01,90505,LVS,LAS VEGAS SANDS CORP,-0.676457
2021-08-01,89353,JBLU,JETBLUE AIRWAYS CORP,-0.726392
2021-08-01,91659,ALGT,ALLEGIANT TRAVEL CO,-0.753813
2021-08-01,14436,RARE,ULTRAGENYX PHARMACEUTICALS INC,-0.784846
2021-08-01,88863,EXAS,EXACT SCIENCES CORP,-0.786132
2021-08-01,87337,PLUG,PLUG POWER INC,-0.797863
2021-08-01,58683,LUV,SOUTHWEST AIRLINES CO,-0.821968
2021-08-01,91926,DAL,DELTA AIR LINES INC,-0.826382
2021-08-01,15729,PSTG,PURE STORAGE INC,-0.834831
2021-08-01,80069,ARWR,ARROWHEAD PHARMACEUTICALS INC,-0.836603
2021-08-01,28804,ALK,ALASKA AIRGROUP INC,-0.838416
2021-08-01,14044,AGIO,AGIOS PHARMACEUTICALS INC,-0.861789
2021-08-01,15272,SEDG,SOLAREDGE TECHNOLOGIES INC,-0.869758
2021-08-01,80539,NKTR,NEKTAR THERAPEUTICS,-0.87379
2021-08-01,16064,NTLA,INTELLIA THERAPEUTICS INC,-0.876073
2021-08-01,15649,MSGS,MADISON SQUARE GARD SPORTS CORP,-0.879453
2021-08-01,93423,SIX,SIX FLAGS ENTERTAINMENT CORP,-0.884382
2021-08-01,14811,FWONK,LIBERTY MEDIA CORP 3RD NEW,-0.885979
2021-08-01,19561,BA,BOEING CO,-0.889083
2021-08-01,14641,ZEN,ZENDESK INC,-0.893085
2021-08-01,15067,FRPT,FRESHPET INC,-0.898656
2021-08-01,14159,FEYE,FIREEYE INC,-0.902963
2021-08-01,14179,AR,ANTERO RESOURCES CORP,-0.904826
2021-08-01,14329,ARMK,ARAMARK,-0.906424
2021-08-01,14988,LBRDK,LIBERTY BROADBAND CORP,-0.908424
2021-08-01,12639,CSOD,CORNERSTONE ONDEMAND INC,-0.929399
2021-08-01,16968,MDB,MONGODB INC,-0.929928
2021-08-01,13169,ZNGA,ZYNGA INC,-0.9317
2021-08-01,10026,JJSF,J & J SNACK FOODS CORP,-0.939603
2021-08-01,12591,APO,APOLLO GLOBAL MANAGEMENT INC,-0.946271
2021-08-01,87430,KTOS,KRATOS DEFENSE & SECUR SOLS INC,-0.95469
2021-08-01,32870,HRL,HORMEL FOODS CORP,-0.960401
2021-08-01,15694,PEN,PENUMBRA INC,-0.971399
2021-08-01,15506,CYRX,CRYOPORT INC,-0.978099
2021-08-01,13379,SPLK,SPLUNK INC,-0.981986
2021-08-01,91237,VG,VONAGE HOLDINGS CORP,-0.98956
2021-08-01,14516,QTWO,Q 2 HOLDINGS INC,-0.993135
2021-08-01,15627,PLNT,PLANET FITNESS INC,-0.999703
2021-08-01,10158,AMRC,AMERESCO INC,-1.0
2021-08-01,12360,PACB,PACIFIC BIOSCIENCES CALIF INC,-1.0
2021-08-01,13511,PANW,PALO ALTO NETWORKS INC,-1.0
2021-08-01,13688,PCG,P G & E CORP,-1.0
2021-08-01,13704,NEO,NEOGENOMICS INC,-1.0
2021-08-01,13739,BFAM,BRIGHT HORIZONS FAM SOL INC NEW,-1.0
2021-08-01,13860,SEAS,SEAWORLD ENTERTAINMENT INC,-1.0
2021-08-01,13962,NSTG,NANOSTRING TECHNOLOGIES INC,-1.0
2021-08-01,13967,PTCT,P T C THERAPEUTICS INC,-1.0
2021-08-01,14054,MRTX,MIRATI THERAPEUTICS INC,-1.0
2021-08-01,14136,RNG,RINGCENTRAL INC,-1.0
2021-08-01,14176,XLRN,ACCELERON PHARMA INC,-1.0
2021-08-01,14273,CHGG,CHEGG INC,-1.0
2021-08-01,14325,TNDM,TANDEM DIABETES CARE INC,-1.0
2021-08-01,14338,HLT,HILTON WORLDWIDE HOLDINGS INC,-1.0
2021-08-01,14426,DRNA,DICERNA PHARMACEUTICALS INC,-1.0
2021-08-01,14432,ITCI,INTRA CELLULAR THERAPIES INC,-1.0
2021-08-01,14472,VRNS,VARONIS SYSTEMS INC,-1.0
2021-08-01,14596,FIVN,FIVE 9 INC,-1.0
2021-08-01,14782,TRUP,TRUPANION INC,-1.0
2021-08-01,14882,CZR,CAESARS ENTERTAINMENT INC DE,-1.0
2021-08-01,15108,NEWR,NEW RELIC INC,-1.0
2021-08-01,15145,BOX,BOX INC,-1.0
2021-08-01,15167,SHAK,SHAKE SHACK INC,-1.0
2021-08-01,15351,FTAI,FORTRESS TRANS AND INFR INV LLC,-1.0
2021-08-01,15534,NTRA,NATERA INC,-1.0
2021-08-01,15541,RPD,RAPID7 INC,-1.0
2021-08-01,16140,TWLO,TWILIO INC,-1.0
2021-08-01,16263,PTGX,PROTAGONIST THERAPEUTICS INC,-1.0
2021-08-01,16381,BL,BLACKLINE INC,-1.0
2021-08-01,16382,COUP,COUPA SOFTWARE INC,-1.0
2021-08-01,16595,SNAP,SNAP INC,-1.0
2021-08-01,16649,OKTA,OKTA INC,-1.0
2021-08-01,16678,KR,KROGER CO,-1.0
2021-08-01,17036,CNNE,CANNAE HOLDINGS INC,-1.0
2021-08-01,17037,SAIL,SAILPOINT TECHNOLOGIES HLDGS INC,-1.0
2021-08-01,17104,APLS,APELLIS PHARMACEUTICALS INC,-1.0
2021-08-01,17341,ZS,ZSCALER INC,-1.0
2021-08-01,17342,DBX,DROPBOX INC,-1.0
2021-08-01,17367,LPRO,OPEN LENDING CORP,-1.0
2021-08-01,17700,CDAY,CERIDIAN H C M HOLDING INC,-1.0
2021-08-01,17948,ALLK,ALLAKOS INC,-1.0
2021-08-01,17987,VRT,VERTIV HOLDINGS CO,-1.0
2021-08-01,24328,EQT,E Q T CORP,-1.0
2021-08-01,40272,IFF,INTERNATIONAL FLAVORS & FRAG INC,-1.0
2021-08-01,76661,IONS,IONIS PHARMACEUTICALS INC,-1.0
2021-08-01,79839,ITRI,ITRON INC,-1.0
2021-08-01,82670,TGTX,T G THERAPEUTICS INC,-1.0
2021-08-01,85002,SRPT,SAREPTA THERAPEUTICS INC,-1.0
2021-08-01,86799,CNX,C N X RESOURCES CORP,-1.0
2021-08-01,87445,TDY,TELEDYNE TECHNOLOGIES,-1.0
2021-08-01,88351,INSM,INSMED INC,-1.0
2021-08-01,88421,ARNA,ARENA PHARMACEUTICALS INC,-1.0
2021-08-01,89031,AXON,AXON ENTERPRISE INC,-1.0
2021-08-01,90178,ALNY,ALNYLAM PHARMACEUTICALS INC,-1.0
2021-08-01,90444,ORA,ORMAT TECHNOLOGIES INC,-1.0
2021-08-01,90808,EXPE,EXPEDIA GROUP INC,-1.0
2021-08-01,90856,ATRC,ATRICURE INC,-1.0
2021-08-01,91041,LYV,LIVE NATION ENTERTAINMENT INC,-1.0
2021-08-01,91103,UAL,UNITED AIRLINES HOLDINGS INC,-1.0
2021-08-01,91152,TDG,TRANSDIGM GROUP INC,-1.0
2021-08-01,91594,SPR,SPIRIT AEROSYSTEMS HOLDINGS INC,-1.0
2021-08-01,93098,H,HYATT HOTELS CORP,-1.0
2021-09-01,10107,MSFT,MICROSOFT CORP,1.0
2021-09-01,11809,CLH,CLEAN HARBORS INC,1.0
2021-09-01,12062,LH,LABORATORY CORP AMERICA HLDGS,1.0
2021-09-01,12622,HCA,H C A HEALTHCARE INC,1.0
2021-09-01,13407,FB,FACEBOOK INC,1.0
2021-09-01,13766,BCC,BOISE CASCADE CO,1.0
2021-09-01,13788,ZTS,ZOETIS INC,1.0
2021-09-01,13802,APAM,ARTISAN PARTNERS ASSET MGMT INC,1.0
2021-09-01,13837,EVTC,EVERTEC INC,1.0
2021-09-01,14593,AAPL,APPLE INC,1.0
2021-09-01,14716,CCS,CENTURY COMMUNITIES INC,1.0
2021-09-01,16119,ATKR,ATKORE INC,1.0
2021-09-01,16554,JELD,JELD WEN HOLDING INC,1.0
2021-09-01,18163,PG,PROCTER & GAMBLE CO,1.0
2021-09-01,20204,CR,CRANE CO,1.0
2021-09-01,20482,ABT,ABBOTT LABORATORIES,1.0
2021-09-01,22111,JNJ,JOHNSON & JOHNSON,1.0
2021-09-01,25953,DOV,DOVER CORP,1.0
2021-09-01,29209,ARW,ARROW ELECTRONICS INC,1.0
2021-09-01,37568,FELE,FRANKLIN ELECTRIC INC,1.0
2021-09-01,38659,GNTX,GENTEX CORP,1.0
2021-09-01,39490,APA,A P A CORP,1.0
2021-09-01,48725,UNP,UNION PACIFIC CORP,1.0
2021-09-01,49429,DDS,DILLARDS INC,1.0
2021-09-01,49680,DHR,DANAHER CORP,1.0
2021-09-01,56223,LPX,LOUISIANA PACIFIC CORP,1.0
2021-09-01,57809,NDSN,NORDSON CORP,1.0
2021-09-01,61313,DCI,DONALDSON INC,1.0
2021-09-01,62092,TMO,THERMO FISHER SCIENTIFIC INC,1.0
2021-09-01,62148,CSX,C S X CORP,1.0
2021-09-01,62498,WST,WEST PHARMACEUTICAL SERVICES INC,1.0
2021-09-01,64194,CHE,CHEMED CORP NEW,1.0
2021-09-01,68196,SEIC,S E I INVESTMENTS CO,1.0
2021-09-01,73139,SYK,STRYKER CORP,1.0
2021-09-01,75510,ADBE,ADOBE INC,1.0
2021-09-01,75825,EOG,EOG RESOURCES INC,1.0
2021-09-01,76076,CSCO,CISCO SYSTEMS INC,1.0
2021-09-01,76095,HOLX,HOLOGIC INC,1.0
2021-09-01,76573,MLI,MUELLER INDUSTRIES INC,1.0
2021-09-01,76795,ZBRA,ZEBRA TECHNOLOGIES CORP,1.0
2021-09-01,77496,MHK,MOHAWK INDUSTRIES INC,1.0
2021-09-01,80128,VMI,VALMONT INDUSTRIES INC,1.0
2021-09-01,80575,SSD,SIMPSON MANUFACTURING CO INC,1.0
2021-09-01,82651,WAT,WATERS CORP,1.0
2021-09-01,83422,,,1.0
2021-09-01,83916,TTEC,T T E C HOLDINGS INC,1.0
2021-09-01,84042,PAG,PENSKE AUTOMOTIVE GROUP INC,1.0
2021-09-01,84373,DGX,QUEST DIAGNOSTICS INC,1.0
2021-09-01,85035,QRVO,QORVO INC,1.0
2021-09-01,85427,GPI,GROUP 1 AUTOMOTIVE INC,1.0
2021-09-01,85621,MTD,METTLER TOLEDO INTERNATIONAL INC,1.0
2021-09-01,85863,COLM,COLUMBIA SPORTSWEAR CO,1.0
2021-09-01,85992,MANH,MANHATTAN ASSOCIATES INC,1.0
2021-09-01,86047,AMKR,AMKOR TECHNOLOGY INC,1.0
2021-09-01,86158,CTSH,COGNIZANT TECHNOLOGY SOLS CORP,1.0
2021-09-01,86228,RSG,REPUBLIC SERVICES INC,1.0
2021-09-01,87432,A,AGILENT TECHNOLOGIES INC,1.0
2021-09-01,88504,BRKR,BRUKER CORP,1.0
2021-09-01,89866,LKQ,L K Q CORP,1.0
2021-09-01,89971,TPX,TEMPUR SEALY INTERNATIONAL INC,1.0
2021-09-01,90319,GOOGL,ALPHABET INC,1.0
2021-09-01,91575,HRI,HERC HOLDINGS INC,1.0
2021-09-01,92602,PM,PHILIP MORRIS INTERNATIONAL INC,1.0
2021-09-01,92655,UNH,UNITEDHEALTH GROUP INC,1.0
2021-09-01,93035,SEM,SELECT MEDICAL HOLDINGS CORP,1.0
2021-09-01,93330,PRI,PRIMERICA INC,1.0
2021-09-01,93374,FAF,FIRST AMERICAN FINL CORP NEW,1.0
2021-09-01,17929,UGI,U G I CORP NEW,0.99992
2021-09-01,13901,MO,ALTRIA GROUP INC,0.999281
2021-09-01,15579,TXN,TEXAS INSTRUMENTS INC,0.998111
2021-09-01,76709,IDXX,I D E X X LABORATORIES INC,0.992921
2021-09-01,12476,TRGP,TARGA RESOURCES CORP,0.992601
2021-09-01,13748,TPH,TRI POINTE HOMES INC,0.985408
2021-09-01,79103,ORLY,O REILLY AUTOMOTIVE INC NEW,0.983788
2021-09-01,90550,DLB,DOLBY LABORATORIES INC,0.98115
2021-09-01,46886,KLAC,K L A CORP,0.979526
2021-09-01,91531,OC,OWENS CORNING NEW,0.978646
2021-09-01,16434,GOLF,ACUSHNET HOLDINGS CORP,0.975161
2021-09-01,14406,ESI,ELEMENT SOLUTIONS INC,0.974265
2021-09-01,79637,UHS,UNIVERSAL HEALTH SERVICES INC,0.97221
2021-09-01,77520,AGCO,A G C O CORP,0.970274
2021-09-01,82800,SCCO,SOUTHERN COPPER CORP,0.966383
2021-09-01,90520,CE,CELANESE CORP DEL,0.962784
2021-09-01,80864,RS,RELIANCE STEEL & ALUMINUM CO,0.958859
2021-09-01,50948,SMTC,SEMTECH CORP,0.953635
2021-09-01,14702,AMAT,APPLIED MATERIALS INC,0.950583
2021-09-01,58771,RBC,REGAL BELOIT CORP,0.945794
2021-09-01,16290,FLGT,FULGENT GENETICS INC,0.944216
2021-09-01,86778,MKSI,M K S INSTRUMENTS INC,0.942136
2021-09-01,12981,FBHS,FORTUNE BRANDS HOME & SECUR INC,0.932142
2021-09-01,10874,BC,BRUNSWICK CORP,0.930899
2021-09-01,13862,TMHC,TAYLOR MORRISON HOME CORP,0.899954
2021-09-01,76282,AN,AUTONATION INC DEL,0.899069
2021-09-01,79878,UFPI,U F P INDUSTRIES INC,0.896778
2021-09-01,92402,MSCI,M S C I INC,0.886308
2021-09-01,65307,RPM,R P M INTERNATIONAL INC,0.871294
2021-09-01,89753,FORM,FORMFACTOR INC,0.856842
2021-09-01,78664,DDD,3 D SYSTEMS CORP DEL,0.761503
2021-09-01,21371,CAH,CARDINAL HEALTH INC,0.707234
2021-09-01,80054,MED,MEDIFAST INC,0.669528
2021-09-01,14008,AMGN,AMGEN INC,0.635356
2021-09-01,82547,AEIS,ADVANCED ENERGY INDUSTRIES INC,0.397843
2021-09-01,21936,PFE,PFIZER INC,0.33427
2021-09-01,78015,MTX,MINERALS TECHNOLOGIES INC,0.266415
2021-09-01,11533,FICO,FAIR ISAAC CORP,0.205515
2021-09-01,11343,SAFM,SANDERSON FARMS INC,0.154982
2021-09-01,83976,ANF,ABERCROMBIE & FITCH CO,0.13488
2021-09-01,10397,WERN,WERNER ENTERPRISES INC,0.098286
2021-09-01,64186,CI,CIGNA CORP NEW,0.034396
2021-09-01,11691,MATX,MATSON INC,0.01878
2021-09-01,90885,EVRI,EVERI HOLDINGS INC,7.2e-05
2021-09-01,13168,TRIP,TRIPADVISOR INC,-0.00712
2021-09-01,17787,EQH,EQUITABLE HOLDINGS INC,-0.228756
2021-09-01,90248,DPZ,DOMINOS PIZZA INC,-0.241346
2021-09-01,91579,KBR,K B R INC,-0.296389
2021-09-01,17855,AVLR,AVALARA INC,-0.441608
2021-09-01,14797,CDNA,CAREDX INC,-0.459588
2021-09-01,14580,MGNI,MAGNITE INC,-0.573679
2021-09-01,15454,GKOS,GLAUKOS CORP,-0.633218
2021-09-01,10258,CLDX,CELLDEX THERAPEUTICS INC,-0.670303
2021-09-01,90505,LVS,LAS VEGAS SANDS CORP,-0.712523
2021-09-01,89353,JBLU,JETBLUE AIRWAYS CORP,-0.743055
2021-09-01,88863,EXAS,EXACT SCIENCES CORP,-0.76087
2021-09-01,91659,ALGT,ALLEGIANT TRAVEL CO,-0.762975
2021-09-01,82670,TGTX,T G THERAPEUTICS INC,-0.773601
2021-09-01,15067,FRPT,FRESHPET INC,-0.786257
2021-09-01,14044,AGIO,AGIOS PHARMACEUTICALS INC,-0.800638
2021-09-01,58683,LUV,SOUTHWEST AIRLINES CO,-0.809887
2021-09-01,80069,ARWR,ARROWHEAD PHARMACEUTICALS INC,-0.810361
2021-09-01,13169,ZNGA,ZYNGA INC,-0.816345
2021-09-01,28804,ALK,ALASKA AIRGROUP INC,-0.828406
2021-09-01,91926,DAL,DELTA AIR LINES INC,-0.837526
2021-09-01,14641,ZEN,ZENDESK INC,-0.845626
2021-09-01,14516,QTWO,Q 2 HOLDINGS INC,-0.846773
2021-09-01,88421,ARNA,ARENA PHARMACEUTICALS INC,-0.855431
2021-09-01,80539,NKTR,NEKTAR THERAPEUTICS,-0.856593
2021-09-01,19561,BA,BOEING CO,-0.861637
2021-09-01,15167,SHAK,SHAKE SHACK INC,-0.862792
2021-09-01,87430,KTOS,KRATOS DEFENSE & SECUR SOLS INC,-0.867597
2021-09-01,90808,EXPE,EXPEDIA GROUP INC,-0.898192
2021-09-01,93423,SIX,SIX FLAGS ENTERTAINMENT CORP,-0.899025
2021-09-01,14329,ARMK,ARAMARK,-0.900498
2021-09-01,91594,SPR,SPIRIT AEROSYSTEMS HOLDINGS INC,-0.908074
2021-09-01,14179,AR,ANTERO RESOURCES CORP,-0.912766
2021-09-01,86799,CNX,C N X RESOURCES CORP,-0.938794
2021-09-01,32870,HRL,HORMEL FOODS CORP,-0.94296
2021-09-01,91152,TDG,TRANSDIGM GROUP INC,-0.947509
2021-09-01,14338,HLT,HILTON WORLDWIDE HOLDINGS INC,-0.949818
2021-09-01,14811,FWONK,LIBERTY MEDIA CORP 3RD NEW,-0.954088
2021-09-01,16140,TWLO,TWILIO INC,-0.955437
2021-09-01,17036,CNNE,CANNAE HOLDINGS INC,-0.959951
2021-09-01,15272,SEDG,SOLAREDGE TECHNOLOGIES INC,-0.971279
2021-09-01,17367,LPRO,OPEN LENDING CORP,-0.972846
2021-09-01,13739,BFAM,BRIGHT HORIZONS FAM SOL INC NEW,-0.974934
2021-09-01,89031,AXON,AXON ENTERPRISE INC,-0.977642
2021-09-01,91237,VG,VONAGE HOLDINGS CORP,-0.978409
2021-09-01,14988,LBRDK,LIBERTY BROADBAND CORP,-0.979164
2021-09-01,14596,FIVN,FIVE 9 INC,-0.987713
2021-09-01,10158,AMRC,AMERESCO INC,-1.0
2021-09-01,12360,PACB,PACIFIC BIOSCIENCES CALIF INC,-1.0
2021-09-01,12591,APO,APOLLO GLOBAL MANAGEMENT INC,-1.0
2021-09-01,13379,SPLK,SPLUNK INC,-1.0
2021-09-01,13511,PANW,PALO ALTO NETWORKS INC,-1.0
2021-09-01,13688,PCG,P G & E CORP,-1.0
2021-09-01,13704,NEO,NEOGENOMICS INC,-1.0
2021-09-01,13962,NSTG,NANOSTRING TECHNOLOGIES INC,-1.0
2021-09-01,13967,PTCT,P T C THERAPEUTICS INC,-1.0
2021-09-01,14054,MRTX,MIRATI THERAPEUTICS INC,-1.0
2021-09-01,14136,RNG,RINGCENTRAL INC,-1.0
2021-09-01,14159,FEYE,FIREEYE INC,-1.0
2021-09-01,14176,XLRN,ACCELERON PHARMA INC,-1.0
2021-09-01,14273,CHGG,CHEGG INC,-1.0
2021-09-01,14325,TNDM,TANDEM DIABETES CARE INC,-1.0
2021-09-01,14432,ITCI,INTRA CELLULAR THERAPIES INC,-1.0
2021-09-01,14436,RARE,ULTRAGENYX PHARMACEUTICALS INC,-1.0
2021-09-01,14472,VRNS,VARONIS SYSTEMS INC,-1.0
2021-09-01,14782,TRUP,TRUPANION INC,-1.0
2021-09-01,14882,CZR,CAESARS ENTERTAINMENT INC DE,-1.0
2021-09-01,15108,NEWR,NEW RELIC INC,-1.0
2021-09-01,15145,BOX,BOX INC,-1.0
2021-09-01,15351,FTAI,FORTRESS TRANS AND INFR INV LLC,-1.0
2021-09-01,15506,CYRX,CRYOPORT INC,-1.0
2021-09-01,15534,NTRA,NATERA INC,-1.0
2021-09-01,15541,RPD,RAPID7 INC,-1.0
2021-09-01,15627,PLNT,PLANET FITNESS INC,-1.0
2021-09-01,15649,MSGS,MADISON SQUARE GARD SPORTS CORP,-1.0
2021-09-01,15694,PEN,PENUMBRA INC,-1.0
2021-09-01,15729,PSTG,PURE STORAGE INC,-1.0
2021-09-01,16064,NTLA,INTELLIA THERAPEUTICS INC,-1.0
2021-09-01,16263,PTGX,PROTAGONIST THERAPEUTICS INC,-1.0
2021-09-01,16381,BL,BLACKLINE INC,-1.0
2021-09-01,16382,COUP,COUPA SOFTWARE INC,-1.0
2021-09-01,16595,SNAP,SNAP INC,-1.0
2021-09-01,16649,OKTA,OKTA INC,-1.0
2021-09-01,16678,KR,KROGER CO,-1.0
2021-09-01,16966,SWCH,SWITCH INC,-1.0
2021-09-01,16968,MDB,MONGODB INC,-1.0
2021-09-01,17037,SAIL,SAILPOINT TECHNOLOGIES HLDGS INC,-1.0
2021-09-01,17104,APLS,APELLIS PHARMACEUTICALS INC,-1.0
2021-09-01,17341,ZS,ZSCALER INC,-1.0
2021-09-01,17342,DBX,DROPBOX INC,-1.0
2021-09-01,17688,GSHD,GOOSEHEAD INSURANCE INC,-1.0
2021-09-01,17700,CDAY,CERIDIAN H C M HOLDING INC,-1.0
2021-09-01,17701,SMAR,SMARTSHEET INC,-1.0
2021-09-01,17948,ALLK,ALLAKOS INC,-1.0
2021-09-01,17987,VRT,VERTIV HOLDINGS CO,-1.0
2021-09-01,21792,CNP,CENTERPOINT ENERGY INC,-1.0
2021-09-01,24328,EQT,E Q T CORP,-1.0
2021-09-01,40272,IFF,INTERNATIONAL FLAVORS & FRAG INC,-1.0
2021-09-01,76038,BLFS,BIOLIFE SOLUTIONS INC,-1.0
2021-09-01,76661,IONS,IONIS PHARMACEUTICALS INC,-1.0
2021-09-01,85002,SRPT,SAREPTA THERAPEUTICS INC,-1.0
2021-09-01,87337,PLUG,PLUG POWER INC,-1.0
2021-09-01,87445,TDY,TELEDYNE TECHNOLOGIES,-1.0
2021-09-01,88351,INSM,INSMED INC,-1.0
2021-09-01,88853,FLR,FLUOR CORP NEW,-1.0
2021-09-01,90178,ALNY,ALNYLAM PHARMACEUTICALS INC,-1.0
2021-09-01,90444,ORA,ORMAT TECHNOLOGIES INC,-1.0
2021-09-01,91041,LYV,LIVE NATION ENTERTAINMENT INC,-1.0
2021-09-01,91103,UAL,UNITED AIRLINES HOLDINGS INC,-1.0
2021-09-01,93098,H,HYATT HOTELS CORP,-1.0
2021-10-01,11809,CLH,CLEAN HARBORS INC,1.0
2021-10-01,12476,TRGP,TARGA RESOURCES CORP,1.0
2021-10-01,13543,GMED,GLOBUS MEDICAL INC,1.0
2021-10-01,13748,TPH,TRI POINTE HOMES INC,1.0
2021-10-01,13766,BCC,BOISE CASCADE CO,1.0
2021-10-01,13837,EVTC,EVERTEC INC,1.0
2021-10-01,14414,SC,SANTANDER CONSUMER USA HLDGS INC,1.0
2021-10-01,14593,AAPL,APPLE INC,1.0
2021-10-01,15579,TXN,TEXAS INSTRUMENTS INC,1.0
2021-10-01,16119,ATKR,ATKORE INC,1.0
2021-10-01,16434,GOLF,ACUSHNET HOLDINGS CORP,1.0
2021-10-01,16554,JELD,JELD WEN HOLDING INC,1.0
2021-10-01,17126,NMRK,NEWMARK GROUP INC,1.0
2021-10-01,20204,CR,CRANE CO,1.0
2021-10-01,20482,ABT,ABBOTT LABORATORIES,1.0
2021-10-01,21936,PFE,PFIZER INC,1.0
2021-10-01,22111,JNJ,JOHNSON & JOHNSON,1.0
2021-10-01,25953,DOV,DOVER CORP,1.0
2021-10-01,38659,GNTX,GENTEX CORP,1.0
2021-10-01,39490,APA,A P A CORP,1.0
2021-10-01,44943,DIOD,DIODES INC,1.0
2021-10-01,46674,GPC,GENUINE PARTS CO,1.0
2021-10-01,48725,UNP,UNION PACIFIC CORP,1.0
2021-10-01,49429,DDS,DILLARDS INC,1.0
2021-10-01,50948,SMTC,SEMTECH CORP,1.0
2021-10-01,56223,LPX,LOUISIANA PACIFIC CORP,1.0
2021-10-01,57809,NDSN,NORDSON CORP,1.0
2021-10-01,61313,DCI,DONALDSON INC,1.0
2021-10-01,62092,TMO,THERMO FISHER SCIENTIFIC INC,1.0
2021-10-01,62148,CSX,C S X CORP,1.0
2021-10-01,68196,SEIC,S E I INVESTMENTS CO,1.0
2021-10-01,75825,EOG,EOG RESOURCES INC,1.0
2021-10-01,76795,ZBRA,ZEBRA TECHNOLOGIES CORP,1.0
2021-10-01,80795,AMED,AMEDISYS INC,1.0
2021-10-01,80864,RS,RELIANCE STEEL & ALUMINUM CO,1.0
2021-10-01,84042,PAG,PENSKE AUTOMOTIVE GROUP INC,1.0
2021-10-01,84373,DGX,QUEST DIAGNOSTICS INC,1.0
2021-10-01,85427,GPI,GROUP 1 AUTOMOTIVE INC,1.0
2021-10-01,85863,COLM,COLUMBIA SPORTSWEAR CO,1.0
2021-10-01,86594,KFY,KORN FERRY,1.0
2021-10-01,88504,BRKR,BRUKER CORP,1.0
2021-10-01,88661,TPR,TAPESTRY INC,1.0
2021-10-01,89866,LKQ,L K Q CORP,1.0
2021-10-01,89971,TPX,TEMPUR SEALY INTERNATIONAL INC,1.0
2021-10-01,91575,HRI,HERC HOLDINGS INC,1.0
2021-10-01,93002,AVGO,BROADCOM INC,1.0
2021-10-01,93035,SEM,SELECT MEDICAL HOLDINGS CORP,1.0
2021-10-01,93330,PRI,PRIMERICA INC,1.0
2021-10-01,18163,PG,PROCTER & GAMBLE CO,0.981777
2021-10-01,64194,CHE,CHEMED CORP NEW,0.975675
2021-10-01,86158,CTSH,COGNIZANT TECHNOLOGY SOLS CORP,0.972448
2021-10-01,86228,RSG,REPUBLIC SERVICES INC,0.970885
2021-10-01,86778,MKSI,M K S INSTRUMENTS INC,0.965981
2021-10-01,46886,KLAC,K L A CORP,0.963791
2021-10-01,12622,HCA,H C A HEALTHCARE INC,0.961206
2021-10-01,93374,FAF,FIRST AMERICAN FINL CORP NEW,0.957797
2021-10-01,73139,SYK,STRYKER CORP,0.953919
2021-10-01,13788,ZTS,ZOETIS INC,0.949028
2021-10-01,80128,VMI,VALMONT INDUSTRIES INC,0.946737
2021-10-01,80575,SSD,SIMPSON MANUFACTURING CO INC,0.945349
2021-10-01,92655,UNH,UNITEDHEALTH GROUP INC,0.942006
2021-10-01,13802,APAM,ARTISAN PARTNERS ASSET MGMT INC,0.94146
2021-10-01,62498,WST,WEST PHARMACEUTICAL SERVICES INC,0.940005
2021-10-01,49680,DHR,DANAHER CORP,0.939776
2021-10-01,37568,FELE,FRANKLIN ELECTRIC INC,0.9396
2021-10-01,85992,MANH,MANHATTAN ASSOCIATES INC,0.938859
2021-10-01,10107,MSFT,MICROSOFT CORP,0.933848
2021-10-01,76095,HOLX,HOLOGIC INC,0.9325
2021-10-01,92602,PM,PHILIP MORRIS INTERNATIONAL INC,0.931947
2021-10-01,14406,ESI,ELEMENT SOLUTIONS INC,0.929226
2021-10-01,12062,LH,LABORATORY CORP AMERICA HLDGS,0.927648
2021-10-01,90319,GOOGL,ALPHABET INC,0.923798
2021-10-01,13901,MO,ALTRIA GROUP INC,0.922396
2021-10-01,76076,CSCO,CISCO SYSTEMS INC,0.922197
2021-10-01,76709,IDXX,I D E X X LABORATORIES INC,0.916462
2021-10-01,10874,BC,BRUNSWICK CORP,0.915493
2021-10-01,90520,CE,CELANESE CORP DEL,0.914431
2021-10-01,86047,AMKR,AMKOR TECHNOLOGY INC,0.909509
2021-10-01,14702,AMAT,APPLIED MATERIALS INC,0.90553
2021-10-01,87432,A,AGILENT TECHNOLOGIES INC,0.897727
2021-10-01,77496,MHK,MOHAWK INDUSTRIES INC,0.897014
2021-10-01,13407,FB,FACEBOOK INC,0.894558
2021-10-01,85035,QRVO,QORVO INC,0.889134
2021-10-01,85621,MTD,METTLER TOLEDO INTERNATIONAL INC,0.886967
2021-10-01,83916,TTEC,T T E C HOLDINGS INC,0.886844
2021-10-01,14716,CCS,CENTURY COMMUNITIES INC,0.876572
2021-10-01,91531,OC,OWENS CORNING NEW,0.875679
2021-10-01,90550,DLB,DOLBY LABORATORIES INC,0.871133
2021-10-01,75510,ADBE,ADOBE INC,0.867407
2021-10-01,82800,SCCO,SOUTHERN COPPER CORP,0.866763
2021-10-01,77520,AGCO,A G C O CORP,0.863851
2021-10-01,79637,UHS,UNIVERSAL HEALTH SERVICES INC,0.863635
2021-10-01,82651,WAT,WATERS CORP,0.862969
2021-10-01,12981,FBHS,FORTUNE BRANDS HOME & SECUR INC,0.856004
2021-10-01,78664,DDD,3 D SYSTEMS CORP DEL,0.853132
2021-10-01,92402,MSCI,M S C I INC,0.84963
2021-10-01,13862,TMHC,TAYLOR MORRISON HOME CORP,0.825916
2021-10-01,89753,FORM,FORMFACTOR INC,0.822655
2021-10-01,65307,RPM,R P M INTERNATIONAL INC,0.822137
2021-10-01,79878,UFPI,U F P INDUSTRIES INC,0.811943
2021-10-01,21371,CAH,CARDINAL HEALTH INC,0.672999
2021-10-01,15397,BLD,TOPBUILD CORP,0.647193
2021-10-01,14008,AMGN,AMGEN INC,0.59905
2021-10-01,79103,ORLY,O REILLY AUTOMOTIVE INC NEW,0.591508
2021-10-01,80054,MED,MEDIFAST INC,0.569629
2021-10-01,16290,FLGT,FULGENT GENETICS INC,0.512617
2021-10-01,82547,AEIS,ADVANCED ENERGY INDUSTRIES INC,0.387109
2021-10-01,11533,FICO,FAIR ISAAC CORP,0.177878
2021-10-01,11343,SAFM,SANDERSON FARMS INC,0.148431
2021-10-01,83976,ANF,ABERCROMBIE & FITCH CO,0.141929
2021-10-01,64311,NSC,NORFOLK SOUTHERN CORP,0.127221
2021-10-01,10397,WERN,WERNER ENTERPRISES INC,0.092259
2021-10-01,11691,MATX,MATSON INC,0.019145
2021-10-01,90885,EVRI,EVERI HOLDINGS INC,7.7e-05
2021-10-01,13168,TRIP,TRIPADVISOR INC,-0.006885
2021-10-01,14580,MGNI,MAGNITE INC,-0.081829
2021-10-01,90248,DPZ,DOMINOS PIZZA INC,-0.223107
2021-10-01,14797,CDNA,CAREDX INC,-0.39742
2021-10-01,17855,AVLR,AVALARA INC,-0.429478
2021-10-01,17104,APLS,APELLIS PHARMACEUTICALS INC,-0.500499
2021-10-01,90505,LVS,LAS VEGAS SANDS CORP,-0.584561
2021-10-01,10258,CLDX,CELLDEX THERAPEUTICS INC,-0.687341
2021-10-01,13169,ZNGA,ZYNGA INC,-0.694558
2021-10-01,89353,JBLU,JETBLUE AIRWAYS CORP,-0.750888
2021-10-01,80069,ARWR,ARROWHEAD PHARMACEUTICALS INC,-0.753711
2021-10-01,14516,QTWO,Q 2 HOLDINGS INC,-0.770325
2021-10-01,91659,ALGT,ALLEGIANT TRAVEL CO,-0.775002
2021-10-01,87430,KTOS,KRATOS DEFENSE & SECUR SOLS INC,-0.782985
2021-10-01,14641,ZEN,ZENDESK INC,-0.796271
2021-10-01,14325,TNDM,TANDEM DIABETES CARE INC,-0.824257
2021-10-01,58683,LUV,SOUTHWEST AIRLINES CO,-0.836705
2021-10-01,76661,IONS,IONIS PHARMACEUTICALS INC,-0.843528
2021-10-01,28804,ALK,ALASKA AIRGROUP INC,-0.846582
2021-10-01,32870,HRL,HORMEL FOODS CORP,-0.848922
2021-10-01,14329,ARMK,ARAMARK,-0.850512
2021-10-01,13967,PTCT,P T C THERAPEUTICS INC,-0.85243
2021-10-01,17987,VRT,VERTIV HOLDINGS CO,-0.855132
2021-10-01,19561,BA,BOEING CO,-0.863337
2021-10-01,17701,SMAR,SMARTSHEET INC,-0.864866
2021-10-01,16678,KR,KROGER CO,-0.878307
2021-10-01,14472,VRNS,VARONIS SYSTEMS INC,-0.881723
2021-10-01,91926,DAL,DELTA AIR LINES INC,-0.88244
2021-10-01,14988,LBRDK,LIBERTY BROADBAND CORP,-0.883835
2021-10-01,40272,IFF,INTERNATIONAL FLAVORS & FRAG INC,-0.887854
2021-10-01,15272,SEDG,SOLAREDGE TECHNOLOGIES INC,-0.888927
2021-10-01,16649,OKTA,OKTA INC,-0.900346
2021-10-01,93423,SIX,SIX FLAGS ENTERTAINMENT CORP,-0.904529
2021-10-01,15145,BOX,BOX INC,-0.918121
2021-10-01,17342,DBX,DROPBOX INC,-0.921443
2021-10-01,13739,BFAM,BRIGHT HORIZONS FAM SOL INC NEW,-0.932496
2021-10-01,17036,CNNE,CANNAE HOLDINGS INC,-0.93556
2021-10-01,15351,FTAI,FORTRESS TRANS AND INFR INV LLC,-0.940664
2021-10-01,89031,AXON,AXON ENTERPRISE INC,-0.940788
2021-10-01,17341,ZS,ZSCALER INC,-0.942052
2021-10-01,17367,LPRO,OPEN LENDING CORP,-0.949131
2021-10-01,82670,TGTX,T G THERAPEUTICS INC,-0.951043
2021-10-01,88421,ARNA,ARENA PHARMACEUTICALS INC,-0.962574
2021-10-01,15627,PLNT,PLANET FITNESS INC,-0.966142
2021-10-01,15694,PEN,PENUMBRA INC,-0.969234
2021-10-01,14811,FWONK,LIBERTY MEDIA CORP 3RD NEW,-0.97048
2021-10-01,16595,SNAP,SNAP INC,-0.970536
2021-10-01,15729,PSTG,PURE STORAGE INC,-0.974028
2021-10-01,91152,TDG,TRANSDIGM GROUP INC,-0.97415
2021-10-01,21792,CNP,CENTERPOINT ENERGY INC,-0.980437
2021-10-01,13181,GWRE,GUIDEWIRE SOFTWARE INC,-0.98277
2021-10-01,13704,NEO,NEOGENOMICS INC,-0.992151
2021-10-01,14596,FIVN,FIVE 9 INC,-0.997106
2021-10-01,12360,PACB,PACIFIC BIOSCIENCES CALIF INC,-1.0
2021-10-01,12591,APO,APOLLO GLOBAL MANAGEMENT INC,-1.0
2021-10-01,13379,SPLK,SPLUNK INC,-1.0
2021-10-01,13511,PANW,PALO ALTO NETWORKS INC,-1.0
2021-10-01,13688,PCG,P G & E CORP,-1.0
2021-10-01,13962,NSTG,NANOSTRING TECHNOLOGIES INC,-1.0
2021-10-01,14054,MRTX,MIRATI THERAPEUTICS INC,-1.0
2021-10-01,14136,RNG,RINGCENTRAL INC,-1.0
2021-10-01,14159,FEYE,FIREEYE INC,-1.0
2021-10-01,14176,XLRN,ACCELERON PHARMA INC,-1.0
2021-10-01,14179,AR,ANTERO RESOURCES CORP,-1.0
2021-10-01,14273,CHGG,CHEGG INC,-1.0
2021-10-01,14338,HLT,HILTON WORLDWIDE HOLDINGS INC,-1.0
2021-10-01,14432,ITCI,INTRA CELLULAR THERAPIES INC,-1.0
2021-10-01,14436,RARE,ULTRAGENYX PHARMACEUTICALS INC,-1.0
2021-10-01,14782,TRUP,TRUPANION INC,-1.0
2021-10-01,14882,CZR,CAESARS ENTERTAINMENT INC DE,-1.0
2021-10-01,15067,FRPT,FRESHPET INC,-1.0
2021-10-01,15108,NEWR,NEW RELIC INC,-1.0
2021-10-01,15167,SHAK,SHAKE SHACK INC,-1.0
2021-10-01,15222,IOVA,IOVANCE BIOTHERAPEUTICS INC,-1.0
2021-10-01,15506,CYRX,CRYOPORT INC,-1.0
2021-10-01,15534,NTRA,NATERA INC,-1.0
2021-10-01,15541,RPD,RAPID7 INC,-1.0
2021-10-01,15649,MSGS,MADISON SQUARE GARD SPORTS CORP,-1.0
2021-10-01,16064,NTLA,INTELLIA THERAPEUTICS INC,-1.0
2021-10-01,16140,TWLO,TWILIO INC,-1.0
2021-10-01,16381,BL,BLACKLINE INC,-1.0
2021-10-01,16382,COUP,COUPA SOFTWARE INC,-1.0
2021-10-01,16968,MDB,MONGODB INC,-1.0
2021-10-01,17037,SAIL,SAILPOINT TECHNOLOGIES HLDGS INC,-1.0
2021-10-01,17688,GSHD,GOOSEHEAD INSURANCE INC,-1.0
2021-10-01,17700,CDAY,CERIDIAN H C M HOLDING INC,-1.0
2021-10-01,17948,ALLK,ALLAKOS INC,-1.0
2021-10-01,18100,ARVN,ARVINAS INC,-1.0
2021-10-01,18135,GH,GUARDANT HEALTH INC,-1.0
2021-10-01,18203,KOD,KODIAK SCIENCES INC,-1.0
2021-10-01,24328,EQT,E Q T CORP,-1.0
2021-10-01,80539,NKTR,NEKTAR THERAPEUTICS,-1.0
2021-10-01,85002,SRPT,SAREPTA THERAPEUTICS INC,-1.0
2021-10-01,86799,CNX,C N X RESOURCES CORP,-1.0
2021-10-01,87075,JCOM,J2 GLOBAL INC,-1.0
2021-10-01,87337,PLUG,PLUG POWER INC,-1.0
2021-10-01,88351,INSM,INSMED INC,-1.0
2021-10-01,88853,FLR,FLUOR CORP NEW,-1.0
2021-10-01,88863,EXAS,EXACT SCIENCES CORP,-1.0
2021-10-01,89301,GME,GAMESTOP CORP NEW,-1.0
2021-10-01,90178,ALNY,ALNYLAM PHARMACEUTICALS INC,-1.0
2021-10-01,90444,ORA,ORMAT TECHNOLOGIES INC,-1.0
2021-10-01,90808,EXPE,EXPEDIA GROUP INC,-1.0
2021-10-01,91041,LYV,LIVE NATION ENTERTAINMENT INC,-1.0
2021-10-01,91103,UAL,UNITED AIRLINES HOLDINGS INC,-1.0
2021-10-01,91237,VG,VONAGE HOLDINGS CORP,-1.0
2021-10-01,91579,KBR,K B R INC,-1.0
2021-10-01,91594,SPR,SPIRIT AEROSYSTEMS HOLDINGS INC,-1.0
2021-10-01,92040,FOLD,AMICUS THERAPEUTICS INC,-1.0
2021-10-01,93098,H,HYATT HOTELS CORP,-1.0
2021-11-01,10107,MSFT,MICROSOFT CORP,1.0
2021-11-01,11600,XRAY,DENTSPLY SIRONA INC,1.0
2021-11-01,11809,CLH,CLEAN HARBORS INC,1.0
2021-11-01,13543,GMED,GLOBUS MEDICAL INC,1.0
2021-11-01,13748,TPH,TRI POINTE HOMES INC,1.0
2021-11-01,13766,BCC,BOISE CASCADE CO,1.0
2021-11-01,13788,ZTS,ZOETIS INC,1.0
2021-11-01,14593,AAPL,APPLE INC,1.0
2021-11-01,14702,AMAT,APPLIED MATERIALS INC,1.0
2021-11-01,16119,ATKR,ATKORE INC,1.0
2021-11-01,16434,GOLF,ACUSHNET HOLDINGS CORP,1.0
2021-11-01,16554,JELD,JELD WEN HOLDING INC,1.0
2021-11-01,17126,NMRK,NEWMARK GROUP INC,1.0
2021-11-01,18163,PG,PROCTER & GAMBLE CO,1.0
2021-11-01,20204,CR,CRANE CO,1.0
2021-11-01,20482,ABT,ABBOTT LABORATORIES,1.0
2021-11-01,21936,PFE,PFIZER INC,1.0
2021-11-01,22103,EMR,EMERSON ELECTRIC CO,1.0
2021-11-01,22111,JNJ,JOHNSON & JOHNSON,1.0
2021-11-01,25953,DOV,DOVER CORP,1.0
2021-11-01,37568,FELE,FRANKLIN ELECTRIC INC,1.0
2021-11-01,38659,GNTX,GENTEX CORP,1.0
2021-11-01,39490,APA,A P A CORP,1.0
2021-11-01,44943,DIOD,DIODES INC,1.0
2021-11-01,46674,GPC,GENUINE PARTS CO,1.0
2021-11-01,46886,KLAC,K L A CORP,1.0
2021-11-01,48725,UNP,UNION PACIFIC CORP,1.0
2021-11-01,49429,DDS,DILLARDS INC,1.0
2021-11-01,50948,SMTC,SEMTECH CORP,1.0
2021-11-01,53613,MU,MICRON TECHNOLOGY INC,1.0
2021-11-01,57809,NDSN,NORDSON CORP,1.0
2021-11-01,61313,DCI,DONALDSON INC,1.0
2021-11-01,62092,TMO,THERMO FISHER SCIENTIFIC INC,1.0
2021-11-01,62148,CSX,C S X CORP,1.0
2021-11-01,64194,CHE,CHEMED CORP NEW,1.0
2021-11-01,68196,SEIC,S E I INVESTMENTS CO,1.0
2021-11-01,75825,EOG,EOG RESOURCES INC,1.0
2021-11-01,76095,HOLX,HOLOGIC INC,1.0
2021-11-01,76709,IDXX,I D E X X LABORATORIES INC,1.0
2021-11-01,76795,ZBRA,ZEBRA TECHNOLOGIES CORP,1.0
2021-11-01,78664,DDD,3 D SYSTEMS CORP DEL,1.0
2021-11-01,80795,AMED,AMEDISYS INC,1.0
2021-11-01,80864,RS,RELIANCE STEEL & ALUMINUM CO,1.0
2021-11-01,82651,WAT,WATERS CORP,1.0
2021-11-01,84042,PAG,PENSKE AUTOMOTIVE GROUP INC,1.0
2021-11-01,84373,DGX,QUEST DIAGNOSTICS INC,1.0
2021-11-01,85035,QRVO,QORVO INC,1.0
2021-11-01,85621,MTD,METTLER TOLEDO INTERNATIONAL INC,1.0
2021-11-01,85863,COLM,COLUMBIA SPORTSWEAR CO,1.0
2021-11-01,85992,MANH,MANHATTAN ASSOCIATES INC,1.0
2021-11-01,86158,CTSH,COGNIZANT TECHNOLOGY SOLS CORP,1.0
2021-11-01,86228,RSG,REPUBLIC SERVICES INC,1.0
2021-11-01,86594,KFY,KORN FERRY,1.0
2021-11-01,88504,BRKR,BRUKER CORP,1.0
2021-11-01,88661,TPR,TAPESTRY INC,1.0
2021-11-01,89824,MODV,MODIVCARE INC,1.0
2021-11-01,89866,LKQ,L K Q CORP,1.0
2021-11-01,90319,GOOGL,ALPHABET INC,1.0
2021-11-01,91575,HRI,HERC HOLDINGS INC,1.0
2021-11-01,92655,UNH,UNITEDHEALTH GROUP INC,1.0
2021-11-01,93002,AVGO,BROADCOM INC,1.0
2021-11-01,93035,SEM,SELECT MEDICAL HOLDINGS CORP,1.0
2021-11-01,93330,PRI,PRIMERICA INC,1.0
2021-11-01,93374,FAF,FIRST AMERICAN FINL CORP NEW,1.0
2021-11-01,14414,SC,SANTANDER CONSUMER USA HLDGS INC,0.999963
2021-11-01,12622,HCA,H C A HEALTHCARE INC,0.991822
2021-11-01,13837,EVTC,EVERTEC INC,0.989902
2021-11-01,90520,CE,CELANESE CORP DEL,0.98451
2021-11-01,15579,TXN,TEXAS INSTRUMENTS INC,0.981337
2021-11-01,75510,ADBE,ADOBE INC,0.979831
2021-11-01,14406,ESI,ELEMENT SOLUTIONS INC,0.973339
2021-11-01,12981,FBHS,FORTUNE BRANDS HOME & SECUR INC,0.970656
2021-11-01,73139,SYK,STRYKER CORP,0.962384
2021-11-01,49680,DHR,DANAHER CORP,0.962368
2021-11-01,86778,MKSI,M K S INSTRUMENTS INC,0.960441
2021-11-01,56223,LPX,LOUISIANA PACIFIC CORP,0.960204
2021-11-01,91531,OC,OWENS CORNING NEW,0.959389
2021-11-01,85427,GPI,GROUP 1 AUTOMOTIVE INC,0.956957
2021-11-01,76076,CSCO,CISCO SYSTEMS INC,0.954725
2021-11-01,13802,APAM,ARTISAN PARTNERS ASSET MGMT INC,0.953357
2021-11-01,62498,WST,WEST PHARMACEUTICAL SERVICES INC,0.951794
2021-11-01,12062,LH,LABORATORY CORP AMERICA HLDGS,0.946006
2021-11-01,92602,PM,PHILIP MORRIS INTERNATIONAL INC,0.929455
2021-11-01,92402,MSCI,M S C I INC,0.928564
2021-11-01,65307,RPM,R P M INTERNATIONAL INC,0.927642
2021-11-01,82800,SCCO,SOUTHERN COPPER CORP,0.926173
2021-11-01,83916,TTEC,T T E C HOLDINGS INC,0.899444
2021-11-01,87432,A,AGILENT TECHNOLOGIES INC,0.898609
2021-11-01,77496,MHK,MOHAWK INDUSTRIES INC,0.89602
2021-11-01,13901,MO,ALTRIA GROUP INC,0.893791
2021-11-01,89753,FORM,FORMFACTOR INC,0.876616
2021-11-01,90550,DLB,DOLBY LABORATORIES INC,0.874565
2021-11-01,77520,AGCO,A G C O CORP,0.861563
2021-11-01,13407,FB,FACEBOOK INC,0.852827
2021-11-01,15397,BLD,TOPBUILD CORP,0.811993
2021-11-01,91500,EXLS,EXLSERVICE HOLDINGS INC,0.810022
2021-11-01,86047,AMKR,AMKOR TECHNOLOGY INC,0.799022
2021-11-01,79637,UHS,UNIVERSAL HEALTH SERVICES INC,0.774537
2021-11-01,21371,CAH,CARDINAL HEALTH INC,0.650522
2021-11-01,79103,ORLY,O REILLY AUTOMOTIVE INC NEW,0.602386
2021-11-01,14008,AMGN,AMGEN INC,0.583027
2021-11-01,80054,MED,MEDIFAST INC,0.580342
2021-11-01,14716,CCS,CENTURY COMMUNITIES INC,0.559072
2021-11-01,16290,FLGT,FULGENT GENETICS INC,0.472535
2021-11-01,82547,AEIS,ADVANCED ENERGY INDUSTRIES INC,0.40505
2021-11-01,11533,FICO,FAIR ISAAC CORP,0.177992
2021-11-01,64311,NSC,NORFOLK SOUTHERN CORP,0.155824
2021-11-01,11343,SAFM,SANDERSON FARMS INC,0.149764
2021-11-01,83976,ANF,ABERCROMBIE & FITCH CO,0.149128
2021-11-01,10397,WERN,WERNER ENTERPRISES INC,0.094703
2021-11-01,11691,MATX,MATSON INC,0.019754
2021-11-01,90885,EVRI,EVERI HOLDINGS INC,7.6e-05
2021-11-01,13168,TRIP,TRIPADVISOR INC,-0.006706
2021-11-01,14580,MGNI,MAGNITE INC,-0.078991
2021-11-01,90248,DPZ,DOMINOS PIZZA INC,-0.228716
2021-11-01,15452,EVH,EVOLENT HEALTH INC,-0.301345
2021-11-01,14797,CDNA,CAREDX INC,-0.319828
2021-11-01,17855,AVLR,AVALARA INC,-0.441429
2021-11-01,13262,CCXI,CHEMOCENTRYX INC,-0.476718
2021-11-01,92648,CFX,COLFAX CORP,-0.571282
2021-11-01,90505,LVS,LAS VEGAS SANDS CORP,-0.619837
2021-11-01,13169,ZNGA,ZYNGA INC,-0.680697
2021-11-01,89353,JBLU,JETBLUE AIRWAYS CORP,-0.688982
2021-11-01,16595,SNAP,SNAP INC,-0.690783
2021-11-01,91659,ALGT,ALLEGIANT TRAVEL CO,-0.694849
2021-11-01,14641,ZEN,ZENDESK INC,-0.696425
2021-11-01,87430,KTOS,KRATOS DEFENSE & SECUR SOLS INC,-0.750668
2021-11-01,14516,QTWO,Q 2 HOLDINGS INC,-0.754148
2021-11-01,58683,LUV,SOUTHWEST AIRLINES CO,-0.769159
2021-11-01,80069,ARWR,ARROWHEAD PHARMACEUTICALS INC,-0.770464
2021-11-01,91926,DAL,DELTA AIR LINES INC,-0.810338
2021-11-01,19561,BA,BOEING CO,-0.812629
2021-11-01,17367,LPRO,OPEN LENDING CORP,-0.829369
2021-11-01,14988,LBRDK,LIBERTY BROADBAND CORP,-0.843802
2021-11-01,90178,ALNY,ALNYLAM PHARMACEUTICALS INC,-0.845045
2021-11-01,85002,SRPT,SAREPTA THERAPEUTICS INC,-0.855607
2021-11-01,17701,SMAR,SMARTSHEET INC,-0.867222
2021-11-01,16678,KR,KROGER CO,-0.869368
2021-11-01,14273,CHGG,CHEGG INC,-0.873824
2021-11-01,93423,SIX,SIX FLAGS ENTERTAINMENT CORP,-0.875338
2021-11-01,32870,HRL,HORMEL FOODS CORP,-0.881254
2021-11-01,82670,TGTX,T G THERAPEUTICS INC,-0.89214
2021-11-01,17987,VRT,VERTIV HOLDINGS CO,-0.911542
2021-11-01,88421,ARNA,ARENA PHARMACEUTICALS INC,-0.927624
2021-11-01,18135,GH,GUARDANT HEALTH INC,-0.934208
2021-11-01,91594,SPR,SPIRIT AEROSYSTEMS HOLDINGS INC,-0.934337
2021-11-01,14472,VRNS,VARONIS SYSTEMS INC,-0.938057
2021-11-01,14325,TNDM,TANDEM DIABETES CARE INC,-0.941258
2021-11-01,14329,ARMK,ARAMARK,-0.944177
2021-11-01,13704,NEO,NEOGENOMICS INC,-0.946044
2021-11-01,17688,GSHD,GOOSEHEAD INSURANCE INC,-0.947497
2021-11-01,17342,DBX,DROPBOX INC,-0.961458
2021-11-01,89031,AXON,AXON ENTERPRISE INC,-0.967307
2021-11-01,91103,UAL,UNITED AIRLINES HOLDINGS INC,-0.969902
2021-11-01,91152,TDG,TRANSDIGM GROUP INC,-0.972944
2021-11-01,15627,PLNT,PLANET FITNESS INC,-0.978406
2021-11-01,40272,IFF,INTERNATIONAL FLAVORS & FRAG INC,-0.978983
2021-11-01,14159,MNDT,MANDIANT INC,-0.979738
2021-11-01,15222,IOVA,IOVANCE BIOTHERAPEUTICS INC,-0.98577
2021-11-01,14596,FIVN,FIVE 9 INC,-0.986271
2021-11-01,88863,EXAS,EXACT SCIENCES CORP,-0.997553
2021-11-01,91237,VG,VONAGE HOLDINGS CORP,-0.999963
2021-11-01,12360,PACB,PACIFIC BIOSCIENCES CALIF INC,-1.0
2021-11-01,12591,APO,APOLLO GLOBAL MANAGEMENT INC,-1.0
2021-11-01,13181,GWRE,GUIDEWIRE SOFTWARE INC,-1.0
2021-11-01,13379,SPLK,SPLUNK INC,-1.0
2021-11-01,13511,PANW,PALO ALTO NETWORKS INC,-1.0
2021-11-01,13688,PCG,P G & E CORP,-1.0
2021-11-01,13739,BFAM,BRIGHT HORIZONS FAM SOL INC NEW,-1.0
2021-11-01,13962,NSTG,NANOSTRING TECHNOLOGIES INC,-1.0
2021-11-01,13967,PTCT,P T C THERAPEUTICS INC,-1.0
2021-11-01,14054,MRTX,MIRATI THERAPEUTICS INC,-1.0
2021-11-01,14136,RNG,RINGCENTRAL INC,-1.0
2021-11-01,14176,XLRN,ACCELERON PHARMA INC,-1.0
2021-11-01,14179,AR,ANTERO RESOURCES CORP,-1.0
2021-11-01,14338,HLT,HILTON WORLDWIDE HOLDINGS INC,-1.0
2021-11-01,14432,ITCI,INTRA CELLULAR THERAPIES INC,-1.0
2021-11-01,14436,RARE,ULTRAGENYX PHARMACEUTICALS INC,-1.0
2021-11-01,14811,FWONK,LIBERTY MEDIA CORP 3RD NEW,-1.0
2021-11-01,14882,CZR,CAESARS ENTERTAINMENT INC DE,-1.0
2021-11-01,15067,FRPT,FRESHPET INC,-1.0
2021-11-01,15108,NEWR,NEW RELIC INC,-1.0
2021-11-01,15145,BOX,BOX INC,-1.0
2021-11-01,15272,SEDG,SOLAREDGE TECHNOLOGIES INC,-1.0
2021-11-01,15284,BPMC,BLUEPRINT MEDICINES CORP,-1.0
2021-11-01,15351,FTAI,FORTRESS TRANS AND INFR INV LLC,-1.0
2021-11-01,15506,CYRX,CRYOPORT INC,-1.0
2021-11-01,15534,NTRA,NATERA INC,-1.0
2021-11-01,15541,RPD,RAPID7 INC,-1.0
2021-11-01,15638,GBT,GLOBAL BLOOD THERAPEUTICS INC,-1.0
2021-11-01,15649,MSGS,MADISON SQUARE GARD SPORTS CORP,-1.0
2021-11-01,15694,PEN,PENUMBRA INC,-1.0
2021-11-01,15729,PSTG,PURE STORAGE INC,-1.0
2021-11-01,16064,NTLA,INTELLIA THERAPEUTICS INC,-1.0
2021-11-01,16140,TWLO,TWILIO INC,-1.0
2021-11-01,16381,BL,BLACKLINE INC,-1.0
2021-11-01,16649,OKTA,OKTA INC,-1.0
2021-11-01,16966,SWCH,SWITCH INC,-1.0
2021-11-01,16968,MDB,MONGODB INC,-1.0
2021-11-01,17036,CNNE,CANNAE HOLDINGS INC,-1.0
2021-11-01,17037,SAIL,SAILPOINT TECHNOLOGIES HLDGS INC,-1.0
2021-11-01,17104,APLS,APELLIS PHARMACEUTICALS INC,-1.0
2021-11-01,17341,ZS,ZSCALER INC,-1.0
2021-11-01,17700,CDAY,CERIDIAN H C M HOLDING INC,-1.0
2021-11-01,17948,ALLK,ALLAKOS INC,-1.0
2021-11-01,18100,ARVN,ARVINAS INC,-1.0
2021-11-01,18134,UPWK,UPWORK INC,-1.0
2021-11-01,18203,KOD,KODIAK SCIENCES INC,-1.0
2021-11-01,21792,CNP,CENTERPOINT ENERGY INC,-1.0
2021-11-01,24328,EQT,E Q T CORP,-1.0
2021-11-01,76661,IONS,IONIS PHARMACEUTICALS INC,-1.0
2021-11-01,80539,NKTR,NEKTAR THERAPEUTICS,-1.0
2021-11-01,82634,SAM,BOSTON BEER INC,-1.0
2021-11-01,87075,ZD,ZIFF DAVIS INC,-1.0
2021-11-01,88351,INSM,INSMED INC,-1.0
2021-11-01,88853,FLR,FLUOR CORP NEW,-1.0
2021-11-01,90011,MGLN,MAGELLAN HEALTH INC,-1.0
2021-11-01,90444,ORA,ORMAT TECHNOLOGIES INC,-1.0
2021-11-01,90808,EXPE,EXPEDIA GROUP INC,-1.0
2021-11-01,91041,LYV,LIVE NATION ENTERTAINMENT INC,-1.0
2021-11-01,91579,KBR,K B R INC,-1.0
2021-11-01,93098,H,HYATT HOTELS CORP,-1.0
2021-11-01,93263,CELH,CELSIUS HOLDINGS INC,-1.0
2021-12-01,10107,MSFT,MICROSOFT CORP,1.0
2021-12-01,13610,OLN,OLIN CORP,1.0
2021-12-01,13748,TPH,TRI POINTE HOMES INC,1.0
2021-12-01,13766,BCC,BOISE CASCADE CO,1.0
2021-12-01,13788,ZTS,ZOETIS INC,1.0
2021-12-01,14414,SC,SANTANDER CONSUMER USA HLDGS INC,1.0
2021-12-01,14521,TNET,TRINET GROUP INC,1.0
2021-12-01,14574,MC,MOELIS & CO,1.0
2021-12-01,14593,AAPL,APPLE INC,1.0
2021-12-01,14702,AMAT,APPLIED MATERIALS INC,1.0
2021-12-01,15579,TXN,TEXAS INSTRUMENTS INC,1.0
2021-12-01,15623,HLI,HOULIHAN LOKEY INC,1.0
2021-12-01,16119,ATKR,ATKORE INC,1.0
2021-12-01,17126,NMRK,NEWMARK GROUP INC,1.0
2021-12-01,17672,EAF,GRAFTECH INTERNATIONAL LTD NEW,1.0
2021-12-01,18163,PG,PROCTER & GAMBLE CO,1.0
2021-12-01,20204,CR,CRANE CO,1.0
2021-12-01,20482,ABT,ABBOTT LABORATORIES,1.0
2021-12-01,21936,PFE,PFIZER INC,1.0
2021-12-01,25487,CAR,AVIS BUDGET GROUP INC,1.0
2021-12-01,37568,FELE,FRANKLIN ELECTRIC INC,1.0
2021-12-01,44943,DIOD,DIODES INC,1.0
2021-12-01,46886,KLAC,K L A CORP,1.0
2021-12-01,49429,DDS,DILLARDS INC,1.0
2021-12-01,50948,SMTC,SEMTECH CORP,1.0
2021-12-01,53613,MU,MICRON TECHNOLOGY INC,1.0
2021-12-01,56223,LPX,LOUISIANA PACIFIC CORP,1.0
2021-12-01,57809,NDSN,NORDSON CORP,1.0
2021-12-01,61313,DCI,DONALDSON INC,1.0
2021-12-01,68196,SEIC,S E I INVESTMENTS CO,1.0
2021-12-01,75510,ADBE,ADOBE INC,1.0
2021-12-01,76095,HOLX,HOLOGIC INC,1.0
2021-12-01,76795,ZBRA,ZEBRA TECHNOLOGIES CORP,1.0
2021-12-01,80864,RS,RELIANCE STEEL & ALUMINUM CO,1.0
2021-12-01,84373,DGX,QUEST DIAGNOSTICS INC,1.0
2021-12-01,85427,GPI,GROUP 1 AUTOMOTIVE INC,1.0
2021-12-01,85621,MTD,METTLER TOLEDO INTERNATIONAL INC,1.0
2021-12-01,86158,CTSH,COGNIZANT TECHNOLOGY SOLS CORP,1.0
2021-12-01,88417,ACLS,AXCELIS TECHNOLOGIES INC,1.0
2021-12-01,88504,BRKR,BRUKER CORP,1.0
2021-12-01,88661,TPR,TAPESTRY INC,1.0
2021-12-01,89866,LKQ,L K Q CORP,1.0
2021-12-01,90312,WLK,WESTLAKE CHEMICAL CORP,1.0
2021-12-01,90319,GOOGL,ALPHABET INC,1.0
2021-12-01,90520,CE,CELANESE CORP DEL,1.0
2021-12-01,91413,EVR,EVERCORE INC,1.0
2021-12-01,93002,AVGO,BROADCOM INC,1.0
2021-12-01,93374,FAF,FIRST AMERICAN FINL CORP NEW,1.0
2021-12-01,62092,TMO,THERMO FISHER SCIENTIFIC INC,0.999577
2021-12-01,49680,DHR,DANAHER CORP,0.992793
2021-12-01,39490,APA,A P A CORP,0.983168
2021-12-01,86228,RSG,REPUBLIC SERVICES INC,0.982571
2021-12-01,62498,WST,WEST PHARMACEUTICAL SERVICES INC,0.980474
2021-12-01,48725,UNP,UNION PACIFIC CORP,0.976095
2021-12-01,86778,MKSI,M K S INSTRUMENTS INC,0.975286
2021-12-01,46674,GPC,GENUINE PARTS CO,0.974252
2021-12-01,38659,GNTX,GENTEX CORP,0.97283
2021-12-01,25953,DOV,DOVER CORP,0.971844
2021-12-01,64194,CHE,CHEMED CORP NEW,0.965895
2021-12-01,92655,UNH,UNITEDHEALTH GROUP INC,0.964666
2021-12-01,12981,FBHS,FORTUNE BRANDS HOME & SECUR INC,0.964654
2021-12-01,22111,JNJ,JOHNSON & JOHNSON,0.963641
2021-12-01,62148,CSX,C S X CORP,0.960719
2021-12-01,84042,PAG,PENSKE AUTOMOTIVE GROUP INC,0.94322
2021-12-01,86594,KFY,KORN FERRY,0.942062
2021-12-01,85863,COLM,COLUMBIA SPORTSWEAR CO,0.941507
2021-12-01,75825,EOG,EOG RESOURCES INC,0.940903
2021-12-01,12062,LH,LABORATORY CORP AMERICA HLDGS,0.940394
2021-12-01,91575,HRI,HERC HOLDINGS INC,0.936289
2021-12-01,76076,CSCO,CISCO SYSTEMS INC,0.935408
2021-12-01,13837,EVTC,EVERTEC INC,0.919355
2021-12-01,82800,SCCO,SOUTHERN COPPER CORP,0.918227
2021-12-01,76709,IDXX,I D E X X LABORATORIES INC,0.912782
2021-12-01,22103,EMR,EMERSON ELECTRIC CO,0.910236
2021-12-01,11809,CLH,CLEAN HARBORS INC,0.901324
2021-12-01,12622,HCA,H C A HEALTHCARE INC,0.893294
2021-12-01,82651,WAT,WATERS CORP,0.892542
2021-12-01,16554,JELD,JELD WEN HOLDING INC,0.88394
2021-12-01,92402,MSCI,M S C I INC,0.880466
2021-12-01,13802,APAM,ARTISAN PARTNERS ASSET MGMT INC,0.879164
2021-12-01,93330,PRI,PRIMERICA INC,0.877236
2021-12-01,91531,OC,OWENS CORNING NEW,0.871326
2021-12-01,85035,QRVO,QORVO INC,0.869183
2021-12-01,13901,MO,ALTRIA GROUP INC,0.863965
2021-12-01,87432,A,AGILENT TECHNOLOGIES INC,0.860968
2021-12-01,85992,MANH,MANHATTAN ASSOCIATES INC,0.860152
2021-12-01,91500,EXLS,EXLSERVICE HOLDINGS INC,0.857809
2021-12-01,73139,SYK,STRYKER CORP,0.855856
2021-12-01,13407,FB,META PLATFORMS INC,0.855135
2021-12-01,15397,BLD,TOPBUILD CORP,0.852466
2021-12-01,11600,XRAY,DENTSPLY SIRONA INC,0.851905
2021-12-01,77496,MHK,MOHAWK INDUSTRIES INC,0.848755
2021-12-01,92602,PM,PHILIP MORRIS INTERNATIONAL INC,0.844864
2021-12-01,90550,DLB,DOLBY LABORATORIES INC,0.828035
2021-12-01,22752,MRK,MERCK & CO INC NEW,0.814692
2021-12-01,13543,GMED,GLOBUS MEDICAL INC,0.811411
2021-12-01,93035,SEM,SELECT MEDICAL HOLDINGS CORP,0.811221
2021-12-01,78664,DDD,3 D SYSTEMS CORP DEL,0.808905
2021-12-01,86047,AMKR,AMKOR TECHNOLOGY INC,0.785864
2021-12-01,77520,AGCO,A G C O CORP,0.77814
2021-12-01,89968,PIPR,PIPER SANDLER COMPANIES,0.703936
2021-12-01,21371,CAH,CARDINAL HEALTH INC,0.628995
2021-12-01,79103,ORLY,O REILLY AUTOMOTIVE INC NEW,0.617692
2021-12-01,14716,CCS,CENTURY COMMUNITIES INC,0.593728
2021-12-01,14008,AMGN,AMGEN INC,0.564966
2021-12-01,16290,FLGT,FULGENT GENETICS INC,0.53292
2021-12-01,82547,AEIS,ADVANCED ENERGY INDUSTRIES INC,0.387245
2021-12-01,11533,FICO,FAIR ISAAC CORP,0.157838
2021-12-01,11343,SAFM,SANDERSON FARMS INC,0.148438
2021-12-01,76573,MLI,MUELLER INDUSTRIES INC,0.147898
2021-12-01,64311,NSC,NORFOLK SOUTHERN CORP,0.141586
2021-12-01,83976,ANF,ABERCROMBIE & FITCH CO,0.13577
2021-12-01,10397,WERN,WERNER ENTERPRISES INC,0.09426
2021-12-01,80795,AMED,AMEDISYS INC,0.055372
2021-12-01,89753,FORM,FORMFACTOR INC,0.03683
2021-12-01,14406,ESI,ELEMENT SOLUTIONS INC,0.025657
2021-12-01,11691,MATX,MATSON INC,0.019401
2021-12-01,13168,TRIP,TRIPADVISOR INC,-0.00526
2021-12-01,14580,MGNI,MAGNITE INC,-0.051518
2021-12-01,90248,DPZ,DOMINOS PIZZA INC,-0.245157
2021-12-01,14797,CDNA,CAREDX INC,-0.270523
2021-12-01,85738,MRCY,MERCURY SYSTEMS INC,-0.273532
2021-12-01,87337,PLUG,PLUG POWER INC,-0.284063
2021-12-01,17855,AVLR,AVALARA INC,-0.343216
2021-12-01,14273,CHGG,CHEGG INC,-0.409383
2021-12-01,82670,TGTX,T G THERAPEUTICS INC,-0.434314
2021-12-01,13262,CCXI,CHEMOCENTRYX INC,-0.496829
2021-12-01,92648,CFX,COLFAX CORP,-0.513929
2021-12-01,13169,ZNGA,ZYNGA INC,-0.556149
2021-12-01,90505,LVS,LAS VEGAS SANDS CORP,-0.568863
2021-12-01,17367,LPRO,OPEN LENDING CORP,-0.611465
2021-12-01,16595,SNAP,SNAP INC,-0.625458
2021-12-01,89353,JBLU,JETBLUE AIRWAYS CORP,-0.658996
2021-12-01,91659,ALGT,ALLEGIANT TRAVEL CO,-0.686691
2021-12-01,87430,KTOS,KRATOS DEFENSE & SECUR SOLS INC,-0.691677
2021-12-01,14641,ZEN,ZENDESK INC,-0.698515
2021-12-01,93263,CELH,CELSIUS HOLDINGS INC,-0.708721
2021-12-01,58683,LUV,SOUTHWEST AIRLINES CO,-0.722272
2021-12-01,14054,MRTX,MIRATI THERAPEUTICS INC,-0.72353
2021-12-01,13379,SPLK,SPLUNK INC,-0.73409
2021-12-01,91926,DAL,DELTA AIR LINES INC,-0.749625
2021-12-01,14472,VRNS,VARONIS SYSTEMS INC,-0.750665
2021-12-01,17342,DBX,DROPBOX INC,-0.775998
2021-12-01,19561,BA,BOEING CO,-0.77656
2021-12-01,17948,ALLK,ALLAKOS INC,-0.778938
2021-12-01,18134,UPWK,UPWORK INC,-0.790703
2021-12-01,15452,EVH,EVOLENT HEALTH INC,-0.801297
2021-12-01,14988,LBRDK,LIBERTY BROADBAND CORP,-0.804289
2021-12-01,15506,CYRX,CRYOPORT INC,-0.814771
2021-12-01,14882,CZR,CAESARS ENTERTAINMENT INC DE,-0.822814
2021-12-01,76661,IONS,IONIS PHARMACEUTICALS INC,-0.831459
2021-12-01,80069,ARWR,ARROWHEAD PHARMACEUTICALS INC,-0.845641
2021-12-01,91594,SPR,SPIRIT AEROSYSTEMS HOLDINGS INC,-0.85668
2021-12-01,32870,HRL,HORMEL FOODS CORP,-0.862058
2021-12-01,17688,GSHD,GOOSEHEAD INSURANCE INC,-0.862226
2021-12-01,17036,CNNE,CANNAE HOLDINGS INC,-0.867111
2021-12-01,14329,ARMK,ARAMARK,-0.867185
2021-12-01,16381,BL,BLACKLINE INC,-0.867379
2021-12-01,15351,FTAI,FORTRESS TRANS AND INFR INV LLC,-0.870144
2021-12-01,18100,ARVN,ARVINAS INC,-0.873252
2021-12-01,85002,SRPT,SAREPTA THERAPEUTICS INC,-0.873735
2021-12-01,88421,ARNA,ARENA PHARMACEUTICALS INC,-0.880708
2021-12-01,14179,AR,ANTERO RESOURCES CORP,-0.8837
2021-12-01,14325,TNDM,TANDEM DIABETES CARE INC,-0.887294
2021-12-01,87075,ZD,ZIFF DAVIS INC,-0.887693
2021-12-01,15694,PEN,PENUMBRA INC,-0.888222
2021-12-01,91103,UAL,UNITED AIRLINES HOLDINGS INC,-0.888298
2021-12-01,88863,EXAS,EXACT SCIENCES CORP,-0.894317
2021-12-01,91152,TDG,TRANSDIGM GROUP INC,-0.901515
2021-12-01,15145,BOX,BOX INC,-0.906266
2021-12-01,16678,KR,KROGER CO,-0.906597
2021-12-01,89031,AXON,AXON ENTERPRISE INC,-0.907224
2021-12-01,15649,MSGS,MADISON SQUARE GARD SPORTS CORP,-0.908984
2021-12-01,17987,VRT,VERTIV HOLDINGS CO,-0.910437
2021-12-01,15272,SEDG,SOLAREDGE TECHNOLOGIES INC,-0.924057
2021-12-01,93098,H,HYATT HOTELS CORP,-0.924486
2021-12-01,14338,HLT,HILTON WORLDWIDE HOLDINGS INC,-0.938268
2021-12-01,40272,IFF,INTERNATIONAL FLAVORS & FRAG INC,-0.943884
2021-12-01,90808,EXPE,EXPEDIA GROUP INC,-0.979763
2021-12-01,16140,TWLO,TWILIO INC,-0.982074
2021-12-01,90011,MGLN,MAGELLAN HEALTH INC,-0.999534
2021-12-01,10158,AMRC,AMERESCO INC,-1.0
2021-12-01,12360,PACB,PACIFIC BIOSCIENCES CALIF INC,-1.0
2021-12-01,12591,APO,APOLLO GLOBAL MANAGEMENT INC,-1.0
2021-12-01,13181,GWRE,GUIDEWIRE SOFTWARE INC,-1.0
2021-12-01,13511,PANW,PALO ALTO NETWORKS INC,-1.0
2021-12-01,13688,PCG,P G & E CORP,-1.0
2021-12-01,13704,NEO,NEOGENOMICS INC,-1.0
2021-12-01,13967,PTCT,P T C THERAPEUTICS INC,-1.0
2021-12-01,14136,RNG,RINGCENTRAL INC,-1.0
2021-12-01,14159,MNDT,MANDIANT INC,-1.0
2021-12-01,14176,,,-1.0
2021-12-01,14432,ITCI,INTRA CELLULAR THERAPIES INC,-1.0
2021-12-01,14436,RARE,ULTRAGENYX PHARMACEUTICALS INC,-1.0
2021-12-01,14516,QTWO,Q 2 HOLDINGS INC,-1.0
2021-12-01,14596,FIVN,FIVE 9 INC,-1.0
2021-12-01,14782,TRUP,TRUPANION INC,-1.0
2021-12-01,14811,FWONK,LIBERTY MEDIA CORP 3RD NEW,-1.0
2021-12-01,15067,FRPT,FRESHPET INC,-1.0
2021-12-01,15108,NEWR,NEW RELIC INC,-1.0
2021-12-01,15284,BPMC,BLUEPRINT MEDICINES CORP,-1.0
2021-12-01,15534,NTRA,NATERA INC,-1.0
2021-12-01,15541,RPD,RAPID7 INC,-1.0
2021-12-01,15627,PLNT,PLANET FITNESS INC,-1.0
2021-12-01,15729,PSTG,PURE STORAGE INC,-1.0
2021-12-01,16064,NTLA,INTELLIA THERAPEUTICS INC,-1.0
2021-12-01,16382,COUP,COUPA SOFTWARE INC,-1.0
2021-12-01,16597,AYX,ALTERYX INC,-1.0
2021-12-01,16649,OKTA,OKTA INC,-1.0
2021-12-01,16736,VST,VISTRA CORP,-1.0
2021-12-01,16966,SWCH,SWITCH INC,-1.0
2021-12-01,16968,MDB,MONGODB INC,-1.0
2021-12-01,17037,SAIL,SAILPOINT TECHNOLOGIES HLDGS INC,-1.0
2021-12-01,17104,APLS,APELLIS PHARMACEUTICALS INC,-1.0
2021-12-01,17341,ZS,ZSCALER INC,-1.0
2021-12-01,17700,CDAY,CERIDIAN H C M HOLDING INC,-1.0
2021-12-01,17701,SMAR,SMARTSHEET INC,-1.0
2021-12-01,17949,BE,BLOOM ENERGY CORP,-1.0
2021-12-01,18135,GH,GUARDANT HEALTH INC,-1.0
2021-12-01,18203,KOD,KODIAK SCIENCES INC,-1.0
2021-12-01,18214,TWST,TWIST BIOSCIENCE CORP,-1.0
2021-12-01,21792,CNP,CENTERPOINT ENERGY INC,-1.0
2021-12-01,24328,EQT,E Q T CORP,-1.0
2021-12-01,80539,NKTR,NEKTAR THERAPEUTICS,-1.0
2021-12-01,82634,SAM,BOSTON BEER INC,-1.0
2021-12-01,88351,INSM,INSMED INC,-1.0
2021-12-01,88853,FLR,FLUOR CORP NEW,-1.0
2021-12-01,89301,GME,GAMESTOP CORP NEW,-1.0
2021-12-01,90178,ALNY,ALNYLAM PHARMACEUTICALS INC,-1.0
2021-12-01,90444,ORA,ORMAT TECHNOLOGIES INC,-1.0
2021-12-01,91041,LYV,LIVE NATION ENTERTAINMENT INC,-1.0
2021-12-01,91237,VG,VONAGE HOLDINGS CORP,-1.0
2021-12-01,91579,KBR,K B R INC,-1.0
2021-12-01,92040,FOLD,AMICUS THERAPEUTICS INC,-1.0
2022-01-01,10107,MSFT,MICROSOFT CORP,1.0
2022-01-01,11600,XRAY,DENTSPLY SIRONA INC,1.0
2022-01-01,12062,LH,LABORATORY CORP AMERICA HLDGS,1.0
2022-01-01,12622,HCA,H C A HEALTHCARE INC,1.0
2022-01-01,13610,OLN,OLIN CORP,1.0
2022-01-01,13748,TPH,TRI POINTE HOMES INC,1.0
2022-01-01,13766,BCC,BOISE CASCADE CO,1.0
2022-01-01,13788,ZTS,ZOETIS INC,1.0
2022-01-01,13837,EVTC,EVERTEC INC,1.0
2022-01-01,14574,MC,MOELIS & CO,1.0
2022-01-01,14593,AAPL,APPLE INC,1.0
2022-01-01,14702,AMAT,APPLIED MATERIALS INC,1.0
2022-01-01,15623,HLI,HOULIHAN LOKEY INC,1.0
2022-01-01,16119,ATKR,ATKORE INC,1.0
2022-01-01,17126,NMRK,NEWMARK GROUP INC,1.0
2022-01-01,17672,EAF,GRAFTECH INTERNATIONAL LTD NEW,1.0
2022-01-01,18163,PG,PROCTER & GAMBLE CO,1.0
2022-01-01,20204,CR,CRANE CO,1.0
2022-01-01,20482,ABT,ABBOTT LABORATORIES,1.0
2022-01-01,21936,PFE,PFIZER INC,1.0
2022-01-01,22111,JNJ,JOHNSON & JOHNSON,1.0
2022-01-01,22752,MRK,MERCK & CO INC NEW,1.0
2022-01-01,25487,CAR,AVIS BUDGET GROUP INC,1.0
2022-01-01,25953,DOV,DOVER CORP,1.0
2022-01-01,37568,FELE,FRANKLIN ELECTRIC INC,1.0
2022-01-01,39490,APA,A P A CORP,1.0
2022-01-01,44943,DIOD,DIODES INC,1.0
2022-01-01,46674,GPC,GENUINE PARTS CO,1.0
2022-01-01,46886,KLAC,K L A CORP,1.0
2022-01-01,48725,UNP,UNION PACIFIC CORP,1.0
2022-01-01,49429,DDS,DILLARDS INC,1.0
2022-01-01,49680,DHR,DANAHER CORP,1.0
2022-01-01,50948,SMTC,SEMTECH CORP,1.0
2022-01-01,53613,MU,MICRON TECHNOLOGY INC,1.0
2022-01-01,56223,LPX,LOUISIANA PACIFIC CORP,1.0
2022-01-01,57809,NDSN,NORDSON CORP,1.0
2022-01-01,61313,DCI,DONALDSON INC,1.0
2022-01-01,62092,TMO,THERMO FISHER SCIENTIFIC INC,1.0
2022-01-01,62148,CSX,C S X CORP,1.0
2022-01-01,62498,WST,WEST PHARMACEUTICAL SERVICES INC,1.0
2022-01-01,64194,CHE,CHEMED CORP NEW,1.0
2022-01-01,68196,SEIC,S E I INVESTMENTS CO,1.0
2022-01-01,75825,EOG,EOG RESOURCES INC,1.0
2022-01-01,76076,CSCO,CISCO SYSTEMS INC,1.0
2022-01-01,76095,HOLX,HOLOGIC INC,1.0
2022-01-01,76573,MLI,MUELLER INDUSTRIES INC,1.0
2022-01-01,76795,ZBRA,ZEBRA TECHNOLOGIES CORP,1.0
2022-01-01,80864,RS,RELIANCE STEEL & ALUMINUM CO,1.0
2022-01-01,82651,WAT,WATERS CORP,1.0
2022-01-01,84042,PAG,PENSKE AUTOMOTIVE GROUP INC,1.0
2022-01-01,84373,DGX,QUEST DIAGNOSTICS INC,1.0
2022-01-01,85035,QRVO,QORVO INC,1.0
2022-01-01,85427,GPI,GROUP 1 AUTOMOTIVE INC,1.0
2022-01-01,85621,MTD,METTLER TOLEDO INTERNATIONAL INC,1.0
2022-01-01,85863,COLM,COLUMBIA SPORTSWEAR CO,1.0
2022-01-01,85992,MANH,MANHATTAN ASSOCIATES INC,1.0
2022-01-01,86158,CTSH,COGNIZANT TECHNOLOGY SOLS CORP,1.0
2022-01-01,86228,RSG,REPUBLIC SERVICES INC,1.0
2022-01-01,86594,KFY,KORN FERRY,1.0
2022-01-01,88417,ACLS,AXCELIS TECHNOLOGIES INC,1.0
2022-01-01,88504,BRKR,BRUKER CORP,1.0
2022-01-01,88661,TPR,TAPESTRY INC,1.0
2022-01-01,89179,ANTM,ANTHEM INC,1.0
2022-01-01,89866,LKQ,L K Q CORP,1.0
2022-01-01,89968,PIPR,PIPER SANDLER COMPANIES,1.0
2022-01-01,90312,WLK,WESTLAKE CHEMICAL CORP,1.0
2022-01-01,90319,GOOGL,ALPHABET INC,1.0
2022-01-01,90520,CE,CELANESE CORP DEL,1.0
2022-01-01,90550,DLB,DOLBY LABORATORIES INC,1.0
2022-01-01,90925,FNF,FIDELITY NATIONAL FINL INC NEW,1.0
2022-01-01,91413,EVR,EVERCORE INC,1.0
2022-01-01,92602,PM,PHILIP MORRIS INTERNATIONAL INC,1.0
2022-01-01,92655,UNH,UNITEDHEALTH GROUP INC,1.0
2022-01-01,93002,AVGO,BROADCOM INC,1.0
2022-01-01,93374,FAF,FIRST AMERICAN FINL CORP NEW,1.0
2022-01-01,76709,IDXX,I D E X X LABORATORIES INC,0.988362
2022-01-01,38659,GNTX,GENTEX CORP,0.984632
2022-01-01,15579,TXN,TEXAS INSTRUMENTS INC,0.97966
2022-01-01,13901,MO,ALTRIA GROUP INC,0.978585
2022-01-01,82800,SCCO,SOUTHERN COPPER CORP,0.96855
2022-01-01,22103,EMR,EMERSON ELECTRIC CO,0.963335
2022-01-01,16554,JELD,JELD WEN HOLDING INC,0.961586
2022-01-01,91500,EXLS,EXLSERVICE HOLDINGS INC,0.956168
2022-01-01,14521,TNET,TRINET GROUP INC,0.949684
2022-01-01,13802,APAM,ARTISAN PARTNERS ASSET MGMT INC,0.936301
2022-01-01,91531,OC,OWENS CORNING NEW,0.929398
2022-01-01,77496,MHK,MOHAWK INDUSTRIES INC,0.92105
2022-01-01,93330,PRI,PRIMERICA INC,0.913661
2022-01-01,87432,A,AGILENT TECHNOLOGIES INC,0.910833
2022-01-01,86047,AMKR,AMKOR TECHNOLOGY INC,0.90551
2022-01-01,93035,SEM,SELECT MEDICAL HOLDINGS CORP,0.88821
2022-01-01,11809,CLH,CLEAN HARBORS INC,0.886425
2022-01-01,13407,FB,META PLATFORMS INC,0.886415
2022-01-01,91575,HRI,HERC HOLDINGS INC,0.859873
2022-01-01,92402,MSCI,M S C I INC,0.856964
2022-01-01,75510,ADBE,ADOBE INC,0.846481
2022-01-01,78664,DDD,3 D SYSTEMS CORP DEL,0.764819
2022-01-01,21371,CAH,CARDINAL HEALTH INC,0.707197
2022-01-01,79103,ORLY,O REILLY AUTOMOTIVE INC NEW,0.683538
2022-01-01,13543,GMED,GLOBUS MEDICAL INC,0.663642
2022-01-01,14008,AMGN,AMGEN INC,0.639043
2022-01-01,77462,M,MACYS INC,0.609571
2022-01-01,16290,FLGT,FULGENT GENETICS INC,0.573172
2022-01-01,92611,V,VISA INC,0.555985
2022-01-01,64311,NSC,NORFOLK SOUTHERN CORP,0.158891
2022-01-01,11343,SAFM,SANDERSON FARMS INC,0.151036
2022-01-01,11691,MATX,MATSON INC,0.021422
2022-01-01,13168,TRIP,TRIPADVISOR INC,-0.005544
2022-01-01,14580,MGNI,MAGNITE INC,-0.051134
2022-01-01,10777,FCNCA,FIRST CITIZENS BANCSHARES INC NC,-0.115498
2022-01-01,90248,DPZ,DOMINOS PIZZA INC,-0.264413
2022-01-01,14797,CDNA,CAREDX INC,-0.285178
2022-01-01,83779,PEGA,PEGASYSTEMS INC,-0.428496
2022-01-01,13262,CCXI,CHEMOCENTRYX INC,-0.498575
2022-01-01,92050,PODD,INSULET CORP,-0.555255
2022-01-01,13169,ZNGA,ZYNGA INC,-0.590237
2022-01-01,17367,LPRO,OPEN LENDING CORP,-0.591428
2022-01-01,90505,LVS,LAS VEGAS SANDS CORP,-0.601085
2022-01-01,16595,SNAP,SNAP INC,-0.617796
2022-01-01,58683,LUV,SOUTHWEST AIRLINES CO,-0.668542
2022-01-01,87430,KTOS,KRATOS DEFENSE & SECUR SOLS INC,-0.680752
2022-01-01,13379,SPLK,SPLUNK INC,-0.702008
2022-01-01,14472,VRNS,VARONIS SYSTEMS INC,-0.706714
2022-01-01,14641,ZEN,ZENDESK INC,-0.713382
2022-01-01,15506,CYRX,CRYOPORT INC,-0.725563
2022-01-01,17342,DBX,DROPBOX INC,-0.773739
2022-01-01,14054,MRTX,MIRATI THERAPEUTICS INC,-0.77596
2022-01-01,19561,BA,BOEING CO,-0.790128
2022-01-01,80069,ARWR,ARROWHEAD PHARMACEUTICALS INC,-0.800315
2022-01-01,16382,COUP,COUPA SOFTWARE INC,-0.803604
2022-01-01,91926,DAL,DELTA AIR LINES INC,-0.809213
2022-01-01,14988,LBRDK,LIBERTY BROADBAND CORP,-0.836698
2022-01-01,15452,EVH,EVOLENT HEALTH INC,-0.852711
2022-01-01,14882,CZR,CAESARS ENTERTAINMENT INC DE,-0.854367
2022-01-01,87075,ZD,ZIFF DAVIS INC,-0.864168
2022-01-01,15145,BOX,BOX INC,-0.870532
2022-01-01,14179,AR,ANTERO RESOURCES CORP,-0.880621
2022-01-01,17987,VRT,VERTIV HOLDINGS CO,-0.886585
2022-01-01,16140,TWLO,TWILIO INC,-0.903724
2022-01-01,15649,MSGS,MADISON SQUARE GARD SPORTS CORP,-0.916627
2022-01-01,91103,UAL,UNITED AIRLINES HOLDINGS INC,-0.920189
2022-01-01,17341,ZS,ZSCALER INC,-0.926036
2022-01-01,18100,ARVN,ARVINAS INC,-0.948611
2022-01-01,76661,IONS,IONIS PHARMACEUTICALS INC,-0.95471
2022-01-01,14329,ARMK,ARAMARK,-0.956701
2022-01-01,40272,IFF,INTERNATIONAL FLAVORS & FRAG INC,-0.96855
2022-01-01,85002,SRPT,SAREPTA THERAPEUTICS INC,-0.973581
2022-01-01,91594,SPR,SPIRIT AEROSYSTEMS HOLDINGS INC,-0.975205
2022-01-01,13181,GWRE,GUIDEWIRE SOFTWARE INC,-0.97578
2022-01-01,16678,KR,KROGER CO,-0.987962
2022-01-01,15108,NEWR,NEW RELIC INC,-0.992083
2022-01-01,10158,AMRC,AMERESCO INC,-1.0
2022-01-01,12360,PACB,PACIFIC BIOSCIENCES CALIF INC,-1.0
2022-01-01,12591,APO,APOLLO GLOBAL MANAGEMENT INC,-1.0
2022-01-01,13511,PANW,PALO ALTO NETWORKS INC,-1.0
2022-01-01,13688,PCG,P G & E CORP,-1.0
2022-01-01,13704,NEO,NEOGENOMICS INC,-1.0
2022-01-01,13967,PTCT,P T C THERAPEUTICS INC,-1.0
2022-01-01,14136,RNG,RINGCENTRAL INC,-1.0
2022-01-01,14159,MNDT,MANDIANT INC,-1.0
2022-01-01,14325,TNDM,TANDEM DIABETES CARE INC,-1.0
2022-01-01,14338,HLT,HILTON WORLDWIDE HOLDINGS INC,-1.0
2022-01-01,14432,ITCI,INTRA CELLULAR THERAPIES INC,-1.0
2022-01-01,14436,RARE,ULTRAGENYX PHARMACEUTICALS INC,-1.0
2022-01-01,14516,QTWO,Q 2 HOLDINGS INC,-1.0
2022-01-01,14596,FIVN,FIVE 9 INC,-1.0
2022-01-01,14782,TRUP,TRUPANION INC,-1.0
2022-01-01,14811,FWONK,LIBERTY MEDIA CORP 3RD NEW,-1.0
2022-01-01,15067,FRPT,FRESHPET INC,-1.0
2022-01-01,15222,IOVA,IOVANCE BIOTHERAPEUTICS INC,-1.0
2022-01-01,15284,BPMC,BLUEPRINT MEDICINES CORP,-1.0
2022-01-01,15351,FTAI,FORTRESS TRANS AND INFR INV LLC,-1.0
2022-01-01,15534,NTRA,NATERA INC,-1.0
2022-01-01,15541,RPD,RAPID7 INC,-1.0
2022-01-01,15627,PLNT,PLANET FITNESS INC,-1.0
2022-01-01,15694,PEN,PENUMBRA INC,-1.0
2022-01-01,16064,NTLA,INTELLIA THERAPEUTICS INC,-1.0
2022-01-01,16343,YUMC,YUM CHINA HOLDINGS INC,-1.0
2022-01-01,16381,BL,BLACKLINE INC,-1.0
2022-01-01,16597,AYX,ALTERYX INC,-1.0
2022-01-01,16649,OKTA,OKTA INC,-1.0
2022-01-01,16736,VST,VISTRA CORP,-1.0
2022-01-01,16966,SWCH,SWITCH INC,-1.0
2022-01-01,16968,MDB,MONGODB INC,-1.0
2022-01-01,17036,CNNE,CANNAE HOLDINGS INC,-1.0
2022-01-01,17037,SAIL,SAILPOINT TECHNOLOGIES HLDGS INC,-1.0
2022-01-01,17104,APLS,APELLIS PHARMACEUTICALS INC,-1.0
2022-01-01,17688,GSHD,GOOSEHEAD INSURANCE INC,-1.0
2022-01-01,17700,CDAY,CERIDIAN H C M HOLDING INC,-1.0
2022-01-01,17701,SMAR,SMARTSHEET INC,-1.0
2022-01-01,17855,AVLR,AVALARA INC,-1.0
2022-01-01,17949,BE,BLOOM ENERGY CORP,-1.0
2022-01-01,18134,UPWK,UPWORK INC,-1.0
2022-01-01,18135,GH,GUARDANT HEALTH INC,-1.0
2022-01-01,18203,KOD,KODIAK SCIENCES INC,-1.0
2022-01-01,18214,TWST,TWIST BIOSCIENCE CORP,-1.0
2022-01-01,21792,CNP,CENTERPOINT ENERGY INC,-1.0
2022-01-01,24328,EQT,E Q T CORP,-1.0
2022-01-01,32870,HRL,HORMEL FOODS CORP,-1.0
2022-01-01,53859,MSEX,MIDDLESEX WATER CO,-1.0
2022-01-01,80539,NKTR,NEKTAR THERAPEUTICS,-1.0
2022-01-01,82634,SAM,BOSTON BEER INC,-1.0
2022-01-01,82686,CTXS,CITRIX SYSTEMS INC,-1.0
2022-01-01,85738,MRCY,MERCURY SYSTEMS INC,-1.0
2022-01-01,87337,PLUG,PLUG POWER INC,-1.0
2022-01-01,88351,INSM,INSMED INC,-1.0
2022-01-01,88421,ARNA,ARENA PHARMACEUTICALS INC,-1.0
2022-01-01,88853,FLR,FLUOR CORP NEW,-1.0
2022-01-01,88863,EXAS,EXACT SCIENCES CORP,-1.0
2022-01-01,90011,MGLN,MAGELLAN HEALTH INC,-1.0
2022-01-01,90178,ALNY,ALNYLAM PHARMACEUTICALS INC,-1.0
2022-01-01,90444,ORA,ORMAT TECHNOLOGIES INC,-1.0
2022-01-01,90808,EXPE,EXPEDIA GROUP INC,-1.0
2022-01-01,91041,LYV,LIVE NATION ENTERTAINMENT INC,-1.0
2022-01-01,91579,KBR,K B R INC,-1.0
2022-01-01,92040,FOLD,AMICUS THERAPEUTICS INC,-1.0
2022-01-01,92648,CFX,COLFAX CORP,-1.0
2022-01-01,93098,H,HYATT HOTELS CORP,-1.0
2022-01-01,93263,CELH,CELSIUS HOLDINGS INC,-1.0
2022-02-01,10107,MSFT,MICROSOFT CORP,1.0
2022-02-01,12062,LH,LABORATORY CORP AMERICA HLDGS,1.0
2022-02-01,13610,OLN,OLIN CORP,1.0
2022-02-01,13748,TPH,TRI POINTE HOMES INC,1.0
2022-02-01,13788,ZTS,ZOETIS INC,1.0
2022-02-01,13901,MO,ALTRIA GROUP INC,1.0
2022-02-01,13936,PVH,P V H CORP,1.0
2022-02-01,14541,CVX,CHEVRON CORP NEW,1.0
2022-02-01,15623,HLI,HOULIHAN LOKEY INC,1.0
2022-02-01,17672,EAF,GRAFTECH INTERNATIONAL LTD NEW,1.0
2022-02-01,17929,UGI,U G I CORP NEW,1.0
2022-02-01,20204,CR,CRANE CO,1.0
2022-02-01,20482,ABT,ABBOTT LABORATORIES,1.0
2022-02-01,21936,PFE,PFIZER INC,1.0
2022-02-01,22111,JNJ,JOHNSON & JOHNSON,1.0
2022-02-01,22752,MRK,MERCK & CO INC NEW,1.0
2022-02-01,22779,MSI,MOTOROLA SOLUTIONS INC,1.0
2022-02-01,25487,CAR,AVIS BUDGET GROUP INC,1.0
2022-02-01,39490,APA,A P A CORP,1.0
2022-02-01,44943,DIOD,DIODES INC,1.0
2022-02-01,49429,DDS,DILLARDS INC,1.0
2022-02-01,50948,SMTC,SEMTECH CORP,1.0
2022-02-01,53613,MU,MICRON TECHNOLOGY INC,1.0
2022-02-01,70228,TOL,TOLL BROTHERS INC,1.0
2022-02-01,75825,EOG,EOG RESOURCES INC,1.0
2022-02-01,76076,CSCO,CISCO SYSTEMS INC,1.0
2022-02-01,76095,HOLX,HOLOGIC INC,1.0
2022-02-01,76573,MLI,MUELLER INDUSTRIES INC,1.0
2022-02-01,76795,ZBRA,ZEBRA TECHNOLOGIES CORP,1.0
2022-02-01,80864,RS,RELIANCE STEEL & ALUMINUM CO,1.0
2022-02-01,82800,SCCO,SOUTHERN COPPER CORP,1.0
2022-02-01,85035,QRVO,QORVO INC,1.0
2022-02-01,85621,MTD,METTLER TOLEDO INTERNATIONAL INC,1.0
2022-02-01,85863,COLM,COLUMBIA SPORTSWEAR CO,1.0
2022-02-01,85992,MANH,MANHATTAN ASSOCIATES INC,1.0
2022-02-01,86047,AMKR,AMKOR TECHNOLOGY INC,1.0
2022-02-01,86158,CTSH,COGNIZANT TECHNOLOGY SOLS CORP,1.0
2022-02-01,87432,A,AGILENT TECHNOLOGIES INC,1.0
2022-02-01,88417,ACLS,AXCELIS TECHNOLOGIES INC,1.0
2022-02-01,88615,ITGR,INTEGER HOLDINGS CORP,1.0
2022-02-01,89866,LKQ,L K Q CORP,1.0
2022-02-01,89968,PIPR,PIPER SANDLER COMPANIES,1.0
2022-02-01,90312,WLK,WESTLAKE CHEMICAL CORP,1.0
2022-02-01,90319,GOOGL,ALPHABET INC,1.0
2022-02-01,90550,DLB,DOLBY LABORATORIES INC,1.0
2022-02-01,91413,EVR,EVERCORE INC,1.0
2022-02-01,91500,EXLS,EXLSERVICE HOLDINGS INC,1.0
2022-02-01,91516,AWI,ARMSTRONG WORLD INDS INC NEW,1.0
2022-02-01,92602,PM,PHILIP MORRIS INTERNATIONAL INC,1.0
2022-02-01,92655,UNH,UNITEDHEALTH GROUP INC,1.0
2022-02-01,93002,AVGO,BROADCOM INC,1.0
2022-02-01,18163,PG,PROCTER & GAMBLE CO,0.986088
2022-02-01,14593,AAPL,APPLE INC,0.984244
2022-02-01,48725,UNP,UNION PACIFIC CORP,0.970662
2022-02-01,16119,ATKR,ATKORE INC,0.969288
2022-02-01,90925,FNF,FIDELITY NATIONAL FINL INC NEW,0.964885
2022-02-01,68196,SEIC,S E I INVESTMENTS CO,0.961722
2022-02-01,11600,XRAY,DENTSPLY SIRONA INC,0.957475
2022-02-01,22103,EMR,EMERSON ELECTRIC CO,0.952723
2022-02-01,93374,FAF,FIRST AMERICAN FINL CORP NEW,0.952404
2022-02-01,89179,ANTM,ANTHEM INC,0.951309
2022-02-01,46674,GPC,GENUINE PARTS CO,0.950241
2022-02-01,84042,PAG,PENSKE AUTOMOTIVE GROUP INC,0.94782
2022-02-01,61313,DCI,DONALDSON INC,0.939207
2022-02-01,15579,TXN,TEXAS INSTRUMENTS INC,0.938991
2022-02-01,25953,DOV,DOVER CORP,0.935584
2022-02-01,88661,TPR,TAPESTRY INC,0.934685
2022-02-01,12622,HCA,H C A HEALTHCARE INC,0.934293
2022-02-01,90520,CE,CELANESE CORP DEL,0.92647
2022-02-01,14702,AMAT,APPLIED MATERIALS INC,0.921685
2022-02-01,93330,PRI,PRIMERICA INC,0.92
2022-02-01,37568,FELE,FRANKLIN ELECTRIC INC,0.917892
2022-02-01,86228,RSG,REPUBLIC SERVICES INC,0.91541
2022-02-01,91531,OC,OWENS CORNING NEW,0.914311
2022-02-01,57809,NDSN,NORDSON CORP,0.910913
2022-02-01,62148,CSX,C S X CORP,0.910062
2022-02-01,46886,KLAC,K L A CORP,0.905003
2022-02-01,14574,MC,MOELIS & CO,0.903331
2022-02-01,49680,DHR,DANAHER CORP,0.892542
2022-02-01,64194,CHE,CHEMED CORP NEW,0.886297
2022-02-01,91575,HRI,HERC HOLDINGS INC,0.881256
2022-02-01,86594,KFY,KORN FERRY,0.876491
2022-02-01,13837,EVTC,EVERTEC INC,0.873105
2022-02-01,62092,TMO,THERMO FISHER SCIENTIFIC INC,0.871157
2022-02-01,85427,GPI,GROUP 1 AUTOMOTIVE INC,0.869795
2022-02-01,82651,WAT,WATERS CORP,0.859108
2022-02-01,14521,TNET,TRINET GROUP INC,0.84935
2022-02-01,13802,APAM,ARTISAN PARTNERS ASSET MGMT INC,0.849194
2022-02-01,56223,LPX,LOUISIANA PACIFIC CORP,0.847946
2022-02-01,62498,WST,WEST PHARMACEUTICAL SERVICES INC,0.838766
2022-02-01,13407,FB,META PLATFORMS INC,0.825525
2022-02-01,11809,CLH,CLEAN HARBORS INC,0.822239
2022-02-01,17126,NMRK,NEWMARK GROUP INC,0.818673
2022-02-01,77496,MHK,MOHAWK INDUSTRIES INC,0.798106
2022-02-01,75510,ADBE,ADOBE INC,0.797541
2022-02-01,88504,BRKR,BRUKER CORP,0.793664
2022-02-01,84373,DGX,QUEST DIAGNOSTICS INC,0.783859
2022-02-01,76709,IDXX,I D E X X LABORATORIES INC,0.761424
2022-02-01,92402,MSCI,M S C I INC,0.749829
2022-02-01,21371,CAH,CARDINAL HEALTH INC,0.708265
2022-02-01,93035,SEM,SELECT MEDICAL HOLDINGS CORP,0.701768
2022-02-01,14008,AMGN,AMGEN INC,0.645179
2022-02-01,78664,DDD,3 D SYSTEMS CORP DEL,0.63554
2022-02-01,79103,ORLY,O REILLY AUTOMOTIVE INC NEW,0.630778
2022-02-01,13543,GMED,GLOBUS MEDICAL INC,0.613334
2022-02-01,77462,M,MACYS INC,0.59604
2022-02-01,92611,V,VISA INC,0.580231
2022-02-01,89792,CVCO,CAVCO INDUSTRIES INC DEL,0.457
2022-02-01,11343,SAFM,SANDERSON FARMS INC,0.145781
2022-02-01,64311,NSC,NORFOLK SOUTHERN CORP,0.145157
2022-02-01,91204,POR,PORTLAND GENERAL ELECTRIC CO,0.121453
2022-02-01,34817,NUE,NUCOR CORP,0.073673
2022-02-01,11691,MATX,MATSON INC,0.023237
2022-02-01,13168,TRIP,TRIPADVISOR INC,-0.005521
2022-02-01,10777,FCNCA,FIRST CITIZENS BANCSHARES INC NC,-0.108428
2022-02-01,10220,BWXT,B W X TECHNOLOGIES INC,-0.184849
2022-02-01,90248,DPZ,DOMINOS PIZZA INC,-0.213012
2022-02-01,14797,CDNA,CAREDX INC,-0.26209
2022-02-01,83779,PEGA,PEGASYSTEMS INC,-0.380193
2022-02-01,16595,SNAP,SNAP INC,-0.427426
2022-02-01,17367,LPRO,OPEN LENDING CORP,-0.499584
2022-02-01,15506,CYRX,CRYOPORT INC,-0.512166
2022-02-01,14472,VRNS,VARONIS SYSTEMS INC,-0.539784
2022-02-01,12360,PACB,PACIFIC BIOSCIENCES CALIF INC,-0.546388
2022-02-01,87430,KTOS,KRATOS DEFENSE & SECUR SOLS INC,-0.588084
2022-02-01,14054,MRTX,MIRATI THERAPEUTICS INC,-0.631039
2022-02-01,80069,ARWR,ARROWHEAD PHARMACEUTICALS INC,-0.636837
2022-02-01,93263,CELH,CELSIUS HOLDINGS INC,-0.640026
2022-02-01,14641,ZEN,ZENDESK INC,-0.673813
2022-02-01,14882,CZR,CAESARS ENTERTAINMENT INC DE,-0.695477
2022-02-01,90505,LVS,LAS VEGAS SANDS CORP,-0.699429
2022-02-01,16140,TWLO,TWILIO INC,-0.707318
2022-02-01,17987,VRT,VERTIV HOLDINGS CO,-0.740616
2022-02-01,15534,NTRA,NATERA INC,-0.756461
2022-02-01,16968,MDB,MONGODB INC,-0.765253
2022-02-01,14988,LBRDK,LIBERTY BROADBAND CORP,-0.770753
2022-02-01,85002,SRPT,SAREPTA THERAPEUTICS INC,-0.773741
2022-02-01,17342,DBX,DROPBOX INC,-0.780326
2022-02-01,14325,TNDM,TANDEM DIABETES CARE INC,-0.784636
2022-02-01,19561,BA,BOEING CO,-0.785854
2022-02-01,15694,PEN,PENUMBRA INC,-0.78657
2022-02-01,17701,SMAR,SMARTSHEET INC,-0.803313
2022-02-01,90178,ALNY,ALNYLAM PHARMACEUTICALS INC,-0.811372
2022-02-01,91926,DAL,DELTA AIR LINES INC,-0.821808
2022-02-01,15627,PLNT,PLANET FITNESS INC,-0.834472
2022-02-01,13169,ZNGA,ZYNGA INC,-0.836451
2022-02-01,14782,TRUP,TRUPANION INC,-0.84361
2022-02-01,40272,IFF,INTERNATIONAL FLAVORS & FRAG INC,-0.848089
2022-02-01,17036,CNNE,CANNAE HOLDINGS INC,-0.849743
2022-02-01,90444,ORA,ORMAT TECHNOLOGIES INC,-0.859477
2022-02-01,15145,BOX,BOX INC,-0.868499
2022-02-01,15222,IOVA,IOVANCE BIOTHERAPEUTICS INC,-0.87214
2022-02-01,15649,MSGS,MADISON SQUARE GARD SPORTS CORP,-0.876171
2022-02-01,14329,ARMK,ARAMARK,-0.890196
2022-02-01,91103,UAL,UNITED AIRLINES HOLDINGS INC,-0.901232
2022-02-01,14432,ITCI,INTRA CELLULAR THERAPIES INC,-0.907293
2022-02-01,91579,KBR,K B R INC,-0.911338
2022-02-01,50017,RRC,RANGE RESOURCES CORP,-0.914071
2022-02-01,91041,LYV,LIVE NATION ENTERTAINMENT INC,-0.914903
2022-02-01,92040,FOLD,AMICUS THERAPEUTICS INC,-0.920056
2022-02-01,14338,HLT,HILTON WORLDWIDE HOLDINGS INC,-0.930208
2022-02-01,15108,NEWR,NEW RELIC INC,-0.948552
2022-02-01,16678,KR,KROGER CO,-0.951464
2022-02-01,14811,FWONK,LIBERTY MEDIA CORP 3RD NEW,-0.952359
2022-02-01,93098,H,HYATT HOTELS CORP,-0.955222
2022-02-01,16736,VST,VISTRA CORP,-0.957795
2022-02-01,16343,YUMC,YUM CHINA HOLDINGS INC,-0.966449
2022-02-01,32870,HRL,HORMEL FOODS CORP,-0.977655
2022-02-01,14179,AR,ANTERO RESOURCES CORP,-0.982734
2022-02-01,76661,IONS,IONIS PHARMACEUTICALS INC,-0.99765
2022-02-01,12060,GE,GENERAL ELECTRIC CO,-1.0
2022-02-01,12591,APO,APOLLO GLOBAL MANAGEMENT INC NEW,-1.0
2022-02-01,13181,GWRE,GUIDEWIRE SOFTWARE INC,-1.0
2022-02-01,13201,REGI,RENEWABLE ENERGY GROUP INC,-1.0
2022-02-01,13379,SPLK,SPLUNK INC,-1.0
2022-02-01,13511,PANW,PALO ALTO NETWORKS INC,-1.0
2022-02-01,13688,PCG,P G & E CORP,-1.0
2022-02-01,13704,NEO,NEOGENOMICS INC,-1.0
2022-02-01,13967,PTCT,P T C THERAPEUTICS INC,-1.0
2022-02-01,14136,RNG,RINGCENTRAL INC,-1.0
2022-02-01,14159,MNDT,MANDIANT INC,-1.0
2022-02-01,14436,RARE,ULTRAGENYX PHARMACEUTICALS INC,-1.0
2022-02-01,14516,QTWO,Q 2 HOLDINGS INC,-1.0
2022-02-01,14596,FIVN,FIVE 9 INC,-1.0
2022-02-01,15067,FRPT,FRESHPET INC,-1.0
2022-02-01,15284,BPMC,BLUEPRINT MEDICINES CORP,-1.0
2022-02-01,15351,FTAI,FORTRESS TRANS AND INFR INV LLC,-1.0
2022-02-01,15452,EVH,EVOLENT HEALTH INC,-1.0
2022-02-01,15541,RPD,RAPID7 INC,-1.0
2022-02-01,16064,NTLA,INTELLIA THERAPEUTICS INC,-1.0
2022-02-01,16381,BL,BLACKLINE INC,-1.0
2022-02-01,16382,COUP,COUPA SOFTWARE INC,-1.0
2022-02-01,16597,AYX,ALTERYX INC,-1.0
2022-02-01,16649,OKTA,OKTA INC,-1.0
2022-02-01,16966,SWCH,SWITCH INC,-1.0
2022-02-01,17037,SAIL,SAILPOINT TECHNOLOGIES HLDGS INC,-1.0
2022-02-01,17104,APLS,APELLIS PHARMACEUTICALS INC,-1.0
2022-02-01,17341,ZS,ZSCALER INC,-1.0
2022-02-01,17374,RCUS,ARCUS BIOSCIENCES INC,-1.0
2022-02-01,17700,CDAY,CERIDIAN H C M HOLDING INC,-1.0
2022-02-01,17855,AVLR,AVALARA INC,-1.0
2022-02-01,18100,ARVN,ARVINAS INC,-1.0
2022-02-01,18134,UPWK,UPWORK INC,-1.0
2022-02-01,18135,GH,GUARDANT HEALTH INC,-1.0
2022-02-01,18190,AXNX,AXONICS INC,-1.0
2022-02-01,18203,KOD,KODIAK SCIENCES INC,-1.0
2022-02-01,18214,TWST,TWIST BIOSCIENCE CORP,-1.0
2022-02-01,21792,CNP,CENTERPOINT ENERGY INC,-1.0
2022-02-01,24328,EQT,E Q T CORP,-1.0
2022-02-01,46578,CLX,CLOROX CO,-1.0
2022-02-01,52090,MKC,MCCORMICK & CO INC,-1.0
2022-02-01,54114,MLKN,MILLERKNOLL INC,-1.0
2022-02-01,78875,WOLF,WOLFSPEED INC,-1.0
2022-02-01,80539,NKTR,NEKTAR THERAPEUTICS,-1.0
2022-02-01,82634,SAM,BOSTON BEER INC,-1.0
2022-02-01,82686,CTXS,CITRIX SYSTEMS INC,-1.0
2022-02-01,85738,MRCY,MERCURY SYSTEMS INC,-1.0
2022-02-01,87075,ZD,ZIFF DAVIS INC,-1.0
2022-02-01,88351,INSM,INSMED INC,-1.0
2022-02-01,88853,FLR,FLUOR CORP NEW,-1.0
2022-02-01,88863,EXAS,EXACT SCIENCES CORP,-1.0
2022-02-01,90011,,,-1.0
2022-02-01,90126,CYTK,CYTOKINETICS INC,-1.0
2022-02-01,90454,MKTX,MARKETAXESS HLDGS INC,-1.0
2022-02-01,90808,EXPE,EXPEDIA GROUP INC,-1.0
2022-02-01,91594,SPR,SPIRIT AEROSYSTEMS HOLDINGS INC,-1.0
2022-02-01,92050,PODD,INSULET CORP,-1.0
2022-02-01,92648,CFX,COLFAX CORP,-1.0
2022-03-01,11691,MATX,MATSON INC,1.0
2022-03-01,11850,XOM,EXXON MOBIL CORP,1.0
2022-03-01,13210,EPAM,EPAM SYSTEMS INC,1.0
2022-03-01,13610,OLN,OLIN CORP,1.0
2022-03-01,13788,ZTS,ZOETIS INC,1.0
2022-03-01,13901,MO,ALTRIA GROUP INC,1.0
2022-03-01,13936,PVH,P V H CORP,1.0
2022-03-01,14541,CVX,CHEVRON CORP NEW,1.0
2022-03-01,14702,AMAT,APPLIED MATERIALS INC,1.0
2022-03-01,17672,EAF,GRAFTECH INTERNATIONAL LTD NEW,1.0
2022-03-01,20204,CR,CRANE CO,1.0
2022-03-01,21936,PFE,PFIZER INC,1.0
2022-03-01,22752,MRK,MERCK & CO INC NEW,1.0
2022-03-01,25487,CAR,AVIS BUDGET GROUP INC,1.0
2022-03-01,39490,APA,A P A CORP,1.0
2022-03-01,44943,DIOD,DIODES INC,1.0
2022-03-01,49429,DDS,DILLARDS INC,1.0
2022-03-01,50948,SMTC,SEMTECH CORP,1.0
2022-03-01,53613,MU,MICRON TECHNOLOGY INC,1.0
2022-03-01,62341,PDCE,P D C ENERGY INC,1.0
2022-03-01,68196,SEIC,S E I INVESTMENTS CO,1.0
2022-03-01,75825,EOG,EOG RESOURCES INC,1.0
2022-03-01,76076,CSCO,CISCO SYSTEMS INC,1.0
2022-03-01,76095,HOLX,HOLOGIC INC,1.0
2022-03-01,76573,MLI,MUELLER INDUSTRIES INC,1.0
2022-03-01,76841,BIIB,BIOGEN INC,1.0
2022-03-01,77462,M,MACYS INC,1.0
2022-03-01,80864,RS,RELIANCE STEEL & ALUMINUM CO,1.0
2022-03-01,82800,SCCO,SOUTHERN COPPER CORP,1.0
2022-03-01,85593,AMG,AFFILIATED MANAGERS GROUP INC,1.0
2022-03-01,85863,COLM,COLUMBIA SPORTSWEAR CO,1.0
2022-03-01,86047,AMKR,AMKOR TECHNOLOGY INC,1.0
2022-03-01,86158,CTSH,COGNIZANT TECHNOLOGY SOLS CORP,1.0
2022-03-01,88417,ACLS,AXCELIS TECHNOLOGIES INC,1.0
2022-03-01,88615,ITGR,INTEGER HOLDINGS CORP,1.0
2022-03-01,88661,TPR,TAPESTRY INC,1.0
2022-03-01,89968,PIPR,PIPER SANDLER COMPANIES,1.0
2022-03-01,90312,WLK,WESTLAKE CORP,1.0
2022-03-01,90829,CF,C F INDUSTRIES HOLDINGS INC,1.0
2022-03-01,90880,AMP,AMERIPRISE FINANCIAL INC,1.0
2022-03-01,91413,EVR,EVERCORE INC,1.0
2022-03-01,91500,EXLS,EXLSERVICE HOLDINGS INC,1.0
2022-03-01,91516,AWI,ARMSTRONG WORLD INDS INC NEW,1.0
2022-03-01,92655,UNH,UNITEDHEALTH GROUP INC,1.0
2022-03-01,93002,AVGO,BROADCOM INC,1.0
2022-03-01,12062,LH,LABORATORY CORP AMERICA HLDGS,0.999603
2022-03-01,85992,MANH,MANHATTAN ASSOCIATES INC,0.998553
2022-03-01,90319,GOOGL,ALPHABET INC,0.99815
2022-03-01,92602,PM,PHILIP MORRIS INTERNATIONAL INC,0.982665
2022-03-01,48725,UNP,UNION PACIFIC CORP,0.980867
2022-03-01,89179,ANTM,ANTHEM INC,0.974709
2022-03-01,12622,HCA,H C A HEALTHCARE INC,0.974199
2022-03-01,11600,XRAY,DENTSPLY SIRONA INC,0.970353
2022-03-01,22103,EMR,EMERSON ELECTRIC CO,0.967866
2022-03-01,15623,HLI,HOULIHAN LOKEY INC,0.967793
2022-03-01,10107,MSFT,MICROSOFT CORP,0.962762
2022-03-01,22111,JNJ,JOHNSON & JOHNSON,0.961362
2022-03-01,91531,OC,OWENS CORNING NEW,0.960568
2022-03-01,18163,PG,PROCTER & GAMBLE CO,0.958036
2022-03-01,85621,MTD,METTLER TOLEDO INTERNATIONAL INC,0.956555
2022-03-01,22779,MSI,MOTOROLA SOLUTIONS INC,0.950347
2022-03-01,20482,ABT,ABBOTT LABORATORIES,0.946308
2022-03-01,13748,TPH,TRI POINTE HOMES INC,0.939493
2022-03-01,87432,A,AGILENT TECHNOLOGIES INC,0.93566
2022-03-01,85427,GPI,GROUP 1 AUTOMOTIVE INC,0.933695
2022-03-01,14593,AAPL,APPLE INC,0.931004
2022-03-01,15069,MRO,MARATHON OIL CORP,0.929538
2022-03-01,56223,LPX,LOUISIANA PACIFIC CORP,0.921148
2022-03-01,84042,PAG,PENSKE AUTOMOTIVE GROUP INC,0.920837
2022-03-01,70228,TOL,TOLL BROTHERS INC,0.920101
2022-03-01,61313,DCI,DONALDSON INC,0.919471
2022-03-01,16119,ATKR,ATKORE INC,0.914672
2022-03-01,64194,CHE,CHEMED CORP NEW,0.904679
2022-03-01,62148,CSX,C S X CORP,0.904421
2022-03-01,37568,FELE,FRANKLIN ELECTRIC INC,0.89619
2022-03-01,15579,TXN,TEXAS INSTRUMENTS INC,0.889266
2022-03-01,57809,NDSN,NORDSON CORP,0.889159
2022-03-01,91575,HRI,HERC HOLDINGS INC,0.87718
2022-03-01,86594,KFY,KORN FERRY,0.874882
2022-03-01,46674,GPC,GENUINE PARTS CO,0.87126
2022-03-01,14521,TNET,TRINET GROUP INC,0.87036
2022-03-01,25953,DOV,DOVER CORP,0.866415
2022-03-01,86228,RSG,REPUBLIC SERVICES INC,0.862465
2022-03-01,90550,DLB,DOLBY LABORATORIES INC,0.857603
2022-03-01,49680,DHR,DANAHER CORP,0.856976
2022-03-01,89866,LKQ,L K Q CORP,0.855319
2022-03-01,82651,WAT,WATERS CORP,0.849986
2022-03-01,90520,CE,CELANESE CORP DEL,0.832593
2022-03-01,62498,WST,WEST PHARMACEUTICAL SERVICES INC,0.825645
2022-03-01,62092,TMO,THERMO FISHER SCIENTIFIC INC,0.815233
2022-03-01,46886,KLAC,K L A CORP,0.812496
2022-03-01,76795,ZBRA,ZEBRA TECHNOLOGIES CORP,0.811843
2022-03-01,13837,EVTC,EVERTEC INC,0.808438
2022-03-01,76709,IDXX,I D E X X LABORATORIES INC,0.799001
2022-03-01,13802,APAM,ARTISAN PARTNERS ASSET MGMT INC,0.782031
2022-03-01,14574,MC,MOELIS & CO,0.780651
2022-03-01,93330,PRI,PRIMERICA INC,0.77738
2022-03-01,84373,DGX,QUEST DIAGNOSTICS INC,0.762066
2022-03-01,88504,BRKR,BRUKER CORP,0.721658
2022-03-01,77496,MHK,MOHAWK INDUSTRIES INC,0.711685
2022-03-01,92402,MSCI,M S C I INC,0.703026
2022-03-01,75510,ADBE,ADOBE INC,0.698076
2022-03-01,14008,AMGN,AMGEN INC,0.64885
2022-03-01,13543,GMED,GLOBUS MEDICAL INC,0.646313
2022-03-01,79103,ORLY,O REILLY AUTOMOTIVE INC NEW,0.628331
2022-03-01,89792,CVCO,CAVCO INDUSTRIES INC DEL,0.588402
2022-03-01,13407,FB,META PLATFORMS INC,0.556098
2022-03-01,92611,V,VISA INC,0.555354
2022-03-01,14776,SYF,SYNCHRONY FINANCIAL,0.14248
2022-03-01,11343,SAFM,SANDERSON FARMS INC,0.141491
2022-03-01,64311,NSC,NORFOLK SOUTHERN CORP,0.137512
2022-03-01,78987,MCHP,MICROCHIP TECHNOLOGY INC,0.119073
2022-03-01,91204,POR,PORTLAND GENERAL ELECTRIC CO,0.117358
2022-03-01,34817,NUE,NUCOR CORP,0.095628
2022-03-01,85035,QRVO,QORVO INC,0.078807
2022-03-01,10777,FCNCA,FIRST CITIZENS BANCSHARES INC NC,-0.109795
2022-03-01,90248,DPZ,DOMINOS PIZZA INC,-0.202492
2022-03-01,10220,BWXT,B W X TECHNOLOGIES INC,-0.221847
2022-03-01,14797,CDNA,CAREDX INC,-0.240639
2022-03-01,14401,OGS,ONE GAS INC,-0.247222
2022-03-01,17034,ALTR,ALTAIR ENGINEERING INC,-0.280579
2022-03-01,83779,PEGA,PEGASYSTEMS INC,-0.333818
2022-03-01,25320,CPB,CAMPBELL SOUP CO,-0.372668
2022-03-01,17987,VRT,VERTIV HOLDINGS CO,-0.462243
2022-03-01,80069,ARWR,ARROWHEAD PHARMACEUTICALS INC,-0.531082
2022-03-01,17367,LPRO,OPEN LENDING CORP,-0.547976
2022-03-01,15108,NEWR,NEW RELIC INC,-0.597578
2022-03-01,16140,TWLO,TWILIO INC,-0.599821
2022-03-01,14472,VRNS,VARONIS SYSTEMS INC,-0.631616
2022-03-01,90505,LVS,LAS VEGAS SANDS CORP,-0.684399
2022-03-01,17701,SMAR,SMARTSHEET INC,-0.686447
2022-03-01,16968,MDB,MONGODB INC,-0.721558
2022-03-01,87430,KTOS,KRATOS DEFENSE & SECUR SOLS INC,-0.734036
2022-03-01,14325,TNDM,TANDEM DIABETES CARE INC,-0.748209
2022-03-01,14988,LBRDK,LIBERTY BROADBAND CORP,-0.761851
2022-03-01,17036,CNNE,CANNAE HOLDINGS INC,-0.763806
2022-03-01,14882,CZR,CAESARS ENTERTAINMENT INC DE,-0.768988
2022-03-01,15694,PEN,PENUMBRA INC,-0.771687
2022-03-01,14782,TRUP,TRUPANION INC,-0.793811
2022-03-01,15627,PLNT,PLANET FITNESS INC,-0.796698
2022-03-01,14641,ZEN,ZENDESK INC,-0.79801
2022-03-01,19561,BA,BOEING CO,-0.805847
2022-03-01,15222,IOVA,IOVANCE BIOTHERAPEUTICS INC,-0.820782
2022-03-01,91926,DAL,DELTA AIR LINES INC,-0.826548
2022-03-01,15534,NTRA,NATERA INC,-0.832083
2022-03-01,15145,BOX,BOX INC,-0.851191
2022-03-01,40272,IFF,INTERNATIONAL FLAVORS & FRAG INC,-0.855009
2022-03-01,46578,CLX,CLOROX CO,-0.868493
2022-03-01,13967,PTCT,P T C THERAPEUTICS INC,-0.873169
2022-03-01,14596,FIVN,FIVE 9 INC,-0.875071
2022-03-01,90444,ORA,ORMAT TECHNOLOGIES INC,-0.899678
2022-03-01,18100,ARVN,ARVINAS INC,-0.906532
2022-03-01,82634,SAM,BOSTON BEER INC,-0.911171
2022-03-01,15649,MSGS,MADISON SQUARE GARD SPORTS CORP,-0.912709
2022-03-01,90178,ALNY,ALNYLAM PHARMACEUTICALS INC,-0.930756
2022-03-01,91103,UAL,UNITED AIRLINES HOLDINGS INC,-0.933154
2022-03-01,12591,APO,APOLLO GLOBAL MANAGEMENT INC NEW,-0.937975
2022-03-01,18214,TWST,TWIST BIOSCIENCE CORP,-0.941406
2022-03-01,52090,MKC,MCCORMICK & CO INC,-0.948731
2022-03-01,18135,GH,GUARDANT HEALTH INC,-0.952812
2022-03-01,13379,SPLK,SPLUNK INC,-0.953006
2022-03-01,14338,HLT,HILTON WORLDWIDE HOLDINGS INC,-0.954221
2022-03-01,87075,ZD,ZIFF DAVIS INC,-0.95752
2022-03-01,14811,FWONK,LIBERTY MEDIA CORP 3RD NEW,-0.960239
2022-03-01,14329,ARMK,ARAMARK,-0.962325
2022-03-01,21792,CNP,CENTERPOINT ENERGY INC,-0.970458
2022-03-01,92648,CFX,COLFAX CORP,-0.977842
2022-03-01,32870,HRL,HORMEL FOODS CORP,-0.981129
2022-03-01,77300,SMG,SCOTTS MIRACLE GRO CO,-0.99436
2022-03-01,14516,QTWO,Q 2 HOLDINGS INC,-0.996907
2022-03-01,12060,GE,GENERAL ELECTRIC CO,-1.0
2022-03-01,13181,GWRE,GUIDEWIRE SOFTWARE INC,-1.0
2022-03-01,13201,REGI,RENEWABLE ENERGY GROUP INC,-1.0
2022-03-01,13511,PANW,PALO ALTO NETWORKS INC,-1.0
2022-03-01,13688,PCG,P G & E CORP,-1.0
2022-03-01,13704,NEO,NEOGENOMICS INC,-1.0
2022-03-01,14054,MRTX,MIRATI THERAPEUTICS INC,-1.0
2022-03-01,14136,RNG,RINGCENTRAL INC,-1.0
2022-03-01,14159,MNDT,MANDIANT INC,-1.0
2022-03-01,14179,AR,ANTERO RESOURCES CORP,-1.0
2022-03-01,14432,ITCI,INTRA CELLULAR THERAPIES INC,-1.0
2022-03-01,14436,RARE,ULTRAGENYX PHARMACEUTICALS INC,-1.0
2022-03-01,14828,SAGE,SAGE THERAPEUTICS INC,-1.0
2022-03-01,15067,FRPT,FRESHPET INC,-1.0
2022-03-01,15284,BPMC,BLUEPRINT MEDICINES CORP,-1.0
2022-03-01,15351,FTAI,FORTRESS TRANS AND INFR INV LLC,-1.0
2022-03-01,15452,EVH,EVOLENT HEALTH INC,-1.0
2022-03-01,15541,RPD,RAPID7 INC,-1.0
2022-03-01,16064,NTLA,INTELLIA THERAPEUTICS INC,-1.0
2022-03-01,16343,YUMC,YUM CHINA HOLDINGS INC,-1.0
2022-03-01,16381,BL,BLACKLINE INC,-1.0
2022-03-01,16382,COUP,COUPA SOFTWARE INC,-1.0
2022-03-01,16597,AYX,ALTERYX INC,-1.0
2022-03-01,16649,OKTA,OKTA INC,-1.0
2022-03-01,16678,KR,KROGER CO,-1.0
2022-03-01,16736,VST,VISTRA CORP,-1.0
2022-03-01,16966,SWCH,SWITCH INC,-1.0
2022-03-01,17037,SAIL,SAILPOINT TECHNOLOGIES HLDGS INC,-1.0
2022-03-01,17104,APLS,APELLIS PHARMACEUTICALS INC,-1.0
2022-03-01,17125,DNLI,DENALI THERAPEUTICS INC,-1.0
2022-03-01,17341,ZS,ZSCALER INC,-1.0
2022-03-01,17374,RCUS,ARCUS BIOSCIENCES INC,-1.0
2022-03-01,17700,CDAY,CERIDIAN H C M HOLDING INC,-1.0
2022-03-01,17855,AVLR,AVALARA INC,-1.0
2022-03-01,18134,UPWK,UPWORK INC,-1.0
2022-03-01,18190,AXNX,AXONICS INC,-1.0
2022-03-01,24328,EQT,E Q T CORP,-1.0
2022-03-01,32986,ATO,ATMOS ENERGY CORP,-1.0
2022-03-01,54114,MLKN,MILLERKNOLL INC,-1.0
2022-03-01,76661,IONS,IONIS PHARMACEUTICALS INC,-1.0
2022-03-01,78875,WOLF,WOLFSPEED INC,-1.0
2022-03-01,83989,GTN,GRAY TELEVISION INC,-1.0
2022-03-01,85002,SRPT,SAREPTA THERAPEUTICS INC,-1.0
2022-03-01,85738,MRCY,MERCURY SYSTEMS INC,-1.0
2022-03-01,88351,INSM,INSMED INC,-1.0
2022-03-01,88853,FLR,FLUOR CORP NEW,-1.0
2022-03-01,88863,EXAS,EXACT SCIENCES CORP,-1.0
2022-03-01,90126,CYTK,CYTOKINETICS INC,-1.0
2022-03-01,90454,MKTX,MARKETAXESS HLDGS INC,-1.0
2022-03-01,90775,THS,TREEHOUSE FOODS INC,-1.0
2022-03-01,90808,EXPE,EXPEDIA GROUP INC,-1.0
2022-03-01,90978,SPWR,SUNPOWER CORP,-1.0
2022-03-01,91041,LYV,LIVE NATION ENTERTAINMENT INC,-1.0
2022-03-01,91579,KBR,K B R INC,-1.0
2022-03-01,91594,SPR,SPIRIT AEROSYSTEMS HOLDINGS INC,-1.0
2022-03-01,92040,FOLD,AMICUS THERAPEUTICS INC,-1.0
2022-03-01,92050,PODD,INSULET CORP,-1.0
2022-03-01,93098,H,HYATT HOTELS CORP,-1.0
2022-03-01,93263,CELH,CELSIUS HOLDINGS INC,-1.0
2022-04-01,10107,MSFT,MICROSOFT CORP,1.0
2022-04-01,11691,MATX,MATSON INC,1.0
2022-04-01,11850,XOM,EXXON MOBIL CORP,1.0
2022-04-01,13210,EPAM,EPAM SYSTEMS INC,1.0
2022-04-01,13610,OLN,OLIN CORP,1.0
2022-04-01,13766,BCC,BOISE CASCADE CO,1.0
2022-04-01,13901,MO,ALTRIA GROUP INC,1.0
2022-04-01,13928,COP,CONOCOPHILLIPS,1.0
2022-04-01,13936,PVH,P V H CORP,1.0
2022-04-01,14541,CVX,CHEVRON CORP NEW,1.0
2022-04-01,14702,AMAT,APPLIED MATERIALS INC,1.0
2022-04-01,15069,MRO,MARATHON OIL CORP,1.0
2022-04-01,17672,EAF,GRAFTECH INTERNATIONAL LTD NEW,1.0
2022-04-01,20204,CR,CRANE CO,1.0
2022-04-01,21936,PFE,PFIZER INC,1.0
2022-04-01,22103,EMR,EMERSON ELECTRIC CO,1.0
2022-04-01,22111,JNJ,JOHNSON & JOHNSON,1.0
2022-04-01,22752,MRK,MERCK & CO INC NEW,1.0
2022-04-01,22779,MSI,MOTOROLA SOLUTIONS INC,1.0
2022-04-01,25487,CAR,AVIS BUDGET GROUP INC,1.0
2022-04-01,39490,APA,A P A CORP,1.0
2022-04-01,44943,DIOD,DIODES INC,1.0
2022-04-01,48725,UNP,UNION PACIFIC CORP,1.0
2022-04-01,49429,DDS,DILLARDS INC,1.0
2022-04-01,57809,NDSN,NORDSON CORP,1.0
2022-04-01,62341,PDCE,P D C ENERGY INC,1.0
2022-04-01,68196,SEIC,S E I INVESTMENTS CO,1.0
2022-04-01,75825,EOG,EOG RESOURCES INC,1.0
2022-04-01,76095,HOLX,HOLOGIC INC,1.0
2022-04-01,76841,BIIB,BIOGEN INC,1.0
2022-04-01,77357,SNPS,SYNOPSYS INC,1.0
2022-04-01,77462,M,MACYS INC,1.0
2022-04-01,80575,SSD,SIMPSON MANUFACTURING CO INC,1.0
2022-04-01,80864,RS,RELIANCE STEEL & ALUMINUM CO,1.0
2022-04-01,82800,SCCO,SOUTHERN COPPER CORP,1.0
2022-04-01,85593,AMG,AFFILIATED MANAGERS GROUP INC,1.0
2022-04-01,85863,COLM,COLUMBIA SPORTSWEAR CO,1.0
2022-04-01,85992,MANH,MANHATTAN ASSOCIATES INC,1.0
2022-04-01,86047,AMKR,AMKOR TECHNOLOGY INC,1.0
2022-04-01,86158,CTSH,COGNIZANT TECHNOLOGY SOLS CORP,1.0
2022-04-01,86228,RSG,REPUBLIC SERVICES INC,1.0
2022-04-01,86594,KFY,KORN FERRY,1.0
2022-04-01,88417,ACLS,AXCELIS TECHNOLOGIES INC,1.0
2022-04-01,89179,ANTM,ANTHEM INC,1.0
2022-04-01,89968,PIPR,PIPER SANDLER COMPANIES,1.0
2022-04-01,90312,WLK,WESTLAKE CORP,1.0
2022-04-01,90319,GOOGL,ALPHABET INC,1.0
2022-04-01,90829,CF,C F INDUSTRIES HOLDINGS INC,1.0
2022-04-01,90880,AMP,AMERIPRISE FINANCIAL INC,1.0
2022-04-01,91516,AWI,ARMSTRONG WORLD INDS INC NEW,1.0
2022-04-01,92602,PM,PHILIP MORRIS INTERNATIONAL INC,1.0
2022-04-01,92655,UNH,UNITEDHEALTH GROUP INC,1.0
2022-04-01,93002,AVGO,BROADCOM INC,1.0
2022-04-01,76076,CSCO,CISCO SYSTEMS INC,0.999761
2022-04-01,50948,SMTC,SEMTECH CORP,0.999363
2022-04-01,62148,CSX,C S X CORP,0.998782
2022-04-01,14593,AAPL,APPLE INC,0.984456
2022-04-01,12622,HCA,H C A HEALTHCARE INC,0.977399
2022-04-01,13788,ZTS,ZOETIS INC,0.97381
2022-04-01,12062,LH,LABORATORY CORP AMERICA HLDGS,0.971537
2022-04-01,88615,ITGR,INTEGER HOLDINGS CORP,0.960593
2022-04-01,15579,TXN,TEXAS INSTRUMENTS INC,0.959783
2022-04-01,64194,CHE,CHEMED CORP NEW,0.958078
2022-04-01,76573,MLI,MUELLER INDUSTRIES INC,0.953497
2022-04-01,87432,A,AGILENT TECHNOLOGIES INC,0.949744
2022-04-01,91531,OC,OWENS CORNING NEW,0.946707
2022-04-01,18163,PG,PROCTER & GAMBLE CO,0.938988
2022-04-01,85621,MTD,METTLER TOLEDO INTERNATIONAL INC,0.932359
2022-04-01,20482,ABT,ABBOTT LABORATORIES,0.92852
2022-04-01,91575,HRI,HERC HOLDINGS INC,0.921064
2022-04-01,49680,DHR,DANAHER CORP,0.916811
2022-04-01,88661,TPR,TAPESTRY INC,0.913958
2022-04-01,46674,GPC,GENUINE PARTS CO,0.905234
2022-04-01,90550,DLB,DOLBY LABORATORIES INC,0.893181
2022-04-01,62092,TMO,THERMO FISHER SCIENTIFIC INC,0.885575
2022-04-01,16119,ATKR,ATKORE INC,0.885211
2022-04-01,11600,XRAY,DENTSPLY SIRONA INC,0.884356
2022-04-01,37568,FELE,FRANKLIN ELECTRIC INC,0.880027
2022-04-01,61313,DCI,DONALDSON INC,0.879771
2022-04-01,84042,PAG,PENSKE AUTOMOTIVE GROUP INC,0.877968
2022-04-01,53613,MU,MICRON TECHNOLOGY INC,0.876487
2022-04-01,91413,EVR,EVERCORE INC,0.876406
2022-04-01,62498,WST,WEST PHARMACEUTICAL SERVICES INC,0.875999
2022-04-01,25953,DOV,DOVER CORP,0.866584
2022-04-01,85427,GPI,GROUP 1 AUTOMOTIVE INC,0.861276
2022-04-01,90520,CE,CELANESE CORP DEL,0.854003
2022-04-01,46886,KLAC,K L A CORP,0.853387
2022-04-01,13748,TPH,TRI POINTE HOMES INC,0.843262
2022-04-01,82651,WAT,WATERS CORP,0.832921
2022-04-01,89866,LKQ,L K Q CORP,0.831575
2022-04-01,15623,HLI,HOULIHAN LOKEY INC,0.829599
2022-04-01,76709,IDXX,I D E X X LABORATORIES INC,0.821031
2022-04-01,13837,EVTC,EVERTEC INC,0.819808
2022-04-01,93330,PRI,PRIMERICA INC,0.818809
2022-04-01,76795,ZBRA,ZEBRA TECHNOLOGIES CORP,0.812501
2022-04-01,13802,APAM,ARTISAN PARTNERS ASSET MGMT INC,0.807429
2022-04-01,70228,TOL,TOLL BROTHERS INC,0.797275
2022-04-01,56223,LPX,LOUISIANA PACIFIC CORP,0.795243
2022-04-01,92402,MSCI,M S C I INC,0.704651
2022-04-01,14008,AMGN,AMGEN INC,0.692759
2022-04-01,79103,ORLY,O REILLY AUTOMOTIVE INC NEW,0.662863
2022-04-01,77496,MHK,MOHAWK INDUSTRIES INC,0.627826
2022-04-01,13407,FB,META PLATFORMS INC,0.585921
2022-04-01,79698,IT,GARTNER INC,0.573824
2022-04-01,92611,V,VISA INC,0.569839
2022-04-01,89792,CVCO,CAVCO INDUSTRIES INC DEL,0.519778
2022-04-01,84373,DGX,QUEST DIAGNOSTICS INC,0.424088
2022-04-01,75510,ADBE,ADOBE INC,0.405533
2022-04-01,64311,NSC,NORFOLK SOUTHERN CORP,0.152889
2022-04-01,11343,SAFM,SANDERSON FARMS INC,0.148533
2022-04-01,91204,POR,PORTLAND GENERAL ELECTRIC CO,0.128494
2022-04-01,78987,MCHP,MICROCHIP TECHNOLOGY INC,0.127209
2022-04-01,14776,SYF,SYNCHRONY FINANCIAL,0.115927
2022-04-01,34817,NUE,NUCOR CORP,0.108357
2022-04-01,80080,EMN,EASTMAN CHEMICAL CO,0.091831
2022-04-01,14574,MC,MOELIS & CO,0.009549
2022-04-01,10777,FCNCA,FIRST CITIZENS BANCSHARES INC NC,-0.092681
2022-04-01,88949,SGEN,SEAGEN INC,-0.183381
2022-04-01,89031,AXON,AXON ENTERPRISE INC,-0.188877
2022-04-01,90248,DPZ,DOMINOS PIZZA INC,-0.191217
2022-04-01,14401,OGS,ONE GAS INC,-0.26253
2022-04-01,83779,PEGA,PEGASYSTEMS INC,-0.309122
2022-04-01,25320,CPB,CAMPBELL SOUP CO,-0.369331
2022-04-01,17034,ALTR,ALTAIR ENGINEERING INC,-0.374574
2022-04-01,17987,VRT,VERTIV HOLDINGS CO,-0.497008
2022-04-01,17367,LPRO,OPEN LENDING CORP,-0.497433
2022-04-01,15534,NTRA,NATERA INC,-0.514766
2022-04-01,15108,NEWR,NEW RELIC INC,-0.603316
2022-04-01,90505,LVS,LAS VEGAS SANDS CORP,-0.620645
2022-04-01,17036,CNNE,CANNAE HOLDINGS INC,-0.68041
2022-04-01,14472,VRNS,VARONIS SYSTEMS INC,-0.688655
2022-04-01,14988,LBRDK,LIBERTY BROADBAND CORP,-0.702706
2022-04-01,14882,CZR,CAESARS ENTERTAINMENT INC DE,-0.706557
2022-04-01,17701,SMAR,SMARTSHEET INC,-0.707191
2022-04-01,87430,KTOS,KRATOS DEFENSE & SECUR SOLS INC,-0.718553
2022-04-01,19561,BA,BOEING CO,-0.751485
2022-04-01,14325,TNDM,TANDEM DIABETES CARE INC,-0.772478
2022-04-01,15694,PEN,PENUMBRA INC,-0.772998
2022-04-01,15627,PLNT,PLANET FITNESS INC,-0.795239
2022-04-01,16343,YUMC,YUM CHINA HOLDINGS INC,-0.80053
2022-04-01,91926,DAL,DELTA AIR LINES INC,-0.819251
2022-04-01,14641,ZEN,ZENDESK INC,-0.822723
2022-04-01,46578,CLX,CLOROX CO,-0.828171
2022-04-01,16968,MDB,MONGODB INC,-0.837874
2022-04-01,17374,RCUS,ARCUS BIOSCIENCES INC,-0.848327
2022-04-01,40272,IFF,INTERNATIONAL FLAVORS & FRAG INC,-0.849434
2022-04-01,93263,CELH,CELSIUS HOLDINGS INC,-0.863612
2022-04-01,90444,ORA,ORMAT TECHNOLOGIES INC,-0.865964
2022-04-01,90454,MKTX,MARKETAXESS HLDGS INC,-0.891847
2022-04-01,87075,ZD,ZIFF DAVIS INC,-0.921104
2022-04-01,18100,ARVN,ARVINAS INC,-0.941307
2022-04-01,14516,QTWO,Q 2 HOLDINGS INC,-0.944741
2022-04-01,18135,GH,GUARDANT HEALTH INC,-0.952323
2022-04-01,12060,GE,GENERAL ELECTRIC CO,-0.958852
2022-04-01,14338,HLT,HILTON WORLDWIDE HOLDINGS INC,-0.972625
2022-04-01,91041,LYV,LIVE NATION ENTERTAINMENT INC,-0.97362
2022-04-01,91103,UAL,UNITED AIRLINES HOLDINGS INC,-0.974291
2022-04-01,91594,SPR,SPIRIT AEROSYSTEMS HOLDINGS INC,-0.97795
2022-04-01,14329,ARMK,ARAMARK,-0.978931
2022-04-01,93098,H,HYATT HOTELS CORP,-0.982846
2022-04-01,52090,MKC,MCCORMICK & CO INC,-0.99483
2022-04-01,90808,EXPE,EXPEDIA GROUP INC,-0.997696
2022-04-01,12591,APO,APOLLO GLOBAL MANAGEMENT INC NEW,-1.0
2022-04-01,13181,GWRE,GUIDEWIRE SOFTWARE INC,-1.0
2022-04-01,13379,SPLK,SPLUNK INC,-1.0
2022-04-01,13511,PANW,PALO ALTO NETWORKS INC,-1.0
2022-04-01,13688,PCG,P G & E CORP,-1.0
2022-04-01,13967,PTCT,P T C THERAPEUTICS INC,-1.0
2022-04-01,14054,MRTX,MIRATI THERAPEUTICS INC,-1.0
2022-04-01,14136,RNG,RINGCENTRAL INC,-1.0
2022-04-01,14159,MNDT,MANDIANT INC,-1.0
2022-04-01,14179,AR,ANTERO RESOURCES CORP,-1.0
2022-04-01,14432,ITCI,INTRA CELLULAR THERAPIES INC,-1.0
2022-04-01,14436,RARE,ULTRAGENYX PHARMACEUTICALS INC,-1.0
2022-04-01,14596,FIVN,FIVE 9 INC,-1.0
2022-04-01,14803,HQY,HEALTHEQUITY INC,-1.0
2022-04-01,14811,FWONK,LIBERTY MEDIA CORP 3RD NEW,-1.0
2022-04-01,15046,NVRO,NEVRO CORP,-1.0
2022-04-01,15067,FRPT,FRESHPET INC,-1.0
2022-04-01,15222,IOVA,IOVANCE BIOTHERAPEUTICS INC,-1.0
2022-04-01,15284,BPMC,BLUEPRINT MEDICINES CORP,-1.0
2022-04-01,15351,FTAI,FORTRESS TRANS AND INFR INV LLC,-1.0
2022-04-01,15452,EVH,EVOLENT HEALTH INC,-1.0
2022-04-01,15541,RPD,RAPID7 INC,-1.0
2022-04-01,16064,NTLA,INTELLIA THERAPEUTICS INC,-1.0
2022-04-01,16140,TWLO,TWILIO INC,-1.0
2022-04-01,16381,BL,BLACKLINE INC,-1.0
2022-04-01,16382,COUP,COUPA SOFTWARE INC,-1.0
2022-04-01,16597,AYX,ALTERYX INC,-1.0
2022-04-01,16649,OKTA,OKTA INC,-1.0
2022-04-01,16678,KR,KROGER CO,-1.0
2022-04-01,16736,VST,VISTRA CORP,-1.0
2022-04-01,16966,SWCH,SWITCH INC,-1.0
2022-04-01,17037,SAIL,SAILPOINT TECHNOLOGIES HLDGS INC,-1.0
2022-04-01,17104,APLS,APELLIS PHARMACEUTICALS INC,-1.0
2022-04-01,17125,DNLI,DENALI THERAPEUTICS INC,-1.0
2022-04-01,17341,ZS,ZSCALER INC,-1.0
2022-04-01,17700,CDAY,CERIDIAN H C M HOLDING INC,-1.0
2022-04-01,17855,AVLR,AVALARA INC,-1.0
2022-04-01,17949,BE,BLOOM ENERGY CORP,-1.0
2022-04-01,18134,UPWK,UPWORK INC,-1.0
2022-04-01,18150,ETRN,EQUITRANS MIDSTREAM CORP,-1.0
2022-04-01,18190,AXNX,AXONICS INC,-1.0
2022-04-01,21792,CNP,CENTERPOINT ENERGY INC,-1.0
2022-04-01,24328,EQT,E Q T CORP,-1.0
2022-04-01,32870,HRL,HORMEL FOODS CORP,-1.0
2022-04-01,32986,ATO,ATMOS ENERGY CORP,-1.0
2022-04-01,42585,SJM,SMUCKER J M CO,-1.0
2022-04-01,54114,MLKN,MILLERKNOLL INC,-1.0
2022-04-01,76661,IONS,IONIS PHARMACEUTICALS INC,-1.0
2022-04-01,77300,SMG,SCOTTS MIRACLE GRO CO,-1.0
2022-04-01,78875,WOLF,WOLFSPEED INC,-1.0
2022-04-01,80069,ARWR,ARROWHEAD PHARMACEUTICALS INC,-1.0
2022-04-01,82634,SAM,BOSTON BEER INC,-1.0
2022-04-01,82759,,,-1.0
2022-04-01,84348,VSAT,VIASAT INC,-1.0
2022-04-01,85002,SRPT,SAREPTA THERAPEUTICS INC,-1.0
2022-04-01,85738,MRCY,MERCURY SYSTEMS INC,-1.0
2022-04-01,88351,INSM,INSMED INC,-1.0
2022-04-01,88853,FLR,FLUOR CORP NEW,-1.0
2022-04-01,88863,EXAS,EXACT SCIENCES CORP,-1.0
2022-04-01,90126,CYTK,CYTOKINETICS INC,-1.0
2022-04-01,90178,ALNY,ALNYLAM PHARMACEUTICALS INC,-1.0
2022-04-01,90978,SPWR,SUNPOWER CORP,-1.0
2022-04-01,91579,KBR,K B R INC,-1.0
2022-04-01,91733,AVAV,AEROVIRONMENT INC,-1.0
2022-04-01,92050,PODD,INSULET CORP,-1.0
2022-04-01,92052,TTGT,TECHTARGET INC,-1.0
2022-04-01,92648,CFX,COLFAX CORP,-1.0
2022-05-01,11403,CDNS,CADENCE DESIGN SYSTEMS INC,1.0
2022-05-01,11691,MATX,MATSON INC,1.0
2022-05-01,11850,XOM,EXXON MOBIL CORP,1.0
2022-05-01,13210,EPAM,EPAM SYSTEMS INC,1.0
2022-05-01,13610,OLN,OLIN CORP,1.0
2022-05-01,13766,BCC,BOISE CASCADE CO,1.0
2022-05-01,13901,MO,ALTRIA GROUP INC,1.0
2022-05-01,13936,PVH,P V H CORP,1.0
2022-05-01,14702,AMAT,APPLIED MATERIALS INC,1.0
2022-05-01,14751,VRTV,VERITIV CORP,1.0
2022-05-01,15069,MRO,MARATHON OIL CORP,1.0
2022-05-01,17672,EAF,GRAFTECH INTERNATIONAL LTD NEW,1.0
2022-05-01,17743,WRB,BERKLEY W R CORP,1.0
2022-05-01,20482,ABT,ABBOTT LABORATORIES,1.0
2022-05-01,22111,JNJ,JOHNSON & JOHNSON,1.0
2022-05-01,22752,MRK,MERCK & CO INC NEW,1.0
2022-05-01,23660,CTAS,CINTAS CORP,1.0
2022-05-01,25487,CAR,AVIS BUDGET GROUP INC,1.0
2022-05-01,39490,APA,A P A CORP,1.0
2022-05-01,44943,DIOD,DIODES INC,1.0
2022-05-01,49429,DDS,DILLARDS INC,1.0
2022-05-01,50948,SMTC,SEMTECH CORP,1.0
2022-05-01,53613,MU,MICRON TECHNOLOGY INC,1.0
2022-05-01,57809,NDSN,NORDSON CORP,1.0
2022-05-01,76076,CSCO,CISCO SYSTEMS INC,1.0
2022-05-01,76841,BIIB,BIOGEN INC,1.0
2022-05-01,77357,SNPS,SYNOPSYS INC,1.0
2022-05-01,77462,M,MACYS INC,1.0
2022-05-01,79698,IT,GARTNER INC,1.0
2022-05-01,80864,RS,RELIANCE STEEL & ALUMINUM CO,1.0
2022-05-01,85072,RL,RALPH LAUREN CORP,1.0
2022-05-01,85593,AMG,AFFILIATED MANAGERS GROUP INC,1.0
2022-05-01,86047,AMKR,AMKOR TECHNOLOGY INC,1.0
2022-05-01,86158,CTSH,COGNIZANT TECHNOLOGY SOLS CORP,1.0
2022-05-01,86228,RSG,REPUBLIC SERVICES INC,1.0
2022-05-01,86594,KFY,KORN FERRY,1.0
2022-05-01,88159,EXEL,EXELIXIS INC,1.0
2022-05-01,88661,TPR,TAPESTRY INC,1.0
2022-05-01,89179,ANTM,ANTHEM INC,1.0
2022-05-01,90312,WLK,WESTLAKE CORP,1.0
2022-05-01,90829,CF,C F INDUSTRIES HOLDINGS INC,1.0
2022-05-01,92602,PM,PHILIP MORRIS INTERNATIONAL INC,1.0
2022-05-01,93002,AVGO,BROADCOM INC,1.0
2022-05-01,92655,UNH,UNITEDHEALTH GROUP INC,0.997179
2022-05-01,18163,PG,PROCTER & GAMBLE CO,0.99212
2022-05-01,75825,EOG,EOG RESOURCES INC,0.985191
2022-05-01,16119,ATKR,ATKORE INC,0.984827
2022-05-01,84042,PAG,PENSKE AUTOMOTIVE GROUP INC,0.98192
2022-05-01,14541,CVX,CHEVRON CORP NEW,0.962132
2022-05-01,62341,PDCE,P D C ENERGY INC,0.959512
2022-05-01,13928,COP,CONOCOPHILLIPS,0.955163
2022-05-01,76573,MLI,MUELLER INDUSTRIES INC,0.95311
2022-05-01,80575,SSD,SIMPSON MANUFACTURING CO INC,0.95298
2022-05-01,21936,PFE,PFIZER INC,0.947809
2022-05-01,85992,MANH,MANHATTAN ASSOCIATES INC,0.941135
2022-05-01,91531,OC,OWENS CORNING NEW,0.940774
2022-05-01,91516,AWI,ARMSTRONG WORLD INDS INC NEW,0.940525
2022-05-01,76095,HOLX,HOLOGIC INC,0.937089
2022-05-01,46674,GPC,GENUINE PARTS CO,0.934149
2022-05-01,64194,CHE,CHEMED CORP NEW,0.92937
2022-05-01,68196,SEIC,S E I INVESTMENTS CO,0.925391
2022-05-01,22103,EMR,EMERSON ELECTRIC CO,0.919698
2022-05-01,13788,ZTS,ZOETIS INC,0.916802
2022-05-01,62148,CSX,C S X CORP,0.915803
2022-05-01,89866,LKQ,L K Q CORP,0.908824
2022-05-01,85863,COLM,COLUMBIA SPORTSWEAR CO,0.907507
2022-05-01,10107,MSFT,MICROSOFT CORP,0.900096
2022-05-01,85427,GPI,GROUP 1 AUTOMOTIVE INC,0.893626
2022-05-01,15579,TXN,TEXAS INSTRUMENTS INC,0.890542
2022-05-01,14593,AAPL,APPLE INC,0.888798
2022-05-01,20204,CR,CRANE CO,0.888677
2022-05-01,12062,LH,LABORATORY CORP AMERICA HLDGS,0.88535
2022-05-01,90550,DLB,DOLBY LABORATORIES INC,0.884584
2022-05-01,90880,AMP,AMERIPRISE FINANCIAL INC,0.883869
2022-05-01,90520,CE,CELANESE CORP DEL,0.882564
2022-05-01,22779,MSI,MOTOROLA SOLUTIONS INC,0.88225
2022-05-01,89968,PIPR,PIPER SANDLER COMPANIES,0.876001
2022-05-01,13748,TPH,TRI POINTE HOMES INC,0.868008
2022-05-01,85621,MTD,METTLER TOLEDO INTERNATIONAL INC,0.867374
2022-05-01,48725,UNP,UNION PACIFIC CORP,0.857508
2022-05-01,87432,A,AGILENT TECHNOLOGIES INC,0.857309
2022-05-01,12622,HCA,H C A HEALTHCARE INC,0.836692
2022-05-01,91413,EVR,EVERCORE INC,0.832522
2022-05-01,61313,DCI,DONALDSON INC,0.830777
2022-05-01,62092,TMO,THERMO FISHER SCIENTIFIC INC,0.828973
2022-05-01,89792,CVCO,CAVCO INDUSTRIES INC DEL,0.828517
2022-05-01,56223,LPX,LOUISIANA PACIFIC CORP,0.825938
2022-05-01,90319,GOOGL,ALPHABET INC,0.820496
2022-05-01,82800,SCCO,SOUTHERN COPPER CORP,0.820385
2022-05-01,82651,WAT,WATERS CORP,0.813113
2022-05-01,13837,EVTC,EVERTEC INC,0.790134
2022-05-01,70228,TOL,TOLL BROTHERS INC,0.789664
2022-05-01,15623,HLI,HOULIHAN LOKEY INC,0.786954
2022-05-01,49680,DHR,DANAHER CORP,0.78488
2022-05-01,93330,PRI,PRIMERICA INC,0.775331
2022-05-01,46886,KLAC,K L A CORP,0.744251
2022-05-01,25953,DOV,DOVER CORP,0.736206
2022-05-01,76795,ZBRA,ZEBRA TECHNOLOGIES CORP,0.725977
2022-05-01,11600,XRAY,DENTSPLY SIRONA INC,0.718484
2022-05-01,91575,HRI,HERC HOLDINGS INC,0.704559
2022-05-01,62498,WST,WEST PHARMACEUTICAL SERVICES INC,0.672282
2022-05-01,14008,AMGN,AMGEN INC,0.668011
2022-05-01,13802,APAM,ARTISAN PARTNERS ASSET MGMT INC,0.659457
2022-05-01,76709,IDXX,I D E X X LABORATORIES INC,0.646037
2022-05-01,92402,MSCI,M S C I INC,0.590243
2022-05-01,79103,ORLY,O REILLY AUTOMOTIVE INC NEW,0.586958
2022-05-01,92611,V,VISA INC,0.547617
2022-05-01,78170,SM,S M ENERGY CO,0.539091
2022-05-01,13407,FB,META PLATFORMS INC,0.528219
2022-05-01,84373,DGX,QUEST DIAGNOSTICS INC,0.412467
2022-05-01,75510,ADBE,ADOBE INC,0.352408
2022-05-01,11343,SAFM,SANDERSON FARMS INC,0.150017
2022-05-01,64311,NSC,NORFOLK SOUTHERN CORP,0.138228
2022-05-01,14776,SYF,SYNCHRONY FINANCIAL,0.123316
2022-05-01,34817,NUE,NUCOR CORP,0.112821
2022-05-01,78987,MCHP,MICROCHIP TECHNOLOGY INC,0.110376
2022-05-01,80080,EMN,EASTMAN CHEMICAL CO,0.084133
2022-05-01,81774,FCX,FREEPORT MCMORAN INC,0.058688
2022-05-01,91204,POR,PORTLAND GENERAL ELECTRIC CO,0.021212
2022-05-01,14574,MC,MOELIS & CO,0.009001
2022-05-01,10777,FCNCA,FIRST CITIZENS BANCSHARES INC NC,-0.089027
2022-05-01,88949,SGEN,SEAGEN INC,-0.166774
2022-05-01,14401,OGS,ONE GAS INC,-0.251006
2022-05-01,83779,PEGA,PEGASYSTEMS INC,-0.293549
2022-05-01,17034,ALTR,ALTAIR ENGINEERING INC,-0.315931
2022-05-01,25320,CPB,CAMPBELL SOUP CO,-0.394502
2022-05-01,92648,ENOV,ENOVIS CORP,-0.505415
2022-05-01,90505,LVS,LAS VEGAS SANDS CORP,-0.565695
2022-05-01,15108,NEWR,NEW RELIC INC,-0.570728
2022-05-01,14988,LBRDK,LIBERTY BROADBAND CORP,-0.580647
2022-05-01,19561,BA,BOEING CO,-0.58405
2022-05-01,15694,PEN,PENUMBRA INC,-0.600469
2022-05-01,14882,CZR,CAESARS ENTERTAINMENT INC DE,-0.605333
2022-05-01,14472,VRNS,VARONIS SYSTEMS INC,-0.625761
2022-05-01,14325,TNDM,TANDEM DIABETES CARE INC,-0.640858
2022-05-01,16968,MDB,MONGODB INC,-0.670378
2022-05-01,76136,KMPR,KEMPER CORP DE,-0.682028
2022-05-01,90454,MKTX,MARKETAXESS HLDGS INC,-0.691031
2022-05-01,15627,PLNT,PLANET FITNESS INC,-0.75332
2022-05-01,43350,SWK,STANLEY BLACK & DECKER INC,-0.767208
2022-05-01,18100,ARVN,ARVINAS INC,-0.768815
2022-05-01,12060,GE,GENERAL ELECTRIC CO,-0.781193
2022-05-01,40272,IFF,INTERNATIONAL FLAVORS & FRAG INC,-0.784528
2022-05-01,14516,QTWO,Q 2 HOLDINGS INC,-0.79269
2022-05-01,17701,SMAR,SMARTSHEET INC,-0.798195
2022-05-01,16343,YUMC,YUM CHINA HOLDINGS INC,-0.805511
2022-05-01,13379,SPLK,SPLUNK INC,-0.821038
2022-05-01,17700,CDAY,CERIDIAN H C M HOLDING INC,-0.821057
2022-05-01,90444,ORA,ORMAT TECHNOLOGIES INC,-0.822226
2022-05-01,18190,AXNX,AXONICS INC,-0.827759
2022-05-01,92052,TTGT,TECHTARGET INC,-0.828088
2022-05-01,91594,SPR,SPIRIT AEROSYSTEMS HOLDINGS INC,-0.840893
2022-05-01,87075,ZD,ZIFF DAVIS INC,-0.840933
2022-05-01,15452,EVH,EVOLENT HEALTH INC,-0.851975
2022-05-01,15046,NVRO,NEVRO CORP,-0.852859
2022-05-01,46578,CLX,CLOROX CO,-0.861365
2022-05-01,91041,LYV,LIVE NATION ENTERTAINMENT INC,-0.867978
2022-05-01,18135,GH,GUARDANT HEALTH INC,-0.887017
2022-05-01,91926,DAL,DELTA AIR LINES INC,-0.890856
2022-05-01,90808,EXPE,EXPEDIA GROUP INC,-0.89099
2022-05-01,14811,FWONK,LIBERTY MEDIA CORP 3RD NEW,-0.892431
2022-05-01,80069,ARWR,ARROWHEAD PHARMACEUTICALS INC,-0.893853
2022-05-01,92050,PODD,INSULET CORP,-0.897106
2022-05-01,91579,KBR,K B R INC,-0.89947
2022-05-01,15222,IOVA,IOVANCE BIOTHERAPEUTICS INC,-0.909873
2022-05-01,13181,GWRE,GUIDEWIRE SOFTWARE INC,-0.918796
2022-05-01,14803,HQY,HEALTHEQUITY INC,-0.924044
2022-05-01,18150,ETRN,EQUITRANS MIDSTREAM CORP,-0.931243
2022-05-01,16678,KR,KROGER CO,-0.940524
2022-05-01,14329,ARMK,ARAMARK,-0.943748
2022-05-01,93263,CELH,CELSIUS HOLDINGS INC,-0.945746
2022-05-01,32986,ATO,ATMOS ENERGY CORP,-0.948996
2022-05-01,93098,H,HYATT HOTELS CORP,-0.977764
2022-05-01,76661,IONS,IONIS PHARMACEUTICALS INC,-0.992404
2022-05-01,14338,HLT,HILTON WORLDWIDE HOLDINGS INC,-0.995344
2022-05-01,21792,CNP,CENTERPOINT ENERGY INC,-0.998984
2022-05-01,12591,APO,APOLLO GLOBAL MANAGEMENT INC NEW,-1.0
2022-05-01,13168,TRIP,TRIPADVISOR INC,-1.0
2022-05-01,13511,PANW,PALO ALTO NETWORKS INC,-1.0
2022-05-01,13688,PCG,P G & E CORP,-1.0
2022-05-01,13967,PTCT,P T C THERAPEUTICS INC,-1.0
2022-05-01,14054,MRTX,MIRATI THERAPEUTICS INC,-1.0
2022-05-01,14136,RNG,RINGCENTRAL INC,-1.0
2022-05-01,14179,AR,ANTERO RESOURCES CORP,-1.0
2022-05-01,14432,ITCI,INTRA CELLULAR THERAPIES INC,-1.0
2022-05-01,14436,RARE,ULTRAGENYX PHARMACEUTICALS INC,-1.0
2022-05-01,14596,FIVN,FIVE 9 INC,-1.0
2022-05-01,14617,ARES,ARES MANAGEMENT CORP,-1.0
2022-05-01,14641,ZEN,ZENDESK INC,-1.0
2022-05-01,15067,FRPT,FRESHPET INC,-1.0
2022-05-01,15284,BPMC,BLUEPRINT MEDICINES CORP,-1.0
2022-05-01,15351,FTAI,FORTRESS TRANS AND INFR INV LLC,-1.0
2022-05-01,15534,NTRA,NATERA INC,-1.0
2022-05-01,15541,RPD,RAPID7 INC,-1.0
2022-05-01,16064,NTLA,INTELLIA THERAPEUTICS INC,-1.0
2022-05-01,16140,TWLO,TWILIO INC,-1.0
2022-05-01,16381,BL,BLACKLINE INC,-1.0
2022-05-01,16382,COUP,COUPA SOFTWARE INC,-1.0
2022-05-01,16597,AYX,ALTERYX INC,-1.0
2022-05-01,16649,OKTA,OKTA INC,-1.0
2022-05-01,16736,VST,VISTRA CORP,-1.0
2022-05-01,16966,SWCH,SWITCH INC,-1.0
2022-05-01,17104,APLS,APELLIS PHARMACEUTICALS INC,-1.0
2022-05-01,17125,DNLI,DENALI THERAPEUTICS INC,-1.0
2022-05-01,17341,ZS,ZSCALER INC,-1.0
2022-05-01,17855,AVLR,AVALARA INC,-1.0
2022-05-01,17949,BE,BLOOM ENERGY CORP,-1.0
2022-05-01,17987,VRT,VERTIV HOLDINGS CO,-1.0
2022-05-01,18134,UPWK,UPWORK INC,-1.0
2022-05-01,18452,LYFT,LYFT INC,-1.0
2022-05-01,18482,PD,PAGERDUTY INC,-1.0
2022-05-01,24328,EQT,E Q T CORP,-1.0
2022-05-01,32870,HRL,HORMEL FOODS CORP,-1.0
2022-05-01,35991,ROG,ROGERS CORP,-1.0
2022-05-01,42585,SJM,SMUCKER J M CO,-1.0
2022-05-01,50017,RRC,RANGE RESOURCES CORP,-1.0
2022-05-01,52090,MKC,MCCORMICK & CO INC,-1.0
2022-05-01,54114,MLKN,MILLERKNOLL INC,-1.0
2022-05-01,77300,SMG,SCOTTS MIRACLE GRO CO,-1.0
2022-05-01,78875,WOLF,WOLFSPEED INC,-1.0
2022-05-01,82634,SAM,BOSTON BEER INC,-1.0
2022-05-01,84348,VSAT,VIASAT INC,-1.0
2022-05-01,84761,TTWO,TAKE TWO INTERACTIVE SOFTWR INC,-1.0
2022-05-01,85002,SRPT,SAREPTA THERAPEUTICS INC,-1.0
2022-05-01,85738,MRCY,MERCURY SYSTEMS INC,-1.0
2022-05-01,88351,INSM,INSMED INC,-1.0
2022-05-01,88863,EXAS,EXACT SCIENCES CORP,-1.0
2022-05-01,89031,AXON,AXON ENTERPRISE INC,-1.0
2022-05-01,89508,KMX,CARMAX INC,-1.0
2022-05-01,90126,CYTK,CYTOKINETICS INC,-1.0
2022-05-01,90178,ALNY,ALNYLAM PHARMACEUTICALS INC,-1.0
2022-05-01,90248,DPZ,DOMINOS PIZZA INC,-1.0
2022-05-01,91103,UAL,UNITED AIRLINES HOLDINGS INC,-1.0
2022-05-01,91733,AVAV,AEROVIRONMENT INC,-1.0
2022-06-01,10107,MSFT,MICROSOFT CORP,1.0
2022-06-01,11403,CDNS,CADENCE DESIGN SYSTEMS INC,1.0
2022-06-01,11691,MATX,MATSON INC,1.0
2022-06-01,11850,XOM,EXXON MOBIL CORP,1.0
2022-06-01,13210,EPAM,EPAM SYSTEMS INC,1.0
2022-06-01,13610,OLN,OLIN CORP,1.0
2022-06-01,13766,BCC,BOISE CASCADE CO,1.0
2022-06-01,13901,MO,ALTRIA GROUP INC,1.0
2022-06-01,13928,COP,CONOCOPHILLIPS,1.0
2022-06-01,13936,PVH,P V H CORP,1.0
2022-06-01,14541,CVX,CHEVRON CORP NEW,1.0
2022-06-01,14702,AMAT,APPLIED MATERIALS INC,1.0
2022-06-01,14751,VRTV,VERITIV CORP,1.0
2022-06-01,15069,MRO,MARATHON OIL CORP,1.0
2022-06-01,16119,ATKR,ATKORE INC,1.0
2022-06-01,17672,EAF,GRAFTECH INTERNATIONAL LTD NEW,1.0
2022-06-01,17743,WRB,BERKLEY W R CORP,1.0
2022-06-01,20482,ABT,ABBOTT LABORATORIES,1.0
2022-06-01,21936,PFE,PFIZER INC,1.0
2022-06-01,22111,JNJ,JOHNSON & JOHNSON,1.0
2022-06-01,22752,MRK,MERCK & CO INC NEW,1.0
2022-06-01,23660,CTAS,CINTAS CORP,1.0
2022-06-01,25487,CAR,AVIS BUDGET GROUP INC,1.0
2022-06-01,39490,APA,A P A CORP,1.0
2022-06-01,44943,DIOD,DIODES INC,1.0
2022-06-01,50948,SMTC,SEMTECH CORP,1.0
2022-06-01,53613,MU,MICRON TECHNOLOGY INC,1.0
2022-06-01,57809,NDSN,NORDSON CORP,1.0
2022-06-01,62148,CSX,C S X CORP,1.0
2022-06-01,75825,EOG,EOG RESOURCES INC,1.0
2022-06-01,77357,SNPS,SYNOPSYS INC,1.0
2022-06-01,81774,FCX,FREEPORT MCMORAN INC,1.0
2022-06-01,84042,PAG,PENSKE AUTOMOTIVE GROUP INC,1.0
2022-06-01,85593,AMG,AFFILIATED MANAGERS GROUP INC,1.0
2022-06-01,86047,AMKR,AMKOR TECHNOLOGY INC,1.0
2022-06-01,86594,KFY,KORN FERRY,1.0
2022-06-01,88417,ACLS,AXCELIS TECHNOLOGIES INC,1.0
2022-06-01,88661,TPR,TAPESTRY INC,1.0
2022-06-01,89179,ANTM,ANTHEM INC,1.0
2022-06-01,89968,PIPR,PIPER SANDLER COMPANIES,1.0
2022-06-01,90312,WLK,WESTLAKE CORP,1.0
2022-06-01,90319,GOOGL,ALPHABET INC,1.0
2022-06-01,90829,CF,C F INDUSTRIES HOLDINGS INC,1.0
2022-06-01,91233,MA,MASTERCARD INC,1.0
2022-06-01,92602,PM,PHILIP MORRIS INTERNATIONAL INC,1.0
2022-06-01,93002,AVGO,BROADCOM INC,1.0
2022-06-01,86228,RSG,REPUBLIC SERVICES INC,0.99649
2022-06-01,80575,SSD,SIMPSON MANUFACTURING CO INC,0.995708
2022-06-01,49429,DDS,DILLARDS INC,0.992024
2022-06-01,91531,OC,OWENS CORNING NEW,0.988594
2022-06-01,80864,RS,RELIANCE STEEL & ALUMINUM CO,0.984582
2022-06-01,46674,GPC,GENUINE PARTS CO,0.981844
2022-06-01,76095,HOLX,HOLOGIC INC,0.979497
2022-06-01,77462,M,MACYS INC,0.978179
2022-06-01,92655,UNH,UNITEDHEALTH GROUP INC,0.973794
2022-06-01,68196,SEIC,S E I INVESTMENTS CO,0.970114
2022-06-01,85072,RL,RALPH LAUREN CORP,0.968545
2022-06-01,76841,BIIB,BIOGEN INC,0.963827
2022-06-01,76573,MLI,MUELLER INDUSTRIES INC,0.947537
2022-06-01,89866,LKQ,L K Q CORP,0.945468
2022-06-01,90520,CE,CELANESE CORP DEL,0.939834
2022-06-01,15579,TXN,TEXAS INSTRUMENTS INC,0.93067
2022-06-01,91516,AWI,ARMSTRONG WORLD INDS INC NEW,0.929798
2022-06-01,86158,CTSH,COGNIZANT TECHNOLOGY SOLS CORP,0.9266
2022-06-01,90880,AMP,AMERIPRISE FINANCIAL INC,0.923799
2022-06-01,85427,GPI,GROUP 1 AUTOMOTIVE INC,0.923218
2022-06-01,76076,CSCO,CISCO SYSTEMS INC,0.919456
2022-06-01,87432,A,AGILENT TECHNOLOGIES INC,0.916634
2022-06-01,64194,CHE,CHEMED CORP NEW,0.916528
2022-06-01,18163,PG,PROCTER & GAMBLE CO,0.913521
2022-06-01,12062,LH,LABORATORY CORP AMERICA HLDGS,0.911507
2022-06-01,22779,MSI,MOTOROLA SOLUTIONS INC,0.906957
2022-06-01,91413,EVR,EVERCORE INC,0.904577
2022-06-01,79698,IT,GARTNER INC,0.902808
2022-06-01,90550,DLB,DOLBY LABORATORIES INC,0.888979
2022-06-01,20204,CR,CRANE HOLDINGS CO,0.887491
2022-06-01,56223,LPX,LOUISIANA PACIFIC CORP,0.886637
2022-06-01,61313,DCI,DONALDSON INC,0.885411
2022-06-01,13748,TPH,TRI POINTE HOMES INC,0.884539
2022-06-01,13788,ZTS,ZOETIS INC,0.883831
2022-06-01,82651,WAT,WATERS CORP,0.87976
2022-06-01,85621,MTD,METTLER TOLEDO INTERNATIONAL INC,0.872939
2022-06-01,85992,MANH,MANHATTAN ASSOCIATES INC,0.871496
2022-06-01,85863,COLM,COLUMBIA SPORTSWEAR CO,0.862282
2022-06-01,70228,TOL,TOLL BROTHERS INC,0.859243
2022-06-01,46886,KLAC,K L A CORP,0.852956
2022-06-01,14593,AAPL,APPLE INC,0.840083
2022-06-01,82800,SCCO,SOUTHERN COPPER CORP,0.832543
2022-06-01,49680,DHR,DANAHER CORP,0.824301
2022-06-01,12622,HCA,H C A HEALTHCARE INC,0.820251
2022-06-01,88159,EXEL,EXELIXIS INC,0.820194
2022-06-01,15623,HLI,HOULIHAN LOKEY INC,0.811751
2022-06-01,48725,UNP,UNION PACIFIC CORP,0.808838
2022-06-01,13802,APAM,ARTISAN PARTNERS ASSET MGMT INC,0.80525
2022-06-01,13837,EVTC,EVERTEC INC,0.760612
2022-06-01,93330,PRI,PRIMERICA INC,0.757245
2022-06-01,25953,DOV,DOVER CORP,0.742097
2022-06-01,14008,AMGN,AMGEN INC,0.741119
2022-06-01,78170,SM,S M ENERGY CO,0.732228
2022-06-01,11600,XRAY,DENTSPLY SIRONA INC,0.710538
2022-06-01,76795,ZBRA,ZEBRA TECHNOLOGIES CORP,0.663951
2022-06-01,62498,WST,WEST PHARMACEUTICAL SERVICES INC,0.662089
2022-06-01,91575,HRI,HERC HOLDINGS INC,0.6491
2022-06-01,92402,MSCI,M S C I INC,0.621288
2022-06-01,79103,ORLY,O REILLY AUTOMOTIVE INC NEW,0.616409
2022-06-01,92611,V,VISA INC,0.546037
2022-06-01,13407,FB,META PLATFORMS INC,0.510061
2022-06-01,62341,PDCE,P D C ENERGY INC,0.464292
2022-06-01,75510,ADBE,ADOBE INC,0.370572
2022-06-01,11343,SAFM,SANDERSON FARMS INC,0.158362
2022-06-01,64311,NSC,NORFOLK SOUTHERN CORP,0.12904
2022-06-01,14776,SYF,SYNCHRONY FINANCIAL,0.124049
2022-06-01,78987,MCHP,MICROCHIP TECHNOLOGY INC,0.123469
2022-06-01,34817,NUE,NUCOR CORP,0.096517
2022-06-01,80080,EMN,EASTMAN CHEMICAL CO,0.090244
2022-06-01,89525,CMCSA,COMCAST CORP NEW,0.088056
2022-06-01,91204,POR,PORTLAND GENERAL ELECTRIC CO,0.022066
2022-06-01,14574,MC,MOELIS & CO,0.009674
2022-06-01,10777,FCNCA,FIRST CITIZENS BANCSHARES INC NC,-0.097562
2022-06-01,88949,SGEN,SEAGEN INC,-0.172668
2022-06-01,14401,OGS,ONE GAS INC,-0.260703
2022-06-01,75182,PII,POLARIS INC,-0.316396
2022-06-01,17034,ALTR,ALTAIR ENGINEERING INC,-0.319557
2022-06-01,90775,THS,TREEHOUSE FOODS INC,-0.330213
2022-06-01,16736,VST,VISTRA CORP,-0.345717
2022-06-01,14763,CTLT,CATALENT INC,-0.394999
2022-06-01,25320,CPB,CAMPBELL SOUP CO,-0.400145
2022-06-01,15108,NEWR,NEW RELIC INC,-0.422526
2022-06-01,87075,ZD,ZIFF DAVIS INC,-0.428685
2022-06-01,16968,MDB,MONGODB INC,-0.447714
2022-06-01,14325,TNDM,TANDEM DIABETES CARE INC,-0.452615
2022-06-01,14472,VRNS,VARONIS SYSTEMS INC,-0.478834
2022-06-01,15694,PEN,PENUMBRA INC,-0.511063
2022-06-01,19561,BA,BOEING CO,-0.515436
2022-06-01,92648,ENOV,ENOVIS CORP,-0.516713
2022-06-01,18452,LYFT,LYFT INC,-0.542024
2022-06-01,90505,LVS,LAS VEGAS SANDS CORP,-0.566
2022-06-01,17701,SMAR,SMARTSHEET INC,-0.588533
2022-06-01,18135,GH,GUARDANT HEALTH INC,-0.588868
2022-06-01,91594,SPR,SPIRIT AEROSYSTEMS HOLDINGS INC,-0.628211
2022-06-01,18100,ARVN,ARVINAS INC,-0.644216
2022-06-01,14988,LBRDK,LIBERTY BROADBAND CORP,-0.649791
2022-06-01,15627,PLNT,PLANET FITNESS INC,-0.662159
2022-06-01,13379,SPLK,SPLUNK INC,-0.689845
2022-06-01,80069,ARWR,ARROWHEAD PHARMACEUTICALS INC,-0.72507
2022-06-01,15541,RPD,RAPID7 INC,-0.741632
2022-06-01,15067,FRPT,FRESHPET INC,-0.770662
2022-06-01,91041,LYV,LIVE NATION ENTERTAINMENT INC,-0.78636
2022-06-01,14516,QTWO,Q 2 HOLDINGS INC,-0.80777
2022-06-01,78875,WOLF,WOLFSPEED INC,-0.819996
2022-06-01,12060,GE,GENERAL ELECTRIC CO,-0.820144
2022-06-01,90454,MKTX,MARKETAXESS HLDGS INC,-0.830185
2022-06-01,13181,GWRE,GUIDEWIRE SOFTWARE INC,-0.844537
2022-06-01,40272,IFF,INTERNATIONAL FLAVORS & FRAG INC,-0.854591
2022-06-01,91926,DAL,DELTA AIR LINES INC,-0.86284
2022-06-01,16597,AYX,ALTERYX INC,-0.866515
2022-06-01,43350,SWK,STANLEY BLACK & DECKER INC,-0.868718
2022-06-01,15452,EVH,EVOLENT HEALTH INC,-0.870598
2022-06-01,46578,CLX,CLOROX CO,-0.872449
2022-06-01,92052,TTGT,TECHTARGET INC,-0.874338
2022-06-01,17987,VRT,VERTIV HOLDINGS CO,-0.876788
2022-06-01,90444,ORA,ORMAT TECHNOLOGIES INC,-0.889652
2022-06-01,14811,FWONK,LIBERTY MEDIA CORP 3RD NEW,-0.891584
2022-06-01,14329,ARMK,ARAMARK,-0.899986
2022-06-01,89031,AXON,AXON ENTERPRISE INC,-0.90308
2022-06-01,93098,H,HYATT HOTELS CORP,-0.909815
2022-06-01,42585,SJM,SMUCKER J M CO,-0.921534
2022-06-01,52090,MKC,MCCORMICK & CO INC,-0.921638
2022-06-01,16678,KR,KROGER CO,-0.926555
2022-06-01,32870,HRL,HORMEL FOODS CORP,-0.928687
2022-06-01,16140,TWLO,TWILIO INC,-0.940222
2022-06-01,91103,UAL,UNITED AIRLINES HOLDINGS INC,-0.942861
2022-06-01,18150,ETRN,EQUITRANS MIDSTREAM CORP,-0.949538
2022-06-01,13688,PCG,P G & E CORP,-0.96412
2022-06-01,13168,TRIP,TRIPADVISOR INC,-0.967359
2022-06-01,32986,ATO,ATMOS ENERGY CORP,-0.978982
2022-06-01,11370,ENV,ENVESTNET INC,-1.0
2022-06-01,12591,APO,APOLLO GLOBAL MANAGEMENT INC NEW,-1.0
2022-06-01,13511,PANW,PALO ALTO NETWORKS INC,-1.0
2022-06-01,13967,PTCT,P T C THERAPEUTICS INC,-1.0
2022-06-01,14054,MRTX,MIRATI THERAPEUTICS INC,-1.0
2022-06-01,14179,AR,ANTERO RESOURCES CORP,-1.0
2022-06-01,14432,ITCI,INTRA CELLULAR THERAPIES INC,-1.0
2022-06-01,14436,RARE,ULTRAGENYX PHARMACEUTICALS INC,-1.0
2022-06-01,14596,FIVN,FIVE 9 INC,-1.0
2022-06-01,14617,ARES,ARES MANAGEMENT CORP,-1.0
2022-06-01,14641,ZEN,ZENDESK INC,-1.0
2022-06-01,14803,HQY,HEALTHEQUITY INC,-1.0
2022-06-01,14882,CZR,CAESARS ENTERTAINMENT INC DE,-1.0
2022-06-01,15119,WK,WORKIVA INC,-1.0
2022-06-01,15284,BPMC,BLUEPRINT MEDICINES CORP,-1.0
2022-06-01,15534,NTRA,NATERA INC,-1.0
2022-06-01,15917,GCP,G C P APPLIED TECHNOLOGIES INC,-1.0
2022-06-01,15921,WBT,WELBILT INC,-1.0
2022-06-01,16064,NTLA,INTELLIA THERAPEUTICS INC,-1.0
2022-06-01,16343,YUMC,YUM CHINA HOLDINGS INC,-1.0
2022-06-01,16381,BL,BLACKLINE INC,-1.0
2022-06-01,16382,COUP,COUPA SOFTWARE INC,-1.0
2022-06-01,16649,OKTA,OKTA INC,-1.0
2022-06-01,16966,SWCH,SWITCH INC,-1.0
2022-06-01,17104,APLS,APELLIS PHARMACEUTICALS INC,-1.0
2022-06-01,17125,DNLI,DENALI THERAPEUTICS INC,-1.0
2022-06-01,17341,ZS,ZSCALER INC,-1.0
2022-06-01,17700,CDAY,CERIDIAN H C M HOLDING INC,-1.0
2022-06-01,17855,AVLR,AVALARA INC,-1.0
2022-06-01,18134,UPWK,UPWORK INC,-1.0
2022-06-01,18190,AXNX,AXONICS INC,-1.0
2022-06-01,24328,EQT,E Q T CORP,-1.0
2022-06-01,35991,ROG,ROGERS CORP,-1.0
2022-06-01,50017,RRC,RANGE RESOURCES CORP,-1.0
2022-06-01,54114,MLKN,MILLERKNOLL INC,-1.0
2022-06-01,59010,GPS,GAP INC,-1.0
2022-06-01,76128,VICR,VICOR CORP,-1.0
2022-06-01,76136,KMPR,KEMPER CORP DE,-1.0
2022-06-01,76226,PARA,PARAMOUNT GLOBAL,-1.0
2022-06-01,76661,IONS,IONIS PHARMACEUTICALS INC,-1.0
2022-06-01,77300,SMG,SCOTTS MIRACLE GRO CO,-1.0
2022-06-01,77366,ELY,CALLAWAY GOLF CO,-1.0
2022-06-01,82634,SAM,BOSTON BEER INC,-1.0
2022-06-01,84348,VSAT,VIASAT INC,-1.0
2022-06-01,84761,TTWO,TAKE TWO INTERACTIVE SOFTWR INC,-1.0
2022-06-01,85002,SRPT,SAREPTA THERAPEUTICS INC,-1.0
2022-06-01,85738,MRCY,MERCURY SYSTEMS INC,-1.0
2022-06-01,88351,INSM,INSMED INC,-1.0
2022-06-01,88863,EXAS,EXACT SCIENCES CORP,-1.0
2022-06-01,89508,KMX,CARMAX INC,-1.0
2022-06-01,90177,ACAD,ACADIA PHARMACEUTICALS,-1.0
2022-06-01,90178,ALNY,ALNYLAM PHARMACEUTICALS INC,-1.0
2022-06-01,90248,DPZ,DOMINOS PIZZA INC,-1.0
2022-06-01,90978,SPWR,SUNPOWER CORP,-1.0
2022-06-01,91237,VG,VONAGE HOLDINGS CORP,-1.0
2022-06-01,91579,KBR,K B R INC,-1.0
2022-06-01,91733,AVAV,AEROVIRONMENT INC,-1.0
2022-06-01,92050,PODD,INSULET CORP,-1.0
2022-06-01,92601,NOG,NORTHERN OIL & GAS INC,-1.0
2022-06-01,93263,CELH,CELSIUS HOLDINGS INC,-1.0
2022-07-01,10107,MSFT,MICROSOFT CORP,1.0
2022-07-01,11403,CDNS,CADENCE DESIGN SYSTEMS INC,1.0
2022-07-01,11691,MATX,MATSON INC,1.0
2022-07-01,11995,COKE,COCA COLA CONSOLIDATED INC,1.0
2022-07-01,13284,ALSN,ALLISON TRANSMISSION HLDGS INC,1.0
2022-07-01,13610,OLN,OLIN CORP,1.0
2022-07-01,13766,BCC,BOISE CASCADE CO,1.0
2022-07-01,13901,MO,ALTRIA GROUP INC,1.0
2022-07-01,13928,COP,CONOCOPHILLIPS,1.0
2022-07-01,13936,PVH,P V H CORP,1.0
2022-07-01,14593,AAPL,APPLE INC,1.0
2022-07-01,15069,MRO,MARATHON OIL CORP,1.0
2022-07-01,17743,WRB,BERKLEY W R CORP,1.0
2022-07-01,20482,ABT,ABBOTT LABORATORIES,1.0
2022-07-01,21936,PFE,PFIZER INC,1.0
2022-07-01,22752,MRK,MERCK & CO INC NEW,1.0
2022-07-01,23660,CTAS,CINTAS CORP,1.0
2022-07-01,25487,CAR,AVIS BUDGET GROUP INC,1.0
2022-07-01,44943,DIOD,DIODES INC,1.0
2022-07-01,49429,DDS,DILLARDS INC,1.0
2022-07-01,50876,LLY,LILLY ELI & CO,1.0
2022-07-01,50948,SMTC,SEMTECH CORP,1.0
2022-07-01,53613,MU,MICRON TECHNOLOGY INC,1.0
2022-07-01,56223,LPX,LOUISIANA PACIFIC CORP,1.0
2022-07-01,62148,CSX,C S X CORP,1.0
2022-07-01,70228,TOL,TOLL BROTHERS INC,1.0
2022-07-01,76076,CSCO,CISCO SYSTEMS INC,1.0
2022-07-01,77357,SNPS,SYNOPSYS INC,1.0
2022-07-01,77462,M,MACYS INC,1.0
2022-07-01,78987,MCHP,MICROCHIP TECHNOLOGY INC,1.0
2022-07-01,81774,FCX,FREEPORT MCMORAN INC,1.0
2022-07-01,84042,PAG,PENSKE AUTOMOTIVE GROUP INC,1.0
2022-07-01,85072,RL,RALPH LAUREN CORP,1.0
2022-07-01,86158,CTSH,COGNIZANT TECHNOLOGY SOLS CORP,1.0
2022-07-01,86228,RSG,REPUBLIC SERVICES INC,1.0
2022-07-01,87432,A,AGILENT TECHNOLOGIES INC,1.0
2022-07-01,88182,ON,ON SEMICONDUCTOR CORP,1.0
2022-07-01,90312,WLK,WESTLAKE CORP,1.0
2022-07-01,90455,MPWR,MONOLITHIC PWR SYS INC,1.0
2022-07-01,90829,CF,C F INDUSTRIES HOLDINGS INC,1.0
2022-07-01,91233,MA,MASTERCARD INC,1.0
2022-07-01,91531,OC,OWENS CORNING NEW,1.0
2022-07-01,92602,PM,PHILIP MORRIS INTERNATIONAL INC,1.0
2022-07-01,92655,UNH,UNITEDHEALTH GROUP INC,1.0
2022-07-01,93002,AVGO,BROADCOM INC,1.0
2022-07-01,22111,JNJ,JOHNSON & JOHNSON,0.988181
2022-07-01,76841,BIIB,BIOGEN INC,0.982268
2022-07-01,46674,GPC,GENUINE PARTS CO,0.960752
2022-07-01,90319,GOOGL,ALPHABET INC,0.957248
2022-07-01,89179,ELV,ELEVANCE HEALTH INC,0.948885
2022-07-01,86594,KFY,KORN FERRY,0.943462
2022-07-01,76573,MLI,MUELLER INDUSTRIES INC,0.941336
2022-07-01,88159,EXEL,EXELIXIS INC,0.931147
2022-07-01,57809,NDSN,NORDSON CORP,0.928568
2022-07-01,80575,SSD,SIMPSON MANUFACTURING CO INC,0.924015
2022-07-01,68196,SEIC,S E I INVESTMENTS CO,0.902869
2022-07-01,89866,LKQ,L K Q CORP,0.902617
2022-07-01,76095,HOLX,HOLOGIC INC,0.901253
2022-07-01,81736,RMD,RESMED INC,0.895427
2022-07-01,11850,XOM,EXXON MOBIL CORP,0.891516
2022-07-01,88661,TPR,TAPESTRY INC,0.890361
2022-07-01,13788,ZTS,ZOETIS INC,0.888294
2022-07-01,18163,PG,PROCTER & GAMBLE CO,0.887737
2022-07-01,64194,CHE,CHEMED CORP NEW,0.887608
2022-07-01,82651,WAT,WATERS CORP,0.887389
2022-07-01,85427,GPI,GROUP 1 AUTOMOTIVE INC,0.872367
2022-07-01,85593,AMG,AFFILIATED MANAGERS GROUP INC,0.872057
2022-07-01,13210,EPAM,EPAM SYSTEMS INC,0.870223
2022-07-01,22779,MSI,MOTOROLA SOLUTIONS INC,0.867953
2022-07-01,12062,LH,LABORATORY CORP AMERICA HLDGS,0.865326
2022-07-01,80864,RS,RELIANCE STEEL & ALUMINUM CO,0.859735
2022-07-01,89968,PIPR,PIPER SANDLER COMPANIES,0.859589
2022-07-01,91516,AWI,ARMSTRONG WORLD INDS INC NEW,0.834176
2022-07-01,79698,IT,GARTNER INC,0.831523
2022-07-01,86047,AMKR,AMKOR TECHNOLOGY INC,0.83071
2022-07-01,14541,CVX,CHEVRON CORP NEW,0.828358
2022-07-01,85992,MANH,MANHATTAN ASSOCIATES INC,0.825384
2022-07-01,90550,DLB,DOLBY LABORATORIES INC,0.81907
2022-07-01,61313,DCI,DONALDSON INC,0.818349
2022-07-01,75825,EOG,EOG RESOURCES INC,0.816858
2022-07-01,14776,SYF,SYNCHRONY FINANCIAL,0.815836
2022-07-01,20204,CR,CRANE HOLDINGS CO,0.811839
2022-07-01,15579,TXN,TEXAS INSTRUMENTS INC,0.808465
2022-07-01,90880,AMP,AMERIPRISE FINANCIAL INC,0.794237
2022-07-01,85863,COLM,COLUMBIA SPORTSWEAR CO,0.793059
2022-07-01,49680,DHR,DANAHER CORP,0.792428
2022-07-01,48725,UNP,UNION PACIFIC CORP,0.784458
2022-07-01,85621,MTD,METTLER TOLEDO INTERNATIONAL INC,0.77922
2022-07-01,14702,AMAT,APPLIED MATERIALS INC,0.775117
2022-07-01,16119,ATKR,ATKORE INC,0.761552
2022-07-01,15623,HLI,HOULIHAN LOKEY INC,0.749795
2022-07-01,46886,KLAC,K L A CORP,0.74547
2022-07-01,13802,APAM,ARTISAN PARTNERS ASSET MGMT INC,0.745254
2022-07-01,39490,APA,A P A CORP,0.741828
2022-07-01,91413,EVR,EVERCORE INC,0.740971
2022-07-01,13837,EVTC,EVERTEC INC,0.73893
2022-07-01,93330,PRI,PRIMERICA INC,0.718894
2022-07-01,90520,CE,CELANESE CORP DEL,0.705664
2022-07-01,14008,AMGN,AMGEN INC,0.701902
2022-07-01,25953,DOV,DOVER CORP,0.671906
2022-07-01,82800,SCCO,SOUTHERN COPPER CORP,0.670764
2022-07-01,12622,HCA,H C A HEALTHCARE INC,0.656742
2022-07-01,62498,WST,WEST PHARMACEUTICAL SERVICES INC,0.644627
2022-07-01,11600,XRAY,DENTSPLY SIRONA INC,0.643576
2022-07-01,79103,ORLY,O REILLY AUTOMOTIVE INC NEW,0.610825
2022-07-01,92402,MSCI,M S C I INC,0.578519
2022-07-01,76795,ZBRA,ZEBRA TECHNOLOGIES CORP,0.57672
2022-07-01,12449,FLT,FLEETCOR TECHNOLOGIES INC,0.527949
2022-07-01,78170,SM,S M ENERGY CO,0.518227
2022-07-01,92611,V,VISA INC,0.506402
2022-07-01,91575,HRI,HERC HOLDINGS INC,0.498833
2022-07-01,13407,META,META PLATFORMS INC,0.424454
2022-07-01,77606,KSS,KOHLS CORP,0.412293
2022-07-01,62341,PDCE,P D C ENERGY INC,0.3627
2022-07-01,75510,ADBE,ADOBE INC,0.325499
2022-07-01,85926,SEE,SEALED AIR CORP NEW,0.222587
2022-07-01,11343,SAFM,SANDERSON FARMS INC,0.170997
2022-07-01,64311,NSC,NORFOLK SOUTHERN CORP,0.122306
2022-07-01,89525,CMCSA,COMCAST CORP NEW,0.077983
2022-07-01,34817,NUE,NUCOR CORP,0.076382
2022-07-01,80080,EMN,EASTMAN CHEMICAL CO,0.07407
2022-07-01,14574,MC,MOELIS & CO,0.008107
2022-07-01,10777,FCNCA,FIRST CITIZENS BANCSHARES INC NC,-0.091013
2022-07-01,16736,VST,VISTRA CORP,-0.117344
2022-07-01,12400,LPLA,L P L FINANCIAL HOLDINGS INC,-0.134384
2022-07-01,88949,SGEN,SEAGEN INC,-0.225078
2022-07-01,14401,OGS,ONE GAS INC,-0.243089
2022-07-01,75182,PII,POLARIS INC,-0.294629
2022-07-01,14325,TNDM,TANDEM DIABETES CARE INC,-0.392736
2022-07-01,25320,CPB,CAMPBELL SOUP CO,-0.401088
2022-07-01,18452,LYFT,LYFT INC,-0.406824
2022-07-01,14763,CTLT,CATALENT INC,-0.410987
2022-07-01,87075,ZD,ZIFF DAVIS INC,-0.418278
2022-07-01,14472,VRNS,VARONIS SYSTEMS INC,-0.424264
2022-07-01,92648,ENOV,ENOVIS CORP,-0.428094
2022-07-01,15694,PEN,PENUMBRA INC,-0.432855
2022-07-01,15108,NEWR,NEW RELIC INC,-0.45105
2022-07-01,16968,MDB,MONGODB INC,-0.489654
2022-07-01,17701,SMAR,SMARTSHEET INC,-0.518533
2022-07-01,15409,ALRM,ALARM COM HOLDINGS INC,-0.520666
2022-07-01,90505,LVS,LAS VEGAS SANDS CORP,-0.535831
2022-07-01,19561,BA,BOEING CO,-0.536012
2022-07-01,15067,FRPT,FRESHPET INC,-0.555206
2022-07-01,18135,GH,GUARDANT HEALTH INC,-0.579338
2022-07-01,91594,SPR,SPIRIT AEROSYSTEMS HOLDINGS INC,-0.585668
2022-07-01,14516,QTWO,Q 2 HOLDINGS INC,-0.590395
2022-07-01,13379,SPLK,SPLUNK INC,-0.594614
2022-07-01,14988,LBRDK,LIBERTY BROADBAND CORP,-0.599949
2022-07-01,18735,GO,GROCERY OUTLET HOLDING CORP,-0.613663
2022-07-01,15627,PLNT,PLANET FITNESS INC,-0.639577
2022-07-01,18100,ARVN,ARVINAS INC,-0.650032
2022-07-01,17987,VRT,VERTIV HOLDINGS CO,-0.655299
2022-07-01,12060,GE,GENERAL ELECTRIC CO,-0.667324
2022-07-01,91041,LYV,LIVE NATION ENTERTAINMENT INC,-0.682748
2022-07-01,78875,WOLF,WOLFSPEED INC,-0.691131
2022-07-01,13168,TRIP,TRIPADVISOR INC,-0.692647
2022-07-01,15541,RPD,RAPID7 INC,-0.69862
2022-07-01,91103,UAL,UNITED AIRLINES HOLDINGS INC,-0.700623
2022-07-01,59010,GPS,GAP INC,-0.746486
2022-07-01,16140,TWLO,TWILIO INC,-0.74873
2022-07-01,16597,AYX,ALTERYX INC,-0.753447
2022-07-01,90454,MKTX,MARKETAXESS HLDGS INC,-0.754058
2022-07-01,93098,H,HYATT HOTELS CORP,-0.760254
2022-07-01,14882,CZR,CAESARS ENTERTAINMENT INC DE,-0.762837
2022-07-01,80069,ARWR,ARROWHEAD PHARMACEUTICALS INC,-0.764869
2022-07-01,18150,ETRN,EQUITRANS MIDSTREAM CORP,-0.766814
2022-07-01,43350,SWK,STANLEY BLACK & DECKER INC,-0.77204
2022-07-01,40272,IFF,INTERNATIONAL FLAVORS & FRAG INC,-0.774956
2022-07-01,84348,VSAT,VIASAT INC,-0.775072
2022-07-01,13688,PCG,P G & E CORP,-0.788135
2022-07-01,88863,EXAS,EXACT SCIENCES CORP,-0.790238
2022-07-01,11370,ENV,ENVESTNET INC,-0.791537
2022-07-01,14329,ARMK,ARAMARK,-0.799216
2022-07-01,14617,ARES,ARES MANAGEMENT CORP,-0.806673
2022-07-01,14641,ZEN,ZENDESK INC,-0.809384
2022-07-01,16678,KR,KROGER CO,-0.827375
2022-07-01,16382,COUP,COUPA SOFTWARE INC,-0.829496
2022-07-01,89031,AXON,AXON ENTERPRISE INC,-0.829598
2022-07-01,90444,ORA,ORMAT TECHNOLOGIES INC,-0.829703
2022-07-01,17855,AVLR,AVALARA INC,-0.833258
2022-07-01,77300,SMG,SCOTTS MIRACLE GRO CO,-0.834246
2022-07-01,46578,CLX,CLOROX CO,-0.845665
2022-07-01,90177,ACAD,ACADIA PHARMACEUTICALS,-0.871879
2022-07-01,32870,HRL,HORMEL FOODS CORP,-0.903164
2022-07-01,14811,FWONK,LIBERTY MEDIA CORP 3RD NEW,-0.907969
2022-07-01,15284,BPMC,BLUEPRINT MEDICINES CORP,-0.917797
2022-07-01,42585,SJM,SMUCKER J M CO,-0.940417
2022-07-01,32986,ATO,ATMOS ENERGY CORP,-0.942992
2022-07-01,15452,EVH,EVOLENT HEALTH INC,-0.949953
2022-07-01,93263,CELH,CELSIUS HOLDINGS INC,-0.972156
2022-07-01,17341,ZS,ZSCALER INC,-0.976048
2022-07-01,14803,HQY,HEALTHEQUITY INC,-0.980417
2022-07-01,13511,PANW,PALO ALTO NETWORKS INC,-0.981851
2022-07-01,16966,SWCH,SWITCH INC,-0.992026
2022-07-01,10032,PLXS,PLEXUS CORP,-1.0
2022-07-01,10220,BWXT,B W X TECHNOLOGIES INC,-1.0
2022-07-01,12591,APO,APOLLO GLOBAL MANAGEMENT INC NEW,-1.0
2022-07-01,13181,GWRE,GUIDEWIRE SOFTWARE INC,-1.0
2022-07-01,13967,PTCT,P T C THERAPEUTICS INC,-1.0
2022-07-01,14136,RNG,RINGCENTRAL INC,-1.0
2022-07-01,14179,AR,ANTERO RESOURCES CORP,-1.0
2022-07-01,14432,ITCI,INTRA CELLULAR THERAPIES INC,-1.0
2022-07-01,14436,RARE,ULTRAGENYX PHARMACEUTICALS INC,-1.0
2022-07-01,14596,FIVN,FIVE 9 INC,-1.0
2022-07-01,15119,WK,WORKIVA INC,-1.0
2022-07-01,15534,NTRA,NATERA INC,-1.0
2022-07-01,15917,GCP,G C P APPLIED TECHNOLOGIES INC,-1.0
2022-07-01,15921,WBT,WELBILT INC,-1.0
2022-07-01,16064,NTLA,INTELLIA THERAPEUTICS INC,-1.0
2022-07-01,16343,YUMC,YUM CHINA HOLDINGS INC,-1.0
2022-07-01,16381,BL,BLACKLINE INC,-1.0
2022-07-01,16649,OKTA,OKTA INC,-1.0
2022-07-01,16664,FND,FLOOR & DECOR HOLDINGS INC,-1.0
2022-07-01,17034,ALTR,ALTAIR ENGINEERING INC,-1.0
2022-07-01,17104,APLS,APELLIS PHARMACEUTICALS INC,-1.0
2022-07-01,17125,DNLI,DENALI THERAPEUTICS INC,-1.0
2022-07-01,17700,CDAY,CERIDIAN H C M HOLDING INC,-1.0
2022-07-01,17949,BE,BLOOM ENERGY CORP,-1.0
2022-07-01,18134,UPWK,UPWORK INC,-1.0
2022-07-01,18190,AXNX,AXONICS INC,-1.0
2022-07-01,18777,KRTX,KARUNA THERAPEUTICS INC,-1.0
2022-07-01,24205,NEE,NEXTERA ENERGY INC,-1.0
2022-07-01,24328,EQT,E Q T CORP,-1.0
2022-07-01,35991,ROG,ROGERS CORP,-1.0
2022-07-01,50017,RRC,RANGE RESOURCES CORP,-1.0
2022-07-01,52090,MKC,MCCORMICK & CO INC,-1.0
2022-07-01,60186,OMI,OWENS & MINOR INC NEW,-1.0
2022-07-01,76136,KMPR,KEMPER CORP DE,-1.0
2022-07-01,76226,PARA,PARAMOUNT GLOBAL,-1.0
2022-07-01,76661,IONS,IONIS PHARMACEUTICALS INC,-1.0
2022-07-01,77366,ELY,CALLAWAY GOLF CO,-1.0
2022-07-01,82634,SAM,BOSTON BEER INC,-1.0
2022-07-01,84761,TTWO,TAKE TWO INTERACTIVE SOFTWR INC,-1.0
2022-07-01,85002,SRPT,SAREPTA THERAPEUTICS INC,-1.0
2022-07-01,85738,MRCY,MERCURY SYSTEMS INC,-1.0
2022-07-01,88351,INSM,INSMED INC,-1.0
2022-07-01,89508,KMX,CARMAX INC,-1.0
2022-07-01,90126,CYTK,CYTOKINETICS INC,-1.0
2022-07-01,90178,ALNY,ALNYLAM PHARMACEUTICALS INC,-1.0
2022-07-01,90248,DPZ,DOMINOS PIZZA INC,-1.0
2022-07-01,90775,THS,TREEHOUSE FOODS INC,-1.0
2022-07-01,90978,SPWR,SUNPOWER CORP,-1.0
2022-07-01,91237,VG,VONAGE HOLDINGS CORP,-1.0
2022-07-01,91579,KBR,K B R INC,-1.0
2022-07-01,91733,AVAV,AEROVIRONMENT INC,-1.0
2022-07-01,92050,PODD,INSULET CORP,-1.0
2022-08-01,10107,MSFT,MICROSOFT CORP,1.0
2022-08-01,11403,CDNS,CADENCE DESIGN SYSTEMS INC,1.0
2022-08-01,11691,MATX,MATSON INC,1.0
2022-08-01,11850,XOM,EXXON MOBIL CORP,1.0
2022-08-01,13210,EPAM,EPAM SYSTEMS INC,1.0
2022-08-01,13284,ALSN,ALLISON TRANSMISSION HLDGS INC,1.0
2022-08-01,13610,OLN,OLIN CORP,1.0
2022-08-01,13766,BCC,BOISE CASCADE CO,1.0
2022-08-01,13901,MO,ALTRIA GROUP INC,1.0
2022-08-01,13928,COP,CONOCOPHILLIPS,1.0
2022-08-01,13936,PVH,P V H CORP,1.0
2022-08-01,14593,AAPL,APPLE INC,1.0
2022-08-01,15069,MRO,MARATHON OIL CORP,1.0
2022-08-01,17672,EAF,GRAFTECH INTERNATIONAL LTD NEW,1.0
2022-08-01,20482,ABT,ABBOTT LABORATORIES,1.0
2022-08-01,21936,PFE,PFIZER INC,1.0
2022-08-01,22752,MRK,MERCK & CO INC NEW,1.0
2022-08-01,23660,CTAS,CINTAS CORP,1.0
2022-08-01,25487,CAR,AVIS BUDGET GROUP INC,1.0
2022-08-01,44943,DIOD,DIODES INC,1.0
2022-08-01,46674,GPC,GENUINE PARTS CO,1.0
2022-08-01,49429,DDS,DILLARDS INC,1.0
2022-08-01,50876,LLY,LILLY ELI & CO,1.0
2022-08-01,50948,SMTC,SEMTECH CORP,1.0
2022-08-01,53613,MU,MICRON TECHNOLOGY INC,1.0
2022-08-01,56223,LPX,LOUISIANA PACIFIC CORP,1.0
2022-08-01,57809,NDSN,NORDSON CORP,1.0
2022-08-01,62148,CSX,C S X CORP,1.0
2022-08-01,70228,TOL,TOLL BROTHERS INC,1.0
2022-08-01,76076,CSCO,CISCO SYSTEMS INC,1.0
2022-08-01,76573,MLI,MUELLER INDUSTRIES INC,1.0
2022-08-01,76841,BIIB,BIOGEN INC,1.0
2022-08-01,77357,SNPS,SYNOPSYS INC,1.0
2022-08-01,77462,M,MACYS INC,1.0
2022-08-01,78987,MCHP,MICROCHIP TECHNOLOGY INC,1.0
2022-08-01,81736,RMD,RESMED INC,1.0
2022-08-01,81774,FCX,FREEPORT MCMORAN INC,1.0
2022-08-01,84042,PAG,PENSKE AUTOMOTIVE GROUP INC,1.0
2022-08-01,85072,RL,RALPH LAUREN CORP,1.0
2022-08-01,86158,CTSH,COGNIZANT TECHNOLOGY SOLS CORP,1.0
2022-08-01,86228,RSG,REPUBLIC SERVICES INC,1.0
2022-08-01,86594,KFY,KORN FERRY,1.0
2022-08-01,87432,A,AGILENT TECHNOLOGIES INC,1.0
2022-08-01,88182,ON,ON SEMICONDUCTOR CORP,1.0
2022-08-01,88417,ACLS,AXCELIS TECHNOLOGIES INC,1.0
2022-08-01,89866,LKQ,L K Q CORP,1.0
2022-08-01,90312,WLK,WESTLAKE CORP,1.0
2022-08-01,90319,GOOGL,ALPHABET INC,1.0
2022-08-01,90455,MPWR,MONOLITHIC PWR SYS INC,1.0
2022-08-01,90829,CF,C F INDUSTRIES HOLDINGS INC,1.0
2022-08-01,91233,MA,MASTERCARD INC,1.0
2022-08-01,91531,OC,OWENS CORNING NEW,1.0
2022-08-01,92655,UNH,UNITEDHEALTH GROUP INC,1.0
2022-08-01,93002,AVGO,BROADCOM INC,1.0
2022-08-01,14776,SYF,SYNCHRONY FINANCIAL,0.995059
2022-08-01,91516,AWI,ARMSTRONG WORLD INDS INC NEW,0.993635
2022-08-01,86047,AMKR,AMKOR TECHNOLOGY INC,0.987846
2022-08-01,22779,MSI,MOTOROLA SOLUTIONS INC,0.987295
2022-08-01,92602,PM,PHILIP MORRIS INTERNATIONAL INC,0.983085
2022-08-01,88661,TPR,TAPESTRY INC,0.980366
2022-08-01,82651,WAT,WATERS CORP,0.975279
2022-08-01,22111,JNJ,JOHNSON & JOHNSON,0.970734
2022-08-01,12062,LH,LABORATORY CORP AMERICA HLDGS,0.96738
2022-08-01,80864,RS,RELIANCE STEEL & ALUMINUM CO,0.96224
2022-08-01,80575,SSD,SIMPSON MANUFACTURING CO INC,0.950206
2022-08-01,15579,TXN,TEXAS INSTRUMENTS INC,0.946665
2022-08-01,85593,AMG,AFFILIATED MANAGERS GROUP INC,0.944494
2022-08-01,13788,ZTS,ZOETIS INC,0.944401
2022-08-01,89179,ELV,ELEVANCE HEALTH INC,0.937339
2022-08-01,14541,CVX,CHEVRON CORP NEW,0.936394
2022-08-01,88159,EXEL,EXELIXIS INC,0.934863
2022-08-01,76095,HOLX,HOLOGIC INC,0.927571
2022-08-01,68196,SEIC,S E I INVESTMENTS CO,0.924532
2022-08-01,17743,WRB,BERKLEY W R CORP,0.915244
2022-08-01,85621,MTD,METTLER TOLEDO INTERNATIONAL INC,0.9149
2022-08-01,79698,IT,GARTNER INC,0.912168
2022-08-01,16119,ATKR,ATKORE INC,0.910106
2022-08-01,11995,COKE,COCA COLA CONSOLIDATED INC,0.909372
2022-08-01,64194,CHE,CHEMED CORP NEW,0.909012
2022-08-01,14702,AMAT,APPLIED MATERIALS INC,0.902282
2022-08-01,90880,AMP,AMERIPRISE FINANCIAL INC,0.901326
2022-08-01,90550,DLB,DOLBY LABORATORIES INC,0.885249
2022-08-01,18163,PG,PROCTER & GAMBLE CO,0.862452
2022-08-01,48725,UNP,UNION PACIFIC CORP,0.835387
2022-08-01,75825,EOG,EOG RESOURCES INC,0.82845
2022-08-01,85863,COLM,COLUMBIA SPORTSWEAR CO,0.819338
2022-08-01,15623,HLI,HOULIHAN LOKEY INC,0.802668
2022-08-01,39490,APA,A P A CORP,0.792443
2022-08-01,91413,EVR,EVERCORE INC,0.790712
2022-08-01,13837,EVTC,EVERTEC INC,0.780606
2022-08-01,93330,PRI,PRIMERICA INC,0.772366
2022-08-01,25953,DOV,DOVER CORP,0.739813
2022-08-01,14008,AMGN,AMGEN INC,0.713362
2022-08-01,90520,CE,CELANESE CORP DEL,0.708721
2022-08-01,76795,ZBRA,ZEBRA TECHNOLOGIES CORP,0.701308
2022-08-01,91575,HRI,HERC HOLDINGS INC,0.685843
2022-08-01,79103,ORLY,O REILLY AUTOMOTIVE INC NEW,0.679779
2022-08-01,92402,MSCI,M S C I INC,0.675169
2022-08-01,82800,SCCO,SOUTHERN COPPER CORP,0.660306
2022-08-01,11600,XRAY,DENTSPLY SIRONA INC,0.650799
2022-08-01,78170,SM,S M ENERGY CO,0.62348
2022-08-01,62498,WST,WEST PHARMACEUTICAL SERVICES INC,0.620426
2022-08-01,12449,FLT,FLEETCOR TECHNOLOGIES INC,0.552598
2022-08-01,92611,V,VISA INC,0.545137
2022-08-01,18267,DELL,DELL TECHNOLOGIES INC,0.538095
2022-08-01,77606,KSS,KOHLS CORP,0.472658
2022-08-01,13407,META,META PLATFORMS INC,0.41845
2022-08-01,13802,APAM,ARTISAN PARTNERS ASSET MGMT INC,0.397868
2022-08-01,62341,PDCE,P D C ENERGY INC,0.386425
2022-08-01,49680,DHR,DANAHER CORP,0.377418
2022-08-01,75510,ADBE,ADOBE INC,0.364413
2022-08-01,85926,SEE,SEALED AIR CORP NEW,0.235518
2022-08-01,11343,,,0.160917
2022-08-01,64311,NSC,NORFOLK SOUTHERN CORP,0.135057
2022-08-01,34817,NUE,NUCOR CORP,0.099283
2022-08-01,80080,EMN,EASTMAN CHEMICAL CO,0.079093
2022-08-01,89525,CMCSA,COMCAST CORP NEW,0.075007
2022-08-01,14574,MC,MOELIS & CO,0.009591
2022-08-01,15627,PLNT,PLANET FITNESS INC,-0.047051
2022-08-01,12400,LPLA,L P L FINANCIAL HOLDINGS INC,-0.152807
2022-08-01,14401,OGS,ONE GAS INC,-0.25412
2022-08-01,84381,ROK,ROCKWELL AUTOMATION INC,-0.305902
2022-08-01,75182,PII,POLARIS INC,-0.347807
2022-08-01,14472,VRNS,VARONIS SYSTEMS INC,-0.367631
2022-08-01,25320,CPB,CAMPBELL SOUP CO,-0.414765
2022-08-01,14763,CTLT,CATALENT INC,-0.432909
2022-08-01,14325,TNDM,TANDEM DIABETES CARE INC,-0.438996
2022-08-01,92648,ENOV,ENOVIS CORP,-0.464484
2022-08-01,15694,PEN,PENUMBRA INC,-0.484159
2022-08-01,17701,SMAR,SMARTSHEET INC,-0.49551
2022-08-01,15108,NEWR,NEW RELIC INC,-0.546391
2022-08-01,14988,LBRDK,LIBERTY BROADBAND CORP,-0.56465
2022-08-01,15067,FRPT,FRESHPET INC,-0.57134
2022-08-01,15409,ALRM,ALARM COM HOLDINGS INC,-0.595237
2022-08-01,90505,LVS,LAS VEGAS SANDS CORP,-0.600799
2022-08-01,18735,GO,GROCERY OUTLET HOLDING CORP,-0.61446
2022-08-01,19561,BA,BOEING CO,-0.624141
2022-08-01,91594,SPR,SPIRIT AEROSYSTEMS HOLDINGS INC,-0.655553
2022-08-01,15541,RPD,RAPID7 INC,-0.668456
2022-08-01,14516,QTWO,Q 2 HOLDINGS INC,-0.671502
2022-08-01,13379,SPLK,SPLUNK INC,-0.697984
2022-08-01,18135,GH,GUARDANT HEALTH INC,-0.72004
2022-08-01,13168,TRIP,TRIPADVISOR INC,-0.73917
2022-08-01,16597,AYX,ALTERYX INC,-0.752991
2022-08-01,16140,TWLO,TWILIO INC,-0.756966
2022-08-01,12060,GE,GENERAL ELECTRIC CO,-0.774107
2022-08-01,91041,LYV,LIVE NATION ENTERTAINMENT INC,-0.776528
2022-08-01,40272,IFF,INTERNATIONAL FLAVORS & FRAG INC,-0.8064
2022-08-01,18100,ARVN,ARVINAS INC,-0.819695
2022-08-01,14641,ZEN,ZENDESK INC,-0.823479
2022-08-01,84348,VSAT,VIASAT INC,-0.832643
2022-08-01,93098,H,HYATT HOTELS CORP,-0.850567
2022-08-01,46578,CLX,CLOROX CO,-0.85705
2022-08-01,14329,ARMK,ARAMARK,-0.870844
2022-08-01,11370,ENV,ENVESTNET INC,-0.873393
2022-08-01,59010,GPS,GAP INC,-0.885889
2022-08-01,14436,RARE,ULTRAGENYX PHARMACEUTICALS INC,-0.892249
2022-08-01,88863,EXAS,EXACT SCIENCES CORP,-0.90415
2022-08-01,78875,WOLF,WOLFSPEED INC,-0.906787
2022-08-01,90177,ACAD,ACADIA PHARMACEUTICALS,-0.908298
2022-08-01,14882,CZR,CAESARS ENTERTAINMENT INC DE,-0.909407
2022-08-01,17987,VRT,VERTIV HOLDINGS CO,-0.909871
2022-08-01,80069,ARWR,ARROWHEAD PHARMACEUTICALS INC,-0.92326
2022-08-01,15284,BPMC,BLUEPRINT MEDICINES CORP,-0.927046
2022-08-01,14803,HQY,HEALTHEQUITY INC,-0.928196
2022-08-01,77300,SMG,SCOTTS MIRACLE GRO CO,-0.93876
2022-08-01,32870,HRL,HORMEL FOODS CORP,-0.945334
2022-08-01,18150,ETRN,EQUITRANS MIDSTREAM CORP,-0.945838
2022-08-01,14136,RNG,RINGCENTRAL INC,-0.946184
2022-08-01,16382,COUP,COUPA SOFTWARE INC,-0.949687
2022-08-01,14811,FWONK,LIBERTY MEDIA CORP 3RD NEW,-0.968745
2022-08-01,76136,KMPR,KEMPER CORP DE,-0.976223
2022-08-01,89031,AXON,AXON ENTERPRISE INC,-0.980473
2022-08-01,13511,PANW,PALO ALTO NETWORKS INC,-0.991311
2022-08-01,15119,WK,WORKIVA INC,-0.991763
2022-08-01,10032,PLXS,PLEXUS CORP,-1.0
2022-08-01,10220,BWXT,B W X TECHNOLOGIES INC,-1.0
2022-08-01,11752,IIVI,II VI INC,-1.0
2022-08-01,12591,APO,APOLLO GLOBAL MANAGEMENT INC NEW,-1.0
2022-08-01,13181,GWRE,GUIDEWIRE SOFTWARE INC,-1.0
2022-08-01,13688,PCG,P G & E CORP,-1.0
2022-08-01,13967,PTCT,P T C THERAPEUTICS INC,-1.0
2022-08-01,14432,ITCI,INTRA CELLULAR THERAPIES INC,-1.0
2022-08-01,14596,FIVN,FIVE 9 INC,-1.0
2022-08-01,14617,ARES,ARES MANAGEMENT CORP,-1.0
2022-08-01,15351,FTAI,FORTRESS TRANS AND INFR INV LLC,-1.0
2022-08-01,15452,EVH,EVOLENT HEALTH INC,-1.0
2022-08-01,15534,NTRA,NATERA INC,-1.0
2022-08-01,15917,GCP,G C P APPLIED TECHNOLOGIES INC,-1.0
2022-08-01,15921,,,-1.0
2022-08-01,16064,NTLA,INTELLIA THERAPEUTICS INC,-1.0
2022-08-01,16343,YUMC,YUM CHINA HOLDINGS INC,-1.0
2022-08-01,16381,BL,BLACKLINE INC,-1.0
2022-08-01,16649,OKTA,OKTA INC,-1.0
2022-08-01,16664,FND,FLOOR & DECOR HOLDINGS INC,-1.0
2022-08-01,16966,SWCH,SWITCH INC,-1.0
2022-08-01,17034,ALTR,ALTAIR ENGINEERING INC,-1.0
2022-08-01,17104,APLS,APELLIS PHARMACEUTICALS INC,-1.0
2022-08-01,17125,DNLI,DENALI THERAPEUTICS INC,-1.0
2022-08-01,17341,ZS,ZSCALER INC,-1.0
2022-08-01,17700,CDAY,CERIDIAN H C M HOLDING INC,-1.0
2022-08-01,17855,AVLR,AVALARA INC,-1.0
2022-08-01,18134,UPWK,UPWORK INC,-1.0
2022-08-01,18190,AXNX,AXONICS INC,-1.0
2022-08-01,18777,KRTX,KARUNA THERAPEUTICS INC,-1.0
2022-08-01,24205,NEE,NEXTERA ENERGY INC,-1.0
2022-08-01,24328,EQT,E Q T CORP,-1.0
2022-08-01,32986,ATO,ATMOS ENERGY CORP,-1.0
2022-08-01,35991,ROG,ROGERS CORP,-1.0
2022-08-01,43350,SWK,STANLEY BLACK & DECKER INC,-1.0
2022-08-01,52090,MKC,MCCORMICK & CO INC,-1.0
2022-08-01,52476,EFX,EQUIFAX INC,-1.0
2022-08-01,60186,OMI,OWENS & MINOR INC NEW,-1.0
2022-08-01,76226,PARA,PARAMOUNT GLOBAL,-1.0
2022-08-01,76661,IONS,IONIS PHARMACEUTICALS INC,-1.0
2022-08-01,77366,ELY,CALLAWAY GOLF CO,-1.0
2022-08-01,79299,PZZA,PAPA JOHNS INTL INC,-1.0
2022-08-01,82634,SAM,BOSTON BEER INC,-1.0
2022-08-01,84761,TTWO,TAKE TWO INTERACTIVE SOFTWR INC,-1.0
2022-08-01,85002,SRPT,SAREPTA THERAPEUTICS INC,-1.0
2022-08-01,85738,MRCY,MERCURY SYSTEMS INC,-1.0
2022-08-01,88351,INSM,INSMED INC,-1.0
2022-08-01,89301,GME,GAMESTOP CORP NEW,-1.0
2022-08-01,89508,KMX,CARMAX INC,-1.0
2022-08-01,90178,ALNY,ALNYLAM PHARMACEUTICALS INC,-1.0
2022-08-01,90248,DPZ,DOMINOS PIZZA INC,-1.0
2022-08-01,90775,THS,TREEHOUSE FOODS INC,-1.0
2022-08-01,90978,SPWR,SUNPOWER CORP,-1.0
2022-08-01,91237,,,-1.0
2022-08-01,91579,KBR,K B R INC,-1.0
2022-08-01,91733,AVAV,AEROVIRONMENT INC,-1.0
2022-08-01,92050,PODD,INSULET CORP,-1.0
2022-08-01,92601,NOG,NORTHERN OIL & GAS INC,-1.0
2022-08-01,93263,CELH,CELSIUS HOLDINGS INC,-1.0
2022-09-01,11403,CDNS,CADENCE DESIGN SYSTEMS INC,1.0
2022-09-01,11995,COKE,COCA COLA CONSOLIDATED INC,1.0
2022-09-01,13210,EPAM,EPAM SYSTEMS INC,1.0
2022-09-01,13610,OLN,OLIN CORP,1.0
2022-09-01,13837,EVTC,EVERTEC INC,1.0
2022-09-01,13901,MO,ALTRIA GROUP INC,1.0
2022-09-01,13928,COP,CONOCOPHILLIPS,1.0
2022-09-01,15069,MRO,MARATHON OIL CORP,1.0
2022-09-01,21936,PFE,PFIZER INC,1.0
2022-09-01,22752,MRK,MERCK & CO INC NEW,1.0
2022-09-01,22779,MSI,MOTOROLA SOLUTIONS INC,1.0
2022-09-01,25487,CAR,AVIS BUDGET GROUP INC,1.0
2022-09-01,46674,GPC,GENUINE PARTS CO,1.0
2022-09-01,49429,DDS,DILLARDS INC,1.0
2022-09-01,50948,SMTC,SEMTECH CORP,1.0
2022-09-01,66800,AIG,AMERICAN INTERNATIONAL GROUP INC,1.0
2022-09-01,75854,LSCC,LATTICE SEMICONDUCTOR CORP,1.0
2022-09-01,76744,VRTX,VERTEX PHARMACEUTICALS INC,1.0
2022-09-01,76841,BIIB,BIOGEN INC,1.0
2022-09-01,77462,M,MACYS INC,1.0
2022-09-01,79841,FWRD,FORWARD AIR CORP,1.0
2022-09-01,84042,PAG,PENSKE AUTOMOTIVE GROUP INC,1.0
2022-09-01,85593,AMG,AFFILIATED MANAGERS GROUP INC,1.0
2022-09-01,86228,RSG,REPUBLIC SERVICES INC,1.0
2022-09-01,86783,BKNG,BOOKING HOLDINGS INC,1.0
2022-09-01,88182,ON,ON SEMICONDUCTOR CORP,1.0
2022-09-01,88417,ACLS,AXCELIS TECHNOLOGIES INC,1.0
2022-09-01,88661,TPR,TAPESTRY INC,1.0
2022-09-01,90312,WLK,WESTLAKE CORP,1.0
2022-09-01,90455,MPWR,MONOLITHIC PWR SYS INC,1.0
2022-09-01,90829,CF,C F INDUSTRIES HOLDINGS INC,1.0
2022-09-01,91233,MA,MASTERCARD INC,1.0
2022-09-01,92326,CVI,C V R ENERGY,1.0
2022-09-01,92602,PM,PHILIP MORRIS INTERNATIONAL INC,1.0
2022-09-01,92655,UNH,UNITEDHEALTH GROUP INC,1.0
2022-09-01,93002,AVGO,BROADCOM INC,1.0
2022-09-01,11850,XOM,EXXON MOBIL CORP,0.993587
2022-09-01,57809,NDSN,NORDSON CORP,0.984302
2022-09-01,86047,AMKR,AMKOR TECHNOLOGY INC,0.984009
2022-09-01,76076,CSCO,CISCO SYSTEMS INC,0.983772
2022-09-01,62148,CSX,C S X CORP,0.980157
2022-09-01,79698,IT,GARTNER INC,0.978603
2022-09-01,89866,LKQ,L K Q CORP,0.972974
2022-09-01,14776,SYF,SYNCHRONY FINANCIAL,0.971471
2022-09-01,14593,AAPL,APPLE INC,0.966893
2022-09-01,23660,CTAS,CINTAS CORP,0.956799
2022-09-01,87432,A,AGILENT TECHNOLOGIES INC,0.954475
2022-09-01,80864,RS,RELIANCE STEEL & ALUMINUM CO,0.953194
2022-09-01,89179,ELV,ELEVANCE HEALTH INC,0.951294
2022-09-01,78987,MCHP,MICROCHIP TECHNOLOGY INC,0.949598
2022-09-01,17743,WRB,BERKLEY W R CORP,0.94673
2022-09-01,20482,ABT,ABBOTT LABORATORIES,0.941226
2022-09-01,77357,SNPS,SYNOPSYS INC,0.93965
2022-09-01,76573,MLI,MUELLER INDUSTRIES INC,0.936314
2022-09-01,81774,FCX,FREEPORT MCMORAN INC,0.936292
2022-09-01,91516,AWI,ARMSTRONG WORLD INDS INC NEW,0.934573
2022-09-01,10107,MSFT,MICROSOFT CORP,0.931441
2022-09-01,86158,CTSH,COGNIZANT TECHNOLOGY SOLS CORP,0.931247
2022-09-01,90319,GOOGL,ALPHABET INC,0.928463
2022-09-01,86594,KFY,KORN FERRY,0.928033
2022-09-01,85072,RL,RALPH LAUREN CORP,0.924085
2022-09-01,50876,LLY,LILLY ELI & CO,0.914682
2022-09-01,81736,RMD,RESMED INC,0.914153
2022-09-01,53613,MU,MICRON TECHNOLOGY INC,0.911937
2022-09-01,68196,SEIC,S E I INVESTMENTS CO,0.911752
2022-09-01,14541,CVX,CHEVRON CORP NEW,0.90998
2022-09-01,13936,PVH,P V H CORP,0.906529
2022-09-01,75825,EOG,EOG RESOURCES INC,0.901958
2022-09-01,22111,JNJ,JOHNSON & JOHNSON,0.901628
2022-09-01,64194,CHE,CHEMED CORP NEW,0.898722
2022-09-01,90880,AMP,AMERIPRISE FINANCIAL INC,0.897393
2022-09-01,70228,TOL,TOLL BROTHERS INC,0.888502
2022-09-01,13766,BCC,BOISE CASCADE CO,0.881284
2022-09-01,91531,OC,OWENS CORNING NEW,0.87938
2022-09-01,76095,HOLX,HOLOGIC INC,0.876168
2022-09-01,44943,DIOD,DIODES INC,0.872746
2022-09-01,15579,TXN,TEXAS INSTRUMENTS INC,0.872472
2022-09-01,13284,ALSN,ALLISON TRANSMISSION HLDGS INC,0.868813
2022-09-01,18163,PG,PROCTER & GAMBLE CO,0.85479
2022-09-01,56223,LPX,LOUISIANA PACIFIC CORP,0.853544
2022-09-01,80575,SSD,SIMPSON MANUFACTURING CO INC,0.850509
2022-09-01,90550,DLB,DOLBY LABORATORIES INC,0.838727
2022-09-01,39490,APA,A P A CORP,0.832296
2022-09-01,12062,LH,LABORATORY CORP AMERICA HLDGS,0.831683
2022-09-01,48725,UNP,UNION PACIFIC CORP,0.828307
2022-09-01,85621,MTD,METTLER TOLEDO INTERNATIONAL INC,0.820114
2022-09-01,13788,ZTS,ZOETIS INC,0.807995
2022-09-01,11691,MATX,MATSON INC,0.804658
2022-09-01,14702,AMAT,APPLIED MATERIALS INC,0.801221
2022-09-01,82651,WAT,WATERS CORP,0.79813
2022-09-01,88159,EXEL,EXELIXIS INC,0.790979
2022-09-01,85863,COLM,COLUMBIA SPORTSWEAR CO,0.790151
2022-09-01,16119,ATKR,ATKORE INC,0.77214
2022-09-01,93330,PRI,PRIMERICA INC,0.762371
2022-09-01,91413,EVR,EVERCORE INC,0.744873
2022-09-01,15623,HLI,HOULIHAN LOKEY INC,0.743619
2022-09-01,14008,AMGN,AMGEN INC,0.6967
2022-09-01,25953,DOV,DOVER CORP,0.692919
2022-09-01,89792,CVCO,CAVCO INDUSTRIES INC DEL,0.69009
2022-09-01,79103,ORLY,O REILLY AUTOMOTIVE INC NEW,0.672235
2022-09-01,90520,CE,CELANESE CORP DEL,0.667266
2022-09-01,82800,SCCO,SOUTHERN COPPER CORP,0.632544
2022-09-01,92402,MSCI,M S C I INC,0.630431
2022-09-01,91575,HRI,HERC HOLDINGS INC,0.623899
2022-09-01,11600,XRAY,DENTSPLY SIRONA INC,0.588549
2022-09-01,62498,WST,WEST PHARMACEUTICAL SERVICES INC,0.534606
2022-09-01,12449,FLT,FLEETCOR TECHNOLOGIES INC,0.532566
2022-09-01,92611,V,VISA INC,0.510569
2022-09-01,18267,DELL,DELL TECHNOLOGIES INC,0.456227
2022-09-01,13407,META,META PLATFORMS INC,0.427728
2022-09-01,62341,PDCE,P D C ENERGY INC,0.398749
2022-09-01,49680,DHR,DANAHER CORP,0.348783
2022-09-01,13802,APAM,ARTISAN PARTNERS ASSET MGMT INC,0.34241
2022-09-01,75510,ADBE,ADOBE INC,0.331128
2022-09-01,85926,SEE,SEALED AIR CORP NEW,0.206902
2022-09-01,64311,NSC,NORFOLK SOUTHERN CORP,0.131122
2022-09-01,34817,NUE,NUCOR CORP,0.097004
2022-09-01,80080,EMN,EASTMAN CHEMICAL CO,0.074878
2022-09-01,89525,CMCSA,COMCAST CORP NEW,0.072206
2022-09-01,80415,EXP,EAGLE MATERIALS INC,0.038426
2022-09-01,14574,MC,MOELIS & CO,0.008674
2022-09-01,15627,PLNT,PLANET FITNESS INC,-0.040358
2022-09-01,12400,LPLA,L P L FINANCIAL HOLDINGS INC,-0.160998
2022-09-01,79857,PTEN,PATTERSON U T I ENERGY INC,-0.231965
2022-09-01,14401,OGS,ONE GAS INC,-0.235439
2022-09-01,84381,ROK,ROCKWELL AUTOMATION INC,-0.284577
2022-09-01,14325,TNDM,TANDEM DIABETES CARE INC,-0.302438
2022-09-01,14763,CTLT,CATALENT INC,-0.336012
2022-09-01,75182,PII,POLARIS INC,-0.337152
2022-09-01,25320,CPB,CAMPBELL SOUP CO,-0.422633
2022-09-01,15067,FRPT,FRESHPET INC,-0.464304
2022-09-01,14988,LBRDK,LIBERTY BROADBAND CORP,-0.526099
2022-09-01,17701,SMAR,SMARTSHEET INC,-0.547481
2022-09-01,15409,ALRM,ALARM COM HOLDINGS INC,-0.559032
2022-09-01,15694,PEN,PENUMBRA INC,-0.569351
2022-09-01,91579,KBR,K B R INC,-0.569728
2022-09-01,18735,GO,GROCERY OUTLET HOLDING CORP,-0.575895
2022-09-01,90505,LVS,LAS VEGAS SANDS CORP,-0.5987
2022-09-01,15541,RPD,RAPID7 INC,-0.599577
2022-09-01,91594,SPR,SPIRIT AEROSYSTEMS HOLDINGS INC,-0.599977
2022-09-01,13379,SPLK,SPLUNK INC,-0.603422
2022-09-01,14516,QTWO,Q 2 HOLDINGS INC,-0.606288
2022-09-01,16140,TWLO,TWILIO INC,-0.619666
2022-09-01,19561,BA,BOEING CO,-0.626637
2022-09-01,18100,ARVN,ARVINAS INC,-0.651914
2022-09-01,10026,JJSF,J & J SNACK FOODS CORP,-0.675734
2022-09-01,64936,D,DOMINION ENERGY INC,-0.684041
2022-09-01,88863,EXAS,EXACT SCIENCES CORP,-0.710976
2022-09-01,40272,IFF,INTERNATIONAL FLAVORS & FRAG INC,-0.716654
2022-09-01,18135,GH,GUARDANT HEALTH INC,-0.717092
2022-09-01,91041,LYV,LIVE NATION ENTERTAINMENT INC,-0.745062
2022-09-01,12060,GE,GENERAL ELECTRIC CO,-0.767713
2022-09-01,14436,RARE,ULTRAGENYX PHARMACEUTICALS INC,-0.796941
2022-09-01,17125,DNLI,DENALI THERAPEUTICS INC,-0.811444
2022-09-01,85738,MRCY,MERCURY SYSTEMS INC,-0.813723
2022-09-01,14136,RNG,RINGCENTRAL INC,-0.82107
2022-09-01,17478,SPGI,S & P GLOBAL INC,-0.834796
2022-09-01,59010,GPS,GAP INC,-0.840003
2022-09-01,16382,COUP,COUPA SOFTWARE INC,-0.845974
2022-09-01,14882,CZR,CAESARS ENTERTAINMENT INC DE,-0.856525
2022-09-01,80069,ARWR,ARROWHEAD PHARMACEUTICALS INC,-0.860287
2022-09-01,46578,CLX,CLOROX CO,-0.870527
2022-09-01,82634,SAM,BOSTON BEER INC,-0.884149
2022-09-01,90734,LHCG,L H C GROUP,-0.887908
2022-09-01,52476,EFX,EQUIFAX INC,-0.901704
2022-09-01,43350,SWK,STANLEY BLACK & DECKER INC,-0.903267
2022-09-01,14596,FIVN,FIVE 9 INC,-0.905517
2022-09-01,14811,FWONK,LIBERTY MEDIA CORP 3RD NEW,-0.908439
2022-09-01,17987,VRT,VERTIV HOLDINGS CO,-0.916905
2022-09-01,93098,H,HYATT HOTELS CORP,-0.919565
2022-09-01,13181,GWRE,GUIDEWIRE SOFTWARE INC,-0.92077
2022-09-01,16064,NTLA,INTELLIA THERAPEUTICS INC,-0.925523
2022-09-01,16649,OKTA,OKTA INC,-0.926489
2022-09-01,14329,ARMK,ARAMARK,-0.93213
2022-09-01,18134,UPWK,UPWORK INC,-0.935599
2022-09-01,32986,ATO,ATMOS ENERGY CORP,-0.937495
2022-09-01,90248,DPZ,DOMINOS PIZZA INC,-0.946455
2022-09-01,84348,VSAT,VIASAT INC,-0.958751
2022-09-01,32870,HRL,HORMEL FOODS CORP,-0.961548
2022-09-01,77366,ELY,CALLAWAY GOLF CO,-0.962369
2022-09-01,76136,KMPR,KEMPER CORP DE,-0.963932
2022-09-01,16597,AYX,ALTERYX INC,-0.967522
2022-09-01,10032,PLXS,PLEXUS CORP,-0.995757
2022-09-01,11370,ENV,ENVESTNET INC,-1.0
2022-09-01,11752,IIVI,II VI INC,-1.0
2022-09-01,12591,APO,APOLLO GLOBAL MANAGEMENT INC NEW,-1.0
2022-09-01,13511,PANW,PALO ALTO NETWORKS INC,-1.0
2022-09-01,13527,FIVE,FIVE BELOW INC,-1.0
2022-09-01,13688,PCG,P G & E CORP,-1.0
2022-09-01,13967,PTCT,P T C THERAPEUTICS INC,-1.0
2022-09-01,14432,ITCI,INTRA CELLULAR THERAPIES INC,-1.0
2022-09-01,14617,ARES,ARES MANAGEMENT CORP,-1.0
2022-09-01,14803,HQY,HEALTHEQUITY INC,-1.0
2022-09-01,15119,WK,WORKIVA INC,-1.0
2022-09-01,15284,BPMC,BLUEPRINT MEDICINES CORP,-1.0
2022-09-01,15452,EVH,EVOLENT HEALTH INC,-1.0
2022-09-01,15534,NTRA,NATERA INC,-1.0
2022-09-01,15535,OLLI,OLLIES BARGAIN OUTLET HLD INC,-1.0
2022-09-01,15917,GCP,G C P APPLIED TECHNOLOGIES INC,-1.0
2022-09-01,16343,YUMC,YUM CHINA HOLDINGS INC,-1.0
2022-09-01,16381,BL,BLACKLINE INC,-1.0
2022-09-01,16664,FND,FLOOR & DECOR HOLDINGS INC,-1.0
2022-09-01,16736,VST,VISTRA CORP,-1.0
2022-09-01,16966,SWCH,SWITCH INC,-1.0
2022-09-01,17034,ALTR,ALTAIR ENGINEERING INC,-1.0
2022-09-01,17104,APLS,APELLIS PHARMACEUTICALS INC,-1.0
2022-09-01,17341,ZS,ZSCALER INC,-1.0
2022-09-01,17700,CDAY,CERIDIAN H C M HOLDING INC,-1.0
2022-09-01,17855,AVLR,AVALARA INC,-1.0
2022-09-01,17949,BE,BLOOM ENERGY CORP,-1.0
2022-09-01,18150,ETRN,EQUITRANS MIDSTREAM CORP,-1.0
2022-09-01,18777,KRTX,KARUNA THERAPEUTICS INC,-1.0
2022-09-01,20765,AJRD,AEROJET ROCKETDYNE HOLDINGS INC,-1.0
2022-09-01,23835,MDU,M D U RESOURCES GROUP INC,-1.0
2022-09-01,24328,EQT,E Q T CORP,-1.0
2022-09-01,26825,K,KELLOGG CO,-1.0
2022-09-01,35991,ROG,ROGERS CORP,-1.0
2022-09-01,52090,MKC,MCCORMICK & CO INC,-1.0
2022-09-01,60186,OMI,OWENS & MINOR INC NEW,-1.0
2022-09-01,76226,PARA,PARAMOUNT GLOBAL,-1.0
2022-09-01,76661,IONS,IONIS PHARMACEUTICALS INC,-1.0
2022-09-01,77300,SMG,SCOTTS MIRACLE GRO CO,-1.0
2022-09-01,78875,WOLF,WOLFSPEED INC,-1.0
2022-09-01,79299,PZZA,PAPA JOHNS INTL INC,-1.0
2022-09-01,84761,TTWO,TAKE TWO INTERACTIVE SOFTWR INC,-1.0
2022-09-01,85002,SRPT,SAREPTA THERAPEUTICS INC,-1.0
2022-09-01,88351,INSM,INSMED INC,-1.0
2022-09-01,89031,AXON,AXON ENTERPRISE INC,-1.0
2022-09-01,89217,AAP,ADVANCE AUTO PARTS INC,-1.0
2022-09-01,89508,KMX,CARMAX INC,-1.0
2022-09-01,90177,ACAD,ACADIA PHARMACEUTICALS,-1.0
2022-09-01,90178,ALNY,ALNYLAM PHARMACEUTICALS INC,-1.0
2022-09-01,90775,THS,TREEHOUSE FOODS INC,-1.0
2022-09-01,90978,SPWR,SUNPOWER CORP,-1.0
2022-09-01,91733,AVAV,AEROVIRONMENT INC,-1.0
2022-09-01,92040,FOLD,AMICUS THERAPEUTICS INC,-1.0
2022-09-01,92050,PODD,INSULET CORP,-1.0
2022-09-01,92601,NOG,NORTHERN OIL & GAS INC,-1.0
2022-09-01,93263,CELH,CELSIUS HOLDINGS INC,-1.0
2022-10-01,11403,CDNS,CADENCE DESIGN SYSTEMS INC,1.0
2022-10-01,11691,MATX,MATSON INC,1.0
2022-10-01,11850,XOM,EXXON MOBIL CORP,1.0
2022-10-01,11995,COKE,COCA COLA CONSOLIDATED INC,1.0
2022-10-01,13928,COP,CONOCOPHILLIPS,1.0
2022-10-01,15069,MRO,MARATHON OIL CORP,1.0
2022-10-01,20482,ABT,ABBOTT LABORATORIES,1.0
2022-10-01,21936,PFE,PFIZER INC,1.0
2022-10-01,22752,MRK,MERCK & CO INC NEW,1.0
2022-10-01,25487,CAR,AVIS BUDGET GROUP INC,1.0
2022-10-01,61807,MOGA,MOOG INC,1.0
2022-10-01,62148,CSX,C S X CORP,1.0
2022-10-01,64194,CHE,CHEMED CORP NEW,1.0
2022-10-01,64311,NSC,NORFOLK SOUTHERN CORP,1.0
2022-10-01,66800,AIG,AMERICAN INTERNATIONAL GROUP INC,1.0
2022-10-01,75241,PXD,PIONEER NATURAL RESOURCES CO,1.0
2022-10-01,75694,TECH,BIO TECHNE CORP,1.0
2022-10-01,76744,VRTX,VERTEX PHARMACEUTICALS INC,1.0
2022-10-01,76841,BIIB,BIOGEN INC,1.0
2022-10-01,77462,M,MACYS INC,1.0
2022-10-01,78987,MCHP,MICROCHIP TECHNOLOGY INC,1.0
2022-10-01,85593,AMG,AFFILIATED MANAGERS GROUP INC,1.0
2022-10-01,85710,POWI,POWER INTEGRATIONS INC,1.0
2022-10-01,86594,KFY,KORN FERRY,1.0
2022-10-01,86783,BKNG,BOOKING HOLDINGS INC,1.0
2022-10-01,87137,DVN,DEVON ENERGY CORP NEW,1.0
2022-10-01,87432,A,AGILENT TECHNOLOGIES INC,1.0
2022-10-01,90455,MPWR,MONOLITHIC PWR SYS INC,1.0
2022-10-01,90829,CF,C F INDUSTRIES HOLDINGS INC,1.0
2022-10-01,91233,MA,MASTERCARD INC,1.0
2022-10-01,92655,UNH,UNITEDHEALTH GROUP INC,1.0
2022-10-01,93002,AVGO,BROADCOM INC,1.0
2022-10-01,50876,LLY,LILLY ELI & CO,0.980085
2022-10-01,46674,GPC,GENUINE PARTS CO,0.960653
2022-10-01,86228,RSG,REPUBLIC SERVICES INC,0.954734
2022-10-01,79698,IT,GARTNER INC,0.947115
2022-10-01,17743,WRB,BERKLEY W R CORP,0.943168
2022-10-01,13837,EVTC,EVERTEC INC,0.931107
2022-10-01,79841,FWRD,FORWARD AIR CORP,0.928203
2022-10-01,22779,MSI,MOTOROLA SOLUTIONS INC,0.921206
2022-10-01,49429,DDS,DILLARDS INC,0.919513
2022-10-01,57809,NDSN,NORDSON CORP,0.917843
2022-10-01,13901,MO,ALTRIA GROUP INC,0.913163
2022-10-01,22111,JNJ,JOHNSON & JOHNSON,0.911177
2022-10-01,23660,CTAS,CINTAS CORP,0.911093
2022-10-01,75854,LSCC,LATTICE SEMICONDUCTOR CORP,0.911058
2022-10-01,81736,RMD,RESMED INC,0.905656
2022-10-01,88182,ON,ON SEMICONDUCTOR CORP,0.904425
2022-10-01,89179,ELV,ELEVANCE HEALTH INC,0.891253
2022-10-01,92326,CVI,C V R ENERGY,0.885395
2022-10-01,76573,MLI,MUELLER INDUSTRIES INC,0.882718
2022-10-01,80864,RS,RELIANCE STEEL & ALUMINUM CO,0.882545
2022-10-01,92602,PM,PHILIP MORRIS INTERNATIONAL INC,0.880064
2022-10-01,91516,AWI,ARMSTRONG WORLD INDS INC NEW,0.879805
2022-10-01,90312,WLK,WESTLAKE CORP,0.878939
2022-10-01,76076,CSCO,CISCO SYSTEMS INC,0.878041
2022-10-01,85072,RL,RALPH LAUREN CORP,0.864932
2022-10-01,81774,FCX,FREEPORT MCMORAN INC,0.862683
2022-10-01,89866,LKQ,L K Q CORP,0.860125
2022-10-01,70228,TOL,TOLL BROTHERS INC,0.850469
2022-10-01,14593,AAPL,APPLE INC,0.848056
2022-10-01,13210,EPAM,EPAM SYSTEMS INC,0.847286
2022-10-01,86158,CTSH,COGNIZANT TECHNOLOGY SOLS CORP,0.844979
2022-10-01,91531,OC,OWENS CORNING NEW,0.844113
2022-10-01,90880,AMP,AMERIPRISE FINANCIAL INC,0.841887
2022-10-01,13766,BCC,BOISE CASCADE CO,0.839005
2022-10-01,75825,EOG,EOG RESOURCES INC,0.838892
2022-10-01,76095,HOLX,HOLOGIC INC,0.835053
2022-10-01,14776,SYF,SYNCHRONY FINANCIAL,0.834333
2022-10-01,86047,AMKR,AMKOR TECHNOLOGY INC,0.833726
2022-10-01,84042,PAG,PENSKE AUTOMOTIVE GROUP INC,0.83286
2022-10-01,10107,MSFT,MICROSOFT CORP,0.827868
2022-10-01,77357,SNPS,SYNOPSYS INC,0.827829
2022-10-01,14541,CVX,CHEVRON CORP NEW,0.825379
2022-10-01,88661,TPR,TAPESTRY INC,0.823773
2022-10-01,90319,GOOGL,ALPHABET INC,0.818829
2022-10-01,68196,SEIC,S E I INVESTMENTS CO,0.815818
2022-10-01,15579,TXN,TEXAS INSTRUMENTS INC,0.815709
2022-10-01,13284,ALSN,ALLISON TRANSMISSION HLDGS INC,0.807235
2022-10-01,53613,MU,MICRON TECHNOLOGY INC,0.80645
2022-10-01,17005,CVS,C V S HEALTH CORP,0.80628
2022-10-01,56223,LPX,LOUISIANA PACIFIC CORP,0.80405
2022-10-01,44943,DIOD,DIODES INC,0.794297
2022-10-01,13610,OLN,OLIN CORP,0.782557
2022-10-01,18163,PG,PROCTER & GAMBLE CO,0.7807
2022-10-01,13788,ZTS,ZOETIS INC,0.763901
2022-10-01,12062,LH,LABORATORY CORP AMERICA HLDGS,0.754542
2022-10-01,85863,COLM,COLUMBIA SPORTSWEAR CO,0.744926
2022-10-01,90550,DLB,DOLBY LABORATORIES INC,0.744464
2022-10-01,93330,PRI,PRIMERICA INC,0.741052
2022-10-01,85621,MTD,METTLER TOLEDO INTERNATIONAL INC,0.731722
2022-10-01,39490,APA,A P A CORP,0.725989
2022-10-01,13936,PVH,P V H CORP,0.720754
2022-10-01,82651,WAT,WATERS CORP,0.718889
2022-10-01,80575,SSD,SIMPSON MANUFACTURING CO INC,0.718134
2022-10-01,15623,HLI,HOULIHAN LOKEY INC,0.717497
2022-10-01,48725,UNP,UNION PACIFIC CORP,0.717171
2022-10-01,16119,ATKR,ATKORE INC,0.710277
2022-10-01,88159,EXEL,EXELIXIS INC,0.697603
2022-10-01,14702,AMAT,APPLIED MATERIALS INC,0.696275
2022-10-01,79103,ORLY,O REILLY AUTOMOTIVE INC NEW,0.676946
2022-10-01,91413,EVR,EVERCORE INC,0.652484
2022-10-01,14008,AMGN,AMGEN INC,0.652156
2022-10-01,25953,DOV,DOVER CORP,0.645114
2022-10-01,82800,SCCO,SOUTHERN COPPER CORP,0.601357
2022-10-01,89946,AEL,AMERICAN EQUITY INVT LIFE HLDG C,0.599587
2022-10-01,92402,MSCI,M S C I INC,0.590693
2022-10-01,91575,HRI,HERC HOLDINGS INC,0.574737
2022-10-01,90520,CE,CELANESE CORP DEL,0.542469
2022-10-01,11600,XRAY,DENTSPLY SIRONA INC,0.510214
2022-10-01,92611,V,VISA INC,0.455472
2022-10-01,62498,WST,WEST PHARMACEUTICAL SERVICES INC,0.44238
2022-10-01,12449,FLT,FLEETCOR TECHNOLOGIES INC,0.440426
2022-10-01,18267,DELL,DELL TECHNOLOGIES INC,0.406257
2022-10-01,13407,META,META PLATFORMS INC,0.355365
2022-10-01,62341,PDCE,P D C ENERGY INC,0.340456
2022-10-01,49680,DHR,DANAHER CORP,0.333412
2022-10-01,51369,TER,TERADYNE INC,0.312986
2022-10-01,75510,ADBE,ADOBE INC,0.24338
2022-10-01,85926,SEE,SEALED AIR CORP NEW,0.171375
2022-10-01,34817,NUE,NUCOR CORP,0.078252
2022-10-01,80080,EMN,EASTMAN CHEMICAL CO,0.058859
2022-10-01,89525,CMCSA,COMCAST CORP NEW,0.05838
2022-10-01,80415,EXP,EAGLE MATERIALS INC,0.034431
2022-10-01,85753,VRSN,VERISIGN INC,0.02751
2022-10-01,14574,MC,MOELIS & CO,0.007023
2022-10-01,15627,PLNT,PLANET FITNESS INC,-0.03427
2022-10-01,64929,KWR,QUAKER CHEMICAL CORP,-0.104821
2022-10-01,12400,LPLA,L P L FINANCIAL HOLDINGS INC,-0.158614
2022-10-01,79857,PTEN,PATTERSON U T I ENERGY INC,-0.181388
2022-10-01,14401,OGS,ONE GAS INC,-0.211282
2022-10-01,84381,ROK,ROCKWELL AUTOMATION INC,-0.257809
2022-10-01,14763,CTLT,CATALENT INC,-0.275645
2022-10-01,14325,TNDM,TANDEM DIABETES CARE INC,-0.315806
2022-10-01,14988,LBRDK,LIBERTY BROADBAND CORP,-0.380756
2022-10-01,25320,CPB,CAMPBELL SOUP CO,-0.39447
2022-10-01,91594,SPR,SPIRIT AEROSYSTEMS HOLDINGS INC,-0.435916
2022-10-01,15541,RPD,RAPID7 INC,-0.44618
2022-10-01,19561,BA,BOEING CO,-0.472259
2022-10-01,18735,GO,GROCERY OUTLET HOLDING CORP,-0.476744
2022-10-01,13379,SPLK,SPLUNK INC,-0.502861
2022-10-01,91579,KBR,K B R INC,-0.509948
2022-10-01,17701,SMAR,SMARTSHEET INC,-0.564362
2022-10-01,16649,OKTA,OKTA INC,-0.574684
2022-10-01,40272,IFF,INTERNATIONAL FLAVORS & FRAG INC,-0.592695
2022-10-01,90505,LVS,LAS VEGAS SANDS CORP,-0.595796
2022-10-01,16140,TWLO,TWILIO INC,-0.614552
2022-10-01,91041,LYV,LIVE NATION ENTERTAINMENT INC,-0.62555
2022-10-01,14882,CZR,CAESARS ENTERTAINMENT INC DE,-0.639153
2022-10-01,12060,GE,GENERAL ELECTRIC CO,-0.646507
2022-10-01,88863,EXAS,EXACT SCIENCES CORP,-0.648406
2022-10-01,85738,MRCY,MERCURY SYSTEMS INC,-0.684846
2022-10-01,15694,PEN,PENUMBRA INC,-0.68577
2022-10-01,14596,FIVN,FIVE 9 INC,-0.690289
2022-10-01,80069,ARWR,ARROWHEAD PHARMACEUTICALS INC,-0.714344
2022-10-01,17478,SPGI,S & P GLOBAL INC,-0.722181
2022-10-01,11752,COHR,COHERENT CORP,-0.735949
2022-10-01,59010,GPS,GAP INC,-0.752911
2022-10-01,14136,RNG,RINGCENTRAL INC,-0.76073
2022-10-01,18135,GH,GUARDANT HEALTH INC,-0.769713
2022-10-01,17987,VRT,VERTIV HOLDINGS CO,-0.771199
2022-10-01,46578,CLX,CLOROX CO,-0.772652
2022-10-01,43350,SWK,STANLEY BLACK & DECKER INC,-0.776559
2022-10-01,90248,DPZ,DOMINOS PIZZA INC,-0.790245
2022-10-01,18150,ETRN,EQUITRANS MIDSTREAM CORP,-0.804975
2022-10-01,14329,ARMK,ARAMARK,-0.812609
2022-10-01,75470,MIDD,MIDDLEBY CORP,-0.825375
2022-10-01,93098,H,HYATT HOTELS CORP,-0.828934
2022-10-01,14811,FWONK,LIBERTY MEDIA CORP 3RD NEW,-0.832791
2022-10-01,24328,EQT,E Q T CORP,-0.850581
2022-10-01,76136,KMPR,KEMPER CORP DE,-0.862746
2022-10-01,16597,AYX,ALTERYX INC,-0.865054
2022-10-01,32870,HRL,HORMEL FOODS CORP,-0.867133
2022-10-01,92601,NOG,NORTHERN OIL & GAS INC,-0.872218
2022-10-01,88351,INSM,INSMED INC,-0.872969
2022-10-01,13511,PANW,PALO ALTO NETWORKS INC,-0.880544
2022-10-01,15534,NTRA,NATERA INC,-0.887637
2022-10-01,92050,PODD,INSULET CORP,-0.896024
2022-10-01,17125,DNLI,DENALI THERAPEUTICS INC,-0.898442
2022-10-01,90775,THS,TREEHOUSE FOODS INC,-0.908371
2022-10-01,78875,WOLF,WOLFSPEED INC,-0.908973
2022-10-01,23835,MDU,M D U RESOURCES GROUP INC,-0.911724
2022-10-01,89217,AAP,ADVANCE AUTO PARTS INC,-0.933431
2022-10-01,91733,AVAV,AEROVIRONMENT INC,-0.938398
2022-10-01,16343,YUMC,YUM CHINA HOLDINGS INC,-0.942593
2022-10-01,15452,EVH,EVOLENT HEALTH INC,-0.975758
2022-10-01,89031,AXON,AXON ENTERPRISE INC,-0.9901
2022-10-01,90177,ACAD,ACADIA PHARMACEUTICALS,-0.99381
2022-10-01,10026,JJSF,J & J SNACK FOODS CORP,-1.0
2022-10-01,11370,ENV,ENVESTNET INC,-1.0
2022-10-01,12226,MGPI,M G P INGREDIENTS INC,-1.0
2022-10-01,12591,APO,APOLLO GLOBAL MANAGEMENT INC NEW,-1.0
2022-10-01,13181,GWRE,GUIDEWIRE SOFTWARE INC,-1.0
2022-10-01,13688,PCG,P G & E CORP,-1.0
2022-10-01,13967,PTCT,P T C THERAPEUTICS INC,-1.0
2022-10-01,14295,TWTR,TWITTER INC,-1.0
2022-10-01,14432,ITCI,INTRA CELLULAR THERAPIES INC,-1.0
2022-10-01,14436,RARE,ULTRAGENYX PHARMACEUTICALS INC,-1.0
2022-10-01,14617,ARES,ARES MANAGEMENT CORP,-1.0
2022-10-01,14803,HQY,HEALTHEQUITY INC,-1.0
2022-10-01,14828,SAGE,SAGE THERAPEUTICS INC,-1.0
2022-10-01,15119,WK,WORKIVA INC,-1.0
2022-10-01,15284,BPMC,BLUEPRINT MEDICINES CORP,-1.0
2022-10-01,15409,ALRM,ALARM COM HOLDINGS INC,-1.0
2022-10-01,15917,,,-1.0
2022-10-01,16064,NTLA,INTELLIA THERAPEUTICS INC,-1.0
2022-10-01,16381,BL,BLACKLINE INC,-1.0
2022-10-01,16664,FND,FLOOR & DECOR HOLDINGS INC,-1.0
2022-10-01,16736,VST,VISTRA CORP,-1.0
2022-10-01,16932,ROKU,ROKU INC,-1.0
2022-10-01,16966,SWCH,SWITCH INC,-1.0
2022-10-01,17034,ALTR,ALTAIR ENGINEERING INC,-1.0
2022-10-01,17104,APLS,APELLIS PHARMACEUTICALS INC,-1.0
2022-10-01,17341,ZS,ZSCALER INC,-1.0
2022-10-01,17684,AHCO,ADAPTHEALTH CORP,-1.0
2022-10-01,17700,CDAY,CERIDIAN H C M HOLDING INC,-1.0
2022-10-01,17855,AVLR,AVALARA INC,-1.0
2022-10-01,17949,BE,BLOOM ENERGY CORP,-1.0
2022-10-01,18726,CRWD,CROWDSTRIKE HOLDINGS INC,-1.0
2022-10-01,18777,KRTX,KARUNA THERAPEUTICS INC,-1.0
2022-10-01,20765,AJRD,AEROJET ROCKETDYNE HOLDINGS INC,-1.0
2022-10-01,26825,K,KELLOGG CO,-1.0
2022-10-01,32986,ATO,ATMOS ENERGY CORP,-1.0
2022-10-01,35991,ROG,ROGERS CORP,-1.0
2022-10-01,52090,MKC,MCCORMICK & CO INC,-1.0
2022-10-01,52476,EFX,EQUIFAX INC,-1.0
2022-10-01,64936,D,DOMINION ENERGY INC,-1.0
2022-10-01,75182,PII,POLARIS INC,-1.0
2022-10-01,76661,IONS,IONIS PHARMACEUTICALS INC,-1.0
2022-10-01,77300,SMG,SCOTTS MIRACLE GRO CO,-1.0
2022-10-01,77366,MODG,TOPGOLF CALLAWAY BRANDS CORP,-1.0
2022-10-01,79299,PZZA,PAPA JOHNS INTL INC,-1.0
2022-10-01,82634,SAM,BOSTON BEER INC,-1.0
2022-10-01,84032,NOV,N O V INC,-1.0
2022-10-01,84348,VSAT,VIASAT INC,-1.0
2022-10-01,84761,TTWO,TAKE TWO INTERACTIVE SOFTWR INC,-1.0
2022-10-01,85002,SRPT,SAREPTA THERAPEUTICS INC,-1.0
2022-10-01,85792,PWR,QUANTA SERVICES INC,-1.0
2022-10-01,88853,FLR,FLUOR CORP NEW,-1.0
2022-10-01,89110,OMCL,OMNICELL INC,-1.0
2022-10-01,89508,KMX,CARMAX INC,-1.0
2022-10-01,90178,ALNY,ALNYLAM PHARMACEUTICALS INC,-1.0
2022-10-01,90734,LHCG,L H C GROUP,-1.0
2022-10-01,90978,SPWR,SUNPOWER CORP,-1.0
2022-10-01,92040,FOLD,AMICUS THERAPEUTICS INC,-1.0
2022-11-01,11691,MATX,MATSON INC,1.0
2022-11-01,11850,XOM,EXXON MOBIL CORP,1.0
2022-11-01,11995,COKE,COCA COLA CONSOLIDATED INC,1.0
2022-11-01,13284,ALSN,ALLISON TRANSMISSION HLDGS INC,1.0
2022-11-01,13766,BCC,BOISE CASCADE CO,1.0
2022-11-01,13837,EVTC,EVERTEC INC,1.0
2022-11-01,13901,MO,ALTRIA GROUP INC,1.0
2022-11-01,13928,COP,CONOCOPHILLIPS,1.0
2022-11-01,14541,CVX,CHEVRON CORP NEW,1.0
2022-11-01,14776,SYF,SYNCHRONY FINANCIAL,1.0
2022-11-01,15069,MRO,MARATHON OIL CORP,1.0
2022-11-01,17743,WRB,BERKLEY W R CORP,1.0
2022-11-01,20482,ABT,ABBOTT LABORATORIES,1.0
2022-11-01,21936,PFE,PFIZER INC,1.0
2022-11-01,22752,MRK,MERCK & CO INC NEW,1.0
2022-11-01,23660,CTAS,CINTAS CORP,1.0
2022-11-01,25487,CAR,AVIS BUDGET GROUP INC,1.0
2022-11-01,49429,DDS,DILLARDS INC,1.0
2022-11-01,50876,LLY,LILLY ELI & CO,1.0
2022-11-01,61807,MOGA,MOOG INC,1.0
2022-11-01,62148,CSX,C S X CORP,1.0
2022-11-01,64194,CHE,CHEMED CORP NEW,1.0
2022-11-01,64311,NSC,NORFOLK SOUTHERN CORP,1.0
2022-11-01,66800,AIG,AMERICAN INTERNATIONAL GROUP INC,1.0
2022-11-01,75241,PXD,PIONEER NATURAL RESOURCES CO,1.0
2022-11-01,75694,TECH,BIO TECHNE CORP,1.0
2022-11-01,75825,EOG,EOG RESOURCES INC,1.0
2022-11-01,76076,CSCO,CISCO SYSTEMS INC,1.0
2022-11-01,76744,VRTX,VERTEX PHARMACEUTICALS INC,1.0
2022-11-01,76841,BIIB,BIOGEN INC,1.0
2022-11-01,77462,M,MACYS INC,1.0
2022-11-01,78987,MCHP,MICROCHIP TECHNOLOGY INC,1.0
2022-11-01,79698,IT,GARTNER INC,1.0
2022-11-01,79841,FWRD,FORWARD AIR CORP,1.0
2022-11-01,80864,RS,RELIANCE STEEL & ALUMINUM CO,1.0
2022-11-01,85593,AMG,AFFILIATED MANAGERS GROUP INC,1.0
2022-11-01,85710,POWI,POWER INTEGRATIONS INC,1.0
2022-11-01,86047,AMKR,AMKOR TECHNOLOGY INC,1.0
2022-11-01,86594,KFY,KORN FERRY,1.0
2022-11-01,86783,BKNG,BOOKING HOLDINGS INC,1.0
2022-11-01,87137,DVN,DEVON ENERGY CORP NEW,1.0
2022-11-01,87432,A,AGILENT TECHNOLOGIES INC,1.0
2022-11-01,89179,ELV,ELEVANCE HEALTH INC,1.0
2022-11-01,89866,LKQ,L K Q CORP,1.0
2022-11-01,90455,MPWR,MONOLITHIC PWR SYS INC,1.0
2022-11-01,90829,CF,C F INDUSTRIES HOLDINGS INC,1.0
2022-11-01,90880,AMP,AMERIPRISE FINANCIAL INC,1.0
2022-11-01,91233,MA,MASTERCARD INC,1.0
2022-11-01,92326,CVI,C V R ENERGY,1.0
2022-11-01,92655,UNH,UNITEDHEALTH GROUP INC,1.0
2022-11-01,93002,AVGO,BROADCOM INC,1.0
2022-11-01,93132,FTNT,FORTINET INC,1.0
2022-11-01,90312,WLK,WESTLAKE CORP,0.975734
2022-11-01,92602,PM,PHILIP MORRIS INTERNATIONAL INC,0.971737
2022-11-01,57809,NDSN,NORDSON CORP,0.970751
2022-11-01,22111,JNJ,JOHNSON & JOHNSON,0.968237
2022-11-01,13610,OLN,OLIN CORP,0.964512
2022-11-01,21186,WRK,WESTROCK CO,0.963905
2022-11-01,84042,PAG,PENSKE AUTOMOTIVE GROUP INC,0.942529
2022-11-01,85072,RL,RALPH LAUREN CORP,0.941947
2022-11-01,14593,AAPL,APPLE INC,0.938988
2022-11-01,86228,RSG,REPUBLIC SERVICES INC,0.92851
2022-11-01,76573,MLI,MUELLER INDUSTRIES INC,0.928186
2022-11-01,81736,RMD,RESMED INC,0.92591
2022-11-01,11403,CDNS,CADENCE DESIGN SYSTEMS INC,0.924002
2022-11-01,91531,OC,OWENS CORNING NEW,0.921286
2022-11-01,88661,TPR,TAPESTRY INC,0.916027
2022-11-01,86158,CTSH,COGNIZANT TECHNOLOGY SOLS CORP,0.913771
2022-11-01,75854,LSCC,LATTICE SEMICONDUCTOR CORP,0.895978
2022-11-01,88182,ON,ON SEMICONDUCTOR CORP,0.889261
2022-11-01,56223,LPX,LOUISIANA PACIFIC CORP,0.887939
2022-11-01,44943,DIOD,DIODES INC,0.87517
2022-11-01,70228,TOL,TOLL BROTHERS INC,0.874144
2022-11-01,53613,MU,MICRON TECHNOLOGY INC,0.870853
2022-11-01,16119,ATKR,ATKORE INC,0.868278
2022-11-01,93330,PRI,PRIMERICA INC,0.866887
2022-11-01,85621,MTD,METTLER TOLEDO INTERNATIONAL INC,0.852056
2022-11-01,15579,TXN,TEXAS INSTRUMENTS INC,0.851146
2022-11-01,91516,AWI,ARMSTRONG WORLD INDS INC NEW,0.837115
2022-11-01,18163,PG,PROCTER & GAMBLE CO,0.83694
2022-11-01,91413,EVR,EVERCORE INC,0.832233
2022-11-01,13936,PVH,P V H CORP,0.823972
2022-11-01,10107,MSFT,MICROSOFT CORP,0.823205
2022-11-01,85863,COLM,COLUMBIA SPORTSWEAR CO,0.822888
2022-11-01,13210,EPAM,EPAM SYSTEMS INC,0.816798
2022-11-01,90319,GOOGL,ALPHABET INC,0.807164
2022-11-01,79103,ORLY,O REILLY AUTOMOTIVE INC NEW,0.804167
2022-11-01,17005,CVS,C V S HEALTH CORP,0.803579
2022-11-01,82651,WAT,WATERS CORP,0.796272
2022-11-01,77357,SNPS,SYNOPSYS INC,0.790785
2022-11-01,80575,SSD,SIMPSON MANUFACTURING CO INC,0.783805
2022-11-01,14008,AMGN,AMGEN INC,0.780694
2022-11-01,13788,ZTS,ZOETIS INC,0.776625
2022-11-01,90550,DLB,DOLBY LABORATORIES INC,0.762043
2022-11-01,14702,AMAT,APPLIED MATERIALS INC,0.748705
2022-11-01,88159,EXEL,EXELIXIS INC,0.736021
2022-11-01,48725,UNP,UNION PACIFIC CORP,0.724042
2022-11-01,25953,DOV,DOVER CORP,0.721693
2022-11-01,16505,BPOP,POPULAR INC,0.707229
2022-11-01,15429,LNTH,LANTHEUS HOLDINGS INC,0.69844
2022-11-01,89946,AEL,AMERICAN EQUITY INVT LIFE HLDG C,0.69129
2022-11-01,92402,MSCI,M S C I INC,0.655238
2022-11-01,91575,HRI,HERC HOLDINGS INC,0.649364
2022-11-01,90520,CE,CELANESE CORP DEL,0.580119
2022-11-01,11600,XRAY,DENTSPLY SIRONA INC,0.553479
2022-11-01,92611,V,VISA INC,0.530072
2022-11-01,13407,META,META PLATFORMS INC,0.48158
2022-11-01,12449,FLT,FLEETCOR TECHNOLOGIES INC,0.464276
2022-11-01,18267,DELL,DELL TECHNOLOGIES INC,0.459962
2022-11-01,62341,PDCE,P D C ENERGY INC,0.424204
2022-11-01,51369,TER,TERADYNE INC,0.33808
2022-11-01,49680,DHR,DANAHER CORP,0.324091
2022-11-01,75510,ADBE,ADOBE INC,0.281108
2022-11-01,85926,SEE,SEALED AIR CORP NEW,0.18295
2022-11-01,34817,NUE,NUCOR CORP,0.095909
2022-11-01,76095,HOLX,HOLOGIC INC,0.091726
2022-11-01,80080,EMN,EASTMAN CHEMICAL CO,0.063494
2022-11-01,80415,EXP,EAGLE MATERIALS INC,0.039211
2022-11-01,85753,VRSN,VERISIGN INC,0.031684
2022-11-01,13379,SPLK,SPLUNK INC,-0.004125
2022-11-01,15627,PLNT,PLANET FITNESS INC,-0.038838
2022-11-01,64929,KWR,QUAKER CHEMICAL CORP,-0.118217
2022-11-01,14401,OGS,ONE GAS INC,-0.232072
2022-11-01,14763,CTLT,CATALENT INC,-0.249748
2022-11-01,79857,PTEN,PATTERSON U T I ENERGY INC,-0.273679
2022-11-01,84381,ROK,ROCKWELL AUTOMATION INC,-0.305377
2022-11-01,14988,LBRDK,LIBERTY BROADBAND CORP,-0.434714
2022-11-01,91594,SPR,SPIRIT AEROSYSTEMS HOLDINGS INC,-0.459561
2022-11-01,15541,RPD,RAPID7 INC,-0.469791
2022-11-01,18735,GO,GROCERY OUTLET HOLDING CORP,-0.493966
2022-11-01,14596,FIVN,FIVE 9 INC,-0.553166
2022-11-01,19561,BA,BOEING CO,-0.554745
2022-11-01,16086,HTZ,HERTZ GLOBAL HOLDINGS INC NEW,-0.570897
2022-11-01,17701,SMAR,SMARTSHEET INC,-0.572246
2022-11-01,91579,KBR,K B R INC,-0.586044
2022-11-01,90505,LVS,LAS VEGAS SANDS CORP,-0.60219
2022-11-01,15694,PEN,PENUMBRA INC,-0.618599
2022-11-01,40272,IFF,INTERNATIONAL FLAVORS & FRAG INC,-0.635557
2022-11-01,91041,LYV,LIVE NATION ENTERTAINMENT INC,-0.653463
2022-11-01,16140,TWLO,TWILIO INC,-0.659609
2022-11-01,14136,RNG,RINGCENTRAL INC,-0.674434
2022-11-01,78875,WOLF,WOLFSPEED INC,-0.690431
2022-11-01,88863,EXAS,EXACT SCIENCES CORP,-0.692599
2022-11-01,18135,GH,GUARDANT HEALTH INC,-0.706008
2022-11-01,80069,ARWR,ARROWHEAD PHARMACEUTICALS INC,-0.750722
2022-11-01,13967,PTCT,P T C THERAPEUTICS INC,-0.751059
2022-11-01,16597,AYX,ALTERYX INC,-0.752895
2022-11-01,17478,SPGI,S & P GLOBAL INC,-0.758105
2022-11-01,15284,BPMC,BLUEPRINT MEDICINES CORP,-0.784439
2022-11-01,90978,SPWR,SUNPOWER CORP,-0.80019
2022-11-01,17783,CHX,CHAMPIONX CORP,-0.808256
2022-11-01,43350,SWK,STANLEY BLACK & DECKER INC,-0.808619
2022-11-01,12060,GE,GENERAL ELECTRIC CO,-0.811041
2022-11-01,85738,MRCY,MERCURY SYSTEMS INC,-0.814823
2022-11-01,14811,FWONK,LIBERTY MEDIA CORP 3RD NEW,-0.819892
2022-11-01,16343,YUMC,YUM CHINA HOLDINGS INC,-0.821306
2022-11-01,90248,DPZ,DOMINOS PIZZA INC,-0.844554
2022-11-01,15452,EVH,EVOLENT HEALTH INC,-0.8616
2022-11-01,14882,CZR,CAESARS ENTERTAINMENT INC DE,-0.864915
2022-11-01,46578,CLX,CLOROX CO,-0.884455
2022-11-01,32870,HRL,HORMEL FOODS CORP,-0.889524
2022-11-01,75470,MIDD,MIDDLEBY CORP,-0.898734
2022-11-01,18150,ETRN,EQUITRANS MIDSTREAM CORP,-0.904261
2022-11-01,13511,PANW,PALO ALTO NETWORKS INC,-0.920428
2022-11-01,17341,ZS,ZSCALER INC,-0.935192
2022-11-01,23835,MDU,M D U RESOURCES GROUP INC,-0.947271
2022-11-01,15534,NTRA,NATERA INC,-0.949177
2022-11-01,82515,POOL,POOL CORP,-0.955567
2022-11-01,93098,H,HYATT HOTELS CORP,-0.962669
2022-11-01,77366,MODG,TOPGOLF CALLAWAY BRANDS CORP,-0.969636
2022-11-01,90177,ACAD,ACADIA PHARMACEUTICALS,-0.971451
2022-11-01,14436,RARE,ULTRAGENYX PHARMACEUTICALS INC,-0.974732
2022-11-01,18726,CRWD,CROWDSTRIKE HOLDINGS INC,-0.975769
2022-11-01,16932,ROKU,ROKU INC,-0.982425
2022-11-01,52476,EFX,EQUIFAX INC,-0.986648
2022-11-01,76136,KMPR,KEMPER CORP DE,-0.994772
2022-11-01,76661,IONS,IONIS PHARMACEUTICALS INC,-0.996995
2022-11-01,15119,WK,WORKIVA INC,-0.997802
2022-11-01,10026,JJSF,J & J SNACK FOODS CORP,-1.0
2022-11-01,11370,ENV,ENVESTNET INC,-1.0
2022-11-01,11752,COHR,COHERENT CORP,-1.0
2022-11-01,12591,APO,APOLLO GLOBAL MANAGEMENT INC NEW,-1.0
2022-11-01,13181,GWRE,GUIDEWIRE SOFTWARE INC,-1.0
2022-11-01,13527,FIVE,FIVE BELOW INC,-1.0
2022-11-01,13628,WDAY,WORKDAY INC,-1.0
2022-11-01,13688,PCG,P G & E CORP,-1.0
2022-11-01,14295,,,-1.0
2022-11-01,14325,TNDM,TANDEM DIABETES CARE INC,-1.0
2022-11-01,14329,ARMK,ARAMARK,-1.0
2022-11-01,14432,ITCI,INTRA CELLULAR THERAPIES INC,-1.0
2022-11-01,14617,ARES,ARES MANAGEMENT CORP,-1.0
2022-11-01,14803,HQY,HEALTHEQUITY INC,-1.0
2022-11-01,14828,SAGE,SAGE THERAPEUTICS INC,-1.0
2022-11-01,15409,ALRM,ALARM COM HOLDINGS INC,-1.0
2022-11-01,15638,,,-1.0
2022-11-01,16064,NTLA,INTELLIA THERAPEUTICS INC,-1.0
2022-11-01,16381,BL,BLACKLINE INC,-1.0
2022-11-01,16664,FND,FLOOR & DECOR HOLDINGS INC,-1.0
2022-11-01,16736,VST,VISTRA CORP,-1.0
2022-11-01,17034,ALTR,ALTAIR ENGINEERING INC,-1.0
2022-11-01,17104,APLS,APELLIS PHARMACEUTICALS INC,-1.0
2022-11-01,17125,DNLI,DENALI THERAPEUTICS INC,-1.0
2022-11-01,17684,AHCO,ADAPTHEALTH CORP,-1.0
2022-11-01,17700,CDAY,CERIDIAN H C M HOLDING INC,-1.0
2022-11-01,17855,,,-1.0
2022-11-01,17949,BE,BLOOM ENERGY CORP,-1.0
2022-11-01,17987,VRT,VERTIV HOLDINGS CO,-1.0
2022-11-01,18777,KRTX,KARUNA THERAPEUTICS INC,-1.0
2022-11-01,20765,AJRD,AEROJET ROCKETDYNE HOLDINGS INC,-1.0
2022-11-01,25320,CPB,CAMPBELL SOUP CO,-1.0
2022-11-01,26825,K,KELLOGG CO,-1.0
2022-11-01,32986,ATO,ATMOS ENERGY CORP,-1.0
2022-11-01,35991,ROG,ROGERS CORP,-1.0
2022-11-01,52090,MKC,MCCORMICK & CO INC,-1.0
2022-11-01,59010,GPS,GAP INC,-1.0
2022-11-01,64936,D,DOMINION ENERGY INC,-1.0
2022-11-01,75034,BKR,BAKER HUGHES CO,-1.0
2022-11-01,75182,PII,POLARIS INC,-1.0
2022-11-01,77300,SMG,SCOTTS MIRACLE GRO CO,-1.0
2022-11-01,79299,PZZA,PAPA JOHNS INTL INC,-1.0
2022-11-01,82634,SAM,BOSTON BEER INC,-1.0
2022-11-01,84032,NOV,N O V INC,-1.0
2022-11-01,84348,VSAT,VIASAT INC,-1.0
2022-11-01,84761,TTWO,TAKE TWO INTERACTIVE SOFTWR INC,-1.0
2022-11-01,85002,SRPT,SAREPTA THERAPEUTICS INC,-1.0
2022-11-01,85792,PWR,QUANTA SERVICES INC,-1.0
2022-11-01,88351,INSM,INSMED INC,-1.0
2022-11-01,89031,AXON,AXON ENTERPRISE INC,-1.0
2022-11-01,89110,OMCL,OMNICELL INC,-1.0
2022-11-01,89217,AAP,ADVANCE AUTO PARTS INC,-1.0
2022-11-01,89508,KMX,CARMAX INC,-1.0
2022-11-01,90178,ALNY,ALNYLAM PHARMACEUTICALS INC,-1.0
2022-11-01,90775,THS,TREEHOUSE FOODS INC,-1.0
2022-11-01,91733,AVAV,AEROVIRONMENT INC,-1.0
2022-11-01,92040,FOLD,AMICUS THERAPEUTICS INC,-1.0
2022-11-01,92050,PODD,INSULET CORP,-1.0
2022-12-01,11403,CDNS,CADENCE DESIGN SYSTEMS INC,1.0
2022-12-01,11850,XOM,EXXON MOBIL CORP,1.0
2022-12-01,11995,COKE,COCA COLA CONSOLIDATED INC,1.0
2022-12-01,13284,ALSN,ALLISON TRANSMISSION HLDGS INC,1.0
2022-12-01,13610,OLN,OLIN CORP,1.0
2022-12-01,13766,BCC,BOISE CASCADE CO,1.0
2022-12-01,13901,MO,ALTRIA GROUP INC,1.0
2022-12-01,14541,CVX,CHEVRON CORP NEW,1.0
2022-12-01,14776,SYF,SYNCHRONY FINANCIAL,1.0
2022-12-01,15069,MRO,MARATHON OIL CORP,1.0
2022-12-01,15071,SYNH,SYNEOS HEALTH INC,1.0
2022-12-01,15397,BLD,TOPBUILD CORP,1.0
2022-12-01,15429,LNTH,LANTHEUS HOLDINGS INC,1.0
2022-12-01,16505,BPOP,POPULAR INC,1.0
2022-12-01,17743,WRB,BERKLEY W R CORP,1.0
2022-12-01,20482,ABT,ABBOTT LABORATORIES,1.0
2022-12-01,21186,WRK,WESTROCK CO,1.0
2022-12-01,21936,PFE,PFIZER INC,1.0
2022-12-01,22752,MRK,MERCK & CO INC NEW,1.0
2022-12-01,23660,CTAS,CINTAS CORP,1.0
2022-12-01,44943,DIOD,DIODES INC,1.0
2022-12-01,49429,DDS,DILLARDS INC,1.0
2022-12-01,50876,LLY,LILLY ELI & CO,1.0
2022-12-01,56223,LPX,LOUISIANA PACIFIC CORP,1.0
2022-12-01,57809,NDSN,NORDSON CORP,1.0
2022-12-01,61807,MOGA,MOOG INC,1.0
2022-12-01,62148,CSX,C S X CORP,1.0
2022-12-01,64194,CHE,CHEMED CORP NEW,1.0
2022-12-01,64311,NSC,NORFOLK SOUTHERN CORP,1.0
2022-12-01,66800,AIG,AMERICAN INTERNATIONAL GROUP INC,1.0
2022-12-01,75694,TECH,BIO TECHNE CORP,1.0
2022-12-01,75825,EOG,EOG RESOURCES INC,1.0
2022-12-01,75854,LSCC,LATTICE SEMICONDUCTOR CORP,1.0
2022-12-01,76076,CSCO,CISCO SYSTEMS INC,1.0
2022-12-01,76573,MLI,MUELLER INDUSTRIES INC,1.0
2022-12-01,76744,VRTX,VERTEX PHARMACEUTICALS INC,1.0
2022-12-01,76841,BIIB,BIOGEN INC,1.0
2022-12-01,77462,M,MACYS INC,1.0
2022-12-01,78987,MCHP,MICROCHIP TECHNOLOGY INC,1.0
2022-12-01,79698,IT,GARTNER INC,1.0
2022-12-01,79841,FWRD,FORWARD AIR CORP,1.0
2022-12-01,80864,RS,RELIANCE STEEL & ALUMINUM CO,1.0
2022-12-01,85593,AMG,AFFILIATED MANAGERS GROUP INC,1.0
2022-12-01,85710,POWI,POWER INTEGRATIONS INC,1.0
2022-12-01,86047,AMKR,AMKOR TECHNOLOGY INC,1.0
2022-12-01,86594,KFY,KORN FERRY,1.0
2022-12-01,86783,BKNG,BOOKING HOLDINGS INC,1.0
2022-12-01,87432,A,AGILENT TECHNOLOGIES INC,1.0
2022-12-01,88182,ON,ON SEMICONDUCTOR CORP,1.0
2022-12-01,88661,TPR,TAPESTRY INC,1.0
2022-12-01,89792,CVCO,CAVCO INDUSTRIES INC DEL,1.0
2022-12-01,89946,AEL,AMERICAN EQUITY INVT LIFE HLDG C,1.0
2022-12-01,90312,WLK,WESTLAKE CORP,1.0
2022-12-01,90455,MPWR,MONOLITHIC PWR SYS INC,1.0
2022-12-01,90829,CF,C F INDUSTRIES HOLDINGS INC,1.0
2022-12-01,90880,AMP,AMERIPRISE FINANCIAL INC,1.0
2022-12-01,91233,MA,MASTERCARD INC,1.0
2022-12-01,92602,PM,PHILIP MORRIS INTERNATIONAL INC,1.0
2022-12-01,93002,AVGO,BROADCOM INC,1.0
2022-12-01,22111,JNJ,JOHNSON & JOHNSON,0.994262
2022-12-01,85863,COLM,COLUMBIA SPORTSWEAR CO,0.990898
2022-12-01,85621,MTD,METTLER TOLEDO INTERNATIONAL INC,0.987461
2022-12-01,92655,UNH,UNITEDHEALTH GROUP INC,0.983832
2022-12-01,13928,COP,CONOCOPHILLIPS,0.980438
2022-12-01,89866,LKQ,L K Q CORP,0.978544
2022-12-01,92326,CVI,C V R ENERGY,0.976602
2022-12-01,86228,RSG,REPUBLIC SERVICES INC,0.972557
2022-12-01,89179,ELV,ELEVANCE HEALTH INC,0.971813
2022-12-01,70228,TOL,TOLL BROTHERS INC,0.969654
2022-12-01,91531,OC,OWENS CORNING NEW,0.953414
2022-12-01,81736,RMD,RESMED INC,0.95219
2022-12-01,25487,CAR,AVIS BUDGET GROUP INC,0.942758
2022-12-01,13837,EVTC,EVERTEC INC,0.940177
2022-12-01,75241,PXD,PIONEER NATURAL RESOURCES CO,0.939332
2022-12-01,93132,FTNT,FORTINET INC,0.927165
2022-12-01,53613,MU,MICRON TECHNOLOGY INC,0.92551
2022-12-01,18163,PG,PROCTER & GAMBLE CO,0.924601
2022-12-01,77357,SNPS,SYNOPSYS INC,0.915544
2022-12-01,91413,EVR,EVERCORE INC,0.91549
2022-12-01,86158,CTSH,COGNIZANT TECHNOLOGY SOLS CORP,0.914721
2022-12-01,14593,AAPL,APPLE INC,0.905297
2022-12-01,10107,MSFT,MICROSOFT CORP,0.905
2022-12-01,14702,AMAT,APPLIED MATERIALS INC,0.901454
2022-12-01,93330,PRI,PRIMERICA INC,0.893768
2022-12-01,87137,DVN,DEVON ENERGY CORP NEW,0.882988
2022-12-01,11691,MATX,MATSON INC,0.867778
2022-12-01,17005,CVS,C V S HEALTH CORP,0.86221
2022-12-01,90319,GOOGL,ALPHABET INC,0.860201
2022-12-01,13210,EPAM,EPAM SYSTEMS INC,0.857826
2022-12-01,90550,DLB,DOLBY LABORATORIES INC,0.85461
2022-12-01,80575,SSD,SIMPSON MANUFACTURING CO INC,0.850979
2022-12-01,91516,AWI,ARMSTRONG WORLD INDS INC NEW,0.846951
2022-12-01,14008,AMGN,AMGEN INC,0.830466
2022-12-01,79103,ORLY,O REILLY AUTOMOTIVE INC NEW,0.828162
2022-12-01,48725,UNP,UNION PACIFIC CORP,0.796494
2022-12-01,13788,ZTS,ZOETIS INC,0.791713
2022-12-01,25953,DOV,DOVER CORP,0.784652
2022-12-01,88159,EXEL,EXELIXIS INC,0.756115
2022-12-01,92402,MSCI,M S C I INC,0.709735
2022-12-01,91575,HRI,HERC HOLDINGS INC,0.705815
2022-12-01,13407,META,META PLATFORMS INC,0.609129
2022-12-01,84042,PAG,PENSKE AUTOMOTIVE GROUP INC,0.56833
2022-12-01,92611,V,VISA INC,0.555025
2022-12-01,12449,FLT,FLEETCOR TECHNOLOGIES INC,0.488095
2022-12-01,62341,PDCE,P D C ENERGY INC,0.435811
2022-12-01,51369,TER,TERADYNE INC,0.387862
2022-12-01,49680,DHR,DANAHER CORP,0.351162
2022-12-01,75510,ADBE,ADOBE INC,0.303632
2022-12-01,85926,SEE,SEALED AIR CORP NEW,0.203981
2022-12-01,34817,NUE,NUCOR CORP,0.109191
2022-12-01,16260,MEDP,MEDPACE HOLDINGS INC,0.092096
2022-12-01,80080,EMN,EASTMAN CHEMICAL CO,0.071422
2022-12-01,80415,EXP,EAGLE MATERIALS INC,0.043597
2022-12-01,85753,VRSN,VERISIGN INC,0.031491
2022-12-01,13379,SPLK,SPLUNK INC,-0.003844
2022-12-01,15627,PLNT,PLANET FITNESS INC,-0.046366
2022-12-01,64929,KWR,QUAKER CHEMICAL CORP,-0.142702
2022-12-01,14763,CTLT,CATALENT INC,-0.189761
2022-12-01,14167,ISEE,IVERIC BIO INC,-0.2565
2022-12-01,14401,OGS,ONE GAS INC,-0.261756
2022-12-01,79857,PTEN,PATTERSON U T I ENERGY INC,-0.27879
2022-12-01,18135,GH,GUARDANT HEALTH INC,-0.38004
2022-12-01,18735,GO,GROCERY OUTLET HOLDING CORP,-0.431113
2022-12-01,16140,TWLO,TWILIO INC,-0.432889
2022-12-01,14988,LBRDK,LIBERTY BROADBAND CORP,-0.466579
2022-12-01,17701,SMAR,SMARTSHEET INC,-0.502113
2022-12-01,91594,SPR,SPIRIT AEROSYSTEMS HOLDINGS INC,-0.51877
2022-12-01,16086,HTZ,HERTZ GLOBAL HOLDINGS INC NEW,-0.532035
2022-12-01,14596,FIVN,FIVE 9 INC,-0.586928
2022-12-01,15534,NTRA,NATERA INC,-0.589861
2022-12-01,91041,LYV,LIVE NATION ENTERTAINMENT INC,-0.595369
2022-12-01,91579,KBR,K B R INC,-0.606743
2022-12-01,89110,OMCL,OMNICELL INC,-0.66463
2022-12-01,11990,KKR,K K R & CO INC,-0.686622
2022-12-01,40272,IFF,INTERNATIONAL FLAVORS & FRAG INC,-0.687199
2022-12-01,16597,AYX,ALTERYX INC,-0.690798
2022-12-01,80069,ARWR,ARROWHEAD PHARMACEUTICALS INC,-0.69229
2022-12-01,19561,BA,BOEING CO,-0.694737
2022-12-01,14136,RNG,RINGCENTRAL INC,-0.701749
2022-12-01,18726,CRWD,CROWDSTRIKE HOLDINGS INC,-0.709367
2022-12-01,15284,BPMC,BLUEPRINT MEDICINES CORP,-0.720914
2022-12-01,90505,LVS,LAS VEGAS SANDS CORP,-0.740363
2022-12-01,90775,THS,TREEHOUSE FOODS INC,-0.743789
2022-12-01,14325,TNDM,TANDEM DIABETES CARE INC,-0.746031
2022-12-01,12781,SR,SPIRE INC,-0.782201
2022-12-01,89217,AAP,ADVANCE AUTO PARTS INC,-0.792163
2022-12-01,78875,WOLF,WOLFSPEED INC,-0.795159
2022-12-01,17341,ZS,ZSCALER INC,-0.807202
2022-12-01,14803,HQY,HEALTHEQUITY INC,-0.81193
2022-12-01,13967,PTCT,P T C THERAPEUTICS INC,-0.821796
2022-12-01,84348,VSAT,VIASAT INC,-0.829419
2022-12-01,17478,SPGI,S & P GLOBAL INC,-0.83237
2022-12-01,15409,ALRM,ALARM COM HOLDINGS INC,-0.845207
2022-12-01,43350,SWK,STANLEY BLACK & DECKER INC,-0.847827
2022-12-01,14811,FWONK,LIBERTY MEDIA CORP 3RD NEW,-0.863139
2022-12-01,17783,CHX,CHAMPIONX CORP,-0.868642
2022-12-01,64936,D,DOMINION ENERGY INC,-0.870518
2022-12-01,84761,TTWO,TAKE TWO INTERACTIVE SOFTWR INC,-0.889193
2022-12-01,88863,EXAS,EXACT SCIENCES CORP,-0.893143
2022-12-01,12060,GE,GENERAL ELECTRIC CO,-0.893779
2022-12-01,32870,HRL,HORMEL FOODS CORP,-0.897516
2022-12-01,46578,CLX,CLOROX CO,-0.897736
2022-12-01,13511,PANW,PALO ALTO NETWORKS INC,-0.908734
2022-12-01,18150,ETRN,EQUITRANS MIDSTREAM CORP,-0.915522
2022-12-01,76661,IONS,IONIS PHARMACEUTICALS INC,-0.91723
2022-12-01,75470,MIDD,MIDDLEBY CORP,-0.923992
2022-12-01,90177,ACAD,ACADIA PHARMACEUTICALS,-0.941406
2022-12-01,26825,K,KELLOGG CO,-0.954447
2022-12-01,17987,VRT,VERTIV HOLDINGS CO,-0.965732
2022-12-01,16064,NTLA,INTELLIA THERAPEUTICS INC,-0.972134
2022-12-01,17684,AHCO,ADAPTHEALTH CORP,-0.975653
2022-12-01,90248,DPZ,DOMINOS PIZZA INC,-0.98574
2022-12-01,84032,NOV,N O V INC,-0.999823
2022-12-01,10026,JJSF,J & J SNACK FOODS CORP,-1.0
2022-12-01,11370,ENV,ENVESTNET INC,-1.0
2022-12-01,11752,COHR,COHERENT CORP,-1.0
2022-12-01,12591,APO,APOLLO GLOBAL MANAGEMENT INC NEW,-1.0
2022-12-01,13181,GWRE,GUIDEWIRE SOFTWARE INC,-1.0
2022-12-01,13527,FIVE,FIVE BELOW INC,-1.0
2022-12-01,13628,WDAY,WORKDAY INC,-1.0
2022-12-01,13688,PCG,P G & E CORP,-1.0
2022-12-01,14329,ARMK,ARAMARK,-1.0
2022-12-01,14432,ITCI,INTRA CELLULAR THERAPIES INC,-1.0
2022-12-01,14436,RARE,ULTRAGENYX PHARMACEUTICALS INC,-1.0
2022-12-01,14617,ARES,ARES MANAGEMENT CORP,-1.0
2022-12-01,14828,SAGE,SAGE THERAPEUTICS INC,-1.0
2022-12-01,14882,CZR,CAESARS ENTERTAINMENT INC DE,-1.0
2022-12-01,15119,WK,WORKIVA INC,-1.0
2022-12-01,15400,ENR,ENERGIZER HOLDINGS INC NEW,-1.0
2022-12-01,15452,EVH,EVOLENT HEALTH INC,-1.0
2022-12-01,15454,GKOS,GLAUKOS CORP,-1.0
2022-12-01,15694,PEN,PENUMBRA INC,-1.0
2022-12-01,16343,YUMC,YUM CHINA HOLDINGS INC,-1.0
2022-12-01,16381,BL,BLACKLINE INC,-1.0
2022-12-01,16736,VST,VISTRA CORP,-1.0
2022-12-01,17034,ALTR,ALTAIR ENGINEERING INC,-1.0
2022-12-01,17104,APLS,APELLIS PHARMACEUTICALS INC,-1.0
2022-12-01,17125,DNLI,DENALI THERAPEUTICS INC,-1.0
2022-12-01,17700,CDAY,CERIDIAN H C M HOLDING INC,-1.0
2022-12-01,17949,BE,BLOOM ENERGY CORP,-1.0
2022-12-01,18011,SONO,SONOS INC,-1.0
2022-12-01,18484,ZM,ZOOM VIDEO COMMUNICATIONS INC,-1.0
2022-12-01,18777,KRTX,KARUNA THERAPEUTICS INC,-1.0
2022-12-01,20765,AJRD,AEROJET ROCKETDYNE HOLDINGS INC,-1.0
2022-12-01,23835,MDU,M D U RESOURCES GROUP INC,-1.0
2022-12-01,25320,CPB,CAMPBELL SOUP CO,-1.0
2022-12-01,32651,HL,HECLA MINING CO,-1.0
2022-12-01,32986,ATO,ATMOS ENERGY CORP,-1.0
2022-12-01,35991,ROG,ROGERS CORP,-1.0
2022-12-01,49154,TGT,TARGET CORP,-1.0
2022-12-01,52090,MKC,MCCORMICK & CO INC,-1.0
2022-12-01,52476,EFX,EQUIFAX INC,-1.0
2022-12-01,59010,GPS,GAP INC,-1.0
2022-12-01,75034,BKR,BAKER HUGHES CO,-1.0
2022-12-01,76136,KMPR,KEMPER CORP DE,-1.0
2022-12-01,77300,SMG,SCOTTS MIRACLE GRO CO,-1.0
2022-12-01,77366,MODG,TOPGOLF CALLAWAY BRANDS CORP,-1.0
2022-12-01,79299,PZZA,PAPA JOHNS INTL INC,-1.0
2022-12-01,80432,AEO,AMERICAN EAGLE OUTFITTERS INC NE,-1.0
2022-12-01,82515,POOL,POOL CORP,-1.0
2022-12-01,82634,SAM,BOSTON BEER INC,-1.0
2022-12-01,85002,SRPT,SAREPTA THERAPEUTICS INC,-1.0
2022-12-01,85738,MRCY,MERCURY SYSTEMS INC,-1.0
2022-12-01,85792,PWR,QUANTA SERVICES INC,-1.0
2022-12-01,88351,INSM,INSMED INC,-1.0
2022-12-01,89031,AXON,AXON ENTERPRISE INC,-1.0
2022-12-01,90178,ALNY,ALNYLAM PHARMACEUTICALS INC,-1.0
2022-12-01,90978,SPWR,SUNPOWER CORP,-1.0
2022-12-01,91733,AVAV,AEROVIRONMENT INC,-1.0
2022-12-01,92040,FOLD,AMICUS THERAPEUTICS INC,-1.0
2022-12-01,92050,PODD,INSULET CORP,-1.0
2022-12-01,93098,H,HYATT HOTELS CORP,-1.0
2023-01-01,11850,XOM,EXXON MOBIL CORP,1.0
2023-01-01,11995,COKE,COCA COLA CONSOLIDATED INC,1.0
2023-01-01,13284,ALSN,ALLISON TRANSMISSION HLDGS INC,1.0
2023-01-01,13721,ABBV,ABBVIE INC,1.0
2023-01-01,13766,BCC,BOISE CASCADE CO,1.0
2023-01-01,13837,EVTC,EVERTEC INC,1.0
2023-01-01,13901,MO,ALTRIA GROUP INC,1.0
2023-01-01,13911,IQV,IQVIA HOLDINGS INC,1.0
2023-01-01,13928,COP,CONOCOPHILLIPS,1.0
2023-01-01,15069,MRO,MARATHON OIL CORP,1.0
2023-01-01,15071,SYNH,SYNEOS HEALTH INC,1.0
2023-01-01,15397,BLD,TOPBUILD CORP,1.0
2023-01-01,15429,LNTH,LANTHEUS HOLDINGS INC,1.0
2023-01-01,16076,GMS,G M S INC,1.0
2023-01-01,16260,MEDP,MEDPACE HOLDINGS INC,1.0
2023-01-01,16505,BPOP,POPULAR INC,1.0
2023-01-01,20482,ABT,ABBOTT LABORATORIES,1.0
2023-01-01,21936,PFE,PFIZER INC,1.0
2023-01-01,22111,JNJ,JOHNSON & JOHNSON,1.0
2023-01-01,22752,MRK,MERCK & CO INC NEW,1.0
2023-01-01,48725,UNP,UNION PACIFIC CORP,1.0
2023-01-01,49680,DHR,DANAHER CORP,1.0
2023-01-01,57809,NDSN,NORDSON CORP,1.0
2023-01-01,61313,DCI,DONALDSON INC,1.0
2023-01-01,66800,AIG,AMERICAN INTERNATIONAL GROUP INC,1.0
2023-01-01,70228,TOL,TOLL BROTHERS INC,1.0
2023-01-01,75825,EOG,EOG RESOURCES INC,1.0
2023-01-01,76841,BIIB,BIOGEN INC,1.0
2023-01-01,79841,FWRD,FORWARD AIR CORP,1.0
2023-01-01,80415,EXP,EAGLE MATERIALS INC,1.0
2023-01-01,81584,CBZ,CBIZ INC,1.0
2023-01-01,86047,AMKR,AMKOR TECHNOLOGY INC,1.0
2023-01-01,86158,CTSH,COGNIZANT TECHNOLOGY SOLS CORP,1.0
2023-01-01,86783,BKNG,BOOKING HOLDINGS INC,1.0
2023-01-01,88661,TPR,TAPESTRY INC,1.0
2023-01-01,89946,AEL,AMERICAN EQUITY INVT LIFE HLDG C,1.0
2023-01-01,90829,CF,C F INDUSTRIES HOLDINGS INC,1.0
2023-01-01,90880,AMP,AMERIPRISE FINANCIAL INC,1.0
2023-01-01,91233,MA,MASTERCARD INC,1.0
2023-01-01,92121,DFS,DISCOVER FINANCIAL SERVICES,1.0
2023-01-01,92602,PM,PHILIP MORRIS INTERNATIONAL INC,1.0
2023-01-01,92655,UNH,UNITEDHEALTH GROUP INC,1.0
2023-01-01,93002,AVGO,BROADCOM INC,1.0
2023-01-01,85593,AMG,AFFILIATED MANAGERS GROUP INC,0.984216
2023-01-01,50876,LLY,LILLY ELI & CO,0.9825
2023-01-01,64194,CHE,CHEMED CORP NEW,0.978217
2023-01-01,14541,CVX,CHEVRON CORP NEW,0.975782
2023-01-01,23660,CTAS,CINTAS CORP,0.974619
2023-01-01,75694,TECH,BIO TECHNE CORP,0.971794
2023-01-01,85621,MTD,METTLER TOLEDO INTERNATIONAL INC,0.967924
2023-01-01,85863,COLM,COLUMBIA SPORTSWEAR CO,0.965318
2023-01-01,87432,A,AGILENT TECHNOLOGIES INC,0.963681
2023-01-01,64311,NSC,NORFOLK SOUTHERN CORP,0.957323
2023-01-01,79698,IT,GARTNER INC,0.956007
2023-01-01,76076,CSCO,CISCO SYSTEMS INC,0.954787
2023-01-01,80864,RS,RELIANCE STEEL & ALUMINUM CO,0.954735
2023-01-01,17743,WRB,BERKLEY W R CORP,0.949305
2023-01-01,90312,WLK,WESTLAKE CORP,0.949152
2023-01-01,62148,CSX,C S X CORP,0.944311
2023-01-01,49429,DDS,DILLARDS INC,0.938547
2023-01-01,18163,PG,PROCTER & GAMBLE CO,0.936354
2023-01-01,89179,ELV,ELEVANCE HEALTH INC,0.934436
2023-01-01,11403,CDNS,CADENCE DESIGN SYSTEMS INC,0.930357
2023-01-01,13610,OLN,OLIN CORP,0.925719
2023-01-01,56223,LPX,LOUISIANA PACIFIC CORP,0.924521
2023-01-01,90455,MPWR,MONOLITHIC PWR SYS INC,0.924363
2023-01-01,21186,WRK,WESTROCK CO,0.923836
2023-01-01,91531,OC,OWENS CORNING NEW,0.912202
2023-01-01,76744,VRTX,VERTEX PHARMACEUTICALS INC,0.909326
2023-01-01,76082,CTRA,COTERRA ENERGY INC,0.908885
2023-01-01,75241,PXD,PIONEER NATURAL RESOURCES CO,0.905907
2023-01-01,86228,RSG,REPUBLIC SERVICES INC,0.90081
2023-01-01,85710,POWI,POWER INTEGRATIONS INC,0.887774
2023-01-01,75854,LSCC,LATTICE SEMICONDUCTOR CORP,0.887463
2023-01-01,86594,KFY,KORN FERRY,0.886886
2023-01-01,78987,MCHP,MICROCHIP TECHNOLOGY INC,0.883728
2023-01-01,77462,M,MACYS INC,0.881705
2023-01-01,14776,SYF,SYNCHRONY FINANCIAL,0.871022
2023-01-01,77357,SNPS,SYNOPSYS INC,0.857847
2023-01-01,81736,RMD,RESMED INC,0.857683
2023-01-01,76573,MLI,MUELLER INDUSTRIES INC,0.857654
2023-01-01,93132,FTNT,FORTINET INC,0.849559
2023-01-01,11691,MATX,MATSON INC,0.847833
2023-01-01,10107,MSFT,MICROSOFT CORP,0.8476
2023-01-01,93330,PRI,PRIMERICA INC,0.847507
2023-01-01,92326,CVI,C V R ENERGY,0.827276
2023-01-01,88182,ON,ON SEMICONDUCTOR CORP,0.826009
2023-01-01,44943,DIOD,DIODES INC,0.822166
2023-01-01,80575,SSD,SIMPSON MANUFACTURING CO INC,0.807955
2023-01-01,87137,DVN,DEVON ENERGY CORP NEW,0.807618
2023-01-01,79103,ORLY,O REILLY AUTOMOTIVE INC NEW,0.805717
2023-01-01,90550,DLB,DOLBY LABORATORIES INC,0.802297
2023-01-01,14593,AAPL,APPLE INC,0.791545
2023-01-01,17005,CVS,C V S HEALTH CORP,0.785753
2023-01-01,90386,MOS,MOSAIC CO NEW,0.771726
2023-01-01,14008,AMGN,AMGEN INC,0.763596
2023-01-01,13210,EPAM,EPAM SYSTEMS INC,0.759877
2023-01-01,91516,AWI,ARMSTRONG WORLD INDS INC NEW,0.75741
2023-01-01,13788,ZTS,ZOETIS INC,0.750053
2023-01-01,90319,GOOGL,ALPHABET INC,0.748609
2023-01-01,89866,LKQ,L K Q CORP,0.735106
2023-01-01,91575,HRI,HERC HOLDINGS INC,0.725358
2023-01-01,88159,EXEL,EXELIXIS INC,0.70752
2023-01-01,25487,CAR,AVIS BUDGET GROUP INC,0.687988
2023-01-01,92402,MSCI,M S C I INC,0.647715
2023-01-01,13407,META,META PLATFORMS INC,0.618624
2023-01-01,92611,V,VISA INC,0.529516
2023-01-01,12449,FLT,FLEETCOR TECHNOLOGIES INC,0.455299
2023-01-01,62341,PDCE,P D C ENERGY INC,0.376755
2023-01-01,75510,ADBE,ADOBE INC,0.295212
2023-01-01,76892,BOKF,B O K FINANCIAL CORP,0.264565
2023-01-01,85926,SEE,SEALED AIR CORP NEW,0.191178
2023-01-01,34817,NUE,NUCOR CORP,0.095979
2023-01-01,83272,HUBG,HUB GROUP INC,0.072588
2023-01-01,80080,EMN,EASTMAN CHEMICAL CO,0.067524
2023-01-01,85753,VRSN,VERISIGN INC,0.032272
2023-01-01,15627,PLNT,PLANET FITNESS INC,-0.04647
2023-01-01,64929,KWR,QUAKER CHEMICAL CORP,-0.120545
2023-01-01,14763,CTLT,CATALENT INC,-0.169739
2023-01-01,79857,PTEN,PATTERSON U T I ENERGY INC,-0.260608
2023-01-01,91611,FSLR,FIRST SOLAR INC,-0.364992
2023-01-01,14988,LBRDK,LIBERTY BROADBAND CORP,-0.390081
2023-01-01,80286,TSCO,TRACTOR SUPPLY CO NEW,-0.401284
2023-01-01,18735,GO,GROCERY OUTLET HOLDING CORP,-0.414275
2023-01-01,16140,TWLO,TWILIO INC,-0.430896
2023-01-01,16086,HTZ,HERTZ GLOBAL HOLDINGS INC NEW,-0.474249
2023-01-01,91041,LYV,LIVE NATION ENTERTAINMENT INC,-0.568646
2023-01-01,15534,NTRA,NATERA INC,-0.57424
2023-01-01,91594,SPR,SPIRIT AEROSYSTEMS HOLDINGS INC,-0.584115
2023-01-01,14596,FIVN,FIVE 9 INC,-0.619276
2023-01-01,91579,KBR,K B R INC,-0.619398
2023-01-01,18726,CRWD,CROWDSTRIKE HOLDINGS INC,-0.632447
2023-01-01,89110,OMCL,OMNICELL INC,-0.647059
2023-01-01,16064,NTLA,INTELLIA THERAPEUTICS INC,-0.655824
2023-01-01,15284,BPMC,BLUEPRINT MEDICINES CORP,-0.65844
2023-01-01,14136,RNG,RINGCENTRAL INC,-0.667945
2023-01-01,17341,ZS,ZSCALER INC,-0.674124
2023-01-01,40272,IFF,INTERNATIONAL FLAVORS & FRAG INC,-0.683825
2023-01-01,18150,ETRN,EQUITRANS MIDSTREAM CORP,-0.728015
2023-01-01,19561,BA,BOEING CO,-0.737481
2023-01-01,90978,SPWR,SUNPOWER CORP,-0.740126
2023-01-01,90775,THS,TREEHOUSE FOODS INC,-0.740523
2023-01-01,13511,PANW,PALO ALTO NETWORKS INC,-0.743279
2023-01-01,13967,PTCT,P T C THERAPEUTICS INC,-0.75326
2023-01-01,90505,LVS,LAS VEGAS SANDS CORP,-0.757304
2023-01-01,15272,SEDG,SOLAREDGE TECHNOLOGIES INC,-0.766199
2023-01-01,84348,VSAT,VIASAT INC,-0.767251
2023-01-01,59010,GPS,GAP INC,-0.772412
2023-01-01,43350,SWK,STANLEY BLACK & DECKER INC,-0.776488
2023-01-01,89217,AAP,ADVANCE AUTO PARTS INC,-0.776789
2023-01-01,16597,AYX,ALTERYX INC,-0.778106
2023-01-01,17478,SPGI,S & P GLOBAL INC,-0.78742
2023-01-01,17783,CHX,CHAMPIONX CORP,-0.8136
2023-01-01,14882,CZR,CAESARS ENTERTAINMENT INC DE,-0.815357
2023-01-01,18772,AKRO,AKERO THERAPEUTICS INC,-0.827194
2023-01-01,15409,ALRM,ALARM COM HOLDINGS INC,-0.835237
2023-01-01,17684,AHCO,ADAPTHEALTH CORP,-0.837225
2023-01-01,14811,FWONK,LIBERTY MEDIA CORP 3RD NEW,-0.843793
2023-01-01,46578,CLX,CLOROX CO,-0.844456
2023-01-01,76661,IONS,IONIS PHARMACEUTICALS INC,-0.846221
2023-01-01,82634,SAM,BOSTON BEER INC,-0.85392
2023-01-01,75470,MIDD,MIDDLEBY CORP,-0.85493
2023-01-01,76136,KMPR,KEMPER CORP DE,-0.860992
2023-01-01,32870,HRL,HORMEL FOODS CORP,-0.866794
2023-01-01,17125,DNLI,DENALI THERAPEUTICS INC,-0.868135
2023-01-01,12060,GE,GENERAL ELECTRIC CO,-0.86895
2023-01-01,80069,ARWR,ARROWHEAD PHARMACEUTICALS INC,-0.869688
2023-01-01,90248,DPZ,DOMINOS PIZZA INC,-0.877704
2023-01-01,49154,TGT,TARGET CORP,-0.888702
2023-01-01,18484,ZM,ZOOM VIDEO COMMUNICATIONS INC,-0.894672
2023-01-01,89031,AXON,AXON ENTERPRISE INC,-0.898267
2023-01-01,10026,JJSF,J & J SNACK FOODS CORP,-0.913585
2023-01-01,12591,APO,APOLLO GLOBAL MANAGEMENT INC NEW,-0.915918
2023-01-01,14828,SAGE,SAGE THERAPEUTICS INC,-0.925958
2023-01-01,17700,CDAY,CERIDIAN H C M HOLDING INC,-0.933938
2023-01-01,85792,PWR,QUANTA SERVICES INC,-0.947915
2023-01-01,17987,VRT,VERTIV HOLDINGS CO,-0.949221
2023-01-01,90177,ACAD,ACADIA PHARMACEUTICALS,-0.95877
2023-01-01,23835,MDU,M D U RESOURCES GROUP INC,-0.967156
2023-01-01,52090,MKC,MCCORMICK & CO INC,-0.974247
2023-01-01,88863,EXAS,EXACT SCIENCES CORP,-0.980731
2023-01-01,14329,ARMK,ARAMARK,-0.990371
2023-01-01,13628,WDAY,WORKDAY INC,-0.993226
2023-01-01,10258,CLDX,CELLDEX THERAPEUTICS INC,-1.0
2023-01-01,11370,ENV,ENVESTNET INC,-1.0
2023-01-01,11752,COHR,COHERENT CORP,-1.0
2023-01-01,11990,KKR,K K R & CO INC,-1.0
2023-01-01,12781,SR,SPIRE INC,-1.0
2023-01-01,13181,GWRE,GUIDEWIRE SOFTWARE INC,-1.0
2023-01-01,13527,FIVE,FIVE BELOW INC,-1.0
2023-01-01,13688,PCG,P G & E CORP,-1.0
2023-01-01,14167,ISEE,IVERIC BIO INC,-1.0
2023-01-01,14325,TNDM,TANDEM DIABETES CARE INC,-1.0
2023-01-01,14432,ITCI,INTRA CELLULAR THERAPIES INC,-1.0
2023-01-01,14436,RARE,ULTRAGENYX PHARMACEUTICALS INC,-1.0
2023-01-01,14617,ARES,ARES MANAGEMENT CORP,-1.0
2023-01-01,15119,WK,WORKIVA INC,-1.0
2023-01-01,15400,ENR,ENERGIZER HOLDINGS INC NEW,-1.0
2023-01-01,15452,EVH,EVOLENT HEALTH INC,-1.0
2023-01-01,15454,GKOS,GLAUKOS CORP,-1.0
2023-01-01,15694,PEN,PENUMBRA INC,-1.0
2023-01-01,16381,BL,BLACKLINE INC,-1.0
2023-01-01,16966,,,-1.0
2023-01-01,17034,ALTR,ALTAIR ENGINEERING INC,-1.0
2023-01-01,17104,APLS,APELLIS PHARMACEUTICALS INC,-1.0
2023-01-01,17949,BE,BLOOM ENERGY CORP,-1.0
2023-01-01,18011,SONO,SONOS INC,-1.0
2023-01-01,18777,KRTX,KARUNA THERAPEUTICS INC,-1.0
2023-01-01,20765,AJRD,AEROJET ROCKETDYNE HOLDINGS INC,-1.0
2023-01-01,25320,CPB,CAMPBELL SOUP CO,-1.0
2023-01-01,26825,K,KELLOGG CO,-1.0
2023-01-01,32651,HL,HECLA MINING CO,-1.0
2023-01-01,32986,ATO,ATMOS ENERGY CORP,-1.0
2023-01-01,35991,ROG,ROGERS CORP,-1.0
2023-01-01,52476,EFX,EQUIFAX INC,-1.0
2023-01-01,75034,BKR,BAKER HUGHES CO,-1.0
2023-01-01,75607,GEN,GEN DIGITAL INC,-1.0
2023-01-01,77300,SMG,SCOTTS MIRACLE GRO CO,-1.0
2023-01-01,77366,MODG,TOPGOLF CALLAWAY BRANDS CORP,-1.0
2023-01-01,77447,ICUI,I C U MEDICAL INC,-1.0
2023-01-01,79299,PZZA,PAPA JOHNS INTL INC,-1.0
2023-01-01,80432,AEO,AMERICAN EAGLE OUTFITTERS INC NE,-1.0
2023-01-01,82515,POOL,POOL CORP,-1.0
2023-01-01,84032,NOV,N O V INC,-1.0
2023-01-01,84319,LAD,LITHIA MOTORS INC,-1.0
2023-01-01,84761,TTWO,TAKE TWO INTERACTIVE SOFTWR INC,-1.0
2023-01-01,85002,SRPT,SAREPTA THERAPEUTICS INC,-1.0
2023-01-01,85738,MRCY,MERCURY SYSTEMS INC,-1.0
2023-01-01,88351,INSM,INSMED INC,-1.0
2023-01-01,90126,CYTK,CYTOKINETICS INC,-1.0
2023-01-01,90178,ALNY,ALNYLAM PHARMACEUTICALS INC,-1.0
2023-01-01,90734,LHCG,L H C GROUP,-1.0
2023-01-01,91733,AVAV,AEROVIRONMENT INC,-1.0
2023-01-01,92040,FOLD,AMICUS THERAPEUTICS INC,-1.0
2023-02-01,11403,CDNS,CADENCE DESIGN SYSTEMS INC,1.0
2023-02-01,11850,XOM,EXXON MOBIL CORP,1.0
2023-02-01,11995,COKE,COCA COLA CONSOLIDATED INC,1.0
2023-02-01,13284,ALSN,ALLISON TRANSMISSION HLDGS INC,1.0
2023-02-01,13610,OLN,OLIN CORP,1.0
2023-02-01,13721,ABBV,ABBVIE INC,1.0
2023-02-01,13766,BCC,BOISE CASCADE CO,1.0
2023-02-01,13837,EVTC,EVERTEC INC,1.0
2023-02-01,13901,MO,ALTRIA GROUP INC,1.0
2023-02-01,13911,IQV,IQVIA HOLDINGS INC,1.0
2023-02-01,13928,COP,CONOCOPHILLIPS,1.0
2023-02-01,15069,MRO,MARATHON OIL CORP,1.0
2023-02-01,15071,SYNH,SYNEOS HEALTH INC,1.0
2023-02-01,15397,BLD,TOPBUILD CORP,1.0
2023-02-01,15429,LNTH,LANTHEUS HOLDINGS INC,1.0
2023-02-01,16076,GMS,G M S INC,1.0
2023-02-01,16260,MEDP,MEDPACE HOLDINGS INC,1.0
2023-02-01,16505,BPOP,POPULAR INC,1.0
2023-02-01,16939,MAXR,MAXAR TECHNOLOGIES INC,1.0
2023-02-01,20482,ABT,ABBOTT LABORATORIES,1.0
2023-02-01,21186,WRK,WESTROCK CO,1.0
2023-02-01,49429,DDS,DILLARDS INC,1.0
2023-02-01,56223,LPX,LOUISIANA PACIFIC CORP,1.0
2023-02-01,57809,NDSN,NORDSON CORP,1.0
2023-02-01,60871,ADI,ANALOG DEVICES INC,1.0
2023-02-01,61313,DCI,DONALDSON INC,1.0
2023-02-01,70228,TOL,TOLL BROTHERS INC,1.0
2023-02-01,72726,STT,STATE STREET CORP,1.0
2023-02-01,75825,EOG,EOG RESOURCES INC,1.0
2023-02-01,75854,LSCC,LATTICE SEMICONDUCTOR CORP,1.0
2023-02-01,76744,VRTX,VERTEX PHARMACEUTICALS INC,1.0
2023-02-01,76841,BIIB,BIOGEN INC,1.0
2023-02-01,77462,M,MACYS INC,1.0
2023-02-01,78987,MCHP,MICROCHIP TECHNOLOGY INC,1.0
2023-02-01,79785,NVR,N V R INC,1.0
2023-02-01,79841,FWRD,FORWARD AIR CORP,1.0
2023-02-01,80415,EXP,EAGLE MATERIALS INC,1.0
2023-02-01,80864,RS,RELIANCE STEEL & ALUMINUM CO,1.0
2023-02-01,81584,CBZ,CBIZ INC,1.0
2023-02-01,85593,AMG,AFFILIATED MANAGERS GROUP INC,1.0
2023-02-01,85710,POWI,POWER INTEGRATIONS INC,1.0
2023-02-01,85863,COLM,COLUMBIA SPORTSWEAR CO,1.0
2023-02-01,86047,AMKR,AMKOR TECHNOLOGY INC,1.0
2023-02-01,86158,CTSH,COGNIZANT TECHNOLOGY SOLS CORP,1.0
2023-02-01,86783,BKNG,BOOKING HOLDINGS INC,1.0
2023-02-01,88661,TPR,TAPESTRY INC,1.0
2023-02-01,89792,CVCO,CAVCO INDUSTRIES INC DEL,1.0
2023-02-01,89946,AEL,AMERICAN EQUITY INVT LIFE HLDG C,1.0
2023-02-01,90386,MOS,MOSAIC CO NEW,1.0
2023-02-01,90829,CF,C F INDUSTRIES HOLDINGS INC,1.0
2023-02-01,90880,AMP,AMERIPRISE FINANCIAL INC,1.0
2023-02-01,91233,MA,MASTERCARD INC,1.0
2023-02-01,91531,OC,OWENS CORNING NEW,1.0
2023-02-01,92121,DFS,DISCOVER FINANCIAL SERVICES,1.0
2023-02-01,92602,PM,PHILIP MORRIS INTERNATIONAL INC,1.0
2023-02-01,92655,UNH,UNITEDHEALTH GROUP INC,1.0
2023-02-01,93002,AVGO,BROADCOM INC,1.0
2023-02-01,66800,AIG,AMERICAN INTERNATIONAL GROUP INC,0.996178
2023-02-01,49680,DHR,DANAHER CORP,0.992576
2023-02-01,48725,UNP,UNION PACIFIC CORP,0.982586
2023-02-01,76076,CSCO,CISCO SYSTEMS INC,0.979878
2023-02-01,80575,SSD,SIMPSON MANUFACTURING CO INC,0.975988
2023-02-01,87432,A,AGILENT TECHNOLOGIES INC,0.975951
2023-02-01,88182,ON,ON SEMICONDUCTOR CORP,0.969854
2023-02-01,64194,CHE,CHEMED CORP NEW,0.964649
2023-02-01,22752,MRK,MERCK & CO INC NEW,0.964588
2023-02-01,93330,PRI,PRIMERICA INC,0.963636
2023-02-01,44943,DIOD,DIODES INC,0.960199
2023-02-01,79698,IT,GARTNER INC,0.958343
2023-02-01,23660,CTAS,CINTAS CORP,0.954197
2023-02-01,86594,KFY,KORN FERRY,0.942821
2023-02-01,14541,CVX,CHEVRON CORP NEW,0.942624
2023-02-01,62148,CSX,C S X CORP,0.939171
2023-02-01,81736,RMD,RESMED INC,0.938083
2023-02-01,75694,TECH,BIO TECHNE CORP,0.930632
2023-02-01,76082,CTRA,COTERRA ENERGY INC,0.922715
2023-02-01,22111,JNJ,JOHNSON & JOHNSON,0.9216
2023-02-01,50876,LLY,LILLY ELI & CO,0.920805
2023-02-01,17743,WRB,BERKLEY W R CORP,0.920471
2023-02-01,75241,PXD,PIONEER NATURAL RESOURCES CO,0.910505
2023-02-01,89179,ELV,ELEVANCE HEALTH INC,0.907515
2023-02-01,93132,FTNT,FORTINET INC,0.906531
2023-02-01,90550,DLB,DOLBY LABORATORIES INC,0.902074
2023-02-01,11691,MATX,MATSON INC,0.893824
2023-02-01,14593,AAPL,APPLE INC,0.876252
2023-02-01,92326,CVI,C V R ENERGY,0.873473
2023-02-01,10107,MSFT,MICROSOFT CORP,0.872868
2023-02-01,86228,RSG,REPUBLIC SERVICES INC,0.86853
2023-02-01,21936,PFE,PFIZER INC,0.866306
2023-02-01,91575,HRI,HERC HOLDINGS INC,0.853751
2023-02-01,91516,AWI,ARMSTRONG WORLD INDS INC NEW,0.85215
2023-02-01,13788,ZTS,ZOETIS INC,0.846321
2023-02-01,90319,GOOGL,ALPHABET INC,0.836008
2023-02-01,87137,DVN,DEVON ENERGY CORP NEW,0.827501
2023-02-01,89866,LKQ,L K Q CORP,0.808916
2023-02-01,88159,EXEL,EXELIXIS INC,0.774733
2023-02-01,13210,EPAM,EPAM SYSTEMS INC,0.768596
2023-02-01,13407,META,META PLATFORMS INC,0.763632
2023-02-01,17005,CVS,C V S HEALTH CORP,0.746237
2023-02-01,14008,AMGN,AMGEN INC,0.731147
2023-02-01,14776,SYF,SYNCHRONY FINANCIAL,0.715033
2023-02-01,92611,V,VISA INC,0.584878
2023-02-01,18163,PG,PROCTER & GAMBLE CO,0.520444
2023-02-01,12449,FLT,FLEETCOR TECHNOLOGIES INC,0.515995
2023-02-01,62341,PDCE,P D C ENERGY INC,0.493742
2023-02-01,79103,ORLY,O REILLY AUTOMOTIVE INC NEW,0.350013
2023-02-01,75510,ADBE,ADOBE INC,0.323836
2023-02-01,76892,BOKF,B O K FINANCIAL CORP,0.283379
2023-02-01,85926,SEE,SEALED AIR CORP NEW,0.209212
2023-02-01,89070,ZBH,ZIMMER BIOMET HOLDINGS INC,0.187306
2023-02-01,83272,HUBG,HUB GROUP INC,0.077612
2023-02-01,85753,VRSN,VERISIGN INC,0.03414
2023-02-01,64929,KWR,QUAKER CHEMICAL CORP,-0.142088
2023-02-01,14763,CTLT,CATALENT INC,-0.201349
2023-02-01,79857,PTEN,PATTERSON U T I ENERGY INC,-0.259075
2023-02-01,18735,GO,GROCERY OUTLET HOLDING CORP,-0.429853
2023-02-01,14988,LBRDK,LIBERTY BROADBAND CORP,-0.45781
2023-02-01,16140,TWLO,TWILIO INC,-0.52514
2023-02-01,16086,HTZ,HERTZ GLOBAL HOLDINGS INC NEW,-0.553631
2023-02-01,14882,CZR,CAESARS ENTERTAINMENT INC DE,-0.611971
2023-02-01,18726,CRWD,CROWDSTRIKE HOLDINGS INC,-0.633894
2023-02-01,89110,OMCL,OMNICELL INC,-0.709599
2023-02-01,91594,SPR,SPIRIT AEROSYSTEMS HOLDINGS INC,-0.711322
2023-02-01,90978,SPWR,SUNPOWER CORP,-0.712901
2023-02-01,14596,FIVN,FIVE 9 INC,-0.716759
2023-02-01,90775,THS,TREEHOUSE FOODS INC,-0.72368
2023-02-01,40272,IFF,INTERNATIONAL FLAVORS & FRAG INC,-0.731129
2023-02-01,14136,RNG,RINGCENTRAL INC,-0.734095
2023-02-01,18772,AKRO,AKERO THERAPEUTICS INC,-0.744292
2023-02-01,17341,ZS,ZSCALER INC,-0.745619
2023-02-01,80069,ARWR,ARROWHEAD PHARMACEUTICALS INC,-0.747207
2023-02-01,16597,AYX,ALTERYX INC,-0.747747
2023-02-01,18150,ETRN,EQUITRANS MIDSTREAM CORP,-0.785225
2023-02-01,16064,NTLA,INTELLIA THERAPEUTICS INC,-0.795441
2023-02-01,89217,AAP,ADVANCE AUTO PARTS INC,-0.801802
2023-02-01,84348,VSAT,VIASAT INC,-0.832438
2023-02-01,13511,PANW,PALO ALTO NETWORKS INC,-0.842412
2023-02-01,15272,SEDG,SOLAREDGE TECHNOLOGIES INC,-0.860508
2023-02-01,32870,HRL,HORMEL FOODS CORP,-0.864332
2023-02-01,10026,JJSF,J & J SNACK FOODS CORP,-0.871266
2023-02-01,46578,CLX,CLOROX CO,-0.875021
2023-02-01,17478,SPGI,S & P GLOBAL INC,-0.878696
2023-02-01,52090,MKC,MCCORMICK & CO INC,-0.879506
2023-02-01,76661,IONS,IONIS PHARMACEUTICALS INC,-0.890304
2023-02-01,90248,DPZ,DOMINOS PIZZA INC,-0.89135
2023-02-01,15409,ALRM,ALARM COM HOLDINGS INC,-0.901855
2023-02-01,14432,ITCI,INTRA CELLULAR THERAPIES INC,-0.902012
2023-02-01,14325,TNDM,TANDEM DIABETES CARE INC,-0.902834
2023-02-01,13967,PTCT,P T C THERAPEUTICS INC,-0.902968
2023-02-01,25320,CPB,CAMPBELL SOUP CO,-0.917632
2023-02-01,17783,CHX,CHAMPIONX CORP,-0.92626
2023-02-01,90505,LVS,LAS VEGAS SANDS CORP,-0.926842
2023-02-01,17684,AHCO,ADAPTHEALTH CORP,-0.930558
2023-02-01,59010,GPS,GAP INC,-0.938817
2023-02-01,17125,DNLI,DENALI THERAPEUTICS INC,-0.941884
2023-02-01,26825,K,KELLOGG CO,-0.959155
2023-02-01,17987,VRT,VERTIV HOLDINGS CO,-0.984807
2023-02-01,61188,SWX,SOUTHWEST GAS HOLDINGS INC,-0.987272
2023-02-01,18484,ZM,ZOOM VIDEO COMMUNICATIONS INC,-0.987421
2023-02-01,75470,MIDD,MIDDLEBY CORP,-0.989526
2023-02-01,20765,AJRD,AEROJET ROCKETDYNE HOLDINGS INC,-0.996315
2023-02-01,14811,FWONK,LIBERTY MEDIA CORP 3RD NEW,-0.996382
2023-02-01,10258,CLDX,CELLDEX THERAPEUTICS INC,-1.0
2023-02-01,11370,ENV,ENVESTNET INC,-1.0
2023-02-01,11752,COHR,COHERENT CORP,-1.0
2023-02-01,11990,KKR,K K R & CO INC,-1.0
2023-02-01,12591,APO,APOLLO GLOBAL MANAGEMENT INC NEW,-1.0
2023-02-01,12781,SR,SPIRE INC,-1.0
2023-02-01,13181,GWRE,GUIDEWIRE SOFTWARE INC,-1.0
2023-02-01,13527,FIVE,FIVE BELOW INC,-1.0
2023-02-01,13688,PCG,P G & E CORP,-1.0
2023-02-01,14167,ISEE,IVERIC BIO INC,-1.0
2023-02-01,14329,ARMK,ARAMARK,-1.0
2023-02-01,14436,RARE,ULTRAGENYX PHARMACEUTICALS INC,-1.0
2023-02-01,14617,ARES,ARES MANAGEMENT CORP,-1.0
2023-02-01,14828,SAGE,SAGE THERAPEUTICS INC,-1.0
2023-02-01,15065,FGEN,FIBROGEN INC,-1.0
2023-02-01,15119,WK,WORKIVA INC,-1.0
2023-02-01,15284,BPMC,BLUEPRINT MEDICINES CORP,-1.0
2023-02-01,15400,ENR,ENERGIZER HOLDINGS INC NEW,-1.0
2023-02-01,15452,EVH,EVOLENT HEALTH INC,-1.0
2023-02-01,15454,GKOS,GLAUKOS CORP,-1.0
2023-02-01,15694,PEN,PENUMBRA INC,-1.0
2023-02-01,16381,BL,BLACKLINE INC,-1.0
2023-02-01,17034,ALTR,ALTAIR ENGINEERING INC,-1.0
2023-02-01,17104,APLS,APELLIS PHARMACEUTICALS INC,-1.0
2023-02-01,17700,CDAY,CERIDIAN H C M HOLDING INC,-1.0
2023-02-01,17949,BE,BLOOM ENERGY CORP,-1.0
2023-02-01,18011,SONO,SONOS INC,-1.0
2023-02-01,18777,KRTX,KARUNA THERAPEUTICS INC,-1.0
2023-02-01,23835,MDU,M D U RESOURCES GROUP INC,-1.0
2023-02-01,32651,HL,HECLA MINING CO,-1.0
2023-02-01,32986,ATO,ATMOS ENERGY CORP,-1.0
2023-02-01,35991,ROG,ROGERS CORP,-1.0
2023-02-01,43350,SWK,STANLEY BLACK & DECKER INC,-1.0
2023-02-01,45306,IDCC,INTERDIGITAL INC,-1.0
2023-02-01,49154,TGT,TARGET CORP,-1.0
2023-02-01,52476,EFX,EQUIFAX INC,-1.0
2023-02-01,60986,NWL,NEWELL BRANDS INC,-1.0
2023-02-01,66384,WDC,WESTERN DIGITAL CORP,-1.0
2023-02-01,75034,BKR,BAKER HUGHES CO,-1.0
2023-02-01,75607,GEN,GEN DIGITAL INC,-1.0
2023-02-01,76136,KMPR,KEMPER CORP DE,-1.0
2023-02-01,77300,SMG,SCOTTS MIRACLE GRO CO,-1.0
2023-02-01,77366,MODG,TOPGOLF CALLAWAY BRANDS CORP,-1.0
2023-02-01,77447,ICUI,I C U MEDICAL INC,-1.0
2023-02-01,79299,PZZA,PAPA JOHNS INTL INC,-1.0
2023-02-01,80432,AEO,AMERICAN EAGLE OUTFITTERS INC NE,-1.0
2023-02-01,82515,POOL,POOL CORP,-1.0
2023-02-01,82634,SAM,BOSTON BEER INC,-1.0
2023-02-01,84032,NOV,N O V INC,-1.0
2023-02-01,84761,TTWO,TAKE TWO INTERACTIVE SOFTWR INC,-1.0
2023-02-01,85002,SRPT,SAREPTA THERAPEUTICS INC,-1.0
2023-02-01,85738,MRCY,MERCURY SYSTEMS INC,-1.0
2023-02-01,85792,PWR,QUANTA SERVICES INC,-1.0
2023-02-01,88351,INSM,INSMED INC,-1.0
2023-02-01,89031,AXON,AXON ENTERPRISE INC,-1.0
2023-02-01,90177,ACAD,ACADIA PHARMACEUTICALS,-1.0
2023-02-01,90178,ALNY,ALNYLAM PHARMACEUTICALS INC,-1.0
2023-02-01,90734,LHCG,L H C GROUP,-1.0
2023-02-01,91611,FSLR,FIRST SOLAR INC,-1.0
2023-02-01,91733,AVAV,AEROVIRONMENT INC,-1.0
2023-02-01,92040,FOLD,AMICUS THERAPEUTICS INC,-1.0
2023-03-01,11403,CDNS,CADENCE DESIGN SYSTEMS INC,1.0
2023-03-01,11850,XOM,EXXON MOBIL CORP,1.0
2023-03-01,11995,COKE,COCA COLA CONSOLIDATED INC,1.0
2023-03-01,12570,ITT,I T T INC,1.0
2023-03-01,13284,ALSN,ALLISON TRANSMISSION HLDGS INC,1.0
2023-03-01,13721,ABBV,ABBVIE INC,1.0
2023-03-01,13748,TPH,TRI POINTE HOMES INC,1.0
2023-03-01,13901,MO,ALTRIA GROUP INC,1.0
2023-03-01,13928,COP,CONOCOPHILLIPS,1.0
2023-03-01,14541,CVX,CHEVRON CORP NEW,1.0
2023-03-01,15071,SYNH,SYNEOS HEALTH INC,1.0
2023-03-01,15397,BLD,TOPBUILD CORP,1.0
2023-03-01,16076,GMS,G M S INC,1.0
2023-03-01,16260,MEDP,MEDPACE HOLDINGS INC,1.0
2023-03-01,16505,BPOP,POPULAR INC,1.0
2023-03-01,17005,CVS,C V S HEALTH CORP,1.0
2023-03-01,21936,PFE,PFIZER INC,1.0
2023-03-01,49680,DHR,DANAHER CORP,1.0
2023-03-01,54148,PHM,PULTE GROUP INC,1.0
2023-03-01,60871,ADI,ANALOG DEVICES INC,1.0
2023-03-01,61313,DCI,DONALDSON INC,1.0
2023-03-01,72726,STT,STATE STREET CORP,1.0
2023-03-01,75854,LSCC,LATTICE SEMICONDUCTOR CORP,1.0
2023-03-01,76841,BIIB,BIOGEN INC,1.0
2023-03-01,77191,TTEK,TETRA TECH INC,1.0
2023-03-01,78987,MCHP,MICROCHIP TECHNOLOGY INC,1.0
2023-03-01,79785,NVR,N V R INC,1.0
2023-03-01,80415,EXP,EAGLE MATERIALS INC,1.0
2023-03-01,80864,RS,RELIANCE STEEL & ALUMINUM CO,1.0
2023-03-01,81584,CBZ,CBIZ INC,1.0
2023-03-01,85753,VRSN,VERISIGN INC,1.0
2023-03-01,86783,BKNG,BOOKING HOLDINGS INC,1.0
2023-03-01,87432,A,AGILENT TECHNOLOGIES INC,1.0
2023-03-01,88182,ON,ON SEMICONDUCTOR CORP,1.0
2023-03-01,88417,ACLS,AXCELIS TECHNOLOGIES INC,1.0
2023-03-01,89792,CVCO,CAVCO INDUSTRIES INC DEL,1.0
2023-03-01,90386,MOS,MOSAIC CO NEW,1.0
2023-03-01,90829,CF,C F INDUSTRIES HOLDINGS INC,1.0
2023-03-01,91531,OC,OWENS CORNING NEW,1.0
2023-03-01,92655,UNH,UNITEDHEALTH GROUP INC,1.0
2023-03-01,93002,AVGO,BROADCOM INC,1.0
2023-03-01,93132,FTNT,FORTINET INC,1.0
2023-03-01,93330,PRI,PRIMERICA INC,1.0
2023-03-01,13837,EVTC,EVERTEC INC,0.994375
2023-03-01,64194,CHE,CHEMED CORP NEW,0.99343
2023-03-01,44943,DIOD,DIODES INC,0.9838
2023-03-01,80575,SSD,SIMPSON MANUFACTURING CO INC,0.979455
2023-03-01,90880,AMP,AMERIPRISE FINANCIAL INC,0.979358
2023-03-01,86594,KFY,KORN FERRY,0.972748
2023-03-01,76076,CSCO,CISCO SYSTEMS INC,0.971464
2023-03-01,92121,DFS,DISCOVER FINANCIAL SERVICES,0.961283
2023-03-01,66800,AIG,AMERICAN INTERNATIONAL GROUP INC,0.959493
2023-03-01,91233,MA,MASTERCARD INC,0.955239
2023-03-01,85710,POWI,POWER INTEGRATIONS INC,0.95416
2023-03-01,79841,FWRD,FORWARD AIR CORP,0.953527
2023-03-01,88661,TPR,TAPESTRY INC,0.951345
2023-03-01,22752,MRK,MERCK & CO INC NEW,0.950753
2023-03-01,23660,CTAS,CINTAS CORP,0.942019
2023-03-01,86158,CTSH,COGNIZANT TECHNOLOGY SOLS CORP,0.938927
2023-03-01,90550,DLB,DOLBY LABORATORIES INC,0.932823
2023-03-01,92602,PM,PHILIP MORRIS INTERNATIONAL INC,0.929973
2023-03-01,62148,CSX,C S X CORP,0.926181
2023-03-01,79698,IT,GARTNER INC,0.92576
2023-03-01,13766,BCC,BOISE CASCADE CO,0.920406
2023-03-01,85593,AMG,AFFILIATED MANAGERS GROUP INC,0.919438
2023-03-01,76082,CTRA,COTERRA ENERGY INC,0.91732
2023-03-01,20482,ABT,ABBOTT LABORATORIES,0.916677
2023-03-01,15069,MRO,MARATHON OIL CORP,0.915465
2023-03-01,85863,COLM,COLUMBIA SPORTSWEAR CO,0.90583
2023-03-01,13911,IQV,IQVIA HOLDINGS INC,0.905272
2023-03-01,49429,DDS,DILLARDS INC,0.902731
2023-03-01,11691,MATX,MATSON INC,0.900082
2023-03-01,76744,VRTX,VERTEX PHARMACEUTICALS INC,0.895002
2023-03-01,86228,RSG,REPUBLIC SERVICES INC,0.894132
2023-03-01,13407,META,META PLATFORMS INC,0.894121
2023-03-01,14593,AAPL,APPLE INC,0.893539
2023-03-01,13610,OLN,OLIN CORP,0.890651
2023-03-01,86047,AMKR,AMKOR TECHNOLOGY INC,0.879501
2023-03-01,10107,MSFT,MICROSOFT CORP,0.877745
2023-03-01,81736,RMD,RESMED INC,0.873453
2023-03-01,89946,AEL,AMERICAN EQUITY INVT LIFE HLDG C,0.870632
2023-03-01,22111,JNJ,JOHNSON & JOHNSON,0.867213
2023-03-01,17743,WRB,BERKLEY W R CORP,0.865458
2023-03-01,91516,AWI,ARMSTRONG WORLD INDS INC NEW,0.865062
2023-03-01,77462,M,MACYS INC,0.862398
2023-03-01,92221,MELI,MERCADOLIBRE INC,0.858316
2023-03-01,56223,LPX,LOUISIANA PACIFIC CORP,0.855854
2023-03-01,75825,EOG,EOG RESOURCES INC,0.851144
2023-03-01,13788,ZTS,ZOETIS INC,0.851123
2023-03-01,89179,ELV,ELEVANCE HEALTH INC,0.849351
2023-03-01,75694,TECH,BIO TECHNE CORP,0.8463
2023-03-01,50876,LLY,LILLY ELI & CO,0.832228
2023-03-01,92326,CVI,C V R ENERGY,0.831785
2023-03-01,21186,WRK,WESTROCK CO,0.803496
2023-03-01,91575,HRI,HERC HOLDINGS INC,0.789812
2023-03-01,75241,PXD,PIONEER NATURAL RESOURCES CO,0.78902
2023-03-01,89866,LKQ,L K Q CORP,0.783213
2023-03-01,90319,GOOGL,ALPHABET INC,0.758861
2023-03-01,13210,EPAM,EPAM SYSTEMS INC,0.708182
2023-03-01,87137,DVN,DEVON ENERGY CORP NEW,0.702694
2023-03-01,14776,SYF,SYNCHRONY FINANCIAL,0.697024
2023-03-01,14008,AMGN,AMGEN INC,0.674475
2023-03-01,48725,UNP,UNION PACIFIC CORP,0.60847
2023-03-01,76837,HAE,HAEMONETICS CORP MASS,0.562795
2023-03-01,92611,V,VISA INC,0.557864
2023-03-01,14579,PAYC,PAYCOM SOFTWARE INC,0.536478
2023-03-01,18163,PG,PROCTER & GAMBLE CO,0.50103
2023-03-01,62341,PDCE,P D C ENERGY INC,0.487519
2023-03-01,79103,ORLY,O REILLY AUTOMOTIVE INC NEW,0.365481
2023-03-01,76892,BOKF,B O K FINANCIAL CORP,0.29572
2023-03-01,75510,ADBE,ADOBE INC,0.282154
2023-03-01,76856,FCFS,FIRSTCASH HOLDINGS INC,0.218366
2023-03-01,89070,ZBH,ZIMMER BIOMET HOLDINGS INC,0.181555
2023-03-01,83272,HUBG,HUB GROUP INC,0.083224
2023-03-01,70228,TOL,TOLL BROTHERS INC,0.048224
2023-03-01,64929,KWR,QUAKER CHEMICAL CORP,-0.140811
2023-03-01,14763,CTLT,CATALENT INC,-0.255814
2023-03-01,18735,GO,GROCERY OUTLET HOLDING CORP,-0.381127
2023-03-01,14988,LBRDK,LIBERTY BROADBAND CORP,-0.440372
2023-03-01,16086,HTZ,HERTZ GLOBAL HOLDINGS INC NEW,-0.566775
2023-03-01,19201,RVMD,REVOLUTION MEDICINES INC,-0.575455
2023-03-01,14882,CZR,CAESARS ENTERTAINMENT INC DE,-0.594578
2023-03-01,40272,IFF,INTERNATIONAL FLAVORS & FRAG INC,-0.603393
2023-03-01,90978,SPWR,SUNPOWER CORP,-0.611871
2023-03-01,91594,SPR,SPIRIT AEROSYSTEMS HOLDINGS INC,-0.670104
2023-03-01,80069,ARWR,ARROWHEAD PHARMACEUTICALS INC,-0.687185
2023-03-01,17684,AHCO,ADAPTHEALTH CORP,-0.691125
2023-03-01,18726,CRWD,CROWDSTRIKE HOLDINGS INC,-0.720236
2023-03-01,90775,THS,TREEHOUSE FOODS INC,-0.726562
2023-03-01,90248,DPZ,DOMINOS PIZZA INC,-0.739321
2023-03-01,16064,NTLA,INTELLIA THERAPEUTICS INC,-0.750151
2023-03-01,89217,AAP,ADVANCE AUTO PARTS INC,-0.760494
2023-03-01,84348,VSAT,VIASAT INC,-0.764566
2023-03-01,18368,NFE,NEW FORTRESS ENERGY INC,-0.782332
2023-03-01,17341,ZS,ZSCALER INC,-0.785023
2023-03-01,17478,SPGI,S & P GLOBAL INC,-0.79866
2023-03-01,14329,ARMK,ARAMARK,-0.825387
2023-03-01,17125,DNLI,DENALI THERAPEUTICS INC,-0.841553
2023-03-01,90178,ALNY,ALNYLAM PHARMACEUTICALS INC,-0.842177
2023-03-01,32870,HRL,HORMEL FOODS CORP,-0.843609
2023-03-01,75607,GEN,GEN DIGITAL INC,-0.849406
2023-03-01,15409,ALRM,ALARM COM HOLDINGS INC,-0.852137
2023-03-01,15272,SEDG,SOLAREDGE TECHNOLOGIES INC,-0.854276
2023-03-01,17783,CHX,CHAMPIONX CORP,-0.854338
2023-03-01,10026,JJSF,J & J SNACK FOODS CORP,-0.855553
2023-03-01,13967,PTCT,P T C THERAPEUTICS INC,-0.85617
2023-03-01,52090,MKC,MCCORMICK & CO INC,-0.867105
2023-03-01,66384,WDC,WESTERN DIGITAL CORP,-0.87209
2023-03-01,77447,ICUI,I C U MEDICAL INC,-0.879643
2023-03-01,18772,AKRO,AKERO THERAPEUTICS INC,-0.8847
2023-03-01,84032,NOV,N O V INC,-0.891804
2023-03-01,59010,GPS,GAP INC,-0.896835
2023-03-01,90505,LVS,LAS VEGAS SANDS CORP,-0.899609
2023-03-01,25320,CPB,CAMPBELL SOUP CO,-0.924891
2023-03-01,26825,K,KELLOGG CO,-0.927175
2023-03-01,14828,SAGE,SAGE THERAPEUTICS INC,-0.935657
2023-03-01,79299,PZZA,PAPA JOHNS INTL INC,-0.936771
2023-03-01,46578,CLX,CLOROX CO,-0.937013
2023-03-01,16381,BL,BLACKLINE INC,-0.948639
2023-03-01,14811,FWONK,LIBERTY MEDIA CORP 3RD NEW,-0.95171
2023-03-01,13181,GWRE,GUIDEWIRE SOFTWARE INC,-0.955179
2023-03-01,32986,ATO,ATMOS ENERGY CORP,-0.962447
2023-03-01,75034,BKR,BAKER HUGHES CO,-0.966472
2023-03-01,14617,ARES,ARES MANAGEMENT CORP,-0.968113
2023-03-01,12781,SR,SPIRE INC,-0.971349
2023-03-01,18484,ZM,ZOOM VIDEO COMMUNICATIONS INC,-0.978616
2023-03-01,15400,ENR,ENERGIZER HOLDINGS INC NEW,-0.981173
2023-03-01,49154,TGT,TARGET CORP,-0.98158
2023-03-01,75470,MIDD,MIDDLEBY CORP,-0.986366
2023-03-01,19502,WBA,WALGREENS BOOTS ALLIANCE INC,-0.986794
2023-03-01,11752,COHR,COHERENT CORP,-0.990329
2023-03-01,13511,PANW,PALO ALTO NETWORKS INC,-0.997378
2023-03-01,10258,CLDX,CELLDEX THERAPEUTICS INC,-1.0
2023-03-01,11370,ENV,ENVESTNET INC,-1.0
2023-03-01,11990,KKR,K K R & CO INC,-1.0
2023-03-01,12591,APO,APOLLO GLOBAL MANAGEMENT INC NEW,-1.0
2023-03-01,13527,FIVE,FIVE BELOW INC,-1.0
2023-03-01,13688,PCG,P G & E CORP,-1.0
2023-03-01,14167,ISEE,IVERIC BIO INC,-1.0
2023-03-01,14325,TNDM,TANDEM DIABETES CARE INC,-1.0
2023-03-01,14432,ITCI,INTRA CELLULAR THERAPIES INC,-1.0
2023-03-01,14436,RARE,ULTRAGENYX PHARMACEUTICALS INC,-1.0
2023-03-01,14596,FIVN,FIVE 9 INC,-1.0
2023-03-01,15119,WK,WORKIVA INC,-1.0
2023-03-01,15167,SHAK,SHAKE SHACK INC,-1.0
2023-03-01,15284,BPMC,BLUEPRINT MEDICINES CORP,-1.0
2023-03-01,15452,EVH,EVOLENT HEALTH INC,-1.0
2023-03-01,15454,GKOS,GLAUKOS CORP,-1.0
2023-03-01,15535,OLLI,OLLIES BARGAIN OUTLET HLD INC,-1.0
2023-03-01,17034,ALTR,ALTAIR ENGINEERING INC,-1.0
2023-03-01,17104,APLS,APELLIS PHARMACEUTICALS INC,-1.0
2023-03-01,17700,CDAY,CERIDIAN H C M HOLDING INC,-1.0
2023-03-01,17949,BE,BLOOM ENERGY CORP,-1.0
2023-03-01,17987,VRT,VERTIV HOLDINGS CO,-1.0
2023-03-01,18011,SONO,SONOS INC,-1.0
2023-03-01,18777,KRTX,KARUNA THERAPEUTICS INC,-1.0
2023-03-01,19177,,,-1.0
2023-03-01,19880,MTZ,MASTEC INC,-1.0
2023-03-01,20765,AJRD,AEROJET ROCKETDYNE HOLDINGS INC,-1.0
2023-03-01,32651,HL,HECLA MINING CO,-1.0
2023-03-01,35991,ROG,ROGERS CORP,-1.0
2023-03-01,43350,SWK,STANLEY BLACK & DECKER INC,-1.0
2023-03-01,52476,EFX,EQUIFAX INC,-1.0
2023-03-01,52978,HAS,HASBRO INC,-1.0
2023-03-01,57568,BALL,BALL CORP,-1.0
2023-03-01,60986,NWL,NEWELL BRANDS INC,-1.0
2023-03-01,61188,SWX,SOUTHWEST GAS HOLDINGS INC,-1.0
2023-03-01,76136,KMPR,KEMPER CORP DE,-1.0
2023-03-01,76661,IONS,IONIS PHARMACEUTICALS INC,-1.0
2023-03-01,77300,SMG,SCOTTS MIRACLE GRO CO,-1.0
2023-03-01,77366,MODG,TOPGOLF CALLAWAY BRANDS CORP,-1.0
2023-03-01,80432,AEO,AMERICAN EAGLE OUTFITTERS INC NE,-1.0
2023-03-01,82515,POOL,POOL CORP,-1.0
2023-03-01,84319,LAD,LITHIA MOTORS INC,-1.0
2023-03-01,84761,TTWO,TAKE TWO INTERACTIVE SOFTWR INC,-1.0
2023-03-01,85002,SRPT,SAREPTA THERAPEUTICS INC,-1.0
2023-03-01,85738,MRCY,MERCURY SYSTEMS INC,-1.0
2023-03-01,85792,PWR,QUANTA SERVICES INC,-1.0
2023-03-01,88351,INSM,INSMED INC,-1.0
2023-03-01,89110,OMCL,OMNICELL INC,-1.0
2023-03-01,90126,CYTK,CYTOKINETICS INC,-1.0
2023-03-01,90177,ACAD,ACADIA PHARMACEUTICALS,-1.0
2023-03-01,90734,,,-1.0
2023-03-01,91611,FSLR,FIRST SOLAR INC,-1.0
2023-03-01,91733,AVAV,AEROVIRONMENT INC,-1.0
2023-03-01,92040,FOLD,AMICUS THERAPEUTICS INC,-1.0
2023-04-01,10107,MSFT,MICROSOFT CORP,1.0
2023-04-01,11403,CDNS,CADENCE DESIGN SYSTEMS INC,1.0
2023-04-01,11786,,,1.0
2023-04-01,11995,COKE,COCA COLA CONSOLIDATED INC,1.0
2023-04-01,13407,META,META PLATFORMS INC,1.0
2023-04-01,13721,ABBV,ABBVIE INC,1.0
2023-04-01,13748,TPH,TRI POINTE HOMES INC,1.0
2023-04-01,13766,BCC,BOISE CASCADE CO,1.0
2023-04-01,13901,MO,ALTRIA GROUP INC,1.0
2023-04-01,14479,IBP,INSTALLED BUILDING PRODUCTS INC,1.0
2023-04-01,14541,CVX,CHEVRON CORP NEW,1.0
2023-04-01,16260,MEDP,MEDPACE HOLDINGS INC,1.0
2023-04-01,21936,PFE,PFIZER INC,1.0
2023-04-01,49680,DHR,DANAHER CORP,1.0
2023-04-01,54148,PHM,PULTE GROUP INC,1.0
2023-04-01,55976,WMT,WALMART INC,1.0
2023-04-01,60871,ADI,ANALOG DEVICES INC,1.0
2023-04-01,61313,DCI,DONALDSON INC,1.0
2023-04-01,64194,CHE,CHEMED CORP NEW,1.0
2023-04-01,75854,LSCC,LATTICE SEMICONDUCTOR CORP,1.0
2023-04-01,76076,CSCO,CISCO SYSTEMS INC,1.0
2023-04-01,76841,BIIB,BIOGEN INC,1.0
2023-04-01,77191,TTEK,TETRA TECH INC,1.0
2023-04-01,78987,MCHP,MICROCHIP TECHNOLOGY INC,1.0
2023-04-01,79785,NVR,N V R INC,1.0
2023-04-01,80415,EXP,EAGLE MATERIALS INC,1.0
2023-04-01,80864,RS,RELIANCE STEEL & ALUMINUM CO,1.0
2023-04-01,85631,ADSK,AUTODESK INC,1.0
2023-04-01,85753,VRSN,VERISIGN INC,1.0
2023-04-01,86783,BKNG,BOOKING HOLDINGS INC,1.0
2023-04-01,88182,ON,ON SEMICONDUCTOR CORP,1.0
2023-04-01,88417,ACLS,AXCELIS TECHNOLOGIES INC,1.0
2023-04-01,89792,CVCO,CAVCO INDUSTRIES INC DEL,1.0
2023-04-01,90829,CF,C F INDUSTRIES HOLDINGS INC,1.0
2023-04-01,92852,LOPE,GRAND CANYON EDUCATION INC,1.0
2023-04-01,93002,AVGO,BROADCOM INC,1.0
2023-04-01,93132,FTNT,FORTINET INC,1.0
2023-04-01,15397,BLD,TOPBUILD CORP,0.999011
2023-04-01,14593,AAPL,APPLE INC,0.996306
2023-04-01,79841,FWRD,FORWARD AIR CORP,0.99439
2023-04-01,11850,XOM,EXXON MOBIL CORP,0.994087
2023-04-01,92655,UNH,UNITEDHEALTH GROUP INC,0.992882
2023-04-01,80575,SSD,SIMPSON MANUFACTURING CO INC,0.992056
2023-04-01,44943,DIOD,DIODES INC,0.991702
2023-04-01,23660,CTAS,CINTAS CORP,0.990606
2023-04-01,81584,CBZ,CBIZ INC,0.984384
2023-04-01,91531,OC,OWENS CORNING NEW,0.981152
2023-04-01,85710,POWI,POWER INTEGRATIONS INC,0.978415
2023-04-01,91233,MA,MASTERCARD INC,0.973596
2023-04-01,87432,A,AGILENT TECHNOLOGIES INC,0.970793
2023-04-01,76744,VRTX,VERTEX PHARMACEUTICALS INC,0.968146
2023-04-01,90550,DLB,DOLBY LABORATORIES INC,0.965028
2023-04-01,13928,COP,CONOCOPHILLIPS,0.962185
2023-04-01,22752,MRK,MERCK & CO INC NEW,0.955134
2023-04-01,13284,ALSN,ALLISON TRANSMISSION HLDGS INC,0.953286
2023-04-01,16076,GMS,G M S INC,0.949912
2023-04-01,12570,ITT,I T T INC,0.948865
2023-04-01,88661,TPR,TAPESTRY INC,0.945936
2023-04-01,92602,PM,PHILIP MORRIS INTERNATIONAL INC,0.938891
2023-04-01,86228,RSG,REPUBLIC SERVICES INC,0.937933
2023-04-01,92221,MELI,MERCADOLIBRE INC,0.924182
2023-04-01,76082,CTRA,COTERRA ENERGY INC,0.920743
2023-04-01,79698,IT,GARTNER INC,0.916631
2023-04-01,50876,LLY,LILLY ELI & CO,0.915306
2023-04-01,86158,CTSH,COGNIZANT TECHNOLOGY SOLS CORP,0.910025
2023-04-01,20482,ABT,ABBOTT LABORATORIES,0.909197
2023-04-01,13837,EVTC,EVERTEC INC,0.908095
2023-04-01,62148,CSX,C S X CORP,0.906104
2023-04-01,81736,RMD,RESMED INC,0.894839
2023-04-01,93330,PRI,PRIMERICA INC,0.893726
2023-04-01,17005,CVS,C V S HEALTH CORP,0.885876
2023-04-01,86047,AMKR,AMKOR TECHNOLOGY INC,0.885178
2023-04-01,15071,SYNH,SYNEOS HEALTH INC,0.881991
2023-04-01,22111,JNJ,JOHNSON & JOHNSON,0.873903
2023-04-01,90880,AMP,AMERIPRISE FINANCIAL INC,0.87191
2023-04-01,90319,GOOGL,ALPHABET INC,0.871286
2023-04-01,92326,CVI,C V R ENERGY,0.869136
2023-04-01,15069,MRO,MARATHON OIL CORP,0.868818
2023-04-01,75825,EOG,EOG RESOURCES INC,0.868679
2023-04-01,90386,MOS,MOSAIC CO NEW,0.866756
2023-04-01,75694,TECH,BIO TECHNE CORP,0.861279
2023-04-01,13911,IQV,IQVIA HOLDINGS INC,0.860378
2023-04-01,72726,STT,STATE STREET CORP,0.856984
2023-04-01,13610,OLN,OLIN CORP,0.855554
2023-04-01,13788,ZTS,ZOETIS INC,0.845173
2023-04-01,92121,DFS,DISCOVER FINANCIAL SERVICES,0.844835
2023-04-01,89179,ELV,ELEVANCE HEALTH INC,0.831107
2023-04-01,75241,PXD,PIONEER NATURAL RESOURCES CO,0.822612
2023-04-01,85593,AMG,AFFILIATED MANAGERS GROUP INC,0.818098
2023-04-01,17743,WRB,BERKLEY W R CORP,0.812173
2023-04-01,16505,BPOP,POPULAR INC,0.80912
2023-04-01,11691,MATX,MATSON INC,0.804241
2023-04-01,56223,LPX,LOUISIANA PACIFIC CORP,0.793158
2023-04-01,91516,AWI,ARMSTRONG WORLD INDS INC NEW,0.78098
2023-04-01,89866,LKQ,L K Q CORP,0.777117
2023-04-01,21186,WRK,WESTROCK CO,0.776775
2023-04-01,49429,DDS,DILLARDS INC,0.776544
2023-04-01,89946,AEL,AMERICAN EQUITY INVT LIFE HLDG C,0.759602
2023-04-01,77462,M,MACYS INC,0.740588
2023-04-01,14008,AMGN,AMGEN INC,0.701398
2023-04-01,87137,DVN,DEVON ENERGY CORP NEW,0.668927
2023-04-01,91575,HRI,HERC HOLDINGS INC,0.62363
2023-04-01,76837,HAE,HAEMONETICS CORP MASS,0.596786
2023-04-01,48725,UNP,UNION PACIFIC CORP,0.588585
2023-04-01,92611,V,VISA INC,0.569836
2023-04-01,14776,SYF,SYNCHRONY FINANCIAL,0.565078
2023-04-01,14579,PAYC,PAYCOM SOFTWARE INC,0.562272
2023-04-01,18163,PG,PROCTER & GAMBLE CO,0.539745
2023-04-01,79103,ORLY,O REILLY AUTOMOTIVE INC NEW,0.372464
2023-04-01,75510,ADBE,ADOBE INC,0.334623
2023-04-01,13210,EPAM,EPAM SYSTEMS INC,0.318959
2023-04-01,76892,BOKF,B O K FINANCIAL CORP,0.237382
2023-04-01,76856,FCFS,FIRSTCASH HOLDINGS INC,0.23519
2023-04-01,89070,ZBH,ZIMMER BIOMET HOLDINGS INC,0.189067
2023-04-01,62341,PDCE,P D C ENERGY INC,0.138688
2023-04-01,83272,HUBG,HUB GROUP INC,0.075854
2023-04-01,70228,TOL,TOLL BROTHERS INC,0.048121
2023-04-01,90071,NRG,N R G ENERGY INC,-0.070301
2023-04-01,64929,KWR,QUAKER CHEMICAL CORP,-0.141859
2023-04-01,18726,CRWD,CROWDSTRIKE HOLDINGS INC,-0.337073
2023-04-01,18312,MRNA,MODERNA INC,-0.372031
2023-04-01,18735,GO,GROCERY OUTLET HOLDING CORP,-0.396789
2023-04-01,14988,LBRDK,LIBERTY BROADBAND CORP,-0.413517
2023-04-01,14953,BOOT,BOOT BARN HOLDINGS INC,-0.437246
2023-04-01,16086,HTZ,HERTZ GLOBAL HOLDINGS INC NEW,-0.496737
2023-04-01,80069,ARWR,ARROWHEAD PHARMACEUTICALS INC,-0.537887
2023-04-01,90978,SPWR,SUNPOWER CORP,-0.561575
2023-04-01,14882,CZR,CAESARS ENTERTAINMENT INC DE,-0.569574
2023-04-01,89258,PRU,PRUDENTIAL FINANCIAL INC,-0.58062
2023-04-01,40272,IFF,INTERNATIONAL FLAVORS & FRAG INC,-0.598945
2023-04-01,17341,ZS,ZSCALER INC,-0.696452
2023-04-01,18368,NFE,NEW FORTRESS ENERGY INC,-0.697505
2023-04-01,17125,DNLI,DENALI THERAPEUTICS INC,-0.711096
2023-04-01,75607,GEN,GEN DIGITAL INC,-0.744004
2023-04-01,90775,THS,TREEHOUSE FOODS INC,-0.748341
2023-04-01,84032,NOV,N O V INC,-0.753279
2023-04-01,32870,HRL,HORMEL FOODS CORP,-0.755001
2023-04-01,17783,CHX,CHAMPIONX CORP,-0.755092
2023-04-01,67847,RGLD,ROYAL GOLD INC,-0.770041
2023-04-01,14329,ARMK,ARAMARK,-0.799955
2023-04-01,17478,SPGI,S & P GLOBAL INC,-0.804111
2023-04-01,84348,VSAT,VIASAT INC,-0.811857
2023-04-01,90248,DPZ,DOMINOS PIZZA INC,-0.830073
2023-04-01,79299,PZZA,PAPA JOHNS INTL INC,-0.832712
2023-04-01,92040,FOLD,AMICUS THERAPEUTICS INC,-0.83715
2023-04-01,15409,ALRM,ALARM COM HOLDINGS INC,-0.839817
2023-04-01,77300,SMG,SCOTTS MIRACLE GRO CO,-0.841695
2023-04-01,11752,COHR,COHERENT CORP,-0.870771
2023-04-01,17987,VRT,VERTIV HOLDINGS CO,-0.876977
2023-04-01,90178,ALNY,ALNYLAM PHARMACEUTICALS INC,-0.878132
2023-04-01,76136,KMPR,KEMPER CORP DE,-0.8837
2023-04-01,12591,APO,APOLLO GLOBAL MANAGEMENT INC NEW,-0.887194
2023-04-01,93369,RCM,R1 R C M INC NEW,-0.89098
2023-04-01,90505,LVS,LAS VEGAS SANDS CORP,-0.896024
2023-04-01,10026,JJSF,J & J SNACK FOODS CORP,-0.899312
2023-04-01,90177,ACAD,ACADIA PHARMACEUTICALS,-0.90598
2023-04-01,75034,BKR,BAKER HUGHES CO,-0.907999
2023-04-01,46578,CLX,CLOROX CO,-0.921925
2023-04-01,75470,MIDD,MIDDLEBY CORP,-0.926447
2023-04-01,16381,BL,BLACKLINE INC,-0.928397
2023-04-01,80432,AEO,AMERICAN EAGLE OUTFITTERS INC NE,-0.931644
2023-04-01,15400,ENR,ENERGIZER HOLDINGS INC NEW,-0.936169
2023-04-01,26825,K,KELLOGG CO,-0.938144
2023-04-01,32986,ATO,ATMOS ENERGY CORP,-0.955106
2023-04-01,19502,WBA,WALGREENS BOOTS ALLIANCE INC,-0.956819
2023-04-01,49154,TGT,TARGET CORP,-0.96129
2023-04-01,25320,CPB,CAMPBELL SOUP CO,-0.964848
2023-04-01,18484,ZM,ZOOM VIDEO COMMUNICATIONS INC,-0.965216
2023-04-01,12781,SR,SPIRE INC,-0.974592
2023-04-01,11370,ENV,ENVESTNET INC,-1.0
2023-04-01,11990,KKR,K K R & CO INC,-1.0
2023-04-01,13181,GWRE,GUIDEWIRE SOFTWARE INC,-1.0
2023-04-01,13511,PANW,PALO ALTO NETWORKS INC,-1.0
2023-04-01,13527,FIVE,FIVE BELOW INC,-1.0
2023-04-01,13688,PCG,P G & E CORP,-1.0
2023-04-01,13967,PTCT,P T C THERAPEUTICS INC,-1.0
2023-04-01,14167,ISEE,IVERIC BIO INC,-1.0
2023-04-01,14432,ITCI,INTRA CELLULAR THERAPIES INC,-1.0
2023-04-01,14436,RARE,ULTRAGENYX PHARMACEUTICALS INC,-1.0
2023-04-01,14596,FIVN,FIVE 9 INC,-1.0
2023-04-01,14617,ARES,ARES MANAGEMENT CORP,-1.0
2023-04-01,14763,CTLT,CATALENT INC,-1.0
2023-04-01,14811,FWONK,LIBERTY MEDIA CORP 3RD NEW,-1.0
2023-04-01,14828,SAGE,SAGE THERAPEUTICS INC,-1.0
2023-04-01,15119,WK,WORKIVA INC,-1.0
2023-04-01,15167,SHAK,SHAKE SHACK INC,-1.0
2023-04-01,15272,SEDG,SOLAREDGE TECHNOLOGIES INC,-1.0
2023-04-01,15284,BPMC,BLUEPRINT MEDICINES CORP,-1.0
2023-04-01,15452,EVH,EVOLENT HEALTH INC,-1.0
2023-04-01,15534,NTRA,NATERA INC,-1.0
2023-04-01,16064,NTLA,INTELLIA THERAPEUTICS INC,-1.0
2023-04-01,16928,KRYS,KRYSTAL BIOTECH INC,-1.0
2023-04-01,17034,ALTR,ALTAIR ENGINEERING INC,-1.0
2023-04-01,17700,CDAY,CERIDIAN H C M HOLDING INC,-1.0
2023-04-01,17949,BE,BLOOM ENERGY CORP,-1.0
2023-04-01,18011,SONO,SONOS INC,-1.0
2023-04-01,18776,IMVT,IMMUNOVANT INC,-1.0
2023-04-01,18777,KRTX,KARUNA THERAPEUTICS INC,-1.0
2023-04-01,19201,RVMD,REVOLUTION MEDICINES INC,-1.0
2023-04-01,19880,MTZ,MASTEC INC,-1.0
2023-04-01,20765,AJRD,AEROJET ROCKETDYNE HOLDINGS INC,-1.0
2023-04-01,21207,NEM,NEWMONT CORP,-1.0
2023-04-01,25419,WHR,WHIRLPOOL CORP,-1.0
2023-04-01,32651,HL,HECLA MINING CO,-1.0
2023-04-01,35991,ROG,ROGERS CORP,-1.0
2023-04-01,43350,SWK,STANLEY BLACK & DECKER INC,-1.0
2023-04-01,52090,MKC,MCCORMICK & CO INC,-1.0
2023-04-01,52476,EFX,EQUIFAX INC,-1.0
2023-04-01,52978,HAS,HASBRO INC,-1.0
2023-04-01,57568,BALL,BALL CORP,-1.0
2023-04-01,59328,INTC,INTEL CORP,-1.0
2023-04-01,60986,NWL,NEWELL BRANDS INC,-1.0
2023-04-01,61188,SWX,SOUTHWEST GAS HOLDINGS INC,-1.0
2023-04-01,66384,WDC,WESTERN DIGITAL CORP,-1.0
2023-04-01,69649,RJF,RAYMOND JAMES FINANCIAL INC,-1.0
2023-04-01,75976,NEOG,NEOGEN CORP,-1.0
2023-04-01,76661,IONS,IONIS PHARMACEUTICALS INC,-1.0
2023-04-01,77366,MODG,TOPGOLF CALLAWAY BRANDS CORP,-1.0
2023-04-01,77447,ICUI,I C U MEDICAL INC,-1.0
2023-04-01,82515,POOL,POOL CORP,-1.0
2023-04-01,84319,LAD,LITHIA MOTORS INC,-1.0
2023-04-01,84761,TTWO,TAKE TWO INTERACTIVE SOFTWR INC,-1.0
2023-04-01,85002,SRPT,SAREPTA THERAPEUTICS INC,-1.0
2023-04-01,85738,MRCY,MERCURY SYSTEMS INC,-1.0
2023-04-01,88351,INSM,INSMED INC,-1.0
2023-04-01,89110,OMCL,OMNICELL INC,-1.0
2023-04-01,90444,ORA,ORMAT TECHNOLOGIES INC,-1.0
2023-04-01,91594,SPR,SPIRIT AEROSYSTEMS HOLDINGS INC,-1.0
2023-04-01,91611,FSLR,FIRST SOLAR INC,-1.0
2023-04-01,91733,AVAV,AEROVIRONMENT INC,-1.0
2023-05-01,10107,MSFT,MICROSOFT CORP,1.0
2023-05-01,11850,XOM,EXXON MOBIL CORP,1.0
2023-05-01,11995,COKE,COCA COLA CONSOLIDATED INC,1.0
2023-05-01,13284,ALSN,ALLISON TRANSMISSION HLDGS INC,1.0
2023-05-01,13407,META,META PLATFORMS INC,1.0
2023-05-01,13748,TPH,TRI POINTE HOMES INC,1.0
2023-05-01,13766,BCC,BOISE CASCADE CO,1.0
2023-05-01,13901,MO,ALTRIA GROUP INC,1.0
2023-05-01,14479,IBP,INSTALLED BUILDING PRODUCTS INC,1.0
2023-05-01,14541,CVX,CHEVRON CORP NEW,1.0
2023-05-01,14579,PAYC,PAYCOM SOFTWARE INC,1.0
2023-05-01,14593,AAPL,APPLE INC,1.0
2023-05-01,15071,SYNH,SYNEOS HEALTH INC,1.0
2023-05-01,15397,BLD,TOPBUILD CORP,1.0
2023-05-01,16260,MEDP,MEDPACE HOLDINGS INC,1.0
2023-05-01,19393,BMY,BRISTOL MYERS SQUIBB CO,1.0
2023-05-01,21936,PFE,PFIZER INC,1.0
2023-05-01,44943,DIOD,DIODES INC,1.0
2023-05-01,54148,PHM,PULTE GROUP INC,1.0
2023-05-01,54253,MSA,M S A SAFETY INC,1.0
2023-05-01,55976,WMT,WALMART INC,1.0
2023-05-01,56223,LPX,LOUISIANA PACIFIC CORP,1.0
2023-05-01,60871,ADI,ANALOG DEVICES INC,1.0
2023-05-01,64194,CHE,CHEMED CORP NEW,1.0
2023-05-01,71175,UNM,UNUM GROUP,1.0
2023-05-01,75510,ADBE,ADOBE INC,1.0
2023-05-01,75603,CRUS,CIRRUS LOGIC INC,1.0
2023-05-01,76721,CRVL,CORVEL CORP,1.0
2023-05-01,76744,VRTX,VERTEX PHARMACEUTICALS INC,1.0
2023-05-01,76841,BIIB,BIOGEN INC,1.0
2023-05-01,79785,NVR,N V R INC,1.0
2023-05-01,80415,EXP,EAGLE MATERIALS INC,1.0
2023-05-01,81584,CBZ,CBIZ INC,1.0
2023-05-01,82777,MSM,M S C INDUSTRIAL DIRECT INC,1.0
2023-05-01,83621,ANSS,ANSYS INC,1.0
2023-05-01,85631,ADSK,AUTODESK INC,1.0
2023-05-01,85753,VRSN,VERISIGN INC,1.0
2023-05-01,86783,BKNG,BOOKING HOLDINGS INC,1.0
2023-05-01,88417,ACLS,AXCELIS TECHNOLOGIES INC,1.0
2023-05-01,91233,MA,MASTERCARD INC,1.0
2023-05-01,91531,OC,OWENS CORNING NEW,1.0
2023-05-01,92221,MELI,MERCADOLIBRE INC,1.0
2023-05-01,92655,UNH,UNITEDHEALTH GROUP INC,1.0
2023-05-01,92852,LOPE,GRAND CANYON EDUCATION INC,1.0
2023-05-01,93002,AVGO,BROADCOM INC,1.0
2023-05-01,93132,FTNT,FORTINET INC,1.0
2023-05-01,13928,COP,CONOCOPHILLIPS,0.994373
2023-05-01,11403,CDNS,CADENCE DESIGN SYSTEMS INC,0.993314
2023-05-01,90829,CF,C F INDUSTRIES HOLDINGS INC,0.983806
2023-05-01,81736,RMD,RESMED INC,0.981355
2023-05-01,23660,CTAS,CINTAS CORP,0.972205
2023-05-01,79841,FWRD,FORWARD AIR CORP,0.970008
2023-05-01,61313,DCI,DONALDSON INC,0.968965
2023-05-01,80864,RS,RELIANCE STEEL & ALUMINUM CO,0.961539
2023-05-01,76082,CTRA,COTERRA ENERGY INC,0.957163
2023-05-01,13721,ABBV,ABBVIE INC,0.95322
2023-05-01,16076,GMS,G M S INC,0.949244
2023-05-01,87432,A,AGILENT TECHNOLOGIES INC,0.94839
2023-05-01,93330,PRI,PRIMERICA INC,0.943762
2023-05-01,90550,DLB,DOLBY LABORATORIES INC,0.941971
2023-05-01,89792,CVCO,CAVCO INDUSTRIES INC DEL,0.941221
2023-05-01,77191,TTEK,TETRA TECH INC,0.938229
2023-05-01,49680,DHR,DANAHER CORP,0.93633
2023-05-01,13837,EVTC,EVERTEC INC,0.931427
2023-05-01,12570,ITT,I T T INC,0.92496
2023-05-01,75694,TECH,BIO TECHNE CORP,0.9242
2023-05-01,62148,CSX,C S X CORP,0.92399
2023-05-01,82775,HIG,HARTFORD FINANCIAL SVCS GRP INC,0.91743
2023-05-01,11691,MATX,MATSON INC,0.913991
2023-05-01,75825,EOG,EOG RESOURCES INC,0.908354
2023-05-01,76076,CSCO,CISCO SYSTEMS INC,0.907036
2023-05-01,90319,GOOGL,ALPHABET INC,0.898437
2023-05-01,88661,TPR,TAPESTRY INC,0.892025
2023-05-01,13788,ZTS,ZOETIS INC,0.891444
2023-05-01,86158,CTSH,COGNIZANT TECHNOLOGY SOLS CORP,0.888491
2023-05-01,17005,CVS,C V S HEALTH CORP,0.88411
2023-05-01,92121,DFS,DISCOVER FINANCIAL SERVICES,0.881335
2023-05-01,75241,PXD,PIONEER NATURAL RESOURCES CO,0.873226
2023-05-01,15069,MRO,MARATHON OIL CORP,0.872908
2023-05-01,88182,ON,ON SEMICONDUCTOR CORP,0.87051
2023-05-01,78987,MCHP,MICROCHIP TECHNOLOGY INC,0.86757
2023-05-01,90880,AMP,AMERIPRISE FINANCIAL INC,0.864811
2023-05-01,13610,OLN,OLIN CORP,0.850898
2023-05-01,79698,IT,GARTNER INC,0.847706
2023-05-01,89179,ELV,ELEVANCE HEALTH INC,0.844059
2023-05-01,16505,BPOP,POPULAR INC,0.842818
2023-05-01,85710,POWI,POWER INTEGRATIONS INC,0.837755
2023-05-01,75854,LSCC,LATTICE SEMICONDUCTOR CORP,0.830915
2023-05-01,85593,AMG,AFFILIATED MANAGERS GROUP INC,0.826379
2023-05-01,72726,STT,STATE STREET CORP,0.815029
2023-05-01,13911,IQV,IQVIA HOLDINGS INC,0.811131
2023-05-01,90386,MOS,MOSAIC CO NEW,0.806359
2023-05-01,89946,AEL,AMERICAN EQUITY INVT LIFE HLDG C,0.799512
2023-05-01,89866,LKQ,L K Q CORP,0.787569
2023-05-01,21186,WRK,WESTROCK CO,0.760181
2023-05-01,86047,AMKR,AMKOR TECHNOLOGY INC,0.757786
2023-05-01,49429,DDS,DILLARDS INC,0.75027
2023-05-01,91516,AWI,ARMSTRONG WORLD INDS INC NEW,0.749853
2023-05-01,87137,DVN,DEVON ENERGY CORP NEW,0.703765
2023-05-01,92326,CVI,C V R ENERGY,0.695221
2023-05-01,14008,AMGN,AMGEN INC,0.693014
2023-05-01,77462,M,MACYS INC,0.689197
2023-05-01,76837,HAE,HAEMONETICS CORP MASS,0.601537
2023-05-01,92611,V,VISA INC,0.586136
2023-05-01,14776,SYF,SYNCHRONY FINANCIAL,0.571377
2023-05-01,48725,UNP,UNION PACIFIC CORP,0.570182
2023-05-01,18163,PG,PROCTER & GAMBLE CO,0.569236
2023-05-01,91575,HRI,HERC HOLDINGS INC,0.545364
2023-05-01,18456,SWAV,SHOCKWAVE MEDICAL INC,0.340086
2023-05-01,13210,EPAM,EPAM SYSTEMS INC,0.300132
2023-05-01,76892,BOKF,B O K FINANCIAL CORP,0.234999
2023-05-01,17221,LBRT,LIBERTY ENERGY INC,0.216637
2023-05-01,89070,ZBH,ZIMMER BIOMET HOLDINGS INC,0.201901
2023-05-01,83272,HUBG,HUB GROUP INC,0.06786
2023-05-01,70228,TOL,TOLL BROTHERS INC,0.05124
2023-05-01,11884,IPAR,INTERMEDIATE PARFUMS INC,0.041661
2023-05-01,17743,WRB,BERKLEY W R CORP,0.030884
2023-05-01,90071,NRG,N R G ENERGY INC,-0.070573
2023-05-01,23229,CMS,C M S ENERGY CORP,-0.132031
2023-05-01,64929,KWR,QUAKER CHEMICAL CORP,-0.133524
2023-05-01,18726,CRWD,CROWDSTRIKE HOLDINGS INC,-0.293583
2023-05-01,18312,MRNA,MODERNA INC,-0.320557
2023-05-01,14953,BOOT,BOOT BARN HOLDINGS INC,-0.411864
2023-05-01,18735,GO,GROCERY OUTLET HOLDING CORP,-0.416686
2023-05-01,14988,LBRDK,LIBERTY BROADBAND CORP,-0.427601
2023-05-01,89533,WYNN,WYNN RESORTS LTD,-0.470416
2023-05-01,90978,SPWR,SUNPOWER CORP,-0.534374
2023-05-01,15119,WK,WORKIVA INC,-0.542364
2023-05-01,91832,MDGL,MADRIGAL PHARMACEUTICALS INC,-0.551328
2023-05-01,89258,PRU,PRUDENTIAL FINANCIAL INC,-0.608401
2023-05-01,40272,IFF,INTERNATIONAL FLAVORS & FRAG INC,-0.629331
2023-05-01,84032,NOV,N O V INC,-0.678912
2023-05-01,80069,ARWR,ARROWHEAD PHARMACEUTICALS INC,-0.747907
2023-05-01,75607,GEN,GEN DIGITAL INC,-0.763408
2023-05-01,17125,DNLI,DENALI THERAPEUTICS INC,-0.764062
2023-05-01,16381,BL,BLACKLINE INC,-0.766851
2023-05-01,32870,HRL,HORMEL FOODS CORP,-0.768217
2023-05-01,11752,COHR,COHERENT CORP,-0.777506
2023-05-01,76136,KMPR,KEMPER CORP DE,-0.783319
2023-05-01,90775,THS,TREEHOUSE FOODS INC,-0.787463
2023-05-01,15409,ALRM,ALARM COM HOLDINGS INC,-0.793499
2023-05-01,90248,DPZ,DOMINOS PIZZA INC,-0.795849
2023-05-01,18484,ZM,ZOOM VIDEO COMMUNICATIONS INC,-0.799482
2023-05-01,77300,SMG,SCOTTS MIRACLE GRO CO,-0.803269
2023-05-01,79299,PZZA,PAPA JOHNS INTL INC,-0.828125
2023-05-01,91611,FSLR,FIRST SOLAR INC,-0.835808
2023-05-01,84348,VSAT,VIASAT INC,-0.837451
2023-05-01,91594,SPR,SPIRIT AEROSYSTEMS HOLDINGS INC,-0.858219
2023-05-01,17700,CDAY,CERIDIAN H C M HOLDING INC,-0.863336
2023-05-01,92040,FOLD,AMICUS THERAPEUTICS INC,-0.868072
2023-05-01,75470,MIDD,MIDDLEBY CORP,-0.886866
2023-05-01,12591,APO,APOLLO GLOBAL MANAGEMENT INC NEW,-0.887196
2023-05-01,61188,SWX,SOUTHWEST GAS HOLDINGS INC,-0.893077
2023-05-01,15400,ENR,ENERGIZER HOLDINGS INC NEW,-0.898498
2023-05-01,13511,PANW,PALO ALTO NETWORKS INC,-0.909847
2023-05-01,15534,NTRA,NATERA INC,-0.909905
2023-05-01,17987,VRT,VERTIV HOLDINGS CO,-0.911169
2023-05-01,49154,TGT,TARGET CORP,-0.912056
2023-05-01,75034,BKR,BAKER HUGHES CO,-0.91665
2023-05-01,93369,RCM,R1 R C M INC NEW,-0.922782
2023-05-01,13181,GWRE,GUIDEWIRE SOFTWARE INC,-0.92494
2023-05-01,75976,NEOG,NEOGEN CORP,-0.926166
2023-05-01,10026,JJSF,J & J SNACK FOODS CORP,-0.926254
2023-05-01,80432,AEO,AMERICAN EAGLE OUTFITTERS INC NE,-0.931542
2023-05-01,12781,SR,SPIRE INC,-0.937558
2023-05-01,17034,ALTR,ALTAIR ENGINEERING INC,-0.953925
2023-05-01,13527,FIVE,FIVE BELOW INC,-0.954558
2023-05-01,25320,CPB,CAMPBELL SOUP CO,-0.955748
2023-05-01,14811,FWONK,LIBERTY MEDIA CORP 3RD NEW,-0.96108
2023-05-01,21207,NEM,NEWMONT CORP,-0.963312
2023-05-01,32986,ATO,ATMOS ENERGY CORP,-0.966761
2023-05-01,69649,RJF,RAYMOND JAMES FINANCIAL INC,-0.966983
2023-05-01,19502,WBA,WALGREENS BOOTS ALLIANCE INC,-0.971875
2023-05-01,26825,K,KELLOGG CO,-0.974099
2023-05-01,35991,ROG,ROGERS CORP,-0.981185
2023-05-01,90505,LVS,LAS VEGAS SANDS CORP,-0.99258
2023-05-01,11370,ENV,ENVESTNET INC,-1.0
2023-05-01,11990,KKR,K K R & CO INC,-1.0
2023-05-01,13688,PCG,P G & E CORP,-1.0
2023-05-01,13908,PFSI,PENNYMAC FINANCIAL SVCS INC NEW,-1.0
2023-05-01,13967,PTCT,P T C THERAPEUTICS INC,-1.0
2023-05-01,14167,ISEE,IVERIC BIO INC,-1.0
2023-05-01,14329,ARMK,ARAMARK,-1.0
2023-05-01,14432,ITCI,INTRA CELLULAR THERAPIES INC,-1.0
2023-05-01,14436,RARE,ULTRAGENYX PHARMACEUTICALS INC,-1.0
2023-05-01,14596,FIVN,FIVE 9 INC,-1.0
2023-05-01,14617,ARES,ARES MANAGEMENT CORP,-1.0
2023-05-01,14828,SAGE,SAGE THERAPEUTICS INC,-1.0
2023-05-01,15167,SHAK,SHAKE SHACK INC,-1.0
2023-05-01,15272,SEDG,SOLAREDGE TECHNOLOGIES INC,-1.0
2023-05-01,15284,BPMC,BLUEPRINT MEDICINES CORP,-1.0
2023-05-01,15452,EVH,EVOLENT HEALTH INC,-1.0
2023-05-01,15490,LITE,LUMENTUM HOLDINGS INC,-1.0
2023-05-01,16064,NTLA,INTELLIA THERAPEUTICS INC,-1.0
2023-05-01,16086,HTZ,HERTZ GLOBAL HOLDINGS INC NEW,-1.0
2023-05-01,16432,GT,GOODYEAR TIRE & RUBBER CO,-1.0
2023-05-01,16905,STR,SITIO ROYALTIES CORP NEW,-1.0
2023-05-01,16928,KRYS,KRYSTAL BIOTECH INC,-1.0
2023-05-01,17949,BE,BLOOM ENERGY CORP,-1.0
2023-05-01,18011,SONO,SONOS INC,-1.0
2023-05-01,18368,NFE,NEW FORTRESS ENERGY INC,-1.0
2023-05-01,18776,IMVT,IMMUNOVANT INC,-1.0
2023-05-01,18777,KRTX,KARUNA THERAPEUTICS INC,-1.0
2023-05-01,19201,RVMD,REVOLUTION MEDICINES INC,-1.0
2023-05-01,19880,MTZ,MASTEC INC,-1.0
2023-05-01,20765,AJRD,AEROJET ROCKETDYNE HOLDINGS INC,-1.0
2023-05-01,25419,WHR,WHIRLPOOL CORP,-1.0
2023-05-01,25785,F,FORD MOTOR CO DEL,-1.0
2023-05-01,32651,HL,HECLA MINING CO,-1.0
2023-05-01,43350,SWK,STANLEY BLACK & DECKER INC,-1.0
2023-05-01,52090,MKC,MCCORMICK & CO INC,-1.0
2023-05-01,52476,EFX,EQUIFAX INC,-1.0
2023-05-01,52978,HAS,HASBRO INC,-1.0
2023-05-01,57568,BALL,BALL CORP,-1.0
2023-05-01,59328,INTC,INTEL CORP,-1.0
2023-05-01,60986,NWL,NEWELL BRANDS INC,-1.0
2023-05-01,66384,WDC,WESTERN DIGITAL CORP,-1.0
2023-05-01,67847,RGLD,ROYAL GOLD INC,-1.0
2023-05-01,76661,IONS,IONIS PHARMACEUTICALS INC,-1.0
2023-05-01,77366,MODG,TOPGOLF CALLAWAY BRANDS CORP,-1.0
2023-05-01,77447,ICUI,I C U MEDICAL INC,-1.0
2023-05-01,80563,PENN,PENN ENTERTAINMENT INC,-1.0
2023-05-01,82515,POOL,POOL CORP,-1.0
2023-05-01,84761,TTWO,TAKE TWO INTERACTIVE SOFTWR INC,-1.0
2023-05-01,85002,SRPT,SAREPTA THERAPEUTICS INC,-1.0
2023-05-01,85738,MRCY,MERCURY SYSTEMS INC,-1.0
2023-05-01,88351,INSM,INSMED INC,-1.0
2023-05-01,89110,OMCL,OMNICELL INC,-1.0
2023-05-01,90177,ACAD,ACADIA PHARMACEUTICALS,-1.0
2023-05-01,90444,ORA,ORMAT TECHNOLOGIES INC,-1.0
2023-05-01,91733,AVAV,AEROVIRONMENT INC,-1.0
2023-06-01,10107,MSFT,MICROSOFT CORP,1.0
2023-06-01,11995,COKE,COCA COLA CONSOLIDATED INC,1.0
2023-06-01,12570,ITT,I T T INC,1.0
2023-06-01,13407,META,META PLATFORMS INC,1.0
2023-06-01,13748,TPH,TRI POINTE HOMES INC,1.0
2023-06-01,13766,BCC,BOISE CASCADE CO,1.0
2023-06-01,13901,MO,ALTRIA GROUP INC,1.0
2023-06-01,14169,PINC,PREMIER INC,1.0
2023-06-01,14593,AAPL,APPLE INC,1.0
2023-06-01,15071,SYNH,SYNEOS HEALTH INC,1.0
2023-06-01,15332,CWEN,CLEARWAY ENERGY INC,1.0
2023-06-01,16076,GMS,G M S INC,1.0
2023-06-01,16260,MEDP,MEDPACE HOLDINGS INC,1.0
2023-06-01,19393,BMY,BRISTOL MYERS SQUIBB CO,1.0
2023-06-01,23660,CTAS,CINTAS CORP,1.0
2023-06-01,44943,DIOD,DIODES INC,1.0
2023-06-01,48653,HUM,HUMANA INC,1.0
2023-06-01,64186,CI,CIGNA GROUP,1.0
2023-06-01,71175,UNM,UNUM GROUP,1.0
2023-06-01,73139,SYK,STRYKER CORP,1.0
2023-06-01,75510,ADBE,ADOBE INC,1.0
2023-06-01,76841,BIIB,BIOGEN INC,1.0
2023-06-01,80415,EXP,EAGLE MATERIALS INC,1.0
2023-06-01,83621,ANSS,ANSYS INC,1.0
2023-06-01,84723,LNG,CHENIERE ENERGY INC,1.0
2023-06-01,85631,ADSK,AUTODESK INC,1.0
2023-06-01,85753,VRSN,VERISIGN INC,1.0
2023-06-01,85992,MANH,MANHATTAN ASSOCIATES INC,1.0
2023-06-01,88417,ACLS,AXCELIS TECHNOLOGIES INC,1.0
2023-06-01,90319,GOOGL,ALPHABET INC,1.0
2023-06-01,90550,DLB,DOLBY LABORATORIES INC,1.0
2023-06-01,90829,CF,C F INDUSTRIES HOLDINGS INC,1.0
2023-06-01,92221,MELI,MERCADOLIBRE INC,1.0
2023-06-01,92655,UNH,UNITEDHEALTH GROUP INC,1.0
2023-06-01,92852,LOPE,GRAND CANYON EDUCATION INC,1.0
2023-06-01,93002,AVGO,BROADCOM INC,1.0
2023-06-01,93132,FTNT,FORTINET INC,1.0
2023-06-01,91531,OC,OWENS CORNING NEW,0.991844
2023-06-01,82777,MSM,M S C INDUSTRIAL DIRECT INC,0.98741
2023-06-01,90776,WAL,WESTERN ALLIANCE BANCORPORATION,0.986268
2023-06-01,21936,PFE,PFIZER INC,0.984633
2023-06-01,60871,ADI,ANALOG DEVICES INC,0.984163
2023-06-01,54148,PHM,PULTE GROUP INC,0.980403
2023-06-01,56223,LPX,LOUISIANA PACIFIC CORP,0.979669
2023-06-01,55976,WMT,WALMART INC,0.972865
2023-06-01,13284,ALSN,ALLISON TRANSMISSION HLDGS INC,0.970463
2023-06-01,64194,CHE,CHEMED CORP NEW,0.965307
2023-06-01,76721,CRVL,CORVEL CORP,0.963719
2023-06-01,14579,PAYC,PAYCOM SOFTWARE INC,0.96236
2023-06-01,13928,COP,CONOCOPHILLIPS,0.960916
2023-06-01,79698,IT,GARTNER INC,0.95783
2023-06-01,91233,MA,MASTERCARD INC,0.956841
2023-06-01,81584,CBZ,CBIZ INC,0.953256
2023-06-01,76076,CSCO,CISCO SYSTEMS INC,0.95017
2023-06-01,79785,NVR,N V R INC,0.947403
2023-06-01,76744,VRTX,VERTEX PHARMACEUTICALS INC,0.945975
2023-06-01,75694,TECH,BIO TECHNE CORP,0.943845
2023-06-01,93330,PRI,PRIMERICA INC,0.941101
2023-06-01,86158,CTSH,COGNIZANT TECHNOLOGY SOLS CORP,0.930843
2023-06-01,86783,BKNG,BOOKING HOLDINGS INC,0.930247
2023-06-01,62148,CSX,C S X CORP,0.924796
2023-06-01,13837,EVTC,EVERTEC INC,0.922377
2023-06-01,11691,MATX,MATSON INC,0.919001
2023-06-01,80864,RS,RELIANCE STEEL & ALUMINUM CO,0.910955
2023-06-01,23712,PEG,PUBLIC SERVICE ENTERPRISE GP INC,0.90921
2023-06-01,49680,DHR,DANAHER CORP,0.904089
2023-06-01,75603,CRUS,CIRRUS LOGIC INC,0.901805
2023-06-01,14541,CVX,CHEVRON CORP NEW,0.898561
2023-06-01,78987,MCHP,MICROCHIP TECHNOLOGY INC,0.895775
2023-06-01,79841,FWRD,FORWARD AIR CORP,0.892956
2023-06-01,15397,BLD,TOPBUILD CORP,0.890697
2023-06-01,61313,DCI,DONALDSON INC,0.888875
2023-06-01,82775,HIG,HARTFORD FINANCIAL SVCS GRP INC,0.887642
2023-06-01,76082,CTRA,COTERRA ENERGY INC,0.872795
2023-06-01,88661,TPR,TAPESTRY INC,0.87149
2023-06-01,11850,XOM,EXXON MOBIL CORP,0.867261
2023-06-01,13721,ABBV,ABBVIE INC,0.86672
2023-06-01,81736,RMD,RESMED INC,0.856506
2023-06-01,90880,AMP,AMERIPRISE FINANCIAL INC,0.846718
2023-06-01,13911,IQV,IQVIA HOLDINGS INC,0.845566
2023-06-01,75854,LSCC,LATTICE SEMICONDUCTOR CORP,0.844658
2023-06-01,14479,IBP,INSTALLED BUILDING PRODUCTS INC,0.837571
2023-06-01,13788,ZTS,ZOETIS INC,0.823418
2023-06-01,17005,CVS,C V S HEALTH CORP,0.817197
2023-06-01,89946,AEL,AMERICAN EQUITY INVT LIFE HLDG C,0.815462
2023-06-01,75825,EOG,EOG RESOURCES INC,0.812421
2023-06-01,75241,PXD,PIONEER NATURAL RESOURCES CO,0.810743
2023-06-01,16505,BPOP,POPULAR INC,0.80771
2023-06-01,87432,A,AGILENT TECHNOLOGIES INC,0.806541
2023-06-01,89179,ELV,ELEVANCE HEALTH INC,0.803452
2023-06-01,85593,AMG,AFFILIATED MANAGERS GROUP INC,0.793132
2023-06-01,89792,CVCO,CAVCO INDUSTRIES INC DEL,0.777131
2023-06-01,15069,MRO,MARATHON OIL CORP,0.77114
2023-06-01,72726,STT,STATE STREET CORP,0.764221
2023-06-01,13610,OLN,OLIN CORP,0.726227
2023-06-01,89866,LKQ,L K Q CORP,0.720274
2023-06-01,49429,DDS,DILLARDS INC,0.689491
2023-06-01,18144,ACA,ARCOSA INC,0.686632
2023-06-01,91516,AWI,ARMSTRONG WORLD INDS INC NEW,0.681772
2023-06-01,14008,AMGN,AMGEN INC,0.64133
2023-06-01,92326,CVI,C V R ENERGY,0.628305
2023-06-01,76837,HAE,HAEMONETICS CORP MASS,0.60573
2023-06-01,87137,DVN,DEVON ENERGY CORP NEW,0.604639
2023-06-01,90386,MOS,MOSAIC CO NEW,0.602239
2023-06-01,14776,SYF,SYNCHRONY FINANCIAL,0.602135
2023-06-01,13862,TMHC,TAYLOR MORRISON HOME CORP,0.595796
2023-06-01,77462,M,MACYS INC,0.570682
2023-06-01,48725,UNP,UNION PACIFIC CORP,0.562584
2023-06-01,91575,HRI,HERC HOLDINGS INC,0.554374
2023-06-01,71176,SON,SONOCO PRODUCTS CO,0.540794
2023-06-01,18163,PG,PROCTER & GAMBLE CO,0.516627
2023-06-01,18456,SWAV,SHOCKWAVE MEDICAL INC,0.321178
2023-06-01,89070,ZBH,ZIMMER BIOMET HOLDINGS INC,0.230152
2023-06-01,76892,BOKF,B O K FINANCIAL CORP,0.228619
2023-06-01,17221,LBRT,LIBERTY ENERGY INC,0.197748
2023-06-01,77191,TTEK,TETRA TECH INC,0.094714
2023-06-01,83272,HUBG,HUB GROUP INC,0.065956
2023-06-01,70228,TOL,TOLL BROTHERS INC,0.054091
2023-06-01,11884,IPAR,INTERMEDIATE PARFUMS INC,0.03432
2023-06-01,17743,WRB,BERKLEY W R CORP,0.029072
2023-06-01,86102,FHI,FEDERATED HERMES INC,0.008398
2023-06-01,23229,CMS,C M S ENERGY CORP,-0.123449
2023-06-01,64929,KWR,QUAKER CHEMICAL CORP,-0.13531
2023-06-01,14988,LBRDK,LIBERTY BROADBAND CORP,-0.372169
2023-06-01,18726,CRWD,CROWDSTRIKE HOLDINGS INC,-0.390524
2023-06-01,18735,GO,GROCERY OUTLET HOLDING CORP,-0.400329
2023-06-01,89533,WYNN,WYNN RESORTS LTD,-0.405498
2023-06-01,91832,MDGL,MADRIGAL PHARMACEUTICALS INC,-0.489953
2023-06-01,12226,MGPI,M G P INGREDIENTS INC,-0.493759
2023-06-01,40272,IFF,INTERNATIONAL FLAVORS & FRAG INC,-0.499356
2023-06-01,84032,NOV,N O V INC,-0.5678
2023-06-01,18312,MRNA,MODERNA INC,-0.582213
2023-06-01,90775,THS,TREEHOUSE FOODS INC,-0.69733
2023-06-01,76136,KMPR,KEMPER CORP DE,-0.698872
2023-06-01,80432,AEO,AMERICAN EAGLE OUTFITTERS INC NE,-0.704116
2023-06-01,16381,BL,BLACKLINE INC,-0.713938
2023-06-01,32870,HRL,HORMEL FOODS CORP,-0.723802
2023-06-01,13967,PTCT,P T C THERAPEUTICS INC,-0.757491
2023-06-01,49154,TGT,TARGET CORP,-0.758863
2023-06-01,75607,GEN,GEN DIGITAL INC,-0.760843
2023-06-01,91594,SPR,SPIRIT AEROSYSTEMS HOLDINGS INC,-0.76366
2023-06-01,77300,SMG,SCOTTS MIRACLE GRO CO,-0.764618
2023-06-01,79299,PZZA,PAPA JOHNS INTL INC,-0.777525
2023-06-01,75470,MIDD,MIDDLEBY CORP,-0.827717
2023-06-01,21207,NEM,NEWMONT CORP,-0.828701
2023-06-01,13527,FIVE,FIVE BELOW INC,-0.830921
2023-06-01,15409,ALRM,ALARM COM HOLDINGS INC,-0.832689
2023-06-01,80563,PENN,PENN ENTERTAINMENT INC,-0.836889
2023-06-01,17700,CDAY,CERIDIAN H C M HOLDING INC,-0.838007
2023-06-01,11752,COHR,COHERENT CORP,-0.838881
2023-06-01,15534,NTRA,NATERA INC,-0.84181
2023-06-01,92040,FOLD,AMICUS THERAPEUTICS INC,-0.843831
2023-06-01,19502,WBA,WALGREENS BOOTS ALLIANCE INC,-0.846546
2023-06-01,85738,MRCY,MERCURY SYSTEMS INC,-0.847817
2023-06-01,90505,LVS,LAS VEGAS SANDS CORP,-0.853389
2023-06-01,75034,BKR,BAKER HUGHES CO,-0.856728
2023-06-01,18484,ZM,ZOOM VIDEO COMMUNICATIONS INC,-0.870738
2023-06-01,15400,ENR,ENERGIZER HOLDINGS INC NEW,-0.880454
2023-06-01,25320,CPB,CAMPBELL SOUP CO,-0.886243
2023-06-01,12781,SR,SPIRE INC,-0.890382
2023-06-01,77447,ICUI,I C U MEDICAL INC,-0.920997
2023-06-01,91733,AVAV,AEROVIRONMENT INC,-0.924037
2023-06-01,91611,FSLR,FIRST SOLAR INC,-0.926042
2023-06-01,10026,JJSF,J & J SNACK FOODS CORP,-0.927397
2023-06-01,67847,RGLD,ROYAL GOLD INC,-0.931403
2023-06-01,14811,FWONK,LIBERTY MEDIA CORP 3RD NEW,-0.93373
2023-06-01,25419,WHR,WHIRLPOOL CORP,-0.934678
2023-06-01,16086,HTZ,HERTZ GLOBAL HOLDINGS INC NEW,-0.936386
2023-06-01,26825,K,KELLOGG CO,-0.936884
2023-06-01,75976,NEOG,NEOGEN CORP,-0.937296
2023-06-01,12591,APO,APOLLO GLOBAL MANAGEMENT INC NEW,-0.938674
2023-06-01,61188,SWX,SOUTHWEST GAS HOLDINGS INC,-0.940434
2023-06-01,14432,ITCI,INTRA CELLULAR THERAPIES INC,-0.951768
2023-06-01,35991,ROG,ROGERS CORP,-0.956377
2023-06-01,69649,RJF,RAYMOND JAMES FINANCIAL INC,-0.96152
2023-06-01,52090,MKC,MCCORMICK & CO INC,-0.972206
2023-06-01,32986,ATO,ATMOS ENERGY CORP,-0.979075
2023-06-01,13688,PCG,P G & E CORP,-0.986402
2023-06-01,90444,ORA,ORMAT TECHNOLOGIES INC,-0.989467
2023-06-01,14617,ARES,ARES MANAGEMENT CORP,-0.99063
2023-06-01,15272,SEDG,SOLAREDGE TECHNOLOGIES INC,-0.993537
2023-06-01,52978,HAS,HASBRO INC,-0.998533
2023-06-01,52476,EFX,EQUIFAX INC,-0.999369
2023-06-01,11370,ENV,ENVESTNET INC,-1.0
2023-06-01,11990,KKR,K K R & CO INC,-1.0
2023-06-01,13181,GWRE,GUIDEWIRE SOFTWARE INC,-1.0
2023-06-01,13511,PANW,PALO ALTO NETWORKS INC,-1.0
2023-06-01,13908,PFSI,PENNYMAC FINANCIAL SVCS INC NEW,-1.0
2023-06-01,14167,ISEE,IVERIC BIO INC,-1.0
2023-06-01,14329,ARMK,ARAMARK,-1.0
2023-06-01,14436,RARE,ULTRAGENYX PHARMACEUTICALS INC,-1.0
2023-06-01,14596,FIVN,FIVE 9 INC,-1.0
2023-06-01,14828,SAGE,SAGE THERAPEUTICS INC,-1.0
2023-06-01,15119,WK,WORKIVA INC,-1.0
2023-06-01,15167,SHAK,SHAKE SHACK INC,-1.0
2023-06-01,15284,BPMC,BLUEPRINT MEDICINES CORP,-1.0
2023-06-01,15452,EVH,EVOLENT HEALTH INC,-1.0
2023-06-01,15490,LITE,LUMENTUM HOLDINGS INC,-1.0
2023-06-01,16064,NTLA,INTELLIA THERAPEUTICS INC,-1.0
2023-06-01,16432,GT,GOODYEAR TIRE & RUBBER CO,-1.0
2023-06-01,16905,STR,SITIO ROYALTIES CORP NEW,-1.0
2023-06-01,16928,KRYS,KRYSTAL BIOTECH INC,-1.0
2023-06-01,17034,ALTR,ALTAIR ENGINEERING INC,-1.0
2023-06-01,17104,APLS,APELLIS PHARMACEUTICALS INC,-1.0
2023-06-01,17125,DNLI,DENALI THERAPEUTICS INC,-1.0
2023-06-01,17987,VRT,VERTIV HOLDINGS CO,-1.0
2023-06-01,18368,NFE,NEW FORTRESS ENERGY INC,-1.0
2023-06-01,18776,IMVT,IMMUNOVANT INC,-1.0
2023-06-01,18777,KRTX,KARUNA THERAPEUTICS INC,-1.0
2023-06-01,18779,MORF,MORPHIC HOLDING INC,-1.0
2023-06-01,19032,VIR,VIR BIOTECHNOLOGY INC,-1.0
2023-06-01,19201,RVMD,REVOLUTION MEDICINES INC,-1.0
2023-06-01,19880,MTZ,MASTEC INC,-1.0
2023-06-01,20765,AJRD,AEROJET ROCKETDYNE HOLDINGS INC,-1.0
2023-06-01,24969,AVA,AVISTA CORP,-1.0
2023-06-01,25785,F,FORD MOTOR CO DEL,-1.0
2023-06-01,32651,HL,HECLA MINING CO,-1.0
2023-06-01,43350,SWK,STANLEY BLACK & DECKER INC,-1.0
2023-06-01,57568,BALL,BALL CORP,-1.0
2023-06-01,59328,INTC,INTEL CORP,-1.0
2023-06-01,60986,NWL,NEWELL BRANDS INC,-1.0
2023-06-01,61241,AMD,ADVANCED MICRO DEVICES INC,-1.0
2023-06-01,66384,WDC,WESTERN DIGITAL CORP,-1.0
2023-06-01,76661,IONS,IONIS PHARMACEUTICALS INC,-1.0
2023-06-01,77366,MODG,TOPGOLF CALLAWAY BRANDS CORP,-1.0
2023-06-01,80069,ARWR,ARROWHEAD PHARMACEUTICALS INC,-1.0
2023-06-01,84348,VSAT,VIASAT INC,-1.0
2023-06-01,84761,TTWO,TAKE TWO INTERACTIVE SOFTWR INC,-1.0
2023-06-01,85002,SRPT,SAREPTA THERAPEUTICS INC,-1.0
2023-06-01,88351,INSM,INSMED INC,-1.0
2023-06-01,89110,OMCL,OMNICELL INC,-1.0
2023-06-01,90071,NRG,N R G ENERGY INC,-1.0
2023-06-01,90126,CYTK,CYTOKINETICS INC,-1.0
2023-06-01,90177,ACAD,ACADIA PHARMACEUTICALS,-1.0
2023-07-01,10107,MSFT,MICROSOFT CORP,1.0
2023-07-01,11691,MATX,MATSON INC,1.0
2023-07-01,11995,COKE,COCA COLA CONSOLIDATED INC,1.0
2023-07-01,12570,ITT,I T T INC,1.0
2023-07-01,13284,ALSN,ALLISON TRANSMISSION HLDGS INC,1.0
2023-07-01,13407,META,META PLATFORMS INC,1.0
2023-07-01,13748,TPH,TRI POINTE HOMES INC,1.0
2023-07-01,13766,BCC,BOISE CASCADE CO,1.0
2023-07-01,13901,MO,ALTRIA GROUP INC,1.0
2023-07-01,13928,COP,CONOCOPHILLIPS,1.0
2023-07-01,14169,PINC,PREMIER INC,1.0
2023-07-01,14479,IBP,INSTALLED BUILDING PRODUCTS INC,1.0
2023-07-01,14579,PAYC,PAYCOM SOFTWARE INC,1.0
2023-07-01,14593,AAPL,APPLE INC,1.0
2023-07-01,15071,SYNH,SYNEOS HEALTH INC,1.0
2023-07-01,16076,GMS,G M S INC,1.0
2023-07-01,16260,MEDP,MEDPACE HOLDINGS INC,1.0
2023-07-01,16655,CVNA,CARVANA CO,1.0
2023-07-01,19393,BMY,BRISTOL MYERS SQUIBB CO,1.0
2023-07-01,23660,CTAS,CINTAS CORP,1.0
2023-07-01,23712,PEG,PUBLIC SERVICE ENTERPRISE GP INC,1.0
2023-07-01,44943,DIOD,DIODES INC,1.0
2023-07-01,54148,PHM,PULTE GROUP INC,1.0
2023-07-01,55976,WMT,WALMART INC,1.0
2023-07-01,60871,ADI,ANALOG DEVICES INC,1.0
2023-07-01,62148,CSX,C S X CORP,1.0
2023-07-01,62341,PDCE,P D C ENERGY INC,1.0
2023-07-01,64186,CI,CIGNA GROUP,1.0
2023-07-01,71175,UNM,UNUM GROUP,1.0
2023-07-01,73139,SYK,STRYKER CORP,1.0
2023-07-01,75510,ADBE,ADOBE INC,1.0
2023-07-01,76744,VRTX,VERTEX PHARMACEUTICALS INC,1.0
2023-07-01,76841,BIIB,BIOGEN INC,1.0
2023-07-01,78987,MCHP,MICROCHIP TECHNOLOGY INC,1.0
2023-07-01,79785,NVR,N V R INC,1.0
2023-07-01,80415,EXP,EAGLE MATERIALS INC,1.0
2023-07-01,80864,RS,RELIANCE STEEL & ALUMINUM CO,1.0
2023-07-01,81584,CBZ,CBIZ INC,1.0
2023-07-01,82775,HIG,HARTFORD FINANCIAL SVCS GRP INC,1.0
2023-07-01,82777,MSM,M S C INDUSTRIAL DIRECT INC,1.0
2023-07-01,83621,ANSS,ANSYS INC,1.0
2023-07-01,84723,LNG,CHENIERE ENERGY INC,1.0
2023-07-01,85631,ADSK,AUTODESK INC,1.0
2023-07-01,85753,VRSN,VERISIGN INC,1.0
2023-07-01,85992,MANH,MANHATTAN ASSOCIATES INC,1.0
2023-07-01,87432,A,AGILENT TECHNOLOGIES INC,1.0
2023-07-01,88417,ACLS,AXCELIS TECHNOLOGIES INC,1.0
2023-07-01,89946,AEL,AMERICAN EQUITY INVT LIFE HLDG C,1.0
2023-07-01,90550,DLB,DOLBY LABORATORIES INC,1.0
2023-07-01,90776,WAL,WESTERN ALLIANCE BANCORPORATION,1.0
2023-07-01,90829,CF,C F INDUSTRIES HOLDINGS INC,1.0
2023-07-01,91233,MA,MASTERCARD INC,1.0
2023-07-01,91500,EXLS,EXLSERVICE HOLDINGS INC,1.0
2023-07-01,91531,OC,OWENS CORNING NEW,1.0
2023-07-01,92655,UNH,UNITEDHEALTH GROUP INC,1.0
2023-07-01,92852,LOPE,GRAND CANYON EDUCATION INC,1.0
2023-07-01,93002,AVGO,BROADCOM INC,1.0
2023-07-01,93132,FTNT,FORTINET INC,1.0
2023-07-01,93330,PRI,PRIMERICA INC,1.0
2023-07-01,86783,BKNG,BOOKING HOLDINGS INC,0.997483
2023-07-01,75854,LSCC,LATTICE SEMICONDUCTOR CORP,0.994541
2023-07-01,15332,CWEN,CLEARWAY ENERGY INC,0.990005
2023-07-01,76076,CSCO,CISCO SYSTEMS INC,0.985894
2023-07-01,13837,EVTC,EVERTEC INC,0.981481
2023-07-01,64194,CHE,CHEMED CORP NEW,0.975657
2023-07-01,79698,IT,GARTNER INC,0.974737
2023-07-01,79841,FWRD,FORWARD AIR CORP,0.970468
2023-07-01,90319,GOOGL,ALPHABET INC,0.970122
2023-07-01,86158,CTSH,COGNIZANT TECHNOLOGY SOLS CORP,0.968606
2023-07-01,13911,IQV,IQVIA HOLDINGS INC,0.961753
2023-07-01,92221,MELI,MERCADOLIBRE INC,0.952016
2023-07-01,76721,CRVL,CORVEL CORP,0.950223
2023-07-01,61313,DCI,DONALDSON INC,0.949693
2023-07-01,76082,CTRA,COTERRA ENERGY INC,0.946192
2023-07-01,21936,PFE,PFIZER INC,0.945914
2023-07-01,49680,DHR,DANAHER CORP,0.942345
2023-07-01,90880,AMP,AMERIPRISE FINANCIAL INC,0.938839
2023-07-01,88661,TPR,TAPESTRY INC,0.935047
2023-07-01,14541,CVX,CHEVRON CORP NEW,0.935046
2023-07-01,11850,XOM,EXXON MOBIL CORP,0.906756
2023-07-01,48653,HUM,HUMANA INC,0.888626
2023-07-01,81736,RMD,RESMED INC,0.884342
2023-07-01,13788,ZTS,ZOETIS INC,0.866532
2023-07-01,75825,EOG,EOG RESOURCES INC,0.863249
2023-07-01,16505,BPOP,POPULAR INC,0.851596
2023-07-01,85593,AMG,AFFILIATED MANAGERS GROUP INC,0.851482
2023-07-01,13721,ABBV,ABBVIE INC,0.842893
2023-07-01,75241,PXD,PIONEER NATURAL RESOURCES CO,0.838901
2023-07-01,17005,CVS,C V S HEALTH CORP,0.827077
2023-07-01,72726,STT,STATE STREET CORP,0.826157
2023-07-01,91516,AWI,ARMSTRONG WORLD INDS INC NEW,0.799317
2023-07-01,89179,ELV,ELEVANCE HEALTH INC,0.796373
2023-07-01,89866,LKQ,L K Q CORP,0.792709
2023-07-01,18144,ACA,ARCOSA INC,0.789556
2023-07-01,13610,OLN,OLIN CORP,0.785895
2023-07-01,91575,HRI,HERC HOLDINGS INC,0.745778
2023-07-01,13862,TMHC,TAYLOR MORRISON HOME CORP,0.682392
2023-07-01,90386,MOS,MOSAIC CO NEW,0.657068
2023-07-01,14008,AMGN,AMGEN INC,0.642697
2023-07-01,87137,DVN,DEVON ENERGY CORP NEW,0.640878
2023-07-01,15069,MRO,MARATHON OIL CORP,0.634016
2023-07-01,76837,HAE,HAEMONETICS CORP MASS,0.607126
2023-07-01,48725,UNP,UNION PACIFIC CORP,0.595648
2023-07-01,18163,PG,PROCTER & GAMBLE CO,0.548019
2023-07-01,71176,SON,SONOCO PRODUCTS CO,0.530999
2023-07-01,75603,CRUS,CIRRUS LOGIC INC,0.469934
2023-07-01,18456,SWAV,SHOCKWAVE MEDICAL INC,0.331917
2023-07-01,89070,ZBH,ZIMMER BIOMET HOLDINGS INC,0.262655
2023-07-01,77274,GILD,GILEAD SCIENCES INC,0.249507
2023-07-01,76892,BOKF,B O K FINANCIAL CORP,0.226168
2023-07-01,17221,LBRT,LIBERTY ENERGY INC,0.225273
2023-07-01,83272,HUBG,HUB GROUP INC,0.071748
2023-07-01,70228,TOL,TOLL BROTHERS INC,0.062955
2023-07-01,49656,BK,BANK OF NEW YORK MELLON CORP,0.060966
2023-07-01,11884,IPAR,INTERMEDIATE PARFUMS INC,0.036982
2023-07-01,17743,WRB,BERKLEY W R CORP,0.031039
2023-07-01,86102,FHI,FEDERATED HERMES INC,0.00871
2023-07-01,64929,KWR,QUAKER CHEMICAL CORP,-0.138387
2023-07-01,32986,ATO,ATMOS ENERGY CORP,-0.177824
2023-07-01,17987,VRT,VERTIV HOLDINGS CO,-0.259426
2023-07-01,14988,LBRDK,LIBERTY BROADBAND CORP,-0.400837
2023-07-01,89533,WYNN,WYNN RESORTS LTD,-0.432233
2023-07-01,40272,IFF,INTERNATIONAL FLAVORS & FRAG INC,-0.517572
2023-07-01,18484,ZM,ZOOM VIDEO COMMUNICATIONS INC,-0.532494
2023-07-01,18312,MRNA,MODERNA INC,-0.551528
2023-07-01,80563,PENN,PENN ENTERTAINMENT INC,-0.557182
2023-07-01,85246,JLL,JONES LANG LASALLE INC,-0.59295
2023-07-01,13967,PTCT,P T C THERAPEUTICS INC,-0.730939
2023-07-01,16381,BL,BLACKLINE INC,-0.735022
2023-07-01,90775,THS,TREEHOUSE FOODS INC,-0.73911
2023-07-01,77300,SMG,SCOTTS MIRACLE GRO CO,-0.75533
2023-07-01,32870,HRL,HORMEL FOODS CORP,-0.758128
2023-07-01,76136,KMPR,KEMPER CORP DE,-0.776438
2023-07-01,25320,CPB,CAMPBELL SOUP CO,-0.797774
2023-07-01,80432,AEO,AMERICAN EAGLE OUTFITTERS INC NE,-0.814096
2023-07-01,79299,PZZA,PAPA JOHNS INTL INC,-0.81561
2023-07-01,91594,SPR,SPIRIT AEROSYSTEMS HOLDINGS INC,-0.835217
2023-07-01,15409,ALRM,ALARM COM HOLDINGS INC,-0.853502
2023-07-01,67847,RGLD,ROYAL GOLD INC,-0.859464
2023-07-01,91611,FSLR,FIRST SOLAR INC,-0.863543
2023-07-01,21207,NEM,NEWMONT CORP,-0.868443
2023-07-01,12781,SR,SPIRE INC,-0.880699
2023-07-01,90505,LVS,LAS VEGAS SANDS CORP,-0.894335
2023-07-01,18776,IMVT,IMMUNOVANT INC,-0.898825
2023-07-01,15400,ENR,ENERGIZER HOLDINGS INC NEW,-0.90333
2023-07-01,17700,CDAY,CERIDIAN H C M HOLDING INC,-0.90396
2023-07-01,13181,GWRE,GUIDEWIRE SOFTWARE INC,-0.912769
2023-07-01,84348,VSAT,VIASAT INC,-0.920827
2023-07-01,75470,MIDD,MIDDLEBY CORP,-0.923605
2023-07-01,14436,RARE,ULTRAGENYX PHARMACEUTICALS INC,-0.930484
2023-07-01,90444,ORA,ORMAT TECHNOLOGIES INC,-0.931482
2023-07-01,15272,SEDG,SOLAREDGE TECHNOLOGIES INC,-0.934441
2023-07-01,77447,ICUI,I C U MEDICAL INC,-0.934619
2023-07-01,92040,FOLD,AMICUS THERAPEUTICS INC,-0.937813
2023-07-01,26825,K,KELLOGG CO,-0.941903
2023-07-01,13527,FIVE,FIVE BELOW INC,-0.943221
2023-07-01,52090,MKC,MCCORMICK & CO INC,-0.946233
2023-07-01,10026,JJSF,J & J SNACK FOODS CORP,-0.954471
2023-07-01,66384,WDC,WESTERN DIGITAL CORP,-0.975266
2023-07-01,75034,BKR,BAKER HUGHES CO,-0.99031
2023-07-01,16928,KRYS,KRYSTAL BIOTECH INC,-0.992104
2023-07-01,16432,GT,GOODYEAR TIRE & RUBBER CO,-0.99228
2023-07-01,14811,FWONK,LIBERTY MEDIA CORP 3RD NEW,-0.994646
2023-07-01,89110,OMCL,OMNICELL INC,-0.999327
2023-07-01,11370,ENV,ENVESTNET INC,-1.0
2023-07-01,11752,COHR,COHERENT CORP,-1.0
2023-07-01,11990,KKR,K K R & CO INC,-1.0
2023-07-01,12226,MGPI,M G P INGREDIENTS INC,-1.0
2023-07-01,12591,APO,APOLLO GLOBAL MANAGEMENT INC NEW,-1.0
2023-07-01,13511,PANW,PALO ALTO NETWORKS INC,-1.0
2023-07-01,13688,PCG,P G & E CORP,-1.0
2023-07-01,13908,PFSI,PENNYMAC FINANCIAL SVCS INC NEW,-1.0
2023-07-01,14329,ARMK,ARAMARK,-1.0
2023-07-01,14432,ITCI,INTRA CELLULAR THERAPIES INC,-1.0
2023-07-01,14596,FIVN,FIVE 9 INC,-1.0
2023-07-01,14617,ARES,ARES MANAGEMENT CORP,-1.0
2023-07-01,14828,SAGE,SAGE THERAPEUTICS INC,-1.0
2023-07-01,15119,WK,WORKIVA INC,-1.0
2023-07-01,15167,SHAK,SHAKE SHACK INC,-1.0
2023-07-01,15284,BPMC,BLUEPRINT MEDICINES CORP,-1.0
2023-07-01,15452,EVH,EVOLENT HEALTH INC,-1.0
2023-07-01,15534,NTRA,NATERA INC,-1.0
2023-07-01,16064,NTLA,INTELLIA THERAPEUTICS INC,-1.0
2023-07-01,16082,SITE,SITEONE LANDSCAPE SUPPLY INC,-1.0
2023-07-01,16086,HTZ,HERTZ GLOBAL HOLDINGS INC NEW,-1.0
2023-07-01,16905,STR,SITIO ROYALTIES CORP NEW,-1.0
2023-07-01,17034,ALTR,ALTAIR ENGINEERING INC,-1.0
2023-07-01,17104,APLS,APELLIS PHARMACEUTICALS INC,-1.0
2023-07-01,17125,DNLI,DENALI THERAPEUTICS INC,-1.0
2023-07-01,18368,NFE,NEW FORTRESS ENERGY INC,-1.0
2023-07-01,18777,KRTX,KARUNA THERAPEUTICS INC,-1.0
2023-07-01,18779,MORF,MORPHIC HOLDING INC,-1.0
2023-07-01,19032,VIR,VIR BIOTECHNOLOGY INC,-1.0
2023-07-01,19433,MP,M P MATERIALS CORP,-1.0
2023-07-01,19484,PCVX,VAXCYTE INC,-1.0
2023-07-01,19502,WBA,WALGREENS BOOTS ALLIANCE INC,-1.0
2023-07-01,19880,MTZ,MASTEC INC,-1.0
2023-07-01,20765,AJRD,AEROJET ROCKETDYNE HOLDINGS INC,-1.0
2023-07-01,23229,CMS,C M S ENERGY CORP,-1.0
2023-07-01,24969,AVA,AVISTA CORP,-1.0
2023-07-01,25419,WHR,WHIRLPOOL CORP,-1.0
2023-07-01,32651,HL,HECLA MINING CO,-1.0
2023-07-01,43350,SWK,STANLEY BLACK & DECKER INC,-1.0
2023-07-01,52476,EFX,EQUIFAX INC,-1.0
2023-07-01,52978,HAS,HASBRO INC,-1.0
2023-07-01,57568,BALL,BALL CORP,-1.0
2023-07-01,59328,INTC,INTEL CORP,-1.0
2023-07-01,60986,NWL,NEWELL BRANDS INC,-1.0
2023-07-01,61188,SWX,SOUTHWEST GAS HOLDINGS INC,-1.0
2023-07-01,61241,AMD,ADVANCED MICRO DEVICES INC,-1.0
2023-07-01,69649,RJF,RAYMOND JAMES FINANCIAL INC,-1.0
2023-07-01,75976,NEOG,NEOGEN CORP,-1.0
2023-07-01,76661,IONS,IONIS PHARMACEUTICALS INC,-1.0
2023-07-01,77366,MODG,TOPGOLF CALLAWAY BRANDS CORP,-1.0
2023-07-01,80069,ARWR,ARROWHEAD PHARMACEUTICALS INC,-1.0
2023-07-01,84032,NOV,N O V INC,-1.0
2023-07-01,84761,TTWO,TAKE TWO INTERACTIVE SOFTWR INC,-1.0
2023-07-01,85002,SRPT,SAREPTA THERAPEUTICS INC,-1.0
2023-07-01,86810,TREX,TREX COMPANY INC,-1.0
2023-07-01,88351,INSM,INSMED INC,-1.0
2023-07-01,90071,NRG,N R G ENERGY INC,-1.0
2023-07-01,90126,CYTK,CYTOKINETICS INC,-1.0
2023-07-01,90177,ACAD,ACADIA PHARMACEUTICALS,-1.0
2023-07-01,91733,AVAV,AEROVIRONMENT INC,-1.0
2023-07-01,91832,MDGL,MADRIGAL PHARMACEUTICALS INC,-1.0
2023-07-01,92502,KW,KENNEDY WILSON HOLDINGS INC,-1.0
2023-07-01,93246,GNRC,GENERAC HOLDINGS INC,-1.0
2023-08-01,11018,FBP,FIRST BANCORP P R,1.0
2023-08-01,11691,MATX,MATSON INC,1.0
2023-08-01,11995,COKE,COCA COLA CONSOLIDATED INC,1.0
2023-08-01,12570,ITT,I T T INC,1.0
2023-08-01,13284,ALSN,ALLISON TRANSMISSION HLDGS INC,1.0
2023-08-01,13407,META,META PLATFORMS INC,1.0
2023-08-01,13766,BCC,BOISE CASCADE CO,1.0
2023-08-01,13837,EVTC,EVERTEC INC,1.0
2023-08-01,13901,MO,ALTRIA GROUP INC,1.0
2023-08-01,13928,COP,CONOCOPHILLIPS,1.0
2023-08-01,14479,IBP,INSTALLED BUILDING PRODUCTS INC,1.0
2023-08-01,14579,PAYC,PAYCOM SOFTWARE INC,1.0
2023-08-01,14593,AAPL,APPLE INC,1.0
2023-08-01,15071,SYNH,SYNEOS HEALTH INC,1.0
2023-08-01,15332,CWEN,CLEARWAY ENERGY INC,1.0
2023-08-01,16076,GMS,G M S INC,1.0
2023-08-01,16260,MEDP,MEDPACE HOLDINGS INC,1.0
2023-08-01,16505,BPOP,POPULAR INC,1.0
2023-08-01,16655,CVNA,CARVANA CO,1.0
2023-08-01,18144,ACA,ARCOSA INC,1.0
2023-08-01,23660,CTAS,CINTAS CORP,1.0
2023-08-01,23712,PEG,PUBLIC SERVICE ENTERPRISE GP INC,1.0
2023-08-01,42550,NEU,NEWMARKET CORP,1.0
2023-08-01,44943,DIOD,DIODES INC,1.0
2023-08-01,54148,PHM,PULTE GROUP INC,1.0
2023-08-01,55976,WMT,WALMART INC,1.0
2023-08-01,60871,ADI,ANALOG DEVICES INC,1.0
2023-08-01,62341,PDCE,P D C ENERGY INC,1.0
2023-08-01,64186,CI,CIGNA GROUP,1.0
2023-08-01,71175,UNM,UNUM GROUP,1.0
2023-08-01,75510,ADBE,ADOBE INC,1.0
2023-08-01,75825,EOG,EOG RESOURCES INC,1.0
2023-08-01,76082,CTRA,COTERRA ENERGY INC,1.0
2023-08-01,78987,MCHP,MICROCHIP TECHNOLOGY INC,1.0
2023-08-01,79841,FWRD,FORWARD AIR CORP,1.0
2023-08-01,80864,RS,RELIANCE STEEL & ALUMINUM CO,1.0
2023-08-01,82777,MSM,M S C INDUSTRIAL DIRECT INC,1.0
2023-08-01,83621,ANSS,ANSYS INC,1.0
2023-08-01,84723,LNG,CHENIERE ENERGY INC,1.0
2023-08-01,85631,ADSK,AUTODESK INC,1.0
2023-08-01,85753,VRSN,VERISIGN INC,1.0
2023-08-01,85992,MANH,MANHATTAN ASSOCIATES INC,1.0
2023-08-01,86783,BKNG,BOOKING HOLDINGS INC,1.0
2023-08-01,87432,A,AGILENT TECHNOLOGIES INC,1.0
2023-08-01,89946,AEL,AMERICAN EQUITY INVT LIFE HLDG C,1.0
2023-08-01,90249,ENS,ENERSYS,1.0
2023-08-01,90319,GOOGL,ALPHABET INC,1.0
2023-08-01,90550,DLB,DOLBY LABORATORIES INC,1.0
2023-08-01,90776,WAL,WESTERN ALLIANCE BANCORPORATION,1.0
2023-08-01,90829,CF,C F INDUSTRIES HOLDINGS INC,1.0
2023-08-01,91531,OC,OWENS CORNING NEW,1.0
2023-08-01,92655,UNH,UNITEDHEALTH GROUP INC,1.0
2023-08-01,92852,LOPE,GRAND CANYON EDUCATION INC,1.0
2023-08-01,93002,AVGO,BROADCOM INC,1.0
2023-08-01,93132,FTNT,FORTINET INC,1.0
2023-08-01,93330,PRI,PRIMERICA INC,1.0
2023-08-01,91233,MA,MASTERCARD INC,0.999554
2023-08-01,14169,PINC,PREMIER INC,0.998863
2023-08-01,76744,VRTX,VERTEX PHARMACEUTICALS INC,0.996831
2023-08-01,76076,CSCO,CISCO SYSTEMS INC,0.994789
2023-08-01,82775,HIG,HARTFORD FINANCIAL SVCS GRP INC,0.993665
2023-08-01,92221,MELI,MERCADOLIBRE INC,0.990792
2023-08-01,79785,NVR,N V R INC,0.988652
2023-08-01,80415,EXP,EAGLE MATERIALS INC,0.984612
2023-08-01,10107,MSFT,MICROSOFT CORP,0.982042
2023-08-01,90880,AMP,AMERIPRISE FINANCIAL INC,0.98076
2023-08-01,79698,IT,GARTNER INC,0.979583
2023-08-01,19393,BMY,BRISTOL MYERS SQUIBB CO,0.976825
2023-08-01,86158,CTSH,COGNIZANT TECHNOLOGY SOLS CORP,0.975481
2023-08-01,62148,CSX,C S X CORP,0.972735
2023-08-01,13748,TPH,TRI POINTE HOMES INC,0.965785
2023-08-01,13911,IQV,IQVIA HOLDINGS INC,0.953209
2023-08-01,61313,DCI,DONALDSON INC,0.950384
2023-08-01,13788,ZTS,ZOETIS INC,0.944701
2023-08-01,76841,BIIB,BIOGEN INC,0.944143
2023-08-01,13721,ABBV,ABBVIE INC,0.942463
2023-08-01,88661,TPR,TAPESTRY INC,0.938588
2023-08-01,21936,PFE,PFIZER INC,0.936305
2023-08-01,91500,EXLS,EXLSERVICE HOLDINGS INC,0.928682
2023-08-01,73139,SYK,STRYKER CORP,0.924548
2023-08-01,45306,IDCC,INTERDIGITAL INC,0.918068
2023-08-01,75241,PXD,PIONEER NATURAL RESOURCES CO,0.910086
2023-08-01,48653,HUM,HUMANA INC,0.904002
2023-08-01,11850,XOM,EXXON MOBIL CORP,0.90269
2023-08-01,17005,CVS,C V S HEALTH CORP,0.897187
2023-08-01,81736,RMD,RESMED INC,0.896041
2023-08-01,88417,ACLS,AXCELIS TECHNOLOGIES INC,0.893009
2023-08-01,13610,OLN,OLIN CORP,0.878636
2023-08-01,12622,HCA,H C A HEALTHCARE INC,0.863128
2023-08-01,89179,ELV,ELEVANCE HEALTH INC,0.841882
2023-08-01,91516,AWI,ARMSTRONG WORLD INDS INC NEW,0.838243
2023-08-01,72726,STT,STATE STREET CORP,0.814175
2023-08-01,90386,MOS,MOSAIC CO NEW,0.762317
2023-08-01,89866,LKQ,L K Q CORP,0.741886
2023-08-01,91575,HRI,HERC HOLDINGS INC,0.726045
2023-08-01,15069,MRO,MARATHON OIL CORP,0.720743
2023-08-01,87137,DVN,DEVON ENERGY CORP NEW,0.713103
2023-08-01,82307,DVA,DAVITA INC,0.687828
2023-08-01,85593,AMG,AFFILIATED MANAGERS GROUP INC,0.677441
2023-08-01,14008,AMGN,AMGEN INC,0.674989
2023-08-01,13862,TMHC,TAYLOR MORRISON HOME CORP,0.674498
2023-08-01,76837,HAE,HAEMONETICS CORP MASS,0.65509
2023-08-01,18163,PG,PROCTER & GAMBLE CO,0.565608
2023-08-01,71176,SON,SONOCO PRODUCTS CO,0.525248
2023-08-01,75603,CRUS,CIRRUS LOGIC INC,0.466653
2023-08-01,18456,SWAV,SHOCKWAVE MEDICAL INC,0.301607
2023-08-01,17221,LBRT,LIBERTY ENERGY INC,0.276516
2023-08-01,76892,BOKF,B O K FINANCIAL CORP,0.248413
2023-08-01,89070,ZBH,ZIMMER BIOMET HOLDINGS INC,0.248062
2023-08-01,77274,GILD,GILEAD SCIENCES INC,0.245401
2023-08-01,83272,HUBG,HUB GROUP INC,0.080196
2023-08-01,70228,TOL,TOLL BROTHERS INC,0.063858
2023-08-01,49656,BK,BANK OF NEW YORK MELLON CORP,0.062426
2023-08-01,11884,IPAR,INTERMEDIATE PARFUMS INC,0.040738
2023-08-01,17743,WRB,BERKLEY W R CORP,0.032012
2023-08-01,86102,FHI,FEDERATED HERMES INC,0.008181
2023-08-01,32986,ATO,ATMOS ENERGY CORP,-0.083317
2023-08-01,64929,KWR,QUAKER CHEMICAL CORP,-0.102452
2023-08-01,16917,BKI,BLACK KNIGHT INC,-0.163119
2023-08-01,89533,WYNN,WYNN RESORTS LTD,-0.444128
2023-08-01,14988,LBRDK,LIBERTY BROADBAND CORP,-0.444209
2023-08-01,16436,ARCH,ARCH RESOURCES INC,-0.523138
2023-08-01,18312,MRNA,MODERNA INC,-0.531675
2023-08-01,40272,IFF,INTERNATIONAL FLAVORS & FRAG INC,-0.547944
2023-08-01,18484,ZM,ZOOM VIDEO COMMUNICATIONS INC,-0.573066
2023-08-01,85246,JLL,JONES LANG LASALLE INC,-0.63126
2023-08-01,13967,PTCT,P T C THERAPEUTICS INC,-0.721798
2023-08-01,90775,THS,TREEHOUSE FOODS INC,-0.75391
2023-08-01,16381,BL,BLACKLINE INC,-0.789974
2023-08-01,25320,CPB,CAMPBELL SOUP CO,-0.802626
2023-08-01,76136,KMPR,KEMPER CORP DE,-0.816629
2023-08-01,15272,SEDG,SOLAREDGE TECHNOLOGIES INC,-0.834515
2023-08-01,77300,SMG,SCOTTS MIRACLE GRO CO,-0.840571
2023-08-01,89110,OMCL,OMNICELL INC,-0.852236
2023-08-01,52476,EFX,EQUIFAX INC,-0.862927
2023-08-01,14436,RARE,ULTRAGENYX PHARMACEUTICALS INC,-0.865684
2023-08-01,67847,RGLD,ROYAL GOLD INC,-0.898809
2023-08-01,91594,SPR,SPIRIT AEROSYSTEMS HOLDINGS INC,-0.906802
2023-08-01,15409,ALRM,ALARM COM HOLDINGS INC,-0.908052
2023-08-01,79299,PZZA,PAPA JOHNS INTL INC,-0.910017
2023-08-01,11752,COHR,COHERENT CORP,-0.924601
2023-08-01,91733,AVAV,AEROVIRONMENT INC,-0.926974
2023-08-01,77447,ICUI,I C U MEDICAL INC,-0.930463
2023-08-01,26825,K,KELLOGG CO,-0.93064
2023-08-01,90444,ORA,ORMAT TECHNOLOGIES INC,-0.937117
2023-08-01,91611,FSLR,FIRST SOLAR INC,-0.938387
2023-08-01,75470,MIDD,MIDDLEBY CORP,-0.944665
2023-08-01,17700,CDAY,CERIDIAN H C M HOLDING INC,-0.951823
2023-08-01,15400,ENR,ENERGIZER HOLDINGS INC NEW,-0.956394
2023-08-01,17125,DNLI,DENALI THERAPEUTICS INC,-0.959011
2023-08-01,10026,JJSF,J & J SNACK FOODS CORP,-0.962093
2023-08-01,25419,WHR,WHIRLPOOL CORP,-0.965163
2023-08-01,14811,FWONK,LIBERTY MEDIA CORP 3RD NEW,-0.970168
2023-08-01,14432,ITCI,INTRA CELLULAR THERAPIES INC,-0.972236
2023-08-01,80432,AEO,AMERICAN EAGLE OUTFITTERS INC NE,-0.973898
2023-08-01,24969,AVA,AVISTA CORP,-0.979566
2023-08-01,17034,ALTR,ALTAIR ENGINEERING INC,-0.983742
2023-08-01,19880,MTZ,MASTEC INC,-0.993744
2023-08-01,15167,SHAK,SHAKE SHACK INC,-0.994837
2023-08-01,13527,FIVE,FIVE BELOW INC,-0.99571
2023-08-01,61241,AMD,ADVANCED MICRO DEVICES INC,-0.999911
2023-08-01,10200,RGEN,REPLIGEN CORP,-1.0
2023-08-01,11370,ENV,ENVESTNET INC,-1.0
2023-08-01,11990,KKR,K K R & CO INC,-1.0
2023-08-01,12226,MGPI,M G P INGREDIENTS INC,-1.0
2023-08-01,12591,APO,APOLLO GLOBAL MANAGEMENT INC NEW,-1.0
2023-08-01,13181,GWRE,GUIDEWIRE SOFTWARE INC,-1.0
2023-08-01,13688,PCG,P G & E CORP,-1.0
2023-08-01,13908,PFSI,PENNYMAC FINANCIAL SVCS INC NEW,-1.0
2023-08-01,14329,ARMK,ARAMARK,-1.0
2023-08-01,14596,FIVN,FIVE 9 INC,-1.0
2023-08-01,14617,ARES,ARES MANAGEMENT CORP,-1.0
2023-08-01,15119,WK,WORKIVA INC,-1.0
2023-08-01,15284,BPMC,BLUEPRINT MEDICINES CORP,-1.0
2023-08-01,15452,EVH,EVOLENT HEALTH INC,-1.0
2023-08-01,15534,NTRA,NATERA INC,-1.0
2023-08-01,15859,AGR,AVANGRID INC,-1.0
2023-08-01,16064,NTLA,INTELLIA THERAPEUTICS INC,-1.0
2023-08-01,16082,SITE,SITEONE LANDSCAPE SUPPLY INC,-1.0
2023-08-01,16086,HTZ,HERTZ GLOBAL HOLDINGS INC NEW,-1.0
2023-08-01,16432,GT,GOODYEAR TIRE & RUBBER CO,-1.0
2023-08-01,16698,APPN,APPIAN CORP,-1.0
2023-08-01,16905,STR,SITIO ROYALTIES CORP NEW,-1.0
2023-08-01,16928,KRYS,KRYSTAL BIOTECH INC,-1.0
2023-08-01,17104,APLS,APELLIS PHARMACEUTICALS INC,-1.0
2023-08-01,17950,FOCS,FOCUS FINANCIAL PARTNERS INC,-1.0
2023-08-01,18368,NFE,NEW FORTRESS ENERGY INC,-1.0
2023-08-01,18776,IMVT,IMMUNOVANT INC,-1.0
2023-08-01,18777,KRTX,KARUNA THERAPEUTICS INC,-1.0
2023-08-01,18779,MORF,MORPHIC HOLDING INC,-1.0
2023-08-01,19433,MP,M P MATERIALS CORP,-1.0
2023-08-01,19484,PCVX,VAXCYTE INC,-1.0
2023-08-01,19502,WBA,WALGREENS BOOTS ALLIANCE INC,-1.0
2023-08-01,20765,,,-1.0
2023-08-01,21207,NEM,NEWMONT CORP,-1.0
2023-08-01,22592,MMM,3M CO,-1.0
2023-08-01,23229,CMS,C M S ENERGY CORP,-1.0
2023-08-01,32651,HL,HECLA MINING CO,-1.0
2023-08-01,32870,HRL,HORMEL FOODS CORP,-1.0
2023-08-01,43350,SWK,STANLEY BLACK & DECKER INC,-1.0
2023-08-01,43553,VFC,V F CORP,-1.0
2023-08-01,52978,HAS,HASBRO INC,-1.0
2023-08-01,57568,BALL,BALL CORP,-1.0
2023-08-01,59328,INTC,INTEL CORP,-1.0
2023-08-01,60986,NWL,NEWELL BRANDS INC,-1.0
2023-08-01,61188,SWX,SOUTHWEST GAS HOLDINGS INC,-1.0
2023-08-01,66384,WDC,WESTERN DIGITAL CORP,-1.0
2023-08-01,69649,RJF,RAYMOND JAMES FINANCIAL INC,-1.0
2023-08-01,75976,NEOG,NEOGEN CORP,-1.0
2023-08-01,76591,QDEL,QUIDELORTHO CORP,-1.0
2023-08-01,76661,IONS,IONIS PHARMACEUTICALS INC,-1.0
2023-08-01,77366,MODG,TOPGOLF CALLAWAY BRANDS CORP,-1.0
2023-08-01,80069,ARWR,ARROWHEAD PHARMACEUTICALS INC,-1.0
2023-08-01,84032,NOV,N O V INC,-1.0
2023-08-01,84761,TTWO,TAKE TWO INTERACTIVE SOFTWR INC,-1.0
2023-08-01,85002,SRPT,SAREPTA THERAPEUTICS INC,-1.0
2023-08-01,86810,TREX,TREX COMPANY INC,-1.0
2023-08-01,88351,INSM,INSMED INC,-1.0
2023-08-01,90071,NRG,N R G ENERGY INC,-1.0
2023-08-01,90177,ACAD,ACADIA PHARMACEUTICALS,-1.0
2023-08-01,90199,CBRE,C B R E GROUP INC,-1.0
2023-08-01,92040,FOLD,AMICUS THERAPEUTICS INC,-1.0
2023-08-01,92220,MASI,MASIMO CORP,-1.0
2023-08-01,92502,KW,KENNEDY WILSON HOLDINGS INC,-1.0
2023-08-01,93246,GNRC,GENERAC HOLDINGS INC,-1.0
2023-09-01,11995,COKE,COCA COLA CONSOLIDATED INC,1.0
2023-09-01,12570,ITT,I T T INC,1.0
2023-09-01,13284,ALSN,ALLISON TRANSMISSION HLDGS INC,1.0
2023-09-01,13407,META,META PLATFORMS INC,1.0
2023-09-01,13766,BCC,BOISE CASCADE CO,1.0
2023-09-01,13788,ZTS,ZOETIS INC,1.0
2023-09-01,13901,MO,ALTRIA GROUP INC,1.0
2023-09-01,13928,COP,CONOCOPHILLIPS,1.0
2023-09-01,15071,SYNH,SYNEOS HEALTH INC,1.0
2023-09-01,16260,MEDP,MEDPACE HOLDINGS INC,1.0
2023-09-01,16655,CVNA,CARVANA CO,1.0
2023-09-01,16736,VST,VISTRA CORP,1.0
2023-09-01,18144,ACA,ARCOSA INC,1.0
2023-09-01,22779,MSI,MOTOROLA SOLUTIONS INC,1.0
2023-09-01,23473,CINF,CINCINNATI FINANCIAL CORP,1.0
2023-09-01,23660,CTAS,CINTAS CORP,1.0
2023-09-01,32707,HP,HELMERICH & PAYNE INC,1.0
2023-09-01,42550,NEU,NEWMARKET CORP,1.0
2023-09-01,44943,DIOD,DIODES INC,1.0
2023-09-01,47941,TGNA,TEGNA INC,1.0
2023-09-01,55976,WMT,WALMART INC,1.0
2023-09-01,71175,UNM,UNUM GROUP,1.0
2023-09-01,75510,ADBE,ADOBE INC,1.0
2023-09-01,76076,CSCO,CISCO SYSTEMS INC,1.0
2023-09-01,77357,SNPS,SYNOPSYS INC,1.0
2023-09-01,80415,EXP,EAGLE MATERIALS INC,1.0
2023-09-01,82777,MSM,M S C INDUSTRIAL DIRECT INC,1.0
2023-09-01,84723,LNG,CHENIERE ENERGY INC,1.0
2023-09-01,85631,ADSK,AUTODESK INC,1.0
2023-09-01,85753,VRSN,VERISIGN INC,1.0
2023-09-01,85992,MANH,MANHATTAN ASSOCIATES INC,1.0
2023-09-01,86158,CTSH,COGNIZANT TECHNOLOGY SOLS CORP,1.0
2023-09-01,86783,BKNG,BOOKING HOLDINGS INC,1.0
2023-09-01,87179,NTCT,NETSCOUT SYSTEMS INC,1.0
2023-09-01,88661,TPR,TAPESTRY INC,1.0
2023-09-01,89269,CNC,CENTENE CORP DEL,1.0
2023-09-01,89946,AEL,AMERICAN EQUITY INVT LIFE HLDG C,1.0
2023-09-01,90319,GOOGL,ALPHABET INC,1.0
2023-09-01,90776,WAL,WESTERN ALLIANCE BANCORPORATION,1.0
2023-09-01,91233,MA,MASTERCARD INC,1.0
2023-09-01,91531,OC,OWENS CORNING NEW,1.0
2023-09-01,92221,MELI,MERCADOLIBRE INC,1.0
2023-09-01,92402,MSCI,M S C I INC,1.0
2023-09-01,92655,UNH,UNITEDHEALTH GROUP INC,1.0
2023-09-01,92852,LOPE,GRAND CANYON EDUCATION INC,1.0
2023-09-01,93132,FTNT,FORTINET INC,1.0
2023-09-01,93312,SSNC,S S & C TECHNOLOGIES HLDGS INC,1.0
2023-09-01,82775,HIG,HARTFORD FINANCIAL SVCS GRP INC,0.994203
2023-09-01,87432,A,AGILENT TECHNOLOGIES INC,0.989714
2023-09-01,76744,VRTX,VERTEX PHARMACEUTICALS INC,0.980991
2023-09-01,62341,,,0.972627
2023-09-01,80864,RS,RELIANCE STEEL & ALUMINUM CO,0.971983
2023-09-01,75825,EOG,EOG RESOURCES INC,0.96596
2023-09-01,61313,DCI,DONALDSON INC,0.965656
2023-09-01,90249,ENS,ENERSYS,0.964628
2023-09-01,79698,IT,GARTNER INC,0.964307
2023-09-01,19393,BMY,BRISTOL MYERS SQUIBB CO,0.963911
2023-09-01,23712,PEG,PUBLIC SERVICE ENTERPRISE GP INC,0.963144
2023-09-01,91500,EXLS,EXLSERVICE HOLDINGS INC,0.95873
2023-09-01,10107,MSFT,MICROSOFT CORP,0.955765
2023-09-01,75241,PXD,PIONEER NATURAL RESOURCES CO,0.955399
2023-09-01,14593,AAPL,APPLE INC,0.953079
2023-09-01,90550,DLB,DOLBY LABORATORIES INC,0.952098
2023-09-01,90880,AMP,AMERIPRISE FINANCIAL INC,0.949435
2023-09-01,13911,IQV,IQVIA HOLDINGS INC,0.94407
2023-09-01,93330,PRI,PRIMERICA INC,0.943306
2023-09-01,11850,XOM,EXXON MOBIL CORP,0.939719
2023-09-01,90829,CF,C F INDUSTRIES HOLDINGS INC,0.939236
2023-09-01,11691,MATX,MATSON INC,0.938943
2023-09-01,11018,FBP,FIRST BANCORP P R,0.938383
2023-09-01,13748,TPH,TRI POINTE HOMES INC,0.937773
2023-09-01,16505,BPOP,POPULAR INC,0.936607
2023-09-01,16076,GMS,G M S INC,0.936432
2023-09-01,64186,CI,CIGNA GROUP,0.93162
2023-09-01,76841,BIIB,BIOGEN INC,0.92997
2023-09-01,83621,ANSS,ANSYS INC,0.927559
2023-09-01,13721,ABBV,ABBVIE INC,0.921679
2023-09-01,73139,SYK,STRYKER CORP,0.92081
2023-09-01,48653,HUM,HUMANA INC,0.909399
2023-09-01,60871,ADI,ANALOG DEVICES INC,0.906504
2023-09-01,13610,OLN,OLIN CORP,0.882848
2023-09-01,62148,CSX,C S X CORP,0.880393
2023-09-01,12622,HCA,H C A HEALTHCARE INC,0.873417
2023-09-01,78987,MCHP,MICROCHIP TECHNOLOGY INC,0.871093
2023-09-01,45306,IDCC,INTERDIGITAL INC,0.854673
2023-09-01,88417,ACLS,AXCELIS TECHNOLOGIES INC,0.851853
2023-09-01,91516,AWI,ARMSTRONG WORLD INDS INC NEW,0.828819
2023-09-01,14579,PAYC,PAYCOM SOFTWARE INC,0.796054
2023-09-01,89179,ELV,ELEVANCE HEALTH INC,0.785189
2023-09-01,17005,CVS,C V S HEALTH CORP,0.778761
2023-09-01,14169,PINC,PREMIER INC,0.778
2023-09-01,72726,STT,STATE STREET CORP,0.768896
2023-09-01,14008,AMGN,AMGEN INC,0.741859
2023-09-01,90386,MOS,MOSAIC CO NEW,0.723136
2023-09-01,15069,MRO,MARATHON OIL CORP,0.722464
2023-09-01,89866,LKQ,L K Q CORP,0.711639
2023-09-01,91575,HRI,HERC HOLDINGS INC,0.703231
2023-09-01,82307,DVA,DAVITA INC,0.687607
2023-09-01,87137,DVN,DEVON ENERGY CORP NEW,0.671439
2023-09-01,13862,TMHC,TAYLOR MORRISON HOME CORP,0.657228
2023-09-01,85593,AMG,AFFILIATED MANAGERS GROUP INC,0.651791
2023-09-01,81736,RMD,RESMED INC,0.640839
2023-09-01,93002,AVGO,BROADCOM INC,0.634873
2023-09-01,76837,HAE,HAEMONETICS CORP MASS,0.634291
2023-09-01,18163,PG,PROCTER & GAMBLE CO,0.555949
2023-09-01,71176,SON,SONOCO PRODUCTS CO,0.516841
2023-09-01,75603,CRUS,CIRRUS LOGIC INC,0.471697
2023-09-01,18973,BRC,BRADY CORP,0.382463
2023-09-01,17221,LBRT,LIBERTY ENERGY INC,0.266531
2023-09-01,18456,SWAV,SHOCKWAVE MEDICAL INC,0.253701
2023-09-01,77274,GILD,GILEAD SCIENCES INC,0.245383
2023-09-01,76892,BOKF,B O K FINANCIAL CORP,0.232113
2023-09-01,89070,ZBH,ZIMMER BIOMET HOLDINGS INC,0.212767
2023-09-01,86102,FHI,FEDERATED HERMES INC,0.143307
2023-09-01,83272,HUBG,HUB GROUP INC,0.069075
2023-09-01,70228,TOL,TOLL BROTHERS INC,0.06484
2023-09-01,49656,BK,BANK OF NEW YORK MELLON CORP,0.061469
2023-09-01,11884,IPAR,INTERMEDIATE PARFUMS INC,0.037876
2023-09-01,17743,WRB,BERKLEY W R CORP,0.031955
2023-09-01,32986,ATO,ATMOS ENERGY CORP,-0.079498
2023-09-01,16917,BKI,BLACK KNIGHT INC,-0.174998
2023-09-01,17929,UGI,U G I CORP NEW,-0.378039
2023-09-01,89533,WYNN,WYNN RESORTS LTD,-0.412241
2023-09-01,40272,IFF,INTERNATIONAL FLAVORS & FRAG INC,-0.453756
2023-09-01,14988,LBRDK,LIBERTY BROADBAND CORP,-0.464272
2023-09-01,14763,CTLT,CATALENT INC,-0.527145
2023-09-01,88949,SGEN,SEAGEN INC,-0.541111
2023-09-01,16436,ARCH,ARCH RESOURCES INC,-0.54601
2023-09-01,18484,ZM,ZOOM VIDEO COMMUNICATIONS INC,-0.55234
2023-09-01,18368,NFE,NEW FORTRESS ENERGY INC,-0.581688
2023-09-01,91594,SPR,SPIRIT AEROSYSTEMS HOLDINGS INC,-0.60346
2023-09-01,90775,THS,TREEHOUSE FOODS INC,-0.676136
2023-09-01,13967,PTCT,P T C THERAPEUTICS INC,-0.703493
2023-09-01,25320,CPB,CAMPBELL SOUP CO,-0.726815
2023-09-01,11752,COHR,COHERENT CORP,-0.730449
2023-09-01,14436,RARE,ULTRAGENYX PHARMACEUTICALS INC,-0.734674
2023-09-01,15284,BPMC,BLUEPRINT MEDICINES CORP,-0.750918
2023-09-01,77447,ICUI,I C U MEDICAL INC,-0.753131
2023-09-01,76136,KMPR,KEMPER CORP DE,-0.753711
2023-09-01,89110,OMCL,OMNICELL INC,-0.763483
2023-09-01,93246,GNRC,GENERAC HOLDINGS INC,-0.768462
2023-09-01,17125,DNLI,DENALI THERAPEUTICS INC,-0.774529
2023-09-01,27684,AVT,AVNET INC,-0.795631
2023-09-01,16432,GT,GOODYEAR TIRE & RUBBER CO,-0.798324
2023-09-01,16381,BL,BLACKLINE INC,-0.81332
2023-09-01,13527,FIVE,FIVE BELOW INC,-0.817323
2023-09-01,14596,FIVN,FIVE 9 INC,-0.820192
2023-09-01,79299,PZZA,PAPA JOHNS INTL INC,-0.833528
2023-09-01,67847,RGLD,ROYAL GOLD INC,-0.834506
2023-09-01,19880,MTZ,MASTEC INC,-0.835132
2023-09-01,24969,AVA,AVISTA CORP,-0.851089
2023-09-01,91611,FSLR,FIRST SOLAR INC,-0.851421
2023-09-01,26825,K,KELLOGG CO,-0.853096
2023-09-01,17034,ALTR,ALTAIR ENGINEERING INC,-0.868224
2023-09-01,14432,ITCI,INTRA CELLULAR THERAPIES INC,-0.868463
2023-09-01,52476,EFX,EQUIFAX INC,-0.87009
2023-09-01,90444,ORA,ORMAT TECHNOLOGIES INC,-0.872453
2023-09-01,11370,ENV,ENVESTNET INC,-0.876876
2023-09-01,89031,AXON,AXON ENTERPRISE INC,-0.89023
2023-09-01,15167,SHAK,SHAKE SHACK INC,-0.892198
2023-09-01,75470,MIDD,MIDDLEBY CORP,-0.901435
2023-09-01,21207,NEM,NEWMONT CORP,-0.913916
2023-09-01,14329,ARMK,ARAMARK,-0.919143
2023-09-01,61241,AMD,ADVANCED MICRO DEVICES INC,-0.919507
2023-09-01,90177,ACAD,ACADIA PHARMACEUTICALS,-0.91954
2023-09-01,13688,PCG,P G & E CORP,-0.921073
2023-09-01,23229,CMS,C M S ENERGY CORP,-0.923242
2023-09-01,15400,ENR,ENERGIZER HOLDINGS INC NEW,-0.92401
2023-09-01,84761,TTWO,TAKE TWO INTERACTIVE SOFTWR INC,-0.925239
2023-09-01,57568,BALL,BALL CORP,-0.926627
2023-09-01,92220,MASI,MASIMO CORP,-0.929886
2023-09-01,14811,FWONK,LIBERTY MEDIA CORP 3RD NEW,-0.934851
2023-09-01,92040,FOLD,AMICUS THERAPEUTICS INC,-0.936726
2023-09-01,15859,AGR,AVANGRID INC,-0.93775
2023-09-01,76591,QDEL,QUIDELORTHO CORP,-0.938229
2023-09-01,16905,STR,SITIO ROYALTIES CORP NEW,-0.939823
2023-09-01,91733,AVAV,AEROVIRONMENT INC,-0.939992
2023-09-01,25419,WHR,WHIRLPOOL CORP,-0.944286
2023-09-01,69649,RJF,RAYMOND JAMES FINANCIAL INC,-0.945676
2023-09-01,43350,SWK,STANLEY BLACK & DECKER INC,-0.946203
2023-09-01,60986,NWL,NEWELL BRANDS INC,-0.949758
2023-09-01,13908,PFSI,PENNYMAC FINANCIAL SVCS INC NEW,-0.952077
2023-09-01,15409,ALRM,ALARM COM HOLDINGS INC,-0.959196
2023-09-01,92502,KW,KENNEDY WILSON HOLDINGS INC,-0.963342
2023-09-01,10026,JJSF,J & J SNACK FOODS CORP,-0.96859
2023-09-01,17700,CDAY,CERIDIAN H C M HOLDING INC,-0.97049
2023-09-01,59328,INTC,INTEL CORP,-0.981345
2023-09-01,18776,IMVT,IMMUNOVANT INC,-0.990207
2023-09-01,75976,NEOG,NEOGEN CORP,-0.992444
2023-09-01,43553,VFC,V F CORP,-0.992939
2023-09-01,10200,RGEN,REPLIGEN CORP,-1.0
2023-09-01,11990,KKR,K K R & CO INC,-1.0
2023-09-01,12226,MGPI,M G P INGREDIENTS INC,-1.0
2023-09-01,12477,WD,WALKER & DUNLOP INC,-1.0
2023-09-01,13181,GWRE,GUIDEWIRE SOFTWARE INC,-1.0
2023-09-01,14574,MC,MOELIS & CO,-1.0
2023-09-01,14617,ARES,ARES MANAGEMENT CORP,-1.0
2023-09-01,15119,WK,WORKIVA INC,-1.0
2023-09-01,15452,EVH,EVOLENT HEALTH INC,-1.0
2023-09-01,15534,NTRA,NATERA INC,-1.0
2023-09-01,16064,NTLA,INTELLIA THERAPEUTICS INC,-1.0
2023-09-01,16082,SITE,SITEONE LANDSCAPE SUPPLY INC,-1.0
2023-09-01,16086,HTZ,HERTZ GLOBAL HOLDINGS INC NEW,-1.0
2023-09-01,16698,APPN,APPIAN CORP,-1.0
2023-09-01,16928,KRYS,KRYSTAL BIOTECH INC,-1.0
2023-09-01,17864,BJ,B J S WHOLESALE CLUB HLDGS INC,-1.0
2023-09-01,17950,,,-1.0
2023-09-01,18312,MRNA,MODERNA INC,-1.0
2023-09-01,18777,KRTX,KARUNA THERAPEUTICS INC,-1.0
2023-09-01,18779,MORF,MORPHIC HOLDING INC,-1.0
2023-09-01,19081,SITM,SITIME CORP,-1.0
2023-09-01,19433,MP,M P MATERIALS CORP,-1.0
2023-09-01,19484,PCVX,VAXCYTE INC,-1.0
2023-09-01,19502,WBA,WALGREENS BOOTS ALLIANCE INC,-1.0
2023-09-01,22592,MMM,3M CO,-1.0
2023-09-01,32870,HRL,HORMEL FOODS CORP,-1.0
2023-09-01,52978,HAS,HASBRO INC,-1.0
2023-09-01,61188,SWX,SOUTHWEST GAS HOLDINGS INC,-1.0
2023-09-01,66384,WDC,WESTERN DIGITAL CORP,-1.0
2023-09-01,76661,IONS,IONIS PHARMACEUTICALS INC,-1.0
2023-09-01,77366,MODG,TOPGOLF CALLAWAY BRANDS CORP,-1.0
2023-09-01,80069,ARWR,ARROWHEAD PHARMACEUTICALS INC,-1.0
2023-09-01,80432,AEO,AMERICAN EAGLE OUTFITTERS INC NE,-1.0
2023-09-01,84032,NOV,N O V INC,-1.0
2023-09-01,84319,LAD,LITHIA MOTORS INC,-1.0
2023-09-01,84372,NCR,N C R CORP NEW,-1.0
2023-09-01,85002,SRPT,SAREPTA THERAPEUTICS INC,-1.0
2023-09-01,85246,JLL,JONES LANG LASALLE INC,-1.0
2023-09-01,85738,MRCY,MERCURY SYSTEMS INC,-1.0
2023-09-01,86810,TREX,TREX COMPANY INC,-1.0
2023-09-01,88351,INSM,INSMED INC,-1.0
2023-09-01,90071,NRG,N R G ENERGY INC,-1.0
2023-09-01,90199,CBRE,C B R E GROUP INC,-1.0
2023-10-01,11995,COKE,COCA COLA CONSOLIDATED INC,1.0
2023-10-01,13284,ALSN,ALLISON TRANSMISSION HLDGS INC,1.0
2023-10-01,13407,META,META PLATFORMS INC,1.0
2023-10-01,13788,ZTS,ZOETIS INC,1.0
2023-10-01,13901,MO,ALTRIA GROUP INC,1.0
2023-10-01,13928,COP,CONOCOPHILLIPS,1.0
2023-10-01,14593,AAPL,APPLE INC,1.0
2023-10-01,14751,VRTV,VERITIV CORP,1.0
2023-10-01,15071,,,1.0
2023-10-01,16260,MEDP,MEDPACE HOLDINGS INC,1.0
2023-10-01,16655,CVNA,CARVANA CO,1.0
2023-10-01,16736,VST,VISTRA CORP,1.0
2023-10-01,18973,BRC,BRADY CORP,1.0
2023-10-01,22779,MSI,MOTOROLA SOLUTIONS INC,1.0
2023-10-01,32707,HP,HELMERICH & PAYNE INC,1.0
2023-10-01,75510,ADBE,ADOBE INC,1.0
2023-10-01,76927,STRL,STERLING CONSTRUCTION CO INC,1.0
2023-10-01,79862,ROCK,GIBRALTAR INDUSTRIES INC,1.0
2023-10-01,84723,LNG,CHENIERE ENERGY INC,1.0
2023-10-01,85753,VRSN,VERISIGN INC,1.0
2023-10-01,85992,MANH,MANHATTAN ASSOCIATES INC,1.0
2023-10-01,86580,NVDA,NVIDIA CORP,1.0
2023-10-01,87179,NTCT,NETSCOUT SYSTEMS INC,1.0
2023-10-01,88661,TPR,TAPESTRY INC,1.0
2023-10-01,89269,CNC,CENTENE CORP DEL,1.0
2023-10-01,89946,AEL,AMERICAN EQUITY INVT LIFE HLDG C,1.0
2023-10-01,90319,GOOGL,ALPHABET INC,1.0
2023-10-01,90829,CF,C F INDUSTRIES HOLDINGS INC,1.0
2023-10-01,92655,UNH,UNITEDHEALTH GROUP INC,1.0
2023-10-01,92852,LOPE,GRAND CANYON EDUCATION INC,1.0
2023-10-01,93132,FTNT,FORTINET INC,1.0
2023-10-01,93312,SSNC,S S & C TECHNOLOGIES HLDGS INC,1.0
2023-10-01,77357,SNPS,SYNOPSYS INC,0.995907
2023-10-01,71175,UNM,UNUM GROUP,0.995733
2023-10-01,11850,XOM,EXXON MOBIL CORP,0.989713
2023-10-01,86783,BKNG,BOOKING HOLDINGS INC,0.988944
2023-10-01,55976,WMT,WALMART INC,0.979252
2023-10-01,82775,HIG,HARTFORD FINANCIAL SVCS GRP INC,0.977363
2023-10-01,76744,VRTX,VERTEX PHARMACEUTICALS INC,0.975116
2023-10-01,42550,NEU,NEWMARKET CORP,0.969491
2023-10-01,23473,CINF,CINCINNATI FINANCIAL CORP,0.969414
2023-10-01,64186,CI,CIGNA GROUP,0.964983
2023-10-01,44943,DIOD,DIODES INC,0.958958
2023-10-01,82777,MSM,M S C INDUSTRIAL DIRECT INC,0.957422
2023-10-01,48653,HUM,HUMANA INC,0.956264
2023-10-01,91233,MA,MASTERCARD INC,0.955189
2023-10-01,12570,ITT,I T T INC,0.953007
2023-10-01,23660,CTAS,CINTAS CORP,0.949796
2023-10-01,75825,EOG,EOG RESOURCES INC,0.94787
2023-10-01,11691,MATX,MATSON INC,0.943911
2023-10-01,91531,OC,OWENS CORNING NEW,0.943617
2023-10-01,79698,IT,GARTNER INC,0.943453
2023-10-01,86158,CTSH,COGNIZANT TECHNOLOGY SOLS CORP,0.94169
2023-10-01,92402,MSCI,M S C I INC,0.939554
2023-10-01,13766,BCC,BOISE CASCADE CO,0.937856
2023-10-01,76076,CSCO,CISCO SYSTEMS INC,0.933135
2023-10-01,13721,ABBV,ABBVIE INC,0.930917
2023-10-01,85631,ADSK,AUTODESK INC,0.928012
2023-10-01,75241,PXD,PIONEER NATURAL RESOURCES CO,0.924651
2023-10-01,90880,AMP,AMERIPRISE FINANCIAL INC,0.923165
2023-10-01,92221,MELI,MERCADOLIBRE INC,0.919601
2023-10-01,10107,MSFT,MICROSOFT CORP,0.916664
2023-10-01,91500,EXLS,EXLSERVICE HOLDINGS INC,0.915608
2023-10-01,90776,WAL,WESTERN ALLIANCE BANCORPORATION,0.914949
2023-10-01,18144,ACA,ARCOSA INC,0.914935
2023-10-01,87432,A,AGILENT TECHNOLOGIES INC,0.909875
2023-10-01,11018,FBP,FIRST BANCORP P R,0.907297
2023-10-01,93330,PRI,PRIMERICA INC,0.906658
2023-10-01,19393,BMY,BRISTOL MYERS SQUIBB CO,0.903356
2023-10-01,23712,PEG,PUBLIC SERVICE ENTERPRISE GP INC,0.901782
2023-10-01,61313,DCI,DONALDSON INC,0.897582
2023-10-01,62148,CSX,C S X CORP,0.89267
2023-10-01,80864,RS,RELIANCE STEEL & ALUMINUM CO,0.890304
2023-10-01,90550,DLB,DOLBY LABORATORIES INC,0.889311
2023-10-01,73139,SYK,STRYKER CORP,0.885932
2023-10-01,47941,TGNA,TEGNA INC,0.883757
2023-10-01,80415,EXP,EAGLE MATERIALS INC,0.876538
2023-10-01,60871,ADI,ANALOG DEVICES INC,0.87339
2023-10-01,90215,CRM,SALESFORCE INC,0.869611
2023-10-01,90249,ENS,ENERSYS,0.867802
2023-10-01,16505,BPOP,POPULAR INC,0.86772
2023-10-01,83621,ANSS,ANSYS INC,0.861584
2023-10-01,16076,GMS,G M S INC,0.859914
2023-10-01,17005,CVS,C V S HEALTH CORP,0.831004
2023-10-01,13911,IQV,IQVIA HOLDINGS INC,0.830297
2023-10-01,78987,MCHP,MICROCHIP TECHNOLOGY INC,0.827036
2023-10-01,13748,TPH,TRI POINTE HOMES INC,0.820696
2023-10-01,14318,NMIH,N M I HOLDINGS INC,0.789459
2023-10-01,45306,IDCC,INTERDIGITAL INC,0.787253
2023-10-01,91516,AWI,ARMSTRONG WORLD INDS INC NEW,0.775611
2023-10-01,14008,AMGN,AMGEN INC,0.774637
2023-10-01,14169,PINC,PREMIER INC,0.773597
2023-10-01,12622,HCA,H C A HEALTHCARE INC,0.772805
2023-10-01,89179,ELV,ELEVANCE HEALTH INC,0.772674
2023-10-01,13610,OLN,OLIN CORP,0.756742
2023-10-01,72726,STT,STATE STREET CORP,0.753422
2023-10-01,88417,ACLS,AXCELIS TECHNOLOGIES INC,0.71921
2023-10-01,14579,PAYC,PAYCOM SOFTWARE INC,0.69662
2023-10-01,89866,LKQ,L K Q CORP,0.66769
2023-10-01,90386,MOS,MOSAIC CO NEW,0.663027
2023-10-01,82307,DVA,DAVITA INC,0.631703
2023-10-01,85593,AMG,AFFILIATED MANAGERS GROUP INC,0.631159
2023-10-01,76837,HAE,HAEMONETICS CORP MASS,0.630524
2023-10-01,87137,DVN,DEVON ENERGY CORP NEW,0.630053
2023-10-01,81736,RMD,RESMED INC,0.591042
2023-10-01,13862,TMHC,TAYLOR MORRISON HOME CORP,0.588008
2023-10-01,93002,AVGO,BROADCOM INC,0.571827
2023-10-01,18163,PG,PROCTER & GAMBLE CO,0.523031
2023-10-01,91575,HRI,HERC HOLDINGS INC,0.50262
2023-10-01,71176,SON,SONOCO PRODUCTS CO,0.486747
2023-10-01,75603,CRUS,CIRRUS LOGIC INC,0.423228
2023-10-01,83601,WOR,WORTHINGTON INDUSTRIES INC,0.332097
2023-10-01,17221,LBRT,LIBERTY ENERGY INC,0.30921
2023-10-01,77274,GILD,GILEAD SCIENCES INC,0.241726
2023-10-01,89070,ZBH,ZIMMER BIOMET HOLDINGS INC,0.199962
2023-10-01,86102,FHI,FEDERATED HERMES INC,0.139026
2023-10-01,83272,HUBG,HUB GROUP INC,0.069222
2023-10-01,70228,TOL,TOLL BROTHERS INC,0.058256
2023-10-01,49656,BK,BANK OF NEW YORK MELLON CORP,0.058165
2023-10-01,11884,IPAR,INTERMEDIATE PARFUMS INC,0.036423
2023-10-01,17743,WRB,BERKLEY W R CORP,0.032969
2023-10-01,32986,ATO,ATMOS ENERGY CORP,-0.072289
2023-10-01,18770,BBIO,BRIDGEBIO PHARMA INC,-0.200129
2023-10-01,12788,KOS,KOSMOS ENERGY LTD DE,-0.200561
2023-10-01,58683,LUV,SOUTHWEST AIRLINES CO,-0.240526
2023-10-01,17929,UGI,U G I CORP NEW,-0.349071
2023-10-01,89533,WYNN,WYNN RESORTS LTD,-0.374007
2023-10-01,91733,AVAV,AEROVIRONMENT INC,-0.423397
2023-10-01,40272,IFF,INTERNATIONAL FLAVORS & FRAG INC,-0.442325
2023-10-01,14988,LBRDK,LIBERTY BROADBAND CORP,-0.451175
2023-10-01,14763,CTLT,CATALENT INC,-0.478057
2023-10-01,18484,ZM,ZOOM VIDEO COMMUNICATIONS INC,-0.541507
2023-10-01,19880,MTZ,MASTEC INC,-0.600561
2023-10-01,18368,NFE,NEW FORTRESS ENERGY INC,-0.613716
2023-10-01,77447,ICUI,I C U MEDICAL INC,-0.614797
2023-10-01,11752,COHR,COHERENT CORP,-0.630469
2023-10-01,90775,THS,TREEHOUSE FOODS INC,-0.63052
2023-10-01,17125,DNLI,DENALI THERAPEUTICS INC,-0.688706
2023-10-01,93246,GNRC,GENERAC HOLDINGS INC,-0.701473
2023-10-01,11370,ENV,ENVESTNET INC,-0.702991
2023-10-01,90177,ACAD,ACADIA PHARMACEUTICALS,-0.7053
2023-10-01,92220,MASI,MASIMO CORP,-0.709476
2023-10-01,16436,ARCH,ARCH RESOURCES INC,-0.711163
2023-10-01,91611,FSLR,FIRST SOLAR INC,-0.723848
2023-10-01,15167,SHAK,SHAKE SHACK INC,-0.736334
2023-10-01,14596,FIVN,FIVE 9 INC,-0.745524
2023-10-01,79299,PZZA,PAPA JOHNS INTL INC,-0.747609
2023-10-01,16381,BL,BLACKLINE INC,-0.747693
2023-10-01,15534,NTRA,NATERA INC,-0.749181
2023-10-01,27684,AVT,AVNET INC,-0.756983
2023-10-01,13527,FIVE,FIVE BELOW INC,-0.761268
2023-10-01,52476,EFX,EQUIFAX INC,-0.768846
2023-10-01,67847,RGLD,ROYAL GOLD INC,-0.788063
2023-10-01,75470,MIDD,MIDDLEBY CORP,-0.788679
2023-10-01,75976,NEOG,NEOGEN CORP,-0.791609
2023-10-01,90444,ORA,ORMAT TECHNOLOGIES INC,-0.799568
2023-10-01,15398,CC,CHEMOURS CO,-0.805779
2023-10-01,60986,NWL,NEWELL BRANDS INC,-0.806563
2023-10-01,14432,ITCI,INTRA CELLULAR THERAPIES INC,-0.811104
2023-10-01,17034,ALTR,ALTAIR ENGINEERING INC,-0.813325
2023-10-01,24969,AVA,AVISTA CORP,-0.823937
2023-10-01,76591,QDEL,QUIDELORTHO CORP,-0.828054
2023-10-01,26825,K,KELLOGG CO,-0.828345
2023-10-01,43350,SWK,STANLEY BLACK & DECKER INC,-0.841077
2023-10-01,14811,FWONK,LIBERTY MEDIA CORP 3RD NEW,-0.842663
2023-10-01,86810,TREX,TREX COMPANY INC,-0.859261
2023-10-01,90199,CBRE,C B R E GROUP INC,-0.864163
2023-10-01,12226,MGPI,M G P INGREDIENTS INC,-0.875466
2023-10-01,13908,PFSI,PENNYMAC FINANCIAL SVCS INC NEW,-0.879431
2023-10-01,61241,AMD,ADVANCED MICRO DEVICES INC,-0.890361
2023-10-01,43553,VFC,V F CORP,-0.897848
2023-10-01,92502,KW,KENNEDY WILSON HOLDINGS INC,-0.899592
2023-10-01,15119,WK,WORKIVA INC,-0.901768
2023-10-01,17700,CDAY,CERIDIAN H C M HOLDING INC,-0.903853
2023-10-01,13688,PCG,P G & E CORP,-0.907537
2023-10-01,69649,RJF,RAYMOND JAMES FINANCIAL INC,-0.907824
2023-10-01,16082,SITE,SITEONE LANDSCAPE SUPPLY INC,-0.95052
2023-10-01,61188,SWX,SOUTHWEST GAS HOLDINGS INC,-0.971189
2023-10-01,11990,KKR,K K R & CO INC,-0.976469
2023-10-01,10026,JJSF,J & J SNACK FOODS CORP,-0.97772
2023-10-01,23229,CMS,C M S ENERGY CORP,-0.978191
2023-10-01,84032,NOV,N O V INC,-0.98722
2023-10-01,59328,INTC,INTEL CORP,-0.988608
2023-10-01,15409,ALRM,ALARM COM HOLDINGS INC,-0.997191
2023-10-01,14617,ARES,ARES MANAGEMENT CORP,-0.997518
2023-10-01,10200,RGEN,REPLIGEN CORP,-1.0
2023-10-01,12477,WD,WALKER & DUNLOP INC,-1.0
2023-10-01,13181,GWRE,GUIDEWIRE SOFTWARE INC,-1.0
2023-10-01,14329,ARMK,ARAMARK,-1.0
2023-10-01,14436,RARE,ULTRAGENYX PHARMACEUTICALS INC,-1.0
2023-10-01,14574,MC,MOELIS & CO,-1.0
2023-10-01,15284,BPMC,BLUEPRINT MEDICINES CORP,-1.0
2023-10-01,15452,EVH,EVOLENT HEALTH INC,-1.0
2023-10-01,15859,AGR,AVANGRID INC,-1.0
2023-10-01,16064,NTLA,INTELLIA THERAPEUTICS INC,-1.0
2023-10-01,16086,HTZ,HERTZ GLOBAL HOLDINGS INC NEW,-1.0
2023-10-01,16432,GT,GOODYEAR TIRE & RUBBER CO,-1.0
2023-10-01,16499,PK,PARK HOTELS & RESORTS INC,-1.0
2023-10-01,16816,BHF,BRIGHTHOUSE FINANCIAL INC,-1.0
2023-10-01,16917,,,-1.0
2023-10-01,16928,KRYS,KRYSTAL BIOTECH INC,-1.0
2023-10-01,17864,BJ,B J S WHOLESALE CLUB HLDGS INC,-1.0
2023-10-01,18312,MRNA,MODERNA INC,-1.0
2023-10-01,18776,IMVT,IMMUNOVANT INC,-1.0
2023-10-01,18777,KRTX,KARUNA THERAPEUTICS INC,-1.0
2023-10-01,18909,NET,CLOUDFLARE INC,-1.0
2023-10-01,19081,SITM,SITIME CORP,-1.0
2023-10-01,19285,CARR,CARRIER GLOBAL CORP,-1.0
2023-10-01,19433,MP,M P MATERIALS CORP,-1.0
2023-10-01,19484,PCVX,VAXCYTE INC,-1.0
2023-10-01,19502,WBA,WALGREENS BOOTS ALLIANCE INC,-1.0
2023-10-01,19751,LCID,LUCID GROUP INC,-1.0
2023-10-01,21207,NEM,NEWMONT CORP,-1.0
2023-10-01,22592,MMM,3M CO,-1.0
2023-10-01,32870,HRL,HORMEL FOODS CORP,-1.0
2023-10-01,52978,HAS,HASBRO INC,-1.0
2023-10-01,53613,MU,MICRON TECHNOLOGY INC,-1.0
2023-10-01,57568,BALL,BALL CORP,-1.0
2023-10-01,66384,WDC,WESTERN DIGITAL CORP,-1.0
2023-10-01,76136,KMPR,KEMPER CORP DE,-1.0
2023-10-01,76661,IONS,IONIS PHARMACEUTICALS INC,-1.0
2023-10-01,77730,TSN,TYSON FOODS INC,-1.0
2023-10-01,80069,ARWR,ARROWHEAD PHARMACEUTICALS INC,-1.0
2023-10-01,81501,NATI,NATIONAL INSTRUMENTS CORP,-1.0
2023-10-01,84319,LAD,LITHIA MOTORS INC,-1.0
2023-10-01,84372,NCR,N C R CORP NEW,-1.0
2023-10-01,84761,TTWO,TAKE TWO INTERACTIVE SOFTWR INC,-1.0
2023-10-01,85002,SRPT,SAREPTA THERAPEUTICS INC,-1.0
2023-10-01,85246,JLL,JONES LANG LASALLE INC,-1.0
2023-10-01,85464,CWST,CASELLA WASTE SYSTEMS INC,-1.0
2023-10-01,85738,MRCY,MERCURY SYSTEMS INC,-1.0
2023-10-01,87356,TKO,T K O GROUP HOLDINGS INC,-1.0
2023-10-01,88351,INSM,INSMED INC,-1.0
2023-10-01,88949,SGEN,SEAGEN INC,-1.0
2023-10-01,89031,AXON,AXON ENTERPRISE INC,-1.0
2023-10-01,90071,NRG,N R G ENERGY INC,-1.0
2023-10-01,91579,KBR,K B R INC,-1.0
2023-10-01,92040,FOLD,AMICUS THERAPEUTICS INC,-1.0
2023-11-01,11018,FBP,FIRST BANCORP P R,1.0
2023-11-01,11995,COKE,COCA COLA CONSOLIDATED INC,1.0
2023-11-01,13407,META,META PLATFORMS INC,1.0
2023-11-01,13788,ZTS,ZOETIS INC,1.0
2023-11-01,14229,OMF,ONEMAIN HOLDINGS INC,1.0
2023-11-01,14318,NMIH,N M I HOLDINGS INC,1.0
2023-11-01,14593,AAPL,APPLE INC,1.0
2023-11-01,14751,VRTV,VERITIV CORP,1.0
2023-11-01,16076,GMS,G M S INC,1.0
2023-11-01,16655,CVNA,CARVANA CO,1.0
2023-11-01,16736,VST,VISTRA CORP,1.0
2023-11-01,18973,BRC,BRADY CORP,1.0
2023-11-01,22111,JNJ,JOHNSON & JOHNSON,1.0
2023-11-01,22779,MSI,MOTOROLA SOLUTIONS INC,1.0
2023-11-01,24248,ALE,ALLETE INC,1.0
2023-11-01,35991,ROG,ROGERS CORP,1.0
2023-11-01,42550,NEU,NEWMARKET CORP,1.0
2023-11-01,44943,DIOD,DIODES INC,1.0
2023-11-01,47941,TGNA,TEGNA INC,1.0
2023-11-01,48653,HUM,HUMANA INC,1.0
2023-11-01,64186,CI,CIGNA GROUP,1.0
2023-11-01,65307,RPM,R P M INTERNATIONAL INC,1.0
2023-11-01,75510,ADBE,ADOBE INC,1.0
2023-11-01,76076,CSCO,CISCO SYSTEMS INC,1.0
2023-11-01,76744,VRTX,VERTEX PHARMACEUTICALS INC,1.0
2023-11-01,77357,SNPS,SYNOPSYS INC,1.0
2023-11-01,79133,ATR,APTARGROUP INC,1.0
2023-11-01,82775,HIG,HARTFORD FINANCIAL SVCS GRP INC,1.0
2023-11-01,82800,SCCO,SOUTHERN COPPER CORP,1.0
2023-11-01,83601,WOR,WORTHINGTON INDUSTRIES INC,1.0
2023-11-01,84723,LNG,CHENIERE ENERGY INC,1.0
2023-11-01,86356,EBAY,EBAY INC,1.0
2023-11-01,86580,NVDA,NVIDIA CORP,1.0
2023-11-01,88661,TPR,TAPESTRY INC,1.0
2023-11-01,89946,AEL,AMERICAN EQUITY INVT LIFE HLDG C,1.0
2023-11-01,90249,ENS,ENERSYS,1.0
2023-11-01,90319,GOOGL,ALPHABET INC,1.0
2023-11-01,92402,MSCI,M S C I INC,1.0
2023-11-01,92655,UNH,UNITEDHEALTH GROUP INC,1.0
2023-11-01,92852,LOPE,GRAND CANYON EDUCATION INC,1.0
2023-11-01,93132,FTNT,FORTINET INC,1.0
2023-11-01,93312,SSNC,S S & C TECHNOLOGIES HLDGS INC,1.0
2023-11-01,16260,MEDP,MEDPACE HOLDINGS INC,0.997515
2023-11-01,23660,CTAS,CINTAS CORP,0.996875
2023-11-01,89269,CNC,CENTENE CORP DEL,0.996737
2023-11-01,55976,WMT,WALMART INC,0.995943
2023-11-01,71175,UNM,UNUM GROUP,0.992612
2023-11-01,13928,COP,CONOCOPHILLIPS,0.986938
2023-11-01,76927,STRL,STERLING CONSTRUCTION CO INC,0.986711
2023-11-01,85992,MANH,MANHATTAN ASSOCIATES INC,0.981726
2023-11-01,85753,VRSN,VERISIGN INC,0.981114
2023-11-01,10107,MSFT,MICROSOFT CORP,0.977257
2023-11-01,23712,PEG,PUBLIC SERVICE ENTERPRISE GP INC,0.972639
2023-11-01,75241,PXD,PIONEER NATURAL RESOURCES CO,0.958357
2023-11-01,13901,MO,ALTRIA GROUP INC,0.950576
2023-11-01,75825,EOG,EOG RESOURCES INC,0.945397
2023-11-01,23473,CINF,CINCINNATI FINANCIAL CORP,0.940013
2023-11-01,32707,HP,HELMERICH & PAYNE INC,0.933852
2023-11-01,90829,CF,C F INDUSTRIES HOLDINGS INC,0.925772
2023-11-01,11691,MATX,MATSON INC,0.921693
2023-11-01,91233,MA,MASTERCARD INC,0.904807
2023-11-01,12570,ITT,I T T INC,0.904129
2023-11-01,90550,DLB,DOLBY LABORATORIES INC,0.903968
2023-11-01,92221,MELI,MERCADOLIBRE INC,0.89558
2023-11-01,86158,CTSH,COGNIZANT TECHNOLOGY SOLS CORP,0.891792
2023-11-01,86783,BKNG,BOOKING HOLDINGS INC,0.889878
2023-11-01,93330,PRI,PRIMERICA INC,0.889064
2023-11-01,11850,XOM,EXXON MOBIL CORP,0.886311
2023-11-01,13721,ABBV,ABBVIE INC,0.886115
2023-11-01,85631,ADSK,AUTODESK INC,0.882015
2023-11-01,90880,AMP,AMERIPRISE FINANCIAL INC,0.876502
2023-11-01,18144,ACA,ARCOSA INC,0.875244
2023-11-01,73139,SYK,STRYKER CORP,0.871867
2023-11-01,61313,DCI,DONALDSON INC,0.863551
2023-11-01,62148,CSX,C S X CORP,0.862335
2023-11-01,80864,RS,RELIANCE STEEL & ALUMINUM CO,0.859454
2023-11-01,90215,CRM,SALESFORCE INC,0.857149
2023-11-01,13284,ALSN,ALLISON TRANSMISSION HLDGS INC,0.848993
2023-11-01,13766,BCC,BOISE CASCADE CO,0.848878
2023-11-01,91500,EXLS,EXLSERVICE HOLDINGS INC,0.848269
2023-11-01,87432,A,AGILENT TECHNOLOGIES INC,0.838534
2023-11-01,17005,CVS,C V S HEALTH CORP,0.824483
2023-11-01,19393,BMY,BRISTOL MYERS SQUIBB CO,0.820038
2023-11-01,91516,AWI,ARMSTRONG WORLD INDS INC NEW,0.813859
2023-11-01,90776,WAL,WESTERN ALLIANCE BANCORPORATION,0.813706
2023-11-01,80415,EXP,EAGLE MATERIALS INC,0.806028
2023-11-01,83621,ANSS,ANSYS INC,0.801666
2023-11-01,89179,ELV,ELEVANCE HEALTH INC,0.795063
2023-11-01,91531,OC,OWENS CORNING NEW,0.782989
2023-11-01,60871,ADI,ANALOG DEVICES INC,0.780681
2023-11-01,13911,IQV,IQVIA HOLDINGS INC,0.759198
2023-11-01,78987,MCHP,MICROCHIP TECHNOLOGY INC,0.751506
2023-11-01,13748,TPH,TRI POINTE HOMES INC,0.74811
2023-11-01,14008,AMGN,AMGEN INC,0.733342
2023-11-01,72726,STT,STATE STREET CORP,0.723653
2023-11-01,12622,HCA,H C A HEALTHCARE INC,0.706829
2023-11-01,14169,PINC,PREMIER INC,0.687912
2023-11-01,14579,PAYC,PAYCOM SOFTWARE INC,0.654913
2023-11-01,13610,OLN,OLIN CORP,0.643251
2023-11-01,87137,DVN,DEVON ENERGY CORP NEW,0.612156
2023-11-01,90386,MOS,MOSAIC CO NEW,0.601793
2023-11-01,76837,HAE,HAEMONETICS CORP MASS,0.596933
2023-11-01,85593,AMG,AFFILIATED MANAGERS GROUP INC,0.591478
2023-11-01,89866,LKQ,L K Q CORP,0.589155
2023-11-01,93002,AVGO,BROADCOM INC,0.57656
2023-11-01,88417,ACLS,AXCELIS TECHNOLOGIES INC,0.559009
2023-11-01,18163,PG,PROCTER & GAMBLE CO,0.538932
2023-11-01,13862,TMHC,TAYLOR MORRISON HOME CORP,0.526034
2023-11-01,82307,DVA,DAVITA INC,0.513116
2023-11-01,71176,SON,SONOCO PRODUCTS CO,0.461704
2023-11-01,91575,HRI,HERC HOLDINGS INC,0.448907
2023-11-01,75603,CRUS,CIRRUS LOGIC INC,0.381004
2023-11-01,17221,LBRT,LIBERTY ENERGY INC,0.327454
2023-11-01,77274,GILD,GILEAD SCIENCES INC,0.252199
2023-11-01,88860,ALGN,ALIGN TECHNOLOGY INC,0.225542
2023-11-01,89070,ZBH,ZIMMER BIOMET HOLDINGS INC,0.185103
2023-11-01,81736,RMD,RESMED INC,0.158639
2023-11-01,86102,FHI,FEDERATED HERMES INC,0.129464
2023-11-01,83272,HUBG,HUB GROUP INC,0.060268
2023-11-01,49656,BK,BANK OF NEW YORK MELLON CORP,0.058264
2023-11-01,70228,TOL,TOLL BROTHERS INC,0.055586
2023-11-01,17743,WRB,BERKLEY W R CORP,0.034854
2023-11-01,11884,IPAR,INTERMEDIATE PARFUMS INC,0.034291
2023-11-01,10933,MKL,MARKEL GROUP INC,0.008168
2023-11-01,32986,ATO,ATMOS ENERGY CORP,-0.073129
2023-11-01,12788,KOS,KOSMOS ENERGY LTD DE,-0.176568
2023-11-01,58683,LUV,SOUTHWEST AIRLINES CO,-0.196387
2023-11-01,16595,SNAP,SNAP INC,-0.285282
2023-11-01,14179,AR,ANTERO RESOURCES CORP,-0.295587
2023-11-01,89533,WYNN,WYNN RESORTS LTD,-0.353505
2023-11-01,14763,CTLT,CATALENT INC,-0.358835
2023-11-01,14988,LBRDK,LIBERTY BROADBAND CORP,-0.409474
2023-11-01,91733,AVAV,AEROVIRONMENT INC,-0.433283
2023-11-01,40272,IFF,INTERNATIONAL FLAVORS & FRAG INC,-0.441407
2023-11-01,18484,ZM,ZOOM VIDEO COMMUNICATIONS INC,-0.461839
2023-11-01,11990,KKR,K K R & CO INC,-0.480589
2023-11-01,19880,MTZ,MASTEC INC,-0.493172
2023-11-01,77447,ICUI,I C U MEDICAL INC,-0.503672
2023-11-01,93246,GNRC,GENERAC HOLDINGS INC,-0.537927
2023-11-01,18368,NFE,NEW FORTRESS ENERGY INC,-0.564391
2023-11-01,17929,UGI,U G I CORP NEW,-0.564728
2023-11-01,11752,COHR,COHERENT CORP,-0.568777
2023-11-01,11370,ENV,ENVESTNET INC,-0.587434
2023-11-01,60986,NWL,NEWELL BRANDS INC,-0.59643
2023-11-01,16436,ARCH,ARCH RESOURCES INC,-0.625175
2023-11-01,17125,DNLI,DENALI THERAPEUTICS INC,-0.625368
2023-11-01,75976,NEOG,NEOGEN CORP,-0.632031
2023-11-01,16381,BL,BLACKLINE INC,-0.658305
2023-11-01,15534,NTRA,NATERA INC,-0.66472
2023-11-01,16086,HTZ,HERTZ GLOBAL HOLDINGS INC NEW,-0.683448
2023-11-01,52978,HAS,HASBRO INC,-0.688511
2023-11-01,76591,QDEL,QUIDELORTHO CORP,-0.688559
2023-11-01,75470,MIDD,MIDDLEBY CORP,-0.691736
2023-11-01,90444,ORA,ORMAT TECHNOLOGIES INC,-0.699969
2023-11-01,52476,EFX,EQUIFAX INC,-0.708096
2023-11-01,27684,AVT,AVNET INC,-0.724197
2023-11-01,26825,K,KELLANOVA,-0.743268
2023-11-01,43553,VFC,V F CORP,-0.744227
2023-11-01,90177,ACAD,ACADIA PHARMACEUTICALS,-0.760524
2023-11-01,14432,ITCI,INTRA CELLULAR THERAPIES INC,-0.770999
2023-11-01,67847,RGLD,ROYAL GOLD INC,-0.772317
2023-11-01,16082,SITE,SITEONE LANDSCAPE SUPPLY INC,-0.7967
2023-11-01,24969,AVA,AVISTA CORP,-0.802743
2023-11-01,17034,ALTR,ALTAIR ENGINEERING INC,-0.80377
2023-11-01,13527,FIVE,FIVE BELOW INC,-0.819564
2023-11-01,15409,ALRM,ALARM COM HOLDINGS INC,-0.829226
2023-11-01,17700,CDAY,CERIDIAN H C M HOLDING INC,-0.848438
2023-11-01,61241,AMD,ADVANCED MICRO DEVICES INC,-0.848754
2023-11-01,43350,SWK,STANLEY BLACK & DECKER INC,-0.851904
2023-11-01,18776,IMVT,IMMUNOVANT INC,-0.856186
2023-11-01,69649,RJF,RAYMOND JAMES FINANCIAL INC,-0.858438
2023-11-01,19285,CARR,CARRIER GLOBAL CORP,-0.862133
2023-11-01,12477,WD,WALKER & DUNLOP INC,-0.86813
2023-11-01,14811,FWONK,LIBERTY MEDIA CORP 3RD NEW,-0.871017
2023-11-01,13908,PFSI,PENNYMAC FINANCIAL SVCS INC NEW,-0.883207
2023-11-01,18909,NET,CLOUDFLARE INC,-0.894555
2023-11-01,85246,JLL,JONES LANG LASALLE INC,-0.901362
2023-11-01,13688,PCG,P G & E CORP,-0.912822
2023-11-01,77730,TSN,TYSON FOODS INC,-0.913289
2023-11-01,16816,BHF,BRIGHTHOUSE FINANCIAL INC,-0.920908
2023-11-01,10026,JJSF,J & J SNACK FOODS CORP,-0.931049
2023-11-01,16499,PK,PARK HOTELS & RESORTS INC,-0.931162
2023-11-01,90775,THS,TREEHOUSE FOODS INC,-0.932136
2023-11-01,61188,SWX,SOUTHWEST GAS HOLDINGS INC,-0.937672
2023-11-01,84032,NOV,N O V INC,-0.938164
2023-11-01,84761,TTWO,TAKE TWO INTERACTIVE SOFTWR INC,-0.947988
2023-11-01,14617,ARES,ARES MANAGEMENT CORP,-0.951312
2023-11-01,16432,GT,GOODYEAR TIRE & RUBBER CO,-0.952646
2023-11-01,87356,TKO,T K O GROUP HOLDINGS INC,-0.970541
2023-11-01,84372,VYX,N C R VOYIX CORP,-0.97201
2023-11-01,53613,MU,MICRON TECHNOLOGY INC,-0.979849
2023-11-01,91579,KBR,K B R INC,-0.981881
2023-11-01,15859,AGR,AVANGRID INC,-0.985341
2023-11-01,14436,RARE,ULTRAGENYX PHARMACEUTICALS INC,-0.988272
2023-11-01,23229,CMS,C M S ENERGY CORP,-0.996233
2023-11-01,13181,GWRE,GUIDEWIRE SOFTWARE INC,-0.996729
2023-11-01,10397,WERN,WERNER ENTERPRISES INC,-1.0
2023-11-01,14328,AMC,A M C ENTERTAINMENT HOLDINGS INC,-1.0
2023-11-01,14329,ARMK,ARAMARK,-1.0
2023-11-01,14574,MC,MOELIS & CO,-1.0
2023-11-01,14596,FIVN,FIVE 9 INC,-1.0
2023-11-01,15119,WK,WORKIVA INC,-1.0
2023-11-01,15167,SHAK,SHAKE SHACK INC,-1.0
2023-11-01,15284,BPMC,BLUEPRINT MEDICINES CORP,-1.0
2023-11-01,15398,CC,CHEMOURS CO,-1.0
2023-11-01,15452,EVH,EVOLENT HEALTH INC,-1.0
2023-11-01,16064,NTLA,INTELLIA THERAPEUTICS INC,-1.0
2023-11-01,16678,KR,KROGER CO,-1.0
2023-11-01,16928,KRYS,KRYSTAL BIOTECH INC,-1.0
2023-11-01,17864,BJ,B J S WHOLESALE CLUB HLDGS INC,-1.0
2023-11-01,18312,MRNA,MODERNA INC,-1.0
2023-11-01,18770,BBIO,BRIDGEBIO PHARMA INC,-1.0
2023-11-01,18777,KRTX,KARUNA THERAPEUTICS INC,-1.0
2023-11-01,19081,SITM,SITIME CORP,-1.0
2023-11-01,19166,FMC,F M C CORP,-1.0
2023-11-01,19201,RVMD,REVOLUTION MEDICINES INC,-1.0
2023-11-01,19413,ACI,ALBERTSONS COMPANIES INC,-1.0
2023-11-01,19433,MP,M P MATERIALS CORP,-1.0
2023-11-01,19484,PCVX,VAXCYTE INC,-1.0
2023-11-01,19502,WBA,WALGREENS BOOTS ALLIANCE INC,-1.0
2023-11-01,21207,NEM,NEWMONT CORP,-1.0
2023-11-01,22592,MMM,3M CO,-1.0
2023-11-01,25419,WHR,WHIRLPOOL CORP,-1.0
2023-11-01,32870,HRL,HORMEL FOODS CORP,-1.0
2023-11-01,55511,PNM,P N M RESOURCES INC,-1.0
2023-11-01,57568,BALL,BALL CORP,-1.0
2023-11-01,59328,INTC,INTEL CORP,-1.0
2023-11-01,65294,RLI,R L I CORP,-1.0
2023-11-01,66384,WDC,WESTERN DIGITAL CORP,-1.0
2023-11-01,76136,KMPR,KEMPER CORP DE,-1.0
2023-11-01,76661,IONS,IONIS PHARMACEUTICALS INC,-1.0
2023-11-01,80069,ARWR,ARROWHEAD PHARMACEUTICALS INC,-1.0
2023-11-01,81501,,,-1.0
2023-11-01,84319,LAD,LITHIA MOTORS INC,-1.0
2023-11-01,85002,SRPT,SAREPTA THERAPEUTICS INC,-1.0
2023-11-01,85464,CWST,CASELLA WASTE SYSTEMS INC,-1.0
2023-11-01,85738,MRCY,MERCURY SYSTEMS INC,-1.0
2023-11-01,88351,INSM,INSMED INC,-1.0
2023-11-01,88949,SGEN,SEAGEN INC,-1.0
2023-11-01,89031,AXON,AXON ENTERPRISE INC,-1.0
2023-11-01,90071,NRG,N R G ENERGY INC,-1.0
2023-11-01,90199,CBRE,C B R E GROUP INC,-1.0
2023-11-01,92040,FOLD,AMICUS THERAPEUTICS INC,-1.0
2023-11-01,92220,MASI,MASIMO CORP,-1.0
2023-12-01,10107,MSFT,MICROSOFT CORP,1.0
2023-12-01,11018,FBP,FIRST BANCORP P R,1.0
2023-12-01,11691,MATX,MATSON INC,1.0
2023-12-01,11995,COKE,COCA COLA CONSOLIDATED INC,1.0
2023-12-01,12570,ITT,I T T INC,1.0
2023-12-01,13407,META,META PLATFORMS INC,1.0
2023-12-01,13766,BCC,BOISE CASCADE CO,1.0
2023-12-01,13788,ZTS,ZOETIS INC,1.0
2023-12-01,14229,OMF,ONEMAIN HOLDINGS INC,1.0
2023-12-01,14318,NMIH,N M I HOLDINGS INC,1.0
2023-12-01,14593,AAPL,APPLE INC,1.0
2023-12-01,16076,GMS,G M S INC,1.0
2023-12-01,16260,MEDP,MEDPACE HOLDINGS INC,1.0
2023-12-01,16655,CVNA,CARVANA CO,1.0
2023-12-01,16736,VST,VISTRA CORP,1.0
2023-12-01,18091,CW,CURTISS WRIGHT CORP,1.0
2023-12-01,18973,BRC,BRADY CORP,1.0
2023-12-01,19393,BMY,BRISTOL MYERS SQUIBB CO,1.0
2023-12-01,22111,JNJ,JOHNSON & JOHNSON,1.0
2023-12-01,22779,MSI,MOTOROLA SOLUTIONS INC,1.0
2023-12-01,23660,CTAS,CINTAS CORP,1.0
2023-12-01,24248,ALE,ALLETE INC,1.0
2023-12-01,35991,ROG,ROGERS CORP,1.0
2023-12-01,42550,NEU,NEWMARKET CORP,1.0
2023-12-01,44943,DIOD,DIODES INC,1.0
2023-12-01,65307,RPM,R P M INTERNATIONAL INC,1.0
2023-12-01,65402,AOS,SMITH A O CORP,1.0
2023-12-01,75510,ADBE,ADOBE INC,1.0
2023-12-01,76076,CSCO,CISCO SYSTEMS INC,1.0
2023-12-01,77357,SNPS,SYNOPSYS INC,1.0
2023-12-01,79133,ATR,APTARGROUP INC,1.0
2023-12-01,79862,ROCK,GIBRALTAR INDUSTRIES INC,1.0
2023-12-01,82775,HIG,HARTFORD FINANCIAL SVCS GRP INC,1.0
2023-12-01,82800,SCCO,SOUTHERN COPPER CORP,1.0
2023-12-01,83601,WOR,WORTHINGTON INDUSTRIES INC,1.0
2023-12-01,84723,LNG,CHENIERE ENERGY INC,1.0
2023-12-01,85753,VRSN,VERISIGN INC,1.0
2023-12-01,85992,MANH,MANHATTAN ASSOCIATES INC,1.0
2023-12-01,86356,EBAY,EBAY INC,1.0
2023-12-01,86580,NVDA,NVIDIA CORP,1.0
2023-12-01,87432,A,AGILENT TECHNOLOGIES INC,1.0
2023-12-01,88661,TPR,TAPESTRY INC,1.0
2023-12-01,89269,CNC,CENTENE CORP DEL,1.0
2023-12-01,89525,CMCSA,COMCAST CORP NEW,1.0
2023-12-01,89946,AEL,AMERICAN EQUITY INVT LIFE HLDG C,1.0
2023-12-01,90215,CRM,SALESFORCE INC,1.0
2023-12-01,90249,ENS,ENERSYS,1.0
2023-12-01,90319,GOOGL,ALPHABET INC,1.0
2023-12-01,90776,WAL,WESTERN ALLIANCE BANCORPORATION,1.0
2023-12-01,92221,MELI,MERCADOLIBRE INC,1.0
2023-12-01,92402,MSCI,M S C I INC,1.0
2023-12-01,92655,UNH,UNITEDHEALTH GROUP INC,1.0
2023-12-01,92852,LOPE,GRAND CANYON EDUCATION INC,1.0
2023-12-01,93312,SSNC,S S & C TECHNOLOGIES HLDGS INC,1.0
2023-12-01,14751,,,0.999059
2023-12-01,86783,BKNG,BOOKING HOLDINGS INC,0.99317
2023-12-01,91233,MA,MASTERCARD INC,0.990912
2023-12-01,13901,MO,ALTRIA GROUP INC,0.990622
2023-12-01,90880,AMP,AMERIPRISE FINANCIAL INC,0.985085
2023-12-01,23712,PEG,PUBLIC SERVICE ENTERPRISE GP INC,0.980642
2023-12-01,93330,PRI,PRIMERICA INC,0.973521
2023-12-01,85631,ADSK,AUTODESK INC,0.970942
2023-12-01,23473,CINF,CINCINNATI FINANCIAL CORP,0.965279
2023-12-01,90550,DLB,DOLBY LABORATORIES INC,0.961258
2023-12-01,13928,COP,CONOCOPHILLIPS,0.960565
2023-12-01,73139,SYK,STRYKER CORP,0.952254
2023-12-01,80415,EXP,EAGLE MATERIALS INC,0.944594
2023-12-01,55976,WMT,WALMART INC,0.944486
2023-12-01,75241,PXD,PIONEER NATURAL RESOURCES CO,0.937535
2023-12-01,18144,ACA,ARCOSA INC,0.936379
2023-12-01,91531,OC,OWENS CORNING NEW,0.932918
2023-12-01,80864,RS,RELIANCE STEEL & ALUMINUM CO,0.929619
2023-12-01,48653,HUM,HUMANA INC,0.921429
2023-12-01,91500,EXLS,EXLSERVICE HOLDINGS INC,0.91794
2023-12-01,75825,EOG,EOG RESOURCES INC,0.917402
2023-12-01,93132,FTNT,FORTINET INC,0.914939
2023-12-01,91516,AWI,ARMSTRONG WORLD INDS INC NEW,0.909217
2023-12-01,61313,DCI,DONALDSON INC,0.907357
2023-12-01,60871,ADI,ANALOG DEVICES INC,0.906489
2023-12-01,13284,ALSN,ALLISON TRANSMISSION HLDGS INC,0.900664
2023-12-01,13911,IQV,IQVIA HOLDINGS INC,0.895521
2023-12-01,13721,ABBV,ABBVIE INC,0.889789
2023-12-01,78987,MCHP,MICROCHIP TECHNOLOGY INC,0.880941
2023-12-01,90829,CF,C F INDUSTRIES HOLDINGS INC,0.872307
2023-12-01,71175,UNM,UNUM GROUP,0.868458
2023-12-01,13748,TPH,TRI POINTE HOMES INC,0.867794
2023-12-01,11850,XOM,EXXON MOBIL CORP,0.864185
2023-12-01,32707,HP,HELMERICH & PAYNE INC,0.860335
2023-12-01,64186,CI,CIGNA GROUP,0.84577
2023-12-01,72726,STT,STATE STREET CORP,0.812154
2023-12-01,17005,CVS,C V S HEALTH CORP,0.808172
2023-12-01,12622,HCA,H C A HEALTHCARE INC,0.779779
2023-12-01,14008,AMGN,AMGEN INC,0.776201
2023-12-01,14169,PINC,PREMIER INC,0.741419
2023-12-01,82307,DVA,DAVITA INC,0.67183
2023-12-01,90386,MOS,MOSAIC CO NEW,0.662312
2023-12-01,82694,EME,EMCOR GROUP INC,0.658096
2023-12-01,85593,AMG,AFFILIATED MANAGERS GROUP INC,0.650534
2023-12-01,89866,LKQ,L K Q CORP,0.598655
2023-12-01,89179,ELV,ELEVANCE HEALTH INC,0.595458
2023-12-01,87137,DVN,DEVON ENERGY CORP NEW,0.588416
2023-12-01,18163,PG,PROCTER & GAMBLE CO,0.549084
2023-12-01,88417,ACLS,AXCELIS TECHNOLOGIES INC,0.542418
2023-12-01,13862,TMHC,TAYLOR MORRISON HOME CORP,0.521141
2023-12-01,91575,HRI,HERC HOLDINGS INC,0.517836
2023-12-01,71176,SON,SONOCO PRODUCTS CO,0.494178
2023-12-01,14579,PAYC,PAYCOM SOFTWARE INC,0.48378
2023-12-01,75603,CRUS,CIRRUS LOGIC INC,0.430438
2023-12-01,17221,LBRT,LIBERTY ENERGY INC,0.328498
2023-12-01,88860,ALGN,ALIGN TECHNOLOGY INC,0.260235
2023-12-01,77274,GILD,GILEAD SCIENCES INC,0.244853
2023-12-01,89070,ZBH,ZIMMER BIOMET HOLDINGS INC,0.205381
2023-12-01,49656,BK,BANK OF NEW YORK MELLON CORP,0.177649
2023-12-01,86102,FHI,FEDERATED HERMES INC,0.130497
2023-12-01,86822,EXTR,EXTREME NETWORKS INC,0.069448
2023-12-01,70228,TOL,TOLL BROTHERS INC,0.067274
2023-12-01,83272,HUBG,HUB GROUP INC,0.065962
2023-12-01,17743,WRB,BERKLEY W R CORP,0.037352
2023-12-01,11884,IPAR,INTERMEDIATE PARFUMS INC,0.033614
2023-12-01,10933,MKL,MARKEL GROUP INC,0.007957
2023-12-01,12788,KOS,KOSMOS ENERGY LTD DE,-0.164812
2023-12-01,14179,AR,ANTERO RESOURCES CORP,-0.235945
2023-12-01,89533,WYNN,WYNN RESORTS LTD,-0.339388
2023-12-01,16595,SNAP,SNAP INC,-0.392889
2023-12-01,14763,CTLT,CATALENT INC,-0.403785
2023-12-01,14988,LBRDK,LIBERTY BROADBAND CORP,-0.406728
2023-12-01,93246,GNRC,GENERAC HOLDINGS INC,-0.419436
2023-12-01,67847,RGLD,ROYAL GOLD INC,-0.444696
2023-12-01,77447,ICUI,I C U MEDICAL INC,-0.448539
2023-12-01,19880,MTZ,MASTEC INC,-0.500946
2023-12-01,91733,AVAV,AEROVIRONMENT INC,-0.518091
2023-12-01,18484,ZM,ZOOM VIDEO COMMUNICATIONS INC,-0.52024
2023-12-01,17929,UGI,U G I CORP NEW,-0.594539
2023-12-01,17125,DNLI,DENALI THERAPEUTICS INC,-0.612305
2023-12-01,11990,KKR,K K R & CO INC,-0.657422
2023-12-01,16086,HTZ,HERTZ GLOBAL HOLDINGS INC NEW,-0.673128
2023-12-01,60986,NWL,NEWELL BRANDS INC,-0.680731
2023-12-01,16436,ARCH,ARCH RESOURCES INC,-0.689911
2023-12-01,52978,HAS,HASBRO INC,-0.704679
2023-12-01,18368,NFE,NEW FORTRESS ENERGY INC,-0.714262
2023-12-01,75976,NEOG,NEOGEN CORP,-0.717524
2023-12-01,27684,AVT,AVNET INC,-0.727714
2023-12-01,24969,AVA,AVISTA CORP,-0.73425
2023-12-01,90177,ACAD,ACADIA PHARMACEUTICALS,-0.747387
2023-12-01,90444,ORA,ORMAT TECHNOLOGIES INC,-0.764013
2023-12-01,16021,PR,PERMIAN RESOURCES CORP,-0.765096
2023-12-01,75470,MIDD,MIDDLEBY CORP,-0.770554
2023-12-01,76591,QDEL,QUIDELORTHO CORP,-0.771752
2023-12-01,16381,BL,BLACKLINE INC,-0.772707
2023-12-01,26825,K,KELLANOVA,-0.778711
2023-12-01,16082,SITE,SITEONE LANDSCAPE SUPPLY INC,-0.810813
2023-12-01,43553,VFC,V F CORP,-0.841984
2023-12-01,91579,KBR,K B R INC,-0.86812
2023-12-01,84032,NOV,N O V INC,-0.880431
2023-12-01,13527,FIVE,FIVE BELOW INC,-0.884149
2023-12-01,90775,THS,TREEHOUSE FOODS INC,-0.906101
2023-12-01,52476,EFX,EQUIFAX INC,-0.907672
2023-12-01,17700,CDAY,CERIDIAN H C M HOLDING INC,-0.9095
2023-12-01,87356,TKO,T K O GROUP HOLDINGS INC,-0.911197
2023-12-01,43350,SWK,STANLEY BLACK & DECKER INC,-0.914845
2023-12-01,77730,TSN,TYSON FOODS INC,-0.928559
2023-12-01,17034,ALTR,ALTAIR ENGINEERING INC,-0.934003
2023-12-01,19285,CARR,CARRIER GLOBAL CORP,-0.936102
2023-12-01,15534,NTRA,NATERA INC,-0.939321
2023-12-01,69649,RJF,RAYMOND JAMES FINANCIAL INC,-0.941977
2023-12-01,14432,ITCI,INTRA CELLULAR THERAPIES INC,-0.947478
2023-12-01,61188,SWX,SOUTHWEST GAS HOLDINGS INC,-0.951087
2023-12-01,13688,PCG,P G & E CORP,-0.957505
2023-12-01,16678,KR,KROGER CO,-0.977727
2023-12-01,55511,PNM,P N M RESOURCES INC,-0.979248
2023-12-01,10397,WERN,WERNER ENTERPRISES INC,-1.0
2023-12-01,12477,WD,WALKER & DUNLOP INC,-1.0
2023-12-01,13181,GWRE,GUIDEWIRE SOFTWARE INC,-1.0
2023-12-01,13908,PFSI,PENNYMAC FINANCIAL SVCS INC NEW,-1.0
2023-12-01,14329,ARMK,ARAMARK,-1.0
2023-12-01,14436,RARE,ULTRAGENYX PHARMACEUTICALS INC,-1.0
2023-12-01,14574,MC,MOELIS & CO,-1.0
2023-12-01,14596,FIVN,FIVE 9 INC,-1.0
2023-12-01,14617,ARES,ARES MANAGEMENT CORP,-1.0
2023-12-01,15119,WK,WORKIVA INC,-1.0
2023-12-01,15167,SHAK,SHAKE SHACK INC,-1.0
2023-12-01,15284,BPMC,BLUEPRINT MEDICINES CORP,-1.0
2023-12-01,15398,CC,CHEMOURS CO,-1.0
2023-12-01,15452,EVH,EVOLENT HEALTH INC,-1.0
2023-12-01,15785,,,-1.0
2023-12-01,15859,AGR,AVANGRID INC,-1.0
2023-12-01,16432,GT,GOODYEAR TIRE & RUBBER CO,-1.0
2023-12-01,16499,PK,PARK HOTELS & RESORTS INC,-1.0
2023-12-01,16816,BHF,BRIGHTHOUSE FINANCIAL INC,-1.0
2023-12-01,16928,KRYS,KRYSTAL BIOTECH INC,-1.0
2023-12-01,17864,BJ,B J S WHOLESALE CLUB HLDGS INC,-1.0
2023-12-01,17959,CRNX,CRINETICS PHARMACEUTICALS INC,-1.0
2023-12-01,18312,MRNA,MODERNA INC,-1.0
2023-12-01,18770,BBIO,BRIDGEBIO PHARMA INC,-1.0
2023-12-01,18776,IMVT,IMMUNOVANT INC,-1.0
2023-12-01,18777,KRTX,KARUNA THERAPEUTICS INC,-1.0
2023-12-01,18909,NET,CLOUDFLARE INC,-1.0
2023-12-01,19081,SITM,SITIME CORP,-1.0
2023-12-01,19166,FMC,F M C CORP,-1.0
2023-12-01,19413,ACI,ALBERTSONS COMPANIES INC,-1.0
2023-12-01,19433,MP,M P MATERIALS CORP,-1.0
2023-12-01,19484,PCVX,VAXCYTE INC,-1.0
2023-12-01,19502,WBA,WALGREENS BOOTS ALLIANCE INC,-1.0
2023-12-01,19752,,,-1.0
2023-12-01,21207,NEM,NEWMONT CORP,-1.0
2023-12-01,22592,MMM,3M CO,-1.0
2023-12-01,23229,CMS,C M S ENERGY CORP,-1.0
2023-12-01,25419,WHR,WHIRLPOOL CORP,-1.0
2023-12-01,32870,HRL,HORMEL FOODS CORP,-1.0
2023-12-01,53613,MU,MICRON TECHNOLOGY INC,-1.0
2023-12-01,57568,BALL,BALL CORP,-1.0
2023-12-01,58683,LUV,SOUTHWEST AIRLINES CO,-1.0
2023-12-01,59328,INTC,INTEL CORP,-1.0
2023-12-01,61241,AMD,ADVANCED MICRO DEVICES INC,-1.0
2023-12-01,65294,RLI,R L I CORP,-1.0
2023-12-01,66384,WDC,WESTERN DIGITAL CORP,-1.0
2023-12-01,76136,KMPR,KEMPER CORP DE,-1.0
2023-12-01,76661,IONS,IONIS PHARMACEUTICALS INC,-1.0
2023-12-01,80069,ARWR,ARROWHEAD PHARMACEUTICALS INC,-1.0
2023-12-01,82547,AEIS,ADVANCED ENERGY INDUSTRIES INC,-1.0
2023-12-01,84319,LAD,LITHIA MOTORS INC,-1.0
2023-12-01,84372,VYX,N C R VOYIX CORP,-1.0
2023-12-01,84761,TTWO,TAKE TWO INTERACTIVE SOFTWR INC,-1.0
2023-12-01,85246,JLL,JONES LANG LASALLE INC,-1.0
2023-12-01,85464,CWST,CASELLA WASTE SYSTEMS INC,-1.0
2023-12-01,85738,MRCY,MERCURY SYSTEMS INC,-1.0
2023-12-01,88351,INSM,INSMED INC,-1.0
2023-12-01,88949,SGEN,SEAGEN INC,-1.0
2023-12-01,89031,AXON,AXON ENTERPRISE INC,-1.0
2023-12-01,90071,NRG,N R G ENERGY INC,-1.0
2023-12-01,90199,CBRE,C B R E GROUP INC,-1.0
2023-12-01,92040,FOLD,AMICUS THERAPEUTICS INC,-1.0
2023-12-01,92220,MASI,MASIMO CORP,-1.0
2023-12-01,92601,NOG,NORTHERN OIL & GAS INC,-1.0
2024-01-01,10107,MSFT,MICROSOFT CORP,1.0
2024-01-01,11018,FBP,FIRST BANCORP P R,1.0
2024-01-01,11691,MATX,MATSON INC,1.0
2024-01-01,11995,COKE,COCA COLA CONSOLIDATED INC,1.0
2024-01-01,12570,ITT,I T T INC,1.0
2024-01-01,12622,HCA,H C A HEALTHCARE INC,1.0
2024-01-01,13407,META,META PLATFORMS INC,1.0
2024-01-01,13748,TPH,TRI POINTE HOMES INC,1.0
2024-01-01,13766,BCC,BOISE CASCADE CO,1.0
2024-01-01,13788,ZTS,ZOETIS INC,1.0
2024-01-01,13901,MO,ALTRIA GROUP INC,1.0
2024-01-01,13936,PVH,P V H CORP,1.0
2024-01-01,14229,OMF,ONEMAIN HOLDINGS INC,1.0
2024-01-01,14318,NMIH,N M I HOLDINGS INC,1.0
2024-01-01,14593,AAPL,APPLE INC,1.0
2024-01-01,16076,GMS,G M S INC,1.0
2024-01-01,16260,MEDP,MEDPACE HOLDINGS INC,1.0
2024-01-01,16655,CVNA,CARVANA CO,1.0
2024-01-01,16736,VST,VISTRA CORP,1.0
2024-01-01,17223,ADT,A D T INC,1.0
2024-01-01,18064,FTDR,FRONTDOOR INC,1.0
2024-01-01,18091,CW,CURTISS WRIGHT CORP,1.0
2024-01-01,18973,BRC,BRADY CORP,1.0
2024-01-01,19393,BMY,BRISTOL MYERS SQUIBB CO,1.0
2024-01-01,22111,JNJ,JOHNSON & JOHNSON,1.0
2024-01-01,23660,CTAS,CINTAS CORP,1.0
2024-01-01,24248,ALE,ALLETE INC,1.0
2024-01-01,35991,ROG,ROGERS CORP,1.0
2024-01-01,42550,NEU,NEWMARKET CORP,1.0
2024-01-01,65307,RPM,R P M INTERNATIONAL INC,1.0
2024-01-01,65402,AOS,SMITH A O CORP,1.0
2024-01-01,75510,ADBE,ADOBE INC,1.0
2024-01-01,76076,CSCO,CISCO SYSTEMS INC,1.0
2024-01-01,77274,GILD,GILEAD SCIENCES INC,1.0
2024-01-01,79862,ROCK,GIBRALTAR INDUSTRIES INC,1.0
2024-01-01,80415,EXP,EAGLE MATERIALS INC,1.0
2024-01-01,82694,EME,EMCOR GROUP INC,1.0
2024-01-01,82775,HIG,HARTFORD FINANCIAL SVCS GRP INC,1.0
2024-01-01,82800,SCCO,SOUTHERN COPPER CORP,1.0
2024-01-01,83601,WOR,WORTHINGTON ENTERPRISES INC,1.0
2024-01-01,83779,PEGA,PEGASYSTEMS INC,1.0
2024-01-01,84723,LNG,CHENIERE ENERGY INC,1.0
2024-01-01,85631,ADSK,AUTODESK INC,1.0
2024-01-01,86356,EBAY,EBAY INC,1.0
2024-01-01,86580,NVDA,NVIDIA CORP,1.0
2024-01-01,86783,BKNG,BOOKING HOLDINGS INC,1.0
2024-01-01,87432,A,AGILENT TECHNOLOGIES INC,1.0
2024-01-01,88661,TPR,TAPESTRY INC,1.0
2024-01-01,89269,CNC,CENTENE CORP DEL,1.0
2024-01-01,89525,CMCSA,COMCAST CORP NEW,1.0
2024-01-01,89946,AEL,AMERICAN EQUITY INVT LIFE HLDG C,1.0
2024-01-01,90215,CRM,SALESFORCE INC,1.0
2024-01-01,90249,ENS,ENERSYS,1.0
2024-01-01,90319,GOOGL,ALPHABET INC,1.0
2024-01-01,90776,WAL,WESTERN ALLIANCE BANCORPORATION,1.0
2024-01-01,90880,AMP,AMERIPRISE FINANCIAL INC,1.0
2024-01-01,91233,MA,MASTERCARD INC,1.0
2024-01-01,91516,AWI,ARMSTRONG WORLD INDS INC NEW,1.0
2024-01-01,91531,OC,OWENS CORNING NEW,1.0
2024-01-01,92402,MSCI,M S C I INC,1.0
2024-01-01,93132,FTNT,FORTINET INC,1.0
2024-01-01,93312,SSNC,S S & C TECHNOLOGIES HLDGS INC,1.0
2024-01-01,13284,ALSN,ALLISON TRANSMISSION HLDGS INC,0.975469
2024-01-01,61313,DCI,DONALDSON INC,0.974686
2024-01-01,23473,CINF,CINCINNATI FINANCIAL CORP,0.974601
2024-01-01,79133,ATR,APTARGROUP INC,0.969964
2024-01-01,22779,MSI,MOTOROLA SOLUTIONS INC,0.968452
2024-01-01,85753,VRSN,VERISIGN INC,0.966328
2024-01-01,92221,MELI,MERCADOLIBRE INC,0.965545
2024-01-01,23712,PEG,PUBLIC SERVICE ENTERPRISE GP INC,0.965123
2024-01-01,13721,ABBV,ABBVIE INC,0.964606
2024-01-01,64186,CI,CIGNA GROUP,0.964416
2024-01-01,13911,IQV,IQVIA HOLDINGS INC,0.963978
2024-01-01,92852,LOPE,GRAND CANYON EDUCATION INC,0.961503
2024-01-01,85992,MANH,MANHATTAN ASSOCIATES INC,0.961078
2024-01-01,73139,SYK,STRYKER CORP,0.960823
2024-01-01,13928,COP,CONOCOPHILLIPS,0.960623
2024-01-01,90550,DLB,DOLBY LABORATORIES INC,0.957716
2024-01-01,55976,WMT,WALMART INC,0.955923
2024-01-01,93330,PRI,PRIMERICA INC,0.951943
2024-01-01,92655,UNH,UNITEDHEALTH GROUP INC,0.951082
2024-01-01,77357,SNPS,SYNOPSYS INC,0.943601
2024-01-01,80864,RS,RELIANCE STEEL & ALUMINUM CO,0.940581
2024-01-01,17005,CVS,C V S HEALTH CORP,0.935673
2024-01-01,90829,CF,C F INDUSTRIES HOLDINGS INC,0.919078
2024-01-01,75825,EOG,EOG RESOURCES INC,0.9089
2024-01-01,75241,PXD,PIONEER NATURAL RESOURCES CO,0.906176
2024-01-01,72726,STT,STATE STREET CORP,0.868134
2024-01-01,48653,HUM,HUMANA INC,0.867782
2024-01-01,32707,HP,HELMERICH & PAYNE INC,0.856427
2024-01-01,11850,XOM,EXXON MOBIL CORP,0.837283
2024-01-01,14008,AMGN,AMGEN INC,0.8258
2024-01-01,14169,PINC,PREMIER INC,0.801991
2024-01-01,78987,MCHP,MICROCHIP TECHNOLOGY INC,0.730483
2024-01-01,82307,DVA,DAVITA INC,0.690815
2024-01-01,90386,MOS,MOSAIC CO NEW,0.660293
2024-01-01,89866,LKQ,L K Q CORP,0.639928
2024-01-01,91575,HRI,HERC HOLDINGS INC,0.624451
2024-01-01,13862,TMHC,TAYLOR MORRISON HOME CORP,0.614249
2024-01-01,88860,ALGN,ALIGN TECHNOLOGY INC,0.607848
2024-01-01,87137,DVN,DEVON ENERGY CORP NEW,0.600369
2024-01-01,89179,ELV,ELEVANCE HEALTH INC,0.584868
2024-01-01,88417,ACLS,AXCELIS TECHNOLOGIES INC,0.563716
2024-01-01,14579,PAYC,PAYCOM SOFTWARE INC,0.548454
2024-01-01,18163,PG,PROCTER & GAMBLE CO,0.521777
2024-01-01,71176,SON,SONOCO PRODUCTS CO,0.498431
2024-01-01,17221,LBRT,LIBERTY ENERGY INC,0.299907
2024-01-01,89070,ZBH,ZIMMER BIOMET HOLDINGS INC,0.231817
2024-01-01,49656,BK,BANK OF NEW YORK MELLON CORP,0.190605
2024-01-01,41355,PH,PARKER HANNIFIN CORP,0.169705
2024-01-01,86102,FHI,FEDERATED HERMES INC,0.138306
2024-01-01,86822,EXTR,EXTREME NETWORKS INC,0.075607
2024-01-01,11884,IPAR,INTERMEDIATE PARFUMS INC,0.038703
2024-01-01,17743,WRB,BERKLEY W R CORP,0.036567
2024-01-01,10933,MKL,MARKEL GROUP INC,0.007817
2024-01-01,12788,KOS,KOSMOS ENERGY LTD DE,-0.162167
2024-01-01,89482,BANC,BANC OF CALIFORNIA INC,-0.191653
2024-01-01,14179,AR,ANTERO RESOURCES CORP,-0.225453
2024-01-01,17929,UGI,U G I CORP NEW,-0.362635
2024-01-01,89533,WYNN,WYNN RESORTS LTD,-0.364836
2024-01-01,14988,LBRDK,LIBERTY BROADBAND CORP,-0.392613
2024-01-01,14763,CTLT,CATALENT INC,-0.465254
2024-01-01,91733,AVAV,AEROVIRONMENT INC,-0.472321
2024-01-01,16595,SNAP,SNAP INC,-0.479279
2024-01-01,77447,ICUI,I C U MEDICAL INC,-0.507855
2024-01-01,18484,ZM,ZOOM VIDEO COMMUNICATIONS INC,-0.549313
2024-01-01,19880,MTZ,MASTEC INC,-0.623385
2024-01-01,18368,NFE,NEW FORTRESS ENERGY INC,-0.699213
2024-01-01,17125,DNLI,DENALI THERAPEUTICS INC,-0.706895
2024-01-01,16021,PR,PERMIAN RESOURCES CORP,-0.765497
2024-01-01,24969,AVA,AVISTA CORP,-0.769831
2024-01-01,60986,NWL,NEWELL BRANDS INC,-0.771505
2024-01-01,52978,HAS,HASBRO INC,-0.772278
2024-01-01,42585,SJM,SMUCKER J M CO,-0.77236
2024-01-01,27684,AVT,AVNET INC,-0.786491
2024-01-01,60580,TTC,TORO CO,-0.798005
2024-01-01,76591,QDEL,QUIDELORTHO CORP,-0.824267
2024-01-01,26825,K,KELLANOVA,-0.825337
2024-01-01,16381,BL,BLACKLINE INC,-0.83072
2024-01-01,16086,HTZ,HERTZ GLOBAL HOLDINGS INC NEW,-0.835713
2024-01-01,75976,NEOG,NEOGEN CORP,-0.847228
2024-01-01,90444,ORA,ORMAT TECHNOLOGIES INC,-0.856879
2024-01-01,17700,CDAY,CERIDIAN H C M HOLDING INC,-0.882123
2024-01-01,75470,MIDD,MIDDLEBY CORP,-0.895092
2024-01-01,90775,THS,TREEHOUSE FOODS INC,-0.918706
2024-01-01,91579,KBR,K B R INC,-0.929585
2024-01-01,16082,SITE,SITEONE LANDSCAPE SUPPLY INC,-0.932183
2024-01-01,43553,VFC,V F CORP,-0.947265
2024-01-01,84032,NOV,N O V INC,-0.947547
2024-01-01,87356,TKO,T K O GROUP HOLDINGS INC,-0.957389
2024-01-01,55511,PNM,P N M RESOURCES INC,-0.975778
2024-01-01,65294,RLI,R L I CORP,-0.977445
2024-01-01,43350,SWK,STANLEY BLACK & DECKER INC,-0.983406
2024-01-01,92601,NOG,NORTHERN OIL & GAS INC,-0.996676
2024-01-01,69649,RJF,RAYMOND JAMES FINANCIAL INC,-0.998876
2024-01-01,14329,ARMK,ARAMARK,-0.998947
2024-01-01,10397,WERN,WERNER ENTERPRISES INC,-1.0
2024-01-01,12477,WD,WALKER & DUNLOP INC,-1.0
2024-01-01,13527,FIVE,FIVE BELOW INC,-1.0
2024-01-01,13688,PCG,P G & E CORP,-1.0
2024-01-01,13908,PFSI,PENNYMAC FINANCIAL SVCS INC NEW,-1.0
2024-01-01,14432,ITCI,INTRA CELLULAR THERAPIES INC,-1.0
2024-01-01,14436,RARE,ULTRAGENYX PHARMACEUTICALS INC,-1.0
2024-01-01,14596,FIVN,FIVE 9 INC,-1.0
2024-01-01,14617,ARES,ARES MANAGEMENT CORP,-1.0
2024-01-01,14691,CBAY,CYMABAY THERAPEUTICS INC,-1.0
2024-01-01,15119,WK,WORKIVA INC,-1.0
2024-01-01,15167,SHAK,SHAKE SHACK INC,-1.0
2024-01-01,15284,BPMC,BLUEPRINT MEDICINES CORP,-1.0
2024-01-01,15398,CC,CHEMOURS CO,-1.0
2024-01-01,15452,EVH,EVOLENT HEALTH INC,-1.0
2024-01-01,15534,NTRA,NATERA INC,-1.0
2024-01-01,15859,AGR,AVANGRID INC,-1.0
2024-01-01,16432,GT,GOODYEAR TIRE & RUBBER CO,-1.0
2024-01-01,16499,PK,PARK HOTELS & RESORTS INC,-1.0
2024-01-01,16678,KR,KROGER CO,-1.0
2024-01-01,16816,BHF,BRIGHTHOUSE FINANCIAL INC,-1.0
2024-01-01,16928,KRYS,KRYSTAL BIOTECH INC,-1.0
2024-01-01,17034,ALTR,ALTAIR ENGINEERING INC,-1.0
2024-01-01,17864,BJ,B J S WHOLESALE CLUB HLDGS INC,-1.0
2024-01-01,17959,CRNX,CRINETICS PHARMACEUTICALS INC,-1.0
2024-01-01,18312,MRNA,MODERNA INC,-1.0
2024-01-01,18770,BBIO,BRIDGEBIO PHARMA INC,-1.0
2024-01-01,18776,IMVT,IMMUNOVANT INC,-1.0
2024-01-01,18777,KRTX,KARUNA THERAPEUTICS INC,-1.0
2024-01-01,18909,NET,CLOUDFLARE INC,-1.0
2024-01-01,19081,SITM,SITIME CORP,-1.0
2024-01-01,19166,FMC,F M C CORP,-1.0
2024-01-01,19201,RVMD,REVOLUTION MEDICINES INC,-1.0
2024-01-01,19285,CARR,CARRIER GLOBAL CORP,-1.0
2024-01-01,19413,ACI,ALBERTSONS COMPANIES INC,-1.0
2024-01-01,19433,MP,M P MATERIALS CORP,-1.0
2024-01-01,19484,PCVX,VAXCYTE INC,-1.0
2024-01-01,19502,WBA,WALGREENS BOOTS ALLIANCE INC,-1.0
2024-01-01,21207,NEM,NEWMONT CORP,-1.0
2024-01-01,22592,MMM,3M CO,-1.0
2024-01-01,23229,CMS,C M S ENERGY CORP,-1.0
2024-01-01,25419,WHR,WHIRLPOOL CORP,-1.0
2024-01-01,32870,HRL,HORMEL FOODS CORP,-1.0
2024-01-01,52476,EFX,EQUIFAX INC,-1.0
2024-01-01,53613,MU,MICRON TECHNOLOGY INC,-1.0
2024-01-01,57568,BALL,BALL CORP,-1.0
2024-01-01,58683,LUV,SOUTHWEST AIRLINES CO,-1.0
2024-01-01,59328,INTC,INTEL CORP,-1.0
2024-01-01,61188,SWX,SOUTHWEST GAS HOLDINGS INC,-1.0
2024-01-01,61241,AMD,ADVANCED MICRO DEVICES INC,-1.0
2024-01-01,66384,WDC,WESTERN DIGITAL CORP,-1.0
2024-01-01,76136,KMPR,KEMPER CORP DE,-1.0
2024-01-01,76661,IONS,IONIS PHARMACEUTICALS INC,-1.0
2024-01-01,77730,TSN,TYSON FOODS INC,-1.0
2024-01-01,80069,ARWR,ARROWHEAD PHARMACEUTICALS INC,-1.0
2024-01-01,82547,AEIS,ADVANCED ENERGY INDUSTRIES INC,-1.0
2024-01-01,84372,VYX,N C R VOYIX CORP,-1.0
2024-01-01,84761,TTWO,TAKE TWO INTERACTIVE SOFTWR INC,-1.0
2024-01-01,85246,JLL,JONES LANG LASALLE INC,-1.0
2024-01-01,85464,CWST,CASELLA WASTE SYSTEMS INC,-1.0
2024-01-01,85738,MRCY,MERCURY SYSTEMS INC,-1.0
2024-01-01,88351,INSM,INSMED INC,-1.0
2024-01-01,88949,,,-1.0
2024-01-01,89031,AXON,AXON ENTERPRISE INC,-1.0
2024-01-01,90071,NRG,N R G ENERGY INC,-1.0
2024-01-01,90177,ACAD,ACADIA PHARMACEUTICALS,-1.0
2024-01-01,90199,CBRE,C B R E GROUP INC,-1.0
2024-01-01,92040,FOLD,AMICUS THERAPEUTICS INC,-1.0
2024-01-01,92220,MASI,MASIMO CORP,-1.0
2024-01-01,92294,UEC,URANIUM ENERGY CORP,-1.0
2024-02-01,10107,MSFT,MICROSOFT CORP,1.0
2024-02-01,11018,FBP,FIRST BANCORP P R,1.0
2024-02-01,11691,MATX,MATSON INC,1.0
2024-02-01,11884,IPAR,INTERMEDIATE PARFUMS INC,1.0
2024-02-01,12570,ITT,I T T INC,1.0
2024-02-01,12622,HCA,H C A HEALTHCARE INC,1.0
2024-02-01,13284,ALSN,ALLISON TRANSMISSION HLDGS INC,1.0
2024-02-01,13407,META,META PLATFORMS INC,1.0
2024-02-01,13721,ABBV,ABBVIE INC,1.0
2024-02-01,13766,BCC,BOISE CASCADE CO,1.0
2024-02-01,13788,ZTS,ZOETIS INC,1.0
2024-02-01,14318,NMIH,N M I HOLDINGS INC,1.0
2024-02-01,14593,AAPL,APPLE INC,1.0
2024-02-01,15850,MTCH,MATCH GROUP INC NEW,1.0
2024-02-01,16076,GMS,G M S INC,1.0
2024-02-01,16655,CVNA,CARVANA CO,1.0
2024-02-01,16736,VST,VISTRA CORP,1.0
2024-02-01,17223,ADT,A D T INC,1.0
2024-02-01,18064,FTDR,FRONTDOOR INC,1.0
2024-02-01,18091,CW,CURTISS WRIGHT CORP,1.0
2024-02-01,18973,BRC,BRADY CORP,1.0
2024-02-01,19393,BMY,BRISTOL MYERS SQUIBB CO,1.0
2024-02-01,22111,JNJ,JOHNSON & JOHNSON,1.0
2024-02-01,23473,CINF,CINCINNATI FINANCIAL CORP,1.0
2024-02-01,41355,PH,PARKER HANNIFIN CORP,1.0
2024-02-01,42550,NEU,NEWMARKET CORP,1.0
2024-02-01,62308,GL,GLOBE LIFE INC,1.0
2024-02-01,65307,RPM,R P M INTERNATIONAL INC,1.0
2024-02-01,65402,AOS,SMITH A O CORP,1.0
2024-02-01,73139,SYK,STRYKER CORP,1.0
2024-02-01,75510,ADBE,ADOBE INC,1.0
2024-02-01,76076,CSCO,CISCO SYSTEMS INC,1.0
2024-02-01,79133,ATR,APTARGROUP INC,1.0
2024-02-01,79862,ROCK,GIBRALTAR INDUSTRIES INC,1.0
2024-02-01,80415,EXP,EAGLE MATERIALS INC,1.0
2024-02-01,82694,EME,EMCOR GROUP INC,1.0
2024-02-01,82775,HIG,HARTFORD FINANCIAL SVCS GRP INC,1.0
2024-02-01,84723,LNG,CHENIERE ENERGY INC,1.0
2024-02-01,85631,ADSK,AUTODESK INC,1.0
2024-02-01,85875,IBOC,INTERNATIONAL BANCSHARES CORP,1.0
2024-02-01,86580,NVDA,NVIDIA CORP,1.0
2024-02-01,87432,A,AGILENT TECHNOLOGIES INC,1.0
2024-02-01,88661,TPR,TAPESTRY INC,1.0
2024-02-01,88860,ALGN,ALIGN TECHNOLOGY INC,1.0
2024-02-01,89269,CNC,CENTENE CORP DEL,1.0
2024-02-01,89525,CMCSA,COMCAST CORP NEW,1.0
2024-02-01,90215,CRM,SALESFORCE INC,1.0
2024-02-01,90249,ENS,ENERSYS,1.0
2024-02-01,90319,GOOGL,ALPHABET INC,1.0
2024-02-01,90880,AMP,AMERIPRISE FINANCIAL INC,1.0
2024-02-01,91233,MA,MASTERCARD INC,1.0
2024-02-01,91363,PGTI,P G T INNOVATIONS INC,1.0
2024-02-01,91516,AWI,ARMSTRONG WORLD INDS INC NEW,1.0
2024-02-01,91531,OC,OWENS CORNING NEW,1.0
2024-02-01,92221,MELI,MERCADOLIBRE INC,1.0
2024-02-01,92402,MSCI,M S C I INC,1.0
2024-02-01,92852,LOPE,GRAND CANYON EDUCATION INC,1.0
2024-02-01,93132,FTNT,FORTINET INC,1.0
2024-02-01,93312,SSNC,S S & C TECHNOLOGIES HLDGS INC,1.0
2024-02-01,93330,PRI,PRIMERICA INC,1.0
2024-02-01,23660,CTAS,CINTAS CORP,0.99844
2024-02-01,55976,WMT,WALMART INC,0.997485
2024-02-01,83779,PEGA,PEGASYSTEMS INC,0.992815
2024-02-01,13901,MO,ALTRIA GROUP INC,0.989817
2024-02-01,89946,AEL,AMERICAN EQUITY INVT LIFE HLDG C,0.984697
2024-02-01,86783,BKNG,BOOKING HOLDINGS INC,0.984065
2024-02-01,22779,MSI,MOTOROLA SOLUTIONS INC,0.983699
2024-02-01,13936,PVH,P V H CORP,0.98004
2024-02-01,77357,SNPS,SYNOPSYS INC,0.972931
2024-02-01,13748,TPH,TRI POINTE HOMES INC,0.970695
2024-02-01,90776,WAL,WESTERN ALLIANCE BANCORPORATION,0.967455
2024-02-01,64186,CI,CIGNA GROUP,0.964686
2024-02-01,14229,OMF,ONEMAIN HOLDINGS INC,0.962751
2024-02-01,24248,ALE,ALLETE INC,0.961752
2024-02-01,77274,GILD,GILEAD SCIENCES INC,0.961325
2024-02-01,61313,DCI,DONALDSON INC,0.958741
2024-02-01,80864,RS,RELIANCE STEEL & ALUMINUM CO,0.955438
2024-02-01,82800,SCCO,SOUTHERN COPPER CORP,0.949146
2024-02-01,16260,MEDP,MEDPACE HOLDINGS INC,0.946499
2024-02-01,11995,COKE,COCA COLA CONSOLIDATED INC,0.941316
2024-02-01,86356,EBAY,EBAY INC,0.936812
2024-02-01,85753,VRSN,VERISIGN INC,0.92854
2024-02-01,13928,COP,CONOCOPHILLIPS,0.92132
2024-02-01,92655,UNH,UNITEDHEALTH GROUP INC,0.919974
2024-02-01,90550,DLB,DOLBY LABORATORIES INC,0.919848
2024-02-01,23712,PEG,PUBLIC SERVICE ENTERPRISE GP INC,0.910685
2024-02-01,17005,CVS,C V S HEALTH CORP,0.884861
2024-02-01,90829,CF,C F INDUSTRIES HOLDINGS INC,0.868604
2024-02-01,35991,ROG,ROGERS CORP,0.868066
2024-02-01,13911,IQV,IQVIA HOLDINGS INC,0.862971
2024-02-01,75825,EOG,EOG RESOURCES INC,0.857735
2024-02-01,72726,STT,STATE STREET CORP,0.823793
2024-02-01,39490,APA,A P A CORP,0.787695
2024-02-01,14169,PINC,PREMIER INC,0.771657
2024-02-01,82307,DVA,DAVITA INC,0.709968
2024-02-01,89866,LKQ,L K Q CORP,0.621905
2024-02-01,91575,HRI,HERC HOLDINGS INC,0.615626
2024-02-01,89179,ELV,ELEVANCE HEALTH INC,0.609239
2024-02-01,13862,TMHC,TAYLOR MORRISON HOME CORP,0.597413
2024-02-01,90386,MOS,MOSAIC CO NEW,0.564401
2024-02-01,88417,ACLS,AXCELIS TECHNOLOGIES INC,0.562615
2024-02-01,18163,PG,PROCTER & GAMBLE CO,0.560606
2024-02-01,87137,DVN,DEVON ENERGY CORP NEW,0.554059
2024-02-01,71176,SON,SONOCO PRODUCTS CO,0.505263
2024-02-01,14579,PAYC,PAYCOM SOFTWARE INC,0.502137
2024-02-01,93089,VRSK,VERISK ANALYTICS INC,0.488542
2024-02-01,48653,HUM,HUMANA INC,0.428746
2024-02-01,78987,MCHP,MICROCHIP TECHNOLOGY INC,0.400882
2024-02-01,89070,ZBH,ZIMMER BIOMET HOLDINGS INC,0.23815
2024-02-01,49656,BK,BANK OF NEW YORK MELLON CORP,0.203741
2024-02-01,86102,FHI,FEDERATED HERMES INC,0.142146
2024-02-01,10933,MKL,MARKEL GROUP INC,0.008207
2024-02-01,77447,ICUI,I C U MEDICAL INC,-0.115538
2024-02-01,12788,KOS,KOSMOS ENERGY LTD DE,-0.145691
2024-02-01,14179,AR,ANTERO RESOURCES CORP,-0.221007
2024-02-01,89533,WYNN,WYNN RESORTS LTD,-0.376405
2024-02-01,14988,LBRDK,LIBERTY BROADBAND CORP,-0.380331
2024-02-01,91733,AVAV,AEROVIRONMENT INC,-0.449851
2024-02-01,18484,ZM,ZOOM VIDEO COMMUNICATIONS INC,-0.490951
2024-02-01,12473,KNX,KNIGHT SWIFT TRANSPORT HDLGS INC,-0.492517
2024-02-01,65294,RLI,R L I CORP,-0.506783
2024-02-01,91204,POR,PORTLAND GENERAL ELECTRIC CO,-0.513183
2024-02-01,17125,DNLI,DENALI THERAPEUTICS INC,-0.524028
2024-02-01,14763,CTLT,CATALENT INC,-0.532536
2024-02-01,18368,NFE,NEW FORTRESS ENERGY INC,-0.612513
2024-02-01,79859,NYCB,NEW YORK COMMUNITY BANCORP INC,-0.621423
2024-02-01,16086,HTZ,HERTZ GLOBAL HOLDINGS INC NEW,-0.667675
2024-02-01,27684,AVT,AVNET INC,-0.703186
2024-02-01,24969,AVA,AVISTA CORP,-0.728927
2024-02-01,60986,NWL,NEWELL BRANDS INC,-0.735859
2024-02-01,52978,HAS,HASBRO INC,-0.747299
2024-02-01,16021,PR,PERMIAN RESOURCES CORP,-0.755122
2024-02-01,76591,QDEL,QUIDELORTHO CORP,-0.762323
2024-02-01,60580,TTC,TORO CO,-0.765052
2024-02-01,16381,BL,BLACKLINE INC,-0.776767
2024-02-01,26825,K,KELLANOVA,-0.804458
2024-02-01,90177,ACAD,ACADIA PHARMACEUTICALS,-0.822802
2024-02-01,43553,VFC,V F CORP,-0.824881
2024-02-01,21207,NEM,NEWMONT CORP,-0.829047
2024-02-01,19502,WBA,WALGREENS BOOTS ALLIANCE INC,-0.833042
2024-02-01,13527,FIVE,FIVE BELOW INC,-0.837174
2024-02-01,18770,BBIO,BRIDGEBIO PHARMA INC,-0.844664
2024-02-01,55511,PNM,P N M RESOURCES INC,-0.845203
2024-02-01,59328,INTC,INTEL CORP,-0.852584
2024-02-01,75470,MIDD,MIDDLEBY CORP,-0.853758
2024-02-01,15284,BPMC,BLUEPRINT MEDICINES CORP,-0.857478
2024-02-01,22592,MMM,3M CO,-0.858334
2024-02-01,19081,SITM,SITIME CORP,-0.868223
2024-02-01,91579,KBR,K B R INC,-0.869827
2024-02-01,16082,SITE,SITEONE LANDSCAPE SUPPLY INC,-0.882169
2024-02-01,84032,NOV,N O V INC,-0.90709
2024-02-01,17700,CDAY,CERIDIAN H C M HOLDING INC,-0.909494
2024-02-01,14436,RARE,ULTRAGENYX PHARMACEUTICALS INC,-0.917688
2024-02-01,61188,SWX,SOUTHWEST GAS HOLDINGS INC,-0.921554
2024-02-01,90199,CBRE,C B R E GROUP INC,-0.922438
2024-02-01,19413,ACI,ALBERTSONS COMPANIES INC,-0.922956
2024-02-01,90775,THS,TREEHOUSE FOODS INC,-0.928768
2024-02-01,43350,SWK,STANLEY BLACK & DECKER INC,-0.930637
2024-02-01,13688,PCG,P G & E CORP,-0.930934
2024-02-01,15859,AGR,AVANGRID INC,-0.932636
2024-02-01,85246,JLL,JONES LANG LASALLE INC,-0.932741
2024-02-01,14432,ITCI,INTRA CELLULAR THERAPIES INC,-0.935511
2024-02-01,18909,NET,CLOUDFLARE INC,-0.944706
2024-02-01,19285,CARR,CARRIER GLOBAL CORP,-0.947577
2024-02-01,82547,AEIS,ADVANCED ENERGY INDUSTRIES INC,-0.951753
2024-02-01,57568,BALL,BALL CORP,-0.959283
2024-02-01,14596,FIVN,FIVE 9 INC,-0.959307
2024-02-01,89031,AXON,AXON ENTERPRISE INC,-0.959387
2024-02-01,16432,GT,GOODYEAR TIRE & RUBBER CO,-0.968735
2024-02-01,16499,PK,PARK HOTELS & RESORTS INC,-0.980892
2024-02-01,13908,PFSI,PENNYMAC FINANCIAL SVCS INC NEW,-0.982257
2024-02-01,69649,RJF,RAYMOND JAMES FINANCIAL INC,-0.982326
2024-02-01,52476,EFX,EQUIFAX INC,-0.983342
2024-02-01,18777,KRTX,KARUNA THERAPEUTICS INC,-0.985508
2024-02-01,85464,CWST,CASELLA WASTE SYSTEMS INC,-0.993867
2024-02-01,10397,WERN,WERNER ENTERPRISES INC,-1.0
2024-02-01,14329,ARMK,ARAMARK,-1.0
2024-02-01,14574,MC,MOELIS & CO,-1.0
2024-02-01,14617,ARES,ARES MANAGEMENT CORP,-1.0
2024-02-01,14691,CBAY,CYMABAY THERAPEUTICS INC,-1.0
2024-02-01,15119,WK,WORKIVA INC,-1.0
2024-02-01,15167,SHAK,SHAKE SHACK INC,-1.0
2024-02-01,15221,RCKT,ROCKET PHARMACEUTICALS INC,-1.0
2024-02-01,15398,CC,CHEMOURS CO,-1.0
2024-02-01,15452,EVH,EVOLENT HEALTH INC,-1.0
2024-02-01,15534,NTRA,NATERA INC,-1.0
2024-02-01,15623,HLI,HOULIHAN LOKEY INC,-1.0
2024-02-01,16595,SNAP,SNAP INC,-1.0
2024-02-01,16678,KR,KROGER CO,-1.0
2024-02-01,16928,KRYS,KRYSTAL BIOTECH INC,-1.0
2024-02-01,17034,ALTR,ALTAIR ENGINEERING INC,-1.0
2024-02-01,17864,BJ,B J S WHOLESALE CLUB HLDGS INC,-1.0
2024-02-01,17959,CRNX,CRINETICS PHARMACEUTICALS INC,-1.0
2024-02-01,18100,ARVN,ARVINAS INC,-1.0
2024-02-01,18312,MRNA,MODERNA INC,-1.0
2024-02-01,19166,FMC,F M C CORP,-1.0
2024-02-01,19201,RVMD,REVOLUTION MEDICINES INC,-1.0
2024-02-01,19433,MP,M P MATERIALS CORP,-1.0
2024-02-01,19484,PCVX,VAXCYTE INC,-1.0
2024-02-01,19880,MTZ,MASTEC INC,-1.0
2024-02-01,23229,CMS,C M S ENERGY CORP,-1.0
2024-02-01,32870,HRL,HORMEL FOODS CORP,-1.0
2024-02-01,42585,SJM,SMUCKER J M CO,-1.0
2024-02-01,50606,TDW,TIDEWATER INC NEW,-1.0
2024-02-01,53613,MU,MICRON TECHNOLOGY INC,-1.0
2024-02-01,58683,LUV,SOUTHWEST AIRLINES CO,-1.0
2024-02-01,61241,AMD,ADVANCED MICRO DEVICES INC,-1.0
2024-02-01,66384,WDC,WESTERN DIGITAL CORP,-1.0
2024-02-01,76136,KMPR,KEMPER CORP DE,-1.0
2024-02-01,76661,IONS,IONIS PHARMACEUTICALS INC,-1.0
2024-02-01,76712,AES,A E S CORP,-1.0
2024-02-01,77730,TSN,TYSON FOODS INC,-1.0
2024-02-01,80069,ARWR,ARROWHEAD PHARMACEUTICALS INC,-1.0
2024-02-01,84372,VYX,N C R VOYIX CORP,-1.0
2024-02-01,84761,TTWO,TAKE TWO INTERACTIVE SOFTWR INC,-1.0
2024-02-01,85789,CADE,CADENCE BANK,-1.0
2024-02-01,87356,TKO,T K O GROUP HOLDINGS INC,-1.0
2024-02-01,88351,INSM,INSMED INC,-1.0
2024-02-01,89297,CCOI,COGENT COMMUNICATIONS HLDS INC,-1.0
2024-02-01,89482,BANC,BANC OF CALIFORNIA INC,-1.0
2024-02-01,90071,NRG,N R G ENERGY INC,-1.0
2024-02-01,92040,FOLD,AMICUS THERAPEUTICS INC,-1.0
2024-02-01,92220,MASI,MASIMO CORP,-1.0
2024-02-01,92294,UEC,URANIUM ENERGY CORP,-1.0
2024-02-01,92601,NOG,NORTHERN OIL & GAS INC,-1.0
2024-02-01,93096,DG,DOLLAR GENERAL CORP NEW,-1.0
2024-03-01,10107,MSFT,MICROSOFT CORP,1.0
2024-03-01,11018,FBP,FIRST BANCORP P R,1.0
2024-03-01,11884,IPAR,INTERMEDIATE PARFUMS INC,1.0
2024-03-01,12570,ITT,I T T INC,1.0
2024-03-01,12622,HCA,H C A HEALTHCARE INC,1.0
2024-03-01,13284,ALSN,ALLISON TRANSMISSION HLDGS INC,1.0
2024-03-01,13407,META,META PLATFORMS INC,1.0
2024-03-01,13721,ABBV,ABBVIE INC,1.0
2024-03-01,13766,BCC,BOISE CASCADE CO,1.0
2024-03-01,13788,ZTS,ZOETIS INC,1.0
2024-03-01,13901,MO,ALTRIA GROUP INC,1.0
2024-03-01,13911,IQV,IQVIA HOLDINGS INC,1.0
2024-03-01,13936,PVH,P V H CORP,1.0
2024-03-01,14593,AAPL,APPLE INC,1.0
2024-03-01,16076,GMS,G M S INC,1.0
2024-03-01,16260,MEDP,MEDPACE HOLDINGS INC,1.0
2024-03-01,16655,CVNA,CARVANA CO,1.0
2024-03-01,16736,VST,VISTRA CORP,1.0
2024-03-01,17223,ADT,A D T INC,1.0
2024-03-01,18091,CW,CURTISS WRIGHT CORP,1.0
2024-03-01,19393,BMY,BRISTOL MYERS SQUIBB CO,1.0
2024-03-01,22111,JNJ,JOHNSON & JOHNSON,1.0
2024-03-01,22779,MSI,MOTOROLA SOLUTIONS INC,1.0
2024-03-01,23473,CINF,CINCINNATI FINANCIAL CORP,1.0
2024-03-01,23660,CTAS,CINTAS CORP,1.0
2024-03-01,34032,MAS,MASCO CORP,1.0
2024-03-01,41355,PH,PARKER HANNIFIN CORP,1.0
2024-03-01,42550,NEU,NEWMARKET CORP,1.0
2024-03-01,55976,WMT,WALMART INC,1.0
2024-03-01,61313,DCI,DONALDSON INC,1.0
2024-03-01,62308,GL,GLOBE LIFE INC,1.0
2024-03-01,63715,POWL,POWELL INDUSTRIES INC,1.0
2024-03-01,64186,CI,CIGNA GROUP,1.0
2024-03-01,65307,RPM,R P M INTERNATIONAL INC,1.0
2024-03-01,65402,AOS,SMITH A O CORP,1.0
2024-03-01,73139,SYK,STRYKER CORP,1.0
2024-03-01,77357,SNPS,SYNOPSYS INC,1.0
2024-03-01,78015,MTX,MINERALS TECHNOLOGIES INC,1.0
2024-03-01,79133,ATR,APTARGROUP INC,1.0
2024-03-01,79862,ROCK,GIBRALTAR INDUSTRIES INC,1.0
2024-03-01,80415,EXP,EAGLE MATERIALS INC,1.0
2024-03-01,80864,RS,RELIANCE INC,1.0
2024-03-01,82694,EME,EMCOR GROUP INC,1.0
2024-03-01,82775,HIG,HARTFORD FINANCIAL SVCS GRP INC,1.0
2024-03-01,83779,PEGA,PEGASYSTEMS INC,1.0
2024-03-01,85631,ADSK,AUTODESK INC,1.0
2024-03-01,86580,NVDA,NVIDIA CORP,1.0
2024-03-01,87432,A,AGILENT TECHNOLOGIES INC,1.0
2024-03-01,88661,TPR,TAPESTRY INC,1.0
2024-03-01,88860,ALGN,ALIGN TECHNOLOGY INC,1.0
2024-03-01,89269,CNC,CENTENE CORP DEL,1.0
2024-03-01,90215,CRM,SALESFORCE INC,1.0
2024-03-01,90319,GOOGL,ALPHABET INC,1.0
2024-03-01,90880,AMP,AMERIPRISE FINANCIAL INC,1.0
2024-03-01,91233,MA,MASTERCARD INC,1.0
2024-03-01,91363,PGTI,P G T INNOVATIONS INC,1.0
2024-03-01,91668,IPGP,I P G PHOTONICS CORP,1.0
2024-03-01,92852,LOPE,GRAND CANYON EDUCATION INC,1.0
2024-03-01,93132,FTNT,FORTINET INC,1.0
2024-03-01,93312,SSNC,S S & C TECHNOLOGIES HLDGS INC,1.0
2024-03-01,93330,PRI,PRIMERICA INC,1.0
2024-03-01,85875,IBOC,INTERNATIONAL BANCSHARES CORP,0.989833
2024-03-01,11691,MATX,MATSON INC,0.989747
2024-03-01,91531,OC,OWENS CORNING NEW,0.984227
2024-03-01,23712,PEG,PUBLIC SERVICE ENTERPRISE GP INC,0.976094
2024-03-01,14229,OMF,ONEMAIN HOLDINGS INC,0.971731
2024-03-01,86783,BKNG,BOOKING HOLDINGS INC,0.969067
2024-03-01,18973,BRC,BRADY CORP,0.9634
2024-03-01,92402,MSCI,M S C I INC,0.960734
2024-03-01,76076,CSCO,CISCO SYSTEMS INC,0.959706
2024-03-01,90249,ENS,ENERSYS,0.957166
2024-03-01,18064,FTDR,FRONTDOOR INC,0.953041
2024-03-01,84723,LNG,CHENIERE ENERGY INC,0.944751
2024-03-01,82800,SCCO,SOUTHERN COPPER CORP,0.940117
2024-03-01,14318,NMIH,N M I HOLDINGS INC,0.938132
2024-03-01,15850,MTCH,MATCH GROUP INC NEW,0.934807
2024-03-01,90829,CF,C F INDUSTRIES HOLDINGS INC,0.930851
2024-03-01,13928,COP,CONOCOPHILLIPS,0.929459
2024-03-01,24248,ALE,ALLETE INC,0.928818
2024-03-01,92221,MELI,MERCADOLIBRE INC,0.927713
2024-03-01,89525,CMCSA,COMCAST CORP NEW,0.916489
2024-03-01,11995,COKE,COCA COLA CONSOLIDATED INC,0.91484
2024-03-01,85753,VRSN,VERISIGN INC,0.907857
2024-03-01,75510,ADBE,ADOBE INC,0.902701
2024-03-01,90550,DLB,DOLBY LABORATORIES INC,0.89522
2024-03-01,92655,UNH,UNITEDHEALTH GROUP INC,0.883477
2024-03-01,77274,GILD,GILEAD SCIENCES INC,0.881597
2024-03-01,17005,CVS,C V S HEALTH CORP,0.881124
2024-03-01,90776,WAL,WESTERN ALLIANCE BANCORPORATION,0.874305
2024-03-01,75825,EOG,EOG RESOURCES INC,0.859162
2024-03-01,82307,DVA,DAVITA INC,0.830439
2024-03-01,72726,STT,STATE STREET CORP,0.818752
2024-03-01,14169,PINC,PREMIER INC,0.748767
2024-03-01,39490,APA,A P A CORP,0.745649
2024-03-01,89866,LKQ,L K Q CORP,0.694168
2024-03-01,91575,HRI,HERC HOLDINGS INC,0.662724
2024-03-01,13862,TMHC,TAYLOR MORRISON HOME CORP,0.646106
2024-03-01,89179,ELV,ELEVANCE HEALTH INC,0.616309
2024-03-01,87137,DVN,DEVON ENERGY CORP NEW,0.578617
2024-03-01,90386,MOS,MOSAIC CO NEW,0.570287
2024-03-01,89070,ZBH,ZIMMER BIOMET HOLDINGS INC,0.569198
2024-03-01,18163,PG,PROCTER & GAMBLE CO,0.564659
2024-03-01,71176,SON,SONOCO PRODUCTS CO,0.50573
2024-03-01,93089,VRSK,VERISK ANALYTICS INC,0.487227
2024-03-01,88417,ACLS,AXCELIS TECHNOLOGIES INC,0.48505
2024-03-01,14579,PAYC,PAYCOM SOFTWARE INC,0.479296
2024-03-01,78987,MCHP,MICROCHIP TECHNOLOGY INC,0.396418
2024-03-01,48653,HUM,HUMANA INC,0.395475
2024-03-01,66093,T,A T & T INC,0.333344
2024-03-01,86356,EBAY,EBAY INC,0.247012
2024-03-01,49656,BK,BANK OF NEW YORK MELLON CORP,0.205195
2024-03-01,86102,FHI,FEDERATED HERMES INC,0.143786
2024-03-01,12981,FBIN,FORTUNE BRANDS INNOVATIONS INC,0.111223
2024-03-01,39538,MAT,MATTEL INC,0.090259
2024-03-01,10933,MKL,MARKEL GROUP INC,0.008145
2024-03-01,77447,ICUI,I C U MEDICAL INC,-0.137393
2024-03-01,12788,KOS,KOSMOS ENERGY LTD DE,-0.146999
2024-03-01,38295,SPB,SPECTRUM BRANDS HOLDINGS INC NEW,-0.285274
2024-03-01,14988,LBRDK,LIBERTY BROADBAND CORP,-0.29015
2024-03-01,91733,AVAV,AEROVIRONMENT INC,-0.470883
2024-03-01,12473,KNX,KNIGHT SWIFT TRANSPORT HDLGS INC,-0.481509
2024-03-01,91204,POR,PORTLAND GENERAL ELECTRIC CO,-0.501487
2024-03-01,76591,QDEL,QUIDELORTHO CORP,-0.504179
2024-03-01,18484,ZM,ZOOM VIDEO COMMUNICATIONS INC,-0.535382
2024-03-01,16086,HTZ,HERTZ GLOBAL HOLDINGS INC NEW,-0.624874
2024-03-01,17125,DNLI,DENALI THERAPEUTICS INC,-0.645212
2024-03-01,18368,NFE,NEW FORTRESS ENERGY INC,-0.645316
2024-03-01,15398,CC,CHEMOURS CO,-0.653277
2024-03-01,16595,SNAP,SNAP INC,-0.689294
2024-03-01,24969,AVA,AVISTA CORP,-0.718431
2024-03-01,27684,AVT,AVNET INC,-0.720241
2024-03-01,90177,ACAD,ACADIA PHARMACEUTICALS,-0.734538
2024-03-01,16381,BL,BLACKLINE INC,-0.747673
2024-03-01,19081,SITM,SITIME CORP,-0.749928
2024-03-01,60580,TTC,TORO CO,-0.760414
2024-03-01,52978,HAS,HASBRO INC,-0.7646
2024-03-01,14596,FIVN,FIVE 9 INC,-0.767339
2024-03-01,19502,WBA,WALGREENS BOOTS ALLIANCE INC,-0.790097
2024-03-01,26825,K,KELLANOVA,-0.815015
2024-03-01,43553,VFC,V F CORP,-0.815383
2024-03-01,16432,GT,GOODYEAR TIRE & RUBBER CO,-0.821487
2024-03-01,18770,BBIO,BRIDGEBIO PHARMA INC,-0.837647
2024-03-01,22592,MMM,3M CO,-0.84812
2024-03-01,59328,INTC,INTEL CORP,-0.850881
2024-03-01,16021,PR,PERMIAN RESOURCES CORP,-0.86845
2024-03-01,19413,ACI,ALBERTSONS COMPANIES INC,-0.878172
2024-03-01,43350,SWK,STANLEY BLACK & DECKER INC,-0.886707
2024-03-01,55511,PNM,P N M RESOURCES INC,-0.89565
2024-03-01,76712,AES,A E S CORP,-0.907047
2024-03-01,17700,DAY,DAYFORCE INC,-0.908792
2024-03-01,13688,PCG,P G & E CORP,-0.917069
2024-03-01,75470,MIDD,MIDDLEBY CORP,-0.917269
2024-03-01,82547,AEIS,ADVANCED ENERGY INDUSTRIES INC,-0.921401
2024-03-01,15119,WK,WORKIVA INC,-0.922395
2024-03-01,13527,FIVE,FIVE BELOW INC,-0.932629
2024-03-01,13908,PFSI,PENNYMAC FINANCIAL SVCS INC NEW,-0.954395
2024-03-01,76136,KMPR,KEMPER CORP DE,-0.956216
2024-03-01,16082,SITE,SITEONE LANDSCAPE SUPPLY INC,-0.957956
2024-03-01,19285,CARR,CARRIER GLOBAL CORP,-0.958643
2024-03-01,14432,ITCI,INTRA CELLULAR THERAPIES INC,-0.961845
2024-03-01,15859,AGR,AVANGRID INC,-0.965229
2024-03-01,90199,CBRE,C B R E GROUP INC,-0.978178
2024-03-01,84372,VYX,N C R VOYIX CORP,-0.989654
2024-03-01,92220,MASI,MASIMO CORP,-0.992674
2024-03-01,88351,INSM,INSMED INC,-0.992898
2024-03-01,77730,TSN,TYSON FOODS INC,-0.995228
2024-03-01,87356,TKO,T K O GROUP HOLDINGS INC,-0.996254
2024-03-01,17034,ALTR,ALTAIR ENGINEERING INC,-0.996482
2024-03-01,85246,JLL,JONES LANG LASALLE INC,-0.998232
2024-03-01,91579,KBR,K B R INC,-0.998354
2024-03-01,19166,FMC,F M C CORP,-0.999157
2024-03-01,10200,RGEN,REPLIGEN CORP,-1.0
2024-03-01,10397,WERN,WERNER ENTERPRISES INC,-1.0
2024-03-01,11644,CRK,COMSTOCK RESOURCES INC,-1.0
2024-03-01,14179,AR,ANTERO RESOURCES CORP,-1.0
2024-03-01,14329,ARMK,ARAMARK,-1.0
2024-03-01,14436,RARE,ULTRAGENYX PHARMACEUTICALS INC,-1.0
2024-03-01,14574,MC,MOELIS & CO,-1.0
2024-03-01,14617,ARES,ARES MANAGEMENT CORP,-1.0
2024-03-01,14691,CBAY,CYMABAY THERAPEUTICS INC,-1.0
2024-03-01,15167,SHAK,SHAKE SHACK INC,-1.0
2024-03-01,15284,BPMC,BLUEPRINT MEDICINES CORP,-1.0
2024-03-01,15432,ALPN,ALPINE IMMUNE SCIENCES INC,-1.0
2024-03-01,15452,EVH,EVOLENT HEALTH INC,-1.0
2024-03-01,15534,NTRA,NATERA INC,-1.0
2024-03-01,15623,HLI,HOULIHAN LOKEY INC,-1.0
2024-03-01,16499,PK,PARK HOTELS & RESORTS INC,-1.0
2024-03-01,16678,KR,KROGER CO,-1.0
2024-03-01,16928,KRYS,KRYSTAL BIOTECH INC,-1.0
2024-03-01,17104,APLS,APELLIS PHARMACEUTICALS INC,-1.0
2024-03-01,17864,BJ,B J S WHOLESALE CLUB HLDGS INC,-1.0
2024-03-01,17959,CRNX,CRINETICS PHARMACEUTICALS INC,-1.0
2024-03-01,18312,MRNA,MODERNA INC,-1.0
2024-03-01,18777,KRTX,KARUNA THERAPEUTICS INC,-1.0
2024-03-01,19349,KROS,KEROS THERAPEUTICS INC,-1.0
2024-03-01,19433,MP,M P MATERIALS CORP,-1.0
2024-03-01,19484,PCVX,VAXCYTE INC,-1.0
2024-03-01,19880,MTZ,MASTEC INC,-1.0
2024-03-01,21207,NEM,NEWMONT CORP,-1.0
2024-03-01,23229,CMS,C M S ENERGY CORP,-1.0
2024-03-01,32870,HRL,HORMEL FOODS CORP,-1.0
2024-03-01,42585,SJM,SMUCKER J M CO,-1.0
2024-03-01,50606,TDW,TIDEWATER INC NEW,-1.0
2024-03-01,52476,EFX,EQUIFAX INC,-1.0
2024-03-01,53613,MU,MICRON TECHNOLOGY INC,-1.0
2024-03-01,57568,BALL,BALL CORP,-1.0
2024-03-01,58683,LUV,SOUTHWEST AIRLINES CO,-1.0
2024-03-01,61188,SWX,SOUTHWEST GAS HOLDINGS INC,-1.0
2024-03-01,61241,AMD,ADVANCED MICRO DEVICES INC,-1.0
2024-03-01,66384,WDC,WESTERN DIGITAL CORP,-1.0
2024-03-01,69649,RJF,RAYMOND JAMES FINANCIAL INC,-1.0
2024-03-01,76661,IONS,IONIS PHARMACEUTICALS INC,-1.0
2024-03-01,80069,ARWR,ARROWHEAD PHARMACEUTICALS INC,-1.0
2024-03-01,80286,TSCO,TRACTOR SUPPLY CO NEW,-1.0
2024-03-01,84761,TTWO,TAKE TWO INTERACTIVE SOFTWR INC,-1.0
2024-03-01,85464,CWST,CASELLA WASTE SYSTEMS INC,-1.0
2024-03-01,85789,CADE,CADENCE BANK,-1.0
2024-03-01,87812,SLAB,SILICON LABORATORIES INC,-1.0
2024-03-01,88853,FLR,FLUOR CORP NEW,-1.0
2024-03-01,89031,AXON,AXON ENTERPRISE INC,-1.0
2024-03-01,89297,CCOI,COGENT COMMUNICATIONS HLDS INC,-1.0
2024-03-01,89482,BANC,BANC OF CALIFORNIA INC,-1.0
2024-03-01,90071,NRG,N R G ENERGY INC,-1.0
2024-03-01,92040,FOLD,AMICUS THERAPEUTICS INC,-1.0
2024-03-01,92294,UEC,URANIUM ENERGY CORP,-1.0
2024-03-01,93096,DG,DOLLAR GENERAL CORP NEW,-1.0
2024-03-01,93098,H,HYATT HOTELS CORP,-1.0
2024-04-01,10107,MSFT,MICROSOFT CORP,1.0
2024-04-01,11018,FBP,FIRST BANCORP P R,1.0
2024-04-01,12570,ITT,I T T INC,1.0
2024-04-01,12622,HCA,H C A HEALTHCARE INC,1.0
2024-04-01,13284,ALSN,ALLISON TRANSMISSION HLDGS INC,1.0
2024-04-01,13407,META,META PLATFORMS INC,1.0
2024-04-01,13721,ABBV,ABBVIE INC,1.0
2024-04-01,13766,BCC,BOISE CASCADE CO,1.0
2024-04-01,13788,ZTS,ZOETIS INC,1.0
2024-04-01,13901,MO,ALTRIA GROUP INC,1.0
2024-04-01,13911,IQV,IQVIA HOLDINGS INC,1.0
2024-04-01,13928,COP,CONOCOPHILLIPS,1.0
2024-04-01,13936,PVH,P V H CORP,1.0
2024-04-01,14229,OMF,ONEMAIN HOLDINGS INC,1.0
2024-04-01,14318,NMIH,N M I HOLDINGS INC,1.0
2024-04-01,14593,AAPL,APPLE INC,1.0
2024-04-01,15850,MTCH,MATCH GROUP INC NEW,1.0
2024-04-01,16076,GMS,G M S INC,1.0
2024-04-01,16260,MEDP,MEDPACE HOLDINGS INC,1.0
2024-04-01,16655,CVNA,CARVANA CO,1.0
2024-04-01,16736,VST,VISTRA CORP,1.0
2024-04-01,17223,ADT,A D T INC,1.0
2024-04-01,17332,VCTR,VICTORY CAPITAL HOLDINGS INC,1.0
2024-04-01,18091,CW,CURTISS WRIGHT CORP,1.0
2024-04-01,18973,BRC,BRADY CORP,1.0
2024-04-01,19393,BMY,BRISTOL MYERS SQUIBB CO,1.0
2024-04-01,22779,MSI,MOTOROLA SOLUTIONS INC,1.0
2024-04-01,23473,CINF,CINCINNATI FINANCIAL CORP,1.0
2024-04-01,23712,PEG,PUBLIC SERVICE ENTERPRISE GP INC,1.0
2024-04-01,34032,MAS,MASCO CORP,1.0
2024-04-01,41355,PH,PARKER HANNIFIN CORP,1.0
2024-04-01,55976,WMT,WALMART INC,1.0
2024-04-01,61313,DCI,DONALDSON INC,1.0
2024-04-01,64186,CI,CIGNA GROUP,1.0
2024-04-01,65307,RPM,R P M INTERNATIONAL INC,1.0
2024-04-01,65402,AOS,SMITH A O CORP,1.0
2024-04-01,73139,SYK,STRYKER CORP,1.0
2024-04-01,78015,MTX,MINERALS TECHNOLOGIES INC,1.0
2024-04-01,79133,ATR,APTARGROUP INC,1.0
2024-04-01,79686,DECK,DECKERS OUTDOOR CORP,1.0
2024-04-01,79862,ROCK,GIBRALTAR INDUSTRIES INC,1.0
2024-04-01,80415,EXP,EAGLE MATERIALS INC,1.0
2024-04-01,80864,RS,RELIANCE INC,1.0
2024-04-01,82307,DVA,DAVITA INC,1.0
2024-04-01,82694,EME,EMCOR GROUP INC,1.0
2024-04-01,82775,HIG,HARTFORD FINANCIAL SVCS GRP INC,1.0
2024-04-01,83779,PEGA,PEGASYSTEMS INC,1.0
2024-04-01,83976,ANF,ABERCROMBIE & FITCH CO,1.0
2024-04-01,85631,ADSK,AUTODESK INC,1.0
2024-04-01,85875,IBOC,INTERNATIONAL BANCSHARES CORP,1.0
2024-04-01,86580,NVDA,NVIDIA CORP,1.0
2024-04-01,86783,BKNG,BOOKING HOLDINGS INC,1.0
2024-04-01,87432,A,AGILENT TECHNOLOGIES INC,1.0
2024-04-01,88661,TPR,TAPESTRY INC,1.0
2024-04-01,88860,ALGN,ALIGN TECHNOLOGY INC,1.0
2024-04-01,89397,VRNT,VERINT SYSTEMS INC,1.0
2024-04-01,90319,GOOGL,ALPHABET INC,1.0
2024-04-01,90880,AMP,AMERIPRISE FINANCIAL INC,1.0
2024-04-01,91233,MA,MASTERCARD INC,1.0
2024-04-01,91363,,,1.0
2024-04-01,91531,OC,OWENS CORNING NEW,1.0
2024-04-01,91668,IPGP,I P G PHOTONICS CORP,1.0
2024-04-01,92852,LOPE,GRAND CANYON EDUCATION INC,1.0
2024-04-01,93312,SSNC,S S & C TECHNOLOGIES HLDGS INC,1.0
2024-04-01,93330,PRI,PRIMERICA INC,1.0
2024-04-01,11691,MATX,MATSON INC,0.997665
2024-04-01,89269,CNC,CENTENE CORP DEL,0.996481
2024-04-01,77357,SNPS,SYNOPSYS INC,0.991956
2024-04-01,42550,NEU,NEWMARKET CORP,0.988845
2024-04-01,76076,CSCO,CISCO SYSTEMS INC,0.986272
2024-04-01,18064,FTDR,FRONTDOOR INC,0.986155
2024-04-01,93132,FTNT,FORTINET INC,0.984267
2024-04-01,90249,ENS,ENERSYS,0.982504
2024-04-01,84723,LNG,CHENIERE ENERGY INC,0.977834
2024-04-01,22111,JNJ,JOHNSON & JOHNSON,0.976076
2024-04-01,90215,CRM,SALESFORCE INC,0.972384
2024-04-01,90776,WAL,WESTERN ALLIANCE BANCORPORATION,0.968505
2024-04-01,11884,IPAR,INTERMEDIATE PARFUMS INC,0.958877
2024-04-01,75825,EOG,EOG RESOURCES INC,0.956024
2024-04-01,92402,MSCI,M S C I INC,0.955849
2024-04-01,90829,CF,C F INDUSTRIES HOLDINGS INC,0.955695
2024-04-01,17005,CVS,C V S HEALTH CORP,0.941321
2024-04-01,89525,CMCSA,COMCAST CORP NEW,0.923374
2024-04-01,90550,DLB,DOLBY LABORATORIES INC,0.922113
2024-04-01,11995,COKE,COCA COLA CONSOLIDATED INC,0.91714
2024-04-01,62308,GL,GLOBE LIFE INC,0.912647
2024-04-01,77274,GILD,GILEAD SCIENCES INC,0.901287
2024-04-01,92655,UNH,UNITEDHEALTH GROUP INC,0.885266
2024-04-01,85753,VRSN,VERISIGN INC,0.877213
2024-04-01,92221,MELI,MERCADOLIBRE INC,0.875392
2024-04-01,39490,APA,A P A CORP,0.857438
2024-04-01,75510,ADBE,ADOBE INC,0.809239
2024-04-01,14169,PINC,PREMIER INC,0.790164
2024-04-01,89968,PIPR,PIPER SANDLER COMPANIES,0.79016
2024-04-01,89866,LKQ,L K Q CORP,0.710254
2024-04-01,91575,HRI,HERC HOLDINGS INC,0.700146
2024-04-01,87137,DVN,DEVON ENERGY CORP NEW,0.662641
2024-04-01,66093,T,A T & T INC,0.659337
2024-04-01,89179,ELV,ELEVANCE HEALTH INC,0.637078
2024-04-01,89070,ZBH,ZIMMER BIOMET HOLDINGS INC,0.602802
2024-04-01,90386,MOS,MOSAIC CO NEW,0.595676
2024-04-01,14579,PAYC,PAYCOM SOFTWARE INC,0.52204
2024-04-01,71176,SON,SONOCO PRODUCTS CO,0.513978
2024-04-01,19409,AZEK,AZEK CO INC,0.49717
2024-04-01,93089,VRSK,VERISK ANALYTICS INC,0.47357
2024-04-01,48653,HUM,HUMANA INC,0.390759
2024-04-01,86356,EBAY,EBAY INC,0.276198
2024-04-01,49656,BK,BANK OF NEW YORK MELLON CORP,0.209939
2024-04-01,93035,SEM,SELECT MEDICAL HOLDINGS CORP,0.149475
2024-04-01,86102,FHI,FEDERATED HERMES INC,0.14682
2024-04-01,12981,FBIN,FORTUNE BRANDS INNOVATIONS INC,0.115314
2024-04-01,39538,MAT,MATTEL INC,0.090388
2024-04-01,10933,MKL,MARKEL GROUP INC,0.008269
2024-04-01,21186,WRK,WESTROCK CO,-0.054194
2024-04-01,18135,GH,GUARDANT HEALTH INC,-0.171007
2024-04-01,14988,LBRDK,LIBERTY BROADBAND CORP,-0.274721
2024-04-01,38295,SPB,SPECTRUM BRANDS HOLDINGS INC NEW,-0.31456
2024-04-01,15534,NTRA,NATERA INC,-0.321099
2024-04-01,12473,KNX,KNIGHT SWIFT TRANSPORT HDLGS INC,-0.469561
2024-04-01,18484,ZM,ZOOM VIDEO COMMUNICATIONS INC,-0.492584
2024-04-01,76591,QDEL,QUIDELORTHO CORP,-0.527956
2024-04-01,91204,POR,PORTLAND GENERAL ELECTRIC CO,-0.528341
2024-04-01,18368,NFE,NEW FORTRESS ENERGY INC,-0.560719
2024-04-01,16086,HTZ,HERTZ GLOBAL HOLDINGS INC NEW,-0.636178
2024-04-01,17125,DNLI,DENALI THERAPEUTICS INC,-0.666669
2024-04-01,16595,SNAP,SNAP INC,-0.715201
2024-04-01,13688,PCG,P G & E CORP,-0.716831
2024-04-01,19081,SITM,SITIME CORP,-0.752729
2024-04-01,60580,TTC,TORO CO,-0.754616
2024-04-01,24969,AVA,AVISTA CORP,-0.754828
2024-04-01,18770,BBIO,BRIDGEBIO PHARMA INC,-0.754938
2024-04-01,27684,AVT,AVNET INC,-0.768496
2024-04-01,14596,FIVN,FIVE 9 INC,-0.778113
2024-04-01,18735,GO,GROCERY OUTLET HOLDING CORP,-0.809784
2024-04-01,89297,CCOI,COGENT COMMUNICATIONS HLDS INC,-0.81542
2024-04-01,13527,FIVE,FIVE BELOW INC,-0.839058
2024-04-01,26825,K,KELLANOVA,-0.843252
2024-04-01,16381,BL,BLACKLINE INC,-0.848025
2024-04-01,58683,LUV,SOUTHWEST AIRLINES CO,-0.852064
2024-04-01,17700,DAY,DAYFORCE INC,-0.858766
2024-04-01,59328,INTC,INTEL CORP,-0.86948
2024-04-01,14436,RARE,ULTRAGENYX PHARMACEUTICALS INC,-0.898589
2024-04-01,15119,WK,WORKIVA INC,-0.904422
2024-04-01,82547,AEIS,ADVANCED ENERGY INDUSTRIES INC,-0.924673
2024-04-01,19413,ACI,ALBERTSONS COMPANIES INC,-0.924752
2024-04-01,61241,AMD,ADVANCED MICRO DEVICES INC,-0.933307
2024-04-01,16432,GT,GOODYEAR TIRE & RUBBER CO,-0.945998
2024-04-01,15452,EVH,EVOLENT HEALTH INC,-0.962814
2024-04-01,75470,MIDD,MIDDLEBY CORP,-0.965481
2024-04-01,88351,INSM,INSMED INC,-0.967638
2024-04-01,10397,WERN,WERNER ENTERPRISES INC,-0.970432
2024-04-01,22592,MMM,3M CO,-0.973028
2024-04-01,52476,EFX,EQUIFAX INC,-0.973656
2024-04-01,15167,SHAK,SHAKE SHACK INC,-0.974304
2024-04-01,43350,SWK,STANLEY BLACK & DECKER INC,-0.977467
2024-04-01,32870,HRL,HORMEL FOODS CORP,-0.983669
2024-04-01,16082,SITE,SITEONE LANDSCAPE SUPPLY INC,-0.988487
2024-04-01,16021,PR,PERMIAN RESOURCES CORP,-0.991265
2024-04-01,15623,HLI,HOULIHAN LOKEY INC,-0.99219
2024-04-01,19285,CARR,CARRIER GLOBAL CORP,-0.99864
2024-04-01,10200,RGEN,REPLIGEN CORP,-1.0
2024-04-01,10258,CLDX,CELLDEX THERAPEUTICS INC,-1.0
2024-04-01,11644,CRK,COMSTOCK RESOURCES INC,-1.0
2024-04-01,13908,PFSI,PENNYMAC FINANCIAL SVCS INC NEW,-1.0
2024-04-01,14179,AR,ANTERO RESOURCES CORP,-1.0
2024-04-01,14329,ARMK,ARAMARK,-1.0
2024-04-01,14432,ITCI,INTRA CELLULAR THERAPIES INC,-1.0
2024-04-01,14574,MC,MOELIS & CO,-1.0
2024-04-01,14617,ARES,ARES MANAGEMENT CORP,-1.0
2024-04-01,14691,,,-1.0
2024-04-01,15284,BPMC,BLUEPRINT MEDICINES CORP,-1.0
2024-04-01,15432,ALPN,ALPINE IMMUNE SCIENCES INC,-1.0
2024-04-01,15976,SNDX,SYNDAX PHARMACEUTICALS INC,-1.0
2024-04-01,16499,PK,PARK HOTELS & RESORTS INC,-1.0
2024-04-01,16928,KRYS,KRYSTAL BIOTECH INC,-1.0
2024-04-01,17034,ALTR,ALTAIR ENGINEERING INC,-1.0
2024-04-01,17104,APLS,APELLIS PHARMACEUTICALS INC,-1.0
2024-04-01,17864,BJ,B J S WHOLESALE CLUB HLDGS INC,-1.0
2024-04-01,17959,CRNX,CRINETICS PHARMACEUTICALS INC,-1.0
2024-04-01,18312,MRNA,MODERNA INC,-1.0
2024-04-01,18777,,,-1.0
2024-04-01,19166,FMC,F M C CORP,-1.0
2024-04-01,19201,RVMD,REVOLUTION MEDICINES INC,-1.0
2024-04-01,19349,KROS,KEROS THERAPEUTICS INC,-1.0
2024-04-01,19484,PCVX,VAXCYTE INC,-1.0
2024-04-01,19488,RNA,AVIDITY BIOSCIENCES INC,-1.0
2024-04-01,19502,WBA,WALGREENS BOOTS ALLIANCE INC,-1.0
2024-04-01,19547,CERE,CEREVEL THERAPEUTICS HLDGS INC,-1.0
2024-04-01,19880,MTZ,MASTEC INC,-1.0
2024-04-01,21207,NEM,NEWMONT CORP,-1.0
2024-04-01,23229,CMS,C M S ENERGY CORP,-1.0
2024-04-01,42585,SJM,SMUCKER J M CO,-1.0
2024-04-01,49015,LNC,LINCOLN NATIONAL CORP,-1.0
2024-04-01,50606,TDW,TIDEWATER INC NEW,-1.0
2024-04-01,52978,HAS,HASBRO INC,-1.0
2024-04-01,53613,MU,MICRON TECHNOLOGY INC,-1.0
2024-04-01,55511,PNM,P N M RESOURCES INC,-1.0
2024-04-01,57568,BALL,BALL CORP,-1.0
2024-04-01,61188,SWX,SOUTHWEST GAS HOLDINGS INC,-1.0
2024-04-01,66384,WDC,WESTERN DIGITAL CORP,-1.0
2024-04-01,69649,RJF,RAYMOND JAMES FINANCIAL INC,-1.0
2024-04-01,76136,KMPR,KEMPER CORP DE,-1.0
2024-04-01,76661,IONS,IONIS PHARMACEUTICALS INC,-1.0
2024-04-01,76712,AES,A E S CORP,-1.0
2024-04-01,77730,TSN,TYSON FOODS INC,-1.0
2024-04-01,80069,ARWR,ARROWHEAD PHARMACEUTICALS INC,-1.0
2024-04-01,80286,TSCO,TRACTOR SUPPLY CO NEW,-1.0
2024-04-01,84319,LAD,LITHIA MOTORS INC,-1.0
2024-04-01,84761,TTWO,TAKE TWO INTERACTIVE SOFTWR INC,-1.0
2024-04-01,85464,CWST,CASELLA WASTE SYSTEMS INC,-1.0
2024-04-01,85517,CHH,CHOICE HOTELS INTERNATIONAL INC,-1.0
2024-04-01,85789,CADE,CADENCE BANK,-1.0
2024-04-01,87356,TKO,T K O GROUP HOLDINGS INC,-1.0
2024-04-01,87812,SLAB,SILICON LABORATORIES INC,-1.0
2024-04-01,88853,FLR,FLUOR CORP NEW,-1.0
2024-04-01,89031,AXON,AXON ENTERPRISE INC,-1.0
2024-04-01,89482,BANC,BANC OF CALIFORNIA INC,-1.0
2024-04-01,90071,NRG,N R G ENERGY INC,-1.0
2024-04-01,90199,CBRE,C B R E GROUP INC,-1.0
2024-04-01,91579,KBR,K B R INC,-1.0
2024-04-01,92220,MASI,MASIMO CORP,-1.0
2024-04-01,92294,UEC,URANIUM ENERGY CORP,-1.0
2024-04-01,93096,DG,DOLLAR GENERAL CORP NEW,-1.0
2024-04-01,93098,H,HYATT HOTELS CORP,-1.0
2024-05-01,12981,FBIN,FORTUNE BRANDS INNOVATIONS INC,1.0
2024-05-01,13407,META,META PLATFORMS INC,1.0
2024-05-01,13788,ZTS,ZOETIS INC,1.0
2024-05-01,13936,PVH,P V H CORP,1.0
2024-05-01,14229,OMF,ONEMAIN HOLDINGS INC,1.0
2024-05-01,14318,NMIH,N M I HOLDINGS INC,1.0
2024-05-01,14593,AAPL,APPLE INC,1.0
2024-05-01,16655,CVNA,CARVANA CO,1.0
2024-05-01,16736,VST,VISTRA CORP,1.0
2024-05-01,17223,ADT,A D T INC,1.0
2024-05-01,17332,VCTR,VICTORY CAPITAL HOLDINGS INC,1.0
2024-05-01,18973,BRC,BRADY CORP,1.0
2024-05-01,20894,APP,APPLOVIN CORP,1.0
2024-05-01,22111,JNJ,JOHNSON & JOHNSON,1.0
2024-05-01,23712,PEG,PUBLIC SERVICE ENTERPRISE GP INC,1.0
2024-05-01,27334,CSL,CARLISLE COMPANIES,1.0
2024-05-01,54253,MSA,M S A SAFETY INC,1.0
2024-05-01,62308,GL,GLOBE LIFE INC,1.0
2024-05-01,64186,CI,CIGNA GROUP,1.0
2024-05-01,65307,RPM,R P M INTERNATIONAL INC,1.0
2024-05-01,66093,T,A T & T INC,1.0
2024-05-01,79133,ATR,APTARGROUP INC,1.0
2024-05-01,79686,DECK,DECKERS OUTDOOR CORP,1.0
2024-05-01,79862,ROCK,GIBRALTAR INDUSTRIES INC,1.0
2024-05-01,82307,DVA,DAVITA INC,1.0
2024-05-01,82694,EME,EMCOR GROUP INC,1.0
2024-05-01,83779,PEGA,PEGASYSTEMS INC,1.0
2024-05-01,85067,MMS,MAXIMUS INC,1.0
2024-05-01,85072,RL,RALPH LAUREN CORP,1.0
2024-05-01,86580,NVDA,NVIDIA CORP,1.0
2024-05-01,88860,ALGN,ALIGN TECHNOLOGY INC,1.0
2024-05-01,89968,PIPR,PIPER SANDLER COMPANIES,1.0
2024-05-01,90249,ENS,ENERSYS,1.0
2024-05-01,90319,GOOGL,ALPHABET INC,1.0
2024-05-01,91531,OC,OWENS CORNING NEW,1.0
2024-05-01,92852,LOPE,GRAND CANYON EDUCATION INC,1.0
2024-05-01,93312,SSNC,S S & C TECHNOLOGIES HLDGS INC,1.0
2024-05-01,13901,MO,ALTRIA GROUP INC,0.999492
2024-05-01,75825,EOG,EOG RESOURCES INC,0.990248
2024-05-01,85875,IBOC,INTERNATIONAL BANCSHARES CORP,0.986408
2024-05-01,18091,CW,CURTISS WRIGHT CORP,0.98529
2024-05-01,13928,COP,CONOCOPHILLIPS,0.982094
2024-05-01,55976,WMT,WALMART INC,0.981508
2024-05-01,11018,FBP,FIRST BANCORP P R,0.978602
2024-05-01,41355,PH,PARKER HANNIFIN CORP,0.97556
2024-05-01,83976,ANF,ABERCROMBIE & FITCH CO,0.964736
2024-05-01,75510,ADBE,ADOBE INC,0.963963
2024-05-01,78015,MTX,MINERALS TECHNOLOGIES INC,0.963388
2024-05-01,61313,DCI,DONALDSON INC,0.961928
2024-05-01,16260,MEDP,MEDPACE HOLDINGS INC,0.956042
2024-05-01,84723,LNG,CHENIERE ENERGY INC,0.952101
2024-05-01,11691,MATX,MATSON INC,0.951805
2024-05-01,22779,MSI,MOTOROLA SOLUTIONS INC,0.950542
2024-05-01,86783,BKNG,BOOKING HOLDINGS INC,0.946664
2024-05-01,12570,ITT,I T T INC,0.945956
2024-05-01,16076,GMS,G M S INC,0.945619
2024-05-01,87432,A,AGILENT TECHNOLOGIES INC,0.938454
2024-05-01,73139,SYK,STRYKER CORP,0.935422
2024-05-01,82775,HIG,HARTFORD FINANCIAL SVCS GRP INC,0.935359
2024-05-01,90880,AMP,AMERIPRISE FINANCIAL INC,0.934352
2024-05-01,91233,MA,MASTERCARD INC,0.933363
2024-05-01,76076,CSCO,CISCO SYSTEMS INC,0.931193
2024-05-01,23473,CINF,CINCINNATI FINANCIAL CORP,0.926842
2024-05-01,65402,AOS,SMITH A O CORP,0.924651
2024-05-01,18064,FTDR,FRONTDOOR INC,0.924151
2024-05-01,12622,HCA,H C A HEALTHCARE INC,0.924048
2024-05-01,89269,CNC,CENTENE CORP DEL,0.922815
2024-05-01,91668,IPGP,I P G PHOTONICS CORP,0.921148
2024-05-01,10107,MSFT,MICROSOFT CORP,0.920526
2024-05-01,80415,EXP,EAGLE MATERIALS INC,0.917712
2024-05-01,77357,SNPS,SYNOPSYS INC,0.916123
2024-05-01,93035,SEM,SELECT MEDICAL HOLDINGS CORP,0.913047
2024-05-01,13911,IQV,IQVIA HOLDINGS INC,0.911621
2024-05-01,93132,FTNT,FORTINET INC,0.905562
2024-05-01,90829,CF,C F INDUSTRIES HOLDINGS INC,0.902349
2024-05-01,13284,ALSN,ALLISON TRANSMISSION HLDGS INC,0.901371
2024-05-01,13721,ABBV,ABBVIE INC,0.896802
2024-05-01,11995,COKE,COCA COLA CONSOLIDATED INC,0.891103
2024-05-01,90215,CRM,SALESFORCE INC,0.863565
2024-05-01,34032,MAS,MASCO CORP,0.86291
2024-05-01,13766,BCC,BOISE CASCADE CO,0.85756
2024-05-01,90776,WAL,WESTERN ALLIANCE BANCORPORATION,0.852745
2024-05-01,90550,DLB,DOLBY LABORATORIES INC,0.850371
2024-05-01,80864,RS,RELIANCE INC,0.847132
2024-05-01,15850,MTCH,MATCH GROUP INC NEW,0.84464
2024-05-01,92221,MELI,MERCADOLIBRE INC,0.840297
2024-05-01,88661,TPR,TAPESTRY INC,0.835911
2024-05-01,93330,PRI,PRIMERICA INC,0.83266
2024-05-01,42550,NEU,NEWMARKET CORP,0.81622
2024-05-01,89525,CMCSA,COMCAST CORP NEW,0.813287
2024-05-01,85631,ADSK,AUTODESK INC,0.81247
2024-05-01,17005,CVS,C V S HEALTH CORP,0.802148
2024-05-01,77274,GILD,GILEAD SCIENCES INC,0.797854
2024-05-01,92402,MSCI,M S C I INC,0.789757
2024-05-01,11884,IPAR,INTERMEDIATE PARFUMS INC,0.789543
2024-05-01,39490,APA,A P A CORP,0.786002
2024-05-01,85753,VRSN,VERISIGN INC,0.78023
2024-05-01,14169,PINC,PREMIER INC,0.742701
2024-05-01,85593,AMG,AFFILIATED MANAGERS GROUP INC,0.72914
2024-05-01,87137,DVN,DEVON ENERGY CORP NEW,0.672623
2024-05-01,89179,ELV,ELEVANCE HEALTH INC,0.646314
2024-05-01,91575,HRI,HERC HOLDINGS INC,0.591615
2024-05-01,90386,MOS,MOSAIC CO NEW,0.573142
2024-05-01,89866,LKQ,L K Q CORP,0.570095
2024-05-01,59010,GPS,GAP INC,0.561053
2024-05-01,89070,ZBH,ZIMMER BIOMET HOLDINGS INC,0.546432
2024-05-01,71176,SON,SONOCO PRODUCTS CO,0.495572
2024-05-01,47706,FSS,FEDERAL SIGNAL CORP,0.492867
2024-05-01,14579,PAYC,PAYCOM SOFTWARE INC,0.490567
2024-05-01,19409,AZEK,AZEK CO INC,0.44941
2024-05-01,93089,VRSK,VERISK ANALYTICS INC,0.435567
2024-05-01,86356,EBAY,EBAY INC,0.268365
2024-05-01,49656,BK,BANK OF NEW YORK MELLON CORP,0.206312
2024-05-01,86102,FHI,FEDERATED HERMES INC,0.132814
2024-05-01,39538,MAT,MATTEL INC,0.08315
2024-05-01,64282,BBWI,BATH & BODY WORKS INC,0.019111
2024-05-01,10933,MKL,MARKEL GROUP INC,0.007886
2024-05-01,21186,WRK,WESTROCK CO,-0.052298
2024-05-01,18135,GH,GUARDANT HEALTH INC,-0.148374
2024-05-01,14988,LBRDK,LIBERTY BROADBAND CORP,-0.237383
2024-05-01,15534,NTRA,NATERA INC,-0.324523
2024-05-01,82651,WAT,WATERS CORP,-0.336778
2024-05-01,12473,KNX,KNIGHT SWIFT TRANSPORT HDLGS INC,-0.39226
2024-05-01,76591,QDEL,QUIDELORTHO CORP,-0.444003
2024-05-01,18484,ZM,ZOOM VIDEO COMMUNICATIONS INC,-0.458012
2024-05-01,18368,NFE,NEW FORTRESS ENERGY INC,-0.477522
2024-05-01,17125,DNLI,DENALI THERAPEUTICS INC,-0.498383
2024-05-01,38295,SPB,SPECTRUM BRANDS HOLDINGS INC NEW,-0.521354
2024-05-01,91204,POR,PORTLAND GENERAL ELECTRIC CO,-0.541244
2024-05-01,59328,INTC,INTEL CORP,-0.595569
2024-05-01,13908,PFSI,PENNYMAC FINANCIAL SVCS INC NEW,-0.616642
2024-05-01,18770,BBIO,BRIDGEBIO PHARMA INC,-0.621862
2024-05-01,19081,SITM,SITIME CORP,-0.715883
2024-05-01,14596,FIVN,FIVE 9 INC,-0.717451
2024-05-01,60580,TTC,TORO CO,-0.717675
2024-05-01,18735,GO,GROCERY OUTLET HOLDING CORP,-0.72678
2024-05-01,13688,PCG,P G & E CORP,-0.728314
2024-05-01,58683,LUV,SOUTHWEST AIRLINES CO,-0.753052
2024-05-01,27684,AVT,AVNET INC,-0.753753
2024-05-01,16381,BL,BLACKLINE INC,-0.758152
2024-05-01,24969,AVA,AVISTA CORP,-0.771849
2024-05-01,17700,DAY,DAYFORCE INC,-0.791813
2024-05-01,52476,EFX,EQUIFAX INC,-0.79666
2024-05-01,89297,CCOI,COGENT COMMUNICATIONS HLDS INC,-0.7971
2024-05-01,19502,WBA,WALGREENS BOOTS ALLIANCE INC,-0.812563
2024-05-01,14436,RARE,ULTRAGENYX PHARMACEUTICALS INC,-0.814348
2024-05-01,61241,AMD,ADVANCED MICRO DEVICES INC,-0.814437
2024-05-01,16432,GT,GOODYEAR TIRE & RUBBER CO,-0.819443
2024-05-01,75470,MIDD,MIDDLEBY CORP,-0.829764
2024-05-01,15119,WK,WORKIVA INC,-0.836031
2024-05-01,10397,WERN,WERNER ENTERPRISES INC,-0.846916
2024-05-01,26825,K,KELLANOVA,-0.84754
2024-05-01,49015,LNC,LINCOLN NATIONAL CORP,-0.862071
2024-05-01,82547,AEIS,ADVANCED ENERGY INDUSTRIES INC,-0.864502
2024-05-01,88351,INSM,INSMED INC,-0.876974
2024-05-01,19413,ACI,ALBERTSONS COMPANIES INC,-0.8807
2024-05-01,16082,SITE,SITEONE LANDSCAPE SUPPLY INC,-0.883669
2024-05-01,90199,CBRE,C B R E GROUP INC,-0.888698
2024-05-01,93096,DG,DOLLAR GENERAL CORP NEW,-0.890394
2024-05-01,89482,BANC,BANC OF CALIFORNIA INC,-0.895202
2024-05-01,43350,SWK,STANLEY BLACK & DECKER INC,-0.907535
2024-05-01,85464,CWST,CASELLA WASTE SYSTEMS INC,-0.909468
2024-05-01,92220,MASI,MASIMO CORP,-0.910424
2024-05-01,16499,PK,PARK HOTELS & RESORTS INC,-0.917377
2024-05-01,19166,FMC,F M C CORP,-0.92151
2024-05-01,17034,ALTR,ALTAIR ENGINEERING INC,-0.928972
2024-05-01,16595,SNAP,SNAP INC,-0.934133
2024-05-01,69649,RJF,RAYMOND JAMES FINANCIAL INC,-0.945144
2024-05-01,19880,MTZ,MASTEC INC,-0.946235
2024-05-01,85789,CADE,CADENCE BANK,-0.949274
2024-05-01,53613,MU,MICRON TECHNOLOGY INC,-0.953317
2024-05-01,15284,BPMC,BLUEPRINT MEDICINES CORP,-0.958029
2024-05-01,14329,ARMK,ARAMARK,-0.964078
2024-05-01,61188,SWX,SOUTHWEST GAS HOLDINGS INC,-0.975301
2024-05-01,15623,HLI,HOULIHAN LOKEY INC,-0.981946
2024-05-01,17864,BJ,B J S WHOLESALE CLUB HLDGS INC,-0.982314
2024-05-01,15167,SHAK,SHAKE SHACK INC,-0.98661
2024-05-01,55511,PNM,P N M RESOURCES INC,-0.990232
2024-05-01,76712,AES,A E S CORP,-0.993449
2024-05-01,50606,TDW,TIDEWATER INC NEW,-0.993506
2024-05-01,14617,ARES,ARES MANAGEMENT CORP,-0.995963
2024-05-01,89031,AXON,AXON ENTERPRISE INC,-0.997629
2024-05-01,23229,CMS,C M S ENERGY CORP,-0.999611
2024-05-01,10200,RGEN,REPLIGEN CORP,-1.0
2024-05-01,11370,ENV,ENVESTNET INC,-1.0
2024-05-01,14179,AR,ANTERO RESOURCES CORP,-1.0
2024-05-01,14432,ITCI,INTRA CELLULAR THERAPIES INC,-1.0
2024-05-01,14574,MC,MOELIS & CO,-1.0
2024-05-01,15432,ALPN,ALPINE IMMUNE SCIENCES INC,-1.0
2024-05-01,15452,EVH,EVOLENT HEALTH INC,-1.0
2024-05-01,16021,PR,PERMIAN RESOURCES CORP,-1.0
2024-05-01,16924,DCPH,DECIPHERA PHARMACEUTICALS INC,-1.0
2024-05-01,16928,KRYS,KRYSTAL BIOTECH INC,-1.0
2024-05-01,17104,APLS,APELLIS PHARMACEUTICALS INC,-1.0
2024-05-01,17959,CRNX,CRINETICS PHARMACEUTICALS INC,-1.0
2024-05-01,18312,MRNA,MODERNA INC,-1.0
2024-05-01,19201,RVMD,REVOLUTION MEDICINES INC,-1.0
2024-05-01,19285,CARR,CARRIER GLOBAL CORP,-1.0
2024-05-01,19349,KROS,KEROS THERAPEUTICS INC,-1.0
2024-05-01,19484,PCVX,VAXCYTE INC,-1.0
2024-05-01,19547,CERE,CEREVEL THERAPEUTICS HLDGS INC,-1.0
2024-05-01,19561,BA,BOEING CO,-1.0
2024-05-01,20646,OSCR,OSCAR HEALTH INC,-1.0
2024-05-01,20657,ACVA,A C V AUCTIONS INC,-1.0
2024-05-01,21207,NEM,NEWMONT CORP,-1.0
2024-05-01,22592,MMM,3M CO,-1.0
2024-05-01,24328,EQT,E Q T CORP,-1.0
2024-05-01,32870,HRL,HORMEL FOODS CORP,-1.0
2024-05-01,42585,SJM,SMUCKER J M CO,-1.0
2024-05-01,43123,ATI,A T I INC,-1.0
2024-05-01,50017,RRC,RANGE RESOURCES CORP,-1.0
2024-05-01,52978,HAS,HASBRO INC,-1.0
2024-05-01,57568,BALL,BALL CORP,-1.0
2024-05-01,66384,WDC,WESTERN DIGITAL CORP,-1.0
2024-05-01,76136,KMPR,KEMPER CORP DE,-1.0
2024-05-01,76661,IONS,IONIS PHARMACEUTICALS INC,-1.0
2024-05-01,77730,TSN,TYSON FOODS INC,-1.0
2024-05-01,80069,ARWR,ARROWHEAD PHARMACEUTICALS INC,-1.0
2024-05-01,80286,TSCO,TRACTOR SUPPLY CO NEW,-1.0
2024-05-01,84319,LAD,LITHIA MOTORS INC,-1.0
2024-05-01,84761,TTWO,TAKE TWO INTERACTIVE SOFTWR INC,-1.0
2024-05-01,86288,CSGP,COSTAR GROUP INC,-1.0
2024-05-01,87356,TKO,T K O GROUP HOLDINGS INC,-1.0
2024-05-01,87812,SLAB,SILICON LABORATORIES INC,-1.0
2024-05-01,88853,FLR,FLUOR CORP NEW,-1.0
2024-05-01,89455,RUSHA,RUSH ENTERPRISES INC,-1.0
2024-05-01,90071,NRG,N R G ENERGY INC,-1.0
2024-05-01,91041,LYV,LIVE NATION ENTERTAINMENT INC,-1.0
2024-05-01,91579,KBR,K B R INC,-1.0
2024-05-01,92294,UEC,URANIUM ENERGY CORP,-1.0
2024-05-01,93098,H,HYATT HOTELS CORP,-1.0
2024-05-01,93436,TSLA,TESLA INC,-1.0
2024-06-01,10107,MSFT,MICROSOFT CORP,1.0
2024-06-01,11018,FBP,FIRST BANCORP P R,1.0
2024-06-01,11691,MATX,MATSON INC,1.0
2024-06-01,11995,COKE,COCA COLA CONSOLIDATED INC,1.0
2024-06-01,12622,HCA,H C A HEALTHCARE INC,1.0
2024-06-01,12981,FBIN,FORTUNE BRANDS INNOVATIONS INC,1.0
2024-06-01,13407,META,META PLATFORMS INC,1.0
2024-06-01,13788,ZTS,ZOETIS INC,1.0
2024-06-01,13901,MO,ALTRIA GROUP INC,1.0
2024-06-01,13936,PVH,P V H CORP,1.0
2024-06-01,14318,NMIH,N M I HOLDINGS INC,1.0
2024-06-01,14593,AAPL,APPLE INC,1.0
2024-06-01,15850,MTCH,MATCH GROUP INC NEW,1.0
2024-06-01,16655,CVNA,CARVANA CO,1.0
2024-06-01,17223,ADT,A D T INC,1.0
2024-06-01,17332,VCTR,VICTORY CAPITAL HOLDINGS INC,1.0
2024-06-01,18064,FTDR,FRONTDOOR INC,1.0
2024-06-01,18091,CW,CURTISS WRIGHT CORP,1.0
2024-06-01,18973,BRC,BRADY CORP,1.0
2024-06-01,20894,APP,APPLOVIN CORP,1.0
2024-06-01,22111,JNJ,JOHNSON & JOHNSON,1.0
2024-06-01,22779,MSI,MOTOROLA SOLUTIONS INC,1.0
2024-06-01,27334,CSL,CARLISLE COMPANIES,1.0
2024-06-01,54253,MSA,M S A SAFETY INC,1.0
2024-06-01,55976,WMT,WALMART INC,1.0
2024-06-01,62308,GL,GLOBE LIFE INC,1.0
2024-06-01,65307,RPM,R P M INTERNATIONAL INC,1.0
2024-06-01,66093,T,A T & T INC,1.0
2024-06-01,75603,CRUS,CIRRUS LOGIC INC,1.0
2024-06-01,78015,MTX,MINERALS TECHNOLOGIES INC,1.0
2024-06-01,79133,ATR,APTARGROUP INC,1.0
2024-06-01,79686,DECK,DECKERS OUTDOOR CORP,1.0
2024-06-01,79862,ROCK,GIBRALTAR INDUSTRIES INC,1.0
2024-06-01,82307,DVA,DAVITA INC,1.0
2024-06-01,82694,EME,EMCOR GROUP INC,1.0
2024-06-01,83779,PEGA,PEGASYSTEMS INC,1.0
2024-06-01,83799,STRA,STRATEGIC EDUCATION INC,1.0
2024-06-01,83976,ANF,ABERCROMBIE & FITCH CO,1.0
2024-06-01,85067,MMS,MAXIMUS INC,1.0
2024-06-01,85072,RL,RALPH LAUREN CORP,1.0
2024-06-01,85875,IBOC,INTERNATIONAL BANCSHARES CORP,1.0
2024-06-01,86026,IOSP,INNOSPEC INC,1.0
2024-06-01,86580,NVDA,NVIDIA CORP,1.0
2024-06-01,86783,BKNG,BOOKING HOLDINGS INC,1.0
2024-06-01,88860,ALGN,ALIGN TECHNOLOGY INC,1.0
2024-06-01,89968,PIPR,PIPER SANDLER COMPANIES,1.0
2024-06-01,90249,ENS,ENERSYS,1.0
2024-06-01,90319,GOOGL,ALPHABET INC,1.0
2024-06-01,91531,OC,OWENS CORNING NEW,1.0
2024-06-01,92852,LOPE,GRAND CANYON EDUCATION INC,1.0
2024-06-01,93035,SEM,SELECT MEDICAL HOLDINGS CORP,1.0
2024-06-01,93312,SSNC,S S & C TECHNOLOGIES HLDGS INC,1.0
2024-06-01,82775,HIG,HARTFORD FINANCIAL SVCS GRP INC,0.994559
2024-06-01,92221,MELI,MERCADOLIBRE INC,0.990326
2024-06-01,90880,AMP,AMERIPRISE FINANCIAL INC,0.990043
2024-06-01,61313,DCI,DONALDSON INC,0.9774
2024-06-01,12570,ITT,I T T INC,0.96767
2024-06-01,64186,CI,CIGNA GROUP,0.960799
2024-06-01,14229,OMF,ONEMAIN HOLDINGS INC,0.957331
2024-06-01,16076,GMS,G M S INC,0.956162
2024-06-01,84723,LNG,CHENIERE ENERGY INC,0.95034
2024-06-01,41355,PH,PARKER HANNIFIN CORP,0.950047
2024-06-01,91668,IPGP,I P G PHOTONICS CORP,0.947245
2024-06-01,16260,MEDP,MEDPACE HOLDINGS INC,0.946873
2024-06-01,73139,SYK,STRYKER CORP,0.944051
2024-06-01,23473,CINF,CINCINNATI FINANCIAL CORP,0.937892
2024-06-01,65402,AOS,SMITH A O CORP,0.929498
2024-06-01,75825,EOG,EOG RESOURCES INC,0.929068
2024-06-01,13284,ALSN,ALLISON TRANSMISSION HLDGS INC,0.92818
2024-06-01,75510,ADBE,ADOBE INC,0.922072
2024-06-01,91233,MA,MASTERCARD INC,0.920699
2024-06-01,90829,CF,C F INDUSTRIES HOLDINGS INC,0.913174
2024-06-01,13928,COP,CONOCOPHILLIPS,0.912128
2024-06-01,88661,TPR,TAPESTRY INC,0.906975
2024-06-01,89269,CNC,CENTENE CORP DEL,0.900174
2024-06-01,91463,CVLT,COMMVAULT SYSTEMS INC,0.895085
2024-06-01,80864,RS,RELIANCE INC,0.894405
2024-06-01,87432,A,AGILENT TECHNOLOGIES INC,0.888908
2024-06-01,93330,PRI,PRIMERICA INC,0.887044
2024-06-01,90550,DLB,DOLBY LABORATORIES INC,0.886536
2024-06-01,13766,BCC,BOISE CASCADE CO,0.886321
2024-06-01,13721,ABBV,ABBVIE INC,0.885123
2024-06-01,34032,MAS,MASCO CORP,0.88135
2024-06-01,13911,IQV,IQVIA HOLDINGS INC,0.857722
2024-06-01,89525,CMCSA,COMCAST CORP NEW,0.850671
2024-06-01,80415,EXP,EAGLE MATERIALS INC,0.8466
2024-06-01,93132,FTNT,FORTINET INC,0.846239
2024-06-01,92402,MSCI,M S C I INC,0.838802
2024-06-01,42550,NEU,NEWMARKET CORP,0.825241
2024-06-01,11884,IPAR,INTERMEDIATE PARFUMS INC,0.809124
2024-06-01,85753,VRSN,VERISIGN INC,0.799067
2024-06-01,59010,GPS,GAP INC,0.78934
2024-06-01,77274,GILD,GILEAD SCIENCES INC,0.78295
2024-06-01,85631,ADSK,AUTODESK INC,0.765941
2024-06-01,39490,APA,A P A CORP,0.759781
2024-06-01,85593,AMG,AFFILIATED MANAGERS GROUP INC,0.75633
2024-06-01,17783,CHX,CHAMPIONX CORP,0.750512
2024-06-01,90215,CRM,SALESFORCE INC,0.748973
2024-06-01,17005,CVS,C V S HEALTH CORP,0.702528
2024-06-01,87137,DVN,DEVON ENERGY CORP NEW,0.642055
2024-06-01,91575,HRI,HERC HOLDINGS INC,0.600191
2024-06-01,89866,LKQ,L K Q CORP,0.570118
2024-06-01,90386,MOS,MOSAIC CO NEW,0.562213
2024-06-01,47706,FSS,FEDERAL SIGNAL CORP,0.556455
2024-06-01,71176,SON,SONOCO PRODUCTS CO,0.545216
2024-06-01,89070,ZBH,ZIMMER BIOMET HOLDINGS INC,0.520713
2024-06-01,93089,VRSK,VERISK ANALYTICS INC,0.503228
2024-06-01,19409,AZEK,AZEK CO INC,0.470271
2024-06-01,56223,LPX,LOUISIANA PACIFIC CORP,0.413067
2024-06-01,14579,PAYC,PAYCOM SOFTWARE INC,0.377906
2024-06-01,89179,ELV,ELEVANCE HEALTH INC,0.313977
2024-06-01,86102,FHI,FEDERATED HERMES INC,0.139001
2024-06-01,52337,THC,TENET HEALTHCARE CORP,0.107301
2024-06-01,39538,MAT,MATTEL INC,0.080377
2024-06-01,64282,BBWI,BATH & BODY WORKS INC,0.02177
2024-06-01,10933,MKL,MARKEL GROUP INC,0.008842
2024-06-01,21186,WRK,WESTROCK CO,-0.058607
2024-06-01,91204,POR,PORTLAND GENERAL ELECTRIC CO,-0.214031
2024-06-01,18135,GH,GUARDANT HEALTH INC,-0.222731
2024-06-01,14988,LBRDK,LIBERTY BROADBAND CORP,-0.257147
2024-06-01,82651,WAT,WATERS CORP,-0.335139
2024-06-01,15534,NTRA,NATERA INC,-0.370783
2024-06-01,12473,KNX,KNIGHT SWIFT TRANSPORT HDLGS INC,-0.407668
2024-06-01,19849,SMMT,SUMMIT THERAPEUTICS INC,-0.409387
2024-06-01,16595,SNAP,SNAP INC,-0.435429
2024-06-01,18368,NFE,NEW FORTRESS ENERGY INC,-0.459922
2024-06-01,38295,SPB,SPECTRUM BRANDS HOLDINGS INC NEW,-0.571769
2024-06-01,14596,FIVN,FIVE 9 INC,-0.579567
2024-06-01,17125,DNLI,DENALI THERAPEUTICS INC,-0.596893
2024-06-01,59328,INTC,INTEL CORP,-0.602801
2024-06-01,13908,PFSI,PENNYMAC FINANCIAL SVCS INC NEW,-0.606123
2024-06-01,18735,GO,GROCERY OUTLET HOLDING CORP,-0.61219
2024-06-01,16381,BL,BLACKLINE INC,-0.619891
2024-06-01,17700,DAY,DAYFORCE INC,-0.634651
2024-06-01,18770,BBIO,BRIDGEBIO PHARMA INC,-0.677128
2024-06-01,54704,MOD,MODINE MANUFACTURING CO,-0.73105
2024-06-01,89297,CCOI,COGENT COMMUNICATIONS HLDS INC,-0.744164
2024-06-01,15452,EVH,EVOLENT HEALTH INC,-0.759464
2024-06-01,14436,RARE,ULTRAGENYX PHARMACEUTICALS INC,-0.764809
2024-06-01,58683,LUV,SOUTHWEST AIRLINES CO,-0.775855
2024-06-01,91594,SPR,SPIRIT AEROSYSTEMS HOLDINGS INC,-0.783718
2024-06-01,13688,PCG,P G & E CORP,-0.785969
2024-06-01,15119,WK,WORKIVA INC,-0.812924
2024-06-01,52476,EFX,EQUIFAX INC,-0.835041
2024-06-01,27684,AVT,AVNET INC,-0.838803
2024-06-01,92220,MASI,MASIMO CORP,-0.839279
2024-06-01,16432,GT,GOODYEAR TIRE & RUBBER CO,-0.839805
2024-06-01,86288,CSGP,COSTAR GROUP INC,-0.849622
2024-06-01,61241,AMD,ADVANCED MICRO DEVICES INC,-0.854654
2024-06-01,43350,SWK,STANLEY BLACK & DECKER INC,-0.861528
2024-06-01,32870,HRL,HORMEL FOODS CORP,-0.866789
2024-06-01,16082,SITE,SITEONE LANDSCAPE SUPPLY INC,-0.868109
2024-06-01,93096,DG,DOLLAR GENERAL CORP NEW,-0.871877
2024-06-01,15167,SHAK,SHAKE SHACK INC,-0.880098
2024-06-01,26825,K,KELLANOVA,-0.880126
2024-06-01,19413,ACI,ALBERTSONS COMPANIES INC,-0.887173
2024-06-01,89031,AXON,AXON ENTERPRISE INC,-0.891477
2024-06-01,90199,CBRE,C B R E GROUP INC,-0.896843
2024-06-01,16499,PK,PARK HOTELS & RESORTS INC,-0.897971
2024-06-01,89482,BANC,BANC OF CALIFORNIA INC,-0.902366
2024-06-01,10200,RGEN,REPLIGEN CORP,-0.903563
2024-06-01,10397,WERN,WERNER ENTERPRISES INC,-0.926631
2024-06-01,14432,ITCI,INTRA CELLULAR THERAPIES INC,-0.931945
2024-06-01,69649,RJF,RAYMOND JAMES FINANCIAL INC,-0.946782
2024-06-01,77730,TSN,TYSON FOODS INC,-0.947605
2024-06-01,19166,FMC,F M C CORP,-0.947737
2024-06-01,82547,AEIS,ADVANCED ENERGY INDUSTRIES INC,-0.966127
2024-06-01,93436,TSLA,TESLA INC,-0.967213
2024-06-01,52978,HAS,HASBRO INC,-0.970789
2024-06-01,85789,CADE,CADENCE BANK,-0.975273
2024-06-01,19081,SITM,SITIME CORP,-0.975395
2024-06-01,14329,ARMK,ARAMARK,-0.98221
2024-06-01,16021,PR,PERMIAN RESOURCES CORP,-0.986047
2024-06-01,93098,H,HYATT HOTELS CORP,-0.987741
2024-06-01,57568,BALL,BALL CORP,-0.993573
2024-06-01,11370,ENV,ENVESTNET INC,-1.0
2024-06-01,11644,CRK,COMSTOCK RESOURCES INC,-1.0
2024-06-01,14179,AR,ANTERO RESOURCES CORP,-1.0
2024-06-01,14574,MC,MOELIS & CO,-1.0
2024-06-01,14617,ARES,ARES MANAGEMENT CORP,-1.0
2024-06-01,15284,BPMC,BLUEPRINT MEDICINES CORP,-1.0
2024-06-01,15432,,,-1.0
2024-06-01,15623,HLI,HOULIHAN LOKEY INC,-1.0
2024-06-01,16386,IRTC,IRHYTHM TECHNOLOGIES INC,-1.0
2024-06-01,16928,KRYS,KRYSTAL BIOTECH INC,-1.0
2024-06-01,17034,ALTR,ALTAIR ENGINEERING INC,-1.0
2024-06-01,17864,BJ,B J S WHOLESALE CLUB HLDGS INC,-1.0
2024-06-01,17959,CRNX,CRINETICS PHARMACEUTICALS INC,-1.0
2024-06-01,18312,MRNA,MODERNA INC,-1.0
2024-06-01,19201,RVMD,REVOLUTION MEDICINES INC,-1.0
2024-06-01,19285,CARR,CARRIER GLOBAL CORP,-1.0
2024-06-01,19484,PCVX,VAXCYTE INC,-1.0
2024-06-01,19502,WBA,WALGREENS BOOTS ALLIANCE INC,-1.0
2024-06-01,19547,CERE,CEREVEL THERAPEUTICS HLDGS INC,-1.0
2024-06-01,19561,BA,BOEING CO,-1.0
2024-06-01,19825,DYN,DYNE THERAPEUTICS INC,-1.0
2024-06-01,19880,MTZ,MASTEC INC,-1.0
2024-06-01,20646,OSCR,OSCAR HEALTH INC,-1.0
2024-06-01,20657,ACVA,A C V AUCTIONS INC,-1.0
2024-06-01,21087,PRVA,PRIVIA HEALTH GROUP INC,-1.0
2024-06-01,21207,NEM,NEWMONT CORP,-1.0
2024-06-01,22592,MMM,3M CO,-1.0
2024-06-01,23229,CMS,C M S ENERGY CORP,-1.0
2024-06-01,24328,EQT,E Q T CORP,-1.0
2024-06-01,42585,SJM,SMUCKER J M CO,-1.0
2024-06-01,43123,ATI,A T I INC,-1.0
2024-06-01,50017,RRC,RANGE RESOURCES CORP,-1.0
2024-06-01,50606,TDW,TIDEWATER INC NEW,-1.0
2024-06-01,53613,MU,MICRON TECHNOLOGY INC,-1.0
2024-06-01,55511,PNM,P N M RESOURCES INC,-1.0
2024-06-01,60580,TTC,TORO CO,-1.0
2024-06-01,61188,SWX,SOUTHWEST GAS HOLDINGS INC,-1.0
2024-06-01,63765,SWN,SOUTHWESTERN ENERGY CO,-1.0
2024-06-01,66384,WDC,WESTERN DIGITAL CORP,-1.0
2024-06-01,76136,KMPR,KEMPER CORP DE,-1.0
2024-06-01,76591,QDEL,QUIDELORTHO CORP,-1.0
2024-06-01,76661,IONS,IONIS PHARMACEUTICALS INC,-1.0
2024-06-01,76712,AES,A E S CORP,-1.0
2024-06-01,79444,TALO,TALOS ENERGY INC,-1.0
2024-06-01,80069,ARWR,ARROWHEAD PHARMACEUTICALS INC,-1.0
2024-06-01,80286,TSCO,TRACTOR SUPPLY CO NEW,-1.0
2024-06-01,84761,TTWO,TAKE TWO INTERACTIVE SOFTWR INC,-1.0
2024-06-01,85464,CWST,CASELLA WASTE SYSTEMS INC,-1.0
2024-06-01,87356,TKO,T K O GROUP HOLDINGS INC,-1.0
2024-06-01,87812,SLAB,SILICON LABORATORIES INC,-1.0
2024-06-01,88853,FLR,FLUOR CORP NEW,-1.0
2024-06-01,89217,AAP,ADVANCE AUTO PARTS INC,-1.0
2024-06-01,89455,RUSHA,RUSH ENTERPRISES INC,-1.0
2024-06-01,91041,LYV,LIVE NATION ENTERTAINMENT INC,-1.0
2024-06-01,91579,KBR,K B R INC,-1.0
2024-06-01,92294,UEC,URANIUM ENERGY CORP,-1.0
2024-07-01,10107,MSFT,MICROSOFT CORP,1.0
2024-07-01,11018,FBP,FIRST BANCORP P R,1.0
2024-07-01,11691,MATX,MATSON INC,1.0
2024-07-01,11995,COKE,COCA COLA CONSOLIDATED INC,1.0
2024-07-01,12981,FBIN,FORTUNE BRANDS INNOVATIONS INC,1.0
2024-07-01,13407,META,META PLATFORMS INC,1.0
2024-07-01,13788,ZTS,ZOETIS INC,1.0
2024-07-01,13901,MO,ALTRIA GROUP INC,1.0
2024-07-01,14318,NMIH,N M I HOLDINGS INC,1.0
2024-07-01,14593,AAPL,APPLE INC,1.0
2024-07-01,16260,MEDP,MEDPACE HOLDINGS INC,1.0
2024-07-01,16655,CVNA,CARVANA CO,1.0
2024-07-01,17223,ADT,A D T INC,1.0
2024-07-01,18786,AMK,ASSETMARK FINANCIAL HOLDINGS INC,1.0
2024-07-01,20894,APP,APPLOVIN CORP,1.0
2024-07-01,22111,JNJ,JOHNSON & JOHNSON,1.0
2024-07-01,22779,MSI,MOTOROLA SOLUTIONS INC,1.0
2024-07-01,27334,CSL,CARLISLE COMPANIES,1.0
2024-07-01,54253,MSA,M S A SAFETY INC,1.0
2024-07-01,55976,WMT,WALMART INC,1.0
2024-07-01,56223,LPX,LOUISIANA PACIFIC CORP,1.0
2024-07-01,59010,GPS,GAP INC,1.0
2024-07-01,61313,DCI,DONALDSON INC,1.0
2024-07-01,62308,GL,GLOBE LIFE INC,1.0
2024-07-01,65307,RPM,R P M INTERNATIONAL INC,1.0
2024-07-01,66093,T,A T & T INC,1.0
2024-07-01,75510,ADBE,ADOBE INC,1.0
2024-07-01,75603,CRUS,CIRRUS LOGIC INC,1.0
2024-07-01,76582,DORM,DORMAN PRODUCTS INC,1.0
2024-07-01,79133,ATR,APTARGROUP INC,1.0
2024-07-01,79637,UHS,UNIVERSAL HEALTH SERVICES INC,1.0
2024-07-01,79862,ROCK,GIBRALTAR INDUSTRIES INC,1.0
2024-07-01,83779,PEGA,PEGASYSTEMS INC,1.0
2024-07-01,83799,STRA,STRATEGIC EDUCATION INC,1.0
2024-07-01,83976,ANF,ABERCROMBIE & FITCH CO,1.0
2024-07-01,84723,LNG,CHENIERE ENERGY INC,1.0
2024-07-01,85768,IESC,I E S HOLDINGS INC,1.0
2024-07-01,86026,IOSP,INNOSPEC INC,1.0
2024-07-01,86580,NVDA,NVIDIA CORP,1.0
2024-07-01,88860,ALGN,ALIGN TECHNOLOGY INC,1.0
2024-07-01,89968,PIPR,PIPER SANDLER COMPANIES,1.0
2024-07-01,90319,GOOGL,ALPHABET INC,1.0
2024-07-01,91234,MWA,MUELLER WATER PRODUCTS INC,1.0
2024-07-01,91463,CVLT,COMMVAULT SYSTEMS INC,1.0
2024-07-01,92852,LOPE,GRAND CANYON EDUCATION INC,1.0
2024-07-01,93312,SSNC,S S & C TECHNOLOGIES HLDGS INC,1.0
2024-07-01,85067,MMS,MAXIMUS INC,0.991229
2024-07-01,15850,MTCH,MATCH GROUP INC NEW,0.987713
2024-07-01,93035,SEM,SELECT MEDICAL HOLDINGS CORP,0.98069
2024-07-01,82775,HIG,HARTFORD FINANCIAL SVCS GRP INC,0.966951
2024-07-01,90880,AMP,AMERIPRISE FINANCIAL INC,0.964599
2024-07-01,18973,BRC,BRADY CORP,0.962918
2024-07-01,90249,ENS,ENERSYS,0.957909
2024-07-01,91531,OC,OWENS CORNING NEW,0.955283
2024-07-01,18091,CW,CURTISS WRIGHT CORP,0.954754
2024-07-01,78015,MTX,MINERALS TECHNOLOGIES INC,0.954492
2024-07-01,18064,FTDR,FRONTDOOR INC,0.951204
2024-07-01,23473,CINF,CINCINNATI FINANCIAL CORP,0.944884
2024-07-01,12622,HCA,H C A HEALTHCARE INC,0.943361
2024-07-01,14229,OMF,ONEMAIN HOLDINGS INC,0.941103
2024-07-01,73139,SYK,STRYKER CORP,0.940047
2024-07-01,92221,MELI,MERCADOLIBRE INC,0.939076
2024-07-01,12570,ITT,I T T INC,0.939057
2024-07-01,13721,ABBV,ABBVIE INC,0.937904
2024-07-01,82307,DVA,DAVITA INC,0.937759
2024-07-01,85072,RL,RALPH LAUREN CORP,0.93704
2024-07-01,85631,ADSK,AUTODESK INC,0.93698
2024-07-01,82694,EME,EMCOR GROUP INC,0.935205
2024-07-01,75825,EOG,EOG RESOURCES INC,0.935082
2024-07-01,13284,ALSN,ALLISON TRANSMISSION HLDGS INC,0.925453
2024-07-01,93330,PRI,PRIMERICA INC,0.925364
2024-07-01,64186,CI,CIGNA GROUP,0.921493
2024-07-01,17332,VCTR,VICTORY CAPITAL HOLDINGS INC,0.920191
2024-07-01,91668,IPGP,I P G PHOTONICS CORP,0.917781
2024-07-01,11581,EPAC,ENERPAC TOOL GROUP CORP,0.914274
2024-07-01,65402,AOS,SMITH A O CORP,0.904994
2024-07-01,91233,MA,MASTERCARD INC,0.904731
2024-07-01,41355,PH,PARKER HANNIFIN CORP,0.900173
2024-07-01,88661,TPR,TAPESTRY INC,0.895836
2024-07-01,13928,COP,CONOCOPHILLIPS,0.89192
2024-07-01,79686,DECK,DECKERS OUTDOOR CORP,0.88072
2024-07-01,87432,A,AGILENT TECHNOLOGIES INC,0.879925
2024-07-01,13936,PVH,P V H CORP,0.878319
2024-07-01,90550,DLB,DOLBY LABORATORIES INC,0.863399
2024-07-01,93132,FTNT,FORTINET INC,0.8563
2024-07-01,80864,RS,RELIANCE INC,0.845576
2024-07-01,90829,CF,C F INDUSTRIES HOLDINGS INC,0.845154
2024-07-01,34032,MAS,MASCO CORP,0.836748
2024-07-01,89269,CNC,CENTENE CORP DEL,0.829944
2024-07-01,89525,CMCSA,COMCAST CORP NEW,0.828673
2024-07-01,13911,IQV,IQVIA HOLDINGS INC,0.824235
2024-07-01,90215,CRM,SALESFORCE INC,0.818276
2024-07-01,16076,GMS,G M S INC,0.816364
2024-07-01,92402,MSCI,M S C I INC,0.812592
2024-07-01,85753,VRSN,VERISIGN INC,0.811723
2024-07-01,42550,NEU,NEWMARKET CORP,0.795558
2024-07-01,13766,BCC,BOISE CASCADE CO,0.767151
2024-07-01,17783,CHX,CHAMPIONX CORP,0.76099
2024-07-01,85593,AMG,AFFILIATED MANAGERS GROUP INC,0.72358
2024-07-01,17005,CVS,C V S HEALTH CORP,0.693265
2024-07-01,87137,DVN,DEVON ENERGY CORP NEW,0.622192
2024-07-01,91575,HRI,HERC HOLDINGS INC,0.548979
2024-07-01,89866,LKQ,L K Q CORP,0.548688
2024-07-01,93089,VRSK,VERISK ANALYTICS INC,0.535329
2024-07-01,47706,FSS,FEDERAL SIGNAL CORP,0.503666
2024-07-01,89070,ZBH,ZIMMER BIOMET HOLDINGS INC,0.489719
2024-07-01,71176,SON,SONOCO PRODUCTS CO,0.448351
2024-07-01,19409,AZEK,AZEK CO INC,0.411165
2024-07-01,14579,PAYC,PAYCOM SOFTWARE INC,0.370417
2024-07-01,85645,INGR,INGREDION INC,0.33086
2024-07-01,89179,ELV,ELEVANCE HEALTH INC,0.315614
2024-07-01,86102,FHI,FEDERATED HERMES INC,0.137213
2024-07-01,52337,THC,TENET HEALTHCARE CORP,0.105121
2024-07-01,39490,APA,A P A CORP,0.095587
2024-07-01,70228,TOL,TOLL BROTHERS INC,0.092622
2024-07-01,39538,MAT,MATTEL INC,0.073133
2024-07-01,14813,MARA,MARATHON DIGITAL HOLDINGS INC,0.060605
2024-07-01,64282,BBWI,BATH & BODY WORKS INC,0.016349
2024-07-01,10933,MKL,MARKEL GROUP INC,0.00845
2024-07-01,21186,WRK,WESTROCK CO,-0.054672
2024-07-01,26825,K,KELLANOVA,-0.148337
2024-07-01,91204,POR,PORTLAND GENERAL ELECTRIC CO,-0.209242
2024-07-01,18135,GH,GUARDANT HEALTH INC,-0.236441
2024-07-01,14988,LBRDK,LIBERTY BROADBAND CORP,-0.259556
2024-07-01,12591,APO,APOLLO GLOBAL MANAGEMENT INC NEW,-0.259557
2024-07-01,82651,WAT,WATERS CORP,-0.313381
2024-07-01,13908,PFSI,PENNYMAC FINANCIAL SVCS INC NEW,-0.327748
2024-07-01,19849,SMMT,SUMMIT THERAPEUTICS INC,-0.365982
2024-07-01,15534,NTRA,NATERA INC,-0.375379
2024-07-01,18368,NFE,NEW FORTRESS ENERGY INC,-0.398692
2024-07-01,14401,OGS,ONE GAS INC,-0.439035
2024-07-01,16595,SNAP,SNAP INC,-0.479726
2024-07-01,59328,INTC,INTEL CORP,-0.602659
2024-07-01,16381,BL,BLACKLINE INC,-0.626817
2024-07-01,11370,ENV,ENVESTNET INC,-0.708328
2024-07-01,54704,MOD,MODINE MANUFACTURING CO,-0.722746
2024-07-01,13688,PCG,P G & E CORP,-0.737366
2024-07-01,19502,WBA,WALGREENS BOOTS ALLIANCE INC,-0.741559
2024-07-01,76591,QDEL,QUIDELORTHO CORP,-0.747629
2024-07-01,10200,RGEN,REPLIGEN CORP,-0.760262
2024-07-01,15119,WK,WORKIVA INC,-0.767536
2024-07-01,16432,GT,GOODYEAR TIRE & RUBBER CO,-0.770849
2024-07-01,20646,OSCR,OSCAR HEALTH INC,-0.78846
2024-07-01,27684,AVT,AVNET INC,-0.792068
2024-07-01,43350,SWK,STANLEY BLACK & DECKER INC,-0.793727
2024-07-01,86288,CSGP,COSTAR GROUP INC,-0.802316
2024-07-01,76712,AES,A E S CORP,-0.809678
2024-07-01,61241,AMD,ADVANCED MICRO DEVICES INC,-0.827112
2024-07-01,58683,LUV,SOUTHWEST AIRLINES CO,-0.829055
2024-07-01,15167,SHAK,SHAKE SHACK INC,-0.831113
2024-07-01,93096,DG,DOLLAR GENERAL CORP NEW,-0.838477
2024-07-01,19413,ACI,ALBERTSONS COMPANIES INC,-0.845259
2024-07-01,32870,HRL,HORMEL FOODS CORP,-0.849503
2024-07-01,57568,BALL,BALL CORP,-0.85728
2024-07-01,16499,PK,PARK HOTELS & RESORTS INC,-0.858597
2024-07-01,52476,EFX,EQUIFAX INC,-0.871546
2024-07-01,87812,SLAB,SILICON LABORATORIES INC,-0.872708
2024-07-01,10397,WERN,WERNER ENTERPRISES INC,-0.879892
2024-07-01,43123,ATI,A T I INC,-0.899853
2024-07-01,19166,FMC,F M C CORP,-0.899979
2024-07-01,61188,SWX,SOUTHWEST GAS HOLDINGS INC,-0.902951
2024-07-01,90199,CBRE,C B R E GROUP INC,-0.903734
2024-07-01,50017,RRC,RANGE RESOURCES CORP,-0.906363
2024-07-01,14179,AR,ANTERO RESOURCES CORP,-0.911676
2024-07-01,50606,TDW,TIDEWATER INC NEW,-0.917292
2024-07-01,89455,RUSHA,RUSH ENTERPRISES INC,-0.923639
2024-07-01,89031,AXON,AXON ENTERPRISE INC,-0.927584
2024-07-01,23229,CMS,C M S ENERGY CORP,-0.941847
2024-07-01,77730,TSN,TYSON FOODS INC,-0.941876
2024-07-01,80286,TSCO,TRACTOR SUPPLY CO NEW,-0.94228
2024-07-01,52978,HAS,HASBRO INC,-0.945998
2024-07-01,19880,MTZ,MASTEC INC,-0.949015
2024-07-01,69649,RJF,RAYMOND JAMES FINANCIAL INC,-0.94951
2024-07-01,14617,ARES,ARES MANAGEMENT CORP,-0.953388
2024-07-01,55511,PNM,P N M RESOURCES INC,-0.959881
2024-07-01,16021,PR,PERMIAN RESOURCES CORP,-0.967541
2024-07-01,85789,CADE,CADENCE BANK,-0.970994
2024-07-01,42585,SJM,SMUCKER J M CO,-0.972586
2024-07-01,82547,AEIS,ADVANCED ENERGY INDUSTRIES INC,-0.974102
2024-07-01,91579,KBR,K B R INC,-0.975023
2024-07-01,85464,CWST,CASELLA WASTE SYSTEMS INC,-0.982255
2024-07-01,19081,SITM,SITIME CORP,-0.99187
2024-07-01,17864,BJ,B J S WHOLESALE CLUB HLDGS INC,-0.993263
2024-07-01,91041,LYV,LIVE NATION ENTERTAINMENT INC,-0.995875
2024-07-01,88853,FLR,FLUOR CORP NEW,-0.999331
2024-07-01,10258,CLDX,CELLDEX THERAPEUTICS INC,-1.0
2024-07-01,11644,CRK,COMSTOCK RESOURCES INC,-1.0
2024-07-01,12473,KNX,KNIGHT SWIFT TRANSPORT HDLGS INC,-1.0
2024-07-01,14044,AGIO,AGIOS PHARMACEUTICALS INC,-1.0
2024-07-01,14329,ARMK,ARAMARK,-1.0
2024-07-01,14432,ITCI,INTRA CELLULAR THERAPIES INC,-1.0
2024-07-01,14436,RARE,ULTRAGENYX PHARMACEUTICALS INC,-1.0
2024-07-01,14472,VRNS,VARONIS SYSTEMS INC,-1.0
2024-07-01,14574,MC,MOELIS & CO,-1.0
2024-07-01,14596,FIVN,FIVE 9 INC,-1.0
2024-07-01,15284,BPMC,BLUEPRINT MEDICINES CORP,-1.0
2024-07-01,16386,IRTC,IRHYTHM TECHNOLOGIES INC,-1.0
2024-07-01,17034,ALTR,ALTAIR ENGINEERING INC,-1.0
2024-07-01,17125,DNLI,DENALI THERAPEUTICS INC,-1.0
2024-07-01,17700,DAY,DAYFORCE INC,-1.0
2024-07-01,17959,CRNX,CRINETICS PHARMACEUTICALS INC,-1.0
2024-07-01,18312,MRNA,MODERNA INC,-1.0
2024-07-01,18735,GO,GROCERY OUTLET HOLDING CORP,-1.0
2024-07-01,18770,BBIO,BRIDGEBIO PHARMA INC,-1.0
2024-07-01,19002,BWIN,BALDWIN INSURANCE GROUP INC,-1.0
2024-07-01,19201,RVMD,REVOLUTION MEDICINES INC,-1.0
2024-07-01,19285,CARR,CARRIER GLOBAL CORP,-1.0
2024-07-01,19484,PCVX,VAXCYTE INC,-1.0
2024-07-01,19547,CERE,CEREVEL THERAPEUTICS HLDGS INC,-1.0
2024-07-01,19561,BA,BOEING CO,-1.0
2024-07-01,20657,ACVA,A C V AUCTIONS INC,-1.0
2024-07-01,21087,PRVA,PRIVIA HEALTH GROUP INC,-1.0
2024-07-01,21207,NEM,NEWMONT CORP,-1.0
2024-07-01,22592,MMM,3M CO,-1.0
2024-07-01,24328,EQT,E Q T CORP,-1.0
2024-07-01,25320,CPB,CAMPBELL SOUP CO,-1.0
2024-07-01,53613,MU,MICRON TECHNOLOGY INC,-1.0
2024-07-01,54594,AIR,A A R CORP,-1.0
2024-07-01,60580,TTC,TORO CO,-1.0
2024-07-01,63765,SWN,SOUTHWESTERN ENERGY CO,-1.0
2024-07-01,66376,WSO,WATSCO INC,-1.0
2024-07-01,66384,WDC,WESTERN DIGITAL CORP,-1.0
2024-07-01,76136,KMPR,KEMPER CORP DE,-1.0
2024-07-01,76661,IONS,IONIS PHARMACEUTICALS INC,-1.0
2024-07-01,79444,TALO,TALOS ENERGY INC,-1.0
2024-07-01,80069,ARWR,ARROWHEAD PHARMACEUTICALS INC,-1.0
2024-07-01,84319,LAD,LITHIA MOTORS INC,-1.0
2024-07-01,84761,TTWO,TAKE TWO INTERACTIVE SOFTWR INC,-1.0
2024-07-01,85002,SRPT,SAREPTA THERAPEUTICS INC,-1.0
2024-07-01,87356,TKO,T K O GROUP HOLDINGS INC,-1.0
2024-07-01,89297,CCOI,COGENT COMMUNICATIONS HLDS INC,-1.0
2024-07-01,89482,BANC,BANC OF CALIFORNIA INC,-1.0
2024-07-01,91594,SPR,SPIRIT AEROSYSTEMS HOLDINGS INC,-1.0
2024-07-01,93098,H,HYATT HOTELS CORP,-1.0
2024-07-01,93436,TSLA,TESLA INC,-1.0
2024-08-01,11018,FBP,FIRST BANCORP P R,1.0
2024-08-01,11691,MATX,MATSON INC,1.0
2024-08-01,11995,COKE,COCA COLA CONSOLIDATED INC,1.0
2024-08-01,12570,ITT,I T T INC,1.0
2024-08-01,12622,HCA,H C A HEALTHCARE INC,1.0
2024-08-01,12981,FBIN,FORTUNE BRANDS INNOVATIONS INC,1.0
2024-08-01,13407,META,META PLATFORMS INC,1.0
2024-08-01,13721,ABBV,ABBVIE INC,1.0
2024-08-01,13788,ZTS,ZOETIS INC,1.0
2024-08-01,13901,MO,ALTRIA GROUP INC,1.0
2024-08-01,14229,OMF,ONEMAIN HOLDINGS INC,1.0
2024-08-01,14318,NMIH,N M I HOLDINGS INC,1.0
2024-08-01,14593,AAPL,APPLE INC,1.0
2024-08-01,15850,MTCH,MATCH GROUP INC NEW,1.0
2024-08-01,16655,CVNA,CARVANA CO,1.0
2024-08-01,17223,ADT,A D T INC,1.0
2024-08-01,17332,VCTR,VICTORY CAPITAL HOLDINGS INC,1.0
2024-08-01,18064,FTDR,FRONTDOOR INC,1.0
2024-08-01,18091,CW,CURTISS WRIGHT CORP,1.0
2024-08-01,18973,BRC,BRADY CORP,1.0
2024-08-01,22111,JNJ,JOHNSON & JOHNSON,1.0
2024-08-01,22779,MSI,MOTOROLA SOLUTIONS INC,1.0
2024-08-01,23473,CINF,CINCINNATI FINANCIAL CORP,1.0
2024-08-01,27334,CSL,CARLISLE COMPANIES,1.0
2024-08-01,54253,MSA,M S A SAFETY INC,1.0
2024-08-01,55976,WMT,WALMART INC,1.0
2024-08-01,56223,LPX,LOUISIANA PACIFIC CORP,1.0
2024-08-01,61313,DCI,DONALDSON INC,1.0
2024-08-01,62308,GL,GLOBE LIFE INC,1.0
2024-08-01,65307,RPM,R P M INTERNATIONAL INC,1.0
2024-08-01,66093,T,A T & T INC,1.0
2024-08-01,75510,ADBE,ADOBE INC,1.0
2024-08-01,75603,CRUS,CIRRUS LOGIC INC,1.0
2024-08-01,76582,DORM,DORMAN PRODUCTS INC,1.0
2024-08-01,79133,ATR,APTARGROUP INC,1.0
2024-08-01,79637,UHS,UNIVERSAL HEALTH SERVICES INC,1.0
2024-08-01,79862,ROCK,GIBRALTAR INDUSTRIES INC,1.0
2024-08-01,82775,HIG,HARTFORD FINANCIAL SVCS GRP INC,1.0
2024-08-01,83779,PEGA,PEGASYSTEMS INC,1.0
2024-08-01,84723,LNG,CHENIERE ENERGY INC,1.0
2024-08-01,85067,MMS,MAXIMUS INC,1.0
2024-08-01,85768,IESC,I E S HOLDINGS INC,1.0
2024-08-01,86026,IOSP,INNOSPEC INC,1.0
2024-08-01,89968,PIPR,PIPER SANDLER COMPANIES,1.0
2024-08-01,90249,ENS,ENERSYS,1.0
2024-08-01,90319,GOOGL,ALPHABET INC,1.0
2024-08-01,91234,MWA,MUELLER WATER PRODUCTS INC,1.0
2024-08-01,91463,CVLT,COMMVAULT SYSTEMS INC,1.0
2024-08-01,91531,OC,OWENS CORNING NEW,1.0
2024-08-01,92852,LOPE,GRAND CANYON EDUCATION INC,1.0
2024-08-01,93035,SEM,SELECT MEDICAL HOLDINGS CORP,1.0
2024-08-01,93179,PPC,PILGRIMS PRIDE CORP NEW,1.0
2024-08-01,93312,SSNC,S S & C TECHNOLOGIES HLDGS INC,1.0
2024-08-01,93330,PRI,PRIMERICA INC,1.0
2024-08-01,41355,PH,PARKER HANNIFIN CORP,0.994437
2024-08-01,18786,AMK,ASSETMARK FINANCIAL HOLDINGS INC,0.993842
2024-08-01,59010,GPS,GAP INC,0.984627
2024-08-01,34032,MAS,MASCO CORP,0.973122
2024-08-01,64186,CI,CIGNA GROUP,0.967607
2024-08-01,90880,AMP,AMERIPRISE FINANCIAL INC,0.966558
2024-08-01,11581,EPAC,ENERPAC TOOL GROUP CORP,0.958338
2024-08-01,82694,EME,EMCOR GROUP INC,0.95797
2024-08-01,87432,A,AGILENT TECHNOLOGIES INC,0.957475
2024-08-01,13911,IQV,IQVIA HOLDINGS INC,0.95597
2024-08-01,88860,ALGN,ALIGN TECHNOLOGY INC,0.955733
2024-08-01,92221,MELI,MERCADOLIBRE INC,0.949224
2024-08-01,91233,MA,MASTERCARD INC,0.948125
2024-08-01,83799,STRA,STRATEGIC EDUCATION INC,0.947756
2024-08-01,75825,EOG,EOG RESOURCES INC,0.944061
2024-08-01,86580,NVDA,NVIDIA CORP,0.942513
2024-08-01,65402,AOS,SMITH A O CORP,0.940347
2024-08-01,85072,RL,RALPH LAUREN CORP,0.935463
2024-08-01,85631,ADSK,AUTODESK INC,0.932831
2024-08-01,10107,MSFT,MICROSOFT CORP,0.9313
2024-08-01,16260,MEDP,MEDPACE HOLDINGS INC,0.924074
2024-08-01,20894,APP,APPLOVIN CORP,0.921749
2024-08-01,82307,DVA,DAVITA INC,0.920145
2024-08-01,13766,BCC,BOISE CASCADE CO,0.9107
2024-08-01,92402,MSCI,M S C I INC,0.908299
2024-08-01,73139,SYK,STRYKER CORP,0.900254
2024-08-01,80864,RS,RELIANCE INC,0.897728
2024-08-01,78015,MTX,MINERALS TECHNOLOGIES INC,0.895131
2024-08-01,58246,NTRS,NORTHERN TRUST CORP,0.882907
2024-08-01,89525,CMCSA,COMCAST CORP NEW,0.876535
2024-08-01,91668,IPGP,I P G PHOTONICS CORP,0.870064
2024-08-01,90829,CF,C F INDUSTRIES HOLDINGS INC,0.867056
2024-08-01,13928,COP,CONOCOPHILLIPS,0.862921
2024-08-01,42550,NEU,NEWMARKET CORP,0.861711
2024-08-01,85593,AMG,AFFILIATED MANAGERS GROUP INC,0.856291
2024-08-01,90550,DLB,DOLBY LABORATORIES INC,0.85421
2024-08-01,85753,VRSN,VERISIGN INC,0.849946
2024-08-01,13936,PVH,P V H CORP,0.841992
2024-08-01,79686,DECK,DECKERS OUTDOOR CORP,0.835335
2024-08-01,88661,TPR,TAPESTRY INC,0.835089
2024-08-01,83976,ANF,ABERCROMBIE & FITCH CO,0.824574
2024-08-01,90215,CRM,SALESFORCE INC,0.821137
2024-08-01,93132,FTNT,FORTINET INC,0.820583
2024-08-01,14406,ESI,ELEMENT SOLUTIONS INC,0.819914
2024-08-01,17783,CHX,CHAMPIONX CORP,0.74246
2024-08-01,17005,CVS,C V S HEALTH CORP,0.71298
2024-08-01,87137,DVN,DEVON ENERGY CORP NEW,0.614404
2024-08-01,47706,FSS,FEDERAL SIGNAL CORP,0.599414
2024-08-01,93089,VRSK,VERISK ANALYTICS INC,0.517316
2024-08-01,89070,ZBH,ZIMMER BIOMET HOLDINGS INC,0.500137
2024-08-01,71176,SON,SONOCO PRODUCTS CO,0.474527
2024-08-01,19409,AZEK,AZEK CO INC,0.436164
2024-08-01,14579,PAYC,PAYCOM SOFTWARE INC,0.430175
2024-08-01,85645,INGR,INGREDION INC,0.359655
2024-08-01,13284,ALSN,ALLISON TRANSMISSION HLDGS INC,0.274284
2024-08-01,52337,THC,TENET HEALTHCARE CORP,0.117798
2024-08-01,70228,TOL,TOLL BROTHERS INC,0.114566
2024-08-01,39538,MAT,MATTEL INC,0.086417
2024-08-01,64282,BBWI,BATH & BODY WORKS INC,0.015309
2024-08-01,10933,MKL,MARKEL GROUP INC,0.00875
2024-08-01,52476,EFX,EQUIFAX INC,-0.050863
2024-08-01,21186,,,-0.055459
2024-08-01,53613,MU,MICRON TECHNOLOGY INC,-0.095787
2024-08-01,18190,AXNX,AXONICS INC,-0.134496
2024-08-01,26825,K,KELLANOVA,-0.148847
2024-08-01,91204,POR,PORTLAND GENERAL ELECTRIC CO,-0.22829
2024-08-01,12591,APO,APOLLO GLOBAL MANAGEMENT INC NEW,-0.274251
2024-08-01,18135,GH,GUARDANT HEALTH INC,-0.286497
2024-08-01,14988,LBRDK,LIBERTY BROADBAND CORP,-0.317849
2024-08-01,13908,PFSI,PENNYMAC FINANCIAL SVCS INC NEW,-0.338399
2024-08-01,15534,NTRA,NATERA INC,-0.353159
2024-08-01,18368,NFE,NEW FORTRESS ENERGY INC,-0.356182
2024-08-01,82651,WAT,WATERS CORP,-0.361766
2024-08-01,16595,SNAP,SNAP INC,-0.382446
2024-08-01,14401,OGS,ONE GAS INC,-0.47671
2024-08-01,59328,INTC,INTEL CORP,-0.595344
2024-08-01,16381,BL,BLACKLINE INC,-0.611833
2024-08-01,61188,SWX,SOUTHWEST GAS HOLDINGS INC,-0.711743
2024-08-01,19502,WBA,WALGREENS BOOTS ALLIANCE INC,-0.72427
2024-08-01,61241,AMD,ADVANCED MICRO DEVICES INC,-0.73281
2024-08-01,93096,DG,DOLLAR GENERAL CORP NEW,-0.762953
2024-08-01,13688,PCG,P G & E CORP,-0.767255
2024-08-01,15119,WK,WORKIVA INC,-0.772122
2024-08-01,16432,GT,GOODYEAR TIRE & RUBBER CO,-0.790988
2024-08-01,76712,AES,A E S CORP,-0.816002
2024-08-01,27684,AVT,AVNET INC,-0.823256
2024-08-01,50017,RRC,RANGE RESOURCES CORP,-0.839921
2024-08-01,86288,CSGP,COSTAR GROUP INC,-0.840524
2024-08-01,54704,MOD,MODINE MANUFACTURING CO,-0.845366
2024-08-01,19413,ACI,ALBERTSONS COMPANIES INC,-0.84968
2024-08-01,16499,PK,PARK HOTELS & RESORTS INC,-0.859137
2024-08-01,20646,OSCR,OSCAR HEALTH INC,-0.877447
2024-08-01,76591,QDEL,QUIDELORTHO CORP,-0.880714
2024-08-01,69649,RJF,RAYMOND JAMES FINANCIAL INC,-0.889835
2024-08-01,85002,SRPT,SAREPTA THERAPEUTICS INC,-0.895542
2024-08-01,17034,ALTR,ALTAIR ENGINEERING INC,-0.896186
2024-08-01,32870,HRL,HORMEL FOODS CORP,-0.898911
2024-08-01,57568,BALL,BALL CORP,-0.90766
2024-08-01,19166,FMC,F M C CORP,-0.908406
2024-08-01,16021,PR,PERMIAN RESOURCES CORP,-0.914456
2024-08-01,80286,TSCO,TRACTOR SUPPLY CO NEW,-0.914528
2024-08-01,89031,AXON,AXON ENTERPRISE INC,-0.941404
2024-08-01,87812,SLAB,SILICON LABORATORIES INC,-0.943538
2024-08-01,93098,H,HYATT HOTELS CORP,-0.965076
2024-08-01,90775,THS,TREEHOUSE FOODS INC,-0.972736
2024-08-01,17864,BJ,B J S WHOLESALE CLUB HLDGS INC,-0.989941
2024-08-01,77730,TSN,TYSON FOODS INC,-0.999417
2024-08-01,10200,RGEN,REPLIGEN CORP,-1.0
2024-08-01,10397,WERN,WERNER ENTERPRISES INC,-1.0
2024-08-01,11644,CRK,COMSTOCK RESOURCES INC,-1.0
2024-08-01,12473,KNX,KNIGHT SWIFT TRANSPORT HDLGS INC,-1.0
2024-08-01,13877,IBTX,INDEPENDENT BANK GROUP INC,-1.0
2024-08-01,14044,AGIO,AGIOS PHARMACEUTICALS INC,-1.0
2024-08-01,14179,AR,ANTERO RESOURCES CORP,-1.0
2024-08-01,14329,ARMK,ARAMARK,-1.0
2024-08-01,14432,ITCI,INTRA CELLULAR THERAPIES INC,-1.0
2024-08-01,14436,RARE,ULTRAGENYX PHARMACEUTICALS INC,-1.0
2024-08-01,14472,VRNS,VARONIS SYSTEMS INC,-1.0
2024-08-01,14574,MC,MOELIS & CO,-1.0
2024-08-01,14596,FIVN,FIVE 9 INC,-1.0
2024-08-01,14617,ARES,ARES MANAGEMENT CORP,-1.0
2024-08-01,14882,CZR,CAESARS ENTERTAINMENT INC DE,-1.0
2024-08-01,15284,BPMC,BLUEPRINT MEDICINES CORP,-1.0
2024-08-01,16386,IRTC,IRHYTHM TECHNOLOGIES INC,-1.0
2024-08-01,17125,DNLI,DENALI THERAPEUTICS INC,-1.0
2024-08-01,17944,TENB,TENABLE HOLDINGS INC,-1.0
2024-08-01,17959,CRNX,CRINETICS PHARMACEUTICALS INC,-1.0
2024-08-01,18312,MRNA,MODERNA INC,-1.0
2024-08-01,19002,BWIN,BALDWIN INSURANCE GROUP INC,-1.0
2024-08-01,19081,SITM,SITIME CORP,-1.0
2024-08-01,19201,RVMD,REVOLUTION MEDICINES INC,-1.0
2024-08-01,19285,CARR,CARRIER GLOBAL CORP,-1.0
2024-08-01,19547,CERE,CEREVEL THERAPEUTICS HLDGS INC,-1.0
2024-08-01,19561,BA,BOEING CO,-1.0
2024-08-01,19825,DYN,DYNE THERAPEUTICS INC,-1.0
2024-08-01,19849,SMMT,SUMMIT THERAPEUTICS INC,-1.0
2024-08-01,20657,ACVA,A C V AUCTIONS INC,-1.0
2024-08-01,21087,PRVA,PRIVIA HEALTH GROUP INC,-1.0
2024-08-01,21207,NEM,NEWMONT CORP,-1.0
2024-08-01,22592,MMM,3M CO,-1.0
2024-08-01,23229,CMS,C M S ENERGY CORP,-1.0
2024-08-01,24328,EQT,E Q T CORP,-1.0
2024-08-01,25320,CPB,CAMPBELL SOUP CO,-1.0
2024-08-01,42585,SJM,SMUCKER J M CO,-1.0
2024-08-01,43123,ATI,A T I INC,-1.0
2024-08-01,43350,SWK,STANLEY BLACK & DECKER INC,-1.0
2024-08-01,52978,HAS,HASBRO INC,-1.0
2024-08-01,54594,AIR,A A R CORP,-1.0
2024-08-01,55511,PNM,P N M RESOURCES INC,-1.0
2024-08-01,58683,LUV,SOUTHWEST AIRLINES CO,-1.0
2024-08-01,60580,TTC,TORO CO,-1.0
2024-08-01,63765,SWN,SOUTHWESTERN ENERGY CO,-1.0
2024-08-01,66376,WSO,WATSCO INC,-1.0
2024-08-01,66384,WDC,WESTERN DIGITAL CORP,-1.0
2024-08-01,76136,KMPR,KEMPER CORP DE,-1.0
2024-08-01,76282,AN,AUTONATION INC DEL,-1.0
2024-08-01,76661,IONS,IONIS PHARMACEUTICALS INC,-1.0
2024-08-01,79444,TALO,TALOS ENERGY INC,-1.0
2024-08-01,80069,ARWR,ARROWHEAD PHARMACEUTICALS INC,-1.0
2024-08-01,82547,AEIS,ADVANCED ENERGY INDUSTRIES INC,-1.0
2024-08-01,84319,LAD,LITHIA MOTORS INC,-1.0
2024-08-01,84385,NSP,INSPERITY INC,-1.0
2024-08-01,84761,TTWO,TAKE TWO INTERACTIVE SOFTWR INC,-1.0
2024-08-01,85464,CWST,CASELLA WASTE SYSTEMS INC,-1.0
2024-08-01,85738,MRCY,MERCURY SYSTEMS INC,-1.0
2024-08-01,85789,CADE,CADENCE BANK,-1.0
2024-08-01,87356,TKO,T K O GROUP HOLDINGS INC,-1.0
2024-08-01,88853,FLR,FLUOR CORP NEW,-1.0
2024-08-01,89297,CCOI,COGENT COMMUNICATIONS HLDS INC,-1.0
2024-08-01,89455,RUSHA,RUSH ENTERPRISES INC,-1.0
2024-08-01,89482,BANC,BANC OF CALIFORNIA INC,-1.0
2024-08-01,90199,CBRE,C B R E GROUP INC,-1.0
2024-08-01,90776,WAL,WESTERN ALLIANCE BANCORPORATION,-1.0
2024-08-01,91041,LYV,LIVE NATION ENTERTAINMENT INC,-1.0
2024-08-01,92782,MYRG,M Y R GROUP INC DE,-1.0
2024-08-01,93436,TSLA,TESLA INC,-1.0
2024-09-01,11691,MATX,MATSON INC,1.0
2024-09-01,11995,COKE,COCA COLA CONSOLIDATED INC,1.0
2024-09-01,12622,HCA,H C A HEALTHCARE INC,1.0
2024-09-01,13407,META,META PLATFORMS INC,1.0
2024-09-01,13788,ZTS,ZOETIS INC,1.0
2024-09-01,13901,MO,ALTRIA GROUP INC,1.0
2024-09-01,14318,NMIH,N M I HOLDINGS INC,1.0
2024-09-01,14406,ESI,ELEMENT SOLUTIONS INC,1.0
2024-09-01,14593,AAPL,APPLE INC,1.0
2024-09-01,16655,CVNA,CARVANA CO,1.0
2024-09-01,17223,ADT,A D T INC,1.0
2024-09-01,17332,VCTR,VICTORY CAPITAL HOLDINGS INC,1.0
2024-09-01,18064,FTDR,FRONTDOOR INC,1.0
2024-09-01,18091,CW,CURTISS WRIGHT CORP,1.0
2024-09-01,18786,AMK,ASSETMARK FINANCIAL HOLDINGS INC,1.0
2024-09-01,18973,BRC,BRADY CORP,1.0
2024-09-01,20894,APP,APPLOVIN CORP,1.0
2024-09-01,22111,JNJ,JOHNSON & JOHNSON,1.0
2024-09-01,22779,MSI,MOTOROLA SOLUTIONS INC,1.0
2024-09-01,27334,CSL,CARLISLE COMPANIES,1.0
2024-09-01,41355,PH,PARKER HANNIFIN CORP,1.0
2024-09-01,42439,HNI,H N I CORP,1.0
2024-09-01,56223,LPX,LOUISIANA PACIFIC CORP,1.0
2024-09-01,62308,GL,GLOBE LIFE INC,1.0
2024-09-01,66093,T,A T & T INC,1.0
2024-09-01,75510,ADBE,ADOBE INC,1.0
2024-09-01,75603,CRUS,CIRRUS LOGIC INC,1.0
2024-09-01,76230,TRMB,TRIMBLE INC,1.0
2024-09-01,76582,DORM,DORMAN PRODUCTS INC,1.0
2024-09-01,79133,ATR,APTARGROUP INC,1.0
2024-09-01,79637,UHS,UNIVERSAL HEALTH SERVICES INC,1.0
2024-09-01,82307,DVA,DAVITA INC,1.0
2024-09-01,82775,HIG,HARTFORD FINANCIAL SVCS GRP INC,1.0
2024-09-01,83779,PEGA,PEGASYSTEMS INC,1.0
2024-09-01,84723,LNG,CHENIERE ENERGY INC,1.0
2024-09-01,85067,MMS,MAXIMUS INC,1.0
2024-09-01,85621,MTD,METTLER TOLEDO INTERNATIONAL INC,1.0
2024-09-01,85768,IESC,I E S HOLDINGS INC,1.0
2024-09-01,86047,AMKR,AMKOR TECHNOLOGY INC,1.0
2024-09-01,87432,A,AGILENT TECHNOLOGIES INC,1.0
2024-09-01,89968,PIPR,PIPER SANDLER COMPANIES,1.0
2024-09-01,90319,GOOGL,ALPHABET INC,1.0
2024-09-01,90708,MORN,MORNINGSTAR INC,1.0
2024-09-01,90880,AMP,AMERIPRISE FINANCIAL INC,1.0
2024-09-01,91234,MWA,MUELLER WATER PRODUCTS INC,1.0
2024-09-01,91463,CVLT,COMMVAULT SYSTEMS INC,1.0
2024-09-01,92221,MELI,MERCADOLIBRE INC,1.0
2024-09-01,92852,LOPE,GRAND CANYON EDUCATION INC,1.0
2024-09-01,93132,FTNT,FORTINET INC,1.0
2024-09-01,93179,PPC,PILGRIMS PRIDE CORP NEW,1.0
2024-09-01,93312,SSNC,S S & C TECHNOLOGIES HLDGS INC,1.0
2024-09-01,93330,PRI,PRIMERICA INC,1.0
2024-09-01,11018,FBP,FIRST BANCORP P R,0.999844
2024-09-01,64186,CI,CIGNA GROUP,0.999796
2024-09-01,82694,EME,EMCOR GROUP INC,0.998696
2024-09-01,34032,MAS,MASCO CORP,0.994044
2024-09-01,73139,SYK,STRYKER CORP,0.98692
2024-09-01,91233,MA,MASTERCARD INC,0.984072
2024-09-01,12981,FBIN,FORTUNE BRANDS INNOVATIONS INC,0.981154
2024-09-01,12570,ITT,I T T INC,0.979746
2024-09-01,11581,EPAC,ENERPAC TOOL GROUP CORP,0.978896
2024-09-01,92402,MSCI,M S C I INC,0.973964
2024-09-01,88860,ALGN,ALIGN TECHNOLOGY INC,0.973519
2024-09-01,13911,IQV,IQVIA HOLDINGS INC,0.9724
2024-09-01,61313,DCI,DONALDSON INC,0.97129
2024-09-01,15850,MTCH,MATCH GROUP INC NEW,0.971197
2024-09-01,85631,ADSK,AUTODESK INC,0.969712
2024-09-01,54253,MSA,M S A SAFETY INC,0.966415
2024-09-01,14229,OMF,ONEMAIN HOLDINGS INC,0.963192
2024-09-01,86580,NVDA,NVIDIA CORP,0.957276
2024-09-01,75825,EOG,EOG RESOURCES INC,0.954929
2024-09-01,65307,RPM,R P M INTERNATIONAL INC,0.952686
2024-09-01,90829,CF,C F INDUSTRIES HOLDINGS INC,0.945183
2024-09-01,59010,GAP,GAP INC,0.936244
2024-09-01,79862,ROCK,GIBRALTAR INDUSTRIES INC,0.933645
2024-09-01,10107,MSFT,MICROSOFT CORP,0.926145
2024-09-01,65402,AOS,SMITH A O CORP,0.921596
2024-09-01,90249,ENS,ENERSYS,0.917349
2024-09-01,85072,RL,RALPH LAUREN CORP,0.908261
2024-09-01,58246,NTRS,NORTHERN TRUST CORP,0.904502
2024-09-01,91531,OC,OWENS CORNING NEW,0.900882
2024-09-01,13928,COP,CONOCOPHILLIPS,0.885467
2024-09-01,78015,MTX,MINERALS TECHNOLOGIES INC,0.877745
2024-09-01,42550,NEU,NEWMARKET CORP,0.877723
2024-09-01,86026,IOSP,INNOSPEC INC,0.874489
2024-09-01,13766,BCC,BOISE CASCADE CO,0.865207
2024-09-01,79686,DECK,DECKERS OUTDOOR CORP,0.864835
2024-09-01,83799,STRA,STRATEGIC EDUCATION INC,0.863539
2024-09-01,16260,MEDP,MEDPACE HOLDINGS INC,0.854161
2024-09-01,80864,RS,RELIANCE INC,0.84427
2024-09-01,89525,CMCSA,COMCAST CORP NEW,0.836555
2024-09-01,85753,VRSN,VERISIGN INC,0.832055
2024-09-01,83976,ANF,ABERCROMBIE & FITCH CO,0.821433
2024-09-01,13936,PVH,P V H CORP,0.811027
2024-09-01,90215,CRM,SALESFORCE INC,0.798788
2024-09-01,85593,AMG,AFFILIATED MANAGERS GROUP INC,0.798167
2024-09-01,90550,DLB,DOLBY LABORATORIES INC,0.773404
2024-09-01,91668,IPGP,I P G PHOTONICS CORP,0.736034
2024-09-01,17005,CVS,C V S HEALTH CORP,0.673312
2024-09-01,17783,CHX,CHAMPIONX CORP,0.671348
2024-09-01,87137,DVN,DEVON ENERGY CORP NEW,0.582295
2024-09-01,47706,FSS,FEDERAL SIGNAL CORP,0.564622
2024-09-01,93089,VRSK,VERISK ANALYTICS INC,0.536908
2024-09-01,89070,ZBH,ZIMMER BIOMET HOLDINGS INC,0.516387
2024-09-01,14579,PAYC,PAYCOM SOFTWARE INC,0.418888
2024-09-01,19409,AZEK,AZEK CO INC,0.412278
2024-09-01,85645,INGR,INGREDION INC,0.38681
2024-09-01,22752,MRK,MERCK & CO INC NEW,0.317649
2024-09-01,13284,ALSN,ALLISON TRANSMISSION HLDGS INC,0.286784
2024-09-01,23473,CINF,CINCINNATI FINANCIAL CORP,0.285085
2024-09-01,52337,THC,TENET HEALTHCARE CORP,0.129978
2024-09-01,39538,MAT,MATTEL INC,0.084646
2024-09-01,11731,AIN,ALBANY INTERNATIONAL CORP NEW,0.073228
2024-09-01,64282,BBWI,BATH & BODY WORKS INC,0.012818
2024-09-01,10933,MKL,MARKEL GROUP INC,0.008507
2024-09-01,76837,HAE,HAEMONETICS CORP MASS,-0.105692
2024-09-01,18190,AXNX,AXONICS INC,-0.135247
2024-09-01,18135,GH,GUARDANT HEALTH INC,-0.207347
2024-09-01,88351,INSM,INSMED INC,-0.212972
2024-09-01,91204,POR,PORTLAND GENERAL ELECTRIC CO,-0.230798
2024-09-01,12591,APO,APOLLO GLOBAL MANAGEMENT INC NEW,-0.253128
2024-09-01,14988,LBRDK,LIBERTY BROADBAND CORP,-0.292814
2024-09-01,82651,WAT,WATERS CORP,-0.371001
2024-09-01,13908,PFSI,PENNYMAC FINANCIAL SVCS INC NEW,-0.37212
2024-09-01,15534,NTRA,NATERA INC,-0.406337
2024-09-01,59328,INTC,INTEL CORP,-0.427029
2024-09-01,14401,OGS,ONE GAS INC,-0.474561
2024-09-01,69649,RJF,RAYMOND JAMES FINANCIAL INC,-0.495082
2024-09-01,93096,DG,DOLLAR GENERAL CORP NEW,-0.522438
2024-09-01,89327,ABG,ASBURY AUTOMOTIVE GROUP INC,-0.566414
2024-09-01,13105,ACHC,ACADIA HEALTHCARE CO INC,-0.573616
2024-09-01,16432,GT,GOODYEAR TIRE & RUBBER CO,-0.592788
2024-09-01,16381,BL,BLACKLINE INC,-0.635266
2024-09-01,18312,MRNA,MODERNA INC,-0.644801
2024-09-01,14596,FIVN,FIVE 9 INC,-0.719487
2024-09-01,50017,RRC,RANGE RESOURCES CORP,-0.799901
2024-09-01,15119,WK,WORKIVA INC,-0.814763
2024-09-01,13688,PCG,P G & E CORP,-0.824825
2024-09-01,86288,CSGP,COSTAR GROUP INC,-0.829053
2024-09-01,19413,ACI,ALBERTSONS COMPANIES INC,-0.836927
2024-09-01,27684,AVT,AVNET INC,-0.841364
2024-09-01,16021,PR,PERMIAN RESOURCES CORP,-0.857026
2024-09-01,16499,PK,PARK HOTELS & RESORTS INC,-0.86789
2024-09-01,54704,MOD,MODINE MANUFACTURING CO,-0.869579
2024-09-01,17944,TENB,TENABLE HOLDINGS INC,-0.894536
2024-09-01,17864,BJ,B J S WHOLESALE CLUB HLDGS INC,-0.895531
2024-09-01,10200,RGEN,REPLIGEN CORP,-0.897463
2024-09-01,57568,BALL,BALL CORP,-0.903365
2024-09-01,20646,OSCR,OSCAR HEALTH INC,-0.90434
2024-09-01,32870,HRL,HORMEL FOODS CORP,-0.907256
2024-09-01,82547,AEIS,ADVANCED ENERGY INDUSTRIES INC,-0.908073
2024-09-01,84385,NSP,INSPERITY INC,-0.910593
2024-09-01,17034,ALTR,ALTAIR ENGINEERING INC,-0.912511
2024-09-01,93436,TSLA,TESLA INC,-0.918191
2024-09-01,14179,AR,ANTERO RESOURCES CORP,-0.925629
2024-09-01,14432,ITCI,INTRA CELLULAR THERAPIES INC,-0.926475
2024-09-01,80286,TSCO,TRACTOR SUPPLY CO NEW,-0.928924
2024-09-01,14882,CZR,CAESARS ENTERTAINMENT INC DE,-0.937759
2024-09-01,10397,WERN,WERNER ENTERPRISES INC,-0.938679
2024-09-01,43123,ATI,A T I INC,-0.939016
2024-09-01,76591,QDEL,QUIDELORTHO CORP,-0.943173
2024-09-01,14617,ARES,ARES MANAGEMENT CORP,-0.951195
2024-09-01,12473,KNX,KNIGHT SWIFT TRANSPORT HDLGS INC,-0.957918
2024-09-01,60580,TTC,TORO CO,-0.962885
2024-09-01,43350,SWK,STANLEY BLACK & DECKER INC,-0.964716
2024-09-01,66376,WSO,WATSCO INC,-0.966837
2024-09-01,24328,EQT,E Q T CORP,-0.971665
2024-09-01,66384,WDC,WESTERN DIGITAL CORP,-0.973806
2024-09-01,76136,KMPR,KEMPER CORP DE,-0.976182
2024-09-01,42585,SJM,SMUCKER J M CO,-0.976695
2024-09-01,85789,CADE,CADENCE BANK,-0.977631
2024-09-01,55511,TXNM,T X N M ENERGY INC,-0.981151
2024-09-01,14574,MC,MOELIS & CO,-0.987655
2024-09-01,90775,THS,TREEHOUSE FOODS INC,-0.987998
2024-09-01,93098,H,HYATT HOTELS CORP,-0.991883
2024-09-01,11644,CRK,COMSTOCK RESOURCES INC,-1.0
2024-09-01,13877,IBTX,INDEPENDENT BANK GROUP INC,-1.0
2024-09-01,14044,AGIO,AGIOS PHARMACEUTICALS INC,-1.0
2024-09-01,14329,ARMK,ARAMARK,-1.0
2024-09-01,14436,RARE,ULTRAGENYX PHARMACEUTICALS INC,-1.0
2024-09-01,14472,VRNS,VARONIS SYSTEMS INC,-1.0
2024-09-01,15284,BPMC,BLUEPRINT MEDICINES CORP,-1.0
2024-09-01,16386,IRTC,IRHYTHM TECHNOLOGIES INC,-1.0
2024-09-01,16968,MDB,MONGODB INC,-1.0
2024-09-01,17125,DNLI,DENALI THERAPEUTICS INC,-1.0
2024-09-01,17959,CRNX,CRINETICS PHARMACEUTICALS INC,-1.0
2024-09-01,18770,BBIO,BRIDGEBIO PHARMA INC,-1.0
2024-09-01,19002,BWIN,BALDWIN INSURANCE GROUP INC,-1.0
2024-09-01,19081,SITM,SITIME CORP,-1.0
2024-09-01,19285,CARR,CARRIER GLOBAL CORP,-1.0
2024-09-01,19502,WBA,WALGREENS BOOTS ALLIANCE INC,-1.0
2024-09-01,19561,BA,BOEING CO,-1.0
2024-09-01,19825,DYN,DYNE THERAPEUTICS INC,-1.0
2024-09-01,19849,SMMT,SUMMIT THERAPEUTICS INC,-1.0
2024-09-01,20188,CRC,CALIFORNIA RESOURCES CORP,-1.0
2024-09-01,20342,DRVN,DRIVEN BRANDS HOLDINGS INC,-1.0
2024-09-01,20657,ACVA,A C V AUCTIONS INC,-1.0
2024-09-01,20923,EDR,ENDEAVOR GROUP HOLDINGS INC,-1.0
2024-09-01,21087,PRVA,PRIVIA HEALTH GROUP INC,-1.0
2024-09-01,21207,NEM,NEWMONT CORP,-1.0
2024-09-01,21612,PWSC,POWERSCHOOL HOLDINGS INC,-1.0
2024-09-01,23229,CMS,C M S ENERGY CORP,-1.0
2024-09-01,25320,CPB,CAMPBELL SOUP CO,-1.0
2024-09-01,54594,AIR,A A R CORP,-1.0
2024-09-01,58683,LUV,SOUTHWEST AIRLINES CO,-1.0
2024-09-01,63765,SWN,SOUTHWESTERN ENERGY CO,-1.0
2024-09-01,76282,AN,AUTONATION INC DEL,-1.0
2024-09-01,76644,X,UNITED STATES STEEL CORP NEW,-1.0
2024-09-01,76661,IONS,IONIS PHARMACEUTICALS INC,-1.0
2024-09-01,77730,TSN,TYSON FOODS INC,-1.0
2024-09-01,79444,TALO,TALOS ENERGY INC,-1.0
2024-09-01,80069,ARWR,ARROWHEAD PHARMACEUTICALS INC,-1.0
2024-09-01,84319,LAD,LITHIA MOTORS INC,-1.0
2024-09-01,84761,TTWO,TAKE TWO INTERACTIVE SOFTWR INC,-1.0
2024-09-01,85002,SRPT,SAREPTA THERAPEUTICS INC,-1.0
2024-09-01,85464,CWST,CASELLA WASTE SYSTEMS INC,-1.0
2024-09-01,85738,MRCY,MERCURY SYSTEMS INC,-1.0
2024-09-01,86822,EXTR,EXTREME NETWORKS INC,-1.0
2024-09-01,87356,TKO,T K O GROUP HOLDINGS INC,-1.0
2024-09-01,87812,SLAB,SILICON LABORATORIES INC,-1.0
2024-09-01,88853,FLR,FLUOR CORP NEW,-1.0
2024-09-01,89031,AXON,AXON ENTERPRISE INC,-1.0
2024-09-01,89455,RUSHA,RUSH ENTERPRISES INC,-1.0
2024-09-01,89482,BANC,BANC OF CALIFORNIA INC,-1.0
2024-09-01,90199,CBRE,C B R E GROUP INC,-1.0
2024-09-01,90776,WAL,WESTERN ALLIANCE BANCORPORATION,-1.0
2024-09-01,91041,LYV,LIVE NATION ENTERTAINMENT INC,-1.0
2024-09-01,91594,SPR,SPIRIT AEROSYSTEMS HOLDINGS INC,-1.0
2024-09-01,91733,AVAV,AEROVIRONMENT INC,-1.0
2024-09-01,92469,SATS,ECHOSTAR CORP,-1.0
2024-10-01,11691,MATX,MATSON INC,1.0
2024-10-01,11731,AIN,ALBANY INTERNATIONAL CORP NEW,1.0
2024-10-01,12570,ITT,I T T INC,1.0
2024-10-01,12622,HCA,H C A HEALTHCARE INC,1.0
2024-10-01,12981,FBIN,FORTUNE BRANDS INNOVATIONS INC,1.0
2024-10-01,13407,META,META PLATFORMS INC,1.0
2024-10-01,13788,ZTS,ZOETIS INC,1.0
2024-10-01,13911,IQV,IQVIA HOLDINGS INC,1.0
2024-10-01,14406,ESI,ELEMENT SOLUTIONS INC,1.0
2024-10-01,14593,AAPL,APPLE INC,1.0
2024-10-01,16655,CVNA,CARVANA CO,1.0
2024-10-01,17332,VCTR,VICTORY CAPITAL HOLDINGS INC,1.0
2024-10-01,18091,CW,CURTISS WRIGHT CORP,1.0
2024-10-01,18973,BRC,BRADY CORP,1.0
2024-10-01,20894,APP,APPLOVIN CORP,1.0
2024-10-01,22752,MRK,MERCK & CO INC NEW,1.0
2024-10-01,22779,MSI,MOTOROLA SOLUTIONS INC,1.0
2024-10-01,27334,CSL,CARLISLE COMPANIES,1.0
2024-10-01,34032,MAS,MASCO CORP,1.0
2024-10-01,41355,PH,PARKER HANNIFIN CORP,1.0
2024-10-01,42439,HNI,H N I CORP,1.0
2024-10-01,56223,LPX,LOUISIANA PACIFIC CORP,1.0
2024-10-01,62308,GL,GLOBE LIFE INC,1.0
2024-10-01,65541,COO,COOPER COMPANIES INC,1.0
2024-10-01,66093,T,A T & T INC,1.0
2024-10-01,75603,CRUS,CIRRUS LOGIC INC,1.0
2024-10-01,76230,TRMB,TRIMBLE INC,1.0
2024-10-01,79133,ATR,APTARGROUP INC,1.0
2024-10-01,79637,UHS,UNIVERSAL HEALTH SERVICES INC,1.0
2024-10-01,82307,DVA,DAVITA INC,1.0
2024-10-01,82694,EME,EMCOR GROUP INC,1.0
2024-10-01,82775,HIG,HARTFORD FINANCIAL SVCS GRP INC,1.0
2024-10-01,83779,PEGA,PEGASYSTEMS INC,1.0
2024-10-01,83799,STRA,STRATEGIC EDUCATION INC,1.0
2024-10-01,85067,MMS,MAXIMUS INC,1.0
2024-10-01,85072,RL,RALPH LAUREN CORP,1.0
2024-10-01,85621,MTD,METTLER TOLEDO INTERNATIONAL INC,1.0
2024-10-01,85631,ADSK,AUTODESK INC,1.0
2024-10-01,85768,IESC,I E S HOLDINGS INC,1.0
2024-10-01,87432,A,AGILENT TECHNOLOGIES INC,1.0
2024-10-01,87657,EW,EDWARDS LIFESCIENCES CORP,1.0
2024-10-01,88860,ALGN,ALIGN TECHNOLOGY INC,1.0
2024-10-01,89968,PIPR,PIPER SANDLER COMPANIES,1.0
2024-10-01,90319,GOOGL,ALPHABET INC,1.0
2024-10-01,90708,MORN,MORNINGSTAR INC,1.0
2024-10-01,90880,AMP,AMERIPRISE FINANCIAL INC,1.0
2024-10-01,91233,MA,MASTERCARD INC,1.0
2024-10-01,91234,MWA,MUELLER WATER PRODUCTS INC,1.0
2024-10-01,92852,LOPE,GRAND CANYON EDUCATION INC,1.0
2024-10-01,93132,FTNT,FORTINET INC,1.0
2024-10-01,93312,SSNC,S S & C TECHNOLOGIES HLDGS INC,1.0
2024-10-01,93330,PRI,PRIMERICA INC,1.0
2024-10-01,14318,NMIH,N M I HOLDINGS INC,0.998303
2024-10-01,17223,ADT,A D T INC,0.994943
2024-10-01,18064,FTDR,FRONTDOOR INC,0.993509
2024-10-01,76582,DORM,DORMAN PRODUCTS INC,0.992736
2024-10-01,92221,MELI,MERCADOLIBRE INC,0.990676
2024-10-01,11581,EPAC,ENERPAC TOOL GROUP CORP,0.989803
2024-10-01,65307,RPM,R P M INTERNATIONAL INC,0.987212
2024-10-01,73139,SYK,STRYKER CORP,0.986852
2024-10-01,91463,CVLT,COMMVAULT SYSTEMS INC,0.985407
2024-10-01,11018,FBP,FIRST BANCORP P R,0.985405
2024-10-01,65402,AOS,SMITH A O CORP,0.984598
2024-10-01,93179,PPC,PILGRIMS PRIDE CORP NEW,0.984003
2024-10-01,15850,MTCH,MATCH GROUP INC NEW,0.983154
2024-10-01,61313,DCI,DONALDSON INC,0.979758
2024-10-01,11995,COKE,COCA COLA CONSOLIDATED INC,0.976013
2024-10-01,92402,MSCI,M S C I INC,0.973391
2024-10-01,22111,JNJ,JOHNSON & JOHNSON,0.97247
2024-10-01,90829,CF,C F INDUSTRIES HOLDINGS INC,0.971644
2024-10-01,86580,NVDA,NVIDIA CORP,0.969535
2024-10-01,84723,LNG,CHENIERE ENERGY INC,0.966125
2024-10-01,13901,MO,ALTRIA GROUP INC,0.963337
2024-10-01,64186,CI,CIGNA GROUP,0.956361
2024-10-01,10107,MSFT,MICROSOFT CORP,0.951085
2024-10-01,91531,OC,OWENS CORNING NEW,0.938313
2024-10-01,54253,MSA,M S A SAFETY INC,0.933958
2024-10-01,79862,ROCK,GIBRALTAR INDUSTRIES INC,0.932817
2024-10-01,86047,AMKR,AMKOR TECHNOLOGY INC,0.927947
2024-10-01,90249,ENS,ENERSYS,0.921844
2024-10-01,59010,GAP,GAP INC,0.916058
2024-10-01,14229,OMF,ONEMAIN HOLDINGS INC,0.913127
2024-10-01,75825,EOG,EOG RESOURCES INC,0.906856
2024-10-01,75510,ADBE,ADOBE INC,0.896793
2024-10-01,58246,NTRS,NORTHERN TRUST CORP,0.896349
2024-10-01,89525,CMCSA,COMCAST CORP NEW,0.879202
2024-10-01,78015,MTX,MINERALS TECHNOLOGIES INC,0.875171
2024-10-01,90215,CRM,SALESFORCE INC,0.862197
2024-10-01,79686,DECK,DECKERS OUTDOOR CORP,0.858505
2024-10-01,85753,VRSN,VERISIGN INC,0.855631
2024-10-01,86026,IOSP,INNOSPEC INC,0.853986
2024-10-01,80864,RS,RELIANCE INC,0.847911
2024-10-01,90550,DLB,DOLBY LABORATORIES INC,0.825865
2024-10-01,13936,PVH,P V H CORP,0.82519
2024-10-01,13928,COP,CONOCOPHILLIPS,0.815156
2024-10-01,85593,AMG,AFFILIATED MANAGERS GROUP INC,0.812709
2024-10-01,16260,MEDP,MEDPACE HOLDINGS INC,0.798596
2024-10-01,83976,ANF,ABERCROMBIE & FITCH CO,0.774945
2024-10-01,17799,INSP,INSPIRE MEDICAL SYSTEMS INC,0.611343
2024-10-01,47706,FSS,FEDERAL SIGNAL CORP,0.555859
2024-10-01,93089,VRSK,VERISK ANALYTICS INC,0.525629
2024-10-01,87137,DVN,DEVON ENERGY CORP NEW,0.511679
2024-10-01,89070,ZBH,ZIMMER BIOMET HOLDINGS INC,0.481487
2024-10-01,19409,AZEK,AZEK CO INC,0.450702
2024-10-01,42550,NEU,NEWMARKET CORP,0.424322
2024-10-01,85645,INGR,INGREDION INC,0.394009
2024-10-01,75233,VGR,VECTOR GROUP LTD,0.377148
2024-10-01,13766,BCC,BOISE CASCADE CO,0.315165
2024-10-01,13284,ALSN,ALLISON TRANSMISSION HLDGS INC,0.295724
2024-10-01,76095,HOLX,HOLOGIC INC,0.172713
2024-10-01,52337,THC,TENET HEALTHCARE CORP,0.12966
2024-10-01,39538,MAT,MATTEL INC,0.084567
2024-10-01,17005,CVS,C V S HEALTH CORP,0.043008
2024-10-01,64282,BBWI,BATH & BODY WORKS INC,0.013242
2024-10-01,10933,MKL,MARKEL GROUP INC,0.008297
2024-10-01,84385,NSP,INSPERITY INC,-0.010713
2024-10-01,57808,VSH,VISHAY INTERTECHNOLOGY INC,-0.030167
2024-10-01,18190,AXNX,AXONICS INC,-0.135473
2024-10-01,18135,GH,GUARDANT HEALTH INC,-0.18499
2024-10-01,88351,INSM,INSMED INC,-0.202324
2024-10-01,91204,POR,PORTLAND GENERAL ELECTRIC CO,-0.231149
2024-10-01,12591,APO,APOLLO GLOBAL MANAGEMENT INC NEW,-0.272037
2024-10-01,14988,LBRDK,LIBERTY BROADBAND CORP,-0.36145
2024-10-01,13908,PFSI,PENNYMAC FINANCIAL SVCS INC NEW,-0.390971
2024-10-01,15534,NTRA,NATERA INC,-0.434318
2024-10-01,58819,LNT,ALLIANT ENERGY CORP,-0.434394
2024-10-01,13105,ACHC,ACADIA HEALTHCARE CO INC,-0.441302
2024-10-01,59328,INTC,INTEL CORP,-0.45257
2024-10-01,69649,RJF,RAYMOND JAMES FINANCIAL INC,-0.504762
2024-10-01,14401,OGS,ONE GAS INC,-0.510092
2024-10-01,18312,MRNA,MODERNA INC,-0.553767
2024-10-01,16432,GT,GOODYEAR TIRE & RUBBER CO,-0.592066
2024-10-01,14596,FIVN,FIVE 9 INC,-0.637634
2024-10-01,16381,BL,BLACKLINE INC,-0.703999
2024-10-01,19825,DYN,DYNE THERAPEUTICS INC,-0.774726
2024-10-01,86288,CSGP,COSTAR GROUP INC,-0.805275
2024-10-01,16499,PK,PARK HOTELS & RESORTS INC,-0.811058
2024-10-01,16021,PR,PERMIAN RESOURCES CORP,-0.815151
2024-10-01,15119,WK,WORKIVA INC,-0.820901
2024-10-01,50017,RRC,RANGE RESOURCES CORP,-0.822034
2024-10-01,13688,PCG,P G & E CORP,-0.824365
2024-10-01,27684,AVT,AVNET INC,-0.829665
2024-10-01,76661,IONS,IONIS PHARMACEUTICALS INC,-0.835566
2024-10-01,17944,TENB,TENABLE HOLDINGS INC,-0.873935
2024-10-01,32870,HRL,HORMEL FOODS CORP,-0.879373
2024-10-01,10200,RGEN,REPLIGEN CORP,-0.880771
2024-10-01,82547,AEIS,ADVANCED ENERGY INDUSTRIES INC,-0.896603
2024-10-01,21087,PRVA,PRIVIA HEALTH GROUP INC,-0.899552
2024-10-01,85002,SRPT,SAREPTA THERAPEUTICS INC,-0.915178
2024-10-01,85464,CWST,CASELLA WASTE SYSTEMS INC,-0.91778
2024-10-01,17864,BJ,B J S WHOLESALE CLUB HLDGS INC,-0.919618
2024-10-01,14432,ITCI,INTRA CELLULAR THERAPIES INC,-0.920805
2024-10-01,77730,TSN,TYSON FOODS INC,-0.92152
2024-10-01,16968,MDB,MONGODB INC,-0.92509
2024-10-01,54704,MOD,MODINE MANUFACTURING CO,-0.945974
2024-10-01,88853,FLR,FLUOR CORP NEW,-0.948247
2024-10-01,76136,KMPR,KEMPER CORP DE,-0.951996
2024-10-01,57568,BALL,BALL CORP,-0.960246
2024-10-01,17034,ALTR,ALTAIR ENGINEERING INC,-0.960304
2024-10-01,85789,CADE,CADENCE BANK,-0.967699
2024-10-01,14436,RARE,ULTRAGENYX PHARMACEUTICALS INC,-0.973718
2024-10-01,14179,AR,ANTERO RESOURCES CORP,-0.978283
2024-10-01,91733,AVAV,AEROVIRONMENT INC,-0.979382
2024-10-01,12473,KNX,KNIGHT SWIFT TRANSPORT HDLGS INC,-0.985358
2024-10-01,54594,AIR,A A R CORP,-0.988996
2024-10-01,14472,VRNS,VARONIS SYSTEMS INC,-0.993614
2024-10-01,66376,WSO,WATSCO INC,-0.995845
2024-10-01,89455,RUSHA,RUSH ENTERPRISES INC,-0.997848
2024-10-01,21612,PWSC,POWERSCHOOL HOLDINGS INC,-0.999344
2024-10-01,10397,WERN,WERNER ENTERPRISES INC,-1.0
2024-10-01,11644,CRK,COMSTOCK RESOURCES INC,-1.0
2024-10-01,13877,IBTX,INDEPENDENT BANK GROUP INC,-1.0
2024-10-01,14044,AGIO,AGIOS PHARMACEUTICALS INC,-1.0
2024-10-01,14329,ARMK,ARAMARK,-1.0
2024-10-01,14574,MC,MOELIS & CO,-1.0
2024-10-01,14617,ARES,ARES MANAGEMENT CORP,-1.0
2024-10-01,14882,CZR,CAESARS ENTERTAINMENT INC DE,-1.0
2024-10-01,15284,BPMC,BLUEPRINT MEDICINES CORP,-1.0
2024-10-01,16386,IRTC,IRHYTHM TECHNOLOGIES INC,-1.0
2024-10-01,17125,DNLI,DENALI THERAPEUTICS INC,-1.0
2024-10-01,17959,CRNX,CRINETICS PHARMACEUTICALS INC,-1.0
2024-10-01,18776,IMVT,IMMUNOVANT INC,-1.0
2024-10-01,19002,BWIN,BALDWIN INSURANCE GROUP INC,-1.0
2024-10-01,19081,SITM,SITIME CORP,-1.0
2024-10-01,19285,CARR,CARRIER GLOBAL CORP,-1.0
2024-10-01,19349,KROS,KEROS THERAPEUTICS INC,-1.0
2024-10-01,19484,PCVX,VAXCYTE INC,-1.0
2024-10-01,19561,BA,BOEING CO,-1.0
2024-10-01,19849,SMMT,SUMMIT THERAPEUTICS INC,-1.0
2024-10-01,20126,JOBY,JOBY AVIATION INC,-1.0
2024-10-01,20188,CRC,CALIFORNIA RESOURCES CORP,-1.0
2024-10-01,20342,DRVN,DRIVEN BRANDS HOLDINGS INC,-1.0
2024-10-01,20646,OSCR,OSCAR HEALTH INC,-1.0
2024-10-01,20657,ACVA,A C V AUCTIONS INC,-1.0
2024-10-01,20791,EWTX,EDGEWISE THERAPEUTICS INC,-1.0
2024-10-01,20923,EDR,ENDEAVOR GROUP HOLDINGS INC,-1.0
2024-10-01,21207,NEM,NEWMONT CORP,-1.0
2024-10-01,21747,NUVL,NUVALENT INC,-1.0
2024-10-01,23229,CMS,C M S ENERGY CORP,-1.0
2024-10-01,24328,EQT,E Q T CORP,-1.0
2024-10-01,25320,CPB,CAMPBELL SOUP CO,-1.0
2024-10-01,42585,SJM,SMUCKER J M CO,-1.0
2024-10-01,43350,SWK,STANLEY BLACK & DECKER INC,-1.0
2024-10-01,55511,TXNM,T X N M ENERGY INC,-1.0
2024-10-01,58683,LUV,SOUTHWEST AIRLINES CO,-1.0
2024-10-01,63765,SWN,SOUTHWESTERN ENERGY CO,-1.0
2024-10-01,66384,WDC,WESTERN DIGITAL CORP,-1.0
2024-10-01,76282,AN,AUTONATION INC DEL,-1.0
2024-10-01,76591,QDEL,QUIDELORTHO CORP,-1.0
2024-10-01,79859,NYCB,NEW YORK COMMUNITY BANCORP INC,-1.0
2024-10-01,80069,ARWR,ARROWHEAD PHARMACEUTICALS INC,-1.0
2024-10-01,80286,TSCO,TRACTOR SUPPLY CO NEW,-1.0
2024-10-01,84319,LAD,LITHIA MOTORS INC,-1.0
2024-10-01,84761,TTWO,TAKE TWO INTERACTIVE SOFTWR INC,-1.0
2024-10-01,85738,MRCY,MERCURY SYSTEMS INC,-1.0
2024-10-01,87356,TKO,T K O GROUP HOLDINGS INC,-1.0
2024-10-01,87812,SLAB,SILICON LABORATORIES INC,-1.0
2024-10-01,89031,AXON,AXON ENTERPRISE INC,-1.0
2024-10-01,89297,CCOI,COGENT COMMUNICATIONS HLDS INC,-1.0
2024-10-01,89301,GME,GAMESTOP CORP NEW,-1.0
2024-10-01,89482,BANC,BANC OF CALIFORNIA INC,-1.0
2024-10-01,89915,MGRC,MCGRATH RENTCORP,-1.0
2024-10-01,90199,CBRE,C B R E GROUP INC,-1.0
2024-10-01,90444,ORA,ORMAT TECHNOLOGIES INC,-1.0
2024-10-01,90520,CE,CELANESE CORP DEL,-1.0
2024-10-01,90775,THS,TREEHOUSE FOODS INC,-1.0
2024-10-01,90776,WAL,WESTERN ALLIANCE BANCORPORATION,-1.0
2024-10-01,91041,LYV,LIVE NATION ENTERTAINMENT INC,-1.0
2024-10-01,91594,SPR,SPIRIT AEROSYSTEMS HOLDINGS INC,-1.0
2024-10-01,93436,TSLA,TESLA INC,-1.0
2024-11-01,10933,MKL,MARKEL GROUP INC,1.0
2024-11-01,11581,EPAC,ENERPAC TOOL GROUP CORP,1.0
2024-11-01,11691,MATX,MATSON INC,1.0
2024-11-01,12622,HCA,H C A HEALTHCARE INC,1.0
2024-11-01,13788,ZTS,ZOETIS INC,1.0
2024-11-01,13901,MO,ALTRIA GROUP INC,1.0
2024-11-01,13911,IQV,IQVIA HOLDINGS INC,1.0
2024-11-01,15056,ADMA,ADMA BIOLOGICS INC,1.0
2024-11-01,17332,VCTR,VICTORY CAPITAL HOLDINGS INC,1.0
2024-11-01,18064,FTDR,FRONTDOOR INC,1.0
2024-11-01,18091,CW,CURTISS WRIGHT CORP,1.0
2024-11-01,20482,ABT,ABBOTT LABORATORIES,1.0
2024-11-01,52936,MCY,MERCURY GENERAL CORP NEW,1.0
2024-11-01,56223,LPX,LOUISIANA PACIFIC CORP,1.0
2024-11-01,61313,DCI,DONALDSON INC,1.0
2024-11-01,65306,UNF,UNIFIRST CORP,1.0
2024-11-01,65307,RPM,R P M INTERNATIONAL INC,1.0
2024-11-01,76095,HOLX,HOLOGIC INC,1.0
2024-11-01,77496,MHK,MOHAWK INDUSTRIES INC,1.0
2024-11-01,79133,ATR,APTARGROUP INC,1.0
2024-11-01,79637,UHS,UNIVERSAL HEALTH SERVICES INC,1.0
2024-11-01,82694,EME,EMCOR GROUP INC,1.0
2024-11-01,83779,PEGA,PEGASYSTEMS INC,1.0
2024-11-01,83799,STRA,STRATEGIC EDUCATION INC,1.0
2024-11-01,84723,LNG,CHENIERE ENERGY INC,1.0
2024-11-01,85067,MMS,MAXIMUS INC,1.0
2024-11-01,85072,RL,RALPH LAUREN CORP,1.0
2024-11-01,85621,MTD,METTLER TOLEDO INTERNATIONAL INC,1.0
2024-11-01,85631,ADSK,AUTODESK INC,1.0
2024-11-01,85768,IESC,I E S HOLDINGS INC,1.0
2024-11-01,86580,NVDA,NVIDIA CORP,1.0
2024-11-01,87432,A,AGILENT TECHNOLOGIES INC,1.0
2024-11-01,87657,EW,EDWARDS LIFESCIENCES CORP,1.0
2024-11-01,90319,GOOGL,ALPHABET INC,1.0
2024-11-01,90708,MORN,MORNINGSTAR INC,1.0
2024-11-01,90880,AMP,AMERIPRISE FINANCIAL INC,1.0
2024-11-01,91233,MA,MASTERCARD INC,1.0
2024-11-01,92852,LOPE,GRAND CANYON EDUCATION INC,1.0
2024-11-01,93132,FTNT,FORTINET INC,1.0
2024-11-01,93179,PPC,PILGRIMS PRIDE CORP NEW,1.0
2024-11-01,93330,PRI,PRIMERICA INC,1.0
2024-11-01,41355,PH,PARKER HANNIFIN CORP,0.999654
2024-11-01,58246,NTRS,NORTHERN TRUST CORP,0.997287
2024-11-01,76582,DORM,DORMAN PRODUCTS INC,0.996844
2024-11-01,91463,CVLT,COMMVAULT SYSTEMS INC,0.996545
2024-11-01,89968,PIPR,PIPER SANDLER COMPANIES,0.995494
2024-11-01,22779,MSI,MOTOROLA SOLUTIONS INC,0.99547
2024-11-01,62308,GL,GLOBE LIFE INC,0.995412
2024-11-01,14406,ESI,ELEMENT SOLUTIONS INC,0.993884
2024-11-01,91234,MWA,MUELLER WATER PRODUCTS INC,0.991024
2024-11-01,13407,META,META PLATFORMS INC,0.987603
2024-11-01,17223,ADT,A D T INC,0.986928
2024-11-01,92221,MELI,MERCADOLIBRE INC,0.97967
2024-11-01,76230,TRMB,TRIMBLE INC,0.970485
2024-11-01,73139,SYK,STRYKER CORP,0.969393
2024-11-01,14593,AAPL,APPLE INC,0.965664
2024-11-01,22111,JNJ,JOHNSON & JOHNSON,0.955469
2024-11-01,92402,MSCI,M S C I INC,0.95
2024-11-01,34032,MAS,MASCO CORP,0.948082
2024-11-01,65541,COO,COOPER COMPANIES INC,0.944797
2024-11-01,91531,OC,OWENS CORNING NEW,0.939056
2024-11-01,93312,SSNC,S S & C TECHNOLOGIES HLDGS INC,0.938419
2024-11-01,82775,HIG,HARTFORD FINANCIAL SVCS GRP INC,0.935129
2024-11-01,27334,CSL,CARLISLE COMPANIES,0.934903
2024-11-01,14318,NMIH,N M I HOLDINGS INC,0.933569
2024-11-01,12570,ITT,I T T INC,0.933288
2024-11-01,15850,MTCH,MATCH GROUP INC NEW,0.932286
2024-11-01,18973,BRC,BRADY CORP,0.927463
2024-11-01,90829,CF,C F INDUSTRIES HOLDINGS INC,0.92742
2024-11-01,12981,FBIN,FORTUNE BRANDS INNOVATIONS INC,0.926842
2024-11-01,89525,CMCSA,COMCAST CORP NEW,0.922659
2024-11-01,90215,CRM,SALESFORCE INC,0.914459
2024-11-01,42439,HNI,H N I CORP,0.911398
2024-11-01,75825,EOG,EOG RESOURCES INC,0.902602
2024-11-01,22752,MRK,MERCK & CO INC NEW,0.897114
2024-11-01,79862,ROCK,GIBRALTAR INDUSTRIES INC,0.896624
2024-11-01,10107,MSFT,MICROSOFT CORP,0.894433
2024-11-01,85593,AMG,AFFILIATED MANAGERS GROUP INC,0.883125
2024-11-01,75603,CRUS,CIRRUS LOGIC INC,0.880241
2024-11-01,90249,ENS,ENERSYS,0.87136
2024-11-01,14229,OMF,ONEMAIN HOLDINGS INC,0.871019
2024-11-01,54253,MSA,M S A SAFETY INC,0.870324
2024-11-01,59010,GAP,GAP INC,0.865548
2024-11-01,64186,CI,CIGNA GROUP,0.865309
2024-11-01,79686,DECK,DECKERS OUTDOOR CORP,0.862904
2024-11-01,78015,MTX,MINERALS TECHNOLOGIES INC,0.851013
2024-11-01,82307,DVA,DAVITA INC,0.848957
2024-11-01,80864,RS,RELIANCE INC,0.836183
2024-11-01,11995,COKE,COCA COLA CONSOLIDATED INC,0.831411
2024-11-01,75510,ADBE,ADOBE INC,0.824529
2024-11-01,65402,AOS,SMITH A O CORP,0.823027
2024-11-01,86026,IOSP,INNOSPEC INC,0.810551
2024-11-01,13936,PVH,P V H CORP,0.80257
2024-11-01,88860,ALGN,ALIGN TECHNOLOGY INC,0.802282
2024-11-01,85753,VRSN,VERISIGN INC,0.793192
2024-11-01,90550,DLB,DOLBY LABORATORIES INC,0.783466
2024-11-01,86047,AMKR,AMKOR TECHNOLOGY INC,0.768147
2024-11-01,11731,AIN,ALBANY INTERNATIONAL CORP NEW,0.760527
2024-11-01,16260,MEDP,MEDPACE HOLDINGS INC,0.748632
2024-11-01,19956,WGS,GENEDX HOLDINGS CORP,0.737254
2024-11-01,83976,ANF,ABERCROMBIE & FITCH CO,0.726994
2024-11-01,17799,INSP,INSPIRE MEDICAL SYSTEMS INC,0.562578
2024-11-01,93089,VRSK,VERISK ANALYTICS INC,0.536836
2024-11-01,87137,DVN,DEVON ENERGY CORP NEW,0.503925
2024-11-01,89070,ZBH,ZIMMER BIOMET HOLDINGS INC,0.475012
2024-11-01,19409,AZEK,AZEK CO INC,0.421976
2024-11-01,42550,NEU,NEWMARKET CORP,0.401967
2024-11-01,85645,INGR,INGREDION INC,0.381319
2024-11-01,75233,,,0.377696
2024-11-01,13284,ALSN,ALLISON TRANSMISSION HLDGS INC,0.327783
2024-11-01,13766,BCC,BOISE CASCADE CO,0.296161
2024-11-01,76841,BIIB,BIOGEN INC,0.253335
2024-11-01,48486,LRCX,LAM RESH CORP,0.194293
2024-11-01,52337,THC,TENET HEALTHCARE CORP,0.120431
2024-11-01,39538,MAT,MATTEL INC,0.090141
2024-11-01,17005,CVS,C V S HEALTH CORP,0.03889
2024-11-01,64282,BBWI,BATH & BODY WORKS INC,0.011722
2024-11-01,57808,VSH,VISHAY INTERTECHNOLOGY INC,-0.026938
2024-11-01,21619,OKLO,OKLO INC,-0.033254
2024-11-01,88351,INSM,INSMED INC,-0.185681
2024-11-01,76644,X,UNITED STATES STEEL CORP NEW,-0.213023
2024-11-01,91204,POR,PORTLAND GENERAL ELECTRIC CO,-0.227833
2024-11-01,16021,PR,PERMIAN RESOURCES CORP,-0.299207
2024-11-01,12591,APO,APOLLO GLOBAL MANAGEMENT INC NEW,-0.310938
2024-11-01,69649,RJF,RAYMOND JAMES FINANCIAL INC,-0.333947
2024-11-01,13908,PFSI,PENNYMAC FINANCIAL SVCS INC NEW,-0.340422
2024-11-01,14988,LBRDK,LIBERTY BROADBAND CORP,-0.376546
2024-11-01,59328,INTC,INTEL CORP,-0.413377
2024-11-01,58819,LNT,ALLIANT ENERGY CORP,-0.431194
2024-11-01,18312,MRNA,MODERNA INC,-0.448274
2024-11-01,14401,OGS,ONE GAS INC,-0.486508
2024-11-01,16432,GT,GOODYEAR TIRE & RUBBER CO,-0.533557
2024-11-01,19825,DYN,DYNE THERAPEUTICS INC,-0.619428
2024-11-01,16381,BL,BLACKLINE INC,-0.704185
2024-11-01,86288,CSGP,COSTAR GROUP INC,-0.773842
2024-11-01,20646,OSCR,OSCAR HEALTH INC,-0.788172
2024-11-01,10200,RGEN,REPLIGEN CORP,-0.791218
2024-11-01,50017,RRC,RANGE RESOURCES CORP,-0.799314
2024-11-01,15119,WK,WORKIVA INC,-0.824334
2024-11-01,27684,AVT,AVNET INC,-0.824896
2024-11-01,76591,QDEL,QUIDELORTHO CORP,-0.830523
2024-11-01,90178,ALNY,ALNYLAM PHARMACEUTICALS INC,-0.833832
2024-11-01,57568,BALL,BALL CORP,-0.834041
2024-11-01,54704,MOD,MODINE MANUFACTURING CO,-0.835278
2024-11-01,13688,PCG,P G & E CORP,-0.839908
2024-11-01,43350,SWK,STANLEY BLACK & DECKER INC,-0.840005
2024-11-01,19849,SMMT,SUMMIT THERAPEUTICS INC,-0.844951
2024-11-01,21207,NEM,NEWMONT CORP,-0.846233
2024-11-01,20657,ACVA,A C V AUCTIONS INC,-0.84656
2024-11-01,17944,TENB,TENABLE HOLDINGS INC,-0.850894
2024-11-01,32870,HRL,HORMEL FOODS CORP,-0.851724
2024-11-01,76282,AN,AUTONATION INC DEL,-0.865029
2024-11-01,14179,AR,ANTERO RESOURCES CORP,-0.879877
2024-11-01,54594,AIR,A A R CORP,-0.884356
2024-11-01,14436,RARE,ULTRAGENYX PHARMACEUTICALS INC,-0.889983
2024-11-01,87812,SLAB,SILICON LABORATORIES INC,-0.894769
2024-11-01,79859,FLG,FLAGSTAR FINANCIAL INC,-0.897251
2024-11-01,19285,CARR,CARRIER GLOBAL CORP,-0.901888
2024-11-01,77730,TSN,TYSON FOODS INC,-0.902912
2024-11-01,21087,PRVA,PRIVIA HEALTH GROUP INC,-0.903447
2024-11-01,80286,TSCO,TRACTOR SUPPLY CO NEW,-0.908718
2024-11-01,85002,SRPT,SAREPTA THERAPEUTICS INC,-0.919737
2024-11-01,85464,CWST,CASELLA WASTE SYSTEMS INC,-0.919898
2024-11-01,82547,AEIS,ADVANCED ENERGY INDUSTRIES INC,-0.92113
2024-11-01,16968,MDB,MONGODB INC,-0.921647
2024-11-01,19002,BWIN,BALDWIN INSURANCE GROUP INC,-0.925009
2024-11-01,90520,CE,CELANESE CORP DEL,-0.927721
2024-11-01,42585,SJM,SMUCKER J M CO,-0.933417
2024-11-01,17864,BJ,B J S WHOLESALE CLUB HLDGS INC,-0.941111
2024-11-01,12473,KNX,KNIGHT SWIFT TRANSPORT HDLGS INC,-0.947353
2024-11-01,93436,TSLA,TESLA INC,-0.951068
2024-11-01,14882,CZR,CAESARS ENTERTAINMENT INC DE,-0.955604
2024-11-01,10397,WERN,WERNER ENTERPRISES INC,-0.955709
2024-11-01,66376,WSO,WATSCO INC,-0.958978
2024-11-01,14574,MC,MOELIS & CO,-0.965295
2024-11-01,16386,IRTC,IRHYTHM TECHNOLOGIES INC,-0.971847
2024-11-01,14329,ARMK,ARAMARK,-0.972855
2024-11-01,19081,SITM,SITIME CORP,-0.981517
2024-11-01,23229,CMS,C M S ENERGY CORP,-0.981651
2024-11-01,80069,ARWR,ARROWHEAD PHARMACEUTICALS INC,-0.988865
2024-11-01,19349,KROS,KEROS THERAPEUTICS INC,-0.995576
2024-11-01,14044,AGIO,AGIOS PHARMACEUTICALS INC,-0.996093
2024-11-01,55511,TXNM,T X N M ENERGY INC,-0.999651
2024-11-01,11644,CRK,COMSTOCK RESOURCES INC,-1.0
2024-11-01,13730,PBF,P B F ENERGY INC,-1.0
2024-11-01,13877,IBTX,INDEPENDENT BANK GROUP INC,-1.0
2024-11-01,14432,ITCI,INTRA CELLULAR THERAPIES INC,-1.0
2024-11-01,14472,VRNS,VARONIS SYSTEMS INC,-1.0
2024-11-01,14596,FIVN,FIVE 9 INC,-1.0
2024-11-01,14617,ARES,ARES MANAGEMENT CORP,-1.0
2024-11-01,15284,BPMC,BLUEPRINT MEDICINES CORP,-1.0
2024-11-01,17034,ALTR,ALTAIR ENGINEERING INC,-1.0
2024-11-01,17125,DNLI,DENALI THERAPEUTICS INC,-1.0
2024-11-01,17959,CRNX,CRINETICS PHARMACEUTICALS INC,-1.0
2024-11-01,18770,BBIO,BRIDGEBIO PHARMA INC,-1.0
2024-11-01,18772,AKRO,AKERO THERAPEUTICS INC,-1.0
2024-11-01,18776,IMVT,IMMUNOVANT INC,-1.0
2024-11-01,19201,RVMD,REVOLUTION MEDICINES INC,-1.0
2024-11-01,19484,PCVX,VAXCYTE INC,-1.0
2024-11-01,19495,DNB,DUN & BRADSTREET HOLDINGS INC,-1.0
2024-11-01,19561,BA,BOEING CO,-1.0
2024-11-01,20188,CRC,CALIFORNIA RESOURCES CORP,-1.0
2024-11-01,20342,DRVN,DRIVEN BRANDS HOLDINGS INC,-1.0
2024-11-01,20583,EXE,EXPAND ENERGY CORP,-1.0
2024-11-01,20791,EWTX,EDGEWISE THERAPEUTICS INC,-1.0
2024-11-01,20923,EDR,ENDEAVOR GROUP HOLDINGS INC,-1.0
2024-11-01,21342,VERA,VERA THERAPEUTICS INC,-1.0
2024-11-01,21747,NUVL,NUVALENT INC,-1.0
2024-11-01,24328,EQT,E Q T CORP,-1.0
2024-11-01,25320,CPB,CAMPBELL SOUP CO,-1.0
2024-11-01,58683,LUV,SOUTHWEST AIRLINES CO,-1.0
2024-11-01,63773,TDS,TELEPHONE & DATA SYSTEMS INC,-1.0
2024-11-01,66384,WDC,WESTERN DIGITAL CORP,-1.0
2024-11-01,76661,IONS,IONIS PHARMACEUTICALS INC,-1.0
2024-11-01,79864,VSEC,V S E CORP,-1.0
2024-11-01,84319,LAD,LITHIA MOTORS INC,-1.0
2024-11-01,84385,NSP,INSPERITY INC,-1.0
2024-11-01,84761,TTWO,TAKE TWO INTERACTIVE SOFTWR INC,-1.0
2024-11-01,85789,CADE,CADENCE BANK,-1.0
2024-11-01,87356,TKO,T K O GROUP HOLDINGS INC,-1.0
2024-11-01,88853,FLR,FLUOR CORP NEW,-1.0
2024-11-01,89031,AXON,AXON ENTERPRISE INC,-1.0
2024-11-01,89297,CCOI,COGENT COMMUNICATIONS HLDS INC,-1.0
2024-11-01,89301,GME,GAMESTOP CORP NEW,-1.0
2024-11-01,89455,RUSHA,RUSH ENTERPRISES INC,-1.0
2024-11-01,89482,BANC,BANC OF CALIFORNIA INC,-1.0
2024-11-01,90199,CBRE,C B R E GROUP INC,-1.0
2024-11-01,90444,ORA,ORMAT TECHNOLOGIES INC,-1.0
2024-11-01,90776,WAL,WESTERN ALLIANCE BANCORPORATION,-1.0
2024-11-01,91041,LYV,LIVE NATION ENTERTAINMENT INC,-1.0
2024-11-01,91594,SPR,SPIRIT AEROSYSTEMS HOLDINGS INC,-1.0
2024-11-01,91733,AVAV,AEROVIRONMENT INC,-1.0
2024-11-01,92469,SATS,ECHOSTAR CORP,-1.0
2024-12-01,10693,EHC,ENCOMPASS HEALTH CORP,1.0
2024-12-01,10933,MKL,MARKEL GROUP INC,1.0
2024-12-01,11581,EPAC,ENERPAC TOOL GROUP CORP,1.0
2024-12-01,11691,MATX,MATSON INC,1.0
2024-12-01,12570,ITT,I T T INC,1.0
2024-12-01,12622,HCA,H C A HEALTHCARE INC,1.0
2024-12-01,13407,META,META PLATFORMS INC,1.0
2024-12-01,13788,ZTS,ZOETIS INC,1.0
2024-12-01,13901,MO,ALTRIA GROUP INC,1.0
2024-12-01,14229,OMF,ONEMAIN HOLDINGS INC,1.0
2024-12-01,14406,ESI,ELEMENT SOLUTIONS INC,1.0
2024-12-01,14593,AAPL,APPLE INC,1.0
2024-12-01,15056,ADMA,ADMA BIOLOGICS INC,1.0
2024-12-01,17223,ADT,A D T INC,1.0
2024-12-01,17332,VCTR,VICTORY CAPITAL HOLDINGS INC,1.0
2024-12-01,18064,FTDR,FRONTDOOR INC,1.0
2024-12-01,18091,CW,CURTISS WRIGHT CORP,1.0
2024-12-01,20482,ABT,ABBOTT LABORATORIES,1.0
2024-12-01,22779,MSI,MOTOROLA SOLUTIONS INC,1.0
2024-12-01,27334,CSL,CARLISLE COMPANIES,1.0
2024-12-01,41355,PH,PARKER HANNIFIN CORP,1.0
2024-12-01,42439,HNI,H N I CORP,1.0
2024-12-01,52936,MCY,MERCURY GENERAL CORP NEW,1.0
2024-12-01,56223,LPX,LOUISIANA PACIFIC CORP,1.0
2024-12-01,58246,NTRS,NORTHERN TRUST CORP,1.0
2024-12-01,61313,DCI,DONALDSON INC,1.0
2024-12-01,62308,GL,GLOBE LIFE INC,1.0
2024-12-01,65306,UNF,UNIFIRST CORP,1.0
2024-12-01,65307,RPM,R P M INTERNATIONAL INC,1.0
2024-12-01,73139,SYK,STRYKER CORP,1.0
2024-12-01,75603,CRUS,CIRRUS LOGIC INC,1.0
2024-12-01,76095,HOLX,HOLOGIC INC,1.0
2024-12-01,76230,TRMB,TRIMBLE INC,1.0
2024-12-01,76582,DORM,DORMAN PRODUCTS INC,1.0
2024-12-01,77496,MHK,MOHAWK INDUSTRIES INC,1.0
2024-12-01,79133,ATR,APTARGROUP INC,1.0
2024-12-01,79637,UHS,UNIVERSAL HEALTH SERVICES INC,1.0
2024-12-01,79686,DECK,DECKERS OUTDOOR CORP,1.0
2024-12-01,82307,DVA,DAVITA INC,1.0
2024-12-01,82694,EME,EMCOR GROUP INC,1.0
2024-12-01,82775,HIG,HARTFORD FINANCIAL SVCS GRP INC,1.0
2024-12-01,83779,PEGA,PEGASYSTEMS INC,1.0
2024-12-01,83799,STRA,STRATEGIC EDUCATION INC,1.0
2024-12-01,84723,LNG,CHENIERE ENERGY INC,1.0
2024-12-01,85072,RL,RALPH LAUREN CORP,1.0
2024-12-01,85593,AMG,AFFILIATED MANAGERS GROUP INC,1.0
2024-12-01,85621,MTD,METTLER TOLEDO INTERNATIONAL INC,1.0
2024-12-01,85631,ADSK,AUTODESK INC,1.0
2024-12-01,85768,IESC,I E S HOLDINGS INC,1.0
2024-12-01,86580,NVDA,NVIDIA CORP,1.0
2024-12-01,87432,A,AGILENT TECHNOLOGIES INC,1.0
2024-12-01,87657,EW,EDWARDS LIFESCIENCES CORP,1.0
2024-12-01,89968,PIPR,PIPER SANDLER COMPANIES,1.0
2024-12-01,90215,CRM,SALESFORCE INC,1.0
2024-12-01,90377,ONTO,ONTO INNOVATION INC,1.0
2024-12-01,90708,MORN,MORNINGSTAR INC,1.0
2024-12-01,90829,CF,C F INDUSTRIES HOLDINGS INC,1.0
2024-12-01,91233,MA,MASTERCARD INC,1.0
2024-12-01,91234,MWA,MUELLER WATER PRODUCTS INC,1.0
2024-12-01,91463,CVLT,COMMVAULT SYSTEMS INC,1.0
2024-12-01,91531,OC,OWENS CORNING NEW,1.0
2024-12-01,92402,MSCI,M S C I INC,1.0
2024-12-01,92852,LOPE,GRAND CANYON EDUCATION INC,1.0
2024-12-01,93132,FTNT,FORTINET INC,1.0
2024-12-01,93179,PPC,PILGRIMS PRIDE CORP NEW,1.0
2024-12-01,93312,SSNC,S S & C TECHNOLOGIES HLDGS INC,1.0
2024-12-01,93330,PRI,PRIMERICA INC,1.0
2024-12-01,90319,GOOGL,ALPHABET INC,0.983421
2024-12-01,18973,BRC,BRADY CORP,0.972684
2024-12-01,13911,IQV,IQVIA HOLDINGS INC,0.971849
2024-12-01,14318,NMIH,N M I HOLDINGS INC,0.961495
2024-12-01,11995,COKE,COCA COLA CONSOLIDATED INC,0.961258
2024-12-01,79862,ROCK,GIBRALTAR INDUSTRIES INC,0.95884
2024-12-01,34032,MAS,MASCO CORP,0.955469
2024-12-01,92221,MELI,MERCADOLIBRE INC,0.950784
2024-12-01,65541,COO,COOPER COMPANIES INC,0.939074
2024-12-01,10107,MSFT,MICROSOFT CORP,0.930431
2024-12-01,22111,JNJ,JOHNSON & JOHNSON,0.930137
2024-12-01,11731,AIN,ALBANY INTERNATIONAL CORP NEW,0.925256
2024-12-01,78015,MTX,MINERALS TECHNOLOGIES INC,0.918631
2024-12-01,54253,MSA,M S A SAFETY INC,0.910806
2024-12-01,89525,CMCSA,COMCAST CORP NEW,0.908868
2024-12-01,86026,IOSP,INNOSPEC INC,0.894831
2024-12-01,22752,MRK,MERCK & CO INC NEW,0.887604
2024-12-01,75510,ADBE,ADOBE INC,0.886546
2024-12-01,13936,PVH,P V H CORP,0.880484
2024-12-01,12981,FBIN,FORTUNE BRANDS INNOVATIONS INC,0.869962
2024-12-01,90249,ENS,ENERSYS,0.866115
2024-12-01,85067,MMS,MAXIMUS INC,0.86118
2024-12-01,15850,MTCH,MATCH GROUP INC NEW,0.843469
2024-12-01,90550,DLB,DOLBY LABORATORIES INC,0.838616
2024-12-01,85753,VRSN,VERISIGN INC,0.836434
2024-12-01,83976,ANF,ABERCROMBIE & FITCH CO,0.82286
2024-12-01,65402,AOS,SMITH A O CORP,0.813087
2024-12-01,16260,MEDP,MEDPACE HOLDINGS INC,0.808593
2024-12-01,86047,AMKR,AMKOR TECHNOLOGY INC,0.79499
2024-12-01,19956,WGS,GENEDX HOLDINGS CORP,0.704556
2024-12-01,93089,VRSK,VERISK ANALYTICS INC,0.572798
2024-12-01,90880,AMP,AMERIPRISE FINANCIAL INC,0.569088
2024-12-01,17799,INSP,INSPIRE MEDICAL SYSTEMS INC,0.553777
2024-12-01,89070,ZBH,ZIMMER BIOMET HOLDINGS INC,0.496146
2024-12-01,87137,DVN,DEVON ENERGY CORP NEW,0.492422
2024-12-01,92293,TDC,TERADATA CORP DE,0.471116
2024-12-01,85645,INGR,INGREDION INC,0.421689
2024-12-01,42550,NEU,NEWMARKET CORP,0.406955
2024-12-01,59010,GAP,GAP INC,0.385079
2024-12-01,13284,ALSN,ALLISON TRANSMISSION HLDGS INC,0.362965
2024-12-01,13766,BCC,BOISE CASCADE CO,0.327427
2024-12-01,80128,VMI,VALMONT INDUSTRIES INC,0.296254
2024-12-01,76841,BIIB,BIOGEN INC,0.232867
2024-12-01,64186,CI,CIGNA GROUP,0.221634
2024-12-01,48486,LRCX,LAM RESH CORP,0.192297
2024-12-01,52337,THC,TENET HEALTHCARE CORP,0.110368
2024-12-01,39538,MAT,MATTEL INC,0.083769
2024-12-01,64282,BBWI,BATH & BODY WORKS INC,0.015019
2024-12-01,16021,PR,PERMIAN RESOURCES CORP,-0.16441
2024-12-01,88351,INSM,INSMED INC,-0.206694
2024-12-01,76644,X,UNITED STATES STEEL CORP NEW,-0.222979
2024-12-01,91204,POR,PORTLAND GENERAL ELECTRIC CO,-0.229432
2024-12-01,86136,SRE,SEMPRA ENERGY,-0.331424
2024-12-01,13908,PFSI,PENNYMAC FINANCIAL SVCS INC NEW,-0.36559
2024-12-01,12591,APO,APOLLO GLOBAL MANAGEMENT INC NEW,-0.379733
2024-12-01,14988,LBRDK,LIBERTY BROADBAND CORP,-0.395184
2024-12-01,58819,LNT,ALLIANT ENERGY CORP,-0.452486
2024-12-01,59328,INTC,INTEL CORP,-0.46034
2024-12-01,90520,CE,CELANESE CORP DEL,-0.535494
2024-12-01,21207,NEM,NEWMONT CORP,-0.590237
2024-12-01,16432,GT,GOODYEAR TIRE & RUBBER CO,-0.713295
2024-12-01,16381,BL,BLACKLINE INC,-0.785847
2024-12-01,19285,CARR,CARRIER GLOBAL CORP,-0.794918
2024-12-01,20646,OSCR,OSCAR HEALTH INC,-0.80992
2024-12-01,14436,RARE,ULTRAGENYX PHARMACEUTICALS INC,-0.827818
2024-12-01,27684,AVT,AVNET INC,-0.829242
2024-12-01,57568,BALL,BALL CORP,-0.871706
2024-12-01,86288,CSGP,COSTAR GROUP INC,-0.880668
2024-12-01,10200,RGEN,REPLIGEN CORP,-0.883964
2024-12-01,17944,TENB,TENABLE HOLDINGS INC,-0.89844
2024-12-01,32870,HRL,HORMEL FOODS CORP,-0.90077
2024-12-01,91733,AVAV,AEROVIRONMENT INC,-0.900864
2024-12-01,14882,CZR,CAESARS ENTERTAINMENT INC DE,-0.914603
2024-12-01,50017,RRC,RANGE RESOURCES CORP,-0.948136
2024-12-01,87812,SLAB,SILICON LABORATORIES INC,-0.949728
2024-12-01,17125,DNLI,DENALI THERAPEUTICS INC,-0.959065
2024-12-01,54704,MOD,MODINE MANUFACTURING CO,-0.959781
2024-12-01,80286,TSCO,TRACTOR SUPPLY CO NEW,-0.971012
2024-12-01,82547,AEIS,ADVANCED ENERGY INDUSTRIES INC,-0.973571
2024-12-01,42585,SJM,SMUCKER J M CO,-0.974705
2024-12-01,19002,BWIN,BALDWIN INSURANCE GROUP INC,-0.97534
2024-12-01,20791,EWTX,EDGEWISE THERAPEUTICS INC,-0.979066
2024-12-01,23229,CMS,C M S ENERGY CORP,-0.986658
2024-12-01,14472,VRNS,VARONIS SYSTEMS INC,-0.987905
2024-12-01,76282,AN,AUTONATION INC DEL,-0.991916
2024-12-01,84385,NSP,INSPERITY INC,-0.997061
2024-12-01,10397,WERN,WERNER ENTERPRISES INC,-1.0
2024-12-01,11644,CRK,COMSTOCK RESOURCES INC,-1.0
2024-12-01,12473,KNX,KNIGHT SWIFT TRANSPORT HDLGS INC,-1.0
2024-12-01,13877,IBTX,INDEPENDENT BANK GROUP INC,-1.0
2024-12-01,14044,AGIO,AGIOS PHARMACEUTICALS INC,-1.0
2024-12-01,14179,AR,ANTERO RESOURCES CORP,-1.0
2024-12-01,14329,ARMK,ARAMARK,-1.0
2024-12-01,14401,OGS,ONE GAS INC,-1.0
2024-12-01,14432,ITCI,INTRA CELLULAR THERAPIES INC,-1.0
2024-12-01,14574,MC,MOELIS & CO,-1.0
2024-12-01,14596,FIVN,FIVE 9 INC,-1.0
2024-12-01,15119,WK,WORKIVA INC,-1.0
2024-12-01,15284,BPMC,BLUEPRINT MEDICINES CORP,-1.0
2024-12-01,16386,IRTC,IRHYTHM TECHNOLOGIES INC,-1.0
2024-12-01,16968,MDB,MONGODB INC,-1.0
2024-12-01,17787,EQH,EQUITABLE HOLDINGS INC,-1.0
2024-12-01,17864,BJ,B J S WHOLESALE CLUB HLDGS INC,-1.0
2024-12-01,17959,CRNX,CRINETICS PHARMACEUTICALS INC,-1.0
2024-12-01,18770,BBIO,BRIDGEBIO PHARMA INC,-1.0
2024-12-01,18772,AKRO,AKERO THERAPEUTICS INC,-1.0
2024-12-01,18776,IMVT,IMMUNOVANT INC,-1.0
2024-12-01,19081,SITM,SITIME CORP,-1.0
2024-12-01,19201,RVMD,REVOLUTION MEDICINES INC,-1.0
2024-12-01,19349,KROS,KEROS THERAPEUTICS INC,-1.0
2024-12-01,19484,PCVX,VAXCYTE INC,-1.0
2024-12-01,19495,DNB,DUN & BRADSTREET HOLDINGS INC,-1.0
2024-12-01,19561,BA,BOEING CO,-1.0
2024-12-01,19825,DYN,DYNE THERAPEUTICS INC,-1.0
2024-12-01,19849,SMMT,SUMMIT THERAPEUTICS INC,-1.0
2024-12-01,20342,DRVN,DRIVEN BRANDS HOLDINGS INC,-1.0
2024-12-01,20583,EXE,EXPAND ENERGY CORP,-1.0
2024-12-01,20657,ACVA,A C V AUCTIONS INC,-1.0
2024-12-01,20923,EDR,ENDEAVOR GROUP HOLDINGS INC,-1.0
2024-12-01,20930,SOC,SABLE OFFSHORE CORP,-1.0
2024-12-01,21087,PRVA,PRIVIA HEALTH GROUP INC,-1.0
2024-12-01,21747,NUVL,NUVALENT INC,-1.0
2024-12-01,24328,EQT,E Q T CORP,-1.0
2024-12-01,25320,CPB,CAMPBELLS CO,-1.0
2024-12-01,54594,AIR,A A R CORP,-1.0
2024-12-01,55511,TXNM,T X N M ENERGY INC,-1.0
2024-12-01,57808,VSH,VISHAY INTERTECHNOLOGY INC,-1.0
2024-12-01,58683,LUV,SOUTHWEST AIRLINES CO,-1.0
2024-12-01,63773,TDS,TELEPHONE & DATA SYSTEMS INC,-1.0
2024-12-01,64995,KEY,KEYCORP NEW,-1.0
2024-12-01,66376,WSO,WATSCO INC,-1.0
2024-12-01,66384,WDC,WESTERN DIGITAL CORP,-1.0
2024-12-01,76591,QDEL,QUIDELORTHO CORP,-1.0
2024-12-01,76661,IONS,IONIS PHARMACEUTICALS INC,-1.0
2024-12-01,77520,AGCO,A G C O CORP,-1.0
2024-12-01,79864,VSEC,V S E CORP,-1.0
2024-12-01,80069,ARWR,ARROWHEAD PHARMACEUTICALS INC,-1.0
2024-12-01,83906,,,-1.0
2024-12-01,84319,LAD,LITHIA MOTORS INC,-1.0
2024-12-01,84761,TTWO,TAKE TWO INTERACTIVE SOFTWR INC,-1.0
2024-12-01,85002,SRPT,SAREPTA THERAPEUTICS INC,-1.0
2024-12-01,85464,CWST,CASELLA WASTE SYSTEMS INC,-1.0
2024-12-01,85789,CADE,CADENCE BANK,-1.0
2024-12-01,87356,TKO,T K O GROUP HOLDINGS INC,-1.0
2024-12-01,88853,FLR,FLUOR CORP NEW,-1.0
2024-12-01,89031,AXON,AXON ENTERPRISE INC,-1.0
2024-12-01,89297,CCOI,COGENT COMMUNICATIONS HLDS INC,-1.0
2024-12-01,89301,GME,GAMESTOP CORP NEW,-1.0
2024-12-01,89455,RUSHA,RUSH ENTERPRISES INC,-1.0
2024-12-01,89482,BANC,BANC OF CALIFORNIA INC,-1.0
2024-12-01,90178,ALNY,ALNYLAM PHARMACEUTICALS INC,-1.0
2024-12-01,90199,CBRE,C B R E GROUP INC,-1.0
2024-12-01,90444,ORA,ORMAT TECHNOLOGIES INC,-1.0
2024-12-01,90776,WAL,WESTERN ALLIANCE BANCORPORATION,-1.0
2024-12-01,91041,LYV,LIVE NATION ENTERTAINMENT INC,-1.0
2024-12-01,91594,SPR,SPIRIT AEROSYSTEMS HOLDINGS INC,-1.0
2024-12-01,92469,SATS,ECHOSTAR CORP,-1.0
2024-12-01,93436,TSLA,TESLA INC,-1.0
2025-01-01,10693,EHC,ENCOMPASS HEALTH CORP,1.0
2025-01-01,10933,MKL,MARKEL GROUP INC,1.0
2025-01-01,13046,UI,UBIQUITI INC,1.0
2025-01-01,13407,META,META PLATFORMS INC,1.0
2025-01-01,13788,ZTS,ZOETIS INC,1.0
2025-01-01,13911,IQV,IQVIA HOLDINGS INC,1.0
2025-01-01,13963,NWSA,NEWS CORP NEW,1.0
2025-01-01,14406,ESI,ELEMENT SOLUTIONS INC,1.0
2025-01-01,14593,AAPL,APPLE INC,1.0
2025-01-01,17223,ADT,A D T INC,1.0
2025-01-01,17332,VCTR,VICTORY CAPITAL HOLDINGS INC,1.0
2025-01-01,20482,ABT,ABBOTT LABORATORIES,1.0
2025-01-01,27334,CSL,CARLISLE COMPANIES,1.0
2025-01-01,46463,GFF,GRIFFON CORP,1.0
2025-01-01,62308,GL,GLOBE LIFE INC,1.0
2025-01-01,65306,UNF,UNIFIRST CORP,1.0
2025-01-01,75603,CRUS,CIRRUS LOGIC INC,1.0
2025-01-01,76095,HOLX,HOLOGIC INC,1.0
2025-01-01,77496,MHK,MOHAWK INDUSTRIES INC,1.0
2025-01-01,79637,UHS,UNIVERSAL HEALTH SERVICES INC,1.0
2025-01-01,79686,DECK,DECKERS OUTDOOR CORP,1.0
2025-01-01,80128,VMI,VALMONT INDUSTRIES INC,1.0
2025-01-01,82694,EME,EMCOR GROUP INC,1.0
2025-01-01,85593,AMG,AFFILIATED MANAGERS GROUP INC,1.0
2025-01-01,85621,MTD,METTLER TOLEDO INTERNATIONAL INC,1.0
2025-01-01,85631,ADSK,AUTODESK INC,1.0
2025-01-01,85645,INGR,INGREDION INC,1.0
2025-01-01,85768,IESC,I E S HOLDINGS INC,1.0
2025-01-01,87657,EW,EDWARDS LIFESCIENCES CORP,1.0
2025-01-01,89134,OVV,OVINTIV INC,1.0
2025-01-01,89916,NXST,NEXSTAR MEDIA GROUP INC,1.0
2025-01-01,89968,PIPR,PIPER SANDLER COMPANIES,1.0
2025-01-01,90215,CRM,SALESFORCE INC,1.0
2025-01-01,90319,GOOGL,ALPHABET INC,1.0
2025-01-01,90377,ONTO,ONTO INNOVATION INC,1.0
2025-01-01,92293,TDC,TERADATA CORP DE,1.0
2025-01-01,92852,LOPE,GRAND CANYON EDUCATION INC,1.0
2025-01-01,93330,PRI,PRIMERICA INC,1.0
2025-01-01,85072,RL,RALPH LAUREN CORP,0.998109
2025-01-01,91233,MA,MASTERCARD INC,0.984384
2025-01-01,92402,MSCI,M S C I INC,0.980557
2025-01-01,93312,SSNC,S S & C TECHNOLOGIES HLDGS INC,0.979348
2025-01-01,83779,PEGA,PEGASYSTEMS INC,0.977699
2025-01-01,87432,A,AGILENT TECHNOLOGIES INC,0.971824
2025-01-01,86580,NVDA,NVIDIA CORP,0.96776
2025-01-01,76230,TRMB,TRIMBLE INC,0.96468
2025-01-01,18973,BRC,BRADY CORP,0.955614
2025-01-01,84723,LNG,CHENIERE ENERGY INC,0.955535
2025-01-01,90829,CF,C F INDUSTRIES HOLDINGS INC,0.947932
2025-01-01,83799,STRA,STRATEGIC EDUCATION INC,0.947498
2025-01-01,90708,MORN,MORNINGSTAR INC,0.947233
2025-01-01,18064,FTDR,FRONTDOOR INC,0.929272
2025-01-01,11995,COKE,COCA COLA CONSOLIDATED INC,0.925088
2025-01-01,58246,NTRS,NORTHERN TRUST CORP,0.924839
2025-01-01,22779,MSI,MOTOROLA SOLUTIONS INC,0.923498
2025-01-01,10107,MSFT,MICROSOFT CORP,0.922716
2025-01-01,76582,DORM,DORMAN PRODUCTS INC,0.921826
2025-01-01,85753,VRSN,VERISIGN INC,0.921759
2025-01-01,13901,MO,ALTRIA GROUP INC,0.91951
2025-01-01,73139,SYK,STRYKER CORP,0.916623
2025-01-01,12622,HCA,H C A HEALTHCARE INC,0.915538
2025-01-01,12570,ITT,I T T INC,0.91153
2025-01-01,52936,MCY,MERCURY GENERAL CORP NEW,0.90601
2025-01-01,14229,OMF,ONEMAIN HOLDINGS INC,0.905317
2025-01-01,79133,ATR,APTARGROUP INC,0.904639
2025-01-01,41355,PH,PARKER HANNIFIN CORP,0.901203
2025-01-01,82307,DVA,DAVITA INC,0.896319
2025-01-01,91234,MWA,MUELLER WATER PRODUCTS INC,0.894899
2025-01-01,11731,AIN,ALBANY INTERNATIONAL CORP NEW,0.892173
2025-01-01,82775,HIG,HARTFORD FINANCIAL SVCS GRP INC,0.887338
2025-01-01,42439,HNI,H N I CORP,0.885481
2025-01-01,65307,RPM,R P M INTERNATIONAL INC,0.883064
2025-01-01,14318,NMIH,N M I HOLDINGS INC,0.880313
2025-01-01,11691,MATX,MATSON INC,0.876609
2025-01-01,93179,PPC,PILGRIMS PRIDE CORP NEW,0.875818
2025-01-01,91463,CVLT,COMMVAULT SYSTEMS INC,0.875817
2025-01-01,22752,MRK,MERCK & CO INC NEW,0.872522
2025-01-01,56223,LPX,LOUISIANA PACIFIC CORP,0.872395
2025-01-01,54253,MSA,M S A SAFETY INC,0.865338
2025-01-01,22111,JNJ,JOHNSON & JOHNSON,0.864385
2025-01-01,61313,DCI,DONALDSON INC,0.862456
2025-01-01,85067,MMS,MAXIMUS INC,0.859759
2025-01-01,34032,MAS,MASCO CORP,0.857204
2025-01-01,13936,PVH,P V H CORP,0.855972
2025-01-01,78015,MTX,MINERALS TECHNOLOGIES INC,0.854903
2025-01-01,15056,ADMA,ADMA BIOLOGICS INC,0.849147
2025-01-01,11581,EPAC,ENERPAC TOOL GROUP CORP,0.847767
2025-01-01,15850,MTCH,MATCH GROUP INC NEW,0.839607
2025-01-01,90550,DLB,DOLBY LABORATORIES INC,0.836655
2025-01-01,90249,ENS,ENERSYS,0.827171
2025-01-01,86026,IOSP,INNOSPEC INC,0.827049
2025-01-01,91531,OC,OWENS CORNING NEW,0.824661
2025-01-01,65541,COO,COOPER COMPANIES INC,0.822993
2025-01-01,83976,ANF,ABERCROMBIE & FITCH CO,0.818636
2025-01-01,92221,MELI,MERCADOLIBRE INC,0.810931
2025-01-01,89525,CMCSA,COMCAST CORP NEW,0.786433
2025-01-01,16260,MEDP,MEDPACE HOLDINGS INC,0.785691
2025-01-01,86047,AMKR,AMKOR TECHNOLOGY INC,0.783735
2025-01-01,75510,ADBE,ADOBE INC,0.760867
2025-01-01,12981,FBIN,FORTUNE BRANDS INNOVATIONS INC,0.756002
2025-01-01,65402,AOS,SMITH A O CORP,0.74156
2025-01-01,19956,WGS,GENEDX HOLDINGS CORP,0.688223
2025-01-01,93132,FTNT,FORTINET INC,0.656763
2025-01-01,49680,DHR,DANAHER CORP,0.610368
2025-01-01,93089,VRSK,VERISK ANALYTICS INC,0.534876
2025-01-01,17799,INSP,INSPIRE MEDICAL SYSTEMS INC,0.530547
2025-01-01,90880,AMP,AMERIPRISE FINANCIAL INC,0.525816
2025-01-01,89070,ZBH,ZIMMER BIOMET HOLDINGS INC,0.466758
2025-01-01,42550,NEU,NEWMARKET CORP,0.403327
2025-01-01,59010,GAP,GAP INC,0.373823
2025-01-01,13284,ALSN,ALLISON TRANSMISSION HLDGS INC,0.329658
2025-01-01,13766,BCC,BOISE CASCADE CO,0.262848
2025-01-01,76841,BIIB,BIOGEN INC,0.220837
2025-01-01,48486,LRCX,LAM RESH CORP,0.187851
2025-01-01,87137,DVN,DEVON ENERGY CORP NEW,0.148024
2025-01-01,52337,THC,TENET HEALTHCARE CORP,0.097239
2025-01-01,39538,MAT,MATTEL INC,0.077781
2025-01-01,64282,BBWI,BATH & BODY WORKS INC,0.016013
2025-01-01,81282,ACIW,A C I WORLDWIDE INC,0.010039
2025-01-01,21890,BROS,DUTCH BROS INC,-0.00629
2025-01-01,16021,PR,PERMIAN RESOURCES CORP,-0.150369
2025-01-01,88351,INSM,INSMED INC,-0.189106
2025-01-01,90199,CBRE,C B R E GROUP INC,-0.235879
2025-01-01,14988,LBRDK,LIBERTY BROADBAND CORP,-0.345557
2025-01-01,13908,PFSI,PENNYMAC FINANCIAL SVCS INC NEW,-0.347222
2025-01-01,12591,APO,APOLLO GLOBAL MANAGEMENT INC NEW,-0.356929
2025-01-01,59328,INTC,INTEL CORP,-0.38209
2025-01-01,58819,LNT,ALLIANT ENERGY CORP,-0.42176
2025-01-01,21593,XMTR,XOMETRY INC,-0.48401
2025-01-01,90520,CE,CELANESE CORP DEL,-0.504275
2025-01-01,21207,NEM,NEWMONT CORP,-0.521649
2025-01-01,86136,SRE,SEMPRA ENERGY,-0.579457
2025-01-01,16432,GT,GOODYEAR TIRE & RUBBER CO,-0.595121
2025-01-01,20646,OSCR,OSCAR HEALTH INC,-0.625154
2025-01-01,76644,X,UNITED STATES STEEL CORP NEW,-0.667385
2025-01-01,19285,CARR,CARRIER GLOBAL CORP,-0.700711
2025-01-01,91733,AVAV,AEROVIRONMENT INC,-0.709471
2025-01-01,16968,MDB,MONGODB INC,-0.718251
2025-01-01,14436,RARE,ULTRAGENYX PHARMACEUTICALS INC,-0.728152
2025-01-01,16381,BL,BLACKLINE INC,-0.767127
2025-01-01,17125,DNLI,DENALI THERAPEUTICS INC,-0.778317
2025-01-01,14882,CZR,CAESARS ENTERTAINMENT INC DE,-0.790778
2025-01-01,27684,AVT,AVNET INC,-0.794714
2025-01-01,54704,MOD,MODINE MANUFACTURING CO,-0.815892
2025-01-01,17944,TENB,TENABLE HOLDINGS INC,-0.839505
2025-01-01,10200,RGEN,REPLIGEN CORP,-0.841971
2025-01-01,66376,WSO,WATSCO INC,-0.855456
2025-01-01,13877,IBTX,INDEPENDENT BANK GROUP INC,-0.866032
2025-01-01,10397,WERN,WERNER ENTERPRISES INC,-0.875006
2025-01-01,88853,FLR,FLUOR CORP NEW,-0.875012
2025-01-01,54594,AIR,A A R CORP,-0.87781
2025-01-01,89455,RUSHA,RUSH ENTERPRISES INC,-0.88076
2025-01-01,64995,KEY,KEYCORP NEW,-0.885803
2025-01-01,12473,KNX,KNIGHT SWIFT TRANSPORT HDLGS INC,-0.892444
2025-01-01,25320,CPB,CAMPBELLS CO,-0.90283
2025-01-01,85789,CADE,CADENCE BANK,-0.904601
2025-01-01,42585,SJM,SMUCKER J M CO,-0.907666
2025-01-01,89031,AXON,AXON ENTERPRISE INC,-0.914972
2025-01-01,14329,ARMK,ARAMARK,-0.915658
2025-01-01,84319,LAD,LITHIA MOTORS INC,-0.920167
2025-01-01,17864,BJ,B J S WHOLESALE CLUB HLDGS INC,-0.924167
2025-01-01,76282,AN,AUTONATION INC DEL,-0.938101
2025-01-01,50017,RRC,RANGE RESOURCES CORP,-0.95319
2025-01-01,20342,DRVN,DRIVEN BRANDS HOLDINGS INC,-0.9542
2025-01-01,14574,MC,MOELIS & CO,-0.956067
2025-01-01,14432,ITCI,INTRA CELLULAR THERAPIES INC,-0.971468
2025-01-01,82547,AEIS,ADVANCED ENERGY INDUSTRIES INC,-0.974999
2025-01-01,14596,FIVN,FIVE 9 INC,-0.980833
2025-01-01,19495,DNB,DUN & BRADSTREET HOLDINGS INC,-0.981389
2025-01-01,63773,TDS,TELEPHONE & DATA SYSTEMS INC,-0.995444
2025-01-01,55511,TXNM,T X N M ENERGY INC,-0.998783
2025-01-01,11644,CRK,COMSTOCK RESOURCES INC,-1.0
2025-01-01,14179,AR,ANTERO RESOURCES CORP,-1.0
2025-01-01,14401,OGS,ONE GAS INC,-1.0
2025-01-01,15058,SLNO,SOLENO THERAPEUTICS INC,-1.0
2025-01-01,15119,WK,WORKIVA INC,-1.0
2025-01-01,15284,BPMC,BLUEPRINT MEDICINES CORP,-1.0
2025-01-01,15293,NEXT,NEXTDECADE CORP,-1.0
2025-01-01,16386,IRTC,IRHYTHM TECHNOLOGIES INC,-1.0
2025-01-01,16431,LW,LAMB WESTON HOLDINGS INC,-1.0
2025-01-01,17000,RYTM,RHYTHM PHARMACEUTICALS INC,-1.0
2025-01-01,17787,EQH,EQUITABLE HOLDINGS INC,-1.0
2025-01-01,17959,CRNX,CRINETICS PHARMACEUTICALS INC,-1.0
2025-01-01,18770,BBIO,BRIDGEBIO PHARMA INC,-1.0
2025-01-01,18772,AKRO,AKERO THERAPEUTICS INC,-1.0
2025-01-01,18776,IMVT,IMMUNOVANT INC,-1.0
2025-01-01,18835,DKNG,DRAFTKINGS INC,-1.0
2025-01-01,19002,BWIN,BALDWIN INSURANCE GROUP INC,-1.0
2025-01-01,19081,SITM,SITIME CORP,-1.0
2025-01-01,19201,RVMD,REVOLUTION MEDICINES INC,-1.0
2025-01-01,19561,BA,BOEING CO,-1.0
2025-01-01,19849,SMMT,SUMMIT THERAPEUTICS INC,-1.0
2025-01-01,20583,EXE,EXPAND ENERGY CORP,-1.0
2025-01-01,20657,ACVA,A C V AUCTIONS INC,-1.0
2025-01-01,20791,EWTX,EDGEWISE THERAPEUTICS INC,-1.0
2025-01-01,20923,EDR,ENDEAVOR GROUP HOLDINGS INC,-1.0
2025-01-01,20930,SOC,SABLE OFFSHORE CORP,-1.0
2025-01-01,21087,PRVA,PRIVIA HEALTH GROUP INC,-1.0
2025-01-01,21747,NUVL,NUVALENT INC,-1.0
2025-01-01,21792,CNP,CENTERPOINT ENERGY INC,-1.0
2025-01-01,22220,NN,NEXTNAV INC,-1.0
2025-01-01,24328,EQT,E Q T CORP,-1.0
2025-01-01,57808,VSH,VISHAY INTERTECHNOLOGY INC,-1.0
2025-01-01,58683,LUV,SOUTHWEST AIRLINES CO,-1.0
2025-01-01,66384,WDC,WESTERN DIGITAL CORP,-1.0
2025-01-01,75976,NEOG,NEOGEN CORP,-1.0
2025-01-01,76591,QDEL,QUIDELORTHO CORP,-1.0
2025-01-01,76661,IONS,IONIS PHARMACEUTICALS INC,-1.0
2025-01-01,76837,HAE,HAEMONETICS CORP MASS,-1.0
2025-01-01,77520,AGCO,A G C O CORP,-1.0
2025-01-01,77702,SBUX,STARBUCKS CORP,-1.0
2025-01-01,80069,ARWR,ARROWHEAD PHARMACEUTICALS INC,-1.0
2025-01-01,80286,TSCO,TRACTOR SUPPLY CO NEW,-1.0
2025-01-01,80924,SIRI,SIRIUS X M HOLDINGS INC NEW,-1.0
2025-01-01,81655,DRI,DARDEN RESTAURANTS INC,-1.0
2025-01-01,84385,NSP,INSPERITY INC,-1.0
2025-01-01,84761,TTWO,TAKE TWO INTERACTIVE SOFTWR INC,-1.0
2025-01-01,85002,SRPT,SAREPTA THERAPEUTICS INC,-1.0
2025-01-01,85464,CWST,CASELLA WASTE SYSTEMS INC,-1.0
2025-01-01,86288,CSGP,COSTAR GROUP INC,-1.0
2025-01-01,86822,EXTR,EXTREME NETWORKS INC,-1.0
2025-01-01,87356,TKO,T K O GROUP HOLDINGS INC,-1.0
2025-01-01,87812,SLAB,SILICON LABORATORIES INC,-1.0
2025-01-01,89297,CCOI,COGENT COMMUNICATIONS HLDS INC,-1.0
2025-01-01,89301,GME,GAMESTOP CORP NEW,-1.0
2025-01-01,89482,BANC,BANC OF CALIFORNIA INC,-1.0
2025-01-01,90178,ALNY,ALNYLAM PHARMACEUTICALS INC,-1.0
2025-01-01,90444,ORA,ORMAT TECHNOLOGIES INC,-1.0
2025-01-01,90776,WAL,WESTERN ALLIANCE BANCORPORATION,-1.0
2025-01-01,91041,LYV,LIVE NATION ENTERTAINMENT INC,-1.0
2025-01-01,91594,SPR,SPIRIT AEROSYSTEMS HOLDINGS INC,-1.0
2025-01-01,92469,SATS,ECHOSTAR CORP,-1.0
2025-01-01,93436,TSLA,TESLA INC,-1.0
2025-02-01,10693,EHC,ENCOMPASS HEALTH CORP,1.0
2025-02-01,10933,MKL,MARKEL GROUP INC,1.0
2025-02-01,11691,MATX,MATSON INC,1.0
2025-02-01,11995,COKE,COCA COLA CONSOLIDATED INC,1.0
2025-02-01,12622,HCA,H C A HEALTHCARE INC,1.0
2025-02-01,13046,UI,UBIQUITI INC,1.0
2025-02-01,13407,META,META PLATFORMS INC,1.0
2025-02-01,13788,ZTS,ZOETIS INC,1.0
2025-02-01,13911,IQV,IQVIA HOLDINGS INC,1.0
2025-02-01,13963,NWSA,NEWS CORP NEW,1.0
2025-02-01,14406,ESI,ELEMENT SOLUTIONS INC,1.0
2025-02-01,17223,ADT,A D T INC,1.0
2025-02-01,17332,VCTR,VICTORY CAPITAL HOLDINGS INC,1.0
2025-02-01,18064,FTDR,FRONTDOOR INC,1.0
2025-02-01,20482,ABT,ABBOTT LABORATORIES,1.0
2025-02-01,27334,CSL,CARLISLE COMPANIES,1.0
2025-02-01,46463,GFF,GRIFFON CORP,1.0
2025-02-01,52936,MCY,MERCURY GENERAL CORP NEW,1.0
2025-02-01,62308,GL,GLOBE LIFE INC,1.0
2025-02-01,65306,UNF,UNIFIRST CORP,1.0
2025-02-01,75510,ADBE,ADOBE INC,1.0
2025-02-01,75603,CRUS,CIRRUS LOGIC INC,1.0
2025-02-01,76095,HOLX,HOLOGIC INC,1.0
2025-02-01,76230,TRMB,TRIMBLE INC,1.0
2025-02-01,76708,ATGE,ADTALEM GLOBAL EDUCATION INC,1.0
2025-02-01,77496,MHK,MOHAWK INDUSTRIES INC,1.0
2025-02-01,79637,UHS,UNIVERSAL HEALTH SERVICES INC,1.0
2025-02-01,80128,VMI,VALMONT INDUSTRIES INC,1.0
2025-02-01,81282,ACIW,A C I WORLDWIDE INC,1.0
2025-02-01,82307,DVA,DAVITA INC,1.0
2025-02-01,83779,PEGA,PEGASYSTEMS INC,1.0
2025-02-01,85072,RL,RALPH LAUREN CORP,1.0
2025-02-01,85593,AMG,AFFILIATED MANAGERS GROUP INC,1.0
2025-02-01,85621,MTD,METTLER TOLEDO INTERNATIONAL INC,1.0
2025-02-01,85631,ADSK,AUTODESK INC,1.0
2025-02-01,85768,IESC,I E S HOLDINGS INC,1.0
2025-02-01,87432,A,AGILENT TECHNOLOGIES INC,1.0
2025-02-01,89134,OVV,OVINTIV INC,1.0
2025-02-01,89916,NXST,NEXSTAR MEDIA GROUP INC,1.0
2025-02-01,89968,PIPR,PIPER SANDLER COMPANIES,1.0
2025-02-01,90215,CRM,SALESFORCE INC,1.0
2025-02-01,90319,GOOGL,ALPHABET INC,1.0
2025-02-01,90377,ONTO,ONTO INNOVATION INC,1.0
2025-02-01,90829,CF,C F INDUSTRIES HOLDINGS INC,1.0
2025-02-01,91080,HEES,H & E EQUIPMENT SERVICES INC,1.0
2025-02-01,91233,MA,MASTERCARD INC,1.0
2025-02-01,92293,TDC,TERADATA CORP DE,1.0
2025-02-01,92852,LOPE,GRAND CANYON EDUCATION INC,1.0
2025-02-01,93312,SSNC,S S & C TECHNOLOGIES HLDGS INC,1.0
2025-02-01,93330,PRI,PRIMERICA INC,1.0
2025-02-01,41355,PH,PARKER HANNIFIN CORP,0.998861
2025-02-01,85645,INGR,INGREDION INC,0.994374
2025-02-01,83799,STRA,STRATEGIC EDUCATION INC,0.993159
2025-02-01,82694,EME,EMCOR GROUP INC,0.98432
2025-02-01,56223,LPX,LOUISIANA PACIFIC CORP,0.98258
2025-02-01,87657,EW,EDWARDS LIFESCIENCES CORP,0.97536
2025-02-01,92402,MSCI,M S C I INC,0.972029
2025-02-01,18973,BRC,BRADY CORP,0.964011
2025-02-01,12570,ITT,I T T INC,0.960455
2025-02-01,85753,VRSN,VERISIGN INC,0.954528
2025-02-01,14593,AAPL,APPLE INC,0.93912
2025-02-01,22779,MSI,MOTOROLA SOLUTIONS INC,0.934478
2025-02-01,34032,MAS,MASCO CORP,0.933638
2025-02-01,76582,DORM,DORMAN PRODUCTS INC,0.931097
2025-02-01,11581,EPAC,ENERPAC TOOL GROUP CORP,0.929563
2025-02-01,90708,MORN,MORNINGSTAR INC,0.922526
2025-02-01,14318,NMIH,N M I HOLDINGS INC,0.921954
2025-02-01,15850,MTCH,MATCH GROUP INC NEW,0.918803
2025-02-01,13901,MO,ALTRIA GROUP INC,0.915424
2025-02-01,92221,MELI,MERCADOLIBRE INC,0.914009
2025-02-01,91234,MWA,MUELLER WATER PRODUCTS INC,0.911835
2025-02-01,65307,RPM,R P M INTERNATIONAL INC,0.909217
2025-02-01,61313,DCI,DONALDSON INC,0.908786
2025-02-01,22111,JNJ,JOHNSON & JOHNSON,0.906542
2025-02-01,79133,ATR,APTARGROUP INC,0.901944
2025-02-01,82775,HIG,HARTFORD FINANCIAL SVCS GRP INC,0.901851
2025-02-01,11731,AIN,ALBANY INTERNATIONAL CORP NEW,0.897934
2025-02-01,93179,PPC,PILGRIMS PRIDE CORP NEW,0.89512
2025-02-01,91531,OC,OWENS CORNING NEW,0.894443
2025-02-01,90550,DLB,DOLBY LABORATORIES INC,0.894208
2025-02-01,71175,UNM,UNUM GROUP,0.889772
2025-02-01,42439,HNI,H N I CORP,0.87342
2025-02-01,79686,DECK,DECKERS OUTDOOR CORP,0.87001
2025-02-01,90249,ENS,ENERSYS,0.865967
2025-02-01,22752,MRK,MERCK & CO INC NEW,0.863857
2025-02-01,86580,NVDA,NVIDIA CORP,0.862093
2025-02-01,65541,COO,COOPER COMPANIES INC,0.861639
2025-02-01,78015,MTX,MINERALS TECHNOLOGIES INC,0.857469
2025-02-01,54253,MSA,M S A SAFETY INC,0.857056
2025-02-01,84723,LNG,CHENIERE ENERGY INC,0.824397
2025-02-01,16260,MEDP,MEDPACE HOLDINGS INC,0.823115
2025-02-01,15056,ADMA,ADMA BIOLOGICS INC,0.796834
2025-02-01,12981,FBIN,FORTUNE BRANDS INNOVATIONS INC,0.790463
2025-02-01,86047,AMKR,AMKOR TECHNOLOGY INC,0.748202
2025-02-01,86026,IOSP,INNOSPEC INC,0.722925
2025-02-01,13936,PVH,P V H CORP,0.722427
2025-02-01,89525,CMCSA,COMCAST CORP NEW,0.708627
2025-02-01,93132,FTNT,FORTINET INC,0.699087
2025-02-01,19956,WGS,GENEDX HOLDINGS CORP,0.667956
2025-02-01,83976,ANF,ABERCROMBIE & FITCH CO,0.651137
2025-02-01,85067,MMS,MAXIMUS INC,0.638738
2025-02-01,49680,DHR,DANAHER CORP,0.590248
2025-02-01,79758,BYD,BOYD GAMING CORP,0.559676
2025-02-01,93089,VRSK,VERISK ANALYTICS INC,0.556436
2025-02-01,17799,INSP,INSPIRE MEDICAL SYSTEMS INC,0.552036
2025-02-01,90880,AMP,AMERIPRISE FINANCIAL INC,0.534877
2025-02-01,89070,ZBH,ZIMMER BIOMET HOLDINGS INC,0.482231
2025-02-01,42550,NEU,NEWMARKET CORP,0.378844
2025-02-01,13284,ALSN,ALLISON TRANSMISSION HLDGS INC,0.357492
2025-02-01,13766,BCC,BOISE CASCADE CO,0.278124
2025-02-01,58246,NTRS,NORTHERN TRUST CORP,0.276438
2025-02-01,48486,LRCX,LAM RESH CORP,0.21017
2025-02-01,76841,BIIB,BIOGEN INC,0.207126
2025-02-01,87137,DVN,DEVON ENERGY CORP NEW,0.153732
2025-02-01,52337,THC,TENET HEALTHCARE CORP,0.108212
2025-02-01,39538,MAT,MATTEL INC,0.081516
2025-02-01,64282,BBWI,BATH & BODY WORKS INC,0.015481
2025-02-01,21890,BROS,DUTCH BROS INC,-0.007487
2025-02-01,11404,ED,CONSOLIDATED EDISON INC,-0.100864
2025-02-01,90199,CBRE,C B R E GROUP INC,-0.259266
2025-02-01,48653,HUM,HUMANA INC,-0.331849
2025-02-01,63125,AGYS,AGILYSYS INC,-0.336419
2025-02-01,14988,LBRDK,LIBERTY BROADBAND CORP,-0.3532
2025-02-01,13908,PFSI,PENNYMAC FINANCIAL SVCS INC NEW,-0.354746
2025-02-01,12591,APO,APOLLO GLOBAL MANAGEMENT INC NEW,-0.36833
2025-02-01,59328,INTC,INTEL CORP,-0.369015
2025-02-01,58819,LNT,ALLIANT ENERGY CORP,-0.422135
2025-02-01,90520,CE,CELANESE CORP DEL,-0.515946
2025-02-01,86136,SRE,SEMPRA ENERGY,-0.545905
2025-02-01,16432,GT,GOODYEAR TIRE & RUBBER CO,-0.584563
2025-02-01,21207,NEM,NEWMONT CORP,-0.597013
2025-02-01,27422,CLF,CLEVELAND CLIFFS INC NEW,-0.64002
2025-02-01,54704,MOD,MODINE MANUFACTURING CO,-0.711295
2025-02-01,14436,RARE,ULTRAGENYX PHARMACEUTICALS INC,-0.742367
2025-02-01,20646,OSCR,OSCAR HEALTH INC,-0.770078
2025-02-01,16381,BL,BLACKLINE INC,-0.803611
2025-02-01,16968,MDB,MONGODB INC,-0.840862
2025-02-01,14882,CZR,CAESARS ENTERTAINMENT INC DE,-0.850402
2025-02-01,88853,FLR,FLUOR CORP NEW,-0.852434
2025-02-01,66376,WSO,WATSCO INC,-0.86582
2025-02-01,42585,SJM,SMUCKER J M CO,-0.878049
2025-02-01,17125,DNLI,DENALI THERAPEUTICS INC,-0.887266
2025-02-01,15119,WK,WORKIVA INC,-0.893689
2025-02-01,16431,LW,LAMB WESTON HOLDINGS INC,-0.899142
2025-02-01,86979,JNPR,JUNIPER NETWORKS INC,-0.902584
2025-02-01,17944,TENB,TENABLE HOLDINGS INC,-0.915827
2025-02-01,64995,KEY,KEYCORP NEW,-0.926294
2025-02-01,85002,SRPT,SAREPTA THERAPEUTICS INC,-0.931977
2025-02-01,86822,EXTR,EXTREME NETWORKS INC,-0.941147
2025-02-01,90444,ORA,ORMAT TECHNOLOGIES INC,-0.943986
2025-02-01,19081,SITM,SITIME CORP,-0.948551
2025-02-01,14329,ARMK,ARAMARK,-0.951906
2025-02-01,19495,DNB,DUN & BRADSTREET HOLDINGS INC,-0.965551
2025-02-01,82547,AEIS,ADVANCED ENERGY INDUSTRIES INC,-0.967146
2025-02-01,54594,AIR,A A R CORP,-0.967739
2025-02-01,10200,RGEN,REPLIGEN CORP,-0.969462
2025-02-01,76591,QDEL,QUIDELORTHO CORP,-0.972236
2025-02-01,89455,RUSHA,RUSH ENTERPRISES INC,-0.973664
2025-02-01,20657,ACVA,A C V AUCTIONS INC,-0.976333
2025-02-01,50017,RRC,RANGE RESOURCES CORP,-0.978129
2025-02-01,55511,TXNM,T X N M ENERGY INC,-0.987111
2025-02-01,93436,TSLA,TESLA INC,-0.998585
2025-02-01,10397,WERN,WERNER ENTERPRISES INC,-1.0
2025-02-01,11644,CRK,COMSTOCK RESOURCES INC,-1.0
2025-02-01,12473,KNX,KNIGHT SWIFT TRANSPORT HDLGS INC,-1.0
2025-02-01,14179,AR,ANTERO RESOURCES CORP,-1.0
2025-02-01,14401,OGS,ONE GAS INC,-1.0
2025-02-01,14432,ITCI,INTRA CELLULAR THERAPIES INC,-1.0
2025-02-01,14472,VRNS,VARONIS SYSTEMS INC,-1.0
2025-02-01,14574,MC,MOELIS & CO,-1.0
2025-02-01,14596,FIVN,FIVE 9 INC,-1.0
2025-02-01,15284,BPMC,BLUEPRINT MEDICINES CORP,-1.0
2025-02-01,15293,NEXT,NEXTDECADE CORP,-1.0
2025-02-01,16386,IRTC,IRHYTHM TECHNOLOGIES INC,-1.0
2025-02-01,17000,RYTM,RHYTHM PHARMACEUTICALS INC,-1.0
2025-02-01,17787,EQH,EQUITABLE HOLDINGS INC,-1.0
2025-02-01,17801,ROAD,CONSTRUCTION PARTNERS INC,-1.0
2025-02-01,17864,BJ,B J S WHOLESALE CLUB HLDGS INC,-1.0
2025-02-01,17959,CRNX,CRINETICS PHARMACEUTICALS INC,-1.0
2025-02-01,18772,AKRO,AKERO THERAPEUTICS INC,-1.0
2025-02-01,18776,IMVT,IMMUNOVANT INC,-1.0
2025-02-01,18835,DKNG,DRAFTKINGS INC,-1.0
2025-02-01,19002,BWIN,BALDWIN INSURANCE GROUP INC,-1.0
2025-02-01,19201,RVMD,REVOLUTION MEDICINES INC,-1.0
2025-02-01,19561,BA,BOEING CO,-1.0
2025-02-01,19849,SMMT,SUMMIT THERAPEUTICS INC,-1.0
2025-02-01,20583,EXE,EXPAND ENERGY CORP,-1.0
2025-02-01,20791,EWTX,EDGEWISE THERAPEUTICS INC,-1.0
2025-02-01,20923,EDR,ENDEAVOR GROUP HOLDINGS INC,-1.0
2025-02-01,20930,SOC,SABLE OFFSHORE CORP,-1.0
2025-02-01,21087,PRVA,PRIVIA HEALTH GROUP INC,-1.0
2025-02-01,21559,INTA,INTAPP INC,-1.0
2025-02-01,21747,NUVL,NUVALENT INC,-1.0
2025-02-01,21792,CNP,CENTERPOINT ENERGY INC,-1.0
2025-02-01,21896,TOST,TOAST INC,-1.0
2025-02-01,24328,EQT,E Q T CORP,-1.0
2025-02-01,25320,CPB,CAMPBELLS CO,-1.0
2025-02-01,58683,LUV,SOUTHWEST AIRLINES CO,-1.0
2025-02-01,63773,TDS,TELEPHONE & DATA SYSTEMS INC,-1.0
2025-02-01,66384,WDC,WESTERN DIGITAL CORP,-1.0
2025-02-01,75182,PII,POLARIS INC,-1.0
2025-02-01,75976,NEOG,NEOGEN CORP,-1.0
2025-02-01,76282,AN,AUTONATION INC DEL,-1.0
2025-02-01,76661,IONS,IONIS PHARMACEUTICALS INC,-1.0
2025-02-01,76837,HAE,HAEMONETICS CORP MASS,-1.0
2025-02-01,77520,AGCO,A G C O CORP,-1.0
2025-02-01,77702,SBUX,STARBUCKS CORP,-1.0
2025-02-01,79864,VSEC,V S E CORP,-1.0
2025-02-01,80069,ARWR,ARROWHEAD PHARMACEUTICALS INC,-1.0
2025-02-01,80286,TSCO,TRACTOR SUPPLY CO NEW,-1.0
2025-02-01,80924,SIRI,SIRIUS X M HOLDINGS INC NEW,-1.0
2025-02-01,81655,DRI,DARDEN RESTAURANTS INC,-1.0
2025-02-01,84319,LAD,LITHIA MOTORS INC,-1.0
2025-02-01,84385,NSP,INSPERITY INC,-1.0
2025-02-01,84761,TTWO,TAKE TWO INTERACTIVE SOFTWR INC,-1.0
2025-02-01,85464,CWST,CASELLA WASTE SYSTEMS INC,-1.0
2025-02-01,86288,CSGP,COSTAR GROUP INC,-1.0
2025-02-01,87356,TKO,T K O GROUP HOLDINGS INC,-1.0
2025-02-01,87812,SLAB,SILICON LABORATORIES INC,-1.0
2025-02-01,88351,INSM,INSMED INC,-1.0
2025-02-01,89031,AXON,AXON ENTERPRISE INC,-1.0
2025-02-01,89297,CCOI,COGENT COMMUNICATIONS HLDS INC,-1.0
2025-02-01,89301,GME,GAMESTOP CORP NEW,-1.0
2025-02-01,89482,BANC,BANC OF CALIFORNIA INC,-1.0
2025-02-01,90178,ALNY,ALNYLAM PHARMACEUTICALS INC,-1.0
2025-02-01,90776,WAL,WESTERN ALLIANCE BANCORPORATION,-1.0
2025-02-01,91041,LYV,LIVE NATION ENTERTAINMENT INC,-1.0
2025-02-01,91594,SPR,SPIRIT AEROSYSTEMS HOLDINGS INC,-1.0
2025-02-01,91733,AVAV,AEROVIRONMENT INC,-1.0
2025-03-01,10693,EHC,ENCOMPASS HEALTH CORP,1.0
2025-03-01,11691,MATX,MATSON INC,1.0
2025-03-01,11995,COKE,COCA COLA CONSOLIDATED INC,1.0
2025-03-01,12570,ITT,I T T INC,1.0
2025-03-01,13046,UI,UBIQUITI INC,1.0
2025-03-01,13407,META,META PLATFORMS INC,1.0
2025-03-01,13963,NWSA,NEWS CORP NEW,1.0
2025-03-01,14406,ESI,ELEMENT SOLUTIONS INC,1.0
2025-03-01,17223,ADT,A D T INC,1.0
2025-03-01,20482,ABT,ABBOTT LABORATORIES,1.0
2025-03-01,22752,MRK,MERCK & CO INC NEW,1.0
2025-03-01,52936,MCY,MERCURY GENERAL CORP NEW,1.0
2025-03-01,54148,PHM,PULTE GROUP INC,1.0
2025-03-01,59619,SXT,SENSIENT TECHNOLOGIES CORP,1.0
2025-03-01,62308,GL,GLOBE LIFE INC,1.0
2025-03-01,65307,RPM,R P M INTERNATIONAL INC,1.0
2025-03-01,75603,CRUS,CIRRUS LOGIC INC,1.0
2025-03-01,76095,HOLX,HOLOGIC INC,1.0
2025-03-01,76708,ATGE,ADTALEM GLOBAL EDUCATION INC,1.0
2025-03-01,77178,QCOM,QUALCOMM INC,1.0
2025-03-01,77496,MHK,MOHAWK INDUSTRIES INC,1.0
2025-03-01,79686,DECK,DECKERS OUTDOOR CORP,1.0
2025-03-01,79758,BYD,BOYD GAMING CORP,1.0
2025-03-01,80128,VMI,VALMONT INDUSTRIES INC,1.0
2025-03-01,81282,ACIW,A C I WORLDWIDE INC,1.0
2025-03-01,85072,RL,RALPH LAUREN CORP,1.0
2025-03-01,85621,MTD,METTLER TOLEDO INTERNATIONAL INC,1.0
2025-03-01,85753,VRSN,VERISIGN INC,1.0
2025-03-01,89134,OVV,OVINTIV INC,1.0
2025-03-01,89916,NXST,NEXSTAR MEDIA GROUP INC,1.0
2025-03-01,90319,GOOGL,ALPHABET INC,1.0
2025-03-01,90409,HURN,HURON CONSULTING GROUP INC,1.0
2025-03-01,90550,DLB,DOLBY LABORATORIES INC,1.0
2025-03-01,91080,HEES,H & E EQUIPMENT SERVICES INC,1.0
2025-03-01,91233,MA,MASTERCARD INC,1.0
2025-03-01,91234,MWA,MUELLER WATER PRODUCTS INC,1.0
2025-03-01,91531,OC,OWENS CORNING NEW,1.0
2025-03-01,92221,MELI,MERCADOLIBRE INC,1.0
2025-03-01,92852,LOPE,GRAND CANYON EDUCATION INC,1.0
2025-03-01,93179,PPC,PILGRIMS PRIDE CORP NEW,1.0
2025-03-01,93312,SSNC,S S & C TECHNOLOGIES HLDGS INC,1.0
2025-03-01,93330,PRI,PRIMERICA INC,0.999901
2025-03-01,65306,UNF,UNIFIRST CORP,0.999485
2025-03-01,75510,ADBE,ADOBE INC,0.999222
2025-03-01,22111,JNJ,JOHNSON & JOHNSON,0.988085
2025-03-01,13901,MO,ALTRIA GROUP INC,0.975836
2025-03-01,13788,ZTS,ZOETIS INC,0.975269
2025-03-01,17332,VCTR,VICTORY CAPITAL HOLDINGS INC,0.971001
2025-03-01,92402,MSCI,M S C I INC,0.961634
2025-03-01,87657,EW,EDWARDS LIFESCIENCES CORP,0.960953
2025-03-01,14593,AAPL,APPLE INC,0.960303
2025-03-01,71175,UNM,UNUM GROUP,0.957304
2025-03-01,76230,TRMB,TRIMBLE INC,0.95693
2025-03-01,46463,GFF,GRIFFON CORP,0.953779
2025-03-01,82775,HIG,HARTFORD INSURANCE GROUP INC,0.953272
2025-03-01,11581,EPAC,ENERPAC TOOL GROUP CORP,0.948697
2025-03-01,85645,INGR,INGREDION INC,0.948589
2025-03-01,41355,PH,PARKER HANNIFIN CORP,0.943354
2025-03-01,18973,BRC,BRADY CORP,0.934673
2025-03-01,13911,IQV,IQVIA HOLDINGS INC,0.934309
2025-03-01,76582,DORM,DORMAN PRODUCTS INC,0.929287
2025-03-01,79637,UHS,UNIVERSAL HEALTH SERVICES INC,0.926097
2025-03-01,12622,HCA,H C A HEALTHCARE INC,0.92512
2025-03-01,19956,WGS,GENEDX HOLDINGS CORP,0.915612
2025-03-01,89968,PIPR,PIPER SANDLER COMPANIES,0.909909
2025-03-01,85593,AMG,AFFILIATED MANAGERS GROUP INC,0.905805
2025-03-01,90249,ENS,ENERSYS,0.902528
2025-03-01,82694,EME,EMCOR GROUP INC,0.89505
2025-03-01,86580,NVDA,NVIDIA CORP,0.894058
2025-03-01,34032,MAS,MASCO CORP,0.885927
2025-03-01,61313,DCI,DONALDSON INC,0.882363
2025-03-01,90829,CF,C F INDUSTRIES HOLDINGS INC,0.880658
2025-03-01,90708,MORN,MORNINGSTAR INC,0.877586
2025-03-01,85631,ADSK,AUTODESK INC,0.877426
2025-03-01,27334,CSL,CARLISLE COMPANIES,0.874105
2025-03-01,22779,MSI,MOTOROLA SOLUTIONS INC,0.873569
2025-03-01,90215,CRM,SALESFORCE INC,0.868356
2025-03-01,14318,NMIH,N M I HOLDINGS INC,0.866856
2025-03-01,54253,MSA,M S A SAFETY INC,0.851601
2025-03-01,11731,AIN,ALBANY INTERNATIONAL CORP NEW,0.848475
2025-03-01,84723,LNG,CHENIERE ENERGY INC,0.8417
2025-03-01,79133,ATR,APTARGROUP INC,0.841658
2025-03-01,87432,A,AGILENT TECHNOLOGIES INC,0.84093
2025-03-01,56223,LPX,LOUISIANA PACIFIC CORP,0.836354
2025-03-01,82307,DVA,DAVITA INC,0.835959
2025-03-01,42439,HNI,H N I CORP,0.819252
2025-03-01,15850,MTCH,MATCH GROUP INC NEW,0.813067
2025-03-01,15056,ADMA,ADMA BIOLOGICS INC,0.806035
2025-03-01,65541,COO,COOPER COMPANIES INC,0.80372
2025-03-01,85768,IESC,I E S HOLDINGS INC,0.802587
2025-03-01,16260,MEDP,MEDPACE HOLDINGS INC,0.768923
2025-03-01,78015,MTX,MINERALS TECHNOLOGIES INC,0.766918
2025-03-01,18064,FTDR,FRONTDOOR INC,0.756204
2025-03-01,89525,CMCSA,COMCAST CORP NEW,0.753015
2025-03-01,93132,FTNT,FORTINET INC,0.746179
2025-03-01,92293,TDC,TERADATA CORP DE,0.743786
2025-03-01,53225,GHC,GRAHAM HOLDINGS CO,0.733677
2025-03-01,83779,PEGA,PEGASYSTEMS INC,0.721683
2025-03-01,12981,FBIN,FORTUNE BRANDS INNOVATIONS INC,0.713918
2025-03-01,90377,ONTO,ONTO INNOVATION INC,0.708054
2025-03-01,86047,AMKR,AMKOR TECHNOLOGY INC,0.63901
2025-03-01,13936,PVH,P V H CORP,0.601025
2025-03-01,93089,VRSK,VERISK ANALYTICS INC,0.572923
2025-03-01,83976,ANF,ABERCROMBIE & FITCH CO,0.559582
2025-03-01,85067,MMS,MAXIMUS INC,0.553466
2025-03-01,49680,DHR,DANAHER CORP,0.548595
2025-03-01,90880,AMP,AMERIPRISE FINANCIAL INC,0.528618
2025-03-01,17799,INSP,INSPIRE MEDICAL SYSTEMS INC,0.52764
2025-03-01,89070,ZBH,ZIMMER BIOMET HOLDINGS INC,0.457904
2025-03-01,42550,NEU,NEWMARKET CORP,0.432427
2025-03-01,13284,ALSN,ALLISON TRANSMISSION HLDGS INC,0.308282
2025-03-01,58246,NTRS,NORTHERN TRUST CORP,0.270426
2025-03-01,86026,IOSP,INNOSPEC INC,0.241985
2025-03-01,13766,BCC,BOISE CASCADE CO,0.228063
2025-03-01,76841,BIIB,BIOGEN INC,0.201504
2025-03-01,48486,LRCX,LAM RESH CORP,0.198297
2025-03-01,62092,TMO,THERMO FISHER SCIENTIFIC INC,0.101854
2025-03-01,52337,THC,TENET HEALTHCARE CORP,0.09687
2025-03-01,39538,MAT,MATTEL INC,0.092879
2025-03-01,87137,DVN,DEVON ENERGY CORP NEW,0.057108
2025-03-01,64282,BBWI,BATH & BODY WORKS INC,0.014939
2025-03-01,21890,BROS,DUTCH BROS INC,-0.009455
2025-03-01,83443,BRKB,BERKSHIRE HATHAWAY INC DEL,-0.107005
2025-03-01,11404,ED,CONSOLIDATED EDISON INC,-0.109875
2025-03-01,27887,BAX,BAXTER INTERNATIONAL INC,-0.210584
2025-03-01,90199,CBRE,C B R E GROUP INC,-0.253391
2025-03-01,14432,ITCI,INTRA CELLULAR THERAPIES INC,-0.268911
2025-03-01,63125,AGYS,AGILYSYS INC,-0.300886
2025-03-01,48653,HUM,HUMANA INC,-0.304934
2025-03-01,13908,PFSI,PENNYMAC FINANCIAL SVCS INC NEW,-0.351089
2025-03-01,14988,LBRDK,LIBERTY BROADBAND CORP,-0.37783
2025-03-01,58819,LNT,ALLIANT ENERGY CORP,-0.42081
2025-03-01,59328,INTC,INTEL CORP,-0.449458
2025-03-01,86136,SRE,SEMPRA ENERGY,-0.469315
2025-03-01,16381,BL,BLACKLINE INC,-0.605235
2025-03-01,16432,GT,GOODYEAR TIRE & RUBBER CO,-0.620849
2025-03-01,17125,DNLI,DENALI THERAPEUTICS INC,-0.627665
2025-03-01,88863,EXAS,EXACT SCIENCES CORP,-0.687632
2025-03-01,21415,S,SENTINELONE INC,-0.688225
2025-03-01,19495,DNB,DUN & BRADSTREET HOLDINGS INC,-0.708795
2025-03-01,93436,TSLA,TESLA INC,-0.719788
2025-03-01,20657,ACVA,A C V AUCTIONS INC,-0.73778
2025-03-01,16431,LW,LAMB WESTON HOLDINGS INC,-0.775105
2025-03-01,14882,CZR,CAESARS ENTERTAINMENT INC DE,-0.780824
2025-03-01,15119,WK,WORKIVA INC,-0.793369
2025-03-01,89031,AXON,AXON ENTERPRISE INC,-0.806967
2025-03-01,16968,MDB,MONGODB INC,-0.819954
2025-03-01,85002,SRPT,SAREPTA THERAPEUTICS INC,-0.871766
2025-03-01,14596,FIVN,FIVE 9 INC,-0.879827
2025-03-01,12473,KNX,KNIGHT SWIFT TRANSPORT HDLGS INC,-0.880202
2025-03-01,64995,KEY,KEYCORP NEW,-0.889221
2025-03-01,76591,QDEL,QUIDELORTHO CORP,-0.891386
2025-03-01,10397,WERN,WERNER ENTERPRISES INC,-0.898624
2025-03-01,17801,ROAD,CONSTRUCTION PARTNERS INC,-0.899173
2025-03-01,14329,ARMK,ARAMARK,-0.905781
2025-03-01,90178,ALNY,ALNYLAM PHARMACEUTICALS INC,-0.906161
2025-03-01,66376,WSO,WATSCO INC,-0.909516
2025-03-01,84319,LAD,LITHIA MOTORS INC,-0.912505
2025-03-01,86822,EXTR,EXTREME NETWORKS INC,-0.916597
2025-03-01,17000,RYTM,RHYTHM PHARMACEUTICALS INC,-0.920629
2025-03-01,21559,INTA,INTAPP INC,-0.92192
2025-03-01,89482,BANC,BANC OF CALIFORNIA INC,-0.9249
2025-03-01,54594,AIR,A A R CORP,-0.925398
2025-03-01,10200,RGEN,REPLIGEN CORP,-0.92571
2025-03-01,89455,RUSHA,RUSH ENTERPRISES INC,-0.93149
2025-03-01,86979,JNPR,JUNIPER NETWORKS INC,-0.934288
2025-03-01,21896,TOST,TOAST INC,-0.939989
2025-03-01,24328,EQT,E Q T CORP,-0.941737
2025-03-01,82547,AEIS,ADVANCED ENERGY INDUSTRIES INC,-0.965466
2025-03-01,87356,TKO,T K O GROUP HOLDINGS INC,-0.967241
2025-03-01,50017,RRC,RANGE RESOURCES CORP,-0.976999
2025-03-01,14179,AR,ANTERO RESOURCES CORP,-0.980072
2025-03-01,91041,LYV,LIVE NATION ENTERTAINMENT INC,-0.987561
2025-03-01,90776,WAL,WESTERN ALLIANCE BANCORPORATION,-0.990109
2025-03-01,11644,CRK,COMSTOCK RESOURCES INC,-1.0
2025-03-01,12591,APO,APOLLO GLOBAL MANAGEMENT INC NEW,-1.0
2025-03-01,12623,HII,HUNTINGTON INGALLS INDS INC,-1.0
2025-03-01,14401,OGS,ONE GAS INC,-1.0
2025-03-01,14436,RARE,ULTRAGENYX PHARMACEUTICALS INC,-1.0
2025-03-01,14472,VRNS,VARONIS SYSTEMS INC,-1.0
2025-03-01,14811,FWONK,LIBERTY MEDIA CORP 3RD NEW,-1.0
2025-03-01,15058,SLNO,SOLENO THERAPEUTICS INC,-1.0
2025-03-01,15167,SHAK,SHAKE SHACK INC,-1.0
2025-03-01,15284,BPMC,BLUEPRINT MEDICINES CORP,-1.0
2025-03-01,15293,NEXT,NEXTDECADE CORP,-1.0
2025-03-01,16386,IRTC,IRHYTHM TECHNOLOGIES INC,-1.0
2025-03-01,17864,BJ,B J S WHOLESALE CLUB HLDGS INC,-1.0
2025-03-01,17959,CRNX,CRINETICS PHARMACEUTICALS INC,-1.0
2025-03-01,18772,AKRO,AKERO THERAPEUTICS INC,-1.0
2025-03-01,18776,IMVT,IMMUNOVANT INC,-1.0
2025-03-01,18835,DKNG,DRAFTKINGS INC,-1.0
2025-03-01,19002,BWIN,BALDWIN INSURANCE GROUP INC,-1.0
2025-03-01,19201,RVMD,REVOLUTION MEDICINES INC,-1.0
2025-03-01,19506,VERX,VERTEX INC,-1.0
2025-03-01,19561,BA,BOEING CO,-1.0
2025-03-01,19655,STEP,STEPSTONE GROUP INC,-1.0
2025-03-01,19849,SMMT,SUMMIT THERAPEUTICS INC,-1.0
2025-03-01,20126,JOBY,JOBY AVIATION INC,-1.0
2025-03-01,20583,EXE,EXPAND ENERGY CORP,-1.0
2025-03-01,20791,EWTX,EDGEWISE THERAPEUTICS INC,-1.0
2025-03-01,20923,EDR,ENDEAVOR GROUP HOLDINGS INC,-1.0
2025-03-01,20930,SOC,SABLE OFFSHORE CORP,-1.0
2025-03-01,21087,PRVA,PRIVIA HEALTH GROUP INC,-1.0
2025-03-01,21237,PCOR,PROCORE TECHNOLOGIES INC,-1.0
2025-03-01,21352,FA,FIRST ADVANTAGE CORP,-1.0
2025-03-01,21747,NUVL,NUVALENT INC,-1.0
2025-03-01,21792,CNP,CENTERPOINT ENERGY INC,-1.0
2025-03-01,21927,DJT,TRUMP MEDIA & TECH GRP CORP,-1.0
2025-03-01,25320,CPB,CAMPBELLS CO,-1.0
2025-03-01,27422,CLF,CLEVELAND CLIFFS INC NEW,-1.0
2025-03-01,42585,SJM,SMUCKER J M CO,-1.0
2025-03-01,55511,TXNM,T X N M ENERGY INC,-1.0
2025-03-01,58683,LUV,SOUTHWEST AIRLINES CO,-1.0
2025-03-01,63773,TDS,TELEPHONE & DATA SYSTEMS INC,-1.0
2025-03-01,66384,WDC,WESTERN DIGITAL CORP,-1.0
2025-03-01,76661,IONS,IONIS PHARMACEUTICALS INC,-1.0
2025-03-01,77520,AGCO,A G C O CORP,-1.0
2025-03-01,77702,SBUX,STARBUCKS CORP,-1.0
2025-03-01,79864,VSEC,V S E CORP,-1.0
2025-03-01,80069,ARWR,ARROWHEAD PHARMACEUTICALS INC,-1.0
2025-03-01,80286,TSCO,TRACTOR SUPPLY CO NEW,-1.0
2025-03-01,80924,SIRI,SIRIUS X M HOLDINGS INC NEW,-1.0
2025-03-01,81655,DRI,DARDEN RESTAURANTS INC,-1.0
2025-03-01,84385,NSP,INSPERITY INC,-1.0
2025-03-01,84761,TTWO,TAKE TWO INTERACTIVE SOFTWR INC,-1.0
2025-03-01,85464,CWST,CASELLA WASTE SYSTEMS INC,-1.0
2025-03-01,86288,CSGP,COSTAR GROUP INC,-1.0
2025-03-01,87812,SLAB,SILICON LABORATORIES INC,-1.0
2025-03-01,88351,INSM,INSMED INC,-1.0
2025-03-01,89297,CCOI,COGENT COMMUNICATIONS HLDS INC,-1.0
2025-03-01,89301,GME,GAMESTOP CORP NEW,-1.0
2025-03-01,90444,ORA,ORMAT TECHNOLOGIES INC,-1.0
2025-03-01,90520,CE,CELANESE CORP DEL,-1.0
2025-03-01,91594,SPR,SPIRIT AEROSYSTEMS HOLDINGS INC,-1.0
2025-03-01,92220,MASI,MASIMO CORP,-1.0
2025-03-01,92729,JBTM,J B T MAREL CORP,-1.0
2025-04-01,10693,EHC,ENCOMPASS HEALTH CORP,1.0
2025-04-01,11691,MATX,MATSON INC,1.0
2025-04-01,11995,COKE,COCA COLA CONSOLIDATED INC,1.0
2025-04-01,12373,HHH,HOWARD HUGHES HOLDINGS INC,1.0
2025-04-01,12622,HCA,H C A HEALTHCARE INC,1.0
2025-04-01,13046,UI,UBIQUITI INC,1.0
2025-04-01,13407,META,META PLATFORMS INC,1.0
2025-04-01,13901,MO,ALTRIA GROUP INC,1.0
2025-04-01,14593,AAPL,APPLE INC,1.0
2025-04-01,17223,ADT,A D T INC,1.0
2025-04-01,17332,VCTR,VICTORY CAPITAL HOLDINGS INC,1.0
2025-04-01,18183,SWI,SOLARWINDS CORP,1.0
2025-04-01,18973,BRC,BRADY CORP,1.0
2025-04-01,22752,MRK,MERCK & CO INC NEW,1.0
2025-04-01,56223,LPX,LOUISIANA PACIFIC CORP,1.0
2025-04-01,59619,SXT,SENSIENT TECHNOLOGIES CORP,1.0
2025-04-01,62308,GL,GLOBE LIFE INC,1.0
2025-04-01,65307,RPM,R P M INTERNATIONAL INC,1.0
2025-04-01,75510,ADBE,ADOBE INC,1.0
2025-04-01,79758,BYD,BOYD GAMING CORP,1.0
2025-04-01,80128,VMI,VALMONT INDUSTRIES INC,1.0
2025-04-01,82702,AMRX,AMNEAL PHARMACEUTICALS INC,1.0
2025-04-01,83799,STRA,STRATEGIC EDUCATION INC,1.0
2025-04-01,85020,PPBI,PACIFIC PREMIER BANCORP INC,1.0
2025-04-01,85621,MTD,METTLER TOLEDO INTERNATIONAL INC,1.0
2025-04-01,85753,VRSN,VERISIGN INC,1.0
2025-04-01,89916,NXST,NEXSTAR MEDIA GROUP INC,1.0
2025-04-01,90319,GOOGL,ALPHABET INC,1.0
2025-04-01,90409,HURN,HURON CONSULTING GROUP INC,1.0
2025-04-01,90880,AMP,AMERIPRISE FINANCIAL INC,1.0
2025-04-01,91080,HEES,H & E EQUIPMENT SERVICES INC,1.0
2025-04-01,91516,AWI,ARMSTRONG WORLD INDS INC NEW,1.0
2025-04-01,92852,LOPE,GRAND CANYON EDUCATION INC,1.0
2025-04-01,93312,SSNC,S S & C TECHNOLOGIES HLDGS INC,1.0
2025-04-01,82775,HIG,HARTFORD INSURANCE GROUP INC,0.998261
2025-04-01,54148,PHM,PULTE GROUP INC,0.994043
2025-04-01,79637,UHS,UNIVERSAL HEALTH SERVICES INC,0.990902
2025-04-01,22111,JNJ,JOHNSON & JOHNSON,0.989611
2025-04-01,89134,OVV,OVINTIV INC,0.988678
2025-04-01,91234,MWA,MUELLER WATER PRODUCTS INC,0.983376
2025-04-01,90550,DLB,DOLBY LABORATORIES INC,0.980646
2025-04-01,76708,ATGE,ADTALEM GLOBAL EDUCATION INC,0.980252
2025-04-01,77178,QCOM,QUALCOMM INC,0.979248
2025-04-01,85645,INGR,INGREDION INC,0.978748
2025-04-01,93330,PRI,PRIMERICA INC,0.977616
2025-04-01,15056,ADMA,ADMA BIOLOGICS INC,0.972939
2025-04-01,76095,HOLX,HOLOGIC INC,0.971019
2025-04-01,87657,EW,EDWARDS LIFESCIENCES CORP,0.969201
2025-04-01,77496,MHK,MOHAWK INDUSTRIES INC,0.967576
2025-04-01,13862,TMHC,TAYLOR MORRISON HOME CORP,0.961831
2025-04-01,20482,ABT,ABBOTT LABORATORIES,0.957737
2025-04-01,13788,ZTS,ZOETIS INC,0.956825
2025-04-01,75603,CRUS,CIRRUS LOGIC INC,0.952865
2025-04-01,13963,NWSA,NEWS CORP NEW,0.951211
2025-04-01,81282,ACIW,A C I WORLDWIDE INC,0.950542
2025-04-01,91233,MA,MASTERCARD INC,0.94766
2025-04-01,71175,UNM,UNUM GROUP,0.94437
2025-04-01,46463,GFF,GRIFFON CORP,0.939437
2025-04-01,91531,OC,OWENS CORNING NEW,0.928314
2025-04-01,92402,MSCI,M S C I INC,0.917613
2025-04-01,92221,MELI,MERCADOLIBRE INC,0.915986
2025-04-01,12570,ITT,I T T INC,0.913381
2025-04-01,85593,AMG,AFFILIATED MANAGERS GROUP INC,0.887751
2025-04-01,27334,CSL,CARLISLE COMPANIES,0.870444
2025-04-01,76230,TRMB,TRIMBLE INC,0.869499
2025-04-01,13911,IQV,IQVIA HOLDINGS INC,0.86925
2025-04-01,22779,MSI,MOTOROLA SOLUTIONS INC,0.86806
2025-04-01,14406,ESI,ELEMENT SOLUTIONS INC,0.865254
2025-04-01,82307,DVA,DAVITA INC,0.86187
2025-04-01,14318,NMIH,N M I HOLDINGS INC,0.854609
2025-04-01,41355,PH,PARKER HANNIFIN CORP,0.854524
2025-04-01,61313,DCI,DONALDSON INC,0.853416
2025-04-01,84723,LNG,CHENIERE ENERGY INC,0.849276
2025-04-01,76582,DORM,DORMAN PRODUCTS INC,0.848911
2025-04-01,79133,ATR,APTARGROUP INC,0.848124
2025-04-01,90829,CF,C F INDUSTRIES HOLDINGS INC,0.846446
2025-04-01,90708,MORN,MORNINGSTAR INC,0.835837
2025-04-01,85631,ADSK,AUTODESK INC,0.834711
2025-04-01,34032,MAS,MASCO CORP,0.81643
2025-04-01,85072,RL,RALPH LAUREN CORP,0.813807
2025-04-01,90249,ENS,ENERSYS,0.813355
2025-04-01,65306,UNF,UNIFIRST CORP,0.807115
2025-04-01,82694,EME,EMCOR GROUP INC,0.806006
2025-04-01,79686,DECK,DECKERS OUTDOOR CORP,0.798886
2025-04-01,89968,PIPR,PIPER SANDLER COMPANIES,0.785802
2025-04-01,19956,WGS,GENEDX HOLDINGS CORP,0.785305
2025-04-01,90215,CRM,SALESFORCE INC,0.779406
2025-04-01,42439,HNI,H N I CORP,0.777057
2025-04-01,86580,NVDA,NVIDIA CORP,0.772685
2025-04-01,89525,CMCSA,COMCAST CORP NEW,0.771842
2025-04-01,87432,A,AGILENT TECHNOLOGIES INC,0.766132
2025-04-01,11731,AIN,ALBANY INTERNATIONAL CORP NEW,0.765045
2025-04-01,53225,GHC,GRAHAM HOLDINGS CO,0.762049
2025-04-01,54253,MSA,M S A SAFETY INC,0.760195
2025-04-01,85768,IESC,I E S HOLDINGS INC,0.740341
2025-04-01,16260,MEDP,MEDPACE HOLDINGS INC,0.713129
2025-04-01,11581,EPAC,ENERPAC TOOL GROUP CORP,0.711149
2025-04-01,78015,MTX,MINERALS TECHNOLOGIES INC,0.706611
2025-04-01,92293,TDC,TERADATA CORP DE,0.698808
2025-04-01,12981,FBIN,FORTUNE BRANDS INNOVATIONS INC,0.669113
2025-04-01,93132,FTNT,FORTINET INC,0.66245
2025-04-01,83779,PEGA,PEGASYSTEMS INC,0.636573
2025-04-01,18064,FTDR,FRONTDOOR INC,0.636226
2025-04-01,90377,ONTO,ONTO INNOVATION INC,0.587409
2025-04-01,85067,MMS,MAXIMUS INC,0.576952
2025-04-01,93089,VRSK,VERISK ANALYTICS INC,0.573226
2025-04-01,86047,AMKR,AMKOR TECHNOLOGY INC,0.547137
2025-04-01,49680,DHR,DANAHER CORP,0.54027
2025-04-01,13936,PVH,P V H CORP,0.517326
2025-04-01,65541,COO,COOPER COMPANIES INC,0.505509
2025-04-01,42550,NEU,NEWMARKET CORP,0.430387
2025-04-01,83976,ANF,ABERCROMBIE & FITCH CO,0.413029
2025-04-01,13284,ALSN,ALLISON TRANSMISSION HLDGS INC,0.289599
2025-04-01,58246,NTRS,NORTHERN TRUST CORP,0.242967
2025-04-01,86026,IOSP,INNOSPEC INC,0.220891
2025-04-01,13766,BCC,BOISE CASCADE CO,0.215027
2025-04-01,76841,BIIB,BIOGEN INC,0.195564
2025-04-01,48486,LRCX,LAM RESH CORP,0.187725
2025-04-01,20892,COIN,COINBASE GLOBAL INC,0.11004
2025-04-01,16738,AM,ANTERO MIDSTREAM CORP,0.102863
2025-04-01,62092,TMO,THERMO FISHER SCIENTIFIC INC,0.095546
2025-04-01,39538,MAT,MATTEL INC,0.084407
2025-04-01,87137,DVN,DEVON ENERGY CORP NEW,0.059183
2025-04-01,47941,TGNA,TEGNA INC,0.059105
2025-04-01,64282,BBWI,BATH & BODY WORKS INC,0.012451
2025-04-01,21890,BROS,DUTCH BROS INC,-0.007342
2025-04-01,14432,ITCI,INTRA CELLULAR THERAPIES INC,-0.036872
2025-04-01,83443,BRKB,BERKSHIRE HATHAWAY INC DEL,-0.110543
2025-04-01,11404,ED,CONSOLIDATED EDISON INC,-0.119315
2025-04-01,90199,CBRE,C B R E GROUP INC,-0.2326
2025-04-01,63125,AGYS,AGILYSYS INC,-0.268463
2025-04-01,48653,HUM,HUMANA INC,-0.298325
2025-04-01,13908,PFSI,PENNYMAC FINANCIAL SVCS INC NEW,-0.337895
2025-04-01,14988,LBRDK,LIBERTY BROADBAND CORP,-0.389351
2025-04-01,58819,LNT,ALLIANT ENERGY CORP,-0.418195
2025-04-01,59328,INTC,INTEL CORP,-0.428599
2025-04-01,86136,SRE,SEMPRA ENERGY,-0.46249
2025-04-01,85002,SRPT,SAREPTA THERAPEUTICS INC,-0.518195
2025-04-01,16968,MDB,MONGODB INC,-0.534977
2025-04-01,21415,S,SENTINELONE INC,-0.604135
2025-04-01,16381,BL,BLACKLINE INC,-0.604666
2025-04-01,16432,GT,GOODYEAR TIRE & RUBBER CO,-0.604926
2025-04-01,93436,TSLA,TESLA INC,-0.634234
2025-04-01,15119,WK,WORKIVA INC,-0.685407
2025-04-01,19495,DNB,DUN & BRADSTREET HOLDINGS INC,-0.700299
2025-04-01,20657,ACVA,A C V AUCTIONS INC,-0.722803
2025-04-01,10200,RGEN,REPLIGEN CORP,-0.736421
2025-04-01,12473,KNX,KNIGHT SWIFT TRANSPORT HDLGS INC,-0.758806
2025-04-01,84319,LAD,LITHIA MOTORS INC,-0.775885
2025-04-01,76591,QDEL,QUIDELORTHO CORP,-0.776436
2025-04-01,16431,LW,LAMB WESTON HOLDINGS INC,-0.79382
2025-04-01,82547,AEIS,ADVANCED ENERGY INDUSTRIES INC,-0.795673
2025-04-01,87812,SLAB,SILICON LABORATORIES INC,-0.798927
2025-04-01,89031,AXON,AXON ENTERPRISE INC,-0.800385
2025-04-01,21896,TOST,TOAST INC,-0.804538
2025-04-01,64995,KEY,KEYCORP NEW,-0.828255
2025-04-01,20923,,,-0.840392
2025-04-01,14329,ARMK,ARAMARK,-0.840826
2025-04-01,77702,SBUX,STARBUCKS CORP,-0.843566
2025-04-01,89455,RUSHA,RUSH ENTERPRISES INC,-0.85257
2025-04-01,21237,PCOR,PROCORE TECHNOLOGIES INC,-0.85992
2025-04-01,90776,WAL,WESTERN ALLIANCE BANCORPORATION,-0.871782
2025-04-01,89482,BANC,BANC OF CALIFORNIA INC,-0.885759
2025-04-01,21087,PRVA,PRIVIA HEALTH GROUP INC,-0.895654
2025-04-01,91041,LYV,LIVE NATION ENTERTAINMENT INC,-0.896141
2025-04-01,66376,WSO,WATSCO INC,-0.913561
2025-04-01,92729,JBTM,J B T MAREL CORP,-0.923058
2025-04-01,88351,INSM,INSMED INC,-0.932075
2025-04-01,86979,JNPR,JUNIPER NETWORKS INC,-0.936533
2025-04-01,16386,IRTC,IRHYTHM TECHNOLOGIES INC,-0.946829
2025-04-01,87356,TKO,T K O GROUP HOLDINGS INC,-0.980532
2025-04-01,85464,CWST,CASELLA WASTE SYSTEMS INC,-0.992022
2025-04-01,11644,CRK,COMSTOCK RESOURCES INC,-1.0
2025-04-01,12591,APO,APOLLO GLOBAL MANAGEMENT INC NEW,-1.0
2025-04-01,12623,HII,HUNTINGTON INGALLS INDS INC,-1.0
2025-04-01,13511,PANW,PALO ALTO NETWORKS INC,-1.0
2025-04-01,14179,AR,ANTERO RESOURCES CORP,-1.0
2025-04-01,14401,OGS,ONE GAS INC,-1.0
2025-04-01,14436,RARE,ULTRAGENYX PHARMACEUTICALS INC,-1.0
2025-04-01,14472,VRNS,VARONIS SYSTEMS INC,-1.0
2025-04-01,14811,FWONK,LIBERTY MEDIA CORP 3RD NEW,-1.0
2025-04-01,15284,BPMC,BLUEPRINT MEDICINES CORP,-1.0
2025-04-01,15293,NEXT,NEXTDECADE CORP,-1.0
2025-04-01,15535,OLLI,OLLIES BARGAIN OUTLET HLD INC,-1.0
2025-04-01,15831,AXSM,AXSOME THERAPEUTICS INC,-1.0
2025-04-01,16680,QXO,Q X O INC,-1.0
2025-04-01,17000,RYTM,RHYTHM PHARMACEUTICALS INC,-1.0
2025-04-01,17341,ZS,ZSCALER INC,-1.0
2025-04-01,17801,ROAD,CONSTRUCTION PARTNERS INC,-1.0
2025-04-01,17864,BJ,B J S WHOLESALE CLUB HLDGS INC,-1.0
2025-04-01,17959,CRNX,CRINETICS PHARMACEUTICALS INC,-1.0
2025-04-01,18772,AKRO,AKERO THERAPEUTICS INC,-1.0
2025-04-01,18776,IMVT,IMMUNOVANT INC,-1.0
2025-04-01,18835,DKNG,DRAFTKINGS INC,-1.0
2025-04-01,19002,BWIN,BALDWIN INSURANCE GROUP INC,-1.0
2025-04-01,19201,RVMD,REVOLUTION MEDICINES INC,-1.0
2025-04-01,19484,PCVX,VAXCYTE INC,-1.0
2025-04-01,19506,VERX,VERTEX INC,-1.0
2025-04-01,19561,BA,BOEING CO,-1.0
2025-04-01,19655,STEP,STEPSTONE GROUP INC,-1.0
2025-04-01,19849,SMMT,SUMMIT THERAPEUTICS INC,-1.0
2025-04-01,20126,JOBY,JOBY AVIATION INC,-1.0
2025-04-01,20583,EXE,EXPAND ENERGY CORP,-1.0
2025-04-01,20791,EWTX,EDGEWISE THERAPEUTICS INC,-1.0
2025-04-01,20930,SOC,SABLE OFFSHORE CORP,-1.0
2025-04-01,21352,FA,FIRST ADVANTAGE CORP,-1.0
2025-04-01,21559,INTA,INTAPP INC,-1.0
2025-04-01,21573,IP,INTERNATIONAL PAPER CO,-1.0
2025-04-01,21747,NUVL,NUVALENT INC,-1.0
2025-04-01,21792,CNP,CENTERPOINT ENERGY INC,-1.0
2025-04-01,21927,DJT,TRUMP MEDIA & TECH GRP CORP,-1.0
2025-04-01,22618,TPG,T P G INC,-1.0
2025-04-01,24328,EQT,E Q T CORP,-1.0
2025-04-01,25320,CPB,CAMPBELLS CO,-1.0
2025-04-01,27887,BAX,BAXTER INTERNATIONAL INC,-1.0
2025-04-01,42585,SJM,SMUCKER J M CO,-1.0
2025-04-01,50017,RRC,RANGE RESOURCES CORP,-1.0
2025-04-01,54594,AIR,A A R CORP,-1.0
2025-04-01,55511,TXNM,T X N M ENERGY INC,-1.0
2025-04-01,58683,LUV,SOUTHWEST AIRLINES CO,-1.0
2025-04-01,63773,TDS,TELEPHONE & DATA SYSTEMS INC,-1.0
2025-04-01,66384,WDC,WESTERN DIGITAL CORP,-1.0
2025-04-01,76644,X,UNITED STATES STEEL CORP NEW,-1.0
2025-04-01,76661,IONS,IONIS PHARMACEUTICALS INC,-1.0
2025-04-01,77520,AGCO,A G C O CORP,-1.0
2025-04-01,80286,TSCO,TRACTOR SUPPLY CO NEW,-1.0
2025-04-01,80924,SIRI,SIRIUS X M HOLDINGS INC NEW,-1.0
2025-04-01,81655,DRI,DARDEN RESTAURANTS INC,-1.0
2025-04-01,84385,NSP,INSPERITY INC,-1.0
2025-04-01,84761,TTWO,TAKE TWO INTERACTIVE SOFTWR INC,-1.0
2025-04-01,86288,CSGP,COSTAR GROUP INC,-1.0
2025-04-01,87430,KTOS,KRATOS DEFENSE & SECUR SOLS INC,-1.0
2025-04-01,88863,EXAS,EXACT SCIENCES CORP,-1.0
2025-04-01,89297,CCOI,COGENT COMMUNICATIONS HLDS INC,-1.0
2025-04-01,89301,GME,GAMESTOP CORP NEW,-1.0
2025-04-01,90178,ALNY,ALNYLAM PHARMACEUTICALS INC,-1.0
2025-04-01,90444,ORA,ORMAT TECHNOLOGIES INC,-1.0
2025-04-01,90520,CE,CELANESE CORP DEL,-1.0
2025-04-01,91594,SPR,SPIRIT AEROSYSTEMS HOLDINGS INC,-1.0
2025-04-01,91612,GSAT,GLOBALSTAR INC,-1.0
2025-04-01,92220,MASI,MASIMO CORP,-1.0
2025-05-01,10693,EHC,ENCOMPASS HEALTH CORP,1.0
2025-05-01,11995,COKE,COCA COLA CONSOLIDATED INC,1.0
2025-05-01,12570,ITT,I T T INC,1.0
2025-05-01,13046,UI,UBIQUITI INC,1.0
2025-05-01,14593,AAPL,APPLE INC,1.0
2025-05-01,15056,ADMA,ADMA BIOLOGICS INC,1.0
2025-05-01,17223,ADT,A D T INC,1.0
2025-05-01,17332,VCTR,VICTORY CAPITAL HOLDINGS INC,1.0
2025-05-01,18183,,,1.0
2025-05-01,21903,SLVM,SYLVAMO CORP,1.0
2025-05-01,46886,KLAC,K L A CORP,1.0
2025-05-01,47941,TGNA,TEGNA INC,1.0
2025-05-01,48486,LRCX,LAM RESH CORP,1.0
2025-05-01,59619,SXT,SENSIENT TECHNOLOGIES CORP,1.0
2025-05-01,75510,ADBE,ADOBE INC,1.0
2025-05-01,76708,ATGE,ADTALEM GLOBAL EDUCATION INC,1.0
2025-05-01,77178,QCOM,QUALCOMM INC,1.0
2025-05-01,79758,BYD,BOYD GAMING CORP,1.0
2025-05-01,80128,VMI,VALMONT INDUSTRIES INC,1.0
2025-05-01,83779,PEGA,PEGASYSTEMS INC,1.0
2025-05-01,85621,MTD,METTLER TOLEDO INTERNATIONAL INC,1.0
2025-05-01,85753,VRSN,VERISIGN INC,1.0
2025-05-01,87657,EW,EDWARDS LIFESCIENCES CORP,1.0
2025-05-01,89916,NXST,NEXSTAR MEDIA GROUP INC,1.0
2025-05-01,89968,PIPR,PIPER SANDLER COMPANIES,1.0
2025-05-01,90319,GOOGL,ALPHABET INC,1.0
2025-05-01,90377,ONTO,ONTO INNOVATION INC,1.0
2025-05-01,90409,HURN,HURON CONSULTING GROUP INC,1.0
2025-05-01,91080,HEES,H & E EQUIPMENT SERVICES INC,1.0
2025-05-01,91234,MWA,MUELLER WATER PRODUCTS INC,1.0
2025-05-01,91516,AWI,ARMSTRONG WORLD INDS INC NEW,1.0
2025-05-01,92221,MELI,MERCADOLIBRE INC,1.0
2025-05-01,92852,LOPE,GRAND CANYON EDUCATION INC,1.0
2025-05-01,12622,HCA,H C A HEALTHCARE INC,0.995105
2025-05-01,18973,BRC,BRADY CORP,0.995022
2025-05-01,54148,PHM,PULTE GROUP INC,0.988402
2025-05-01,82775,HIG,HARTFORD INSURANCE GROUP INC,0.98618
2025-05-01,13901,MO,ALTRIA GROUP INC,0.98197
2025-05-01,90880,AMP,AMERIPRISE FINANCIAL INC,0.969426
2025-05-01,27334,CSL,CARLISLE COMPANIES,0.967015
2025-05-01,85645,INGR,INGREDION INC,0.963645
2025-05-01,13407,META,META PLATFORMS INC,0.948995
2025-05-01,22752,MRK,MERCK & CO INC NEW,0.945663
2025-05-01,91233,MA,MASTERCARD INC,0.945604
2025-05-01,20482,ABT,ABBOTT LABORATORIES,0.945046
2025-05-01,13963,NWSA,NEWS CORP NEW,0.944354
2025-05-01,91531,OC,OWENS CORNING NEW,0.941867
2025-05-01,62308,GL,GLOBE LIFE INC,0.934828
2025-05-01,56223,LPX,LOUISIANA PACIFIC CORP,0.934821
2025-05-01,90550,DLB,DOLBY LABORATORIES INC,0.934198
2025-05-01,79637,UHS,UNIVERSAL HEALTH SERVICES INC,0.930287
2025-05-01,22111,JNJ,JOHNSON & JOHNSON,0.929244
2025-05-01,65307,RPM,R P M INTERNATIONAL INC,0.923832
2025-05-01,81282,ACIW,A C I WORLDWIDE INC,0.923726
2025-05-01,13862,TMHC,TAYLOR MORRISON HOME CORP,0.915337
2025-05-01,75603,CRUS,CIRRUS LOGIC INC,0.914931
2025-05-01,76095,HOLX,HOLOGIC INC,0.911466
2025-05-01,82702,AMRX,AMNEAL PHARMACEUTICALS INC,0.910546
2025-05-01,13788,ZTS,ZOETIS INC,0.908594
2025-05-01,71175,UNM,UNUM GROUP,0.901796
2025-05-01,93312,SSNC,S S & C TECHNOLOGIES HLDGS INC,0.901529
2025-05-01,77496,MHK,MOHAWK INDUSTRIES INC,0.897803
2025-05-01,93330,PRI,PRIMERICA INC,0.89699
2025-05-01,12373,HHH,HOWARD HUGHES HOLDINGS INC,0.894548
2025-05-01,46463,GFF,GRIFFON CORP,0.891575
2025-05-01,92402,MSCI,M S C I INC,0.881282
2025-05-01,85768,IESC,I E S HOLDINGS INC,0.879281
2025-05-01,85593,AMG,AFFILIATED MANAGERS GROUP INC,0.871933
2025-05-01,82694,EME,EMCOR GROUP INC,0.871484
2025-05-01,85631,ADSK,AUTODESK INC,0.871455
2025-05-01,22779,MSI,MOTOROLA SOLUTIONS INC,0.870107
2025-05-01,14318,NMIH,N M I HOLDINGS INC,0.854433
2025-05-01,79133,ATR,APTARGROUP INC,0.8541
2025-05-01,11691,MATX,MATSON INC,0.8476
2025-05-01,41355,PH,PARKER HANNIFIN CORP,0.847581
2025-05-01,90829,CF,C F INDUSTRIES HOLDINGS INC,0.845837
2025-05-01,84723,LNG,CHENIERE ENERGY INC,0.84521
2025-05-01,61313,DCI,DONALDSON INC,0.833473
2025-05-01,85072,RL,RALPH LAUREN CORP,0.826451
2025-05-01,65306,UNF,UNIFIRST CORP,0.824997
2025-05-01,76230,TRMB,TRIMBLE INC,0.819938
2025-05-01,54253,MSA,M S A SAFETY INC,0.813114
2025-05-01,76582,DORM,DORMAN PRODUCTS INC,0.794922
2025-05-01,82307,DVA,DAVITA INC,0.79448
2025-05-01,90708,MORN,MORNINGSTAR INC,0.791997
2025-05-01,79686,DECK,DECKERS OUTDOOR CORP,0.78906
2025-05-01,90215,CRM,SALESFORCE INC,0.77894
2025-05-01,14406,ESI,ELEMENT SOLUTIONS INC,0.778004
2025-05-01,86580,NVDA,NVIDIA CORP,0.773803
2025-05-01,89134,OVV,OVINTIV INC,0.772201
2025-05-01,90249,ENS,ENERSYS,0.766251
2025-05-01,13911,IQV,IQVIA HOLDINGS INC,0.761502
2025-05-01,77274,GILD,GILEAD SCIENCES INC,0.743698
2025-05-01,53225,GHC,GRAHAM HOLDINGS CO,0.728436
2025-05-01,11731,AIN,ALBANY INTERNATIONAL CORP NEW,0.725994
2025-05-01,16260,MEDP,MEDPACE HOLDINGS INC,0.719268
2025-05-01,89525,CMCSA,COMCAST CORP NEW,0.719086
2025-05-01,93132,FTNT,FORTINET INC,0.711722
2025-05-01,34032,MAS,MASCO CORP,0.708702
2025-05-01,87432,A,AGILENT TECHNOLOGIES INC,0.703524
2025-05-01,18064,FTDR,FRONTDOOR INC,0.678523
2025-05-01,92293,TDC,TERADATA CORP DE,0.665874
2025-05-01,11581,EPAC,ENERPAC TOOL GROUP CORP,0.637457
2025-05-01,12981,FBIN,FORTUNE BRANDS INNOVATIONS INC,0.589154
2025-05-01,93089,VRSK,VERISK ANALYTICS INC,0.568908
2025-05-01,85067,MMS,MAXIMUS INC,0.564505
2025-05-01,13936,PVH,P V H CORP,0.550231
2025-05-01,86047,AMKR,AMKOR TECHNOLOGY INC,0.526723
2025-05-01,49680,DHR,DANAHER CORP,0.523416
2025-05-01,65541,COO,COOPER COMPANIES INC,0.487661
2025-05-01,42550,NEU,NEWMARKET CORP,0.465981
2025-05-01,83601,WOR,WORTHINGTON ENTERPRISES INC,0.450561
2025-05-01,93002,AVGO,BROADCOM INC,0.394223
2025-05-01,83976,ANF,ABERCROMBIE & FITCH CO,0.373982
2025-05-01,13284,ALSN,ALLISON TRANSMISSION HLDGS INC,0.278193
2025-05-01,58246,NTRS,NORTHERN TRUST CORP,0.230607
2025-05-01,86026,IOSP,INNOSPEC INC,0.207825
2025-05-01,13766,BCC,BOISE CASCADE CO,0.203723
2025-05-01,76841,BIIB,BIOGEN INC,0.17235
2025-05-01,20892,COIN,COINBASE GLOBAL INC,0.12924
2025-05-01,16738,AM,ANTERO MIDSTREAM CORP,0.09549
2025-05-01,62092,TMO,THERMO FISHER SCIENTIFIC INC,0.082036
2025-05-01,39538,MAT,MATTEL INC,0.06873
2025-05-01,87137,DVN,DEVON ENERGY CORP NEW,0.047912
2025-05-01,64282,BBWI,BATH & BODY WORKS INC,0.012485
2025-05-01,91204,POR,PORTLAND GENERAL ELECTRIC CO,-0.001675
2025-05-01,21890,BROS,DUTCH BROS INC,-0.007078
2025-05-01,83443,BRKB,BERKSHIRE HATHAWAY INC DEL,-0.110292
2025-05-01,11404,ED,CONSOLIDATED EDISON INC,-0.121224
2025-05-01,82547,AEIS,ADVANCED ENERGY INDUSTRIES INC,-0.139537
2025-05-01,90199,CBRE,C B R E GROUP INC,-0.216483
2025-05-01,63125,AGYS,AGILYSYS INC,-0.274213
2025-05-01,48653,HUM,HUMANA INC,-0.29461
2025-05-01,13908,PFSI,PENNYMAC FINANCIAL SVCS INC NEW,-0.327689
2025-05-01,59328,INTC,INTEL CORP,-0.377826
2025-05-01,58819,LNT,ALLIANT ENERGY CORP,-0.398504
2025-05-01,14988,LBRDK,LIBERTY BROADBAND CORP,-0.412421
2025-05-01,86136,SRE,SEMPRA ENERGY,-0.479715
2025-05-01,85002,SRPT,SAREPTA THERAPEUTICS INC,-0.504833
2025-05-01,16968,MDB,MONGODB INC,-0.523235
2025-05-01,16381,BL,BLACKLINE INC,-0.587668
2025-05-01,21415,S,SENTINELONE INC,-0.612634
2025-05-01,15119,WK,WORKIVA INC,-0.677206
2025-05-01,12473,KNX,KNIGHT SWIFT TRANSPORT HDLGS INC,-0.680749
2025-05-01,77702,SBUX,STARBUCKS CORP,-0.685441
2025-05-01,93436,TSLA,TESLA INC,-0.688279
2025-05-01,16432,GT,GOODYEAR TIRE & RUBBER CO,-0.710155
2025-05-01,87812,SLAB,SILICON LABORATORIES INC,-0.719383
2025-05-01,64995,KEY,KEYCORP NEW,-0.765759
2025-05-01,90520,CE,CELANESE CORP DEL,-0.781043
2025-05-01,16431,LW,LAMB WESTON HOLDINGS INC,-0.783716
2025-05-01,90776,WAL,WESTERN ALLIANCE BANCORPORATION,-0.787911
2025-05-01,92729,JBTM,J B T MAREL CORP,-0.791836
2025-05-01,10200,RGEN,REPLIGEN CORP,-0.796035
2025-05-01,14329,ARMK,ARAMARK,-0.811304
2025-05-01,58683,LUV,SOUTHWEST AIRLINES CO,-0.829103
2025-05-01,21237,PCOR,PROCORE TECHNOLOGIES INC,-0.831741
2025-05-01,50017,RRC,RANGE RESOURCES CORP,-0.846202
2025-05-01,14179,AR,ANTERO RESOURCES CORP,-0.857741
2025-05-01,21896,TOST,TOAST INC,-0.860148
2025-05-01,11644,CRK,COMSTOCK RESOURCES INC,-0.894695
2025-05-01,66376,WSO,WATSCO INC,-0.900766
2025-05-01,91041,LYV,LIVE NATION ENTERTAINMENT INC,-0.905807
2025-05-01,15535,OLLI,OLLIES BARGAIN OUTLET HLD INC,-0.908376
2025-05-01,80286,TSCO,TRACTOR SUPPLY CO NEW,-0.915158
2025-05-01,91612,GSAT,GLOBALSTAR INC,-0.917846
2025-05-01,25320,CPB,CAMPBELLS CO,-0.918737
2025-05-01,24328,EQT,E Q T CORP,-0.921788
2025-05-01,84319,LAD,LITHIA MOTORS INC,-0.929334
2025-05-01,20583,EXE,EXPAND ENERGY CORP,-0.92981
2025-05-01,89031,AXON,AXON ENTERPRISE INC,-0.930484
2025-05-01,21087,PRVA,PRIVIA HEALTH GROUP INC,-0.93358
2025-05-01,86979,JNPR,JUNIPER NETWORKS INC,-0.936586
2025-05-01,80924,SIRI,SIRIUS X M HOLDINGS INC NEW,-0.946565
2025-05-01,16386,IRTC,IRHYTHM TECHNOLOGIES INC,-0.963471
2025-05-01,63773,TDS,TELEPHONE & DATA SYSTEMS INC,-0.964199
2025-05-01,81655,DRI,DARDEN RESTAURANTS INC,-0.969235
2025-05-01,90178,ALNY,ALNYLAM PHARMACEUTICALS INC,-0.971356
2025-05-01,91575,HRI,HERC HOLDINGS INC,-0.974134
2025-05-01,22618,TPG,T P G INC,-0.975803
2025-05-01,55511,TXNM,T X N M ENERGY INC,-0.998882
2025-05-01,12591,APO,APOLLO GLOBAL MANAGEMENT INC NEW,-1.0
2025-05-01,12623,HII,HUNTINGTON INGALLS INDS INC,-1.0
2025-05-01,13181,GWRE,GUIDEWIRE SOFTWARE INC,-1.0
2025-05-01,13511,PANW,PALO ALTO NETWORKS INC,-1.0
2025-05-01,14401,OGS,ONE GAS INC,-1.0
2025-05-01,14432,,,-1.0
2025-05-01,14436,RARE,ULTRAGENYX PHARMACEUTICALS INC,-1.0
2025-05-01,14472,VRNS,VARONIS SYSTEMS INC,-1.0
2025-05-01,14811,FWONK,LIBERTY MEDIA CORP 3RD NEW,-1.0
2025-05-01,15284,BPMC,BLUEPRINT MEDICINES CORP,-1.0
2025-05-01,15831,AXSM,AXSOME THERAPEUTICS INC,-1.0
2025-05-01,16673,KNTK,KINETIK HOLDINGS INC,-1.0
2025-05-01,16680,QXO,Q X O INC,-1.0
2025-05-01,17000,RYTM,RHYTHM PHARMACEUTICALS INC,-1.0
2025-05-01,17125,DNLI,DENALI THERAPEUTICS INC,-1.0
2025-05-01,17341,ZS,ZSCALER INC,-1.0
2025-05-01,17801,ROAD,CONSTRUCTION PARTNERS INC,-1.0
2025-05-01,17864,BJ,B J S WHOLESALE CLUB HLDGS INC,-1.0
2025-05-01,18428,DOW,DOW INC,-1.0
2025-05-01,18772,AKRO,AKERO THERAPEUTICS INC,-1.0
2025-05-01,18835,DKNG,DRAFTKINGS INC,-1.0
2025-05-01,19002,BWIN,BALDWIN INSURANCE GROUP INC,-1.0
2025-05-01,19201,RVMD,REVOLUTION MEDICINES INC,-1.0
2025-05-01,19484,PCVX,VAXCYTE INC,-1.0
2025-05-01,19506,VERX,VERTEX INC,-1.0
2025-05-01,19561,BA,BOEING CO,-1.0
2025-05-01,19655,STEP,STEPSTONE GROUP INC,-1.0
2025-05-01,19849,SMMT,SUMMIT THERAPEUTICS INC,-1.0
2025-05-01,19854,EBC,EASTERN BANKSHARES INC,-1.0
2025-05-01,20126,JOBY,JOBY AVIATION INC,-1.0
2025-05-01,20657,ACVA,A C V AUCTIONS INC,-1.0
2025-05-01,21352,FA,FIRST ADVANTAGE CORP,-1.0
2025-05-01,21559,INTA,INTAPP INC,-1.0
2025-05-01,21573,IP,INTERNATIONAL PAPER CO,-1.0
2025-05-01,21747,NUVL,NUVALENT INC,-1.0
2025-05-01,21792,CNP,CENTERPOINT ENERGY INC,-1.0
2025-05-01,21927,DJT,TRUMP MEDIA & TECH GRP CORP,-1.0
2025-05-01,27887,BAX,BAXTER INTERNATIONAL INC,-1.0
2025-05-01,42585,SJM,SMUCKER J M CO,-1.0
2025-05-01,66384,WDC,WESTERN DIGITAL CORP,-1.0
2025-05-01,76644,X,UNITED STATES STEEL CORP NEW,-1.0
2025-05-01,76661,IONS,IONIS PHARMACEUTICALS INC,-1.0
2025-05-01,77520,AGCO,A G C O CORP,-1.0
2025-05-01,81540,COR,CENCORA INC,-1.0
2025-05-01,84385,NSP,INSPERITY INC,-1.0
2025-05-01,84389,SSB,SOUTHSTATE CORP,-1.0
2025-05-01,84761,TTWO,TAKE TWO INTERACTIVE SOFTWR INC,-1.0
2025-05-01,85464,CWST,CASELLA WASTE SYSTEMS INC,-1.0
2025-05-01,86288,CSGP,COSTAR GROUP INC,-1.0
2025-05-01,87356,TKO,T K O GROUP HOLDINGS INC,-1.0
2025-05-01,87430,KTOS,KRATOS DEFENSE & SECUR SOLS INC,-1.0
2025-05-01,88351,INSM,INSMED INC,-1.0
2025-05-01,88615,ITGR,INTEGER HOLDINGS CORP,-1.0
2025-05-01,88863,EXAS,EXACT SCIENCES CORP,-1.0
2025-05-01,89297,CCOI,COGENT COMMUNICATIONS HLDS INC,-1.0
2025-05-01,90175,XPO,X P O INC,-1.0
2025-05-01,90444,ORA,ORMAT TECHNOLOGIES INC,-1.0
2025-05-01,91594,SPR,SPIRIT AEROSYSTEMS HOLDINGS INC,-1.0
2025-05-01,91611,FSLR,FIRST SOLAR INC,-1.0
2025-05-01,92220,MASI,MASIMO CORP,-1.0
2025-05-01,92469,SATS,ECHOSTAR CORP,-1.0
2025-06-01,10693,EHC,ENCOMPASS HEALTH CORP,1.0
2025-06-01,11691,MATX,MATSON INC,1.0
2025-06-01,12570,ITT,I T T INC,1.0
2025-06-01,12622,HCA,H C A HEALTHCARE INC,1.0
2025-06-01,13046,UI,UBIQUITI INC,1.0
2025-06-01,13407,META,META PLATFORMS INC,1.0
2025-06-01,13901,MO,ALTRIA GROUP INC,1.0
2025-06-01,14593,AAPL,APPLE INC,1.0
2025-06-01,15623,HLI,HOULIHAN LOKEY INC,1.0
2025-06-01,17223,ADT,A D T INC,1.0
2025-06-01,17332,VCTR,VICTORY CAPITAL HOLDINGS INC,1.0
2025-06-01,21207,NEM,NEWMONT CORP,1.0
2025-06-01,21903,SLVM,SYLVAMO CORP,1.0
2025-06-01,46886,KLAC,K L A CORP,1.0
2025-06-01,47941,TGNA,TEGNA INC,1.0
2025-06-01,48486,LRCX,LAM RESH CORP,1.0
2025-06-01,56223,LPX,LOUISIANA PACIFIC CORP,1.0
2025-06-01,59619,SXT,SENSIENT TECHNOLOGIES CORP,1.0
2025-06-01,64282,BBWI,BATH & BODY WORKS INC,1.0
2025-06-01,75510,ADBE,ADOBE INC,1.0
2025-06-01,75603,CRUS,CIRRUS LOGIC INC,1.0
2025-06-01,76708,ATGE,ADTALEM GLOBAL EDUCATION INC,1.0
2025-06-01,79758,BYD,BOYD GAMING CORP,1.0
2025-06-01,80128,VMI,VALMONT INDUSTRIES INC,1.0
2025-06-01,81282,ACIW,A C I WORLDWIDE INC,1.0
2025-06-01,82694,EME,EMCOR GROUP INC,1.0
2025-06-01,82775,HIG,HARTFORD INSURANCE GROUP INC,1.0
2025-06-01,83779,PEGA,PEGASYSTEMS INC,1.0
2025-06-01,85072,RL,RALPH LAUREN CORP,1.0
2025-06-01,85621,MTD,METTLER TOLEDO INTERNATIONAL INC,1.0
2025-06-01,85645,INGR,INGREDION INC,1.0
2025-06-01,85768,IESC,I E S HOLDINGS INC,1.0
2025-06-01,86102,FHI,FEDERATED HERMES INC,1.0
2025-06-01,87657,EW,EDWARDS LIFESCIENCES CORP,1.0
2025-06-01,89916,NXST,NEXSTAR MEDIA GROUP INC,1.0
2025-06-01,89968,PIPR,PIPER SANDLER COMPANIES,1.0
2025-06-01,90319,GOOGL,ALPHABET INC,1.0
2025-06-01,90409,HURN,HURON CONSULTING GROUP INC,1.0
2025-06-01,91080,HEES,H & E EQUIPMENT SERVICES INC,1.0
2025-06-01,91233,MA,MASTERCARD INC,1.0
2025-06-01,91516,AWI,ARMSTRONG WORLD INDS INC NEW,1.0
2025-06-01,92221,MELI,MERCADOLIBRE INC,1.0
2025-06-01,92852,LOPE,GRAND CANYON EDUCATION INC,1.0
2025-06-01,79637,UHS,UNIVERSAL HEALTH SERVICES INC,0.996563
2025-06-01,18973,BRC,BRADY CORP,0.983923
2025-06-01,65307,RPM,R P M INTERNATIONAL INC,0.981719
2025-06-01,90829,CF,C F INDUSTRIES HOLDINGS INC,0.98152
2025-06-01,13963,NWSA,NEWS CORP NEW,0.979806
2025-06-01,13788,ZTS,ZOETIS INC,0.97623
2025-06-01,77178,QCOM,QUALCOMM INC,0.974284
2025-06-01,76095,HOLX,HOLOGIC INC,0.970216
2025-06-01,27334,CSL,CARLISLE COMPANIES,0.967552
2025-06-01,85753,VRSN,VERISIGN INC,0.96467
2025-06-01,20482,ABT,ABBOTT LABORATORIES,0.96195
2025-06-01,93312,SSNC,S S & C TECHNOLOGIES HLDGS INC,0.960271
2025-06-01,86580,NVDA,NVIDIA CORP,0.9571
2025-06-01,71175,UNM,UNUM GROUP,0.945437
2025-06-01,54148,PHM,PULTE GROUP INC,0.940847
2025-06-01,85631,ADSK,AUTODESK INC,0.937675
2025-06-01,76230,TRMB,TRIMBLE INC,0.937327
2025-06-01,14318,NMIH,N M I HOLDINGS INC,0.935084
2025-06-01,91234,MWA,MUELLER WATER PRODUCTS INC,0.933541
2025-06-01,41355,PH,PARKER HANNIFIN CORP,0.93053
2025-06-01,22111,JNJ,JOHNSON & JOHNSON,0.927041
2025-06-01,93330,PRI,PRIMERICA INC,0.926403
2025-06-01,85593,AMG,AFFILIATED MANAGERS GROUP INC,0.9233
2025-06-01,62308,GL,GLOBE LIFE INC,0.920175
2025-06-01,12373,HHH,HOWARD HUGHES HOLDINGS INC,0.915121
2025-06-01,92402,MSCI,M S C I INC,0.911412
2025-06-01,18064,FTDR,FRONTDOOR INC,0.905394
2025-06-01,76582,DORM,DORMAN PRODUCTS INC,0.904263
2025-06-01,90550,DLB,DOLBY LABORATORIES INC,0.903751
2025-06-01,79133,ATR,APTARGROUP INC,0.901759
2025-06-01,46463,GFF,GRIFFON CORP,0.898959
2025-06-01,13862,TMHC,TAYLOR MORRISON HOME CORP,0.89482
2025-06-01,90377,ONTO,ONTO INNOVATION INC,0.888205
2025-06-01,65306,UNF,UNIFIRST CORP,0.868539
2025-06-01,82702,AMRX,AMNEAL PHARMACEUTICALS INC,0.86671
2025-06-01,84723,LNG,CHENIERE ENERGY INC,0.865392
2025-06-01,91531,OC,OWENS CORNING NEW,0.864098
2025-06-01,90708,MORN,MORNINGSTAR INC,0.854948
2025-06-01,22752,MRK,MERCK & CO INC NEW,0.84932
2025-06-01,77496,MHK,MOHAWK INDUSTRIES INC,0.845973
2025-06-01,11995,COKE,COCA COLA CONSOLIDATED INC,0.841863
2025-06-01,54253,MSA,M S A SAFETY INC,0.84154
2025-06-01,15056,ADMA,ADMA BIOLOGICS INC,0.829856
2025-06-01,22779,MSI,MOTOROLA SOLUTIONS INC,0.817424
2025-06-01,14406,ESI,ELEMENT SOLUTIONS INC,0.812057
2025-06-01,90215,CRM,SALESFORCE INC,0.766331
2025-06-01,77274,GILD,GILEAD SCIENCES INC,0.765614
2025-06-01,82307,DVA,DAVITA INC,0.761804
2025-06-01,53225,GHC,GRAHAM HOLDINGS CO,0.752903
2025-06-01,90249,ENS,ENERSYS,0.737092
2025-06-01,34032,MAS,MASCO CORP,0.730866
2025-06-01,87432,A,AGILENT TECHNOLOGIES INC,0.729126
2025-06-01,89525,CMCSA,COMCAST CORP NEW,0.724164
2025-06-01,93132,FTNT,FORTINET INC,0.695466
2025-06-01,13911,IQV,IQVIA HOLDINGS INC,0.686258
2025-06-01,92293,TDC,TERADATA CORP DE,0.677618
2025-06-01,11581,EPAC,ENERPAC TOOL GROUP CORP,0.674696
2025-06-01,93089,VRSK,VERISK ANALYTICS INC,0.60076
2025-06-01,76478,ESE,E S C O TECHNOLOGIES INC,0.575555
2025-06-01,12981,FBIN,FORTUNE BRANDS INNOVATIONS INC,0.552177
2025-06-01,86047,AMKR,AMKOR TECHNOLOGY INC,0.541949
2025-06-01,89134,OVV,OVINTIV INC,0.528096
2025-06-01,83601,WOR,WORTHINGTON ENTERPRISES INC,0.522553
2025-06-01,49680,DHR,DANAHER CORP,0.496688
2025-06-01,93002,AVGO,BROADCOM INC,0.494333
2025-06-01,42550,NEU,NEWMARKET CORP,0.486011
2025-06-01,13967,PTCT,P T C THERAPEUTICS INC,0.385409
2025-06-01,13284,ALSN,ALLISON TRANSMISSION HLDGS INC,0.311962
2025-06-01,16816,BHF,BRIGHTHOUSE FINANCIAL INC,0.304681
2025-06-01,58246,NTRS,NORTHERN TRUST CORP,0.261051
2025-06-01,86026,IOSP,INNOSPEC INC,0.198704
2025-06-01,13766,BCC,BOISE CASCADE CO,0.18898
2025-06-01,76841,BIIB,BIOGEN INC,0.1841
2025-06-01,20892,COIN,COINBASE GLOBAL INC,0.15661
2025-06-01,16738,AM,ANTERO MIDSTREAM CORP,0.107997
2025-06-01,39538,MAT,MATTEL INC,0.081664
2025-06-01,62092,TMO,THERMO FISHER SCIENTIFIC INC,0.076721
2025-06-01,87137,DVN,DEVON ENERGY CORP NEW,0.047496
2025-06-01,91204,POR,PORTLAND GENERAL ELECTRIC CO,-0.00168
2025-06-01,21890,BROS,DUTCH BROS INC,-0.008528
2025-06-01,11404,ED,CONSOLIDATED EDISON INC,-0.11285
2025-06-01,90199,CBRE,C B R E GROUP INC,-0.220701
2025-06-01,85002,SRPT,SAREPTA THERAPEUTICS INC,-0.302298
2025-06-01,13908,PFSI,PENNYMAC FINANCIAL SVCS INC NEW,-0.322596
2025-06-01,59328,INTC,INTEL CORP,-0.366068
2025-06-01,63125,AGYS,AGILYSYS INC,-0.38958
2025-06-01,14988,LBRDK,LIBERTY BROADBAND CORP,-0.42643
2025-06-01,86136,SRE,SEMPRA ENERGY,-0.505816
2025-06-01,16968,MDB,MONGODB INC,-0.5719
2025-06-01,15119,WK,WORKIVA INC,-0.602865
2025-06-01,16673,KNTK,KINETIK HOLDINGS INC,-0.603457
2025-06-01,21605,RYAN,RYAN SPECIALTY HOLDINGS INC,-0.670415
2025-06-01,16263,PTGX,PROTAGONIST THERAPEUTICS INC,-0.671817
2025-06-01,10200,RGEN,REPLIGEN CORP,-0.67813
2025-06-01,77702,SBUX,STARBUCKS CORP,-0.721385
2025-06-01,16432,GT,GOODYEAR TIRE & RUBBER CO,-0.742081
2025-06-01,12473,KNX,KNIGHT SWIFT TRANSPORT HDLGS INC,-0.767695
2025-06-01,90776,WAL,WESTERN ALLIANCE BANCORPORATION,-0.819436
2025-06-01,64995,KEY,KEYCORP NEW,-0.826161
2025-06-01,16431,LW,LAMB WESTON HOLDINGS INC,-0.830794
2025-06-01,93436,TSLA,TESLA INC,-0.842542
2025-06-01,87812,SLAB,SILICON LABORATORIES INC,-0.849373
2025-06-01,25320,CPB,CAMPBELLS CO,-0.854305
2025-06-01,92729,JBTM,J B T MAREL CORP,-0.861432
2025-06-01,66376,WSO,WATSCO INC,-0.865511
2025-06-01,21237,PCOR,PROCORE TECHNOLOGIES INC,-0.868587
2025-06-01,80286,TSCO,TRACTOR SUPPLY CO NEW,-0.875686
2025-06-01,91612,GSAT,GLOBALSTAR INC,-0.878104
2025-06-01,63773,TDS,TELEPHONE & DATA SYSTEMS INC,-0.880076
2025-06-01,21087,PRVA,PRIVIA HEALTH GROUP INC,-0.901446
2025-06-01,86979,JNPR,JUNIPER NETWORKS INC,-0.92301
2025-06-01,90520,CE,CELANESE CORP DEL,-0.924104
2025-06-01,18428,DOW,DOW INC,-0.925959
2025-06-01,91041,LYV,LIVE NATION ENTERTAINMENT INC,-0.93482
2025-06-01,88615,ITGR,INTEGER HOLDINGS CORP,-0.936469
2025-06-01,50017,RRC,RANGE RESOURCES CORP,-0.945525
2025-06-01,15535,OLLI,OLLIES BARGAIN OUTLET HLD INC,-0.950677
2025-06-01,14401,OGS,ONE GAS INC,-0.956903
2025-06-01,12591,APO,APOLLO GLOBAL MANAGEMENT INC NEW,-0.957214
2025-06-01,21792,CNP,CENTERPOINT ENERGY INC,-0.962206
2025-06-01,87356,TKO,T K O GROUP HOLDINGS INC,-0.964937
2025-06-01,84761,TTWO,TAKE TWO INTERACTIVE SOFTWR INC,-0.96607
2025-06-01,80924,SIRI,SIRIUS X M HOLDINGS INC NEW,-0.966491
2025-06-01,12623,HII,HUNTINGTON INGALLS INDS INC,-0.970498
2025-06-01,42585,SJM,SMUCKER J M CO,-0.973981
2025-06-01,27887,BAX,BAXTER INTERNATIONAL INC,-0.980202
2025-06-01,14329,ARMK,ARAMARK,-0.982483
2025-06-01,19506,VERX,VERTEX INC,-0.984752
2025-06-01,58683,LUV,SOUTHWEST AIRLINES CO,-0.986708
2025-06-01,86288,CSGP,COSTAR GROUP INC,-0.988019
2025-06-01,84385,NSP,INSPERITY INC,-0.991782
2025-06-01,81540,COR,CENCORA INC,-0.993243
2025-06-01,85464,CWST,CASELLA WASTE SYSTEMS INC,-0.9942
2025-06-01,11644,CRK,COMSTOCK RESOURCES INC,-1.0
2025-06-01,13181,GWRE,GUIDEWIRE SOFTWARE INC,-1.0
2025-06-01,13511,PANW,PALO ALTO NETWORKS INC,-1.0
2025-06-01,14436,RARE,ULTRAGENYX PHARMACEUTICALS INC,-1.0
2025-06-01,14472,VRNS,VARONIS SYSTEMS INC,-1.0
2025-06-01,14558,ALLY,ALLY FINANCIAL INC,-1.0
2025-06-01,14811,FWONK,LIBERTY MEDIA CORP 3RD NEW,-1.0
2025-06-01,15058,SLNO,SOLENO THERAPEUTICS INC,-1.0
2025-06-01,15284,BPMC,BLUEPRINT MEDICINES CORP,-1.0
2025-06-01,15293,NEXT,NEXTDECADE CORP,-1.0
2025-06-01,15831,AXSM,AXSOME THERAPEUTICS INC,-1.0
2025-06-01,16386,IRTC,IRHYTHM TECHNOLOGIES INC,-1.0
2025-06-01,16680,QXO,Q X O INC,-1.0
2025-06-01,17000,RYTM,RHYTHM PHARMACEUTICALS INC,-1.0
2025-06-01,17341,ZS,ZSCALER INC,-1.0
2025-06-01,17801,ROAD,CONSTRUCTION PARTNERS INC,-1.0
2025-06-01,18772,AKRO,AKERO THERAPEUTICS INC,-1.0
2025-06-01,18835,DKNG,DRAFTKINGS INC,-1.0
2025-06-01,19002,BWIN,BALDWIN INSURANCE GROUP INC,-1.0
2025-06-01,19561,BA,BOEING CO,-1.0
2025-06-01,19655,STEP,STEPSTONE GROUP INC,-1.0
2025-06-01,19849,SMMT,SUMMIT THERAPEUTICS INC,-1.0
2025-06-01,19854,EBC,EASTERN BANKSHARES INC,-1.0
2025-06-01,20126,JOBY,JOBY AVIATION INC,-1.0
2025-06-01,20583,EXE,EXPAND ENERGY CORP,-1.0
2025-06-01,20657,ACVA,A C V AUCTIONS INC,-1.0
2025-06-01,21352,FA,FIRST ADVANTAGE CORP,-1.0
2025-06-01,21415,S,SENTINELONE INC,-1.0
2025-06-01,21559,INTA,INTAPP INC,-1.0
2025-06-01,21573,IP,INTERNATIONAL PAPER CO,-1.0
2025-06-01,21747,NUVL,NUVALENT INC,-1.0
2025-06-01,21896,TOST,TOAST INC,-1.0
2025-06-01,21927,DJT,TRUMP MEDIA & TECH GRP CORP,-1.0
2025-06-01,22618,TPG,T P G INC,-1.0
2025-06-01,24328,EQT,E Q T CORP,-1.0
2025-06-01,55511,TXNM,T X N M ENERGY INC,-1.0
2025-06-01,66384,WDC,WESTERN DIGITAL CORP,-1.0
2025-06-01,76644,X,UNITED STATES STEEL CORP NEW,-1.0
2025-06-01,76661,IONS,IONIS PHARMACEUTICALS INC,-1.0
2025-06-01,76672,RDNT,RADNET INC,-1.0
2025-06-01,77357,SNPS,SYNOPSYS INC,-1.0
2025-06-01,77520,AGCO,A G C O CORP,-1.0
2025-06-01,79864,VSEC,V S E CORP,-1.0
2025-06-01,81655,DRI,DARDEN RESTAURANTS INC,-1.0
2025-06-01,84319,LAD,LITHIA MOTORS INC,-1.0
2025-06-01,84389,SSB,SOUTHSTATE CORP,-1.0
2025-06-01,87430,KTOS,KRATOS DEFENSE & SECUR SOLS INC,-1.0
2025-06-01,88351,INSM,INSMED INC,-1.0
2025-06-01,88863,EXAS,EXACT SCIENCES CORP,-1.0
2025-06-01,89031,AXON,AXON ENTERPRISE INC,-1.0
2025-06-01,89297,CCOI,COGENT COMMUNICATIONS HLDS INC,-1.0
2025-06-01,90175,XPO,X P O INC,-1.0
2025-06-01,90178,ALNY,ALNYLAM PHARMACEUTICALS INC,-1.0
2025-06-01,90444,ORA,ORMAT TECHNOLOGIES INC,-1.0
2025-06-01,91594,SPR,SPIRIT AEROSYSTEMS HOLDINGS INC,-1.0
2025-06-01,92220,MASI,MASIMO CORP,-1.0
2025-06-01,92326,CVI,C V R ENERGY,-1.0
2025-06-01,92469,SATS,ECHOSTAR CORP,-1.0
2025-07-01,10693,EHC,ENCOMPASS HEALTH CORP,1.0
2025-07-01,11691,MATX,MATSON INC,1.0
2025-07-01,12570,ITT,I T T INC,1.0
2025-07-01,12622,HCA,H C A HEALTHCARE INC,1.0
2025-07-01,13046,UI,UBIQUITI INC,1.0
2025-07-01,13407,META,META PLATFORMS INC,1.0
2025-07-01,13963,NWSA,NEWS CORP NEW,1.0
2025-07-01,13967,PTCT,P T C THERAPEUTICS INC,1.0
2025-07-01,14593,AAPL,APPLE INC,1.0
2025-07-01,15623,HLI,HOULIHAN LOKEY INC,1.0
2025-07-01,17223,ADT,A D T INC,1.0
2025-07-01,17332,VCTR,VICTORY CAPITAL HOLDINGS INC,1.0
2025-07-01,20894,APP,APPLOVIN CORP,1.0
2025-07-01,21207,NEM,NEWMONT CORP,1.0
2025-07-01,26403,DIS,DISNEY WALT CO,1.0
2025-07-01,46886,KLAC,K L A CORP,1.0
2025-07-01,47941,TGNA,TEGNA INC,1.0
2025-07-01,48486,LRCX,LAM RESH CORP,1.0
2025-07-01,64282,BBWI,BATH & BODY WORKS INC,1.0
2025-07-01,65700,USLM,UNITED STATES LIME MINERALS INC,1.0
2025-07-01,68196,SEIC,S E I INVESTMENTS CO,1.0
2025-07-01,75510,ADBE,ADOBE INC,1.0
2025-07-01,75603,CRUS,CIRRUS LOGIC INC,1.0
2025-07-01,76095,HOLX,HOLOGIC INC,1.0
2025-07-01,76478,ESE,E S C O TECHNOLOGIES INC,1.0
2025-07-01,77178,QCOM,QUALCOMM INC,1.0
2025-07-01,79758,BYD,BOYD GAMING CORP,1.0
2025-07-01,80128,VMI,VALMONT INDUSTRIES INC,1.0
2025-07-01,81282,ACIW,A C I WORLDWIDE INC,1.0
2025-07-01,82694,EME,EMCOR GROUP INC,1.0
2025-07-01,83779,PEGA,PEGASYSTEMS INC,1.0
2025-07-01,85072,RL,RALPH LAUREN CORP,1.0
2025-07-01,85593,AMG,AFFILIATED MANAGERS GROUP INC,1.0
2025-07-01,85621,MTD,METTLER TOLEDO INTERNATIONAL INC,1.0
2025-07-01,85753,VRSN,VERISIGN INC,1.0
2025-07-01,85768,IESC,I E S HOLDINGS INC,1.0
2025-07-01,86102,FHI,FEDERATED HERMES INC,1.0
2025-07-01,86580,NVDA,NVIDIA CORP,1.0
2025-07-01,87056,BMRN,BIOMARIN PHARMACEUTICAL INC,1.0
2025-07-01,89792,CVCO,CAVCO INDUSTRIES INC DEL,1.0
2025-07-01,89916,NXST,NEXSTAR MEDIA GROUP INC,1.0
2025-07-01,89968,PIPR,PIPER SANDLER COMPANIES,1.0
2025-07-01,90249,ENS,ENERSYS,1.0
2025-07-01,90319,GOOGL,ALPHABET INC,1.0
2025-07-01,90377,ONTO,ONTO INNOVATION INC,1.0
2025-07-01,91516,AWI,ARMSTRONG WORLD INDS INC NEW,1.0
2025-07-01,91531,OC,OWENS CORNING NEW,1.0
2025-07-01,92221,MELI,MERCADOLIBRE INC,1.0
2025-07-01,87657,EW,EDWARDS LIFESCIENCES CORP,0.996463
2025-07-01,76230,TRMB,TRIMBLE INC,0.996077
2025-07-01,90829,CF,C F INDUSTRIES HOLDINGS INC,0.992132
2025-07-01,14318,NMIH,N M I HOLDINGS INC,0.990044
2025-07-01,93312,SSNC,S S & C TECHNOLOGIES HLDGS INC,0.983746
2025-07-01,82775,HIG,HARTFORD INSURANCE GROUP INC,0.977629
2025-07-01,85631,ADSK,AUTODESK INC,0.977069
2025-07-01,41355,PH,PARKER HANNIFIN CORP,0.974633
2025-07-01,13862,TMHC,TAYLOR MORRISON HOME CORP,0.973493
2025-07-01,85645,INGR,INGREDION INC,0.971433
2025-07-01,18064,FTDR,FRONTDOOR INC,0.966991
2025-07-01,76708,ATGE,ADTALEM GLOBAL EDUCATION INC,0.960236
2025-07-01,90409,HURN,HURON CONSULTING GROUP INC,0.959554
2025-07-01,91233,MA,MASTERCARD INC,0.956188
2025-07-01,18973,BRC,BRADY CORP,0.955184
2025-07-01,82702,AMRX,AMNEAL PHARMACEUTICALS INC,0.954925
2025-07-01,92852,LOPE,GRAND CANYON EDUCATION INC,0.951884
2025-07-01,56223,LPX,LOUISIANA PACIFIC CORP,0.951293
2025-07-01,27334,CSL,CARLISLE COMPANIES,0.946998
2025-07-01,79637,UHS,UNIVERSAL HEALTH SERVICES INC,0.946012
2025-07-01,46463,GFF,GRIFFON CORP,0.943229
2025-07-01,21903,SLVM,SYLVAMO CORP,0.942409
2025-07-01,62308,GL,GLOBE LIFE INC,0.93531
2025-07-01,93330,PRI,PRIMERICA INC,0.933754
2025-07-01,92402,MSCI,M S C I INC,0.928859
2025-07-01,91234,MWA,MUELLER WATER PRODUCTS INC,0.91171
2025-07-01,22111,JNJ,JOHNSON & JOHNSON,0.909187
2025-07-01,12373,HHH,HOWARD HUGHES HOLDINGS INC,0.90115
2025-07-01,90550,DLB,DOLBY LABORATORIES INC,0.90067
2025-07-01,13788,ZTS,ZOETIS INC,0.899495
2025-07-01,79133,ATR,APTARGROUP INC,0.88747
2025-07-01,84723,LNG,CHENIERE ENERGY INC,0.886287
2025-07-01,22752,MRK,MERCK & CO INC NEW,0.880822
2025-07-01,77496,MHK,MOHAWK INDUSTRIES INC,0.878657
2025-07-01,90708,MORN,MORNINGSTAR INC,0.867307
2025-07-01,65306,UNF,UNIFIRST CORP,0.865625
2025-07-01,54253,MSA,M S A SAFETY INC,0.862218
2025-07-01,14406,ESI,ELEMENT SOLUTIONS INC,0.860779
2025-07-01,76582,DORM,DORMAN PRODUCTS INC,0.854746
2025-07-01,22779,MSI,MOTOROLA SOLUTIONS INC,0.826844
2025-07-01,11995,COKE,COCA COLA CONSOLIDATED INC,0.816964
2025-07-01,82307,DVA,DAVITA INC,0.793814
2025-07-01,90215,CRM,SALESFORCE INC,0.786119
2025-07-01,77274,GILD,GILEAD SCIENCES INC,0.774038
2025-07-01,87432,A,AGILENT TECHNOLOGIES INC,0.766315
2025-07-01,34032,MAS,MASCO CORP,0.75109
2025-07-01,89525,CMCSA,COMCAST CORP NEW,0.745157
2025-07-01,53225,GHC,GRAHAM HOLDINGS CO,0.743836
2025-07-01,92293,TDC,TERADATA CORP DE,0.686108
2025-07-01,11581,EPAC,ENERPAC TOOL GROUP CORP,0.635892
2025-07-01,86047,AMKR,AMKOR TECHNOLOGY INC,0.632196
2025-07-01,59010,GAP,GAP INC,0.614825
2025-07-01,65307,RPM,R P M INTERNATIONAL INC,0.612974
2025-07-01,93089,VRSK,VERISK ANALYTICS INC,0.594527
2025-07-01,83601,WOR,WORTHINGTON ENTERPRISES INC,0.564336
2025-07-01,93002,AVGO,BROADCOM INC,0.562551
2025-07-01,12981,FBIN,FORTUNE BRANDS INNOVATIONS INC,0.562127
2025-07-01,42550,NEU,NEWMARKET CORP,0.521913
2025-07-01,49680,DHR,DANAHER CORP,0.515809
2025-07-01,13901,MO,ALTRIA GROUP INC,0.398386
2025-07-01,13284,ALSN,ALLISON TRANSMISSION HLDGS INC,0.285193
2025-07-01,16816,BHF,BRIGHTHOUSE FINANCIAL INC,0.272874
2025-07-01,20892,COIN,COINBASE GLOBAL INC,0.222036
2025-07-01,86026,IOSP,INNOSPEC INC,0.195714
2025-07-01,13766,BCC,BOISE CASCADE CO,0.188671
2025-07-01,76841,BIIB,BIOGEN INC,0.177515
2025-07-01,16738,AM,ANTERO MIDSTREAM CORP,0.108607
2025-07-01,39538,MAT,MATTEL INC,0.084749
2025-07-01,62092,TMO,THERMO FISHER SCIENTIFIC INC,0.077045
2025-07-01,87137,DVN,DEVON ENERGY CORP NEW,0.050108
2025-07-01,91204,POR,PORTLAND GENERAL ELECTRIC CO,-0.001625
2025-07-01,21890,BROS,DUTCH BROS INC,-0.008046
2025-07-01,21087,PRVA,PRIVIA HEALTH GROUP INC,-0.034462
2025-07-01,11404,ED,CONSOLIDATED EDISON INC,-0.107994
2025-07-01,21017,ALKT,ALKAMI TECHNOLOGY INC,-0.190516
2025-07-01,13908,PFSI,PENNYMAC FINANCIAL SVCS INC NEW,-0.333728
2025-07-01,91611,FSLR,FIRST SOLAR INC,-0.338266
2025-07-01,59328,INTC,INTEL CORP,-0.418186
2025-07-01,63125,AGYS,AGILYSYS INC,-0.420364
2025-07-01,16968,MDB,MONGODB INC,-0.574216
2025-07-01,15119,WK,WORKIVA INC,-0.611203
2025-07-01,93436,TSLA,TESLA INC,-0.631697
2025-07-01,81655,DRI,DARDEN RESTAURANTS INC,-0.652988
2025-07-01,25320,CPB,CAMPBELLS CO,-0.766313
2025-07-01,16431,LW,LAMB WESTON HOLDINGS INC,-0.769429
2025-07-01,16263,PTGX,PROTAGONIST THERAPEUTICS INC,-0.779916
2025-07-01,77702,SBUX,STARBUCKS CORP,-0.78492
2025-07-01,42585,SJM,SMUCKER J M CO,-0.846026
2025-07-01,66376,WSO,WATSCO INC,-0.858756
2025-07-01,90776,WAL,WESTERN ALLIANCE BANCORPORATION,-0.879676
2025-07-01,21237,PCOR,PROCORE TECHNOLOGIES INC,-0.881791
2025-07-01,92729,JBTM,J B T MAREL CORP,-0.899388
2025-07-01,64995,KEY,KEYCORP NEW,-0.904606
2025-07-01,63773,TDS,TELEPHONE & DATA SYSTEMS INC,-0.909398
2025-07-01,14401,OGS,ONE GAS INC,-0.916522
2025-07-01,84385,NSP,INSPERITY INC,-0.926714
2025-07-01,21559,INTA,INTAPP INC,-0.933093
2025-07-01,88863,EXAS,EXACT SCIENCES CORP,-0.940798
2025-07-01,21792,CNP,CENTERPOINT ENERGY INC,-0.946007
2025-07-01,80286,TSCO,TRACTOR SUPPLY CO NEW,-0.951766
2025-07-01,58683,LUV,SOUTHWEST AIRLINES CO,-0.961097
2025-07-01,90520,CE,CELANESE CORP DEL,-0.964684
2025-07-01,88615,ITGR,INTEGER HOLDINGS CORP,-0.966474
2025-07-01,19655,STEP,STEPSTONE GROUP INC,-0.967369
2025-07-01,27887,BAX,BAXTER INTERNATIONAL INC,-0.96979
2025-07-01,85464,CWST,CASELLA WASTE SYSTEMS INC,-0.975288
2025-07-01,20657,ACVA,A C V AUCTIONS INC,-0.986823
2025-07-01,55511,TXNM,T X N M ENERGY INC,-0.990064
2025-07-01,11644,CRK,COMSTOCK RESOURCES INC,-1.0
2025-07-01,12591,APO,APOLLO GLOBAL MANAGEMENT INC NEW,-1.0
2025-07-01,12623,HII,HUNTINGTON INGALLS INDS INC,-1.0
2025-07-01,13511,PANW,PALO ALTO NETWORKS INC,-1.0
2025-07-01,14329,ARMK,ARAMARK,-1.0
2025-07-01,14436,RARE,ULTRAGENYX PHARMACEUTICALS INC,-1.0
2025-07-01,14472,VRNS,VARONIS SYSTEMS INC,-1.0
2025-07-01,14558,ALLY,ALLY FINANCIAL INC,-1.0
2025-07-01,14811,FWONK,LIBERTY MEDIA CORP 3RD NEW,-1.0
2025-07-01,15058,SLNO,SOLENO THERAPEUTICS INC,-1.0
2025-07-01,15284,BPMC,BLUEPRINT MEDICINES CORP,-1.0
2025-07-01,15293,NEXT,NEXTDECADE CORP,-1.0
2025-07-01,15535,OLLI,OLLIES BARGAIN OUTLET HLD INC,-1.0
2025-07-01,15831,AXSM,AXSOME THERAPEUTICS INC,-1.0
2025-07-01,16386,IRTC,IRHYTHM TECHNOLOGIES INC,-1.0
2025-07-01,16600,HSY,HERSHEY CO,-1.0
2025-07-01,16680,QXO,Q X O INC,-1.0
2025-07-01,17000,RYTM,RHYTHM PHARMACEUTICALS INC,-1.0
2025-07-01,17341,ZS,ZSCALER INC,-1.0
2025-07-01,17801,ROAD,CONSTRUCTION PARTNERS INC,-1.0
2025-07-01,18428,DOW,DOW INC,-1.0
2025-07-01,18772,AKRO,AKERO THERAPEUTICS INC,-1.0
2025-07-01,18835,DKNG,DRAFTKINGS INC,-1.0
2025-07-01,19002,BWIN,BALDWIN INSURANCE GROUP INC,-1.0
2025-07-01,19201,RVMD,REVOLUTION MEDICINES INC,-1.0
2025-07-01,19506,VERX,VERTEX INC,-1.0
2025-07-01,19561,BA,BOEING CO,-1.0
2025-07-01,19849,SMMT,SUMMIT THERAPEUTICS INC,-1.0
2025-07-01,19854,EBC,EASTERN BANKSHARES INC,-1.0
2025-07-01,20126,JOBY,JOBY AVIATION INC,-1.0
2025-07-01,20583,EXE,EXPAND ENERGY CORP,-1.0
2025-07-01,21352,FA,FIRST ADVANTAGE CORP,-1.0
2025-07-01,21415,S,SENTINELONE INC,-1.0
2025-07-01,21573,IP,INTERNATIONAL PAPER CO,-1.0
2025-07-01,21605,RYAN,RYAN SPECIALTY HOLDINGS INC,-1.0
2025-07-01,21747,NUVL,NUVALENT INC,-1.0
2025-07-01,21896,TOST,TOAST INC,-1.0
2025-07-01,21927,DJT,TRUMP MEDIA & TECH GRP CORP,-1.0
2025-07-01,22618,TPG,T P G INC,-1.0
2025-07-01,24328,EQT,E Q T CORP,-1.0
2025-07-01,50017,RRC,RANGE RESOURCES CORP,-1.0
2025-07-01,66384,WDC,WESTERN DIGITAL CORP,-1.0
2025-07-01,76644,,,-1.0
2025-07-01,76661,IONS,IONIS PHARMACEUTICALS INC,-1.0
2025-07-01,76672,RDNT,RADNET INC,-1.0
2025-07-01,77357,SNPS,SYNOPSYS INC,-1.0
2025-07-01,77520,AGCO,A G C O CORP,-1.0
2025-07-01,79864,VSEC,V S E CORP,-1.0
2025-07-01,80924,SIRI,SIRIUS X M HOLDINGS INC NEW,-1.0
2025-07-01,81540,COR,CENCORA INC,-1.0
2025-07-01,84319,LAD,LITHIA MOTORS INC,-1.0
2025-07-01,84389,SSB,SOUTHSTATE CORP,-1.0
2025-07-01,84761,TTWO,TAKE TWO INTERACTIVE SOFTWR INC,-1.0
2025-07-01,86211,MSTR,MICROSTRATEGY INC,-1.0
2025-07-01,86288,CSGP,COSTAR GROUP INC,-1.0
2025-07-01,86810,TREX,TREX COMPANY INC,-1.0
2025-07-01,86979,JNPR,JUNIPER NETWORKS INC,-1.0
2025-07-01,87356,TKO,T K O GROUP HOLDINGS INC,-1.0
2025-07-01,87430,KTOS,KRATOS DEFENSE & SECUR SOLS INC,-1.0
2025-07-01,87812,SLAB,SILICON LABORATORIES INC,-1.0
2025-07-01,88351,INSM,INSMED INC,-1.0
2025-07-01,89031,AXON,AXON ENTERPRISE INC,-1.0
2025-07-01,89971,SGI,SOMNIGROUP INTERNATIONAL INC,-1.0
2025-07-01,90175,XPO,X P O INC,-1.0
2025-07-01,90178,ALNY,ALNYLAM PHARMACEUTICALS INC,-1.0
2025-07-01,90444,ORA,ORMAT TECHNOLOGIES INC,-1.0
2025-07-01,91041,LYV,LIVE NATION ENTERTAINMENT INC,-1.0
2025-07-01,91594,SPR,SPIRIT AEROSYSTEMS HOLDINGS INC,-1.0
2025-07-01,91612,GSAT,GLOBALSTAR INC,-1.0
2025-07-01,91733,AVAV,AEROVIRONMENT INC,-1.0
2025-07-01,92220,MASI,MASIMO CORP,-1.0
2025-07-01,92326,CVI,C V R ENERGY,-1.0
2025-07-01,92469,SATS,ECHOSTAR CORP,-1.0
2025-08-01,11018,FBP,FIRST BANCORP P R,1.0
2025-08-01,11581,EPAC,ENERPAC TOOL GROUP CORP,1.0
2025-08-01,12570,ITT,I T T INC,1.0
2025-08-01,13046,UI,UBIQUITI INC,1.0
2025-08-01,13407,META,META PLATFORMS INC,1.0
2025-08-01,13967,PTCT,P T C THERAPEUTICS INC,1.0
2025-08-01,14593,AAPL,APPLE INC,1.0
2025-08-01,15623,HLI,HOULIHAN LOKEY INC,1.0
2025-08-01,16126,AZZ,A Z Z INC,1.0
2025-08-01,16738,AM,ANTERO MIDSTREAM CORP,1.0
2025-08-01,17332,VCTR,VICTORY CAPITAL HOLDINGS INC,1.0
2025-08-01,20894,APP,APPLOVIN CORP,1.0
2025-08-01,21207,NEM,NEWMONT CORP,1.0
2025-08-01,26403,DIS,DISNEY WALT CO,1.0
2025-08-01,41355,PH,PARKER HANNIFIN CORP,1.0
2025-08-01,46463,GFF,GRIFFON CORP,1.0
2025-08-01,48486,LRCX,LAM RESH CORP,1.0
2025-08-01,48725,UNP,UNION PACIFIC CORP,1.0
2025-08-01,67847,RGLD,ROYAL GOLD INC,1.0
2025-08-01,68196,SEIC,S E I INVESTMENTS CO,1.0
2025-08-01,75510,ADBE,ADOBE INC,1.0
2025-08-01,76095,HOLX,HOLOGIC INC,1.0
2025-08-01,76230,TRMB,TRIMBLE INC,1.0
2025-08-01,76478,ESE,E S C O TECHNOLOGIES INC,1.0
2025-08-01,76573,MLI,MUELLER INDUSTRIES INC,1.0
2025-08-01,79758,BYD,BOYD GAMING CORP,1.0
2025-08-01,80128,VMI,VALMONT INDUSTRIES INC,1.0
2025-08-01,81282,ACIW,A C I WORLDWIDE INC,1.0
2025-08-01,82694,EME,EMCOR GROUP INC,1.0
2025-08-01,83601,WOR,WORTHINGTON ENTERPRISES INC,1.0
2025-08-01,83779,PEGA,PEGASYSTEMS INC,1.0
2025-08-01,85072,RL,RALPH LAUREN CORP,1.0
2025-08-01,85593,AMG,AFFILIATED MANAGERS GROUP INC,1.0
2025-08-01,85621,MTD,METTLER TOLEDO INTERNATIONAL INC,1.0
2025-08-01,86102,FHI,FEDERATED HERMES INC,1.0
2025-08-01,86580,NVDA,NVIDIA CORP,1.0
2025-08-01,87056,BMRN,BIOMARIN PHARMACEUTICAL INC,1.0
2025-08-01,87657,EW,EDWARDS LIFESCIENCES CORP,1.0
2025-08-01,89525,CMCSA,COMCAST CORP NEW,1.0
2025-08-01,89916,NXST,NEXSTAR MEDIA GROUP INC,1.0
2025-08-01,89968,PIPR,PIPER SANDLER COMPANIES,1.0
2025-08-01,90249,ENS,ENERSYS,1.0
2025-08-01,90319,GOOGL,ALPHABET INC,1.0
2025-08-01,90377,ONTO,ONTO INNOVATION INC,1.0
2025-08-01,91233,MA,MASTERCARD INC,1.0
2025-08-01,91516,AWI,ARMSTRONG WORLD INDS INC NEW,1.0
2025-08-01,91531,OC,OWENS CORNING NEW,1.0
2025-08-01,93312,SSNC,S S & C TECHNOLOGIES HLDGS INC,1.0
2025-08-01,90829,CF,C F INDUSTRIES HOLDINGS INC,0.997642
2025-08-01,56223,LPX,LOUISIANA PACIFIC CORP,0.996891
2025-08-01,65700,USLM,UNITED STATES LIME MINERALS INC,0.994328
2025-08-01,47941,TGNA,TEGNA INC,0.992952
2025-08-01,18973,BRC,BRADY CORP,0.991835
2025-08-01,13963,NWSA,NEWS CORP NEW,0.983073
2025-08-01,17223,ADT,A D T INC,0.982364
2025-08-01,46886,KLAC,K L A CORP,0.977877
2025-08-01,79668,BDC,BELDEN INC NEW,0.974904
2025-08-01,64282,BBWI,BATH & BODY WORKS INC,0.963154
2025-08-01,75603,CRUS,CIRRUS LOGIC INC,0.962529
2025-08-01,77496,MHK,MOHAWK INDUSTRIES INC,0.956654
2025-08-01,18064,FTDR,FRONTDOOR INC,0.956419
2025-08-01,11691,MATX,MATSON INC,0.95549
2025-08-01,82775,HIG,HARTFORD INSURANCE GROUP INC,0.955128
2025-08-01,85631,ADSK,AUTODESK INC,0.953291
2025-08-01,85645,INGR,INGREDION INC,0.944347
2025-08-01,13862,TMHC,TAYLOR MORRISON HOME CORP,0.936198
2025-08-01,91234,MWA,MUELLER WATER PRODUCTS INC,0.935854
2025-08-01,85753,VRSN,VERISIGN INC,0.927522
2025-08-01,89792,CVCO,CAVCO INDUSTRIES INC DEL,0.925727
2025-08-01,10693,EHC,ENCOMPASS HEALTH CORP,0.923918
2025-08-01,12622,HCA,H C A HEALTHCARE INC,0.920547
2025-08-01,82702,AMRX,AMNEAL PHARMACEUTICALS INC,0.919743
2025-08-01,77178,QCOM,QUALCOMM INC,0.918044
2025-08-01,12373,HHH,HOWARD HUGHES HOLDINGS INC,0.914445
2025-08-01,54253,MSA,M S A SAFETY INC,0.912444
2025-08-01,90550,DLB,DOLBY LABORATORIES INC,0.910646
2025-08-01,92221,MELI,MERCADOLIBRE INC,0.904805
2025-08-01,93330,PRI,PRIMERICA INC,0.903084
2025-08-01,92402,MSCI,M S C I INC,0.900868
2025-08-01,14406,ESI,ELEMENT SOLUTIONS INC,0.893897
2025-08-01,79133,ATR,APTARGROUP INC,0.890899
2025-08-01,14318,NMIH,N M I HOLDINGS INC,0.87233
2025-08-01,22752,MRK,MERCK & CO INC NEW,0.866195
2025-08-01,79637,UHS,UNIVERSAL HEALTH SERVICES INC,0.865964
2025-08-01,22779,MSI,MOTOROLA SOLUTIONS INC,0.860396
2025-08-01,76708,ATGE,ADTALEM GLOBAL EDUCATION INC,0.859093
2025-08-01,84723,LNG,CHENIERE ENERGY INC,0.855408
2025-08-01,92852,LOPE,GRAND CANYON EDUCATION INC,0.845991
2025-08-01,13788,ZTS,ZOETIS INC,0.840603
2025-08-01,76582,DORM,DORMAN PRODUCTS INC,0.837497
2025-08-01,11995,COKE,COCA COLA CONSOLIDATED INC,0.816583
2025-08-01,34032,MAS,MASCO CORP,0.792481
2025-08-01,65306,UNF,UNIFIRST CORP,0.783567
2025-08-01,77274,GILD,GILEAD SCIENCES INC,0.781267
2025-08-01,90708,MORN,MORNINGSTAR INC,0.761962
2025-08-01,53225,GHC,GRAHAM HOLDINGS CO,0.749053
2025-08-01,87432,A,AGILENT TECHNOLOGIES INC,0.744413
2025-08-01,90215,CRM,SALESFORCE INC,0.741995
2025-08-01,65307,RPM,R P M INTERNATIONAL INC,0.65613
2025-08-01,92293,TDC,TERADATA CORP DE,0.641289
2025-08-01,18424,LEVI,LEVI STRAUSS & CO,0.605587
2025-08-01,93002,AVGO,BROADCOM INC,0.597437
2025-08-01,12981,FBIN,FORTUNE BRANDS INNOVATIONS INC,0.593591
2025-08-01,59010,GAP,GAP INC,0.550444
2025-08-01,93089,VRSK,VERISK ANALYTICS INC,0.529882
2025-08-01,42550,NEU,NEWMARKET CORP,0.517187
2025-08-01,49680,DHR,DANAHER CORP,0.513027
2025-08-01,13901,MO,ALTRIA GROUP INC,0.419495
2025-08-01,90409,HURN,HURON CONSULTING GROUP INC,0.340649
2025-08-01,16816,BHF,BRIGHTHOUSE FINANCIAL INC,0.241884
2025-08-01,20892,COIN,COINBASE GLOBAL INC,0.238542
2025-08-01,13766,BCC,BOISE CASCADE CO,0.181476
2025-08-01,76841,BIIB,BIOGEN INC,0.180306
2025-08-01,62092,TMO,THERMO FISHER SCIENTIFIC INC,0.088601
2025-08-01,87137,DVN,DEVON ENERGY CORP NEW,0.052156
2025-08-01,91204,POR,PORTLAND GENERAL ELECTRIC CO,-0.001639
2025-08-01,21890,BROS,DUTCH BROS INC,-0.006947
2025-08-01,11404,ED,CONSOLIDATED EDISON INC,-0.111009
2025-08-01,53110,BMI,BADGER METER INC,-0.309473
2025-08-01,13908,PFSI,PENNYMAC FINANCIAL SVCS INC NEW,-0.3108
2025-08-01,91611,FSLR,FIRST SOLAR INC,-0.355871
2025-08-01,59328,INTC,INTEL CORP,-0.368196
2025-08-01,86211,MSTR,MICROSTRATEGY INC,-0.407387
2025-08-01,63125,AGYS,AGILYSYS INC,-0.416853
2025-08-01,15119,WK,WORKIVA INC,-0.56783
2025-08-01,81655,DRI,DARDEN RESTAURANTS INC,-0.606149
2025-08-01,93436,TSLA,TESLA INC,-0.610833
2025-08-01,11644,CRK,COMSTOCK RESOURCES INC,-0.642358
2025-08-01,16968,MDB,MONGODB INC,-0.648517
2025-08-01,21896,TOST,TOAST INC,-0.657466
2025-08-01,27887,BAX,BAXTER INTERNATIONAL INC,-0.693553
2025-08-01,21559,INTA,INTAPP INC,-0.720715
2025-08-01,14436,RARE,ULTRAGENYX PHARMACEUTICALS INC,-0.747907
2025-08-01,16263,PTGX,PROTAGONIST THERAPEUTICS INC,-0.757314
2025-08-01,88863,EXAS,EXACT SCIENCES CORP,-0.827946
2025-08-01,16431,LW,LAMB WESTON HOLDINGS INC,-0.844222
2025-08-01,13511,PANW,PALO ALTO NETWORKS INC,-0.844851
2025-08-01,84319,LAD,LITHIA MOTORS INC,-0.849057
2025-08-01,88615,ITGR,INTEGER HOLDINGS CORP,-0.849475
2025-08-01,20657,ACVA,A C V AUCTIONS INC,-0.861113
2025-08-01,90776,WAL,WESTERN ALLIANCE BANCORPORATION,-0.871888
2025-08-01,66376,WSO,WATSCO INC,-0.87936
2025-08-01,20583,EXE,EXPAND ENERGY CORP,-0.892547
2025-08-01,21605,RYAN,RYAN SPECIALTY HOLDINGS INC,-0.896517
2025-08-01,17341,ZS,ZSCALER INC,-0.906133
2025-08-01,16386,IRTC,IRHYTHM TECHNOLOGIES INC,-0.907028
2025-08-01,90520,CE,CELANESE CORP DEL,-0.90777
2025-08-01,89031,AXON,AXON ENTERPRISE INC,-0.909026
2025-08-01,92220,MASI,MASIMO CORP,-0.910751
2025-08-01,58683,LUV,SOUTHWEST AIRLINES CO,-0.913027
2025-08-01,85464,CWST,CASELLA WASTE SYSTEMS INC,-0.915694
2025-08-01,80924,SIRI,SIRIUS X M HOLDINGS INC NEW,-0.915992
2025-08-01,87356,TKO,T K O GROUP HOLDINGS INC,-0.919917
2025-08-01,21237,PCOR,PROCORE TECHNOLOGIES INC,-0.920103
2025-08-01,42585,SJM,SMUCKER J M CO,-0.921836
2025-08-01,14401,OGS,ONE GAS INC,-0.924056
2025-08-01,64995,KEY,KEYCORP NEW,-0.927434
2025-08-01,16680,QXO,Q X O INC,-0.927823
2025-08-01,91733,AVAV,AEROVIRONMENT INC,-0.935784
2025-08-01,17801,ROAD,CONSTRUCTION PARTNERS INC,-0.94544
2025-08-01,90175,XPO,X P O INC,-0.949022
2025-08-01,81540,COR,CENCORA INC,-0.950609
2025-08-01,14811,FWONK,LIBERTY MEDIA CORP 3RD NEW,-0.956819
2025-08-01,14558,ALLY,ALLY FINANCIAL INC,-0.968291
2025-08-01,21928,IDA,IDACORP INC,-0.968403
2025-08-01,91041,LYV,LIVE NATION ENTERTAINMENT INC,-0.972867
2025-08-01,17144,GIS,GENERAL MILLS INC,-0.986538
2025-08-01,91612,GSAT,GLOBALSTAR INC,-0.993984
2025-08-01,63773,TDS,TELEPHONE & DATA SYSTEMS INC,-0.99468
2025-08-01,55511,TXNM,T X N M ENERGY INC,-0.994893
2025-08-01,86979,,,-0.998285
2025-08-01,12591,APO,APOLLO GLOBAL MANAGEMENT INC NEW,-1.0
2025-08-01,12623,HII,HUNTINGTON INGALLS INDS INC,-1.0
2025-08-01,14329,ARMK,ARAMARK,-1.0
2025-08-01,14472,VRNS,VARONIS SYSTEMS INC,-1.0
2025-08-01,14823,OCUL,OCULAR THERAPEUTIX INC,-1.0
2025-08-01,15284,,,-1.0
2025-08-01,15293,NEXT,NEXTDECADE CORP,-1.0
2025-08-01,15535,OLLI,OLLIES BARGAIN OUTLET HLD INC,-1.0
2025-08-01,15831,AXSM,AXSOME THERAPEUTICS INC,-1.0
2025-08-01,16182,PI,IMPINJ INC,-1.0
2025-08-01,16600,HSY,HERSHEY CO,-1.0
2025-08-01,17000,RYTM,RHYTHM PHARMACEUTICALS INC,-1.0
2025-08-01,18428,DOW,DOW INC,-1.0
2025-08-01,18726,CRWD,CROWDSTRIKE HOLDINGS INC,-1.0
2025-08-01,18835,DKNG,DRAFTKINGS INC,-1.0
2025-08-01,19002,BWIN,BALDWIN INSURANCE GROUP INC,-1.0
2025-08-01,19166,FMC,F M C CORP,-1.0
2025-08-01,19201,RVMD,REVOLUTION MEDICINES INC,-1.0
2025-08-01,19506,VERX,VERTEX INC,-1.0
2025-08-01,19561,BA,BOEING CO,-1.0
2025-08-01,19628,IRON,DISC MEDICINE INC,-1.0
2025-08-01,19655,STEP,STEPSTONE GROUP INC,-1.0
2025-08-01,19849,SMMT,SUMMIT THERAPEUTICS INC,-1.0
2025-08-01,19854,EBC,EASTERN BANKSHARES INC,-1.0
2025-08-01,20126,JOBY,JOBY AVIATION INC,-1.0
2025-08-01,20648,RBLX,ROBLOX CORP,-1.0
2025-08-01,21017,ALKT,ALKAMI TECHNOLOGY INC,-1.0
2025-08-01,21352,FA,FIRST ADVANTAGE CORP,-1.0
2025-08-01,21415,S,SENTINELONE INC,-1.0
2025-08-01,21573,IP,INTERNATIONAL PAPER CO,-1.0
2025-08-01,21747,NUVL,NUVALENT INC,-1.0
2025-08-01,21792,CNP,CENTERPOINT ENERGY INC,-1.0
2025-08-01,21927,DJT,TRUMP MEDIA & TECH GRP CORP,-1.0
2025-08-01,22618,TPG,T P G INC,-1.0
2025-08-01,25320,CPB,CAMPBELLS CO,-1.0
2025-08-01,66384,WDC,WESTERN DIGITAL CORP,-1.0
2025-08-01,76661,IONS,IONIS PHARMACEUTICALS INC,-1.0
2025-08-01,76672,RDNT,RADNET INC,-1.0
2025-08-01,77357,SNPS,SYNOPSYS INC,-1.0
2025-08-01,77520,AGCO,A G C O CORP,-1.0
2025-08-01,77702,SBUX,STARBUCKS CORP,-1.0
2025-08-01,79864,VSEC,V S E CORP,-1.0
2025-08-01,80286,TSCO,TRACTOR SUPPLY CO NEW,-1.0
2025-08-01,84385,NSP,INSPERITY INC,-1.0
2025-08-01,84389,SSB,SOUTHSTATE CORP,-1.0
2025-08-01,84761,TTWO,TAKE TWO INTERACTIVE SOFTWR INC,-1.0
2025-08-01,86288,CSGP,COSTAR GROUP INC,-1.0
2025-08-01,86810,TREX,TREX COMPANY INC,-1.0
2025-08-01,87430,KTOS,KRATOS DEFENSE & SECUR SOLS INC,-1.0
2025-08-01,88351,INSM,INSMED INC,-1.0
2025-08-01,89971,SGI,SOMNIGROUP INTERNATIONAL INC,-1.0
2025-08-01,90178,ALNY,ALNYLAM PHARMACEUTICALS INC,-1.0
2025-08-01,90444,ORA,ORMAT TECHNOLOGIES INC,-1.0
2025-08-01,91594,SPR,SPIRIT AEROSYSTEMS HOLDINGS INC,-1.0
2025-08-01,92326,CVI,C V R ENERGY,-1.0
2025-08-01,92469,SATS,ECHOSTAR CORP,-1.0
2025-08-01,92729,JBTM,J B T MAREL CORP,-1.0
2025-09-01,10693,EHC,ENCOMPASS HEALTH CORP,1.0
2025-09-01,10696,FI,FISERV INC,1.0
2025-09-01,11018,FBP,FIRST BANCORP P R,1.0
2025-09-01,11581,EPAC,ENERPAC TOOL GROUP CORP,1.0
2025-09-01,12622,HCA,H C A HEALTHCARE INC,1.0
2025-09-01,13046,UI,UBIQUITI INC,1.0
2025-09-01,13788,ZTS,ZOETIS INC,1.0
2025-09-01,13862,TMHC,TAYLOR MORRISON HOME CORP,1.0
2025-09-01,14593,AAPL,APPLE INC,1.0
2025-09-01,15623,HLI,HOULIHAN LOKEY INC,1.0
2025-09-01,16126,AZZ,A Z Z INC,1.0
2025-09-01,16738,AM,ANTERO MIDSTREAM CORP,1.0
2025-09-01,16967,CARG,CARGURUS INC,1.0
2025-09-01,17223,ADT,A D T INC,1.0
2025-09-01,17332,VCTR,VICTORY CAPITAL HOLDINGS INC,1.0
2025-09-01,18592,CTVA,CORTEVA INC,1.0
2025-09-01,18973,BRC,BRADY CORP,1.0
2025-09-01,20894,APP,APPLOVIN CORP,1.0
2025-09-01,21207,NEM,NEWMONT CORP,1.0
2025-09-01,41355,PH,PARKER HANNIFIN CORP,1.0
2025-09-01,47941,TGNA,TEGNA INC,1.0
2025-09-01,48486,LRCX,LAM RESH CORP,1.0
2025-09-01,48725,UNP,UNION PACIFIC CORP,1.0
2025-09-01,65700,USLM,UNITED STATES LIME MINERALS INC,1.0
2025-09-01,67847,RGLD,ROYAL GOLD INC,1.0
2025-09-01,75603,CRUS,CIRRUS LOGIC INC,1.0
2025-09-01,76095,HOLX,HOLOGIC INC,1.0
2025-09-01,76478,ESE,E S C O TECHNOLOGIES INC,1.0
2025-09-01,76573,MLI,MUELLER INDUSTRIES INC,1.0
2025-09-01,77178,QCOM,QUALCOMM INC,1.0
2025-09-01,77496,MHK,MOHAWK INDUSTRIES INC,1.0
2025-09-01,79668,BDC,BELDEN INC NEW,1.0
2025-09-01,79758,BYD,BOYD GAMING CORP,1.0
2025-09-01,80128,VMI,VALMONT INDUSTRIES INC,1.0
2025-09-01,81282,ACIW,A C I WORLDWIDE INC,1.0
2025-09-01,82702,AMRX,AMNEAL PHARMACEUTICALS INC,1.0
2025-09-01,82775,HIG,HARTFORD INSURANCE GROUP INC,1.0
2025-09-01,83601,WOR,WORTHINGTON ENTERPRISES INC,1.0
2025-09-01,85072,RL,RALPH LAUREN CORP,1.0
2025-09-01,85593,AMG,AFFILIATED MANAGERS GROUP INC,1.0
2025-09-01,85621,MTD,METTLER TOLEDO INTERNATIONAL INC,1.0
2025-09-01,85645,INGR,INGREDION INC,1.0
2025-09-01,86102,FHI,FEDERATED HERMES INC,1.0
2025-09-01,87056,BMRN,BIOMARIN PHARMACEUTICAL INC,1.0
2025-09-01,87657,EW,EDWARDS LIFESCIENCES CORP,1.0
2025-09-01,89525,CMCSA,COMCAST CORP NEW,1.0
2025-09-01,89792,CVCO,CAVCO INDUSTRIES INC DEL,1.0
2025-09-01,89916,NXST,NEXSTAR MEDIA GROUP INC,1.0
2025-09-01,89968,PIPR,PIPER SANDLER COMPANIES,1.0
2025-09-01,90249,ENS,ENERSYS,1.0
2025-09-01,90319,GOOGL,ALPHABET INC,1.0
2025-09-01,90377,ONTO,ONTO INNOVATION INC,1.0
2025-09-01,90436,HALO,HALOZYME THERAPEUTICS INC,1.0
2025-09-01,91233,MA,MASTERCARD INC,1.0
2025-09-01,91516,AWI,ARMSTRONG WORLD INDS INC NEW,1.0
2025-09-01,91531,OC,OWENS CORNING NEW,1.0
2025-09-01,92852,LOPE,GRAND CANYON EDUCATION INC,1.0
2025-09-01,93312,SSNC,S S & C TECHNOLOGIES HLDGS INC,1.0
2025-09-01,68196,SEIC,S E I INVESTMENTS CO,0.998011
2025-09-01,12570,ITT,I T T INC,0.997901
2025-09-01,88860,ALGN,ALIGN TECHNOLOGY INC,0.997736
2025-09-01,91234,MWA,MUELLER WATER PRODUCTS INC,0.995248
2025-09-01,75510,ADBE,ADOBE INC,0.993427
2025-09-01,26403,DIS,DISNEY WALT CO,0.990066
2025-09-01,18064,FTDR,FRONTDOOR INC,0.989565
2025-09-01,85753,VRSN,VERISIGN INC,0.988117
2025-09-01,85631,ADSK,AUTODESK INC,0.986115
2025-09-01,82694,EME,EMCOR GROUP INC,0.984259
2025-09-01,13963,NWSA,NEWS CORP NEW,0.98235
2025-09-01,76708,ATGE,ADTALEM GLOBAL EDUCATION INC,0.981226
2025-09-01,86580,NVDA,NVIDIA CORP,0.975449
2025-09-01,64282,BBWI,BATH & BODY WORKS INC,0.974053
2025-09-01,46886,KLAC,K L A CORP,0.968422
2025-09-01,13407,META,META PLATFORMS INC,0.951279
2025-09-01,13967,PTCT,P T C THERAPEUTICS INC,0.942846
2025-09-01,79637,UHS,UNIVERSAL HEALTH SERVICES INC,0.941384
2025-09-01,92221,MELI,MERCADOLIBRE INC,0.939103
2025-09-01,46463,GFF,GRIFFON CORP,0.935533
2025-09-01,90829,CF,C F INDUSTRIES HOLDINGS INC,0.932634
2025-09-01,11691,MATX,MATSON INC,0.93047
2025-09-01,22752,MRK,MERCK & CO INC NEW,0.929427
2025-09-01,83779,PEGA,PEGASYSTEMS INC,0.919547
2025-09-01,14318,NMIH,N M I HOLDINGS INC,0.91646
2025-09-01,93330,PRI,PRIMERICA INC,0.915791
2025-09-01,92402,MSCI,M S C I INC,0.910591
2025-09-01,84723,LNG,CHENIERE ENERGY INC,0.875594
2025-09-01,90550,DLB,DOLBY LABORATORIES INC,0.866892
2025-09-01,34032,MAS,MASCO CORP,0.854469
2025-09-01,11995,COKE,COCA COLA CONSOLIDATED INC,0.853593
2025-09-01,53225,GHC,GRAHAM HOLDINGS CO,0.849724
2025-09-01,87432,A,AGILENT TECHNOLOGIES INC,0.811931
2025-09-01,65306,UNF,UNIFIRST CORP,0.811694
2025-09-01,79133,ATR,APTARGROUP INC,0.786196
2025-09-01,77274,GILD,GILEAD SCIENCES INC,0.783026
2025-09-01,90215,CRM,SALESFORCE INC,0.733197
2025-09-01,90708,MORN,MORNINGSTAR INC,0.720366
2025-09-01,65307,RPM,R P M INTERNATIONAL INC,0.697781
2025-09-01,18424,LEVI,LEVI STRAUSS & CO,0.685709
2025-09-01,12981,FBIN,FORTUNE BRANDS INNOVATIONS INC,0.637238
2025-09-01,42550,NEU,NEWMARKET CORP,0.620584
2025-09-01,59010,GAP,GAP INC,0.620479
2025-09-01,93002,AVGO,BROADCOM INC,0.60267
2025-09-01,20188,CRC,CALIFORNIA RESOURCES CORP,0.555387
2025-09-01,49680,DHR,DANAHER CORP,0.53361
2025-09-01,93089,VRSK,VERISK ANALYTICS INC,0.507732
2025-09-01,13901,MO,ALTRIA GROUP INC,0.45359
2025-09-01,16816,BHF,BRIGHTHOUSE FINANCIAL INC,0.237982
2025-09-01,76582,DORM,DORMAN PRODUCTS INC,0.195861
2025-09-01,20892,COIN,COINBASE GLOBAL INC,0.191398
2025-09-01,13766,BCC,BOISE CASCADE CO,0.187693
2025-09-01,76841,BIIB,BIOGEN INC,0.185564
2025-09-01,62092,TMO,THERMO FISHER SCIENTIFIC INC,0.093007
2025-09-01,87137,DVN,DEVON ENERGY CORP NEW,0.056479
2025-09-01,25590,NFG,NATIONAL FUEL GAS CO N J,0.023542
2025-09-01,91204,POR,PORTLAND GENERAL ELECTRIC CO,-0.001699
2025-09-01,21890,BROS,DUTCH BROS INC,-0.008393
2025-09-01,11404,ED,CONSOLIDATED EDISON INC,-0.105798
2025-09-01,53110,BMI,BADGER METER INC,-0.299355
2025-09-01,86211,MSTR,STRATEGY INC,-0.337459
2025-09-01,13908,PFSI,PENNYMAC FINANCIAL SVCS INC NEW,-0.367229
2025-09-01,63125,AGYS,AGILYSYS INC,-0.397143
2025-09-01,59328,INTC,INTEL CORP,-0.451406
2025-09-01,19599,QS,QUANTUMSCAPE CORP,-0.466688
2025-09-01,75342,MTH,MERITAGE HOMES CORP,-0.56597
2025-09-01,11644,CRK,COMSTOCK RESOURCES INC,-0.577367
2025-09-01,81655,DRI,DARDEN RESTAURANTS INC,-0.619682
2025-09-01,93436,TSLA,TESLA INC,-0.659235
2025-09-01,20657,ACVA,A C V AUCTIONS INC,-0.703309
2025-09-01,66376,WSO,WATSCO INC,-0.781424
2025-09-01,20067,SOFI,SOFI TECHNOLOGIES INC,-0.783085
2025-09-01,27887,BAX,BAXTER INTERNATIONAL INC,-0.78972
2025-09-01,88863,EXAS,EXACT SCIENCES CORP,-0.808319
2025-09-01,92220,MASI,MASIMO CORP,-0.823904
2025-09-01,90520,CE,CELANESE CORP DEL,-0.824367
2025-09-01,21605,RYAN,RYAN SPECIALTY HOLDINGS INC,-0.826499
2025-09-01,85464,CWST,CASELLA WASTE SYSTEMS INC,-0.826562
2025-09-01,20583,EXE,EXPAND ENERGY CORP,-0.833719
2025-09-01,91733,AVAV,AEROVIRONMENT INC,-0.840302
2025-09-01,88615,ITGR,INTEGER HOLDINGS CORP,-0.841232
2025-09-01,20126,JOBY,JOBY AVIATION INC,-0.845535
2025-09-01,16431,LW,LAMB WESTON HOLDINGS INC,-0.853439
2025-09-01,16968,MDB,MONGODB INC,-0.857923
2025-09-01,21237,PCOR,PROCORE TECHNOLOGIES INC,-0.88937
2025-09-01,89031,AXON,AXON ENTERPRISE INC,-0.895701
2025-09-01,77520,AGCO,A G C O CORP,-0.915662
2025-09-01,84385,NSP,INSPERITY INC,-0.923016
2025-09-01,13511,PANW,PALO ALTO NETWORKS INC,-0.92398
2025-09-01,15535,OLLI,OLLIES BARGAIN OUTLET HLD INC,-0.924542
2025-09-01,18726,CRWD,CROWDSTRIKE HOLDINGS INC,-0.928285
2025-09-01,86288,CSGP,COSTAR GROUP INC,-0.936315
2025-09-01,12591,APO,APOLLO GLOBAL MANAGEMENT INC NEW,-0.937073
2025-09-01,14811,FWONK,LIBERTY MEDIA CORP 3RD NEW,-0.948888
2025-09-01,77357,SNPS,SYNOPSYS INC,-0.948916
2025-09-01,86810,TREX,TREX COMPANY INC,-0.955566
2025-09-01,81540,COR,CENCORA INC,-0.967188
2025-09-01,58683,LUV,SOUTHWEST AIRLINES CO,-0.967705
2025-09-01,21928,IDA,IDACORP INC,-0.969573
2025-09-01,12623,HII,HUNTINGTON INGALLS INDS INC,-0.972097
2025-09-01,21792,CNP,CENTERPOINT ENERGY INC,-0.973225
2025-09-01,14401,OGS,ONE GAS INC,-0.977643
2025-09-01,76661,IONS,IONIS PHARMACEUTICALS INC,-0.988168
2025-09-01,17144,GIS,GENERAL MILLS INC,-0.989834
2025-09-01,16600,HSY,HERSHEY CO,-0.991007
2025-09-01,84319,LAD,LITHIA MOTORS INC,-0.99121
2025-09-01,55511,TXNM,T X N M ENERGY INC,-0.995603
2025-09-01,25320,CPB,CAMPBELLS CO,-0.996508
2025-09-01,19166,FMC,F M C CORP,-0.997732
2025-09-01,64995,KEY,KEYCORP NEW,-0.998431
2025-09-01,14436,RARE,ULTRAGENYX PHARMACEUTICALS INC,-1.0
2025-09-01,14472,VRNS,VARONIS SYSTEMS INC,-1.0
2025-09-01,14558,ALLY,ALLY FINANCIAL INC,-1.0
2025-09-01,14823,OCUL,OCULAR THERAPEUTIX INC,-1.0
2025-09-01,15293,NEXT,NEXTDECADE CORP,-1.0
2025-09-01,15831,AXSM,AXSOME THERAPEUTICS INC,-1.0
2025-09-01,16386,IRTC,IRHYTHM TECHNOLOGIES INC,-1.0
2025-09-01,16680,QXO,Q X O INC,-1.0
2025-09-01,17000,RYTM,RHYTHM PHARMACEUTICALS INC,-1.0
2025-09-01,17341,ZS,ZSCALER INC,-1.0
2025-09-01,17801,ROAD,CONSTRUCTION PARTNERS INC,-1.0
2025-09-01,18428,DOW,DOW INC,-1.0
2025-09-01,18776,IMVT,IMMUNOVANT INC,-1.0
2025-09-01,18835,DKNG,DRAFTKINGS INC,-1.0
2025-09-01,19002,BWIN,BALDWIN INSURANCE GROUP INC,-1.0
2025-09-01,19201,RVMD,REVOLUTION MEDICINES INC,-1.0
2025-09-01,19484,PCVX,VAXCYTE INC,-1.0
2025-09-01,19561,BA,BOEING CO,-1.0
2025-09-01,19628,IRON,DISC MEDICINE INC,-1.0
2025-09-01,19655,STEP,STEPSTONE GROUP INC,-1.0
2025-09-01,19849,SMMT,SUMMIT THERAPEUTICS INC,-1.0
2025-09-01,19854,EBC,EASTERN BANKSHARES INC,-1.0
2025-09-01,20648,RBLX,ROBLOX CORP,-1.0
2025-09-01,21017,ALKT,ALKAMI TECHNOLOGY INC,-1.0
2025-09-01,21352,FA,FIRST ADVANTAGE CORP,-1.0
2025-09-01,21415,S,SENTINELONE INC,-1.0
2025-09-01,21573,IP,INTERNATIONAL PAPER CO,-1.0
2025-09-01,21747,NUVL,NUVALENT INC,-1.0
2025-09-01,21927,DJT,TRUMP MEDIA & TECH GRP CORP,-1.0
2025-09-01,22618,TPG,T P G INC,-1.0
2025-09-01,42585,SJM,SMUCKER J M CO,-1.0
2025-09-01,63773,TDS,TELEPHONE & DATA SYSTEMS INC,-1.0
2025-09-01,66384,WDC,WESTERN DIGITAL CORP,-1.0
2025-09-01,76672,RDNT,RADNET INC,-1.0
2025-09-01,76868,AAON,AAON INC,-1.0
2025-09-01,77702,SBUX,STARBUCKS CORP,-1.0
2025-09-01,79864,VSEC,V S E CORP,-1.0
2025-09-01,80286,TSCO,TRACTOR SUPPLY CO NEW,-1.0
2025-09-01,80924,SIRI,SIRIUS X M HOLDINGS INC NEW,-1.0
2025-09-01,81593,COOP,MR COOPER GROUP INC,-1.0
2025-09-01,84389,SSB,SOUTHSTATE CORP,-1.0
2025-09-01,84761,TTWO,TAKE TWO INTERACTIVE SOFTWR INC,-1.0
2025-09-01,87356,TKO,T K O GROUP HOLDINGS INC,-1.0
2025-09-01,87430,KTOS,KRATOS DEFENSE & SECUR SOLS INC,-1.0
2025-09-01,88351,INSM,INSMED INC,-1.0
2025-09-01,89971,SGI,SOMNIGROUP INTERNATIONAL INC,-1.0
2025-09-01,90175,XPO,X P O INC,-1.0
2025-09-01,90178,ALNY,ALNYLAM PHARMACEUTICALS INC,-1.0
2025-09-01,90444,ORA,ORMAT TECHNOLOGIES INC,-1.0
2025-09-01,90776,WAL,WESTERN ALLIANCE BANCORPORATION,-1.0
2025-09-01,91041,LYV,LIVE NATION ENTERTAINMENT INC,-1.0
2025-09-01,91575,HRI,HERC HOLDINGS INC,-1.0
2025-09-01,91594,SPR,SPIRIT AEROSYSTEMS HOLDINGS INC,-1.0
2025-09-01,91611,FSLR,FIRST SOLAR INC,-1.0
2025-09-01,91612,GSAT,GLOBALSTAR INC,-1.0
2025-09-01,92040,FOLD,AMICUS THERAPEUTICS INC,-1.0
2025-09-01,92326,CVI,C V R ENERGY,-1.0
2025-09-01,92729,JBTM,J B T MAREL CORP,-1.0
2025-10-01,10421,SKYW,SKYWEST INC,1.0
2025-10-01,10693,EHC,ENCOMPASS HEALTH CORP,1.0
2025-10-01,10696,FI,FISERV INC,1.0
2025-10-01,12570,ITT,I T T INC,1.0
2025-10-01,12622,HCA,H C A HEALTHCARE INC,1.0
2025-10-01,13046,UI,UBIQUITI INC,1.0
2025-10-01,13788,ZTS,ZOETIS INC,1.0
2025-10-01,13963,NWSA,NEWS CORP NEW,1.0
2025-10-01,13967,PTCT,P T C THERAPEUTICS INC,1.0
2025-10-01,14593,AAPL,APPLE INC,1.0
2025-10-01,15623,HLI,HOULIHAN LOKEY INC,1.0
2025-10-01,16738,AM,ANTERO MIDSTREAM CORP,1.0
2025-10-01,16967,CARG,CARGURUS INC,1.0
2025-10-01,17223,ADT,A D T INC,1.0
2025-10-01,18064,FTDR,FRONTDOOR INC,1.0
2025-10-01,18563,PLMR,PALOMAR HOLDINGS INC,1.0
2025-10-01,20053,SNV,SYNOVUS FINANCIAL CORP,1.0
2025-10-01,20894,APP,APPLOVIN CORP,1.0
2025-10-01,21207,NEM,NEWMONT CORP,1.0
2025-10-01,46886,KLAC,K L A CORP,1.0
2025-10-01,48486,LRCX,LAM RESH CORP,1.0
2025-10-01,48725,UNP,UNION PACIFIC CORP,1.0
2025-10-01,65700,USLM,UNITED STATES LIME MINERALS INC,1.0
2025-10-01,67847,RGLD,ROYAL GOLD INC,1.0
2025-10-01,68196,SEIC,S E I INVESTMENTS CO,1.0
2025-10-01,75510,ADBE,ADOBE INC,1.0
2025-10-01,75603,CRUS,CIRRUS LOGIC INC,1.0
2025-10-01,75912,PTC,P T C INC,1.0
2025-10-01,76095,HOLX,HOLOGIC INC,1.0
2025-10-01,76478,ESE,E S C O TECHNOLOGIES INC,1.0
2025-10-01,76573,MLI,MUELLER INDUSTRIES INC,1.0
2025-10-01,76708,ATGE,ADTALEM GLOBAL EDUCATION INC,1.0
2025-10-01,77178,QCOM,QUALCOMM INC,1.0
2025-10-01,77605,BSX,BOSTON SCIENTIFIC CORP,1.0
2025-10-01,79637,UHS,UNIVERSAL HEALTH SERVICES INC,1.0
2025-10-01,79758,BYD,BOYD GAMING CORP,1.0
2025-10-01,80128,VMI,VALMONT INDUSTRIES INC,1.0
2025-10-01,81282,ACIW,A C I WORLDWIDE INC,1.0
2025-10-01,82694,EME,EMCOR GROUP INC,1.0
2025-10-01,82702,AMRX,AMNEAL PHARMACEUTICALS INC,1.0
2025-10-01,82775,HIG,HARTFORD INSURANCE GROUP INC,1.0
2025-10-01,85072,RL,RALPH LAUREN CORP,1.0
2025-10-01,85593,AMG,AFFILIATED MANAGERS GROUP INC,1.0
2025-10-01,85753,VRSN,VERISIGN INC,1.0
2025-10-01,86580,NVDA,NVIDIA CORP,1.0
2025-10-01,87432,A,AGILENT TECHNOLOGIES INC,1.0
2025-10-01,88860,ALGN,ALIGN TECHNOLOGY INC,1.0
2025-10-01,89525,CMCSA,COMCAST CORP NEW,1.0
2025-10-01,89792,CVCO,CAVCO INDUSTRIES INC DEL,1.0
2025-10-01,90249,ENS,ENERSYS,1.0
2025-10-01,90319,GOOGL,ALPHABET INC,1.0
2025-10-01,90377,ONTO,ONTO INNOVATION INC,1.0
2025-10-01,91516,AWI,ARMSTRONG WORLD INDS INC NEW,1.0
2025-10-01,91531,OC,OWENS CORNING NEW,1.0
2025-10-01,92852,LOPE,GRAND CANYON EDUCATION INC,1.0
2025-10-01,90436,HALO,HALOZYME THERAPEUTICS INC,0.999288
2025-10-01,41355,PH,PARKER HANNIFIN CORP,0.997507
2025-10-01,18973,BRC,BRADY CORP,0.996051
2025-10-01,85631,ADSK,AUTODESK INC,0.992159
2025-10-01,11018,FBP,FIRST BANCORP P R,0.988594
2025-10-01,13862,TMHC,TAYLOR MORRISON HOME CORP,0.976504
2025-10-01,86102,FHI,FEDERATED HERMES INC,0.974657
2025-10-01,83779,PEGA,PEGASYSTEMS INC,0.972312
2025-10-01,11581,EPAC,ENERPAC TOOL GROUP CORP,0.965042
2025-10-01,89916,NXST,NEXSTAR MEDIA GROUP INC,0.963493
2025-10-01,16126,AZZ,A Z Z INC,0.963384
2025-10-01,90829,CF,C F INDUSTRIES HOLDINGS INC,0.962599
2025-10-01,47941,TGNA,TEGNA INC,0.961369
2025-10-01,91234,MWA,MUELLER WATER PRODUCTS INC,0.960239
2025-10-01,26403,DIS,DISNEY WALT CO,0.954339
2025-10-01,87657,EW,EDWARDS LIFESCIENCES CORP,0.952801
2025-10-01,91233,MA,MASTERCARD INC,0.952208
2025-10-01,13407,META,META PLATFORMS INC,0.943217
2025-10-01,85621,MTD,METTLER TOLEDO INTERNATIONAL INC,0.940251
2025-10-01,85645,INGR,INGREDION INC,0.939334
2025-10-01,22752,MRK,MERCK & CO INC NEW,0.933523
2025-10-01,46463,GFF,GRIFFON CORP,0.932315
2025-10-01,87056,BMRN,BIOMARIN PHARMACEUTICAL INC,0.926157
2025-10-01,79668,BDC,BELDEN INC NEW,0.92077
2025-10-01,53225,GHC,GRAHAM HOLDINGS CO,0.918313
2025-10-01,17332,VCTR,VICTORY CAPITAL HOLDINGS INC,0.911711
2025-10-01,18592,CTVA,CORTEVA INC,0.910489
2025-10-01,92402,MSCI,M S C I INC,0.90708
2025-10-01,14318,NMIH,N M I HOLDINGS INC,0.889905
2025-10-01,92221,MELI,MERCADOLIBRE INC,0.88436
2025-10-01,77274,GILD,GILEAD SCIENCES INC,0.880028
2025-10-01,11691,MATX,MATSON INC,0.878565
2025-10-01,90550,DLB,DOLBY LABORATORIES INC,0.872369
2025-10-01,64282,BBWI,BATH & BODY WORKS INC,0.855785
2025-10-01,11995,COKE,COCA COLA CONSOLIDATED INC,0.850187
2025-10-01,84723,LNG,CHENIERE ENERGY INC,0.847929
2025-10-01,83601,WOR,WORTHINGTON ENTERPRISES INC,0.842516
2025-10-01,34032,MAS,MASCO CORP,0.816713
2025-10-01,65306,UNF,UNIFIRST CORP,0.761988
2025-10-01,79133,ATR,APTARGROUP INC,0.751925
2025-10-01,18424,LEVI,LEVI STRAUSS & CO,0.711947
2025-10-01,19455,OPEN,OPENDOOR TECHNOLOGIES INC,0.67938
2025-10-01,90215,CRM,SALESFORCE INC,0.676856
2025-10-01,93002,AVGO,BROADCOM INC,0.667743
2025-10-01,65307,RPM,R P M INTERNATIONAL INC,0.654099
2025-10-01,90708,MORN,MORNINGSTAR INC,0.634505
2025-10-01,42550,NEU,NEWMARKET CORP,0.621525
2025-10-01,59010,GAP,GAP INC,0.600948
2025-10-01,20188,CRC,CALIFORNIA RESOURCES CORP,0.592677
2025-10-01,49680,DHR,DANAHER CORP,0.513133
2025-10-01,93089,VRSK,VERISK ANALYTICS INC,0.475438
2025-10-01,13901,MO,ALTRIA GROUP INC,0.451611
2025-10-01,77496,MHK,MOHAWK INDUSTRIES INC,0.293188
2025-10-01,20892,COIN,COINBASE GLOBAL INC,0.211473
2025-10-01,76841,BIIB,BIOGEN INC,0.195981
2025-10-01,62092,TMO,THERMO FISHER SCIENTIFIC INC,0.091329
2025-10-01,87137,DVN,DEVON ENERGY CORP NEW,0.055055
2025-10-01,25590,NFG,NATIONAL FUEL GAS CO N J,0.025138
2025-10-01,22199,COCO,VITA COCO CO INC,-0.001012
2025-10-01,91204,POR,PORTLAND GENERAL ELECTRIC CO,-0.001764
2025-10-01,21890,BROS,DUTCH BROS INC,-0.006088
2025-10-01,27991,PNW,PINNACLE WEST CAPITAL CORP,-0.034512
2025-10-01,61567,HXL,HEXCEL CORP NEW,-0.282455
2025-10-01,53110,BMI,BADGER METER INC,-0.291262
2025-10-01,64995,KEY,KEYCORP NEW,-0.309577
2025-10-01,86211,MSTR,STRATEGY INC,-0.324031
2025-10-01,63125,AGYS,AGILYSYS INC,-0.381744
2025-10-01,13908,PFSI,PENNYMAC FINANCIAL SVCS INC NEW,-0.411975
2025-10-01,75342,MTH,MERITAGE HOMES CORP,-0.528751
2025-10-01,59328,INTC,INTEL CORP,-0.620464
2025-10-01,11644,CRK,COMSTOCK RESOURCES INC,-0.707897
2025-10-01,90520,CE,CELANESE CORP DEL,-0.725581
2025-10-01,27887,BAX,BAXTER INTERNATIONAL INC,-0.725695
2025-10-01,77357,SNPS,SYNOPSYS INC,-0.772619
2025-10-01,18835,DKNG,DRAFTKINGS INC,-0.776182
2025-10-01,66376,WSO,WATSCO INC,-0.782567
2025-10-01,85464,CWST,CASELLA WASTE SYSTEMS INC,-0.792964
2025-10-01,21331,AUR,AURORA INNOVATION INC,-0.797221
2025-10-01,88615,ITGR,INTEGER HOLDINGS CORP,-0.803043
2025-10-01,20067,SOFI,SOFI TECHNOLOGIES INC,-0.807476
2025-10-01,21605,RYAN,RYAN SPECIALTY HOLDINGS INC,-0.821279
2025-10-01,89031,AXON,AXON ENTERPRISE INC,-0.857198
2025-10-01,16431,LW,LAMB WESTON HOLDINGS INC,-0.858774
2025-10-01,19166,FMC,F M C CORP,-0.86965
2025-10-01,93436,TSLA,TESLA INC,-0.875929
2025-10-01,86288,CSGP,COSTAR GROUP INC,-0.879647
2025-10-01,20583,EXE,EXPAND ENERGY CORP,-0.912455
2025-10-01,12591,APO,APOLLO GLOBAL MANAGEMENT INC NEW,-0.913612
2025-10-01,19561,BA,BOEING CO,-0.916369
2025-10-01,80286,TSCO,TRACTOR SUPPLY CO NEW,-0.917513
2025-10-01,84319,LAD,LITHIA MOTORS INC,-0.927047
2025-10-01,88863,EXAS,EXACT SCIENCES CORP,-0.92991
2025-10-01,21415,S,SENTINELONE INC,-0.930413
2025-10-01,15535,OLLI,OLLIES BARGAIN OUTLET HLD INC,-0.932854
2025-10-01,58683,LUV,SOUTHWEST AIRLINES CO,-0.940609
2025-10-01,22618,TPG,T P G INC,-0.948638
2025-10-01,14558,ALLY,ALLY FINANCIAL INC,-0.951624
2025-10-01,77702,SBUX,STARBUCKS CORP,-0.955983
2025-10-01,20126,JOBY,JOBY AVIATION INC,-0.96165
2025-10-01,90776,WAL,WESTERN ALLIANCE BANCORPORATION,-0.965088
2025-10-01,17000,RYTM,RHYTHM PHARMACEUTICALS INC,-0.975751
2025-10-01,63773,TDS,TELEPHONE & DATA SYSTEMS INC,-0.976499
2025-10-01,92729,JBTM,J B T MAREL CORP,-0.976871
2025-10-01,91041,LYV,LIVE NATION ENTERTAINMENT INC,-0.978131
2025-10-01,80924,SIRI,SIRIUS X M HOLDINGS INC NEW,-0.981251
2025-10-01,13511,PANW,PALO ALTO NETWORKS INC,-0.984454
2025-10-01,14811,FWONK,LIBERTY MEDIA CORP 3RD NEW,-0.988966
2025-10-01,55511,TXNM,T X N M ENERGY INC,-0.990726
2025-10-01,15831,AXSM,AXSOME THERAPEUTICS INC,-0.998093
2025-10-01,21792,CNP,CENTERPOINT ENERGY INC,-0.998136
2025-10-01,12623,HII,HUNTINGTON INGALLS INDS INC,-1.0
2025-10-01,14401,OGS,ONE GAS INC,-1.0
2025-10-01,14436,RARE,ULTRAGENYX PHARMACEUTICALS INC,-1.0
2025-10-01,14472,VRNS,VARONIS SYSTEMS INC,-1.0
2025-10-01,14823,OCUL,OCULAR THERAPEUTIX INC,-1.0
2025-10-01,15286,CDTX,CIDARA THERAPEUTICS INC,-1.0
2025-10-01,15649,MSGS,MADISON SQUARE GARD SPORTS CORP,-1.0
2025-10-01,16386,IRTC,IRHYTHM TECHNOLOGIES INC,-1.0
2025-10-01,16600,HSY,HERSHEY CO,-1.0
2025-10-01,16680,QXO,Q X O INC,-1.0
2025-10-01,17144,GIS,GENERAL MILLS INC,-1.0
2025-10-01,17341,ZS,ZSCALER INC,-1.0
2025-10-01,17801,ROAD,CONSTRUCTION PARTNERS INC,-1.0
2025-10-01,18428,DOW,DOW INC,-1.0
2025-10-01,18575,PSN,PARSONS CORP,-1.0
2025-10-01,18726,CRWD,CROWDSTRIKE HOLDINGS INC,-1.0
2025-10-01,18776,IMVT,IMMUNOVANT INC,-1.0
2025-10-01,18909,NET,CLOUDFLARE INC,-1.0
2025-10-01,19002,BWIN,BALDWIN INSURANCE GROUP INC,-1.0
2025-10-01,19201,RVMD,REVOLUTION MEDICINES INC,-1.0
2025-10-01,19484,PCVX,VAXCYTE INC,-1.0
2025-10-01,19628,IRON,DISC MEDICINE INC,-1.0
2025-10-01,19655,STEP,STEPSTONE GROUP INC,-1.0
2025-10-01,19849,SMMT,SUMMIT THERAPEUTICS INC,-1.0
2025-10-01,19854,EBC,EASTERN BANKSHARES INC,-1.0
2025-10-01,20204,CXT,CRANE N X T CO,-1.0
2025-10-01,20648,RBLX,ROBLOX CORP,-1.0
2025-10-01,21017,ALKT,ALKAMI TECHNOLOGY INC,-1.0
2025-10-01,21237,PCOR,PROCORE TECHNOLOGIES INC,-1.0
2025-10-01,21352,FA,FIRST ADVANTAGE CORP,-1.0
2025-10-01,21573,IP,INTERNATIONAL PAPER CO,-1.0
2025-10-01,21747,NUVL,NUVALENT INC,-1.0
2025-10-01,21905,WRBY,WARBY PARKER INC,-1.0
2025-10-01,21927,DJT,TRUMP MEDIA & TECH GRP CORP,-1.0
2025-10-01,21928,IDA,IDACORP INC,-1.0
2025-10-01,42585,SJM,SMUCKER J M CO,-1.0
2025-10-01,76661,IONS,IONIS PHARMACEUTICALS INC,-1.0
2025-10-01,76672,RDNT,RADNET INC,-1.0
2025-10-01,76868,AAON,AAON INC,-1.0
2025-10-01,79864,VSEC,V S E CORP,-1.0
2025-10-01,81540,COR,CENCORA INC,-1.0
2025-10-01,81593,COOP,MR COOPER GROUP INC,-1.0
2025-10-01,83509,FCN,F T I CONSULTING INC,-1.0
2025-10-01,84761,TTWO,TAKE TWO INTERACTIVE SOFTWR INC,-1.0
2025-10-01,86810,TREX,TREX COMPANY INC,-1.0
2025-10-01,87356,TKO,T K O GROUP HOLDINGS INC,-1.0
2025-10-01,87430,KTOS,KRATOS DEFENSE & SECUR SOLS INC,-1.0
2025-10-01,88351,INSM,INSMED INC,-1.0
2025-10-01,89971,SGI,SOMNIGROUP INTERNATIONAL INC,-1.0
2025-10-01,90175,XPO,X P O INC,-1.0
2025-10-01,90178,ALNY,ALNYLAM PHARMACEUTICALS INC,-1.0
2025-10-01,90312,WLK,WESTLAKE CORP,-1.0
2025-10-01,90444,ORA,ORMAT TECHNOLOGIES INC,-1.0
2025-10-01,90988,BKD,BROOKDALE SENIOR LIVING INC,-1.0
2025-10-01,91575,HRI,HERC HOLDINGS INC,-1.0
2025-10-01,91594,SPR,SPIRIT AEROSYSTEMS HOLDINGS INC,-1.0
2025-10-01,91611,FSLR,FIRST SOLAR INC,-1.0
2025-10-01,91612,GSAT,GLOBALSTAR INC,-1.0
2025-10-01,91733,AVAV,AEROVIRONMENT INC,-1.0
2025-10-01,92040,FOLD,AMICUS THERAPEUTICS INC,-1.0
2025-10-01,92326,CVI,C V R ENERGY,-1.0
2025-11-01,12570,ITT,I T T INC,1.0
2025-11-01,12622,HCA,H C A HEALTHCARE INC,1.0
2025-11-01,13046,UI,UBIQUITI INC,1.0
2025-11-01,13788,ZTS,ZOETIS INC,1.0
2025-11-01,13967,PTCT,P T C THERAPEUTICS INC,1.0
2025-11-01,14593,AAPL,APPLE INC,1.0
2025-11-01,16126,AZZ,A Z Z INC,1.0
2025-11-01,16631,VRRM,VERRA MOBILITY CORP,1.0
2025-11-01,16738,AM,ANTERO MIDSTREAM CORP,1.0
2025-11-01,16967,CARG,CARGURUS INC,1.0
2025-11-01,17223,ADT,A D T INC,1.0
2025-11-01,18424,LEVI,LEVI STRAUSS & CO,1.0
2025-11-01,18563,PLMR,PALOMAR HOLDINGS INC,1.0
2025-11-01,20894,APP,APPLOVIN CORP,1.0
2025-11-01,41355,PH,PARKER HANNIFIN CORP,1.0
2025-11-01,46886,KLAC,K L A CORP,1.0
2025-11-01,48486,LRCX,LAM RESH CORP,1.0
2025-11-01,75603,CRUS,CIRRUS LOGIC INC,1.0
2025-11-01,75912,PTC,P T C INC,1.0
2025-11-01,76095,HOLX,HOLOGIC INC,1.0
2025-11-01,76478,ESE,E S C O TECHNOLOGIES INC,1.0
2025-11-01,76573,MLI,MUELLER INDUSTRIES INC,1.0
2025-11-01,77178,QCOM,QUALCOMM INC,1.0
2025-11-01,77274,GILD,GILEAD SCIENCES INC,1.0
2025-11-01,77605,BSX,BOSTON SCIENTIFIC CORP,1.0
2025-11-01,79637,UHS,UNIVERSAL HEALTH SERVICES INC,1.0
2025-11-01,80128,VMI,VALMONT INDUSTRIES INC,1.0
2025-11-01,82702,AMRX,AMNEAL PHARMACEUTICALS INC,1.0
2025-11-01,83779,PEGA,PEGASYSTEMS INC,1.0
2025-11-01,85072,RL,RALPH LAUREN CORP,1.0
2025-11-01,85621,MTD,METTLER TOLEDO INTERNATIONAL INC,1.0
2025-11-01,85645,INGR,INGREDION INC,1.0
2025-11-01,85753,VRSN,VERISIGN INC,1.0
2025-11-01,86580,NVDA,NVIDIA CORP,1.0
2025-11-01,87432,A,AGILENT TECHNOLOGIES INC,1.0
2025-11-01,87657,EW,EDWARDS LIFESCIENCES CORP,1.0
2025-11-01,88664,JKHY,HENRY JACK & ASSOC INC,1.0
2025-11-01,88860,ALGN,ALIGN TECHNOLOGY INC,1.0
2025-11-01,90249,ENS,ENERSYS,1.0
2025-11-01,90319,GOOGL,ALPHABET INC,1.0
2025-11-01,90377,ONTO,ONTO INNOVATION INC,1.0
2025-11-01,90436,HALO,HALOZYME THERAPEUTICS INC,1.0
2025-11-01,91233,MA,MASTERCARD INC,1.0
2025-11-01,91413,EVR,EVERCORE INC,1.0
2025-11-01,91531,OC,OWENS CORNING NEW,1.0
2025-11-01,92852,LOPE,GRAND CANYON EDUCATION INC,1.0
2025-11-01,93002,AVGO,BROADCOM INC,1.0
2025-11-01,10421,SKYW,SKYWEST INC,0.995341
2025-11-01,85593,AMG,AFFILIATED MANAGERS GROUP INC,0.994761
2025-11-01,18064,FTDR,FRONTDOOR INC,0.983951
2025-11-01,18973,BRC,BRADY CORP,0.969008
2025-11-01,91516,AWI,ARMSTRONG WORLD INDS INC NEW,0.968264
2025-11-01,11581,EPAC,ENERPAC TOOL GROUP CORP,0.9638
2025-11-01,91234,MWA,MUELLER WATER PRODUCTS INC,0.962369
2025-11-01,75510,ADBE,ADOBE INC,0.961466
2025-11-01,21207,NEM,NEWMONT CORP,0.957116
2025-11-01,22752,MRK,MERCK & CO INC NEW,0.953274
2025-11-01,89916,NXST,NEXSTAR MEDIA GROUP INC,0.95055
2025-11-01,68196,SEIC,S E I INVESTMENTS CO,0.946761
2025-11-01,11995,COKE,COCA COLA CONSOLIDATED INC,0.945193
2025-11-01,85631,ADSK,AUTODESK INC,0.937913
2025-11-01,26403,DIS,DISNEY WALT CO,0.935551
2025-11-01,79668,BDC,BELDEN INC NEW,0.929857
2025-11-01,48725,UNP,UNION PACIFIC CORP,0.929041
2025-11-01,82775,HIG,HARTFORD INSURANCE GROUP INC,0.927686
2025-11-01,47941,TGNA,TEGNA INC,0.927017
2025-11-01,87056,BMRN,BIOMARIN PHARMACEUTICAL INC,0.913041
2025-11-01,89792,CVCO,CAVCO INDUSTRIES INC DEL,0.909032
2025-11-01,60871,ADI,ANALOG DEVICES INC,0.908625
2025-11-01,86102,FHI,FEDERATED HERMES INC,0.90672
2025-11-01,20053,SNV,SYNOVUS FINANCIAL CORP,0.906267
2025-11-01,46463,GFF,GRIFFON CORP,0.903068
2025-11-01,81282,ACIW,A C I WORLDWIDE INC,0.899328
2025-11-01,79758,BYD,BOYD GAMING CORP,0.897484
2025-11-01,11691,MATX,MATSON INC,0.896725
2025-11-01,10693,EHC,ENCOMPASS HEALTH CORP,0.894415
2025-11-01,89525,CMCSA,COMCAST CORP NEW,0.892082
2025-11-01,90829,CF,C F INDUSTRIES HOLDINGS INC,0.890666
2025-11-01,65700,USLM,UNITED STATES LIME MINERALS INC,0.8878
2025-11-01,92221,MELI,MERCADOLIBRE INC,0.877807
2025-11-01,17332,VCTR,VICTORY CAPITAL HOLDINGS INC,0.873676
2025-11-01,13862,TMHC,TAYLOR MORRISON HOME CORP,0.873606
2025-11-01,11018,FBP,FIRST BANCORP P R,0.870588
2025-11-01,67847,RGLD,ROYAL GOLD INC,0.870112
2025-11-01,15623,HLI,HOULIHAN LOKEY INC,0.868931
2025-11-01,13963,NWSA,NEWS CORP NEW,0.859643
2025-11-01,83601,WOR,WORTHINGTON ENTERPRISES INC,0.848873
2025-11-01,14318,NMIH,N M I HOLDINGS INC,0.842664
2025-11-01,13407,META,META PLATFORMS INC,0.82964
2025-11-01,18592,CTVA,CORTEVA INC,0.824179
2025-11-01,64282,BBWI,BATH & BODY WORKS INC,0.810465
2025-11-01,90550,DLB,DOLBY LABORATORIES INC,0.796589
2025-11-01,53225,GHC,GRAHAM HOLDINGS CO,0.787966
2025-11-01,84723,LNG,CHENIERE ENERGY INC,0.762234
2025-11-01,34032,MAS,MASCO CORP,0.748721
2025-11-01,19455,OPEN,OPENDOOR TECHNOLOGIES INC,0.748222
2025-11-01,90215,CRM,SALESFORCE INC,0.741502
2025-11-01,65306,UNF,UNIFIRST CORP,0.700978
2025-11-01,79133,ATR,APTARGROUP INC,0.65257
2025-11-01,59010,GAP,GAP INC,0.645122
2025-11-01,76708,ATGE,ADTALEM GLOBAL EDUCATION INC,0.631371
2025-11-01,65307,RPM,R P M INTERNATIONAL INC,0.607164
2025-11-01,90708,MORN,MORNINGSTAR INC,0.579696
2025-11-01,42550,NEU,NEWMARKET CORP,0.574234
2025-11-01,49680,DHR,DANAHER CORP,0.555766
2025-11-01,20188,CRC,CALIFORNIA RESOURCES CORP,0.52376
2025-11-01,10696,FI,FISERV INC,0.513989
2025-11-01,21936,PFE,PFIZER INC,0.44724
2025-11-01,92402,MSCI,M S C I INC,0.414084
2025-11-01,13901,MO,ALTRIA GROUP INC,0.383959
2025-11-01,77496,MHK,MOHAWK INDUSTRIES INC,0.25748
2025-11-01,76841,BIIB,BIOGEN INC,0.215194
2025-11-01,20892,COIN,COINBASE GLOBAL INC,0.214724
2025-11-01,82694,EME,EMCOR GROUP INC,0.161545
2025-11-01,62092,TMO,THERMO FISHER SCIENTIFIC INC,0.106541
2025-11-01,25590,NFG,NATIONAL FUEL GAS CO N J,0.084154
2025-11-01,87137,DVN,DEVON ENERGY CORP NEW,0.050839
2025-11-01,22199,COCO,VITA COCO CO INC,-0.000978
2025-11-01,91204,POR,PORTLAND GENERAL ELECTRIC CO,-0.001825
2025-11-01,21890,BROS,DUTCH BROS INC,-0.00644
2025-11-01,14811,FWONK,LIBERTY MEDIA CORP 3RD NEW,-0.083685
2025-11-01,27991,PNW,PINNACLE WEST CAPITAL CORP,-0.14234
2025-11-01,86211,MSTR,STRATEGY INC,-0.269975
2025-11-01,53110,BMI,BADGER METER INC,-0.29336
2025-11-01,61567,HXL,HEXCEL CORP NEW,-0.320724
2025-11-01,13908,PFSI,PENNYMAC FINANCIAL SVCS INC NEW,-0.417048
2025-11-01,63125,AGYS,AGILYSYS INC,-0.453798
2025-11-01,75342,MTH,MERITAGE HOMES CORP,-0.491471
2025-11-01,88615,ITGR,INTEGER HOLDINGS CORP,-0.49919
2025-11-01,27887,BAX,BAXTER INTERNATIONAL INC,-0.58628
2025-11-01,18835,DKNG,DRAFTKINGS INC,-0.632314
2025-11-01,90520,CE,CELANESE CORP DEL,-0.660928
2025-11-01,11644,CRK,COMSTOCK RESOURCES INC,-0.667029
2025-11-01,21905,WRBY,WARBY PARKER INC,-0.707029
2025-11-01,77357,SNPS,SYNOPSYS INC,-0.70813
2025-11-01,86288,CSGP,COSTAR GROUP INC,-0.714543
2025-11-01,66376,WSO,WATSCO INC,-0.715553
2025-11-01,59328,INTC,INTEL CORP,-0.737535
2025-11-01,21331,AUR,AURORA INNOVATION INC,-0.77243
2025-11-01,21352,FA,FIRST ADVANTAGE CORP,-0.817395
2025-11-01,12591,APO,APOLLO GLOBAL MANAGEMENT INC NEW,-0.849202
2025-11-01,19561,BA,BOEING CO,-0.850494
2025-11-01,90776,WAL,WESTERN ALLIANCE BANCORPORATION,-0.857657
2025-11-01,80286,TSCO,TRACTOR SUPPLY CO NEW,-0.869986
2025-11-01,89031,AXON,AXON ENTERPRISE INC,-0.871824
2025-11-01,92729,JBTM,J B T MAREL CORP,-0.87387
2025-11-01,15535,OLLI,OLLIES BARGAIN OUTLET HLD INC,-0.874662
2025-11-01,20583,EXE,EXPAND ENERGY CORP,-0.884308
2025-11-01,90312,WLK,WESTLAKE CORP,-0.889673
2025-11-01,58683,LUV,SOUTHWEST AIRLINES CO,-0.890078
2025-11-01,91041,LYV,LIVE NATION ENTERTAINMENT INC,-0.891907
2025-11-01,93436,TSLA,TESLA INC,-0.896388
2025-11-01,17801,ROAD,CONSTRUCTION PARTNERS INC,-0.897126
2025-11-01,16600,HSY,HERSHEY CO,-0.903602
2025-11-01,20067,SOFI,SOFI TECHNOLOGIES INC,-0.904472
2025-11-01,22618,TPG,T P G INC,-0.905742
2025-11-01,77702,SBUX,STARBUCKS CORP,-0.91071
2025-11-01,80924,SIRI,SIRIUS X M HOLDINGS INC NEW,-0.911222
2025-11-01,84319,LAD,LITHIA MOTORS INC,-0.918385
2025-11-01,87356,TKO,T K O GROUP HOLDINGS INC,-0.92959
2025-11-01,86810,TREX,TREX COMPANY INC,-0.931897
2025-11-01,17144,GIS,GENERAL MILLS INC,-0.932596
2025-11-01,89971,SGI,SOMNIGROUP INTERNATIONAL INC,-0.93756
2025-11-01,21415,S,SENTINELONE INC,-0.940053
2025-11-01,14558,ALLY,ALLY FINANCIAL INC,-0.950214
2025-11-01,19854,EBC,EASTERN BANKSHARES INC,-0.962572
2025-11-01,63773,TDS,TELEPHONE & DATA SYSTEMS INC,-0.962856
2025-11-01,92326,CVI,C V R ENERGY,-0.972335
2025-11-01,21928,IDA,IDACORP INC,-0.973047
2025-11-01,21792,CNP,CENTERPOINT ENERGY INC,-0.980468
2025-11-01,14401,OGS,ONE GAS INC,-0.987466
2025-11-01,84761,TTWO,TAKE TWO INTERACTIVE SOFTWR INC,-0.98903
2025-11-01,55511,TXNM,T X N M ENERGY INC,-0.999008
2025-11-01,12400,LPLA,L P L FINANCIAL HOLDINGS INC,-1.0
2025-11-01,12623,HII,HUNTINGTON INGALLS INDS INC,-1.0
2025-11-01,13511,PANW,PALO ALTO NETWORKS INC,-1.0
2025-11-01,14044,AGIO,AGIOS PHARMACEUTICALS INC,-1.0
2025-11-01,14436,RARE,ULTRAGENYX PHARMACEUTICALS INC,-1.0
2025-11-01,14472,VRNS,VARONIS SYSTEMS INC,-1.0
2025-11-01,14773,PARR,PAR PACIFIC HOLDINGS INC,-1.0
2025-11-01,14823,OCUL,OCULAR THERAPEUTIX INC,-1.0
2025-11-01,15398,CC,CHEMOURS CO,-1.0
2025-11-01,15649,MSGS,MADISON SQUARE GARD SPORTS CORP,-1.0
2025-11-01,15831,AXSM,AXSOME THERAPEUTICS INC,-1.0
2025-11-01,16386,IRTC,IRHYTHM TECHNOLOGIES INC,-1.0
2025-11-01,16680,QXO,Q X O INC,-1.0
2025-11-01,17000,RYTM,RHYTHM PHARMACEUTICALS INC,-1.0
2025-11-01,17341,ZS,ZSCALER INC,-1.0
2025-11-01,17374,RCUS,ARCUS BIOSCIENCES INC,-1.0
2025-11-01,18428,DOW,DOW INC,-1.0
2025-11-01,18575,PSN,PARSONS CORP,-1.0
2025-11-01,18656,IDYA,IDEAYA BIOSCIENCES INC,-1.0
2025-11-01,18726,CRWD,CROWDSTRIKE HOLDINGS INC,-1.0
2025-11-01,18770,BBIO,BRIDGEBIO PHARMA INC,-1.0
2025-11-01,18776,IMVT,IMMUNOVANT INC,-1.0
2025-11-01,18909,NET,CLOUDFLARE INC,-1.0
2025-11-01,19484,PCVX,VAXCYTE INC,-1.0
2025-11-01,19565,NCNO,NCINO INC NEW,-1.0
2025-11-01,19577,RKT,ROCKET COMPANIES INC,-1.0
2025-11-01,19628,IRON,DISC MEDICINE INC,-1.0
2025-11-01,19655,STEP,STEPSTONE GROUP INC,-1.0
2025-11-01,19849,SMMT,SUMMIT THERAPEUTICS INC,-1.0
2025-11-01,20126,JOBY,JOBY AVIATION INC,-1.0
2025-11-01,20512,CACI,CACI INTERNATIONAL INC,-1.0
2025-11-01,20648,RBLX,ROBLOX CORP,-1.0
2025-11-01,21017,ALKT,ALKAMI TECHNOLOGY INC,-1.0
2025-11-01,21237,PCOR,PROCORE TECHNOLOGIES INC,-1.0
2025-11-01,21605,RYAN,RYAN SPECIALTY HOLDINGS INC,-1.0
2025-11-01,21747,NUVL,NUVALENT INC,-1.0
2025-11-01,21927,DJT,TRUMP MEDIA & TECH GRP CORP,-1.0
2025-11-01,32707,HP,HELMERICH & PAYNE INC,-1.0
2025-11-01,42585,SJM,SMUCKER J M CO,-1.0
2025-11-01,76661,IONS,IONIS PHARMACEUTICALS INC,-1.0
2025-11-01,76672,RDNT,RADNET INC,-1.0
2025-11-01,76868,AAON,AAON INC,-1.0
2025-11-01,79839,ITRI,ITRON INC,-1.0
2025-11-01,79864,VSEC,V S E CORP,-1.0
2025-11-01,81540,COR,CENCORA INC,-1.0
2025-11-01,81584,CBZ,CBIZ INC,-1.0
2025-11-01,83509,FCN,F T I CONSULTING INC,-1.0
2025-11-01,85464,CWST,CASELLA WASTE SYSTEMS INC,-1.0
2025-11-01,87430,KTOS,KRATOS DEFENSE & SECUR SOLS INC,-1.0
2025-11-01,88351,INSM,INSMED INC,-1.0
2025-11-01,88863,EXAS,EXACT SCIENCES CORP,-1.0
2025-11-01,90175,XPO,X P O INC,-1.0
2025-11-01,90444,ORA,ORMAT TECHNOLOGIES INC,-1.0
2025-11-01,90988,BKD,BROOKDALE SENIOR LIVING INC,-1.0
2025-11-01,91575,HRI,HERC HOLDINGS INC,-1.0
2025-11-01,91611,FSLR,FIRST SOLAR INC,-1.0
2025-11-01,91612,GSAT,GLOBALSTAR INC,-1.0
2025-11-01,91733,AVAV,AEROVIRONMENT INC,-1.0
2025-11-01,92040,FOLD,AMICUS THERAPEUTICS INC,-1.0
2025-12-01,10421,SKYW,SKYWEST INC,1.0
2025-12-01,10696,FISV,FISERV INC,1.0
2025-12-01,11995,COKE,COCA COLA CONSOLIDATED INC,1.0
2025-12-01,12622,HCA,H C A HEALTHCARE INC,1.0
2025-12-01,13967,PTCT,P T C THERAPEUTICS INC,1.0
2025-12-01,14593,AAPL,APPLE INC,1.0
2025-12-01,16126,AZZ,A Z Z INC,1.0
2025-12-01,16560,REVG,R E V GROUP INC,1.0
2025-12-01,16631,VRRM,VERRA MOBILITY CORP,1.0
2025-12-01,16738,AM,ANTERO MIDSTREAM CORP,1.0
2025-12-01,16967,CARG,CARGURUS INC,1.0
2025-12-01,18065,GTX,GARRETT MOTION INC,1.0
2025-12-01,18424,LEVI,LEVI STRAUSS & CO,1.0
2025-12-01,18563,PLMR,PALOMAR HOLDINGS INC,1.0
2025-12-01,18973,BRC,BRADY CORP,1.0
2025-12-01,21207,NEM,NEWMONT CORP,1.0
2025-12-01,22752,MRK,MERCK & CO INC NEW,1.0
2025-12-01,41355,PH,PARKER HANNIFIN CORP,1.0
2025-12-01,60871,ADI,ANALOG DEVICES INC,1.0
2025-12-01,76095,HOLX,HOLOGIC INC,1.0
2025-12-01,76128,VICR,VICOR CORP,1.0
2025-12-01,76573,MLI,MUELLER INDUSTRIES INC,1.0
2025-12-01,77274,GILD,GILEAD SCIENCES INC,1.0
2025-12-01,77605,BSX,BOSTON SCIENTIFIC CORP,1.0
2025-12-01,79637,UHS,UNIVERSAL HEALTH SERVICES INC,1.0
2025-12-01,80128,VMI,VALMONT INDUSTRIES INC,1.0
2025-12-01,82702,AMRX,AMNEAL PHARMACEUTICALS INC,1.0
2025-12-01,82775,HIG,HARTFORD INSURANCE GROUP INC,1.0
2025-12-01,85072,RL,RALPH LAUREN CORP,1.0
2025-12-01,85593,AMG,AFFILIATED MANAGERS GROUP INC,1.0
2025-12-01,85621,MTD,METTLER TOLEDO INTERNATIONAL INC,1.0
2025-12-01,85753,VRSN,VERISIGN INC,1.0
2025-12-01,87137,DVN,DEVON ENERGY CORP NEW,1.0
2025-12-01,87432,A,AGILENT TECHNOLOGIES INC,1.0
2025-12-01,87657,EW,EDWARDS LIFESCIENCES CORP,1.0
2025-12-01,88664,JKHY,HENRY JACK & ASSOC INC,1.0
2025-12-01,88860,ALGN,ALIGN TECHNOLOGY INC,1.0
2025-12-01,89792,CVCO,CAVCO INDUSTRIES INC DEL,1.0
2025-12-01,90249,ENS,ENERSYS,1.0
2025-12-01,90319,GOOGL,ALPHABET INC,1.0
2025-12-01,90377,ONTO,ONTO INNOVATION INC,1.0
2025-12-01,90436,HALO,HALOZYME THERAPEUTICS INC,1.0
2025-12-01,91413,EVR,EVERCORE INC,1.0
2025-12-01,93002,AVGO,BROADCOM INC,1.0
2025-12-01,91233,MA,MASTERCARD INC,0.994343
2025-12-01,12570,ITT,I T T INC,0.992071
2025-12-01,48486,LRCX,LAM RESH CORP,0.987716
2025-12-01,13543,GMED,GLOBUS MEDICAL INC,0.981124
2025-12-01,20053,SNV,SYNOVUS FINANCIAL CORP,0.975811
2025-12-01,48725,UNP,UNION PACIFIC CORP,0.974556
2025-12-01,46886,KLAC,K L A CORP,0.971093
2025-12-01,11691,MATX,MATSON INC,0.968583
2025-12-01,76478,ESE,E S C O TECHNOLOGIES INC,0.967098
2025-12-01,91516,AWI,ARMSTRONG WORLD INDS INC NEW,0.963587
2025-12-01,79758,BYD,BOYD GAMING CORP,0.957364
2025-12-01,87056,BMRN,BIOMARIN PHARMACEUTICAL INC,0.950515
2025-12-01,68196,SEIC,S E I INVESTMENTS CO,0.946845
2025-12-01,86102,FHI,FEDERATED HERMES INC,0.942047
2025-12-01,85631,ADSK,AUTODESK INC,0.941313
2025-12-01,89916,NXST,NEXSTAR MEDIA GROUP INC,0.93948
2025-12-01,20894,APP,APPLOVIN CORP,0.9376
2025-12-01,17223,ADT,A D T INC,0.930246
2025-12-01,85645,INGR,INGREDION INC,0.928796
2025-12-01,77178,QCOM,QUALCOMM INC,0.926175
2025-12-01,65700,USLM,UNITED STATES LIME MINERALS INC,0.918537
2025-12-01,46463,GFF,GRIFFON CORP,0.915112
2025-12-01,10693,EHC,ENCOMPASS HEALTH CORP,0.91034
2025-12-01,91234,MWA,MUELLER WATER PRODUCTS INC,0.908871
2025-12-01,75603,CRUS,CIRRUS LOGIC INC,0.904187
2025-12-01,18592,CTVA,CORTEVA INC,0.902586
2025-12-01,75510,ADBE,ADOBE INC,0.901556
2025-12-01,11018,FBP,FIRST BANCORP P R,0.888513
2025-12-01,13788,ZTS,ZOETIS INC,0.886571
2025-12-01,91531,OC,OWENS CORNING NEW,0.88647
2025-12-01,11581,EPAC,ENERPAC TOOL GROUP CORP,0.886451
2025-12-01,75912,PTC,P T C INC,0.880588
2025-12-01,14318,NMIH,N M I HOLDINGS INC,0.879912
2025-12-01,17332,VCTR,VICTORY CAPITAL HOLDINGS INC,0.879744
2025-12-01,86580,NVDA,NVIDIA CORP,0.871105
2025-12-01,26403,DIS,DISNEY WALT CO,0.86503
2025-12-01,79668,BDC,BELDEN INC NEW,0.862573
2025-12-01,83779,PEGA,PEGASYSTEMS INC,0.857475
2025-12-01,89525,CMCSA,COMCAST CORP NEW,0.852699
2025-12-01,15623,HLI,HOULIHAN LOKEY INC,0.848457
2025-12-01,90829,CF,C F INDUSTRIES HOLDINGS INC,0.843848
2025-12-01,92852,LOPE,GRAND CANYON EDUCATION INC,0.834694
2025-12-01,13963,NWSA,NEWS CORP NEW,0.830454
2025-12-01,83601,WOR,WORTHINGTON ENTERPRISES INC,0.827701
2025-12-01,13407,META,META PLATFORMS INC,0.82663
2025-12-01,90550,DLB,DOLBY LABORATORIES INC,0.807763
2025-12-01,18064,FTDR,FRONTDOOR INC,0.795839
2025-12-01,65306,UNF,UNIFIRST CORP,0.781522
2025-12-01,92221,MELI,MERCADOLIBRE INC,0.7788
2025-12-01,34032,MAS,MASCO CORP,0.751488
2025-12-01,19455,OPEN,OPENDOOR TECHNOLOGIES INC,0.750887
2025-12-01,84723,LNG,CHENIERE ENERGY INC,0.749211
2025-12-01,13046,UI,UBIQUITI INC,0.738815
2025-12-01,79133,ATR,APTARGROUP INC,0.699768
2025-12-01,90215,CRM,SALESFORCE INC,0.654215
2025-12-01,76708,ATGE,ADTALEM GLOBAL EDUCATION INC,0.5943
2025-12-01,65307,RPM,R P M INTERNATIONAL INC,0.594057
2025-12-01,36281,SEB,SEABOARD CORP,0.588834
2025-12-01,90708,MORN,MORNINGSTAR INC,0.58494
2025-12-01,49680,DHR,DANAHER CORP,0.583509
2025-12-01,64282,BBWI,BATH & BODY WORKS INC,0.581718
2025-12-01,42550,NEU,NEWMARKET CORP,0.569237
2025-12-01,20188,CRC,CALIFORNIA RESOURCES CORP,0.528956
2025-12-01,88873,GPN,GLOBAL PAYMENTS INC,0.489055
2025-12-01,21936,PFE,PFIZER INC,0.473889
2025-12-01,13901,MO,ALTRIA GROUP INC,0.400714
2025-12-01,92402,MSCI,M S C I INC,0.39663
2025-12-01,77496,MHK,MOHAWK INDUSTRIES INC,0.261825
2025-12-01,76841,BIIB,BIOGEN INC,0.253352
2025-12-01,25590,NFG,NATIONAL FUEL GAS CO N J,0.146925
2025-12-01,82694,EME,EMCOR GROUP INC,0.146545
2025-12-01,62092,TMO,THERMO FISHER SCIENTIFIC INC,0.110622
2025-12-01,53225,GHC,GRAHAM HOLDINGS CO,0.106733
2025-12-01,81282,ACIW,A C I WORLDWIDE INC,0.033382
2025-12-01,22199,COCO,VITA COCO CO INC,-0.001266
2025-12-01,91204,POR,PORTLAND GENERAL ELECTRIC CO,-0.002025
2025-12-01,21890,BROS,DUTCH BROS INC,-0.006777
2025-12-01,19593,MIR,MIRION TECHNOLOGIES INC,-0.036732
2025-12-01,14811,FWONK,LIBERTY MEDIA CORP 3RD NEW,-0.08019
2025-12-01,27991,PNW,PINNACLE WEST CAPITAL CORP,-0.14716
2025-12-01,53110,BMI,BADGER METER INC,-0.290025
2025-12-01,61567,HXL,HEXCEL CORP NEW,-0.342261
2025-12-01,63125,AGYS,AGILYSYS INC,-0.443389
2025-12-01,13908,PFSI,PENNYMAC FINANCIAL SVCS INC NEW,-0.445905
2025-12-01,88615,ITGR,INTEGER HOLDINGS CORP,-0.55652
2025-12-01,27887,BAX,BAXTER INTERNATIONAL INC,-0.593402
2025-12-01,89031,AXON,AXON ENTERPRISE INC,-0.640488
2025-12-01,77357,SNPS,SYNOPSYS INC,-0.65012
2025-12-01,66376,WSO,WATSCO INC,-0.671379
2025-12-01,18835,DKNG,DRAFTKINGS INC,-0.683532
2025-12-01,86288,CSGP,COSTAR GROUP INC,-0.712287
2025-12-01,90520,CE,CELANESE CORP DEL,-0.71413
2025-12-01,16655,CVNA,CARVANA CO,-0.722208
2025-12-01,59328,INTC,INTEL CORP,-0.745826
2025-12-01,17341,ZS,ZSCALER INC,-0.756485
2025-12-01,91041,LYV,LIVE NATION ENTERTAINMENT INC,-0.781378
2025-12-01,18909,NET,CLOUDFLARE INC,-0.787395
2025-12-01,19561,BA,BOEING CO,-0.797077
2025-12-01,20126,JOBY,JOBY AVIATION INC,-0.829168
2025-12-01,20648,RBLX,ROBLOX CORP,-0.832637
2025-12-01,87430,KTOS,KRATOS DEFENSE & SECUR SOLS INC,-0.836944
2025-12-01,93436,TSLA,TESLA INC,-0.841875
2025-12-01,21415,S,SENTINELONE INC,-0.850852
2025-12-01,17801,ROAD,CONSTRUCTION PARTNERS INC,-0.852451
2025-12-01,13511,PANW,PALO ALTO NETWORKS INC,-0.860274
2025-12-01,90312,WLK,WESTLAKE CORP,-0.868416
2025-12-01,80286,TSCO,TRACTOR SUPPLY CO NEW,-0.881958
2025-12-01,81584,CBZ,CBIZ INC,-0.882443
2025-12-01,15535,OLLI,OLLIES BARGAIN OUTLET HLD INC,-0.88868
2025-12-01,21352,FA,FIRST ADVANTAGE CORP,-0.895831
2025-12-01,12591,APO,APOLLO GLOBAL MANAGEMENT INC NEW,-0.901846
2025-12-01,20067,SOFI,SOFI TECHNOLOGIES INC,-0.902967
2025-12-01,90776,WAL,WESTERN ALLIANCE BANCORPORATION,-0.906279
2025-12-01,84319,LAD,LITHIA MOTORS INC,-0.931286
2025-12-01,18726,CRWD,CROWDSTRIKE HOLDINGS INC,-0.93465
2025-12-01,14472,VRNS,VARONIS SYSTEMS INC,-0.935677
2025-12-01,12400,LPLA,L P L FINANCIAL HOLDINGS INC,-0.941375
2025-12-01,91575,HRI,HERC HOLDINGS INC,-0.942219
2025-12-01,17144,GIS,GENERAL MILLS INC,-0.944593
2025-12-01,84761,TTWO,TAKE TWO INTERACTIVE SOFTWR INC,-0.946316
2025-12-01,11644,CRK,COMSTOCK RESOURCES INC,-0.953532
2025-12-01,87356,TKO,T K O GROUP HOLDINGS INC,-0.953878
2025-12-01,92729,JBTM,J B T MAREL CORP,-0.971237
2025-12-01,22618,TPG,T P G INC,-0.977057
2025-12-01,79839,ITRI,ITRON INC,-0.98413
2025-12-01,90175,XPO,X P O INC,-0.984407
2025-12-01,77702,SBUX,STARBUCKS CORP,-0.985411
2025-12-01,83509,FCN,F T I CONSULTING INC,-0.985716
2025-12-01,79864,VSEC,V S E CORP,-0.994276
2025-12-01,63773,TDS,TELEPHONE & DATA SYSTEMS INC,-0.995921
2025-12-01,21928,IDA,IDACORP INC,-0.99774
2025-12-01,14401,OGS,ONE GAS INC,-1.0
2025-12-01,14436,RARE,ULTRAGENYX PHARMACEUTICALS INC,-1.0
2025-12-01,14558,ALLY,ALLY FINANCIAL INC,-1.0
2025-12-01,14773,PARR,PAR PACIFIC HOLDINGS INC,-1.0
2025-12-01,14823,OCUL,OCULAR THERAPEUTIX INC,-1.0
2025-12-01,15649,MSGS,MADISON SQUARE GARD SPORTS CORP,-1.0
2025-12-01,15831,AXSM,AXSOME THERAPEUTICS INC,-1.0
2025-12-01,16263,PTGX,PROTAGONIST THERAPEUTICS INC,-1.0
2025-12-01,16386,IRTC,IRHYTHM TECHNOLOGIES INC,-1.0
2025-12-01,16600,HSY,HERSHEY CO,-1.0
2025-12-01,16653,HCC,WARRIOR MET COAL INC,-1.0
2025-12-01,17000,RYTM,RHYTHM PHARMACEUTICALS INC,-1.0
2025-12-01,17374,RCUS,ARCUS BIOSCIENCES INC,-1.0
2025-12-01,18428,DOW,DOW INC,-1.0
2025-12-01,18575,PSN,PARSONS CORP,-1.0
2025-12-01,18656,IDYA,IDEAYA BIOSCIENCES INC,-1.0
2025-12-01,18776,IMVT,IMMUNOVANT INC,-1.0
2025-12-01,19201,RVMD,REVOLUTION MEDICINES INC,-1.0
2025-12-01,19484,PCVX,VAXCYTE INC,-1.0
2025-12-01,19577,RKT,ROCKET COMPANIES INC,-1.0
2025-12-01,19628,IRON,DISC MEDICINE INC,-1.0
2025-12-01,19655,STEP,STEPSTONE GROUP INC,-1.0
2025-12-01,19849,SMMT,SUMMIT THERAPEUTICS INC,-1.0
2025-12-01,19854,EBC,EASTERN BANKSHARES INC,-1.0
2025-12-01,20138,CMPO,COMPOSECURE INC,-1.0
2025-12-01,20512,CACI,CACI INTERNATIONAL INC,-1.0
2025-12-01,20583,EXE,EXPAND ENERGY CORP,-1.0
2025-12-01,20916,COMP,COMPASS INC,-1.0
2025-12-01,21017,ALKT,ALKAMI TECHNOLOGY INC,-1.0
2025-12-01,21237,PCOR,PROCORE TECHNOLOGIES INC,-1.0
2025-12-01,21605,RYAN,RYAN SPECIALTY HOLDINGS INC,-1.0
2025-12-01,21747,NUVL,NUVALENT INC,-1.0
2025-12-01,21792,CNP,CENTERPOINT ENERGY INC,-1.0
2025-12-01,21927,DJT,TRUMP MEDIA & TECH GRP CORP,-1.0
2025-12-01,23147,IE,IVANHOE ELECTRIC INC,-1.0
2025-12-01,32707,HP,HELMERICH & PAYNE INC,-1.0
2025-12-01,42585,SJM,SMUCKER J M CO,-1.0
2025-12-01,52708,LEN,LENNAR CORP,-1.0
2025-12-01,55511,TXNM,T X N M ENERGY INC,-1.0
2025-12-01,58683,LUV,SOUTHWEST AIRLINES CO,-1.0
2025-12-01,75342,MTH,MERITAGE HOMES CORP,-1.0
2025-12-01,76661,IONS,IONIS PHARMACEUTICALS INC,-1.0
2025-12-01,76672,RDNT,RADNET INC,-1.0
2025-12-01,76868,AAON,AAON INC,-1.0
2025-12-01,81540,COR,CENCORA INC,-1.0
2025-12-01,85464,CWST,CASELLA WASTE SYSTEMS INC,-1.0
2025-12-01,88351,INSM,INSMED INC,-1.0
2025-12-01,88504,BRKR,BRUKER CORP,-1.0
2025-12-01,88863,EXAS,EXACT SCIENCES CORP,-1.0
2025-12-01,89971,SGI,SOMNIGROUP INTERNATIONAL INC,-1.0
2025-12-01,90444,ORA,ORMAT TECHNOLOGIES INC,-1.0
2025-12-01,90988,BKD,BROOKDALE SENIOR LIVING INC,-1.0
2025-12-01,91402,GTLS,CHART INDUSTRIES INC,-1.0
2025-12-01,91611,FSLR,FIRST SOLAR INC,-1.0
2025-12-01,91612,GSAT,GLOBALSTAR INC,-1.0
2025-12-01,91733,AVAV,AEROVIRONMENT INC,-1.0
2025-12-01,92040,FOLD,AMICUS THERAPEUTICS INC,-1.0
2025-12-01,92294,UEC,URANIUM ENERGY CORP,-1.0
2026-01-01,10696,FISV,FISERV INC,1.0
2026-01-01,13543,GMED,GLOBUS MEDICAL INC,1.0
2026-01-01,14593,AAPL,APPLE INC,1.0
2026-01-01,16126,AZZ,A Z Z INC,1.0
2026-01-01,16560,REVG,R E V GROUP INC,1.0
2026-01-01,16631,VRRM,VERRA MOBILITY CORP,1.0
2026-01-01,16967,CARG,CARGURUS INC,1.0
2026-01-01,18065,GTX,GARRETT MOTION INC,1.0
2026-01-01,18563,PLMR,PALOMAR HOLDINGS INC,1.0
2026-01-01,18973,BRC,BRADY CORP,1.0
2026-01-01,20894,APP,APPLOVIN CORP,1.0
2026-01-01,21207,NEM,NEWMONT CORP,1.0
2026-01-01,22752,MRK,MERCK & CO INC NEW,1.0
2026-01-01,30940,FLS,FLOWSERVE CORP,1.0
2026-01-01,36281,SEB,SEABOARD CORP,1.0
2026-01-01,41355,PH,PARKER HANNIFIN CORP,1.0
2026-01-01,46886,KLAC,K L A CORP,1.0
2026-01-01,48486,LRCX,LAM RESH CORP,1.0
2026-01-01,49680,DHR,DANAHER CORP,1.0
2026-01-01,50876,LLY,LILLY ELI & CO,1.0
2026-01-01,60871,ADI,ANALOG DEVICES INC,1.0
2026-01-01,75912,PTC,P T C INC,1.0
2026-01-01,76128,VICR,VICOR CORP,1.0
2026-01-01,76573,MLI,MUELLER INDUSTRIES INC,1.0
2026-01-01,76709,IDXX,I D E X X LABORATORIES INC,1.0
2026-01-01,79637,UHS,UNIVERSAL HEALTH SERVICES INC,1.0
2026-01-01,80128,VMI,VALMONT INDUSTRIES INC,1.0
2026-01-01,82702,AMRX,AMNEAL PHARMACEUTICALS INC,1.0
2026-01-01,82775,HIG,HARTFORD INSURANCE GROUP INC,1.0
2026-01-01,85072,RL,RALPH LAUREN CORP,1.0
2026-01-01,85593,AMG,AFFILIATED MANAGERS GROUP INC,1.0
2026-01-01,87432,A,AGILENT TECHNOLOGIES INC,1.0
2026-01-01,88664,JKHY,HENRY JACK & ASSOC INC,1.0
2026-01-01,88860,ALGN,ALIGN TECHNOLOGY INC,1.0
2026-01-01,89964,NNI,NELNET INC,1.0
2026-01-01,90249,ENS,ENERSYS,1.0
2026-01-01,90319,GOOGL,ALPHABET INC,1.0
2026-01-01,90377,ONTO,ONTO INNOVATION INC,1.0
2026-01-01,91233,MA,MASTERCARD INC,1.0
2026-01-01,91234,MWA,MUELLER WATER PRODUCTS INC,1.0
2026-01-01,91413,EVR,EVERCORE INC,1.0
2026-01-01,87137,DVN,DEVON ENERGY CORP NEW,0.991829
2026-01-01,76095,HOLX,HOLOGIC INC,0.99047
2026-01-01,89792,CVCO,CAVCO INDUSTRIES INC DEL,0.98863
2026-01-01,10421,SKYW,SKYWEST INC,0.985939
2026-01-01,16738,AM,ANTERO MIDSTREAM CORP,0.984658
2026-01-01,75510,ADBE,ADOBE INC,0.98283
2026-01-01,87657,EW,EDWARDS LIFESCIENCES CORP,0.980489
2026-01-01,79758,BYD,BOYD GAMING CORP,0.978739
2026-01-01,77274,GILD,GILEAD SCIENCES INC,0.978671
2026-01-01,48725,UNP,UNION PACIFIC CORP,0.975067
2026-01-01,86102,FHI,FEDERATED HERMES INC,0.974778
2026-01-01,91516,AWI,ARMSTRONG WORLD INDS INC NEW,0.967481
2026-01-01,68196,SEIC,S E I INVESTMENTS CO,0.963407
2026-01-01,85753,VRSN,VERISIGN INC,0.960999
2026-01-01,89525,CMCSA,COMCAST CORP NEW,0.952267
2026-01-01,85645,INGR,INGREDION INC,0.949384
2026-01-01,26403,DIS,DISNEY WALT CO,0.945726
2026-01-01,77178,QCOM,QUALCOMM INC,0.944399
2026-01-01,85621,MTD,METTLER TOLEDO INTERNATIONAL INC,0.940986
2026-01-01,90436,HALO,HALOZYME THERAPEUTICS INC,0.93945
2026-01-01,18424,LEVI,LEVI STRAUSS & CO,0.938316
2026-01-01,14318,NMIH,N M I HOLDINGS INC,0.938051
2026-01-01,11995,COKE,COCA COLA CONSOLIDATED INC,0.937652
2026-01-01,29612,AIT,APPLIED INDUSTRIAL TECHS INC,0.93561
2026-01-01,77605,BSX,BOSTON SCIENTIFIC CORP,0.935542
2026-01-01,12570,ITT,I T T INC,0.933397
2026-01-01,83779,PEGA,PEGASYSTEMS INC,0.932291
2026-01-01,11018,FBP,FIRST BANCORP P R,0.928879
2026-01-01,12622,HCA,H C A HEALTHCARE INC,0.916751
2026-01-01,85631,ADSK,AUTODESK INC,0.915624
2026-01-01,86580,NVDA,NVIDIA CORP,0.915186
2026-01-01,17223,ADT,A D T INC,0.913196
2026-01-01,65700,USLM,UNITED STATES LIME MINERALS INC,0.901838
2026-01-01,18592,CTVA,CORTEVA INC,0.896303
2026-01-01,46463,GFF,GRIFFON CORP,0.895779
2026-01-01,11581,EPAC,ENERPAC TOOL GROUP CORP,0.89234
2026-01-01,75603,CRUS,CIRRUS LOGIC INC,0.887535
2026-01-01,17332,VCTR,VICTORY CAPITAL HOLDINGS INC,0.886606
2026-01-01,76478,ESE,E S C O TECHNOLOGIES INC,0.884493
2026-01-01,79668,BDC,BELDEN INC NEW,0.88419
2026-01-01,92852,LOPE,GRAND CANYON EDUCATION INC,0.877433
2026-01-01,91531,OC,OWENS CORNING NEW,0.873286
2026-01-01,13788,ZTS,ZOETIS INC,0.867475
2026-01-01,93002,AVGO,BROADCOM INC,0.857402
2026-01-01,18064,FTDR,FRONTDOOR INC,0.848837
2026-01-01,15623,HLI,HOULIHAN LOKEY INC,0.842862
2026-01-01,13963,NWSA,NEWS CORP NEW,0.842086
2026-01-01,13407,META,META PLATFORMS INC,0.840215
2026-01-01,10693,EHC,ENCOMPASS HEALTH CORP,0.828538
2026-01-01,90829,CF,C F INDUSTRIES HOLDINGS INC,0.826627
2026-01-01,83601,WOR,WORTHINGTON ENTERPRISES INC,0.778035
2026-01-01,90550,DLB,DOLBY LABORATORIES INC,0.770731
2026-01-01,92221,MELI,MERCADOLIBRE INC,0.754742
2026-01-01,90215,CRM,SALESFORCE INC,0.750916
2026-01-01,34032,MAS,MASCO CORP,0.732804
2026-01-01,13046,UI,UBIQUITI INC,0.698822
2026-01-01,84723,LNG,CHENIERE ENERGY INC,0.6963
2026-01-01,79133,ATR,APTARGROUP INC,0.68193
2026-01-01,64282,BBWI,BATH & BODY WORKS INC,0.669112
2026-01-01,76708,ATGE,ADTALEM GLOBAL EDUCATION INC,0.662491
2026-01-01,21357,DOCS,DOXIMITY INC,0.661736
2026-01-01,90708,MORN,MORNINGSTAR INC,0.589781
2026-01-01,65307,RPM,R P M INTERNATIONAL INC,0.574197
2026-01-01,19455,OPEN,OPENDOOR TECHNOLOGIES INC,0.566181
2026-01-01,42550,NEU,NEWMARKET CORP,0.512678
2026-01-01,88873,GPN,GLOBAL PAYMENTS INC,0.499635
2026-01-01,21936,PFE,PFIZER INC,0.456942
2026-01-01,92402,MSCI,M S C I INC,0.402433
2026-01-01,13901,MO,ALTRIA GROUP INC,0.397499
2026-01-01,77496,MHK,MOHAWK INDUSTRIES INC,0.246097
2026-01-01,76841,BIIB,BIOGEN INC,0.244072
2026-01-01,82694,EME,EMCOR GROUP INC,0.145306
2026-01-01,25590,NFG,NATIONAL FUEL GAS CO N J,0.14316
2026-01-01,62092,TMO,THERMO FISHER SCIENTIFIC INC,0.108226
2026-01-01,53225,GHC,GRAHAM HOLDINGS CO,0.105638
2026-01-01,22199,COCO,VITA COCO CO INC,-0.001252
2026-01-01,91204,POR,PORTLAND GENERAL ELECTRIC CO,-0.001927
2026-01-01,19930,CCC,C C C INTEL SOLUTIONS HLDGS INC,-0.024945
2026-01-01,19593,MIR,MIRION TECHNOLOGIES INC,-0.032947
2026-01-01,60599,LUMN,LUMEN TECHOLOGIES INC,-0.073245
2026-01-01,14811,FWONK,LIBERTY MEDIA CORP 3RD NEW,-0.082053
2026-01-01,89540,DKS,DICKS SPORTING GOODS INC,-0.135372
2026-01-01,27991,PNW,PINNACLE WEST CAPITAL CORP,-0.143202
2026-01-01,23931,XEL,X C E L ENERGY INC,-0.192448
2026-01-01,53110,BMI,BADGER METER INC,-0.28241
2026-01-01,61567,HXL,HEXCEL CORP NEW,-0.330729
2026-01-01,13908,PFSI,PENNYMAC FINANCIAL SVCS INC NEW,-0.435465
2026-01-01,80286,TSCO,TRACTOR SUPPLY CO NEW,-0.447626
2026-01-01,88615,ITGR,INTEGER HOLDINGS CORP,-0.602968
2026-01-01,27887,BAX,BAXTER INTERNATIONAL INC,-0.603262
2026-01-01,66376,WSO,WATSCO INC,-0.650964
2026-01-01,89031,AXON,AXON ENTERPRISE INC,-0.671438
2026-01-01,17341,ZS,ZSCALER INC,-0.67417
2026-01-01,59328,INTC,INTEL CORP,-0.676193
2026-01-01,86288,CSGP,COSTAR GROUP INC,-0.693909
2026-01-01,20648,RBLX,ROBLOX CORP,-0.707368
2026-01-01,90520,CE,CELANESE CORP DEL,-0.722699
2026-01-01,18575,PSN,PARSONS CORP,-0.726679
2026-01-01,77357,SNPS,SYNOPSYS INC,-0.72851
2026-01-01,18909,NET,CLOUDFLARE INC,-0.772898
2026-01-01,52708,LEN,LENNAR CORP,-0.779813
2026-01-01,15535,OLLI,OLLIES BARGAIN OUTLET HLD INC,-0.78845
2026-01-01,20067,SOFI,SOFI TECHNOLOGIES INC,-0.803594
2026-01-01,11644,CRK,COMSTOCK RESOURCES INC,-0.81991
2026-01-01,13511,PANW,PALO ALTO NETWORKS INC,-0.830753
2026-01-01,84348,VSAT,VIASAT INC,-0.842687
2026-01-01,91041,LYV,LIVE NATION ENTERTAINMENT INC,-0.844619
2026-01-01,17801,ROAD,CONSTRUCTION PARTNERS INC,-0.846266
2026-01-01,18726,CRWD,CROWDSTRIKE HOLDINGS INC,-0.857567
2026-01-01,93436,TSLA,TESLA INC,-0.877503
2026-01-01,21605,RYAN,RYAN SPECIALTY HOLDINGS INC,-0.885972
2026-01-01,17374,RCUS,ARCUS BIOSCIENCES INC,-0.9099
2026-01-01,81584,CBZ,CBIZ INC,-0.911393
2026-01-01,81540,COR,CENCORA INC,-0.912358
2026-01-01,19561,BA,BOEING CO,-0.913176
2026-01-01,21747,NUVL,NUVALENT INC,-0.916763
2026-01-01,14401,OGS,ONE GAS INC,-0.919371
2026-01-01,79839,ITRI,ITRON INC,-0.919644
2026-01-01,17144,GIS,GENERAL MILLS INC,-0.924683
2026-01-01,14472,VRNS,VARONIS SYSTEMS INC,-0.925111
2026-01-01,90776,WAL,WESTERN ALLIANCE BANCORPORATION,-0.931679
2026-01-01,21352,FA,FIRST ADVANTAGE CORP,-0.934982
2026-01-01,42585,SJM,SMUCKER J M CO,-0.935729
2026-01-01,90175,XPO,X P O INC,-0.938712
2026-01-01,16386,IRTC,IRHYTHM TECHNOLOGIES INC,-0.940653
2026-01-01,77702,SBUX,STARBUCKS CORP,-0.949525
2026-01-01,79864,VSEC,V S E CORP,-0.950224
2026-01-01,91611,FSLR,FIRST SOLAR INC,-0.95404
2026-01-01,21928,IDA,IDACORP INC,-0.955098
2026-01-01,21792,CNP,CENTERPOINT ENERGY INC,-0.955852
2026-01-01,90312,WLK,WESTLAKE CORP,-0.958379
2026-01-01,16600,HSY,HERSHEY CO,-0.96444
2026-01-01,18656,IDYA,IDEAYA BIOSCIENCES INC,-0.967395
2026-01-01,84319,LAD,LITHIA MOTORS INC,-0.967776
2026-01-01,89971,SGI,SOMNIGROUP INTERNATIONAL INC,-0.972397
2026-01-01,90444,ORA,ORMAT TECHNOLOGIES INC,-0.975263
2026-01-01,18428,DOW,DOW INC,-0.977166
2026-01-01,21237,PCOR,PROCORE TECHNOLOGIES INC,-0.97905
2026-01-01,84761,TTWO,TAKE TWO INTERACTIVE SOFTWR INC,-0.98166
2026-01-01,19854,EBC,EASTERN BANKSHARES INC,-0.982391
2026-01-01,12591,APO,APOLLO GLOBAL MANAGEMENT INC NEW,-0.98733
2026-01-01,14823,OCUL,OCULAR THERAPEUTIX INC,-0.99605
2026-01-01,11499,CECO,C E C O ENVIRONMENTAL CORP,-1.0
2026-01-01,12400,LPLA,L P L FINANCIAL HOLDINGS INC,-1.0
2026-01-01,13410,SUPN,SUPERNUS PHARMACEUTICALS INC,-1.0
2026-01-01,14436,RARE,ULTRAGENYX PHARMACEUTICALS INC,-1.0
2026-01-01,14558,ALLY,ALLY FINANCIAL INC,-1.0
2026-01-01,14708,VRDN,VIRIDIAN THERAPEUTICS INC,-1.0
2026-01-01,15649,MSGS,MADISON SQUARE GARD SPORTS CORP,-1.0
2026-01-01,15831,AXSM,AXSOME THERAPEUTICS INC,-1.0
2026-01-01,16653,HCC,WARRIOR MET COAL INC,-1.0
2026-01-01,16680,QXO,Q X O INC,-1.0
2026-01-01,17000,RYTM,RHYTHM PHARMACEUTICALS INC,-1.0
2026-01-01,18770,BBIO,BRIDGEBIO PHARMA INC,-1.0
2026-01-01,18776,IMVT,IMMUNOVANT INC,-1.0
2026-01-01,18835,DKNG,DRAFTKINGS INC,-1.0
2026-01-01,19201,RVMD,REVOLUTION MEDICINES INC,-1.0
2026-01-01,19484,PCVX,VAXCYTE INC,-1.0
2026-01-01,19488,RNA,AVIDITY BIOSCIENCES INC,-1.0
2026-01-01,19577,RKT,ROCKET COMPANIES INC,-1.0
2026-01-01,19628,IRON,DISC MEDICINE INC,-1.0
2026-01-01,19655,STEP,STEPSTONE GROUP INC,-1.0
2026-01-01,19849,SMMT,SUMMIT THERAPEUTICS INC,-1.0
2026-01-01,20126,JOBY,JOBY AVIATION INC,-1.0
2026-01-01,20138,CMPO,COMPOSECURE INC,-1.0
2026-01-01,20916,COMP,COMPASS INC,-1.0
2026-01-01,21017,ALKT,ALKAMI TECHNOLOGY INC,-1.0
2026-01-01,21573,IP,INTERNATIONAL PAPER CO,-1.0
2026-01-01,21898,CWAN,CLEARWATER ANALYTICS HLDGS INC,-1.0
2026-01-01,21927,DJT,TRUMP MEDIA & TECH GRP CORP,-1.0
2026-01-01,22618,TPG,T P G INC,-1.0
2026-01-01,23147,IE,IVANHOE ELECTRIC INC,-1.0
2026-01-01,24248,,,-1.0
2026-01-01,32707,HP,HELMERICH & PAYNE INC,-1.0
2026-01-01,55511,TXNM,T X N M ENERGY INC,-1.0
2026-01-01,63773,TDS,TELEPHONE & DATA SYSTEMS INC,-1.0
2026-01-01,75342,MTH,MERITAGE HOMES CORP,-1.0
2026-01-01,76661,IONS,IONIS PHARMACEUTICALS INC,-1.0
2026-01-01,76868,AAON,AAON INC,-1.0
2026-01-01,83509,FCN,F T I CONSULTING INC,-1.0
2026-01-01,85464,CWST,CASELLA WASTE SYSTEMS INC,-1.0
2026-01-01,87430,KTOS,KRATOS DEFENSE & SECUR SOLS INC,-1.0
2026-01-01,88351,INSM,INSMED INC,-1.0
2026-01-01,88504,BRKR,BRUKER CORP,-1.0
2026-01-01,90988,BKD,BROOKDALE SENIOR LIVING INC,-1.0
2026-01-01,91402,GTLS,CHART INDUSTRIES INC,-1.0
2026-01-01,91575,HRI,HERC HOLDINGS INC,-1.0
2026-01-01,91594,,,-1.0
2026-01-01,91612,GSAT,GLOBALSTAR INC,-1.0
2026-01-01,91733,AVAV,AEROVIRONMENT INC,-1.0
2026-01-01,92040,FOLD,AMICUS THERAPEUTICS INC,-1.0
2026-01-01,92294,UEC,URANIUM ENERGY CORP,-1.0
2026-01-01,92729,JBTM,J B T MAREL CORP,-1.0
2026-02-01,13543,GMED,GLOBUS MEDICAL INC,1.0
2026-02-01,14593,AAPL,Apple Inc.,1.0
2026-02-01,16126,AZZ,AZZ INC,1.0
2026-02-01,16260,,,1.0
2026-02-01,16560,,,1.0
2026-02-01,16738,,,1.0
2026-02-01,16967,,,1.0
2026-02-01,18065,,,1.0
2026-02-01,18973,,,1.0
2026-02-01,19455,OPEN,Opendoor Technologies Inc.,1.0
2026-02-01,21207,,,1.0
2026-02-01,21357,,,1.0
2026-02-01,22752,,,1.0
2026-02-01,30940,,,1.0
2026-02-01,36281,,,1.0
2026-02-01,41355,PH,Parker-Hannifin Corp,1.0
2026-02-01,46886,KLAC,KLA CORP,1.0
2026-02-01,48486,LRCX,LAM RESEARCH CORP,1.0
2026-02-01,60628,FDX,FEDEX CORP,1.0
2026-02-01,60871,ADI,ANALOG DEVICES INC,1.0
2026-02-01,68196,SEIC,SEI INVESTMENTS CO,1.0
2026-02-01,75510,ADBE,ADOBE INC.,1.0
2026-02-01,75912,,,1.0
2026-02-01,76128,,,1.0
2026-02-01,76478,,,1.0
2026-02-01,76573,,,1.0
2026-02-01,76709,IDXX,IDEXX LABORATORIES INC /DE,1.0
2026-02-01,77274,,,1.0
2026-02-01,79637,,,1.0
2026-02-01,80128,,,1.0
2026-02-01,82702,AMRX,"Amneal Pharmaceuticals, Inc.",1.0
2026-02-01,85593,,,1.0
2026-02-01,85621,MTD,METTLER TOLEDO INTERNATIONAL INC/,1.0
2026-02-01,85645,INGR,Ingredion Inc,1.0
2026-02-01,86580,NVDA,NVIDIA CORP,1.0
2026-02-01,87137,,,1.0
2026-02-01,88860,,,1.0
2026-02-01,89525,CMCSA,COMCAST CORP,1.0
2026-02-01,90249,,,1.0
2026-02-01,90319,,,1.0
2026-02-01,90377,,,1.0
2026-02-01,91233,MA,Mastercard Inc,1.0
2026-02-01,91234,,,1.0
2026-02-01,91392,,,1.0
2026-02-01,91413,,,1.0
2026-02-01,90436,HALO,"HALOZYME THERAPEUTICS, INC.",0.998191
2026-02-01,85072,RL,RALPH LAUREN CORP,0.996434
2026-02-01,86102,FHI,"FEDERATED HERMES, INC.",0.994505
2026-02-01,90829,CF,"CF Industries Holdings, Inc.",0.993982
2026-02-01,76095,,,0.993349
2026-02-01,89964,NNI,NELNET INC,0.989028
2026-02-01,11018,,,0.988376
2026-02-01,46463,,,0.98796
2026-02-01,87432,,,0.982384
2026-02-01,88664,JKHY,JACK HENRY & ASSOCIATES INC,0.97908
2026-02-01,12570,,,0.977883
2026-02-01,82775,HIG,"HARTFORD INSURANCE GROUP, INC.",0.977116
2026-02-01,75603,,,0.973551
2026-02-01,18592,,,0.970769
2026-02-01,79758,BYD,BOYD GAMING CORP,0.967765
2026-02-01,85753,,,0.963179
2026-02-01,50876,,,0.962078
2026-02-01,12622,HCA,"HCA Healthcare, Inc.",0.956043
2026-02-01,49680,DHR,DANAHER CORP /DE/,0.953186
2026-02-01,29612,,,0.946067
2026-02-01,10696,,,0.945787
2026-02-01,10421,SKYW,SKYWEST INC,0.944785
2026-02-01,11581,,,0.939134
2026-02-01,26403,,,0.934825
2026-02-01,87657,EW,Edwards Lifesciences Corp,0.932807
2026-02-01,11995,,,0.928803
2026-02-01,91516,AWI,ARMSTRONG WORLD INDUSTRIES INC,0.927317
2026-02-01,77605,BSX,BOSTON SCIENTIFIC CORP,0.914878
2026-02-01,92852,,,0.914528
2026-02-01,18563,,,0.914112
2026-02-01,13407,META,"Meta Platforms, Inc.",0.909498
2026-02-01,65700,,,0.905082
2026-02-01,17223,,,0.902536
2026-02-01,18424,LEVI,LEVI STRAUSS & CO,0.896593
2026-02-01,79668,BDC,BELDEN INC.,0.888821
2026-02-01,14318,,,0.887633
2026-02-01,13963,,,0.868897
2026-02-01,18064,,,0.867184
2026-02-01,13788,,,0.861679
2026-02-01,16631,,,0.858223
2026-02-01,83601,WOR,"WORTHINGTON ENTERPRISES, INC.",0.836049
2026-02-01,77178,QCOM,QUALCOMM INC/DE,0.834124
2026-02-01,89792,CVCO,"CAVCO INDUSTRIES, INC.",0.820452
2026-02-01,93002,AVGO,Broadcom Inc.,0.818165
2026-02-01,15623,HLI,"HOULIHAN LOKEY, INC.",0.81193
2026-02-01,85631,ADSK,"Autodesk, Inc.",0.779435
2026-02-01,90550,DLB,"Dolby Laboratories, Inc.",0.768059
2026-02-01,34032,MAS,MASCO CORP /DE/,0.760975
2026-02-01,84723,LNG,"Cheniere Energy, Inc.",0.755571
2026-02-01,10693,,,0.736742
2026-02-01,64282,,,0.724419
2026-02-01,20894,,,0.699131
2026-02-01,79133,,,0.696602
2026-02-01,13046,,,0.694288
2026-02-01,83779,PEGA,PEGASYSTEMS INC,0.679614
2026-02-01,76708,ATGE,Adtalem Global Education Inc.,0.661016
2026-02-01,90215,,,0.599506
2026-02-01,65307,RPM,RPM INTERNATIONAL INC/DE/,0.591692
2026-02-01,90708,MORN,"Morningstar, Inc.",0.548008
2026-02-01,11154,PLAB,PHOTRONICS INC,0.542935
2026-02-01,21936,,,0.491966
2026-02-01,88873,GPN,GLOBAL PAYMENTS INC,0.4616
2026-02-01,92402,MSCI,MSCI Inc.,0.426119
2026-02-01,42550,,,0.422494
2026-02-01,77496,,,0.265803
2026-02-01,76841,BIIB,BIOGEN INC.,0.248749
2026-02-01,17332,VCTR,"Victory Capital Holdings, Inc.",0.205216
2026-02-01,25590,NFG,NATIONAL FUEL GAS CO,0.149329
2026-02-01,53225,,,0.111862
2026-02-01,62092,TMO,THERMO FISHER SCIENTIFIC INC.,0.107744
2026-02-01,19635,HRMY,"Harmony Biosciences Holdings, Inc.",0.056358
2026-02-01,22199,COCO,"Vita Coco Company, Inc.",-0.001257
2026-02-01,19930,,,-0.023709
2026-02-01,19593,,,-0.034846
2026-02-01,14811,FWONK,Liberty Media Corp,-0.072236
2026-02-01,60599,LUMN,"Lumen Technologies, Inc.",-0.082924
2026-02-01,89540,,,-0.137722
2026-02-01,27991,,,-0.150618
2026-02-01,23931,XEL,XCEL ENERGY INC,-0.197603
2026-02-01,53110,BMI,BADGER METER INC,-0.236499
2026-02-01,13908,PFSI,"PennyMac Financial Services, Inc.",-0.328727
2026-02-01,61567,HXL,HEXCEL CORP /DE/,-0.369613
2026-02-01,79859,,,-0.371256
2026-02-01,80286,TSCO,TRACTOR SUPPLY CO /DE/,-0.45407
2026-02-01,89031,,,-0.5697
2026-02-01,20648,,,-0.571943
2026-02-01,17341,ZS,"Zscaler, Inc.",-0.597482
2026-02-01,27887,,,-0.631758
2026-02-01,86288,CSGP,"COSTAR GROUP, INC.",-0.632591
2026-02-01,88615,,,-0.665968
2026-02-01,18909,,,-0.692957
2026-02-01,20067,SOFI,"SoFi Technologies, Inc.",-0.697741
2026-02-01,81584,CBZ,"CBIZ, Inc.",-0.708135
2026-02-01,19969,,,-0.712603
2026-02-01,77357,,,-0.719182
2026-02-01,66376,,,-0.750512
2026-02-01,21237,,,-0.757395
2026-02-01,90520,CE,Celanese Corp,-0.757452
2026-02-01,15535,,,-0.79112
2026-02-01,18835,,,-0.795317
2026-02-01,13511,PANW,Palo Alto Networks Inc,-0.795653
2026-02-01,20126,JOBY,"Joby Aviation, Inc.",-0.797758
2026-02-01,17374,,,-0.80064
2026-02-01,14401,OGS,"ONE Gas, Inc.",-0.80186
2026-02-01,18726,,,-0.80495
2026-02-01,16386,,,-0.816273
2026-02-01,18575,PSN,PARSONS CORP,-0.821625
2026-02-01,21605,,,-0.825828
2026-02-01,52708,,,-0.82716
2026-02-01,93436,TSLA,"Tesla, Inc.",-0.837192
2026-02-01,14472,,,-0.83885
2026-02-01,84761,,,-0.84172
2026-02-01,59328,INTC,INTEL CORP,-0.849535
2026-02-01,91041,,,-0.85957
2026-02-01,21352,FA,FIRST ADVANTAGE CORP,-0.865898
2026-02-01,18656,IDYA,"IDEAYA Biosciences, Inc.",-0.897892
2026-02-01,16923,,,-0.910502
2026-02-01,21017,,,-0.915509
2026-02-01,22618,TPG,TPG Inc.,-0.919776
2026-02-01,17144,GIS,GENERAL MILLS INC,-0.929718
2026-02-01,21747,,,-0.934975
2026-02-01,88504,BRKR,BRUKER CORP,-0.93714
2026-02-01,84319,,,-0.938984
2026-02-01,89971,SGI,SOMNIGROUP INTERNATIONAL INC.,-0.953905
2026-02-01,19561,BA,BOEING CO,-0.954044
2026-02-01,17000,RYTM,"RHYTHM PHARMACEUTICALS, INC.",-0.954773
2026-02-01,91575,HRI,HERC HOLDINGS INC,-0.963033
2026-02-01,13410,SUPN,"SUPERNUS PHARMACEUTICALS, INC.",-0.966014
2026-02-01,81540,COR,"Cencora, Inc.",-0.967617
2026-02-01,79839,,,-0.978485
2026-02-01,90776,WAL,WESTERN ALLIANCE BANCORPORATION,-0.985181
2026-02-01,21898,,,-0.995756
2026-02-01,21928,,,-0.999248
2026-02-01,11499,,,-1.0
2026-02-01,12400,LPLA,LPL Financial Holdings Inc.,-1.0
2026-02-01,14436,RARE,Ultragenyx Pharmaceutical Inc.,-1.0
2026-02-01,14708,,,-1.0
2026-02-01,15286,,,-1.0
2026-02-01,15303,,,-1.0
2026-02-01,15649,,,-1.0
2026-02-01,15831,AXSM,"Axsome Therapeutics, Inc.",-1.0
2026-02-01,16600,,,-1.0
2026-02-01,16653,HCC,"WARRIOR MET COAL, INC.",-1.0
2026-02-01,16680,QXO,"QXO, Inc.",-1.0
2026-02-01,17366,,,-1.0
2026-02-01,18428,DOW,DOW INC.,-1.0
2026-02-01,18770,BBIO,"BridgeBio Pharma, Inc.",-1.0
2026-02-01,18776,,,-1.0
2026-02-01,19002,BWIN,"Baldwin Insurance Group, Inc.",-1.0
2026-02-01,19201,,,-1.0
2026-02-01,19433,,,-1.0
2026-02-01,19484,,,-1.0
2026-02-01,19488,,,-1.0
2026-02-01,19577,,,-1.0
2026-02-01,19655,,,-1.0
2026-02-01,19849,SMMT,Summit Therapeutics Inc.,-1.0
2026-02-01,19854,EBC,"Eastern Bankshares, Inc.",-1.0
2026-02-01,20138,CMPO,"CompoSecure, Inc.",-1.0
2026-02-01,20916,COMP,"Compass, Inc.",-1.0
2026-02-01,21573,IP,INTERNATIONAL PAPER CO /NEW/,-1.0
2026-02-01,21619,,,-1.0
2026-02-01,21927,DJT,Trump Media & Technology Group Corp.,-1.0
2026-02-01,22758,,,-1.0
2026-02-01,23054,,,-1.0
2026-02-01,23147,,,-1.0
2026-02-01,32707,,,-1.0
2026-02-01,42585,,,-1.0
2026-02-01,55511,TXNM,TXNM ENERGY INC,-1.0
2026-02-01,56274,,,-1.0
2026-02-01,63773,TDS,TELEPHONE & DATA SYSTEMS INC /DE/,-1.0
2026-02-01,75342,MTH,Meritage Homes CORP,-1.0
2026-02-01,76661,IONS,IONIS PHARMACEUTICALS INC,-1.0
2026-02-01,76868,,,-1.0
2026-02-01,77702,SBUX,STARBUCKS CORP,-1.0
2026-02-01,79864,VSEC,VSE CORP,-1.0
2026-02-01,83509,,,-1.0
2026-02-01,84348,VSAT,VIASAT INC,-1.0
2026-02-01,85464,,,-1.0
2026-02-01,87430,,,-1.0
2026-02-01,88351,INSM,INSMED Inc,-1.0
2026-02-01,90175,,,-1.0
2026-02-01,90312,WLK,WESTLAKE CORP,-1.0
2026-02-01,90444,,,-1.0
2026-02-01,90988,BKD,Brookdale Senior Living Inc.,-1.0
2026-02-01,91402,,,-1.0
2026-02-01,91612,,,-1.0
2026-02-01,91733,AVAV,AeroVironment Inc,-1.0
2026-02-01,92040,,,-1.0
2026-02-01,92294,,,-1.0
2026-02-01,92469,,,-1.0
2026-03-01,10421,,,1.0
2026-03-01,11995,COKE,"Coca-Cola Consolidated, Inc.",1.0
2026-03-01,12570,ITT,ITT INC.,1.0
2026-03-01,12622,HCA,"HCA Healthcare, Inc.",1.0
2026-03-01,13543,GMED,GLOBUS MEDICAL INC,1.0
2026-03-01,14593,AAPL,Apple Inc.,1.0
2026-03-01,16126,AZZ,AZZ INC,1.0
2026-03-01,16591,LAUR,"LAUREATE EDUCATION, INC.",1.0
2026-03-01,16631,VRRM,VERRA MOBILITY Corp,1.0
2026-03-01,16738,AM,Antero Midstream Corp,1.0
2026-03-01,17223,ADT,ADT Inc.,1.0
2026-03-01,18064,FTDR,"Frontdoor, Inc.",1.0
2026-03-01,18065,GTX,Garrett Motion Inc.,1.0
2026-03-01,18424,,,1.0
2026-03-01,18592,CTVA,"Corteva, Inc.",1.0
2026-03-01,18973,BRC,BRADY CORP,1.0
2026-03-01,19455,OPEN,Opendoor Technologies Inc.,1.0
2026-03-01,20894,APP,AppLovin Corp,1.0
2026-03-01,21207,NEM,NEWMONT Corp /DE/,1.0
2026-03-01,22752,MRK,"Merck & Co., Inc.",1.0
2026-03-01,29612,,,1.0
2026-03-01,30940,FLS,FLOWSERVE CORP,1.0
2026-03-01,36281,,,1.0
2026-03-01,41355,,,1.0
2026-03-01,46463,GFF,GRIFFON CORP,1.0
2026-03-01,46886,KLAC,KLA CORP,1.0
2026-03-01,60628,FDX,FEDEX CORP,1.0
2026-03-01,60871,ADI,ANALOG DEVICES INC,1.0
2026-03-01,75603,CRUS,"CIRRUS LOGIC, INC.",1.0
2026-03-01,75912,PTC,PTC INC.,1.0
2026-03-01,76128,VICR,VICOR CORP,1.0
2026-03-01,76478,ESE,ESCO TECHNOLOGIES INC,1.0
2026-03-01,77274,GILD,"GILEAD SCIENCES, INC.",1.0
2026-03-01,79637,UHS,UNIVERSAL HEALTH SERVICES INC,1.0
2026-03-01,79668,BDC,BELDEN INC.,1.0
2026-03-01,80128,VMI,VALMONT INDUSTRIES INC,1.0
2026-03-01,82702,AMRX,"Amneal Pharmaceuticals, Inc.",1.0
2026-03-01,82775,,,1.0
2026-03-01,83779,PEGA,PEGASYSTEMS INC,1.0
2026-03-01,85072,RL,RALPH LAUREN CORP,1.0
2026-03-01,85753,VRSN,VERISIGN INC/CA,1.0
2026-03-01,86102,,,1.0
2026-03-01,87137,DVN,DEVON ENERGY CORP/DE,1.0
2026-03-01,88860,ALGN,ALIGN TECHNOLOGY INC,1.0
2026-03-01,89525,CMCSA,COMCAST CORP,1.0
2026-03-01,90319,GOOGL,Alphabet Inc.,1.0
2026-03-01,90377,ONTO,ONTO INNOVATION INC.,1.0
2026-03-01,90829,CF,"CF Industries Holdings, Inc.",1.0
2026-03-01,91234,MWA,"Mueller Water Products, Inc.",1.0
2026-03-01,91392,TNL,Travel & Leisure Co.,1.0
2026-03-01,48486,LRCX,LAM RESEARCH CORP,0.999042
2026-03-01,76095,,,0.996268
2026-03-01,85621,MTD,METTLER TOLEDO INTERNATIONAL INC/,0.99243
2026-03-01,85645,INGR,Ingredion Inc,0.991781
2026-03-01,87657,EW,Edwards Lifesciences Corp,0.988783
2026-03-01,76709,IDXX,IDEXX LABORATORIES INC /DE,0.976722
2026-03-01,85593,AMG,"AFFILIATED MANAGERS GROUP, INC.",0.975163
2026-03-01,50876,LLY,ELI LILLY & Co,0.974773
2026-03-01,89964,NNI,NELNET INC,0.970437
2026-03-01,90436,HALO,"HALOZYME THERAPEUTICS, INC.",0.965051
2026-03-01,13046,UI,Ubiquiti Inc.,0.964877
2026-03-01,89792,,,0.960294
2026-03-01,91233,MA,Mastercard Inc,0.957147
2026-03-01,79758,BYD,BOYD GAMING CORP,0.95006
2026-03-01,11018,,,0.949883
2026-03-01,11581,EPAC,ENERPAC TOOL GROUP CORP,0.946742
2026-03-01,16967,CARG,"CarGurus, Inc.",0.944731
2026-03-01,86580,NVDA,NVIDIA CORP,0.924265
2026-03-01,68196,,,0.922869
2026-03-01,10696,FISV,FISERV INC,0.921768
2026-03-01,90249,ENS,EnerSys,0.919282
2026-03-01,49680,DHR,DANAHER CORP /DE/,0.914591
2026-03-01,18563,PLMR,"Palomar Holdings, Inc.",0.91244
2026-03-01,13788,ZTS,Zoetis Inc.,0.90262
2026-03-01,14318,NMIH,"NMI Holdings, Inc.",0.898673
2026-03-01,75510,,,0.892034
2026-03-01,87432,A,"AGILENT TECHNOLOGIES, INC.",0.888111
2026-03-01,88664,,,0.884828
2026-03-01,26403,DIS,Walt Disney Co,0.876185
2026-03-01,91413,EVR,Evercore Inc.,0.87381
2026-03-01,91516,AWI,ARMSTRONG WORLD INDUSTRIES INC,0.873041
2026-03-01,76573,MLI,MUELLER INDUSTRIES INC,0.863661
2026-03-01,65700,USLM,UNITED STATES LIME & MINERALS INC,0.855187
2026-03-01,84723,LNG,"Cheniere Energy, Inc.",0.842129
2026-03-01,83601,,,0.840327
2026-03-01,10693,EHC,Encompass Health Corp,0.838725
2026-03-01,92852,LOPE,"Grand Canyon Education, Inc.",0.834266
2026-03-01,34032,MAS,MASCO CORP /DE/,0.82603
2026-03-01,13407,,,0.820228
2026-03-01,79133,ATR,"APTARGROUP, INC.",0.802215
2026-03-01,90550,DLB,"Dolby Laboratories, Inc.",0.798591
2026-03-01,15623,HLI,"HOULIHAN LOKEY, INC.",0.787708
2026-03-01,93002,,,0.786857
2026-03-01,77178,QCOM,QUALCOMM INC/DE,0.781
2026-03-01,13963,,,0.778385
2026-03-01,16260,MEDP,"Medpace Holdings, Inc.",0.77278
2026-03-01,64282,BBWI,"Bath & Body Works, Inc.",0.760496
2026-03-01,85631,ADSK,"Autodesk, Inc.",0.755677
2026-03-01,77605,BSX,BOSTON SCIENTIFIC CORP,0.749158
2026-03-01,21357,DOCS,"Doximity, Inc.",0.651857
2026-03-01,65307,,,0.629644
2026-03-01,76708,CVSA,Covista Inc.,0.623736
2026-03-01,11154,PLAB,PHOTRONICS INC,0.586332
2026-03-01,90215,CRM,"Salesforce, Inc.",0.548407
2026-03-01,21936,PFE,PFIZER INC,0.513103
2026-03-01,90708,MORN,"Morningstar, Inc.",0.495087
2026-03-01,92402,,,0.400332
2026-03-01,42550,NEU,NEWMARKET CORP,0.393106
2026-03-01,88873,GPN,GLOBAL PAYMENTS INC,0.317845
2026-03-01,77496,MHK,MOHAWK INDUSTRIES INC,0.280529
2026-03-01,76841,BIIB,BIOGEN INC.,0.264549
2026-03-01,17332,VCTR,"Victory Capital Holdings, Inc.",0.200714
2026-03-01,25590,,,0.161891
2026-03-01,44134,KMT,KENNAMETAL INC,0.133172
2026-03-01,53225,GHC,Graham Holdings Co,0.100837
2026-03-01,62092,TMO,THERMO FISHER SCIENTIFIC INC.,0.096735
2026-03-01,19930,,,-0.018169
2026-03-01,19593,MIR,"Mirion Technologies, Inc.",-0.030217
2026-03-01,60599,LUMN,"Lumen Technologies, Inc.",-0.066614
2026-03-01,14811,FWONK,Liberty Media Corp,-0.075827
2026-03-01,89540,,,-0.138448
2026-03-01,89353,,,-0.142105
2026-03-01,27991,PNW,PINNACLE WEST CAPITAL CORP,-0.162649
2026-03-01,23931,XEL,XCEL ENERGY INC,-0.216015
2026-03-01,53110,,,-0.245921
2026-03-01,13908,PFSI,"PennyMac Financial Services, Inc.",-0.302507
2026-03-01,79859,,,-0.355332
2026-03-01,61567,,,-0.413541
2026-03-01,17341,ZS,"Zscaler, Inc.",-0.437425
2026-03-01,86288,CSGP,"COSTAR GROUP, INC.",-0.457295
2026-03-01,80286,TSCO,TRACTOR SUPPLY CO /DE/,-0.46345
2026-03-01,17045,ACMR,"ACM Research, Inc.",-0.549546
2026-03-01,20648,RBLX,Roblox Corp,-0.595564
2026-03-01,19655,STEP,StepStone Group Inc.,-0.611431
2026-03-01,89031,AXON,"AXON ENTERPRISE, INC.",-0.6374
2026-03-01,77357,SNPS,SYNOPSYS INC,-0.638132
2026-03-01,14472,VRNS,VARONIS SYSTEMS INC,-0.647029
2026-03-01,13511,PANW,Palo Alto Networks Inc,-0.667313
2026-03-01,18909,NET,"Cloudflare, Inc.",-0.670855
2026-03-01,18726,,,-0.676092
2026-03-01,22618,TPG,TPG Inc.,-0.684628
2026-03-01,18835,,,-0.68699
2026-03-01,15058,,,-0.708481
2026-03-01,21237,PCOR,"PROCORE TECHNOLOGIES, INC.",-0.735833
2026-03-01,21352,FA,FIRST ADVANTAGE CORP,-0.735834
2026-03-01,20126,JOBY,"Joby Aviation, Inc.",-0.757032
2026-03-01,15535,,,-0.765883
2026-03-01,18575,PSN,PARSONS CORP,-0.771711
2026-03-01,20916,COMP,"Compass, Inc.",-0.775954
2026-03-01,93436,,,-0.78058
2026-03-01,84761,TTWO,TAKE TWO INTERACTIVE SOFTWARE INC,-0.805664
2026-03-01,84319,LAD,LITHIA MOTORS INC,-0.809024
2026-03-01,12400,,,-0.821288
2026-03-01,90444,ORA,"ORMAT TECHNOLOGIES, INC.",-0.827198
2026-03-01,59328,,,-0.831434
2026-03-01,88504,BRKR,BRUKER CORP,-0.846071
2026-03-01,90520,CE,Celanese Corp,-0.849556
2026-03-01,21605,RYAN,"RYAN SPECIALTY HOLDINGS, INC.",-0.852636
2026-03-01,52708,,,-0.866494
2026-03-01,14401,OGS,"ONE Gas, Inc.",-0.886043
2026-03-01,15831,AXSM,"Axsome Therapeutics, Inc.",-0.886698
2026-03-01,90776,WAL,WESTERN ALLIANCE BANCORPORATION,-0.888837
2026-03-01,11499,CECO,CECO ENVIRONMENTAL CORP,-0.893685
2026-03-01,17144,,,-0.906414
2026-03-01,21747,,,-0.923815
2026-03-01,79839,ITRI,"ITRON, INC.",-0.925083
2026-03-01,19561,,,-0.926105
2026-03-01,16653,HCC,"WARRIOR MET COAL, INC.",-0.930196
2026-03-01,83509,FCN,"FTI CONSULTING, INC",-0.938518
2026-03-01,91575,HRI,HERC HOLDINGS INC,-0.940954
2026-03-01,19854,,,-0.952045
2026-03-01,17000,RYTM,"RHYTHM PHARMACEUTICALS, INC.",-0.952462
2026-03-01,21898,,,-0.964034
2026-03-01,89971,SGI,SOMNIGROUP INTERNATIONAL INC.,-0.969259
2026-03-01,63773,TDS,TELEPHONE & DATA SYSTEMS INC /DE/,-0.98878
2026-03-01,91402,,,-0.997007
2026-03-01,55511,TXNM,TXNM ENERGY INC,-0.998897
2026-03-01,13410,SUPN,"SUPERNUS PHARMACEUTICALS, INC.",-1.0
2026-03-01,14708,VRDN,"Viridian Therapeutics, Inc.\DE",-1.0
2026-03-01,15649,MSGS,Madison Square Garden Sports Corp.,-1.0
2026-03-01,15707,HPE,Hewlett Packard Enterprise Co,-1.0
2026-03-01,16600,HSY,HERSHEY CO,-1.0
2026-03-01,16680,QXO,"QXO, Inc.",-1.0
2026-03-01,17226,COLD,AMERICOLD REALTY TRUST,-1.0
2026-03-01,17366,HYMC,HYCROFT MINING HOLDING CORP,-1.0
2026-03-01,17374,RCUS,"Arcus Biosciences, Inc.",-1.0
2026-03-01,17700,DAY,"Dayforce, Inc.",-1.0
2026-03-01,17821,,,-1.0
2026-03-01,17892,,,-1.0
2026-03-01,18428,DOW,DOW INC.,-1.0
2026-03-01,18776,IMVT,"Immunovant, Inc.",-1.0
2026-03-01,19002,BWIN,"Baldwin Insurance Group, Inc.",-1.0
2026-03-01,19201,RVMD,"Revolution Medicines, Inc.",-1.0
2026-03-01,19484,PCVX,"Vaxcyte, Inc.",-1.0
2026-03-01,19488,,,-1.0
2026-03-01,19577,RKT,"Rocket Companies, Inc.",-1.0
2026-03-01,19628,IRON,"Disc Medicine, Inc.",-1.0
2026-03-01,19849,SMMT,Summit Therapeutics Inc.,-1.0
2026-03-01,19969,,,-1.0
2026-03-01,20067,,,-1.0
2026-03-01,20138,,,-1.0
2026-03-01,20791,EWTX,"Edgewise Therapeutics, Inc.",-1.0
2026-03-01,21007,,,-1.0
2026-03-01,21573,IP,INTERNATIONAL PAPER CO /NEW/,-1.0
2026-03-01,21619,,,-1.0
2026-03-01,21927,DJT,Trump Media & Technology Group Corp.,-1.0
2026-03-01,21928,IDA,IDACORP INC,-1.0
2026-03-01,22199,COCO,"Vita Coco Company, Inc.",-1.0
2026-03-01,22758,,,-1.0
2026-03-01,23147,,,-1.0
2026-03-01,23730,,,-1.0
2026-03-01,27887,BAX,BAXTER INTERNATIONAL INC,-1.0
2026-03-01,30681,OMC,OMNICOM GROUP INC.,-1.0
2026-03-01,32707,HP,"Helmerich & Payne, Inc.",-1.0
2026-03-01,42585,SJM,J M SMUCKER Co,-1.0
2026-03-01,56274,CAG,CONAGRA BRANDS INC.,-1.0
2026-03-01,75342,MTH,Meritage Homes CORP,-1.0
2026-03-01,76661,IONS,IONIS PHARMACEUTICALS INC,-1.0
2026-03-01,76868,,,-1.0
2026-03-01,77702,,,-1.0
2026-03-01,79864,VSEC,VSE CORP,-1.0
2026-03-01,79879,,,-1.0
2026-03-01,81540,COR,"Cencora, Inc.",-1.0
2026-03-01,84348,VSAT,VIASAT INC,-1.0
2026-03-01,85464,CWST,CASELLA WASTE SYSTEMS INC,-1.0
2026-03-01,87430,,,-1.0
2026-03-01,88351,INSM,INSMED Inc,-1.0
2026-03-01,88853,FLR,FLUOR CORP,-1.0
2026-03-01,90175,XPO,"XPO, Inc.",-1.0
2026-03-01,90312,WLK,WESTLAKE CORP,-1.0
2026-03-01,91041,LYV,"Live Nation Entertainment, Inc.",-1.0
2026-03-01,91612,GSAT,"Globalstar, Inc.",-1.0
2026-03-01,91733,AVAV,AeroVironment Inc,-1.0
2026-03-01,92040,,,-1.0
2026-03-01,92294,,,-1.0
2026-03-01,92469,,,-1.0
2026-04-01,13543,GMED,GLOBUS MEDICAL INC,1.0
2026-04-01,16260,,,1.0
2026-04-01,16591,,,1.0
2026-04-01,16631,,,1.0
2026-04-01,16738,,,1.0
2026-04-01,16967,,,1.0
2026-04-01,18592,,,1.0
2026-04-01,20975,DAVE,Dave Inc./DE,1.0
2026-04-01,21219,GPOR,GULFPORT ENERGY CORP,1.0
2026-04-01,36281,,,1.0
2026-04-01,52337,THC,TENET HEALTHCARE CORP,1.0
2026-04-01,75603,CRUS,"CIRRUS LOGIC, INC.",1.0
2026-04-01,76478,,,1.0
2026-04-01,76709,IDXX,IDEXX LABORATORIES INC /DE,1.0
2026-04-01,79637,UHS,UNIVERSAL HEALTH SERVICES INC,1.0
2026-04-01,80306,,,1.0
2026-04-01,84438,HLIO,"HELIOS TECHNOLOGIES, INC.",1.0
2026-04-01,84723,LNG,"Cheniere Energy, Inc.",1.0
2026-04-01,85753,,,1.0
2026-04-01,86102,,,1.0
2026-04-01,87137,DVN,DEVON ENERGY CORP/DE,1.0
2026-04-01,88661,,,1.0
2026-04-01,90829,CF,"CF Industries Holdings, Inc.",1.0
2026-04-01,76095,,,0.99642
2026-04-01,13046,,,0.991391
2026-04-01,65700,,,0.975936
2026-04-01,22752,,,0.975745
2026-04-01,83779,,,0.970345
2026-04-01,89964,NNI,NELNET INC,0.963875
2026-04-01,46886,KLAC,KLA CORP,0.9629
2026-04-01,82775,,,0.961397
2026-04-01,90249,ENS,EnerSys,0.960067
2026-04-01,14593,,,0.957771
2026-04-01,11018,,,0.957467
2026-04-01,85072,,,0.948417
2026-04-01,85645,INGR,Ingredion Inc,0.948376
2026-04-01,90377,,,0.946982
2026-04-01,11995,,,0.944432
2026-04-01,91392,TNL,Travel & Leisure Co.,0.944121
2026-04-01,12570,ITT,ITT INC.,0.940365
2026-04-01,77274,,,0.938075
2026-04-01,79758,,,0.937663
2026-04-01,29612,,,0.93602
2026-04-01,89525,CMCSA,COMCAST CORP,0.924426
2026-04-01,91233,,,0.921894
2026-04-01,60628,FDX,FEDEX CORP,0.921157
2026-04-01,90319,GOOGL,Alphabet Inc.,0.920108
2026-04-01,16126,AZZ,AZZ INC,0.917309
2026-04-01,91234,,,0.915576
2026-04-01,85621,,,0.91295
2026-04-01,87657,,,0.912846
2026-04-01,20894,,,0.912527
2026-04-01,48486,,,0.910798
2026-04-01,86580,NVDA,NVIDIA CORP,0.907081
2026-04-01,75912,PTC,PTC INC.,0.907056
2026-04-01,88860,,,0.898889
2026-04-01,82702,,,0.897172
2026-04-01,90436,HALO,"HALOZYME THERAPEUTICS, INC.",0.894242
2026-04-01,60871,ADI,ANALOG DEVICES INC,0.894181
2026-04-01,18065,,,0.893095
2026-04-01,12622,,,0.891878
2026-04-01,92852,,,0.889328
2026-04-01,68196,SEIC,SEI INVESTMENTS CO,0.887849
2026-04-01,41355,PH,Parker-Hannifin Corp,0.884196
2026-04-01,10421,,,0.879402
2026-04-01,18563,,,0.878742
2026-04-01,85593,,,0.878443
2026-04-01,18973,BRC,BRADY CORP,0.876892
2026-04-01,80128,VMI,VALMONT INDUSTRIES INC,0.867569
2026-04-01,88664,JKHY,JACK HENRY & ASSOCIATES INC,0.861332
2026-04-01,14318,,,0.854916
2026-04-01,46463,,,0.849751
2026-04-01,50876,,,0.849431
2026-04-01,91413,,,0.842049
2026-04-01,87432,A,"AGILENT TECHNOLOGIES, INC.",0.833257
2026-04-01,21207,,,0.831619
2026-04-01,30940,FLS,FLOWSERVE CORP,0.830066
2026-04-01,91516,AWI,ARMSTRONG WORLD INDUSTRIES INC,0.828368
2026-04-01,75510,ADBE,ADOBE INC.,0.823737
2026-04-01,17223,ADT,ADT Inc.,0.823364
2026-04-01,10696,,,0.823056
2026-04-01,49680,,,0.822398
2026-04-01,76573,MLI,MUELLER INDUSTRIES INC,0.811323
2026-04-01,13788,,,0.811255
2026-04-01,89792,,,0.80285
2026-04-01,13963,NWSA,NEWS CORP,0.799933
2026-04-01,79668,,,0.798769
2026-04-01,76128,,,0.796504
2026-04-01,26403,DIS,Walt Disney Co,0.793825
2026-04-01,83601,WOR,"WORTHINGTON ENTERPRISES, INC.",0.782968
2026-04-01,18064,FTDR,"Frontdoor, Inc.",0.767991
2026-04-01,93002,AVGO,Broadcom Inc.,0.761389
2026-04-01,10693,EHC,Encompass Health Corp,0.749606
2026-04-01,85631,,,0.7336
2026-04-01,76708,CVSA,Covista Inc.,0.731718
2026-04-01,13407,,,0.722219
2026-04-01,90550,,,0.71818
2026-04-01,77178,QCOM,QUALCOMM INC/DE,0.708824
2026-04-01,79133,ATR,"APTARGROUP, INC.",0.70114
2026-04-01,34032,MAS,MASCO CORP /DE/,0.693882
2026-04-01,15623,,,0.691038
2026-04-01,11154,,,0.631313
2026-04-01,64282,BBWI,"Bath & Body Works, Inc.",0.621628
2026-04-01,21357,,,0.617281
2026-04-01,77605,BSX,BOSTON SCIENTIFIC CORP,0.609535
2026-04-01,65307,RPM,RPM INTERNATIONAL INC/DE/,0.546602
2026-04-01,90215,CRM,"Salesforce, Inc.",0.523956
2026-04-01,21936,,,0.519595
2026-04-01,90708,MORN,"Morningstar, Inc.",0.455561
2026-04-01,42550,,,0.40334
2026-04-01,92402,MSCI,MSCI Inc.,0.376195
2026-04-01,73139,SYK,STRYKER CORP,0.320488
2026-04-01,88873,GPN,GLOBAL PAYMENTS INC,0.27978
2026-04-01,76841,BIIB,BIOGEN INC.,0.252073
2026-04-01,77496,,,0.219677
2026-04-01,17332,VCTR,"Victory Capital Holdings, Inc.",0.190794
2026-04-01,25590,NFG,NATIONAL FUEL GAS CO,0.167584
2026-04-01,44134,,,0.119065
2026-04-01,53225,,,0.100933
2026-04-01,62092,TMO,THERMO FISHER SCIENTIFIC INC.,0.091056
2026-04-01,19930,,,-0.018646
2026-04-01,19593,,,-0.025907
2026-04-01,54199,,,-0.046269
2026-04-01,60599,LUMN,"Lumen Technologies, Inc.",-0.064922
2026-04-01,14811,FWONK,Liberty Media Corp,-0.070168
2026-04-01,23263,,,-0.094
2026-04-01,21262,,,-0.130316
2026-04-01,89540,DKS,"DICK'S SPORTING GOODS, INC.",-0.135305
2026-04-01,27991,PNW,PINNACLE WEST CAPITAL CORP,-0.162907
2026-04-01,23931,XEL,XCEL ENERGY INC,-0.206719
2026-04-01,53110,,,-0.245079
2026-04-01,13908,PFSI,"PennyMac Financial Services, Inc.",-0.286723
2026-04-01,61567,HXL,HEXCEL CORP /DE/,-0.359874
2026-04-01,79859,,,-0.368035
2026-04-01,17045,ACMR,"ACM Research, Inc.",-0.38678
2026-04-01,80286,,,-0.403638
2026-04-01,86288,CSGP,"COSTAR GROUP, INC.",-0.412012
2026-04-01,17341,,,-0.416218
2026-04-01,20648,RBLX,Roblox Corp,-0.48888
2026-04-01,89031,AXON,"AXON ENTERPRISE, INC.",-0.497225
2026-04-01,20916,,,-0.579516
2026-04-01,14472,,,-0.599497
2026-04-01,77357,SNPS,SYNOPSYS INC,-0.609277
2026-04-01,20126,JOBY,"Joby Aviation, Inc.",-0.619384
2026-04-01,18835,,,-0.621025
2026-04-01,18575,PSN,PARSONS CORP,-0.631149
2026-04-01,22618,,,-0.636759
2026-04-01,52708,LEN,LENNAR CORP /NEW/,-0.655465
2026-04-01,15535,OLLI,"Ollie's Bargain Outlet Holdings, Inc.",-0.655966
2026-04-01,91575,,,-0.667362
2026-04-01,19655,,,-0.674571
2026-04-01,23340,CRBG,"Corebridge Financial, Inc.",-0.680251
2026-04-01,17366,HYMC,HYCROFT MINING HOLDING CORP,-0.695929
2026-04-01,18726,CRWD,"CrowdStrike Holdings, Inc.",-0.707629
2026-04-01,13511,PANW,Palo Alto Networks Inc,-0.716461
2026-04-01,93436,,,-0.718664
2026-04-01,84319,LAD,LITHIA MOTORS INC,-0.721803
2026-04-01,21605,,,-0.728606
2026-04-01,21352,,,-0.749682
2026-04-01,84761,,,-0.750069
2026-04-01,17144,GIS,GENERAL MILLS INC,-0.75197
2026-04-01,21237,PCOR,"PROCORE TECHNOLOGIES, INC.",-0.759902
2026-04-01,88504,,,-0.760546
2026-04-01,90776,WAL,WESTERN ALLIANCE BANCORPORATION,-0.781463
2026-04-01,89781,,,-0.789072
2026-04-01,89971,SGI,SOMNIGROUP INTERNATIONAL INC.,-0.799281
2026-04-01,18909,,,-0.801958
2026-04-01,59328,INTC,INTEL CORP,-0.802044
2026-04-01,19561,,,-0.807417
2026-04-01,79864,,,-0.809184
2026-04-01,76868,AAON,"AAON, INC.",-0.815829
2026-04-01,21573,,,-0.816847
2026-04-01,12400,,,-0.820937
2026-04-01,27887,BAX,BAXTER INTERNATIONAL INC,-0.821842
2026-04-01,22199,,,-0.822281
2026-04-01,75342,MTH,Meritage Homes CORP,-0.823174
2026-04-01,42585,SJM,J M SMUCKER Co,-0.828838
2026-04-01,81540,COR,"Cencora, Inc.",-0.841245
2026-04-01,17226,,,-0.87014
2026-04-01,14401,,,-0.870199
2026-04-01,16600,HSY,HERSHEY CO,-0.876946
2026-04-01,11499,,,-0.878232
2026-04-01,79839,,,-0.879863
2026-04-01,92294,,,-0.886626
2026-04-01,17000,RYTM,"RHYTHM PHARMACEUTICALS, INC.",-0.890537
2026-04-01,20067,,,-0.891244
2026-04-01,90444,ORA,"ORMAT TECHNOLOGIES, INC.",-0.891336
2026-04-01,18776,,,-0.892881
2026-04-01,77702,SBUX,STARBUCKS CORP,-0.911097
2026-04-01,15831,,,-0.911882
2026-04-01,90175,XPO,"XPO, Inc.",-0.92146
2026-04-01,21747,,,-0.925666
2026-04-01,63773,TDS,TELEPHONE & DATA SYSTEMS INC /DE/,-0.928228
2026-04-01,19484,,,-0.938305
2026-04-01,13410,,,-0.941555
2026-04-01,19201,,,-0.950344
2026-04-01,19854,,,-0.955801
2026-04-01,15649,,,-0.966165
2026-04-01,21928,,,-0.990154
2026-04-01,91402,,,-0.991471
2026-04-01,84348,,,-0.997537
2026-04-01,13730,,,-1.0
2026-04-01,15293,,,-1.0
2026-04-01,15303,,,-1.0
2026-04-01,15707,HPE,Hewlett Packard Enterprise Co,-1.0
2026-04-01,16005,,,-1.0
2026-04-01,16263,,,-1.0
2026-04-01,16653,,,-1.0
2026-04-01,16680,QXO,"QXO, Inc.",-1.0
2026-04-01,17039,,,-1.0
2026-04-01,17372,,,-1.0
2026-04-01,17374,RCUS,"Arcus Biosciences, Inc.",-1.0
2026-04-01,18428,,,-1.0
2026-04-01,19002,,,-1.0
2026-04-01,19433,,,-1.0
2026-04-01,19577,,,-1.0
2026-04-01,19628,,,-1.0
2026-04-01,19849,,,-1.0
2026-04-01,19986,,,-1.0
2026-04-01,20138,GPGI,"GPGI, Inc.",-1.0
2026-04-01,20325,,,-1.0
2026-04-01,20632,,,-1.0
2026-04-01,20791,,,-1.0
2026-04-01,21619,,,-1.0
2026-04-01,21898,,,-1.0
2026-04-01,21927,DJT,Trump Media & Technology Group Corp.,-1.0
2026-04-01,22758,,,-1.0
2026-04-01,32707,HP,"Helmerich & Payne, Inc.",-1.0
2026-04-01,55511,TXNM,TXNM ENERGY INC,-1.0
2026-04-01,56274,,,-1.0
2026-04-01,76661,IONS,IONIS PHARMACEUTICALS INC,-1.0
2026-04-01,79879,,,-1.0
2026-04-01,83509,FCN,"FTI CONSULTING, INC",-1.0
2026-04-01,85293,,,-1.0
2026-04-01,85464,CWST,CASELLA WASTE SYSTEMS INC,-1.0
2026-04-01,87430,,,-1.0
2026-04-01,88351,INSM,INSMED Inc,-1.0
2026-04-01,88853,FLR,FLUOR CORP,-1.0
2026-04-01,90312,,,-1.0
2026-04-01,90520,CE,Celanese Corp,-1.0
2026-04-01,91041,,,-1.0
2026-04-01,91612,,,-1.0
2026-04-01,91733,AVAV,AeroVironment Inc,-1.0
2026-04-01,91832,,,-1.0
2026-04-01,92040,,,-1.0
2026-05-01,11018,,,1.0
2026-05-01,11154,PLAB,PHOTRONICS INC,1.0
2026-05-01,11995,,,1.0
2026-05-01,12570,,,1.0
2026-05-01,13046,,,1.0
2026-05-01,13543,,,1.0
2026-05-01,14593,AAPL,Apple Inc.,1.0
2026-05-01,16126,AZZ,AZZ INC,1.0
2026-05-01,16631,,,1.0
2026-05-01,16967,,,1.0
2026-05-01,18065,GTX,Garrett Motion Inc.,1.0
2026-05-01,20894,APP,AppLovin Corp,1.0
2026-05-01,20975,,,1.0
2026-05-01,29612,,,1.0
2026-05-01,46463,,,1.0
2026-05-01,46886,KLAC,KLA CORP,1.0
2026-05-01,48486,LRCX,LAM RESEARCH CORP,1.0
2026-05-01,60628,FDX,FEDEX CORP,1.0
2026-05-01,60871,,,1.0
2026-05-01,68196,SEIC,SEI INVESTMENTS CO,1.0
2026-05-01,75603,,,1.0
2026-05-01,76128,VICR,VICOR CORP,1.0
2026-05-01,76478,ESE,ESCO TECHNOLOGIES INC,1.0
2026-05-01,80128,VMI,VALMONT INDUSTRIES INC,1.0
2026-05-01,84438,,,1.0
2026-05-01,85753,VRSN,VERISIGN INC/CA,1.0
2026-05-01,86102,FHI,"FEDERATED HERMES, INC.",1.0
2026-05-01,86580,NVDA,NVIDIA CORP,1.0
2026-05-01,87137,DVN,DEVON ENERGY CORP/DE,1.0
2026-05-01,88661,TPR,"TAPESTRY, INC.",1.0
2026-05-01,89964,NNI,NELNET INC,1.0
2026-05-01,90249,,,1.0
2026-05-01,90319,GOOGL,Alphabet Inc.,1.0
2026-05-01,90377,ONTO,ONTO INNOVATION INC.,1.0
2026-05-01,93002,AVGO,Broadcom Inc.,1.0
2026-05-01,76709,,,0.99516
2026-05-01,18064,FTDR,"Frontdoor, Inc.",0.994883
2026-05-01,79758,BYD,BOYD GAMING CORP,0.989369
2026-05-01,76573,MLI,MUELLER INDUSTRIES INC,0.989322
2026-05-01,77178,QCOM,QUALCOMM INC/DE,0.986379
2026-05-01,85072,,,0.986058
2026-05-01,82775,HIG,"HARTFORD INSURANCE GROUP, INC.",0.969842
2026-05-01,84723,LNG,"Cheniere Energy, Inc.",0.966053
2026-05-01,16738,AM,Antero Midstream Corp,0.965731
2026-05-01,18592,CTVA,"Corteva, Inc.",0.964846
2026-05-01,80306,,,0.959285
2026-05-01,91413,EVR,Evercore Inc.,0.953877
2026-05-01,90829,,,0.953662
2026-05-01,87657,EW,Edwards Lifesciences Corp,0.949183
2026-05-01,85645,,,0.944813
2026-05-01,17223,ADT,ADT Inc.,0.941285
2026-05-01,79637,UHS,UNIVERSAL HEALTH SERVICES INC,0.937313
2026-05-01,52337,THC,TENET HEALTHCARE CORP,0.935683
2026-05-01,85593,,,0.932946
2026-05-01,91233,MA,Mastercard Inc,0.926838
2026-05-01,82702,AMRX,"Amneal Pharmaceuticals, Inc.",0.926329
2026-05-01,91234,,,0.926244
2026-05-01,10696,,,0.921707
2026-05-01,85621,,,0.921457
2026-05-01,88860,ALGN,ALIGN TECHNOLOGY INC,0.920297
2026-05-01,21219,,,0.907153
2026-05-01,41355,PH,Parker-Hannifin Corp,0.895637
2026-05-01,18973,BRC,BRADY CORP,0.883192
2026-05-01,22752,MRK,"Merck & Co., Inc.",0.882795
2026-05-01,18563,,,0.882665
2026-05-01,92852,LOPE,"Grand Canyon Education, Inc.",0.881728
2026-05-01,14318,NMIH,"NMI Holdings, Inc.",0.879787
2026-05-01,91392,TNL,Travel & Leisure Co.,0.879569
2026-05-01,90436,HALO,"HALOZYME THERAPEUTICS, INC.",0.878228
2026-05-01,89525,CMCSA,COMCAST CORP,0.878216
2026-05-01,77274,GILD,"GILEAD SCIENCES, INC.",0.877941
2026-05-01,16260,MEDP,"Medpace Holdings, Inc.",0.868963
2026-05-01,75912,,,0.865021
2026-05-01,16591,LAUR,"LAUREATE EDUCATION, INC.",0.860906
2026-05-01,50876,LLY,ELI LILLY & Co,0.860664
2026-05-01,91516,AWI,ARMSTRONG WORLD INDUSTRIES INC,0.854064
2026-05-01,26403,,,0.852225
2026-05-01,21207,NEM,NEWMONT Corp /DE/,0.851025
2026-05-01,87432,A,"AGILENT TECHNOLOGIES, INC.",0.842318
2026-05-01,13963,NWSA,NEWS CORP,0.842214
2026-05-01,89792,,,0.83817
2026-05-01,88664,JKHY,JACK HENRY & ASSOCIATES INC,0.835453
2026-05-01,75510,ADBE,ADOBE INC.,0.831582
2026-05-01,83779,PEGA,PEGASYSTEMS INC,0.831097
2026-05-01,30940,FLS,FLOWSERVE CORP,0.829127
2026-05-01,34032,MAS,MASCO CORP /DE/,0.823474
2026-05-01,12622,HCA,"HCA Healthcare, Inc.",0.816187
2026-05-01,83601,,,0.812683
2026-05-01,65700,USLM,UNITED STATES LIME & MINERALS INC,0.801695
2026-05-01,13788,,,0.790074
2026-05-01,10421,SKYW,SKYWEST INC,0.783865
2026-05-01,79668,BDC,BELDEN INC.,0.780106
2026-05-01,10693,EHC,Encompass Health Corp,0.774285
2026-05-01,49680,DHR,DANAHER CORP /DE/,0.773818
2026-05-01,13407,META,"Meta Platforms, Inc.",0.770341
2026-05-01,90550,DLB,"Dolby Laboratories, Inc.",0.764884
2026-05-01,15623,,,0.742587
2026-05-01,15396,,,0.736879
2026-05-01,76708,CVSA,Covista Inc.,0.729406
2026-05-01,85631,ADSK,"Autodesk, Inc.",0.724118
2026-05-01,79133,ATR,"APTARGROUP, INC.",0.686088
2026-05-01,21357,DOCS,"Doximity, Inc.",0.645692
2026-05-01,64282,,,0.645463
2026-05-01,65307,RPM,RPM INTERNATIONAL INC/DE/,0.561573
2026-05-01,77605,BSX,BOSTON SCIENTIFIC CORP,0.557839
2026-05-01,90215,,,0.495251
2026-05-01,21936,PFE,PFIZER INC,0.492552
2026-05-01,79507,MCRI,MONARCH CASINO & RESORT INC,0.481443
2026-05-01,90708,MORN,"Morningstar, Inc.",0.454638
2026-05-01,42550,NEU,NEWMARKET CORP,0.423988
2026-05-01,92402,MSCI,MSCI Inc.,0.411675
2026-05-01,73139,SYK,STRYKER CORP,0.306431
2026-05-01,88873,,,0.298341
2026-05-01,36281,,,0.270961
2026-05-01,76841,BIIB,BIOGEN INC.,0.259523
2026-05-01,77496,MHK,MOHAWK INDUSTRIES INC,0.234881
2026-05-01,17332,VCTR,"Victory Capital Holdings, Inc.",0.228208
2026-05-01,25590,NFG,NATIONAL FUEL GAS CO,0.150012
2026-05-01,44134,,,0.127223
2026-05-01,53225,GHC,Graham Holdings Co,0.107049
2026-05-01,62092,TMO,THERMO FISHER SCIENTIFIC INC.,0.088464
2026-05-01,19930,,,-0.01623
2026-05-01,19593,MIR,"Mirion Technologies, Inc.",-0.027448
2026-05-01,54199,,,-0.044179
2026-05-01,14811,FWONK,Liberty Media Corp,-0.070732
2026-05-01,60599,LUMN,"Lumen Technologies, Inc.",-0.082389
2026-05-01,21262,,,-0.130485
2026-05-01,23147,,,-0.140503
2026-05-01,89540,,,-0.154449
2026-05-01,90126,,,-0.154674
2026-05-01,23931,XEL,XCEL ENERGY INC,-0.294455
2026-05-01,13908,,,-0.295372
2026-05-01,80286,TSCO,TRACTOR SUPPLY CO /DE/,-0.311582
2026-05-01,86288,CSGP,"COSTAR GROUP, INC.",-0.352294
2026-05-01,17341,ZS,"Zscaler, Inc.",-0.3865
2026-05-01,79859,,,-0.389324
2026-05-01,61567,HXL,HEXCEL CORP /DE/,-0.416371
2026-05-01,89031,AXON,"AXON ENTERPRISE, INC.",-0.468937
2026-05-01,20648,RBLX,Roblox Corp,-0.476226
2026-05-01,17045,ACMR,"ACM Research, Inc.",-0.506951
2026-05-01,20207,,,-0.524206
2026-05-01,18575,PSN,PARSONS CORP,-0.58551
2026-05-01,20916,COMP,"Compass, Inc.",-0.598448
2026-05-01,15535,,,-0.614652
2026-05-01,18835,,,-0.668055
2026-05-01,52708,LEN,LENNAR CORP /NEW/,-0.683288
2026-05-01,22618,TPG,TPG Inc.,-0.683797
2026-05-01,20126,JOBY,"Joby Aviation, Inc.",-0.687324
2026-05-01,89301,,,-0.690564
2026-05-01,21573,IP,INTERNATIONAL PAPER CO /NEW/,-0.693668
2026-05-01,17144,GIS,GENERAL MILLS INC,-0.723428
2026-05-01,14472,VRNS,VARONIS SYSTEMS INC,-0.732624
2026-05-01,93436,TSLA,"Tesla, Inc.",-0.73568
2026-05-01,77357,SNPS,SYNOPSYS INC,-0.739852
2026-05-01,19655,,,-0.74584
2026-05-01,21605,RYAN,"RYAN SPECIALTY HOLDINGS, INC.",-0.748736
2026-05-01,79864,,,-0.751355
2026-05-01,21237,PCOR,"PROCORE TECHNOLOGIES, INC.",-0.752099
2026-05-01,88504,BRKR,BRUKER CORP,-0.770763
2026-05-01,16600,HSY,HERSHEY CO,-0.780967
2026-05-01,23340,CRBG,"Corebridge Financial, Inc.",-0.783195
2026-05-01,18909,,,-0.794308
2026-05-01,13511,PANW,Palo Alto Networks Inc,-0.799293
2026-05-01,18726,CRWD,"CrowdStrike Holdings, Inc.",-0.805882
2026-05-01,84761,,,-0.809646
2026-05-01,21352,,,-0.811257
2026-05-01,89971,SGI,SOMNIGROUP INTERNATIONAL INC.,-0.81794
2026-05-01,81540,,,-0.822389
2026-05-01,42585,,,-0.840099
2026-05-01,91575,HRI,HERC HOLDINGS INC,-0.848909
2026-05-01,17039,CNR,"Core Natural Resources, Inc.",-0.85397
2026-05-01,27887,BAX,BAXTER INTERNATIONAL INC,-0.857616
2026-05-01,13410,SUPN,"SUPERNUS PHARMACEUTICALS, INC.",-0.871609
2026-05-01,87430,,,-0.891299
2026-05-01,75342,MTH,Meritage Homes CORP,-0.893999
2026-05-01,90776,WAL,WESTERN ALLIANCE BANCORPORATION,-0.897105
2026-05-01,14401,OGS,"ONE Gas, Inc.",-0.898894
2026-05-01,20138,,,-0.899439
2026-05-01,21747,,,-0.903375
2026-05-01,12400,LPLA,LPL Financial Holdings Inc.,-0.909429
2026-05-01,90444,,,-0.912484
2026-05-01,76868,AAON,"AAON, INC.",-0.917573
2026-05-01,17226,,,-0.926081
2026-05-01,19561,BA,BOEING CO,-0.926779
2026-05-01,17372,,,-0.926952
2026-05-01,56274,CAG,CONAGRA BRANDS INC.,-0.932215
2026-05-01,16653,HCC,"WARRIOR MET COAL, INC.",-0.961673
2026-05-01,18428,DOW,DOW INC.,-0.969249
2026-05-01,18776,,,-0.973145
2026-05-01,92294,,,-0.975345
2026-05-01,20791,,,-0.979957
2026-05-01,90312,WLK,WESTLAKE CORP,-0.983917
2026-05-01,19854,EBC,"Eastern Bankshares, Inc.",-0.985769
2026-05-01,63773,,,-0.990799
2026-05-01,92040,,,-0.999175
2026-05-01,22758,,,-0.999277
2026-05-01,11499,CECO,CECO ENVIRONMENTAL CORP,-1.0
2026-05-01,14823,,,-1.0
2026-05-01,15058,,,-1.0
2026-05-01,15293,NEXT,NextDecade Corp,-1.0
2026-05-01,15649,,,-1.0
2026-05-01,15707,HPE,Hewlett Packard Enterprise Co,-1.0
2026-05-01,15831,AXSM,"Axsome Therapeutics, Inc.",-1.0
2026-05-01,16263,,,-1.0
2026-05-01,17374,RCUS,"Arcus Biosciences, Inc.",-1.0
2026-05-01,17892,,,-1.0
2026-05-01,17942,KDP,Keurig Dr Pepper Inc.,-1.0
2026-05-01,19002,,,-1.0
2026-05-01,19201,RVMD,"Revolution Medicines, Inc.",-1.0
2026-05-01,19433,,,-1.0
2026-05-01,19484,,,-1.0
2026-05-01,19577,,,-1.0
2026-05-01,19628,,,-1.0
2026-05-01,19849,SMMT,Summit Therapeutics Inc.,-1.0
2026-05-01,19969,,,-1.0
2026-05-01,20632,,,-1.0
2026-05-01,20646,OSCR,"Oscar Health, Inc.",-1.0
2026-05-01,21342,,,-1.0
2026-05-01,21754,,,-1.0
2026-05-01,21898,,,-1.0
2026-05-01,21927,DJT,Trump Media & Technology Group Corp.,-1.0
2026-05-01,21928,IDA,IDACORP INC,-1.0
2026-05-01,22220,,,-1.0
2026-05-01,22313,,,-1.0
2026-05-01,23738,,,-1.0
2026-05-01,27991,PNW,PINNACLE WEST CAPITAL CORP,-1.0
2026-05-01,32707,,,-1.0
2026-05-01,55511,,,-1.0
2026-05-01,59328,INTC,INTEL CORP,-1.0
2026-05-01,76661,IONS,IONIS PHARMACEUTICALS INC,-1.0
2026-05-01,77702,SBUX,STARBUCKS CORP,-1.0
2026-05-01,79879,VIAV,VIAVI SOLUTIONS INC.,-1.0
2026-05-01,83509,,,-1.0
2026-05-01,84348,,,-1.0
2026-05-01,85293,ORKA,"Oruka Therapeutics, Inc.",-1.0
2026-05-01,85464,CWST,CASELLA WASTE SYSTEMS INC,-1.0
2026-05-01,88351,INSM,INSMED Inc,-1.0
2026-05-01,88853,FLR,FLUOR CORP,-1.0
2026-05-01,89781,MOH,"MOLINA HEALTHCARE, INC.",-1.0
2026-05-01,90175,XPO,"XPO, Inc.",-1.0
2026-05-01,90520,CE,Celanese Corp,-1.0
2026-05-01,91041,,,-1.0
2026-05-01,91402,,,-1.0
2026-05-01,91612,GSAT,"Globalstar, Inc.",-1.0
2026-05-01,91733,AVAV,AeroVironment Inc,-1.0
2026-06-01,14593,,,1.0
2026-06-01,18065,GTX,Garrett Motion Inc.,1.0
2026-06-01,18580,FSLY,"Fastly, Inc.",1.0
2026-06-01,20894,APP,AppLovin Corp,1.0
2026-06-01,20975,DAVE,Dave Inc./DE,1.0
2026-06-01,46886,KLAC,KLA CORP,1.0
2026-06-01,48486,,,1.0
2026-06-01,50876,LLY,ELI LILLY & Co,1.0
2026-06-01,60628,FDX,FEDEX CORP,1.0
2026-06-01,60871,ADI,ANALOG DEVICES INC,1.0
2026-06-01,75603,CRUS,"CIRRUS LOGIC, INC.",1.0
2026-06-01,76128,,,1.0
2026-06-01,77178,,,1.0
2026-06-01,80128,,,1.0
2026-06-01,84438,HLIO,"HELIOS TECHNOLOGIES, INC.",1.0
2026-06-01,85753,VRSN,VERISIGN INC/CA,1.0
2026-06-01,86580,NVDA,NVIDIA CORP,1.0
2026-06-01,90249,ENS,EnerSys,1.0
2026-06-01,91413,,,1.0
2026-06-01,93002,,,1.0
2026-06-01,88661,TPR,"TAPESTRY, INC.",0.999796
2026-06-01,85072,RL,RALPH LAUREN CORP,0.997463
2026-06-01,76709,IDXX,IDEXX LABORATORIES INC /DE,0.99692
2026-06-01,11018,,,0.992771
2026-06-01,29612,,,0.992205
2026-06-01,87432,A,"AGILENT TECHNOLOGIES, INC.",0.985354
2026-06-01,90319,GOOGL,Alphabet Inc.,0.98531
2026-06-01,87657,EW,Edwards Lifesciences Corp,0.980002
2026-06-01,86102,,,0.968509
2026-06-01,68196,SEIC,SEI INVESTMENTS CO,0.966022
2026-06-01,46463,GFF,GRIFFON CORP,0.964323
2026-06-01,22752,MRK,"Merck & Co., Inc.",0.957196
2026-06-01,85593,AMG,"AFFILIATED MANAGERS GROUP, INC.",0.955984
2026-06-01,82702,AMRX,"Amneal Pharmaceuticals, Inc.",0.94505
2026-06-01,16126,AZZ,AZZ INC,0.944257
2026-06-01,79758,BYD,BOYD GAMING CORP,0.937715
2026-06-01,76573,MLI,MUELLER INDUSTRIES INC,0.936361
2026-06-01,80306,BCRX,BIOCRYST PHARMACEUTICALS INC,0.93013
2026-06-01,18592,CTVA,"Corteva, Inc.",0.92934
2026-06-01,18973,BRC,BRADY CORP,0.926438
2026-06-01,16260,MEDP,"Medpace Holdings, Inc.",0.92532
2026-06-01,52337,THC,TENET HEALTHCARE CORP,0.923273
2026-06-01,16738,AM,Antero Midstream Corp,0.922977
2026-06-01,91392,TNL,Travel & Leisure Co.,0.922277
2026-06-01,89964,NNI,NELNET INC,0.918354
2026-06-01,90436,HALO,"HALOZYME THERAPEUTICS, INC.",0.915237
2026-06-01,16591,LAUR,"LAUREATE EDUCATION, INC.",0.912446
2026-06-01,88860,ALGN,ALIGN TECHNOLOGY INC,0.911902
2026-06-01,91233,MA,Mastercard Inc,0.907489
2026-06-01,12570,ITT,ITT INC.,0.90667
2026-06-01,13543,GMED,GLOBUS MEDICAL INC,0.904862
2026-06-01,77274,GILD,"GILEAD SCIENCES, INC.",0.899308
2026-06-01,82775,HIG,"HARTFORD INSURANCE GROUP, INC.",0.898214
2026-06-01,76478,ESE,ESCO TECHNOLOGIES INC,0.897965
2026-06-01,18064,FTDR,"Frontdoor, Inc.",0.896703
2026-06-01,89792,CVCO,"CAVCO INDUSTRIES, INC.",0.884374
2026-06-01,75912,PTC,PTC INC.,0.877762
2026-06-01,75510,,,0.873303
2026-06-01,90377,ONTO,ONTO INNOVATION INC.,0.872112
2026-06-01,15396,BW,"Babcock & Wilcox Enterprises, Inc.",0.865878
2026-06-01,90829,CF,"CF Industries Holdings, Inc.",0.86316
2026-06-01,87137,DVN,DEVON ENERGY CORP/DE,0.86297
2026-06-01,85645,INGR,Ingredion Inc,0.854793
2026-06-01,85621,MTD,METTLER TOLEDO INTERNATIONAL INC/,0.849286
2026-06-01,30940,FLS,FLOWSERVE CORP,0.847611
2026-06-01,83601,,,0.8476
2026-06-01,65700,USLM,UNITED STATES LIME & MINERALS INC,0.846747
2026-06-01,11995,COKE,"Coca-Cola Consolidated, Inc.",0.841782
2026-06-01,21207,NEM,NEWMONT Corp /DE/,0.840621
2026-06-01,91234,MWA,"Mueller Water Products, Inc.",0.836635
2026-06-01,17223,ADT,ADT Inc.,0.835863
2026-06-01,26403,DIS,Walt Disney Co,0.833812
2026-06-01,13963,NWSA,NEWS CORP,0.832564
2026-06-01,41355,,,0.830946
2026-06-01,10696,FISV,FISERV INC,0.829254
2026-06-01,10693,EHC,Encompass Health Corp,0.81718
2026-06-01,16967,CARG,"CarGurus, Inc.",0.81588
2026-06-01,10421,SKYW,SKYWEST INC,0.81513
2026-06-01,14318,NMIH,"NMI Holdings, Inc.",0.813195
2026-06-01,79637,UHS,UNIVERSAL HEALTH SERVICES INC,0.81097
2026-06-01,83779,,,0.809875
2026-06-01,34032,MAS,MASCO CORP /DE/,0.806752
2026-06-01,89525,CMCSA,COMCAST CORP,0.805015
2026-06-01,13407,META,"Meta Platforms, Inc.",0.793886
2026-06-01,21219,GPOR,GULFPORT ENERGY CORP,0.791501
2026-06-01,91516,AWI,ARMSTRONG WORLD INDUSTRIES INC,0.790494
2026-06-01,84723,LNG,"Cheniere Energy, Inc.",0.788885
2026-06-01,49680,DHR,DANAHER CORP /DE/,0.787505
2026-06-01,18563,PLMR,"Palomar Holdings, Inc.",0.782116
2026-06-01,92852,,,0.778759
2026-06-01,76708,CVSA,Covista Inc.,0.743477
2026-06-01,88664,JKHY,JACK HENRY & ASSOCIATES INC,0.738152
2026-06-01,79668,BDC,BELDEN INC.,0.726365
2026-06-01,12622,,,0.708621
2026-06-01,85631,ADSK,"Autodesk, Inc.",0.704488
2026-06-01,15623,HLI,"HOULIHAN LOKEY, INC.",0.677471
2026-06-01,90550,,,0.667502
2026-06-01,64282,BBWI,"Bath & Body Works, Inc.",0.66272
2026-06-01,79133,ATR,"APTARGROUP, INC.",0.643041
2026-06-01,65307,,,0.58232
2026-06-01,13046,UI,Ubiquiti Inc.,0.574595
2026-06-01,21357,DOCS,"Doximity, Inc.",0.563376
2026-06-01,90215,,,0.534592
2026-06-01,13788,ZTS,Zoetis Inc.,0.531437
2026-06-01,21936,PFE,PFIZER INC,0.489519
2026-06-01,90708,MORN,"Morningstar, Inc.",0.489097
2026-06-01,79507,MCRI,MONARCH CASINO & RESORT INC,0.486319
2026-06-01,42550,,,0.484148
2026-06-01,77605,BSX,BOSTON SCIENTIFIC CORP,0.466057
2026-06-01,92402,,,0.439826
2026-06-01,88873,GPN,GLOBAL PAYMENTS INC,0.312134
2026-06-01,73139,SYK,STRYKER CORP,0.295718
2026-06-01,76841,BIIB,BIOGEN INC.,0.267932
2026-06-01,17332,VCTR,"Victory Capital Holdings, Inc.",0.245057
2026-06-01,36281,,,0.241455
2026-06-01,77496,MHK,MOHAWK INDUSTRIES INC,0.238292
2026-06-01,78875,WOLF,"WOLFSPEED, INC.",0.204489
2026-06-01,25590,NFG,NATIONAL FUEL GAS CO,0.136871
2026-06-01,44134,KMT,KENNAMETAL INC,0.108006
2026-06-01,53225,GHC,Graham Holdings Co,0.104312
2026-06-01,62092,TMO,THERMO FISHER SCIENTIFIC INC.,0.090692
2026-06-01,54199,,,-0.04568
2026-06-01,64936,D,"DOMINION ENERGY, INC",-0.055929
2026-06-01,14811,FWONK,Liberty Media Corp,-0.074496
2026-06-01,23147,,,-0.146967
2026-06-01,64311,NSC,NORFOLK SOUTHERN CORP,-0.267047
2026-06-01,13908,PFSI,"PennyMac Financial Services, Inc.",-0.274406
2026-06-01,80286,TSCO,TRACTOR SUPPLY CO /DE/,-0.281116
2026-06-01,23931,XEL,XCEL ENERGY INC,-0.281295
2026-06-01,86288,CSGP,"COSTAR GROUP, INC.",-0.32667
2026-06-01,14495,ATEN,"A10 Networks, Inc.",-0.395977
2026-06-01,61567,HXL,HEXCEL CORP /DE/,-0.397774
2026-06-01,20648,RBLX,Roblox Corp,-0.404858
2026-06-01,17341,ZS,"Zscaler, Inc.",-0.412068
2026-06-01,89031,AXON,"AXON ENTERPRISE, INC.",-0.522295
2026-06-01,15535,,,-0.578074
2026-06-01,20916,COMP,"Compass, Inc.",-0.648769
2026-06-01,21237,PCOR,"PROCORE TECHNOLOGIES, INC.",-0.655523
2026-06-01,22618,TPG,TPG Inc.,-0.674249
2026-06-01,52708,,,-0.677235
2026-06-01,18575,,,-0.684629
2026-06-01,19655,STEP,StepStone Group Inc.,-0.692912
2026-06-01,18835,,,-0.699502
2026-06-01,81540,COR,"Cencora, Inc.",-0.718319
2026-06-01,77357,SNPS,SYNOPSYS INC,-0.726857
2026-06-01,90312,WLK,WESTLAKE CORP,-0.742519
2026-06-01,12400,LPLA,LPL Financial Holdings Inc.,-0.743099
2026-06-01,51625,SCI,SERVICE CORP INTERNATIONAL,-0.756765
2026-06-01,89971,SGI,SOMNIGROUP INTERNATIONAL INC.,-0.762883
2026-06-01,23340,CRBG,"Corebridge Financial, Inc.",-0.76541
2026-06-01,21573,IP,INTERNATIONAL PAPER CO /NEW/,-0.772347
2026-06-01,90520,CE,Celanese Corp,-0.780991
2026-06-01,14401,OGS,"ONE Gas, Inc.",-0.786845
2026-06-01,79864,VSEC,VSE CORP,-0.807977
2026-06-01,18428,,,-0.81328
2026-06-01,16600,HSY,HERSHEY CO,-0.819738
2026-06-01,23681,NXT,Nextpower Inc.,-0.834303
2026-06-01,13410,SUPN,"SUPERNUS PHARMACEUTICALS, INC.",-0.835859
2026-06-01,93436,,,-0.837805
2026-06-01,17039,CNR,"Core Natural Resources, Inc.",-0.839903
2026-06-01,84761,TTWO,TAKE TWO INTERACTIVE SOFTWARE INC,-0.846528
2026-06-01,17045,ACMR,"ACM Research, Inc.",-0.847368
2026-06-01,83509,FCN,"FTI CONSULTING, INC",-0.851222
2026-06-01,85293,,,-0.852477
2026-06-01,88853,FLR,FLUOR CORP,-0.854632
2026-06-01,63773,TDS,TELEPHONE & DATA SYSTEMS INC /DE/,-0.856896
2026-06-01,56274,CAG,CONAGRA BRANDS INC.,-0.859815
2026-06-01,75342,MTH,Meritage Homes CORP,-0.863348
2026-06-01,90776,WAL,WESTERN ALLIANCE BANCORPORATION,-0.878378
2026-06-01,20126,JOBY,"Joby Aviation, Inc.",-0.887876
2026-06-01,91575,HRI,HERC HOLDINGS INC,-0.891626
2026-06-01,92294,,,-0.898957
2026-06-01,87430,,,-0.903804
2026-06-01,27887,BAX,BAXTER INTERNATIONAL INC,-0.913985
2026-06-01,79879,VIAV,VIAVI SOLUTIONS INC.,-0.923618
2026-06-01,19561,,,-0.932484
2026-06-01,18909,NET,"Cloudflare, Inc.",-0.934648
2026-06-01,77702,SBUX,STARBUCKS CORP,-0.943787
2026-06-01,79859,,,-0.94684
2026-06-01,32707,HP,"Helmerich & Payne, Inc.",-0.947362
2026-06-01,14472,,,-0.949026
2026-06-01,23738,,,-0.957199
2026-06-01,19854,EBC,"Eastern Bankshares, Inc.",-0.958349
2026-06-01,27991,PNW,PINNACLE WEST CAPITAL CORP,-0.967122
2026-06-01,90175,XPO,"XPO, Inc.",-0.970189
2026-06-01,17372,COGT,"Cogent Biosciences, Inc.",-0.986979
2026-06-01,17374,RCUS,"Arcus Biosciences, Inc.",-0.990625
2026-06-01,21747,,,-0.991651
2026-06-01,20632,,,-0.997278
2026-06-01,10258,CLDX,"Celldex Therapeutics, Inc.",-1.0
2026-06-01,13511,,,-1.0
2026-06-01,15058,,,-1.0
2026-06-01,15293,,,-1.0
2026-06-01,15649,MSGS,Madison Square Garden Sports Corp.,-1.0
2026-06-01,15707,HPE,Hewlett Packard Enterprise Co,-1.0
2026-06-01,15831,AXSM,"Axsome Therapeutics, Inc.",-1.0
2026-06-01,16653,,,-1.0
2026-06-01,17144,GIS,GENERAL MILLS INC,-1.0
2026-06-01,17226,COLD,AMERICOLD REALTY TRUST,-1.0
2026-06-01,17366,HYMC,HYCROFT MINING HOLDING CORP,-1.0
2026-06-01,17942,KDP,Keurig Dr Pepper Inc.,-1.0
2026-06-01,18677,TRVI,"Trevi Therapeutics, Inc.",-1.0
2026-06-01,18726,,,-1.0
2026-06-01,18776,IMVT,"Immunovant, Inc.",-1.0
2026-06-01,19201,RVMD,"Revolution Medicines, Inc.",-1.0
2026-06-01,19484,PCVX,"Vaxcyte, Inc.",-1.0
2026-06-01,19489,,,-1.0
2026-06-01,19577,RKT,"Rocket Companies, Inc.",-1.0
2026-06-01,19849,,,-1.0
2026-06-01,20646,OSCR,"Oscar Health, Inc.",-1.0
2026-06-01,20791,EWTX,"Edgewise Therapeutics, Inc.",-1.0
2026-06-01,21352,FA,FIRST ADVANTAGE CORP,-1.0
2026-06-01,21898,,,-1.0
2026-06-01,21927,DJT,Trump Media & Technology Group Corp.,-1.0
2026-06-01,21928,IDA,IDACORP INC,-1.0
2026-06-01,32870,HRL,HORMEL FOODS CORP /DE/,-1.0
2026-06-01,34746,FITB,FIFTH THIRD BANCORP,-1.0
2026-06-01,42585,,,-1.0
2026-06-01,55511,TXNM,TXNM ENERGY INC,-1.0
2026-06-01,59328,INTC,INTEL CORP,-1.0
2026-06-01,60599,LUMN,"Lumen Technologies, Inc.",-1.0
2026-06-01,76661,IONS,IONIS PHARMACEUTICALS INC,-1.0
2026-06-01,76868,AAON,"AAON, INC.",-1.0
2026-06-01,80069,ARWR,"ARROWHEAD PHARMACEUTICALS, INC.",-1.0
2026-06-01,82651,WAT,WATERS CORP /DE/,-1.0
2026-06-01,84348,VSAT,VIASAT INC,-1.0
2026-06-01,85464,CWST,CASELLA WASTE SYSTEMS INC,-1.0
2026-06-01,88351,INSM,INSMED Inc,-1.0
2026-06-01,88504,BRKR,BRUKER CORP,-1.0
2026-06-01,89781,MOH,"MOLINA HEALTHCARE, INC.",-1.0
2026-06-01,90444,ORA,"ORMAT TECHNOLOGIES, INC.",-1.0
2026-06-01,91041,LYV,"Live Nation Entertainment, Inc.",-1.0
2026-06-01,91402,,,-1.0
2026-06-01,91612,GSAT,"Globalstar, Inc.",-1.0
2026-06-01,91733,,,-1.0
2026-06-01,92213,,,-1.0
2026-07-01,11018,,,1.0
2026-07-01,16126,AZZ,AZZ INC,1.0
2026-07-01,16260,MEDP,"Medpace Holdings, Inc.",1.0
2026-07-01,16591,,,1.0
2026-07-01,18064,FTDR,"Frontdoor, Inc.",1.0
2026-07-01,18065,GTX,Garrett Motion Inc.,1.0
2026-07-01,18580,FSLY,"Fastly, Inc.",1.0
2026-07-01,18592,CTVA,"Corteva, Inc.",1.0
2026-07-01,20975,DAVE,Dave Inc./DE,1.0
2026-07-01,22752,,,1.0
2026-07-01,29612,,,1.0
2026-07-01,46463,GFF,GRIFFON CORP,1.0
2026-07-01,46886,KLAC,KLA CORP,1.0
2026-07-01,48486,,,1.0
2026-07-01,50876,,,1.0
2026-07-01,53613,MU,MICRON TECHNOLOGY INC,1.0
2026-07-01,76128,VICR,VICOR CORP,1.0
2026-07-01,76478,ESE,ESCO TECHNOLOGIES INC,1.0
2026-07-01,79758,BYD,BOYD GAMING CORP,1.0
2026-07-01,80128,VMI,VALMONT INDUSTRIES INC,1.0
2026-07-01,80306,BCRX,BIOCRYST PHARMACEUTICALS INC,1.0
2026-07-01,82702,,,1.0
2026-07-01,84438,HLIO,"HELIOS TECHNOLOGIES, INC.",1.0
2026-07-01,85072,,,1.0
2026-07-01,85593,AMG,"AFFILIATED MANAGERS GROUP, INC.",1.0
2026-07-01,87657,,,1.0
2026-07-01,88661,,,1.0
2026-07-01,89792,,,1.0
2026-07-01,90249,,,1.0
2026-07-01,90377,,,1.0
2026-07-01,90436,,,1.0
2026-07-01,91392,,,1.0
2026-07-01,16738,AM,Antero Midstream Corp,0.999124
2026-07-01,91413,EVR,Evercore Inc.,0.998802
2026-07-01,18973,BRC,BRADY CORP,0.982838
2026-07-01,52337,,,0.982527
2026-07-01,68196,,,0.967034
2026-07-01,87432,A,"AGILENT TECHNOLOGIES, INC.",0.96472
2026-07-01,41355,,,0.959863
2026-07-01,60871,,,0.95929
2026-07-01,86102,,,0.951188
2026-07-01,86580,NVDA,NVIDIA CORP,0.945849
2026-07-01,60628,FDX,FEDEX CORP,0.945321
2026-07-01,10421,,,0.942958
2026-07-01,91233,MA,Mastercard Inc,0.940901
2026-07-01,82775,HIG,"HARTFORD INSURANCE GROUP, INC.",0.93813
2026-07-01,89964,,,0.937499
2026-07-01,34032,,,0.932115
2026-07-01,16967,CARG,"CarGurus, Inc.",0.929092
2026-07-01,76709,,,0.928414
2026-07-01,14318,,,0.928399
2026-07-01,11995,,,0.925142
2026-07-01,14593,,,0.924358
2026-07-01,90319,GOOGL,Alphabet Inc.,0.923507
2026-07-01,18563,,,0.921233
2026-07-01,12570,ITT,ITT INC.,0.918732
2026-07-01,85621,,,0.916553
2026-07-01,76573,MLI,MUELLER INDUSTRIES INC,0.89472
2026-07-01,85753,VRSN,VERISIGN INC/CA,0.878591
2026-07-01,88860,ALGN,ALIGN TECHNOLOGY INC,0.876471
2026-07-01,75603,,,0.871063
2026-07-01,13543,GMED,GLOBUS MEDICAL INC,0.870521
2026-07-01,91234,MWA,"Mueller Water Products, Inc.",0.854784
2026-07-01,77274,,,0.848155
2026-07-01,93002,AVGO,Broadcom Inc.,0.844015
2026-07-01,20894,APP,AppLovin Corp,0.837482
2026-07-01,84723,LNG,"Cheniere Energy, Inc.",0.836241
2026-07-01,30940,FLS,FLOWSERVE CORP,0.832523
2026-07-01,90829,,,0.829234
2026-07-01,79668,,,0.827121
2026-07-01,79637,,,0.824094
2026-07-01,49680,DHR,DANAHER CORP /DE/,0.820565
2026-07-01,17223,,,0.813907
2026-07-01,87137,DVN,DEVON ENERGY CORP/DE,0.804871
2026-07-01,83601,WOR,"WORTHINGTON ENTERPRISES, INC.",0.80275
2026-07-01,91516,AWI,ARMSTRONG WORLD INDUSTRIES INC,0.800818
2026-07-01,85645,INGR,Ingredion Inc,0.795603
2026-07-01,21219,GPOR,GULFPORT ENERGY CORP,0.794417
2026-07-01,89525,CMCSA,COMCAST CORP,0.792323
2026-07-01,26403,,,0.791845
2026-07-01,13963,NWSA,NEWS CORP,0.789637
2026-07-01,76708,,,0.784617
2026-07-01,10693,EHC,Encompass Health Corp,0.777985
2026-07-01,65700,,,0.77506
2026-07-01,64282,BBWI,"Bath & Body Works, Inc.",0.772534
2026-07-01,88664,JKHY,JACK HENRY & ASSOCIATES INC,0.746945
2026-07-01,92852,LOPE,"Grand Canyon Education, Inc.",0.741473
2026-07-01,77178,QCOM,QUALCOMM INC/DE,0.736049
2026-07-01,12622,HCA,"HCA Healthcare, Inc.",0.729247
2026-07-01,10696,FISV,FISERV INC,0.716741
2026-07-01,75912,,,0.716279
2026-07-01,21207,NEM,NEWMONT Corp /DE/,0.712561
2026-07-01,13407,,,0.705329
2026-07-01,79133,,,0.693075
2026-07-01,75510,ADBE,ADOBE INC.,0.688199
2026-07-01,83779,PEGA,PEGASYSTEMS INC,0.676967
2026-07-01,15396,BW,"Babcock & Wilcox Enterprises, Inc.",0.659217
2026-07-01,79499,INOD,INNODATA INC,0.651225
2026-07-01,15623,,,0.642694
2026-07-01,90550,,,0.626935
2026-07-01,65307,RPM,RPM INTERNATIONAL INC/DE/,0.609096
2026-07-01,85631,ADSK,"Autodesk, Inc.",0.590091
2026-07-01,79507,,,0.57646
2026-07-01,21357,,,0.544367
2026-07-01,13046,,,0.52389
2026-07-01,42550,,,0.495619
2026-07-01,13788,,,0.490016
2026-07-01,21936,PFE,PFIZER INC,0.448834
2026-07-01,90215,CRM,"Salesforce, Inc.",0.437856
2026-07-01,90708,MORN,"Morningstar, Inc.",0.417815
2026-07-01,77605,,,0.410392
2026-07-01,92402,,,0.388854
2026-07-01,73139,SYK,STRYKER CORP,0.305164
2026-07-01,88873,,,0.300142
2026-07-01,76841,BIIB,BIOGEN INC.,0.294577
2026-07-01,77496,MHK,MOHAWK INDUSTRIES INC,0.268458
2026-07-01,17332,VCTR,"Victory Capital Holdings, Inc.",0.244313
2026-07-01,36281,,,0.211411
2026-07-01,78875,WOLF,"WOLFSPEED, INC.",0.165848
2026-07-01,25590,NFG,NATIONAL FUEL GAS CO,0.137386
2026-07-01,44134,KMT,KENNAMETAL INC,0.115102
2026-07-01,53225,,,0.108204
2026-07-01,62092,,,0.09215
2026-07-01,54199,,,-0.04787
2026-07-01,64936,D,"DOMINION ENERGY, INC",-0.056895
2026-07-01,14811,FWONK,Liberty Media Corp,-0.077849
2026-07-01,90071,,,-0.222691
2026-07-01,64311,NSC,NORFOLK SOUTHERN CORP,-0.274705
2026-07-01,80286,,,-0.281014
2026-07-01,13908,PFSI,"PennyMac Financial Services, Inc.",-0.284178
2026-07-01,23931,XEL,XCEL ENERGY INC,-0.285431
2026-07-01,86288,CSGP,"COSTAR GROUP, INC.",-0.28636
2026-07-01,85488,,,-0.413374
2026-07-01,17341,,,-0.41506
2026-07-01,61567,,,-0.442117
2026-07-01,19187,,,-0.462721
2026-07-01,14495,,,-0.489684
2026-07-01,21237,PCOR,"PROCORE TECHNOLOGIES, INC.",-0.536134
2026-07-01,19655,STEP,StepStone Group Inc.,-0.589441
2026-07-01,18575,,,-0.604914
2026-07-01,90312,WLK,WESTLAKE CORP,-0.6221
2026-07-01,23681,NXT,Nextpower Inc.,-0.633123
2026-07-01,89031,AXON,"AXON ENTERPRISE, INC.",-0.651017
2026-07-01,18428,,,-0.656941
2026-07-01,90520,CE,Celanese Corp,-0.673918
2026-07-01,77357,,,-0.67959
2026-07-01,52708,LEN,LENNAR CORP /NEW/,-0.680627
2026-07-01,22618,TPG,TPG Inc.,-0.68436
2026-07-01,60599,LUMN,"Lumen Technologies, Inc.",-0.695917
2026-07-01,87430,,,-0.700071
2026-07-01,18835,,,-0.719467
2026-07-01,16600,HSY,HERSHEY CO,-0.738864
2026-07-01,81540,COR,"Cencora, Inc.",-0.752557
2026-07-01,17039,CNR,"Core Natural Resources, Inc.",-0.757504
2026-07-01,12400,,,-0.762415
2026-07-01,51625,SCI,SERVICE CORP INTERNATIONAL,-0.766041
2026-07-01,14401,,,-0.777782
2026-07-01,90444,ORA,"ORMAT TECHNOLOGIES, INC.",-0.790658
2026-07-01,93436,,,-0.806173
2026-07-01,63773,TDS,TELEPHONE & DATA SYSTEMS INC /DE/,-0.809224
2026-07-01,32707,HP,"Helmerich & Payne, Inc.",-0.81027
2026-07-01,23340,,,-0.816345
2026-07-01,83509,FCN,"FTI CONSULTING, INC",-0.825581
2026-07-01,89971,SGI,SOMNIGROUP INTERNATIONAL INC.,-0.842443
2026-07-01,16653,,,-0.855573
2026-07-01,19561,,,-0.870559
2026-07-01,21573,,,-0.876949
2026-07-01,76868,AAON,"AAON, INC.",-0.902633
2026-07-01,90776,WAL,WESTERN ALLIANCE BANCORPORATION,-0.903952
2026-07-01,79879,,,-0.905533
2026-07-01,90175,XPO,"XPO, Inc.",-0.926801
2026-07-01,84761,,,-0.94158
2026-07-01,18909,NET,"Cloudflare, Inc.",-0.945311
2026-07-01,55511,TXNM,TXNM ENERGY INC,-0.95606
2026-07-01,91575,,,-0.958359
2026-07-01,91612,,,-0.962425
2026-07-01,77702,SBUX,STARBUCKS CORP,-0.969889
2026-07-01,20916,,,-0.97009
2026-07-01,88853,,,-0.975978
2026-07-01,92294,,,-0.984591
2026-07-01,79864,,,-0.994809
2026-07-01,10258,CLDX,"Celldex Therapeutics, Inc.",-1.0
2026-07-01,11499,CECO,CECO ENVIRONMENTAL CORP,-1.0
2026-07-01,13511,PANW,Palo Alto Networks Inc,-1.0
2026-07-01,14436,,,-1.0
2026-07-01,14472,VRNS,VARONIS SYSTEMS INC,-1.0
2026-07-01,15303,,,-1.0
2026-07-01,15649,,,-1.0
2026-07-01,15707,HPE,Hewlett Packard Enterprise Co,-1.0
2026-07-01,15831,AXSM,"Axsome Therapeutics, Inc.",-1.0
2026-07-01,17045,ACMR,"ACM Research, Inc.",-1.0
2026-07-01,17144,,,-1.0
2026-07-01,17226,COLD,AMERICOLD REALTY TRUST,-1.0
2026-07-01,17372,COGT,"Cogent Biosciences, Inc.",-1.0
2026-07-01,17942,KDP,Keurig Dr Pepper Inc.,-1.0
2026-07-01,18312,,,-1.0
2026-07-01,18726,CRWD,"CrowdStrike Holdings, Inc.",-1.0
2026-07-01,18776,,,-1.0
2026-07-01,19201,RVMD,"Revolution Medicines, Inc.",-1.0
2026-07-01,19577,RKT,"Rocket Companies, Inc.",-1.0
2026-07-01,19849,SMMT,Summit Therapeutics Inc.,-1.0
2026-07-01,19854,,,-1.0
2026-07-01,20188,CRC,California Resources Corp,-1.0
2026-07-01,20512,CACI,CACI INTERNATIONAL INC /DE/,-1.0
2026-07-01,20646,OSCR,"Oscar Health, Inc.",-1.0
2026-07-01,20648,,,-1.0
2026-07-01,20791,EWTX,"Edgewise Therapeutics, Inc.",-1.0
2026-07-01,21352,FA,FIRST ADVANTAGE CORP,-1.0
2026-07-01,21747,,,-1.0
2026-07-01,21890,,,-1.0
2026-07-01,21898,,,-1.0
2026-07-01,21927,DJT,Trump Media & Technology Group Corp.,-1.0
2026-07-01,21928,,,-1.0
2026-07-01,23054,,,-1.0
2026-07-01,23568,MBC,"MasterBrand, Inc.",-1.0
2026-07-01,23738,,,-1.0
2026-07-01,27887,,,-1.0
2026-07-01,27991,PNW,PINNACLE WEST CAPITAL CORP,-1.0
2026-07-01,32870,HRL,HORMEL FOODS CORP /DE/,-1.0
2026-07-01,34746,FITB,FIFTH THIRD BANCORP,-1.0
2026-07-01,42439,HNI,HNI CORP,-1.0
2026-07-01,42585,SJM,J M SMUCKER Co,-1.0
2026-07-01,46578,CLX,CLOROX CO /DE/,-1.0
2026-07-01,59328,,,-1.0
2026-07-01,75342,MTH,Meritage Homes CORP,-1.0
2026-07-01,79859,,,-1.0
2026-07-01,80069,ARWR,"ARROWHEAD PHARMACEUTICALS, INC.",-1.0
2026-07-01,82651,,,-1.0
2026-07-01,84348,,,-1.0
2026-07-01,85464,CWST,CASELLA WASTE SYSTEMS INC,-1.0
2026-07-01,88351,,,-1.0
2026-07-01,88504,,,-1.0
2026-07-01,89781,MOH,"MOLINA HEALTHCARE, INC.",-1.0
2026-07-01,90125,CORT,CORCEPT THERAPEUTICS INC,-1.0
2026-07-01,90126,,,-1.0
2026-07-01,91041,LYV,"Live Nation Entertainment, Inc.",-1.0
2026-07-01,91402,,,-1.0
2026-07-01,91733,AVAV,AeroVironment Inc,-1.0
2026-07-01,92469,ECHO,EchoStar CORP,-1.0
2026-08-01,10421,SKYW,SKYWEST INC,1.0
2026-08-01,11018,,,1.0
2026-08-01,16260,MEDP,"Medpace Holdings, Inc.",1.0
2026-08-01,16591,LAUR,"LAUREATE EDUCATION, INC.",1.0
2026-08-01,18580,,,1.0
2026-08-01,18968,,,1.0
2026-08-01,18973,,,1.0
2026-08-01,22752,,,1.0
2026-08-01,29612,,,1.0
2026-08-01,48486,LRCX,LAM RESEARCH CORP,1.0
2026-08-01,52337,THC,TENET HEALTHCARE CORP,1.0
2026-08-01,68196,SEIC,SEI INVESTMENTS CO,1.0
2026-08-01,75470,MIDD,MIDDLEBY Corp,1.0
2026-08-01,76123,JOE,ST JOE Co,1.0
2026-08-01,76709,,,1.0
2026-08-01,79507,MCRI,MONARCH CASINO & RESORT INC,1.0
2026-08-01,80128,VMI,VALMONT INDUSTRIES INC,1.0
2026-08-01,82702,AMRX,"Amneal Pharmaceuticals, Inc.",1.0
2026-08-01,82775,HIG,"HARTFORD INSURANCE GROUP, INC.",1.0
2026-08-01,85593,AMG,"AFFILIATED MANAGERS GROUP, INC.",1.0
2026-08-01,85621,,,1.0
2026-08-01,85753,VRSN,VERISIGN INC/CA,1.0
2026-08-01,86102,FHI,"FEDERATED HERMES, INC.",1.0
2026-08-01,87432,,,1.0
2026-08-01,88661,,,1.0
2026-08-01,90436,HALO,"HALOZYME THERAPEUTICS, INC.",1.0
2026-08-01,91233,MA,Mastercard Inc,1.0
2026-08-01,14318,NMIH,"NMI Holdings, Inc.",0.998234
2026-08-01,20975,,,0.997368
2026-08-01,91392,TNL,Travel & Leisure Co.,0.991736
2026-08-01,10318,BCPC,BALCHEM CORP,0.98593
2026-08-01,16967,,,0.984994
2026-08-01,14593,AAPL,Apple Inc.,0.984129
2026-08-01,18563,,,0.972499
2026-08-01,16738,AM,Antero Midstream Corp,0.972059
2026-08-01,76573,MLI,MUELLER INDUSTRIES INC,0.964108
2026-08-01,79758,BYD,BOYD GAMING CORP,0.96008
2026-08-01,90829,,,0.956508
2026-08-01,41355,,,0.955519
2026-08-01,50876,,,0.954922
2026-08-01,17223,ADT,ADT Inc.,0.954293
2026-08-01,89964,NNI,NELNET INC,0.95264
2026-08-01,87657,EW,Edwards Lifesciences Corp,0.94857
2026-08-01,86580,NVDA,NVIDIA CORP,0.946225
2026-08-01,85072,,,0.94461
2026-08-01,91413,EVR,Evercore Inc.,0.934826
2026-08-01,18064,,,0.933174
2026-08-01,16126,AZZ,AZZ INC,0.932066
2026-08-01,79637,UHS,UNIVERSAL HEALTH SERVICES INC,0.931165
2026-08-01,60628,FDX,FEDEX CORP,0.925281
2026-08-01,84723,LNG,"Cheniere Energy, Inc.",0.919745
2026-08-01,90319,GOOGL,Alphabet Inc.,0.917624
2026-08-01,11995,,,0.909058
2026-08-01,12570,,,0.907798
2026-08-01,76478,,,0.898042
2026-08-01,80306,,,0.8951
2026-08-01,89792,CVCO,"CAVCO INDUSTRIES, INC.",0.887477
2026-08-01,60871,ADI,ANALOG DEVICES INC,0.884628
2026-08-01,46463,,,0.880623
2026-08-01,88860,ALGN,ALIGN TECHNOLOGY INC,0.876528
2026-08-01,13963,NWSA,NEWS CORP,0.874166
2026-08-01,77274,,,0.871676
2026-08-01,84438,,,0.87135
2026-08-01,91516,AWI,ARMSTRONG WORLD INDUSTRIES INC,0.869581
2026-08-01,93002,AVGO,Broadcom Inc.,0.867329
2026-08-01,13543,,,0.865573
2026-08-01,75912,PTC,PTC INC.,0.86293
2026-08-01,18065,GTX,Garrett Motion Inc.,0.856885
2026-08-01,10693,,,0.854221
2026-08-01,79668,BDC,BELDEN INC.,0.853279
2026-08-01,30940,FLS,FLOWSERVE CORP,0.850652
2026-08-01,85645,INGR,Ingredion Inc,0.840363
2026-08-01,75510,ADBE,ADOBE INC.,0.838566
2026-08-01,49680,DHR,DANAHER CORP /DE/,0.837571
2026-08-01,83601,,,0.837006
2026-08-01,88664,,,0.833172
2026-08-01,91234,,,0.832781
2026-08-01,34032,MAS,MASCO CORP /DE/,0.816119
2026-08-01,65700,USLM,UNITED STATES LIME & MINERALS INC,0.814502
2026-08-01,90249,ENS,EnerSys,0.792798
2026-08-01,26403,,,0.789055
2026-08-01,10696,FISV,FISERV INC,0.786118
2026-08-01,76708,CVSA,Covista Inc.,0.783537
2026-08-01,76712,AES,AES CORP,0.783429
2026-08-01,89525,CMCSA,COMCAST CORP,0.781737
2026-08-01,75603,,,0.756055
2026-08-01,21219,,,0.753118
2026-08-01,12622,HCA,"HCA Healthcare, Inc.",0.750886
2026-08-01,92852,LOPE,"Grand Canyon Education, Inc.",0.750877
2026-08-01,79133,ATR,"APTARGROUP, INC.",0.742217
2026-08-01,14239,VISN,"Vistance Networks, Inc.",0.741998
2026-08-01,21207,NEM,NEWMONT Corp /DE/,0.71286
2026-08-01,53613,,,0.710227
2026-08-01,85631,ADSK,"Autodesk, Inc.",0.709118
2026-08-01,90550,DLB,"Dolby Laboratories, Inc.",0.6994
2026-08-01,13407,META,"Meta Platforms, Inc.",0.695044
2026-08-01,83779,PEGA,PEGASYSTEMS INC,0.688771
2026-08-01,64282,BBWI,"Bath & Body Works, Inc.",0.66976
2026-08-01,20894,,,0.641088
2026-08-01,46886,KLAC,KLA CORP,0.603046
2026-08-01,15623,HLI,"HOULIHAN LOKEY, INC.",0.599431
2026-08-01,65307,RPM,RPM INTERNATIONAL INC/DE/,0.588064
2026-08-01,77178,QCOM,QUALCOMM INC/DE,0.58582
2026-08-01,21357,,,0.54725
2026-08-01,13046,,,0.544433
2026-08-01,76128,VICR,VICOR CORP,0.543127
2026-08-01,79499,,,0.539478
2026-08-01,90377,,,0.534972
2026-08-01,42550,NEU,NEWMARKET CORP,0.531089
2026-08-01,13788,,,0.529288
2026-08-01,90708,MORN,"Morningstar, Inc.",0.516044
2026-08-01,90215,,,0.513056
2026-08-01,21936,,,0.473035
2026-08-01,77605,BSX,BOSTON SCIENTIFIC CORP,0.448145
2026-08-01,92402,MSCI,MSCI Inc.,0.396197
2026-08-01,76721,,,0.382383
2026-08-01,49429,,,0.347494
2026-08-01,73139,SYK,STRYKER CORP,0.314805
2026-08-01,17332,VCTR,"Victory Capital Holdings, Inc.",0.287113
2026-08-01,76841,BIIB,BIOGEN INC.,0.275849
2026-08-01,77496,MHK,MOHAWK INDUSTRIES INC,0.271595
2026-08-01,36281,,,0.20838
2026-08-01,25590,NFG,NATIONAL FUEL GAS CO,0.146063
2026-08-01,53225,GHC,Graham Holdings Co,0.113958
2026-08-01,44134,KMT,KENNAMETAL INC,0.111222
2026-08-01,62092,TMO,THERMO FISHER SCIENTIFIC INC.,0.105289
2026-08-01,54199,,,-0.048172
2026-08-01,64936,D,"DOMINION ENERGY, INC",-0.057463
2026-08-01,14811,FWONK,Liberty Media Corp,-0.08007
2026-08-01,90071,NRG,"NRG ENERGY, INC.",-0.2041
2026-08-01,61567,HXL,HEXCEL CORP /DE/,-0.204803
2026-08-01,13908,PFSI,"PennyMac Financial Services, Inc.",-0.245214
2026-08-01,80286,TSCO,TRACTOR SUPPLY CO /DE/,-0.272731
2026-08-01,23931,XEL,XCEL ENERGY INC,-0.277139
2026-08-01,86288,CSGP,"COSTAR GROUP, INC.",-0.289979
2026-08-01,64311,NSC,NORFOLK SOUTHERN CORP,-0.29215
2026-08-01,14495,,,-0.386159
2026-08-01,85488,,,-0.41726
2026-08-01,17341,,,-0.443409
2026-08-01,23681,NXT,Nextpower Inc.,-0.475743
2026-08-01,18575,PSN,PARSONS CORP,-0.50871
2026-08-01,60599,,,-0.5761
2026-08-01,77357,,,-0.590307
2026-08-01,93436,TSLA,"Tesla, Inc.",-0.594165
2026-08-01,90312,WLK,WESTLAKE CORP,-0.598991
2026-08-01,89031,AXON,"AXON ENTERPRISE, INC.",-0.610981
2026-08-01,17045,,,-0.61551
2026-08-01,52708,,,-0.621102
2026-08-01,19655,,,-0.62336
2026-08-01,76868,AAON,"AAON, INC.",-0.631061
2026-08-01,59328,INTC,INTEL CORP,-0.643093
2026-08-01,20648,RBLX,Roblox Corp,-0.651752
2026-08-01,90520,,,-0.653663
2026-08-01,18835,,,-0.666681
2026-08-01,79879,,,-0.698095
2026-08-01,89971,SGI,SOMNIGROUP INTERNATIONAL INC.,-0.699557
2026-08-01,90444,,,-0.706178
2026-08-01,21237,PCOR,"PROCORE TECHNOLOGIES, INC.",-0.721341
2026-08-01,18428,DOW,DOW INC.,-0.725388
2026-08-01,63773,,,-0.731881
2026-08-01,22618,,,-0.734863
2026-08-01,16600,HSY,HERSHEY CO,-0.735037
2026-08-01,14436,,,-0.743132
2026-08-01,17039,,,-0.753603
2026-08-01,14401,OGS,"ONE Gas, Inc.",-0.781379
2026-08-01,16263,,,-0.787991
2026-08-01,81540,,,-0.825795
2026-08-01,75342,MTH,Meritage Homes CORP,-0.834309
2026-08-01,16653,,,-0.834643
2026-08-01,79864,,,-0.843836
2026-08-01,89781,MOH,"MOLINA HEALTHCARE, INC.",-0.852456
2026-08-01,32707,,,-0.853211
2026-08-01,84348,,,-0.853686
2026-08-01,19561,BA,BOEING CO,-0.866707
2026-08-01,51625,SCI,SERVICE CORP INTERNATIONAL,-0.866987
2026-08-01,83509,FCN,"FTI CONSULTING, INC",-0.880641
2026-08-01,90776,WAL,WESTERN ALLIANCE BANCORPORATION,-0.882525
2026-08-01,23340,CRBG,"Corebridge Financial, Inc.",-0.886973
2026-08-01,15831,AXSM,"Axsome Therapeutics, Inc.",-0.887691
2026-08-01,20916,,,-0.89332
2026-08-01,17226,COLD,AMERICOLD REALTY TRUST,-0.89341
2026-08-01,91733,AVAV,AeroVironment Inc,-0.901989
2026-08-01,90126,,,-0.902488
2026-08-01,90175,XPO,"XPO, Inc.",-0.904611
2026-08-01,84761,,,-0.912258
2026-08-01,21890,,,-0.913825
2026-08-01,88351,INSM,INSMED Inc,-0.92188
2026-08-01,88853,,,-0.931791
2026-08-01,27991,,,-0.940932
2026-08-01,21928,IDA,IDACORP INC,-0.941647
2026-08-01,20791,EWTX,"Edgewise Therapeutics, Inc.",-0.942953
2026-08-01,17942,,,-0.94791
2026-08-01,79859,,,-0.948907
2026-08-01,14472,VRNS,VARONIS SYSTEMS INC,-0.949197
2026-08-01,13511,,,-0.970151
2026-08-01,55511,TXNM,TXNM ENERGY INC,-0.972482
2026-08-01,15649,,,-0.976793
2026-08-01,91612,,,-0.984378
2026-08-01,20188,CRC,California Resources Corp,-0.992371
2026-08-01,77702,SBUX,STARBUCKS CORP,-0.996119
2026-08-01,18726,,,-0.997493
2026-08-01,46578,,,-0.998043
2026-08-01,19201,,,-0.998435
2026-08-01,34746,FITB,FIFTH THIRD BANCORP,-0.999406
2026-08-01,18776,,,-0.999436
2026-08-01,10258,CLDX,"Celldex Therapeutics, Inc.",-1.0
2026-08-01,11499,,,-1.0
2026-08-01,12400,LPLA,LPL Financial Holdings Inc.,-1.0
2026-08-01,14708,,,-1.0
2026-08-01,15707,HPE,Hewlett Packard Enterprise Co,-1.0
2026-08-01,16005,,,-1.0
2026-08-01,17372,,,-1.0
2026-08-01,17892,,,-1.0
2026-08-01,18677,,,-1.0
2026-08-01,18909,,,-1.0
2026-08-01,19433,,,-1.0
2026-08-01,19484,PCVX,"Vaxcyte, Inc.",-1.0
2026-08-01,19813,,,-1.0
2026-08-01,19849,SMMT,Summit Therapeutics Inc.,-1.0
2026-08-01,19854,EBC,"Eastern Bankshares, Inc.",-1.0
2026-08-01,20138,,,-1.0
2026-08-01,20295,,,-1.0
2026-08-01,20325,,,-1.0
2026-08-01,20512,,,-1.0
2026-08-01,20646,,,-1.0
2026-08-01,21352,,,-1.0
2026-08-01,21573,IP,INTERNATIONAL PAPER CO /NEW/,-1.0
2026-08-01,21747,,,-1.0
2026-08-01,21927,DJT,Trump Media & Technology Group Corp.,-1.0
2026-08-01,23229,CMS,CMS ENERGY CORP,-1.0
2026-08-01,27887,BAX,BAXTER INTERNATIONAL INC,-1.0
2026-08-01,32870,HRL,HORMEL FOODS CORP /DE/,-1.0
2026-08-01,42439,HNI,HNI CORP,-1.0
2026-08-01,42585,,,-1.0
2026-08-01,80069,,,-1.0
2026-08-01,80539,,,-1.0
2026-08-01,82651,,,-1.0
2026-08-01,85293,,,-1.0
2026-08-01,85464,CWST,CASELLA WASTE SYSTEMS INC,-1.0
2026-08-01,87430,,,-1.0
2026-08-01,88504,BRKR,BRUKER CORP,-1.0
2026-08-01,89217,,,-1.0
2026-08-01,89482,BANC,"BANC OF CALIFORNIA, INC.",-1.0
2026-08-01,90125,CORT,CORCEPT THERAPEUTICS INC,-1.0
2026-08-01,91402,,,-1.0
2026-08-01,91575,HRI,HERC HOLDINGS INC,-1.0
2026-08-01,91832,MDGL,"MADRIGAL PHARMACEUTICALS, INC.",-1.0
2026-08-01,92294,,,-1.0
