target_month,permno,ticker,company_name,sector,weight,ret_exc_lead1m,pred,raw_me,raw_beta_60m,raw_betabab_1260d
2021-01-31,10874,BC,BRUNSWICK CORP,25,0.03,0.134004,0.37640906947837643,5972.87032,1.8805612925918593,1.3258398749533549
2021-01-31,11809,CLH,CLEAN HARBORS INC,20,0.03,0.017825,0.26083322617976085,4204.2206,1.619508683777794,1.4013313758663108
2021-01-31,12062,LH,LABORATORY CORP AMERICA HLDGS,35,0.03,0.124543,0.3367836783678368,19825.770000000004,1.0293470305104602,0.9882130621894952
2021-01-31,12981,FBHS,FORTUNE BRANDS HOME & SECUR INC,20,0.009999999999999995,0.006137,0.24656037032274655,11908.99388,1.5569886933549437,1.2167626051063638
2021-01-31,13046,UI,UBIQUITI INC,45,0.03,0.105803,0.4531738888174532,17487.08588,1.4041781886050269,0.6701796588411056
2021-01-31,13169,ZNGA,ZYNGA INC,50,-0.03,0.004007,-0.3227894217993228,10675.391999999998,0.2382275711985728,0.4875533455299876
2021-01-31,13379,SPLK,SPLUNK INC,45,-0.03,-0.028653,-0.6012172645836013,27474.78069,1.3762157236519486,1.0050083508663148
2021-01-31,13802,APAM,ARTISAN PARTNERS ASSET MGMT INC,40,0.020000000000000004,-0.038584,0.2961296129612961,3092.1848400000003,1.8262464109018182,1.1445580154093862
2021-01-31,14044,AGIO,AGIOS PHARMACEUTICALS INC,35,-0.03,0.083961,-0.4923492349234924,3002.50902,1.7693863182657281,0.7070999765233422
2021-01-31,14136,RNG,RINGCENTRAL INC,45,-0.03,-0.01601,-0.4441301272984441,30062.932160000004,0.7079236658507883,0.7747581520220707
2021-01-31,14159,FEYE,FIREEYE INC,45,-0.03,-0.089378,-0.5289957567185289,5435.011399999999,1.2308787925067757,0.9905661120637461
2021-01-31,14182,BURL,BURLINGTON STORES INC,25,-0.03,-0.048412,-0.3767948223393768,17325.072,0.7413815106200924,0.8771272257010783
2021-01-31,14273,CHGG,CHEGG INC,25,-0.016127970388733634,0.054532000000000004,-0.36427928507136426,11635.49763,1.0083530124956446,0.7385517356561901
2021-01-31,15167,SHAK,SHAKE SHACK INC,25,-0.03,0.33777,-0.5712142642835712,3249.6174,1.6721558883095007,1.136764518259553
2021-01-31,15431,MCRB,SERES THERAPEUTICS INC,35,-0.03,-0.030658,-0.7111568299687112,2240.7455,1.6052244208030444,1.5810039530167217
2021-01-31,15585,TDOC,TELADOC HEALTH INC,35,-0.03,0.319368,-0.42338519566242333,28986.401560000002,0.3264846757846427,0.5087397621845046
2021-01-31,15643,RUN,SUNRUN INC,20,-0.03,-0.001631,-0.6231623162316231,13973.548279999999,2.242780983053148,1.2762444409644227
2021-01-31,15694,PEN,PENUMBRA INC,35,-0.03,0.49189700000000003,-0.4544383009729544,6354.425,0.4138224638654095,0.6275138537117705
2021-01-31,16068,RETA,REATA PHARMACEUTICALS INC,35,-0.03,-0.162075,-0.5784792764990785,3845.6945800000003,1.4341021027163177,0.6803479952223092
2021-01-31,16287,EVBG,EVERBRIDGE INC,45,-0.03,-0.10831700000000001,-0.43251468003943255,5284.38243,0.7707780177256409,0.5758335284659949
2021-01-31,16382,COUP,COUPA SOFTWARE INC,45,-0.03,-0.085733,-0.4997642621404998,24461.16816,1.551610631194885,0.736783288965789
2021-01-31,16595,SNAP,SNAP INC,50,-0.03,0.057274000000000005,-0.40304744760190303,61821.829560000006,1.2968779650687943,0.6315570042145572
2021-01-31,16968,MDB,MONGODB INC,45,-0.03,0.029394,-0.4480948094809481,21637.90464,0.834159511946872,0.7008842034514196
2021-01-31,19561,BA,BOEING CO,20,-0.03,-0.09287000000000001,-0.6301701598731303,120843.29179999999,1.582160406795345,1.6741044467599389
2021-01-31,21020,AAL,AMERICAN AIRLINES GROUP INC,20,-0.03,0.08872999999999999,-0.7334019116197334,9800.7396,1.729152974082844,1.6353641323487544
2021-01-31,27422,CLF,CLEVELAND CLIFFS INC NEW,15,-0.009999999999999995,0.053525,-0.4921349277784922,5812.96352,2.2400746598780072,1.0351491408111815
2021-01-31,27430,CTB,COOPER TIRE & RUBBER CO,25,0.03,-0.092639,0.3485277099138485,2040.1470000000002,1.4580143423269825,0.850620568230601
2021-01-31,29209,ARW,ARROW ELECTRONICS INC,45,0.03,0.003346,0.33005443401483003,7350.5285,1.467573163001554,1.0296888035399334
2021-01-31,34032,MAS,MASCO CORP,20,0.03,-0.008818,0.3415412969868415,14373.862679999998,1.2488163323456765,0.8290566513167236
2021-01-31,35124,CLGX,CORELOGIC INC,20,0.03,-0.026301,0.3566285199948567,6013.87228,1.0448030732012463,0.8539057449481422
2021-01-31,38295,SPB,SPECTRUM BRANDS HOLDINGS INC NEW,30,0.020000000000000004,-0.043222,0.27332733273327336,3402.6163600000004,1.8429964267484438,1.0604834258050502
2021-01-31,51625,SCI,SERVICE CORP INTERNATIONAL,25,0.029657538450212628,0.027042,0.42638549569242645,8481.7304,0.6401906763072707,0.7541221884263954
2021-01-31,56223,LPX,LOUISIANA PACIFIC CORP,15,0.03,0.022553,0.38273113025588273,4063.57308,1.7360847711545953,1.359734199267307
2021-01-31,58683,LUV,SOUTHWEST AIRLINES CO,20,-0.03,-0.05733,-0.6075178946466077,27512.62453,1.1749124645136568,1.0426287158813232
2021-01-31,58771,RBC,REGAL BELOIT CORP,20,0.03,0.021695,0.29617247439029615,4985.47195,1.3428457309724044,1.0750003647910327
2021-01-31,61313,DCI,DONALDSON INC,20,0.03,0.063662,0.33284042689983284,7054.2912,1.2613951846883154,0.8926810129835012
2021-01-31,62092,TMO,THERMO FISHER SCIENTIFIC INC,35,0.03,0.094247,0.369036903690369,184604.91629999998,0.769551928970771,0.692131097654641
2021-01-31,65307,RPM,R P M INTERNATIONAL INC,15,0.03,-0.087587,0.40782649693540785,11795.68086,0.950246334032717,0.9213564044231378
2021-01-31,75342,MTH,MERITAGE HOMES CORP,25,0.03,-0.030956,0.29979426514079976,3115.02584,1.5727751102280663,1.360938310403969
2021-01-31,78875,CREE,CREE INC,45,-0.020000000000000004,-0.045561,-0.5098366979555099,11752.464300000001,1.4051232241298015,1.1083541864897581
2021-01-31,79637,UHS,UNIVERSAL HEALTH SERVICES INC,35,0.03,-0.093282,0.26972697269726975,10687.050000000001,1.1142664608752597,1.1310392326650442
2021-01-31,79878,UFPI,U F P INDUSTRIES INC,20,0.03,-0.029029,0.41161973340191166,3399.9933,1.3461141519220192,1.003305478414112
2021-01-31,80069,ARWR,ARROWHEAD PHARMACEUTICALS INC,35,-0.03,0.005688,-0.6150829368651151,7918.0756200000005,1.5361871814774464,0.7676267663829478
2021-01-31,80575,SSD,SIMPSON MANUFACTURING CO INC,20,0.03,-0.013257999999999999,0.45756718528995755,4057.69245,1.1764992342870024,0.8982661899329314
2021-01-31,81220,NSIT,INSIGHT ENTERPRISES INC,45,0.03,8.5e-05,0.37715914448587723,2670.98727,1.7381907103218177,0.9225649761166009
2021-01-31,82670,TGTX,T G THERAPEUTICS INC,35,-0.03,-0.072134,-0.5992670695640994,7312.76352,2.381099335662583,0.9496815730520138
2021-01-31,82779,NVAX,NOVAVAX INC,35,-0.020000000000000004,0.981301,-0.5042218507565043,8261.88741,2.0050407155940713,0.6435598570150547
2021-01-31,83011,WSM,WILLIAMS SONOMA INC,25,0.03,0.271156,0.3695298101238695,7799.72192,1.6398879640511765,1.0257856768180798
2021-01-31,84172,NUS,NU SKIN ENTERPRISES INC,30,0.03,0.059262,0.38667438172388663,2787.82353,1.3252117099361584,0.9979872955262127
2021-01-31,84373,DGX,QUEST DIAGNOSTICS INC,35,0.03,0.088517,0.37846641807037845,16060.064219999998,1.0120843922539893,0.7180558008976902
2021-01-31,85427,GPI,GROUP 1 AUTOMOTIVE INC,25,0.03,0.049367,0.28650722215078644,2401.69796,2.0518246660833452,1.3683129051736793
2021-01-31,85621,MTD,METTLER TOLEDO INTERNATIONAL INC,35,0.03,0.024891,0.3358192962153358,27118.685600000004,0.962742883343791,0.7918783763755681
2021-01-31,86047,AMKR,AMKOR TECHNOLOGY INC,45,0.03,0.029131999999999998,0.30163730658780163,3661.86132,1.5910071423514223,1.2111433835744605
2021-01-31,86489,SNBR,SLEEP NUMBER CORP,25,0.00647043193852101,0.316104,0.24866058034374863,2078.4254,2.0066788948642023,1.1574170715943028
2021-01-31,87337,PLUG,PLUG POWER INC,20,-0.03,0.862826,-0.7161287557327162,15532.509409999999,1.8239313355122577,1.150139778315966
2021-01-31,87356,WWE,WORLD WRESTLING ENTMT INC,50,0.013872029611265636,0.172274,0.3563499207063564,2243.6947499999997,1.4419535932257401,0.5898510994443282
2021-01-31,89353,JBLU,JETBLUE AIRWAYS CORP,20,-0.03,-0.013800999999999999,-0.6514508593716515,4594.639999999999,1.4992807029152053,1.5062336006169619
2021-01-31,89533,WYNN,WYNN RESORTS LTD,25,-0.03,-0.117922,-0.6120183446916121,12173.00304,2.274540996388035,1.4317432609290244
2021-01-31,89916,NXST,NEXSTAR MEDIA GROUP INC,50,0.03,0.040983000000000006,0.2855857014272856,4723.23183,1.8572619559244048,1.4605808255855737
2021-01-31,89971,TPX,TEMPUR SEALY INTERNATIONAL INC,25,0.03,-0.022268,0.26124040975526125,5571.558,1.9094925029734502,1.3685112799350663
2021-01-31,90505,LVS,LAS VEGAS SANDS CORP,25,-0.03,-0.19316699999999998,-0.43677939222493667,45524.1488,1.2783501928325596,1.0255299185516122
2021-01-31,90808,EXPE,EXPEDIA GROUP INC,25,-0.03,-0.062735,-0.6050533624791051,18280.997600000002,1.6567277555846676,1.1938444898257141
2021-01-31,91041,LYV,LIVE NATION ENTERTAINMENT INC,50,-0.03,-0.095718,-0.6396211049676397,15953.757160000001,1.2877777971695124,1.306294844800411
2021-01-31,91103,UAL,UNITED AIRLINES HOLDINGS INC,20,-0.03,-0.075422,-0.7601045818867601,13487.296250000001,1.5518205548331552,1.6815506190693412
2021-01-31,91277,QRTEA,QURATE RETAIL INC,25,0.03,0.148541,0.31275984741331275,4192.36102,1.82229370783813,1.1533180985707177
2021-01-31,91500,EXLS,EXLSERVICE HOLDINGS INC,45,0.03,-0.099306,0.30879516523080885,2856.87767,0.8874994807789416,1.09551483861408
2021-01-31,91594,SPR,SPIRIT AEROSYSTEMS HOLDINGS INC,20,-0.03,-0.13358399999999998,-0.6836397925506835,4129.35033,1.9873456410909576,1.7072978945541146
2021-01-31,91915,CNK,CINEMARK HOLDINGS INC,50,-0.0038720296112656413,0.162504,-0.6106896403926108,2057.13078,2.494179196833971,1.4082277363622238
2021-01-31,91926,DAL,DELTA AIR LINES INC,20,-0.03,-0.056001999999999996,-0.6742102781706742,25643.284140000003,1.3765500153129124,1.4186060849051823
2021-01-31,93035,SEM,SELECT MEDICAL HOLDINGS CORP,35,0.03,-0.07090600000000001,0.2544040118297544,3727.54458,1.3854552274943097,1.3738893679316249
2021-01-31,93098,H,HYATT HOTELS CORP,25,-0.03,-0.115736,-0.5311388281685311,2905.92225,1.4526646105162095,1.1664788478817227
2021-01-31,93330,PRI,PRIMERICA INC,40,0.03,0.040124,0.3480562341948481,5263.8507899999995,1.3855162899579074,1.1323641400742253
2021-02-28,10874,BC,BRUNSWICK CORP,25,0.03,0.025127,0.23537355605418428,6773.53578,1.8111234382570052,1.3307145970343992
2021-02-28,10909,CERN,CERNER CORP,35,0.03,-0.136982,0.38465054433640816,24501.88383,0.7029011046410186,0.5313561182968051
2021-02-28,12062,LH,LABORATORY CORP AMERICA HLDGS,35,0.009999999999999995,0.048008999999999996,0.2812681791739383,22295.834000000003,0.997885021124335,0.9829634631723171
2021-02-28,12981,FBHS,FORTUNE BRANDS HOME & SECUR INC,20,0.03,-0.033101000000000005,0.28363666583561864,11982.62625,1.5405134573544828,1.2122553388385715
2021-02-28,13046,UI,UBIQUITI INC,45,0.03,0.036613,0.4064863292611984,19338.076119999998,1.3888083111116516,0.6321719493816773
2021-02-28,13169,ZNGA,ZYNGA INC,50,-0.020000000000000004,0.125081,-0.2865245574669658,10732.50027,0.18857686819692748,0.4785141568926965
2021-02-28,13379,SPLK,SPLUNK INC,45,-0.03,-0.13347499999999998,-0.44857890800299177,26924.149409999998,1.3005855753640723,0.9908917778171115
2021-02-28,13837,EVTC,EVERTEC INC,45,0.03,0.122433,0.39699160641569015,2495.1729,1.024093136956664,0.7976069273261613
2021-02-28,14136,RNG,RINGCENTRAL INC,45,-0.03,0.014006,-0.34960109698329594,29582.997760000002,0.6708478207588142,0.7657916106326096
2021-02-28,14159,FEYE,FIREEYE INC,45,-0.010107671457410605,-0.080045,-0.4170821906424,4949.49,1.1010715274746834,0.976600311827934
2021-02-28,14328,AMC,A M C ENTERTAINMENT HOLDINGS INC,50,-0.03,-0.395973,-0.5460192803124742,3809.2930199999996,1.7961495448541007,1.0601853225918783
2021-02-28,14696,MIK,MICHAELS COMPANIES INC,25,0.03,-0.032303000000000005,0.09789744868278896,2194.924,3.118757538044596,1.836786813589199
2021-02-28,15108,NEWR,NEW RELIC INC,45,-0.03,-0.186797,-0.4051151001412782,4705.96728,0.8880224792282938,0.8916826365493117
2021-02-28,15167,SHAK,SHAKE SHACK INC,25,-0.03,0.044567999999999997,-0.6216446438959528,4347.3886,1.6153940104499356,1.1303077384440166
2021-02-28,15431,MCRB,SERES THERAPEUTICS INC,35,-0.03,-0.19836099999999998,-0.7068270589212997,2172.15125,1.5342867569728003,1.532157911922321
2021-02-28,15506,CYRX,CRYOPORT INC,35,-0.03,-0.128491,-0.428799966758082,3016.0086,1.0286660812839021,0.6002627252251911
2021-02-28,15579,TXN,TEXAS INSTRUMENTS INC,45,0.03,0.039667999999999995,0.3867281642150752,152474.39991,1.0112042233932643,0.8896316066768387
2021-02-28,15585,TDOC,TELADOC HEALTH INC,35,-0.03,-0.162043,-0.44999168952048535,38245.06063,0.2238880616044867,0.5278047330362504
2021-02-28,15623,HLI,HOULIHAN LOKEY INC,40,0.03,-0.019937,0.5191972076788831,3327.9074499999997,0.6397047084082051,0.46332025522310966
2021-02-28,15643,RUN,SUNRUN INC,20,-0.03,-0.096624,-0.6415897947311561,13951.393619999999,2.197671633089365,1.317759481992006
2021-02-28,15694,PEN,PENUMBRA INC,35,-0.03,0.08935,-0.44467298263109784,9480.438989999999,0.24272521616251316,0.6335718706395026
2021-02-28,15914,WKHS,WORKHORSE GROUP INC,25,-0.022625986735466515,-0.528891,-0.4821947976398238,4184.39736,3.0550998847644135,0.3829106793285368
2021-02-28,16068,RETA,REATA PHARMACEUTICALS INC,35,-0.03,0.180185,-0.5860342391756005,3222.5813100000005,1.458614233712952,0.6868334377605377
2021-02-28,16119,ATKR,ATKORE INTERNATIONAL GROUP INC,20,0.03,0.5249780000000001,0.17156984958032076,2109.7616000000003,2.393209330768854,1.3877200920907649
2021-02-28,16287,EVBG,EVERBRIDGE INC,45,-0.03,0.152667,-0.37631928862295355,4712.23557,0.7879061898742744,0.5848193878989171
2021-02-28,16382,COUP,COUPA SOFTWARE INC,45,-0.03,0.117391,-0.49495138369483926,22544.281980000003,1.565344232157425,0.7476441383981483
2021-02-28,16968,MDB,MONGODB INC,45,-0.03,0.044109999999999996,-0.4200116346713206,22508.50978,0.8379700342352419,0.7039557110942727
2021-02-28,18973,BRC,BRADY CORP,20,0.03,0.14153600000000002,0.4015208177511842,2225.53316,0.7926630706596125,0.8517469042674372
2021-02-28,19561,BA,BOEING CO,20,-0.01726634180712216,0.091721,-0.5937214327266683,109626.08069999999,1.5510793936843124,1.6663313252858651
2021-02-28,21020,AAL,AMERICAN AIRLINES GROUP INC,20,-0.03,0.219524,-0.724943904263276,10670.8116,1.7450287216965696,1.6066725363315826
2021-02-28,25953,DOV,DOVER CORP,20,0.027266341807122153,0.062285999999999994,0.31037563367406296,16786.55847,1.243345708254754,1.0132789127989275
2021-02-28,27422,CLF,CLEVELAND CLIFFS INC NEW,15,-0.03,-0.13042299999999998,-0.5058588880578411,6124.3722800000005,2.3061979101450474,1.0846072193893634
2021-02-28,28804,ALK,ALASKA AIRGROUP INC,20,-0.03,0.331513,-0.568997756170531,6065.56494,1.7264973393404932,1.4039798663904213
2021-02-28,29209,ARW,ARROW ELECTRONICS INC,45,0.03,0.026893,0.3106041718607164,7375.45835,1.4919189575003444,1.0203364097013496
2021-02-28,35124,CLGX,CORELOGIC INC,20,0.03,0.12879000000000002,0.3586802958530707,5855.98091,1.1120445074419423,0.8559625327117543
2021-02-28,37568,FELE,FRANKLIN ELECTRIC INC,20,0.03,0.083844,0.39059253718939585,3208.73124,0.9768648080316106,0.8833625689446288
2021-02-28,38295,SPB,SPECTRUM BRANDS HOLDINGS INC NEW,30,0.03,0.031382999999999994,0.34640156237014874,3220.9445399999995,1.8571014338082656,1.0473736084761436
2021-02-28,56223,LPX,LOUISIANA PACIFIC CORP,15,0.03,0.256758,0.42358514086262783,4155.40524,1.720394863751079,1.3583226079669164
2021-02-28,58683,LUV,SOUTHWEST AIRLINES CO,20,-0.03,0.322895,-0.5774744452754924,25945.42756,1.1526161931912313,1.0528499778111156
2021-02-28,64194,CHE,CHEMED CORP NEW,35,0.03,-0.13974399999999998,0.4022479847087177,8261.540799999999,0.48451103979178134,0.737397391422474
2021-02-28,65307,RPM,R P M INTERNATIONAL INC,15,0.020000000000000004,-0.034361,0.41109864539183905,10729.59441,0.9316389594383316,0.9108745548211717
2021-02-28,75342,MTH,MERITAGE HOMES CORP,25,0.03,0.050415999999999996,0.25542258788332084,3018.73912,1.6111279441879511,1.365065824279905
2021-02-28,77902,CAKE,CHEESECAKE FACTORY INC,25,-0.03,0.22188100000000002,-0.5570722180669826,2051.48643,1.6803113746039702,1.4171689751958845
2021-02-28,79637,UHS,UNIVERSAL HEALTH SERVICES INC,35,0.03,0.005168,0.283179589462312,9690.628320000002,1.13393924084748,1.124173080152738
2021-02-28,79878,UFPI,U F P INDUSTRIES INC,20,0.03,0.13362200000000002,0.4059669242915316,3301.55952,1.39791407885144,1.0125450484921754
2021-02-28,80069,ARWR,ARROWHEAD PHARMACEUTICALS INC,35,-0.03,0.032221,-0.5765187401313056,8006.46467,1.308028101166422,0.739205079114475
2021-02-28,80575,SSD,SIMPSON MANUFACTURING CO INC,20,0.03,0.059302999999999995,0.41577329011883984,3994.732,1.191967621902231,0.9038370383339509
2021-02-28,81220,NSIT,INSIGHT ENTERPRISES INC,45,0.03,0.098378,0.35381866533698997,2671.3383,1.7621058776835663,0.9219378133825952
2021-02-28,81593,COOP,MR COOPER GROUP INC,40,0.03,0.154931,0.35469126568603004,2434.362,1.56171436570727,1.025007621234937
2021-02-28,82307,DVA,DAVITA INC,35,0.03,-0.12989099999999998,0.3490193634172692,13145.44,1.2496358112172166,0.6657151022273655
2021-02-28,82779,NVAX,NOVAVAX INC,35,-0.03,0.046528999999999994,-0.48944569101637164,14766.303960000001,1.718732216401672,0.5277558393046691
2021-02-28,82800,SCCO,SOUTHERN COPPER CORP,15,0.03,0.083109,0.4354899027673897,51341.570999999996,1.1496015992416404,0.8322584957637782
2021-02-28,84042,PAG,PENSKE AUTOMOTIVE GROUP INC,25,0.03,0.143431,0.2916562785672734,4807.30624,1.467267817661513,1.1998018268194424
2021-02-28,84172,NUS,NU SKIN ENTERPRISES INC,30,0.020000000000000004,-0.109035,0.3544003989030167,2953.1639699999996,1.2690409596186356,0.9558821187506481
2021-02-28,85427,GPI,GROUP 1 AUTOMOTIVE INC,25,0.03,0.10989499999999999,0.2728330424665504,2520.37268,1.9501748020189094,1.384317377622251
2021-02-28,85621,MTD,METTLER TOLEDO INTERNATIONAL INC,35,0.03,-0.044605000000000006,0.3290326601844927,27794.9395,0.9430274369350353,0.7892054795568941
2021-02-28,86444,INO,INOVIO PHARMACEUTICALS INC,35,-0.03,-0.129457,-0.48971578160059837,2636.037,1.035229747227354,0.5540960003120217
2021-02-28,87337,PLUG,PLUG POWER INC,20,-0.03,-0.234175,-0.7314676306822904,28935.08167,1.6970471897973292,1.2243207250782986
2021-02-28,89353,JBLU,JETBLUE AIRWAYS CORP,20,-0.03,0.285171,-0.611048782514751,4531.85586,1.5269124973302584,1.501056787403002
2021-02-28,89916,NXST,NEXSTAR MEDIA GROUP INC,50,0.03,0.216723,0.24813014210919976,4917.02319,1.7844608453407538,1.4485776658346752
2021-02-28,89971,TPX,TEMPUR SEALY INTERNATIONAL INC,25,0.03,0.26807899999999996,0.34768968669492234,5447.7456,1.8972178832811206,1.3576443856094356
2021-02-28,90808,EXPE,EXPEDIA GROUP INC,25,-0.03,0.297296,-0.6168661181750187,17168.1181,1.6181830530684016,1.1951472719872147
2021-02-28,91041,LYV,LIVE NATION ENTERTAINMENT INC,50,-0.03,0.337201,-0.6122538020443781,14427.42465,1.2961994538052095,1.303128489588116
2021-02-28,91103,UAL,UNITED AIRLINES HOLDINGS INC,20,-0.03,0.317284,-0.7344594033075709,12470.681550000001,1.5299501687914556,1.6555444408972133
2021-02-28,91277,QRTEA,QURATE RETAIL INC,25,0.0027336581928771213,-0.014331,0.25889221308069477,4801.1795999999995,1.8482125862198209,1.1347769971076869
2021-02-28,91594,SPR,SPIRIT AEROSYSTEMS HOLDINGS INC,20,-0.03,0.264496,-0.6430025762486496,3577.92519,1.9897988835892504,1.7243860619496179
2021-02-28,91926,DAL,DELTA AIR LINES INC,20,-0.03,0.26286299999999996,-0.5500083104795147,24208.382640000003,1.3635183214007198,1.4188143324358542
2021-02-28,92775,TREE,LENDINGTREE INC,40,-0.03,-0.17407399999999998,-0.43152164879913574,4272.45,1.5687405176568034,0.9325370894862882
2021-02-28,93035,SEM,SELECT MEDICAL HOLDINGS CORP,35,0.03,0.231473,0.2933183744702069,3463.4091,1.324212379489847,1.3689209915532188
2021-02-28,93098,H,HYATT HOTELS CORP,25,-0.03,0.339431,-0.5084559129061746,2569.73542,1.4160446325032068,1.1672917840503054
2021-02-28,93330,PRI,PRIMERICA INC,40,0.020000000000000004,0.017035,0.33233607579157315,5475.300929999999,1.3984200321523357,1.119803566471659
2021-03-31,10874,BC,BRUNSWICK CORP,25,0.03,0.079185,0.29792171105730436,6872.976750000001,1.818491029207747,1.3471186140325375
2021-03-31,11691,MATX,MATSON INC,20,0.03,-0.037128,0.3638821630347054,2984.0823299999997,0.9539250598280548,0.8877741815881998
2021-03-31,11809,CLH,CLEAN HARBORS INC,20,0.03,-0.012827999999999999,0.2304277643260694,4665.96455,1.7144832666823209,1.4196517092914689
2021-03-31,11891,MGM,M G M RESORTS INTERNATIONAL,25,-0.03,0.005332,-0.6664447134786118,18700.49487,2.350138052250363,1.7462269395163375
2021-03-31,12062,LH,LABORATORY CORP AMERICA HLDGS,35,0.03,0.062997,0.33232445520581116,23415.215999999997,0.9973327722623092,0.9782728021876876
2021-03-31,13169,ZNGA,ZYNGA INC,50,-0.03,-0.084332,-0.3233857949959645,12097.950700000001,0.17850107793981712,0.47974857860793335
2021-03-31,13262,CCXI,CHEMOCENTRYX INC,35,-0.03,-0.24472,-0.40534705407586774,4722.5459200000005,1.388505551243772,0.2846172460085335
2021-03-31,13379,SPLK,SPLUNK INC,45,-0.03,-0.052681,-0.5067191283292978,23331.652469999997,1.276436436578643,1.012935462606217
2021-03-31,13407,FB,FACEBOOK INC,50,0.03,0.143246,0.36906779661016953,619691.51376,1.1669003427698066,0.7644270171703033
2021-03-31,14176,XLRN,ACCELERON PHARMA INC,35,-0.03,-0.004066,-0.38527037933817593,8244.488,0.4184328994814093,0.5043589809195809
2021-03-31,14328,AMC,A M C ENTERTAINMENT HOLDINGS INC,50,-0.03,0.27463,-0.5236682808716706,3026.20203,1.7555387327795506,0.9211167808491085
2021-03-31,14574,MC,MOELIS & CO,40,0.03,0.062715,0.4528046811945117,2996.51428,1.2757839636431616,0.7965145186122002
2021-03-31,14593,AAPL,APPLE INC,45,0.03,0.007313,0.4086965294592413,2035724.5209600003,1.1586227537233247,0.8813721653430682
2021-03-31,14696,MIK,MICHAELS COMPANIES INC,25,0.03,0.46264,0.15145278450363195,2124.165,3.1207743886569115,1.827902325695509
2021-03-31,14828,SAGE,SAGE THERAPEUTICS INC,35,0.03,-0.119439,0.34443099273607747,4962.47,1.965381875626757,0.6758798609534116
2021-03-31,15167,SHAK,SHAKE SHACK INC,25,-0.03,-0.048221,-0.5330710250201776,4541.3384,1.637733434908332,1.1176659660360158
2021-03-31,15272,SEDG,SOLAREDGE TECHNOLOGIES INC,45,-0.03,-0.036466,-0.5058313155770783,15387.42642,0.9497996203432424,1.1341314253218262
2021-03-31,15398,CC,CHEMOURS CO,15,0.03,0.186118,0.28946731234866824,3886.49716,2.214752701961112,1.4004030597624981
2021-03-31,15585,TDOC,TELADOC HEALTH INC,35,-0.03,-0.177964,-0.4188256658595642,33225.62629,0.17986505022853008,0.5090012417629723
2021-03-31,15623,HLI,HOULIHAN LOKEY INC,40,0.020000000000000004,0.051692,0.5049636803874092,3274.48408,0.6407765194754439,0.4680570196670296
2021-03-31,15643,RUN,SUNRUN INC,20,-0.03,-0.033583999999999996,-0.6534301856335755,12677.70672,2.1308825654277324,1.3855177076667546
2021-03-31,15937,EDIT,EDITAS MEDICINE INC,35,-0.03,-0.042435,-0.5773002421307506,2954.54118,1.9952374275053353,0.9629558090719783
2021-03-31,16064,NTLA,INTELLIA THERAPEUTICS INC,35,-0.03,0.32738,-0.6015133171912833,4094.71396,2.0947724789197575,1.0260170566242892
2021-03-31,16068,RETA,REATA PHARMACEUTICALS INC,35,-0.03,-0.184552,-0.5744552058111381,3825.6376600000003,1.468461527755779,0.6952130957352265
2021-03-31,16119,ATKR,ATKORE INC,20,0.03,0.062796,0.28442292171105726,3154.18125,2.440691940338289,1.4347816795587611
2021-03-31,16382,COUP,COUPA SOFTWARE INC,45,-0.03,-0.265088,-0.470682001614205,25191.800040000002,1.5701150712130159,0.7670262438572776
2021-03-31,16648,SNDR,SCHNEIDER NATIONAL INC,20,0.03,0.082566,0.4680185633575463,2181.73725,0.9810218868754278,0.5404814198007435
2021-03-31,16655,CVNA,CARVANA CO,25,-0.020562386005553865,-0.07445399999999999,-0.6050645682001614,22206.8385,2.404678543371782,1.5370727454264825
2021-03-31,16968,MDB,MONGODB INC,45,-0.020000000000000004,-0.307078,-0.40573042776432605,23502.36514,0.8335857989883003,0.7177686817084004
2021-03-31,17106,BAND,BANDWIDTH INC,50,-0.03,-0.199699,-0.3456820016142049,3620.5846800000004,0.5418051273697314,0.45616169120792815
2021-03-31,19561,BA,BOEING CO,20,-0.03,0.201426,-0.7164648910411623,123601.19396999998,1.5561206079688121,1.6983111836204785
2021-03-31,21020,AAL,AMERICAN AIRLINES GROUP INC,20,-0.03,0.141329,-0.7312550443906376,13394.815440000002,1.7738890696546195,1.5865911004660682
2021-03-31,22825,CMD,CANTEL MEDICAL CORP,35,0.03,0.074825,0.19834543987086364,3139.5184799999997,1.540271604231771,1.4861474445368108
2021-03-31,28804,ALK,ALASKA AIRGROUP INC,20,-0.020000000000000035,0.064415,-0.5814971751412429,8076.6543599999995,1.7643640678997619,1.4062356935670117
2021-03-31,37568,FELE,FRANKLIN ELECTRIC INC,20,0.03,0.051665,0.387772397094431,3470.24898,0.9927256685871887,0.8884745023137848
2021-03-31,40272,IFF,INTERNATIONAL FLAVORS & FRAG INC,15,-0.03,0.03592,-0.4182405165456013,33704.860259999994,0.9180679213071442,0.7436884344708549
2021-03-31,56223,LPX,LOUISIANA PACIFIC CORP,15,0.03,0.164854,0.37435431799838575,5070.75066,1.7422228639045607,1.3573770255303836
2021-03-31,58683,LUV,SOUTHWEST AIRLINES CO,20,-0.03,0.050377,-0.6697538337368847,34336.05401,1.1952673380605083,1.0451801642201684
2021-03-31,61313,DCI,DONALDSON INC,20,0.03,-0.012757999999999999,0.3534301856335754,7436.7984,1.2851051416399215,0.9107266409644175
2021-03-31,62092,TMO,THERMO FISHER SCIENTIFIC INC,35,0.03,0.014553,0.3912429378531074,177238.35344,0.7212296155489317,0.6905621326196003
2021-03-31,64194,CHE,CHEMED CORP NEW,35,0.03,0.032789,0.4046206618240517,7138.0519300000005,0.45720498559644,0.7407905677159828
2021-03-31,65307,RPM,R P M INTERNATIONAL INC,15,0.020000000000000004,0.153288,0.3984463276836158,10361.40292,0.9302723526314991,0.9102482746706412
2021-03-31,75342,MTH,MERITAGE HOMES CORP,25,0.03,0.090235,0.29778046811945114,3162.63672,1.6099492814386864,1.3802045832568826
2021-03-31,76095,HOLX,HOLOGIC INC,35,0.03,0.031739,0.33046811945117033,18574.85358,1.1404617117778382,0.7964024603016621
2021-03-31,77917,ASGN,ASGN INC,20,0.03,0.026541000000000002,0.2470540758676352,4918.112999999999,2.1062240672119805,1.13851523812645
2021-03-31,79878,UFPI,U F P INDUSTRIES INC,20,0.03,0.243252,0.3983050847457627,3766.933,1.4201839587717038,0.9901638564176864
2021-03-31,80069,ARWR,ARROWHEAD PHARMACEUTICALS INC,35,-0.025143405560340778,-0.167614,-0.46602098466505254,8268.07072,1.3066644773060654,0.7401383586994725
2021-03-31,81220,NSIT,INSIGHT ENTERPRISES INC,45,0.03,0.141497,0.323042776432607,2934.25977,1.7794690669845672,0.9098888822562452
2021-03-31,82670,TGTX,T G THERAPEUTICS INC,35,-0.02429420843410463,0.101184,-0.5559322033898305,6153.449220000001,2.2505169843536676,0.9276978639912214
2021-03-31,82779,NVAX,NOVAVAX INC,35,-0.03,-0.215916,-0.48357546408393864,17078.416569999998,1.6889948743619418,0.5409910838653278
2021-03-31,83011,WSM,WILLIAMS SONOMA INC,25,0.03,0.36489,0.4021388216303471,10055.238519999999,1.6003536892495402,1.013311101994011
2021-03-31,84042,PAG,PENSKE AUTOMOTIVE GROUP INC,25,0.03,0.18032,0.3353510895883777,5464.9801800000005,1.5021809170742733,1.2009471797457862
2021-03-31,84172,NUS,NU SKIN ENTERPRISES INC,30,0.03,0.033385,0.37405165456012907,2602.19592,1.25271290166833,0.9726758041224965
2021-03-31,84373,DGX,QUEST DIAGNOSTICS INC,35,0.03,0.110277,0.401775625504439,15426.063450000001,0.9835138786308238,0.7036131298420149
2021-03-31,85427,GPI,GROUP 1 AUTOMOTIVE INC,25,0.03,0.035069,0.26828087167070214,2758.55424,1.9611067178316157,1.4098171630057963
2021-03-31,86444,INO,INOVIO PHARMACEUTICALS INC,35,-0.03,-0.163991,-0.4944915254237288,2304.7263,1.0092458037454228,0.5389208179057398
2021-03-31,86489,SNBR,SLEEP NUMBER CORP,25,0.01056238600555387,0.046352,0.280548829701372,3479.67375,2.022682398050698,1.1843555131403065
2021-03-31,87337,PLUG,PLUG POWER INC,20,-0.03,-0.259225,-0.7614003228410009,24311.77246,1.671034034902103,1.2349250547284536
2021-03-31,88924,FLO,FLOWERS FOODS INC,30,0.020000000000000004,0.103996,0.5558313155770783,4604.474999999999,0.27179450092534824,0.19886039626350138
2021-03-31,89353,JBLU,JETBLUE AIRWAYS CORP,20,-0.03,0.103608,-0.6646690879741728,5824.41447,1.5583771199966983,1.5088253195683268
2021-03-31,89916,NXST,NEXSTAR MEDIA GROUP INC,50,0.03,0.020911,0.20562953995157382,5967.60675,1.8000241571028266,1.4625177750718965
2021-03-31,90505,LVS,LAS VEGAS SANDS CORP,25,-0.03,-0.029419999999999998,-0.5326472962066182,47816.5718,1.3979964142579562,1.0116263310747247
2021-03-31,90808,EXPE,EXPEDIA GROUP INC,25,-0.03,0.069041,-0.6317998385794997,22272.901,1.6482822084909898,1.193814647981586
2021-03-31,91103,UAL,UNITED AIRLINES HOLDINGS INC,20,-0.03,0.092228,-0.7680992736077481,16777.31568,1.5809967516078502,1.659777203214742
2021-03-31,91277,QRTEA,QURATE RETAIL INC,25,0.03,-0.053167,0.33946731234866834,4732.61616,1.8431873772508645,1.0477447538101738
2021-03-31,91594,SPR,SPIRIT AEROSYSTEMS HOLDINGS INC,20,-0.03,0.136086,-0.7169895076674738,4520.3638599999995,2.023679154723575,1.7642965118630027
2021-03-31,91915,CNK,CINEMARK HOLDINGS INC,50,-0.020000000000000004,-0.090896,-0.6254842615012107,2662.2108,2.5259507930139664,1.3808000049863662
2021-03-31,91926,DAL,DELTA AIR LINES INC,20,-0.03,0.007065,-0.6042574656981436,30592.767180000003,1.3986893853951066,1.422389684305365
2021-03-31,93035,SEM,SELECT MEDICAL HOLDINGS CORP,35,0.0294376139944454,0.077382,0.20669895076674738,4267.591049999999,1.344963141057516,1.392146479807835
2021-03-31,93098,H,HYATT HOTELS CORP,25,-0.03,-0.05972,-0.5856941081517352,3453.0049500000005,1.4681325238594292,1.175266155731411
2021-04-30,10517,PRG,PROG HOLDINGS INC,40,0.03,0.17670100000000002,0.34168650793650795,2931.9018300000002,1.9380686769087587,1.61038489393722
2021-04-30,11691,MATX,MATSON INC,20,0.03,-0.020554,0.3671230158730158,2897.1145,0.9744080373953373,1.237886761806894
2021-04-30,12062,LH,LABORATORY CORP AMERICA HLDGS,35,0.03,0.042491,0.38535714285714284,24890.928,1.0037419451886158,1.0361575378036674
2021-04-30,12622,HCA,H C A HEALTHCARE INC,35,0.017737773952130147,0.067523,0.2468849206349206,63458.71458,1.5327134094048869,1.270038830992717
2021-04-30,13262,CCXI,CHEMOCENTRYX INC,35,-0.03,-0.056806,-0.39527777777777784,3573.58008,1.5246945969021484,0.40254760168087167
2021-04-30,13379,SPLK,SPLUNK INC,45,-0.03,-0.066887,-0.5323015873015873,22197.31416,1.2503365057325124,1.3604268595923705
2021-04-30,13688,PCG,P G & E CORP,55,-0.03,-0.033319,-0.31063492063492065,23240.64964,1.3590352996888317,0.5437755517186226
2021-04-30,13766,BCC,BOISE CASCADE CO,20,0.03,0.115146,0.25829365079365085,2353.1139,1.9484065805049506,1.5491592098198934
2021-04-30,13962,NSTG,NANOSTRING TECHNOLOGIES INC,35,-0.03,0.212435,-0.5858333333333333,2970.42055,1.6929580979515109,1.2554922274844977
2021-04-30,14054,MRTX,MIRATI THERAPEUTICS INC,35,-0.0077377739521301515,-0.02967,-0.34813492063492063,8800.7088,1.5013467318486775,0.5237925509546425
2021-04-30,14328,AMC,A M C ENTERTAINMENT HOLDINGS INC,50,-0.03,-0.017644,-0.5668253968253969,4596.09276,1.7772260275970977,1.568073467405466
2021-04-30,14479,IBP,INSTALLED BUILDING PRODUCTS INC,25,0.03,0.21436200000000002,0.2243849206349206,3284.59824,1.7052447040136562,1.829277369256841
2021-04-30,14574,MC,MOELIS & CO,40,0.020000000000000004,-0.010947,0.4508531746031746,3184.52176,1.2565965855863452,0.9615724399853176
2021-04-30,14593,AAPL,APPLE INC,45,0.03,0.076204,0.35160714285714284,2038232.1557500002,1.1380457686213197,1.1059989209279681
2021-04-30,14696,MIK,MICHAELS COMPANIES INC,25,0.020000000000000004,0.002721,0.04123015873015872,3106.9453399999998,3.1728796178505667,2.2611582176612246
2021-04-30,14828,SAGE,SAGE THERAPEUTICS INC,35,0.03,0.052224,0.35384920634920636,4371.76395,1.9644936649151354,0.9263250291952713
2021-04-30,15167,SHAK,SHAKE SHACK INC,25,-0.03,-0.035662,-0.5498015873015872,4400.51094,1.724378892979116,1.472988955882779
2021-04-30,15272,SEDG,SOLAREDGE TECHNOLOGIES INC,45,-0.03,-0.083162,-0.553531746031746,14937.10704,0.9702528998543299,1.670417562511856
2021-04-30,15398,CC,CHEMOURS CO,15,0.020000000000000004,0.082035,0.19005952380952376,4609.95052,2.135988161042416,1.7593434074364063
2021-04-30,15506,CYRX,CRYOPORT INC,35,-0.03,0.087661,-0.43619047619047624,2376.54494,0.9084075376784733,0.9291537271378605
2021-04-30,15585,TDOC,TELADOC HEALTH INC,35,-0.03,-0.051733,-0.47067460317460313,27753.225,0.31639375976891704,0.7601194914197286
2021-04-30,15643,RUN,SUNRUN INC,20,-0.03,-0.189829,-0.6792857142857143,12311.42976,2.1240746111507898,2.018925981489088
2021-04-30,15937,EDIT,EDITAS MEDICINE INC,35,-0.03,-0.118824,-0.6389285714285714,2833.866,1.955789481235363,1.4659654824868968
2021-04-30,16064,NTLA,INTELLIA THERAPEUTICS INC,35,-0.03,-0.043438,-0.655436507936508,5448.51195,2.130794781078675,1.5907331182789617
2021-04-30,16119,ATKR,ATKORE INC,20,0.03,0.08872,0.31543650793650796,3352.3375,2.437989199925418,1.5842417752888915
2021-04-30,16140,TWLO,TWILIO INC,45,-0.020000000000000004,0.079338,-0.4948412698412698,54532.16356,1.4620815198074517,1.3668501276865506
2021-04-30,16382,COUP,COUPA SOFTWARE INC,45,-0.03,0.057201,-0.4676587301587301,18540.1404,1.520822271081755,1.0700928926149575
2021-04-30,16554,JELD,JELD WEN HOLDING INC,20,0.03,0.053435,0.12593253968253967,2799.07134,2.447809474822391,2.025324059046779
2021-04-30,16655,CVNA,CARVANA CO,25,-0.03,0.087105,-0.6259126984126985,20554.054399999997,2.3724963380585575,1.8947251987652807
2021-04-30,17106,BAND,BANDWIDTH INC,50,-0.03,0.043066,-0.3978968253968254,2899.0507599999996,0.5012542123966434,0.7170077202453025
2021-04-30,17341,ZS,ZSCALER INC,45,-0.03,0.093013,-0.3964285714285714,23322.74286,0.8804600080049287,0.9296279317681021
2021-04-30,19561,BA,BOEING CO,20,-0.03,-0.080141,-0.7336904761904762,148664.7808,1.5925251546165378,2.0336239100908973
2021-04-30,21020,AAL,AMERICAN AIRLINES GROUP INC,20,-0.03,-0.091227,-0.7323809523809525,15328.8386,1.833910540505577,2.0943076199253334
2021-04-30,27422,CLF,CLEVELAND CLIFFS INC NEW,15,-0.03,-0.111899,-0.5636507936507936,10033.019769999999,2.286091321826474,1.6149996351033518
2021-04-30,35991,ROG,ROGERS CORP,45,0.03,0.040526,0.3040674603174603,3515.19817,1.7947985784228955,1.239723933396776
2021-04-30,37568,FELE,FRANKLIN ELECTRIC INC,20,0.03,0.029502,0.37958333333333333,3663.7632799999997,0.993065805824713,1.0639614839898055
2021-04-30,47941,TGNA,TEGNA INC,50,0.009999999999999995,0.065307,0.3994246031746031,4154.40641,1.215766062456105,0.8533987090800378
2021-04-30,56223,LPX,LOUISIANA PACIFIC CORP,15,0.03,0.187869,0.3884325396825397,5909.041160000001,1.7782162983554186,1.572905336178595
2021-04-30,58683,LUV,SOUTHWEST AIRLINES CO,20,-0.03,0.028155,-0.6781746031746032,36066.73762,1.2013321415189342,1.3892489921783624
2021-04-30,59619,SXT,SENSIENT TECHNOLOGIES CORP,15,0.03,0.059345,0.42662698412698413,3308.604,0.9145675873724419,0.9636117271519334
2021-04-30,62092,TMO,THERMO FISHER SCIENTIFIC INC,35,0.03,0.030334,0.368968253968254,179719.24934,0.7025130325184228,0.8769780906413095
2021-04-30,64186,CI,CIGNA CORP NEW,35,0.03,0.03006,0.32005952380952385,83976.12468000001,0.8616157013757393,1.0627871310720989
2021-04-30,64194,CHE,CHEMED CORP NEW,35,0.03,0.0365,0.38057539682539687,7372.29406,0.45477538571392256,0.8774767127157824
2021-04-30,75342,MTH,MERITAGE HOMES CORP,25,0.03,0.15740500000000002,0.26210317460317467,3448.10304,1.6114021126981195,1.6577870177633314
2021-04-30,76095,HOLX,HOLOGIC INC,35,0.03,-0.118729,0.34416666666666657,19056.527899999997,1.1779198694019832,1.0074860069748452
2021-04-30,77917,ASGN,ASGN INC,20,0.012262226047869132,0.10204,0.25684523809523807,5058.32,2.1120462502308763,1.395987474956859
2021-04-30,79878,UFPI,U F P INDUSTRIES INC,20,0.03,0.108108,0.3280357142857143,4689.79392,1.439484182555425,1.2357733517562228
2021-04-30,80069,ARWR,ARROWHEAD PHARMACEUTICALS INC,35,-0.03,0.097256,-0.47547619047619044,6897.5662,1.2329671741220642,1.053189958688923
2021-04-30,80957,AZPN,ASPEN TECHNOLOGY INC,45,0.03,-0.09348,0.29958333333333326,9816.46062,1.2504202097559691,1.3256985081040848
2021-04-30,82670,TGTX,T G THERAPEUTICS INC,35,-0.03,-0.072421,-0.5826388888888889,6818.7576,2.330538456609384,1.2900204796759605
2021-04-30,82779,NVAX,NOVAVAX INC,35,-0.03,0.306753,-0.5124206349206349,13428.18122,1.6401165459130451,0.8528552141383138
2021-04-30,84042,PAG,PENSKE AUTOMOTIVE GROUP INC,25,0.03,0.092833,0.2684722222222222,6485.55848,1.565661874578119,1.4767501703294943
2021-04-30,84172,NUS,NU SKIN ENTERPRISES INC,30,0.03,-0.000581,0.4428769841269841,2689.13916,1.1751487265168192,1.0048339787673113
2021-04-30,84373,DGX,QUEST DIAGNOSTICS INC,35,0.03,0.032534,0.4310714285714286,17127.614700000002,0.9922325669495127,0.835091318742936
2021-04-30,85427,GPI,GROUP 1 AUTOMOTIVE INC,25,0.03,0.040356,0.2614484126984126,2855.36784,1.995574854955055,1.7909638241338837
2021-04-30,86489,SNBR,SLEEP NUMBER CORP,25,0.03,-0.220238,0.22244047619047616,3560.27388,2.0535508704506102,1.726043986683397
2021-04-30,87337,PLUG,PLUG POWER INC,20,-0.03,-0.204534,-0.7866666666666665,20299.274240000002,1.7041923520741973,1.9381343578912782
2021-04-30,88351,INSM,INSMED INC,35,-0.03,-0.009703,-0.47964285714285715,3517.68274,2.344734258016995,0.9708103343177575
2021-04-30,88421,ARNA,ARENA PHARMACEUTICALS INC,35,-0.03,-0.010967,-0.3796428571428571,4204.61766,0.5710413375588168,0.7649898619788342
2021-04-30,89353,JBLU,JETBLUE AIRWAYS CORP,20,-0.03,0.0009689999999999999,-0.6951984126984128,6440.39658,1.6282942392236626,1.8999824250772874
2021-04-30,89916,NXST,NEXSTAR MEDIA GROUP INC,50,0.03,0.049691,0.24902777777777782,6002.53992,1.8573775970265354,1.6875827746225944
2021-04-30,90505,LVS,LAS VEGAS SANDS CORP,25,-0.03,0.008215,-0.5079761904761905,46411.100679999996,1.391028434754157,1.318482906391806
2021-04-30,90808,EXPE,EXPEDIA GROUP INC,25,-0.03,0.023865,-0.6463095238095239,24327.785040000002,1.683198065334114,1.540054704420054
2021-04-30,91103,UAL,UNITED AIRLINES HOLDINGS INC,20,-0.03,-0.054585,-0.7828968253968255,18618.62058,1.611829943167726,2.1374047716516458
2021-04-30,91277,QRTEA,QURATE RETAIL INC,25,0.03,0.011891,0.3180952380952381,4495.0836,1.8827941080351813,1.490553020447886
2021-04-30,91571,EBS,EMERGENT BIOSOLUTIONS INC,35,0.03,-0.34368000000000004,0.330218253968254,4952.102999999999,1.103947855478805,1.019826617929259
2021-04-30,91575,HRI,HERC HOLDINGS INC,20,0.03,0.042126,0.10398809523809525,2979.4059899999997,3.0136298671542634,2.0859594816010403
2021-04-30,91594,SPR,SPIRIT AEROSYSTEMS HOLDINGS INC,20,-0.001071307047360701,-0.060857,-0.7217063492063492,5129.70465,2.0995070705050183,2.2898198217454433
2021-04-30,91915,CNK,CINEMARK HOLDINGS INC,50,-0.03,0.038693,-0.6006349206349206,2420.2994400000002,2.532648176978993,1.5969635669717344
2021-04-30,91926,DAL,DELTA AIR LINES INC,20,-0.01119091900050843,-0.028183,-0.5840079365079366,30809.737160000004,1.4298728055152734,1.7785380960996295
2021-04-30,93035,SEM,SELECT MEDICAL HOLDINGS CORP,35,0.03,0.106144,0.2648214285714286,4598.0099,1.3006571307351984,1.643011636790336
2021-04-30,93098,H,HYATT HOTELS CORP,25,-0.03,-0.004488,-0.5576984126984127,3246.8847000000005,1.465163503067919,1.5402350668632327
2021-05-31,10032,PLXS,PLEXUS CORP,45,0.03,0.068905,0.4001574183392365,2649.23796,1.1642394891940602,1.2185314758855923
2021-05-31,10874,BC,BRUNSWICK CORP,25,0.03,-0.042728999999999996,0.3683195592286502,8353.14036,1.8304978011951245,1.5740332143081284
2021-05-31,11691,MATX,MATSON INC,20,0.03,-0.006987999999999999,0.39864226682408493,2837.60855,0.954939172606206,1.3891891347461967
2021-05-31,11731,AIN,ALBANY INTERNATIONAL CORP NEW,20,0.03,0.001228,0.36463990554899645,2739.6679999999997,1.4284913852684322,1.448518417274493
2021-05-31,12062,LH,LABORATORY CORP AMERICA HLDGS,35,0.03,0.032379000000000005,0.4125934671389217,25959.812670000003,1.0041057556110635,0.9460397744278398
2021-05-31,12360,PACB,PACIFIC BIOSCIENCES CALIF INC,35,-0.03,-0.093807,-0.6585005903187721,5921.43405,1.1611585467812087,1.6024172236199012
2021-05-31,12622,HCA,H C A HEALTHCARE INC,35,0.03,0.068283,0.3175324675324675,67744.55322,1.5326611762445976,1.2661642258969352
2021-05-31,13262,CCXI,CHEMOCENTRYX INC,35,-0.03,-0.789991,-0.4276859504132231,3371.0175,1.4682830071959583,0.4565591295079652
2021-05-31,13379,SPLK,SPLUNK INC,45,-0.03,-0.041296,-0.5406139315230224,20722.38714,1.216971161092394,1.4470414624117451
2021-05-31,13688,PCG,P G & E CORP,55,-0.03,-0.104245,-0.369185360094451,22471.39992,1.339659996548477,0.4993080581694296
2021-05-31,13748,TPH,TRI POINTE HOMES INC,25,0.03,0.01259,0.32245179063360885,2820.85968,1.469461220604656,1.7948523976372976
2021-05-31,13962,NSTG,NANOSTRING TECHNOLOGIES INC,35,-0.03,-0.30350699999999997,-0.6023612750885476,3601.8010300000005,1.7244223659408309,1.4716616322254632
2021-05-31,14054,MRTX,MIRATI THERAPEUTICS INC,35,-0.03,-0.048555,-0.4013380558835105,8550.3568,1.4587103911223405,0.5867671067408067
2021-05-31,14176,XLRN,ACCELERON PHARMA INC,35,-0.03,0.047366000000000005,-0.379456906729634,7585.554029999999,0.3894539908556322,0.7529392027833526
2021-05-31,14593,AAPL,APPLE INC,45,0.03,-0.050511,0.3489964580873672,2193755.9712600005,1.1345483964525915,1.2429596070588234
2021-05-31,14716,CCS,CENTURY COMMUNITIES INC,25,0.03,0.100617,0.2919716646989375,2492.3695199999997,1.9180385486548326,1.8154459091839237
2021-05-31,14828,SAGE,SAGE THERAPEUTICS INC,35,0.03,-0.11630800000000001,0.35773317591499415,4605.8848,1.9565718320278993,1.0306936366842256
2021-05-31,15167,SHAK,SHAKE SHACK INC,25,-0.03,-0.135821,-0.4973829201101928,4243.6425,1.6906138758939846,1.5777048002059963
2021-05-31,15541,RPD,RAPID7 INC,45,-0.03,0.029533999999999998,-0.42453758362849275,4479.3125,1.244790801543901,1.1006906566870616
2021-05-31,15585,TDOC,TELADOC HEALTH INC,35,-0.03,-0.126318,-0.42363242817788266,26591.709149999995,0.2915885537484652,0.8660922116371957
2021-05-31,15627,PLNT,PLANET FITNESS INC,25,-0.03,-0.062154999999999995,-0.4612554112554113,6979.73698,1.2108130646495334,1.583151084534117
2021-05-31,15643,RUN,SUNRUN INC,20,-0.03,-0.087352,-0.6807556080283353,9992.57,2.0451700412880487,2.3042940813012507
2021-05-31,15694,PEN,PENUMBRA INC,35,-0.03,-0.185893,-0.42599370326643043,11163.12718,0.29852064369053966,1.0114607276873298
2021-05-31,15937,EDIT,EDITAS MEDICINE INC,35,-0.03,-0.08268500000000001,-0.6727863046044865,2510.2402599999996,1.897920499139278,1.734132970435804
2021-05-31,16064,NTLA,INTELLIA THERAPEUTICS INC,35,-0.019999999999999303,-0.023842000000000002,-0.6836088154269973,5232.18258,2.0890948253300587,1.8604722501393387
2021-05-31,16119,ATKR,ATKORE INC,20,0.03,-0.013802,0.3476190476190476,3649.805,2.429454252184262,1.6703433086406667
2021-05-31,16382,COUP,COUPA SOFTWARE INC,45,-0.03,-0.114635,-0.4682211727666273,19765.023600000004,1.509997373469088,1.1771872863666266
2021-05-31,16554,JELD,JELD WEN HOLDING INC,20,0.03,-0.039771999999999995,0.19885871704053523,2948.67862,2.4363908455782477,1.9361698240464824
2021-05-31,16595,SNAP,SNAP INC,50,-0.03,0.004848,-0.4251279024006297,78401.54586,1.3042609621603505,1.0375713843822356
2021-05-31,16649,OKTA,OKTA INC,45,-0.03,-0.175237,-0.3973632428177882,33727.6032,0.9778678537407528,1.0207466128501608
2021-05-31,16655,CVNA,CARVANA CO,25,-0.03,-0.07071200000000001,-0.6307359307359306,22344.70106,2.348462195495203,2.017714149725816
2021-05-31,17106,BAND,BANDWIDTH INC,50,-0.03,-0.105224,-0.4062180243998426,3024.6038,0.4939435384653934,0.8276077918097378
2021-05-31,17125,DNLI,DENALI THERAPEUTICS INC,35,0.006268876053060697,0.052113,0.16237701692247147,7324.84448,1.9166320805315578,1.5937034728915092
2021-05-31,17341,ZS,ZSCALER INC,45,-0.03,0.034956,-0.42144824872097597,25686.9778,0.8819763287524879,1.0835790446248503
2021-05-31,21020,AAL,AMERICAN AIRLINES GROUP INC,20,-0.015199673918308582,0.116017,-0.6452774498229044,13930.83876,1.7881565931404277,2.2979268051157504
2021-05-31,29612,AIT,APPLIED INDUSTRIAL TECHS INC,20,0.03,0.027346,0.3689098780007871,3707.7816,1.4590105930370767,1.4496110688536792
2021-05-31,35991,ROG,ROGERS CORP,45,0.009999999999999995,-0.043357,0.30196772924045645,3657.70368,1.7803456657973185,1.324899341998863
2021-05-31,37568,FELE,FRANKLIN ELECTRIC INC,20,0.03,0.034341,0.5322314049586777,3777.34833,0.9862735321049751,1.0505437637833424
2021-05-31,40272,IFF,INTERNATIONAL FLAVORS & FRAG INC,15,-0.009999999999999995,-0.003522,-0.2867375049193231,35378.57799,0.89465986145175,0.9805545128137707
2021-05-31,42200,PKI,PERKINELMER INC,35,0.03,0.119103,0.314029909484455,14526.59706,1.0757920579521403,1.133651132918256
2021-05-31,52716,HRC,HILL ROM HOLDINGS INC,35,0.03,0.009612,0.3954151908697363,7314.419639999999,0.5255624188155406,0.927842235322936
2021-05-31,56223,LPX,LOUISIANA PACIFIC CORP,15,0.03,0.022661999999999998,0.3300078709169618,7019.25048,1.804471465906866,1.598707677659516
2021-05-31,58683,LUV,SOUTHWEST AIRLINES CO,20,-0.03,-0.021031,-0.47558048012593473,37126.64806,1.1950590160525105,1.532941654650768
2021-05-31,76095,HOLX,HOLOGIC INC,35,0.03,-0.037991,0.3399252262888626,16796.07315,1.130095372053123,1.087141317181273
2021-05-31,76282,AN,AUTONATION INC DEL,25,0.03,-0.00342,0.4566312475403385,8247.590400000001,1.5377226698314301,1.1928309781881383
2021-05-31,77699,FCEL,FUELCELL ENERGY INC,20,-0.02480032608169141,0.011324,-0.6112947658402205,3131.4070300000003,4.359714913196559,1.7454300645717278
2021-05-31,80306,BCRX,BIOCRYST PHARMACEUTICALS INC,35,-0.03,0.35538800000000004,-0.6298110979929162,2067.49296,2.69887282094149,1.3063649527328225
2021-05-31,80864,RS,RELIANCE STEEL & ALUMINUM CO,15,0.03,0.052684,0.47131050767414406,10212.86917,1.0045413010846964,1.1511674386404167
2021-05-31,82779,NVAX,NOVAVAX INC,35,-0.03,-0.37695199999999995,-0.5317001180637544,17555.09142,1.684147450434739,1.0034220586895093
2021-05-31,84042,PAG,PENSKE AUTOMOTIVE GROUP INC,25,0.03,-0.018948000000000003,0.36353797717434083,7087.71963,1.571748840002327,1.464651790192386
2021-05-31,84172,NUS,NU SKIN ENTERPRISES INC,30,0.03,0.14523,0.427784336875246,2650.08324,1.1630072632215067,1.1081004639993546
2021-05-31,84373,DGX,QUEST DIAGNOSTICS INC,35,0.03,-0.0015970000000000001,0.42939787485242037,17228.53944,0.9900366958044442,0.7896489624721843
2021-05-31,84588,MTN,VAIL RESORTS INC,25,-0.03,0.005285000000000001,-0.39088941361668633,13089.64096,1.2474047064610874,1.1433986970146819
2021-05-31,85427,GPI,GROUP 1 AUTOMOTIVE INC,25,0.03,-0.026504000000000003,0.2993703266430538,2979.99648,1.9851211206843198,1.8924287834281759
2021-05-31,87337,PLUG,PLUG POWER INC,20,-0.03,0.07680999999999999,-0.7892955529319166,16202.74618,1.6121412883044814,2.266926907077129
2021-05-31,89301,GME,GAMESTOP CORP NEW,25,-0.009999999999999995,0.27887100000000004,-0.30543093270366,12285.31148,0.8244517600515631,0.9989305828199243
2021-05-31,89781,MOH,MOLINA HEALTHCARE INC,35,0.0237311239469386,-0.014666,0.3765643447461629,14897.84,0.6954298368386163,0.8614737313439622
2021-05-31,89866,LKQ,L K Q CORP,25,0.03,0.090982,0.3714876033057851,14113.893600000001,1.5783460440229908,1.4367276784842375
2021-05-31,89916,NXST,NEXSTAR MEDIA GROUP INC,50,0.03,0.035403000000000004,0.2633412042502952,6316.37109,1.851373015216019,1.6076706727758132
2021-05-31,90808,EXPE,EXPEDIA GROUP INC,25,-0.03,0.004081,-0.6138528138528139,24927.20481,1.6728614458544149,1.6410179702617262
2021-05-31,91103,UAL,UNITED AIRLINES HOLDINGS INC,20,-0.03,0.07260499999999999,-0.6470090515545062,17602.6432,1.5726464739293418,2.276811766712029
2021-05-31,91277,QRTEA,QURATE RETAIL INC,25,0.03,0.145373,0.3580086580086581,4516.7997,1.86865537180748,1.5814105195549537
2021-05-31,91500,EXLS,EXLSERVICE HOLDINGS INC,45,0.03,0.10391399999999999,0.42796143250688706,3090.85004,0.9104495474365418,1.201986135195598
2021-05-31,91531,OC,OWENS CORNING NEW,20,0.03,0.10163699999999999,0.3685753640299095,10112.96622,1.48855774502121,1.4228718156105862
2021-05-31,91575,HRI,HERC HOLDINGS INC,20,0.03,0.0892,0.18516332152695789,3126.6048,2.9837092001107215,2.238240345807111
2021-05-31,91915,CNK,CINEMARK HOLDINGS INC,50,-0.020000000000000004,0.068863,-0.6300669027941755,2534.248,2.5171781209605073,1.7390270228254683
2021-05-31,91926,DAL,DELTA AIR LINES INC,20,-0.03,0.016193,-0.5692640692640693,30012.894119999997,1.4026920562825174,1.907779736981594
2021-05-31,92775,TREE,LENDINGTREE INC,40,-0.03,-0.00601,-0.4356749311294766,2748.3819000000003,1.5039211162839132,1.3408943730760279
2021-05-31,93035,SEM,SELECT MEDICAL HOLDINGS CORP,35,0.03,0.065832,0.25517512790240066,5086.12708,1.315130622633557,1.6400934373226268
2021-05-31,93098,H,HYATT HOTELS CORP,25,-0.03,-0.051627,-0.5213695395513577,3270.39459,1.4459515147777495,1.6337844329871718
2021-05-31,93374,FAF,FIRST AMERICAN FINL CORP NEW,40,0.029999999999999975,-0.0029509999999999996,0.4226682408500591,7078.2945,1.1111585444397214,1.1142469061512952
2021-06-30,10032,PLXS,PLEXUS CORP,45,0.03,-0.074895,0.4062390670553936,2825.37314,1.1570121213393079,1.1546566002677299
2021-06-30,10517,PRG,PROG HOLDINGS INC,40,0.020000000000000004,-0.087068,0.30246841593780366,3550.6919999999996,1.9624051946209722,1.4685673623080615
2021-06-30,11691,MATX,MATSON INC,20,0.03,-0.010058000000000001,0.37418853255587947,2808.0727500000003,0.9607498494378798,1.4070297160079492
2021-06-30,12060,GE,GENERAL ELECTRIC CO,20,-0.03,-0.041950999999999995,-0.4202526724975704,123427.69246,1.072502755610936,1.2700167883923958
2021-06-30,12062,LH,LABORATORY CORP AMERICA HLDGS,35,0.03,0.004987,0.3831486880466473,26800.501680000005,1.0013020327027657,0.924451359796056
2021-06-30,12360,PACB,PACIFIC BIOSCIENCES CALIF INC,35,-0.03,0.292787,-0.6732555879494656,5365.9896499999995,1.1741466691970994,1.7031412984791778
2021-06-30,12476,TRGP,TARGA RESOURCES CORP,10,0.03,0.143846,0.2644509232264334,8885.5333,2.9901836407005105,1.6980012102037565
2021-06-30,12622,HCA,H C A HEALTHCARE INC,35,0.03,-0.035278,0.31860058309037903,72370.69823,1.5282782485761073,1.2134028888715733
2021-06-30,13379,SPLK,SPLUNK INC,45,-0.03,0.1929,-0.586103012633625,19866.740400000002,1.2188052282139767,1.4358704022351614
2021-06-30,13688,PCG,P G & E CORP,55,-0.03,0.0029549999999999997,-0.3571039844509233,20128.974840000003,1.345995391420195,0.4712862931282598
2021-06-30,13704,NEO,NEOGENOMICS INC,35,-0.03,0.100898,-0.5091350826044704,4838.54481,0.7123769871971379,1.146502831148653
2021-06-30,13748,TPH,TRI POINTE HOMES INC,25,0.03,-0.11153,0.30161321671525754,2856.3868800000005,1.4690679530875341,1.766357621749257
2021-06-30,13766,BCC,BOISE CASCADE CO,20,0.03,-0.115779,0.2975898931000972,2595.45269,1.9535003824943058,1.5803795798180507
2021-06-30,14054,MRTX,MIRATI THERAPEUTICS INC,35,-0.03,0.021367999999999998,-0.4307871720116618,8135.236,1.4740502736197068,0.5752838889195256
2021-06-30,14176,XLRN,ACCELERON PHARMA INC,35,-0.03,-0.04126,-0.419047619047619,7944.892109999999,0.38437699536344855,0.7527961116814761
2021-06-30,14426,DRNA,DICERNA PHARMACEUTICALS INC,35,-0.03,0.144781,-0.44897959183673464,2506.9400000000005,1.0982373205992026,0.9070766666473784
2021-06-30,14593,AAPL,APPLE INC,45,0.03,0.099105,0.366997084548105,2079445.69891,1.139949920202447,1.3103933221345667
2021-06-30,14716,CCS,CENTURY COMMUNITIES INC,25,0.03,-0.18086,0.2831292517006803,2744.29636,1.909604892877582,1.8436389065123002
2021-06-30,15167,SHAK,SHAKE SHACK INC,25,-0.03,0.13874899999999998,-0.5737414965986395,3674.99392,1.703381130985097,1.658882296485949
2021-06-30,15272,SEDG,SOLAREDGE TECHNOLOGIES INC,45,-0.03,0.071156,-0.6173760932944606,13410.32776,0.9393526033688613,1.9004898108062427
2021-06-30,15585,TDOC,TELADOC HEALTH INC,35,-0.03,0.104326,-0.44454810495626823,23268.525080000003,0.31138179799292737,0.8914226743227177
2021-06-30,15937,EDIT,EDITAS MEDICINE INC,35,-0.03,0.668332,-0.6453255587949466,2302.6927,1.902800041021535,1.7711088371217425
2021-06-30,16064,NTLA,INTELLIA THERAPEUTICS INC,35,-0.03,1.1605240000000001,-0.6755490767735665,5107.46076,2.083684985419352,1.9278732410093744
2021-06-30,16068,RETA,REATA PHARMACEUTICALS INC,35,-0.03,0.035026,-0.6365597667638484,4289.26032,1.3759952192209877,1.2817004983399054
2021-06-30,16119,ATKR,ATKORE INC,20,0.03,-0.080315,0.29094266277939745,3627.1648000000005,2.4318449311014443,1.6019380456566972
2021-06-30,16140,TWLO,TWILIO INC,45,-0.03,0.173091,-0.5320116618075802,54556.32,1.4663474434200627,1.3881482599433448
2021-06-30,16290,FLGT,FULGENT GENETICS INC,35,0.03,0.245169,0.15059280855199214,2148.40035,1.5446743758530717,1.779472541888708
2021-06-30,16381,BL,BLACKLINE INC,45,-0.009999999999999272,0.070209,-0.39568513119533527,6035.04262,0.9757995490429234,1.036395172195391
2021-06-30,16434,GOLF,ACUSHNET HOLDINGS CORP,25,0.03,-0.068509,0.4568124392614189,3940.2048,0.7896570132933667,0.9769072038944753
2021-06-30,16554,JELD,JELD WEN HOLDING INC,20,0.03,-0.062481999999999996,0.17724003887269188,2777.5836400000003,2.4387751871633316,1.9173704078032638
2021-06-30,16595,SNAP,SNAP INC,50,-0.03,0.09690499999999999,-0.4429154518950437,78782.01276,1.30542494681218,1.0974201270019461
2021-06-30,16649,OKTA,OKTA INC,45,-0.03,0.099978,-0.4068804664723032,27817.45664,0.9987411493583443,1.0797929953362801
2021-06-30,17038,SFIX,STITCH FIX INC,25,-0.009999999999999995,0.127942,-0.46950437317784255,3785.5026000000003,2.19761437787638,1.4449221848850118
2021-06-30,17106,BAND,BANDWIDTH INC,50,-0.002517222289994167,0.165944,-0.3666861030126336,2706.3569100000004,0.5082645053434701,0.8622451161040702
2021-06-30,17341,ZS,ZSCALER INC,45,-0.03,0.11256,-0.44861030126336254,26602.875399999997,0.8832979006206644,1.029172953357272
2021-06-30,18973,BRC,BRADY CORP,20,0.03,-0.020797,0.48256559766763857,2777.02852,0.8210895000053021,1.038153578079636
2021-06-30,21020,AAL,AMERICAN AIRLINES GROUP INC,20,-0.03,-0.125004,-0.6532361516034986,15547.12392,1.778195509983258,2.266731476736818
2021-06-30,39490,APA,A P A CORP,10,0.017830899564187125,0.039900000000000005,0.03895043731778427,7861.838400000001,4.756940563925677,2.196831318642648
2021-06-30,49429,DDS,DILLARDS INC,25,0.03,0.372393,0.34703595724003883,2359.34226,0.8622623542287019,1.7602174175631928
2021-06-30,52716,HRC,HILL ROM HOLDINGS INC,35,0.03,0.02293,0.39479105928085517,7396.336479999999,0.5256350199819542,0.9033846395809084
2021-06-30,56223,LPX,LOUISIANA PACIFIC CORP,15,0.03,-0.102965,0.296268221574344,6872.424129999999,1.8019099242855494,1.6182407031625181
2021-06-30,57808,VSH,VISHAY INTERTECHNOLOGY INC,45,0.03,-0.059169,0.3274829931972789,3194.35377,1.3782451396896525,1.481306422253302
2021-06-30,58683,LUV,SOUTHWEST AIRLINES CO,20,-0.03,-0.13619,-0.4535082604470359,36346.030419999996,1.1986491719227275,1.3931620780103409
2021-06-30,62092,TMO,THERMO FISHER SCIENTIFIC INC,35,0.03,0.075074,0.3771622934888242,184526.646,0.6992134016120252,0.9508687666851623
2021-06-30,68196,SEIC,S E I INVESTMENTS CO,40,0.03,-0.017407,0.4096793002915452,9059.866399999999,1.0317283070603869,1.251499883168361
2021-06-30,76095,HOLX,HOLOGIC INC,35,0.03,0.058036000000000004,0.3912147716229348,16158.05298,1.1335578168271216,1.1147080896083705
2021-06-30,76282,AN,AUTONATION INC DEL,25,0.03,-0.071677,0.466064139941691,8219.4224,1.5388396607954038,1.132358000259093
2021-06-30,76573,MLI,MUELLER INDUSTRIES INC,20,0.03,-0.064572,0.3940719144800777,2652.45304,1.158876026346244,1.3018667547437544
2021-06-30,77584,BKE,BUCKLE INC,25,0.03,0.181145,0.4112147716229348,2097.1126799999997,1.22568396655586,1.1776282554329511
2021-06-30,77699,FCEL,FUELCELL ENERGY INC,20,-0.03,-0.09369000000000001,-0.6588143828960156,3166.88126,4.355114747896001,1.8391673344770676
2021-06-30,83885,MVIS,MICROVISION INC WA,45,-0.03,0.073714,-0.7371234207968902,2464.0512,4.0729054798728335,1.9683376727386188
2021-06-30,83916,TTEC,T T E C HOLDINGS INC,45,0.01999999999999927,-0.049076999999999996,0.3437512147716229,5076.08143,0.7606160535698672,1.2225846997193763
2021-06-30,84373,DGX,QUEST DIAGNOSTICS INC,35,0.009999999999999995,0.002274,0.3784450923226433,17201.10546,0.9900452139363829,0.7903350252880535
2021-06-30,84588,MTN,VAIL RESORTS INC,25,-0.03,-0.031698,-0.3890379008746355,13158.88128,1.2478452273985776,1.1021567700338069
2021-06-30,85002,SRPT,SAREPTA THERAPEUTICS INC,35,-0.03,0.027622999999999998,-0.5705539358600583,6034.978750000001,1.4758500180686445,1.0928539033089528
2021-06-30,85427,GPI,GROUP 1 AUTOMOTIVE INC,25,0.03,-0.031668999999999996,0.2947327502429543,2896.63524,1.9903416693565001,1.7437684133528144
2021-06-30,85621,MTD,METTLER TOLEDO INTERNATIONAL INC,35,0.03,0.06486399999999999,0.379047619047619,30271.805549999997,0.9498041193821525,0.9961907732220349
2021-06-30,86047,AMKR,AMKOR TECHNOLOGY INC,45,0.03,0.123832,0.18682215743440236,5152.2824,1.575079069652763,1.8630441912944775
2021-06-30,87337,PLUG,PLUG POWER INC,20,-0.03,0.113677,-0.8035957240038873,17447.3626,1.6144783916526817,2.4113355759056305
2021-06-30,88351,INSM,INSMED INC,35,-0.03,0.156907,-0.5518561710398445,2828.8032000000003,2.3364480082342536,1.137591010465577
2021-06-30,88504,BRKR,BRUKER CORP,35,0.03,0.094178,0.38623906705539357,10521.618239999998,1.2466402323701498,1.0982335280597995
2021-06-30,89301,GME,GAMESTOP CORP NEW,25,-0.03,-0.035408999999999996,-0.35615160349854225,15711.384000000002,0.8139556666534248,1.079338097719464
2021-06-30,90505,LVS,LAS VEGAS SANDS CORP,25,-0.03,-0.087623,-0.4200388726919339,44118.97875,1.3781907349853089,1.3325477202727174
2021-06-30,90808,EXPE,EXPEDIA GROUP INC,25,-0.03,-0.074827,-0.5669387755102041,25029.04665,1.6737436739696245,1.5635394378754524
2021-06-30,91041,LYV,LIVE NATION ENTERTAINMENT INC,50,-0.017482777710005837,-0.027970000000000002,-0.5340524781341108,19705.525129999998,1.3050121547633946,1.528740248449306
2021-06-30,91103,UAL,UNITED AIRLINES HOLDINGS INC,20,-0.03,-0.10386000000000001,-0.6583673469387755,18880.776299999998,1.5661692328393928,2.1241740471970276
2021-06-30,91531,OC,OWENS CORNING NEW,20,0.002169100435812879,-0.08204800000000001,0.32802721088435377,11140.8723,1.4764611956045306,1.3330762363556832
2021-06-30,91575,HRI,HERC HOLDINGS INC,20,0.03,-0.025652,0.157201166180758,3405.5121599999998,2.975696215061341,1.9814868083761827
2021-06-30,91926,DAL,DELTA AIR LINES INC,20,-0.03,-0.09270500000000001,-0.5766180758017493,30498.368960000003,1.399451380703083,1.8266662856949996
2021-06-30,92775,TREE,LENDINGTREE INC,40,-0.03,0.032298,-0.46452866861030134,2731.8775,1.508205478846025,1.431536362537793
2021-06-30,93035,SEM,SELECT MEDICAL HOLDINGS CORP,35,0.03,0.054650000000000004,0.2727113702623906,5402.99873,1.3121942868771392,1.5292771462020949
2021-06-30,93374,FAF,FIRST AMERICAN FINL CORP NEW,40,0.03,-0.023517,0.42688046647230316,7057.4437100000005,1.1101973791378856,1.0715848315360503
2021-07-31,10032,PLXS,PLEXUS CORP,45,0.03,-0.011955,0.4230739761713213,2613.77754,1.143685484670342,1.2276769853634502
2021-07-31,10158,AMRC,AMERESCO INC,20,-0.013775660308133026,0.09260299999999999,-0.43370493812971694,2086.6944000000003,0.575463692901091,1.7455603300045073
2021-07-31,10517,PRG,PROG HOLDINGS INC,40,0.020000000000000004,-0.090619,0.30670804122131556,3259.31547,1.9330335363567175,1.5261680404958708
2021-07-31,11691,MATX,MATSON INC,20,0.03,0.048719,0.36390453204612505,2779.84,0.9524301983617759,1.5276352954809815
2021-07-31,12062,LH,LABORATORY CORP AMERICA HLDGS,35,0.03,0.07356,0.35771750373520284,26934.269850000004,1.0007387623087483,0.9660245401158956
2021-07-31,12360,PACB,PACIFIC BIOSCIENCES CALIF INC,35,-0.03,-0.08067200000000001,-0.6719534153162472,6956.12749,1.1656152516313234,1.901675708423705
2021-07-31,12622,HCA,H C A HEALTHCARE INC,35,0.03,0.200511,0.30647818258437726,69658.35538000001,1.5184232254495742,1.2346604384413276
2021-07-31,13379,SPLK,SPLUNK INC,45,-0.03,-0.018014,-0.568229705397847,23699.119860000003,1.2291622639105968,1.655645823387406
2021-07-31,13688,PCG,P G & E CORP,55,-0.03,-0.135724,-0.33875416618779447,20188.52802,1.3572261993107348,0.4957705996440249
2021-07-31,13748,TPH,TRI POINTE HOMES INC,25,0.03,0.125494,0.3515304754242807,2537.82632,1.4543060040455233,1.835314664121096
2021-07-31,13766,BCC,BOISE CASCADE CO,20,0.03,-0.090794,0.3154235145385588,2294.96385,1.9352530508911823,1.6983987508025564
2021-07-31,13837,EVTC,EVERTEC INC,45,0.03,0.00226,0.4632992376355208,3149.91495,0.9520881786176423,0.9907916896493523
2021-07-31,14054,MRTX,MIRATI THERAPEUTICS INC,35,-0.03,-0.009131,-0.4691031682182124,8336.40177,1.3795838690450637,0.645714466983399
2021-07-31,14176,XLRN,ACCELERON PHARMA INC,35,-0.03,-0.003458,-0.43100409914569215,7627.03122,0.3720538269159627,0.8244558023912844
2021-07-31,14426,DRNA,DICERNA PHARMACEUTICALS INC,35,-0.03,0.00506,-0.46031107535532306,2896.10664,1.0785631220399963,0.9967195894999937
2021-07-31,14593,AAPL,APPLE INC,45,0.03,0.064952,0.35091751905911195,2267638.77632,1.138865322706104,1.4333225965502734
2021-07-31,14716,CCS,CENTURY COMMUNITIES INC,25,0.03,0.043702,0.288759912653718,2243.8618800000004,1.8774029640683003,2.037187730871462
2021-07-31,15067,FRPT,FRESHPET INC,30,-0.0017207277409555133,-0.101344,-0.3316285484427078,7065.78264,0.6820798611220389,1.133997379790616
2021-07-31,15108,NEWR,NEW RELIC INC,45,-0.03,0.031476,-0.47000344787955406,4332.75809,0.8926009940821302,1.5271526929091739
2021-07-31,15167,SHAK,SHAKE SHACK INC,25,-0.03,-0.06058,-0.5837834731640043,4184.91008,1.7074357529503372,1.8154925992338555
2021-07-31,15272,SEDG,SOLAREDGE TECHNOLOGIES INC,45,-0.03,-0.061145000000000005,-0.6061563804926636,14444.201680000002,0.9237342704844574,2.072389106070209
2021-07-31,15585,TDOC,TELADOC HEALTH INC,35,-0.03,-0.107313,-0.43360916369765923,25696.12854,0.3578560979707939,0.9902370686126427
2021-07-31,15914,WKHS,WORKHORSE GROUP INC,25,-0.03,-0.304431,-0.6062904646975443,2047.43826,2.7274413693315727,0.9533783157048292
2021-07-31,15937,EDIT,EDITAS MEDICINE INC,35,-0.004503611950910743,-0.260977,-0.671761866452132,3860.5824,1.9307305094256295,2.004661326681813
2021-07-31,16068,RETA,REATA PHARMACEUTICALS INC,35,-0.03,-0.114636,-0.6072482090181205,4451.68462,1.4143841529729297,1.389218307856302
2021-07-31,16119,ATKR,ATKORE INC,20,0.03,0.057856,0.31737731295253424,3335.864,2.415367191698211,1.6712839971480367
2021-07-31,16140,TWLO,TWILIO INC,45,-0.03,-0.052218,-0.5394590660077386,63999.75920000001,1.5037078424153763,1.546684936327723
2021-07-31,16263,PTGX,PROTAGONIST THERAPEUTICS INC,35,-0.03,0.10135,-0.4859977780331763,2132.9668800000004,1.5579405149627445,0.9953325331780758
2021-07-31,16268,HOME,AT HOME GROUP INC,25,0.03,0.004312,0.3624296057924376,2415.70932,2.5241995773373653,2.193623291709691
2021-07-31,16382,COUP,COUPA SOFTWARE INC,45,-0.03,-0.172134,-0.5418342719227675,19271.63775,1.5274591956543706,1.3495020720012478
2021-07-31,16434,GOLF,ACUSHNET HOLDINGS CORP,25,0.03,0.037014,0.607267363904532,3658.7615999999994,0.7784657154559872,1.073895441665676
2021-07-31,16554,JELD,JELD WEN HOLDING INC,20,0.03,0.008347,0.22823047159330348,2604.04664,2.4266199375311945,1.9594377299385388
2021-07-31,16595,SNAP,SNAP INC,50,-0.020000000000000004,0.09213199999999999,-0.4414626671263839,86416.71522,1.3108598166247971,1.2262582484254991
2021-07-31,16649,OKTA,OKTA INC,45,-0.03,0.01268,-0.4111787917097652,30598.70208,1.002471749795715,1.191822285800375
2021-07-31,17106,BAND,BANDWIDTH INC,50,-0.03,-0.059921,-0.3630425621576064,3157.2646399999994,0.520908572513917,0.9599803306208191
2021-07-31,17341,ZS,ZSCALER INC,45,-0.03,0.091842,-0.4117534383021108,29597.411219999998,0.8883347552013438,1.1067665783528848
2021-07-31,19561,BA,BOEING CO,20,-0.03,-0.054631000000000006,-0.5466613032984714,140097.08359999998,1.5465637498607634,1.8295320789089435
2021-07-31,21020,AAL,AMERICAN AIRLINES GROUP INC,20,-0.03,-0.039164000000000004,-0.6018465310500708,13732.329660000001,1.7509377128105925,1.8473545500733266
2021-07-31,35991,ROG,ROGERS CORP,45,0.03,-0.050828000000000005,0.29464046278205563,3757.3696,1.7741784114839116,1.4683678319651907
2021-07-31,37568,FELE,FRANKLIN ELECTRIC INC,20,0.03,0.014109,0.48379496609585104,3745.2021,0.9732929968446253,1.0331206480631834
2021-07-31,39490,APA,A P A CORP,10,0.01549638804908854,-0.132003,0.011646170938206349,8176.50771,4.752575609735382,2.2285007995915014
2021-07-31,47730,ABM,A B M INDUSTRIES INC,20,0.03,0.048221999999999994,0.4244722828793626,2977.25985,1.300447500844087,1.2133455531257398
2021-07-31,49429,DDS,DILLARDS INC,25,0.03,0.013182000000000001,0.3212082902348389,3101.0067199999994,0.9000946150712145,1.9075118671988909
2021-07-31,56223,LPX,LOUISIANA PACIFIC CORP,15,0.03,-0.080476,0.29979312722675555,6164.83337,1.7787120470628948,1.7368820659593989
2021-07-31,57808,VSH,VISHAY INTERTECHNOLOGY INC,45,0.03,-0.018656,0.3466076696165192,2992.6330500000004,1.3639494742231384,1.5302405494400781
2021-07-31,58683,LUV,SOUTHWEST AIRLINES CO,20,-0.03,-0.048439,-0.39665938780983023,31396.20493,1.172913996626982,1.316202752511726
2021-07-31,68196,SEIC,S E I INVESTMENTS CO,40,0.03,-0.018911,0.3994943109987358,8739.443189999998,1.0216934155934623,1.3195171191829962
2021-07-31,76095,HOLX,HOLOGIC INC,35,0.03,0.124669,0.2917289200475041,16899.64224,1.1375538419915483,1.2061357674562572
2021-07-31,76282,AN,AUTONATION INC DEL,25,0.03,0.279686,0.4369421139332644,7630.308800000001,1.5193856887789927,1.214676526486374
2021-07-31,76573,MLI,MUELLER INDUSTRIES INC,20,0.03,0.0020469999999999998,0.3891315174501015,2474.2136800000003,1.1517326871399054,1.336060969352777
2021-07-31,77699,FCEL,FUELCELL ENERGY INC,20,-0.03,-0.288795,-0.7067961536988084,2870.2055,4.307526814936747,1.9873906742470664
2021-07-31,82651,WAT,WATERS CORP,35,0.03,0.127859,0.3743247902539938,21324.137000000002,0.7459932754297454,0.9817805943459684
2021-07-31,82800,SCCO,SOUTHERN COPPER CORP,15,0.020000000000000004,0.020491,0.4058345784009501,49724.05535999999,1.0872010547593876,1.3136222963935533
2021-07-31,83011,WSM,WILLIAMS SONOMA INC,25,0.03,-0.046196,0.3834233612994676,11992.74835,1.6323031147680418,1.3742786880894315
2021-07-31,83885,MVIS,MICROVISION INC WA,45,-0.03,-0.17794100000000002,-0.7625943378155767,2746.33,4.047204763358887,2.1709123854966466
2021-07-31,83916,TTEC,T T E C HOLDINGS INC,45,0.03,0.013646,0.38336589664023296,4834.19937,0.748399270035822,1.3323486469124286
2021-07-31,84373,DGX,QUEST DIAGNOSTICS INC,35,0.03,0.07944699999999999,0.41529709228824274,17240.296860000002,0.9939298655501279,0.8333388435676874
2021-07-31,85002,SRPT,SAREPTA THERAPEUTICS INC,35,-0.03,-0.12815000000000001,-0.5653181626632955,6205.9842,1.4582888214628384,1.2623873072460972
2021-07-31,85427,GPI,GROUP 1 AUTOMOTIVE INC,25,0.020000000000000004,0.125009,0.2585909665555683,2804.9120900000003,1.9574800376403443,1.815710922995049
2021-07-31,85621,MTD,METTLER TOLEDO INTERNATIONAL INC,35,0.014503611950910739,0.063758,0.32881278014021376,32235.476459999994,0.9486024825521143,1.0554839818820503
2021-07-31,87337,PLUG,PLUG POWER INC,20,-0.03,-0.202137,-0.6773359383978853,19519.82318,1.6066563275004202,2.5440234250271385
2021-07-31,88421,ARNA,ARENA PHARMACEUTICALS INC,35,-0.03,-0.092993,-0.4524958816994216,4163.269,0.5620971239031051,0.8249635133240519
2021-07-31,88504,BRKR,BRUKER CORP,35,0.03,0.082491,0.3169750603378922,11477.08292,1.236592373953488,1.1559064465060793
2021-07-31,89301,GME,GAMESTOP CORP NEW,25,-0.03,-0.247626,-0.3381220549362142,15378.4641,0.7772772527893969,1.1828178279003432
2021-07-31,90505,LVS,LAS VEGAS SANDS CORP,25,-0.03,-0.196273,-0.45408573727157797,40253.31585,1.3612817374490267,1.4140808632360922
2021-07-31,90808,EXPE,EXPEDIA GROUP INC,25,-0.03,-0.017379,-0.5271424740451289,23770.20087,1.6574375508891537,1.6060467752021192
2021-07-31,91103,UAL,UNITED AIRLINES HOLDINGS INC,20,-0.03,-0.10655200000000001,-0.593839788530054,16921.619189999998,1.54207208708728,1.8901735125503296
2021-07-31,91500,EXLS,EXLSERVICE HOLDINGS INC,45,0.009999999999999995,0.065469,0.39677431712829947,3533.145,0.9023587368380869,1.0685907357230109
2021-07-31,91531,OC,OWENS CORNING NEW,20,0.03,-0.015057,0.38759912653717965,10226.829800000001,1.4649927182862512,1.3764884800768244
2021-07-31,91926,DAL,DELTA AIR LINES INC,20,-0.03,-0.077701,-0.5057081561506339,27671.129220000003,1.368957257256666,1.67962667404363
2021-07-31,93035,SEM,SELECT MEDICAL HOLDINGS CORP,35,0.03,-0.066524,0.22386315749147606,5698.2961399999995,1.2959855995956038,1.569858794314041
2021-07-31,93098,H,HYATT HOTELS CORP,25,-0.03,0.028691,-0.5427153966976975,3194.886,1.4570633362344885,1.6018962946948565
2021-08-31,10158,AMRC,AMERESCO INC,20,-0.03,0.008997999999999999,-0.48462017677062647,2279.9931,0.5611232556262253,1.7731756746192422
2021-08-31,10258,CLDX,CELLDEX THERAPEUTICS INC,35,-0.03,0.20338,-0.4801814429778454,2033.5874999999999,3.1445971892844264,0.6780715369523447
2021-08-31,11891,MGM,M G M RESORTS INTERNATIONAL,25,-0.010000000000000023,0.135576,-0.532414437565705,18409.81608,2.337063342118994,1.9001820697554952
2021-08-31,12360,PACB,PACIFIC BIOSCIENCES CALIF INC,35,-0.03,-0.026177,-0.6876338433983568,6397.817849999999,1.1403486172841555,1.9447402993906924
2021-08-31,13704,NEO,NEOGENOMICS INC,35,-0.03,0.054615,-0.48748199197913017,5656.9771,0.6978644249899952,1.1754324029038263
2021-08-31,13766,BCC,BOISE CASCADE CO,20,0.03,0.132893,0.3158314838609197,2011.7806500000002,1.9147048606264925,1.675990550339748
2021-08-31,13788,ZTS,ZOETIS INC,35,0.009999999999999995,0.009127,0.3135342444418487,96235.27089999999,0.588422374971059,0.9344514396528772
2021-08-31,13802,APAM,ARTISAN PARTNERS ASSET MGMT INC,40,0.03,0.101471,0.2572129424132695,3117.2899800000005,1.7922437053049554,1.6949777364127083
2021-08-31,13837,EVTC,EVERTEC INC,45,0.03,0.058303,0.4241910991706576,3153.5231,0.9397221135831039,0.97046481393769
2021-08-31,14054,MRTX,MIRATI THERAPEUTICS INC,35,-0.03,0.060366,-0.47356227855001365,8262.77738,1.4353627023733386,0.6503481362905529
2021-08-31,14176,XLRN,ACCELERON PHARMA INC,35,-0.03,0.07047700000000001,-0.4586691585873925,7616.279060000001,0.3813320092731571,0.8312554738826329
2021-08-31,14273,CHGG,CHEGG INC,25,-0.03,-0.061089,-0.3516333761632208,12579.69905,0.911190436666547,1.1570103443191448
2021-08-31,14596,FIVN,FIVE 9 INC,45,-0.03,-0.213969,-0.34084803177198925,13627.333,0.5313568166797015,1.0309757332216438
2021-08-31,15167,SHAK,SHAKE SHACK INC,25,-0.03,-0.137208,-0.5662111124089865,3931.51616,1.7032191544002269,1.7775459295034912
2021-08-31,15272,SEDG,SOLAREDGE TECHNOLOGIES INC,45,-0.03,0.11672300000000001,-0.6119612194837052,13563.019600000001,0.9592465822590802,2.0689853493419017
2021-08-31,15541,RPD,RAPID7 INC,45,-0.03,0.068259,-0.41447650196628116,6345.31625,1.2366921234014465,1.1724380637702396
2021-08-31,16019,RRR,RED ROCK RESORTS INC,25,0.03,0.188022,0.26774520110578975,2772.7355999999995,2.4458630101637864,1.7154884819279281
2021-08-31,16068,RETA,REATA PHARMACEUTICALS INC,35,-0.03,-0.150077,-0.6089047229685004,3941.50074,1.4758382002346246,1.4229694623510427
2021-08-31,16119,ATKR,ATKORE INC,20,0.03,0.235073,0.3145076509753533,3528.96824,2.4381011233079235,1.6401058806975377
2021-08-31,16140,TWLO,TWILIO INC,45,-0.020000000000000004,-0.044563,-0.4733286609819725,60659.8083,1.5014885298745124,1.5151686297196236
2021-08-31,16263,PTGX,PROTAGONIST THERAPEUTICS INC,35,-0.03,-0.018864,-0.4865280535762955,2350.44593,1.556934909297036,0.9732995879470391
2021-08-31,16290,FLGT,FULGENT GENETICS INC,35,0.03,-0.010998,0.08464743215356459,2723.31225,1.5639258207708995,1.9418563533502826
2021-08-31,16382,COUP,COUPA SOFTWARE INC,45,-0.03,0.128108,-0.5314410310322003,16056.264000000001,1.5322479918847525,1.35666716529257
2021-08-31,16434,GOLF,ACUSHNET HOLDINGS CORP,25,0.03,-0.024839,0.579702526963361,3794.2987199999993,0.7780724972095127,1.067403213664174
2021-08-31,16649,OKTA,OKTA INC,45,-0.03,0.063755,-0.4317447338706537,36535.64434,1.0032688537135401,1.1673420672858188
2021-08-31,16736,VST,VISTRA CORP,55,-0.014256238406526664,-0.003182,-0.3807187633843398,9231.35325,0.8545622682954923,1.3577114655501297
2021-08-31,17315,CDLX,CARDLYTICS INC,50,-0.020000000000000004,-0.27934400000000004,-0.5964840556009813,4161.7184,2.3962088609538825,1.8249399654485148
2021-08-31,17341,ZS,ZSCALER INC,45,-0.03,0.179808,-0.40472296850056466,32711.75242,0.887613126580049,1.0944999108800237
2021-08-31,17367,LPRO,OPEN LENDING CORP,40,-0.009999999999999995,-0.027154,-0.1310010512790562,4795.22,0.4495352376193729,0.23356116208620786
2021-08-31,17907,NKLA,NIKOLA CORP,20,-0.03,-0.121363,-0.41617022933457937,4727.27498,0.9629874225882192,1.0274210511473045
2021-08-31,18973,BRC,BRADY CORP,20,0.03,-0.024738,0.46852003270645953,2653.29232,0.8069731616632247,1.0882591008056792
2021-08-31,21020,AAL,AMERICAN AIRLINES GROUP INC,20,-0.03,-0.021639000000000002,-0.555250554841724,13195.194039999998,1.7094551753780627,1.7588606758069545
2021-08-31,22111,JNJ,JOHNSON & JOHNSON,35,0.03,0.011352,0.4033017949616478,453313.4004,0.6500812531739374,0.5285086891671079
2021-08-31,24328,EQT,E Q T CORP,10,-0.03,-0.003312,-0.5081182104894288,6951.71424,1.2696850730482816,0.9483737341284634
2021-08-31,35991,ROG,ROGERS CORP,45,0.03,0.11437900000000001,0.28423470778335863,3568.4132,1.765548485772971,1.4228145035906656
2021-08-31,49429,DDS,DILLARDS INC,25,0.03,0.039183,0.3249425690145232,3141.98088,0.8872961027122798,1.9229524320094735
2021-08-31,56223,LPX,LOUISIANA PACIFIC CORP,15,0.03,0.147931,0.28514970992485306,5668.90632,1.7618452312117994,1.7598352162886983
2021-08-31,57808,VSH,VISHAY INTERTECHNOLOGY INC,45,0.03,-0.007279000000000001,0.30804423159288247,2936.8944300000003,1.3591283925596447,1.515593541551869
2021-08-31,61313,DCI,DONALDSON INC,20,0.03,0.026816,0.39641007670443484,8312.47115,1.2698900053081292,1.147589865889338
2021-08-31,62033,RAVN,RAVEN INDUSTRIES INC,20,0.009999999999999266,0.001668,0.1792430790795468,2092.2235,1.4942232046940465,2.1193612024377018
2021-08-31,68196,SEIC,S E I INVESTMENTS CO,40,0.03,0.03301,0.4842697504185648,8577.4816,1.0418201810054584,1.2888113023944163
2021-08-31,77584,BKE,BUCKLE INC,25,0.03,-0.079659,0.42528131448818274,2095.12112,1.2479109934897212,1.2689166342039853
2021-08-31,77699,FCEL,FUELCELL ENERGY INC,20,-0.005155711865604648,-0.014267,-0.6514425884826539,2319.84372,4.378420520780349,2.002048532990807
2021-08-31,78015,MTX,MINERALS TECHNOLOGIES INC,15,0.020000000000000004,-0.019098,0.3413542031694116,2705.8205999999996,1.39726493163067,1.5147339985741628
2021-08-31,80575,SSD,SIMPSON MANUFACTURING CO INC,20,0.03,0.005908,0.4113226647977261,4885.11888,1.191473521202206,1.0595100090990344
2021-08-31,82651,WAT,WATERS CORP,35,0.03,0.062058,0.35311295409414795,24051.277000000002,0.724472117286076,0.8849385101128431
2021-08-31,83011,WSM,WILLIAMS SONOMA INC,25,0.03,0.23067000000000001,0.3781684382665576,11395.5523,1.6383920912212135,1.3763467806137275
2021-08-31,83422,SYKE,SYKES ENTERPRISES INC,45,0.03,0.006286999999999999,0.37805162948253707,2135.45336,0.8979552907508035,1.4027544448832279
2021-08-31,83885,MVIS,MICROVISION INC WA,45,-0.03,0.06966800000000001,-0.7607950784565666,2257.7292,4.106747005272755,2.1364046312794187
2021-08-31,83916,TTEC,T T E C HOLDINGS INC,45,0.03,0.009138,0.43550208308998173,4909.9325,0.7473890763754487,1.3254628315072157
2021-08-31,84042,PAG,PENSKE AUTOMOTIVE GROUP INC,25,0.03,0.020222999999999998,0.3598683954366702,7117.149399999999,1.4893582662814207,1.4478657016245664
2021-08-31,84373,DGX,QUEST DIAGNOSTICS INC,35,0.03,0.077737,0.41840906436164,17325.2658,0.9865655845565874,0.8142705784774824
2021-08-31,85002,SRPT,SAREPTA THERAPEUTICS INC,35,-0.03,0.152503,-0.5330763540084881,5411.8941,1.4124312732586848,1.2678081143801812
2021-08-31,85427,GPI,GROUP 1 AUTOMOTIVE INC,25,0.03,-0.045865,0.36925203441965504,3155.6396200000004,1.9175430152100075,1.778852948494031
2021-08-31,85621,MTD,METTLER TOLEDO INTERNATIONAL INC,35,0.03,0.053639,0.31195732585757113,34291.75799,0.931638328687949,1.0261653541544506
2021-08-31,87337,PLUG,PLUG POWER INC,20,-0.020588049727867954,-0.04477,-0.6556087684460538,15574.752160000002,1.6434340164307846,2.5359126198929034
2021-08-31,88421,ARNA,ARENA PHARMACEUTICALS INC,35,-0.03,-0.144569,-0.41284117898999334,3778.03764,0.57811120257282,0.83711367185999
2021-08-31,88504,BRKR,BRUKER CORP,35,0.03,0.074115,0.3258770392866877,12421.395,1.2267975038279468,1.0958198813133806
2021-08-31,89301,GME,GAMESTOP CORP NEW,25,-0.03,0.354469,-0.3451699567807499,12376.4328,0.776786293635009,1.1833827515230975
2021-08-31,89455,RUSHA,RUSH ENTERPRISES INC,20,0.03,-0.057561,0.4453334890783788,2028.27636,1.2308374637803634,1.0180641025147057
2021-08-31,89533,WYNN,WYNN RESORTS LTD,25,-0.03,0.034122,-0.5515126737530663,11374.027759999999,2.3598446508287725,1.830180822211494
2021-08-31,89866,LKQ,L K Q CORP,25,0.03,0.038178,0.4116146867577775,14914.15625,1.550216564782225,1.317242793655515
2021-08-31,90248,DPZ,DOMINOS PIZZA INC,25,-0.03,-0.016415,-0.1855312852859868,19366.40846,0.44766516015283864,0.46409383493191786
2021-08-31,90808,EXPE,EXPEDIA GROUP INC,25,-0.03,-0.101808,-0.5449713818479149,23373.767519999998,1.6493467418346417,1.5804208675213895
2021-08-31,91041,LYV,LIVE NATION ENTERTAINMENT INC,50,-0.03,0.09895000000000001,-0.5157302495814352,17251.901869999998,1.273387586793142,1.5838150632458543
2021-08-31,91103,UAL,UNITED AIRLINES HOLDINGS INC,20,-0.03,-0.004543999999999999,-0.601039598177783,15119.199359999999,1.5253537279552931,1.7985696406786047
2021-08-31,91277,QRTEA,QURATE RETAIL INC,25,0.03,-0.070032,0.2797765058599073,4733.11252,1.8417905032110375,1.7848269778246961
2021-08-31,91500,EXLS,EXLSERVICE HOLDINGS INC,45,0.03,0.08756800000000001,0.4193435346338044,3756.0734999999995,0.9199723443822736,1.0563698244454431
2021-08-31,91575,HRI,HERC HOLDINGS INC,20,0.03,0.05969,0.207335591636491,3677.2898400000004,2.989684224314318,2.0326434878271975
2021-08-31,91926,DAL,DELTA AIR LINES INC,20,-0.03,0.013484999999999999,-0.4842697504185648,25532.6085,1.3663946705948904,1.6371660312354992
2021-08-31,93035,SEM,SELECT MEDICAL HOLDINGS CORP,35,0.03,-0.120584,0.25598645018105354,5319.39855,1.2983180770033145,1.4742587456515046
2021-08-31,93098,H,HYATT HOTELS CORP,25,-0.03,-0.078677,-0.5206946229023088,3286.6505,1.4610985828395724,1.5767887048449616
2021-09-30,11809,CLH,CLEAN HARBORS INC,20,0.03,0.012148,0.35936404021510404,5582.83586,1.6876142730681931,1.2849762184579527
2021-09-30,12360,PACB,PACIFIC BIOSCIENCES CALIF INC,35,-0.03,-0.184,-0.6775582573454914,6230.658689999999,1.1253362927477362,1.9030622769474788
2021-09-30,13379,SPLK,SPLUNK INC,45,-0.03,-0.053412,-0.5315641805003508,24726.56963,1.2076641663182013,1.630170604360991
2021-09-30,13622,RLGY,REALOGY HOLDINGS CORP,60,0.03,-0.000603,0.22114410412282756,2046.0492000000002,2.6807589725403917,1.9485622434853012
2021-09-30,13688,PCG,P G & E CORP,55,-0.03,0.046859000000000005,-0.2738874600576728,18204.95341,1.3678416268409672,0.5087621447208864
2021-09-30,13748,TPH,TRI POINTE HOMES INC,25,0.03,-0.11572500000000001,0.31614839061647576,2704.76453,1.4292502397368143,1.7779035392149478
2021-09-30,13766,BCC,BOISE CASCADE CO,20,0.03,-0.06693,0.26607435118073425,2275.29835,1.9214218942750811,1.6978057330456062
2021-09-30,13837,EVTC,EVERTEC INC,45,0.03,-0.011493,0.4862052840776244,3328.6124999999997,0.9415704593324423,0.9010037182629956
2021-09-30,14054,MRTX,MIRATI THERAPEUTICS INC,35,-0.03,0.04227,-0.5379744369106071,8761.97179,1.4319415228563193,0.6761182731591383
2021-09-30,14136,RNG,RINGCENTRAL INC,45,-0.03,-0.137827,-0.4167835710388902,20535.982079999998,0.7021313993930154,1.1595275438921195
2021-09-30,14159,FEYE,FIREEYE INC,45,-0.03,-0.021473,-0.542806484295846,4350.902480000001,1.0578942974454344,1.784763769765961
2021-09-30,14176,XLRN,ACCELERON PHARMA INC,35,-0.03,0.285447,-0.47950276673680925,8153.42588,0.37405372925738356,0.8088021519498372
2021-09-30,14262,SRNE,SORRENTO THERAPEUTICS INC,35,-0.03,-0.152255,-0.6444938040682722,2682.9,2.322046578607926,1.4087748658094423
2021-09-30,14273,CHGG,CHEGG INC,25,-0.03,-0.182681,-0.31100459823864085,12040.103159999999,0.9126421885326302,1.1521973110140284
2021-09-30,15108,NEWR,NEW RELIC INC,45,-0.03,-0.10257100000000001,-0.4993180578286961,5185.89456,0.8844097101532857,1.3868256309175893
2021-09-30,15546,Z,ZILLOW GROUP INC,50,-0.03,-0.07970300000000001,-0.5558802899228431,17812.16653,1.2980862016274772,1.8673341810451773
2021-09-30,16064,NTLA,INTELLIA THERAPEUTICS INC,35,-0.03,-0.164364,-0.817707115579456,11796.86811,2.2224408745582878,2.457716912243214
2021-09-30,16068,RETA,REATA PHARMACEUTICALS INC,35,-0.03,-0.055427,-0.5493531291403632,3351.23064,1.4605957794827176,1.3269970245198306
2021-09-30,16263,PTGX,PROTAGONIST THERAPEUTICS INC,35,-0.020000000000000004,-0.6346719999999999,-0.4735016756293352,2306.2235,1.5451659977070369,0.9245720955687893
2021-09-30,16287,EVBG,EVERBRIDGE INC,45,-0.03,-0.037811,-0.39525368248772513,6025.293449999999,0.7967370701798763,1.0331397487880292
2021-09-30,16382,COUP,COUPA SOFTWARE INC,45,-0.03,-0.104726,-0.5561335827293276,18113.98152,1.5394864214277773,1.3316733332200796
2021-09-30,16434,GOLF,ACUSHNET HOLDINGS CORP,25,0.03,-0.062157,0.5478138882394201,3692.34376,0.771723339819263,1.049558001388604
2021-09-30,16649,OKTA,OKTA INC,45,-0.03,-0.099654,-0.480399033590523,38911.314000000006,1.0028089364689556,1.1484933393109646
2021-09-30,16829,RDFN,REDFIN CORP,60,-0.0006167277479336361,0.031468,-0.5805665965240434,5095.57584,1.9042624260177152,2.235724682145298
2021-09-30,16966,SWCH,SWITCH INC,45,-0.03,0.023345,-0.41713428415556075,3406.36338,0.6994004480545837,0.997218063446512
2021-09-30,17315,CDLX,CARDLYTICS INC,50,-0.020000000000000004,-0.07538,-0.5874444704231937,2999.3712,2.3448968435493702,1.8974525384226466
2021-09-30,17341,ZS,ZSCALER INC,45,-0.029383272252065638,-0.057948,-0.39383134595900554,38615.77823999999,0.9004862760978323,1.0817050607772507
2021-09-30,17907,NKLA,NIKOLA CORP,20,-0.03,0.022978000000000002,-0.40524900631283606,4153.78922,0.9372837408206672,0.9980914365883864
2021-09-30,18973,BRC,BRADY CORP,20,0.03,-0.049349,0.4660392798690672,2587.78492,0.8044282411591296,1.080295491736933
2021-09-30,21020,AAL,AMERICAN AIRLINES GROUP INC,20,-0.03,0.029054,-0.5498402306912945,12910.31252,1.7077556941210568,1.6949758800178973
2021-09-30,22111,JNJ,JOHNSON & JOHNSON,35,0.03,-0.067208,0.3954874912321721,455761.60865999997,0.6461391469303783,0.5243203767837483
2021-09-30,24328,EQT,E Q T CORP,10,-0.03,0.11617,-0.5077351726287896,6929.03328,1.2664473782818833,0.9519422693043258
2021-09-30,35991,ROG,ROGERS CORP,45,0.03,-0.12210800000000001,0.256994778271374,3978.22689,1.758057071720661,1.4490252672323924
2021-09-30,38659,GNTX,GENTEX CORP,25,0.020000000000000004,0.07074599999999999,0.48616631595355003,7359.783200000001,0.9946237264588278,0.9512458248098957
2021-09-30,39490,APA,A P A CORP,10,0.02792191203904682,0.10006999999999999,0.06457018159145819,7363.86856,4.786839147044926,2.178963530777672
2021-09-30,56223,LPX,LOUISIANA PACIFIC CORP,15,0.020000000000000004,-0.032662,0.2829475489049957,6041.1374399999995,1.7696120787307932,1.7829529111170335
2021-09-30,57808,VSH,VISHAY INTERTECHNOLOGY INC,45,0.03,-0.08144,0.3211752786220871,2915.66067,1.3593869618655325,1.4862855173094853
2021-09-30,61313,DCI,DONALDSON INC,20,0.03,-0.152653,0.41666666666666663,8508.383749999999,1.2726819145476858,1.1476114267318929
2021-09-30,68196,SEIC,S E I INVESTMENTS CO,40,0.03,-0.055916,0.5284856986984646,8861.04637,1.0451007631024545,1.281832766707203
2021-09-30,76095,HOLX,HOLOGIC INC,35,0.03,-0.0675,0.2567999376510015,20063.49605,1.12331468464548,1.0985214371029264
2021-09-30,76573,MLI,MUELLER INDUSTRIES INC,20,0.022694815708886817,-0.07600900000000001,0.3671576650300054,2549.63994,1.147801725119361,1.3184544609736484
2021-09-30,76795,ZBRA,ZEBRA TECHNOLOGIES CORP,45,0.009383272252065634,-0.122229,0.295962902345881,31356.639509999997,1.5827096993948544,1.237256780272963
2021-09-30,77699,FCEL,FUELCELL ENERGY INC,20,-0.03,0.072082,-0.7020107552022445,2286.86016,4.356163762906128,2.0014454933658867
2021-09-30,78664,DDD,3 D SYSTEMS CORP DEL,45,0.03,-0.09431700000000001,-0.1292962356792144,3812.18384,1.498561316223431,3.638466412697698
2021-09-30,82581,HSIC,SCHEIN HENRY INC,35,0.03,0.007508,0.29833995791442597,10559.393870000002,0.7837130700769162,1.0440367226390617
2021-09-30,82779,NVAX,NOVAVAX INC,35,-0.03,-0.13095400000000001,-0.5627386797599564,17767.41336,1.8198986033897653,1.0198715528946947
2021-09-30,82800,SCCO,SOUTHERN COPPER CORP,15,0.03,-0.10308500000000001,0.41025641025641024,48387.13979,1.0951506446892196,1.3194670018995316
2021-09-30,83885,MVIS,MICROVISION INC WA,45,-0.03,-0.249863,-0.7225274725274725,2415.1308000000004,4.090745484581437,2.081738109498833
2021-09-30,84042,PAG,PENSKE AUTOMOTIVE GROUP INC,25,0.03,0.118615,0.41423115891200996,7223.98697,1.4981914038840478,1.4628880791278516
2021-09-30,84373,DGX,QUEST DIAGNOSTICS INC,35,0.03,-0.049238,0.37070376432078567,18672.92223,0.9888956595580504,0.7599846893957527
2021-09-30,85035,QRVO,QORVO INC,45,0.03,-0.110866,0.2734782947548905,20898.03026,1.3000961649567455,1.4718380046649782
2021-09-30,85427,GPI,GROUP 1 AUTOMOTIVE INC,25,0.03,0.135605,0.44185955888083545,2990.16256,1.902426080608273,1.7660890424523503
2021-09-30,85621,MTD,METTLER TOLEDO INTERNATIONAL INC,35,0.03,-0.11303300000000001,0.2919297015041696,35896.77111,0.9309014001827888,1.030444943908125
2021-09-30,85992,MANH,MANHATTAN ASSOCIATES INC,45,0.03,-0.061141,0.2586314394825033,10333.566,1.8945632481709234,1.3921178546982254
2021-09-30,87337,PLUG,PLUG POWER INC,20,-0.03,-0.019986999999999998,-0.6548398410100538,14967.6913,1.6126447147961633,2.454865229622078
2021-09-30,88351,INSM,INSMED INC,35,-0.03,-0.017865,-0.5752669316499104,3231.5258799999997,2.3335629983632273,1.2058198084603529
2021-09-30,88504,BRKR,BRUKER CORP,35,0.03,-0.115648,0.26274257657236383,13336.576200000001,1.2216983370093328,1.0957895612622615
2021-09-30,89301,GME,GAMESTOP CORP NEW,25,-0.03,-0.19601000000000002,-0.3815563868755358,16764.1056,0.7900556440889093,1.2358227895166087
2021-09-30,89533,WYNN,WYNN RESORTS LTD,25,-0.03,-0.16661800000000002,-0.5236926194373003,11762.685679999999,2.3528426480070594,1.784571436843665
2021-09-30,89866,LKQ,L K Q CORP,25,0.03,-0.045013,0.43246824097887926,15484.273749999998,1.5550239579706708,1.2866348367047973
2021-09-30,89922,XPER,XPERI HOLDING CORP,45,0.03,-0.118423,0.35928610396695504,2238.9135300000003,0.7508588505788028,1.0821226486894777
2021-09-30,89971,TPX,TEMPUR SEALY INTERNATIONAL INC,25,0.03,0.038222,0.38473228898760814,8783.415900000002,1.8730123386634538,1.4108540426586254
2021-09-30,90505,LVS,LAS VEGAS SANDS CORP,25,-0.03,-0.179589,-0.45386174109578364,34081.5939,1.343951323702514,1.3713608228264402
2021-09-30,91103,UAL,UNITED AIRLINES HOLDINGS INC,20,-0.03,0.022758,-0.5914971553269426,15051.24063,1.5279286253458269,1.7276086719698887
2021-09-30,91500,EXLS,EXLSERVICE HOLDINGS INC,45,0.03,-0.00019500000000000002,0.36637830254851533,4085.1694999999995,0.9285565014780455,1.0715244287443424
2021-09-30,91575,HRI,HERC HOLDINGS INC,20,0.03,0.243482,0.17808432702049723,3896.9667,2.983616917834554,2.0707152085785596
2021-09-30,91926,DAL,DELTA AIR LINES INC,20,-0.03,0.053627,-0.49793468942405106,25878.162599999996,1.3618117025230427,1.5922829482002736
2021-09-30,91983,CLR,CONTINENTAL RESOURCES INC,10,0.03,0.174865,0.2410957836489752,14437.48184,3.284945967502305,1.8715733770974927
2021-09-30,93035,SEM,SELECT MEDICAL HOLDINGS CORP,35,0.03,0.04625,0.2853635725976152,4652.29232,1.2814079372067635,1.482605533907969
2021-09-30,93098,H,HYATT HOTELS CORP,25,-0.03,0.047664000000000005,-0.3966565349544074,3029.9210700000003,1.4533802153758262,1.5313151878089217
2021-10-31,11691,MATX,MATSON INC,20,0.03,0.031805,0.4016802104188749,3507.6566,0.9249539212637228,1.2844229291128757
2021-10-31,11995,COKE,COCA COLA CONSOLIDATED INC,30,0.0033334835989311364,0.018928,0.4587013700781219,2814.83938,0.9964400698283714,0.7009605081295093
2021-10-31,12360,PACB,PACIFIC BIOSCIENCES CALIF INC,35,-0.020000000000000004,0.036362,-0.6534762297334432,5634.97585,1.203377220908133,2.046894010404762
2021-10-31,13046,UI,UBIQUITI INC,45,0.03,0.022932,0.350508381423468,18666.576330000004,1.3860680218101362,1.2393119471767395
2021-10-31,13379,SPLK,SPLUNK INC,45,-0.03,0.138931,-0.5208456012248263,23377.32166,1.210136364138387,1.746558266088281
2021-10-31,13688,PCG,P G & E CORP,55,-0.0071600782622218825,0.20829599999999998,-0.25489734228398697,19058.620799999997,1.3082209892497938,0.5424698468869976
2021-10-31,13748,TPH,TRI POINTE HOMES INC,25,0.03,0.150772,0.3198092097515016,2391.84478,1.4491180574195668,1.8507311434332194
2021-10-31,13766,BCC,BOISE CASCADE CO,20,0.03,0.04887,0.31490205315432035,2123.08738,1.90947802029576,1.768815483837817
2021-10-31,13837,EVTC,EVERTEC INC,45,0.03,-0.010098000000000001,0.5515644015231814,3290.4683999999997,0.9293842776267028,0.9669872677353165
2021-10-31,14054,MRTX,MIRATI THERAPEUTICS INC,35,-0.03,0.068416,-0.5425352333843677,9158.099970000001,1.4342584700127312,0.7064122167503812
2021-10-31,14136,RNG,RINGCENTRAL INC,45,-0.03,0.12079100000000001,-0.42849291406587364,17706.24,0.7699951208829823,1.1964873215972487
2021-10-31,14176,XLRN,ACCELERON PHARMA INC,35,-0.03,0.012048999999999999,-0.6025792015074785,10520.6451,0.26722752594129257,0.8641050667784929
2021-10-31,14262,SRNE,SORRENTO THERAPEUTICS INC,35,-0.03,-0.100954,-0.6160836964629216,2315.4532099999997,2.3696871094852052,1.4284481096736226
2021-10-31,14596,FIVN,FIVE 9 INC,45,-0.03,-0.010867,-0.35033172378596944,10867.751160000002,0.5152002381362993,1.122839287952382
2021-10-31,15067,FRPT,FRESHPET INC,30,-0.03,0.092611,-0.3930043575550583,6191.3191,0.6368205226754122,1.2247027931513947
2021-10-31,15108,NEWR,NEW RELIC INC,45,-0.002839921737777384,0.130798,-0.42421387351313156,4654.14096,0.9194874068983788,1.486098327456715
2021-10-31,15546,Z,ZILLOW GROUP INC,50,-0.03,0.175706,-0.5459898716287834,16499.01474,1.3151868015067056,1.9979111272455006
2021-10-31,15585,TDOC,TELADOC HEALTH INC,35,-0.03,0.17960199999999998,-0.439975660503278,20194.23888,0.40814063564085185,0.9325550148265305
2021-10-31,16064,NTLA,INTELLIA THERAPEUTICS INC,35,-0.03,-0.008759000000000001,-0.8076198327641031,9972.9793,2.2519544177993858,2.667592253785933
2021-10-31,16119,ATKR,ATKORE INC,20,0.03,0.08751500000000001,0.2507949593687434,4007.2727600000003,2.451639204510614,1.8795898075602748
2021-10-31,16140,TWLO,TWILIO INC,45,-0.03,-0.086826,-0.4716366348682919,53259.33555,1.554321047754145,1.6469372453967281
2021-10-31,16287,EVBG,EVERBRIDGE INC,45,-0.03,0.054716999999999995,-0.3816590115023751,5822.44096,0.8198946544503475,1.0778000791678635
2021-10-31,16381,BL,BLACKLINE INC,45,-0.03,0.074586,-0.36897891885525846,6924.8093,0.9206671272048774,1.0687149039280017
2021-10-31,16382,COUP,COUPA SOFTWARE INC,45,-0.03,0.038834999999999995,-0.5072822203902171,16217.566560000001,1.5658420997886922,1.4127910667315415
2021-10-31,16434,GOLF,ACUSHNET HOLDINGS CORP,25,0.03,0.090755,0.5747654379146547,3451.4102000000003,0.7891508422737215,1.1651973132688043
2021-10-31,16968,MDB,MONGODB INC,45,-0.03,0.10553900000000001,-0.460624975464217,31203.58878,0.7256431788381859,1.5798675512345983
2021-10-31,17688,GSHD,GOOSEHEAD INSURANCE INC,40,-0.009999999999999995,-0.052503,-0.3257566835472853,3013.20994,0.6300580872552076,1.2489996559011844
2021-10-31,17907,NKLA,NIKOLA CORP,20,-0.03,0.105867,-0.39039375024535783,4313.94502,0.9246093218642517,0.9495223003537643
2021-10-31,18135,GH,GUARDANT HEALTH INC,35,-0.03,-0.06579199999999999,-0.47303026734189135,12703.891230000001,0.5647120969164625,1.0829008509089475
2021-10-31,21020,AAL,AMERICAN AIRLINES GROUP INC,20,-0.03,-0.06436499999999999,-0.5512110862481844,13286.22804,1.6526205975487265,1.8222256303507216
2021-10-31,21792,CNP,CENTERPOINT ENERGY INC,55,-0.03,0.058499999999999996,-0.3697836925371963,15469.1442,0.89909314403801,1.0956280709025668
2021-10-31,22111,JNJ,JOHNSON & JOHNSON,35,0.03,0.008508,0.4046441330035724,425145.843,0.6625326811958183,0.5472521911928597
2021-10-31,24328,EQT,E Q T CORP,10,-0.03,-0.026919,-0.5346445255761002,7732.775160000001,1.1853062010181143,1.0532806724503205
2021-10-31,35991,ROG,ROGERS CORP,45,0.03,0.07847,0.2896596396184195,3492.5839199999996,1.7877976353255518,1.5475763157640912
2021-10-31,38659,GNTX,GENTEX CORP,25,0.020000000000000004,0.07674700000000001,0.47114591920857374,7800.924299999999,0.9417164442743025,0.9825559914707681
2021-10-31,39490,APA,A P A CORP,10,0.00666651640106813,0.225845,0.061025399442546986,8101.01146,4.659289573782898,2.3516584179735074
2021-10-31,44943,DIOD,DIODES INC,45,0.03,0.060676,0.29678483099752684,4077.99944,1.1024509162877603,1.6456744783230373
2021-10-31,49429,DDS,DILLARDS INC,25,0.03,0.33975,0.3004750127586072,2868.49004,0.9123865622920031,2.0668308805035345
2021-10-31,56223,LPX,LOUISIANA PACIFIC CORP,15,0.03,-0.039796000000000005,0.31865112079456676,5844.01962,1.7473092568219735,1.8713818331492391
2021-10-31,57808,VSH,VISHAY INTERTECHNOLOGY INC,45,0.03,-0.043342000000000006,0.340144466690221,2666.16399,1.3668274047113549,1.5586354740142547
2021-10-31,62148,CSX,C S X CORP,20,0.03,0.21617,0.4363443646213638,65962.81442,1.1326125570618195,1.0438623065208288
2021-10-31,63765,SWN,SOUTHWESTERN ENERGY CO,10,-0.03,-0.119171,-0.37190358418717856,5622.9892,1.322761872934074,0.9043404872295753
2021-10-31,68196,SEIC,S E I INVESTMENTS CO,40,0.03,0.063032,0.48932202724453344,8260.7865,1.0461000335121697,1.393539302884034
2021-10-31,76392,MMSI,MERIT MEDICAL SYSTEMS INC,35,0.03,-0.06326799999999999,0.3145094806265458,4053.2535999999996,1.1785693953796148,0.9654728342846974
2021-10-31,76795,ZBRA,ZEBRA TECHNOLOGIES CORP,45,0.03,0.035913999999999995,0.34342244729713817,27524.974259999995,1.6124990748088066,1.2694980774317914
2021-10-31,77699,FCEL,FUELCELL ENERGY INC,20,-0.03,0.19428299999999998,-0.6357908373572017,2452.64766,4.246837933775062,2.1655007175877143
2021-10-31,78664,DDD,3 D SYSTEMS CORP DEL,45,0.03,0.021363,-0.09239194441173011,3452.7565200000004,1.542928836414892,3.9800019420112975
2021-10-31,80575,SSD,SIMPSON MANUFACTURING CO INC,20,0.03,-0.006000999999999999,0.39789188552585086,4646.7768,1.1952210968386172,1.1227099188661986
2021-10-31,81073,UHAL,AMERCO,20,0.03,0.14154999999999998,0.44698308012405297,12667.35624,0.817618827925992,1.0264480622811958
2021-10-31,81678,LECO,LINCOLN ELECTRIC HOLDINGS INC,20,0.03,0.10563900000000001,0.39824520080084796,7604.79192,1.1407530681042555,1.1335726179650483
2021-10-31,82581,HSIC,SCHEIN HENRY INC,35,0.03,0.0024579999999999997,0.27501668433243043,10596.1408,0.7622000332129178,1.1123325026047888
2021-10-31,82779,NVAX,NOVAVAX INC,35,-0.03,-0.282127,-0.574451379892435,15634.49096,1.8035569901000286,1.1974142188658847
2021-10-31,82800,SCCO,SOUTHERN COPPER CORP,15,0.020000000000000004,0.068542,0.3898834059592509,43400.76734,1.1233644617575997,1.4408554599159387
2021-10-31,84373,DGX,QUEST DIAGNOSTICS INC,35,0.03,0.014513,0.38807757233148826,17754.12111,0.9939590664174909,0.7795378621191046
2021-10-31,85427,GPI,GROUP 1 AUTOMOTIVE INC,25,0.03,-0.043043000000000005,0.37359164605660894,3395.74312,1.8107563319488402,1.8884424289556379
2021-10-31,85621,MTD,METTLER TOLEDO INTERNATIONAL INC,35,0.03,0.07512100000000001,0.2868723746712205,31840.431119999997,0.9708918215906823,1.1249919038420657
2021-10-31,87034,LII,LENNOX INTERNATIONAL INC,20,0.020000000000000004,0.017334000000000002,0.4130059278451694,10933.41639,0.8205449139843973,1.0647499431767893
2021-10-31,87337,PLUG,PLUG POWER INC,20,-0.03,0.498397,-0.6537510305028855,14712.189299999998,1.617923161893273,2.6171513162203217
2021-10-31,88351,INSM,INSMED INC,35,-0.03,0.094734,-0.5740195501118832,3259.4967,2.3082763111281475,1.3005272759078494
2021-10-31,88615,ITGR,INTEGER HOLDINGS CORP,35,0.03,0.007574,0.22146979154398774,2948.2200000000003,1.4104416257271737,1.474820777441877
2021-10-31,89301,GME,GAMESTOP CORP NEW,25,-0.03,0.045783,-0.5331920072233346,13421.87577,0.896323048513408,1.3647339970798325
2021-10-31,89533,WYNN,WYNN RESORTS LTD,25,-0.03,0.05955,-0.5267145605150552,9802.100250000001,2.382254941366919,1.989034662069496
2021-10-31,89866,LKQ,L K Q CORP,25,0.03,0.094558,0.42293801279786436,14705.718080000002,1.5388958536854271,1.3187475567546485
2021-10-31,90215,CRM,SALESFORCE COM INC,45,-0.03,0.104933,-0.40454598987162876,265524.38,0.9893946307372149,1.2012327692354825
2021-10-31,90505,LVS,LAS VEGAS SANDS CORP,25,-0.03,0.060346,-0.46798571035998904,27962.034,1.4069601920957846,1.5459191593689636
2021-10-31,91103,UAL,UNITED AIRLINES HOLDINGS INC,20,-0.03,-0.030098,-0.5930200604561693,15403.49899,1.4857440120921706,1.8288768829133477
2021-10-31,91413,EVR,EVERCORE INC,40,0.03,0.135895,0.3534723040081655,5300.951189999999,1.628084831154285,1.587054288212763
2021-10-31,91500,EXLS,EXLSERVICE HOLDINGS INC,45,0.03,-0.004017,0.42148549444509875,4105.31328,0.90951536453919,1.0254315773860885
2021-10-31,91926,DAL,DELTA AIR LINES INC,20,-0.03,-0.08170799999999999,-0.4876143367487143,27266.77815,1.3131920504991017,1.663497653311116
2021-10-31,91983,CLR,CONTINENTAL RESOURCES INC,10,0.03,0.057601,0.2232167392925843,16962.570949999998,3.1395821066840024,1.963094995545453
2021-10-31,93035,SEM,SELECT MEDICAL HOLDINGS CORP,35,0.03,-0.081596,0.307345031994661,4867.61392,1.2493987595963836,1.5678817609829376
2021-10-31,93098,H,HYATT HOTELS CORP,25,-0.03,0.105021,-0.4135751580104424,3860.2427999999995,1.392883704290265,1.589166525145336
2021-11-30,11809,CLH,CLEAN HARBORS INC,20,0.03,-0.098676,0.35791967684300474,6122.513620000001,1.6466363895072107,1.4026812553570789
2021-11-30,11995,COKE,COCA COLA CONSOLIDATED INC,30,0.03,0.421406,0.5198477433387712,2866.3974,0.9653831060256368,0.747016877443059
2021-11-30,12360,PACB,PACIFIC BIOSCIENCES CALIF INC,35,-0.006847181742761889,-0.123533,-0.6080750407830343,5841.43504,1.1607969741891302,2.1274114961970985
2021-11-30,12591,APO,APOLLO GLOBAL MANAGEMENT INC,40,-0.009999999999999995,-0.074126,-0.3968189233278956,18123.80265,1.5535462138140508,1.5252982804519342
2021-11-30,13244,MTDR,MATADOR RESOURCES CO,10,0.03,-0.060659000000000005,0.18958284782102078,4895.73855,4.337983164457348,2.5329323282301557
2021-11-30,13262,CCXI,CHEMOCENTRYX INC,35,-0.03,0.042185,-0.5708459566534608,2437.7791100000004,1.8331611149213725,1.52294037956702
2021-11-30,13748,TPH,TRI POINTE HOMES INC,25,0.03,0.032201,0.2799658199331935,2688.4282200000002,1.4333848669270666,1.896326808196277
2021-11-30,13766,BCC,BOISE CASCADE CO,20,0.03,0.20006200000000002,0.29076361376524507,2226.92122,1.8248907403371253,1.9184224825082683
2021-11-30,14054,MRTX,MIRATI THERAPEUTICS INC,35,-0.03,-0.27647,-0.5313252544084518,9784.998340000002,1.3264429013976229,0.7127206302441867
2021-11-30,14136,RNG,RINGCENTRAL INC,45,-0.03,-0.114081,-0.43523265750019424,19845.64224,0.7452197634191926,1.2960078217869557
2021-11-30,14176,XLRN,ACCELERON PHARMA INC,35,-0.03,0.03337,-0.43855356171832505,10647.79758,0.18173399008380697,0.8673262871168945
2021-11-30,14262,SRNE,SORRENTO THERAPEUTICS INC,35,-0.03,-0.131239,-0.6256117455138662,2101.4649600000002,2.1925240811435316,1.479496199897178
2021-11-30,14813,MARA,MARATHON DIGITAL HOLDINGS INC,45,-0.03,-0.022441,-0.6127553794764236,5354.96568,5.474433291722679,2.6013245366721134
2021-11-30,15067,FRPT,FRESHPET INC,30,-0.03,-0.307208,-0.38932261322147127,6764.9349,0.6267332947492966,1.3426247499004336
2021-11-30,15108,NEWR,NEW RELIC INC,45,-0.03,0.36553,-0.45061368756311654,5263.063679999999,0.9356438326551136,1.581458569578188
2021-11-30,15272,SEDG,SOLAREDGE TECHNOLOGIES INC,45,-0.03,-0.075943,-0.539637225200031,18627.7936,1.0210706874545257,2.2678952457723986
2021-11-30,15284,BPMC,BLUEPRINT MEDICINES CORP,35,-0.03,-0.14485699999999999,-0.49998057950749625,6618.6866199999995,0.7314776262109044,1.1351032006262116
2021-11-30,15546,Z,ZILLOW GROUP INC,50,-0.03,-0.476354,-0.5599704808513944,19400.77956,1.346875859223838,2.161079088027298
2021-11-30,15638,GBT,GLOBAL BLOOD THERAPEUTICS INC,35,-0.013152818257238115,-0.22622099999999998,-0.5321991765711178,2353.5314,1.1231288747961983,1.6326147498229144
2021-11-30,15643,RUN,SUNRUN INC,20,-0.003440350980541894,-0.201847,-0.6182125378699602,11933.24216,2.0926964370850865,2.9402799134789266
2021-11-30,16019,RRR,RED ROCK RESORTS INC,25,0.03,-0.07152800000000001,0.29806571894663253,3737.74936,2.330198299464159,1.7917941582717887
2021-11-30,16064,NTLA,INTELLIA THERAPEUTICS INC,35,-0.03,-0.135177,-0.8165151868251378,9896.238619999998,2.130465206077797,2.7845838245747014
2021-11-30,16119,ATKR,ATKORE INC,20,0.03,0.126582,0.25332090421813097,4358.1165900000005,2.4342547318701486,2.0090504024505895
2021-11-30,16140,TWLO,TWILIO INC,45,-0.03,-0.017925999999999997,-0.5542802765478133,49079.30064000001,1.3432589221939257,1.7579866742558583
2021-11-30,16287,EVBG,EVERBRIDGE INC,45,-0.03,-0.288099,-0.3828555892177425,6141.24119,0.7671120476231336,1.0998850796499386
2021-11-30,16382,COUP,COUPA SOFTWARE INC,45,-0.03,-0.13636399999999999,-0.523673580361998,16989.6078,1.4669858730743521,1.537544401084759
2021-11-30,16434,GOLF,ACUSHNET HOLDINGS CORP,25,0.03,0.067486,0.5432494368057175,3764.77164,0.7945531033491402,1.249929196644092
2021-11-30,16649,OKTA,OKTA INC,45,-0.03,-0.129302,-0.39423599782490487,36693.37664,1.0202478242849635,1.3015293741933371
2021-11-30,17126,NMRK,NEWMARK GROUP INC,60,0.03,0.079897,0.3017167715373262,2840.45808,1.7404019766721015,1.89026079881082
2021-11-30,17907,NKLA,NIKOLA CORP,20,-0.03,-0.13394199999999998,-0.3764856676765322,4770.8108,0.9278894624507508,0.9750330951818061
2021-11-30,17949,BE,BLOOM ENERGY CORP,20,-0.006559649019457365,-0.120965,-0.6280587275693311,4558.3332,3.698681337434224,3.0045776245254237
2021-11-30,18135,GH,GUARDANT HEALTH INC,35,-0.03,-0.099967,-0.5176143867008467,11872.404240000002,0.5028998867485942,1.2099378756792654
2021-11-30,18142,REZI,RESIDEO TECHNOLOGIES INC,20,0.03,0.057944999999999997,0.17334731608793597,3555.55278,2.568884268657875,2.589279051559909
2021-11-30,18184,FSR,FISKER INC,25,-0.03,0.332666,-0.4230948496853881,2628.10725,0.9845522413710319,0.7795711307400136
2021-11-30,21020,AAL,AMERICAN AIRLINES GROUP INC,20,-0.03,-0.07869,-0.47469509826769213,12432.287999999999,1.6407575394680483,1.898825718913993
2021-11-30,21936,PFE,PFIZER INC,35,0.03,0.23927600000000002,0.33912064009943294,245236.53312,0.6571822961332169,0.8474720441174978
2021-11-30,24328,EQT,E Q T CORP,10,-0.03,-0.024152999999999997,-0.6027538258370232,7524.9645900000005,1.1335655673940586,1.1208472826929103
2021-11-30,35991,ROG,ROGERS CORP,45,0.03,0.35546500000000003,0.33993630078458786,3766.77648,1.7515013189881097,1.4546734569938171
2021-11-30,44943,DIOD,DIODES INC,45,0.03,0.10673099999999999,0.32610891012196064,4325.77962,1.086682330893507,1.7461878578551895
2021-11-30,49429,DDS,DILLARDS INC,25,0.03,0.23711300000000002,0.31265050881690365,3843.1647799999996,1.0097885321152071,2.044193351863762
2021-11-30,56223,LPX,LOUISIANA PACIFIC CORP,15,0.03,0.111937,0.3161850384525752,5611.66818,1.6872369548738517,1.9872111678991131
2021-11-30,57808,VSH,VISHAY INTERTECHNOLOGY INC,45,0.03,0.059789999999999996,0.42732851705119235,2550.7054200000002,1.327364871000091,1.5621707938602236
2021-11-30,61313,DCI,DONALDSON INC,20,0.03,-0.059701000000000004,0.4483803309251923,7416.93595,1.3040560256338316,1.2011947616560688
2021-11-30,68196,SEIC,S E I INVESTMENTS CO,40,0.03,-0.054137000000000005,0.46368367901809976,8791.11712,1.0471713484369165,1.4256603383475834
2021-11-30,75573,ODP,O D P CORP,25,0.020000000000000004,-0.127989,0.2674978637458246,2233.1108999999997,2.1570270984525415,1.9681743141045884
2021-11-30,76709,IDXX,I D E X X LABORATORIES INC,35,0.03,-0.087218,0.266721044045677,56484.67516,0.8850137491230788,1.2236115760184423
2021-11-30,77699,FCEL,FUELCELL ENERGY INC,20,-0.03,0.086314,-0.6022683135244311,2929.2858100000003,4.121178502374965,2.3208451681316244
2021-11-30,81073,UHAL,AMERCO,20,0.00999999999999926,-0.044047,0.3903324788316632,14450.89992,0.8547160047031769,1.1115193704346782
2021-11-30,82179,IART,INTEGRA LIFESCIENCES HLDNGS CORP,35,0.03,-0.037811000000000004,0.289326497319972,5629.161999999999,1.1616538056262273,1.212598173929944
2021-11-30,82581,HSIC,SCHEIN HENRY INC,35,0.03,-0.06933,0.30474636836790175,10587.7599,0.7279064983776822,1.1384403067545572
2021-11-30,82634,SAM,BOSTON BEER INC,30,-0.03,-0.083926,-0.38806028120873154,5025.265920000001,0.7110313694803652,1.0085459300843822
2021-11-30,82651,WAT,WATERS CORP,35,0.03,-0.107458,0.33519770061368753,22553.97065,0.7353555901397333,1.0029119195178726
2021-11-30,82779,NVAX,NOVAVAX INC,35,-0.03,0.40175700000000003,-0.5283539190553873,11252.738640000001,1.5343002862216868,1.236051703695432
2021-11-30,85035,QRVO,QORVO INC,45,0.03,-0.130817,0.32346772314145894,18542.81529,1.2959593977479882,1.556097439654493
2021-11-30,85621,MTD,METTLER TOLEDO INTERNATIONAL INC,35,0.03,0.022409000000000002,0.3475491338460343,34233.502960000005,0.9647087815799678,1.1886730034597575
2021-11-30,86047,AMKR,AMKOR TECHNOLOGY INC,45,0.03,-0.016467,0.2291618115435408,5359.988,1.5275686479732768,2.1891408410604134
2021-11-30,86799,CNX,C N X RESOURCES CORP,10,-0.03,-0.066437,-0.30896061524120244,3085.6319999999996,1.4394836202131065,0.810858692033349
2021-11-30,87337,PLUG,PLUG POWER INC,20,-0.03,0.041242,-0.6408956731142702,22045.242150000002,1.7183679522961588,2.7737275024903005
2021-11-30,88351,INSM,INSMED INC,35,-0.03,-0.087275,-0.5517361920298299,3568.9157999999998,2.266439739137371,1.3684265181772446
2021-11-30,88504,BRKR,BRUKER CORP,35,0.03,0.009047,0.3231569952613998,12180.7873,1.2084968061685293,1.2359721334204998
2021-11-30,89301,GME,GAMESTOP CORP NEW,25,-0.03,0.069162,-0.5020197312203838,14036.86341,0.7968738394630644,1.406123949502532
2021-11-30,89824,MODV,MODIVCARE INC,35,0.03,-0.158181,0.26978948186125995,2281.8726300000003,0.5714038891383393,1.1567955860823926
2021-11-30,90126,CYTK,CYTOKINETICS INC,35,-0.03,0.12685400000000002,-0.5127010020974132,2928.3555299999994,1.17336610558828,1.4929043711833794
2021-11-30,90505,LVS,LAS VEGAS SANDS CORP,25,-0.03,-0.082239,-0.46249902897537487,29650.451900000004,1.4172760685065044,1.6178669495956033
2021-11-30,90564,PBH,PRESTIGE CONSUMER HEALTHCARE INC,35,0.03,-0.067389,0.38005903829721127,3003.0994,0.6519011759345085,0.8288736628326002
2021-11-30,91103,UAL,UNITED AIRLINES HOLDINGS INC,20,-0.03,-0.084136,-0.4822496698516274,14940.45498,1.4737875208940199,1.8930875397626992
2021-11-30,91413,EVR,EVERCORE INC,40,0.03,-0.082403,0.3605608638235066,6021.51888,1.660771473290556,1.6737236804024231
2021-11-30,91500,EXLS,EXLSERVICE HOLDINGS INC,45,0.03,0.058995,0.4082964343975763,4083.9468899999997,0.8536171204320642,1.1075988501395206
2021-11-30,91983,CLR,CONTINENTAL RESOURCES INC,10,0.03,-0.08777800000000001,0.25081566068515493,17940.26193,3.097966397645355,2.025154264539932
2021-11-30,92040,FOLD,AMICUS THERAPEUTICS INC,35,-0.03,0.019956,-0.5425308785830809,2925.7095,1.1950981703521562,1.5701840516284913
2021-11-30,93002,AVGO,BROADCOM INC,45,0.009999999999999995,0.041353999999999995,0.34984075196146974,219579.71,0.9396362728450883,1.3710977417464605
2021-11-30,93035,SEM,SELECT MEDICAL HOLDINGS CORP,35,0.03,-0.188779,0.32876951759496625,4470.61472,1.1781617583319284,1.660566745803471
2021-12-31,10158,AMRC,AMERESCO INC,20,-0.03,-0.098484,-0.5440217823356388,3031.3844699999995,0.6704873553413354,2.0330841220497287
2021-12-31,11343,SAFM,SANDERSON FARMS INC,30,0.03,0.017506999999999998,0.44832657603943077,4191.81294,0.6397644323381098,0.5585598810989838
2021-12-31,11691,MATX,MATSON INC,20,0.03,0.104189,0.49057953732411164,3426.86896,0.946372497373987,1.3015436510707423
2021-12-31,13244,MTDR,MATADOR RESOURCES CO,10,0.03,-0.059909,0.21349073853247472,4607.784720000001,4.325188918245575,2.3049608702379825
2021-12-31,13688,PCG,P G & E CORP,55,-0.03,0.021818999999999998,-0.2839057158756657,23586.18372,1.3974327521596344,0.5857009210850895
2021-12-31,13704,NEO,NEOGENOMICS INC,35,-0.03,-0.0041530000000000004,-0.5431870577947372,4218.15972,0.6838116911667278,1.5402082396904069
2021-12-31,13748,TPH,TRI POINTE HOMES INC,25,0.03,0.116873,0.29692344383496305,2775.11586,1.419968561029066,1.855097516582186
2021-12-31,14136,RNG,RINGCENTRAL INC,45,-0.03,-0.13262600000000002,-0.40527863900151045,17734.76574,0.7854143235748082,1.3698113359471293
2021-12-31,14596,FIVN,FIVE 9 INC,45,-0.03,-0.035267,-0.47312981954050404,9685.414170000002,0.46831492208469383,1.1871552427309584
2021-12-31,14813,MARA,MARATHON DIGITAL HOLDINGS INC,45,-0.00035022679290626027,-0.356636,-0.5888584148183481,5241.36517,5.6249335226400206,2.4757145945765298
2021-12-31,15067,FRPT,FRESHPET INC,30,-0.020000000000000004,-0.118101,-0.42918753478018923,4686.9878,0.7004933997962587,1.4175236465639844
2021-12-31,15546,Z,ZILLOW GROUP INC,60,-0.03,0.17645799999999998,-0.6542054217346372,10159.99524,1.4521863411667837,2.191964471097711
2021-12-31,16064,NTLA,INTELLIA THERAPEUTICS INC,35,-0.03,0.028017999999999998,-0.7748231178949042,8558.92919,2.1585405495504357,2.836981536950609
2021-12-31,16140,TWLO,TWILIO INC,45,-0.03,-0.07978,-0.5054058351220287,48201.68135,1.3765713322120254,1.7376080927464606
2021-12-31,16260,MEDP,MEDPACE HOLDINGS INC,35,0.03,0.049256,0.22791954845377216,7454.1079899999995,1.2517418995155667,1.31058177174283
2021-12-31,16382,COUP,COUPA SOFTWARE INC,45,-0.03,-0.19639600000000002,-0.4899833055091819,14673.589240000001,1.4498947094180024,1.4990746198001577
2021-12-31,16597,AYX,ALTERYX INC,45,-0.03,-0.089882,-0.4671277526035456,3967.5942999999997,0.7278120300319122,1.3394782643494993
2021-12-31,16655,CVNA,CARVANA CO,25,-0.03,-0.173485,-0.5411002464424836,24000.30654,2.2988844337008874,1.763640247635612
2021-12-31,16736,VST,VISTRA CORP,55,-0.03,0.153605,-0.4535137928293187,9594.644639999999,0.9082705063270027,1.5828167587449984
2021-12-31,16829,RDFN,REDFIN CORP,60,-0.020000000000000004,-0.056591999999999996,-0.5990937276413071,4292.02189,1.8541070861318187,2.5491476972855165
2021-12-31,16966,SWCH,SWITCH INC,45,-0.03,0.047099,-0.3917839255902695,3929.5933,0.633078456373897,1.1713021766890144
2021-12-31,17037,SAIL,SAILPOINT TECHNOLOGIES HLDGS INC,45,-0.019649773207093022,-0.080881,-0.4391247316956832,4904.7537600000005,1.8584477263999477,1.6162575732393436
2021-12-31,17315,CDLX,CARDLYTICS INC,50,-0.03,-0.022115000000000003,-0.5575562445345417,2248.31902,2.2750171684086666,2.216361151723933
2021-12-31,17374,RCUS,ARCUS BIOSCIENCES INC,35,-0.03,-0.076094,-0.5408418793226806,3076.9061999999994,1.0093548834493489,1.5337850306788772
2021-12-31,17672,EAF,GRAFTECH INTERNATIONAL LTD NEW,20,0.03,0.015384,0.31395579934811985,3066.5362999999998,1.0989957879652483,1.9815423312287244
2021-12-31,17688,GSHD,GOOSEHEAD INSURANCE INC,40,-0.009999999999999995,-0.00951,-0.2871651164639478,2599.8733599999996,0.5984952143080887,1.3271197900512723
2021-12-31,17907,NKLA,NIKOLA CORP,20,-0.03,-0.034314,-0.3693854837427458,4132.74316,0.9649848281568737,0.9851277944881106
2021-12-31,17929,UGI,U G I CORP NEW,55,0.03,0.121479,0.42817394069480885,8630.407500000001,0.9514065406449344,0.8750485359224405
2021-12-31,18135,GH,GUARDANT HEALTH INC,35,-0.03,-0.048582999999999994,-0.49318308291597107,10686.078720000001,0.5344359424527082,1.251209643772536
2021-12-31,18184,FSR,FISKER INC,25,-0.03,-0.264677,-0.45401065267509344,3504.5589900000004,0.9075949157887006,0.7396093936477491
2021-12-31,19561,BA,BOEING CO,20,-0.03,0.017471999999999998,-0.4882343588520551,116276.24714999998,1.4873482152387218,1.7395853741991611
2021-12-31,20204,CR,CRANE CO,20,0.03,0.053693000000000005,0.3409651005644328,5669.50458,1.6476531951275988,1.5328728273941492
2021-12-31,20482,ABT,ABBOTT LABORATORIES,35,0.03,0.11896,0.32482709277367044,222397.45599,0.6580369543051281,0.9211558030419025
2021-12-31,21020,AAL,AMERICAN AIRLINES GROUP INC,20,-0.03,0.015196000000000001,-0.4880753637014071,11454.540350000001,1.6200689709471223,1.802429078941226
2021-12-31,24328,EQT,E Q T CORP,10,-0.03,0.122424,-0.5774703871531919,7343.66565,1.1272757871322734,1.1287694813964082
2021-12-31,25487,CAR,AVIS BUDGET GROUP INC,20,0.03,-0.244868,-0.03311074012242622,15500.056319999998,2.038555142696266,4.290590809621548
2021-12-31,44943,DIOD,DIODES INC,45,0.03,0.032467,0.3425749264647428,4787.6642999999995,1.0319815382915378,1.8003218417839066
2021-12-31,49429,DDS,DILLARDS INC,25,0.03,-0.104794,0.2596390810080292,4554.135299999999,0.9302459424374121,2.1755521174248194
2021-12-31,57808,VSH,VISHAY INTERTECHNOLOGY INC,45,0.03,0.078723,0.2995468638206535,2703.3230700000004,1.3020472386833617,1.5781238363348413
2021-12-31,57809,NDSN,NORDSON CORP,20,0.03,0.006268,0.3980244852531997,14788.011629999999,0.9138123259725326,1.0841558859863274
2021-12-31,61313,DCI,DONALDSON INC,20,0.03,0.05409,0.4726925828762223,6974.46585,1.2963545911673038,1.1642549285290735
2021-12-31,62148,CSX,C S X CORP,20,0.03,0.084757,0.38111137610302886,76875.29078,1.166292935594196,1.0760729095479755
2021-12-31,65541,COO,COOPER COMPANIES INC,35,0.03,0.112744,0.293743540822005,18561.476880000002,0.8142600149532446,0.9669999159366375
2021-12-31,68196,SEIC,S E I INVESTMENTS CO,40,0.03,0.028912,0.501629700294141,8315.582390000001,1.0486167052885689,1.4073848395920387
2021-12-31,70228,TOL,TOLL BROTHERS INC,25,0.03,0.14047199999999999,0.3195405040146276,7725.37799,1.494240188167789,1.6072948349107723
2021-12-31,77699,FCEL,FUELCELL ENERGY INC,20,-0.03,-0.400989,-0.5790007154781779,3182.2529200000004,4.245061898805696,2.03623500759753
2021-12-31,78664,DDD,3 D SYSTEMS CORP DEL,45,0.023193467788251668,-0.054501,-0.11837188965736543,2909.66662,1.5124759244443888,4.275341931577591
2021-12-31,81073,UHAL,AMERCO,20,0.03,0.03069,0.3868352015263534,13815.01248,0.8587067928316592,1.0481824199287424
2021-12-31,82634,SAM,BOSTON BEER INC,30,-0.03,0.119467,-0.37504968598457744,4603.73868,0.7136646589294923,0.9995738645408508
2021-12-31,82779,NVAX,NOVAVAX INC,35,-0.03,-0.314308,-0.5870299705858971,15774.09704,1.5502706058670717,1.2225604506229597
2021-12-31,82800,SCCO,SOUTHERN COPPER CORP,15,0.020000000000000004,0.054805,0.29048414023372293,45225.2385,1.118295915181651,1.6435214621713607
2021-12-31,85621,MTD,METTLER TOLEDO INTERNATIONAL INC,35,0.009999999999999995,0.120847,0.2539748787661976,34803.792180000004,0.9687459393170137,1.1254034485866706
2021-12-31,85863,COLM,COLUMBIA SPORTSWEAR CO,25,0.03,-0.00099,0.3753875506797043,6360.61401,0.8859059313824397,1.2144144266936967
2021-12-31,86047,AMKR,AMKOR TECHNOLOGY INC,45,0.03,0.152247,0.24314333412830913,5271.959,1.4712657165472252,2.3070744282032414
2021-12-31,86158,CTSH,COGNIZANT TECHNOLOGY SOLS CORP,45,0.026806532211747613,0.13766099999999998,0.37024008267747827,40959.15096,1.0731903479258542,1.1089612576719408
2021-12-31,86594,KFY,KORN FERRY,20,0.020000000000000004,0.042788,0.3041974719771047,3964.76644,1.5197982339230003,1.5592977487402322
2021-12-31,87337,PLUG,PLUG POWER INC,20,-0.03,-0.29166,-0.6655139518244695,22967.7866,1.7855601013360525,2.82153021494563
2021-12-31,88417,ACLS,AXCELIS TECHNOLOGIES INC,45,0.03,0.20601499999999998,0.22338818666030683,2059.34784,1.4504430074856052,2.463853596283392
2021-12-31,88462,SAVA,CASSAVA SCIENCES INC,35,-0.03,-0.183092,-0.6807973606804991,2140.5093300000003,1.0287360624050914,2.215951254199478
2021-12-31,88615,ITGR,INTEGER HOLDINGS CORP,35,0.03,0.073296,0.24314333412830907,2632.93506,1.3492760666279964,1.3903459746938664
2021-12-31,89301,GME,GAMESTOP CORP NEW,25,-0.03,-0.243785,-0.5162373797599172,15008.29911,0.8266037311449339,1.4545864083933435
2021-12-31,89866,LKQ,L K Q CORP,25,0.03,0.073815,0.3766992606725495,16294.346899999999,1.5292767362360116,1.2906331289396429
2021-12-31,90126,CYTK,CYTOKINETICS INC,35,-0.03,0.15855,-0.6405318387789173,3299.9572200000002,1.0997307082582022,1.5026224920958688
2021-12-31,90312,WLK,WESTLAKE CHEMICAL CORP,15,0.03,0.045241,0.3534462198902934,11877.22024,1.36714703276094,1.6191284845391276
2021-12-31,90505,LVS,LAS VEGAS SANDS CORP,25,-0.03,0.056643000000000006,-0.46796247714444705,27213.3238,1.417143744129004,1.678467033084097
2021-12-31,90564,PBH,PRESTIGE CONSUMER HEALTHCARE INC,35,0.03,0.083937,0.2974799268622307,2803.3188,0.6584517104798204,0.8553201271734784
2021-12-31,91103,UAL,UNITED AIRLINES HOLDINGS INC,20,-0.03,0.035901,-0.47907226329596947,13684.08382,1.4361952876236868,1.756558882035769
2021-12-31,91413,EVR,EVERCORE INC,40,0.03,-0.020615,0.471579616821687,5411.935299999999,1.624097968452998,1.6914740615324613
2021-12-31,91983,CLR,CONTINENTAL RESOURCES INC,10,0.03,0.009405,0.29183559901423006,16209.861540000002,3.0857815265623456,1.9746152798988916
2021-12-31,93002,AVGO,BROADCOM INC,45,0.03,0.20935299999999998,0.3549964226091104,228600.07632,0.9286658042606533,1.3817225499195371
2021-12-31,93263,CELH,CELSIUS HOLDINGS INC,30,-0.03,0.089978,-0.4972970824389856,5118.09415,2.1692192905698824,1.7373259544049238
2022-01-31,10158,AMRC,AMERESCO INC,20,-0.03,-0.37860499999999997,-0.5069551472041098,2733.0449599999997,0.6530485593345051,1.9008890996300671
2022-01-31,11343,SAFM,SANDERSON FARMS INC,30,0.03,-0.034794000000000005,0.4825133372851215,4264.71452,0.6336956687368137,0.48428618277904495
2022-01-31,11691,MATX,MATSON INC,20,0.03,0.084706,0.4719818217743529,3784.1409599999997,0.9580300406150555,1.250349529520614
2022-01-31,12591,APO,APOLLO GLOBAL MANAGEMENT INC,40,-0.03,-0.033594000000000006,-0.3351906737798854,17859.71697,1.5674476208901895,1.399061810465365
2022-01-31,13244,MTDR,MATADOR RESOURCES CO,10,0.03,0.21257800000000002,0.2186524402292037,4332.04512,4.305095942511843,2.195685992418678
2022-01-31,13704,NEO,NEOGENOMICS INC,35,-0.03,-0.339434,-0.5629519857735625,4234.56496,0.6801738465344762,1.494656065294001
2022-01-31,14596,FIVN,FIVE 9 INC,45,-0.03,-0.084664,-0.4557597312784035,9404.772159999999,0.4615838831712862,1.1565130652349533
2022-01-31,14813,MARA,MARATHON DIGITAL HOLDINGS INC,45,-0.01788918349963267,-0.283672,-0.5777316735822959,3375.80638,5.540200953022535,2.229459601385454
2022-01-31,15067,FRPT,FRESHPET INC,30,-0.020000000000000004,-0.023556,-0.4272475795297373,4143.2923,0.6758177751868597,1.381459071341376
2022-01-31,15284,BPMC,BLUEPRINT MEDICINES CORP,35,-0.009811028597237682,-0.280223,-0.464611736810907,6334.5925099999995,0.7991285649101266,1.089420841366625
2022-01-31,15546,Z,ZILLOW GROUP INC,60,-0.03,-0.209441,-0.689843904366726,11678.10115,1.4698269664018824,2.098977128875488
2022-01-31,15579,TXN,TEXAS INSTRUMENTS INC,45,0.03,-0.041513,0.31966014621616273,174146.28,0.9059077326551572,1.3359938048394422
2022-01-31,15623,HLI,HOULIHAN LOKEY INC,40,0.020000000000000004,0.026618000000000003,0.4705789369689785,5279.312959999999,0.6597266798477166,0.9086110770010574
2022-01-31,15826,SQ,BLOCK INC,45,-0.022299787903128934,-0.24287699999999998,-0.5717249555423829,64470.75425,2.3385163754299,2.329710502562158
2022-01-31,16064,NTLA,INTELLIA THERAPEUTICS INC,35,-0.03,-0.20023,-0.8048606994665087,8807.22464,2.157036196790069,2.658324483108842
2022-01-31,16119,ATKR,ATKORE INC,20,0.03,-0.030712,0.23851017585457418,5153.878879999999,2.386484480663314,1.8452224647887308
2022-01-31,16140,TWLO,TWILIO INC,45,-0.03,-0.21733,-0.5374827109266943,44359.35966,1.3630127295544496,1.6818551950969247
2022-01-31,16382,COUP,COUPA SOFTWARE INC,45,-0.03,-0.150503,-0.4765461371270501,11803.174000000003,1.4236908214460224,1.4428877841134617
2022-01-31,16597,AYX,ALTERYX INC,45,-0.03,-0.056738000000000004,-0.43738391622209044,3611.245,0.7089715233887699,1.2912643247330786
2022-01-31,16648,SNDR,SCHNEIDER NATIONAL INC,20,0.03,-0.048725000000000004,0.3919383521043272,2546.41257,0.9484571652093305,0.8934563906665594
2022-01-31,16649,OKTA,OKTA INC,45,-0.03,-0.117276,-0.4479944674965422,33295.9701,1.0508396723563078,1.2897371292849311
2022-01-31,16655,CVNA,CARVANA CO,25,-0.03,-0.300877,-0.6607389843904367,19838.21073,2.259545011017869,1.703844019808062
2022-01-31,16736,VST,VISTRA CORP,55,-0.009999999999999995,-0.042205,-0.41179608772969767,10989.439559999999,0.9255038033476196,1.4666156382008435
2022-01-31,16829,RDFN,REDFIN CORP,60,-0.020000000000000004,-0.229791,-0.5897253507212012,4081.20251,1.8389256526243718,2.370793870620464
2022-01-31,17315,CDLX,CARDLYTICS INC,50,-0.03,0.015238,-0.5585457419482316,2216.26206,2.2560624903425284,2.1011786236872334
2022-01-31,17341,ZS,ZSCALER INC,45,-0.03,-0.199901,-0.3663505236119344,45012.54906,0.9446251207018048,1.0503719967327954
2022-01-31,17374,RCUS,ARCUS BIOSCIENCES INC,35,-0.03,-0.23898599999999998,-0.5204505038529935,2842.9770299999996,0.9900988633092435,1.4222227519018977
2022-01-31,17672,EAF,GRAFTECH INTERNATIONAL LTD NEW,20,0.03,-0.114161,0.42803793716656774,3113.91626,1.0969394083691681,1.7596662220860741
2022-01-31,17855,AVLR,AVALARA INC,45,-0.03,-0.151001,-0.42054929855759726,11221.724760000001,0.7842830348008895,1.2944638838652822
2022-01-31,17907,NKLA,NIKOLA CORP,20,-0.03,-0.186468,-0.37316735822959896,4084.3145699999995,0.9499093235696298,0.9643345764555014
2022-01-31,17929,UGI,U G I CORP NEW,55,0.03,-0.012242000000000001,0.4257656589606797,9605.84112,0.9641277302086967,0.8111737322458648
2022-01-31,18135,GH,GUARDANT HEALTH INC,35,-0.03,-0.304683,-0.49551472041098593,10178.73534,0.5206716638316988,1.194886164798758
2022-01-31,18184,FSR,FISKER INC,25,-0.03,-0.249249,-0.41766449318316534,2585.4771800000003,0.860666569316514,0.7292872254794314
2022-01-31,19561,BA,BOEING CO,20,-0.03,-0.005409,-0.4898834222485675,118315.56267999999,1.4841758826567526,1.6901394284936455
2022-01-31,20482,ABT,ABBOTT LABORATORIES,35,0.03,-0.091119,0.3219917012448133,248868.71238,0.669787665429018,0.8852760127868508
2022-01-31,21020,AAL,AMERICAN AIRLINES GROUP INC,20,-0.03,-0.083006,-0.49567279193835206,11633.19488,1.6193398021275462,1.7097277580226224
2022-01-31,22752,MRK,MERCK & CO INC NEW,35,0.03,0.063108,0.3784825133372851,193588.34816,0.43909873423047346,0.7420506439516875
2022-01-31,24328,EQT,E Q T CORP,10,-0.03,-0.02572,-0.6095633274056512,8243.19855,1.1427020616652652,1.0509612214304158
2022-01-31,25487,CAR,AVIS BUDGET GROUP INC,20,0.03,-0.150451,0.01282355265757754,11612.720000000001,1.9981206296528708,4.0348859178739
2022-01-31,25590,NFG,NATIONAL FUEL GAS CO N J,55,0.03,-0.050247,0.44046631100573,5830.6885999999995,0.6513723867518383,0.7521885296299794
2022-01-31,44134,KMT,KENNAMETAL INC,20,0.03,-0.037360000000000004,0.2870183758150563,3003.6919499999995,2.003558079569279,1.665767128176579
2022-01-31,44943,DIOD,DIODES INC,45,0.03,-0.15503899999999998,0.2665283540802213,4943.42658,1.029495194851851,1.7286572159050293
2022-01-31,49429,DDS,DILLARDS INC,25,0.03,0.035462999999999995,0.2900414937759336,3785.06896,0.9146521824878888,2.089313746626037
2022-01-31,57808,VSH,VISHAY INTERTECHNOLOGY INC,45,0.03,-0.053085,0.3340644141474018,2902.3895700000003,1.306370434052216,1.4979967581236697
2022-01-31,68196,SEIC,S E I INVESTMENTS CO,40,0.03,-0.038278,0.4267140881248765,8437.08206,1.0479889192735448,1.3648260316069412
2022-01-31,75825,EOG,EOG RESOURCES INC,10,0.020000000000000004,0.26416500000000004,0.27990515708358027,51973.5447,1.9840723404190983,1.6409788329735746
2022-01-31,76076,CSCO,CISCO SYSTEMS INC,45,0.0201889714027616,-0.116246,0.37377988539814266,267269.75559,0.9032486178341784,0.9184419581280182
2022-01-31,76573,MLI,MUELLER INDUSTRIES INC,20,0.03,-0.129761,0.3725548310610551,3405.30512,1.1582900368685327,1.462676178609618
2022-01-31,78664,DDD,3 D SYSTEMS CORP DEL,45,0.03,-0.169032,-0.08917210037541988,2751.28266,1.4986545412539345,3.9832883075718217
2022-01-31,81073,UHAL,AMERCO,20,0.03,-0.16153599999999999,0.3775340841730883,14239.91784,0.8569745427563921,0.9806744808348262
2022-01-31,82634,SAM,BOSTON BEER INC,30,-0.03,-0.16688199999999997,-0.43768030033590194,5154.040400000001,0.7260674983158726,0.9394063736271007
2022-01-31,82779,NVAX,NOVAVAX INC,35,-0.03,-0.34512,-0.563505236119344,10850.571869999998,1.4941917516401824,1.1494606055646075
2022-01-31,82800,SCCO,SOUTHERN COPPER CORP,15,0.020000000000000004,0.035282999999999995,0.3496937364157281,47706.82851,1.1223890609531912,1.5535441523826286
2022-01-31,84042,PAG,PENSKE AUTOMOTIVE GROUP INC,25,0.03,-0.052180000000000004,0.2966607389843904,8394.7899,1.3905385078901586,1.6635142657548334
2022-01-31,85621,MTD,METTLER TOLEDO INTERNATIONAL INC,35,0.03,-0.13233799999999998,0.2744319304485279,39012.06906,0.9797140918705478,1.0604451967826969
2022-01-31,85738,MRCY,MERCURY SYSTEMS INC,20,-0.03,0.033736999999999996,-0.4275242047026279,3060.39998,0.9795015060272925,1.4046692311436948
2022-01-31,85863,COLM,COLUMBIA SPORTSWEAR CO,25,0.03,-0.046945,0.35433708753210824,6349.58016,0.881998235814746,1.1611336316457195
2022-01-31,86047,AMKR,AMKOR TECHNOLOGY INC,45,0.03,-0.11178300000000001,0.22234736218138704,6056.56885,1.489552863498769,2.2160657751053217
2022-01-31,87337,PLUG,PLUG POWER INC,20,-0.03,-0.22533599999999998,-0.6258446947243627,16307.200649999999,1.7385613122638186,2.632004096918692
2022-01-31,88417,ACLS,AXCELIS TECHNOLOGIES INC,45,0.03,-0.160318,0.15560165975103737,2478.3744,1.4692090267173086,2.412871457391281
2022-01-31,88615,ITGR,INTEGER HOLDINGS CORP,35,0.03,-0.083932,0.23463742343410393,2826.09621,1.3525248995516406,1.3074808318971247
2022-01-31,89301,GME,GAMESTOP CORP NEW,25,-0.03,-0.265965,-0.5885200553250345,11329.72489,0.781123145517959,1.3365402627344287
2022-01-31,89866,LKQ,L K Q CORP,25,0.03,-0.08566800000000001,0.366725943489429,17229.510449999998,1.5365261460906692,1.218577947052422
2022-01-31,90126,CYTK,CYTOKINETICS INC,35,-0.03,-0.271874,-0.657320687611144,3865.1839999999997,1.114533098828078,1.379583351602576
2022-01-31,90312,WLK,WESTLAKE CHEMICAL CORP,15,0.03,0.015604999999999999,0.3722979648290851,12415.35086,1.3705960451241999,1.554506434658853
2022-01-31,90505,LVS,LAS VEGAS SANDS CORP,25,-0.03,0.163612,-0.4799841928472634,28756.5836,1.4260100589243658,1.7286557078039608
2022-01-31,90564,PBH,PRESTIGE CONSUMER HEALTHCARE INC,35,0.019811028597237677,-0.06929400000000001,0.29964433906342614,3038.8076,0.6646772071173453,0.7908614788979786
2022-01-31,91103,UAL,UNITED AIRLINES HOLDINGS INC,20,-0.03,-0.020600999999999998,-0.5018178225647105,14176.44558,1.436266671431884,1.7219140235557873
2022-01-31,91413,EVR,EVERCORE INC,40,0.03,-0.081237,0.4136336692353289,5300.73115,1.6155076648479803,1.6393410108114326
2022-01-31,91983,CLR,CONTINENTAL RESOURCES INC,10,0.03,0.160367,0.33311598498320494,16363.40556,3.0821923614258258,1.7972489330254082
2022-01-31,93263,CELH,CELSIUS HOLDINGS INC,30,-0.03,-0.359974,-0.5001580715273661,5585.96413,2.16679770119284,1.6447381257847604
2022-02-28,10777,FCNCA,FIRST CITIZENS BANCSHARES INC NC,40,-0.03,0.012607,-0.3655497762187009,11655.036800000002,1.1307940128708405,1.4376653987326011
2022-02-28,11343,SAFM,SANDERSON FARMS INC,30,0.03,-0.02943,0.48491996290472156,4107.616,0.6370994537870768,0.4263931626010265
2022-02-28,11691,MATX,MATSON INC,20,0.03,0.137964,0.4532276924317568,4104.84512,0.8805434588866803,1.146684440285838
2022-02-28,11731,AIN,ALBANY INTERNATIONAL CORP NEW,20,0.03,0.04907,0.3626265069956856,2710.5298,1.3338856064186781,1.2328606805817401
2022-02-28,11995,COKE,COCA COLA CONSOLIDATED INC,30,0.03,-0.132785,0.3653280109672997,4091.793,0.872252075750465,0.7780379426858318
2022-02-28,12591,APO,APOLLO GLOBAL MANAGEMENT INC NEW,40,-0.03,-0.062025,-0.43141405588484333,39964.47,1.5323036209355092,1.3450853581578675
2022-02-28,13244,MTDR,MATADOR RESOURCES CO,10,0.023323010035329217,0.107857,0.17827910164912703,5253.1327200000005,4.019598898373439,2.0208998752478826
2022-02-28,13688,PCG,P G & E CORP,55,-0.03,-0.111052,-0.26559412926898107,25392.869509999997,1.2997403841297452,0.5238490493518161
2022-02-28,13704,NEO,NEOGENOMICS INC,35,-0.03,-0.050161,-0.5472561590258457,2797.39432,0.864607573982937,1.5613613925527527
2022-02-28,13837,EVTC,EVERTEC INC,45,0.03,-0.074065,0.3674247006169106,3140.7708,0.9159340609611283,1.0068543483157708
2022-02-28,14136,RNG,RINGCENTRAL INC,45,-0.016981508210806,-0.258683,-0.4075843715979194,14492.123370000001,0.7829867747692989,1.3792103337123038
2022-02-28,14328,AMC,A M C ENTERTAINMENT HOLDINGS INC,50,-0.03,0.174318,-0.38935930002822466,8254.21366,1.9292865889736637,1.2264085119548573
2022-02-28,14432,ITCI,INTRA CELLULAR THERAPIES INC,35,-0.03,0.168218,-0.43270432643845014,4388.83584,1.1932195476318754,0.7369758562508512
2022-02-28,14574,MC,MOELIS & CO,40,0.03,-0.135808,0.43157533970404416,3442.63708,1.2245987648794787,1.1414292310620178
2022-02-28,14596,FIVN,FIVE 9 INC,45,-0.03,-0.124929,-0.44117172694649415,8608.9416,0.5123142301516533,1.1522316045230128
2022-02-28,14813,MARA,MARATHON DIGITAL HOLDINGS INC,45,-0.003018491789193282,0.076862,-0.5571549534292972,2418.33482,5.524807276060079,2.0391385891679463
2022-02-28,15067,FRPT,FRESHPET INC,30,-0.03,0.02362,-0.46689649610902784,4045.8747000000003,0.6816117635005974,1.4340918951559258
2022-02-28,15284,BPMC,BLUEPRINT MEDICINES CORP,35,-0.03,-0.214684,-0.4974597798475869,4559.7711,0.9326799970844961,1.1368193137326323
2022-02-28,15546,Z,ZILLOW GROUP INC,60,-0.03,0.139433,-0.6296117092052739,9232.74152,1.5390295688847864,2.047188993931904
2022-02-28,16064,NTLA,INTELLIA THERAPEUTICS INC,35,-0.03,0.04523,-0.7807144873190597,7044.14102,2.214569030644057,2.5258641900546226
2022-02-28,16140,TWLO,TWILIO INC,45,-0.03,-0.151978,-0.5206443288577074,34720.70788,1.456899052049053,1.688403925217316
2022-02-28,16382,COUP,COUPA SOFTWARE INC,45,-0.03,-0.098784,-0.5094754243780492,10078.3062,1.4689064790315363,1.497660658074873
2022-02-28,16434,GOLF,ACUSHNET HOLDINGS CORP,25,0.020000000000000004,-0.062127,0.3551268094028467,3438.521,0.7969211719930185,1.250097086582397
2022-02-28,16597,AYX,ALTERYX INC,45,-0.03,0.091614,-0.42782549090762473,3406.5083,0.7296987422138453,1.2748461096818617
2022-02-28,16649,OKTA,OKTA INC,45,-0.03,-0.07608,-0.4325430426192492,29609.093359999995,1.0985071040388,1.3539779252025677
2022-02-28,16655,CVNA,CARVANA CO,25,-0.03,-0.071545,-0.6741865247369058,13870.229220000001,2.3756905065629423,1.8570026964284831
2022-02-28,16753,ATUS,ALTICE USA INC,50,0.03,-0.198364,0.32266844078867785,3911.9152799999997,1.021996206254648,1.3326343339421804
2022-02-28,17315,CDLX,CARDLYTICS INC,50,-0.03,-0.135646,-0.5619733075279223,2250.1313999999998,2.185945793074481,2.0866278694594524
2022-02-28,17341,ZS,ZSCALER INC,45,-0.03,-0.069881,-0.37010604411112447,36268.70793,1.0556733630736832,1.11784614149321
2022-02-28,17672,EAF,GRAFTECH INTERNATIONAL LTD NEW,20,0.03,-0.037242,0.44004274021208817,2758.5665599999998,1.1216075840332451,1.6814422801659694
2022-02-28,17855,AVLR,AVALARA INC,45,-0.03,-0.052117000000000004,-0.44976009031893865,9527.73192,0.8579744045732897,1.33387298505352
2022-02-28,17907,NKLA,NIKOLA CORP,20,-0.03,-0.016217,-0.37343252288214185,3322.9023299999994,1.045489060593261,0.9617475283574793
2022-02-28,17929,UGI,U G I CORP NEW,55,0.03,-0.152398,0.45911455183258737,9488.6712,0.9306962219776677,0.7566001068894627
2022-02-28,18135,GH,GUARDANT HEALTH INC,35,-0.03,-0.047188,-0.4987500504011934,7077.89485,0.7036343718599638,1.265231484646553
2022-02-28,18190,AXNX,AXONICS INC,35,-0.020000000000000004,0.196683,-0.49139147615015516,2197.4319,0.4345530711774794,1.3168107376198546
2022-02-28,19561,BA,BOEING CO,20,-0.03,0.025441,-0.46959800008064184,117924.74008000002,1.4277072712921226,1.6374420602858792
2022-02-28,21936,PFE,PFIZER INC,35,0.03,-0.109157,0.3304503850651183,295741.96223,0.6546345356048529,0.8552362382261491
2022-02-28,22111,JNJ,JOHNSON & JOHNSON,35,0.03,-0.038638,0.3566186847304544,453570.13713,0.6538484804771212,0.4882104932747264
2022-02-28,22752,MRK,MERCK & CO INC NEW,35,0.03,-0.060166,0.3324664328051288,205813.91712,0.3867899250104674,0.6933151011385308
2022-02-28,24328,EQT,E Q T CORP,10,-0.03,0.094849,-0.5968912543849038,8031.54375,1.1147328114104766,1.0128156683361498
2022-02-28,25487,CAR,AVIS BUDGET GROUP INC,20,0.03,0.04118,0.05005846538446035,9866.08,2.0257021754363027,3.8871150787470015
2022-02-28,44943,DIOD,DIODES INC,45,0.03,-0.034515,0.25835651788234343,4177.22022,1.0917176296825373,1.7109980487774785
2022-02-28,49429,DDS,DILLARDS INC,25,0.03,-0.011892,0.2694044594976009,3919.4665600000003,0.8815055340729686,1.8856404877156554
2022-02-28,57808,VSH,VISHAY INTERTECHNOLOGY INC,45,0.03,-0.073423,0.35214305874763113,2748.4448100000004,1.2845571671934866,1.4232409837787652
2022-02-28,68196,SEIC,S E I INVESTMENTS CO,40,0.020000000000000004,-0.00054,0.3882303132938188,8108.9279400000005,1.028286758302013,1.26865297268612
2022-02-28,76076,CSCO,CISCO SYSTEMS INC,45,0.03,0.001768,0.4389540744324826,231086.17,0.9389029169102403,0.9261590258671104
2022-02-28,76573,MLI,MUELLER INDUSTRIES INC,20,0.03,0.104308,0.42242248296439655,2963.5792199999996,1.1901026637610612,1.3623655411628834
2022-02-28,80191,ALB,ALBEMARLE CORP,15,-0.009999999999999995,-0.112604,-0.42838998427482766,25821.28224,1.5210884371332436,1.8007119554009465
2022-02-28,80864,RS,RELIANCE STEEL & ALUMINUM CO,15,0.03,0.248468,0.36436030805209463,9578.6964,0.9253850392947346,1.270643510925275
2022-02-28,81073,UHAL,AMERCO,20,0.00667698996467078,-0.051494,0.3768194830853595,11940.2916,0.9187153909575755,0.9863691200022324
2022-02-28,82307,DVA,DAVITA INC,35,0.03,0.040574,0.2623886133623644,11042.903,1.1664467993597363,0.9852016837943023
2022-02-28,82634,SAM,BOSTON BEER INC,30,-0.03,-0.088829,-0.40302810370549574,4294.14932,0.8096201092303186,0.9256177270864463
2022-02-28,82779,NVAX,NOVAVAX INC,35,-0.03,-0.110273,-0.5652191443893392,7106.3017,1.6824096665969017,1.106455199999945
2022-02-28,84042,PAG,PENSKE AUTOMOTIVE GROUP INC,25,0.03,-0.028468,0.34077254949397207,7957.12085,1.3685650867195809,1.5333408732622484
2022-02-28,85427,GPI,GROUP 1 AUTOMOTIVE INC,25,0.03,0.073466,0.2906939236321116,3073.73081,1.6869976276825238,1.6069313809637833
2022-02-28,85621,MTD,METTLER TOLEDO INTERNATIONAL INC,35,0.03,-0.043445,0.2567436796903351,33851.02248,1.0268765360100198,1.0516044652864305
2022-02-28,85738,MRCY,MERCURY SYSTEMS INC,20,-0.03,0.057948,-0.420003225676384,3230.43768,0.921721574820184,1.3323103644531604
2022-02-28,86047,AMKR,AMKOR TECHNOLOGY INC,45,0.03,0.031761,0.24295391314866338,5379.8162999999995,1.5073889407869088,2.1608079659118338
2022-02-28,87337,PLUG,PLUG POWER INC,20,-0.03,0.156351,-0.6388250473771219,12633.31485,1.8472332798222761,2.2582848194080793
2022-02-28,88417,ACLS,AXCELIS TECHNOLOGIES INC,45,0.03,0.105546,0.16166686827144064,2081.1564000000003,1.5151536465996929,2.255785898334534
2022-02-28,88615,ITGR,INTEGER HOLDINGS CORP,35,0.03,0.069606,0.2716221120116124,2589.01979,1.350369160883685,1.2553931079909155
2022-02-28,89301,GME,GAMESTOP CORP NEW,25,-0.03,0.132259,-0.5539091165678803,8316.91443,0.9643353642018908,0.9706661997209665
2022-02-28,89866,LKQ,L K Q CORP,25,0.03,-0.144681,0.38028708519817755,15754.253349999999,1.52524796097199,1.1129481047517142
2022-02-28,89968,PIPR,PIPER SANDLER COMPANIES,40,0.03,-0.040295,0.3591185839280674,2757.14516,1.3563468074307161,1.568927769974608
2022-02-28,90126,CYTK,CYTOKINETICS INC,35,-0.03,0.064148,-0.6360429014959074,2814.5119999999997,1.2488816149371136,1.396045374385276
2022-02-28,90312,WLK,WESTLAKE CHEMICAL CORP,15,0.03,0.121183,0.3385548969799605,12609.640300000001,1.3055055650495992,1.4639854880064975
2022-02-28,90505,LVS,LAS VEGAS SANDS CORP,25,-0.03,-0.021489,-0.42851094713922827,33462.761999999995,1.2718766628907756,1.7001901785448135
2022-02-28,91413,EVR,EVERCORE INC,40,0.03,0.023109,0.4306479577436394,4870.35158,1.596064811652557,1.5802742086185244
2022-02-28,91977,BGS,B & G FOODS INC NEW,30,-0.03,-0.04826,-0.2764203056328374,2018.2967000000003,0.35589947999789034,0.17895047019800323
2022-02-28,91983,CLR,CONTINENTAL RESOURCES INC,10,0.03,0.071816,0.2682351518083948,18988.27714,2.870668078388703,1.6298112499429926
2022-02-28,93263,CELH,CELSIUS HOLDINGS INC,30,-0.020000000000000004,0.33854300000000004,-0.5123785331236644,3575.40657,2.3172327341629564,1.699750272357687
2022-03-31,11343,SAFM,SANDERSON FARMS INC,30,0.03,0.049775,0.5292007375340708,3986.8431600000004,0.6405446415485704,0.3814759922550791
2022-03-31,11691,MATX,MATSON INC,20,0.03,0.088863,0.4102533269199936,4655.884639999999,0.8569422086606826,1.083283086914873
2022-03-31,12360,PACB,PACIFIC BIOSCIENCES CALIF INC,35,-0.03,-0.23663700000000001,-0.6366041366041365,2636.48944,1.4422599822155246,1.9247764848645155
2022-03-31,12591,APO,APOLLO GLOBAL MANAGEMENT INC NEW,40,-0.03,-0.050166999999999996,-0.3619127785794452,37258.30446000001,1.5364607860045172,1.3398965996984609
2022-03-31,13201,REGI,RENEWABLE ENERGY GROUP INC,10,-0.028536056525839577,-0.013881,-0.3936187269520603,3094.6185,0.764287900436895,1.6089688697915956
2022-03-31,13244,MTDR,MATADOR RESOURCES CO,10,0.018536056525839582,0.069127,0.17346079846079845,5845.36,4.003473499434405,1.8666017086181301
2022-03-31,13688,PCG,P G & E CORP,55,-0.03,0.050072000000000005,-0.27697611030944363,23037.30276,1.3049225809737037,0.5148471067322108
2022-03-31,13704,NEO,NEOGENOMICS INC,35,-0.03,-0.432568,-0.5888648388648389,2655.39666,0.883899906534946,1.5986233843827709
2022-03-31,13837,EVTC,EVERTEC INC,45,0.03,0.014063,0.4701779701779701,2904.7092,0.9399683245819207,0.9541278463671397
2022-03-31,14054,MRTX,MIRATI THERAPEUTICS INC,35,-0.03,-0.06881100000000001,-0.46314333814333813,4899.03552,1.5889966102189517,0.7737273256535666
2022-03-31,14136,RNG,RINGCENTRAL INC,45,-0.03,-0.104233,-0.45412457912457904,10743.664920000001,0.838945655822554,1.427436080426074
2022-03-31,14328,AMC,A M C ENTERTAINMENT HOLDINGS INC,50,-0.03,0.306409,-0.4305154721821388,9693.30446,1.9277890123403874,1.1884361836548898
2022-03-31,15546,Z,ZILLOW GROUP INC,60,-0.03,-0.14314100000000002,-0.7530463363796696,10522.30616,1.4933841734687312,1.8837185402546848
2022-03-31,15826,SQ,BLOCK INC,45,-0.0173008588859554,0.063469,-0.672699214365881,65869.6875,2.3682477184322415,2.6913202391174895
2022-03-31,16019,RRR,RED ROCK RESORTS INC,25,0.03,-0.028559,0.2914662497995832,3080.6556,2.3640097628403565,1.5923915941961844
2022-03-31,16140,TWLO,TWILIO INC,45,-0.03,-0.057211,-0.549062049062049,30013.684400000002,1.4909478969130168,1.6945999694815734
2022-03-31,16381,BL,BLACKLINE INC,45,-0.03,-0.027812,-0.38265592432259105,4461.13847,0.9799051918107198,1.0588047171639243
2022-03-31,16382,COUP,COUPA SOFTWARE INC,45,-0.03,-0.160212,-0.4774330607663941,9083.010600000001,1.499320929807696,1.5033665380638612
2022-03-31,16434,GOLF,ACUSHNET HOLDINGS CORP,25,0.03,-0.076987,0.4203142536475869,3224.9939999999997,0.8273805468736434,1.195690687175539
2022-03-31,16597,AYX,ALTERYX INC,45,-0.03,0.148094,-0.4609187109187109,3730.0878999999995,0.7072812899049733,1.2354350298241008
2022-03-31,16649,OKTA,OKTA INC,45,-0.03,-0.17442,-0.4459074875741543,27374.8048,1.119933537636238,1.3874303029524648
2022-03-31,16655,CVNA,CARVANA CO,25,-0.03,-0.20727700000000002,-0.6831208914542248,13557.49747,2.390550564145532,1.9828318284915893
2022-03-31,16829,RDFN,REDFIN CORP,60,-0.020000000000000004,-0.16603300000000001,-0.5866201699535033,2301.36711,1.9617336277205903,2.2643498193247646
2022-03-31,16966,SWCH,SWITCH INC,45,-0.014163084588204321,0.18671,-0.35561968895302215,3748.88354,0.6667756037279513,1.0590604280978386
2022-03-31,17104,APLS,APELLIS PHARMACEUTICALS INC,35,-0.03,0.194626,-0.6046977713644381,4156.49943,1.515633022788177,1.5124821223305767
2022-03-31,17341,ZS,ZSCALER INC,45,-0.03,0.008847,-0.39279701779701787,33740.477750000005,1.0794970288696921,1.1945735614441622
2022-03-31,17672,EAF,GRAFTECH INTERNATIONAL LTD NEW,20,0.03,-0.045695,0.29844075677409015,2653.6204799999996,1.1222732550974146,1.6168756137881652
2022-03-31,17855,AVLR,AVALARA INC,45,-0.03,-0.042404,-0.4929052429052429,9031.44156,0.8717104618715,1.3500134547186378
2022-03-31,17907,NKLA,NIKOLA CORP,20,-0.03,0.355636,-0.35666185666185674,3269.1068999999998,1.0504670103445435,1.010584657776607
2022-03-31,18184,FSR,FISKER INC,25,-0.03,0.057317,-0.4347843514510181,2005.2652,0.9827695240552743,0.8162405643729342
2022-03-31,20204,CR,CRANE CO,20,0.03,0.071171,0.35780423280423274,5936.12516,1.5752715282218068,1.310350678556577
2022-03-31,21936,PFE,PFIZER INC,35,0.03,0.102837,0.3551186467853135,263959.86123999994,0.6707585409782648,0.8278475119586807
2022-03-31,22111,JNJ,JOHNSON & JOHNSON,35,0.03,0.07686799999999999,0.34650072150072153,432698.63476,0.64944179840938,0.49154989716999886
2022-03-31,22752,MRK,MERCK & CO INC NEW,35,0.009999999999999995,0.080873,0.3177609427609428,193573.86972,0.3933430839959164,0.6744883347682931
2022-03-31,25487,CAR,AVIS BUDGET GROUP INC,20,0.03,0.435287,-0.02254689754689749,9863.01848,2.0366225189581506,3.7830859148555125
2022-03-31,29612,AIT,APPLIED INDUSTRIAL TECHS INC,20,0.03,0.01537,0.3290644540644541,3888.0027,1.362352021951677,1.3118502388262034
2022-03-31,44943,DIOD,DIODES INC,45,0.03,-0.029081000000000003,0.25659371492704824,4033.5209800000002,1.1137912518608224,1.6439512385834514
2022-03-31,49429,DDS,DILLARDS INC,25,0.03,0.071228,0.3560405643738977,3872.96808,0.902829400486004,1.8280339191421937
2022-03-31,50948,SMTC,SEMTECH CORP,45,0.03,-0.0006370000000000001,0.27615440115440115,4447.18862,1.5493433302317692,1.5871513676996185
2022-03-31,57808,VSH,VISHAY INTERTECHNOLOGY INC,45,0.03,0.026522,0.340688632355299,2548.52795,1.308811575730987,1.3021902238452885
2022-03-31,62341,PDCE,P D C ENERGY INC,10,0.03,0.130433,0.34143017476350807,6215.2116,2.877171458307177,1.632037835685299
2022-03-31,68196,SEIC,S E I INVESTMENTS CO,40,0.020000000000000004,0.027764999999999998,0.4286716370049703,8104.77732,1.0184973111166378,1.1986795544040754
2022-03-31,76573,MLI,MUELLER INDUSTRIES INC,20,0.03,-0.046502999999999996,0.34349446849446846,3269.0791,1.1547165398407797,1.2714299027358165
2022-03-31,77300,SMG,SCOTTS MIRACLE GRO CO,15,-0.009999999999999995,-0.12215100000000001,-0.37000962000962,7785.09504,1.1474328440457857,1.3071141579288095
2022-03-31,77462,M,MACYS INC,25,0.03,-0.054022999999999995,0.20240099406766068,7579.008,1.973418214847795,2.0577838596684974
2022-03-31,77606,KSS,KOHLS CORP,25,0.03,0.09705799999999999,0.19506573673240343,7739.967959999999,1.9010970226390937,2.0236988596671073
2022-03-31,77699,FCEL,FUELCELL ENERGY INC,20,-0.03,-0.04006,-0.6363435946769281,2200.1220000000003,4.062183175279183,1.6129251114400622
2022-03-31,78170,SM,S M ENERGY CO,10,0.03,0.096814,0.1321749238415905,4327.319619999999,5.534163302136451,1.9259980192739807
2022-03-31,82634,SAM,BOSTON BEER INC,30,-0.03,0.013005000000000001,-0.3359988776655443,3921.2619600000003,0.8337420697929117,0.8522396165733988
2022-03-31,82779,NVAX,NOVAVAX INC,35,-0.03,-0.116649,-0.5787838704505371,6359.713710000001,1.7146412421469324,1.09167190411282
2022-03-31,82800,SCCO,SOUTHERN COPPER CORP,15,0.03,0.093758,0.32942520442520445,53645.409,1.035341841923156,1.3583243265431308
2022-03-31,85593,AMG,AFFILIATED MANAGERS GROUP INC,40,0.03,0.018659,0.4045414462081129,5503.822440000001,1.32280100787867,1.5079972217257278
2022-03-31,85738,MRCY,MERCURY SYSTEMS INC,20,-0.03,0.070182,-0.46482683982683987,3417.72588,0.888680629587454,1.2955122684157605
2022-03-31,86047,AMKR,AMKOR TECHNOLOGY INC,45,0.03,-0.041965999999999996,0.28445165945165946,5545.399380000001,1.4932742459697184,1.9352855604989343
2022-03-31,86158,CTSH,COGNIZANT TECHNOLOGY SOLS CORP,45,0.03,0.041041,0.35391614558281226,45178.19955,1.0442550557785237,0.9805854340280509
2022-03-31,86211,MSTR,MICROSTRATEGY INC,45,-0.03,0.097728,-0.6166827000160334,4129.2029999999995,1.776373912023877,2.146786319501453
2022-03-31,86594,KFY,KORN FERRY,20,0.009999999999999967,-0.018151,0.29984367484367486,3605.47164,1.522524425982217,1.3143589622680403
2022-03-31,87179,NTCT,NETSCOUT SYSTEMS INC,45,0.01146394347415972,0.030456999999999998,0.3382034632034632,2298.3278999999998,0.6504734650265809,1.108863610276843
2022-03-31,87337,PLUG,PLUG POWER INC,20,-0.03,0.131217,-0.6276254609587942,14614.129979999998,1.8282918839559255,2.177789793280194
2022-03-31,88159,EXEL,EXELIXIS INC,35,0.03,0.10417799999999999,0.25891855058521723,6568.18343,0.7557004091049888,1.0103553079515386
2022-03-31,88417,ACLS,AXCELIS TECHNOLOGIES INC,45,0.03,0.091099,0.23422719256052585,2301.63422,1.489753965300323,2.2128211444307
2022-03-31,89031,AXON,AXON ENTERPRISE INC,20,-0.03,-0.018028000000000002,-0.3718734968734968,9948.213,0.5882529557987033,1.2195090084232267
2022-03-31,89301,GME,GAMESTOP CORP NEW,25,-0.03,0.350516,-0.5205828122494789,9417.13234,0.9690902334344484,0.6765783973265285
2022-03-31,89455,RUSHA,RUSH ENTERPRISES INC,20,0.03,-0.019891000000000002,0.4125982042648709,2235.96506,1.2089517007873853,0.9907935771684746
2022-03-31,89968,PIPR,PIPER SANDLER COMPANIES,40,0.03,-0.080739,0.5693241943241943,2646.1227799999997,1.366815634541902,1.4830010500205795
2022-03-31,90312,WLK,WESTLAKE CORP,15,0.03,0.11860599999999999,0.3501082251082251,14110.965510000002,1.2671541100442918,1.3849246701787121
2022-03-31,90978,SPWR,SUNPOWER CORP,45,-0.03,0.197932,-0.5678411095077762,3103.96988,2.0482415076539167,2.0134784215722554
2022-03-31,91402,GTLS,CHART INDUSTRIES INC,20,-0.03,0.18948299999999998,-0.5195206028539362,5284.7512,1.6480563727725943,1.9725467133554566
2022-03-31,91463,CVLT,COMMVAULT SYSTEMS INC,45,0.03,0.054621,0.3341149591149591,2803.2696,0.6393987358856025,1.2898904769330901
2022-03-31,92221,MELI,MERCADOLIBRE INC,25,-0.009999999999999995,0.055707,-0.4678130511463845,56804.56635,1.5237404539513206,1.820964451367127
2022-03-31,92611,V,VISA INC,45,0.03,0.026083,0.310345518678852,358418.59488,0.8658850679577047,1.2737380444982591
2022-03-31,93263,CELH,CELSIUS HOLDINGS INC,30,-0.03,-0.136388,-0.49995991662658323,4785.93601,2.222067748470357,1.6960032757931547
2022-04-30,10777,FCNCA,FIRST CITIZENS BANCSHARES INC NC,40,-0.027736377529076164,-0.03943,-0.3071368898436568,9981.3376,1.1032622592282098,1.3110905134731992
2022-04-30,11343,SAFM,SANDERSON FARMS INC,30,0.03,0.009989999999999999,0.5371166010263754,4185.526760000001,0.6502610325509859,0.34487562369857405
2022-04-30,11691,MATX,MATSON INC,20,0.03,-0.28688800000000003,0.4797310737160362,4927.44762,0.8568289535018587,1.0099540885506246
2022-04-30,12360,PACB,PACIFIC BIOSCIENCES CALIF INC,35,-0.03,-0.303334,-0.644468313641246,2041.3939,1.4018651689579202,1.8249555741023291
2022-04-30,12591,APO,APOLLO GLOBAL MANAGEMENT INC NEW,40,-0.03,-0.197327,-0.387019135139436,35391.392790000005,1.5274295922219552,1.3957838110852159
2022-04-30,13244,MTDR,MATADOR RESOURCES CO,10,0.020000000000000004,-0.078557,0.19805466046067546,6253.971119999999,3.995385242437194,1.644292450324762
2022-04-30,13688,PCG,P G & E CORP,55,-0.03,0.059427,-0.32277121374865736,29433.688019999998,1.3116310637809334,0.4972221851054352
2022-04-30,13766,BCC,BOISE CASCADE CO,20,0.03,0.08791500000000001,0.20358435771969605,2732.32457,1.6207126449263844,1.7856593841842787
2022-04-30,13837,EVTC,EVERTEC INC,45,0.03,-0.036196,0.41560249830926527,2945.7320999999997,0.9320350850937152,0.9128007205793518
2022-04-30,14054,MRTX,MIRATI THERAPEUTICS INC,35,-0.03,-0.24851700000000002,-0.43843736324939336,4564.11442,1.5575602213548176,0.7593790242011185
2022-04-30,14136,RNG,RINGCENTRAL INC,45,-0.03,-0.276123,-0.4594422564347376,9900.377069999999,0.8216796031073204,1.4415109760441833
2022-04-30,14159,MNDT,MANDIANT INC,45,-0.03,-0.014829,-0.43433981779846437,5219.60298,0.9574145033395406,1.4568301262583605
2022-04-30,14813,MARA,MARATHON DIGITAL HOLDINGS INC,45,-0.002263622470923117,-0.441897,-0.5639893384254286,2964.1534,5.528459582618149,1.6614195647372316
2022-04-30,15067,FRPT,FRESHPET INC,30,-0.03,-0.09054799999999999,-0.4341806898197875,4461.86344,0.7135185443696319,1.511345227527355
2022-04-30,15546,Z,ZILLOW GROUP INC,60,-0.03,-0.192165,-0.6839320523531051,8868.84828,1.4670613885786026,1.781289715832805
2022-04-30,15623,HLI,HOULIHAN LOKEY INC,40,0.03,-0.051404000000000005,0.46777658431793767,4446.4554,0.6266272820291552,0.9351256241889101
2022-04-30,15638,GBT,GLOBAL BLOOD THERAPEUTICS INC,35,-0.03,-0.11377799999999999,-0.6043680630146796,2253.5052,1.0446143136798385,1.3690145002351757
2022-04-30,16019,RRR,RED ROCK RESORTS INC,25,0.03,-0.094765,0.31358157298006917,2985.08032,2.3514326890208967,1.5567166676233293
2022-04-30,16119,ATKR,ATKORE INC,20,0.03,-0.023808,0.24575327206906156,4415.62464,2.323649023312103,1.6265902366811955
2022-04-30,16140,TWLO,TWILIO INC,45,-0.03,-0.321559,-0.5574253093050084,28298.37143,1.465384400973269,1.665443351708563
2022-04-30,16381,BL,BLACKLINE INC,45,-0.03,-0.08430399999999999,-0.35322433066793973,4341.43346,0.973489927843489,1.0122897985013677
2022-04-30,16382,COUP,COUPA SOFTWARE INC,45,-0.03,-0.150878,-0.5564705414329474,7674.99597,1.4656964515055877,1.6025574874931634
2022-04-30,16597,AYX,ALTERYX INC,45,-0.03,-0.10251099999999999,-0.4571746827385925,4282.71569,0.7191548463977314,1.2279980154435108
2022-04-30,16649,OKTA,OKTA INC,45,-0.03,-0.20969500000000002,-0.4898357003620161,22601.731200000002,1.0887973092398495,1.4106529183486654
2022-04-30,16655,CVNA,CARVANA CO,25,-0.03,-0.514162,-0.691411067350917,10751.488410000002,2.348839706737105,2.08801506585461
2022-04-30,17104,APLS,APELLIS PHARMACEUTICALS INC,35,-0.03,-0.143316,-0.6215936667064488,5408.2164,1.5325928693013857,1.562910804046577
2022-04-30,17672,EAF,GRAFTECH INTERNATIONAL LTD NEW,20,0.03,-0.056170000000000005,0.3731948919918845,2532.5227199999995,1.109712754894224,1.5472007170956144
2022-04-30,17855,AVLR,AVALARA INC,45,-0.03,-0.23559100000000002,-0.5190754664438875,8705.83137,0.8601688169094073,1.3785819919051332
2022-04-30,17907,NKLA,NIKOLA CORP,20,-0.03,-0.329636,-0.38331940963519917,4480.46424,1.0965423206243394,1.072514065875448
2022-04-30,18134,UPWK,UPWORK INC,20,-0.01693425437550157,-0.097713,-0.44669212714325496,3013.0892400000002,2.0250574893501687,1.5895723443818988
2022-04-30,18184,FSR,FISKER INC,25,-0.03,-0.220192,-0.4225046743843736,2121.2502,0.9839886919253358,0.8535958514897153
2022-04-30,18453,LAZR,LUMINAR TECHNOLOGIES INC,25,-0.03,-0.20861000000000002,-0.5077375979631619,3981.19545,1.4332222388901839,0.9869548860535902
2022-04-30,20204,CR,CRANE CO,20,0.03,-0.11132299999999999,0.3119902931933008,6158.9664,1.5826063952582599,1.2916234125012633
2022-04-30,22111,JNJ,JOHNSON & JOHNSON,35,0.009999999999999995,0.018188000000000003,0.35686438318017266,466046.66644999996,0.6584116901690522,0.4688862415309104
2022-04-30,22752,MRK,MERCK & CO INC NEW,35,0.03,0.080889,0.3487289652703186,207400.5747,0.3996596791922424,0.6291616760316529
2022-04-30,25487,CAR,AVIS BUDGET GROUP INC,20,0.03,0.016560000000000002,-0.03868798981580938,13165.0,2.0689999975499247,3.7078035212234863
2022-04-30,44943,DIOD,DIODES INC,45,0.03,-0.16051500000000002,0.2915821299279946,3934.73168,1.103160409295153,1.5309621021964732
2022-04-30,49429,DDS,DILLARDS INC,25,0.03,0.131935,0.34512869475275504,4146.08872,0.8993329421776556,1.731744234686972
2022-04-30,50948,SMTC,SEMTECH CORP,45,0.03,-0.14050400000000002,0.28497831881290525,4445.11004,1.543749378480676,1.4742974184969808
2022-04-30,57808,VSH,VISHAY INTERTECHNOLOGY INC,45,0.03,-0.049527,0.298583760989776,2602.9780000000005,1.31171895427427,1.2517115543911863
2022-04-30,61188,SWX,SOUTHWEST GAS HOLDINGS INC,55,-0.020000000000000004,0.12539399999999998,-0.2801448064605959,5169.01896,0.16375893641587802,0.7408271572168404
2022-04-30,62341,PDCE,P D C ENERGY INC,10,0.03,-0.040488,0.35012133508374105,6951.4786,2.878607743791369,1.4422781275578092
2022-04-30,68196,SEIC,S E I INVESTMENTS CO,40,0.01773637752907617,-0.074609,0.4017583641643792,8261.95599,1.0196266633710036,1.1594023302006091
2022-04-30,76573,MLI,MUELLER INDUSTRIES INC,20,0.03,-0.000406,0.32352707164737243,3104.04934,1.1453565826122054,1.241488965219571
2022-04-30,77300,SMG,SCOTTS MIRACLE GRO CO,15,-0.009999999999999995,-0.154803,-0.38489079842463303,6834.60864,1.1291800654733082,1.3181001598083064
2022-04-30,77462,M,MACYS INC,25,0.03,-0.007837,0.18894458368142578,7123.156319999999,1.9524802451382064,1.987964018314425
2022-04-30,77699,FCEL,FUELCELL ENERGY INC,20,-0.03,-0.291704,-0.5137048971635438,2112.12288,4.022299963465857,1.4415386228399212
2022-04-30,80575,SSD,SIMPSON MANUFACTURING CO INC,20,0.03,-0.04702,0.4641962047977085,4727.4292,1.1946206333458749,1.0421787814279826
2022-04-30,80864,RS,RELIANCE STEEL & ALUMINUM CO,15,0.03,0.08122800000000001,0.4022954210924135,11313.61175,0.8365270295184031,1.0929416186039884
2022-04-30,81282,ACIW,A C I WORLDWIDE INC,45,0.012263622470923111,-0.122933,0.2984644150057684,3624.6249599999996,1.0497123947137812,1.2063334174602163
2022-04-30,82634,SAM,BOSTON BEER INC,30,-0.03,-0.034712,-0.34196602617655253,3972.4942200000005,0.8223714425316223,0.8391989445557327
2022-04-30,82779,NVAX,NOVAVAX INC,35,-0.03,-0.388089,-0.5656601822015356,5753.75895,1.66661187347417,1.044642766869974
2022-04-30,84042,PAG,PENSKE AUTOMOTIVE GROUP INC,25,0.009999999999999995,0.118401,0.25540040577634565,7196.7588000000005,1.370802204642467,1.4327715885810042
2022-04-30,85738,MRCY,MERCURY SYSTEMS INC,20,-0.03,-0.134405,-0.44030711699884634,3657.7953,0.8971695305500358,1.2070653698132885
2022-04-30,85863,COLM,COLUMBIA SPORTSWEAR CO,25,0.03,-0.09249299999999999,0.36505947408203043,5698.6824400000005,0.8781110053565427,0.9650036872715044
2022-04-30,86047,AMKR,AMKOR TECHNOLOGY INC,45,0.03,-0.13401500000000002,0.3651788200660381,5311.23504,1.4947586592551418,1.8041022363633676
2022-04-30,86158,CTSH,COGNIZANT TECHNOLOGY SOLS CORP,45,0.03,-0.09784,0.3804551060190158,46718.07,1.046352550043354,0.9238000679199748
2022-04-30,86211,MSTR,MICROSTRATEGY INC,45,-0.03,-0.271772,-0.6116083860444762,4539.31088,1.778690129270175,2.092198386154257
2022-04-30,87337,PLUG,PLUG POWER INC,20,-0.02306574562449845,-0.265329,-0.5241675617615467,16538.41104,1.846998967395324,1.9787927907516323
2022-04-30,88159,EXEL,EXELIXIS INC,35,0.03,-0.014594000000000001,0.3521701078092056,7260.47556,0.7672727152107931,0.938797813442297
2022-04-30,88417,ACLS,AXCELIS TECHNOLOGIES INC,45,0.03,-0.279131,0.19288300115367787,2497.32392,1.5096398202824728,2.2164237915587437
2022-04-30,89031,AXON,AXON ENTERPRISE INC,20,-0.03,-0.1854,-0.3455861876914509,9778.416809999999,0.5683069008761137,1.167238228572749
2022-04-30,89301,GME,GAMESTOP CORP NEW,25,-0.03,-0.249227,-0.616063969447428,12716.55062,0.9868299982063825,0.6190918025622638
2022-04-30,89455,RUSHA,RUSH ENTERPRISES INC,20,0.03,-0.000626,0.42111230457095117,2193.91554,1.1974771091979195,0.9100716953258967
2022-04-30,89968,PIPR,PIPER SANDLER COMPANIES,40,0.03,-0.123999,0.5055296972590205,2350.425,1.3423673880953524,1.4308568480422585
2022-04-30,90312,WLK,WESTLAKE CORP,15,0.03,0.025490000000000002,0.34313959501929425,15785.451400000002,1.280950905446993,1.278744937607866
2022-04-30,90564,PBH,PRESTIGE CONSUMER HEALTHCARE INC,35,0.03,0.032452999999999996,0.31320364403071166,2657.5350599999997,0.6301339484587908,0.6885287052157509
2022-04-30,90978,SPWR,SUNPOWER CORP,45,-0.03,-0.231415,-0.5669332060309504,3734.2120800000002,2.038602773633126,1.801110092419769
2022-04-30,91402,GTLS,CHART INDUSTRIES INC,20,-0.03,-0.017210999999999997,-0.5416318574213311,6286.43846,1.661900704632616,1.8709461621685621
2022-04-30,91413,EVR,EVERCORE INC,40,0.03,-0.050073,0.35177228786251336,4275.13328,1.5586006906017216,1.4691973985209341
2022-04-30,91463,CVLT,COMMVAULT SYSTEMS INC,45,0.03,-0.08066999999999999,0.3100807574491785,2953.30485,0.646880147788102,1.2006395889618773
2022-04-30,91733,AVAV,AEROVIRONMENT INC,20,-0.03,-0.14684,-0.41456816644786576,2345.40396,0.413206882296571,1.2065767073341656
2022-05-31,11343,SAFM,SANDERSON FARMS INC,30,0.03,0.055626999999999996,0.5194711736162513,4226.7384,0.6046726536723348,0.30167908384983905
2022-05-31,11691,MATX,MATSON INC,20,0.03,0.048207,0.40262357101735347,3514.0030199999997,1.0167344771651468,1.0355921415678888
2022-05-31,13837,EVTC,EVERTEC INC,45,0.03,-0.037363,0.3788140472078296,2828.4866,0.9014880192110717,0.8383507856298237
2022-05-31,14054,MRTX,MIRATI THERAPEUTICS INC,35,-0.03,-0.366547,-0.40424788222715685,3431.01333,1.66724089374594,0.7182736110848036
2022-05-31,14136,RNG,RINGCENTRAL INC,45,-0.03,-0.25617,-0.4389135619705568,7167.024949999999,0.9787339990772613,1.4005144639440195
2022-05-31,14521,TNET,TRINET GROUP INC,20,0.03,-0.11485000000000001,0.4398182416317131,5522.3733,1.2803925341336724,0.9121171840260243
2022-05-31,14596,FIVN,FIVE 9 INC,45,-0.03,-0.121924,-0.48427091043671355,7658.2257,0.5374445301098701,1.1152720121523951
2022-05-31,14617,ARES,ARES MANAGEMENT CORP,40,-0.03,0.074444,-0.3588494119582202,11334.14898,1.016474101313662,1.4346356505234201
2022-05-31,14751,VRTV,VERITIV CORP,20,0.03,0.033918,0.25666173205033305,2112.45674,2.029975431814961,1.4256283158229892
2022-05-31,15546,Z,ZILLOW GROUP INC,60,-0.03,0.001702,-0.68811168681635,7166.52486,1.508079197738347,1.6938853343846023
2022-05-31,15623,HLI,HOULIHAN LOKEY INC,40,0.03,0.031509999999999996,0.45400526359075577,4218.05547,0.6294600171436453,0.8837835931485024
2022-05-31,15826,SQ,BLOCK INC,45,-0.0006413067311164534,-0.121163,-0.6625339254872934,51597.653940000004,2.408702425144752,2.636498304198374
2022-05-31,16019,RRR,RED ROCK RESORTS INC,25,0.03,-0.119279,0.29864709268854345,2703.54,2.2628847915757566,1.470744196540717
2022-05-31,16119,ATKR,ATKORE INC,20,0.03,0.133096,0.23359240069084633,4310.661599999999,2.190768994351581,1.529207292666883
2022-05-31,16140,TWLO,TWILIO INC,45,-0.03,-0.059778000000000005,-0.5489555062093922,19206.53866,1.6142761626837638,1.6387633846549028
2022-05-31,16382,COUP,COUPA SOFTWARE INC,45,-0.03,-0.203204,-0.5245291553581709,6519.2746,1.4858080438426338,1.5533313251548844
2022-05-31,16434,GOLF,ACUSHNET HOLDINGS CORP,25,0.03,-0.001289,0.3191668722756806,2947.98714,0.7546165988078509,1.1272355877821085
2022-05-31,16597,AYX,ALTERYX INC,45,-0.03,-0.133485,-0.44802204128629003,3876.9738,0.7638309267563803,1.1764956413641046
2022-05-31,16649,OKTA,OKTA INC,45,-0.03,-0.304221,-0.4741138251500946,17986.10181,1.184435106789389,1.3677281900350418
2022-05-31,16655,CVNA,CARVANA CO,25,-0.03,-0.49237,-0.8285426433094827,6127.93692,2.583930249179729,2.0983030080574183
2022-05-31,16932,ROKU,ROKU INC,50,-0.03,0.021221999999999998,-0.49689530389012254,11133.879200000001,2.0104829781052445,1.468327798644689
2022-05-31,16966,SWCH,SWITCH INC,45,-0.02935869326888283,0.131746,-0.32395756229953115,4432.68714,0.6679006410498954,0.8640285491780677
2022-05-31,17104,APLS,APELLIS PHARMACEUTICALS INC,35,-0.03,-0.04809,-0.6072662225511966,4636.902660000001,1.5501242794376804,1.4722035915478096
2022-05-31,17672,EAF,GRAFTECH INTERNATIONAL LTD NEW,20,0.03,-0.043286000000000005,0.3940291142363681,2372.2498800000003,1.0628732516693657,1.4341396164096851
2022-05-31,17855,AVLR,AVALARA INC,45,-0.03,0.112747,-0.4766839378238342,6655.136089999999,0.9864255555629765,1.3125041313168382
2022-05-31,17907,NKLA,NIKOLA CORP,20,-0.009999999999999995,-0.01702,-0.3355744715848343,3022.0907199999997,1.292311548075486,0.9904572505292136
2022-05-31,17987,VRT,VERTIV HOLDINGS CO,20,-0.03,-0.123212,-0.4454313677111604,4711.17976,1.0901694511149451,1.5041338797074462
2022-05-31,18134,UPWK,UPWORK INC,20,-0.03,-0.130016,-0.4889999177563945,2718.78147,1.9532617616768397,1.485599796334144
2022-05-31,18453,LAZR,LUMINAR TECHNOLOGIES INC,25,-0.03,-0.164414,-0.4879513117855087,3123.75899,1.5088567616541775,0.8569140158117571
2022-05-31,18572,BYND,BEYOND MEAT INC,30,-0.03,-0.283116,-0.7600542807796694,2342.802,1.200877804280529,1.444554633521497
2022-05-31,19561,BA,BOEING CO,20,-0.03,-0.11748,-0.441586479151246,87872.9034,1.4454104304404842,1.3873377846393984
2022-05-31,20482,ABT,ABBOTT LABORATORIES,35,0.009999999999999995,0.034582999999999996,0.26011596348383914,200155.207,0.6865031383000948,0.7869936134657549
2022-05-31,24205,NEE,NEXTERA ENERGY INC,55,-0.03,0.071299,-0.30767332839871697,139518.78999999998,0.45349823976818693,0.7313100893048385
2022-05-31,24328,EQT,E Q T CORP,10,-0.03,0.204296,-0.5534994654165638,14965.875,0.9655694478072684,0.8659339030884938
2022-05-31,25487,CAR,AVIS BUDGET GROUP INC,20,0.03,-0.289432,-0.030738547577925823,12924.98129,1.9428664244055542,3.4702933440214103
2022-05-31,44943,DIOD,DIODES INC,45,0.03,0.054190999999999996,0.23947281848836252,3304.38841,1.153079379642149,1.4711870125596682
2022-05-31,49429,DDS,DILLARDS INC,25,0.03,-0.007976,0.3360679332181923,4324.73535,0.7669242455702154,1.6261076774026986
2022-05-31,50017,RRC,RANGE RESOURCES CORP,10,-0.03,0.133628,-0.3431614441977136,7867.483499999999,2.0450210652194185,0.9327575648615568
2022-05-31,50948,SMTC,SEMTECH CORP,45,0.03,0.075029,0.2695328563204211,3782.6332,1.5408363302254318,1.3952327734690997
2022-05-31,57808,VSH,VISHAY INTERTECHNOLOGY INC,45,0.03,0.096848,0.31764536557282674,2468.23281,1.2543558463628375,1.1629583364341067
2022-05-31,62341,PDCE,P D C ENERGY INC,10,0.03,0.134479,0.38070565013570196,6655.21846,2.7100809344496164,1.3318566230628723
2022-05-31,68196,SEIC,S E I INVESTMENTS CO,40,0.03,0.048329,0.4308331277243194,7648.461519999999,0.9999756200765149,0.9847981255331544
2022-05-31,77300,SMG,SCOTTS MIRACLE GRO CO,15,-0.009999999999999995,-0.083444,-0.3934328480960606,5776.845120000001,1.1623591211266373,1.299990593234632
2022-05-31,77357,SNPS,SYNOPSYS INC,45,0.01722317690702719,0.112703,0.22894563697672507,43865.96445000001,1.1563594434135682,1.494074523334795
2022-05-31,77462,M,MACYS INC,25,0.03,-0.021821,0.22664281602105435,6885.09037,1.8221130133267887,1.8574591490258483
2022-05-31,82634,SAM,BOSTON BEER INC,30,-0.03,-0.052840000000000005,-0.34953532362858786,3830.9999999999995,0.8025691170114473,0.7700187158161876
2022-05-31,82779,NVAX,NOVAVAX INC,35,-0.03,0.22733899999999999,-0.5417180689201414,3521.5444500000003,1.8774409016945073,0.9944911619439049
2022-05-31,82800,SCCO,SOUTHERN COPPER CORP,15,0.03,0.01482,0.34009786989061597,48140.314300000005,1.103830123324101,1.1532200587350605
2022-05-31,84042,PAG,PENSKE AUTOMOTIVE GROUP INC,25,0.03,0.103232,0.3161444197713627,8049.1278,1.1963626316148768,1.3481336220717088
2022-05-31,84788,AMZN,AMAZON COM INC,25,-0.009999999999999995,-0.033071,-0.3773953450119253,1264489.6936,1.1855835629927869,1.2411854862749978
2022-05-31,85593,AMG,AFFILIATED MANAGERS GROUP INC,40,0.03,0.063891,0.3444567809852783,4894.2163199999995,1.3008761926944608,1.488339455288193
2022-05-31,85738,MRCY,MERCURY SYSTEMS INC,20,-0.03,0.071749,-0.3713915618060696,3217.57667,0.9353606037189276,1.1442986064513545
2022-05-31,86047,AMKR,AMKOR TECHNOLOGY INC,45,0.03,0.086349,0.3810551854593305,4604.29299,1.4917863393460944,1.612640640393763
2022-05-31,86158,CTSH,COGNIZANT TECHNOLOGY SOLS CORP,45,0.03,-0.0734,0.3777654412369437,42162.9766,1.0445254090463172,0.8997840015952341
2022-05-31,86211,MSTR,MICROSTRATEGY INC,45,-0.03,-0.252954,-0.5525125421498478,3305.82278,1.8604415963915262,1.9089437004095395
2022-05-31,86594,KFY,KORN FERRY,20,0.03,1.9000000000000028e-05,0.3478287688132247,3311.80032,1.4532122852421243,1.202607554583412
2022-05-31,86799,CNX,C N X RESOURCES CORP,10,-0.03,0.056627,-0.2692655646023522,4078.1064,1.2487737811568738,0.5089113052210487
2022-05-31,86868,GS,GOLDMAN SACHS GROUP INC,40,-0.009999999999999995,0.07615999999999999,-0.2847479233489596,104433.89493000001,1.3740308995619905,1.149318306771861
2022-05-31,88159,EXEL,EXELIXIS INC,35,0.03,-0.179806,0.3558063985525126,7154.787119999999,0.7260494850920828,0.866248543593989
2022-05-31,89301,GME,GAMESTOP CORP NEW,25,-0.03,-0.002946,-0.5904268443128547,9548.71929,1.1684328300740547,0.592829299508642
2022-05-31,89455,RUSHA,RUSH ENTERPRISES INC,20,0.03,0.005461,0.38039723661485325,2178.22368,1.1212901990383204,0.8746274386352959
2022-05-31,89901,WLL,WHITING PETROLEUM CORP NEW,10,0.012776823092972095,0.214676,0.3915412451681881,2866.6281,3.3221017617056146,0.568710313619699
2022-05-31,90125,CORT,CORCEPT THERAPEUTICS INC,35,0.03,-0.031455,0.30625462620281274,2285.4590100000005,0.6164584500960342,0.6243151866776032
2022-05-31,90178,ALNY,ALNYLAM PHARMACEUTICALS INC,35,-0.03,-0.057491,-0.4930092935274282,16120.212019999999,0.9865463523088911,0.8893072028846242
2022-05-31,90312,WLK,WESTLAKE CORP,15,0.03,0.046089,0.3296529319845382,16213.3329,1.177414780383296,1.1728207164978977
2022-05-31,90978,SPWR,SUNPOWER CORP,45,-0.03,0.069953,-0.5516695451928613,2870.46162,2.085080746348821,1.7009206370017766
2022-05-31,91402,GTLS,CHART INDUSTRIES INC,20,-0.03,0.041513,-0.5374208405296489,6180.5001999999995,1.5754371881079332,1.7184495483711646
2022-05-31,91463,CVLT,COMMVAULT SYSTEMS INC,45,0.03,-0.00014299999999999998,0.34766428160210544,2715.1710000000003,0.660938680837998,1.1251380544900371
2022-05-31,91733,AVAV,AEROVIRONMENT INC,20,-0.03,0.144613,-0.39034871288757306,2004.06432,0.5076008554423189,1.1446324862317268
2022-05-31,91983,CLR,CONTINENTAL RESOURCES INC,10,0.03,0.230151,0.2901554404145078,20179.02296,2.7336642541657126,1.2238687365462364
2022-05-31,92293,TDC,TERADATA CORP DE,45,0.03,-0.070924,0.31435562135043993,4326.037,1.0889695206708343,1.1347598756415391
2022-05-31,93002,AVGO,BROADCOM INC,45,0.03,0.046121999999999996,0.3174397565589276,225082.34,1.0271292867218367,1.1466448368520799
2022-06-30,11343,SAFM,SANDERSON FARMS INC,30,0.03,0.07978400000000001,0.5015680448956011,4452.84,0.5999103736313431,0.2706297186286476
2022-06-30,11691,MATX,MATSON INC,20,0.03,-0.18970800000000002,0.4269621193364693,3643.8250799999996,1.0128594890090155,0.9587650525174235
2022-06-30,11752,IIVI,II VI INC,45,-0.03,-0.185367,-0.4021622513823554,6653.5625,1.536891828473284,1.1564248938410526
2022-06-30,12591,APO,APOLLO GLOBAL MANAGEMENT INC NEW,40,-0.03,-0.15948400000000001,-0.6200792275315673,33111.816759999994,1.5550639187317943,1.322064313503131
2022-06-30,13284,ALSN,ALLISON TRANSMISSION HLDGS INC,20,0.03,-0.039556999999999995,0.42735413056036975,3883.5706499999997,0.9055586709761322,0.8064325967510776
2022-06-30,13837,EVTC,EVERTEC INC,45,0.03,-0.028506,0.393888751341091,2714.4552400000002,0.9056279697379518,0.7726229833890692
2022-06-30,13936,PVH,P V H CORP,25,0.020000000000000004,-0.19726300000000002,0.17089626145085418,4819.65609,2.040065858396622,1.6502353300007762
2022-06-30,14054,MRTX,MIRATI THERAPEUTICS INC,35,-0.03,0.713682,-0.38817364034001817,2174.43732,1.7043258849913376,0.7539607727684439
2022-06-30,14136,RNG,RINGCENTRAL INC,45,-0.03,-0.172882,-0.46051002723446405,5363.30102,1.003598369378078,1.4148196857262443
2022-06-30,14432,ITCI,INTRA CELLULAR THERAPIES INC,35,-0.03,-0.006142,-0.40191466534620784,5414.1975999999995,1.2671633047955095,0.6140970779480635
2022-06-30,14521,TNET,TRINET GROUP INC,20,0.03,-0.012281,0.44319963687381364,4889.7433200000005,1.2916676042810697,0.8575230592988952
2022-06-30,14596,FIVN,FIVE 9 INC,45,-0.03,-0.058162,-0.4735495584715689,6726.85747,0.5519572661138972,1.1410896562584352
2022-06-30,14751,VRTV,VERITIV CORP,20,0.03,-0.253749,0.2837129652554263,2134.7554499999997,2.028069585623958,1.2473244677526882
2022-06-30,15067,FRPT,FRESHPET INC,30,-0.01999999999999926,-0.279572,-0.484195758025914,3440.95767,0.7799395688985599,1.5219257686707839
2022-06-30,15069,MRO,MARATHON OIL CORP,10,0.03,-0.285327,0.23788891639844847,22242.72813,2.5288349803333867,1.2733374224955551
2022-06-30,15534,NTRA,NATERA INC,35,-0.020000000000000004,-0.034636,-0.5896467772550961,3533.7606599999995,1.2775961407207277,1.5887748273342248
2022-06-30,15643,RUN,SUNRUN INC,20,-0.028172903678898856,-0.106233,-0.6272385904101675,5488.15156,2.2795562687416555,2.2167886345469037
2022-06-30,16019,RRR,RED ROCK RESORTS INC,25,0.03,-0.13307400000000003,0.3038086985227367,2380.81056,2.2734851588678975,1.3495602022064488
2022-06-30,16260,MEDP,MEDPACE HOLDINGS INC,35,0.03,0.044323,0.16557316167368166,4819.59628,1.446615511186277,1.2599916019968946
2022-06-30,16382,COUP,COUPA SOFTWARE INC,45,-0.03,-0.17050400000000002,-0.5222827432532805,5196.534180000001,1.5058975899737854,1.5963719161455652
2022-06-30,16649,OKTA,OKTA INC,45,-0.03,0.087934,-0.4697945035899975,12524.18915,1.2142297797313566,1.4165031476310255
2022-06-30,16655,CVNA,CARVANA CO,25,-0.03,-0.233583,-0.8292687959065776,3113.10336,2.6309841156210574,2.376192343055655
2022-06-30,16932,ROKU,ROKU INC,50,-0.03,-0.135024,-0.49607988776099693,11373.575200000001,2.0109497804105416,1.4626192976456613
2022-06-30,17341,ZS,ZSCALER INC,45,-0.03,-0.023952,-0.4478418750515804,21717.80667,1.1686835057687304,1.2930667207857718
2022-06-30,17672,EAF,GRAFTECH INTERNATIONAL LTD NEW,20,0.03,-0.18605100000000002,0.3886481802426343,2258.74432,1.0656196761490708,1.2904746160196041
2022-06-30,17743,WRB,BERKLEY W R CORP,40,0.03,-0.032451999999999995,0.4358133201287448,18863.178089999998,0.6907883192090779,0.7260962048473812
2022-06-30,17907,NKLA,NIKOLA CORP,20,-0.03,-0.32634599999999997,-0.3952711067095816,2973.2342799999997,1.2955052864745433,1.0048839224283792
2022-06-30,18134,UPWK,UPWORK INC,20,-0.03,0.13258399999999998,-0.4787488652306677,2366.1307500000003,1.9641842093387687,1.4648430392893086
2022-06-30,18453,LAZR,LUMINAR TECHNOLOGIES INC,25,-0.03,-0.427066,-0.5008046546174797,2611.12918,1.529869928953536,0.9275637279440412
2022-06-30,18484,ZM,ZOOM VIDEO COMMUNICATIONS INC,45,-0.03,0.004272000000000001,-0.28577618222332263,27045.48735,-0.4540580356323168,0.6897392629109703
2022-06-30,19561,BA,BOEING CO,20,-0.03,0.039920000000000004,-0.48543368820665184,77740.9704,1.454994766169802,1.3773051043162492
2022-06-30,20482,ABT,ABBOTT LABORATORIES,35,0.03,-0.075571,0.2971032433770735,205665.64732,0.6841717159565572,0.7530275125834492
2022-06-30,21936,PFE,PFIZER INC,35,0.03,-0.012068,0.33669637699100435,297601.92384,0.6678049671257179,0.6665222602267429
2022-06-30,22752,MRK,MERCK & CO INC NEW,35,0.03,-0.001822,0.35311958405545935,232725.92414999998,0.3151629657081459,0.5044443193829508
2022-06-30,24205,NEE,NEXTERA ENERGY INC,55,-0.03,0.022817999999999998,-0.34796154163571835,148693.005,0.44786596789377087,0.6842165581407218
2022-06-30,24328,EQT,E Q T CORP,10,-0.03,-0.27969499999999997,-0.560431624989684,17634.25792,0.947045447879204,0.8090291330630067
2022-06-30,25487,CAR,AVIS BUDGET GROUP INC,20,0.03,-0.22760100000000003,0.04437979697945036,9188.05036,1.9718017118449798,3.219080739323254
2022-06-30,39490,APA,A P A CORP,10,0.02227458300094272,-0.25817199999999996,0.170999422299249,15900.286320000001,4.029771276182622,1.5020847942116882
2022-06-30,44943,DIOD,DIODES INC,45,0.03,-0.162104,0.2512998266897747,3484.4714700000004,1.148981522853137,1.4002908906417089
2022-06-30,49429,DDS,DILLARDS INC,25,0.03,-0.268328,0.2536106296938186,4291.5678,0.7702879516956668,1.534224826116732
2022-06-30,50017,RRC,RANGE RESOURCES CORP,10,-0.03,-0.27155399999999996,-0.3771354295617727,9159.608150000002,2.032078924206275,0.9041590919002037
2022-06-30,50948,SMTC,SEMTECH CORP,45,0.03,-0.14286700000000002,0.2854460675084592,4068.3050200000002,1.5336278293343213,1.3265254195385119
2022-06-30,56223,LPX,LOUISIANA PACIFIC CORP,15,0.020000000000000004,-0.24166200000000002,0.22299248989023684,5671.13814,1.4928421463726156,1.4942955198066092
2022-06-30,57808,VSH,VISHAY INTERTECHNOLOGY INC,45,0.03,-0.12379899999999999,0.3607947511760337,2696.56744,1.2444622096655216,1.0521050442094573
2022-06-30,68196,SEIC,S E I INVESTMENTS CO,40,0.03,-0.069317,0.42731286622101183,8020.45238,0.9945310545212883,0.9092174835866905
2022-06-30,76226,PARA,PARAMOUNT GLOBAL,50,-0.020000000000000004,-0.274872,-0.4083106379466865,20886.20035,1.5947150124996294,1.1479945305375225
2022-06-30,76504,CATY,CATHAY GENERAL BANCORP,40,0.020000000000000004,-0.048243999999999995,0.3690269868779401,3089.37539,1.2118951140758867,0.9808722593725457
2022-06-30,76573,MLI,MUELLER INDUSTRIES INC,20,0.03,-0.0065439999999999995,0.4095073037880664,3064.22655,1.068276754262992,1.088489069182155
2022-06-30,82634,SAM,BOSTON BEER INC,30,-0.03,-0.147851,-0.33234298918874305,3629.7448,0.8085700082148773,0.7310563380419889
2022-06-30,82779,NVAX,NOVAVAX INC,35,-0.03,-0.07105299999999999,-0.47453990261615914,4323.2095500000005,1.8619740223444325,0.9966673516170234
2022-06-30,82924,WLY,WILEY JOHN & SONS INC,50,0.03,-0.098754,0.41610959808533465,2471.6432,0.7592180552133551,0.7256323541014105
2022-06-30,84042,PAG,PENSKE AUTOMOTIVE GROUP INC,25,0.03,-0.091326,0.3749896839151606,8738.089740000001,1.186755845988111,1.24759964442372
2022-06-30,84381,ROK,ROCKWELL AUTOMATION INC,20,-0.011827096321101165,-0.065717,-0.3332301724849386,24787.058399999998,1.3644385264423189,1.0428197059401996
2022-06-30,84761,TTWO,TAKE TWO INTERACTIVE SOFTWR INC,50,-0.03,-0.016627000000000003,-0.38522324007592645,20171.61846,0.7326908681494602,0.79794891097258
2022-06-30,85427,GPI,GROUP 1 AUTOMOTIVE INC,25,0.03,-0.05508,0.3470537261698441,2980.47564,1.5140450960517768,1.1990130510967363
2022-06-30,85738,MRCY,MERCURY SYSTEMS INC,20,-0.03,0.075006,-0.43393579268795907,3449.4221300000004,0.9288014678327129,0.9302832666318142
2022-06-30,86047,AMKR,AMKOR TECHNOLOGY INC,45,0.03,-0.16929000000000002,0.20120491870925147,5003.28276,1.4832790968727056,1.4893248816150337
2022-06-30,86594,KFY,KORN FERRY,20,0.03,-0.056538,0.3512214244449946,3312.87838,1.452869438036094,1.1054410699084214
2022-06-30,86799,CNX,C N X RESOURCES CORP,10,-0.03,-0.24274,-0.2964223817776678,4236.57288,1.243551114411806,0.49201022260565325
2022-06-30,88159,EXEL,EXELIXIS INC,35,0.03,0.13527599999999998,0.2893661797474622,5879.182529999999,0.7420629218938074,0.8428739619417315
2022-06-30,88417,ACLS,AXCELIS TECHNOLOGIES INC,45,0.03,-0.116906,0.2413757530741933,2049.2212000000004,1.6043812106954827,1.9136756403962107
2022-06-30,89301,GME,GAMESTOP CORP NEW,25,-0.03,-0.020128,-0.6071015928034992,9522.52686,1.1767079745346674,0.6663477725101352
2022-06-30,89455,RUSHA,RUSH ENTERPRISES INC,20,0.03,-0.055098,0.4784393826854832,2182.5047799999998,1.1206268508717028,0.7987066691940738
2022-06-30,90126,CYTK,CYTOKINETICS INC,35,-0.03,-0.015855,-0.6108566476850706,3417.5148,1.1211428757340136,1.14852985270924
2022-06-30,90178,ALNY,ALNYLAM PHARMACEUTICALS INC,35,-0.03,0.15881299999999998,-0.4546298588759594,15198.401199999998,0.9932882127537109,0.8769408083612432
2022-06-30,90312,WLK,WESTLAKE CORP,15,0.03,-0.25861,0.3488487249319138,16953.544190000004,1.1731357294164646,1.0950371125313612
2022-06-30,91402,GTLS,CHART INDUSTRIES INC,20,-0.03,-0.048895,-0.49783362218370886,6439.8462,1.5726155100911317,1.562611475048826
2022-06-30,91733,AVAV,AEROVIRONMENT INC,20,-0.03,-0.1067,-0.4016051828010233,2294.49396,0.49613408529573993,1.1173634940328205
2022-06-30,92040,FOLD,AMICUS THERAPEUTICS INC,35,-0.03,0.408882,-0.4953371296525542,2134.84206,1.4204276263468236,1.188897477721611
2022-06-30,92611,V,VISA INC,45,0.01772541699905656,-0.072585,0.2681975736568457,349172.20023,0.840883038494781,1.184904845964193
2022-07-31,11403,CDNS,CADENCE DESIGN SYSTEMS INC,45,0.03,0.239473,0.2505416082579329,41372.12277,1.056332913809081,1.257892853038079
2022-07-31,11691,MATX,MATSON INC,20,0.03,0.25700900000000004,0.35533749628308053,2954.6280799999995,1.0846490885347977,0.9533050450305226
2022-07-31,12591,APO,APOLLO GLOBAL MANAGEMENT INC NEW,40,-0.03,0.17699299999999998,-0.5808376874389364,27849.772319999996,1.5749259179275588,1.3075831895346375
2022-07-31,13284,ALSN,ALLISON TRANSMISSION HLDGS INC,20,0.03,0.088135,0.4006414340937088,3732.1492500000004,0.8796099963708627,0.7509784414413586
2022-07-31,13766,BCC,BOISE CASCADE CO,20,0.03,0.18779099999999999,0.18911685994647634,2346.7020300000004,1.5238698160560216,1.4977349964401148
2022-07-31,13837,EVTC,EVERTEC INC,45,0.03,0.056401,0.3988997918525126,2638.6164800000006,0.8812890634850987,0.7472897993990645
2022-07-31,13928,COP,CONOCOPHILLIPS,10,0.009999999999999995,0.08403400000000001,0.2714625546918143,116164.7445,1.383292480919128,0.9880407055092275
2022-07-31,14054,MRTX,MIRATI THERAPEUTICS INC,35,-0.03,-0.041479,-0.4559491950214519,3731.95809,1.2162752697211725,0.8265334889001499
2022-07-31,14136,RNG,RINGCENTRAL INC,45,-0.03,-0.053816,-0.46142899621936195,4439.12118,1.061570575410907,1.4543340064407106
2022-07-31,14328,AMC,A M C ENTERTAINMENT HOLDINGS INC,50,-0.03,0.073727,-0.3565269104965804,7002.924550000001,2.1264805243474454,0.7694377314920339
2022-07-31,14432,ITCI,INTRA CELLULAR THERAPIES INC,35,-0.03,-0.052669,-0.38645342168981783,5386.46836,1.2375546857406108,0.5757695447048184
2022-07-31,14521,TNET,TRINET GROUP INC,20,0.03,0.062057999999999995,0.41053905951318964,4832.46596,1.2371832956390374,0.81353221375992
2022-07-31,14596,FIVN,FIVE 9 INC,45,-0.03,0.185495,-0.4504693938235419,6388.002600000001,0.5734768159589415,1.143116024222006
2022-07-31,14641,ZEN,ZENDESK INC,45,-0.03,0.017414,-0.46393526188352235,9076.76001,1.0952335953787982,1.5050647926390122
2022-07-31,15069,MRO,MARATHON OIL CORP,10,0.03,0.10239100000000001,0.2693173611996092,15908.893680000001,2.5769789039335755,1.1645692630637152
2022-07-31,15272,SEDG,SOLAREDGE TECHNOLOGIES INC,45,-0.03,0.315068,-0.47553205046514596,15225.63944,1.1191305317344884,1.5202518119436974
2022-07-31,15535,OLLI,OLLIES BARGAIN OUTLET HLD INC,25,-0.03,0.0025919999999999997,-0.3915296716367189,3671.5812499999997,0.9076951649946468,1.0766095839338647
2022-07-31,15638,GBT,GLOBAL BLOOD THERAPEUTICS INC,35,-0.03,0.023288,-0.6333630686886708,2149.3723499999996,0.8459722886030829,1.2116695561671942
2022-07-31,15643,RUN,SUNRUN INC,20,-0.03,0.398589,-0.6249522110360647,4950.98848,2.244168792006124,2.137319946563224
2022-07-31,16119,ATKR,ATKORE INC,20,0.008205111607734957,0.195068,0.21885221528397272,3578.89314,2.2214161547243676,1.3943457366630005
2022-07-31,16260,MEDP,MEDPACE HOLDINGS INC,35,0.03,0.13188,0.16953400450278241,4637.973959999999,1.3572340628116115,1.1967909353170656
2022-07-31,16649,OKTA,OKTA INC,45,-0.03,0.08823700000000001,-0.49203517267745633,13632.5912,1.1080777398007313,1.4698377511015936
2022-07-31,16655,CVNA,CARVANA CO,25,-0.03,0.290153,-0.8174673973068264,2387.6995199999997,2.6511085782489903,2.509090489550554
2022-07-31,16932,ROKU,ROKU INC,50,-0.011794888392264329,-0.203149,-0.4882757741812157,9917.09076,2.009166006055743,1.469768323017261
2022-07-31,17341,ZS,ZSCALER INC,45,-0.03,0.036309,-0.4354742789176331,21209.93713,1.141407695463378,1.294094184714382
2022-07-31,17949,BE,BLOOM ENERGY CORP,20,-0.018205111607734952,0.225249,-0.5463659147869675,2679.0885,3.3399744156094537,1.9021530154421917
2022-07-31,18134,UPWK,UPWORK INC,20,-0.03,-0.10332699999999999,-0.4618537870098976,2699.38108,1.7732388729252373,1.3932377687711868
2022-07-31,18727,CHWY,CHEWY INC,25,-0.03,0.11698800000000001,-0.5121490166093199,3799.0276799999997,0.43811938999424127,1.3250189468634834
2022-07-31,18777,KRTX,KARUNA THERAPEUTICS INC,35,-0.004126631161091347,0.028751,-0.28641519051866954,3786.8238300000003,1.3985860892291124,0.24053919200152274
2022-07-31,19561,BA,BOEING CO,20,-0.03,0.164416,-0.5261671126969968,80888.47391999999,1.3487515409133222,1.3560010176100377
2022-07-31,20482,ABT,ABBOTT LABORATORIES,35,0.03,0.005391,0.3081857185336222,190239.8483,0.7014568276916443,0.6804601156411348
2022-07-31,21936,PFE,PFIZER INC,35,0.03,-0.029835,0.3166602948048086,294179.27728,0.6450020314730631,0.6714488748904404
2022-07-31,22752,MRK,MERCK & CO INC NEW,35,0.03,-0.020884,0.3120937938065502,230551.15185,0.3042195372245104,0.4899145208196921
2022-07-31,24205,NEE,NEXTERA ENERGY INC,55,-0.03,0.08994500000000001,-0.3885986151820228,152170.16999999998,0.41763466049892795,0.6914359298167222
2022-07-31,24328,EQT,E Q T CORP,10,-0.03,0.27913000000000004,-0.554436939807145,12712.0384,1.0766858448068402,0.8004399513640126
2022-07-31,25487,CAR,AVIS BUDGET GROUP INC,20,0.03,0.236814,0.05961938745168004,7059.84,2.0306914214894736,2.9825595976512442
2022-07-31,44943,DIOD,DIODES INC,45,0.03,0.259371,0.2675332398793594,2924.3107299999997,1.1948548046142877,1.3404735799082312
2022-07-31,49429,DDS,DILLARDS INC,25,0.03,0.029927,0.2976933860073914,2985.85609,0.9145622862853863,1.3837300326131226
2022-07-31,50017,RRC,RANGE RESOURCES CORP,10,-0.03,0.33535000000000004,-0.3688033643430611,6677.4757500000005,2.0983966766066704,0.8756573700942893
2022-07-31,50948,SMTC,SEMTECH CORP,45,0.03,0.133079,0.28898517480141034,3489.38566,1.5407035581058564,1.2409739875136703
2022-07-31,56223,LPX,LOUISIANA PACIFIC CORP,15,0.03,0.213269,0.29871288390467693,4303.85679,1.5691335489267517,1.4073690106388945
2022-07-31,57808,VSH,VISHAY INTERTECHNOLOGY INC,45,0.03,0.158559,0.3811860158871756,2350.92132,1.2532820395228177,0.99056067110165
2022-07-31,68196,SEIC,S E I INVESTMENTS CO,40,0.03,0.023994,0.44025317531115926,7318.6296,0.9823609475986786,0.8631892711340435
2022-07-31,70228,TOL,TOLL BROTHERS INC,25,0.03,0.106536,0.24879996601673682,5127.974200000001,1.4302668591645606,1.1922649837308454
2022-07-31,76504,CATY,CATHAY GENERAL BANCORP,40,0.03,0.064322,0.37430440508049784,2913.6213,1.1762218323076048,0.9075977115961167
2022-07-31,76573,MLI,MUELLER INDUSTRIES INC,20,0.03,0.262652,0.36774138736672185,3032.36087,1.0201027675511976,1.0326866383552078
2022-07-31,77300,SMG,SCOTTS MIRACLE GRO CO,15,-0.009999999999999995,0.12528,-0.38800390807527296,4375.41408,1.206793361570244,1.3083081258398115
2022-07-31,77462,M,MACYS INC,25,0.03,-0.037384,0.18331846565566456,4941.50856,1.862077323691702,1.71695606221731
2022-07-31,78987,MCHP,MICROCHIP TECHNOLOGY INC,45,0.020000000000000004,0.18479399999999999,0.22010534811605284,32088.27072,1.5562327015724515,1.3995077863963499
2022-07-31,79785,NVR,N V R INC,25,0.009999999999999995,0.09632800000000001,0.32621808759186094,13173.6206,0.9362729911990875,0.8499644671816189
2022-07-31,82634,SAM,BOSTON BEER INC,30,-0.03,0.254857,-0.3663395777579542,3095.14152,0.8653237601872883,0.7410701633507719
2022-07-31,82779,NVAX,NOVAVAX INC,35,-0.015873368838908657,0.059075,-0.4774436090225564,4020.12881,1.8507560938117762,1.0224236170403596
2022-07-31,84042,PAG,PENSKE AUTOMOTIVE GROUP INC,25,0.03,0.092798,0.3378148761734846,7945.02879,1.1877283939554428,1.200038417261244
2022-07-31,84761,TTWO,TAKE TWO INTERACTIVE SOFTWR INC,50,-0.03,0.082433,-0.33108194214349435,20364.485999999997,0.7075414958650974,0.7488614779211608
2022-07-31,85427,GPI,GROUP 1 AUTOMOTIVE INC,25,0.03,0.04112,0.27704855358735825,2818.0008000000003,1.4764241626175778,1.1346984892753795
2022-07-31,85593,AMG,AFFILIATED MANAGERS GROUP INC,40,0.03,0.083065,0.287158574402107,4509.504999999999,1.2973979362564774,1.3232276038099233
2022-07-31,85738,MRCY,MERCURY SYSTEMS INC,20,-0.03,-0.08351099999999999,-0.4158914234739392,3710.10409,0.8376676450924456,0.8847511467893869
2022-07-31,86047,AMKR,AMKOR TECHNOLOGY INC,45,0.03,0.189159,0.22581878424875748,4146.52935,1.5115434187727521,1.4329018584165731
2022-07-31,86799,CNX,C N X RESOURCES CORP,10,-0.03,0.048398,-0.30703878339917595,3210.5888400000003,1.331678998181594,0.49573835077845024
2022-07-31,86868,GS,GOLDMAN SACHS GROUP INC,40,-0.009999999999999995,0.12163800000000001,-0.3074423346501848,102010.62793999999,1.3499468409213744,1.0091600067682662
2022-07-31,89301,GME,GAMESTOP CORP NEW,25,-0.03,0.11153500000000001,-0.587230788836498,9310.5767,1.185287153013752,0.5948963958451172
2022-07-31,89455,RUSHA,RUSH ENTERPRISES INC,20,0.03,-0.001019,0.48407034535491267,2063.3456,1.099526259455467,0.7374536154925462
2022-07-31,89508,KMX,CARMAX INC,25,-0.03,0.099321,-0.4393186355719808,14525.478240000002,1.38743092440888,1.1891623328315952
2022-07-31,89916,NXST,NEXSTAR MEDIA GROUP INC,50,0.021794888392264324,0.155684,0.27439361114651034,6421.38112,1.4789719310640352,0.9988433545823681
2022-07-31,90126,CYTK,CYTOKINETICS INC,35,-0.03,0.076561,-0.6203644704982797,3698.9177600000003,1.08472853111984,1.118192073096828
2022-07-31,90178,ALNY,ALNYLAM PHARMACEUTICALS INC,35,-0.03,-0.026935,-0.4584342211460855,17646.6832,0.8513407832966601,0.8043694326373994
2022-07-31,90312,WLK,WESTLAKE CORP,15,0.03,-0.007749,0.3682086572363111,12578.80858,1.2730847189644,1.0597082275657874
2022-07-31,91237,VG,VONAGE HOLDINGS CORP,45,-0.03,0.11383800000000001,-0.3790620619344972,4834.0048799999995,0.6324909821173882,0.7711629130019533
2022-07-31,91402,GTLS,CHART INDUSTRIES INC,20,-0.03,0.164739,-0.5234272120980417,6128.6187,1.5341495048695892,1.4529947463656603
2022-07-31,91531,OC,OWENS CORNING NEW,20,0.03,0.252631,0.3124761055180324,7213.86618,1.3818465047713353,1.167938794888201
2022-07-31,91733,AVAV,AEROVIRONMENT INC,20,-0.03,0.053203,-0.4129391274797162,2050.6434,0.549112074554358,1.0751644237355835
2022-07-31,92611,V,VISA INC,45,0.03,0.07649,0.3090140605751667,324025.61391,0.8454447499814601,1.1460548631502994
2022-07-31,93002,AVGO,BROADCOM INC,45,0.03,0.10143,0.3851153306996304,196178.82258,1.075503825194359,1.0605866352646849
2022-08-31,11691,MATX,MATSON INC,20,0.03,-0.19534200000000002,0.35539969648496783,3716.39347,1.1641549179635184,0.9419624087951042
2022-08-31,11752,IIVI,II VI INC,45,-0.03,-0.104675,-0.3674992822279644,6823.565280000001,1.505392776034861,1.0810684099811585
2022-08-31,12591,APO,APOLLO GLOBAL MANAGEMENT INC NEW,40,-0.03,-0.021949,-0.5246503424797998,32801.6089,1.5843848155232962,1.295735976900457
2022-08-31,13284,ALSN,ALLISON TRANSMISSION HLDGS INC,20,0.03,-0.131187,0.4132931380993397,4064.1115499999996,0.8839606221768078,0.7406130415427014
2022-08-31,13600,QLYS,QUALYS INC,45,0.03,0.23992400000000003,0.3073910011894508,4711.39944,0.6859789365594493,0.9874387152701868
2022-08-31,13688,PCG,P G & E CORP,55,-0.03,0.13345800000000002,-0.26647799516016574,21584.000219999998,1.199157193796824,0.413065215287903
2022-08-31,13730,PBF,P B F ENERGY INC,10,0.03,0.022387,0.1803453508879865,4029.6138,2.1506185585176834,1.4444222239066364
2022-08-31,13766,BCC,BOISE CASCADE CO,20,0.03,-0.118716,0.2194741807144908,2789.29737,1.543202070245416,1.454475876576941
2022-08-31,13837,EVTC,EVERTEC INC,45,0.03,-0.138973,0.42006070300643944,2789.5785400000004,0.8615565423926289,0.7353391507708372
2022-08-31,14054,MRTX,MIRATI THERAPEUTICS INC,35,-0.03,0.25632900000000003,-0.4353389934785284,3581.284,1.0832790262300818,0.817121901162369
2022-08-31,14295,TWTR,TWITTER INC,50,-0.03,-0.070635,-0.4987900414257003,31802.39817,0.6697367305563527,1.0828495305686816
2022-08-31,14328,AMC,A M C ENTERTAINMENT HOLDINGS INC,50,-0.012928441256391025,-0.016231000000000002,-0.3394856650670604,7524.91376,2.024892653453261,0.7252849810763312
2022-08-31,14432,ITCI,INTRA CELLULAR THERAPIES INC,35,-0.020000000000000004,-0.073224,-0.31842418276526796,5107.14204,1.127091796546066,0.5596831362720802
2022-08-31,14596,FIVN,FIVE 9 INC,45,-0.03,-0.094483,-0.38337229810098034,7579.53636,0.6300689894680367,1.1713798984357882
2022-08-31,14617,ARES,ARES MANAGEMENT CORP,40,-0.03,0.032851,-0.4916738443870226,12292.775550000002,1.1659516490384474,1.4240418723621766
2022-08-31,15535,OLLI,OLLIES BARGAIN OUTLET HLD INC,25,-0.03,-0.06364800000000001,-0.38876584225421434,3690.1521000000002,0.8584991727446372,1.0617472328637956
2022-08-31,15638,GBT,GLOBAL BLOOD THERAPEUTICS INC,35,-0.03,1.073282,-0.5529715762273902,2201.17256,0.8148332307661148,1.1580128370770488
2022-08-31,16019,RRR,RED ROCK RESORTS INC,25,0.03,-0.030124,0.3472581108240024,2298.64185,2.2184562143374733,1.2485494927246676
2022-08-31,16076,GMS,G M S INC,20,0.03,-0.093667,0.24260694803330463,2263.27629,1.7850732868082166,1.2985324131140419
2022-08-31,16119,ATKR,ATKORE INC,20,0.03,-0.151594,0.22390385956277425,4279.92678,2.210519621289971,1.40158624482312
2022-08-31,16649,OKTA,OKTA INC,45,-0.03,-0.07351099999999999,-0.4718018128870843,14945.4976,1.0907409041979497,1.4940118041967898
2022-08-31,16655,CVNA,CARVANA CO,25,-0.03,0.12983099999999997,-0.813030638612034,3082.4375999999997,2.6736236800450373,2.6768926815883094
2022-08-31,16932,ROKU,ROKU INC,50,-0.03,0.03595,-0.6062302612690209,7910.491679999999,1.7820358166502837,1.5143865979651898
2022-08-31,17104,APLS,APELLIS PHARMACEUTICALS INC,35,-0.03,0.073259,-0.522025347606743,6013.01148,1.4775123405611006,1.2394774431275986
2022-08-31,17341,ZS,ZSCALER INC,45,-0.03,0.025056,-0.4247159673516263,22179.47228,1.0831592783859822,1.3171744841706614
2022-08-31,17672,EAF,GRAFTECH INTERNATIONAL LTD NEW,20,0.03,-0.23701699999999998,0.34108527131782945,2003.7248,1.1197207579417845,1.200554753815037
2022-08-31,17907,NKLA,NIKOLA CORP,20,-0.03,-0.14016499999999998,-0.36684303350970016,2696.2145,1.5345954052890496,0.9631196050811027
2022-08-31,17949,BE,BLOOM ENERGY CORP,20,-0.03,0.254154,-0.5477215864812764,3284.72487,3.281157454654806,1.906865573415945
2022-08-31,18484,ZM,ZOOM VIDEO COMMUNICATIONS INC,45,-0.016752902313601027,-0.22778199999999998,-0.26477585004716786,26111.54646,-0.4225454005520979,0.7161988990701917
2022-08-31,18572,BYND,BEYOND MEAT INC,30,-0.03,-0.23916300000000001,-0.6714039621016364,2035.93957,1.3722116631389352,1.5446158088908966
2022-08-31,18727,CHWY,CHEWY INC,25,-0.03,-0.117335,-0.502440424921045,4246.5513900000005,0.48507642777672144,1.3072257765938269
2022-08-31,18777,KRTX,KARUNA THERAPEUTICS INC,35,-0.03,0.956333,-0.25815183954718834,3898.77325,1.274171106078185,0.22861209873686436
2022-08-31,19561,BA,BOEING CO,20,-0.03,0.003999,-0.43937902465034245,94253.53116,1.3614190280398337,1.3246742351902576
2022-08-31,20482,ABT,ABBOTT LABORATORIES,35,0.03,-0.058774,0.2894261925269677,190572.52728,0.663871056071552,0.6776195783451323
2022-08-31,21936,PFE,PFIZER INC,35,0.03,-0.106435,0.36790943767687956,283406.35695999995,0.5940798049371399,0.6466573911632095
2022-08-31,22752,MRK,MERCK & CO INC NEW,35,0.03,-0.04645,0.3400188671506501,225923.4387,0.2745091458795951,0.4691079368844887
2022-08-31,23712,PEG,PUBLIC SERVICE ENTERPRISE GP INC,55,-0.020000000000000004,-0.021849,-0.25954636807349984,32786.33853,0.49763966013072425,0.4698560114616593
2022-08-31,25487,CAR,AVIS BUDGET GROUP INC,20,0.03,-0.082382,0.03890324432960095,8749.45398,2.0328355412327856,2.919231413877316
2022-08-31,43350,SWK,STANLEY BLACK & DECKER INC,20,-0.03,-0.096733,-0.41542594643369835,14693.42345,1.2078901573371934,1.1860167639214119
2022-08-31,49429,DDS,DILLARDS INC,25,0.03,0.301112,0.31897789262130344,3077.63695,0.8566657665896283,1.3635460005773614
2022-08-31,50876,LLY,LILLY ELI & CO,35,0.03,-0.085318,0.3210696854107707,313258.25039999996,0.3462181572424432,0.5330612809435349
2022-08-31,52476,EFX,EQUIFAX INC,20,-0.03,-0.098296,-0.3251302243550306,25570.584000000003,1.400998549330369,0.8909121909678992
2022-08-31,56223,LPX,LOUISIANA PACIFIC CORP,15,0.03,-0.14645599999999998,0.3262376440671015,5225.23197,1.5983401811891083,1.3440003320924006
2022-08-31,76504,CATY,CATHAY GENERAL BANCORP,40,0.03,0.011859,0.4014396456256922,3105.3990000000003,1.1543357607343276,0.8645887325630066
2022-08-31,76684,HWC,HANCOCK WHITNEY CORP,40,0.03,-0.013784,0.3444690537713794,4183.79796,1.37388715715487,0.9182496242312445
2022-08-31,77462,M,MACYS INC,25,0.03,-0.020597999999999998,0.19230138222386292,4760.78745,1.7489855495564162,1.6765960542263154
2022-08-31,78829,UMBF,U M B FINANCIAL CORP,40,0.020000000000000004,-0.013282,0.37207251548336817,4371.693,0.8975566081006218,0.7538132366878431
2022-08-31,79299,PZZA,PAPA JOHNS INTL INC,25,-0.020000000000000004,-0.15514499999999998,-0.19806406628112058,3389.42383,0.9993277380875457,0.5346812368394985
2022-08-31,79841,FWRD,FORWARD AIR CORP,20,0.03,-0.075015,0.30482752963373116,2820.5184,1.0625637683246072,1.0594537486334086
2022-08-31,82779,NVAX,NOVAVAX INC,35,-0.03,-0.39577399999999996,-0.4854599893359583,4263.49965,1.7631657248452117,1.0679252143889921
2022-08-31,84381,ROK,ROCKWELL AUTOMATION INC,20,-0.010318656430007234,-0.069711,-0.3132972396538288,29679.36336,1.4141814077151416,1.0183679695302061
2022-08-31,84788,AMZN,AMAZON COM INC,25,-0.03,-0.062516,-0.43343177064107297,1374810.5472499998,1.2814204206901856,1.271935828475199
2022-08-31,85517,CHH,CHOICE HOTELS INTERNATIONAL INC,25,0.03,-0.052865,0.30718592346499324,6740.919900000001,1.2695103803800627,0.9921591189739515
2022-08-31,85593,AMG,AFFILIATED MANAGERS GROUP INC,40,0.03,0.005927999999999999,0.28743693859972924,4887.746499999999,1.2765670451131375,1.2517270588164429
2022-08-31,85738,MRCY,MERCURY SYSTEMS INC,20,-0.03,-0.18627700000000003,-0.3551536032156188,3403.51977,0.7466127655900193,0.891345774979778
2022-08-31,86047,AMKR,AMKOR TECHNOLOGY INC,45,0.006752902313601032,-0.003884,0.1837496411139822,4938.382460000001,1.53071708259899,1.4320496663361129
2022-08-31,86594,KFY,KORN FERRY,20,0.03,-0.071967,0.3513186497682622,3473.27469,1.4132993739368043,1.0079884288600902
2022-08-31,88417,ACLS,AXCELIS TECHNOLOGIES INC,45,0.03,-0.050102,0.1868052992084,2327.50102,1.6597064864253948,1.8466807588504655
2022-08-31,89301,GME,GAMESTOP CORP NEW,25,-0.03,-0.159796,-0.5343095033017513,10356.58916,1.1392199337535853,0.5908426354428548
2022-08-31,89508,KMX,CARMAX INC,25,-0.03,-0.113414,-0.400188671506501,15843.38364,1.3684621772184975,1.1789769754655928
2022-08-31,89753,FORM,FORMFACTOR INC,45,0.03,-0.178504,0.18807678110003692,2742.84948,1.190568977961284,1.428709514023647
2022-08-31,89792,CVCO,CAVCO INDUSTRIES INC DEL,25,0.03,-0.094147,0.34194659776055125,2293.04205,1.116459618461157,1.131462598263544
2022-08-31,89916,NXST,NEXSTAR MEDIA GROUP INC,50,0.02292844125639102,0.018376,0.20111972437553832,7426.29888,1.4771731635091438,0.9848046658206269
2022-08-31,90126,CYTK,CYTOKINETICS INC,35,-0.03,0.24922100000000003,-0.5923464993232436,3985.1155200000003,1.051810804463355,0.911818424922268
2022-08-31,90312,WLK,WESTLAKE CORP,15,0.020000000000000004,0.014808000000000002,0.37287231860875275,12491.544860000002,1.2015760834599525,1.0195455745688515
2022-08-31,90564,PBH,PRESTIGE CONSUMER HEALTHCARE INC,35,0.03,-0.163234,0.3273040482342808,3010.6752,0.4842162481668131,0.5310200576923305
2022-08-31,90716,ATSG,AIR TRANSPORT SERVICES GROUP INC,20,0.0003186564300072109,-0.04051,0.3992248062015504,2330.72446,0.524617105435804,0.6724659484596591
2022-08-31,91161,GPRE,GREEN PLAINS INC,10,-0.03,0.015033999999999999,-0.5931052869037365,2092.47384,1.7126982787930776,1.3490924889392377
2022-08-31,91733,AVAV,AEROVIRONMENT INC,20,-0.03,0.021298,-0.3558303597063287,2165.22024,0.5423279870880232,1.0761638423060946
2022-08-31,91983,CLR,CONTINENTAL RESOURCES INC,10,0.03,0.016011,0.3769328575530126,25004.934409999998,2.4899246790237926,1.0057571937437015
2022-08-31,92611,V,VISA INC,45,0.03,-0.063411,0.3157991878922112,349073.45709000004,0.8374256327473008,1.1068619470543692
2022-08-31,93002,AVGO,BROADCOM INC,45,0.03,-0.069821,0.3533079036955005,216869.4,1.068321375212294,1.0503501021088633
2022-09-30,11691,MATX,MATSON INC,20,0.03,-0.16674,0.37794994541026294,2871.34046,1.206866718730149,0.960558046134685
2022-09-30,11752,IIVI,II VI INC,45,-0.03,-0.26405100000000004,-0.4050348534475518,6318.61832,1.5156270722140444,1.069827054538426
2022-09-30,11990,KKR,K K R & CO INC,40,-0.03,-0.15145399999999998,-0.4821953472747123,43473.15648,1.4161467516092614,1.5824485900096623
2022-09-30,12591,APO,APOLLO GLOBAL MANAGEMENT INC NEW,40,-0.03,-0.165297,-0.49859326446628044,31735.67978,1.5783958972316574,1.2861447107629396
2022-09-30,13527,FIVE,FIVE BELOW INC,25,-0.03,0.074627,-0.4734819853867473,7098.235159999999,1.3128308515168212,1.3822026330461203
2022-09-30,13628,WDAY,WORKDAY INC,45,-0.03,-0.076917,-0.3897917191567985,33076.56,1.3264663705408104,1.1416594856483642
2022-09-30,13688,PCG,P G & E CORP,55,-0.03,0.011859,-0.2735575711766188,24507.94644,1.1451184795107043,0.3932119368836207
2022-09-30,13862,TMHC,TAYLOR MORRISON HOME CORP,25,0.03,-0.073215,0.256214831611657,2853.97749,1.6883932104364843,1.2649108648241987
2022-09-30,14008,AMGN,AMGEN INC,35,0.03,-0.06393499999999999,0.36556227429243304,128543.91930000001,0.5124340008285971,0.41594666183580126
2022-09-30,14328,AMC,A M C ENTERTAINMENT HOLDINGS INC,50,-0.03,-0.237675,-0.39426387839086247,4713.40752,2.0107182453475194,0.7336401394646647
2022-09-30,14432,ITCI,INTRA CELLULAR THERAPIES INC,35,-0.03,-0.076143,-0.3523557571176619,4744.64452,1.177140813507052,0.5414017406566831
2022-09-30,14617,ARES,ARES MANAGEMENT CORP,40,-0.03,-0.15966,-0.46098933400520703,12750.30064,1.1489250317376936,1.392084959942697
2022-09-30,15067,FRPT,FRESHPET INC,30,-0.03,0.14877200000000002,-0.5300243554211808,2081.6046,0.9272514472560256,1.539990024355592
2022-09-30,15272,SEDG,SOLAREDGE TECHNOLOGIES INC,45,-0.03,-0.163215,-0.5309061896363484,15353.590950000002,1.2741032253526037,1.5240500875946896
2022-09-30,15638,GBT,GLOBAL BLOOD THERAPEUTICS INC,35,-0.03,0.001017,-0.642668178382464,4581.620400000001,0.511547701016392,1.2261342229543248
2022-09-30,15831,AXSM,AXSOME THERAPEUTICS INC,35,-0.020000000000000004,-0.302556,-0.5249433106575964,2571.3952,1.7001485267164647,1.2923036002750483
2022-09-30,16260,MEDP,MEDPACE HOLDINGS INC,35,0.03,0.062836,0.16263542454018648,4575.76239,1.3893008354598821,1.2159859918913254
2022-09-30,16736,VST,VISTRA CORP,55,-0.03,-0.14717699999999997,-0.4403922062652222,10304.613000000001,0.85568481574878,0.7866060937303505
2022-09-30,16932,ROKU,ROKU INC,50,-0.020000000000000004,-0.17251699999999998,-0.5928025531200135,8209.912,1.7608999013258746,1.5141516342006975
2022-09-30,17104,APLS,APELLIS PHARMACEUTICALS INC,35,-0.03,0.12681,-0.5114008566389519,6647.931149999999,1.4492255649006873,1.2175115411358215
2022-09-30,17855,AVLR,AVALARA INC,45,-0.03,0.00036399999999999996,-0.4438145628621819,8084.282940000001,1.0855751281462556,1.3276270558011054
2022-09-30,17907,NKLA,NIKOLA CORP,20,-0.03,-0.345213,-0.48311917359536405,2323.43136,1.5645366090826078,0.9704435685359347
2022-09-30,18453,LAZR,LUMINAR TECHNOLOGIES INC,25,-0.03,-0.156801,-0.5072226421432771,2248.03566,1.6202202356129578,1.1025316597329822
2022-09-30,18484,ZM,ZOOM VIDEO COMMUNICATIONS INC,45,-0.007224545983693022,-0.086631,-0.301440329218107,20178.39,-0.3237525153027395,0.7324459982611022
2022-09-30,18727,CHWY,CHEWY INC,25,-0.03,-0.107085,-0.4781851012009742,3756.35427,0.5266872621447404,1.3402416511991047
2022-09-30,18777,KRTX,KARUNA THERAPEUTICS INC,35,-0.03,-0.120058,-0.3400310741580583,8663.1129,0.9099029012031434,0.38219644388164326
2022-09-30,20482,ABT,ABBOTT LABORATORIES,35,0.03,-0.059308,0.3171453766691862,179762.733,0.6772892464521016,0.6704315812581876
2022-09-30,20765,AJRD,AEROJET ROCKETDYNE HOLDINGS INC,20,-0.03,-0.073441,-0.323318216175359,3464.46466,0.4837661533651116,0.6263962415133482
2022-09-30,21936,PFE,PFIZER INC,35,0.03,-0.03443,0.34662383471907277,253846.68095999997,0.6211708832147537,0.6080752516224762
2022-09-30,22752,MRK,MERCK & CO INC NEW,35,0.03,0.014981000000000001,0.33578987150415723,216240.7808,0.28641214392717984,0.4588403464926276
2022-09-30,23835,MDU,M D U RESOURCES GROUP INC,20,-0.03,-0.088276,-0.3321155622742924,6131.03265,0.6752965360291575,0.6348583386399022
2022-09-30,25487,CAR,AVIS BUDGET GROUP INC,20,0.03,-0.114965,0.041425212060132686,8045.28708,2.050704512714257,2.826586469852776
2022-09-30,35991,ROG,ROGERS CORP,45,-0.03,-0.036417,-0.2646342487612329,4712.53172,1.3138107683629292,0.7135236816244633
2022-09-30,44943,DIOD,DIODES INC,45,0.027224545983693026,-0.089887,0.20309481817418323,3236.88277,1.2904589438926897,1.346161646851339
2022-09-30,49429,DDS,DILLARDS INC,25,0.02196088550349482,-0.080487,0.17911732594272278,4010.2008800000003,0.7589136772596423,1.3889342896694619
2022-09-30,60098,OTTR,OTTER TAIL CORP,55,0.03,-0.187526,0.3567859242462417,3144.8057400000002,0.38855174614343424,0.6178111189898723
2022-09-30,62341,PDCE,P D C ENERGY INC,10,0.03,-0.14618899999999999,0.3188250608885529,6540.208369999999,2.5409951240804403,1.1270083862528961
2022-09-30,64194,CHE,CHEMED CORP NEW,35,0.03,-0.085152,0.3001595700008398,7127.61192,0.48631453173915506,0.6527876798049789
2022-09-30,64936,D,DOMINION ENERGY INC,55,-0.020000000000000004,-0.150216,-0.2711010330057949,67947.17,0.3503217607012372,0.3556078935115817
2022-09-30,76504,CATY,CATHAY GENERAL BANCORP,40,0.03,-0.084905,0.4099899218946838,3123.2718,1.135064342585246,0.8290626047717491
2022-09-30,76573,MLI,MUELLER INDUSTRIES INC,20,0.03,-0.057241,0.3651003611321072,3580.72828,1.1097099137327557,1.040601394729812
2022-09-30,76684,HWC,HANCOCK WHITNEY CORP,40,0.03,-0.046709,0.3873981691442009,4134.0826799999995,1.359971896006929,0.8796765974858483
2022-09-30,77300,SMG,SCOTTS MIRACLE GRO CO,15,-0.03,-0.363393,-0.5485428739396992,3709.4317,1.2665696606665415,1.3171518311809183
2022-09-30,79841,FWRD,FORWARD AIR CORP,20,0.03,-0.071797,0.3795036533131771,2605.62104,1.0739518309182372,1.0271977634984648
2022-09-30,80415,EXP,EAGLE MATERIALS INC,15,0.03,-0.103961,0.3516628873771731,4507.8797,1.2428730839712416,1.0625059953271447
2022-09-30,81577,WAFD,WASHINGTON FEDERAL INC,40,0.03,-0.065347,0.44450743260267067,2091.02124,0.7840543285141036,0.5846153408967696
2022-09-30,82779,NVAX,NOVAVAX INC,35,-0.03,-0.45108200000000004,-0.4693037708910725,2584.2236000000003,1.8728284014834324,1.0289306357974313
2022-09-30,84761,TTWO,TAKE TWO INTERACTIVE SOFTWR INC,50,-0.03,-0.112569,-0.45443856554967665,20429.648960000002,0.7361207922723947,0.7410622820124856
2022-09-30,85593,AMG,AFFILIATED MANAGERS GROUP INC,40,0.03,-0.12371,0.2842235659695977,4868.46336,1.2554289915517334,1.229812227424948
2022-09-30,85710,POWI,POWER INTEGRATIONS INC,45,0.03,-0.102726,0.2379482657260435,4090.15693,1.0898453906729677,1.2588560780932359
2022-09-30,86594,KFY,KORN FERRY,20,0.03,-0.228842,0.4147350298143949,3229.91748,1.419309783344157,0.9796317770733991
2022-09-30,86810,TREX,TREX COMPANY INC,20,0.03,-0.06284,0.22451079197110949,5159.2057700000005,1.5425434330855605,1.4632323307965152
2022-09-30,87179,NTCT,NETSCOUT SYSTEMS INC,45,0.03,-0.015162,0.35493827160493824,2268.9021599999996,0.6158905887952204,0.7762656518798365
2022-09-30,87337,PLUG,PLUG POWER INC,20,-0.009999999999999995,-0.25264200000000003,-0.6078147308306038,16226.63584,1.8865090375922835,1.9973462100284454
2022-09-30,88417,ACLS,AXCELIS TECHNOLOGIES INC,45,0.03,-0.097238,0.09660283866633072,2211.29596,1.6559890718155208,1.8804594667100827
2022-09-30,88446,ILMN,ILLUMINA INC,35,-0.03,-0.055738,-0.5590409003107416,31717.972,1.144331604850254,1.3406089991444392
2022-09-30,89301,GME,GAMESTOP CORP NEW,25,-0.03,-0.124485,-0.5207231040564373,8721.338240000001,1.1877518894780952,0.5768971935375615
2022-09-30,89508,KMX,CARMAX INC,25,-0.012775454016306273,-0.255434,-0.39310909549004786,14076.641039999999,1.3864500837970344,1.1806073533850552
2022-09-30,89753,FORM,FORMFACTOR INC,45,0.03,-0.146396,0.22501469723691944,2258.45424,1.2386669392402094,1.4105571812637372
2022-09-30,89792,CVCO,CAVCO INDUSTRIES INC DEL,25,0.03,-0.12265,0.28535735281767033,2081.5189499999997,1.1343343118151488,1.1329323821970818
2022-09-30,89866,LKQ,L K Q CORP,25,0.00081456851281142,-0.115984,0.30563953976652397,14603.0358,1.3125687943280915,0.9876473539330266
2022-09-30,89916,NXST,NEXSTAR MEDIA GROUP INC,50,0.03,-0.12982999999999997,0.2244268077601411,7422.068079999999,1.455089934557295,0.951792402417939
2022-09-30,89946,AEL,AMERICAN EQUITY INVT LIFE HLDG C,40,0.020000000000000004,-0.020613,0.29816494499034185,3330.244,1.002719291781934,1.082818220641986
2022-09-30,90125,CORT,CORCEPT THERAPEUTICS INC,35,0.03,-0.0089,0.35707986898463095,2765.4511,0.6270525337346716,0.6004056012218544
2022-09-30,90178,ALNY,ALNYLAM PHARMACEUTICALS INC,35,-0.03,-0.033429,-0.5344755186025026,24805.980089999997,0.6546470654896219,1.0468713779566114
2022-09-30,90829,CF,C F INDUSTRIES HOLDINGS INC,15,0.03,-0.071618,0.3223943898547073,20615.54306,1.019139313488549,1.0255970597221638
2022-09-30,91161,GPRE,GREEN PLAINS INC,10,-0.009999999999999995,-0.20831699999999997,-0.4041740152851265,2127.90996,1.689795373473171,1.2877276602214736
2022-09-30,91733,AVAV,AEROVIRONMENT INC,20,-0.03,-0.061602,-0.39682539682539686,2215.2748500000002,0.549300701876615,1.0992487947552578
2022-09-30,91983,CLR,CONTINENTAL RESOURCES INC,10,0.03,-0.045177,0.3653523137650122,25348.359829999998,2.4618310467349156,0.9361838040228423
2022-09-30,92040,FOLD,AMICUS THERAPEUTICS INC,35,-0.03,-0.072276,-0.5340975896531452,3149.99254,0.9442004465367729,1.0857374267878976
2022-09-30,92611,V,VISA INC,45,0.03,-0.107913,0.2837196607037877,324893.83065,0.8499351961333207,1.0868484623717052
2022-09-30,93002,AVGO,BROADCOM INC,45,0.03,-0.104761,0.30219618711682206,202140.04911,1.0803426718341655,1.0712188352643157
2022-10-31,11691,MATX,MATSON INC,20,0.03,0.19370700000000002,0.4518547750591949,2398.11112,1.2413212305218821,0.9502850847178783
2022-10-31,11731,AIN,ALBANY INTERNATIONAL CORP NEW,20,0.020000000000000004,0.159921,0.3655397702359028,2451.6130000000003,1.256079602488823,0.7642111790121056
2022-10-31,11752,COHR,COHERENT CORP,45,-0.027754584187418708,-0.037908000000000004,-0.3434403227220907,4819.30195,1.5739983296165359,1.071613801680188
2022-10-31,11995,COKE,COCA COLA CONSOLIDATED INC,30,0.03,0.181142,0.3619880733140401,3445.7683700000002,0.836314357305454,0.783926045620445
2022-10-31,12591,APO,APOLLO GLOBAL MANAGEMENT INC NEW,40,-0.03,0.18821100000000002,-0.4702929053757782,26551.0815,1.5943813963848985,1.255850815052376
2022-10-31,13318,YELP,YELP INC,50,0.03,0.130377,0.18716565816013328,2382.9913399999996,1.4675469730743274,1.0489027986499186
2022-10-31,13527,FIVE,FIVE BELOW INC,25,-0.03,0.06072199999999999,-0.4869990353415768,7641.648689999999,1.193743898071715,1.3169723873592347
2022-10-31,13688,PCG,P G & E CORP,55,-0.03,0.192073,-0.3102911514513725,24845.85,1.0687683362764155,0.3817744491898187
2022-10-31,13862,TMHC,TAYLOR MORRISON HOME CORP,25,0.03,0.127176,0.1988731035692362,2650.52788,1.6324336748073907,1.2547818642182935
2022-10-31,14167,ISEE,IVERIC BIO INC,35,-0.03,0.33100599999999997,-0.5201482066122949,2163.07962,0.9800600218634673,1.1164487639784817
2022-10-31,14295,TWTR,TWITTER INC,50,-0.026702302011938406,0.233987,-0.454376041392616,33548.384640000004,0.5922868162188677,1.0162414387850722
2022-10-31,14328,AMC,A M C ENTERTAINMENT HOLDINGS INC,50,-0.03,-0.046803000000000004,-0.3867841796018592,3602.24237,2.095558122955199,0.7497740858626303
2022-10-31,14432,ITCI,INTRA CELLULAR THERAPIES INC,35,-0.03,-0.02081,-0.33258791546084365,4406.48406,1.202758852145574,0.5371285624512409
2022-10-31,14521,TNET,TRINET GROUP INC,20,0.03,-0.089943,0.38733228097868977,4424.25762,1.221343118435182,0.7843085763951569
2022-10-31,14617,ARES,ARES MANAGEMENT CORP,40,-0.03,0.221725,-0.475203893712181,10653.9132,1.1906607237559668,1.386446577644946
2022-10-31,15067,FRPT,FRESHPET INC,30,-0.03,0.17455500000000002,-0.5804832061738139,2395.50416,0.8054389287283571,1.4737351506830632
2022-10-31,15272,SEDG,SOLAREDGE TECHNOLOGIES INC,45,-0.03,-0.008505,-0.5363720073664825,12937.22524,1.3229814500772417,1.5283625088134662
2022-10-31,16736,VST,VISTRA CORP,55,-0.03,0.09148300000000001,-0.3888231167236692,8743.308,0.8924228796593547,0.7723983702036143
2022-10-31,16932,ROKU,ROKU INC,50,-0.03,-0.017575,-0.5899982460755941,6872.058,1.7770779722045764,1.504348245281348
2022-10-31,17104,APLS,APELLIS PHARMACEUTICALS INC,35,-0.03,-0.116675,-0.5064237481364554,7545.5108,1.3154643423270305,1.0179917740576818
2022-10-31,18727,CHWY,CHEWY INC,25,-0.025543113800642194,0.25841499999999995,-0.461150574410243,3426.1094399999997,0.573797112046824,1.3291102438943099
2022-10-31,18777,KRTX,KARUNA THERAPEUTICS INC,35,-0.03,-0.027179,-0.2995702885205648,7725.445779999999,1.0075806429159306,0.3748152208835282
2022-10-31,18937,CHPT,CHARGEPOINT HOLDINGS INC,20,-0.03,-0.055173,-0.5332807156011576,5016.45168,2.07056787154652,1.2820655019177045
2022-10-31,18940,PTON,PELOTON INTERACTIVE INC,25,-0.03,0.209794,-0.567131456634219,2155.96458,1.6259435402133537,1.6188137326703422
2022-10-31,20482,ABT,ABBOTT LABORATORIES,35,0.03,0.024893000000000002,0.2895948434622468,169448.0472,0.6772033255406148,0.6632566459876097
2022-10-31,20765,AJRD,AEROJET ROCKETDYNE HOLDINGS INC,20,-0.03,0.209226,-0.27280101727615536,3216.7156200000004,0.4877057425785821,0.6358002187173333
2022-10-31,21936,PFE,PFIZER INC,35,0.03,0.06142999999999999,0.34372533543804273,245596.52352,0.6071531998352893,0.6027812720753267
2022-10-31,25487,CAR,AVIS BUDGET GROUP INC,20,0.03,0.590425,0.025322283609576453,6383.780000000001,2.02624087568962,2.7522797606512053
2022-10-31,26825,K,KELLOGG CO,30,-0.020000000000000004,0.100458,-0.11330351661843374,23692.27158,0.3995216052787357,0.17592142866616978
2022-10-31,35991,ROG,ROGERS CORP,45,-0.03,-0.029407,-0.2794878540734894,4550.00468,1.2594011188192265,0.6738674682216156
2022-10-31,44943,DIOD,DIODES INC,45,0.03,0.101817,0.2649741296150136,2951.3278800000003,1.2759730517463836,1.3142384725401939
2022-10-31,49429,DDS,DILLARDS INC,25,0.03,0.203092,0.21196176444795228,3586.794,0.797109515221826,1.3442841077336916
2022-10-31,52090,MKC,MCCORMICK & CO INC,30,-0.03,0.106642,-0.20928702972901872,17851.13944,0.5173868993897482,0.4323710456878392
2022-10-31,52476,EFX,EQUIFAX INC,20,-0.03,-0.013352,-0.30956765763395605,20983.032000000003,1.4174200433049604,0.9671301740357372
2022-10-31,57808,VSH,VISHAY INTERTECHNOLOGY INC,45,0.03,0.173052,0.3152679119529948,2324.7972,1.2508245200713348,0.9433985528475862
2022-10-31,60098,OTTR,OTTER TAIL CORP,55,0.03,0.09357700000000001,0.4857712882574762,2561.1391200000003,0.4801033435417216,0.6273574362135382
2022-10-31,61807,MOGA,MOOG INC,20,0.03,0.20236400000000002,0.37126194861001494,2037.4063499999997,1.2060986449609943,0.8278927678081982
2022-10-31,62341,PDCE,P D C ENERGY INC,10,0.03,0.245986,0.34574234850477936,5358.69333,2.476919445299875,1.106212259772724
2022-10-31,64194,CHE,CHEMED CORP NEW,35,0.03,0.06710200000000001,0.31276856967464706,6534.43008,0.5161592233645309,0.6335433426865162
2022-10-31,64936,D,DOMINION ENERGY INC,55,-0.020000000000000004,0.010117000000000001,-0.2828203104446198,57406.2215,0.4222190638182744,0.37083000445445713
2022-10-31,66800,AIG,AMERICAN INTERNATIONAL GROUP INC,40,0.03,0.198178,0.3562220468297817,36104.55168,1.114597949974909,0.933698772279456
2022-10-31,75694,TECH,BIO TECHNE CORP,35,0.03,0.040841999999999996,0.19920196439533458,11141.887999999999,1.2619964786855433,1.0118313333152011
2022-10-31,76504,CATY,CATHAY GENERAL BANCORP,40,0.03,0.18332,0.4148250460405157,2823.4255200000002,1.1102122282971838,0.7937096876361107
2022-10-31,76573,MLI,MUELLER INDUSTRIES INC,20,0.03,0.051509,0.38198281154082264,3369.2969599999997,1.0733012105088222,1.0083460009480982
2022-10-31,77300,SMG,SCOTTS MIRACLE GRO CO,15,-0.03,0.071591,-0.483052705428396,2368.6065,1.4025490244093797,1.3084442987937792
2022-10-31,77462,M,MACYS INC,25,0.03,0.32824099999999995,0.13283784968867848,4246.42897,1.6841209586277404,1.5596675170443275
2022-10-31,79323,ALL,ALLSTATE CORP,40,-0.009999999999999995,0.011484999999999999,-0.21478996755239851,33659.96088,0.6186639982468349,0.720107182072281
2022-10-31,79758,BYD,BOYD GAMING CORP,25,0.00554311380064219,0.209845,0.2288652109094098,5091.021299999999,1.8274888792784278,1.1237706518694754
2022-10-31,80415,EXP,EAGLE MATERIALS INC,15,0.03,0.13883700000000002,0.3133605191616241,4039.0783000000006,1.2263765650222833,1.029912594664214
2022-10-31,84519,CIEN,CIENA CORP,45,-0.03,0.18243700000000002,-0.358392528282031,5989.38106,0.9665725524634445,0.9807193667418518
2022-10-31,84761,TTWO,TAKE TWO INTERACTIVE SOFTWR INC,50,-0.03,0.084646,-0.431903884942559,18257.5,0.7589492546560059,0.7604842579182262
2022-10-31,85593,AMG,AFFILIATED MANAGERS GROUP INC,40,0.03,0.10773100000000001,0.3304393580636674,4275.5781,1.2463129128058004,1.1802933026399929
2022-10-31,85710,POWI,POWER INTEGRATIONS INC,45,0.03,0.034830999999999994,0.30165307375252126,3678.7823999999996,1.0965737988968725,1.226849462062226
2022-10-31,86810,TREX,TREX COMPANY INC,20,0.03,0.09212000000000001,0.23886258002280103,4844.95622,1.4870461805950779,1.4582733573694224
2022-10-31,87337,PLUG,PLUG POWER INC,20,-0.03,-0.241737,-0.5899105498553013,12201.80962,1.9508334974675865,1.9717209683961336
2022-10-31,88446,ILMN,ILLUMINA INC,35,-0.03,0.197002,-0.5652021397877752,30011.267,1.11633268281513,1.3401576664565054
2022-10-31,89215,AMN,A M N HEALTHCARE SERVICES INC,35,0.009999999999999995,0.182082,0.26824081382092435,4585.20708,0.2512981791422788,0.5996988982925447
2022-10-31,89301,GME,GAMESTOP CORP NEW,25,-0.03,0.12421499999999999,-0.48594668069806196,7652.838899999999,1.250306174027647,0.5921638018324553
2022-10-31,89508,KMX,CARMAX INC,25,-0.03,-0.047919,-0.46641234762781725,10434.06488,1.448001512345834,1.2989991650970392
2022-10-31,89916,NXST,NEXSTAR MEDIA GROUP INC,50,0.03,0.024344,0.2441682013505218,6386.6843,1.4614806796486373,0.9207410724916286
2022-10-31,89946,AEL,AMERICAN EQUITY INVT LIFE HLDG C,40,0.03,0.152943,0.3314697886521091,3268.02102,0.9585525318113206,1.031455973723028
2022-10-31,90125,CORT,CORCEPT THERAPEUTICS INC,35,0.03,0.11311800000000001,0.3941725861615365,2760.146,0.5904740703909939,0.5809867172365437
2022-10-31,90178,ALNY,ALNYLAM PHARMACEUTICALS INC,35,-0.03,0.033144999999999994,-0.5432123125493291,24617.87856,0.6140625077565443,1.1155477588530727
2022-10-31,90312,WLK,WESTLAKE CORP,15,0.020000000000000004,0.110127,0.29746557923353495,11117.25168,1.1891421534732902,0.9963434921048413
2022-10-31,90319,GOOGL,ALPHABET INC,50,0.006702302011938402,-0.014246000000000002,0.136959572042445,571795.7000000001,1.0470751336270339,1.1318110536243509
2022-10-31,90829,CF,C F INDUSTRIES HOLDINGS INC,15,0.03,0.101673,0.30290274489169516,19178.87125,0.9994901130150612,1.0249993736731917
2022-10-31,90978,SPWR,SUNPOWER CORP,20,-0.03,-0.19981,-0.45939665000438484,4012.5312,1.9596003392424266,1.5160172869793356
2022-10-31,91233,MA,MASTERCARD INC,45,0.017754584187418685,0.153745,0.25583179864947825,272589.93384,1.0271824652055574,1.1130728110051882
2022-10-31,91983,CLR,CONTINENTAL RESOURCES INC,10,0.020000000000000004,0.104843,0.35319652722967637,24252.09681,2.355579265470139,0.8911476981046762
2022-10-31,92040,FOLD,AMICUS THERAPEUTICS INC,35,-0.03,-0.044473000000000006,-0.4996492151188283,2932.46028,0.9277411254403326,1.061512357977967
2022-10-31,92611,V,VISA INC,45,0.03,0.16378600000000001,0.33252214329562396,290460.41475000005,0.8702935983316705,1.0596073300125657
2022-10-31,93002,AVGO,BROADCOM INC,45,0.03,0.056478,0.3779926335174954,179824.49401,1.0888682282826674,1.0592333847138906
2022-11-30,11691,MATX,MATSON INC,20,0.03,-0.132222,0.4007440476190477,2868.2219800000003,1.2800349678933518,0.9110587654665799
2022-11-30,11752,COHR,COHERENT CORP,45,-0.03,0.088188,-0.3517644557823129,4647.82607,1.5060400141154044,1.0461880225432099
2022-11-30,12591,APO,APOLLO GLOBAL MANAGEMENT INC NEW,40,-0.03,0.25861599999999996,-0.5018920068027211,31610.06176,1.6161802976645627,1.21038785393706
2022-11-30,13318,YELP,YELP INC,50,0.03,-0.197076,0.2423894557823129,2699.2243399999998,1.4717482150800576,0.9963268017899365
2022-11-30,13527,FIVE,FIVE BELOW INC,25,-0.03,0.09629,-0.44445153061224485,8124.1812,1.1775579712187756,1.2704835266493288
2022-11-30,13628,WDAY,WORKDAY INC,45,-0.012964023209723237,0.074669,-0.3673681972789116,31475.64,1.2713212193861776,1.1277291741565227
2022-11-30,13688,PCG,P G & E CORP,55,-0.020000000000000004,0.048718000000000004,-0.21086309523809524,29676.361,1.1300603852845748,0.3862464236780042
2022-11-30,13766,BCC,BOISE CASCADE CO,20,0.03,0.123249,0.24721513605442183,2633.94296,1.4982392886222051,1.355246735738581
2022-11-30,13837,EVTC,EVERTEC INC,45,0.03,-0.059822999999999994,0.3642219387755102,2391.32018,0.9379120234573647,0.7262631549308899
2022-11-30,13862,TMHC,TAYLOR MORRISON HOME CORP,25,0.03,0.150903,0.22867772108843543,2853.8599799999997,1.6276629347558882,1.2190193549965394
2022-11-30,13963,NWSA,NEWS CORP NEW,50,0.009999999999999995,0.132295,0.20973639455782317,6484.91235,1.3171209963697987,0.9207367181993691
2022-11-30,14167,ISEE,IVERIC BIO INC,35,-0.03,-0.015397999999999998,-0.4810799319727891,2887.69416,1.0749292862338973,1.080646498022248
2022-11-30,14328,AMC,A M C ENTERTAINMENT HOLDINGS INC,50,-0.03,0.08273,-0.37548894557823126,3442.02786,1.989220761027504,0.7448562517130357
2022-11-30,14617,ARES,ARES MANAGEMENT CORP,40,-0.03,0.030903999999999997,-0.4892857142857143,13040.94008,1.2360474597653128,1.3772163346467847
2022-11-30,15067,FRPT,FRESHPET INC,30,-0.03,0.13404,-0.5684311224489796,2830.7790000000005,0.8447627690867511,1.4217042890615328
2022-11-30,15272,SEDG,SOLAREDGE TECHNOLOGIES INC,45,-0.03,0.29636599999999996,-0.5080357142857143,12857.29682,1.2561791288473643,1.4554776977042116
2022-11-30,16260,MEDP,MEDPACE HOLDINGS INC,35,0.03,-0.057319999999999996,0.10376275510204082,6903.578,1.4008160823729914,1.3968791778691623
2022-11-30,16505,BPOP,POPULAR INC,40,0.03,0.029667000000000002,0.3966624149659865,5139.43456,0.8371045029303923,0.830207261635743
2022-11-30,16736,VST,VISTRA CORP,55,-0.03,0.056352,-0.4214923469387755,9563.51356,0.8990604268385616,0.7408756600534073
2022-11-30,16932,ROKU,ROKU INC,50,-0.03,0.06610300000000001,-0.5946428571428573,6767.271299999999,1.7252748453803757,1.4864609739014396
2022-11-30,17104,APLS,APELLIS PHARMACEUTICALS INC,35,-0.03,-0.17743,-0.42085459183673474,6682.6932400000005,1.2132353645323506,0.9572911365614261
2022-11-30,17949,BE,BLOOM ENERGY CORP,20,-0.03,0.135038,-0.49880952380952376,3298.47945,2.9979151524874386,1.6249960451135537
2022-11-30,18453,LAZR,LUMINAR TECHNOLOGIES INC,25,-0.03,-0.056007999999999995,-0.503656462585034,2149.26221,1.613842782597958,1.2012741070617072
2022-11-30,18727,CHWY,CHEWY INC,25,-0.03,0.110751,-0.4920918367346938,4319.44071,0.6783041792600327,1.3373919898337212
2022-11-30,18777,KRTX,KARUNA THERAPEUTICS INC,35,-0.020000000000000004,0.069953,-0.2448979591836735,7537.18042,0.9051995737832388,0.35987410033587325
2022-11-30,18937,CHPT,CHARGEPOINT HOLDINGS INC,20,-0.03,-0.114444,-0.5196428571428571,4751.3546400000005,1.9313746097123745,1.2626526217143608
2022-11-30,18940,PTON,PELOTON INTERACTIVE INC,25,-0.03,0.351906,-0.5759566326530613,2633.5512,1.6795924293921427,1.6060524155767206
2022-11-30,19561,BA,BOEING CO,20,-0.03,0.25235399999999997,-0.4677508503401361,84933.53732999999,1.4333329466596274,1.2956661478199003
2022-11-30,21936,PFE,PFIZER INC,35,0.03,0.0833,0.3600552721088435,261254.98559999999,0.6132899701211634,0.5992217665445019
2022-11-30,23835,MDU,M D U RESOURCES GROUP INC,20,-0.03,0.102832,-0.2362457482993197,5791.43648,0.6853930145057403,0.6290539849978111
2022-11-30,25487,CAR,AVIS BUDGET GROUP INC,20,0.03,-0.057241999999999994,0.00393282312925171,9805.050360000001,2.1847145802773453,2.6598213838892986
2022-11-30,35991,ROG,ROGERS CORP,45,-0.03,-0.539507,-0.22353316326530615,4426.79263,1.1968052243820766,0.6304914402119546
2022-11-30,43350,SWK,STANLEY BLACK & DECKER INC,20,-0.03,0.048488,-0.39413265306122447,11611.96758,1.2035964838973499,1.1682040078811393
2022-11-30,44943,DIOD,DIODES INC,45,0.03,0.284014,0.23658588435374148,3258.69156,1.2640318513020883,1.3013196025853564
2022-11-30,49429,DDS,DILLARDS INC,25,0.03,0.091155,0.1964498299319728,4323.588500000001,0.850155540695637,1.3012349577129814
2022-11-30,59328,INTC,INTEL CORP,45,-0.03,0.068519,-0.38790391156462584,117330.61,0.7132251292538664,0.9178216211583831
2022-11-30,60098,OTTR,OTTER TAIL CORP,55,0.03,-0.111745,0.3884566326530612,2806.76202,0.49643437493647485,0.62565752552401
2022-11-30,61807,MOGA,MOOG INC,20,0.03,0.027118,0.34810799319727886,2454.4447499999997,1.2487850489988632,0.8043655115465963
2022-11-30,62341,PDCE,P D C ENERGY INC,10,0.03,0.027363,0.35916241496598633,6647.3403,2.494553493703415,1.0471088632079992
2022-11-30,64936,D,DOMINION ENERGY INC,55,-0.03,-0.12948199999999999,-0.3001913265306122,58120.5805,0.40975615896534734,0.3817178484894571
2022-11-30,66800,AIG,AMERICAN INTERNATIONAL GROUP INC,40,0.03,0.104337,0.3276573129251701,43343.712,1.1578963403495035,0.9246158708375788
2022-11-30,69649,RJF,RAYMOND JAMES FINANCIAL INC,40,-0.03,-0.013352,-0.34147534013605446,25411.914,1.0515071711981532,0.9851327232662588
2022-11-30,75854,LSCC,LATTICE SEMICONDUCTOR CORP,45,0.012964023209723237,0.498484,0.15797193877551016,6648.7320899999995,1.1764982160493889,1.3961634024239629
2022-11-30,76504,CATY,CATHAY GENERAL BANCORP,40,0.03,0.023909,0.37361819727891155,3393.2784,1.148024375558333,0.7944136182487724
2022-11-30,76804,MTG,M G I C INVESTMENT CORP WIS,40,0.007035976790276045,0.010596000000000001,0.3606079931972789,4141.956,1.3435838121282728,0.8278165895721125
2022-11-30,77300,SMG,SCOTTS MIRACLE GRO CO,15,-0.03,0.229871,-0.5759778911564626,2543.6894599999996,1.3920634555178553,1.3210755832436472
2022-11-30,77462,M,MACYS INC,25,0.03,0.12424199999999999,0.156313775510204,5650.1623500000005,1.7749097688016795,1.4662817603489726
2022-11-30,78987,MCHP,MICROCHIP TECHNOLOGY INC,45,0.03,0.28560399999999997,0.21928146258503406,33957.555660000005,1.4833648370823187,1.3400876486314448
2022-11-30,79299,PZZA,PAPA JOHNS INTL INC,25,-0.0016335356408110485,0.149361,-0.20746173469387758,2565.87264,1.0498061533338647,0.5635073376939346
2022-11-30,79841,FWRD,FORWARD AIR CORP,20,0.03,0.060869000000000006,0.34819302721088435,2815.0833000000002,1.0878910099791483,0.9773950205761788
2022-11-30,80415,EXP,EAGLE MATERIALS INC,15,0.03,0.11185300000000001,0.35522959183673475,4506.51195,1.2472442321256971,0.9966069140855927
2022-11-30,83272,HUBG,HUB GROUP INC,20,0.03,0.081551,0.3886692176870748,2533.9504,0.9072173247327424,0.7841272299081425
2022-11-30,83443,BRKB,BERKSHIRE HATHAWAY INC DEL,40,-0.01703597679027604,0.07681500000000001,-0.21826105442176874,383949.27134,0.8430943790490846,0.6689699219028837
2022-11-30,84761,TTWO,TAKE TWO INTERACTIVE SOFTWR INC,50,-0.03,-0.110807,-0.38594812925170074,19883.19512,0.7640126059029808,0.7327959202179886
2022-11-30,85593,AMG,AFFILIATED MANAGERS GROUP INC,40,0.03,0.28926999999999997,0.2903273809523809,4746.14016,1.257480252673304,1.144652173926947
2022-11-30,85710,POWI,POWER INTEGRATIONS INC,45,0.03,0.206389,0.3255102040816326,3815.67858,1.0682221082061565,1.1911908048123754
2022-11-30,86047,AMKR,AMKOR TECHNOLOGY INC,45,0.03,0.34490699999999996,0.3606505102040816,5093.03025,1.5374759760212184,1.3288700623231238
2022-11-30,86594,KFY,KORN FERRY,20,0.03,0.023048,0.3324617346938776,2967.3942,1.4861347911730132,0.9279095183424786
2022-11-30,86783,BKNG,BOOKING HOLDINGS INC,25,0.03,0.109459,0.23071853741496598,72515.25972,1.192781708578747,1.2171670432142423
2022-11-30,88446,ILMN,ILLUMINA INC,35,-0.03,-0.049793,-0.5921981292517007,35993.386,1.1604465886719297,1.3409621313692222
2022-11-30,89301,GME,GAMESTOP CORP NEW,25,-0.03,-0.07703499999999999,-0.47378826530612245,8621.244299999998,1.2390748644311813,0.5846262040385194
2022-11-30,89508,KMX,CARMAX INC,25,-0.03,0.09792200000000001,-0.41787840136054427,9956.52515,1.3881739160124398,1.253878070673244
2022-11-30,89792,CVCO,CAVCO INDUSTRIES INC DEL,25,0.03,0.010203,0.2862244897959184,2019.40303,1.1398892389954731,1.1333641897626219
2022-11-30,89946,AEL,AMERICAN EQUITY INVT LIFE HLDG C,40,0.03,-0.053814999999999995,0.3878188775510204,3775.44504,0.989186780051582,1.0014682136630226
2022-11-30,90125,CORT,CORCEPT THERAPEUTICS INC,35,0.03,-0.11894,0.4069302721088435,3078.7900000000004,0.6136366473421687,0.5525382897209061
2022-11-30,90312,WLK,WESTLAKE CORP,15,0.020000000000000004,0.11469700000000001,0.3271471088435375,12367.43065,1.1963329390870536,0.9461474479184684
2022-11-30,90505,LVS,LAS VEGAS SANDS CORP,25,-0.018366464359188955,0.22945100000000002,-0.458609693877551,29045.949660000002,1.0938646674960715,1.4052889946941922
2022-11-30,90829,CF,C F INDUSTRIES HOLDINGS INC,15,0.03,0.019086,0.3380739795918367,21173.473860000002,0.9985547545515049,0.9900685951136362
2022-11-30,90978,SPWR,SUNPOWER CORP,20,-0.009999999999999995,0.308664,-0.4323767006802721,3220.1259499999996,1.8123561729932967,1.4213032594453923
2022-11-30,91611,FSLR,FIRST SOLAR INC,45,-0.03,0.182347,-0.4465773809523809,15518.635419999999,1.2928887991504738,1.0874238173921045
2022-11-30,91983,CLR,CONTINENTAL RESOURCES INC,10,0.020000000000000004,0.0013350000000000002,0.380420918367347,26454.186980000002,2.31776675642148,0.8404400711784303
2022-11-30,92040,FOLD,AMICUS THERAPEUTICS INC,35,-0.03,0.207144,-0.4676658163265306,2809.45,0.8872468533281914,1.0156685817857924
2022-11-30,93002,AVGO,BROADCOM INC,45,0.03,0.169249,0.29345238095238096,196510.16,1.0723036221954543,1.0579555314431273
2022-12-31,11752,COHR,COHERENT CORP,45,-0.03,-0.046193,-0.40153704401725504,5085.7623,1.5107605045615848,1.1450630928641325
2022-12-31,11990,KKR,K K R & CO INC,40,-0.020047825876474742,-0.10931099999999999,-0.44201532855886416,44708.93504,1.4344118394481924,1.48838022364424
2022-12-31,13116,CIVI,CIVITAS RESOURCES INC,10,0.03,-0.11366000000000001,0.42369225614608197,5733.07696,1.6649923474486505,0.8472553003507923
2022-12-31,13284,ALSN,ALLISON TRANSMISSION HLDGS INC,20,0.03,-0.07480800000000001,0.42210076642794325,4143.552,0.9665652227870078,0.6712489478714714
2022-12-31,13527,FIVE,FIVE BELOW INC,25,-0.020000000000000004,0.09614900000000001,-0.44727143275955944,8929.98204,1.175143976269937,1.251927418526118
2022-12-31,13721,ABBV,ABBVIE INC,35,0.03,-0.0007110000000000003,0.33184654688612475,285043.76758,0.6613774326415508,0.42433569088529904
2022-12-31,13766,BCC,BOISE CASCADE CO,20,0.03,-0.075907,0.3196172048414792,2920.72992,1.5037091573757453,1.3020642764721742
2022-12-31,13837,EVTC,EVERTEC INC,45,0.03,-0.04454,0.36767600619843366,2201.87154,0.9292808173613409,0.7127985472068948
2022-12-31,13862,TMHC,TAYLOR MORRISON HOME CORP,25,0.03,-0.0046949999999999995,0.25658583574150856,3292.66533,1.6502282954876142,1.2111294614365964
2022-12-31,14054,MRTX,MIRATI THERAPEUTICS INC,35,-0.03,-0.507537,-0.5920969971101897,5262.3000600000005,0.9258177700308989,1.065062455115485
2022-12-31,14167,ISEE,IVERIC BIO INC,35,-0.03,-0.096944,-0.5311806340830089,2851.47726,1.0174059536991822,1.0651980431690977
2022-12-31,14328,AMC,A M C ENTERTAINMENT HOLDINGS INC,50,-0.03,-0.44044700000000003,-0.42829920006701006,3736.61583,1.9856376449699717,0.7620893617980605
2022-12-31,14436,RARE,ULTRAGENYX PHARMACEUTICALS INC,35,-0.03,0.27293,-0.5245633873602211,2544.8477999999996,1.2239995258777179,1.0699302644467066
2022-12-31,14479,IBP,INSTALLED BUILDING PRODUCTS INC,25,0.03,0.008006,0.3010219039242786,2429.2527900000005,1.6415848630825494,1.2293947593250272
2022-12-31,14617,ARES,ARES MANAGEMENT CORP,40,-0.03,-0.122589,-0.46938476358001424,13594.3938,1.2269426659349245,1.3369788034604064
2022-12-31,15067,FRPT,FRESHPET INC,30,-0.03,-0.216002,-0.5250450224065,3218.3004,0.8379752350707612,1.317152581789674
2022-12-31,15071,SYNH,SYNEOS HEALTH INC,35,0.03,0.036304,-0.04315868827742177,3630.45312,1.6543958667050065,1.594915931608253
2022-12-31,15272,SEDG,SOLAREDGE TECHNOLOGIES INC,45,-0.03,-0.055544,-0.5461532018260251,16704.779700000003,1.2938821523284558,1.4976999029199365
2022-12-31,15400,ENR,ENERGIZER HOLDINGS INC NEW,30,-0.020000000000000004,-0.019219,-0.2818193240356829,2430.3442800000003,1.0171453938570139,0.7353061836969199
2022-12-31,16044,NGVT,INGEVITY CORP,15,0.03,-0.10341700000000001,0.32102022867194374,2925.10644,1.7316084117050368,0.9309353696133664
2022-12-31,16260,MEDP,MEDPACE HOLDINGS INC,35,0.03,0.008627,0.19608828579804832,6527.579,1.393794490710076,1.3677854197537305
2022-12-31,16505,BPOP,POPULAR INC,40,0.03,-0.08762400000000001,0.417431000544457,5308.11588,0.8426855224443789,0.8175477558220721
2022-12-31,16966,SWCH,SWITCH INC,45,-0.03,-0.003379,-0.21405536708966785,5409.89025,0.5723297617483389,0.3701564348469371
2022-12-31,17104,APLS,APELLIS PHARMACEUTICALS INC,35,-0.03,0.032271,-0.5083553210202287,5521.059679999999,1.1700537902689123,0.9154814170987745
2022-12-31,18011,SONO,SONOS INC,25,-0.03,-0.039317,-0.40614398793818324,2220.80558,1.885675607027774,1.1517297702352687
2022-12-31,18453,LAZR,LUMINAR TECHNOLOGIES INC,25,-0.03,-0.357165,-0.48393851823930983,2035.02454,1.5833733157121666,1.1835272632698357
2022-12-31,18777,KRTX,KARUNA THERAPEUTICS INC,35,-0.03,-0.16831,-0.37274364451145453,8085.95753,0.8907081997477736,0.34487392819079327
2022-12-31,18937,CHPT,CHARGEPOINT HOLDINGS INC,20,-0.03,-0.236068,-0.5073082883109268,4221.16056,1.8680205240480803,1.241460805710219
2022-12-31,19561,BA,BOEING CO,20,-0.03,0.061525,-0.4295975206265443,106609.43903999998,1.4684653722014767,1.2170792122813507
2022-12-31,19880,MTZ,MASTEC INC,20,-0.03,-0.063932,-0.412321480923064,7105.99422,1.3329069995708467,1.055945981962081
2022-12-31,28345,MUR,MURPHY OIL CORP,10,0.020000000000000004,-0.09215000000000001,0.36143569125099473,7337.4760000000015,2.410015714954352,1.048578818502305
2022-12-31,32651,HL,HECLA MINING CO,15,-0.03,0.016805,-0.4623696444276919,3304.17695,2.0795926564324634,0.9354215082079382
2022-12-31,35991,ROG,ROGERS CORP,45,-0.03,0.091082,-0.4277547430581731,2051.2604800000004,1.0724139903307903,0.8729710775112066
2022-12-31,40272,IFF,INTERNATIONAL FLAVORS & FRAG INC,15,-0.029952174123524543,-0.004909,-0.28963018804707463,26980.07884,1.0086199247708685,0.7829964846862145
2022-12-31,49154,TGT,TARGET CORP,25,-0.03,-0.11129800000000001,-0.3175440800770616,76903.9917,0.9761618837945686,0.8419628290490399
2022-12-31,49429,DDS,DILLARDS INC,25,0.03,-0.061453,0.21108179419525078,4730.055,0.8382316135316529,1.1750814295733614
2022-12-31,57808,VSH,VISHAY INTERTECHNOLOGY INC,45,0.03,-0.06718099999999999,0.3209992880177577,2985.24672,1.2867293047759631,0.9302684400987494
2022-12-31,60098,OTTR,OTTER TAIL CORP,55,0.02327121268843027,-0.018808,0.3734765674079658,2482.45653,0.46329338654808316,0.6522186312746353
2022-12-31,62341,PDCE,P D C ENERGY INC,10,0.03,-0.135509,0.40122293420446453,6848.216399999999,2.4986008020819206,0.9998178401370836
2022-12-31,66093,T,A T & T INC,50,0.009999999999999995,-0.048504,0.3025924529882314,137408.56,0.5643406734520758,0.572959514699956
2022-12-31,75607,GEN,GEN DIGITAL INC,45,-0.03,-0.070017,-0.22883946894500987,14955.225600000002,0.7159858827022663,0.5527311202626984
2022-12-31,76504,CATY,CATHAY GENERAL BANCORP,40,0.03,-0.125608,0.4649662855467605,3458.01858,1.1415701990765292,0.7554840534329154
2022-12-31,76804,MTG,M G I C INVESTMENT CORP WIS,40,0.010047825876474747,-0.056547,0.4242157725007329,4078.15325,1.3362836023525941,0.7848794743765263
2022-12-31,77300,SMG,SCOTTS MIRACLE GRO CO,15,-0.03,-0.13461399999999998,-0.4677932738618754,3102.15745,1.4332549738164537,1.2995248654620373
2022-12-31,78987,MCHP,MICROCHIP TECHNOLOGY INC,45,0.03,-0.11627199999999999,0.17944046572014913,43555.21271,1.544105043722281,1.3505049495358203
2022-12-31,79299,PZZA,PAPA JOHNS INTL INC,25,-0.03,-0.014789,-0.26330778573522634,2941.4092800000003,1.0924157592366532,0.5275202877620168
2022-12-31,79668,BDC,BELDEN INC NEW,45,0.03,-0.10896800000000001,0.31681115718055036,3443.3146399999996,1.3193304621999318,0.9503738586847895
2022-12-31,79841,FWRD,FORWARD AIR CORP,20,0.03,-0.06994500000000001,0.3741885496502911,2987.9183000000003,1.0951181549301727,0.9503329850254861
2022-12-31,80415,EXP,EAGLE MATERIALS INC,15,0.03,-0.027174,0.3836327846881936,5023.4473,1.256289550742305,0.9736324468609457
2022-12-31,80432,AEO,AMERICAN EAGLE OUTFITTERS INC NE,25,-0.03,-0.120952,-0.46984545797210703,2964.76292,1.3999483378927986,1.2140248699930754
2022-12-31,83272,HUBG,HUB GROUP INC,20,0.03,-0.058756,0.3788792561879633,2747.8341000000005,0.9056544089357254,0.7633680502366337
2022-12-31,84385,NSP,INSPERITY INC,20,0.03,-0.040913,0.35689156929262467,4497.075699999999,1.2571683953958073,0.8110916625721585
2022-12-31,84761,TTWO,TAKE TWO INTERACTIVE SOFTWR INC,50,-0.03,-0.018139000000000002,-0.4113791514846924,17736.790109999998,0.73650942940744,0.7405632039550571
2022-12-31,85002,SRPT,SAREPTA THERAPEUTICS INC,35,-0.03,0.051747,-0.47244209909117557,10780.63023,1.135121668544892,0.6632813662881953
2022-12-31,85738,MRCY,MERCURY SYSTEMS INC,20,-0.009999999999999995,-0.12301699999999999,-0.29344138710893325,2946.64524,0.8938886284634423,0.8040447739682728
2022-12-31,86047,AMKR,AMKOR TECHNOLOGY INC,45,0.03,-0.145201,0.2695271600284793,6864.1995,1.610404081321964,1.3025613921557249
2022-12-31,86594,KFY,KORN FERRY,20,0.03,-0.11311399999999999,0.3443690580893747,3044.2614000000003,1.4770247567090085,0.8890869457740678
2022-12-31,86783,BKNG,BOOKING HOLDINGS INC,25,0.03,-0.034238000000000005,0.22450475352850022,80659.78605,1.2208775712721203,1.1681175774122008
2022-12-31,87078,MDRX,ALLSCRIPTS HEALTHCARE SOLNS INC,35,0.009999999999999995,-0.072017,0.20565816476106713,2069.3844000000004,0.9881504892748902,0.778120834237642
2022-12-31,89301,GME,GAMESTOP CORP NEW,25,-0.03,-0.299068,-0.42978598651421873,7981.7312999999995,1.2063169425276143,0.5581800105399988
2022-12-31,89792,CVCO,CAVCO INDUSTRIES INC DEL,25,0.03,-0.018098,0.2908028646814926,2045.77367,1.1388233468268247,1.1347207500023573
2022-12-31,89946,AEL,AMERICAN EQUITY INVT LIFE HLDG C,40,0.03,0.12276300000000001,0.34694475855425727,3471.78802,0.9621759213870326,1.0730708487700813
2022-12-31,90125,CORT,CORCEPT THERAPEUTICS INC,35,0.03,-0.199977,0.3629015370440172,2721.3920000000003,0.5966922669715609,0.5285946140977552
2022-12-31,90126,CYTK,CYTOKINETICS INC,35,-0.03,0.074739,-0.49826192570255906,4021.8175,0.9572141357015413,0.8276765394059823
2022-12-31,90564,PBH,PRESTIGE CONSUMER HEALTHCARE INC,35,0.03,0.01517,0.33356368052937974,3043.86796,0.5589947109352227,0.45785812426461137
2022-12-31,90829,CF,C F INDUSTRIES HOLDINGS INC,15,0.026680961435094276,-0.21587599999999998,0.28464631235079785,21225.68791,0.9966631035442081,0.9675528164936291
2022-12-31,91161,GPRE,GREEN PLAINS INC,10,-0.03,-0.12085599999999999,-0.4262888972651506,2049.2352,1.7108601418671732,1.214305172315237
2022-12-31,91594,SPR,SPIRIT AEROSYSTEMS HOLDINGS INC,20,-0.03,0.12596100000000002,-0.4779913724504753,2758.7073400000004,1.738677172523197,1.3710712280011044
2022-12-31,91611,FSLR,FIRST SOLAR INC,45,-0.03,-0.135182,-0.4302885622146836,18392.73318,1.3055583752268378,1.0294178035938502
2022-12-31,93002,AVGO,BROADCOM INC,45,0.03,0.019813,0.2890647903840516,230267.72258,1.095413437034292,1.0662368804319813
2022-12-31,93289,MXL,MAXLINEAR INC,45,0.03,-0.07578299999999999,0.11138333961552963,2875.5156,1.8181123319191512,1.5889497044328615
2023-01-31,10258,CLDX,CELLDEX THERAPEUTICS INC,35,-0.03,-0.014949,-0.32872023809523804,2103.74857,2.3017721158950835,0.5005910724747785
2023-01-31,11752,COHR,COHERENT CORP,45,-0.03,0.232961,-0.3935586734693877,4868.019,1.4884106425265708,1.1853390724340702
2023-01-31,13284,ALSN,ALLISON TRANSMISSION HLDGS INC,20,0.03,0.08014800000000001,0.43199404761904764,3847.584,0.9699226638449231,0.6556744218051175
2023-01-31,13527,FIVE,FIVE BELOW INC,25,-0.03,0.111041,-0.5112882653061225,9818.761180000001,1.1135049323723654,1.280606323227972
2023-01-31,13600,QLYS,QUALYS INC,45,0.007682906348443114,0.024383000000000002,0.272108843537415,4193.13726,0.6044282383233507,0.9947510645206878
2023-01-31,13688,PCG,P G & E CORP,55,-0.02105097762447142,-0.025646,-0.16009778911564623,32320.002000000004,1.1010192148770301,0.36090366301999166
2023-01-31,13721,ABBV,ABBVIE INC,35,0.03,-0.08037899999999999,0.3151147959183673,285804.21441,0.6493608786072954,0.41850557502993896
2023-01-31,13766,BCC,BOISE CASCADE CO,20,0.03,0.08823700000000001,0.3069940476190475,2708.8941600000003,1.499729954339571,1.297011461291282
2023-01-31,13862,TMHC,TAYLOR MORRISON HOME CORP,25,0.03,0.176066,0.23845663265306125,3288.33145,1.611245436697097,1.19040802272381
2023-01-31,13901,MO,ALTRIA GROUP INC,30,0.03,-0.018164,0.44321853741496603,81920.22783,0.5711077941006839,0.4522240465134704
2023-01-31,14008,AMGN,AMGEN INC,35,0.03,-0.042495000000000005,0.3296130952380953,140249.75999999998,0.6173467777561696,0.4038297377771263
2023-01-31,14054,MRTX,MIRATI THERAPEUTICS INC,35,-0.03,0.175262,-0.5865433673469388,2621.41005,1.1128120462547366,1.1582212267179874
2023-01-31,14167,ISEE,IVERIC BIO INC,35,-0.03,0.07542900000000001,-0.5437074829931974,2925.4624,1.0573742993173272,1.0770096340816153
2023-01-31,14436,RARE,ULTRAGENYX PHARMACEUTICALS INC,35,-0.03,-0.025089999999999998,-0.5712159863945578,3252.22701,1.0893236316105626,1.0821289004478711
2023-01-31,14479,IBP,INSTALLED BUILDING PRODUCTS INC,25,0.03,0.282592,0.26460459183673474,2448.4168,1.5977265906931568,1.2210256229959071
2023-01-31,14617,ARES,ARES MANAGEMENT CORP,40,-0.03,0.209089,-0.5084396258503401,11868.8648,1.2512861416385934,1.3430551305535103
2023-01-31,15067,FRPT,FRESHPET INC,30,-0.03,0.19660799999999998,-0.48497023809523804,2538.87024,0.9086527204035896,1.3051546144321056
2023-01-31,15071,SYNH,SYNEOS HEALTH INC,35,0.03,-0.024225999999999998,0.002869897959183695,3774.7754800000002,1.5961406279220063,1.5997100506472441
2023-01-31,15272,SEDG,SOLAREDGE TECHNOLOGIES INC,45,-0.03,0.12308700000000002,-0.5394982993197279,15900.79491,1.2980333422569872,1.4779159672282651
2023-01-31,15429,LNTH,LANTHEUS HOLDINGS INC,35,0.03,0.12483000000000001,0.10695153061224492,3440.41152,0.8171386019745749,1.3228754289393039
2023-01-31,16044,NGVT,INGEVITY CORP,15,0.03,0.166852,0.4306122448979592,2632.48368,1.7281737736169474,0.9274918510748346
2023-01-31,16260,MEDP,MEDPACE HOLDINGS INC,35,0.03,0.037264,0.16964285714285707,6604.251719999999,1.3660570384258128,1.372936763826632
2023-01-31,16505,BPOP,POPULAR INC,40,0.020000000000000004,0.031476,0.37882653061224486,4765.357279999999,0.8596221888865097,0.8199904258440112
2023-01-31,16932,ROKU,ROKU INC,50,-0.018949022375528615,0.40926999999999997,-0.5269557823129253,4833.8169,1.6672318629730896,1.643056103070812
2023-01-31,17104,APLS,APELLIS PHARMACEUTICALS INC,35,-0.03,0.016219,-0.5176658163265306,5728.02012,1.1327219214728452,0.9325365699676155
2023-01-31,18011,SONO,SONOS INC,25,-0.03,0.087618,-0.3884141156462585,2151.7248999999997,1.8517980042092652,1.1493039238128822
2023-01-31,18777,KRTX,KARUNA THERAPEUTICS INC,35,-0.03,0.011201,-0.4390093537414966,6774.141,0.9883353329940433,0.35849944696117714
2023-01-31,18937,CHPT,CHARGEPOINT HOLDINGS INC,20,-0.03,0.270366,-0.4694302721088435,3256.24852,1.9391032162349844,1.2671998210183484
2023-01-31,19561,BA,BOEING CO,20,-0.03,0.114663,-0.45282738095238095,113528.80167,1.4043524988816174,1.1910003285564392
2023-01-31,20765,AJRD,AEROJET ROCKETDYNE HOLDINGS INC,20,-0.03,-0.003685,-0.26753826530612246,4504.21069,0.5361486147792698,0.5929121081522302
2023-01-31,28345,MUR,MURPHY OIL CORP,10,0.020000000000000004,0.010444,0.3457908163265306,6686.11955,2.3907488531032794,1.0326147971508397
2023-01-31,32651,HL,HECLA MINING CO,15,-0.03,0.10620600000000001,-0.4796981292517006,3370.8667599999994,2.0182305249699737,0.9521928438517655
2023-01-31,35991,ROG,ROGERS CORP,45,-0.03,0.166177,-0.44632227891156456,2245.02408,1.0092808319549764,0.889336352976688
2023-01-31,38295,SPB,SPECTRUM BRANDS HOLDINGS INC NEW,30,-0.03,0.11074200000000001,-0.3698341836734695,2484.74404,1.3869251805951939,1.039834786120148
2023-01-31,38850,SKY,SKYLINE CHAMPION CORP,25,0.03,0.140932,0.2204081632653061,2932.20675,1.8366959293258787,1.2811417857095668
2023-01-31,40272,IFF,INTERNATIONAL FLAVORS & FRAG INC,15,-0.03,0.069176,-0.28428996598639455,26730.21608,0.9824132462938078,0.7875075422499715
2023-01-31,44943,DIOD,DIODES INC,45,0.03,0.16788899999999998,0.24598214285714293,3462.0858,1.375064810409882,1.3281556328698878
2023-01-31,49429,DDS,DILLARDS INC,25,0.03,0.213419,0.24668367346938774,4246.524799999999,0.856033439667193,1.135578144211788
2023-01-31,57808,VSH,VISHAY INTERTECHNOLOGY INC,45,0.03,0.05769,0.3870110544217687,2794.7817600000003,1.2803521293675442,0.9306204597849981
2023-01-31,60098,OTTR,OTTER TAIL CORP,55,0.03,0.08915300000000001,0.4097151360544218,2444.15601,0.4617835236440684,0.6520160638632466
2023-01-31,61241,AMD,ADVANCED MICRO DEVICES INC,45,-0.01768290634844311,0.156753,-0.46473214285714287,104409.23999999999,2.1544815058555535,1.5070823099827395
2023-01-31,62341,PDCE,P D C ENERGY INC,10,0.03,0.063444,0.4317602040816327,5656.3854,2.492908138858447,0.9933198466652425
2023-01-31,76504,CATY,CATHAY GENERAL BANCORP,40,0.03,0.07420900000000001,0.438732993197279,2967.14618,1.1612729640954504,0.7572870983580786
2023-01-31,76841,BIIB,BIOGEN INC,35,0.002317093651556145,0.046978,0.200765306122449,39876.48,0.24943407774778525,0.7040980159944078
2023-01-31,78987,MCHP,MICROCHIP TECHNOLOGY INC,45,0.03,0.10140500000000001,0.23773384353741497,38482.388,1.5525832632687515,1.3506359596625492
2023-01-31,79299,PZZA,PAPA JOHNS INTL INC,25,-0.03,0.08615500000000001,-0.2786352040816326,2859.12016,1.0733733571560067,0.5364945837383704
2023-01-31,79668,BDC,BELDEN INC NEW,45,0.03,0.12431000000000002,0.34440901360544224,3077.7514,1.3281280809947618,0.9537877068242548
2023-01-31,79841,FWRD,FORWARD AIR CORP,20,0.03,0.024714,0.3577168367346939,2775.4942899999996,1.0976412554594253,0.9331139647034319
2023-01-31,80415,EXP,EAGLE MATERIALS INC,15,0.03,0.09608,0.37959183673469393,4894.858249999999,1.234749737587987,0.9662753682229812
2023-01-31,80432,AEO,AMERICAN EAGLE OUTFITTERS INC NE,25,-0.03,0.15265399999999998,-0.4072491496598639,2616.1877600000003,1.409244844565657,1.184973055635803
2023-01-31,84385,NSP,INSPERITY INC,20,0.03,-0.030355,0.3467049319727891,4309.3024,1.2465885780571568,0.8099272310989643
2023-01-31,84519,CIEN,CIENA CORP,45,-0.03,0.016894000000000003,-0.4225765306122449,7566.1966999999995,0.9182424647371981,0.9918728310817322
2023-01-31,84761,TTWO,TAKE TWO INTERACTIVE SOFTWR INC,50,-0.03,0.083885,-0.39241071428571433,17545.905,0.724373098501634,0.7608985363674937
2023-01-31,85002,SRPT,SAREPTA THERAPEUTICS INC,35,-0.03,-0.039083,-0.5074617346938776,11396.561000000002,1.0949367107179344,0.6634723745692399
2023-01-31,85710,POWI,POWER INTEGRATIONS INC,45,0.03,0.196857,0.2550595238095238,4085.2429199999997,1.1271488526418507,1.202433077856342
2023-01-31,85738,MRCY,MERCURY SYSTEMS INC,20,-0.03,0.11372700000000001,-0.3580994897959184,2521.7701,0.9190047621281329,0.8318086625973414
2023-01-31,86047,AMKR,AMKOR TECHNOLOGY INC,45,0.03,0.21667699999999998,0.34253826530612247,5877.28218,1.6327937295494184,1.2940974336389548
2023-01-31,89301,GME,GAMESTOP CORP NEW,25,-0.03,0.181218,-0.3469175170068027,5622.50988,1.3299768668649912,0.5716502872634607
2023-01-31,89946,AEL,AMERICAN EQUITY INVT LIFE HLDG C,40,0.03,0.040992,0.30425170068027213,3909.7252399999998,0.8924324544077161,1.0817697325178126
2023-01-31,90125,CORT,CORCEPT THERAPEUTICS INC,35,0.03,0.122048,0.3190476190476191,2190.1288499999996,0.6621516552144264,0.47207325156794094
2023-01-31,90126,CYTK,CYTOKINETICS INC,35,-0.03,-0.0764,-0.562797619047619,4345.29388,0.9181938991512301,0.8090783174764999
2023-01-31,90178,ALNY,ALNYLAM PHARMACEUTICALS INC,35,-0.02231709365155615,-0.050845,-0.4917304421768708,29450.77625,0.5598127354888608,0.974184967053238
2023-01-31,90386,MOS,MOSAIC CO NEW,15,0.020000000000000004,0.125739,0.2643494897959183,14936.901469999999,1.5119563029426129,1.0861865309687042
2023-01-31,90829,CF,C F INDUSTRIES HOLDINGS INC,15,0.03,-0.009375,0.3665603741496599,16715.3028,1.059684745120374,0.954540255811578
2023-01-31,91575,HRI,HERC HOLDINGS INC,20,0.03,0.177006,0.17850765306122446,3849.4750599999998,2.4217484635225537,1.4214805302575875
2023-01-31,91594,SPR,SPIRIT AEROSYSTEMS HOLDINGS INC,20,-0.03,0.217778,-0.4561862244897959,3115.5184000000004,1.6397871408696763,1.3361568307573446
2023-01-31,91611,FSLR,FIRST SOLAR INC,45,-0.03,0.18215399999999998,-0.44264455782312934,15968.962109999999,1.330054681559143,1.0378453929738467
2023-01-31,91733,AVAV,AEROVIRONMENT INC,20,-0.03,0.035135,-0.3729804421768707,2154.94862,0.6033294122084742,1.0403267091567319
2023-01-31,92611,V,VISA INC,45,0.03,0.104551,0.30533588435374154,338268.39144,0.9035607574783207,0.9525086757777877
2023-01-31,92655,UNH,UNITEDHEALTH GROUP INC,35,0.03,-0.061958,0.2709396258503401,495373.15281999996,0.6838673922443448,0.6045249006976601
2023-01-31,93263,CELH,CELSIUS HOLDINGS INC,30,-0.020000000000000004,-0.039262000000000005,-0.4623724489795918,7946.783280000001,2.0055874281666815,1.449466338977257
2023-02-28,11995,COKE,COCA COLA CONSOLIDATED INC,30,0.03,0.09535,0.36475862916103674,4241.241819999999,0.8528358875065416,0.726761674807616
2023-02-28,13116,CIVI,CIVITAS RESOURCES INC,10,0.020000000000000004,0.050945,0.3957130573639602,5664.13705,1.7040799786263807,0.8350512753914474
2023-02-28,13527,FIVE,FIVE BELOW INC,25,-0.03,0.032922,-0.4498628342136511,10948.00881,1.1454293969700096,1.270784816735867
2023-02-28,13543,GMED,GLOBUS MEDICAL INC,35,0.009999999999999995,-0.230735,0.17092494779511114,5844.606000000001,0.953467793168957,0.8612068517032192
2023-02-28,13721,ABBV,ABBVIE INC,35,0.03,0.038174,0.3264750440158867,261293.06775,0.576813041162851,0.4287474926856391
2023-02-28,13766,BCC,BOISE CASCADE CO,20,0.03,-0.079594,0.3283585145150063,2957.41656,1.4880203746431786,1.2991103581114458
2023-02-28,13862,TMHC,TAYLOR MORRISON HOME CORP,25,0.03,-0.0026119999999999997,0.25928428121033453,3878.8225999999995,1.6457472480848852,1.1861353435878041
2023-02-28,13901,MO,ALTRIA GROUP INC,30,0.0022224365028708296,0.027412,0.4436187200589608,80719.47192,0.5658255686251356,0.45452734475492174
2023-02-28,13928,COP,CONOCOPHILLIPS,10,0.03,-0.151564,0.37438070671088725,151858.67277,1.267777676920339,0.8719057533710798
2023-02-28,14054,MRTX,MIRATI THERAPEUTICS INC,35,-0.03,-0.145184,-0.582688449412439,3090.0355499999996,1.052594046944109,1.1629138631247782
2023-02-28,14167,ISEE,IVERIC BIO INC,35,-0.03,-0.10388299999999999,-0.5341481390492567,3156.384,1.0864016577773599,1.0804735274845234
2023-02-28,14328,AMC,A M C ENTERTAINMENT HOLDINGS INC,50,-0.03,0.331129,-0.4202186463579413,2765.08865,2.2569596752645658,0.8180138186312754
2023-02-28,14436,RARE,ULTRAGENYX PHARMACEUTICALS INC,35,-0.03,-0.021981,-0.5544978094419195,3182.03001,1.036114782860022,1.102059211086272
2023-02-28,14479,IBP,INSTALLED BUILDING PRODUCTS INC,25,0.03,0.044601999999999996,0.237419645416206,3148.9042700000005,1.6889482636802502,1.2396768878592017
2023-02-28,14617,ARES,ARES MANAGEMENT CORP,40,-0.03,-0.031887,-0.5007165376898824,14392.125799999998,1.2857680000758906,1.3388203609188079
2023-02-28,15065,FGEN,FIBROGEN INC,35,-0.03,-0.062772,-0.5479875527167015,2222.7188,0.9250803225520008,1.1384172980888212
2023-02-28,15067,FRPT,FRESHPET INC,30,-0.03,-0.021609000000000003,-0.5443639192564386,3046.93296,0.9705714136369219,1.308051992033652
2023-02-28,15071,SYNH,SYNEOS HEALTH INC,35,0.03,0.11626,0.02200794333210499,3696.5631200000003,1.6087511868404638,1.6090753781943496
2023-02-28,15272,SEDG,SOLAREDGE TECHNOLOGIES INC,45,-0.03,-0.007242,-0.525652049297793,17913.724290000002,1.336891648166671,1.48027018505586
2023-02-28,15429,LNTH,LANTHEUS HOLDINGS INC,35,0.03,0.282811,0.09697825819923843,3881.94,0.8181196601728975,1.3230396346592526
2023-02-28,16044,NGVT,INGEVITY CORP,15,0.03,-0.001994,0.3533759161446178,3080.9476799999998,1.7617474978855563,0.9434356276341964
2023-02-28,16076,GMS,G M S INC,20,0.03,0.019982,0.2670228882610654,2469.01704,1.8201577608972315,1.163854695671163
2023-02-28,16260,MEDP,MEDPACE HOLDINGS INC,35,0.03,-0.126443,0.16521311878147646,6873.50844,1.363796084631254,1.3657062647915932
2023-02-28,16664,FND,FLOOR & DECOR HOLDINGS INC,25,-0.014241305305776325,0.008008,-0.4811448225033779,9632.33086,1.7886657126808296,1.51453972113924
2023-02-28,17104,APLS,APELLIS PHARMACEUTICALS INC,35,-0.03,0.238348,-0.4895180772222904,5841.00756,1.1884785809243523,0.9309180928069204
2023-02-28,17949,BE,BLOOM ENERGY CORP,20,-0.0035362581913521095,-0.133414,-0.46685501371657867,4471.91847,2.9946665555193706,1.5985702206455863
2023-02-28,18777,KRTX,KARUNA THERAPEUTICS INC,35,-0.03,-0.0033,-0.39118863366498796,6873.770859999999,0.9372017051331915,0.3573058666358947
2023-02-28,18937,CHPT,CHARGEPOINT HOLDINGS INC,20,-0.03,-0.0677,-0.4739385005937026,4148.0437600000005,1.9907066028484908,1.2930613845896546
2023-02-28,19502,WBA,WALGREENS BOOTS ALLIANCE INC,30,-0.03,-0.026862999999999998,-0.2364369651557958,31791.89744,0.6876564861431032,0.5842943251833573
2023-02-28,20765,AJRD,AEROJET ROCKETDYNE HOLDINGS INC,20,-0.03,0.004061,-0.19598329443557302,4503.405360000001,0.5609219306897545,0.48907678251822545
2023-02-28,32651,HL,HECLA MINING CO,15,-0.03,-0.168766,-0.4488187364369652,3740.6920699999996,2.0465502460198706,0.9435174397325988
2023-02-28,35991,ROG,ROGERS CORP,45,-0.03,0.051067,-0.31797895426442285,2625.9670800000004,1.05040381274771,0.9072933726501261
2023-02-28,38850,SKY,SKYLINE CHAMPION CORP,25,0.03,0.157025,0.22218810137984685,3355.72875,1.685455330615666,1.3649657461388667
2023-02-28,40272,IFF,INTERNATIONAL FLAVORS & FRAG INC,15,-0.03,-0.174711,-0.28309380501985837,28673.026519999996,1.0019874245029834,0.7930318671554123
2023-02-28,43350,SWK,STANLEY BLACK & DECKER INC,20,-0.03,-0.044879,-0.406788682799001,13634.51115,1.2543718467783767,1.2413969330708878
2023-02-28,44943,DIOD,DIODES INC,45,0.03,0.024579999999999998,0.22914875322441963,4055.4692999999997,1.4220343361812129,1.3037316158534946
2023-02-28,57808,VSH,VISHAY INTERTECHNOLOGY INC,45,0.03,-0.075971,0.41266429185603737,2965.81152,1.275537811007134,0.9235971802740078
2023-02-28,59328,INTC,INTEL CORP,45,-0.03,-0.11006099999999999,-0.407464275478033,116911.62000000001,0.7572972907671888,0.9671248482333821
2023-02-28,60098,OTTR,OTTER TAIL CORP,55,0.03,0.109154,0.4345698726610162,2670.6928000000003,0.49696929092095193,0.6672417437656731
2023-02-28,61241,AMD,ADVANCED MICRO DEVICES INC,45,-0.03,0.042192,-0.5009417352495599,121141.8,2.099173306899066,1.5070932712988838
2023-02-28,62341,PDCE,P D C ENERGY INC,10,0.03,-0.012604,0.46294476518036276,6035.081650000001,2.493935492091841,0.9925560466271608
2023-02-28,66384,WDC,WESTERN DIGITAL CORP,45,-0.03,-0.12791,-0.542193833681366,14034.201900000002,1.6081662583067617,1.195699093324015
2023-02-28,70228,TOL,TOLL BROTHERS INC,25,0.00424130530577633,0.0041140000000000005,0.27799615116898,6587.149230000001,1.3531885903718333,1.0692750085360236
2023-02-28,75854,LSCC,LATTICE SEMICONDUCTOR CORP,45,0.03,0.11754200000000001,0.1656020963845555,10390.73321,1.3066962591876863,1.3752182295860689
2023-02-28,76504,CATY,CATHAY GENERAL BANCORP,40,0.03,-0.019534000000000003,0.42959505384268926,3197.7383200000004,1.167672997132201,0.7509423032350545
2023-02-28,76892,BOKF,B O K FINANCIAL CORP,40,0.020000000000000004,0.043552,0.43778405601277487,6730.686,1.2485507998298317,0.6712052462008288
2023-02-28,77300,SMG,SCOTTS MIRACLE GRO CO,15,-0.03,0.14845899999999998,-0.48126765753592926,4004.0183500000003,1.6257610951833514,1.3795669233346235
2023-02-28,78875,WOLF,WOLFSPEED INC,45,-0.03,-0.042796,-0.6273594562502558,9581.35317,1.544772888961718,1.809610881397749
2023-02-28,78987,MCHP,MICROCHIP TECHNOLOGY INC,45,0.03,0.044969999999999996,0.2230888916185563,42519.925520000004,1.5527277480891322,1.3356657822575932
2023-02-28,79299,PZZA,PAPA JOHNS INTL INC,25,-0.03,-0.063229,-0.2930639151619375,3115.4718399999997,1.0534831855411813,0.5394759512093675
2023-02-28,79668,BDC,BELDEN INC NEW,45,0.03,0.037121999999999995,0.3480940097449126,3471.13854,1.3336654730084316,0.9499146587927431
2023-02-28,79785,NVR,N V R INC,25,0.03,-0.021738,0.45459198296687553,16842.920000000002,0.9484506616702073,0.8555225394137882
2023-02-28,79841,FWRD,FORWARD AIR CORP,20,0.03,-0.046473,0.3303238750358269,2853.8188499999997,1.0834407263018073,0.9128066498509965
2023-02-28,80432,AEO,AMERICAN EAGLE OUTFITTERS INC NE,25,-0.03,-0.113115,-0.44241084223887317,3024.73284,1.4587759581169228,1.1942170719747067
2023-02-28,84761,TTWO,TAKE TWO INTERACTIVE SOFTWR INC,50,-0.03,-0.03595,-0.3676043074151415,19099.07025,0.7072698271945529,0.7144383464907601
2023-02-28,85002,SRPT,SAREPTA THERAPEUTICS INC,35,-0.03,-0.026175999999999998,-0.4721778651271343,10991.1115,1.0293309059606481,0.618105132591728
2023-02-28,86047,AMKR,AMKOR TECHNOLOGY INC,45,0.03,-0.120499,0.23971256602383004,7171.362660000001,1.6887628004655777,1.297017702316314
2023-02-28,86783,BKNG,BOOKING HOLDINGS INC,25,0.03,0.033484,0.2758670106047578,92162.3283,1.233783513895988,1.1508063270646114
2023-02-28,89290,SYNA,SYNAPTICS INC,45,0.03,-0.062796,0.10013102403472136,4925.68188,1.4904139354718036,1.5807201861455709
2023-02-28,89301,GME,GAMESTOP CORP NEW,25,-0.03,-0.124163,-0.34141997297629284,6661.12086,1.388478539122085,0.596866550492322
2023-02-28,89792,CVCO,CAVCO INDUSTRIES INC DEL,25,0.03,0.06757600000000001,0.34506407894198093,2313.4734000000003,1.165085683538967,1.1201108433789302
2023-02-28,89916,NXST,NEXSTAR MEDIA GROUP INC,50,0.009999999999999995,-0.08941199999999999,0.282295377308275,7537.583700000001,1.4774141838782235,0.9029364747032713
2023-02-28,89946,AEL,AMERICAN EQUITY INVT LIFE HLDG C,40,0.03,-0.129368,0.45719199115587766,4083.7003,0.8805362080867797,1.078888190889379
2023-02-28,90125,CORT,CORCEPT THERAPEUTICS INC,35,0.03,-0.092251,0.3180403717806985,2465.1081,0.6264608565757408,0.4564493082925994
2023-02-28,90126,CYTK,CYTOKINETICS INC,35,-0.03,0.017265999999999997,-0.49054170249355117,4028.54832,0.8537076790127578,0.7851846633246724
2023-02-28,90564,PBH,PRESTIGE CONSUMER HEALTHCARE INC,35,0.03,-0.08724,0.35001842525488275,3256.8297600000005,0.5668203841186683,0.4509537192246848
2023-02-28,90829,CF,C F INDUSTRIES HOLDINGS INC,15,0.03,0.015342,0.3695082504196864,16617.2083,1.0497460863626116,0.945379789970505
2023-02-28,91161,GPRE,GREEN PLAINS INC,10,-0.03,-0.006326,-0.42599189288785155,2061.68715,1.7417409626575793,1.2354140589787161
2023-02-28,91594,SPR,SPIRIT AEROSYSTEMS HOLDINGS INC,20,-0.03,-0.057945,-0.47301723784956806,3804.9321,1.6542840133677783,1.3451521888915536
2023-02-28,91611,FSLR,FIRST SOLAR INC,45,-0.03,-0.051085,-0.4762314212013266,18933.7584,1.3789123011584012,1.0821387777212477
2023-02-28,93132,FTNT,FORTINET INC,45,0.0035362581913521095,0.132202,0.19758014985873973,40903.71,1.1196587881034195,1.2592893401694805
2023-02-28,93263,CELH,CELSIUS HOLDINGS INC,30,-0.022222436502870833,-0.09834599999999999,-0.4624329525447325,7662.64224,1.9577535673603617,1.4049580970022086
2023-02-28,93289,MXL,MAXLINEAR INC,45,0.03,-0.17311,0.1267452810874995,3244.3352,1.8627091062689602,1.5624697501007232
2023-03-31,11370,ENV,ENVESTNET INC,45,-0.03,-0.065068,-0.31507867674389795,3458.42826,1.181965304664804,0.9593090516053282
2023-03-31,11533,FICO,FAIR ISAAC CORP,45,0.03,0.033711,0.21100235410729776,17039.745450000002,1.197605890912811,1.2573136502314075
2023-03-31,11990,KKR,K K R & CO INC,40,-0.009999999999999995,-0.071606,-0.3776070705819187,48523.6612,1.4679086680931097,1.4988932782772633
2023-03-31,11995,COKE,COCA COLA CONSOLIDATED INC,30,0.0016602906584279708,-0.042733,0.33847519927311776,4660.27765,0.819697838674906,0.6386235410673349
2023-03-31,13318,YELP,YELP INC,50,0.009999999999999995,0.019014,0.1518605707677694,2092.45404,1.4788457496012366,1.0139071674390725
2023-03-31,13600,QLYS,QUALYS INC,45,0.03,0.096828,0.3297815223227191,4372.6133500000005,0.6357674589914815,0.9348492596061098
2023-03-31,13748,TPH,TRI POINTE HOMES INC,25,0.03,0.058442999999999995,0.3553256515095198,2408.62672,1.3801981923022766,1.0864141476823368
2023-03-31,13766,BCC,BOISE CASCADE CO,20,0.03,-0.08843000000000001,0.2100318010985834,2727.0806000000002,1.4857382516266635,1.1482039632948873
2023-03-31,13862,TMHC,TAYLOR MORRISON HOME CORP,25,0.03,0.064182,0.2599636558873332,3882.0730099999996,1.6248711408623777,1.1898324480916092
2023-03-31,14167,ISEE,IVERIC BIO INC,35,-0.03,0.167199,-0.58898112584149,2849.3951600000005,1.0882205583088347,1.126545337711869
2023-03-31,14169,PINC,PREMIER INC,35,0.03,0.0019539999999999996,0.3235039028620989,3826.3287299999997,0.28074569798914706,0.30764477039807725
2023-03-31,14328,AMC,A M C ENTERTAINMENT HOLDINGS INC,50,-0.03,-0.301957,-0.4523190021889068,3695.5212,2.243460316160585,0.849538630477252
2023-03-31,14479,IBP,INSTALLED BUILDING PRODUCTS INC,25,0.03,-0.004065,0.2966794697063561,3300.21414,1.6474403588115103,1.2579693494908684
2023-03-31,14596,FIVN,FIVE 9 INC,45,-0.03,0.091665,-0.46673274687151534,4695.965999999999,0.735576637337952,1.2415806709818191
2023-03-31,14601,NAVI,NAVIENT CORP,40,0.03,-0.109843,0.39800933382893483,2327.3850500000003,1.4893630678682255,1.0363646800858086
2023-03-31,14617,ARES,ARES MANAGEMENT CORP,40,-0.03,0.041659999999999996,-0.34869698096064106,13982.854599999999,1.2888860591929254,1.3292448405914832
2023-03-31,15272,SEDG,SOLAREDGE TECHNOLOGIES INC,45,-0.03,-0.047580000000000004,-0.5072068723413043,17850.254240000002,1.4349814993701637,1.4677581049769515
2023-03-31,15831,AXSM,AXSOME THERAPEUTICS INC,35,-0.03,-0.099107,-0.4996489489117416,2967.42423,1.9133031751466083,1.1557759103375047
2023-03-31,16076,GMS,G M S INC,20,0.03,-0.050088,0.3279023664973361,2526.87162,1.8008045047748198,1.1723380593368988
2023-03-31,16260,MEDP,MEDPACE HOLDINGS INC,35,0.03,-0.033708,0.2453640606285879,6019.974,1.3596399805900217,1.3193408418592223
2023-03-31,16505,BPOP,POPULAR INC,40,0.03,-0.19088,0.37851567339858755,5131.303800000001,0.8310375276507551,0.8069953487773495
2023-03-31,16557,NEX,NEXTIER OILFIELD SOLUTIONS INC,10,0.03,-0.132882,0.2861892371866352,2133.4984000000004,2.1859814205143953,1.1264097024808983
2023-03-31,16932,ROKU,ROKU INC,50,-0.03,0.01383,-0.6265229422211209,7936.42796,1.824555438225767,1.6714317313894436
2023-03-31,18011,SONO,SONOS INC,25,-0.03,0.006140999999999999,-0.400941642919093,2474.37164,1.8242892593552824,1.1750281102128548
2023-03-31,18138,LTHM,LIVENT CORP,15,0.03,-0.07741200000000001,0.03952422252508985,4206.320299999999,1.8270033564414467,1.7879344306326608
2023-03-31,18777,KRTX,KARUNA THERAPEUTICS INC,35,-0.03,-0.092797,-0.5044397637632676,6882.9812999999995,0.9497511429465036,0.3610487008261817
2023-03-31,18937,CHPT,CHARGEPOINT HOLDINGS INC,20,-0.03,-0.081983,-0.45956717465824143,3881.53024,1.9993166153722863,1.318196272208135
2023-03-31,21207,NEM,NEWMONT CORP,15,-0.03,0.131081,-0.19340849956634867,34614.95779,0.24997491319556678,0.43102011410040986
2023-03-31,21936,PFE,PFIZER INC,35,0.03,0.0020310000000000003,0.2690083839259902,227732.18954999998,0.5637412587446019,0.46731262286122055
2023-03-31,32651,HL,HECLA MINING CO,15,-0.03,0.226986,-0.3380828480568289,3130.2833,2.076247272161987,0.9332134350900883
2023-03-31,44943,DIOD,DIODES INC,45,0.03,0.008032,0.22209143848345933,4170.70303,1.438720239428106,1.3210777269764717
2023-03-31,52978,HAS,HASBRO INC,25,-0.03,-0.027634,-0.2875314913476232,7603.4821999999995,0.7267802353388987,0.8394732742701815
2023-03-31,54148,PHM,PULTE GROUP INC,25,0.03,0.065472,0.26642712592409035,12333.387990000001,1.2410100891644027,1.0744516807272602
2023-03-31,56223,LPX,LOUISIANA PACIFIC CORP,15,0.03,-0.073256,0.18948498740346095,4199.49674,1.6011482552901184,1.2591224943455464
2023-03-31,59328,INTC,INTEL CORP,45,-0.03,0.306831,-0.35712220707884196,103135.41,0.7875857916058523,0.9931030197631897
2023-03-31,60986,NWL,NEWELL BRANDS INC,25,-0.03,-0.156803,-0.31982819146739355,6083.52563,0.9064861372569625,0.8928986051680287
2023-03-31,61241,AMD,ADVANCED MICRO DEVICES INC,45,-0.023788627994255355,0.243626,-0.4592574236980135,126622.86903999999,2.0653471161493395,1.513903330381608
2023-03-31,64936,D,DOMINION ENERGY INC,55,-0.03,0.013778,-0.19749721224135794,46442.7,0.40091683611639506,0.40881144680418086
2023-03-31,66384,WDC,WESTERN DIGITAL CORP,45,-0.03,-0.024687999999999998,-0.433403543550985,12287.510559999999,1.6329364553956152,1.2062963151168087
2023-03-31,69649,RJF,RAYMOND JAMES FINANCIAL INC,40,-0.03,-0.139817,-0.22719200429521336,23357.07792,1.0377851188991676,0.9014002471658857
2023-03-31,76136,KMPR,KEMPER CORP DE,40,-0.03,-0.1163,-0.27563705447486897,3939.936,0.8726841152574965,0.8371334165768811
2023-03-31,76504,CATY,CATHAY GENERAL BANCORP,40,0.03,-0.199351,0.44071366621236524,3114.10352,1.1627496864110252,0.7489650331747094
2023-03-31,76661,IONS,IONIS PHARMACEUTICALS INC,35,-0.03,-0.008095,-0.462127782596126,5132.0486,0.5794804846103139,0.7379016723705056
2023-03-31,76837,HAE,HAEMONETICS CORP MASS,35,0.0162113720057439,0.06039699999999999,0.22459009622929832,3923.34096,0.4745323292755773,0.5790662308826463
2023-03-31,76892,BOKF,B O K FINANCIAL CORP,40,0.03,-0.197276,0.42332631231156814,7010.62896,1.2417151212170083,0.6609103695629722
2023-03-31,78875,WOLF,WOLFSPEED INC,45,-0.03,-0.125698,-0.6001734605377277,9204.36966,1.5807076781321376,1.844295987449794
2023-03-31,78987,MCHP,MICROCHIP TECHNOLOGY INC,45,0.03,0.030300000000000004,0.2062734894478173,44387.90988000001,1.5361921165366732,1.332719269975618
2023-03-31,79785,NVR,N V R INC,25,0.03,0.073401,0.46559699335067933,16534.88952,0.9307549693883376,0.8532119532013243
2023-03-31,80415,EXP,EAGLE MATERIALS INC,15,0.03,0.044114,0.32104654524429016,5058.81664,1.2472813978252142,0.9968804713379851
2023-03-31,84319,LAD,LITHIA MOTORS INC,25,-0.03,-0.105029,-0.3333333333333334,6976.11084,1.402630147298426,1.006059696379515
2023-03-31,84761,TTWO,TAKE TWO INTERACTIVE SOFTWR INC,50,-0.03,0.085363,-0.3841324908107215,18478.346250000002,0.6888110069927963,0.7254587276847217
2023-03-31,85738,MRCY,MERCURY SYSTEMS INC,20,-0.03,-0.026947,-0.2842274811051914,3041.37272,0.951168363396613,0.8430435416946506
2023-03-31,85875,IBOC,INTERNATIONAL BANCSHARES CORP,40,0.03,-0.121297,0.4538884070540618,3015.89685,0.9925005859604115,0.6431292510215535
2023-03-31,86594,KFY,KORN FERRY,20,0.03,-0.075157,0.3240614545905092,2945.9619000000002,1.461744992962958,0.8684771650850416
2023-03-31,87179,NTCT,NETSCOUT SYSTEMS INC,45,0.03,0.0037459999999999998,0.2948829141370338,2018.15928,0.682770428721256,0.7979973518677939
2023-03-31,87432,A,AGILENT TECHNOLOGIES INC,35,0.03,-0.029207,0.151303019039359,42033.34184,0.9989168858048673,1.0329163487184962
2023-03-31,88351,INSM,INSMED INC,35,-0.03,-0.16703300000000001,-0.5253376285466486,2779.9339,1.630211092732227,1.1368231480621882
2023-03-31,88417,ACLS,AXCELIS TECHNOLOGIES INC,45,0.03,0.033004,0.10347747078015944,4205.057559999999,1.658358681518374,1.7063764428934483
2023-03-31,89301,GME,GAMESTOP CORP NEW,25,-0.03,0.19345,-0.3173914839136001,5857.03494,1.394322752563087,0.6054820232045466
2023-03-31,89916,NXST,NEXSTAR MEDIA GROUP INC,50,0.03,-0.07485900000000001,0.3286870689299137,6835.543000000001,1.4879371238020844,0.9070998613698036
2023-03-31,90126,CYTK,CYTOKINETICS INC,35,-0.03,-0.192061,-0.49254532689051345,4126.18096,0.8146549662056973,0.7758037951164096
2023-03-31,91161,GPRE,GREEN PLAINS INC,10,-0.03,-0.109782,-0.404576054185768,2055.65364,1.7615674067581446,1.2134872281885112
2023-03-31,91575,HRI,HERC HOLDINGS INC,20,0.01212833733582739,-0.210407,0.15204642134390614,4181.77157,2.4685873237620397,1.3640791366408835
2023-03-31,91594,SPR,SPIRIT AEROSYSTEMS HOLDINGS INC,20,-0.03,0.006602,-0.43955726262751416,3597.445,1.6465351774864905,1.395638010297898
2023-03-31,91611,FSLR,FIRST SOLAR INC,45,-0.03,0.282279,-0.4185354974600421,18031.84626,1.3773590798674777,1.0669178239818264
2023-03-31,91832,MDGL,MADRIGAL PHARMACEUTICALS INC,35,-0.006211372005743907,-0.109723,-0.5295089414777185,4915.57938,-0.07858036137272216,1.2387697342473576
2023-03-31,92326,CVI,C V R ENERGY,10,0.03,0.044905,0.28286457688018823,3189.8486300000004,1.4601490015552225,0.9659384491155983
2023-03-31,92611,V,VISA INC,45,0.03,0.02146,0.2812745219510181,357392.38276,0.9168200752602711,0.8953358232469202
2023-03-31,93002,AVGO,BROADCOM INC,45,0.03,0.08366699999999999,0.2939330111923347,247773.76395999998,1.047187005962631,1.0205070265357905
2023-03-31,93263,CELH,CELSIUS HOLDINGS INC,30,-0.03,0.01993,-0.4362532523850824,6964.995599999999,1.9671664486754867,1.3966712552615401
2023-03-31,93289,MXL,MAXLINEAR INC,45,0.03,0.025593,0.10104076322636599,2693.90066,1.8724458866295206,1.5812245909718063
2023-04-30,10606,WTS,WATTS WATER TECHNOLOGIES INC,20,0.03,-0.042792,0.36796917535703816,4596.8192,0.9762037113025825,0.9253749154348461
2023-04-30,10693,EHC,ENCOMPASS HEALTH CORP,35,0.028650969091135528,0.18212699999999998,0.20831762784269378,5395.2307,1.0322434299333711,0.7486977451471217
2023-04-30,11995,COKE,COCA COLA CONSOLIDATED INC,30,0.03,0.09895,0.508606608870461,4478.08452,0.8007395674839378,0.6196272700422675
2023-04-30,13116,CIVI,CIVITAS RESOURCES INC,10,0.03,0.006749000000000001,0.3654144155463417,5481.5514,1.6983248608347086,0.8609484997426777
2023-04-30,13318,YELP,YELP INC,50,0.009999999999999995,-0.029047,0.19665368346107132,2134.9701,1.4785182566903337,1.0000726727017666
2023-04-30,13600,QLYS,QUALYS INC,45,0.03,-0.135004,0.35680780667588063,4802.02866,0.6398350765253252,0.9220884779476111
2023-04-30,13748,TPH,TRI POINTE HOMES INC,25,0.03,0.129061,0.3966159902835364,2558.15556,1.398106449545814,1.082168639454705
2023-04-30,13766,BCC,BOISE CASCADE CO,20,0.03,0.07636,0.2918289567366084,2495.8450000000003,1.4724199945057386,1.135927124376795
2023-04-30,13862,TMHC,TAYLOR MORRISON HOME CORP,25,0.03,0.12260199999999999,0.24781170163755917,4143.51974,1.6381589145928628,1.1305756971682872
2023-04-30,13901,MO,ALTRIA GROUP INC,30,0.03,0.061128999999999996,0.4557105163965322,79671.86568,0.5381488610365455,0.45199389239809645
2023-04-30,13908,PFSI,PENNYMAC FINANCIAL SVCS INC NEW,40,0.03,0.044674000000000005,0.3088118272814842,2982.46713,1.4312341006299836,1.006852605576381
2023-04-30,14167,ISEE,IVERIC BIO INC,35,-0.03,0.348189,-0.6137705741927377,3339.2924999999996,1.0882637993851016,1.1438495187197584
2023-04-30,14328,AMC,A M C ENTERTAINMENT HOLDINGS INC,50,-0.03,0.094164,-0.43673828370398293,2601.15192,2.1936770961035297,0.7918982173275037
2023-04-30,14479,IBP,INSTALLED BUILDING PRODUCTS INC,25,0.03,0.086161,0.3188005193282239,3227.73318,1.6491523333069749,1.2469848030423913
2023-04-30,14596,FIVN,FIVE 9 INC,45,-0.03,-0.106697,-0.4422247351007246,5171.91576,0.7374862666267359,1.2513172136899506
2023-04-30,14601,NAVI,NAVIENT CORP,40,0.03,0.030756999999999996,0.3465887674330946,2022.17535,1.4868553542222351,1.0580025464832352
2023-04-30,14617,ARES,ARES MANAGEMENT CORP,40,-0.03,0.046096000000000005,-0.4179545168991079,14687.275679999999,1.2698871974383301,1.3261254765338841
2023-04-30,15272,SEDG,SOLAREDGE TECHNOLOGIES INC,45,-0.03,-0.063913,-0.5049210537337186,17125.454850000002,1.434680856550101,1.4800187129229776
2023-04-30,16260,MEDP,MEDPACE HOLDINGS INC,35,0.03,0.060651000000000004,0.2673074506847594,5758.8432,1.3676960937795688,1.3399145497495935
2023-04-30,16736,VST,VISTRA CORP,55,-0.03,-0.009472999999999999,-0.39540143234074626,9154.872,0.9101628111929014,0.8080375375010019
2023-04-30,16932,ROKU,ROKU INC,50,-0.03,-0.149644,-0.6147966662478536,8119.555199999999,1.7858140664066835,1.6797714123819076
2023-04-30,18138,LTHM,LIVENT CORP,15,0.03,0.002345,0.08334380366042633,3899.80428,1.8162655287951037,1.780413990362049
2023-04-30,18420,FOXA,FOX CORP,50,0.03,-0.026841,0.2989068978514889,9211.852949999999,0.8421270061533109,0.7054992524426993
2023-04-30,18777,KRTX,KARUNA THERAPEUTICS INC,35,-0.03,0.088851,-0.5684549985341543,6792.97272,0.9317108536068367,0.36863977505485696
2023-04-30,18937,CHPT,CHARGEPOINT HOLDINGS INC,20,-0.03,-0.17556,-0.47367759768815176,3577.4314800000006,1.983939782626398,1.3164156372182652
2023-04-30,18940,PTON,PELOTON INTERACTIVE INC,25,-0.03,-0.22057100000000002,-0.45365833228630065,3810.5348400000003,2.0209462424859668,1.5223147517585356
2023-04-30,19880,MTZ,MASTEC INC,20,-0.03,-0.063255,-0.33287263894124053,7441.02204,1.3215795332414546,1.020991490718415
2023-04-30,21207,NEM,NEWMONT CORP,15,-0.03,-0.036688,-0.2912426184193994,38911.78188,0.263501833262203,0.43965727817173744
2023-04-30,25590,NFG,NATIONAL FUEL GAS CO N J,55,0.03,-0.035507,0.3394480043556561,5300.2433,0.6309227060206206,0.5677084126012488
2023-04-30,25785,F,FORD MOTOR CO DEL,25,-0.03,-0.048767,-0.37048205385936256,49333.157999999996,1.5039791952090464,1.2034396687895377
2023-04-30,32651,HL,HECLA MINING CO,15,-0.03,-0.047874,-0.4061649285923692,3847.51326,2.0976394231822004,0.942001320610057
2023-04-30,44943,DIOD,DIODES INC,45,0.03,-0.144433,0.1983917577585124,4239.78132,1.4406487944969335,1.3050520402974788
2023-04-30,48144,KLIC,KULICKE & SOFFA INDS INC,45,0.03,-0.099104,0.24339322360430535,2985.04657,1.3593259458875067,1.132197044259866
2023-04-30,49429,DDS,DILLARDS INC,25,0.03,-0.033833999999999996,0.29497005486451394,4022.60832,0.9319246391424867,1.121090957787566
2023-04-30,52090,MKC,MCCORMICK & CO INC,30,-0.03,0.056921,-0.17309544750178,20872.229979999996,0.5105022578094957,0.44497968790974907
2023-04-30,52978,HAS,HASBRO INC,25,-0.009999999999999282,0.112397,-0.267663441805922,7441.38031,0.70882269907632,0.8650010137101322
2023-04-30,53613,MU,MICRON TECHNOLOGY INC,45,-0.03,0.065077,-0.40591364074213676,66035.73396,1.406613808447666,1.1827432881926085
2023-04-30,54148,PHM,PULTE GROUP INC,25,0.03,0.148556,0.3115550529798551,13147.793160000001,1.2552677095639813,1.0432098565977046
2023-04-30,56223,LPX,LOUISIANA PACIFIC CORP,15,0.03,0.098371,0.2856514637517277,3890.86854,1.597921284837615,1.2223835710353508
2023-04-30,59328,INTC,INTEL CORP,45,-0.03,-0.052920999999999996,-0.46739540143234076,136266.57,0.825356737334563,1.013097266892983
2023-04-30,60986,NWL,NEWELL BRANDS INC,25,-0.03,-0.026952,-0.32973154081333506,5151.404,0.8954879810860173,0.923118002810436
2023-04-30,61188,SWX,SOUTHWEST GAS HOLDINGS INC,55,-0.03,-0.106923,-0.29413242869707246,4420.7106,0.23099930058871762,0.5253527244774844
2023-04-30,61241,AMD,ADVANCED MICRO DEVICES INC,45,-0.03,-0.091794,-0.4775516187125685,157698.09,2.047907051466457,1.484420221734338
2023-04-30,64936,D,DOMINION ENERGY INC,55,-0.020000000000000004,0.018359999999999998,-0.20693554466641537,46695.69654,0.3905623040978927,0.4243676545817767
2023-04-30,66384,WDC,WESTERN DIGITAL CORP,45,-0.03,-0.089385,-0.45899819910373996,12054.400000000001,1.6486939118848578,1.196877311629253
2023-04-30,69649,RJF,RAYMOND JAMES FINANCIAL INC,40,-0.03,-0.033017,-0.3169996230682246,20085.88104,1.0222146170040343,0.9457009725631497
2023-04-30,76226,PARA,PARAMOUNT GLOBAL,50,-0.03,0.042079000000000005,-0.4378690790300289,13609.099999999999,1.6644109695496827,1.1570986019764904
2023-04-30,76504,CATY,CATHAY GENERAL BANCORP,40,0.03,-0.080407,0.354232106210998,2498.9373200000005,1.1456131600525137,0.7868382637271393
2023-04-30,76573,MLI,MUELLER INDUSTRIES INC,20,0.03,-0.025823000000000002,0.26938057544917704,4190.197,1.0729239131952304,0.9904448030643148
2023-04-30,76661,IONS,IONIS PHARMACEUTICALS INC,35,-0.03,-0.013992999999999998,-0.4706412028311765,5111.64202,0.5543218154260141,0.7450739027188765
2023-04-30,76721,CRVL,CORVEL CORP,35,0.03,0.058111,0.32694643380659205,3267.1076000000003,1.0396913067695084,0.6470589933491169
2023-04-30,76841,BIIB,BIOGEN INC,35,0.011349030908864464,0.090594,0.20046488252293004,40242.618259999996,0.20675310166303318,0.7247550107667136
2023-04-30,76856,FCFS,FIRSTCASH HOLDINGS INC,40,0.020000000000000004,0.076679,0.361058759475646,4336.37853,0.792261055642286,0.7155361232123368
2023-04-30,78875,WOLF,WOLFSPEED INC,45,-0.03,-0.286935,-0.5974787452360013,8080.884150000001,1.5820965039853028,1.8644905324677
2023-04-30,78987,MCHP,MICROCHIP TECHNOLOGY INC,45,0.03,-0.13243,0.19613016710642045,45698.6388,1.5446928836993148,1.321724472510781
2023-04-30,79785,NVR,N V R INC,25,0.03,0.044422,0.4461615780876995,18104.045309999998,0.934411666038103,0.8390729431055497
2023-04-30,84385,NSP,INSPERITY INC,20,0.03,0.0038469999999999997,0.3788164342254052,4600.910599999999,1.2195209744443924,0.7161823782546274
2023-04-30,84761,TTWO,TAKE TWO INTERACTIVE SOFTWR INC,50,-0.03,0.038187000000000006,-0.3787326716086611,20149.77,0.6765201002773213,0.7355229224403433
2023-04-30,85002,SRPT,SAREPTA THERAPEUTICS INC,35,-0.03,-0.112905,-0.38604095991958787,12836.659220000001,1.064258437837225,0.7134313487914469
2023-04-30,85992,MANH,MANHATTAN ASSOCIATES INC,45,0.03,0.066299,0.27074171797126945,9604.88095,1.5650153351750435,1.20475916230152
2023-04-30,87432,A,AGILENT TECHNOLOGIES INC,35,0.03,-0.023077,0.11555052979855093,40907.41468,0.9927652252276755,1.041999921047631
2023-04-30,88351,INSM,INSMED INC,35,-0.03,0.14005499999999999,-0.5232231854923148,2326.11445,1.6088169993546741,1.1333366632580606
2023-04-30,89301,GME,GAMESTOP CORP NEW,25,-0.03,-0.16567300000000001,-0.18277002973572895,7013.6185000000005,1.3600255141065745,0.5770432750603908
2023-04-30,89916,NXST,NEXSTAR MEDIA GROUP INC,50,0.03,0.0009350000000000001,0.26933869414080486,6212.99744,1.4702670618959903,0.938216259814968
2023-04-30,90126,CYTK,CYTOKINETICS INC,35,-0.03,0.059162,-0.5362273317418436,3365.60679,0.7812166428921212,0.7908354949439005
2023-04-30,90775,THS,TREEHOUSE FOODS INC,30,-0.019560065775318995,0.052279000000000006,-0.09685052561042007,2829.5264399999996,0.42417738021770446,0.2748034884805713
2023-04-30,91594,SPR,SPIRIT AEROSYSTEMS HOLDINGS INC,20,-0.020439934224681,-0.14178100000000002,-0.4212840809146878,3634.2825000000003,1.6402160078457793,1.3697293493540679
2023-04-30,91611,FSLR,FIRST SOLAR INC,45,-0.03,-0.164192,-0.4808393014197764,23234.4375,1.41984782225571,1.0849978465236916
2023-04-30,93289,MXL,MAXLINEAR INC,45,0.03,-0.31832299999999997,0.11362398961343552,2816.13101,1.8774872117926311,1.5525401456832975
2023-04-30,93356,SPSC,S P S COMMERCE INC,45,0.03,-0.036469999999999995,0.26427105582778404,5563.9759,0.8145814982777858,0.9998160254792439
2023-05-31,10606,WTS,WATTS WATER TECHNOLOGIES INC,20,0.03,-0.021717,0.3052653660583176,4416.846299999999,0.9757900858717563,0.9444870729340057
2023-05-31,11370,ENV,ENVESTNET INC,45,-0.03,-0.178007,-0.33238934340255927,3423.7876,1.183340466915177,0.9950389741223121
2023-05-31,11990,KKR,K K R & CO INC,40,-0.009999999999999995,-0.030233999999999997,-0.39557373610237045,45699.00156,1.459076492970213,1.4727952840535945
2023-05-31,11995,COKE,COCA COLA CONSOLIDATED INC,30,0.03,0.118959,0.4165093350115377,4933.19074,0.7978705772271906,0.6316385683398156
2023-05-31,13116,CIVI,CIVITAS RESOURCES INC,10,0.03,-0.036247,0.3554017201594294,5538.500499999999,1.7007187615333668,0.8999844603154185
2023-05-31,13600,QLYS,QUALYS INC,45,0.03,0.114277,0.3912313824208097,4167.03424,0.6437957653116041,0.9471227290860409
2023-05-31,13766,BCC,BOISE CASCADE CO,20,0.03,0.049917,0.22555066079295152,2695.5126,1.4730071619605458,1.136086974404393
2023-05-31,14167,ISEE,IVERIC BIO INC,35,-0.03,0.144103,-0.5981120201384519,4514.1525,1.0763056876937953,1.175871992298574
2023-05-31,14328,AMC,A M C ENTERTAINMENT HOLDINGS INC,50,-0.03,-0.18548,-0.4401090832808895,2855.556,2.19795757174386,0.8414900020850696
2023-05-31,14479,IBP,INSTALLED BUILDING PRODUCTS INC,25,0.03,-0.162429,0.2456891126494651,3517.58662,1.6462069951046472,1.2803808664697764
2023-05-31,14596,FIVN,FIVE 9 INC,45,-0.03,0.015925,-0.4402559261590099,4638.91296,0.7390687106532723,1.275519236053513
2023-05-31,14601,NAVI,NAVIENT CORP,40,0.03,-0.087701,0.36945668135095444,2091.7311,1.4865057559760018,1.0666854993564008
2023-05-31,15272,SEDG,SOLAREDGE TECHNOLOGIES INC,45,-0.03,-0.006463,-0.5052443885043003,16093.251090000002,1.4357215650367665,1.540756394135039
2023-05-31,15831,AXSM,AXSOME THERAPEUTICS INC,35,-0.03,0.027792999999999998,-0.4950283196979232,3115.05997,1.886546408549711,1.1236861818748713
2023-05-31,16260,MEDP,MEDPACE HOLDINGS INC,35,0.03,0.030463999999999998,0.15087056849171385,6104.06986,1.3679402890341545,1.367644744831516
2023-05-31,16597,AYX,ALTERYX INC,45,-0.03,-0.056908,-0.40184602475351383,2573.21619,0.5968402862682933,1.285774601530035
2023-05-31,17104,APLS,APELLIS PHARMACEUTICALS INC,35,-0.006198326699572552,0.025344000000000002,-0.40258023914411567,9692.813970000001,1.2015767118554483,0.9038616276105158
2023-05-31,17221,LBRT,LIBERTY ENERGY INC,10,0.03,-0.087191,0.28737151248164466,2255.99472,2.133751072608362,1.103552616168788
2023-05-31,18138,LTHM,LIVENT CORP,15,0.03,0.051258,0.03964757709251102,3923.1456500000004,1.8164645916786026,1.8235766771134543
2023-05-31,18420,FOXA,FOX CORP,50,0.03,-0.065598,0.30803440318858827,8998.127139999999,0.8427517389352154,0.7297400170355796
2023-05-31,18777,KRTX,KARUNA THERAPEUTICS INC,35,-0.03,0.137993,-0.5627019089574156,7430.387360000001,0.9313257389122624,0.3819479428567126
2023-05-31,18937,CHPT,CHARGEPOINT HOLDINGS INC,20,-0.03,0.111678,-0.4716593245227606,3038.77431,1.988358086509151,1.3364949770267343
2023-05-31,20765,AJRD,AEROJET ROCKETDYNE HOLDINGS INC,20,-0.03,-0.037876,-0.13463394168239987,4550.98957,0.5602438595465503,0.4177847902462102
2023-05-31,21207,NEM,NEWMONT CORP,15,-0.03,-0.139738,-0.1867421858611286,37669.3488,0.2642993778093987,0.4436856831566584
2023-05-31,23229,CMS,C M S ENERGY CORP,55,-0.03,-0.064999,-0.24994755611495695,18158.50256,0.2922207845650675,0.43947388613420474
2023-05-31,25590,NFG,NATIONAL FUEL GAS CO N J,55,0.03,-0.092929,0.34445143696245023,5131.3405,0.6315428460801016,0.5737659491878371
2023-05-31,32651,HL,HECLA MINING CO,15,-0.03,-0.121637,-0.38153975246486255,3677.3231,2.100832772078747,0.9559700029691129
2023-05-31,32707,HP,HELMERICH & PAYNE INC,10,0.020000000000000004,-0.058193999999999996,0.19559471365638764,3401.7185999999992,1.6793004001164573,1.3241199805066362
2023-05-31,43350,SWK,STANLEY BLACK & DECKER INC,20,-0.03,-0.135351,-0.4869519614013006,13212.09216,1.2508777262914648,1.3458654525052216
2023-05-31,44943,DIOD,DIODES INC,45,0.03,0.12356500000000001,0.3042164883574575,3642.8479,1.4416306663310263,1.3032426349747843
2023-05-31,48144,KLIC,KULICKE & SOFFA INDS INC,45,0.03,0.105864,0.28370044052863436,2696.7457799999997,1.3587970891900931,1.1340177638699118
2023-05-31,49429,DDS,DILLARDS INC,25,0.03,-0.08101,0.2402349486049927,3901.1508599999997,0.930262214633981,1.1269178355381815
2023-05-31,52978,HAS,HASBRO INC,25,-0.03,-0.001467,-0.3245647157541431,8208.42498,0.7080890253684938,0.9597913228996854
2023-05-31,53613,MU,MICRON TECHNOLOGY INC,45,-0.03,0.056002,-0.4234319278372142,70435.19784,1.4019107593547853,1.231024638133755
2023-05-31,56223,LPX,LOUISIANA PACIFIC CORP,15,0.010139378358181331,-0.020331,0.18477029578351165,4287.77876,1.5954143990668086,1.2418932859519736
2023-05-31,57808,VSH,VISHAY INTERTECHNOLOGY INC,45,0.03,0.207235,0.31214600377595975,2758.50272,1.2659243997962775,0.979958244441199
2023-05-31,59328,INTC,INTEL CORP,45,-0.03,0.012623,-0.48120411160058735,129551.26,0.8262134299665308,1.0263124871504927
2023-05-31,60986,NWL,NEWELL BRANDS INC,25,-0.03,-0.314277,-0.3343612334801761,5031.3150000000005,0.8982912069483651,0.95971390219895
2023-05-31,61188,SWX,SOUTHWEST GAS HOLDINGS INC,55,-0.020000000000000004,0.053027000000000005,-0.21531361443255717,3964.1279999999997,0.23538709411714553,0.5362398717132073
2023-05-31,64194,CHE,CHEMED CORP NEW,35,0.03,-0.034693,0.32745961820851693,8240.085000000001,0.5035281391978056,0.4981031814809888
2023-05-31,64936,D,DOMINION ENERGY INC,55,-0.03,-0.123718,-0.18244178728760227,47722.98516,0.38980482509532327,0.4407079846335942
2023-05-31,66384,WDC,WESTERN DIGITAL CORP,45,-0.03,0.120902,-0.5269351793580869,11018.63028,1.6464386830669981,1.2590273941725831
2023-05-31,76136,KMPR,KEMPER CORP DE,40,-0.03,-0.107806,-0.2615271659324523,3111.654,0.8744629392553236,0.9208821238333517
2023-05-31,76226,PARA,PARAMOUNT GLOBAL,50,-0.03,-0.351712,-0.4519823788546256,14231.3,1.6624273400120066,1.1987337298554233
2023-05-31,76661,IONS,IONIS PHARMACEUTICALS INC,35,-0.03,0.15268500000000002,-0.5061254457730228,5061.16404,0.5539262100443952,0.7608012877770495
2023-05-31,76721,CRVL,CORVEL CORP,35,0.03,-0.036281,0.3755821271239773,3468.8551,1.0374852200996008,0.6267418618196976
2023-05-31,76837,HAE,HAEMONETICS CORP MASS,35,0.03,0.0069700000000000005,0.2730857981959304,4223.002079999999,0.48602642619815395,0.5885137756532111
2023-05-31,77274,GILD,GILEAD SCIENCES INC,35,0.029999999999999263,-0.06776599999999999,0.3109712607509964,102544.89013,0.3465369757154538,0.36418407223774735
2023-05-31,77366,MODG,TOPGOLF CALLAWAY BRANDS CORP,25,-0.03,-0.233703,-0.36620516047828827,4108.12317,1.7573669089327737,1.136099657559345
2023-05-31,78875,WOLF,WOLFSPEED INC,45,-0.03,0.028347000000000004,-0.5927417663100483,5794.2647,1.5856814524727505,1.945512675205135
2023-05-31,78987,MCHP,MICROCHIP TECHNOLOGY INC,45,0.03,0.032510000000000004,0.2528214810153136,39813.1254,1.544888612340739,1.329088077834982
2023-05-31,80415,EXP,EAGLE MATERIALS INC,15,0.03,0.095657,0.2561359345500315,5343.26692,1.256449488635093,1.0179188217180162
2023-05-31,83601,WOR,WORTHINGTON INDUSTRIES INC,15,0.03,-0.058553,0.2554856303754982,2954.94945,1.2130521888643413,1.2204623944569237
2023-05-31,84319,LAD,LITHIA MOTORS INC,25,-0.03,0.054887,-0.33238934340255927,6038.69082,1.388334950468956,1.0577059405486464
2023-05-31,84761,TTWO,TAKE TWO INTERACTIVE SOFTWR INC,50,-0.03,0.104472,-0.3558212712397734,20992.581000000002,0.6762718382757683,0.7364937398290154
2023-05-31,85710,POWI,POWER INTEGRATIONS INC,45,0.03,0.186029,0.23526326830291586,4163.45268,1.1727504397289659,1.1600482579720421
2023-05-31,85875,IBOC,INTERNATIONAL BANCSHARES CORP,40,0.03,-0.00249,0.422991399202853,2650.6604,0.9878781048930445,0.6793998066180966
2023-05-31,85992,MANH,MANHATTAN ASSOCIATES INC,45,0.03,0.09134,0.21569121040486677,10276.63336,1.564326482045794,1.2540548971279692
2023-05-31,86783,BKNG,BOOKING HOLDINGS INC,25,0.03,-0.069753,0.23620725823368996,99216.17353999999,1.259666289342738,1.0739210253321056
2023-05-31,88351,INSM,INSMED INC,35,-0.03,-0.027764999999999998,-0.5587581288021817,2660.3655,1.6082834823505512,1.1805143882293672
2023-05-31,88417,ACLS,AXCELIS TECHNOLOGIES INC,45,0.03,0.328122,0.18212712397734426,3871.4858,1.6581545528745754,1.6196641641530625
2023-05-31,89916,NXST,NEXSTAR MEDIA GROUP INC,50,0.03,-0.126082,0.36070904132578135,6236.74165,1.468285755573299,0.9721231232216991
2023-05-31,89946,AEL,AMERICAN EQUITY INVT LIFE HLDG C,40,0.03,0.019950000000000002,0.23968953220054537,3267.4211999999998,0.8733721694445195,1.1912536631482071
2023-05-31,90126,CYTK,CYTOKINETICS INC,35,-0.03,0.004092,-0.5315921963499056,3576.9734,0.7840922905007518,0.8072590940942153
2023-05-31,91161,GPRE,GREEN PLAINS INC,10,-0.03,-0.154964,-0.38737151248164464,2033.5592100000001,1.7403284609335121,1.2150667996311497
2023-05-31,91594,SPR,SPIRIT AEROSYSTEMS HOLDINGS INC,20,-0.020000000000000004,-0.110181,-0.455464652821481,3132.2400000000002,1.642032178106793,1.4899080766802386
2023-05-31,91832,MDGL,MADRIGAL PHARMACEUTICALS INC,35,-0.013801673300426715,-0.111322,-0.5668135095447872,5704.296,-0.11752873208483716,1.2825053867302072
2023-05-31,91915,CNK,CINEMARK HOLDINGS INC,50,-0.020000000000000004,-0.055202,-0.30341934130480386,2032.3688799999998,2.2798683178187424,0.9643992060450134
2023-05-31,92213,RIOT,RIOT PLATFORMS INC,45,-0.010000000000000023,-0.0003179999999999997,-0.5236207258233689,2073.36168,4.3997833406274784,2.0178749145944015
2023-05-31,92852,LOPE,GRAND CANYON EDUCATION INC,25,0.009860621641818673,-0.121101,0.3892175372351584,3658.6901000000003,0.5818129862908398,0.5511234419081235
2023-05-31,93002,AVGO,BROADCOM INC,45,0.03,0.285979,0.3249423117264527,259371.0,1.0505027427729512,1.0131989545405335
2023-05-31,93132,FTNT,FORTINET INC,45,0.03,0.080081,0.23398363750786658,49452.637,1.138681447660536,1.1879268791168733
2023-06-30,10693,EHC,ENCOMPASS HEALTH CORP,35,0.03,0.090085,0.24149053560818265,6216.63672,1.028258740669403,0.8116152421970021
2023-06-30,12570,ITT,I T T INC,20,0.03,0.223895,0.2637721755368814,6275.584,1.375881360048059,1.1255425412130575
2023-06-30,13600,QLYS,QUALYS INC,45,0.03,0.01897,0.2886851710381122,4658.488960000001,0.6399661618485559,0.9620219762298639
2023-06-30,13862,TMHC,TAYLOR MORRISON HOME CORP,25,0.03,0.145345,0.29466938290467704,4629.66459,1.6511040662106884,1.1655052061959745
2023-06-30,13901,MO,ALTRIA GROUP INC,30,0.03,0.037545,0.4340463458110517,79291.4768,0.5387103948755477,0.4705708970297371
2023-06-30,14167,ISEE,IVERIC BIO INC,35,-0.03,0.038041,-0.5640437993379172,5201.308249999999,1.0783715817596031,1.2245386089735948
2023-06-30,14329,ARMK,ARAMARK,25,-0.03,0.08634800000000001,-0.3176300823359646,10288.843319999998,1.597340220924758,0.8114351829314533
2023-06-30,14479,IBP,INSTALLED BUILDING PRODUCTS INC,25,0.03,0.340348,0.22718784483490362,2969.4587,1.652508724898781,1.3622945653898315
2023-06-30,14759,WMS,ADVANCED DRAINAGE SYSTEMS INC,20,0.03,0.1717,0.07749766573295988,7641.73336,1.398497662235845,1.652067063900747
2023-06-30,14983,W,WAYFAIR INC,25,0.03,0.608273,-0.3055555555555555,3491.712,3.0371034928220384,2.816746285259295
2023-06-30,15067,FRPT,FRESHPET INC,30,-0.03,0.09716,-0.4190221543162719,2875.71096,0.970556566888563,1.2627528379881787
2023-06-30,15332,CWEN,CLEARWAY ENERGY INC,55,0.03,-0.009995,0.32841015193956374,2366.94978,0.715426683203949,0.6439153823099756
2023-06-30,15490,LITE,LUMENTUM HOLDINGS INC,45,-0.03,0.068323,-0.3735676088617265,3634.23,1.0653163202638114,1.04279703784059
2023-06-30,16076,GMS,G M S INC,20,0.03,0.088611,0.2358882947118241,2615.8456499999998,1.8030217497595025,1.2499108539602097
2023-06-30,16260,MEDP,MEDPACE HOLDINGS INC,35,0.03,0.156332,0.23503947033358802,6312.37803,1.3601100748595905,1.4354088019344402
2023-06-30,16432,GT,GOODYEAR TIRE & RUBBER CO,25,-0.03,-0.007719999999999999,-0.4771878448349036,3891.46644,1.749041189096626,1.4485747705640204
2023-06-30,16597,AYX,ALTERYX INC,45,-0.0114957689983904,0.161818,-0.4180460062813004,2436.20322,0.5934280540252814,1.3228191685410688
2023-06-30,17104,APLS,APELLIS PHARMACEUTICALS INC,35,-0.03,0.057075,-0.3963585434173669,9997.833449999998,1.2222198622000728,0.937112478426029
2023-06-30,17221,LBRT,LIBERTY ENERGY INC,10,0.020000000000000004,0.139191,0.32853747559629914,2055.81488,2.13536564736263,1.1456303316490044
2023-06-30,17929,UGI,U G I CORP NEW,55,-0.0006183189903891058,-0.026777000000000002,-0.30303030303030304,5854.90416,1.0244269522109906,0.7738229268255197
2023-06-30,17949,BE,BLOOM ENERGY CORP,20,-0.03,0.187613,-0.5418046006281301,2646.1078,3.0055239607938082,1.5749958609911343
2023-06-30,18138,LTHM,LIVENT CORP,15,0.03,0.185944,0.0990578049401579,4141.8084,1.8151191121425916,1.6162856586263885
2023-06-30,18777,KRTX,KARUNA THERAPEUTICS INC,35,-0.03,-0.046894,-0.45721925133689834,8482.9382,0.9281668335419604,0.3993665107536062
2023-06-30,18779,MORF,MORPHIC HOLDING INC,35,-0.03,-0.007035,-0.41698497580850524,2632.0625,1.1485541283913498,0.9326365894396181
2023-06-30,18937,CHPT,CHARGEPOINT HOLDINGS INC,20,-0.03,-0.095081,-0.4901324166030049,3416.1402399999997,1.9840314648554143,1.35305002012539
2023-06-30,19032,VIR,VIR BIOTECHNOLOGY INC,35,-0.017885912011219786,-0.084318,-0.09619302266361089,3573.1665900000003,0.36472536709567654,0.007822600526281554
2023-06-30,19880,MTZ,MASTEC INC,20,-0.009999999999999995,0.159793,-0.3432645785586962,7993.1482399999995,1.3145265569771354,1.1371422444343091
2023-06-30,21207,NEM,NEWMONT CORP,15,-0.03,0.047957,-0.15889992360580596,32225.571599999996,0.2719130372388375,0.4674282118202125
2023-06-30,23229,CMS,C M S ENERGY CORP,55,-0.03,0.009202,-0.24424921483745016,16910.21488,0.2975021136309188,0.4699706395989127
2023-06-30,23712,PEG,PUBLIC SERVICE ENTERPRISE GP INC,55,0.0106183189903891,0.0534,0.2983193277310924,29813.15875,0.5114135748398524,0.6501206142433512
2023-06-30,24969,AVA,AVISTA CORP,55,-0.03,-0.05438,-0.2068372803666922,3132.8414,0.45548771419704714,0.4515235858176285
2023-06-30,32651,HL,HECLA MINING CO,15,-0.03,-0.037849,-0.32459044223750105,3265.3552099999997,2.1141092873944043,0.9981172302144219
2023-06-30,43350,SWK,STANLEY BLACK & DECKER INC,20,-0.03,0.258275,-0.4479034037857567,11481.13071,1.258882641456743,1.4068889799897777
2023-06-30,45306,IDCC,INTERDIGITAL INC,45,0.03,0.158615,0.22922502334267042,2220.6556800000003,1.1744055060031886,1.1988725418567787
2023-06-30,52337,THC,TENET HEALTHCARE CORP,35,0.02788591201121978,0.1389,0.015193956370426975,7257.772000000001,2.1084187089209165,1.4827590083447206
2023-06-30,53613,MU,MICRON TECHNOLOGY INC,45,-0.03,-0.078711,-0.4199558611323317,74637.6708,1.3791115787052495,1.322964787259061
2023-06-30,59328,INTC,INTEL CORP,45,-0.03,0.059535000000000005,-0.5731262201850438,131136.24000000002,0.8193680139539516,1.1189096498462232
2023-06-30,60986,NWL,NEWELL BRANDS INC,25,-0.03,0.042853,-0.3950004244121891,3441.1710000000003,0.92383952032723,0.9850109727000036
2023-06-30,61241,AMD,ADVANCED MICRO DEVICES INC,45,-0.03,-0.040454,-0.572850352262117,190360.89202,2.0220644173647506,1.5835231097217237
2023-06-30,62341,PDCE,P D C ENERGY INC,10,0.03,0.038378,0.39610389610389607,6001.2307200000005,2.492397723732876,1.0659139076766984
2023-06-30,64194,CHE,CHEMED CORP NEW,35,0.03,0.010722,0.34780578898225956,8017.225399999999,0.5013749119301566,0.5146021819552873
2023-06-30,66384,WDC,WESTERN DIGITAL CORP,45,-0.03,-0.024734,-0.5310669722434429,12391.16001,1.638385041632999,1.3030190536085944
2023-06-30,76076,CSCO,CISCO SYSTEMS INC,45,0.0114957689983904,0.037597,0.34946099651982004,202408.13086,0.9618008500309484,0.7057872273535739
2023-06-30,76226,PARA,PARAMOUNT GLOBAL,50,-0.03,0.045095,-0.544011544011544,9291.074129999999,1.6753835905077783,1.408429897547578
2023-06-30,76661,IONS,IONIS PHARMACEUTICALS INC,35,-0.03,-0.0009000000000000002,-0.48879551820728295,5852.4628,0.5412341674403498,0.7484523573464631
2023-06-30,76841,BIIB,BIOGEN INC,35,0.03,-0.043078,0.2279093455564043,42902.976220000004,0.19989116644132762,0.7877815194635486
2023-06-30,77274,GILD,GILEAD SCIENCES INC,35,0.03,0.007249,0.3618538324420677,95971.33982000001,0.3570082319682844,0.39129161881550695
2023-06-30,77366,MODG,TOPGOLF CALLAWAY BRANDS CORP,25,-0.03,0.158781,-0.41923436041083095,3168.24321,1.7604860715348145,1.164019543678012
2023-06-30,77730,TSN,TYSON FOODS INC,30,-0.03,0.0038209999999999997,-0.27436125965537733,14462.784000000001,0.7092426148586605,0.5462990425828858
2023-06-30,78875,WOLF,WOLFSPEED INC,45,-0.03,0.153083,-0.6416051268992445,5979.73096,1.5650186222908165,1.9643481858073324
2023-06-30,80069,ARWR,ARROWHEAD PHARMACEUTICALS INC,35,-0.03,0.032249,-0.5492318139376963,3678.4289999999996,1.028326236203525,1.2494091329834758
2023-06-30,80415,EXP,EAGLE MATERIALS INC,15,0.03,0.141782,0.29751294457176813,5765.27805,1.2471420558632185,1.0201619007232396
2023-06-30,82777,MSM,M S C INDUSTRIAL DIRECT INC,20,0.03,0.055531000000000004,0.4143536202359731,4249.43936,0.9931292081946991,0.6638123194109016
2023-06-30,83601,WOR,WORTHINGTON INDUSTRIES INC,15,0.03,0.239826,0.22663610898905015,2792.7481500000004,1.21112435293079,1.3004445717496453
2023-06-30,84385,NSP,INSPERITY INC,20,0.03,0.075286,0.358925388337153,4231.1648000000005,1.2170573130092155,0.7461805800028158
2023-06-30,84761,TTWO,TAKE TWO INTERACTIVE SOFTWR INC,50,-0.03,0.064389,-0.418788727612257,23322.37182,0.6624769439174782,0.756989087188647
2023-06-30,85002,SRPT,SAREPTA THERAPEUTICS INC,35,-0.03,-0.077541,-0.5449028096086919,11513.2164,1.049448357719992,1.0138794953756853
2023-06-30,85875,IBOC,INTERNATIONAL BANCSHARES CORP,40,0.03,0.030566000000000003,0.4305237246413717,2653.5528,0.9820219933855163,0.7456707363934069
2023-06-30,85992,MANH,MANHATTAN ASSOCIATES INC,45,0.03,0.097675,0.3077837195484254,11252.938339999999,1.5662230158521617,1.2803175259337973
2023-06-30,86102,FHI,FEDERATED HERMES INC,40,0.020000000000000004,0.037165000000000004,0.4237331296154826,3081.8293000000003,1.028226224988668,0.7239048054052721
2023-06-30,87432,A,AGILENT TECHNOLOGIES INC,35,0.03,0.037463,0.16772769713946184,34166.141919999995,1.0071587456031916,1.0948133916443616
2023-06-30,88351,INSM,INSMED INC,35,-0.03,0.104698,-0.5067057125880655,2596.31999,1.599142324268168,1.1690734456121066
2023-06-30,89031,AXON,AXON ENTERPRISE INC,20,-0.03,0.007377999999999999,-0.37119090060266535,14253.15535,0.9784640599492058,1.1367722548856822
2023-06-30,89916,NXST,NEXSTAR MEDIA GROUP INC,50,0.009999999999999995,0.099487,0.17744673627026572,5411.538439999999,1.471474068946082,0.9923842523103331
2023-06-30,90071,NRG,N R G ENERGY INC,55,-0.03,0.102462,-0.611365758424582,7779.53928,0.9936642284198167,0.9305545234851401
2023-06-30,90126,CYTK,CYTOKINETICS INC,35,-0.03,-0.138596,-0.3734402852049911,3604.70929,0.7818668128910393,0.8250794752448802
2023-06-30,90550,DLB,DOLBY LABORATORIES INC,45,0.03,0.009856,0.5090399796282149,4903.9326,0.967871425644214,0.7768762622730361
2023-06-30,91500,EXLS,EXLSERVICE HOLDINGS INC,20,0.03,-0.003283,0.2463288345641287,5018.30218,0.9781161323347756,1.0554352889361656
2023-06-30,92655,UNH,UNITEDHEALTH GROUP INC,35,0.03,-0.013643,0.2911892029539089,453636.03168,0.6339449873800218,0.6419667427800111
2023-06-30,92852,LOPE,GRAND CANYON EDUCATION INC,25,0.03,-0.018874000000000002,0.473813767931415,3218.85576,0.5812935130341438,0.5857433522580475
2023-06-30,93132,FTNT,FORTINET INC,45,0.03,0.102171,0.2518461930226636,53652.44268,1.131998859537305,1.2235951444935707
2023-06-30,93356,SPSC,S P S COMMERCE INC,45,0.03,0.228656,0.26419658772599947,5691.8414,0.811848700020802,1.0531332427824702
2023-07-31,10693,EHC,ENCOMPASS HEALTH CORP,35,0.03,-0.029203,0.27230598121601585,6786.97956,1.0364616880638893,0.8170439290061616
2023-07-31,11995,COKE,COCA COLA CONSOLIDATED INC,30,0.03,-0.007723,0.39551408798813653,5322.85138,0.7852263017150004,0.6634470842439366
2023-07-31,13600,QLYS,QUALYS INC,45,0.03,0.07016199999999999,0.36983028505519855,4746.60999,0.6329012025144627,1.0247458194654184
2023-07-31,13862,TMHC,TAYLOR MORRISON HOME CORP,25,0.03,-0.011568,0.26538556599110236,5321.4410100000005,1.6588863800580806,1.144172984205558
2023-07-31,14329,ARMK,ARAMARK,25,-0.03,-0.06664400000000001,-0.2767960125226561,11219.217449999998,1.591613293403041,0.827717102915305
2023-07-31,14759,WMS,ADVANCED DRAINAGE SYSTEMS INC,20,0.03,0.06776599999999999,0.09637090130169713,9024.91582,1.4165490258508078,1.7335485075172739
2023-07-31,14983,W,WAYFAIR INC,25,0.015766154710643476,0.19342499999999999,-0.3035096391497776,5629.866,3.1713945661340053,2.9441617829085995
2023-07-31,15067,FRPT,FRESHPET INC,30,-0.03,0.11306799999999999,-0.379819574888779,3171.0548500000004,0.9811119137878423,1.2770652540235023
2023-07-31,15332,CWEN,CLEARWAY ENERGY INC,55,0.03,-0.079671,0.33625803262481463,2352.9441599999996,0.6949132038353435,0.649241544076553
2023-07-31,15452,EVH,EVOLENT HEALTH INC,35,-0.020714185286850716,-0.001421,-0.39654391168232,3413.8404000000005,1.5454019691286878,1.1222504298490168
2023-07-31,15490,LITE,LUMENTUM HOLDINGS INC,45,-0.03,-0.08142300000000001,-0.35957324106113037,3766.8720000000003,1.065451737702735,1.1503320507188903
2023-07-31,16260,MEDP,MEDPACE HOLDINGS INC,35,0.03,0.049737,0.14852117317515243,7340.315709999999,1.3731361587300037,1.5401894793900694
2023-07-31,16432,GT,GOODYEAR TIRE & RUBBER CO,25,-0.03,0.171048,-0.4605371560388862,3877.62336,1.713747529696671,1.520614882265704
2023-07-31,16597,AYX,ALTERYX INC,45,-0.03,-0.091175,-0.43814878892733555,2840.3602,0.6308004816578487,1.3830353733165188
2023-07-31,16655,CVNA,CARVANA CO,25,0.03,0.7683709999999999,-0.4834404349975284,2752.2374400000003,3.1134422194068874,4.706222464056633
2023-07-31,17104,APLS,APELLIS PHARMACEUTICALS INC,35,-0.03,-0.721735,-0.39753254242873615,10711.446899999999,1.207512739886381,0.9956531350462984
2023-07-31,17929,UGI,U G I CORP NEW,55,-0.014233845289355807,-0.003649,-0.3030565167243368,5645.57616,1.0010044956272097,0.8317269258666795
2023-07-31,17949,BE,BLOOM ENERGY CORP,20,-0.03,0.087964,-0.558679354094579,3153.3427500000003,3.0005687789834217,1.685397833821936
2023-07-31,18011,SONO,SONOS INC,25,-0.03,0.045211,-0.38655462184873957,2094.17553,1.8330421147614757,1.2798811315442564
2023-07-31,18138,LTHM,LIVENT CORP,15,0.03,-0.10683400000000001,0.10285879057505357,4928.84184,1.8332380911614377,1.6210636685573385
2023-07-31,18777,KRTX,KARUNA THERAPEUTICS INC,35,-0.03,-0.083155,-0.3837740978744439,8163.1014,0.8609610062031386,0.42747637125074256
2023-07-31,18779,MORF,MORPHIC HOLDING INC,35,-0.03,-0.014856999999999999,-0.41145575877409785,2745.13239,1.1090299250617777,0.9558875312967682
2023-07-31,18937,CHPT,CHARGEPOINT HOLDINGS INC,20,-0.03,-0.019181,-0.44461608172680833,3105.6212699999996,1.8902633640786681,1.4252601673099845
2023-07-31,18973,BRC,BRADY CORP,20,0.03,0.085201,0.3539504036908881,2184.03384,0.7349846555636678,0.7160299341647607
2023-07-31,19393,BMY,BRISTOL MYERS SQUIBB CO,35,0.03,-0.023174999999999998,0.35905832921403846,134349.16565,0.40079482320550175,0.44318978298399775
2023-07-31,21207,NEM,NEWMONT CORP,15,-0.015766154710643476,0.0017039999999999998,-0.14889190970505853,33903.22446,0.2785713654513117,0.5019165123846587
2023-07-31,23229,CMS,C M S ENERGY CORP,55,-0.03,0.035098000000000004,-0.23918685121107267,17134.79,0.29364883466506186,0.500183548779433
2023-07-31,23712,PEG,PUBLIC SERVICE ENTERPRISE GP INC,55,0.0242338452893558,0.0037550000000000005,0.2953946284396111,31240.19865,0.5177663399679027,0.6851035445854906
2023-07-31,24969,AVA,AVISTA CORP,55,-0.03,-0.020434,-0.22244191794364807,2975.25228,0.43110138212622623,0.4799425209154096
2023-07-31,36898,SCL,STEPAN CO,15,-0.03,-0.00167,-0.22689075630252095,2134.90596,0.7843417704744794,0.7295745979447751
2023-07-31,43350,SWK,STANLEY BLACK & DECKER INC,20,-0.03,0.054941000000000004,-0.5373620036249794,14351.03053,1.3156188698405107,1.5141483946681837
2023-07-31,45306,IDCC,INTERDIGITAL INC,45,0.03,-0.040845,0.35551573570604716,2565.23695,1.2002500849743587,1.2651286151168193
2023-07-31,53613,MU,MICRON TECHNOLOGY INC,45,-0.03,0.12895299999999998,-0.4153072993903444,69124.50921999999,1.3258952715201828,1.3610869514335373
2023-07-31,57808,VSH,VISHAY INTERTECHNOLOGY INC,45,0.03,-0.046908,0.21360603064755312,3750.999,1.2627775724002581,1.2257587089445012
2023-07-31,59328,INTC,INTEL CORP,45,-0.03,0.065286,-0.5795847750865052,140046.72,0.8216922238124221,1.225681104141896
2023-07-31,60986,NWL,NEWELL BRANDS INC,25,-0.03,0.278368,-0.4255643433844126,3603.5399999999995,0.9249195921857896,1.0865644402542154
2023-07-31,61241,AMD,ADVANCED MICRO DEVICES INC,45,-0.03,-8.899999999999967e-05,-0.5553633217993079,183850.74,1.958161732098825,1.658356449999805
2023-07-31,62341,PDCE,P D C ENERGY INC,10,0.03,0.062379,0.5005767012687429,6189.108859999999,2.451618001214081,1.0611799373870332
2023-07-31,64194,CHE,CHEMED CORP NEW,35,0.03,-0.042385,0.3540121931125391,8135.883399999999,0.4924210723097645,0.5307080042954444
2023-07-31,66384,WDC,WESTERN DIGITAL CORP,45,-0.03,0.11767599999999999,-0.3874196737518537,12213.46,1.6012305935539592,1.3658065827157735
2023-07-31,76076,CSCO,CISCO SYSTEMS INC,45,0.03,0.009023,0.3753295435821388,210843.50092000002,0.954310771052553,0.749726633073455
2023-07-31,76226,PARA,PARAMOUNT GLOBAL,50,-0.03,0.003151,-0.476952545724172,9705.1,1.66469244853737,1.4971349940542233
2023-07-31,76661,IONS,IONIS PHARMACEUTICALS INC,35,-0.03,0.005358000000000001,-0.47614928324270883,5874.1420100000005,0.5282131690024295,0.805908971278056
2023-07-31,76837,HAE,HAEMONETICS CORP MASS,35,0.03,0.07900099999999999,0.32612456747404844,4307.91372,0.4628840023553905,0.5834744289572226
2023-07-31,76892,BOKF,B O K FINANCIAL CORP,40,0.03,0.098357,0.4114145658263305,5361.2878200000005,1.212428244431456,0.915019317439043
2023-07-31,77366,MODG,TOPGOLF CALLAWAY BRANDS CORP,25,-0.03,0.001654,-0.40507085187015984,3684.2195500000003,1.7756987543602196,1.208699492782246
2023-07-31,78875,WOLF,WOLFSPEED INC,45,-0.03,0.18107399999999998,-0.6421156697973307,6919.509660000001,1.5770198064932663,2.0623921663946674
2023-07-31,79758,BYD,BOYD GAMING CORP,25,0.03,-0.019527,0.3011616411270391,7008.312360000001,1.7754667403813247,0.9426385512051814
2023-07-31,80069,ARWR,ARROWHEAD PHARMACEUTICALS INC,35,-0.03,-0.036359999999999996,-0.4723183391003461,3819.2573199999997,1.015048794425523,1.3089783999822386
2023-07-31,80415,EXP,EAGLE MATERIALS INC,15,0.03,-0.015387999999999999,0.31815373208106773,6620.892719999999,1.2640141042035382,1.0175136052615996
2023-07-31,82179,IART,INTEGRA LIFESCIENCES HLDNGS CORP,35,0.03,0.101128,0.21517136266271214,3346.09002,1.1352434387179238,1.0388363025615763
2023-07-31,82307,DVA,DAVITA INC,35,0.03,0.010738000000000001,0.270225737353765,9112.629,0.9153904447716122,1.0084877471161748
2023-07-31,83621,ANSS,ANSYS INC,45,0.020000000000000004,0.031428,0.19313313560718406,28654.555469999996,1.1853936991625476,1.286416957944734
2023-07-31,84723,LNG,CHENIERE ENERGY INC,10,0.020000000000000004,0.057961,0.4167284560883177,37017.08088,1.020201738824455,0.8917421772810654
2023-07-31,84761,TTWO,TAKE TWO INTERACTIVE SOFTWR INC,50,-0.020000000000000004,0.034886,-0.2718734552644588,24987.768,0.6698740594190502,0.7925373479552046
2023-07-31,85002,SRPT,SAREPTA THERAPEUTICS INC,35,-0.03,-0.057919,-0.493615093096062,10681.73848,1.0128598881563269,1.1654044256704843
2023-07-31,85753,VRSN,VERISIGN INC,45,0.03,-0.07086,0.32505355083209747,23365.298000000003,0.9390972223597379,0.8743405132921158
2023-07-31,85875,IBOC,INTERNATIONAL BANCSHARES CORP,40,0.020000000000000004,0.118686,0.3859161311583457,2742.389,0.9723874029847499,0.8266409315086957
2023-07-31,85992,MANH,MANHATTAN ASSOCIATES INC,45,0.03,-0.050719,0.3325712637996375,12326.39972,1.5608230015735054,1.3157950078344594
2023-07-31,87432,A,AGILENT TECHNOLOGIES INC,35,0.03,0.008249,0.16909705058493985,35518.964,0.9966791361655125,1.1387863068905448
2023-07-31,88351,INSM,INSMED INC,35,-0.03,0.042528,-0.43450321304992595,3012.025,1.5960211623597502,1.193084655175942
2023-07-31,89301,GME,GAMESTOP CORP NEW,25,-0.03,-0.088927,-0.1764087988136432,7390.2117499999995,1.3198743125584294,0.612667997838969
2023-07-31,90071,NRG,N R G ENERGY INC,55,-0.03,0.021752,-0.597132970835393,8608.37448,1.0024918439448536,0.9717253695163515
2023-07-31,90126,CYTK,CYTOKINETICS INC,35,-0.029285814713149286,0.017988,-0.3076495304003955,3131.45476,0.7124532219466284,0.7980388758682706
2023-07-31,90550,DLB,DOLBY LABORATORIES INC,45,0.03,0.054524,0.5527269731421981,4972.265600000001,0.9511126981709933,0.8012489402418965
2023-07-31,91500,EXLS,EXLSERVICE HOLDINGS INC,20,0.03,-0.071318,0.29798978414895366,5008.09218,0.9535928480820176,1.0930103728137106
2023-07-31,91832,MDGL,MADRIGAL PHARMACEUTICALS INC,35,-0.03,-0.11564600000000001,-0.5793170209260173,4264.0289999999995,-0.2935721459435938,1.5052754977378735
2023-07-31,92089,GRBK,GREEN BRICK PARTNERS INC,25,0.03,-0.009321,0.13198220464656452,2584.8544,1.5351329415496218,1.503981196864942
2023-07-31,92852,LOPE,GRAND CANYON EDUCATION INC,25,0.03,0.047348,0.48467622343054867,3137.37758,0.5644951795210319,0.6021045233813042
2023-07-31,93356,SPSC,S P S COMMERCE INC,45,0.03,-0.065153,0.27275910364145656,7038.42282,0.8576671271633908,1.0910911485095498
2023-08-31,10693,EHC,ENCOMPASS HEALTH CORP,35,0.03,0.071338,0.2594284090447773,6618.58308,1.019636675719825,0.8482020360776401
2023-08-31,11995,COKE,COCA COLA CONSOLIDATED INC,30,0.03,0.098856,0.4048430966589534,5301.00829,0.7756560514377954,0.6554940302661088
2023-08-31,12570,ITT,I T T INC,20,0.03,0.025282,0.2395769902163764,8207.04,1.4144442251381797,1.2066863174702056
2023-08-31,12622,HCA,H C A HEALTHCARE INC,35,0.012340061448430749,0.011921000000000001,0.23748629886737302,75074.5839,1.5348109231573335,0.8608491376372855
2023-08-31,13284,ALSN,ALLISON TRANSMISSION HLDGS INC,20,0.03,0.029464000000000004,0.38328664799253037,5254.80915,0.9691383052536955,0.8449084119209914
2023-08-31,13600,QLYS,QUALYS INC,45,0.03,0.116861,0.30818414322250637,5095.625600000001,0.6373909825748905,1.041480530142562
2023-08-31,13766,BCC,BOISE CASCADE CO,20,0.03,0.054213,0.2563431169569277,4097.1691,1.5257984481601043,1.1475394265176218
2023-08-31,14169,PINC,PREMIER INC,35,0.03,-0.221114,0.37794828076158005,3306.6345,0.3104081578041384,0.4760893850101278
2023-08-31,14329,ARMK,ARAMARK,25,-0.03,-0.080857,-0.27034871919782405,10520.785329999999,1.5742347622298005,0.866035684357525
2023-08-31,14479,IBP,INSTALLED BUILDING PRODUCTS INC,25,0.03,-0.026764,0.2305646896439735,4204.5081,1.7289253579876482,1.4081428494589332
2023-08-31,14601,NAVI,NAVIENT CORP,40,0.01967480982347849,-0.069138,0.320403523728332,2315.30208,1.529500020664917,1.1697796667418328
2023-08-31,14759,WMS,ADVANCED DRAINAGE SYSTEMS INC,20,0.03,0.047189,0.14811431819104448,9676.12481,1.427277644824343,1.7767203770347422
2023-08-31,15067,FRPT,FRESHPET INC,30,-0.03,0.022251,-0.4285714285714285,3543.5249000000003,0.9878948578353265,1.2762228014655175
2023-08-31,15332,CWEN,CLEARWAY ENERGY INC,55,0.03,-0.051902,0.3535704136727155,2175.81426,0.6763165318296567,0.6561487395853552
2023-08-31,15643,RUN,SUNRUN INC,20,-0.03,-0.181039,-0.6898469532740633,4122.13334,2.307109502137585,2.3106699216030155
2023-08-31,15782,WSC,WILLSCOT MOBILE MINI HLDGS CORP,20,0.03,-0.149063,0.2796857873584216,9460.77475,1.491730250478728,1.0641799462280808
2023-08-31,16076,GMS,G M S INC,20,0.03,-0.063568,0.21046969512442656,3004.63606,1.7994858653504406,1.2849408301063472
2023-08-31,16260,MEDP,MEDPACE HOLDINGS INC,35,0.03,0.06300700000000001,0.18672106523768925,7737.634709999999,1.3294426033766589,1.580934359567252
2023-08-31,16347,AA,ALCOA CORP,15,-0.03,-0.17092800000000002,-0.5115089514066496,6458.105499999999,2.3806939927676165,1.7517249558797672
2023-08-31,16591,LAUR,LAUREATE EDUCATION INC,25,0.03,0.082047,0.3429545731336013,2014.9194,0.6901212426564028,0.8765860228877856
2023-08-31,16597,AYX,ALTERYX INC,45,-0.03,-0.29252500000000003,-0.4180164819551009,2593.86198,0.6177908288442253,1.4245382717054333
2023-08-31,16655,CVNA,CARVANA CO,25,0.03,0.091219,-0.3770957658425688,4895.6968,3.1992954020245365,4.90103580410597
2023-08-31,16917,BKI,BLACK KNIGHT INC,45,-0.03,0.072824,-0.28670888645313203,11023.433519999999,0.48901913957958876,0.6970775459412962
2023-08-31,17949,BE,BLOOM ENERGY CORP,20,-0.03,-0.16523100000000002,-0.5580725043640645,3444.5689,3.019987864617958,1.6682789296214324
2023-08-31,18011,SONO,SONOS INC,25,-0.03,-0.20057000000000003,-0.38070880526123496,2198.3421200000003,1.83249178657949,1.30628579444792
2023-08-31,18138,LTHM,LIVENT CORP,15,0.03,-0.13248200000000002,0.15412251857264644,4423.91856,1.8128064144585854,1.6701745637780114
2023-08-31,18777,KRTX,KARUNA THERAPEUTICS INC,35,-0.03,-0.064656,-0.35050541955912795,7524.936360000001,0.8363064674326057,0.43670385964837066
2023-08-31,18779,MORF,MORPHIC HOLDING INC,35,-0.03,-0.033622,-0.40518816222141035,2718.67179,1.099448375346848,0.9680554274863785
2023-08-31,18815,NOVA,SUNNOVA ENERGY INTERNATIONAL INC,55,-0.03,-0.21688100000000002,-0.6597653554175292,2055.64166,2.119077623239056,1.9721391334467666
2023-08-31,18937,CHPT,CHARGEPOINT HOLDINGS INC,20,-0.03,-0.17774700000000002,-0.42765801972963097,3059.69058,1.8775462854456277,1.3783876309745589
2023-08-31,21207,NEM,NEWMONT CORP,15,-0.03,-0.086084,-0.16733649981731827,34109.89744,0.28211303060667303,0.4922709575058057
2023-08-31,22592,MMM,3M CO,20,-0.03,-0.033507,-0.3235091137904437,61547.10799999999,0.9167325891881085,0.9635382349758234
2023-08-31,24969,AVA,AVISTA CORP,55,-0.020000000000000004,-0.13115700000000002,-0.22944830105955427,2927.52096,0.433476179064031,0.49181609888530586
2023-08-31,27887,BAX,BAXTER INTERNATIONAL INC,35,-0.03,-0.100491,-0.31823164048227987,22904.698149999997,0.5444917099779394,0.742488553287504
2023-08-31,28345,MUR,MURPHY OIL CORP,10,0.03,0.051235,0.3576706044736735,6754.360460000001,2.356909029736516,1.075256508381559
2023-08-31,32651,HL,HECLA MINING CO,15,-0.03,-0.24130400000000002,-0.35111435878699304,3549.9686399999996,2.0770187725199745,1.022254187995564
2023-08-31,43350,SWK,STANLEY BLACK & DECKER INC,20,-0.03,-0.053797,-0.46665042828725684,15202.50561,1.307608560161862,1.4515557105010972
2023-08-31,45306,IDCC,INTERDIGITAL INC,45,0.03,-0.069053,0.3660739658182114,2462.68061,1.1929180247249407,1.2713496765375671
2023-08-31,52337,THC,TENET HEALTHCARE CORP,35,0.03,0.033333,0.11811391223155931,7617.6025500000005,2.0797950634307827,1.5337968105039304
2023-08-31,53613,MU,MICRON TECHNOLOGY INC,45,-0.03,-0.024848,-0.4796411318150448,78193.60978,1.34031472845587,1.3860477017989843
2023-08-31,57808,VSH,VISHAY INTERTECHNOLOGY INC,45,0.03,-0.029759,0.23413713311411516,3591.5177499999995,1.248435974148313,1.2525534163430965
2023-08-31,59328,INTC,INTEL CORP,45,-0.03,-0.018655,-0.40039784029553843,149804.76,0.833236300056318,1.2605063884777832
2023-08-31,61241,AMD,ADVANCED MICRO DEVICES INC,45,-0.03,-0.080411,-0.502659034628344,184832.7624,1.9323832634702747,1.7069631027664962
2023-08-31,61313,DCI,DONALDSON INC,20,0.00798512872809003,0.016069,0.32287987658831646,7617.63486,1.1582925893332674,0.880176539438481
2023-08-31,62341,PDCE,P D C ENERGY INC,10,0.03,-0.027372999999999998,0.4634230503795721,6602.354109999999,2.4541440830093713,1.0400087684131822
2023-08-31,66384,WDC,WESTERN DIGITAL CORP,45,-0.03,0.052794,-0.49344375431331955,13704.320000000002,1.626003063221947,1.404507258465786
2023-08-31,76226,PARA,PARAMOUNT GLOBAL,50,-0.03,-0.063177,-0.5180854950675923,9778.300000000001,1.6725402503404634,1.5400955155302445
2023-08-31,76661,IONS,IONIS PHARMACEUTICALS INC,35,-0.03,-0.032536,-0.45351763893963376,5931.40881,0.5234020153509132,0.8267452874911023
2023-08-31,77366,MODG,TOPGOLF CALLAWAY BRANDS CORP,25,-0.009999999999999995,-0.131227,-0.35472739820565913,3706.4919099999997,1.7743721397341254,1.2345892529229607
2023-08-31,78875,WOLF,WOLFSPEED INC,45,-0.03,-0.27889200000000003,-0.6508748426906995,8202.8366,1.5826941762778757,2.148649431398005
2023-08-31,79323,ALL,ALLSTATE CORP,40,-0.029674809823478487,-0.039963,-0.18231640482279868,29618.16336,0.5517145140872599,0.9039446562641112
2023-08-31,80069,ARWR,ARROWHEAD PHARMACEUTICALS INC,35,-0.03,-0.20384200000000002,-0.48621767547598743,3700.30236,1.0026583711587624,1.317023214152277
2023-08-31,82307,DVA,DAVITA INC,35,0.03,-0.0003210000000000001,0.29052490561441974,9250.493,0.9153924780983729,1.0224295550906508
2023-08-31,83601,WOR,WORTHINGTON INDUSTRIES INC,15,0.03,0.004174,0.19772256728778467,3712.7181000000005,1.2510661512408767,1.4055879107675668
2023-08-31,84723,LNG,CHENIERE ENERGY INC,10,0.020000000000000004,0.006181999999999999,0.4115414281654691,39325.181880000004,1.0301247274533236,0.8802808066778058
2023-08-31,84761,TTWO,TAKE TWO INTERACTIVE SOFTWR INC,50,-0.03,-0.074761,-0.32537652742256323,25973.953139999998,0.6793482380802954,0.824346943892436
2023-08-31,85753,VRSN,VERISIGN INC,45,0.03,-0.019517,0.3267567896723907,21756.117299999998,0.9243785333187221,0.880031876264733
2023-08-31,85875,IBOC,INTERNATIONAL BANCSHARES CORP,40,0.03,-0.090138,0.4223196524986807,3080.11236,0.9819159311374437,0.8716085745543447
2023-08-31,85992,MANH,MANHATTAN ASSOCIATES INC,45,0.03,0.058415999999999996,0.2809036658141517,11755.34478,1.55228826161939,1.1907371880794286
2023-08-31,87337,PLUG,PLUG POWER INC,20,-0.017985128728090025,-0.35972000000000004,-0.5629846141355094,7895.64224,2.05618228223281,1.9960740959527052
2023-08-31,88351,INSM,INSMED INC,35,-0.03,-0.013590999999999999,-0.47834206146226604,3176.5420000000004,1.595128207876228,1.2066320792518594
2023-08-31,89916,NXST,NEXSTAR MEDIA GROUP INC,50,0.009999999999999995,-0.12551800000000002,0.19583485568140294,6606.34032,1.4836752506769912,1.0951363045566889
2023-08-31,89946,AEL,AMERICAN EQUITY INVT LIFE HLDG C,40,0.03,-0.004351,0.29168189014736334,4180.14162,0.9418133454835398,1.4515711976723655
2023-08-31,90071,NRG,N R G ENERGY INC,55,-0.03,-0.016119,-0.5753054845126455,8746.51368,1.0013985919870156,1.0071688900116642
2023-08-31,90126,CYTK,CYTOKINETICS INC,35,-0.03,0.043139000000000004,-0.3212357406730808,3201.5333000000005,0.7279942179383863,0.7987406435536588
2023-08-31,90249,ENS,ENERSYS,20,0.03,-0.035372,0.20214752567693745,4436.67888,1.3032907828628104,1.3659220701280008
2023-08-31,90550,DLB,DOLBY LABORATORIES INC,45,0.03,-0.047902,0.5295538505257176,5265.2062000000005,0.9524331682357856,0.8161276290481053
2023-08-31,91161,GPRE,GREEN PLAINS INC,10,-0.03,-0.130417,-0.2911541428165469,2113.8392799999997,1.7505613943904332,1.2641329575578273
2023-08-31,91832,MDGL,MADRIGAL PHARMACEUTICALS INC,35,-0.002340061448430753,-0.127771,-0.5062923720212723,3789.6327,-0.297481181897647,1.5585924535077669
2023-08-31,92852,LOPE,GRAND CANYON EDUCATION INC,25,0.03,0.07561,0.4823001664433889,3299.7028999999998,0.5650663893706594,0.6185890227400664
2023-08-31,93132,FTNT,FORTINET INC,45,0.03,-0.229833,0.2198067632850241,61056.832,1.1344525810762267,1.2774982287817955
2023-08-31,93179,PPC,PILGRIMS PRIDE CORP NEW,30,-0.02000000000000003,0.011208,-0.20797304429017976,5865.288299999999,0.91995741275805,0.6723162689817018
2023-09-30,13284,ALSN,ALLISON TRANSMISSION HLDGS INC,20,0.03,-0.027261,0.3699263536697632,5412.3907500000005,0.9555956434242797,0.8223508416721375
2023-09-30,13600,QLYS,QUALYS INC,45,0.03,-0.024184,0.2765921834463135,5714.2228000000005,0.6128179823929204,1.0206832976194087
2023-09-30,13721,ABBV,ABBVIE INC,35,0.03,0.010023,0.34787429910452755,259391.30712,0.5476997446393175,0.5258575312358762
2023-09-30,13901,MO,ALTRIA GROUP INC,30,0.03,-0.032208,0.4683864758557202,78473.2542,0.5422220514833265,0.43510902758493153
2023-09-30,14329,ARMK,ARAMARK,25,-0.03,-0.07097,-0.26516863335844004,9705.839,1.5841130864235875,0.9243710126832893
2023-09-30,15067,FRPT,FRESHPET INC,30,-0.03,-0.1318,-0.39321282115658207,3641.0166900000004,0.9488721246203118,1.264110686788518
2023-09-30,15490,LITE,LUMENTUM HOLDINGS INC,45,-0.03,-0.16960999999999998,-0.4802493932546656,3626.65587,1.0193936659667349,1.2635131213556168
2023-09-30,16260,MEDP,MEDPACE HOLDINGS INC,35,0.03,-0.10838500000000001,0.1832580132228638,8260.262009999999,1.3284237397741698,1.6434948057984655
2023-09-30,16432,GT,GOODYEAR TIRE & RUBBER CO,25,-0.03,-0.041448,-0.46568750523056324,3659.6880699999997,1.7712189553628308,1.6505307038338892
2023-09-30,16655,CVNA,CARVANA CO,25,0.03,-0.170503,-0.3768516193823751,5364.4904,3.1197154285683766,4.893146256927598
2023-09-30,16736,VST,VISTRA CORP,55,0.03,0.058310999999999995,0.3570800903841325,11549.0494,0.9073365601899857,0.8861425843823928
2023-09-30,17104,APLS,APELLIS PHARMACEUTICALS INC,35,-0.03,-0.10305900000000001,-0.49045945267386387,4969.6787699999995,1.029313105700652,1.36168057274641
2023-09-30,17223,ADT,A D T INC,25,0.03,-0.064125,0.2512553351744916,5562.8080199999995,1.6966478072742246,1.1524509861138925
2023-09-30,17864,BJ,B J S WHOLESALE CLUB HLDGS INC,30,-0.020000000000000004,0.054792,-0.14917566323541723,9012.19948,0.44517534757467636,0.3430207875923399
2023-09-30,17929,UGI,U G I CORP NEW,55,-0.03,-0.076625,-0.3930454431333166,5274.68122,1.0044269105336412,0.9590913496942974
2023-09-30,17949,BE,BLOOM ENERGY CORP,20,-0.03,-0.119677,-0.47953803665578715,3139.23578,3.0109740185006117,1.599625550718884
2023-09-30,18777,KRTX,KARUNA THERAPEUTICS INC,35,-0.03,-0.10370199999999999,-0.4297430747342874,7072.54368,0.8610785572771749,0.21630815710013784
2023-09-30,18779,MORF,MORPHIC HOLDING INC,35,-0.03,-0.588327,-0.5616788015733534,2639.59884,1.1064834330897209,0.9096832358882876
2023-09-30,19201,RVMD,REVOLUTION MEDICINES INC,35,-0.03,-0.18943,-0.5506736965436438,3708.5049,1.2670565735034343,1.2119667323612318
2023-09-30,19880,MTZ,MASTEC INC,20,-0.009999999999999995,-0.280878,-0.35195413842162526,7845.7814,1.3856332708600863,1.2994989622450024
2023-09-30,22592,MMM,3M CO,20,-0.03,-0.126607,-0.2977236588835886,58880.986639999996,0.9185860560829059,0.953778518638272
2023-09-30,32707,HP,HELMERICH & PAYNE INC,10,0.03,0.049997,0.3128504477362123,3976.0857300000002,1.740709015412486,1.3915816247158326
2023-09-30,38093,AJG,GALLAGHER ARTHUR J & CO,40,-0.02822814969741251,-0.015331,-0.12473847183864753,49669.82288,0.6613552036881316,0.7728008577556701
2023-09-30,44329,TFX,TELEFLEX INC,35,0.03,-0.08102699999999999,0.18501548246715208,9997.07808,0.9862750173536338,1.0362076780463574
2023-09-30,44943,DIOD,DIODES INC,45,0.03,-0.041042,0.2258138756381287,3760.10715,1.4172831637201748,1.459108436642973
2023-09-30,47941,TGNA,TEGNA INC,50,0.03,-0.11624300000000001,0.4555402125700896,3331.15866,0.6317203648540943,0.5576914940990175
2023-09-30,52337,THC,TENET HEALTHCARE CORP,35,0.006195323350038324,-0.15473099999999998,0.04014980333082268,7875.0546,2.0919504719314297,1.5907956043910239
2023-09-30,52978,HAS,HASBRO INC,25,-0.03,-0.08565600000000001,-0.3854715875805507,9989.352,0.69589888731265,1.1546282880136602
2023-09-30,53613,MU,MICRON TECHNOLOGY INC,45,-0.03,-0.031576,-0.5048958071805172,76794.12,1.3458648716056014,1.4122753258727314
2023-09-30,57808,VSH,VISHAY INTERTECHNOLOGY INC,45,0.03,-0.09980800000000001,0.21706837392250403,3483.4256800000003,1.2600806500662152,1.26666811451502
2023-09-30,59328,INTC,INTEL CORP,45,-0.03,0.007401,-0.3616620637710269,147166.32,0.8329884967841025,1.3095263287797667
2023-09-30,61241,AMD,ADVANCED MICRO DEVICES INC,45,-0.03,-0.031698000000000004,-0.5509247635785421,170808.73812,1.902984059055697,1.776199340810939
2023-09-30,65402,AOS,SMITH A O CORP,20,0.03,-0.09212899999999999,0.30305883337517786,9032.775,1.2251152407940114,0.9676073376912475
2023-09-30,66384,WDC,WESTERN DIGITAL CORP,45,-0.03,0.009733,-0.5073227885178676,14485.320000000002,1.6275209827057333,1.4328189532095634
2023-09-30,76076,CSCO,CISCO SYSTEMS INC,45,0.03,-0.06686500000000001,0.3890283705749435,233185.1,0.9213323929586514,0.7585854499821074
2023-09-30,76136,KMPR,KEMPER CORP DE,40,-0.03,-0.10944100000000001,-0.22922420286216422,3008.7103199999997,0.8919838402310404,1.0963295602133525
2023-09-30,76226,PARA,PARAMOUNT GLOBAL,50,-0.03,-0.14629699999999998,-0.47359611682986025,9210.92091,1.6773672149455199,1.580088625563573
2023-09-30,76661,IONS,IONIS PHARMACEUTICALS INC,35,-0.03,0.12213000000000002,-0.36643233743409487,5771.73802,0.5222689148922101,0.7999022026465817
2023-09-30,76712,AES,A E S CORP,55,-0.020000000000000004,-0.156526,-0.35576198845091644,12006.44797,0.9623661482095854,1.0625044969042938
2023-09-30,77274,GILD,GILEAD SCIENCES INC,35,0.013804676649960958,-0.014903,0.321595949451837,95295.15071999999,0.34364874378726823,0.4388474235295372
2023-09-30,77366,MODG,TOPGOLF CALLAWAY BRANDS CORP,25,-0.03,-0.210689,-0.36237342036990544,3234.7014400000003,1.7700259370099682,1.2747797084785
2023-09-30,77730,TSN,TYSON FOODS INC,30,-0.03,-0.056454,-0.28475186208050884,15211.248500000002,0.7211393965003813,0.6121835760093567
2023-09-30,78875,WOLF,WOLFSPEED INC,45,-0.03,-0.207529,-0.6770022596033141,5989.455,1.6311944326488776,2.056073342986359
2023-09-30,79323,ALL,ALLSTATE CORP,40,-0.011771850302587485,0.029124999999999998,-0.17051636120177419,28200.292940000003,0.5506620321382062,0.9487946491596837
2023-09-30,79758,BYD,BOYD GAMING CORP,25,0.03,-0.09235099999999999,0.33310318855134324,6687.80244,1.7743076879509985,0.9685955158672557
2023-09-30,79857,PTEN,PATTERSON U T I ENERGY INC,10,0.020000000000000004,-0.020012,0.30207548748849283,2941.03516,2.4396057612824196,1.3882056359755155
2023-09-30,79878,UFPI,U F P INDUSTRIES INC,20,0.03,-0.022954,0.2594359360615951,6455.61275,1.4559156722539892,1.1141086918218455
2023-09-30,80069,ARWR,ARROWHEAD PHARMACEUTICALS INC,35,-0.03,-0.032125,-0.5590425977069211,2962.81452,1.0449065694302961,1.3604836994529281
2023-09-30,80575,SSD,SIMPSON MANUFACTURING CO INC,20,0.03,-0.066548,0.24449744748514518,6817.43848,1.173004275943263,1.1390934523101777
2023-09-30,82777,MSM,M S C INDUSTRIAL DIRECT INC,20,0.03,-0.042578,0.35902585990459446,4805.90334,0.9937290092719888,0.7027223898246749
2023-09-30,83601,WOR,WORTHINGTON INDUSTRIES INC,15,0.03,-0.179229,0.19484894133400285,3761.3171699999994,1.2529456569387896,1.4383872284218613
2023-09-30,85002,SRPT,SAREPTA THERAPEUTICS INC,35,-0.009999999999999287,-0.002532,-0.4250564900828522,11287.69179,0.9750551327072794,1.214901918474214
2023-09-30,85738,MRCY,MERCURY SYSTEMS INC,20,-0.03,-0.059299,-0.5049376516863335,2327.56425,0.8311253719139176,1.1228024850517069
2023-09-30,85753,VRSN,VERISIGN INC,45,0.03,-0.029581,0.34048874382793537,21430.21386,0.9151665360213544,0.8839980519955067
2023-09-30,85875,IBOC,INTERNATIONAL BANCSHARES CORP,40,0.03,-0.036424,0.4480291237760482,2778.55422,0.9901387573418997,0.8937418854483807
2023-09-30,85992,MANH,MANHATTAN ASSOCIATES INC,45,0.03,-0.028746,0.25384969453510753,12495.37278,1.5184887164097944,1.2211439336107968
2023-09-30,86356,EBAY,EBAY INC,25,0.03,-0.019676,0.2594777805674115,23829.99046,1.3234122605564593,1.088219653190551
2023-09-30,87179,NTCT,NETSCOUT SYSTEMS INC,45,0.03,-0.025573,0.30021340697966353,2065.5972399999996,0.680838362122468,0.9588658485066951
2023-09-30,88351,INSM,INSMED INC,35,-0.03,0.149228,-0.4690350656958742,3147.782,1.6261111352662485,1.1236366098841164
2023-09-30,89031,AXON,AXON ENTERPRISE INC,20,-0.03,-0.06964699999999999,-0.4116662482216085,15917.151600000001,0.9202631582870386,1.1923914819377717
2023-09-30,89217,AAP,ADVANCE AUTO PARTS INC,25,-0.03,-0.191567,-0.3773955979579881,4092.7253999999994,1.0420815889850463,1.334386890003668
2023-09-30,89946,AEL,AMERICAN EQUITY INVT LIFE HLDG C,40,0.03,-0.005012,0.2809021675454013,4203.03664,0.9387940460625911,1.4163716002710927
2023-09-30,90071,NRG,N R G ENERGY INC,55,-0.03,0.021565,-0.3956398024939326,8603.34335,0.9883776265589972,1.0117637822781493
2023-09-30,90126,CYTK,CYTOKINETICS INC,35,-0.03,-0.161107,-0.4189890367394761,3354.1701199999998,0.7197922455142906,0.7881700539818149
2023-09-30,90436,HALO,HALOZYME THERAPEUTICS INC,35,0.03,-0.106711,0.20127207297681818,5614.55776,1.2671404482747401,1.0289293068969787
2023-09-30,90776,WAL,WESTERN ALLIANCE BANCORPORATION,40,0.03,-0.08505099999999999,-0.10892124864005355,5476.24503,1.4659868394682654,2.9001326904487263
2023-09-30,91356,HOMB,HOME BANCSHARES INC,40,0.03,-0.060173,0.38337936228973135,4493.24658,1.1836317572154285,0.9746102592260606
2023-09-30,91594,SPR,SPIRIT AEROSYSTEMS HOLDINGS INC,20,-0.03,-0.247231,-0.5191229391580886,2244.76148,1.7110136710805448,1.910470637728506
2023-09-30,92655,UNH,UNITEDHEALTH GROUP INC,35,0.03,0.057804,0.2941459536362876,441458.4369,0.6225908859228596,0.726390069790851
2023-09-30,92852,LOPE,GRAND CANYON EDUCATION INC,25,0.03,-0.007423,0.40875805506736956,3549.7437499999996,0.5482456128345073,0.5974856772648196
2023-09-30,93035,SEM,SELECT MEDICAL HOLDINGS CORP,35,0.03,-0.139152,0.14538873545903422,3713.84703,1.3741960280678975,1.2127744368189282
2023-10-31,10693,EHC,ENCOMPASS HEALTH CORP,35,0.03,-0.073208,0.30069675985295374,6731.513959999999,0.9945465021965854,0.8574953364990421
2023-10-31,11533,FICO,FAIR ISAAC CORP,45,0.020000000000000004,-0.030805,0.16925279986321276,21589.050209999998,1.1425857180832726,1.5504558126333123
2023-10-31,11995,COKE,COCA COLA CONSOLIDATED INC,30,0.03,-0.0037919999999999994,0.34124134393434213,5325.36208,0.7690205527246671,0.7667222623950566
2023-10-31,13284,ALSN,ALLISON TRANSMISSION HLDGS INC,20,0.03,-0.151007,0.3439984611438831,5287.9371,0.949593137505647,0.8398466121202249
2023-10-31,13600,QLYS,QUALYS INC,45,0.03,-0.0020929999999999994,0.31984696930836964,5613.2298,0.6117859901856022,1.0689855070066874
2023-10-31,13788,ZTS,ZOETIS INC,35,0.03,-0.100157,0.21456356330683077,80085.95165999999,0.747772791935616,1.1496292191570772
2023-10-31,13901,MO,ALTRIA GROUP INC,30,0.03,-0.049423999999999996,0.4656108403864238,74622.35049999999,0.544434057004268,0.4332886641030409
2023-10-31,14751,VRTV,VERITIV CORP,20,0.03,-0.0016949999999999995,0.3533598358553475,2288.7639,2.064354891607801,1.0929330684349963
2023-10-31,14759,WMS,ADVANCED DRAINAGE SYSTEMS INC,20,0.03,-0.06621,0.09369923912114217,8957.510359999998,1.4268801504962754,1.877450321607475
2023-10-31,15490,LITE,LUMENTUM HOLDINGS INC,45,-0.03,-0.136853,-0.4093571001111395,3027.06,1.0497613779440078,1.3528928333576289
2023-10-31,15643,RUN,SUNRUN INC,20,-0.014544534156542855,-0.236403,-0.6163759938445754,2734.4878400000002,2.377800573852144,2.525676901508419
2023-10-31,16260,MEDP,MEDPACE HOLDINGS INC,35,0.03,-0.0024849999999999994,0.13223476104984186,7429.03266,1.3460710151433153,1.7320236098489001
2023-10-31,16347,AA,ALCOA CORP,15,-0.03,-0.118918,-0.5114559288706506,5185.757,2.3725310087070905,1.8272757484281685
2023-10-31,16432,GT,GOODYEAR TIRE & RUBBER CO,25,-0.03,-0.047354,-0.4670855774985038,3524.47678,1.7529198699683017,1.7239986733020118
2023-10-31,16597,AYX,ALTERYX INC,45,-0.03,-0.155418,-0.497114644780713,2380.68885,0.5055902440479326,1.5645151674762048
2023-10-31,16655,CVNA,CARVANA CO,25,0.03,-0.36155200000000004,-0.39213046080191505,4472.717119999999,3.123233166541474,5.172838300541893
2023-10-31,16736,VST,VISTRA CORP,55,0.03,-0.018579,0.3339104043771907,12195.9726,0.8764825443362106,0.9140338504918104
2023-10-31,16816,BHF,BRIGHTHOUSE FINANCIAL INC,40,-0.03,-0.079092,-0.3255321877404463,3166.6137599999997,1.2812690926997226,1.4987957629418334
2023-10-31,17104,APLS,APELLIS PHARMACEUTICALS INC,35,-0.03,0.27446499999999996,-0.48281610669402414,4502.376359999999,1.0501486119749546,1.430717268869333
2023-10-31,17864,BJ,B J S WHOLESALE CLUB HLDGS INC,30,-0.03,-0.050252,-0.21249038214926902,9544.45284,0.42120894092712063,0.3586625302862201
2023-10-31,17929,UGI,U G I CORP NEW,55,-0.020000000000000004,-0.100367,-0.3446182781909891,4818.017000000001,1.0084028909693192,1.0053187441528535
2023-10-31,17949,BE,BLOOM ENERGY CORP,20,-0.03,-0.22040099999999999,-0.48666324698640684,2776.93572,3.0041773772437046,1.6679728293804257
2023-10-31,18064,FTDR,FRONTDOOR INC,25,0.03,-0.058981,0.3621868855262033,2435.51462,0.7817926639371221,0.816416640274324
2023-10-31,18184,FSR,FISKER INC,25,-0.03,-0.30378000000000005,-0.3536590578780883,2294.75196,1.029650501494841,1.160874451964615
2023-10-31,18312,MRNA,MODERNA INC,35,-0.012258063351822841,-0.26931000000000005,-0.26340087201846624,39353.490000000005,1.7781997723763723,0.6057185209582526
2023-10-31,18542,CAT,CATERPILLAR INC,20,0.00454453415654286,-0.172373,0.29039497307001794,139269.039,1.0747929939389855,1.0245595451075817
2023-10-31,18772,AKRO,AKERO THERAPEUTICS INC,35,-0.03,-0.769049,-0.330490724117295,2816.34498,-0.5561492337140979,0.5043210337800351
2023-10-31,18777,KRTX,KARUNA THERAPEUTICS INC,35,-0.03,-0.019382,-0.38058903992476706,6377.90571,0.908456462894658,0.22563042394964675
2023-10-31,19201,RVMD,REVOLUTION MEDICINES INC,35,-0.03,-0.289397,-0.4890142771650851,3029.63136,1.3173051000001255,1.2468644101818318
2023-10-31,19433,MP,M P MATERIALS CORP,15,-0.010000000000000009,-0.14607599999999998,-0.3454945712575875,3393.0959000000003,2.8346182592540683,1.3714522577896677
2023-10-31,19502,WBA,WALGREENS BOOTS ALLIANCE INC,30,-0.03,-0.056873,-0.3007608788578268,19213.469599999997,0.6858303827179907,0.8338589232530479
2023-10-31,19751,LCID,LUCID GROUP INC,25,-0.03,-0.267685,-0.5410575361203728,12797.05843,1.4230041172851582,1.7287967459963551
2023-10-31,44329,TFX,TELEFLEX INC,35,0.03,-0.064081,0.18515431307172783,9229.698719999999,0.9957010572867523,1.0729044826322476
2023-10-31,44943,DIOD,DIODES INC,45,0.03,-0.179246,0.18592374113020435,3621.5942400000004,1.4043842525163097,1.5438665306757158
2023-10-31,52337,THC,TENET HEALTHCARE CORP,35,0.022258063351822836,-0.18972,0.054437035137214665,6690.1411499999995,2.103283365345251,1.6528614297295428
2023-10-31,53613,MU,MICRON TECHNOLOGY INC,45,-0.03,-0.020151,-0.45943404291698725,74699.25302,1.3284448482907445,1.4907292091239566
2023-10-31,59328,INTC,INTEL CORP,45,-0.03,0.022008,-0.42848593656493117,149878.8,0.8140289552660046,1.3822080858015062
2023-10-31,61241,AMD,ADVANCED MICRO DEVICES INC,45,-0.03,-0.046729999999999994,-0.553838591091733,166054.3,1.8949570513007152,1.8689953534856494
2023-10-31,66376,WSO,WATSCO INC,20,-0.03,-0.075123,-0.3171112251004531,12675.52776,0.8843211415808455,1.0232072385304483
2023-10-31,66384,WDC,WESTERN DIGITAL CORP,45,-0.03,-0.12481099999999999,-0.510130802769941,14784.12,1.59265798722656,1.4743531265066858
2023-10-31,76076,CSCO,CISCO SYSTEMS INC,45,0.03,-0.027986,0.4399204924339574,217989.16608,0.9275218298187933,0.7817127182934763
2023-10-31,76226,PARA,PARAMOUNT GLOBAL,50,-0.03,-0.161304,-0.5011113960844661,7881.900000000001,1.6928542823814372,1.6889487464311237
2023-10-31,76661,IONS,IONIS PHARMACEUTICALS INC,35,-0.03,-0.028745,-0.49854663588954434,6504.30648,0.4787921851383526,0.8240943084268001
2023-10-31,76709,IDXX,I D E X X LABORATORIES INC,35,0.03,-0.09115999999999999,0.12723347866974438,36323.14436,1.1915708831380136,1.3178881059694207
2023-10-31,76712,AES,A E S CORP,55,-0.03,-0.013537,-0.391211421732068,10178.3608,0.9975090033927112,1.1180271948367042
2023-10-31,77274,GILD,GILEAD SCIENCES INC,35,0.03,0.043323,0.360754894417372,93450.18,0.34402771869662285,0.4479653620347447
2023-10-31,77730,TSN,TYSON FOODS INC,30,-0.03,-0.086711,-0.2782337351457639,14417.419500000002,0.7236618105002358,0.6572368692507908
2023-10-31,78875,WOLF,WOLFSPEED INC,45,-0.03,-0.11652599999999999,-0.673933487218945,4772.3298,1.6615643796309305,2.224139637165358
2023-10-31,79758,BYD,BOYD GAMING CORP,25,0.0031974024916335813,-0.09644599999999999,0.3062109942720356,6083.72996,1.772566133674293,0.9734484380416663
2023-10-31,79862,ROCK,GIBRALTAR INDUSTRIES INC,20,0.03,-0.10321899999999999,0.33609045054287423,2054.7343600000004,1.13793338338725,1.1263765870195874
2023-10-31,80069,ARWR,ARROWHEAD PHARMACEUTICALS INC,35,-0.03,-0.089568,-0.5719415234675557,2883.47344,1.0534858898364738,1.45745603615751
2023-10-31,84319,LAD,LITHIA MOTORS INC,25,-0.013197402491633576,-0.184582,-0.3385483457296744,8139.8854599999995,1.4610612350620995,1.2910325138393508
2023-10-31,84606,EEFT,EURONET WORLDWIDE INC,40,0.020000000000000004,-0.036712999999999996,0.2931307172779345,3664.2601799999998,1.23632694227694,1.3135677337792926
2023-10-31,85738,MRCY,MERCURY SYSTEMS INC,20,-0.03,-0.034642,-0.5232110797640421,2124.29266,0.8342993865512883,1.222456824921319
2023-10-31,85753,VRSN,VERISIGN INC,45,0.03,-0.018886,0.3499187825938274,20739.072,0.9090715661292934,0.9029294589760563
2023-10-31,85992,MANH,MANHATTAN ASSOCIATES INC,45,0.03,-0.018274,0.26137043686415323,12168.34492,1.504161640063143,1.2976584006589045
2023-10-31,86356,EBAY,EBAY INC,25,0.03,-0.11494399999999999,0.2693211934684107,22926.800000000003,1.3055165493137701,1.109255309547249
2023-10-31,86822,EXTR,EXTREME NETWORKS INC,45,0.03,-0.153001,0.20000854920064975,3135.9213,2.0057838665113055,1.5184039808530108
2023-10-31,87179,NTCT,NETSCOUT SYSTEMS INC,45,0.03,-0.225629,0.3043729161323417,2008.9779599999997,0.6773909460354829,0.9674518792382767
2023-10-31,87337,PLUG,PLUG POWER INC,20,-0.03,-0.229715,-0.528426092160383,4600.9488,2.146192864137839,2.1363045493311987
2023-10-31,88351,INSM,INSMED INC,35,-0.03,-0.01224,-0.532166367444644,3611.98725,1.5534884717716304,1.219178582341461
2023-10-31,88661,TPR,TAPESTRY INC,25,0.03,-0.046105999999999994,0.19947422416004099,6587.45875,1.5099923355075406,1.4134746769558049
2023-10-31,89946,AEL,AMERICAN EQUITY INVT LIFE HLDG C,40,0.03,-0.017392,0.2695135504830299,4199.90472,0.9240123052131978,1.4629728422503763
2023-10-31,90071,NRG,N R G ENERGY INC,55,-0.03,0.105293,-0.48379926476874413,8825.58684,0.9669103153832939,1.0604195194058748
2023-10-31,90126,CYTK,CYTOKINETICS INC,35,-0.03,0.178584,-0.4022398905702317,2835.58392,0.7752274437515292,0.831892397681583
2023-10-31,90249,ENS,ENERSYS,20,0.03,-0.100733,0.18511156706847912,3885.2568,1.3188428174526705,1.5085994977799329
2023-10-31,90550,DLB,DOLBY LABORATORIES INC,45,0.03,0.016481,0.3035179960673677,4720.3293,0.9524277736236139,0.9817359106567327
2023-10-31,90776,WAL,WESTERN ALLIANCE BANCORPORATION,40,0.03,-0.110654,-0.12272377532700697,5033.85291,1.4672965354990182,3.1002177159059094
2023-10-31,91832,MDGL,MADRIGAL PHARMACEUTICALS INC,35,-0.03,-0.105098,-0.5635419338291869,2700.8637599999997,-0.1902746745678116,1.7315296442273527
2023-10-31,92852,LOPE,GRAND CANYON EDUCATION INC,25,0.03,0.007691000000000001,0.4231640591604684,3517.15296,0.5393777036621252,0.6420369190436374
2023-10-31,93035,SEM,SELECT MEDICAL HOLDINGS CORP,35,0.03,-0.105229,0.1739121142173207,3212.90361,1.3932338361299939,1.2503467977620604
2023-10-31,93312,SSNC,S S & C TECHNOLOGIES HLDGS INC,20,0.03,-0.048301,0.2662648542361289,13003.65,1.3506918080758958,1.141569741030839
2023-11-30,11995,COKE,COCA COLA CONSOLIDATED INC,30,0.03,0.14973799999999998,0.35082516761217125,5326.11529,0.761962865576641,0.8232134686490753
2023-11-30,12473,KNX,KNIGHT SWIFT TRANSPORT HDLGS INC,20,-0.03,0.095596,-0.3632671480144404,7885.663660000001,1.136020107911131,1.0951382668152798
2023-11-30,12981,FBIN,FORTUNE BRANDS INNOVATIONS INC,20,0.03,0.22619099999999998,0.25595238095238093,7036.101,1.4995863651568202,1.4876742627405948
2023-11-30,13600,QLYS,QUALYS INC,45,0.03,0.20407599999999998,0.3108990888774282,5626.265749999999,0.5350523259006928,1.1272376184262396
2023-11-30,13788,ZTS,ZOETIS INC,35,0.03,0.12086300000000001,0.2466047790957538,72269.769,0.7807723532128096,1.2303957177165985
2023-11-30,14169,PINC,PREMIER INC,35,0.03,0.077782,0.3306042633659962,2300.09584,0.3436172213156102,0.5916595236313955
2023-11-30,14229,OMF,ONEMAIN HOLDINGS INC,40,0.03,0.203652,0.3365351555784769,4308.15072,1.689233540886399,1.4137786691141503
2023-11-30,14328,AMC,A M C ENTERTAINMENT HOLDINGS INC,50,-0.03,-0.38176499999999997,-0.5137742822760873,2118.45276,2.356794414765751,1.3263110652049133
2023-11-30,14751,VRTV,VERITIV CORP,20,0.03,-0.000941,0.34070397111913353,2295.67491,2.0760070106367805,1.1197123403298563
2023-11-30,14759,WMS,ADVANCED DRAINAGE SYSTEMS INC,20,0.03,0.13055699999999998,0.08808234485129791,8406.66636,1.4297653670263621,2.0033956652233287
2023-11-30,15490,LITE,LUMENTUM HOLDINGS INC,45,-0.03,0.087134,-0.4781459515214029,2627.07,1.0690673364918444,1.5001068602866712
2023-11-30,15831,AXSM,AXSOME THERAPEUTICS INC,35,-0.03,0.078588,-0.30913701220560424,2947.0896000000002,1.991016614351969,0.963704657363372
2023-11-30,16076,GMS,G M S INC,20,0.03,0.15221099999999999,0.23809523809523808,2373.87864,1.7526215708881923,1.4200713972942982
2023-11-30,16432,GT,GOODYEAR TIRE & RUBBER CO,25,-0.009999999999999995,0.16280299999999998,-0.4321170706549768,3374.2212,1.772099666649143,1.833592119048417
2023-11-30,16597,AYX,ALTERYX INC,45,-0.03,0.246748,-0.4730316314251332,2021.9116499999998,0.5181981528740697,1.6792543158815725
2023-11-30,16655,CVNA,CARVANA CO,25,0.03,0.155576,-0.3827359463641052,2876.688,3.1262156378523644,5.547942994670919
2023-11-30,16736,VST,VISTRA CORP,55,0.03,0.077789,0.39004211793020455,12026.8904,0.8624726756233748,0.9552729844317788
2023-11-30,16928,KRYS,KRYSTAL BIOTECH INC,35,-0.03,-0.112578,-0.3020887055183084,3296.43522,0.949858411324048,0.886960967000527
2023-11-30,17104,APLS,APELLIS PHARMACEUTICALS INC,35,-0.03,0.102645,-0.47341842874333845,5766.21,0.9160356541405079,1.5390270598948288
2023-11-30,17223,ADT,A D T INC,25,0.03,0.032679,0.29639418944473095,4904.28246,1.6702613591977382,1.213517753194
2023-11-30,17949,BE,BLOOM ENERGY CORP,20,-0.03,0.384038,-0.5269683685748668,2328.1336,2.9968024038050176,1.8808728637674503
2023-11-30,18777,KRTX,KARUNA THERAPEUTICS INC,35,-0.03,0.143226,-0.4256274712050886,6285.69547,0.9210216297114298,0.2472518735224032
2023-11-30,18973,BRC,BRADY CORP,20,0.03,0.089047,0.439337287261475,2306.6945,0.7055005077833086,0.871628194962749
2023-11-30,19166,FMC,F M C CORP,15,-0.03,0.004223,-0.3162927625924015,6635.8488,0.8680634292857299,1.168679742925358
2023-11-30,19201,RVMD,REVOLUTION MEDICINES INC,35,-0.03,0.17385899999999999,-0.6021359807460892,2167.1496,1.379032846764585,1.7190583529929082
2023-11-30,19393,BMY,BRISTOL MYERS SQUIBB CO,35,0.03,-0.046147,0.3523938456248925,104851.07974,0.35420038931813713,0.5069536756485646
2023-11-30,19433,MP,M P MATERIALS CORP,15,-0.009197439480071325,-0.036740999999999996,-0.33142083548220735,2913.4435999999996,2.8602797757583454,1.4717149262643037
2023-11-30,19502,WBA,WALGREENS BOOTS ALLIANCE INC,30,-0.03,-0.035993,-0.28805655836341754,18211.328199999996,0.7641274264823111,0.9004426340667294
2023-11-30,22111,JNJ,JOHNSON & JOHNSON,35,0.03,0.046457000000000005,0.3812317345710848,357095.76686000003,0.5384083201435477,0.4511868425133333
2023-11-30,22592,MMM,3M CO,20,-0.03,0.101927,-0.31719528966821386,50233.23115,0.9313997008020758,1.0535269483061143
2023-11-30,24248,ALE,ALLETE INC,55,0.009999999999999995,0.044437000000000004,0.2671695031803335,3073.08892,0.6771929794614051,0.7333559033356343
2023-11-30,44206,ES,EVERSOURCE ENERGY,55,-0.03,0.100056,-0.2912368918686608,18777.33594,0.48999546915208214,0.6608513120255921
2023-11-30,44943,DIOD,DIODES INC,45,0.03,0.016166,0.2334321815368747,2989.5148799999997,1.4365866686066184,1.6221781715562484
2023-11-30,49429,DDS,DILLARDS INC,25,0.03,0.113598,0.28977565755544094,3861.68755,1.0022046801288385,1.1855848198770589
2023-11-30,53613,MU,MICRON TECHNOLOGY INC,45,-0.0008025605199279571,0.133904,-0.37018652226233456,73425.53358000002,1.2932055101760274,1.5392609400648984
2023-11-30,57808,VSH,VISHAY INTERTECHNOLOGY INC,45,0.03,-0.004874,0.2268136496475847,2823.3012799999997,1.2764222060130677,1.412542773902781
2023-11-30,59328,INTC,INTEL CORP,45,-0.03,0.224267,-0.4275184803163143,153884.0,0.8290860701393246,1.4537035179806685
2023-11-30,66384,WDC,WESTERN DIGITAL CORP,45,-0.03,0.198814,-0.4797576070139247,13018.35645,1.5443762344959977,1.6453164091303787
2023-11-30,76076,CSCO,CISCO SYSTEMS INC,45,0.03,-0.07636,0.44963039367371493,211074.37000000002,0.9349381021394179,0.7931123173235374
2023-11-30,76136,KMPR,KEMPER CORP DE,40,-0.03,0.113349,-0.287282963727007,2555.78956,0.9179020063898848,1.2866426229475285
2023-11-30,76226,PARA,PARAMOUNT GLOBAL,50,-0.020000000000000004,0.316348,-0.44604177411036616,6644.45952,1.7790922558016864,1.8449795325728893
2023-11-30,76661,IONS,IONIS PHARMACEUTICALS INC,35,-0.03,0.113037,-0.5001719099192024,6351.505440000001,0.48035260239752753,0.9395103334380522
2023-11-30,76712,AES,A E S CORP,55,-0.03,0.15061,-0.43950919718067727,9977.4721,1.0511268592276148,1.1896190776622455
2023-11-30,76837,HAE,HAEMONETICS CORP MASS,35,0.03,-0.05558,0.3011861784424961,4322.183760000001,0.42588993236616146,0.7057284882857672
2023-11-30,77274,GILD,GILEAD SCIENCES INC,35,0.020365405157055257,-0.029125,0.37349578820697954,97864.13868,0.28999568966733075,0.3882381767343256
2023-11-30,77366,MODG,TOPGOLF CALLAWAY BRANDS CORP,25,-0.03,-0.0011510000000000001,-0.3879362214199759,2266.51672,1.8314193183133922,1.449844929369155
2023-11-30,77660,CACC,CREDIT ACCEPTANCE CORP,40,0.020000000000000004,0.131177,0.2359678528451091,5057.33781,1.3401405232060506,1.5899133624030484
2023-11-30,77730,TSN,TYSON FOODS INC,30,-0.020000000000000004,0.01672,-0.23338920405707414,13235.2425,0.7658491891883915,0.7147847439076421
2023-11-30,78875,WOLF,WOLFSPEED INC,45,-0.03,0.08482,-0.7247077531373561,4238.7307200000005,1.744059109160263,2.484724907620109
2023-11-30,80069,ARWR,ARROWHEAD PHARMACEUTICALS INC,35,-0.03,-0.14228500000000002,-0.5778107271789582,2638.80208,0.9442421455491183,1.5596007405083048
2023-11-30,80864,RS,RELIANCE STEEL & ALUMINUM CO,15,0.02919743948007133,0.081639,0.3141653773422727,14895.72966,0.9003882188551205,1.0073132760083268
2023-11-30,82800,SCCO,SOUTHERN COPPER CORP,15,0.03,0.024335,0.40323620422898404,54813.3572,1.2484889092108593,1.293781247179713
2023-11-30,83601,WOR,WORTHINGTON INDUSTRIES INC,15,0.03,0.16477399999999998,0.25868145091971806,3078.8433,1.3083799006742296,1.4802346829110844
2023-11-30,85738,MRCY,MERCURY SYSTEMS INC,20,-0.03,-0.051394999999999996,-0.4874075984184288,2132.78646,0.7966590498447257,1.3189999933472631
2023-11-30,86356,EBAY,EBAY INC,25,0.03,0.047322,0.3130049853876568,20399.6,1.3110204427388947,1.2101130647087706
2023-11-30,86810,TREX,TREX COMPANY INC,20,0.03,0.24570899999999998,0.16806343476018568,6104.12495,1.479705364426605,1.7188889009714654
2023-11-30,86822,EXTR,EXTREME NETWORKS INC,45,0.0008025605199279571,-0.22168900000000002,0.17001891009111228,2672.6406800000004,2.0946652938811816,1.6361437535424121
2023-11-30,88351,INSM,INSMED INC,35,-0.03,-0.00602,-0.39597301014268516,3585.1337200000003,1.4708916467782391,1.248500373573253
2023-11-30,88860,ALGN,ALIGN TECHNOLOGY INC,35,0.019634594842944737,0.15381899999999998,-0.06758208698641908,14137.56351,1.5890479809660496,2.2576737072188346
2023-11-30,89031,AXON,AXON ENTERPRISE INC,20,-0.03,0.11969,-0.325661853188929,15322.844680000002,0.9036611898265406,1.3494063659827982
2023-11-30,89217,AAP,ADVANCE AUTO PARTS INC,25,-0.03,-0.028256,-0.3813176895306859,3094.2241,1.1073878786043836,1.5791979750930412
2023-11-30,89946,AEL,AMERICAN EQUITY INVT LIFE HLDG C,40,0.03,0.037117000000000004,0.2585740072202166,4164.19184,0.898497835446306,1.537922828756662
2023-11-30,90071,NRG,N R G ENERGY INC,55,-0.03,0.12441,-0.4922210761560942,9709.97846,0.9569127635808936,1.12324778912796
2023-11-30,90126,CYTK,CYTOKINETICS INC,35,-0.03,-0.044010999999999995,-0.45889204057074096,3355.3447199999996,0.6062754575570775,0.9490819082446933
2023-11-30,90249,ENS,ENERSYS,20,0.03,0.029462,0.2322717895822589,3512.2032,1.3381957522623646,1.5849197801118529
2023-11-30,90436,HALO,HALOZYME THERAPEUTICS INC,35,0.03,0.13552299999999998,0.23843905793364278,4474.15926,1.2738723253812094,1.1898436601607014
2023-11-30,91579,KBR,K B R INC,20,-0.009999999999999995,-0.11585999999999999,-0.1979757607013925,7845.3654,1.1015052462516757,0.8422780076756721
2023-11-30,91832,MDGL,MADRIGAL PHARMACEUTICALS INC,35,-0.03,0.542996,-0.5612429087158329,2593.70396,-0.22870542300977723,1.8558899359362306
2023-11-30,92852,LOPE,GRAND CANYON EDUCATION INC,25,0.03,0.15098899999999998,0.4781029740416022,3551.20163,0.600279122178658,0.5521952653562149
2023-11-30,93035,SEM,SELECT MEDICAL HOLDINGS CORP,35,0.03,-0.004779,0.17373646209386281,2889.96039,1.4085910846949439,1.2785710423902688
2023-11-30,93096,DG,DOLLAR GENERAL CORP NEW,30,-0.03,0.097054,-0.2974686264397456,26126.42304,0.3445202847202535,0.7622368375574986
2023-11-30,93132,FTNT,FORTINET INC,45,0.03,-0.085061,0.18293364277118787,44381.070999999996,1.119814734523759,1.5856687114329073
2023-11-30,93436,TSLA,TESLA INC,25,-0.03,0.19095499999999999,-0.5286015128072891,638454.49364,2.323332300264762,2.0770725441875486
2023-12-31,10693,EHC,ENCOMPASS HEALTH CORP,35,0.03,0.021820000000000003,0.28432106467040963,6532.70597,0.9516169760804214,0.9266122150674243
2023-12-31,12473,KNX,KNIGHT SWIFT TRANSPORT HDLGS INC,20,-0.03,0.07035999999999999,-0.2800998128509046,8678.42482,1.1306583037470364,1.1449376941160627
2023-12-31,13318,YELP,YELP INC,50,0.03,0.07878099999999999,0.3188396756082345,2992.95483,1.4207359971643172,1.1951164306728919
2023-12-31,14329,ARMK,ARAMARK,25,-0.005657826332496251,-0.0010529999999999997,-0.2175296319401123,7324.83908,1.5022870808170907,1.1366283578344505
2023-12-31,14601,NAVI,NAVIENT CORP,40,0.010350624047323231,0.082716,0.35410688292784365,2013.9912299999999,1.495372424560242,1.3037981181872704
2023-12-31,14691,CBAY,CYMABAY THERAPEUTICS INC,35,-0.03,0.230444,-0.48369723435225614,2169.39939,0.40297341492076355,1.0718461822140746
2023-12-31,14983,W,WAYFAIR INC,25,0.03,0.10146899999999999,-0.13730505302557702,5147.8848,3.233856942156614,3.3817194665333856
2023-12-31,15490,LITE,LUMENTUM HOLDINGS INC,45,-0.03,0.2205,-0.4534414639218133,2867.6,1.076439254639708,1.6408634641876598
2023-12-31,15643,RUN,SUNRUN INC,20,-0.03,0.517439,-0.7328342690788106,2810.6391,2.5258990109079384,3.040364592831489
2023-12-31,15831,AXSM,AXSOME THERAPEUTICS INC,35,-0.03,0.17571900000000001,-0.30374298190892074,3191.7340000000004,1.9255315963680222,0.7956414318025656
2023-12-31,16182,PI,IMPINJ INC,45,-0.03,0.072777,-0.662424620503223,2261.6110400000002,2.1026865283266676,2.459633457858305
2023-12-31,16260,MEDP,MEDPACE HOLDINGS INC,35,0.03,0.128011,0.11212310251611561,8306.501760000001,1.3028547220216944,1.5579768476479525
2023-12-31,16434,GOLF,ACUSHNET HOLDINGS CORP,25,0.03,0.113787,0.3153878145144521,3693.857,0.8643036303114144,1.2939437924251027
2023-12-31,16655,CVNA,CARVANA CO,25,0.03,0.686028,-0.41064670409648585,3571.4196,3.0663208727481663,5.772462155732823
2023-12-31,16736,VST,VISTRA CORP,55,0.009999999999999995,0.089705,0.22405905593678524,12660.91632,0.8605770530677741,1.04134156783621
2023-12-31,17104,APLS,APELLIS PHARMACEUTICALS INC,35,-0.03,0.106928,-0.5090455396132253,6383.594999999999,0.9068623635628225,1.6384255698185537
2023-12-31,17223,ADT,A D T INC,25,0.03,0.16367,0.30147639841962987,5089.74199,1.6250813447909578,1.5303716284982773
2023-12-31,17949,BE,BLOOM ENERGY CORP,20,-0.03,0.020665,-0.6434601788313579,3235.26756,3.058288730041107,2.1221806977119315
2023-12-31,17959,CRNX,CRINETICS PHARMACEUTICALS INC,35,-0.03,0.114954,-0.6046995217300895,2123.54021,0.560970535535306,1.8318620446296499
2023-12-31,18091,CW,CURTISS WRIGHT CORP,20,0.03,0.037296,0.3505510501143689,8179.7499,1.1344993463191246,0.9925099937533763
2023-12-31,18656,IDYA,IDEAYA BIOSCIENCES INC,35,-0.03,0.127054,-0.5976294447910169,2027.23555,0.8232599352638466,1.1015919559452103
2023-12-31,18676,TMDX,TRANSMEDICS GROUP INC,35,-0.03,0.038678000000000004,-0.5717612809315866,2470.8006400000004,1.947074720580574,1.9472090720256907
2023-12-31,18777,KRTX,KARUNA THERAPEUTICS INC,35,-0.03,0.651034,-0.4432522353919734,7213.77967,0.9220294640526807,0.2890535673948888
2023-12-31,18973,BRC,BRADY CORP,20,0.03,0.038741,0.37161572052401753,2520.50211,0.7132680872579285,0.9702997585644673
2023-12-31,19166,FMC,F M C CORP,15,-0.03,0.181489,-0.32343522561863175,6694.56794,0.8387631018768257,1.3827362977346103
2023-12-31,19201,RVMD,REVOLUTION MEDICINES INC,35,-0.03,0.225052,-0.5745893117072157,2556.15145,1.4066351132393449,1.9230042922172386
2023-12-31,19228,BEAM,BEAM THERAPEUTICS INC,35,-0.00999999999999928,-0.034893,-0.5203160740278644,2288.63232,1.6960705027911018,1.8197285660995606
2023-12-31,19393,BMY,BRISTOL MYERS SQUIBB CO,35,0.03,0.034819,0.32143896860054066,100476.35004,0.31983231817534635,0.5852999335678074
2023-12-31,19433,MP,M P MATERIALS CORP,15,-0.03,0.24652200000000002,-0.4012684549802454,2821.9240499999996,2.6498503823659365,1.5478431931542835
2023-12-31,19484,PCVX,VAXCYTE INC,35,-0.03,0.208792,-0.30738199209814926,4926.12258,0.8729654913157882,0.759138170637968
2023-12-31,19599,QS,QUANTUMSCAPE CORP,25,-0.004342173667503744,0.09194899999999999,-0.37138698274069454,2724.21558,5.604313011650955,2.0002844789459147
2023-12-31,20062,SHC,SOTERA HEALTH CO,35,0.03,0.230166,-0.14246205032231235,3857.80395,1.9939604185399815,2.6970391765410957
2023-12-31,21207,NEM,NEWMONT CORP,15,-0.03,0.025592,-0.21393221043876068,46318.65347999999,0.36715426488602104,0.6434205716504703
2023-12-31,22111,JNJ,JOHNSON & JOHNSON,35,0.03,0.009183,0.37795799542524433,372309.77014,0.536488804377808,0.49735665099031395
2023-12-31,42550,NEU,NEWMARKET CORP,15,0.03,0.028756999999999998,0.515429403202329,5087.5909,0.35434998933520656,0.5778764323906349
2023-12-31,45306,IDCC,INTERDIGITAL INC,45,0.03,0.08200299999999999,0.31761280931586616,2568.24376,1.2944422083900615,1.402442628440534
2023-12-31,46463,GFF,GRIFFON CORP,20,0.03,0.305642,0.3081929715117488,2427.23745,1.4908167741807312,1.3826322062498377
2023-12-31,53613,MU,MICRON TECHNOLOGY INC,45,-0.03,0.11836899999999999,-0.4148471615720524,84036.48000000001,1.299233345423198,1.6161379576900952
2023-12-31,58683,LUV,SOUTHWEST AIRLINES CO,20,-0.03,0.13217600000000002,-0.3163443543356207,15242.66055,1.1586520917155174,1.285402564157126
2023-12-31,59328,INTC,INTEL CORP,45,-0.03,0.11989499999999999,-0.39604907465169475,188455.2,0.8921014778614967,1.5821876724531436
2023-12-31,64194,CHE,CHEMED CORP NEW,35,0.03,0.027039,0.31505510501143685,8540.154,0.43499636885232185,0.6982050029662329
2023-12-31,65402,AOS,SMITH A O CORP,20,0.03,0.089683,0.33815762112705344,9256.318080000001,1.1738344780200782,1.1565411819531848
2023-12-31,76076,CSCO,CISCO SYSTEMS INC,45,0.03,0.039967,0.3773965481389062,196590.96888000003,0.8678782640519938,0.9039934203085532
2023-12-31,76661,IONS,IONIS PHARMACEUTICALS INC,35,-0.03,0.018374,-0.5461634435433563,7097.55984,0.5043532820900511,1.035728393301799
2023-12-31,76712,AES,A E S CORP,55,-0.03,0.11427,-0.4867124142233313,11524.31509,1.0739910808454498,1.4194619427661161
2023-12-31,77274,GILD,GILEAD SCIENCES INC,35,0.03,0.06300499999999999,0.3623206487835309,95446.81719999999,0.26367730593476524,0.43615386920672244
2023-12-31,77730,TSN,TYSON FOODS INC,30,-0.03,0.143257,-0.24021626117695988,13360.22004,0.7478118912714535,0.7910531751646337
2023-12-31,78875,WOLF,WOLFSPEED INC,45,-0.03,0.176146,-0.7231856934913702,4619.4795,1.7119756039671463,2.7496571444071423
2023-12-31,79862,ROCK,GIBRALTAR INDUSTRIES INC,20,0.03,0.171207,0.3442919525888959,2044.9948399999998,1.090511845614333,1.2605760555871193
2023-12-31,80069,ARWR,ARROWHEAD PHARMACEUTICALS INC,35,-0.03,0.43913,-0.5335412767727179,2277.5584,0.838073016350497,1.8219039836378066
2023-12-31,82800,SCCO,SOUTHERN COPPER CORP,15,0.03,0.192314,0.3882927843626533,55609.8023,1.214313118178989,1.3178570909042393
2023-12-31,84372,VYX,N C R VOYIX CORP,45,-0.03,0.074178,-0.3777084632979829,2214.0159999999996,1.580347151119115,1.5761744924043337
2023-12-31,84723,LNG,CHENIERE ENERGY INC,10,0.020000000000000004,-0.067071,0.3515907673112913,43398.14825,0.9722834816533519,0.9921255533414278
2023-12-31,84761,TTWO,TAKE TWO INTERACTIVE SOFTWR INC,50,-0.03,0.013117,-0.313994593470576,26904.7576,0.7185293416060661,0.8760476961618209
2023-12-31,85738,MRCY,MERCURY SYSTEMS INC,20,-0.03,0.062226,-0.46051154086088586,2032.60833,0.7447374812651496,1.4907256095919341
2023-12-31,85992,MANH,MANHATTAN ASSOCIATES INC,45,0.03,-0.038922,0.27255146600124763,13732.07325,1.4846605282997325,1.2994881822630167
2023-12-31,86580,NVDA,NVIDIA CORP,45,0.009999999999999995,0.054666,-0.016053233520482428,1155219.0,1.6204062997498794,2.4874601168648565
2023-12-31,86822,EXTR,EXTREME NETWORKS INC,45,0.03,0.088671,0.22430858806404658,2091.9699600000004,1.912299705701409,1.8282495881013596
2023-12-31,88860,ALGN,ALIGN TECHNOLOGY INC,35,0.019999999999999275,0.277306,-0.08575587440216262,16374.728200000001,1.5956426929029088,2.3913642241061197
2023-12-31,89217,AAP,ADVANCE AUTO PARTS INC,25,-0.03,0.197348,-0.4143688916614681,3022.10658,1.0587579815841761,1.7684234333413116
2023-12-31,89525,CMCSA,COMCAST CORP NEW,50,0.020000000000000004,0.042523,0.33713869827406945,168214.95015000002,0.9754148954469075,1.0572777969514806
2023-12-31,90071,NRG,N R G ENERGY INC,55,-0.03,0.07641999999999999,-0.428592222915367,10800.549760000002,0.9709559695864344,1.247819426672289
2023-12-31,90249,ENS,ENERSYS,20,0.03,0.13936300000000001,0.2129340819297151,3574.50352,1.2999185214756357,1.6477432564151506
2023-12-31,90319,GOOGL,ALPHABET INC,50,0.03,0.04976,0.264316905801622,784312.54,0.9810674126505319,1.5349167628623144
2023-12-31,90436,HALO,HALOZYME THERAPEUTICS INC,35,0.03,-0.047001,0.15529216053233524,5100.30378,1.2780928652515149,1.3775994497858248
2023-12-31,90490,TBBK,BANCORP INC,40,0.03,-0.015802,0.24526928675400292,2093.12056,1.5452563939898807,1.984606061364541
2023-12-31,90776,WAL,WESTERN ALLIANCE BANCORPORATION,40,0.009649375952676773,0.280193,-0.23395716365148683,5607.25828,1.5157348527318901,3.8343259660867717
2023-12-31,91516,AWI,ARMSTRONG WORLD INDS INC NEW,20,0.03,0.155031,0.3388854231648991,3746.9058,1.0777714670857619,1.1564508475798756
2023-12-31,91579,KBR,K B R INC,20,-0.03,0.07080199999999999,-0.2526928675400291,6975.65668,1.008842867773152,1.0633596187593706
2023-12-31,92326,CVI,C V R ENERGY,10,0.03,-0.050536,0.35389893948845913,3193.86987,1.5685746191698509,1.1080322990325246
2023-12-31,93035,SEM,SELECT MEDICAL HOLDINGS CORP,35,0.03,0.035557,0.19174464545643582,2897.6364000000003,1.3484715963452982,1.303586035422651
2023-12-31,93096,DG,DOLLAR GENERAL CORP NEW,30,-0.020000000000000004,0.032571,-0.21809107922645038,28777.69312,0.37224370575181653,0.8305290935799421
2023-12-31,93436,TSLA,TESLA INC,25,-0.03,0.030722,-0.5471823663963402,763195.35368,2.3020291021419217,2.2695913638572978
2024-01-31,10693,EHC,ENCOMPASS HEALTH CORP,35,0.03,0.060019,0.27935571869859993,6688.07952,0.8983552919103335,0.970633012490675
2024-01-31,12473,KNX,KNIGHT SWIFT TRANSPORT HDLGS INC,20,-0.03,-0.009412,-0.28505235287038155,9302.922849999999,1.0331006964533502,1.1572280363736491
2024-01-31,13318,YELP,YELP INC,50,0.03,-0.080986,0.33120712480442893,3241.51182,1.5274911588544813,1.215661515462959
2024-01-31,13600,QLYS,QUALYS INC,45,0.03,-0.040952999999999996,0.3350984875837445,7244.49852,0.5897621765404768,1.1276282863760543
2024-01-31,13788,ZTS,ZOETIS INC,35,0.03,-0.051008,0.23171661250852488,90615.33018,0.8024864616025974,1.2361702861923156
2024-01-31,14574,MC,MOELIS & CO,40,-0.009999999999999995,-0.025395,-0.27600593733702417,3741.9064500000004,1.4209551242672767,1.5208131885103675
2024-01-31,14601,NAVI,NAVIENT CORP,40,0.03,-0.079917,0.3574838528503229,2113.44448,1.448098858940812,1.375269068337145
2024-01-31,14691,CBAY,CYMABAY THERAPEUTICS INC,35,-0.03,-0.009385999999999999,-0.4524210695230072,2689.4913,0.36719512012447303,1.0018470508614463
2024-01-31,15400,ENR,ENERGIZER HOLDINGS INC NEW,30,0.03,-0.0066229999999999995,0.3022024310988085,2273.70528,1.0399195380964463,1.2299211425596515
2024-01-31,15490,LITE,LUMENTUM HOLDINGS INC,45,-0.03,0.043344,-0.46112648934889877,3533.1080000000006,1.1423674598299287,1.7155042766046973
2024-01-31,16182,PI,IMPINJ INC,45,-0.03,0.072468,-0.6387651943675533,2445.75498,2.0092593030047188,2.5552645166174077
2024-01-31,16260,MEDP,MEDPACE HOLDINGS INC,35,0.03,-0.053501,0.1728647651141333,9404.953459999999,1.288830095475806,1.597884361450771
2024-01-31,16434,GOLF,ACUSHNET HOLDINGS CORP,25,0.03,-0.002038,0.3515465158262125,4129.92826,0.8724636387488813,1.3770647174953698
2024-01-31,16655,CVNA,CARVANA CO,25,0.03,-0.191355,-0.42780920287238733,6036.7482,3.194204365393955,5.738727662628171
2024-01-31,17104,APLS,APELLIS PHARMACEUTICALS INC,35,-0.03,0.052571,-0.5186143539134273,7156.62216,0.8567160210233806,1.744835510810061
2024-01-31,17223,ADT,A D T INC,25,0.03,-0.047250999999999994,0.3622577927548441,5913.46514,1.6058399963532741,1.6098557061592564
2024-01-31,17949,BE,BLOOM ENERGY CORP,20,-0.03,-0.23986400000000002,-0.6274722188791271,3315.9252,2.966151403151231,2.2153467747038276
2024-01-31,17959,CRNX,CRINETICS PHARMACEUTICALS INC,35,-0.03,0.020566,-0.615938540538372,2425.6665,0.5227027327265419,1.8277299506061844
2024-01-31,18064,FTDR,FRONTDOOR INC,25,0.03,-0.074576,0.4365346812693064,2760.50838,0.916486869258443,1.1513132729327333
2024-01-31,18091,CW,CURTISS WRIGHT CORP,20,0.03,-0.005716,0.3654270469771733,8519.712389999999,1.1471386998088822,1.0318079154634752
2024-01-31,18312,MRNA,MODERNA INC,35,-0.02403290407375484,0.011359999999999999,-0.28160227865366866,37989.9,1.7615782149632726,0.6625254542079811
2024-01-31,18656,IDYA,IDEAYA BIOSCIENCES INC,35,-0.03,0.218711,-0.5815581497974084,2314.08762,0.8350231123376519,1.170902660790487
2024-01-31,18777,KRTX,KARUNA THERAPEUTICS INC,35,-0.03,-0.014492000000000001,-0.4771332290287639,12090.365489999998,1.0511982276537184,0.4674366098591754
2024-01-31,18973,BRC,BRADY CORP,20,0.03,0.025523999999999998,0.42668592289485296,2628.9011699999996,0.7518500070040584,1.0037318819323109
2024-01-31,19201,RVMD,REVOLUTION MEDICINES INC,35,-0.03,-0.037155999999999995,-0.5975648894772736,4722.879,1.4452997007832156,1.9915723686510176
2024-01-31,19393,BMY,BRISTOL MYERS SQUIBB CO,35,0.03,-0.041302,0.33915031893127934,104403.43298000001,0.3255768672016306,0.6168510406743246
2024-01-31,19433,MP,M P MATERIALS CORP,15,-0.03,-0.20825500000000002,-0.42086893729690694,3529.62775,2.6862271605065944,1.6525794627132722
2024-01-31,19502,WBA,WALGREENS BOOTS ALLIANCE INC,30,-0.020000000000000004,-0.14030900000000002,-0.2938781241224375,22516.63736,0.7277285632473736,1.0881860608418261
2024-01-31,20062,SHC,SOTERA HEALTH CO,35,0.03,-0.131138,-0.13513459301159386,4765.6855000000005,2.047990384645444,2.840679107806943
2024-01-31,21207,NEM,NEWMONT CORP,15,-0.026821084412943987,-0.17095300000000002,-0.17910298070365469,47701.643879999996,0.42849353367984044,0.709832977612719
2024-01-31,22111,JNJ,JOHNSON & JOHNSON,35,0.03,0.009052000000000001,0.38231636378224415,377316.91046000004,0.4921074950047542,0.518787845914055
2024-01-31,22592,MMM,3M CO,20,-0.03,-0.14166600000000001,-0.3019015525333975,60379.29444,0.9692365707703026,1.2063574554680105
2024-01-31,42550,NEU,NEWMARKET CORP,15,0.03,0.017218999999999998,0.5325751193484975,5234.5097000000005,0.36444932330720053,0.5854580608795654
2024-01-31,42585,SJM,SMUCKER J M CO,30,-0.03,0.036179,-0.15041922413447267,13414.478720000001,0.24904074189026626,0.24740111744336823
2024-01-31,45306,IDCC,INTERDIGITAL INC,45,0.03,-0.033191,0.41019777751033015,2776.4532,1.3017635526950009,1.4526648382935348
2024-01-31,46463,GFF,GRIFFON CORP,20,0.03,-0.048864,0.31355558230031694,3179.4567500000003,1.5212542326634737,1.450636485449224
2024-01-31,46690,CBT,CABOT CORP,15,0.03,-0.14125600000000002,0.2944999398242869,4618.3015,1.2346454857622446,1.4516242776677704
2024-01-31,58683,LUV,SOUTHWEST AIRLINES CO,20,-0.03,0.030243000000000003,-0.3467926344927187,17215.801199999998,1.1669083420083102,1.3102112488314477
2024-01-31,59328,INTC,INTEL CORP,45,-0.03,-0.14741600000000002,-0.3950535563846431,212457.0,0.9325974532637155,1.6710604244123817
2024-01-31,64194,CHE,CHEMED CORP NEW,35,0.003178915587055303,0.009021000000000001,0.3074577767079873,8807.5045,0.3920721790394298,0.7126631942883903
2024-01-31,65307,RPM,R P M INTERNATIONAL INC,15,0.01682108441294399,-0.045231999999999994,0.2697877803185301,14381.06964,0.936083599394492,1.4050078538984787
2024-01-31,65402,AOS,SMITH A O CORP,20,0.03,-0.059537999999999994,0.32454767922333216,10125.94032,1.1869629183525596,1.2128818310125602
2024-01-31,66384,WDC,WESTERN DIGITAL CORP,45,-0.03,0.088454,-0.41164199462430295,17072.62,1.5593944100416277,1.7334706286617032
2024-01-31,76076,CSCO,CISCO SYSTEMS INC,45,0.03,-0.00379,0.4493119910137601,205286.80752000003,0.8626472144349769,0.9251640009608376
2024-01-31,76661,IONS,IONIS PHARMACEUTICALS INC,35,-0.03,0.011084,-0.5127973683154813,7302.211190000001,0.49151936904156796,1.0753090731779884
2024-01-31,76712,AES,A E S CORP,55,-0.03,-0.129274,-0.4424720182934167,12890.358250000001,1.109351688040505,1.5675883484217534
2024-01-31,77730,TSN,TYSON FOODS INC,30,-0.03,0.014061999999999998,-0.30286436394271277,15391.36625,0.7609752003672556,0.8339085931839788
2024-01-31,78875,WOLF,WOLFSPEED INC,45,-0.03,-0.256625,-0.7213262727163317,5452.89075,1.8142834240369021,2.9879859417121675
2024-01-31,79862,ROCK,GIBRALTAR INDUSTRIES INC,20,0.03,0.019834,0.31014562522565897,2404.23018,1.1630609343589837,1.3460347344372179
2024-01-31,80069,ARWR,ARROWHEAD PHARMACEUTICALS INC,35,-0.029146011513300468,0.044291000000000004,-0.5361054278493201,3289.5,0.8687947568035392,1.8679480957838392
2024-01-31,82307,DVA,DAVITA INC,35,0.03,0.027725999999999997,0.28567416857223094,9564.588,0.9857904885119873,1.125600696887478
2024-01-31,82694,EME,EMCOR GROUP INC,20,0.03,0.055,0.35222850724114413,10134.68892,0.9855348534706181,1.2856838780059285
2024-01-31,82800,SCCO,SOUTHERN COPPER CORP,15,0.03,-0.050853999999999996,0.29819071689332854,66541.5777,1.254054941931085,1.4666159069982891
2024-01-31,83779,PEGA,PEGASYSTEMS INC,45,0.03,-0.0071849999999999995,0.15368877121193886,4096.4224,1.0662510450754425,2.0157023962278164
2024-01-31,84319,LAD,LITHIA MOTORS INC,25,-0.009999999999999995,-0.10929,-0.3481566173225819,9061.7856,1.6207258245709153,1.7060001516191006
2024-01-31,84372,VYX,N C R VOYIX CORP,45,-0.03,-0.135421,-0.39272676214546476,2387.692,1.5768384662572914,1.6458920964190185
2024-01-31,84761,TTWO,TAKE TWO INTERACTIVE SOFTWR INC,50,-0.03,0.019999,-0.2979098968989449,27441.975,0.7161891117112978,0.9048185774246109
2024-01-31,85738,MRCY,MERCURY SYSTEMS INC,20,-0.03,-0.19368200000000002,-0.4078910418421792,2105.11548,0.7472499592906742,1.4791328579716343
2024-01-31,86211,MSTR,MICROSTRATEGY INC,45,-0.020000000000000004,-0.21119800000000002,-0.5877161311028203,9413.66448,2.615580670181191,2.590778103593013
2024-01-31,86822,EXTR,EXTREME NETWORKS INC,45,0.03,-0.238856,0.2272435511694147,2268.92736,1.9677932930284439,1.892446213457503
2024-01-31,89217,AAP,ADVANCE AUTO PARTS INC,25,-0.03,0.09502000000000001,-0.4212901672884823,3631.40706,1.0992497519412978,1.9171103342014375
2024-01-31,90071,NRG,N R G ENERGY INC,55,-0.020000000000000004,0.029071999999999997,-0.34478677738997876,11671.998800000001,1.048425151980247,1.1087354328984267
2024-01-31,90249,ENS,ENERSYS,20,0.019999999999999976,-0.058116999999999995,0.1949693103863281,4078.68304,1.329480977420144,1.7376187384269828
2024-01-31,90436,HALO,HALOZYME THERAPEUTICS INC,35,0.03,-0.088874,0.23175672965057967,4685.4192,1.2535068656855397,1.4330807739738127
2024-01-31,90490,TBBK,BANCORP INC,40,0.03,0.127014,0.24738235648092433,2051.50768,1.4811676798420563,2.107598002988408
2024-01-31,91832,MDGL,MADRIGAL PHARMACEUTICALS INC,35,-0.03,-0.068131,-0.48389296746499777,4598.6775,-0.0028551860960533246,0.3983057561558654
2024-01-31,92220,MASI,MASIMO CORP,35,-0.03,0.095348,-0.4119629317607414,6201.9327299999995,0.9747415625413418,1.2709437625900268
2024-01-31,92294,UEC,URANIUM ENERGY CORP,10,-0.03,0.189021,-0.4224936815501264,2515.072,1.8869164412625459,1.630600980511625
2024-01-31,92326,CVI,C V R ENERGY,10,0.03,0.108472,0.362699081317447,3046.0893,1.5749788681338093,1.081657640617795
2024-01-31,93035,SEM,SELECT MEDICAL HOLDINGS CORP,35,0.03,0.101228,0.2103141172222891,3013.029,1.2972215784656205,1.351055495598049
2024-01-31,93436,TSLA,TESLA INC,25,-0.03,-0.250986,-0.49384201869458816,791408.7999999999,2.3554744191184582,2.219726430936853
2024-02-29,10107,MSFT,MICROSOFT CORP,45,0.03,0.038076,0.2933578581647251,2954192.7448799997,0.8416191853337273,1.371393935045231
2024-02-29,10693,EHC,ENCOMPASS HEALTH CORP,35,0.009999999999999292,0.043073,0.23744124259145716,7121.120640000001,0.894240650214479,0.9969824183826717
2024-02-29,12473,KNX,KNIGHT SWIFT TRANSPORT HDLGS INC,20,-0.03,-0.022349,-0.3246065808297568,9259.35322,0.9610596195181836,1.200645534162537
2024-02-29,13318,YELP,YELP INC,50,0.03,-0.125194,0.38479460453709374,2994.3242899999996,1.564893988738276,1.257662788425522
2024-02-29,13788,ZTS,ZOETIS INC,35,0.03,0.05179,0.2463110566114858,86226.20034,0.8319535827184089,1.2596629803827388
2024-02-29,14318,NMIH,N M I HOLDINGS INC,40,0.03,-0.061868,0.4066217044757817,2554.2384,1.0688511880516645,1.1207991757691775
2024-02-29,14688,AMPH,AMPHASTAR PHARMACEUTICALS INC,35,0.03,-0.131473,0.21790312691600242,2564.96184,0.8543683742928836,1.1856978635143562
2024-02-29,14690,ARDX,ARDELYX INC,35,-0.03,0.063359,-0.46913958716533827,2029.3146900000002,0.9136200387369547,1.4891811842012395
2024-02-29,14691,CBAY,CYMABAY THERAPEUTICS INC,35,-0.03,0.364981,-0.45285101164929487,2676.96615,0.3561512152520087,0.9805587232876123
2024-02-29,15400,ENR,ENERGIZER HOLDINGS INC NEW,30,0.03,-0.092282,0.296137339055794,2269.3990200000003,1.0515633862498808,1.2657104755455866
2024-02-29,15490,LITE,LUMENTUM HOLDINGS INC,45,-0.03,-0.121989,-0.4339055793991417,3702.956,1.112459465207255,1.7882325505032106
2024-02-29,15643,RUN,SUNRUN INC,20,-0.009999999999999995,-0.172732,-0.7220519108931126,3176.79616,2.6063112174524243,3.4676940774439324
2024-02-29,16182,PI,IMPINJ INC,45,-0.03,0.12198799999999999,-0.6710198242387084,2634.55868,2.070323672978438,2.6632467128799515
2024-02-29,16260,MEDP,MEDPACE HOLDINGS INC,35,0.03,0.359107,0.15867565910484366,8946.25756,1.2545698376275434,1.6227728873374123
2024-02-29,16432,GT,GOODYEAR TIRE & RUBBER CO,25,-0.03,-0.152,-0.36977314530962596,3958.3326999999995,1.843124382900609,2.0435099089228617
2024-02-29,16434,GOLF,ACUSHNET HOLDINGS CORP,25,0.03,0.012827,0.37743715511955855,4141.04252,0.8714496461331238,1.4017084285251835
2024-02-29,16655,CVNA,CARVANA CO,25,0.03,0.7591289999999999,-0.4154302064173309,4910.1318,3.265267078645266,5.420740108716602
2024-02-29,17104,APLS,APELLIS PHARMACEUTICALS INC,35,-0.024708190493059147,-0.025079999999999998,-0.5196607398324137,7566.69924,0.8793580010128537,1.8539676076652183
2024-02-29,17223,ADT,A D T INC,25,0.03,0.107568,0.30717351318209685,5662.01281,1.5783526085735284,1.7210055235629294
2024-02-29,17332,VCTR,VICTORY CAPITAL HOLDINGS INC,40,0.03,0.135118,0.3407929695483344,2167.3211499999998,0.9973877848254833,1.2684407942082603
2024-02-29,17949,BE,BLOOM ENERGY CORP,20,-0.03,-0.229489,-0.6070917637441242,2536.23468,3.1043632335217235,2.261241990331133
2024-02-29,17959,CRNX,CRINETICS PHARMACEUTICALS INC,35,-0.03,0.118035,-0.6039444103821786,2487.024,0.5970357626132129,1.929090495696411
2024-02-29,18064,FTDR,FRONTDOOR INC,25,0.03,-0.046959,0.4592274678111588,2567.69604,0.9013213951878626,1.169286696484389
2024-02-29,18312,MRNA,MODERNA INC,35,-0.005291809506940149,-0.091409,-0.28802370733701205,38601.1,1.8050403553552736,0.6991929282729609
2024-02-29,18649,BCO,BRINKS CO,20,0.03,0.023194,0.3337012058042101,3641.92284,1.389128768863978,1.3321079669709206
2024-02-29,18656,IDYA,IDEAYA BIOSCIENCES INC,35,-0.03,0.022654,-0.6523809523809525,2831.1476700000003,0.8322707017434019,1.2134128518698668
2024-02-29,18777,KRTX,KARUNA THERAPEUTICS INC,35,-0.03,-0.0024690000000000003,-0.3149601471489885,11946.63014,1.0528375191114945,0.4754136467383869
2024-02-29,18973,BRC,BRADY CORP,20,0.03,-0.0366,0.37988963825873695,2697.8823899999998,0.7645746491920968,1.0322261898563005
2024-02-29,19201,RVMD,REVOLUTION MEDICINES INC,35,-0.03,0.058118,-0.5634784385857347,4569.731250000001,1.4460741857961106,1.9773543128335056
2024-02-29,19393,BMY,BRISTOL MYERS SQUIBB CO,35,0.03,0.034245000000000005,0.3556100551808707,99438.62346,0.35587951119937306,0.6321625264405036
2024-02-29,19433,MP,M P MATERIALS CORP,15,-0.003375651993161405,-0.042175,-0.33341508277130594,2811.25515,2.69454618627284,1.6894678170765307
2024-02-29,19484,PCVX,VAXCYTE INC,35,-0.03,0.029380000000000003,-0.36550173717555695,6810.9682999999995,0.9174239649623579,0.8344524578405711
2024-02-29,19561,BA,BOEING CO,20,-0.03,-0.038909,-0.322644594318414,127674.34607999999,1.5355633736893837,1.468035192568093
2024-02-29,21207,NEM,NEWMONT CORP,15,-0.00662434800683859,-0.098689,-0.1174943797261394,39772.49892,0.45650592715173655,0.7289079409165573
2024-02-29,22111,JNJ,JOHNSON & JOHNSON,35,0.03,0.019103000000000002,0.3576129164111997,382516.63310000004,0.49698979851719516,0.5114940459678525
2024-02-29,42585,SJM,SMUCKER J M CO,30,-0.03,-0.08294800000000001,-0.16039239730226854,13963.243200000003,0.20887047544919593,0.24504930095666197
2024-02-29,44329,TFX,TELEFLEX INC,35,0.03,-0.08535100000000001,0.18042100960555896,11411.310190000002,1.100672347988376,1.3432880108462342
2024-02-29,45306,IDCC,INTERDIGITAL INC,45,0.03,0.014528999999999999,0.45685673410995303,2687.1789999999996,1.3071336064718064,1.2553934122063626
2024-02-29,46463,GFF,GRIFFON CORP,20,0.03,0.223939,0.3699366441855712,2989.2623399999998,1.3693326648443118,1.4516440135863882
2024-02-29,46690,CBT,CABOT CORP,15,0.03,0.179706,0.3425710198242387,3996.4309,1.2454175111299606,1.4877625562124948
2024-02-29,55511,PNM,P N M RESOURCES INC,55,-0.020000000000000004,0.014258999999999999,-0.2301655426118945,3109.8020499999993,0.35158288477486455,0.5489403542947126
2024-02-29,58683,LUV,SOUTHWEST AIRLINES CO,20,-0.03,0.142313,-0.3584712855099121,17817.87735,1.1087032047923768,1.3935003120788203
2024-02-29,64194,CHE,CHEMED CORP NEW,35,0.03,0.052725,0.30106274269364397,8928.60298,0.38858940883733795,0.740186411498364
2024-02-29,65402,AOS,SMITH A O CORP,20,0.03,0.063937,0.44344982628244434,9532.68108,1.1791276370889139,1.0163874901432968
2024-02-29,66384,WDC,WESTERN DIGITAL CORP,45,-0.03,0.034553,-0.4536889433885142,18655.485,1.5215257682853451,1.7263077848115547
2024-02-29,76076,CSCO,CISCO SYSTEMS INC,45,0.03,-0.040293999999999996,0.43989372573063557,203229.0,0.8507751181434633,0.9525591678214225
2024-02-29,76136,KMPR,KEMPER CORP DE,40,-0.03,-0.043784,-0.3310647864295933,3845.2200000000003,0.9015080966311051,1.4363446961647008
2024-02-29,76661,IONS,IONIS PHARMACEUTICALS INC,35,-0.03,-0.12448100000000001,-0.5429184549356224,7417.68399,0.47719539495361424,1.0792440116799904
2024-02-29,77730,TSN,TYSON FOODS INC,30,-0.03,-0.004772,-0.2787042714081341,15680.580759999999,0.7194874746297674,0.8418682039337557
2024-02-29,79862,ROCK,GIBRALTAR INDUSTRIES INC,20,0.03,-0.047106,0.3055180870631514,2463.28572,1.2061270829512147,1.3841344444693726
2024-02-29,80069,ARWR,ARROWHEAD PHARMACEUTICALS INC,35,-0.03,-0.004224,-0.5629470672389127,3977.0937000000004,0.851940909637132,1.8316015335925788
2024-02-29,82307,DVA,DAVITA INC,35,0.03,0.169685,0.26319231555283057,9875.008,0.9849291786719467,1.1460843289472749
2024-02-29,82800,SCCO,SOUTHERN COPPER CORP,15,0.03,-0.009513,0.3895360719395055,63472.331,1.2666870315898573,1.4976263103503125
2024-02-29,84372,VYX,N C R VOYIX CORP,45,-0.03,-0.010346000000000001,-0.42515838953607193,2075.64,1.5663733715630328,1.7734164677866497
2024-02-29,84723,LNG,CHENIERE ENERGY INC,10,0.03,-0.055249,0.40077661966073974,39071.437450000005,0.9694876288505876,0.9397702667949419
2024-02-29,84761,TTWO,TAKE TWO INTERACTIVE SOFTWR INC,50,-0.03,-0.113361,-0.24218270999386873,28134.748980000004,0.7321721995679668,0.9067669149047775
2024-02-29,85394,PSMT,PRICESMART INC,30,0.009999999999999995,0.110608,0.3377886777028408,2319.8263199999997,0.8946844617696239,0.8530547249835887
2024-02-29,85875,IBOC,INTERNATIONAL BANCSHARES CORP,40,0.03,-0.010167,0.3819333742080523,3281.33736,0.9700224455250271,1.2432343643777717
2024-02-29,86211,MSTR,MICROSTRATEGY INC,45,-0.020000000000000004,1.036517,-0.5843245452687513,7470.03384,2.7275644588100625,2.6122889933616174
2024-02-29,87356,TKO,T K O GROUP HOLDINGS INC,50,-0.03,-0.003746,-0.24312282853055386,6867.936159999999,1.0811671708808777,0.9015000171500029
2024-02-29,88860,ALGN,ALIGN TECHNOLOGY INC,35,0.03,0.127079,-0.023032904148784,20069.049,1.6583922481261644,2.6519108168746754
2024-02-29,89217,AAP,ADVANCE AUTO PARTS INC,25,-0.03,0.006097999999999999,-0.3541794400163499,3977.7086999999997,1.123422154591424,1.9974322398172268
2024-02-29,89482,BANC,BANC OF CALIFORNIA INC,40,-0.03,0.057460000000000004,-0.42861230329041483,2328.15856,1.2189881820441377,1.9049465954856792
2024-02-29,90071,NRG,N R G ENERGY INC,55,-0.03,0.038762000000000005,-0.4557735540568158,11974.52256,1.0713447714263422,1.13223476238346
2024-02-29,90249,ENS,ENERSYS,20,0.03,-0.042834,0.3084406294706724,3860.93243,1.3346887333860726,1.7772190195492872
2024-02-29,90319,GOOGL,ALPHABET INC,50,0.03,-0.01593,0.266176170038831,825609.2999999999,1.0029755523011568,1.626626124814465
2024-02-29,90436,HALO,HALOZYME THERAPEUTICS INC,35,0.03,0.171847,0.19824238708358882,4291.1645,1.2594937870013743,1.4292649226975516
2024-02-29,90634,AX,AXOS FINANCIAL INC,40,0.020000000000000004,-0.063939,0.0721847537298181,3153.91157,1.4979177782121447,2.4672061666613323
2024-02-29,91832,MDGL,MADRIGAL PHARMACEUTICALS INC,35,-0.03,0.085712,-0.47674228489679127,4307.11125,0.004152338169331351,0.4142201617093267
2024-02-29,92220,MASI,MASIMO CORP,35,-0.03,-0.007326000000000001,-0.4133864704680156,6822.60222,0.9398080607966486,1.3325362884420882
2024-02-29,92294,UEC,URANIUM ENERGY CORP,10,-0.03,-0.156056,-0.470713263846311,3002.3672,1.944321012118714,1.7072659850291747
2024-02-29,93096,DG,DOLLAR GENERAL CORP NEW,30,-0.03,0.096026,-0.24635193133047206,28988.96879,0.36443180545229176,0.8596967906404952
2024-02-29,93436,TSLA,TESLA INC,25,-0.009999999999999995,0.07367699999999999,-0.38845289188636833,596479.3191,2.4931465792487213,2.1132883752698803
2024-03-31,10107,MSFT,MICROSOFT CORP,45,0.03,0.012958999999999998,0.2903883029721956,3073525.5470399996,0.8326537636659956,1.3339327885225711
2024-03-31,10258,CLDX,CELLDEX THERAPEUTICS INC,35,-0.03,-0.130874,-0.38292984979226585,2686.60206,1.6826939227666018,0.7691437213041716
2024-03-31,10693,EHC,ENCOMPASS HEALTH CORP,35,0.03,0.10780500000000001,0.2603867050175775,7450.416,0.9056420327651415,0.9577865328325248
2024-03-31,11018,FBP,FIRST BANCORP P R,40,0.03,0.028823,0.2956615532118888,2841.0596400000004,1.1575491488809915,1.654613231452222
2024-03-31,12473,KNX,KNIGHT SWIFT TRANSPORT HDLGS INC,20,-0.03,-0.024815,-0.22928651326302335,9098.571960000001,0.9410297455796983,1.2041977357600608
2024-03-31,13788,ZTS,ZOETIS INC,35,0.03,-0.150983,0.22399328859060402,90808.76211000001,0.8248596774896102,1.298093838404692
2024-03-31,14179,AR,ANTERO RESOURCES CORP,10,-0.03,0.124248,-0.338506711409396,7801.6975999999995,3.3582782764954326,1.0932754178853485
2024-03-31,14318,NMIH,N M I HOLDINGS INC,40,0.03,0.07097600000000001,0.38310961968680096,2432.8704,1.0337938260134478,1.1351670441484762
2024-03-31,14593,AAPL,APPLE INC,45,0.03,-0.055443,0.42070150207734097,2791119.99075,1.2396485450753585,1.1068781693857295
2024-03-31,14690,ARDX,ARDELYX INC,35,-0.03,-0.22089499999999998,-0.6853028124001278,2168.6335200000003,0.8714586570907052,1.55088293902209
2024-03-31,14691,CBAY,CYMABAY THERAPEUTICS INC,35,-0.03,0.005473,-0.5025966762543943,3665.3143499999996,0.38527834974412695,1.0439267997494073
2024-03-31,15272,SEDG,SOLAREDGE TECHNOLOGIES INC,45,-0.03,0.052565,-0.6857422499201024,3837.15342,1.5652151998426012,2.6821944702727323
2024-03-31,15432,ALPN,ALPINE IMMUNE SCIENCES INC,35,-0.014999999999999798,0.12134,-0.3648130393096836,2308.17792,1.1798970730170852,1.0805968752963317
2024-03-31,15490,LITE,LUMENTUM HOLDINGS INC,45,-0.03,-0.027264,-0.4799656439757111,3266.878,1.0746845141978623,2.078931535579654
2024-03-31,16182,PI,IMPINJ INC,45,-0.03,0.171543,-0.5833133589006072,2970.56556,2.0685269369473938,2.678850265999457
2024-03-31,16655,CVNA,CARVANA CO,25,0.03,0.15362,-0.14529402364972835,8829.1404,3.387013096364547,5.342147610674913
2024-03-31,17332,VCTR,VICTORY CAPITAL HOLDINGS INC,40,0.03,0.10924700000000001,0.40679929689996797,2471.7023099999997,0.99919768862656,1.285936581673522
2024-03-31,17959,CRNX,CRINETICS PHARMACEUTICALS INC,35,-0.03,0.13922400000000001,-0.622283477149249,2791.0845,0.6316172285314577,1.9798896203393714
2024-03-31,18064,FTDR,FRONTDOOR INC,25,0.03,0.034746,0.35178970917225943,2458.0595200000002,0.8742836297379284,1.1996665335689323
2024-03-31,18100,ARVN,ARVINAS INC,35,-0.03,-0.106375,-0.6496284755512943,3130.50232,2.0618268758462777,1.8443305642291423
2024-03-31,18656,IDYA,IDEAYA BIOSCIENCES INC,35,-0.03,-0.022502,-0.46628315755832533,3332.8320000000003,0.8185025117502567,1.252015830497937
2024-03-31,18777,KRTX,KARUNA THERAPEUTICS INC,35,-0.03,0.046898999999999996,-0.3371684244167466,11977.327560000002,1.0225367114724386,0.4786848905034405
2024-03-31,19201,RVMD,REVOLUTION MEDICINES INC,35,-0.03,0.08912700000000001,-0.659695589645254,4855.0612,1.442258711101554,2.000210412808639
2024-03-31,19433,MP,M P MATERIALS CORP,15,-0.024999999999999488,-0.063986,-0.4082774049217003,2708.56638,2.63174064028418,1.7265893162460724
2024-03-31,19484,PCVX,VAXCYTE INC,35,-0.03,-0.07879799999999999,-0.3411033876637903,8002.678559999999,0.9028238036868895,0.8727792446225641
2024-03-31,21207,NEM,NEWMONT CORP,15,-0.03,0.151287,-0.34851390220517736,36015.375,0.4305520401940104,0.7552439429509139
2024-03-31,22111,JNJ,JOHNSON & JOHNSON,35,0.03,-0.023924,0.3936561201661873,388726.81846,0.49353923178779713,0.5113146028471893
2024-03-31,42585,SJM,SMUCKER J M CO,30,-0.03,0.043276,-0.1411193672099712,12759.16992,0.18564820690596162,0.2537620301389994
2024-03-31,44206,ES,EVERSOURCE ENERGY,55,-0.020000000000000004,0.02643,-0.3371684244167466,20526.626900000003,0.5301263159807065,0.9137009408221115
2024-03-31,46690,CBT,CABOT CORP,15,0.03,0.08118700000000001,0.23162352189197824,4708.86345,1.277110456562469,1.5630763405676393
2024-03-31,49015,LNC,LINCOLN NATIONAL CORP,40,-0.03,0.155248,-0.5517337807606264,4672.68426,1.8002765901559623,2.339198056771076
2024-03-31,52337,THC,TENET HEALTHCARE CORP,35,0.03,0.126058,0.13650527325023967,9299.535,2.0314379139945897,1.5762701543607576
2024-03-31,52978,HAS,HASBRO INC,25,-0.03,0.11972400000000001,-0.3121005113454777,6979.79939,0.7117924784201957,1.5514328147042855
2024-03-31,55511,PNM,P N M RESOURCES INC,55,-0.03,0.026792999999999997,-0.29983620965164587,3133.8358499999995,0.3494922826599108,0.6565852850226314
2024-03-31,58683,LUV,SOUTHWEST AIRLINES CO,20,-0.03,-0.14793599999999998,-0.3274209012464046,20447.70955,1.137154901883386,1.4472015093153732
2024-03-31,65307,RPM,R P M INTERNATIONAL INC,15,0.03,0.027052,0.2748082454458294,14865.3852,0.9905349280184256,1.3074300717518736
2024-03-31,65402,AOS,SMITH A O CORP,20,0.03,0.074975,0.4186641099392777,10056.433200000001,1.1740931184902659,1.0266634418887504
2024-03-31,66093,T,A T & T INC,50,0.03,0.035418,0.40883668903803133,121096.76856000001,0.520490886330408,0.96300183235797
2024-03-31,66384,WDC,WESTERN DIGITAL CORP,45,-0.03,0.143312,-0.39201821668264625,19397.03255,1.5030612627593813,1.750912509288083
2024-03-31,73139,SYK,STRYKER CORP,35,0.03,0.023339,0.24005273250239695,132738.75448,0.8426656476675608,1.1762586279622018
2024-03-31,75510,ADBE,ADOBE INC,45,0.020226519195519193,-0.10353599999999999,0.2062559923298178,253552.47288,1.224889740917075,1.6201212532842002
2024-03-31,76661,IONS,IONIS PHARMACEUTICALS INC,35,-0.03,-0.045298,-0.40905640779801855,6589.4479200000005,0.41527845272851527,1.1382726966145584
2024-03-31,78170,SM,S M ENERGY CO,10,0.014773480804480292,0.134751,0.21093000958772773,5066.246190000001,4.3086577402024036,1.181440741251499
2024-03-31,79637,UHS,UNIVERSAL HEALTH SERVICES INC,35,0.0010823839264194161,0.088025,0.22423298178331733,10018.5882,1.1559513859820674,1.0916641055233578
2024-03-31,79862,ROCK,GIBRALTAR INDUSTRIES INC,20,0.03,0.035611,0.3410035155001597,2357.81035,1.1678676753811308,1.514613379261895
2024-03-31,80069,ARWR,ARROWHEAD PHARMACEUTICALS INC,35,-0.03,-0.113191,-0.5681927133269414,3977.0937000000004,0.8053962884259344,1.901463746709787
2024-03-31,80191,ALB,ALBEMARLE CORP,15,-0.03,-0.045292,-0.5575463406839246,16184.00355,1.675103512634837,2.258702284719383
2024-03-31,80286,TSCO,TRACTOR SUPPLY CO NEW,25,-0.009999999999999995,0.02494,-0.18016938318951742,27445.45144,0.819061178356906,0.9816500037722423
2024-03-31,80563,PENN,PENN ENTERTAINMENT INC,25,-0.03,-0.009075,-0.42719319271332695,2777.9400000000005,2.1738323790401606,2.0768102285433443
2024-03-31,81294,WDFC,WD 40 CO,30,0.03,-0.060344,0.4187839565356343,3638.02645,-0.030537911195602927,0.7318960971215656
2024-03-31,82307,DVA,DAVITA INC,35,0.03,0.083108,0.27021412591882393,11135.269,1.0149427847790364,1.2008063899584045
2024-03-31,83779,PEGA,PEGASYSTEMS INC,45,0.03,-0.009846,0.12096516458932569,5457.181200000001,1.0748813650006692,2.4290752214754767
2024-03-31,84761,TTWO,TAKE TWO INTERACTIVE SOFTWR INC,50,-0.03,0.00646,-0.22199584531799296,25064.20098,0.7244665194602633,0.9121483019998466
2024-03-31,85394,PSMT,PRICESMART INC,30,0.03,-0.005821,0.39852988175135823,2579.39584,0.9057897914481929,0.8857751717142568
2024-03-31,87812,SLAB,SILICON LABORATORIES INC,45,-0.03,0.040775,-0.4792865132630233,4390.414339999999,1.2540228872552992,2.0157332336737057
2024-03-31,88352,ISRG,INTUITIVE SURGICAL INC,35,0.03,0.030827,0.13091243208692874,135856.90560000003,1.2819730246235748,1.6562897578477627
2024-03-31,88860,ALGN,ALIGN TECHNOLOGY INC,35,0.023917616073580377,0.08016300000000001,-0.03024129114733141,22712.951680000002,1.6710681836916454,2.3398310882518905
2024-03-31,89070,ZBH,ZIMMER BIOMET HOLDINGS INC,35,0.03,0.059037,0.24544582933844677,25504.24624,0.9766828273256055,1.1094113787076014
2024-03-31,89216,AYI,ACUITY BRANDS INC,20,0.020000000000000004,0.065458,0.2932246724193033,7742.46308,1.433386469177882,1.3830894106682439
2024-03-31,89482,BANC,BANC OF CALIFORNIA INC,40,-0.03,0.042814,-0.42193991690635985,2471.76776,1.1987097469485088,1.9831887542419444
2024-03-31,89876,CRI,CARTERS INC,25,0.03,0.051973,0.3746005113454777,2953.13695,1.2498818714071687,1.271271851333899
2024-03-31,90249,ENS,ENERSYS,20,0.03,0.026472,0.26030680728667305,3713.4220799999994,1.3345068420987447,1.8375306888648986
2024-03-31,90319,GOOGL,ALPHABET INC,50,0.03,0.08590500000000001,0.33181527644614894,815944.78,0.9917007346506482,1.51116105219583
2024-03-31,90436,HALO,HALOZYME THERAPEUTICS INC,35,0.03,0.017696999999999997,0.22329418344519011,5058.019740000001,1.2808210478694786,1.4848239194291095
2024-03-31,91668,IPGP,I P G PHOTONICS CORP,45,0.03,0.046104,0.24792265899648447,3980.5622999999996,1.1948016521879368,1.6529481570363262
2024-03-31,91832,MDGL,MADRIGAL PHARMACEUTICALS INC,35,-0.03,0.12641,-0.5235099073186322,4699.671399999999,0.0025449209965548044,0.45241318424793386
2024-03-31,92294,UEC,URANIUM ENERGY CORP,10,-0.03,0.03751,-0.4513422818791947,2546.5104,1.8959191689813473,1.7421903664917355
2024-03-31,92402,MSCI,M S C I INC,40,0.020000000000000004,-0.005084,0.3017737296260786,44367.67827,1.035587426397836,1.5388645024299488
2024-03-31,92852,LOPE,GRAND CANYON EDUCATION INC,25,0.03,0.0063030000000000004,0.46692233940556094,4046.5612,0.5415451328948367,0.7931690865341985
2024-03-31,93035,SEM,SELECT MEDICAL HOLDINGS CORP,35,0.03,0.103078,0.2147251518056887,3495.2700299999997,1.3430718822467633,1.5189596918805424
2024-03-31,93096,DG,DOLLAR GENERAL CORP NEW,30,-0.03,0.06982300000000001,-0.22958612975391499,31895.109070000002,0.38054744205918417,0.8828321997554138
2024-04-30,10258,CLDX,CELLDEX THERAPEUTICS INC,35,-0.03,-0.11327499999999999,-0.37912546169426903,2766.28467,1.6605591751035678,0.8153763280242953
2024-04-30,12473,KNX,KNIGHT SWIFT TRANSPORT HDLGS INC,20,-0.03,-0.16462400000000002,-0.3078954684459272,8885.39988,0.936214762984055,1.241684256054864
2024-04-30,13318,YELP,YELP INC,50,0.03,0.016456,0.2945907303705469,2690.2714,1.5212602715881163,1.5089718518262734
2024-04-30,13407,META,META PLATFORMS INC,50,0.020000000000000004,-0.118975,0.22608125819134997,1064391.3599999999,1.1064123867317712,1.7549123249122527
2024-04-30,13788,ZTS,ZOETIS INC,35,0.03,-0.06113,0.2611104491838437,77475.67507000001,0.8084431888293293,1.3852304302724767
2024-04-30,14179,AR,ANTERO RESOURCES CORP,10,-0.012268759116323589,0.167895,-0.30620755391397597,8803.472,3.358243735982885,1.1324562871402155
2024-04-30,14593,AAPL,APPLE INC,45,0.03,-0.01157,0.352734421541761,2630106.39528,1.2302589302025937,1.1922501475195613
2024-04-30,15272,SEDG,SOLAREDGE TECHNOLOGIES INC,45,-0.03,-0.178575,-0.6684935859247786,4031.16714,1.5653141903596188,2.8881200546706514
2024-04-30,15490,LITE,LUMENTUM HOLDINGS INC,45,-0.01611133651224012,-0.080682,-0.45837801342388496,3200.8599999999997,1.0702715969661512,2.259796071391378
2024-04-30,15976,SNDX,SYNDAX PHARMACEUTICALS INC,35,-0.03,-0.11704900000000001,-0.3598633782120021,2022.5240000000001,1.0743962006554324,1.1963733948500395
2024-04-30,16182,PI,IMPINJ INC,45,-0.03,0.236317,-0.6024663409984511,3551.56378,2.0762940768674203,2.85071628387439
2024-04-30,16655,CVNA,CARVANA CO,25,0.03,-0.061627,-0.15324278168314867,10222.174799999999,3.390744401157903,5.665734715698013
2024-04-30,17332,VCTR,VICTORY CAPITAL HOLDINGS INC,40,0.03,0.193816,0.4810556416061003,2743.99053,1.0058663615048744,1.3069556852616497
2024-04-30,17949,BE,BLOOM ENERGY CORP,20,-0.03,-0.01465,-0.6461138250129075,2528.6965200000004,2.974661885319026,2.7125468404026227
2024-04-30,17959,CRNX,CRINETICS PHARMACEUTICALS INC,35,-0.03,-0.068739,-0.6337424043846063,3676.4105900000004,0.6415773376775427,2.2248683488352694
2024-04-30,18100,ARVN,ARVINAS INC,35,-0.03,-0.235242,-0.6225227372016363,2819.75424,2.0431493318832903,1.9547695503960276
2024-04-30,18145,YETI,YETI HOLDINGS INC,25,0.020000000000000004,-0.07827500000000001,0.11954406449819298,3351.26715,2.2402881893207875,2.3748939326428973
2024-04-30,18656,IDYA,IDEAYA BIOSCIENCES INC,35,-0.03,-0.07847399999999999,-0.49604829421343183,3280.6882,0.8106175294886591,1.3216406495307245
2024-04-30,19201,RVMD,REVOLUTION MEDICINES INC,35,-0.03,0.15182199999999998,-0.696076095158664,5315.14599,1.4474821491778294,2.0783206671446854
2024-04-30,19349,KROS,KEROS THERAPEUTICS INC,35,-0.03,-0.15305100000000002,-0.434687636522499,2387.7016,1.6002509448785514,1.5484959129355529
2024-04-30,19409,AZEK,AZEK CO INC,20,0.03,-0.09606300000000001,0.20636244489455496,7323.381719999999,1.8933506483393925,1.9995116172997522
2024-04-30,19433,MP,M P MATERIALS CORP,15,-0.03,0.11401700000000001,-0.42336868024941415,2546.5154,2.614010535991016,1.8442518348123138
2024-04-30,19484,PCVX,VAXCYTE INC,35,-0.001619904371435569,-0.11846400000000001,-0.3068827197267564,7429.12236,0.8861532015278446,0.9232487491302466
2024-04-30,19502,WBA,WALGREENS BOOTS ALLIANCE INC,30,-0.020000000000000004,-0.18743700000000002,-0.2856745700782398,18712.24497,0.7131457219046772,1.2799295730708815
2024-04-30,21207,NEM,NEWMONT CORP,15,-0.03,0.12906499999999999,-0.3719369315699591,41315.886080000004,0.44351215453567255,0.8076784383346327
2024-04-30,21936,PFE,PFIZER INC,35,-0.03,-0.081621,-0.3238015806823146,156698.0895,0.5456869048461735,0.7537252136131688
2024-04-30,22111,JNJ,JOHNSON & JOHNSON,35,0.03,-0.090837,0.3978315262718933,381042.85173,0.4901640268930241,0.5445660450497352
2024-04-30,22592,MMM,3M CO,20,-0.03,0.072184,-0.29145319512291984,58695.00126999999,0.9783801792136165,1.3675295826917593
2024-04-30,42550,NEU,NEWMARKET CORP,15,0.03,-0.174572,0.4485682513205448,6085.37118,0.4056950413945483,0.6506067497407407
2024-04-30,42585,SJM,SMUCKER J M CO,30,-0.03,-0.092415,-0.15951785217840259,13364.37312,0.1891274650387793,0.28063740957074196
2024-04-30,44206,ES,EVERSOURCE ENERGY,55,-0.020000000000000004,0.009356999999999999,-0.3286468882799158,20900.79199,0.531784452489825,0.984620702379551
2024-04-30,46690,CBT,CABOT CORP,15,0.03,-0.015385000000000001,0.3042217721116804,5110.7382,1.2808124122692797,1.598913683048589
2024-04-30,49015,LNC,LINCOLN NATIONAL CORP,40,-0.03,-0.137929,-0.5742483815878311,5417.53117,1.8118098087330343,2.2891454689772135
2024-04-30,52337,THC,TENET HEALTHCARE CORP,35,0.03,0.063445,0.1779459073037055,10510.47445,2.036939418199673,1.5841425990736244
2024-04-30,52978,HAS,HASBRO INC,25,-0.03,0.09209300000000001,-0.32016759998411376,7833.6154799999995,0.7220423741969492,1.637669950656854
2024-04-30,58683,LUV,SOUTHWEST AIRLINES CO,20,-0.03,-0.116203,-0.32741570356249255,17416.65135,1.1218772560562238,1.6406090855167634
2024-04-30,61313,DCI,DONALDSON INC,20,0.03,-0.038072,0.36951427777115853,8989.156920000001,1.0638597789638027,1.2141995469976241
2024-04-30,65402,AOS,SMITH A O CORP,20,0.03,-0.075349,0.4038683029508718,10852.21368,1.17813650235229,1.0910070150265834
2024-04-30,66093,T,A T & T INC,50,0.03,-0.029447,0.39824854045037533,125889.13920000002,0.5229286717926988,1.036992743757375
2024-04-30,66384,WDC,WESTERN DIGITAL CORP,45,-0.03,0.03309,-0.48929663608562685,22278.72224,1.5128315602663893,1.9200471457171113
2024-04-30,73139,SYK,STRYKER CORP,35,0.03,-0.064578,0.24300011914690817,136085.07768000002,0.8424660718111268,1.2252439014223646
2024-04-30,76661,IONS,IONIS PHARMACEUTICALS INC,35,-0.03,-0.053076,-0.35265499026966923,6322.38075,0.41122876619013204,1.204105297171437
2024-04-30,76709,IDXX,I D E X X LABORATORIES INC,35,0.011619904371435563,-0.092227,0.1662496524881846,44745.61889,1.2334247060621701,1.5735781748910267
2024-04-30,77660,CACC,CREDIT ACCEPTANCE CORP,40,0.03,-0.07345299999999999,0.27622224869931294,6740.49255,1.4165405712688677,1.672669389111951
2024-04-30,79862,ROCK,GIBRALTAR INDUSTRIES INC,20,0.03,-0.11749300000000001,0.380455935501807,2453.7491,1.1679511027605547,1.58997426748234
2024-04-30,80069,ARWR,ARROWHEAD PHARMACEUTICALS INC,35,-0.03,-0.213955,-0.5789149688232257,3550.2038000000002,0.7907907737713677,2.08681000795715
2024-04-30,80191,ALB,ALBEMARLE CORP,15,-0.03,-0.09162600000000001,-0.5772469121092973,15480.767400000002,1.6664736251970464,2.652489332890566
2024-04-30,80864,RS,RELIANCE INC,15,0.008380095628563705,-0.152868,0.2992374597879185,19190.2865,0.8405660513414394,1.3320244013125462
2024-04-30,82307,DVA,DAVITA INC,35,0.03,0.00209,0.2708804956511378,12106.985,1.0193397437562577,1.279407742250589
2024-04-30,83779,PEGA,PEGASYSTEMS INC,45,0.03,-0.085619,0.1983597442313039,5495.11104,1.0717935306708184,2.5995064951148454
2024-04-30,84761,TTWO,TAKE TWO INTERACTIVE SOFTWR INC,50,-0.03,-0.043116,-0.25380277215139596,25362.092000000004,0.7230895956306722,0.9489676582065374
2024-04-30,85394,PSMT,PRICESMART INC,30,0.03,-0.033529,0.4263672107708805,2575.02,0.9029076998846164,0.9407422868107718
2024-04-30,86810,TREX,TREX COMPANY INC,20,0.020000000000000004,-0.117145,0.21434528773978317,10835.243999999999,1.5807679317784114,1.9596915278438156
2024-04-30,87812,SLAB,SILICON LABORATORIES INC,45,-0.03,-0.15954000000000002,-0.45881488542039006,4588.1172799999995,1.2544782787621631,2.2207205614919077
2024-04-30,88504,BRKR,BRUKER CORP,35,0.03,-0.17444,0.1722864291671631,13652.769900000001,1.1433188294926544,1.6500367148310484
2024-04-30,89070,ZBH,ZIMMER BIOMET HOLDINGS INC,35,0.03,-0.09351400000000001,0.27435561380515505,27066.98632,0.9804403006936236,1.1828266075196179
2024-04-30,89301,GME,GAMESTOP CORP NEW,25,-0.03,-0.11908099999999999,-0.31879741054052985,3829.52996,1.4962141595560947,0.8406264291679614
2024-04-30,89397,VRNT,VERINT SYSTEMS INC,45,0.03,-0.09144,0.25110210890027407,2067.79755,1.1757507687475046,2.1132782965239785
2024-04-30,89482,BANC,BANC OF CALIFORNIA INC,40,-0.03,-0.104798,-0.4147106715914055,2384.83674,1.1999765654477121,2.02069739527002
2024-04-30,89876,CRI,CARTERS INC,25,0.03,-0.196999,0.318717979268438,3089.2110800000005,1.2526705468063917,1.3681549247253997
2024-04-30,89968,PIPR,PIPER SANDLER COMPANIES,40,0.03,-0.018467,0.31961158107947096,3509.89867,1.3753835374472883,1.6086181678693383
2024-04-30,90071,NRG,N R G ENERGY INC,55,-0.03,0.07472699999999999,-0.3941776877556694,14080.94149,1.0879187542372615,1.1273901061032854
2024-04-30,90249,ENS,ENERSYS,20,0.03,-0.047316,0.2840462290003575,3817.6953599999993,1.333917444524863,1.9328653199581247
2024-04-30,90436,HALO,HALOZYME THERAPEUTICS INC,35,0.03,-0.06828600000000001,0.2869057547956631,5173.92648,1.278445166889478,1.4317656794646005
2024-04-30,91668,IPGP,I P G PHOTONICS CORP,45,0.03,-0.078852,0.29496802891298307,4132.47123,1.1975946998700702,1.7499098373845583
2024-04-30,91832,MDGL,MADRIGAL PHARMACEUTICALS INC,35,-0.03,-0.24085900000000002,-0.5293299972199055,5523.7224,0.010876947444910771,0.4908160990794571
2024-04-30,92293,TDC,TERADATA CORP DE,45,0.03,-0.045464,0.3149847094801223,3766.4580000000005,0.9539052181677445,1.329939398864159
2024-04-30,92294,UEC,URANIUM ENERGY CORP,10,-0.03,-0.004864,-0.5419595694825053,2727.9449999999997,1.893024330847875,1.8174659330482825
2024-04-30,92402,MSCI,M S C I INC,40,0.020000000000000004,-0.173764,0.2826760395567735,44326.55095,1.0316342884997913,1.6216743495345138
2024-04-30,92852,LOPE,GRAND CANYON EDUCATION INC,25,0.03,-0.050309,0.48897891099725965,4064.37019,0.5407443297525948,0.8376040246754504
2024-04-30,93035,SEM,SELECT MEDICAL HOLDINGS CORP,35,0.03,-0.063902,0.297648834346082,3869.9937,1.348813852905092,1.5831242593343358
2024-04-30,93096,DG,DOLLAR GENERAL CORP NEW,30,-0.03,-0.10960600000000001,-0.3055323881011955,34281.85626,0.38588480561536864,0.9765220378825242
2024-05-31,10258,CLDX,CELLDEX THERAPEUTICS INC,35,-0.03,-0.11451700000000001,-0.3720664339872428,2466.3896200000004,1.7534911690310602,0.7940226450838496
2024-05-31,12473,KNX,KNIGHT SWIFT TRANSPORT HDLGS INC,20,-0.03,0.039279999999999995,-0.28573434428531314,7465.867619999999,0.9779187886258573,1.2245271060208445
2024-05-31,12981,FBIN,FORTUNE BRANDS INNOVATIONS INC,20,0.03,-0.042717000000000005,0.2700284831708589,9220.0299,1.5375508786915664,1.7027413800869298
2024-05-31,14179,AR,ANTERO RESOURCES CORP,10,-0.013359940218667762,0.043218,-0.31947286075339987,10570.54607,3.319292746204476,1.1175965476672274
2024-05-31,14318,NMIH,N M I HOLDINGS INC,40,0.03,0.07076299999999999,0.45268183094636333,2477.2865,1.029977695678059,1.1159988819273101
2024-05-31,14593,AAPL,APPLE INC,45,0.03,0.12581799999999999,0.3264933606129899,2611854.1870600004,1.2189377419275866,1.1915493992840884
2024-05-31,15272,SEDG,SOLAREDGE TECHNOLOGIES INC,45,-0.03,-0.169121,-0.6567376740081038,3330.9094499999997,1.5834528253835811,2.8446976668614323
2024-05-31,15490,LITE,LUMENTUM HOLDINGS INC,45,-0.015815506917191247,-0.010357,-0.4472058410558831,2958.1759999999995,1.066298970233769,2.2001735018475146
2024-05-31,15627,PLNT,PLANET FITNESS INC,25,-0.009999999999999995,0.059088,-0.32817828057929155,5211.9443200000005,1.333596248195907,1.8334012088006149
2024-05-31,16655,CVNA,CARVANA CO,25,0.03,0.201325,-0.1450635856701569,9641.937600000001,3.351763180539975,5.514206752961261
2024-05-31,16738,AM,ANTERO MIDSTREAM CORP,10,0.03,0.054111,0.4944237172543828,6660.37544,2.2469905578513965,0.6209763862186155
2024-05-31,17223,ADT,A D T INC,25,0.03,0.089431,0.4372768483973202,5561.5885,1.5570814731525922,1.9905693042622086
2024-05-31,17949,BE,BLOOM ENERGY CORP,20,-0.03,0.461892,-0.6472700284831708,2512.89801,2.9441688444400933,2.7106952231464256
2024-05-31,17959,CRNX,CRINETICS PHARMACEUTICALS INC,35,-0.03,0.009049000000000001,-0.6174629919364544,3450.56208,0.6423820995827068,2.176600619238788
2024-05-31,18100,ARVN,ARVINAS INC,35,-0.03,0.038707,-0.5951177438119307,2170.14516,2.048400983507424,1.891546532749284
2024-05-31,18656,IDYA,IDEAYA BIOSCIENCES INC,35,-0.03,-0.10527600000000001,-0.4796204918361617,3039.1972499999997,0.8348011496438063,1.007629691541921
2024-05-31,19201,RVMD,REVOLUTION MEDICINES INC,35,-0.03,0.02375,-0.6885906847996148,6147.95664,1.369862182193987,2.006808465599321
2024-05-31,19285,CARR,CARRIER GLOBAL CORP,20,-0.03,0.026436,-0.29227343844024556,55403.22788,1.1974198265474805,1.3891199068947682
2024-05-31,19433,MP,M P MATERIALS CORP,15,-0.03,0.009335,-0.45470774662013075,2849.248,2.493010607506699,1.820754774494402
2024-05-31,19502,WBA,WALGREENS BOOTS ALLIANCE INC,30,-0.03,-0.076747,-0.3154611465479199,15295.90149,0.7838457678246992,1.3519086847314423
2024-05-31,19561,BA,BOEING CO,20,-0.03,0.053794999999999996,-0.40728928471135717,103034.29056000001,1.5126053901998073,1.527233047289734
2024-05-31,20188,CRC,CALIFORNIA RESOURCES CORP,10,0.03,-0.102788,0.40879367753841217,3634.75932,1.6061057469726991,0.8389021773432711
2024-05-31,20646,OSCR,OSCAR HEALTH INC,40,-0.009999999999999995,0.144693,-0.4646166807076665,3499.4644200000002,1.7024746870879957,2.2260469852032077
2024-05-31,20656,DOCN,DIGITALOCEAN HOLDINGS INC,45,0.03,0.12309600000000001,0.027179363742127014,2983.58942,1.9806581618374355,2.819736480752856
2024-05-31,20894,APP,APPLOVIN CORP,45,0.03,0.150183,0.09082520961206719,19330.252119999997,1.7378864160449456,2.847366052207145
2024-05-31,21020,AAL,AMERICAN AIRLINES GROUP INC,20,-0.03,-0.153194,-0.3684759497733382,8863.7759,1.5609855961991286,1.616400528361184
2024-05-31,21207,NEM,NEWMONT CORP,15,-0.03,0.027573000000000004,-0.30787900669956275,46863.6096,0.417293619040117,0.8441062758563564
2024-05-31,22111,JNJ,JOHNSON & JOHNSON,35,0.03,0.018286,0.5063585670156858,348430.52397,0.5129507400909672,0.5180918049303309
2024-05-31,22592,MMM,3M CO,20,-0.0008245528641402777,0.040497,-0.2537208649255827,53404.87011,0.9527469751907166,1.3895936480288393
2024-05-31,24328,EQT,E Q T CORP,10,-0.03,0.024514,-0.20899025153448067,17703.42328,1.082887575935672,0.7840214706010112
2024-05-31,25582,LHX,L3HARRIS TECHNOLOGIES INC,20,-0.03,0.045946999999999995,-0.14861395274200667,40601.004,0.6135556217703788,0.8485050605661723
2024-05-31,27334,CSL,CARLISLE COMPANIES,20,0.020824552864140283,0.075151,0.3289204477073053,18481.476499999997,0.8710893771501717,1.447434285346402
2024-05-31,42585,SJM,SMUCKER J M CO,30,-0.03,-0.023457,-0.19980342600393147,12194.3136,0.20954712513695742,0.29691048689260763
2024-05-31,44206,ES,EVERSOURCE ENERGY,55,-0.020000000000000004,-0.015803,-0.28882336422353266,21198.02594,0.5197826468227091,0.9656216259233649
2024-05-31,46690,CBT,CABOT CORP,15,0.03,0.12164,0.25695029486099413,5056.97013,1.262299209783617,1.5690960509409646
2024-05-31,49015,LNC,LINCOLN NATIONAL CORP,40,-0.03,0.205339,-0.49217715729931394,4626.87363,1.8076029221381884,2.2041864482645943
2024-05-31,52337,THC,TENET HEALTHCARE CORP,35,0.009999999999999995,0.199788,0.09848758374453406,11228.43855,2.044052878920582,1.6951531060785021
2024-05-31,54253,MSA,M S A SAFETY INC,20,0.03,-0.00394,0.40638664901512417,7093.147600000001,0.9820245755219883,1.2119854773919427
2024-05-31,58683,LUV,SOUTHWEST AIRLINES CO,20,-0.03,0.030281,-0.3302643719661411,15523.94864,1.1337598366369834,1.631375745318826
2024-05-31,59010,GPS,GAP INC,25,0.03,0.406891,0.09471657239138279,7664.48676,2.26395108793991,2.6622027062207203
2024-05-31,61313,DCI,DONALDSON INC,20,0.03,0.016084,0.39479279496128694,8690.6418,1.0537702257796229,1.1456861789358344
2024-05-31,64186,CI,CIGNA GROUP,35,0.03,-0.039201,0.2419063665904441,101273.32488,0.5597034738952018,1.2379931089732932
2024-05-31,64929,KWR,QUAKER CHEMICAL CORP,15,0.03,-0.032185,0.2405423837605809,3356.0477600000004,1.4883317498522761,1.6571869989906625
2024-05-31,65307,RPM,R P M INTERNATIONAL INC,15,0.03,0.044131,0.34123641031812896,13766.05233,1.0079224402491416,1.3357879744456354
2024-05-31,66384,WDC,WESTERN DIGITAL CORP,45,-0.03,0.058552999999999994,-0.45603161230793926,23127.76575,1.4768811419369057,1.8418551928094806
2024-05-31,76661,IONS,IONIS PHARMACEUTICALS INC,35,-0.03,-0.093848,-0.3563405143017611,6017.5647,0.4327289990148431,1.1763325781363025
2024-05-31,79862,ROCK,GIBRALTAR INDUSTRIES INC,20,0.03,0.051559999999999995,0.4699322020299274,2177.3862,1.2006667128842659,1.5734516980859354
2024-05-31,79878,UFPI,U F P INDUSTRIES INC,20,0.03,0.055744999999999996,0.29193244273277974,6959.6758,1.41100442775461,1.626612226440116
2024-05-31,80069,ARWR,ARROWHEAD PHARMACEUTICALS INC,35,-0.03,0.010173999999999999,-0.5668151000922694,2807.88846,0.8642744298834807,2.022563726490316
2024-05-31,80191,ALB,ALBEMARLE CORP,15,-0.03,0.014536,-0.5679985557828859,14139.432750000002,1.6952806596159116,2.6118975167437037
2024-05-31,82307,DVA,DAVITA INC,35,0.03,0.053925999999999995,0.31712600794319407,12191.177,1.0107171290316144,1.2599006540847448
2024-05-31,83779,PEGA,PEGASYSTEMS INC,45,0.03,-0.037401000000000004,0.09768524090343804,5052.542020000001,1.0609860141583793,2.542654266656983
2024-05-31,85394,PSMT,PRICESMART INC,30,0.009999999999999995,0.039758999999999996,0.37649937818429813,2470.4864500000003,0.9029373924793314,0.8463986423599555
2024-05-31,86026,IOSP,INNOSPEC INC,15,0.029175447135859005,0.091982,0.3362217675612789,2991.96,1.0860572289694397,1.1402982096536167
2024-05-31,86211,MSTR,MICROSTRATEGY INC,45,-0.03,0.426991,-0.7622457576122278,16798.71819,3.0907190624681995,3.364843544361567
2024-05-31,86810,TREX,TREX COMPANY INC,20,0.03,-0.027791999999999997,0.2371725438279777,9618.6552,1.5881771687132942,1.917969243812396
2024-05-31,87812,SLAB,SILICON LABORATORIES INC,45,-0.03,0.034107,-0.46489750070205,3878.44676,1.2400810938471234,2.2399232828073834
2024-05-31,89070,ZBH,ZIMMER BIOMET HOLDINGS INC,35,0.03,-0.047066000000000004,0.2864765114133269,24667.503520000002,1.0041782325662425,1.1853194012859491
2024-05-31,89301,GME,GAMESTOP CORP NEW,25,-0.03,1.082149,-0.3248485577887431,3392.13157,1.5885685396061517,0.8563828402277236
2024-05-31,89968,PIPR,PIPER SANDLER COMPANIES,40,0.03,0.080349,0.32508926064107196,3462.1545699999997,1.3552604309194722,1.5770642015585288
2024-05-31,90071,NRG,N R G ENERGY INC,55,-0.03,0.11021299999999999,-0.4284109600032094,15604.719780000001,1.0604997417722382,1.1471797501072836
2024-05-31,90249,ENS,ENERSYS,20,0.03,0.18784599999999999,0.3315280619408673,3655.6272,1.3247732754993309,1.8630881037652622
2024-05-31,90436,HALO,HALOZYME THERAPEUTICS INC,35,0.03,0.158052,0.26583624182613236,4849.1394,1.2924437359691583,1.3938899815504624
2024-05-31,91832,MDGL,MADRIGAL PHARMACEUTICALS INC,35,-0.03,0.153119,-0.5015846271111646,4342.5657,0.1327470763683521,0.47735007961430476
2024-05-31,92108,BX,BLACKSTONE INC,40,0.03,0.028944,0.189152324788382,83334.63684,1.4687886957145924,1.9527302150084238
2024-05-31,92293,TDC,TERADATA CORP DE,45,0.03,-0.125439,0.34131664460223854,3613.5400000000004,0.9504192109985934,1.3030951146111887
2024-05-31,92294,UEC,URANIUM ENERGY CORP,10,-0.03,0.053363,-0.5638664901512416,2727.9449999999997,1.908282295529814,1.7934290849716412
2024-05-31,92469,SATS,ECHOSTAR CORP,50,-0.03,0.196335,-0.48900790307698483,2241.3822600000003,0.6197612572138328,2.1884277649065216
2024-05-31,92852,LOPE,GRAND CANYON EDUCATION INC,25,0.03,0.091263,0.4928390901432182,3879.66678,0.5503071012104073,0.8257706649791228
2024-05-31,93035,SEM,SELECT MEDICAL HOLDINGS CORP,35,0.03,0.21778,0.24310988085208812,3641.5164600000003,1.356420919286574,1.5608098472238194
2024-05-31,93312,SSNC,S S & C TECHNOLOGIES HLDGS INC,20,0.03,-0.0018299999999999996,0.3788662895655313,15306.82047,1.3540909467198166,1.2170214017678247
2024-05-31,93436,TSLA,TESLA INC,25,-0.03,-0.032787000000000004,-0.612528583463714,584515.84288,2.467476156454052,2.356412036945339
2024-06-30,10258,CLDX,CELLDEX THERAPEUTICS INC,35,-0.03,0.10728599999999999,-0.3482388012865772,2194.8363,1.656909990329928,0.7949803313226419
2024-06-30,10693,EHC,ENCOMPASS HEALTH CORP,35,0.03,-0.01107,0.2791048874244921,8698.17715,0.8725741885211025,0.9256257301479602
2024-06-30,11644,CRK,COMSTOCK RESOURCES INC,10,-0.03,-0.117703,-0.33784419863497295,3421.6854200000002,0.6113725917847673,1.169781882572094
2024-06-30,12473,KNX,KNIGHT SWIFT TRANSPORT HDLGS INC,20,-0.03,0.033818,-0.3150152977171099,7797.73075,0.930945302117684,1.2506409417659452
2024-06-30,12981,FBIN,FORTUNE BRANDS INNOVATIONS INC,20,0.03,-0.07720500000000001,0.2553738134463011,8763.03474,1.5278430108747787,1.7403436331886086
2024-06-30,13407,META,META PLATFORMS INC,50,0.03,0.07704,0.2903428257629246,1023032.7361799999,1.111103556021524,1.718837882780749
2024-06-30,13788,ZTS,ZOETIS INC,35,0.03,0.018286,0.16413665960618182,77369.3802,0.8448383209522233,1.486374068606697
2024-06-30,14179,AR,ANTERO RESOURCES CORP,10,-0.03,-0.088324,-0.31179885463246254,11074.053410000002,3.3352360517842974,1.1008888266501389
2024-06-30,14617,ARES,ARES MANAGEMENT CORP,40,-0.00999999999999926,-0.046612,-0.2934415941005727,26801.06468,1.1700524901077995,1.577806372409885
2024-06-30,14688,AMPH,AMPHASTAR PHARMACEUTICALS INC,35,0.03,-0.059169,0.23034831725111787,2070.02166,0.7726106857487279,1.2180250959353593
2024-06-30,15272,SEDG,SOLAREDGE TECHNOLOGIES INC,45,-0.03,-0.48851,-0.6513689495567584,2782.2890700000003,1.6834828417072714,3.012713671902599
2024-06-30,15831,AXSM,AXSOME THERAPEUTICS INC,35,-0.03,0.092157,-0.43006197536675295,3487.6312800000005,1.2667346742959549,1.0647377542729308
2024-06-30,16655,CVNA,CARVANA CO,25,0.03,0.28333200000000003,-0.12722601396407,11692.361060000001,3.3656138846696013,5.411239993590518
2024-06-30,16738,AM,ANTERO MIDSTREAM CORP,10,0.03,0.002018,0.4853887189142544,7050.18065,2.303472214161905,0.6232993365786925
2024-06-30,17223,ADT,A D T INC,25,0.03,0.07278,0.4773476112026359,6083.522190000001,1.5607205907951611,1.8145679742410494
2024-06-30,17332,VCTR,VICTORY CAPITAL HOLDINGS INC,40,0.03,-0.079809,0.362497058131325,3366.8612999999996,0.9368012461796518,1.3388889287540282
2024-06-30,17783,CHX,CHAMPIONX CORP,10,0.03,0.013961999999999999,0.33182317408017575,6211.533019999999,2.3753664380964477,1.4171240188591452
2024-06-30,17949,BE,BLOOM ENERGY CORP,20,-0.03,-0.254125,-0.5667215815485996,3704.9664000000002,2.9989065379320614,2.858909218023777
2024-06-30,17959,CRNX,CRINETICS PHARMACEUTICALS INC,35,-0.03,0.004432,-0.6647838707146779,3502.1726,0.656076120861884,2.228556441103807
2024-06-30,18656,IDYA,IDEAYA BIOSCIENCES INC,35,-0.03,-0.043523000000000006,-0.4703459637561779,2766.35985,0.8407026100130159,0.9797109306593532
2024-06-30,18735,GO,GROCERY OUTLET HOLDING CORP,30,-0.03,0.0017869999999999995,-0.17170706832980306,2195.9653799999996,0.14162750621991252,0.5141285551821008
2024-06-30,19201,RVMD,REVOLUTION MEDICINES INC,35,-0.03,0.008398,-0.5859810151408175,6323.913379999999,1.3622175551548523,2.0456740432923093
2024-06-30,19433,MP,M P MATERIALS CORP,15,-0.006560894601713892,-0.21929099999999999,-0.42680630736643926,2681.4417399999998,2.4669374066641074,1.919070370606745
2024-06-30,19484,PCVX,VAXCYTE INC,35,-0.03,0.070445,-0.34131560367145214,7645.024649999999,0.9587357314472049,0.827620308353333
2024-06-30,19502,WBA,WALGREENS BOOTS ALLIANCE INC,30,-0.020000000000000004,-0.258441,-0.33674590099631285,14002.320499999998,0.7674829601636407,1.4223223624490398
2024-06-30,19561,BA,BOEING CO,20,-0.03,0.020648,-0.4799168431787872,109031.93724000001,1.5285990072266762,1.6356902683976606
2024-06-30,21020,AAL,AMERICAN AIRLINES GROUP INC,20,-0.03,-0.018908,-0.36414450458931513,7545.035000000001,1.4921095257166148,1.7520220292535948
2024-06-30,21342,VERA,VERA THERAPEUTICS INC,35,-0.03,-0.051768999999999996,-0.39909390444810544,2078.09099,1.0078860556921825,1.2026291719620505
2024-06-30,21936,PFE,PFIZER INC,35,-0.03,-0.027851,-0.3221542323684004,162404.55538,0.6266497702198167,0.7867705386017287
2024-06-30,22111,JNJ,JOHNSON & JOHNSON,35,0.03,-0.007602,0.4413195261630188,352987.60893,0.49959411234736667,0.5615522274252076
2024-06-30,27334,CSL,CARLISLE COMPANIES,20,0.03,-0.035394999999999996,0.3901702361339923,19911.44058,0.8723805572699223,1.4609449413755033
2024-06-30,28345,MUR,MURPHY OIL CORP,10,0.03,-0.040347999999999995,0.34264925080411074,6528.72704,2.214280062459613,1.061097532074119
2024-06-30,39538,MAT,MATTEL INC,25,0.03,-0.090128,0.40680160037655916,6120.80961,0.9156462840754386,1.2191521542779817
2024-06-30,42585,SJM,SMUCKER J M CO,30,-0.03,-0.027414,-0.14069977249548918,11853.48864,0.20899062641486388,0.3072292016423542
2024-06-30,44206,ES,EVERSOURCE ENERGY,55,-0.018051297427590228,-0.046671000000000004,-0.25233388248215266,20864.06365,0.5489202061625095,0.9970555678562197
2024-06-30,46463,GFF,GRIFFON CORP,20,0.03,-0.058610999999999996,0.2876166941241077,3346.80962,1.3173139282559803,1.5439723270623142
2024-06-30,46690,CBT,CABOT CORP,15,0.03,-0.105885,0.24054679532439005,5652.8934,1.2579979016338219,1.5904325606766705
2024-06-30,52337,THC,TENET HEALTHCARE CORP,35,0.03,-0.020321,0.1579587353887189,13208.69526,2.0750636665886466,1.7261142867714332
2024-06-30,54253,MSA,M S A SAFETY INC,20,0.03,0.038597000000000006,0.39297481760414205,7088.759999999999,0.9607821911211121,1.1028863477082962
2024-06-30,58683,LUV,SOUTHWEST AIRLINES CO,20,-0.03,0.06856999999999999,-0.34984702282890096,16062.55904,1.1209026853824422,1.6777477939333918
2024-06-30,59010,GPS,GAP INC,25,0.020000000000000004,-0.179194,0.038322742606103403,10816.93648,2.263839370512544,2.9058437125370222
2024-06-30,63715,POWL,POWELL INDUSTRIES INC,20,0.020000000000000004,-0.206838,0.15199654820742134,2156.16168,0.8263349263975834,2.2281921453826308
2024-06-30,63765,SWN,SOUTHWESTERN ENERGY CO,10,-0.03,-0.110367,-0.3243508276457205,8304.42285,1.1276770572952362,0.6693237189079538
2024-06-30,65307,RPM,R P M INTERNATIONAL INC,15,0.03,-0.043553999999999995,0.359045265552679,14434.3323,0.9833931513817173,1.3607959381176025
2024-06-30,66384,WDC,WESTERN DIGITAL CORP,45,-0.03,0.0022499999999999994,-0.40766454852122075,24584.06725,1.3974340695477216,1.7640860258660929
2024-06-30,76095,HOLX,HOLOGIC INC,35,0.03,0.0022449999999999996,0.3047383698125049,17218.555060000002,0.9814064448458755,0.8047940317649472
2024-06-30,76591,QDEL,QUIDELORTHO CORP,35,-0.020000000000000004,-0.252371,-0.2991292068722052,2959.4926799999994,0.2077799074419999,0.7313020980741942
2024-06-30,76661,IONS,IONIS PHARMACEUTICALS INC,35,-0.03,0.26444,-0.4051933788342355,5483.90505,0.37910203485016686,1.1575512908973407
2024-06-30,79878,UFPI,U F P INDUSTRIES INC,20,0.03,-0.06407500000000001,0.28855809210010197,7378.36792,1.3912580742768488,1.627841060692903
2024-06-30,80069,ARWR,ARROWHEAD PHARMACEUTICALS INC,35,-0.03,0.128337,-0.6241468580842551,2850.39,1.023683892974782,2.1054901761787272
2024-06-30,80191,ALB,ALBEMARLE CORP,15,-0.03,-0.221931,-0.6243822075782538,14407.63493,1.66449877137665,2.657866870371871
2024-06-30,80563,PENN,PENN ENTERTAINMENT INC,25,-0.03,0.101875,-0.46783556915352636,2658.0575000000003,2.1681819255624815,2.3967413547145586
2024-06-30,81282,ACIW,A C I WORLDWIDE INC,45,0.03,0.095292,0.23115242802227973,3796.8943999999997,1.1694036926720655,1.687860197207921
2024-06-30,82307,DVA,DAVITA INC,35,0.03,-0.062241000000000005,0.2252098532988154,12902.424,0.9396627576707393,1.1946953672002194
2024-06-30,83779,PEGA,PEGASYSTEMS INC,45,0.03,0.049304,0.07395857848905625,4885.88126,1.066924469421815,2.5703284188478124
2024-06-30,83799,STRA,STRATEGIC EDUCATION INC,25,0.03,-0.028459,0.4405546403075234,2791.03936,0.5226440873240149,1.15643200126928
2024-06-30,84761,TTWO,TAKE TWO INTERACTIVE SOFTWR INC,50,-0.03,-0.034494,-0.3308621636463482,27483.298600000002,0.8176568599341681,0.8527386050377258
2024-06-30,85394,PSMT,PRICESMART INC,30,0.03,-0.039180999999999994,0.4708166627441751,2578.27185,0.8449063852515415,0.8608121792745164
2024-06-30,86211,MSTR,MICROSTRATEGY INC,45,-0.03,-0.10055700000000001,-0.7752412332313485,24045.78077,3.163662097957286,3.528937117750986
2024-06-30,88860,ALGN,ALIGN TECHNOLOGY INC,35,0.03,-0.065476,0.038558092100101984,19363.283219999998,1.6504049921567816,2.4061101598391
2024-06-30,89301,GME,GAMESTOP CORP NEW,25,-0.03,0.062859,-0.444614419078999,7085.16718,1.7074262043457853,1.7053208321742932
2024-06-30,89968,PIPR,PIPER SANDLER COMPANIES,40,0.03,0.08270999999999999,0.36983211736094773,3748.29422,1.3424544374496075,1.5662738151852393
2024-06-30,90319,GOOGL,ALPHABET INC,50,0.03,0.053024,0.36785125911979294,1013265.0,0.9551072409195771,1.6454954252611298
2024-06-30,90436,HALO,HALOZYME THERAPEUTICS INC,35,0.03,0.17808300000000002,0.2018318035616224,5636.96546,1.3066711491794405,1.3318912287486007
2024-06-30,90564,PBH,PRESTIGE CONSUMER HEALTHCARE INC,35,0.03,0.066471,0.3623597709264925,3210.03365,0.4832601521365671,0.7903708348046901
2024-06-30,91832,MDGL,MADRIGAL PHARMACEUTICALS INC,35,-0.03,0.18218900000000002,-0.5483447085588765,5033.041920000001,0.08135425312534864,0.4895264249763571
2024-06-30,92294,UEC,URANIUM ENERGY CORP,10,-0.03,-0.16238799999999998,-0.5509923903663607,2885.5595999999996,1.9302026648123334,1.7729185919988393
2024-06-30,92469,SATS,ECHOSTAR CORP,50,-0.025387807970695914,-0.076521,-0.5029810935906488,2691.3408,0.7109171861667158,2.283863158743834
2024-06-30,93312,SSNC,S S & C TECHNOLOGIES HLDGS INC,20,0.03,0.009788999999999999,0.39691692162861847,15346.39215,1.3116743451976867,1.2342546322461194
2024-06-30,93436,TSLA,TESLA INC,25,-0.03,0.10706099999999999,-0.5794304542245234,567932.02368,2.392710418905316,2.39613207528998
2024-07-31,10258,CLDX,CELLDEX THERAPEUTICS INC,35,-0.03,0.025011,-0.3707119360902256,2453.05981,1.760129644492544,0.8307466228882939
2024-07-31,11644,CRK,COMSTOCK RESOURCES INC,10,-0.028817754337160526,-0.09237999999999999,-0.3292998120300751,3033.0567600000004,0.5262432377607169,1.1792040829777088
2024-07-31,12473,KNX,KNIGHT SWIFT TRANSPORT HDLGS INC,20,-0.03,0.08563399999999999,-0.35181704260651625,8067.62112,0.8900782282922782,1.2688621736632117
2024-07-31,12622,HCA,H C A HEALTHCARE INC,35,0.03,0.1253,0.2467888471177945,84147.72991999998,1.6032615469281137,1.2185095791423906
2024-07-31,13046,UI,UBIQUITI INC,45,0.009999999999999995,0.269283,0.2055137844611529,8806.749259999999,1.2234192613939059,1.7075422340158377
2024-07-31,13318,YELP,YELP INC,50,0.03,-0.018784000000000002,0.29323308270676696,2492.5731,1.3783544203622826,1.4801165864099415
2024-07-31,13407,META,META PLATFORMS INC,50,0.03,-0.062999,0.2691494360902255,1103233.36,1.1153663515385495,1.7615606738338736
2024-07-31,13788,ZTS,ZOETIS INC,35,0.009999999999999995,0.036325,0.14557879072681706,79103.30120000002,0.8231278988784777,1.5102358031045153
2024-07-31,14179,AR,ANTERO RESOURCES CORP,10,-0.021182245662839477,-0.115345,-0.29223449248120303,10141.632410000002,3.4641606917658416,1.09452295317252
2024-07-31,14596,FIVN,FIVE 9 INC,45,-0.03,0.005493,-0.40380247493734334,3295.1079,0.8342969194415036,1.7225435265680653
2024-07-31,14617,ARES,ARES MANAGEMENT CORP,40,-0.03,0.14474900000000002,-0.29689458020050136,26082.096319999997,1.1859443872625883,1.6699490152568957
2024-07-31,15831,AXSM,AXSOME THERAPEUTICS INC,35,-0.03,0.07988500000000001,-0.4521655701754386,3848.061,1.2713689978024032,1.055645855035752
2024-07-31,16386,IRTC,IRHYTHM TECHNOLOGIES INC,35,-0.03,-0.203429,-0.49185463659147877,3359.4444000000003,1.2513802034320904,1.592869936274162
2024-07-31,16655,CVNA,CARVANA CO,25,0.03,0.030326,-0.14477600250626566,15053.41784,3.4445196442183117,4.574177149136098
2024-07-31,16738,AM,ANTERO MIDSTREAM CORP,10,0.03,-0.015436,0.47761983082706766,7093.49234,2.3774665111238455,0.6116125086774432
2024-07-31,17223,ADT,A D T INC,25,0.03,0.018973,0.33613330200501246,6502.7804,1.58343875479582,1.820568215080399
2024-07-31,17332,VCTR,VICTORY CAPITAL HOLDINGS INC,40,0.03,0.092922,0.4229714912280701,3093.33357,0.937597118836848,1.3666264470981337
2024-07-31,17959,CRNX,CRINETICS PHARMACEUTICALS INC,35,-0.03,0.181268,-0.6774161967418546,3552.83238,0.6911399347050985,2.32241676687595
2024-07-31,18656,IDYA,IDEAYA BIOSCIENCES INC,35,-0.03,0.22143500000000002,-0.53874921679198,2671.5550099999996,0.9185906303950637,1.03012884451798
2024-07-31,18786,AMK,ASSETMARK FINANCIAL HOLDINGS INC,40,0.023498566383242655,-0.006158,0.4287672305764411,2570.6927499999997,1.063259375748716,1.163659282726489
2024-07-31,19098,HESM,HESS MIDSTREAM L P,10,0.03,0.023829,0.4089324874686717,2912.32124,1.497683590192087,0.6372981768182696
2024-07-31,19201,RVMD,REVOLUTION MEDICINES INC,35,-0.03,0.171275,-0.5818060776942355,6428.76007,1.358915392859501,2.073150990900618
2024-07-31,19484,PCVX,VAXCYTE INC,35,-0.03,0.040051,-0.33670112781954886,8349.59376,0.961751531779203,0.8279423786981974
2024-07-31,19547,CERE,CEREVEL THERAPEUTICS HLDGS INC,35,-0.03,0.095803,-0.3696154448621555,7449.95355,1.6158724159844018,1.0289069231411592
2024-07-31,19561,BA,BOEING CO,20,-0.03,0.042484,-0.46465773809523814,111733.02683999999,1.5368012839489313,1.6715496917673192
2024-07-31,21207,NEM,NEWMONT CORP,15,-0.03,0.16725,-0.2460643796992481,48281.9718,0.41094352008701734,0.8877113935864758
2024-07-31,22111,JNJ,JOHNSON & JOHNSON,35,0.03,0.07527,0.5165648496240601,351760.20264000003,0.4883628144632857,0.5685388615143192
2024-07-31,25320,CPB,CAMPBELL SOUP CO,30,-0.03,0.040768,-0.059504229323308254,13491.655259999998,0.13970016704036808,0.243500176392944
2024-07-31,27334,CSL,CARLISLE COMPANIES,20,0.03,0.028283999999999997,0.334234022556391,19288.806419999997,0.8729785564275144,1.4955338898930002
2024-07-31,46463,GFF,GRIFFON CORP,20,0.03,0.123695,0.31052239974937335,3164.4545799999996,1.285245487295281,1.579488612882855
2024-07-31,46690,CBT,CABOT CORP,15,0.03,0.086703,0.3212915100250626,5077.65762,1.210143832095069,1.5001600082799549
2024-07-31,52337,THC,TENET HEALTHCARE CORP,35,0.03,0.12059900000000001,0.1500234962406015,12994.76949,2.1116217101676846,1.7917408990964772
2024-07-31,54594,AIR,A A R CORP,20,-0.009999999999999995,-0.11612800000000001,-0.2552279135338346,2575.5429,1.5200418124461301,1.3564275240395498
2024-07-31,54704,MOD,MODINE MANUFACTURING CO,25,-0.009999999999999995,0.169658,-0.3658560463659148,5242.1411800000005,2.29576700539419,2.1135062789741648
2024-07-31,55511,PNM,P N M RESOURCES INC,55,-0.03,0.130979,-0.18681469298245615,3333.7920000000004,0.35360370079326225,0.8042829674648116
2024-07-31,58683,LUV,SOUTHWEST AIRLINES CO,20,-0.03,-0.063082,-0.3848488408521303,17121.82616,1.123803941754016,1.7429451347114615
2024-07-31,59010,GPS,GAP INC,25,0.03,-0.015373,0.10310933583959901,8960.35063,2.309729846583937,2.935213696653055
2024-07-31,61313,DCI,DONALDSON INC,20,0.03,0.040845,0.40460526315789475,8616.1818,1.0238116800104435,1.0787594482706035
2024-07-31,62308,GL,GLOBE LIFE INC,40,0.026501433616757348,0.12573600000000001,0.09145911654135332,7591.9756,0.7771901154287548,2.839618282243806
2024-07-31,63765,SWN,SOUTHWESTERN ENERGY CO,10,-0.03,-0.046316,-0.29356594611528825,7422.146850000001,1.1871091638700975,0.679576681778649
2024-07-31,65307,RPM,R P M INTERNATIONAL INC,15,0.03,0.127798,0.3573973997493734,13865.199840000001,0.9529785417808382,1.344053668739679
2024-07-31,66384,WDC,WESTERN DIGITAL CORP,45,-0.03,-0.11979600000000001,-0.4256539786967418,25989.109999999997,1.32838118322976,1.8576704884260824
2024-07-31,76661,IONS,IONIS PHARMACEUTICALS INC,35,-0.03,0.033057,-0.4313518170426064,6959.5515,0.4180455745491174,1.177674393762323
2024-07-31,76709,IDXX,I D E X X LABORATORIES INC,35,0.03,-0.027452999999999998,0.1603618421052631,40182.7944,1.3017518113964905,1.6311872327196402
2024-07-31,79444,TALO,TALOS ENERGY INC,10,-0.03,-0.030225,-0.3273809523809524,2234.61585,1.9957069163672743,1.2173127587355985
2024-07-31,79637,UHS,UNIVERSAL HEALTH SERVICES INC,35,0.03,0.15118600000000001,0.2589677318295739,11036.25254,1.1955302751239796,1.1823367245530847
2024-07-31,79878,UFPI,U F P INDUSTRIES INC,20,0.03,0.173235,0.29025689223057644,6822.928,1.3562040728477875,1.631587857607697
2024-07-31,80069,ARWR,ARROWHEAD PHARMACEUTICALS INC,35,-0.03,0.094173,-0.6376683897243106,3228.65973,1.0196544940047754,2.1955288508441293
2024-07-31,80191,ALB,ALBEMARLE CORP,15,-0.03,-0.024079,-0.6085722117794486,11226.179039999999,1.6391710424604162,2.7243343494078367
2024-07-31,80563,PENN,PENN ENTERTAINMENT INC,25,-0.03,0.027063999999999998,-0.5133536967418546,2944.224535,2.216638426218587,2.5626010203463228
2024-07-31,82307,DVA,DAVITA INC,35,0.03,-0.018783,0.33354871553884713,12152.589,0.8553364629351669,1.2151974267673233
2024-07-31,83779,PEGA,PEGASYSTEMS INC,45,0.03,0.147698,0.05061481829573933,5167.38557,1.0971890353099107,2.6101853046872923
2024-07-31,83799,STRA,STRATEGIC EDUCATION INC,25,0.03,-0.052244,0.45314458020050125,2724.78118,0.5259903596108654,1.1566867874918845
2024-07-31,84761,TTWO,TAKE TWO INTERACTIVE SOFTWR INC,50,-0.03,-0.03661,-0.3394423558897244,27241.847999999998,0.8152068531569822,0.8782641142274028
2024-07-31,85394,PSMT,PRICESMART INC,30,0.03,0.12004300000000001,0.4732142857142857,2487.8868,0.8427854032902186,0.8642809410535679
2024-07-31,85621,MTD,METTLER TOLEDO INTERNATIONAL INC,35,0.03,0.08361299999999999,0.10872885338345865,29848.329629999997,1.1152991752248314,1.7933506520012288
2024-07-31,86211,MSTR,MICROSTRATEGY INC,45,-0.03,0.16731300000000002,-0.7796640037593985,23559.04044,3.20660836928585,3.6339637489879815
2024-07-31,88860,ALGN,ALIGN TECHNOLOGY INC,35,0.03,-0.044267,-0.022478070175438607,18033.85528,1.6909511064579918,2.478911695390857
2024-07-31,89301,GME,GAMESTOP CORP NEW,25,-0.03,-0.08652599999999999,-0.4968867481203007,8671.57242,1.8735978214995672,2.0966995195568825
2024-07-31,89876,CRI,CARTERS INC,25,0.03,-0.027625,0.38606281328320796,2261.84303,1.1986446349729984,1.3300694075801154
2024-07-31,90319,GOOGL,ALPHABET INC,50,0.03,-0.06296,0.32792919799498754,1067399.0,0.9914667800798066,1.6743959941309552
2024-07-31,90564,PBH,PRESTIGE CONSUMER HEALTHCARE INC,35,0.03,0.023757,0.29197994987468673,3420.1237499999997,0.471445483084214,0.8148212353343836
2024-07-31,91234,MWA,MUELLER WATER PRODUCTS INC,20,0.03,0.149307,0.2978735902255639,2790.37696,1.298135199012502,1.6287033528414347
2024-07-31,91594,SPR,SPIRIT AEROSYSTEMS HOLDINGS INC,20,-0.03,0.09811800000000001,-0.5709782268170426,3831.0642399999997,1.8416713169051535,2.704191711435554
2024-07-31,91832,MDGL,MADRIGAL PHARMACEUTICALS INC,35,-0.03,0.011351,-0.5671209273182958,6079.752160000001,0.06497738998563081,0.4964230401210075
2024-07-31,92245,AROC,ARCHROCK INC,10,0.03,0.020512,0.2826597744360902,3160.10292,1.529921867870123,1.1616372384985265
2024-07-31,92294,UEC,URANIUM ENERGY CORP,10,-0.03,-0.018022,-0.5234766604010026,2456.75578,1.9600961317742864,1.836265775619085
2024-07-31,92469,SATS,ECHOSTAR CORP,50,-0.03000000000000003,0.12274500000000002,-0.4755443295739349,2499.06358,0.7037580671082637,2.359766020055315
2024-07-31,93312,SSNC,S S & C TECHNOLOGIES HLDGS INC,20,0.03,0.15932300000000002,0.3931312656641604,15341.616000000002,1.3270395855377561,1.2298289823484754
2024-07-31,93436,TSLA,TESLA INC,25,-0.03,0.16807,-0.5936325187969925,632155.3631999999,2.3934831945443804,2.4040562165908543
2024-08-31,10258,CLDX,CELLDEX THERAPEUTICS INC,35,-0.03,0.08007299999999999,-0.37609291155390434,2526.23568,1.7598465899832578,0.8228334735141399
2024-08-31,11404,ED,CONSOLIDATED EDISON INC,55,-0.0007584531833960632,0.045579,-0.06771361026680177,33725.8292,0.27730707808451194,0.48369432028723675
2024-08-31,11644,CRK,COMSTOCK RESOURCES INC,10,-0.03,0.118073,-0.32639123419265265,2767.15294,0.5234867239191596,1.1570086935542074
2024-08-31,12622,HCA,H C A HEALTHCARE INC,35,0.03,0.085211,0.2353559232991857,93693.7657,1.6047326207453838,1.1913190373095763
2024-08-31,13318,YELP,YELP INC,50,0.03,-0.045594,0.32890539982738565,2457.49494,1.3779173495356252,1.3303064884677926
2024-08-31,13407,META,META PLATFORMS INC,50,0.03,0.093469,0.2698225074111599,1037374.8710699999,1.1142047987882078,1.7267627232960374
2024-08-31,13788,ZTS,ZOETIS INC,35,0.03,0.014743,0.24757026530076182,82151.3518,0.8234754580590751,1.4041289194459237
2024-08-31,14318,NMIH,N M I HOLDINGS INC,40,0.020000000000000004,0.039291,0.40583136327817176,3135.1325500000003,1.0675037898397635,1.09797847603338
2024-08-31,14406,ESI,ELEMENT SOLUTIONS INC,15,0.03,-0.009243000000000001,0.26282412098014934,6525.7269,1.2990425395042804,1.6068797009455635
2024-08-31,14596,FIVN,FIVE 9 INC,45,-0.03,-0.280513,-0.38382303275920304,3328.7314499999993,0.834381969092491,1.6833058777568366
2024-08-31,14688,AMPH,AMPHASTAR PHARMACEUTICALS INC,35,0.03,0.11552599999999999,0.2713985515403955,2130.8262400000003,0.7540096100992684,1.1164974069696387
2024-08-31,15831,AXSM,AXSOME THERAPEUTICS INC,35,-0.03,0.013334000000000002,-0.3873316071897631,4190.88,1.271840314416026,1.0118672225466459
2024-08-31,16386,IRTC,IRHYTHM TECHNOLOGIES INC,35,-0.03,-0.182622,-0.45431348268227695,2694.105,1.248199190303001,1.5811223366795706
2024-08-31,16655,CVNA,CARVANA CO,25,0.03,0.126107,-0.12897294457578146,15580.84881,3.444050210521737,3.818630609517778
2024-08-31,16771,MGY,MAGNOLIA OIL & GAS CORP,10,0.03,-0.059227999999999996,0.34564148748545914,4928.56044,2.015953926880057,0.9629625235880738
2024-08-31,16968,MDB,MONGODB INC,45,-0.03,0.147863,-0.4261510750872453,18640.319040000002,1.2106690801702502,2.1087702996380466
2024-08-31,17223,ADT,A D T INC,25,0.03,-0.067401,0.4466021239070884,6656.79362,1.5834034658863663,1.7268238776680533
2024-08-31,17332,VCTR,VICTORY CAPITAL HOLDINGS INC,40,0.03,0.037192,0.40718225824608806,3398.8536400000003,0.9384996508057648,1.3236846985059085
2024-08-31,17959,CRNX,CRINETICS PHARMACEUTICALS INC,35,-0.03,-0.005549,-0.6566850538481743,4213.58464,0.6937776230105891,2.2432801669166063
2024-08-31,18656,IDYA,IDEAYA BIOSCIENCES INC,35,-0.03,-0.086881,-0.5631355773199743,3275.7175499999994,0.9217236438704952,1.0970621745969882
2024-08-31,19076,ASTS,A S T SPACEMOBILE INC,50,-0.03,0.39983599999999997,-0.5851063829787234,3076.17068,1.6404188179258445,2.662776944265385
2024-08-31,19201,RVMD,REVOLUTION MEDICINES INC,35,-0.03,-0.07037,-0.6285789335434726,7560.12908,1.3611538941235486,2.03044127072056
2024-08-31,19433,MP,M P MATERIALS CORP,15,-0.03,-0.050277,-0.3941423693196743,2235.08584,2.430032509842454,1.9105834009879359
2024-08-31,19561,BA,BOEING CO,20,-0.03,-0.092877,-0.5747307591279223,117309.15379999999,1.537508411015778,1.587961865925656
2024-08-31,20067,SOFI,SOFI TECHNOLOGIES INC,40,-0.03,0.055263,-0.5686704942024091,8037.225299999999,2.1984240064078016,2.6218929037877934
2024-08-31,21020,AAL,AMERICAN AIRLINES GROUP INC,20,-0.03,-0.006299,-0.43890952756200985,6987.330559999999,1.4482728445315118,1.7187621865490939
2024-08-31,21342,VERA,VERA THERAPEUTICS INC,35,-0.03,0.029197,-0.37817554129610864,2005.7540300000003,0.9647482491264593,1.0521555770191624
2024-08-31,21747,NUVL,NUVALENT INC,35,-0.03,0.060504999999999996,-0.36444144245562676,4745.39828,1.371866347501038,1.2717125647142384
2024-08-31,24205,NEE,NEXTERA ENERGY INC,55,-0.03,0.056257,-0.25269240872077753,157008.49206,0.5055818165640427,1.3326935753609144
2024-08-31,27334,CSL,CARLISLE COMPANIES,20,0.03,0.010565999999999999,0.3471424818942549,19356.394940000002,0.8730490781651299,1.504506958039328
2024-08-31,28345,MUR,MURPHY OIL CORP,10,0.009999999999999995,-0.096375,0.3359975984089459,6313.594880000001,2.2631094607351976,0.9962759841378194
2024-08-31,40125,DXC,D X C TECHNOLOGY CO,45,0.03,0.011805,0.16854290967766147,3666.7528199999997,1.725588961924704,2.2314595897732024
2024-08-31,46463,GFF,GRIFFON CORP,20,0.03,-0.083762,0.2726368719276521,3570.7891799999998,1.2865846132214198,1.6257554484091703
2024-08-31,54594,AIR,A A R CORP,20,-0.00924154681660321,0.013847000000000002,-0.28744042928440094,2306.9305999999997,1.5178873419238976,1.4595179074400004
2024-08-31,58683,LUV,SOUTHWEST AIRLINES CO,20,-0.03,0.069078,-0.4443881571541146,16141.289580000002,1.1229271214023657,1.6646993147635611
2024-08-31,59010,GPS,GAP INC,25,0.03,-0.049138,0.08349281398926789,8806.57316,2.308940238229718,2.853189736014796
2024-08-31,61313,DCI,DONALDSON INC,20,0.03,-0.02871,0.4350632293894705,9008.702099999999,1.0242927725928221,1.0835213583499872
2024-08-31,62308,GL,GLOBE LIFE INC,40,0.03,0.128318,0.18846861045442603,8557.119799999999,0.7788367595166751,2.7181329095428777
2024-08-31,63715,POWL,POWELL INDUSTRIES INC,20,0.03,-0.09104300000000001,0.14848587189012719,2201.35644,0.7997960003039132,2.425732608517744
2024-08-31,63765,SWN,SOUTHWESTERN ENERGY CO,10,-0.03,-0.015272,-0.22511163645915416,7113.35025,1.1867583698410673,0.6605312022028633
2024-08-31,71563,TFC,TRUIST FINANCIAL CORP,40,-0.03,0.002882,-0.27698975571316,59799.510239999996,1.0756954544632409,1.5478647652248438
2024-08-31,75510,ADBE,ADOBE INC,45,0.03,0.036839000000000004,0.21434200157604408,244601.61,1.2267367612661775,1.8187166966535995
2024-08-31,76095,HOLX,HOLOGIC INC,35,0.03,-0.008953,0.37511726518818705,18955.71792,0.9730089898079362,0.7900958112578107
2024-08-31,76282,AN,AUTONATION INC DEL,25,-0.03,-0.071219,-0.25419340312957334,7679.722240000001,1.199378309955671,1.3189498644710498
2024-08-31,76661,IONS,IONIS PHARMACEUTICALS INC,35,-0.03,-0.040408,-0.39119666779241247,7231.596060000001,0.41846802044020925,1.1611823922218754
2024-08-31,76709,IDXX,I D E X X LABORATORIES INC,35,0.020121828457032018,0.006523999999999999,0.14627190513715335,39268.94924,1.3011369706098193,1.571565265104258
2024-08-31,80069,ARWR,ARROWHEAD PHARMACEUTICALS INC,35,-0.03,-0.17003500000000002,-0.5866261398176292,3547.92312,1.0205233855265914,2.141802194179855
2024-08-31,82307,DVA,DAVITA INC,35,0.03,0.10025099999999999,0.34460955382941194,11981.574,0.8547153076338599,1.1727821728234298
2024-08-31,82670,TGTX,T G THERAPEUTICS INC,35,0.019878171542967976,0.18434599999999998,-0.17233292055987093,3059.5000800000003,2.2770236614677724,3.022880615331104
2024-08-31,82800,SCCO,SOUTHERN COPPER CORP,15,0.03,-0.039171,0.31387669330931744,83279.04116,1.1783640695017867,1.6011319699042035
2024-08-31,84761,TTWO,TAKE TWO INTERACTIVE SOFTWR INC,50,-0.03,0.069852,-0.273743855304139,26385.34999,0.8144325442139546,0.8287649178844166
2024-08-31,85738,MRCY,MERCURY SYSTEMS INC,20,-0.03,0.061685,-0.41757664452699916,2111.8833,0.647041829007337,1.573762677032043
2024-08-31,85768,IESC,I E S HOLDINGS INC,20,0.009999999999999273,0.20705099999999999,0.19284025667004392,3076.0126600000003,1.317746843232446,1.9062238348065177
2024-08-31,86211,MSTR,MICROSTRATEGY INC,45,-0.03,-0.184197,-0.7832751697999925,28201.037920000002,3.208022802835166,3.5508421370771486
2024-08-31,87356,TKO,T K O GROUP HOLDINGS INC,50,-0.03,0.076788,-0.18681751660475068,8823.4515,1.0500969218343412,0.9391843129094997
2024-08-31,89297,CCOI,COGENT COMMUNICATIONS HLDS INC,50,-0.03,0.0004330000000000002,-0.21240947127471954,3459.19236,0.36827434396561615,1.0600050135425136
2024-08-31,89301,GME,GAMESTOP CORP NEW,25,-0.03,0.028664000000000002,-0.45140530601523515,7962.112060000001,1.8714106198089375,2.0515340582788832
2024-08-31,89397,VRNT,VERINT SYSTEMS INC,45,0.03,-0.13142500000000001,0.15608465608465608,2240.89684,1.2413525889783943,2.407575568481801
2024-08-31,89876,CRI,CARTERS INC,25,0.020000000000000004,0.096533,0.33044391909640136,2187.85315,1.198363237747829,1.3317337131042497
2024-08-31,90319,GOOGL,ALPHABET INC,50,0.03,-0.051988,0.3382866148823595,1005052.86,0.9900583887810225,1.606547508243555
2024-08-31,90436,HALO,HALOZYME THERAPEUTICS INC,35,0.03,0.151028,0.2657510600773012,7000.22628,1.2988383160935675,1.309073129119998
2024-08-31,90564,PBH,PRESTIGE CONSUMER HEALTHCARE INC,35,0.03,0.049669,0.4065443356223498,3517.48675,0.4714053533396696,0.7919539494395059
2024-08-31,91234,MWA,MUELLER WATER PRODUCTS INC,20,0.03,0.037126,0.26997260685203944,3220.14484,1.2999109042438541,1.6069316083863667
2024-08-31,91832,MDGL,MADRIGAL PHARMACEUTICALS INC,35,-0.03,-0.13626000000000002,-0.5103943862809112,6177.406660000001,0.06500617115158089,0.4740050218673542
2024-08-31,92294,UEC,URANIUM ENERGY CORP,10,-0.03,-0.122463,-0.49729821006416747,2424.05354,1.956253452201853,1.8398625133039992
2024-08-31,92782,MYRG,M Y R GROUP INC DE,20,-0.03,-0.286879,-0.3180607152238358,2319.04384,0.9826473809865778,1.5536982820293492
2024-08-31,92852,LOPE,GRAND CANYON EDUCATION INC,25,0.03,-0.07457000000000001,0.47290705092123536,4608.16655,0.6159386092755089,0.8651778971301154
2024-08-31,93073,ADUS,ADDUS HOMECARE CORP,35,0.03,0.09157599999999999,0.2923374235430973,2196.616,1.0063125134317008,0.9784955764750694
2024-08-31,93179,PPC,PILGRIMS PRIDE CORP NEW,30,0.03,0.12534099999999998,0.4857968404067695,9776.581289999998,0.7130835669518286,0.7280815322945553
2024-08-31,93330,PRI,PRIMERICA INC,40,0.03,0.044726,0.3870876955983339,8663.65747,1.0705010373652497,1.2321711287696595
2024-08-31,93436,TSLA,TESLA INC,25,-0.03,-0.081809,-0.5833239521182785,741380.1048,2.3948115051565653,2.4806527919123096
2024-09-30,10258,CLDX,CELLDEX THERAPEUTICS INC,35,-0.03,-0.18221400000000001,-0.2823779193205945,2739.68304,1.7479427274546009,0.7961131243217938
2024-09-30,11644,CRK,COMSTOCK RESOURCES INC,10,-0.03,0.042418000000000004,-0.37048832271762205,3106.7344300000004,0.489578866878397,1.1692377942461953
2024-09-30,12622,HCA,H C A HEALTHCARE INC,35,0.03,0.024464,0.28143008795875046,102091.49366,1.5930631291151836,1.1058797863182643
2024-09-30,12981,FBIN,FORTUNE BRANDS INNOVATIONS INC,20,0.03,0.122821,0.2402752502274795,9855.41628,1.4835039454578358,1.7662835810525555
2024-09-30,13318,YELP,YELP INC,50,0.03,-0.00032499999999999977,0.3914164391871398,2337.13137,1.3754592466549949,1.2218004168123335
2024-09-30,13407,META,META PLATFORMS INC,50,0.03,0.09449,0.2616962390051562,1138921.0749899999,1.11086316867572,1.5984709234508498
2024-09-30,14593,AAPL,APPLE INC,45,0.03,0.012848,0.364877161055505,3481747.373,1.1993897308857586,1.275926045647403
2024-09-30,14596,FIVN,FIVE 9 INC,45,-0.020666836462631653,-0.11376599999999999,-0.4007810130421596,2410.2360000000003,0.8911660262293385,1.7992174532132905
2024-09-30,15069,MRO,MARATHON OIL CORP,10,0.03,-0.075125,0.2885198665453443,16026.32295,2.167843879977154,0.9177706983736219
2024-09-30,15490,LITE,LUMENTUM HOLDINGS INC,45,-0.03,0.095537,-0.5206248104337277,3949.05028,0.8681226240419524,2.1893726017044695
2024-09-30,16260,MEDP,MEDPACE HOLDINGS INC,35,0.03,-0.065052,0.07205414012738852,11014.080539999999,1.3322670142120554,1.8994226247472505
2024-09-30,16386,IRTC,IRHYTHM TECHNOLOGIES INC,35,-0.03,0.042785000000000004,-0.43156657567485596,2214.0076799999997,1.228655004967746,1.4509222792041039
2024-09-30,16655,CVNA,CARVANA CO,25,0.03,0.151336,-0.17083712465878073,18650.37088,3.519224570761806,3.5156922271436697
2024-09-30,16968,MDB,MONGODB INC,45,-0.03,-0.07491,-0.5039050652107977,21480.36651,1.2328947452280592,2.124037205311259
2024-09-30,17223,ADT,A D T INC,25,0.03,-0.005057,0.3255611161662117,6248.135069999999,1.5346575250103995,1.6407642014870916
2024-09-30,17332,VCTR,VICTORY CAPITAL HOLDINGS INC,40,0.03,0.018695000000000003,0.3572945101607522,3540.2833200000005,0.917476981993372,1.3702019143599178
2024-09-30,17959,CRNX,CRINETICS PHARMACEUTICALS INC,35,-0.03,-0.041558,-0.5795609645131937,4246.7101600000005,0.6442661442053104,2.059796167562408
2024-09-30,18656,IDYA,IDEAYA BIOSCIENCES INC,35,-0.03,-0.20259400000000002,-0.4647785865938732,3336.9995,0.9032943492330978,1.0268509466745446
2024-09-30,18835,DKNG,DRAFTKINGS INC,25,-0.03,0.13161299999999998,-0.4441158629056718,16750.785,1.9329563479113028,1.9601690825360916
2024-09-30,19201,RVMD,REVOLUTION MEDICINES INC,35,-0.03,0.059186,-0.5184637549287231,7120.8725699999995,1.3573029982609415,1.8147198116467145
2024-09-30,19484,PCVX,VAXCYTE INC,35,-0.03,0.410314,-0.33327646345162265,9013.6236,0.961021311825975,0.7644034204007929
2024-09-30,19488,RNA,AVIDITY BIOSCIENCES INC,35,-0.03,0.039245,-0.5369843797391568,4831.244,0.9413143883592441,1.6640709937857348
2024-09-30,19561,BA,BOEING CO,20,-0.03,-0.129518,-0.6030292690324538,107052.85458000001,1.562468348125887,1.5605440382719877
2024-09-30,19577,RKT,ROCKET COMPANIES INC,40,-0.03,-0.028029,-0.4570632393084623,2762.1808499999997,2.510966957730697,1.8600611084108483
2024-09-30,19635,HRMY,HARMONY BIOSCIENCES HLDGS INC,35,0.03,0.10711,0.23868289353958141,2044.9233,0.7040872136552047,1.4001421567219374
2024-09-30,19849,SMMT,SUMMIT THERAPEUTICS INC,35,-0.03,0.682592,-0.2876857749469215,9404.50324,0.2154861006586487,0.6167768835907501
2024-09-30,20067,SOFI,SOFI TECHNOLOGIES INC,40,-0.03,-0.020888999999999998,-0.6049628450106157,8516.90055,2.20319935848492,2.503002262579005
2024-09-30,21020,AAL,AMERICAN AIRLINES GROUP INC,20,-0.03,0.053761,-0.4421822869275099,6974.196479999999,1.4321009101778002,1.6779495374249171
2024-09-30,21342,VERA,VERA THERAPEUTICS INC,35,-0.03,0.164075,-0.4629777070063694,2073.59496,0.9576653821989335,0.9766903542871221
2024-09-30,21747,NUVL,NUVALENT INC,35,-0.03,0.197073,-0.40246815286624205,5053.4870599999995,1.3691282683470136,1.236222557993786
2024-09-30,22752,MRK,MERCK & CO INC NEW,35,0.03,-0.039644,0.3949802851076737,300248.12605,0.34131922302921497,0.49439787156571774
2024-09-30,25320,CPB,CAMPBELL SOUP CO,30,-0.03,-0.020708999999999998,-0.05948589626933577,14844.104879999999,0.16105336727515032,0.20229950273948866
2024-09-30,27334,CSL,CARLISLE COMPANIES,20,0.03,0.056613000000000004,0.3212010919017288,19597.7834,0.8765894772644455,1.4681135403168164
2024-09-30,28345,MUR,MURPHY OIL CORP,10,0.002523482947122883,-0.099576,0.2737336973005763,5625.06736,2.218334506021301,0.9776309166481347
2024-09-30,39538,MAT,MATTEL INC,25,0.03,-0.000931,0.35356005459508644,6451.302,0.8137933023685958,1.3902163867962827
2024-09-30,42439,HNI,H N I CORP,20,0.03,-0.004805,0.4160221413406127,2538.4351500000002,0.8294304683504469,1.1462753735474462
2024-09-30,56223,LPX,LOUISIANA PACIFIC CORP,15,0.03,0.102645,0.348328025477707,6820.2858,1.8440083295202523,1.8803996781185564
2024-09-30,58683,LUV,SOUTHWEST AIRLINES CO,20,-0.03,0.026181000000000003,-0.4486654534425235,17327.620440000002,1.139284856229162,1.627169177396747
2024-09-30,59010,GAP,GAP INC,25,0.03,-0.021560999999999997,0.057969366090385215,8412.75281,2.2772901914278565,2.7060695168027484
2024-09-30,62308,GL,GLOBE LIFE INC,40,0.03,0.003568,0.18154761904761904,9435.590999999999,0.7832632405554218,2.5463776501434987
2024-09-30,63715,POWL,POWELL INDUSTRIES INC,20,0.03,0.32116900000000004,0.1645435244161359,2007.27072,0.7898011628057973,2.0679788024740704
2024-09-30,63765,SWN,SOUTHWESTERN ENERGY CO,10,-0.03,0.102369,-0.2641037306642402,7037.02516,1.1253017220171064,0.6044947046243668
2024-09-30,71563,TFC,TRUIST FINANCIAL CORP,40,-0.03,-0.042630999999999995,-0.26861540794661815,59538.29778,1.0681283653115785,1.4374314273524602
2024-09-30,76095,HOLX,HOLOGIC INC,35,0.03,-0.001911,0.37992872308158937,18869.77728,0.969308632743847,0.6936285979508026
2024-09-30,76661,IONS,IONIS PHARMACEUTICALS INC,35,-0.020000000000000004,-0.16443400000000002,-0.3403662420382165,6971.340480000001,0.41176602766904896,1.120297016110316
2024-09-30,78170,SM,S M ENERGY CO,10,0.006809680590244729,-0.12866,0.24708067940552017,5220.8933400000005,4.329441722861371,1.045057763545539
2024-09-30,79637,UHS,UNIVERSAL HEALTH SERVICES INC,35,0.03,-0.041457,0.2881217773733697,14150.17214,1.1984693661766088,1.1254774669801115
2024-09-30,80191,ALB,ALBEMARLE CORP,15,-0.009999999999999995,0.04966,-0.5708219593569911,10607.35325,1.612186110011657,2.58776388870976
2024-09-30,82307,DVA,DAVITA INC,35,0.03,0.081586,0.30455717318774644,12662.188,0.8475506249394967,1.0896209143662845
2024-09-30,82800,SCCO,SOUTHERN COPPER CORP,15,0.03,0.132522,0.31098346982104946,79904.51848,1.1559672308434836,1.5199375106382809
2024-09-30,83779,PEGA,PEGASYSTEMS INC,45,0.03,0.026561,0.15800348801941158,6053.8607999999995,1.090888853264304,2.2435038793363193
2024-09-30,84761,TTWO,TAKE TWO INTERACTIVE SOFTWR INC,50,-0.03,-0.05409,-0.2944343342432515,28345.01393,0.8383567209595918,0.8080392345596518
2024-09-30,85621,MTD,METTLER TOLEDO INTERNATIONAL INC,35,0.03,0.037505000000000004,0.14190931149529878,30734.431559999997,1.0905567108082272,1.6502098348599132
2024-09-30,85768,IESC,I E S HOLDINGS INC,20,0.020000000000000004,0.065557,0.22512890506521077,3726.49634,1.3334733884711734,1.7966959672652083
2024-09-30,86047,AMKR,AMKOR TECHNOLOGY INC,45,0.0006668364626316488,-0.07205299999999999,0.04862374886260236,8106.1981,1.815527568847102,2.3543903911956514
2024-09-30,86211,MSTR,MICROSTRATEGY INC,45,-0.03,0.26860300000000004,-0.8011639369123446,23131.1256,3.216913966879562,3.4221391320522088
2024-09-30,87356,TKO,T K O GROUP HOLDINGS INC,50,-0.03,0.041731000000000004,-0.2039922656960874,9579.34929,1.0532125114666566,0.8138943507305271
2024-09-30,87432,A,AGILENT TECHNOLOGIES INC,35,0.03,0.034284,0.19388838337882924,41698.48212,1.0352253631880088,1.48605659235947
2024-09-30,88159,EXEL,EXELIXIS INC,35,0.03,-0.007692,0.3613891416439187,7425.109560000001,0.5326060234288419,0.8073496289264508
2024-09-30,89297,CCOI,COGENT COMMUNICATIONS HLDS INC,50,-0.03,0.080262,-0.43776539278131643,3429.29992,0.3633089833542832,0.965521827866702
2024-09-30,89301,GME,GAMESTOP CORP NEW,25,-0.03,-0.025541,-0.49833181680315436,8225.525560000002,1.8504369207441433,1.909437395942475
2024-09-30,89968,PIPR,PIPER SANDLER COMPANIES,40,0.03,0.036122,0.3318736730360934,4825.9719,1.3592804078141005,1.526688935799147
2024-09-30,90319,GOOGL,ALPHABET INC,50,0.03,0.011864000000000001,0.3423946011525629,957243.4199999999,0.985967585688008,1.5082015196880663
2024-09-30,90708,MORN,MORNINGSTAR INC,40,0.020000000000000004,0.012432,0.39860100090991807,13441.593029999998,1.167859884353003,1.1412310718371617
2024-09-30,91594,SPR,SPIRIT AEROSYSTEMS HOLDINGS INC,20,-0.03,-0.081302,-0.4992796481649985,4106.1902,1.8656301101341222,2.0453048422644913
2024-09-30,91832,MDGL,MADRIGAL PHARMACEUTICALS INC,35,-0.03,-0.145881,-0.5356574158325752,5365.93369,0.06279259343350926,0.45731006294578724
2024-09-30,92294,UEC,URANIUM ENERGY CORP,10,-0.029333163537367618,0.18276099999999998,-0.5296481649984834,2137.9089400000003,1.9450072113862487,1.903375575258533
2024-09-30,92469,SATS,ECHOSTAR CORP,50,-0.020000000000000025,0.334108,-0.4756786472550803,2601.75528,0.6933049756345666,2.120097592296622
2024-09-30,92852,LOPE,GRAND CANYON EDUCATION INC,25,0.020000000000000004,-0.026410999999999997,0.4830717318774644,4271.559569999999,0.649452007714644,0.8059302156896456
2024-09-30,93312,SSNC,S S & C TECHNOLOGIES HLDGS INC,20,0.03,-0.012990999999999999,0.39177661510464057,18428.5878,1.332165356298812,1.1371462817297329
2024-09-30,93330,PRI,PRIMERICA INC,40,0.03,0.0026750000000000003,0.4403055808310586,8904.544440000001,1.0705647884376122,1.1656062329332828
2024-09-30,93436,TSLA,TESLA INC,25,-0.03,0.217323,-0.5568319684561722,684004.3704,2.3795088551922836,2.3659286972605766
2024-10-31,10258,CLDX,CELLDEX THERAPEUTICS INC,35,-0.00608670869141536,-0.237211,-0.30784335938975105,2255.03256,1.7397915717244443,0.7935337935644372
2024-10-31,10517,PRG,PROG HOLDINGS INC,40,0.03,-0.103309,0.29307805596465386,2052.19378,2.0552915749254073,1.799825937407644
2024-10-31,11644,CRK,COMSTOCK RESOURCES INC,10,-0.03,0.034727,-0.3563309542690986,3252.8649300000006,0.4843550012928677,1.1875375256888767
2024-10-31,12622,HCA,H C A HEALTHCARE INC,35,0.03,-0.12124599999999999,0.2812204977153431,104889.01582,1.5931660478353347,1.0592196533844453
2024-10-31,12981,FBIN,FORTUNE BRANDS INNOVATIONS INC,20,0.027276921541089252,-0.07315799999999999,0.22867338846720292,11111.38924,1.4861053830292064,1.748773918507383
2024-10-31,13046,UI,UBIQUITI INC,45,0.03,0.194406,0.2995355160303614,13407.4084,1.2067220792482702,1.550953758569699
2024-10-31,13318,YELP,YELP INC,50,0.009999999999999995,-0.030703,0.3404327631131755,2347.16772,1.3745795351597345,1.232466721929041
2024-10-31,13407,META,META PLATFORMS INC,50,0.03,-0.012396999999999998,0.32844303462860164,1247919.2000000002,1.1140891346406852,1.5777715617367216
2024-10-31,13788,ZTS,ZOETIS INC,35,0.03,-0.086659,0.19106151580378383,88517.10437999999,0.8517196109539269,1.288765594182404
2024-10-31,13911,IQV,IQVIA HOLDINGS INC,35,0.03,-0.135358,0.08432461009780598,43199.631,1.4594491511858294,1.73306461128537
2024-10-31,13936,PVH,P V H CORP,25,0.020000000000000004,-0.027412000000000002,0.20318341452362068,5627.72562,2.081392379796059,1.9267648784398226
2024-10-31,15058,SLNO,SOLENO THERAPEUTICS INC,35,-0.03,0.086606,-0.3805369887844115,2072.16009,0.1172829559438335,0.3531916145570899
2024-10-31,15410,APPF,APPFOLIO INC,45,0.03,-0.12085699999999999,0.23749103130546428,5432.796600000001,0.8205981446908884,1.7726439303093233
2024-10-31,15490,LITE,LUMENTUM HOLDINGS INC,45,-0.03,0.003824,-0.5162569389373514,4349.515880000001,0.8717537892283174,2.223002094534317
2024-10-31,16680,QXO,Q X O INC,45,-0.03,-0.038783,-0.620180506778445,6456.7110999999995,2.442560275087828,2.6968548747964767
2024-10-31,17223,ADT,A D T INC,25,0.03,-0.008056,0.37185151618141316,6196.7100900000005,1.5290864832516475,1.5937014076834761
2024-10-31,17332,VCTR,VICTORY CAPITAL HOLDINGS INC,40,0.03,0.077862,0.38639024206034517,3596.7896,0.9180119591228142,1.3766961198331398
2024-10-31,17959,CRNX,CRINETICS PHARMACEUTICALS INC,35,-0.03,0.091201,-0.5304369170348552,4130.9751,0.6429987486885745,1.2537331447365867
2024-10-31,18064,FTDR,FRONTDOOR INC,25,0.03,0.031516999999999996,0.38463426607756507,3636.8261700000003,1.0278256517759548,1.230288395746339
2024-10-31,18656,IDYA,IDEAYA BIOSCIENCES INC,35,-0.03,-0.11533399999999999,-0.4552509346323779,2735.82144,0.8905575590242828,1.0420167823303665
2024-10-31,18776,IMVT,IMMUNOVANT INC,35,-0.013913291308584643,0.0224,-0.36752766134209436,4178.56815,0.7305258436393917,1.0574830004716267
2024-10-31,18835,DKNG,DRAFTKINGS INC,25,-0.03,-0.10288699999999999,-0.45547751217854315,19097.0248,1.9370900725007012,1.943451846076374
2024-10-31,19201,RVMD,REVOLUTION MEDICINES INC,35,-0.03,0.17580600000000002,-0.5693893735130848,7607.3718,1.3585144331409538,1.7970686829668978
2024-10-31,19433,MP,M P MATERIALS CORP,15,-0.03,0.015356999999999999,-0.4463955288697557,2919.00995,2.4401101360327893,1.957666640575617
2024-10-31,19484,PCVX,VAXCYTE INC,35,-0.03,-0.07321699999999999,-0.44488501189532126,14218.616100000001,0.9768800955226067,0.9360684143022161
2024-10-31,19488,RNA,AVIDITY BIOSCIENCES INC,35,-0.03,-0.083811,-0.5432385483931876,5461.077,0.9415043277863329,1.6390631256017754
2024-10-31,19561,BA,BOEING CO,20,-0.03,-0.021863,-0.6004871417242551,93682.03068,1.557275205289602,1.6070038730654586
2024-10-31,19577,RKT,ROCKET COMPANIES INC,40,-0.03,-0.164928,-0.43433027453646006,2697.51911,2.5079318284036014,1.816404029853117
2024-10-31,19635,HRMY,HARMONY BIOSCIENCES HLDGS INC,35,0.03,-0.200657,0.20227710433896,2281.24,0.709249135534053,1.3600861082163507
2024-10-31,19849,SMMT,SUMMIT THERAPEUTICS INC,35,-0.03,-0.155049,-0.3355424644084439,16142.3805,0.2515270372482569,0.7453750643482409
2024-10-31,20067,SOFI,SOFI TECHNOLOGIES INC,40,-0.03,0.417213,-0.575922359427514,8521.31682,2.198901309675539,2.477675481695395
2024-10-31,20923,EDR,ENDEAVOR GROUP HOLDINGS INC,50,-0.03,0.028656,-0.24032325063252896,8762.065200000001,0.7544169583435848,1.0162763255581715
2024-10-31,21020,AAL,AMERICAN AIRLINES GROUP INC,20,-0.03,0.18826400000000001,-0.490540387447604,7385.8377199999995,1.433495034273669,1.6673579121315538
2024-10-31,21342,VERA,VERA THERAPEUTICS INC,35,-0.03,-0.090332,-0.4838374683735509,2432.1492000000003,0.96668495364856,0.948749820416352
2024-10-31,21357,DOCS,DOXIMITY INC,35,0.03,-0.045908,0.09618216834711679,5453.43905,1.3664616399680152,1.9416342444355932
2024-10-31,21723,HOOD,ROBINHOOD MARKETS INC,40,-0.03,-0.000918,-0.4687322986292059,17845.876060000002,1.983621390792642,2.118211532053759
2024-10-31,21747,NUVL,NUVALENT INC,35,-0.03,-0.138902,-0.4550243570862128,6700.1385,1.3832314589804664,1.349978971647619
2024-10-31,23712,PEG,PUBLIC SERVICE ENTERPRISE GP INC,55,-0.0072769215410892485,-0.0016649999999999998,-0.14982440240172198,44441.03201999999,0.5499026779245377,0.8030977045076929
2024-10-31,25320,CPB,CAMPBELL SOUP CO,30,-0.03,-0.042848000000000004,-0.07375099127676446,14559.37472,0.15964705271884766,0.1929812855511134
2024-10-31,42439,HNI,H N I CORP,20,0.03,-0.088602,0.4102186473320493,2537.96376,0.8268291307164153,1.1188328316522227
2024-10-31,45306,IDCC,INTERDIGITAL INC,45,0.03,0.061533,0.3678108832748009,3575.02446,1.3449414940791895,1.242444404298008
2024-10-31,46463,GFF,GRIFFON CORP,20,0.03,-0.10562099999999999,0.24608209659756053,3448.41,1.2978017198196437,1.7879085267821773
2024-10-31,46690,CBT,CABOT CORP,15,0.03,-0.039158,0.2648691514670896,6127.67848,1.1949428797426662,1.6679964249501222
2024-10-31,56223,LPX,LOUISIANA PACIFIC CORP,15,0.03,-0.083565,0.36156111929307805,7551.85896,1.8462531122516321,1.8488270196828072
2024-10-31,58683,LUV,SOUTHWEST AIRLINES CO,20,-0.03,0.028155,-0.46138740984101806,17753.02191,1.1396266219913715,1.6022811638829688
2024-10-31,59010,GAP,GAP INC,25,0.03,-0.055138,0.06801102677391335,8297.789850000001,2.274249383684072,2.661824991548888
2024-10-31,62308,GL,GLOBE LIFE INC,40,0.03,-0.004588,0.1540160870057777,9512.8362,0.782099482861727,2.5173187890562154
2024-10-31,75603,CRUS,CIRRUS LOGIC INC,45,0.012723078458910027,-0.11975899999999999,0.24751708772327333,6599.52572,0.9382180091223904,1.6971716256075162
2024-10-31,76095,HOLX,HOLOGIC INC,35,0.03,-0.01115,0.36988784411464826,18876.318499999998,0.9685772282616095,0.6868807988608557
2024-10-31,76661,IONS,IONIS PHARMACEUTICALS INC,35,-0.03,-0.045595000000000004,-0.3902987047316945,6321.98878,0.40699574662032567,1.1197288485753543
2024-10-31,76721,CRVL,CORVEL CORP,35,0.03,-0.09283599999999999,0.2721762773309165,5601.26015,1.0648999149408789,1.0359677723983969
2024-10-31,78170,SM,S M ENERGY CO,10,0.009999999999999995,0.050961,0.2835617990257165,4573.2874600000005,4.322455463982474,1.0697989778535755
2024-10-31,79637,UHS,UNIVERSAL HEALTH SERVICES INC,35,0.03,-0.11176299999999999,0.2600166156867188,13617.39262,1.1962408936470448,1.1049779188424653
2024-10-31,81282,ACIW,A C I WORLDWIDE INC,45,0.03,-0.037306,0.3148672633208715,5337.9339,1.1589877025911557,1.4633805574194318
2024-10-31,82307,DVA,DAVITA INC,35,0.03,-0.15104299999999998,0.300177485744496,13753.727,0.8496579666201758,1.0444105482422639
2024-10-31,83799,STRA,STRATEGIC EDUCATION INC,25,0.03,-0.064307,0.4176390619689589,2273.86095,0.5182328293999392,1.107657176653287
2024-10-31,84761,TTWO,TAKE TWO INTERACTIVE SOFTWR INC,50,-0.03,0.048204,-0.20388202862429664,26976.105000000003,0.8370780900813051,0.7973797945580299
2024-10-31,85768,IESC,I E S HOLDINGS INC,20,0.03,0.09149900000000001,0.21362486310939918,3986.81064,1.3333144000364918,1.8867460375711798
2024-10-31,86211,MSTR,MICROSTRATEGY INC,45,-0.022723078458910022,0.44627100000000003,-0.8133189834220763,30853.8,3.2235557356340854,3.4797261286212473
2024-10-31,88159,EXEL,EXELIXIS INC,35,0.03,0.275476,0.43687927193081827,7415.990999999999,0.5337658561221573,0.8072779504460807
2024-10-31,89297,CCOI,COGENT COMMUNICATIONS HLDS INC,50,-0.03,0.05339,-0.4713757033344663,3721.06696,0.3672355109648086,0.9631092100587455
2024-10-31,89301,GME,GAMESTOP CORP NEW,25,-0.03,-0.036615,-0.6052263887315433,10238.4743,1.8409626892124538,1.8653044669310685
2024-10-31,89968,PIPR,PIPER SANDLER COMPANIES,40,0.03,-0.004506,0.35823798194932216,5022.58557,1.3592186078509243,1.5060420073066405
2024-10-31,90319,GOOGL,ALPHABET INC,50,0.03,0.027808,0.3278577093010083,969227.4,0.9855137014535049,1.5094041736877954
2024-10-31,90775,THS,TREEHOUSE FOODS INC,30,-0.020000000000000004,-0.13730399999999998,-0.05305690872701182,2178.7619999999997,0.20174415130240173,0.38393649752798464
2024-10-31,91234,MWA,MUELLER WATER PRODUCTS INC,20,0.03,-0.008976,0.31458404138816504,3380.7731999999996,1.3129607534043284,1.449398610657518
2024-10-31,91594,SPR,SPIRIT AEROSYSTEMS HOLDINGS INC,20,-0.03,-0.008213,-0.5389146935538688,3791.3161999999998,1.862234478670847,1.9478861459323824
2024-10-31,91832,MDGL,MADRIGAL PHARMACEUTICALS INC,35,-0.03,0.21812700000000002,-0.5166723311053208,4627.66932,0.0581467984786952,0.43089888488549166
2024-10-31,92294,UEC,URANIUM ENERGY CORP,10,-0.03,0.19094,-0.5848721725010385,2554.83126,1.947731147539145,1.968771486897461
2024-10-31,92469,SATS,ECHOSTAR CORP,50,-0.03,0.005763,-0.48799139005324577,3486.7384199999997,0.7027415572712621,2.109351182958562
2024-10-31,93330,PRI,PRIMERICA INC,40,0.020000000000000004,0.040068,0.4328575204863864,8969.4942,1.0691985786502718,1.137537740430622
2024-10-31,93436,TSLA,TESLA INC,25,-0.03,-0.048932,-0.5917072618103545,839047.41,2.3842772567876493,2.3398059438252647
2024-11-30,10933,MKL,MARKEL GROUP INC,40,0.03,0.15227600000000002,0.41366689306467436,19833.33262,0.6786831504388423,1.1411212410687852
2024-11-30,12981,FBIN,FORTUNE BRANDS INNOVATIONS INC,20,0.03,-0.06137,0.2769036299147234,10341.91964,1.4893697041444338,1.760001198019868
2024-11-30,13318,YELP,YELP INC,50,0.03,0.115553,0.3919326843257114,2284.2732600000004,1.3768865590275143,1.226777461342326
2024-11-30,13407,META,META PLATFORMS INC,50,0.03,0.00792,0.28394083465398834,1237324.9675800002,1.113547985774633,1.5877237843265755
2024-11-30,13788,ZTS,ZOETIS INC,35,0.03,-0.0237,0.2094747566221417,80996.45778,0.8606891420375905,1.3254670260145265
2024-11-30,14432,ITCI,INTRA CELLULAR THERAPIES INC,35,-0.03,0.006664999999999999,-0.3301448947249264,8984.94075,0.9737499247480402,0.5831188642084566
2024-11-30,14688,AMPH,AMPHASTAR PHARMACEUTICALS INC,35,0.03,-0.109635,0.24896234246471965,2444.28769,0.7837603054112643,1.0541023552995683
2024-11-30,15058,SLNO,SOLENO THERAPEUTICS INC,35,-0.03,-0.046636,-0.3845181495736171,2374.02202,0.11102233280274801,0.36427889315402656
2024-11-30,15284,BPMC,BLUEPRINT MEDICINES CORP,35,-0.011985520651663861,0.097405,-0.4612293411817975,5559.160260000001,0.6125120832770116,1.496321848477316
2024-11-30,15490,LITE,LUMENTUM HOLDINGS INC,45,-0.03,0.357717,-0.5028488415968606,4387.869,0.861249568517076,2.234355944279393
2024-11-30,16386,IRTC,IRHYTHM TECHNOLOGIES INC,35,-0.03,0.196556,-0.508018262772621,2267.22712,1.2392069946207167,1.551057507723535
2024-11-30,16771,MGY,MAGNOLIA OIL & GAS CORP,10,0.009999999999999995,0.098559,0.2833371066334615,4756.735360000001,2.0021790878916987,0.9880026734979075
2024-11-30,16968,MDB,MONGODB INC,45,-0.03,0.18868600000000002,-0.4778507282469247,20116.1376,1.2320987010722289,2.1398087206764664
2024-11-30,17223,ADT,A D T INC,25,0.021576135929701958,0.054378,0.28146932306995703,6136.3368,1.5160484348446108,1.7742626935891033
2024-11-30,17332,VCTR,VICTORY CAPITAL HOLDINGS INC,40,0.03,0.15539799999999998,0.43060901064070645,3897.4876200000003,0.910586664617518,1.409914649964885
2024-11-30,17812,EXPI,E X P WORLD HOLDINGS INC,60,0.03,0.039991,0.15781827786582145,2045.2993199999999,2.4773606106423864,2.150460248245032
2024-11-30,17959,CRNX,CRINETICS PHARMACEUTICALS INC,35,-0.03,0.018204,-0.5498830276960229,4523.86236,0.6263416946865435,1.2253195429713741
2024-11-30,18656,IDYA,IDEAYA BIOSCIENCES INC,35,-0.03,-0.032019,-0.4907365481850426,2430.9777,0.9305841458195248,1.0471894806496236
2024-11-30,18772,AKRO,AKERO THERAPEUTICS INC,35,-0.03,0.037239,-0.37783940834653984,2151.90317,0.08040904385768365,0.8361068357152104
2024-11-30,19076,ASTS,A S T SPACEMOBILE INC,50,-0.03,-0.003955,-0.6486680250547128,4751.78551,1.660979249119356,2.9062894718454513
2024-11-30,19201,RVMD,REVOLUTION MEDICINES INC,35,-0.03,0.077353,-0.5406950418836314,8974.518,1.336026607759205,1.187475598783345
2024-11-30,19484,PCVX,VAXCYTE INC,35,-0.03,-0.116884,-0.37395290921439894,13233.1305,0.9930618771983967,0.9613886713889744
2024-11-30,19488,RNA,AVIDITY BIOSCIENCES INC,35,-0.03,0.014266000000000001,-0.5362048147309637,5041.99834,0.9586049329297618,1.6280997462859859
2024-11-30,19502,WBA,WALGREENS BOOTS ALLIANCE INC,30,-0.020000000000000004,-0.022941,-0.33889895102256434,8179.27682,0.6946261204501136,1.5212479885618029
2024-11-30,19561,BA,BOEING CO,20,-0.03,0.037101,-0.6215002641310089,111620.57256,1.5612359235697333,1.6708305610883052
2024-11-30,19577,RKT,ROCKET COMPANIES INC,40,-0.03,-0.101471,-0.40640329031771183,2263.1609,2.5291800826337085,1.871096889031167
2024-11-30,19849,SMMT,SUMMIT THERAPEUTICS INC,35,-0.003014479348335937,-0.010948,-0.3267677911101048,13709.158319999999,0.2937556871057611,0.8245545693479649
2024-11-30,20067,SOFI,SOFI TECHNOLOGIES INC,40,-0.03,0.465159,-0.5186212361331222,12121.091989999999,2.1211768549008414,2.5533941653301224
2024-11-30,20482,ABT,ABBOTT LABORATORIES,35,0.03,0.043677,0.32474907554146853,197252.12289,0.6894869998409203,0.7348078817887546
2024-11-30,20834,LBPH,LONGBOARD PHARMACEUTICALS INC,35,-0.03,0.0007339999999999994,-0.5022639800769754,2055.5624000000003,0.9496543506561977,0.7525126802634775
2024-11-30,20923,EDR,ENDEAVOR GROUP HOLDINGS INC,50,-0.03,0.025886,-0.20236208588031093,9078.90936,0.7478727226030583,0.5852602001582345
2024-11-30,21124,OGN,ORGANON & CO,35,0.024999999999999793,-0.14372000000000001,0.20770130556184438,4835.34294,0.7989913046596251,1.2556466396671688
2024-11-30,21342,VERA,VERA THERAPEUTICS INC,35,-0.03,0.228091,-0.486001056524036,2512.20132,0.9921906800717106,0.9911700028657795
2024-11-30,21357,DOCS,DOXIMITY INC,35,0.03,0.26581,0.08074862274545318,5224.387100000001,1.3715324486363254,1.980817009070414
2024-11-30,21573,IP,INTERNATIONAL PAPER CO,15,-0.03,0.06379,-0.3070145649384952,19293.42966,0.9839868251240348,1.3524708625331479
2024-11-30,21619,OKLO,OKLO INC,55,-0.03,0.044131,-0.27873368047694524,2742.2761600000003,-0.5096663477780029,0.5611380677699304
2024-11-30,21927,DJT,TRUMP MEDIA & TECH GRP CORP,50,-0.03,-0.109784,-0.3973285035091691,7666.094160000001,2.438353471294868,1.3856233139389502
2024-11-30,24328,EQT,E Q T CORP,10,-0.03,0.244485,-0.29384574749075537,21802.833359999997,1.0515032250006973,0.7110399413748051
2024-11-30,46463,GFF,GRIFFON CORP,20,0.03,0.339528,0.33033355973134093,3097.65744,1.3128285484356754,1.841203152396278
2024-11-30,46690,CBT,CABOT CORP,15,0.03,0.016633,0.312693381631575,5911.67192,1.20310946514314,1.6987053381463784
2024-11-30,56223,LPX,LOUISIANA PACIFIC CORP,15,0.03,0.19398100000000001,0.33614444192891096,6950.2964,1.8483720602009608,1.8749740595825675
2024-11-30,58683,LUV,SOUTHWEST AIRLINES CO,20,-0.03,0.054253,-0.45190928986491585,18339.957459999998,1.130661364309648,1.6488925674534494
2024-11-30,59010,GAP,GAP INC,25,0.03,0.16359400000000002,0.14414006490076225,7816.10409,2.283151408732842,2.694635649883866
2024-11-30,61313,DCI,DONALDSON INC,20,0.03,0.062885,0.4039883782356049,8760.76368,1.0214196827107995,1.0267297391598147
2024-11-30,64995,KEY,KEYCORP NEW,40,-0.03,0.12532,-0.417987321711569,16270.131000000001,1.2651137803478234,1.6830406864911232
2024-11-30,65306,UNF,UNIFIRST CORP,20,0.020000000000000004,0.113169,0.3596898347294543,2701.28563,0.8299214163841601,1.2555603541554543
2024-11-30,75603,CRUS,CIRRUS LOGIC INC,45,0.03,-0.052853,0.2711304807184363,5835.8348,0.939568589953621,1.797324978548431
2024-11-30,76095,HOLX,HOLOGIC INC,35,0.03,-0.020896,0.39051769677760173,18739.60075,0.972114100841796,0.6951957157451367
2024-11-30,76721,CRVL,CORVEL CORP,35,0.03,0.22296100000000002,0.29097803939325334,5103.1457,1.0766027930720592,1.070341402656537
2024-11-30,76804,MTG,M G I C INVESTMENT CORP WIS,40,0.024999999999999488,0.050318,0.4100633914421553,6491.219359999999,1.2537115087784518,1.0941867071519917
2024-11-30,79637,UHS,UNIVERSAL HEALTH SERVICES INC,35,0.03,-0.0005780000000000004,0.2184363444268357,12148.68122,1.2136909504188613,1.235664883490343
2024-11-30,79864,VSEC,V S E CORP,20,-0.03,0.13968799999999998,-0.5154139310240736,2094.67944,1.5625746002032523,1.5336847280443093
2024-11-30,80191,ALB,ALBEMARLE CORP,15,-0.009999999999999995,0.13296000000000002,-0.5614859255905215,11133.901090000001,1.6179754630452463,2.7317035144702384
2024-11-30,82800,SCCO,SOUTHERN COPPER CORP,15,0.03,-0.0764,0.3036374613236737,86055.2497,1.165866032545466,1.6171431555512525
2024-11-30,83799,STRA,STRATEGIC EDUCATION INC,25,0.028423864070298045,0.13231500000000002,0.41979850577314926,2136.52024,0.5301202668041866,1.1220878789317579
2024-11-30,84761,TTWO,TAKE TWO INTERACTIVE SOFTWR INC,50,-0.020000000000000004,0.16089799999999999,-0.20977662063240515,28402.39844,0.8324373313666744,0.7964299073041247
2024-11-30,85067,MMS,MAXIMUS INC,20,0.03,-0.13882,0.4331559882273036,5201.69988,0.7396789297172748,0.9964323733035274
2024-11-30,85621,MTD,METTLER TOLEDO INTERNATIONAL INC,35,0.03,-0.035347,0.17513772545468267,27587.904749999998,1.1081102738646855,1.62992137507033
2024-11-30,85768,IESC,I E S HOLDINGS INC,20,0.03,0.413076,0.22734133272960536,4367.17738,1.3300870353521463,1.9428008721328442
2024-11-30,86211,MSTR,MICROSTRATEGY INC,45,-0.03,0.580789,-0.8242019470228662,44744.477999999996,3.173708387128176,3.62562060891929
2024-11-30,87432,A,AGILENT TECHNOLOGIES INC,35,0.03,0.054828,0.22609614368726888,37441.71168,1.0509281067889715,1.476521066524785
2024-11-30,89297,CCOI,COGENT COMMUNICATIONS HLDS INC,50,-0.03,0.032216,-0.3988755565617689,3935.15648,0.35858077460194476,0.9543662487572951
2024-11-30,89301,GME,GAMESTOP CORP NEW,25,-0.03,0.305784,-0.6023884989812089,9903.5918,1.8648532645023066,1.9095977369943167
2024-11-30,89482,BANC,BANC OF CALIFORNIA INC,40,-0.004999999999999484,0.11779,-0.356482529620406,2431.53408,1.1935346617290779,1.8337085723011697
2024-11-30,89968,PIPR,PIPER SANDLER COMPANIES,40,0.03,0.207596,0.33903101652705464,5019.577079999999,1.359713693849916,1.5391679581709297
2024-11-30,90319,GOOGL,ALPHABET INC,50,0.03,-0.016579,0.3263149950947098,999795.7300000001,0.9814883027584801,1.4345730308185978
2024-11-30,90436,HALO,HALOZYME THERAPEUTICS INC,35,0.03,-0.050821,0.22071919100445253,6433.86939,1.3155011272498074,1.29237584355365
2024-11-30,91594,SPR,SPIRIT AEROSYSTEMS HOLDINGS INC,20,-0.03,-0.004264,-0.6047656780620331,3774.9894,1.8597125052562484,1.7140138464831773
2024-11-30,91832,MDGL,MADRIGAL PHARMACEUTICALS INC,35,-0.03,0.261527,-0.3689344200437702,5656.205399999999,0.034297363622389665,0.44829590512433426
2024-11-30,92293,TDC,TERADATA CORP DE,45,0.03,-0.045221,0.3592936382159837,3097.3029999999994,0.8105739493055998,1.2896438501827494
2024-11-30,92294,UEC,URANIUM ENERGY CORP,10,-0.03,0.115991,-0.5802769602294165,3052.63252,1.9248475102293399,2.0617486126929587
2024-11-30,93330,PRI,PRIMERICA INC,40,0.03,0.093071,0.4303637461323674,9363.92868,1.0651028098242985,1.1319416420950124
2024-12-31,10517,PRG,PROG HOLDINGS INC,40,0.03,-0.135188,0.33827079218784295,2021.48238,2.0987451396320704,1.8677991053902665
2024-12-31,11691,MATX,MATSON INC,20,0.03,-0.123391,0.4754955745739156,5087.107800000001,1.0187791770897898,1.1139851076784222
2024-12-31,12622,HCA,H C A HEALTHCARE INC,35,0.03,-0.084462,0.279551605588472,82883.84434000001,1.5434454598449947,1.1264684908575442
2024-12-31,13407,META,META PLATFORMS INC,50,0.03,0.016638,0.3230561041620949,1252018.1743200002,1.0896419107645008,1.5886090995184332
2024-12-31,13410,SUPN,SUPERNUS PHARMACEUTICALS INC,35,0.03,-0.014874,0.3237875795479482,2019.3588300000001,1.0345641794775586,1.1394489047583247
2024-12-31,13788,ZTS,ZOETIS INC,35,0.03,-0.073963,0.36414673396240216,79066.66625000001,0.849979474770302,1.2804726701990965
2024-12-31,13911,IQV,IQVIA HOLDINGS INC,35,0.009999999999999995,-0.025223,0.11228147172847636,36452.46,1.4455014294156818,1.7848032139529895
2024-12-31,15058,SLNO,SOLENO THERAPEUTICS INC,35,-0.03,-0.150884,-0.35242484090410364,2272.6970699999997,0.06928614733924766,0.36071397072450667
2024-12-31,15284,BPMC,BLUEPRINT MEDICINES CORP,35,-0.03,-0.098704,-0.4513751737254042,6122.63588,0.6036710744092,1.4995758208385248
2024-12-31,16318,ELF,E L F BEAUTY INC,30,-0.03,-0.034315,-0.5220174091141833,7295.991120000001,1.4551599754875197,2.2372339550107125
2024-12-31,16386,IRTC,IRHYTHM TECHNOLOGIES INC,35,-0.03,0.033191,-0.5039316801989614,2721.83057,1.2700309287979952,1.600362606339577
2024-12-31,16771,MGY,MAGNOLIA OIL & GAS CORP,10,0.009999999999999995,-0.160837,0.30429376051495866,5299.33864,1.9859302454645151,0.9964863475874869
2024-12-31,16968,MDB,MONGODB INC,45,-0.03,-0.281749,-0.47520298441957426,23991.321060000002,1.2459766956214484,2.161127752648385
2024-12-31,17223,ADT,A D T INC,25,0.03,-0.089969,0.459585984931607,6494.28978,1.481875475630515,1.5799523340879629
2024-12-31,17332,VCTR,VICTORY CAPITAL HOLDINGS INC,40,0.03,-0.055159,0.39561846243873894,4518.562320000001,0.892763109362599,1.5105880980794757
2024-12-31,17787,EQH,EQUITABLE HOLDINGS INC,40,-0.03,-0.025641,-0.4296503547655622,15112.243509999998,1.3653975960655447,1.4991281921421498
2024-12-31,18578,KTB,KONTOOR BRANDS INC,25,0.03,-0.067561,0.37998317606612536,5060.84098,1.180319982902846,1.1424008594319162
2024-12-31,18656,IDYA,IDEAYA BIOSCIENCES INC,35,-0.03,-0.064336,-0.4633713700533977,2364.77952,0.8465951337419003,1.0976697960714448
2024-12-31,18735,GO,GROCERY OUTLET HOLDING CORP,30,-0.0010221697280368633,-0.26033,-0.15574939653280667,2039.856,0.2661934524772005,0.7543483581625865
2024-12-31,18770,BBIO,BRIDGEBIO PHARMA INC,35,-0.03,0.009257,-0.4681991076000293,5119.7391,1.1898816257868006,1.4028439738424887
2024-12-31,18772,AKRO,AKERO THERAPEUTICS INC,35,-0.03,-0.136996,-0.3592641357618317,2240.5479000000005,0.10973190224939583,0.8362613581950077
2024-12-31,18835,DKNG,DRAFTKINGS INC,25,-0.03,-0.151429,-0.4412076658620437,21284.962199999998,1.9937443468566,1.8298936437331867
2024-12-31,19201,RVMD,REVOLUTION MEDICINES INC,35,-0.03,-0.24757,-0.4246763221417598,9731.469149999999,1.3298900532219777,1.1574365549355536
2024-12-31,19488,RNA,AVIDITY BIOSCIENCES INC,35,-0.03,-0.327855,-0.5874661692634042,5133.86627,0.9307983523031458,1.6236769535568512
2024-12-31,19561,BA,BOEING CO,20,-0.03,0.13504,-0.60553361129398,116203.21344,1.540402956727632,1.6728099147402584
2024-12-31,19577,RKT,ROCKET COMPANIES INC,40,-0.03,-0.228715,-0.5346902201740912,2118.98255,2.417846477671794,1.7590700012408746
2024-12-31,19825,DYN,DYNE THERAPEUTICS INC,35,-0.03,-0.23398,-0.5420964084558555,3115.05726,1.21591250953307,1.9218552914755016
2024-12-31,20930,SOC,SABLE OFFSHORE CORP,10,-0.03,-0.028365,-0.20609318996415774,2092.0679999999998,0.29369316913831744,0.21636576048297332
2024-12-31,21342,VERA,VERA THERAPEUTICS INC,35,-0.03,-0.153613,-0.4439141247897007,3150.31925,1.0481661622569847,1.0019702416739786
2024-12-31,21619,OKLO,OKLO INC,55,-0.03,-0.101794,-0.2891156462585034,2874.13984,-0.48949625439652256,0.8622323772852679
2024-12-31,21927,DJT,TRUMP MEDIA & TECH GRP CORP,50,-0.03,0.075451,-0.3875722331943531,6854.798400000001,2.2406005300179914,1.4195188828342111
2024-12-31,24328,EQT,E Q T CORP,10,-0.03,0.011082,-0.3419098822324629,27113.320959999997,1.1382143378452647,0.7593610754438737
2024-12-31,39538,MAT,MATTEL INC,25,0.03,-0.071486,0.3627752176139272,6407.058179999999,0.7690778976289898,1.4090428594637745
2024-12-31,46463,GFF,GRIFFON CORP,20,0.03,-0.15823,0.1976629361421988,4031.3946,1.3983781630852121,1.9951826109816464
2024-12-31,46886,KLAC,K L A CORP,45,0.0002989499201148521,-0.029797999999999998,0.12202838124497115,86546.73279999998,1.215741569576765,2.4102129053816004
2024-12-31,48486,LRCX,LAM RESH CORP,45,0.03,-0.023122,0.16491112574061884,95060.28779999999,1.4173240163911434,2.4195852054562956
2024-12-31,52936,MCY,MERCURY GENERAL CORP NEW,40,0.03,-0.157989,0.4891010167507863,4372.09416,0.7962836506520745,0.8769831871139777
2024-12-31,56223,LPX,LOUISIANA PACIFIC CORP,15,0.020000000000000004,-0.127605,0.24076512325360255,8302.1316,1.8776596989188197,1.8622466636852268
2024-12-31,58683,LUV,SOUTHWEST AIRLINES CO,20,-0.03,0.040744,-0.347871406627167,19407.489319999997,1.1297040986933407,1.6120194119003515
2024-12-31,59328,INTC,INTEL CORP,45,-0.03,-0.169983,-0.5221819910760003,103727.65000000001,1.0113439013932395,2.252498267198433
2024-12-31,62308,GL,GLOBE LIFE INC,40,0.03,-0.0011459999999999999,0.18910467412771564,9338.041799999999,0.7769539526111501,2.5887290578374715
2024-12-31,64995,KEY,KEYCORP NEW,40,-0.03,-0.11419699999999999,-0.5113927291346647,19310.19284,1.2745115431598646,1.7248344268118596
2024-12-31,65306,UNF,UNIFIRST CORP,20,0.03,-0.150401,0.35119961963279944,3015.4604400000003,0.8507677401086263,1.3188600129321282
2024-12-31,66384,WDC,WESTERN DIGITAL CORP,45,-0.03,-0.186702,-0.41278984712164435,25233.22692,1.3787659472258122,1.8909490615780797
2024-12-31,75603,CRUS,CIRRUS LOGIC INC,45,0.03,-0.050288,0.27188940092165903,5550.473,0.9001966746650423,1.7993994231105819
2024-12-31,76095,HOLX,HOLOGIC INC,35,0.03,-0.096871,0.42548094506619843,18041.8095,0.941420474969259,0.6654928280936071
2024-12-31,76721,CRVL,CORVEL CORP,35,0.03,-0.090198,0.3120656864896496,6257.8404,1.1222583907022676,1.1660070725645468
2024-12-31,77178,QCOM,QUALCOMM INC,45,0.028678880351847562,-0.0295,0.20973228000877772,176126.83,1.2220566831812318,2.002259674483894
2024-12-31,79571,CASH,PATHWARD FINANCIAL INC,40,0.020000000000000004,-0.125925,0.3930400117036062,2023.1856,0.7195370101318217,1.134302046934092
2024-12-31,79637,UHS,UNIVERSAL HEALTH SERVICES INC,35,0.03,-0.127561,0.31581449784214755,12036.575,1.1936922787566486,1.247998308243107
2024-12-31,79864,VSEC,V S E CORP,20,-0.03,-0.192645,-0.3830187989174164,2393.51112,1.5723910232063862,1.5692281215613708
2024-12-31,82670,TGTX,T G THERAPEUTICS INC,35,-0.03,-0.13872,-0.6613086094652915,5417.141999999999,2.2881451787409715,2.2492399723294736
2024-12-31,82800,SCCO,SOUTHERN COPPER CORP,15,0.03,-0.095541,0.31186453075854004,79317.74384999998,1.1097231398159644,1.607495911687409
2024-12-31,84761,TTWO,TAKE TWO INTERACTIVE SOFTWR INC,50,-0.03,-0.026489,-0.23427327920415478,33084.61426,0.8701333046804711,0.8212918261368145
2024-12-31,85621,MTD,METTLER TOLEDO INTERNATIONAL INC,35,0.03,-0.025658,0.1590776095384391,26404.073600000003,1.0774547765957228,1.6498820427680345
2024-12-31,86047,AMKR,AMKOR TECHNOLOGY INC,45,0.03,-0.014158,0.1550179211469534,6520.92364,1.8025222528362173,2.426552661589545
2024-12-31,86211,MSTR,MICROSTRATEGY INC,45,-0.00897783027196241,-0.256199,-0.8311571940604198,81522.13812,3.3047029072584118,3.8657347816279626
2024-12-31,88159,EXEL,EXELIXIS INC,35,0.03,-0.090333,0.34223904615609685,10412.21034,0.5159708149284443,0.8433946375407367
2024-12-31,89134,OVV,OVINTIV INC,10,0.03,-0.105382,0.305189817862629,11823.91608,2.6864352036638808,1.0672262845304432
2024-12-31,89216,AYI,ACUITY BRANDS INC,20,0.03,-0.092721,0.3428425133494258,9897.455469999999,1.3448590175884472,1.3407947940794087
2024-12-31,89297,CCOI,COGENT COMMUNICATIONS HLDS INC,50,-0.03,-0.065958,-0.36169629141979376,4029.28256,0.3497932507868027,0.9433797773229857
2024-12-31,89301,GME,GAMESTOP CORP NEW,25,-0.03,0.075167,-0.6174566600833883,12971.1155,1.8911122800920608,1.8821696015039908
2024-12-31,89916,NXST,NEXSTAR MEDIA GROUP INC,50,0.03,-0.077642,0.3713334796284105,5292.04298,1.4516703483155668,1.6727834799955041
2024-12-31,90319,GOOGL,ALPHABET INC,50,0.03,0.118065,0.32495794016531343,987174.85,0.9550281247138188,1.4677860447301994
2024-12-31,90564,PBH,PRESTIGE CONSUMER HEALTHCARE INC,35,0.03,-0.082465,0.34869431643625187,4188.06185,0.47877109881053026,0.7489775558071959
2024-12-31,91090,CROX,CROCS INC,25,0.011022169728036858,0.033553,0.12998317606612533,6154.579199999999,1.943212341918529,2.279670092856977
2024-12-31,91594,SPR,SPIRIT AEROSYSTEMS HOLDINGS INC,20,-0.03,0.049489,-0.4987747787286958,3783.27232,1.8239890030758033,1.6157193804863195
2024-12-31,91606,CPRX,CATALYST PHARMACEUTICALS INC,35,0.03,-0.058036,0.3028856703971911,2632.35511,0.7508725171272641,1.498985044619684
2024-12-31,91832,MDGL,MADRIGAL PHARMACEUTICALS INC,35,-0.03,-0.063445,-0.38254333991661177,7157.823899999999,0.07898418769095006,0.4649712831008234
2024-12-31,92293,TDC,TERADATA CORP DE,45,0.03,0.004428,0.3711871845512399,2957.13,0.8022367566595057,1.3557605146856566
2024-12-31,92294,UEC,URANIUM ENERGY CORP,10,-0.03,-0.198609,-0.5842111037963572,3418.7838600000005,1.9376768454516644,2.1067340192977086
2024-12-31,92469,SATS,ECHOSTAR CORP,50,-0.03,-0.098167,-0.4355021578523882,3553.0426799999996,0.6814960397530142,1.9823974789415653
2025-01-31,10693,EHC,ENCOMPASS HEALTH CORP,35,0.0065990394621108905,0.07362500000000001,0.3052707822598619,9304.262499999999,0.8594035559028134,0.8995603209664901
2025-01-31,11691,MATX,MATSON INC,20,0.03,0.048691,0.46588292103112694,4478.0364,1.042296198489786,1.0853893756135722
2025-01-31,12622,HCA,H C A HEALTHCARE INC,35,0.03,0.09585300000000001,0.294406061956764,76027.09455,1.5500148014982658,1.0787003981670018
2025-01-31,13046,UI,UBIQUITI INC,45,0.03,0.21244100000000002,0.31687838942129115,20071.8071,1.1789180393734993,1.5883805559557531
2025-01-31,13410,SUPN,SUPERNUS PHARMACEUTICALS INC,35,0.03,0.057819999999999996,0.35374414976599067,2015.66688,1.028459432296001,1.0813538522921273
2025-01-31,13788,ZTS,ZOETIS INC,35,0.03,0.04875,0.3604115593195157,73508.31345,0.853401699242507,1.2319042325774263
2025-01-31,14406,ESI,ELEMENT SOLUTIONS INC,15,0.03,0.011646,0.31559690959066933,6158.20509,1.2931333399291396,1.532642348319046
2025-01-31,15058,SLNO,SOLENO THERAPEUTICS INC,35,-0.03,0.114167,-0.3680261496174132,2054.3948,0.04857890743602974,0.3374377948295158
2025-01-31,15293,NEXT,NEXTDECADE CORP,10,-0.03,0.096573,-0.4221826015897779,2006.84361,1.3509701981428002,1.1466039478777224
2025-01-31,16318,ELF,E L F BEAUTY INC,30,-0.03,-0.207518,-0.5215437188916129,7072.3570500000005,1.4677356397557333,2.2157676004169917
2025-01-31,16386,IRTC,IRHYTHM TECHNOLOGIES INC,35,-0.03,0.203867,-0.48831810415273746,2830.61664,1.261604126459154,1.5672549245862433
2025-01-31,16771,MGY,MAGNOLIA OIL & GAS CORP,10,0.03,0.01039,0.314538295817547,4466.4216799999995,2.0016330612887163,0.9669239864339808
2025-01-31,17223,ADT,A D T INC,25,0.03,0.10813600000000001,0.451062328207414,5889.17879,1.498676888607019,1.512734989193153
2025-01-31,17332,VCTR,VICTORY CAPITAL HOLDINGS INC,40,0.03,0.0077020000000000005,0.4209011217591561,4166.72538,0.9048430028538361,1.4936331387751356
2025-01-31,17341,ZS,ZSCALER INC,45,-0.024999999999999488,0.119645,-0.3604487036624322,27681.929989999997,0.9408659165116069,1.651060212812916
2025-01-31,17787,EQH,EQUITABLE HOLDINGS INC,40,-0.03,0.150402,-0.37851942649134535,14780.10629,1.3642456098293423,1.4669274810997237
2025-01-31,17959,CRNX,CRINETICS PHARMACEUTICALS INC,35,-0.03,-0.21511,-0.4513966272936632,4751.30638,0.6057244858152993,1.1695893911973378
2025-01-31,18578,KTB,KONTOOR BRANDS INC,25,0.03,0.072104,0.39670158234900826,4709.59281,1.176481494746613,1.1002822188772396
2025-01-31,18656,IDYA,IDEAYA BIOSCIENCES INC,35,-0.03,-0.055826,-0.504141594235198,2223.1528,0.8701742470156552,1.1135801607398377
2025-01-31,18770,BBIO,BRIDGEBIO PHARMA INC,35,-0.03,0.243423,-0.447756481687839,5214.807360000001,1.1633496360968205,1.3419972289902218
2025-01-31,18772,AKRO,AKERO THERAPEUTICS INC,35,-0.03,0.940628,-0.3512740509620384,2013.6950599999998,0.14348732433442657,0.8076729730624069
2025-01-31,18776,IMVT,IMMUNOVANT INC,35,-0.014999999999999796,-0.125622,-0.33881212391352794,3646.24308,0.6867307665953254,0.936125968709643
2025-01-31,18835,DKNG,DRAFTKINGS INC,25,-0.03,0.124391,-0.44563925414159417,18193.4412,2.022743093318525,1.7839134723793983
2025-01-31,18938,HIMS,HIMS & HERS HEALTH INC,35,0.0184009605378889,0.538473,-0.1721083129039447,5080.24218,2.1985442022915396,3.1174109552817506
2025-01-31,19201,RVMD,REVOLUTION MEDICINES INC,35,-0.03,-0.021358000000000002,-0.48426937077483106,8131.13478,1.3831640247842032,1.1486642348708938
2025-01-31,19488,RNA,AVIDITY BIOSCIENCES INC,35,-0.03,0.12909600000000002,-0.5360857291434514,3486.4884399999996,1.0446025416070042,1.5616613984587302
2025-01-31,19502,WBA,WALGREENS BOOTS ALLIANCE INC,30,-0.020000000000000004,0.098525,-0.3419322487185202,8056.343040000001,0.6455372881551203,1.5338681611051432
2025-01-31,19561,BA,BOEING CO,20,-0.03,-0.0060090000000000005,-0.6428385706856846,132427.152,1.5000419914234053,1.6259874933154488
2025-01-31,20067,SOFI,SOFI TECHNOLOGIES INC,40,-0.03,0.021377999999999998,-0.5088403536141446,16868.5132,2.3137886877000033,2.4084330812135324
2025-01-31,20930,SOC,SABLE OFFSHORE CORP,10,-0.03,0.08534900000000001,-0.25107718594458067,2040.3899999999996,0.3124650583916227,0.2071239328847984
2025-01-31,21020,AAL,AMERICAN AIRLINES GROUP INC,20,-0.03,-0.032557,-0.3966272936631751,11461.37538,1.3491665091331106,1.7636173876601988
2025-01-31,21342,VERA,VERA THERAPEUTICS INC,35,-0.03,-0.121765,-0.38349676844216624,2687.9524,1.1228890485231107,0.9729143750074936
2025-01-31,21619,OKLO,OKLO INC,55,-0.03,0.956665,-0.2928274273828096,2592.09808,-0.4249525337363848,0.8587439030561025
2025-01-31,21927,DJT,TRUMP MEDIA & TECH GRP CORP,50,-0.03,-0.06898599999999999,-0.38553970730257786,7524.403700000001,2.190777580495001,1.4041802029563824
2025-01-31,24328,EQT,E Q T CORP,10,-0.03,0.105356,-0.3522583760493277,27513.09924,1.115080318018533,0.7395448107232692
2025-01-31,27334,CSL,CARLISLE COMPANIES,20,0.03,0.052608,0.3474481836416313,16718.410679999997,0.936063583196328,1.3675332909333828
2025-01-31,39538,MAT,MATTEL INC,25,0.03,0.048028,0.328263130525221,5850.900000000001,0.7679317893645667,1.3831300868390353
2025-01-31,46463,GFF,GRIFFON CORP,20,0.03,0.059843,0.36104301314909737,3408.27394,1.4410975984639895,1.9397705356673676
2025-01-31,52936,MCY,MERCURY GENERAL CORP NEW,40,0.03,-0.253598,0.4929611470173093,3681.0640800000006,0.8323155004691037,0.8757029072300975
2025-01-31,56223,LPX,LOUISIANA PACIFIC CORP,15,0.03,0.126302,0.3246229849193968,7273.144899999999,1.9029911221057283,1.7634303545067151
2025-01-31,58683,LUV,SOUTHWEST AIRLINES CO,20,-0.03,-0.08985299999999999,-0.4184867394695789,20163.157939999997,1.1127829049078204,1.5283421534454034
2025-01-31,59328,INTC,INTEL CORP,45,-0.03,-0.03422,-0.5265767773568085,86816.5,1.0384142963538494,2.1933153504287835
2025-01-31,62308,GL,GLOBE LIFE INC,40,0.03,0.093847,0.11934477379095162,9361.5464,0.7686540220925072,2.501867553052297
2025-01-31,64995,KEY,KEYCORP NEW,40,-0.03,0.045711,-0.3902756110244409,16990.59062,1.2888331042657517,1.589954918136056
2025-01-31,65306,UNF,UNIFIRST CORP,20,0.03,0.24937700000000002,0.45189807592303693,2571.4827,0.882736541347903,1.2896843518151728
2025-01-31,75603,CRUS,CIRRUS LOGIC INC,45,0.03,0.005339,0.2522843770893693,5291.48204,0.8929847520315841,1.741097753491404
2025-01-31,76095,HOLX,HOLOGIC INC,35,0.03,-0.0026030000000000003,0.40981353539855886,16260.620400000002,0.9583363243491454,0.6557436198962465
2025-01-31,76661,IONS,IONIS PHARMACEUTICALS INC,35,-0.03,-0.09082599999999999,-0.3951043756035956,5520.49864,0.36973587216834364,1.0991065954928987
2025-01-31,76721,CRVL,CORVEL CORP,35,0.03,0.037958,0.26636208305475073,5715.09242,1.1383112809322984,1.1607077661989658
2025-01-31,77520,AGCO,A G C O CORP,20,-0.009999999999999995,0.11384000000000001,-0.26201619493351164,6977.8146,1.2277010948013354,1.2512778619697138
2025-01-31,79637,UHS,UNIVERSAL HEALTH SERVICES INC,35,0.03,0.047645,0.33409479236312306,10534.6453,1.2149560932059724,1.1981925867334928
2025-01-31,79878,UFPI,U F P INDUSTRIES INC,20,0.03,0.023333999999999997,0.296411856474259,6840.5586,1.4060688584050602,1.6579377123153891
2025-01-31,80128,VMI,VALMONT INDUSTRIES INC,20,0.03,0.078517,0.3894584354802763,6144.13345,1.0426316152293433,1.3689490767401251
2025-01-31,80191,ALB,ALBEMARLE CORP,15,-0.009999999999999995,-0.025253,-0.5403201842359409,10117.843200000001,1.6532619734077032,2.5609075610535115
2025-01-31,81282,ACIW,A C I WORLDWIDE INC,45,0.023963071644175053,0.028296,0.33218185870291966,5463.787049999999,1.1773544498169726,1.3823081491392395
2025-01-31,82670,TGTX,T G THERAPEUTICS INC,35,-0.03,0.049859,-0.6477044796077559,4690.663600000001,2.285798404209344,2.1444193821491475
2025-01-31,84761,TTWO,TAKE TWO INTERACTIVE SOFTWR INC,50,-0.020000000000000004,0.004470999999999999,-0.2039038704405319,32471.712000000003,0.8707116133985437,0.7900928771362036
2025-01-31,84827,RMBS,RAMBUS INC,45,0.02103692835582444,0.162424,0.052299234826535944,5647.72098,1.2305689345977509,2.6458845588489663
2025-01-31,85593,AMG,AFFILIATED MANAGERS GROUP INC,40,0.020000000000000004,0.013033999999999999,0.38009806106529975,5589.207,1.1331487888737883,1.2256426363960762
2025-01-31,85621,MTD,METTLER TOLEDO INTERNATIONAL INC,35,0.03,0.111733,0.2023252358665775,25823.319040000002,1.0671605611987978,1.566996265344588
2025-01-31,86211,MSTR,MICROSTRATEGY INC,45,-0.03,0.152666,-0.8303803580714657,65494.08756,3.3757547789189304,3.878429801376264
2025-01-31,89134,OVV,OVINTIV INC,10,0.009999999999999995,0.039172,0.30157492013966275,10543.122000000001,2.693315076601259,1.0325738777644484
2025-01-31,89297,CCOI,COGENT COMMUNICATIONS HLDS INC,50,-0.03,-0.025744000000000003,-0.4272156600549737,3779.1274499999995,0.36220505207895964,0.9179197632104515
2025-01-31,89301,GME,GAMESTOP CORP NEW,25,-0.03,-0.144969,-0.5875120719114479,14002.712,1.9026755048306454,1.83032461345334
2025-01-31,89916,NXST,NEXSTAR MEDIA GROUP INC,50,0.03,-0.033366,0.42665849491122504,4837.199369999999,1.4538773734803463,1.5487103522167216
2025-01-31,89968,PIPR,PIPER SANDLER COMPANIES,40,0.03,0.054013,0.3390349899710274,5333.111,1.4285274032691906,1.81516121564669
2025-01-31,90436,HALO,HALOZYME THERAPEUTICS INC,35,0.03,0.181392,0.28528712577074516,5887.22778,1.2433045620959213,1.3438476559928856
2025-01-31,90564,PBH,PRESTIGE CONSUMER HEALTHCARE INC,35,0.03,-0.020201,0.3563813981130674,3858.03645,0.4928187226484438,0.7281620693076235
2025-01-31,91594,SPR,SPIRIT AEROSYSTEMS HOLDINGS INC,20,-0.03,-0.005351,-0.511979050590595,3996.42528,1.8095826957922225,1.5451974601484104
2025-01-31,91606,CPRX,CATALYST PHARMACEUTICALS INC,35,0.03,0.077681,0.28642002822970064,2522.7447300000003,0.7886800882496419,1.3699007021053902
2025-01-31,91832,MDGL,MADRIGAL PHARMACEUTICALS INC,35,-0.03,0.081708,-0.32917316692667703,6790.08285,0.1269711252012015,0.45153766146379676
2025-01-31,92293,TDC,TERADATA CORP DE,45,0.03,0.021100999999999998,0.3777765396330139,2981.055,0.7955547811210164,1.3048810490891734
2025-02-28,11691,MATX,MATSON INC,20,0.03,0.014871,0.4927382809598098,4710.8385,1.033108610363262,1.0504100333762918
2025-02-28,13410,SUPN,SUPERNUS PHARMACEUTICALS INC,35,0.03,-0.16776600000000003,0.41789242998291354,2138.85891,1.0283058972970878,1.0385313801839382
2025-02-28,13788,ZTS,ZOETIS INC,35,0.03,-0.024731,0.344829507466013,77104.09850000001,0.8576817781194666,1.2093343615582908
2025-02-28,13963,NWSA,NEWS CORP NEW,50,0.015892109530796256,0.014466000000000001,0.3590186464601442,10630.9066,1.3336381895408869,0.9736427715921656
2025-02-28,14169,PINC,PREMIER INC,35,0.03,-0.191753,0.3780179778619716,2069.01662,0.4340230669910011,0.6464053026940889
2025-02-28,14406,ESI,ELEMENT SOLUTIONS INC,15,0.03,0.008308,0.3335004828764579,6250.22703,1.290581557401176,1.4953314800287894
2025-02-28,14432,ITCI,INTRA CELLULAR THERAPIES INC,35,-0.03,0.005497999999999999,-0.4269742218260159,13536.815760000001,0.7369306213912808,1.1135666691241821
2025-02-28,15058,SLNO,SOLENO THERAPEUTICS INC,35,-0.03,-0.031386,-0.39677587103484135,2295.7119199999997,0.06960385057396953,0.3364579183119341
2025-02-28,15284,BPMC,BLUEPRINT MEDICINES CORP,35,-0.03,-0.14514400000000002,-0.5298640517049253,7169.51136,0.6385863101984578,1.5162958596229186
2025-02-28,15293,NEXT,NEXTDECADE CORP,10,-0.03,-0.033975,-0.4351088329247456,2207.26768,1.3361804404084034,1.1595924694957724
2025-02-28,16318,ELF,E L F BEAUTY INC,30,-0.03,-0.300182,-0.4942054825050145,5628.03021,1.4372623916777099,2.18094963895721
2025-02-28,16591,LAUR,LAUREATE EDUCATION INC,25,0.020000000000000004,0.06185600000000001,0.43041007354579897,2822.6951999999997,0.78993395739412,0.95406034643364
2025-02-28,16771,MGY,MAGNOLIA OIL & GAS CORP,10,0.009999999999999995,-0.009245999999999999,0.3306403684718817,4527.5532,1.9850749304210122,0.9378509868308093
2025-02-28,17223,ADT,A D T INC,25,0.03,0.06309100000000001,0.43156154817621273,6545.42592,1.490936631299715,1.4157608469178378
2025-02-28,17332,VCTR,VICTORY CAPITAL HOLDINGS INC,40,0.03,-0.028998999999999997,0.41863531684124516,4212.55554,0.9003996816511075,1.515030993554284
2025-02-28,17787,EQH,EQUITABLE HOLDINGS INC,40,-0.03,0.00771,-0.34094792363123094,17051.79954,1.3725381188969128,1.4576303169465519
2025-02-28,17959,CRNX,CRINETICS PHARMACEUTICALS INC,35,-0.03,-0.115474,-0.47132456726840505,3744.9177999999997,0.5706256134545823,1.2501810305231915
2025-02-28,18062,ELAN,ELANCO ANIMAL HEALTH INC,35,0.03,-0.074803,0.11085729143451455,5947.066589999999,1.3763575204152745,1.8815649606744176
2025-02-28,18142,REZI,RESIDEO TECHNOLOGIES INC,20,0.03,-0.150295,0.2437597503900156,3309.80944,2.2488841331813267,1.7129487918852242
2025-02-28,18656,IDYA,IDEAYA BIOSCIENCES INC,35,-0.03,-0.15855100000000003,-0.4383218185870293,2106.3724,0.8679332636357775,1.0749412836462562
2025-02-28,18770,BBIO,BRIDGEBIO PHARMA INC,35,-0.014999999999999798,0.016855000000000002,-0.4800906321967165,6501.405240000001,1.181250978807697,1.3684312075997642
2025-02-28,18772,AKRO,AKERO THERAPEUTICS INC,35,-0.03,-0.095031,-0.4726617636134017,3914.4726399999995,0.2359985259603631,1.3510915169567632
2025-02-28,18835,DKNG,DRAFTKINGS INC,25,-0.03,0.042215,-0.44675358442909147,20516.52845,2.0519023179228424,1.7320792701406433
2025-02-28,19076,ASTS,A S T SPACEMOBILE INC,50,-0.02049286736158907,0.33611199999999997,-0.6103186984622242,4746.644319999999,1.6991353153080082,2.685726560099031
2025-02-28,19201,RVMD,REVOLUTION MEDICINES INC,35,-0.03,-0.05477,-0.45386672609761536,7984.276150000001,1.377119416562817,1.142106685724856
2025-02-28,19488,RNA,AVIDITY BIOSCIENCES INC,35,-0.03,-0.072857,-0.55463932843028,3948.07649,1.0554468149883347,1.4812830590587094
2025-02-28,19561,BA,BOEING CO,20,-0.03,-0.014022,-0.6850345442389124,132068.02752,1.4969573931523286,1.4628464050437275
2025-02-28,20067,SOFI,SOFI TECHNOLOGIES INC,40,-0.03,-0.08633199999999999,-0.561696753584429,17303.4012,2.305809175370929,2.2335661832678366
2025-02-28,20930,SOC,SABLE OFFSHORE CORP,10,-0.03,0.13467099999999999,-0.25091003640145604,2221.263,0.3235161338554226,0.3479197206153552
2025-02-28,21178,LMT,LOCKHEED MARTIN CORP,20,-0.03,-0.030489,-0.15849491122502044,108971.9487,0.4407146845111268,0.6037560980720522
2025-02-28,21342,VERA,VERA THERAPEUTICS INC,35,-0.03,-0.200472,-0.4348488225243295,2369.5168000000003,1.0776612857694547,0.6886592296364363
2025-02-28,21619,OKLO,OKLO INC,55,-0.03,-0.20086400000000001,-0.3356362825941609,5080.41456,-0.22827472030827572,1.2242949075371814
2025-02-28,21927,DJT,TRUMP MEDIA & TECH GRP CORP,50,-0.03,-0.24688100000000002,-0.3784265656340539,7030.13202,2.1555235247111515,1.1069527724578176
2025-02-28,24328,EQT,E Q T CORP,10,-0.03,-0.058262999999999995,-0.33091895104375596,30502.486079999995,1.0849915973277,0.7758668562011609
2025-02-28,39538,MAT,MATTEL INC,25,0.03,0.13938899999999999,0.42405839090706493,6151.2,0.7765145965408751,1.3555650838719515
2025-02-28,44206,ES,EVERSOURCE ENERGY,55,-0.004507132638410421,0.089091,-0.1705668226729069,21134.06736,0.5790222722995766,0.7107754169177095
2025-02-28,46463,GFF,GRIFFON CORP,20,0.03,-0.046221,0.3201285194264913,3623.47294,1.4417037331421543,1.914761784708493
2025-02-28,59328,INTC,INTEL CORP,45,-0.03,0.217992,-0.4671644008617487,84131.9,1.0412532834094943,2.176728854857636
2025-02-28,62308,GL,GLOBE LIFE INC,40,0.03,0.040423,0.21634722531758413,10248.84505,0.7758413931844397,2.4665694330890395
2025-02-28,64995,KEY,KEYCORP NEW,40,-0.03,-0.040022999999999996,-0.4105564222568902,19900.012280000003,1.2855300873796702,1.5433000364488096
2025-02-28,75603,CRUS,CIRRUS LOGIC INC,45,0.03,0.03422,0.29130450932323004,5337.8838000000005,0.8866356947660184,1.697619438245174
2025-02-28,76095,HOLX,HOLOGIC INC,35,0.03,-0.124607,0.4068605601366912,16187.4946,0.957848861667446,0.6653548801078754
2025-02-28,76573,MLI,MUELLER INDUSTRIES INC,20,0.03,0.014844000000000001,0.3068494168338162,8956.63125,0.9623614212750152,1.5731552202611743
2025-02-28,76661,IONS,IONIS PHARMACEUTICALS INC,35,-0.03,0.037124000000000004,-0.4227583389049848,5037.2971,0.35934192252189534,1.117026978683568
2025-02-28,76721,CRVL,CORVEL CORP,35,0.03,-0.051481,0.29345888121239133,5950.86695,1.1401414528599907,1.1480411018461618
2025-02-28,77178,QCOM,QUALCOMM INC,45,0.020000000000000004,-0.09444999999999999,0.23217071540004453,191364.85679000002,1.2227248342571724,1.919235937511444
2025-02-28,78015,MTX,MINERALS TECHNOLOGIES INC,15,0.020000000000000004,-0.105602,0.3581643265730629,2445.5674099999997,1.246729375123072,1.2677027861052053
2025-02-28,79637,UHS,UNIVERSAL HEALTH SERVICES INC,35,0.03,-0.073903,0.28012406210534135,11071.3004,1.2139576638711402,1.1961737078566121
2025-02-28,79864,VSEC,V S E CORP,20,-0.03,0.15447699999999998,-0.41408513483396475,2107.3865,1.6098427001937763,1.56659274633686
2025-02-28,80191,ALB,ALBEMARLE CORP,15,-0.03,-0.088361,-0.5283039893024293,9895.6926,1.6546497228848507,2.506816426240782
2025-02-28,81282,ACIW,A C I WORLDWIDE INC,45,0.03,0.067647,0.39059133793923184,5636.40525,1.1710380334369281,1.3549453109703473
2025-02-28,81736,RMD,RESMED INC,35,0.03,-0.012389,0.21679295743258303,34670.27928,0.701618095245058,1.4004401855424689
2025-02-28,82670,TGTX,T G THERAPEUTICS INC,35,-0.03,-0.054104,-0.6508246044127478,4940.001200000001,2.301076113317877,2.021101263198153
2025-02-28,82800,SCCO,SOUTHERN COPPER CORP,15,0.03,-0.018212,0.36923334076220193,72417.45582,1.1075037264055496,1.4894067671748725
2025-02-28,85593,AMG,AFFILIATED MANAGERS GROUP INC,40,0.03,-0.094195,0.4103149840279326,5680.4865,1.1265604779988598,1.2191934448869166
2025-02-28,85621,MTD,METTLER TOLEDO INTERNATIONAL INC,35,0.03,-0.070537,0.16982393581457544,28793.777320000005,1.0721576817834555,1.5195188119882492
2025-02-28,86211,MSTR,MICROSTRATEGY INC,45,-0.03,-0.24035900000000002,-0.8325718743035434,80074.06783,3.3768743277199325,3.8583557476214083
2025-02-28,89134,OVV,OVINTIV INC,10,0.03,0.026055000000000002,0.34334373374935,10990.879280000001,2.6635434035145953,1.0177182252827468
2025-02-28,89297,CCOI,COGENT COMMUNICATIONS HLDS INC,50,-0.03,-0.033445,-0.30605081346110985,3716.2208400000004,0.3634889313123629,0.9000330686316306
2025-02-28,89301,GME,GAMESTOP CORP NEW,25,-0.03,-0.07246,-0.5387415496619864,12018.92,1.8383677347804503,1.8015995642847575
2025-02-28,89916,NXST,NEXSTAR MEDIA GROUP INC,50,0.03,0.11436500000000001,0.4883552484956541,4691.74962,1.4497934903911398,1.4882415717943989
2025-02-28,90319,GOOGL,ALPHABET INC,50,0.01460075783079281,-0.168691,0.2861785900007429,1190048.6600000001,0.9276696812020335,1.4195508258369227
2025-02-28,90436,HALO,HALOZYME THERAPEUTICS INC,35,0.03,0.041,0.20739543867468985,6974.53632,1.2610443739548614,1.299845820285011
2025-02-28,90708,MORN,MORNINGSTAR INC,40,0.004507132638410421,-0.048714,0.40563479682044423,14088.468159999999,1.1796214778279788,0.9742664193979633
2025-02-28,91080,HEES,H & E EQUIPMENT SERVICES INC,20,0.03,0.08093600000000001,-0.14896738726691924,3246.49745,1.9239795558427664,4.082287354514896
2025-02-28,91594,SPR,SPIRIT AEROSYSTEMS HOLDINGS INC,20,-0.03,0.022854000000000003,-0.42485699427977125,3988.21666,1.7994460225952444,1.2715857463798308
2025-02-28,91606,CPRX,CATALYST PHARMACEUTICALS INC,35,0.024999999999999793,0.011313,0.19866651808929506,2727.03024,0.7965299563900048,1.3825704157947507
2025-02-28,91832,MDGL,MADRIGAL PHARMACEUTICALS INC,35,-0.03,0.01601,-0.38340390758487475,7367.274,0.12041946083220367,0.4641792295796913
2025-02-28,92293,TDC,TERADATA CORP DE,45,0.03,-0.256214,0.4207525443874897,3053.7870000000003,0.7888283112376903,1.2786039092796666
2025-02-28,92469,SATS,ECHOSTAR CORP,50,-0.03,0.12575199999999997,-0.39573582943317737,4288.65534,0.7102758807412598,1.5902310276437934
2025-02-28,92852,LOPE,GRAND CANYON EDUCATION INC,25,0.03,0.020484000000000002,0.4715660054973627,5068.619119999999,0.701839088244222,0.8709019816731179
2025-02-28,93330,PRI,PRIMERICA INC,40,0.03,-9.89999999999997e-05,0.3901084614813164,9683.26307,1.089108780735015,1.1010800740503615
2025-03-31,11691,MATX,MATSON INC,20,0.03,-0.113788,0.4106905331965188,4784.5647,1.0250687021909453,1.0155173439090035
2025-03-31,12570,ITT,I T T INC,20,0.03,-0.086619,0.28221791509900046,11496.936000000002,1.3804958813467827,1.4392385293854097
2025-03-31,12623,HII,HUNTINGTON INGALLS INDS INC,20,-0.03,0.158666,-0.44704138638695706,6870.4454000000005,0.48151958487791263,1.3623739711342597
2025-03-31,13046,UI,UBIQUITI INC,45,0.03,-0.09576,0.3776080264508037,20668.8281,1.168524579699245,1.60195533049695
2025-03-31,13318,YELP,YELP INC,50,0.026809348275086478,0.075852,0.3247634249230419,2231.2822300000003,1.4403823752805474,1.1077005923924188
2025-03-31,13802,APAM,ARTISAN PARTNERS ASSET MGMT INC,40,0.020000000000000004,-0.077324,0.29734351841295176,2955.65332,1.7865386029951908,1.4749173508995566
2025-03-31,14472,VRNS,VARONIS SYSTEMS INC,45,-0.03,-0.062070999999999994,-0.4881237411165583,4836.273499999999,0.9244117610733138,1.5607149670837699
2025-03-31,14960,ENVA,ENOVA INTERNATIONAL INC,40,0.03,-0.069034,0.3756128149583856,2665.5519600000002,1.4420117506689212,1.4591625062849773
2025-03-31,15056,ADMA,ADMA BIOLOGICS INC,35,0.03,0.20706899999999998,0.1496218599171512,3878.2181900000005,0.5535759353166634,1.5068582141356703
2025-03-31,15058,SLNO,SOLENO THERAPEUTICS INC,35,-0.03,0.460115,-0.3573898833276328,2238.73874,-0.035951389678614526,0.32004197068536
2025-03-31,15167,SHAK,SHAKE SHACK INC,25,-0.009999999999999995,-0.19154700000000002,-0.42406795120282753,4352.9052,1.9328002593769291,1.9144828184204608
2025-03-31,15303,VKTX,VIKING THERAPEUTICS INC,35,-0.03,-0.166917,-0.6167293733135712,3240.59976,0.8894749656859459,1.4902461727214917
2025-03-31,16771,MGY,MAGNOLIA OIL & GAS CORP,10,0.03,0.075601,0.34135218333143313,4415.96876,1.9062449881740695,0.9247313846879289
2025-03-31,17223,ADT,A D T INC,25,0.03,-0.002062,0.3430433625964353,6730.206209999999,1.5567066300614818,1.3562868199527864
2025-03-31,17332,VCTR,VICTORY CAPITAL HOLDINGS INC,40,0.03,-0.099771,0.401246532132406,4076.9144800000004,0.9082969994753388,1.4944322094564573
2025-03-31,17959,CRNX,CRINETICS PHARMACEUTICALS INC,35,-0.02659461148931844,-0.06602999999999999,-0.4333979401816593,3329.2932200000005,0.5892417449598603,1.2439179677774719
2025-03-31,18770,BBIO,BRIDGEBIO PHARMA INC,35,-0.03,-0.012881,-0.5031163303310151,6637.5961,1.1793200707208045,1.3466568941989514
2025-03-31,18835,DKNG,DRAFTKINGS INC,25,-0.03,-0.24624300000000002,-0.5129213696651845,21489.47016,2.1767683815747945,1.8771106756412392
2025-03-31,19076,ASTS,A S T SPACEMOBILE INC,50,-0.03,-0.16462000000000002,-0.6096036179835063,6156.70811,1.6816428633693934,2.7290014885958094
2025-03-31,19228,BEAM,BEAM THERAPEUTICS INC,35,-0.03,-0.261967,-0.6002546269904611,2204.34192,2.097891662334191,2.029709637173298
2025-03-31,19488,RNA,AVIDITY BIOSCIENCES INC,35,-0.03,-0.039979,-0.5304222247558241,3683.29568,1.07134702480985,1.4094795017414221
2025-03-31,19561,BA,BOEING CO,20,-0.03,-0.026789,-0.6831034089613499,130985.42261999998,1.4938651137692387,1.4672507619799922
2025-03-31,19577,RKT,ROCKET COMPANIES INC,40,-0.03,-0.093185,-0.3460456808421693,2041.69,2.4222237758166933,1.56942770768906
2025-03-31,19585,KYMR,KYMERA THERAPEUTICS INC,35,-0.03,-0.13037900000000002,-0.56871128339604,2035.9944000000003,2.2006838999015423,2.020757181900139
2025-03-31,19655,STEP,STEPSTONE GROUP INC,40,-0.03,-0.13524,-0.4073461786949416,4563.1359999999995,1.309881169650673,1.5939326268934484
2025-03-31,20067,SOFI,SOFI TECHNOLOGIES INC,40,-0.03,-0.199693,-0.5552198533044502,15866.9338,2.313867736264273,2.2338036429614108
2025-03-31,20583,EXE,EXPAND ENERGY CORP,10,-0.03,0.12883799999999998,-0.3229012275301182,23009.375999999997,0.5329675634677428,0.7019446683540286
2025-03-31,20923,EDR,ENDEAVOR GROUP HOLDINGS INC,50,-0.03,-0.159608,-0.2808307680614145,10609.47896,0.6802177386730764,0.5550195364293984
2025-03-31,20930,SOC,SABLE OFFSHORE CORP,10,-0.03,-0.109171,-0.2705126743434804,2527.767,0.27962527950078586,0.4171939250540721
2025-03-31,21619,OKLO,OKLO INC,55,-0.03,-0.355626,-0.36263443925056055,4076.78544,-0.1528283584255059,1.368230947900884
2025-03-31,21927,DJT,TRUMP MEDIA & TECH GRP CORP,50,-0.03,-0.192637,-0.38726104967126523,5303.5665,2.231310984750145,1.0987266287916944
2025-03-31,22758,ACLX,ARCELLX INC,35,-0.03,0.008608000000000001,-0.47696955877322994,3561.4700799999996,0.2799840317567168,0.864811067713306
2025-03-31,27422,CLF,CLEVELAND CLIFFS INC NEW,15,-0.03,-0.245122,-0.5356287766503249,5360.17404,1.932569784790772,2.032881235387734
2025-03-31,46886,KLAC,K L A CORP,45,0.03,-0.044392999999999995,0.1641584007904838,94195.62108000001,1.2322713130345777,2.289128384043594
2025-03-31,47941,TGNA,TEGNA INC,50,0.03,0.004704000000000001,0.3983392239577395,2910.1436,0.49307835029931385,0.7471822126214134
2025-03-31,56223,LPX,LOUISIANA PACIFIC CORP,15,0.03,-0.08058,0.27245087979325816,6946.201639999999,1.976528953004578,1.7798495858558336
2025-03-31,59328,INTC,INTEL CORP,45,-0.03,-0.046409,-0.5179759054459774,102750.90000000001,0.9754550298515866,2.2883729376310717
2025-03-31,64995,KEY,KEYCORP NEW,40,-0.03,-0.068561,-0.3644016265724167,19140.661079999998,1.2772149616779547,1.5027782449507492
2025-03-31,65700,USLM,UNITED STATES LIME MINERALS INC,15,0.03,-0.061709999999999994,0.3332953293049063,2686.08085,0.8896225232005815,1.4046440572950063
2025-03-31,75694,TECH,BIO TECHNE CORP,35,0.006594611489318437,-0.053951,0.1513320411963668,9761.934,1.2784424095606985,1.4990142809388567
2025-03-31,76095,HOLX,HOLOGIC INC,35,0.03,-0.028981,0.2915669060920458,14224.0821,0.9566543809360024,0.7223439629746004
2025-03-31,76661,IONS,IONIS PHARMACEUTICALS INC,35,-0.03,-0.094416,-0.5520275149165812,5276.04835,0.2978037236045394,1.0663123989599688
2025-03-31,76721,CRVL,CORVEL CORP,35,0.03,0.011992,0.26408999353931517,5663.35693,1.054428710750499,1.176185933442308
2025-03-31,76804,MTG,M G I C INVESTMENT CORP WIS,40,0.03,0.003483,0.42190172158248773,5973.01927,1.2523843502346828,1.1029480960677809
2025-03-31,77178,QCOM,QUALCOMM INC,45,0.03,-0.020752,0.2322426177174781,173830.02,1.244476725790007,1.9126971333708254
2025-03-31,79637,UHS,UNIVERSAL HEALTH SERVICES INC,35,0.03,0.069977,0.23592900847489834,10120.86275,1.2259155688896688,1.236802315869617
2025-03-31,79668,BDC,BELDEN INC NEW,45,0.023405388510680847,-0.09185399999999999,0.2910348496940676,4430.79807,1.020862628549021,1.4192102451465642
2025-03-31,79758,BYD,BOYD GAMING CORP,25,0.03,-0.13795500000000002,0.3804013225401892,6386.46996,1.5674160606562906,1.2820282156630762
2025-03-31,79864,VSEC,V S E CORP,20,-0.03,0.009149000000000001,-0.49684566564055793,2441.2185,1.6092620553888366,1.6438556366191357
2025-03-31,81736,RMD,RESMED INC,35,0.03,-0.044835,0.2510166077604226,34296.38184,0.7325771351097279,1.3678600667697602
2025-03-31,82670,TGTX,T G THERAPEUTICS INC,35,-0.03,0.306977,-0.5815566450043705,4726.26639,2.3332747722967713,1.7780011277355716
2025-03-31,82800,SCCO,SOUTHERN COPPER CORP,15,0.03,0.047514,0.3106069243339794,70803.3981,1.0925221913170948,1.4704555840070777
2025-03-31,83011,WSM,WILLIAMS SONOMA INC,25,0.03,-0.19090600000000002,0.18526963858168963,23952.798,1.812638023146551,2.095528643504583
2025-03-31,83883,OPCH,OPTION CARE HEALTH INC,35,0.03,0.039859000000000006,0.17441948846577734,5534.803,1.3421421325948624,1.3980964123784159
2025-03-31,84761,TTWO,TAKE TWO INTERACTIVE SOFTWR INC,50,-0.03,-0.025738,-0.34032607456390374,37413.62208,0.7999128235597195,0.8791329163806738
2025-03-31,85593,AMG,AFFILIATED MANAGERS GROUP INC,40,0.03,-0.019931,0.36516170714095697,4998.55845,1.1593322707644005,1.2082440727497379
2025-03-31,85621,MTD,METTLER TOLEDO INTERNATIONAL INC,35,0.03,-0.075562,0.2818188728005168,26620.21152,1.08910424059843,1.4927327511763355
2025-03-31,86102,FHI,FEDERATED HERMES INC,40,0.03,0.048704000000000004,0.4091323680310112,3169.9437500000004,1.0696080036082178,0.8356325678440686
2025-03-31,86211,MSTR,MICROSTRATEGY INC,45,-0.0034053885106808436,0.12514299999999998,-0.749382434538061,60718.77616,3.481570879351539,3.7846617879023086
2025-03-31,86799,CNX,C N X RESOURCES CORP,10,-0.020000000000000004,0.08584800000000001,-0.22709307186561772,4301.5338,1.2382763456650552,0.4978991928883246
2025-03-31,88159,EXEL,EXELIXIS INC,35,0.03,-0.049172999999999994,0.34769885607874434,10769.20674,0.5570425043370789,0.7909308772512187
2025-03-31,89297,CCOI,COGENT COMMUNICATIONS HLDS INC,50,-0.03,-0.151894,-0.3641355983734276,3604.2508199999997,0.3994964094048337,0.9430394669526686
2025-03-31,89301,GME,GAMESTOP CORP NEW,25,-0.03,-0.112051,-0.5515334625470301,11187.872,1.8530725786144029,1.7512258904376878
2025-03-31,89916,NXST,NEXSTAR MEDIA GROUP INC,50,0.03,0.056108000000000005,0.3214000684072511,5160.59735,1.459716492829406,1.482694263075061
2025-03-31,90319,GOOGL,ALPHABET INC,50,0.03,-0.094179,0.27799946794360203,993243.24,0.9604702491195638,1.442944513448319
2025-03-31,90436,HALO,HALOZYME THERAPEUTICS INC,35,0.03,0.07535800000000001,0.3155474480294912,7284.49995,1.3167835064025049,1.2539795837009406
2025-03-31,90520,CE,CELANESE CORP DEL,15,-0.009999999999999995,0.111023,-0.41031049291224875,5569.372079999999,1.16254004948249,1.9874714944031313
2025-03-31,91080,HEES,H & E EQUIPMENT SERVICES INC,20,0.02319065172491351,-0.015,-0.19349751073613802,3511.1867,1.9171742053508882,4.034673534138944
2025-03-31,91594,SPR,SPIRIT AEROSYSTEMS HOLDINGS INC,20,-0.03,-0.016032,-0.35634477254588987,4092.5834,1.7659607474196972,1.202304273112441
2025-03-31,91832,MDGL,MADRIGAL PHARMACEUTICALS INC,35,-0.03,-0.032845,-0.37109033557557103,7535.241599999999,0.12605045453534883,0.42183981919559776
2025-03-31,92852,LOPE,GRAND CANYON EDUCATION INC,25,0.03,-0.041241,0.39957435488161747,5165.3295,0.7397968879443871,0.8711835215654071
2025-04-30,11691,MATX,MATSON INC,20,0.03,-0.1524,0.5024817744687452,4207.94927,1.0966400396096374,0.9718416769414226
2025-04-30,12373,HHH,HOWARD HUGHES HOLDINGS INC,60,0.03,-0.10545199999999999,0.36807817589576547,3734.0024,1.1104010896029681,1.4355239113781966
2025-04-30,12623,HII,HUNTINGTON INGALLS INDS INC,20,-0.03,0.125361,-0.456355669303552,8005.7134399999995,0.3392636950059342,1.0567780129239193
2025-04-30,13046,UI,UBIQUITI INC,45,0.03,0.049054,0.40125252055219474,18760.3686,1.3656782846974513,1.489956088775925
2025-04-30,13730,PBF,P B F ENERGY INC,10,-0.0012614615413277868,-0.103587,-0.32487978904917014,2207.72032,1.2169834890444429,0.8823661106066268
2025-04-30,13748,TPH,TRI POINTE HOMES INC,25,0.03,-0.040189,0.31055141926477425,2928.05352,1.3949656049526822,1.3412877158028667
2025-04-30,13837,EVTC,EVERTEC INC,40,0.03,-0.0805,0.34105010082208775,2339.08678,0.9769094106502622,1.1160998213139697
2025-04-30,14472,VRNS,VARONIS SYSTEMS INC,45,-0.03,0.05555,-0.4028036295951605,4566.11735,0.843858938140777,1.3957382297686574
2025-04-30,14593,AAPL,APPLE INC,45,0.03,-0.046888,0.3221847370870172,3318470.04095,1.202210169178382,1.1557162867363557
2025-04-30,15058,SLNO,SOLENO THERAPEUTICS INC,35,-0.03,0.044190999999999994,-0.42723359702187064,3467.25415,-0.42026349932300167,0.23697080327720946
2025-04-30,15303,VKTX,VIKING THERAPEUTICS INC,35,-0.03,0.19191,-0.5812975027144408,2711.77935,0.8319059647732323,1.1635496654483715
2025-04-30,15535,OLLI,OLLIES BARGAIN OUTLET HLD INC,25,-0.03,-0.091624,-0.32422056770590973,7127.166359999999,0.7443842126399567,1.097565318731577
2025-04-30,15650,PJT,P J T PARTNERS INC,40,0.03,0.024243,0.342736931906313,3212.32824,0.7849075665878965,1.162963764830335
2025-04-30,16260,MEDP,MEDPACE HOLDINGS INC,35,0.009999999999999995,0.008609,0.15831006669768882,9090.73084,1.4196723575594505,1.5154760714358289
2025-04-30,16738,AM,ANTERO MIDSTREAM CORP,10,0.011261461541327782,-0.071681,0.39386536373507053,8614.908,1.997676465206259,0.5996063360545477
2025-04-30,17223,ADT,A D T INC,25,0.007569801757642516,-0.018277,0.3399643244920118,6689.11826,1.4037793673606938,1.0723890971723362
2025-04-30,17332,VCTR,VICTORY CAPITAL HOLDINGS INC,40,0.03,-0.013558,0.44113541181945093,3699.3397499999996,0.8753507559057501,1.4090563725600187
2025-04-30,17341,ZS,ZSCALER INC,45,-0.03,0.13632,-0.4298123158058012,30700.534499999998,1.201558941352368,1.504415891069017
2025-04-30,18726,CRWD,CROWDSTRIKE HOLDINGS INC,45,-0.03,0.212841,-0.45521172638436486,87395.06233999999,1.3217452061109674,1.7471487649353923
2025-04-30,18770,BBIO,BRIDGEBIO PHARMA INC,35,-0.03,0.106098,-0.48379091050100825,6562.28482,1.2058131382631658,1.2904610872584
2025-04-30,18772,AKRO,AKERO THERAPEUTICS INC,35,-0.03,0.12319400000000001,-0.4275825965565379,3225.0416,0.246181790502689,1.04427071383837
2025-04-30,18835,DKNG,DRAFTKINGS INC,25,-0.03,-0.0011259999999999998,-0.497828447339848,16483.41819,2.282383656969938,1.7734544388698212
2025-04-30,19488,RNA,AVIDITY BIOSCIENCES INC,35,-0.03,0.102495,-0.5532224290367613,3557.51424,1.0596314383634478,1.296403016623556
2025-04-30,19506,VERX,VERTEX INC,45,-0.03,0.13985299999999998,-0.36757406545680166,2517.4640699999995,0.8629226053603811,1.0698399576071238
2025-04-30,19561,BA,BOEING CO,20,-0.03,0.070871,-0.7457150612688073,128323.01385000002,1.2176897355286977,1.2888815094388626
2025-04-30,19655,STEP,STEPSTONE GROUP INC,40,-0.03,-0.046039,-0.4369861951295176,4009.2270299999996,1.3448267358026382,1.5901034548393387
2025-04-30,20067,SOFI,SOFI TECHNOLOGIES INC,40,-0.03,0.072131,-0.5451760508763767,12840.72952,2.342835456917866,2.1364628955857756
2025-04-30,20583,EXE,EXPAND ENERGY CORP,10,-0.03,-0.07019,-0.41703505506437105,26435.828319999997,0.43871766044483823,0.6606739253498981
2025-04-30,20930,SOC,SABLE OFFSHORE CORP,10,-0.03,-0.268021,-0.297444547851714,2268.40781,0.36554963485396236,0.47913358308652587
2025-04-30,21619,OKLO,OKLO INC,55,-0.03,0.094015,-0.4599232201023732,3006.95934,0.11741353980776519,1.563632968630565
2025-04-30,21927,DJT,TRUMP MEDIA & TECH GRP CORP,50,-0.03,0.25234999999999996,-0.411606173413991,4310.973419999999,2.287789413459577,0.9735058249835913
2025-04-30,22268,SG,SWEETGREEN INC,25,-0.01756980175764251,-0.22495800000000002,-0.5128354273305414,2636.78274,2.3442926081758846,2.221104895940985
2025-04-30,22752,MRK,MERCK & CO INC NEW,35,0.03,-0.054336999999999996,0.3908019233752133,226736.99136,0.35305245605522806,0.32418186298590856
2025-04-30,22758,ACLX,ARCELLX INC,35,-0.03,-0.013444,-0.49827439118970057,3612.3951999999995,0.29717566380426214,0.7865193937214146
2025-04-30,27422,CLF,CLEVELAND CLIFFS INC NEW,15,-0.03,-0.0011020000000000001,-0.5319722351481309,4064.6338200000005,1.932489546407501,1.8986197889790337
2025-04-30,39538,MAT,MATTEL INC,25,0.03,-0.185727,0.31252908329455564,6274.19959,0.5359624382921867,1.1909922578237944
2025-04-30,42585,SJM,SMUCKER J M CO,30,-0.03,-0.021608,-0.1615286179618427,12600.83697,0.32055739786042253,0.16173827155232734
2025-04-30,46463,GFF,GRIFFON CORP,20,0.03,-0.05094799999999999,0.2358461299829378,3398.395,1.2850320132037356,1.5743323611564692
2025-04-30,46886,KLAC,K L A CORP,45,0.03,0.030137,0.13006049325267569,89897.4318,1.302813456758775,2.100012054816439
2025-04-30,47941,TGNA,TEGNA INC,50,0.03,-0.112756,0.45276872964169385,2913.34156,0.30785889573347547,0.7691263154814196
2025-04-30,53225,GHC,GRAHAM HOLDINGS CO,25,0.03,-0.044108999999999995,0.33094850317977353,3264.04142,0.9114985127875666,1.0704828685130288
2025-04-30,56223,LPX,LOUISIANA PACIFIC CORP,15,0.03,-0.065179,0.33375988832014897,6410.27016,1.8216939546196218,1.5236293040888154
2025-04-30,59619,SXT,SENSIENT TECHNOLOGIES CORP,15,0.03,0.258725,0.36935784085621215,3158.6603400000004,0.6336412450921285,1.0012879160887398
2025-04-30,64995,KEY,KEYCORP NEW,40,-0.03,-0.075455,-0.3352334419109663,17670.85281,1.0909211231269538,1.27648124676513
2025-04-30,67847,RGLD,ROYAL GOLD INC,15,0.03,0.117121,0.447688847525981,10748.32985,0.7021640030875655,0.5898963685081071
2025-04-30,75510,ADBE,ADOBE INC,45,0.03,-0.025828,0.25250116333178213,163460.48599999998,1.3974529776810534,1.5219423799704521
2025-04-30,76661,IONS,IONIS PHARMACEUTICALS INC,35,-0.03,0.014364000000000002,-0.5046533271288971,4798.266970000001,0.3107004618100069,0.8829927388452199
2025-04-30,76721,CRVL,CORVEL CORP,35,0.03,-0.032202999999999996,0.35388552815262914,5750.7792,0.93959567031806,1.0431181337143531
2025-04-30,76804,MTG,M G I C INVESTMENT CORP WIS,40,0.020000000000000004,0.0017109999999999998,0.3769970528928184,6009.81906,0.9148018722293979,0.9301358742551247
2025-04-30,77178,QCOM,QUALCOMM INC,45,0.03,-0.037062,0.2387738483015356,168971.00000000003,1.247811883805618,1.7345838717827424
2025-04-30,77520,AGCO,A G C O CORP,20,-0.01116873670102898,-0.087147,-0.3464789824724678,6904.055739999999,1.1491517689995954,1.2158850410813595
2025-04-30,79758,BYD,BOYD GAMING CORP,25,0.03,0.046745999999999996,0.335388552815263,5431.83079,1.3420878322322694,1.2691342119822793
2025-04-30,79864,VSEC,V S E CORP,20,-0.03,-0.049122,-0.46161005118659837,2480.1933,1.3262384554700526,1.4377492159420813
2025-04-30,80128,VMI,VALMONT INDUSTRIES INC,20,0.021168736701028975,0.023973,0.24728555917481002,5727.6612700000005,1.071075017753759,1.4116123086457733
2025-04-30,81736,RMD,RESMED INC,35,0.03,0.053377999999999995,0.23921979215138825,32876.17795,0.7534503632771828,1.0947043303564714
2025-04-30,85020,PPBI,PACIFIC PREMIER BANCORP INC,40,0.03,-0.049501,0.29451682953311614,2069.51108,1.224925916789331,1.410015368372431
2025-04-30,85621,MTD,METTLER TOLEDO INTERNATIONAL INC,35,0.03,-0.096971,0.3134015821312238,24611.345310000004,1.2158545025239775,1.398972344644497
2025-04-30,86211,MSTR,MICROSTRATEGY INC,45,-0.03,0.315055,-0.7749922444547852,71069.22099,3.6059422272276307,3.3712447066071745
2025-04-30,87430,KTOS,KRATOS DEFENSE & SECUR SOLS INC,20,-0.03,0.13438999999999998,-0.42835815107802083,4552.93181,1.0568036769988511,1.423205202710159
2025-04-30,88159,EXEL,EXELIXIS INC,35,0.03,0.056866,0.419206607724523,10276.53432,0.5590380878052083,0.6045888431777514
2025-04-30,89297,CCOI,COGENT COMMUNICATIONS HLDS INC,50,-0.03,-0.117056,-0.29992632232045907,3024.8514700000005,0.6396076284484712,0.7765119851970566
2025-04-30,89301,GME,GAMESTOP CORP NEW,25,-0.03,0.244673,-0.492418954552505,9978.91488,2.008779339255809,1.779353138041557
2025-04-30,89916,NXST,NEXSTAR MEDIA GROUP INC,50,0.03,-0.168472,0.36526679075539015,5440.76076,1.093112720168887,1.1682564931711619
2025-04-30,90319,GOOGL,ALPHABET INC,50,0.03,0.023366,0.26826430898092135,900777.9999999999,0.9693424731108905,1.3474412146185253
2025-04-30,90409,HURN,HURON CONSULTING GROUP INC,20,0.03,-0.063905,0.3999340778656739,2529.0235,0.3615347412455969,0.7751035815934803
2025-04-30,90436,HALO,HALOZYME THERAPEUTICS INC,35,0.03,-0.04099,0.2752442996742671,7859.4777,1.3220264374712736,1.0964294946314748
2025-04-30,90520,CE,CELANESE CORP DEL,15,-0.009999999999999995,-0.218957,-0.44163952225841474,6344.27458,1.0155862975804169,1.7590562514326373
2025-04-30,91080,HEES,H & E EQUIPMENT SERVICES INC,20,0.03,-0.056072,-0.04533116178067318,3475.75972,1.7337022132183342,3.357089506745617
2025-04-30,91594,SPR,SPIRIT AEROSYSTEMS HOLDINGS INC,20,-0.03,0.041155,-0.37596944315185354,4040.9863600000003,1.4224619723313257,0.791795744528233
2025-04-30,91733,AVAV,AEROVIRONMENT INC,20,-0.03,0.267713,-0.4211261051651931,3363.42261,0.761179336595227,1.3475547116530582
2025-04-30,91832,MDGL,MADRIGAL PHARMACEUTICALS INC,35,-0.03,0.004555999999999999,-0.36451062509694426,7349.33124,-0.08373089300639809,0.35553009897948123
2025-04-30,92089,GRBK,GREEN BRICK PARTNERS INC,25,0.03,0.008127,0.29069722351481303,2594.67838,1.7501257016194225,1.3704583153653793
2025-05-31,11691,MATX,MATSON INC,20,0.03,0.034253000000000006,0.41174603174603186,3581.5337900000004,1.2807387738292997,0.8402256654755277
2025-05-31,11884,IPAR,INTERPARFUMS INC,30,0.03,0.24367899999999998,0.35287698412698415,3507.9408000000003,1.3142625391163045,0.806476103467392
2025-05-31,12373,HHH,HOWARD HUGHES HOLDINGS INC,60,0.03,0.022998,0.38343253968253965,3353.44465,1.190711356833239,1.057018169350442
2025-05-31,12623,HII,HUNTINGTON INGALLS INDS INC,20,-0.03,-0.029502,-0.40325396825396825,9037.62024,0.3185373315439815,0.8438879792989505
2025-05-31,13046,UI,UBIQUITI INC,45,0.03,0.208808,0.414563492063492,19746.9605,1.3980654711719807,1.1678673647221864
2025-05-31,13788,ZTS,ZOETIS INC,35,0.03,0.07444,0.302718253968254,69763.94039999999,0.8976396083847727,0.6932097035408011
2025-05-31,13802,APAM,ARTISAN PARTNERS ASSET MGMT INC,40,0.03,0.103045,0.3008531746031746,2604.4274399999995,1.64405046268348,1.1404450762519924
2025-05-31,13837,EVTC,EVERTEC INC,40,0.03,0.065177,0.36091269841269835,2173.1103200000002,1.0007704340882904,0.865909819414763
2025-05-31,14472,VRNS,VARONIS SYSTEMS INC,45,-0.03,0.109222,-0.3334126984126984,4794.867,0.8972110647528252,1.0510016324568514
2025-05-31,14593,AAPL,APPLE INC,45,0.03,-0.057414999999999994,0.26869047619047615,3173863.025,1.222690377527217,1.1580691235612879
2025-05-31,15058,SLNO,SOLENO THERAPEUTICS INC,35,-0.03,-0.023928,-0.4064087301587302,3706.99234,-0.7002200579538757,0.16116172497172015
2025-05-31,15303,VKTX,VIKING THERAPEUTICS INC,35,-0.03,-0.075458,-0.5185119047619048,3242.3897,0.755708971662505,0.893059615116416
2025-05-31,16318,ELF,E L F BEAUTY INC,30,-0.030000000000000006,0.81441,-0.42186507936507933,3489.40613,1.2833384242092862,1.3518801347475995
2025-05-31,16653,HCC,WARRIOR MET COAL INC,15,-0.03,-0.051710000000000006,-0.27212301587301585,2513.37138,0.8106253828716393,0.6539340733588851
2025-05-31,17223,ADT,A D T INC,25,0.03,0.03365,0.3526587301587302,6269.763319999999,1.2796538561857285,0.7594172408674825
2025-05-31,17332,VCTR,VICTORY CAPITAL HOLDINGS INC,40,0.03,0.078631,0.3766468253968255,3851.95044,1.0712938521444002,1.2513748054968823
2025-05-31,17959,CRNX,CRINETICS PHARMACEUTICALS INC,35,-0.03,-0.09000999999999999,-0.37964285714285717,3126.2723100000003,0.34342394651364483,0.7503455761380634
2025-05-31,18428,DOW,DOW INC,15,-0.03,-0.074041,-0.3412698412698413,21622.90858,0.9364937747094892,1.0046747176732167
2025-05-31,18770,BBIO,BRIDGEBIO PHARMA INC,35,-0.03,-0.1109,-0.46424603174603174,7283.83516,1.3028468756490137,0.9504154676180888
2025-05-31,18772,AKRO,AKERO THERAPEUTICS INC,35,-0.03,0.08482,-0.4358531746031745,3634.15919,0.3363098814224456,0.8224409115226831
2025-05-31,18835,DKNG,DRAFTKINGS INC,25,-0.03,0.074044,-0.45216269841269835,16523.12531,2.0465550570812825,1.3008098240543546
2025-05-31,19228,BEAM,BEAM THERAPEUTICS INC,35,-0.03,-0.209477,-0.6275992063492063,2004.10101,2.6126988753630265,1.6133384334024883
2025-05-31,19393,BMY,BRISTOL MYERS SQUIBB CO,35,0.009999999999999995,-0.042004,0.3600396825396825,102161.0662,0.3748658027416298,0.3462617448581901
2025-05-31,19488,RNA,AVIDITY BIOSCIENCES INC,35,-0.03,-0.054905999999999996,-0.5375,3935.5656999999997,1.045041459743424,0.9730795878217982
2025-05-31,19506,VERX,VERTEX INC,45,-0.009999999999999995,-0.015248,-0.2676785714285715,2882.1199699999997,0.8441364173322039,0.7897125069977511
2025-05-31,19561,BA,BOEING CO,20,-0.03,0.127655,-0.5337301587301587,138163.8762,1.398758980491267,1.1652142737228202
2025-05-31,19585,KYMR,KYMERA THERAPEUTICS INC,35,-0.03,-0.138861,-0.6187301587301588,2231.4225100000003,2.159446961209773,1.4999917783801437
2025-05-31,20067,SOFI,SOFI TECHNOLOGIES INC,40,-0.03,0.059393,-0.6018849206349206,13828.09113,2.330916635750706,1.785186800406265
2025-05-31,20583,EXE,EXPAND ENERGY CORP,10,-0.03,0.119585,-0.2578968253968254,24726.0181,0.4502819914571776,0.5730751475479899
2025-05-31,20892,COIN,COINBASE GLOBAL INC,40,0.014846802410314573,0.211779,-0.08095238095238097,42801.674399999996,3.720635208208512,2.459814042558666
2025-05-31,21352,FA,FIRST ADVANTAGE CORP,20,-0.029999999999999284,0.210427,-0.3251190476190476,2448.3663,1.1836784676074426,0.9293100408219687
2025-05-31,21357,DOCS,DOXIMITY INC,35,0.03,-0.08796899999999999,0.04031746031746034,7593.593760000001,1.4714833842529305,1.7060357496057705
2025-05-31,21619,OKLO,OKLO INC,55,-0.03,1.216968,-0.47210317460317464,3304.44182,0.11151980533900828,1.4064195051206771
2025-05-31,21903,SLVM,SYLVAMO CORP,15,0.03,-0.115297,0.4041666666666667,2427.7264,1.0548490091824338,0.7506358790269866
2025-05-31,21927,DJT,TRUMP MEDIA & TECH GRP CORP,50,-0.03,-0.13456400000000002,-0.4088095238095238,5414.088419999999,2.2537814727116396,0.6940212731829956
2025-05-31,22758,ACLX,ARCELLX INC,35,-0.03,-0.048253000000000004,-0.48640873015873015,3576.9913500000002,0.30529311598192155,0.662187803217331
2025-05-31,23054,SOUN,SOUNDHOUND AI INC,45,-0.03,0.08451,-0.5849801587301586,3426.79301,2.860452097498787,1.842020455375876
2025-05-31,27422,CLF,CLEVELAND CLIFFS INC NEW,15,-0.03,-0.296233,-0.5577380952380953,4074.5564000000004,2.0563665075021746,1.5890740617389516
2025-05-31,46463,GFF,GRIFFON CORP,20,0.03,0.008282,0.2634722222222222,3237.2683,1.2039152493287635,1.1800181894089872
2025-05-31,46690,CBT,CABOT CORP,15,0.03,-0.047047000000000005,0.31289682539682534,4258.51734,0.9281109238144292,1.022698649446969
2025-05-31,46886,KLAC,K L A CORP,45,0.03,0.075961,0.18013888888888888,92924.42829000001,1.3430134688257591,1.7267043003751696
2025-05-31,47941,TGNA,TEGNA INC,50,0.03,0.026434,0.46301587301587305,2608.40445,0.38135758110313256,0.6630355133186979
2025-05-31,56223,LPX,LOUISIANA PACIFIC CORP,15,0.03,0.042980000000000004,0.34275793650793657,6010.8873300000005,1.9189284232860784,1.154438083588388
2025-05-31,65700,USLM,UNITED STATES LIME MINERALS INC,15,0.03,0.09601900000000001,0.3631349206349207,2677.47183,0.9654422467452779,1.0303187883814109
2025-05-31,75510,ADBE,ADOBE INC,45,0.03,0.10320900000000001,0.3668253968253968,159816.476,1.4596548411429575,1.1747463236284184
2025-05-31,76661,IONS,IONIS PHARMACEUTICALS INC,35,-0.03,0.087419,-0.4590873015873016,4887.77289,0.1776328383005259,0.7023658080470258
2025-05-31,76721,CRVL,CORVEL CORP,35,0.03,0.019321,0.3680753968253968,5585.9136,1.1122981946325057,0.7494209662704939
2025-05-31,79859,FLG,FLAGSTAR FINANCIAL INC,40,-0.03,-0.019982,-0.36676587301587293,4860.5165400000005,1.1561970452761543,1.0368817042433813
2025-05-31,79864,VSEC,V S E CORP,20,-0.03,0.13317199999999998,-0.38551587301587303,2367.1284,1.3569996247725595,1.1633059179734047
2025-05-31,80128,VMI,VALMONT INDUSTRIES INC,20,0.03,0.080889,0.29944444444444446,5885.218620000001,1.1087377897596085,1.150395178154736
2025-05-31,82307,DVA,DAVITA INC,35,0.03,-0.041129,0.3161111111111112,10879.95765,1.1265349232611193,0.5573349221988765
2025-05-31,82702,AMRX,AMNEAL PHARMACEUTICALS INC,35,0.03,-0.048143000000000005,0.3016468253968254,2400.7972,1.1223216302586603,0.7025377914373191
2025-05-31,83601,WOR,WORTHINGTON ENTERPRISES INC,20,0.013949943451895593,0.15978199999999998,0.26998015873015874,2527.2977100000003,1.174501582872259,1.0846931065553427
2025-05-31,84827,RMBS,RAMBUS INC,45,0.03,0.09216400000000001,0.11571428571428573,5240.63148,1.2592895320003639,1.8744435733862093
2025-05-31,85621,MTD,METTLER TOLEDO INTERNATIONAL INC,35,0.03,0.07559300000000001,0.24686507936507932,22311.74937,1.3348086329847109,1.1790452289129896
2025-05-31,86211,MSTR,MICROSTRATEGY INC,45,-0.03,-0.032827999999999996,-0.7763888888888888,96316.45301,3.9955905689736464,2.5403899216809984
2025-05-31,86594,KFY,KORN FERRY,20,0.026050056548103686,0.098512,0.3079761904761905,3186.5582000000004,1.4428446211655308,0.9015533888982247
2025-05-31,87430,KTOS,KRATOS DEFENSE & SECUR SOLS INC,20,-0.03,0.088148,-0.3918253968253968,5180.895964999999,1.0947816106007047,1.092083779075089
2025-05-31,88159,EXEL,EXELIXIS INC,35,0.03,0.09560400000000001,0.44440476190476186,10767.54195,0.2333766416680028,0.48607080182481904
2025-05-31,89297,CCOI,COGENT COMMUNICATIONS HLDS INC,50,-0.03,-0.14422000000000001,-0.3069444444444444,2681.4659500000002,0.7075716659299186,0.6833241347261274
2025-05-31,89301,GME,GAMESTOP CORP NEW,25,-0.03,0.065877,-0.45952380952380956,12461.805859999999,1.752434892921734,1.1048380971440734
2025-05-31,89916,NXST,NEXSTAR MEDIA GROUP INC,50,0.03,0.147111,0.46174603174603174,4518.0857399999995,1.0667933891789367,0.9211316122108639
2025-05-31,90319,GOOGL,ALPHABET INC,50,0.03,0.077729,0.3168849206349207,924216.0000000001,0.9457522682459348,1.009845814336948
2025-05-31,90436,HALO,HALOZYME THERAPEUTICS INC,35,0.03,-0.090862,0.2983928571428572,7568.23382,1.2642385302642094,0.8196040610325908
2025-05-31,90564,PBH,PRESTIGE CONSUMER HEALTHCARE INC,35,0.03,0.050903000000000004,0.3686904761904762,4023.97174,0.42862520913526275,0.42531256434541004
2025-05-31,91080,HEES,H & E EQUIPMENT SERVICES INC,20,0.03,0.03901,-0.01801587301587301,3293.06327,1.8790659212556386,2.3435990097258226
2025-05-31,91594,SPR,SPIRIT AEROSYSTEMS HOLDINGS INC,20,-0.03,0.034575999999999996,-0.40920634920634924,4223.484,1.658900961298888,0.6835972943431103
2025-05-31,91733,AVAV,AEROVIRONMENT INC,20,-0.03,0.171203,-0.47825396825396826,4283.16736,0.836186752496238,1.0876614905335114
2025-05-31,91832,MDGL,MADRIGAL PHARMACEUTICALS INC,35,-0.03,-0.179403,-0.25545634920634924,7413.8037300000005,-0.2711424147347539,0.24901731142410477
2025-05-31,93330,PRI,PRIMERICA INC,40,0.0051531975896854315,0.03279,0.377281746031746,8672.42044,1.0003763764570845,0.7908713681259645
2025-06-30,10032,PLXS,PLEXUS CORP,45,0.03,0.027446,0.3819436345966958,3555.8333999999995,0.8044042406103632,0.9696838981056094
2025-06-30,10693,EHC,ENCOMPASS HEALTH CORP,35,0.03,0.0109,0.3302040816326531,12186.3573,0.8586234872908532,0.5839569206223717
2025-06-30,11691,MATX,MATSON INC,20,0.03,-0.016701,0.30517006802721086,3683.9882500000003,1.3023442990129952,0.9877846141898643
2025-06-30,13046,UI,UBIQUITI INC,45,0.03,0.037978,0.2942468415937804,23911.487390000002,1.423096056693675,1.2211339696199475
2025-06-30,13730,PBF,P B F ENERGY INC,10,-0.03,0.134124,-0.337220602526725,2203.07535,0.9054986109837767,0.7366538986331381
2025-06-30,13837,EVTC,EVERTEC INC,40,0.03,-0.008377,0.37481049562682217,2318.72,0.9707011177762632,0.8319109760436272
2025-06-30,13963,NWSA,NEWS CORP NEW,50,0.03,0.048999,0.29941690962099127,10652.21272,1.222876481207835,0.7508862929457059
2025-06-30,13967,PTCT,P T C THERAPEUTICS INC,35,0.03,0.003186,0.27869776482021374,3845.5496400000006,0.5299435968423253,0.9211775788028013
2025-06-30,14813,MARA,MARA HOLDINGS INC,45,-0.029434387998561705,0.107073,-0.7662390670553936,4969.22336,6.984330479926345,2.153936198555046
2025-06-30,14960,ENVA,ENOVA INTERNATIONAL INC,40,0.03,0.200001,0.3280272108843537,2350.7598900000003,1.5023455632245837,1.1440641249422847
2025-06-30,15058,SLNO,SOLENO THERAPEUTICS INC,35,-0.03,0.138786,-0.29856171039844515,3696.3998999999994,-0.7405529431122382,0.15265689670843482
2025-06-30,15284,BPMC,BLUEPRINT MEDICINES CORP,35,-0.03,0.261317,-0.5682215743440233,6545.385699999999,0.8853632277879867,0.9321848205581162
2025-06-30,15293,NEXT,NEXTDECADE CORP,10,-0.03,0.072678,-0.41082604470359574,2160.03672,1.2402042513347018,0.8369588935401687
2025-06-30,15303,VKTX,VIKING THERAPEUTICS INC,35,-0.03,-0.014603000000000001,-0.4696793002915452,3009.9080000000004,0.6419801247244196,0.8796018503072838
2025-06-30,15535,OLLI,OLLIES BARGAIN OUTLET HLD INC,25,-0.03,0.179005,-0.2779980563654033,6836.45445,0.3369429799401113,0.7652833428735883
2025-06-30,16653,HCC,WARRIOR MET COAL INC,15,-0.030000000000000027,0.004952,-0.2730612244897959,2388.8065500000002,0.7450660204760102,0.6281888247434119
2025-06-30,16738,AM,ANTERO MIDSTREAM CORP,10,0.03,0.005642999999999999,0.39819241982507286,8999.732820000001,1.0321997648389827,0.5998214366074812
2025-06-30,16771,MGY,MAGNOLIA OIL & GAS CORP,10,0.03,0.042172,0.31912536443148687,4019.4035000000003,1.3356003428123506,0.8210576451430409
2025-06-30,17223,ADT,A D T INC,25,0.03,0.021423,0.3566180758017493,6504.29312,1.2087463933061564,0.7341770040283881
2025-06-30,17332,VCTR,VICTORY CAPITAL HOLDINGS INC,40,0.03,0.031445999999999995,0.29339164237123416,4169.30436,1.059519127050659,1.2233701541293562
2025-06-30,17341,ZS,ZSCALER INC,45,-0.03,0.135292,-0.44460641399416906,42925.3872,1.1719330541119166,1.2669513587031072
2025-06-30,17959,CRNX,CRINETICS PHARMACEUTICALS INC,35,-0.03,-0.060767,-0.4245092322643342,2858.1768,0.3141410014183325,0.7849941986444744
2025-06-30,18772,AKRO,AKERO THERAPEUTICS INC,35,-0.03,0.071314,-0.4273080660835763,3957.9987,0.28360539321716766,0.7533415327765438
2025-06-30,18835,DKNG,DRAFTKINGS INC,25,-0.009999999999999995,0.191964,-0.42532555879494655,17806.741680000003,1.7222242926870472,1.2550688622968476
2025-06-30,19488,RNA,AVIDITY BIOSCIENCES INC,35,-0.03,-0.086689,-0.6472886297376094,3734.26724,0.9963021202218211,0.9812544131923898
2025-06-30,19561,BA,BOEING CO,20,-0.03,0.007250999999999999,-0.4407968901846453,156320.3166,1.4286716405766053,1.1028779358231016
2025-06-30,19565,NCNO,NCINO INC NEW,45,-0.010192331506152473,0.060089,-0.2895821185617104,3049.2745999999997,0.7785387298355929,1.0464647238206697
2025-06-30,19655,STEP,STEPSTONE GROUP INC,40,-0.03,-0.032631,-0.4593391642371234,4440.62385,1.3748807344008944,1.383438844195225
2025-06-30,20067,SOFI,SOFI TECHNOLOGIES INC,40,-0.03,0.365764,-0.5608357628765792,14701.327900000002,2.288932309257632,1.754002758711052
2025-06-30,20894,APP,APPLOVIN CORP,45,0.029626719504714186,-0.11262,-0.04174927113702628,120925.314,2.46859440981486,2.555600586897943
2025-06-30,20930,SOC,SABLE OFFSHORE CORP,10,-0.03,-0.239684,-0.4021963070942662,2823.57702,0.6814179560790378,0.9308581797970636
2025-06-30,21357,DOCS,DOXIMITY INC,35,0.03,0.17416800000000002,0.02625850340136055,7131.485630000001,1.3758356387011896,1.6298725623500088
2025-06-30,21415,S,SENTINELONE INC,45,-0.03,0.034637999999999995,-0.34870748299319726,5605.9673999999995,0.8380797689026536,1.304957584335439
2025-06-30,21619,OKLO,OKLO INC,55,-0.03,0.058616999999999995,-0.47317784256559764,7338.887600000001,0.7183179708998189,1.291228899734855
2025-06-30,21927,DJT,TRUMP MEDIA & TECH GRP CORP,50,-0.03,-0.157652,-0.4374149659863945,4705.93125,2.0872151841132514,0.6624360182550533
2025-06-30,22758,ACLX,ARCELLX INC,35,-0.03,0.057661,-0.4469582118561711,3419.94042,0.23829319836779905,0.6746686257357549
2025-06-30,27422,CLF,CLEVELAND CLIFFS INC NEW,15,-0.03,0.300193,-0.5817103984450923,2883.84448,1.8726509557646351,1.5791400016547419
2025-06-30,49429,DDS,DILLARDS INC,25,0.03,0.052294999999999994,0.3194752186588921,4637.79022,1.0871954313705987,0.9725540451914255
2025-06-30,56223,LPX,LOUISIANA PACIFIC CORP,15,0.03,-0.048707,0.30134110787172014,6267.881229999999,1.8629140132510293,0.9537138326736585
2025-06-30,64282,BBWI,BATH & BODY WORKS INC,25,0.03,0.070027,0.20295432458697768,5950.52944,1.742682299783704,1.3264135340846217
2025-06-30,65700,USLM,UNITED STATES LIME MINERALS INC,15,0.03,-0.032403,0.3575510204081632,2942.89974,1.0193582563548134,1.0109211374539033
2025-06-30,75510,ADBE,ADOBE INC,45,0.03,-0.07136999999999999,0.3617103984450924,177243.43,1.4610284960927453,1.1405343580622052
2025-06-30,76644,X,UNITED STATES STEEL CORP NEW,15,-0.03,0.018516,-0.4027405247813411,12185.87058,1.858329958237422,1.0041225490907475
2025-06-30,76661,IONS,IONIS PHARMACEUTICALS INC,35,-0.03,0.175642,-0.43039844509232267,5333.418089999999,0.20587276312090158,0.7007271998111064
2025-06-30,76721,CRVL,CORVEL CORP,35,0.03,-0.07970999999999999,0.33084548104956263,5713.8257699999995,1.0184005521141313,0.6883476712228802
2025-06-30,76804,MTG,M G I C INVESTMENT CORP WIS,40,0.03,0.049143,0.4033624878522838,6280.2086500000005,0.8788836935224649,0.748642746497651
2025-06-30,77584,BKE,BUCKLE INC,25,0.03,0.060895,0.3612244897959185,2179.88499,1.1513027495535142,0.7902219792865536
2025-06-30,79859,FLG,FLAGSTAR FINANCIAL INC,40,-0.009999999999999995,-0.08248799999999999,-0.2870165208940719,4781.7216,1.1632599197813154,0.8642890298616732
2025-06-30,80128,VMI,VALMONT INDUSTRIES INC,20,0.03,0.025503,0.31321671525753164,6383.380840000001,1.1423904356433776,1.0321212649551086
2025-06-30,81282,ACIW,A C I WORLDWIDE INC,45,0.03,-0.010975,0.364178814382896,4852.674,1.0585121642574569,0.9997672720400387
2025-06-30,81736,RMD,RESMED INC,35,0.03,0.050556,0.2729834791059281,35892.82333,0.7853038476098071,0.7468044940842133
2025-06-30,82702,AMRX,AMNEAL PHARMACEUTICALS INC,35,0.03,0.10178200000000001,0.25451895043731776,2294.2344000000003,0.9862012014261189,0.6820069583436931
2025-06-30,82800,SCCO,SOUTHERN COPPER CORP,15,0.03,0.10945,0.3457531584062196,73097.82187999999,0.9927679599150868,0.9486187933679966
2025-06-30,83779,PEGA,PEGASYSTEMS INC,45,0.03,0.099597,0.2549854227405247,8354.42985,1.1521292648970365,1.4761300248150448
2025-06-30,84827,RMBS,RAMBUS INC,45,0.03,0.19389800000000001,0.168843537414966,5743.319640000001,1.208028002520841,1.8625685839097144
2025-06-30,86594,KFY,KORN FERRY,20,0.03,0.074815,0.3018464528668611,3512.44446,1.4563199757671583,0.8799041982563713
2025-06-30,87056,BMRN,BIOMARIN PHARMACEUTICAL INC,35,0.009999999999999995,-0.056793,0.2970068027210884,11136.43232,0.17627646598797048,0.5533936101387319
2025-06-30,87430,KTOS,KRATOS DEFENSE & SECUR SOLS INC,20,-0.03,0.25574,-0.42031098153547136,5660.51227,1.0448818493172287,1.0513833875227634
2025-06-30,88159,EXEL,EXELIXIS INC,35,0.03,0.020638,0.4011078717201166,11737.352320000002,0.26742764954274534,0.567396054512628
2025-06-30,88351,INSM,INSMED INC,35,-0.03,0.439872,-0.4477162293488824,12700.55247,0.8319355713986758,0.49018340013032424
2025-06-30,89297,CCOI,COGENT COMMUNICATIONS HLDS INC,50,-0.020373280495285084,0.051283999999999996,-0.3206025267249757,2255.1942700000004,0.676580942166181,0.7256574632578093
2025-06-30,89301,GME,GAMESTOP CORP NEW,25,-0.03,-0.184953,-0.40299319727891164,13329.5698,1.8595133579188166,0.7029091205698881
2025-06-30,90126,CYTK,CYTOKINETICS INC,35,-0.03,0.061709999999999994,-0.3713702623906706,3704.62554,0.6237734099064779,0.5441286469056823
2025-06-30,90319,GOOGL,ALPHABET INC,50,0.00037328049528508045,0.023959,0.24406219630709422,999526.8,0.9487974966710415,1.0362187143198647
2025-06-30,91516,AWI,ARMSTRONG WORLD INDS INC NEW,20,0.03,0.040348999999999996,0.3451700680272109,6758.54401,1.365903426543485,0.7603843501437993
2025-06-30,91606,CPRX,CATALYST PHARMACEUTICALS INC,35,0.03,-0.134018,0.2934305150631681,3044.496,0.7349716989515714,0.7451295713141747
2025-06-30,91611,FSLR,FIRST SOLAR INC,45,-0.03,0.043781999999999995,-0.33366375121477165,16953.131520000003,1.5595528439244124,1.0987953533873946
2025-06-30,91733,AVAV,AEROVIRONMENT INC,20,-0.03,0.597164,-0.4568513119533527,5032.5520400000005,0.8378695148073653,1.0569330406229065
2025-06-30,91907,SMCI,SUPER MICRO COMPUTER INC,45,-0.03,0.221229,-0.6139747327502428,23884.65636,1.3135809045154605,2.164757731987651
2025-06-30,92326,CVI,C V R ENERGY,10,-0.020000000000000004,0.144517,-0.3337026239067056,2351.42009,1.1589225968035006,0.8197504278547397
2025-06-30,92469,SATS,ECHOSTAR CORP,50,-0.03,0.558915,-0.43838678328474234,2766.4119,0.7510768610523993,1.0420080188674758
2025-07-31,10032,PLXS,PLEXUS CORP,45,0.03,-0.061187,0.3908105615127407,3651.34035,0.7919520546856239,0.947969429301472
2025-07-31,10693,EHC,ENCOMPASS HEALTH CORP,35,0.03,-0.104296,0.34488258580268266,12360.73611,0.8665858287592154,0.5584669050862034
2025-07-31,11691,MATX,MATSON INC,20,0.03,-0.04451,0.42497790076482567,3635.02075,1.2783115334481057,0.9373055224693254
2025-07-31,13046,UI,UBIQUITI INC,45,0.03,0.054397,0.3466889580691034,24901.12015,1.4222359326986735,1.2140462022780176
2025-07-31,13318,YELP,YELP INC,50,0.03,0.0012010000000000002,0.4114493254929091,2187.8653400000003,1.053282233135568,0.787548038706954
2025-07-31,13543,GMED,GLOBUS MEDICAL INC,35,0.03,-0.111736,0.2173988239363542,6666.2499800000005,1.1751678122934064,0.9403408182480302
2025-07-31,13730,PBF,P B F ENERGY INC,10,-0.03,0.039449,-0.34117375763864866,2506.0704900000005,0.9337249398712011,0.6779809841826376
2025-07-31,13802,APAM,ARTISAN PARTNERS ASSET MGMT INC,40,0.03,0.017285000000000002,0.2892693800684115,3122.0732399999997,1.6684985624474482,1.1292807442372534
2025-07-31,13837,EVTC,EVERTEC INC,40,0.03,-0.0006940000000000002,0.3812021983934817,2307.2,0.9618579555044116,0.8051555751756798
2025-07-31,13967,PTCT,P T C THERAPEUTICS INC,35,0.03,0.063485,0.3797801606518313,3876.8215200000004,0.5246204763501212,0.8765847728269583
2025-07-31,14813,MARA,MARA HOLDINGS INC,45,-0.005938534724633819,0.022042000000000003,-0.7562358276643991,5681.45984,6.892492935722068,2.1977481743094835
2025-07-31,15058,SLNO,SOLENO THERAPEUTICS INC,35,-0.03,0.02864,-0.34693877551020413,4225.61186,-0.6633317951118685,0.136531668128135
2025-07-31,15284,BPMC,BLUEPRINT MEDICINES CORP,35,-0.03,0.0029289999999999997,-0.6202390560744071,8278.12076,0.9271467690924677,1.0235081377421096
2025-07-31,15293,NEXT,NEXTDECADE CORP,10,-0.03,0.27150399999999997,-0.42795649333179614,2324.6189999999997,1.1922258403017354,0.8014700166078527
2025-07-31,15303,VKTX,VIKING THERAPEUTICS INC,35,-0.03,0.225589,-0.4937161305200046,2976.745,0.6202335391440829,0.8621643840422105
2025-07-31,15623,HLI,HOULIHAN LOKEY INC,40,0.03,0.056049,0.3505323033168069,9679.510499999999,0.822312881566535,0.8568030443838635
2025-07-31,16653,HCC,WARRIOR MET COAL INC,15,-0.03,0.117632,-0.2747223183058534,2408.77897,0.7251922942898331,0.5559686104818563
2025-07-31,16738,AM,ANTERO MIDSTREAM CORP,10,0.03,-0.022275999999999997,0.3992659210576886,9081.20005,1.011349353668375,0.5827658983126555
2025-07-31,16771,MGY,MAGNOLIA OIL & GAS CORP,10,0.03,0.056141,0.316883815673162,4202.613520000001,1.3199006608415111,0.773414910462937
2025-07-31,17332,VCTR,VICTORY CAPITAL HOLDINGS INC,40,0.03,0.078831,0.3089088742841769,4261.17842,1.0503439368378122,1.1873659146390994
2025-07-31,17341,ZS,ZSCALER INC,45,-0.03,-0.09386699999999999,-0.43010876667051,48879.20224,1.1823491111248678,1.3000347517851083
2025-07-31,17959,CRNX,CRINETICS PHARMACEUTICALS INC,35,-0.002456589905009723,-0.009379,-0.4011683769553019,2707.0637600000005,0.2834313448220778,0.7732611821281742
2025-07-31,18726,CRWD,CROWDSTRIKE HOLDINGS INC,45,-0.03,-0.110947,-0.487835812291018,126944.49888,1.2022586050151454,1.4122694046396365
2025-07-31,18770,BBIO,BRIDGEBIO PHARMA INC,35,-0.03,0.091252,-0.5015181213728429,8254.41834,1.3112309091540955,0.872581791011636
2025-07-31,18772,AKRO,AKERO THERAPEUTICS INC,35,-0.03,-0.087988,-0.39159844728851995,4264.47784,0.29524338736365363,0.7235664118909421
2025-07-31,18835,DKNG,DRAFTKINGS INC,25,-0.03,0.04666,-0.4801683385218494,21275.62739,1.7741354871171602,1.2667272919466535
2025-07-31,19393,BMY,BRISTOL MYERS SQUIBB CO,35,0.03,-0.055480999999999996,0.3722472039663323,94203.89949,0.3492111668965583,0.3311352159243074
2025-07-31,19488,RNA,AVIDITY BIOSCIENCES INC,35,-0.03,0.28913799999999995,-0.6223528959606442,3430.0952,0.9600736200147458,0.8723588641289964
2025-07-31,19561,BA,BOEING CO,20,-0.03,0.055283,-0.5085514431761405,157986.66765,1.3885735378886528,1.097104695804273
2025-07-31,19577,RKT,ROCKET COMPANIES INC,40,-0.03,0.03814,-0.5372612321764864,2146.19972,2.3085746135373366,1.0513769609713606
2025-07-31,20067,SOFI,SOFI TECHNOLOGIES INC,40,-0.03,0.23651,-0.6337868480725624,20275.79703,2.3888451663041366,1.7788440096266787
2025-07-31,20583,EXE,EXPAND ENERGY CORP,10,-0.020000000000000004,-0.10745299999999999,-0.27883469772089625,27765.88278,0.47089887280537507,0.5488553132695446
2025-07-31,20894,APP,APPLOVIN CORP,45,0.03,0.112563,-0.018467273915215823,107883.80351999999,2.3630528121533114,2.553752793611449
2025-07-31,20930,SOC,SABLE OFFSHORE CORP,10,-0.03,0.391891,-0.379318959222107,2156.43582,0.5633825623570275,0.9111230708599951
2025-07-31,21619,OKLO,OKLO INC,55,-0.03,0.364455,-0.4736730850532303,8185.570030000001,0.7006862570319238,1.2695171231236333
2025-07-31,21903,SLVM,SYLVAMO CORP,15,0.03,-0.075957,0.39776701641108414,2040.2223,0.9004321585178744,0.7401635184224716
2025-07-31,21927,DJT,TRUMP MEDIA & TECH GRP CORP,50,-0.03,-0.028412999999999997,-0.432741458165187,5002.6723999999995,1.969848315736314,0.6238885416673902
2025-07-31,22220,NN,NEXTNAV INC,45,-0.03,-0.030442,-0.4326261578077558,2021.8279999999997,1.2253904793030688,0.9145868191046859
2025-07-31,22758,ACLX,ARCELLX INC,35,-0.03,0.080663,-0.39240554979053766,3646.1803499999996,0.2384108553879516,0.6659733284859534
2025-07-31,26403,DIS,DISNEY WALT CO,50,0.021604875370355735,-0.042981,0.2979553403282217,222938.48146,1.5708698521053706,0.9131069493511581
2025-07-31,27422,CLF,CLEVELAND CLIFFS INC NEW,15,-0.03,0.380743,-0.6142818709404666,3759.3856,1.9301359576674677,1.651259309396312
2025-07-31,42585,SJM,SMUCKER J M CO,30,-0.01160487537035574,0.089607,-0.1629962719551097,10476.3688,0.28626683522190655,0.1438260970475335
2025-07-31,46886,KLAC,K L A CORP,45,0.03,-0.022123,0.17662093085821898,118258.28202,1.360686135660517,1.7043273048385414
2025-07-31,49429,DDS,DILLARDS INC,25,0.03,0.114044,0.41290979668703637,4868.13733,1.0956275253365635,0.9287458679866144
2025-07-31,56223,LPX,LOUISIANA PACIFIC CORP,15,0.03,0.047933,0.3341596525615896,5983.95811,1.8173104304301797,0.9206860363460599
2025-07-31,65700,USLM,UNITED STATES LIME MINERALS INC,15,0.03,-0.005672,0.3333141166070948,2858.272,0.9799392248931625,0.9878412913755776
2025-07-31,76661,IONS,IONIS PHARMACEUTICALS INC,35,-0.03,0.084358,-0.44594334909104877,6289.8734699999995,0.24923860931636038,0.6930695281019345
2025-07-31,76721,CRVL,CORVEL CORP,35,0.03,-0.141433,0.3892732234136593,5275.1835,0.9768133412462481,0.6785063562476115
2025-07-31,76804,MTG,M G I C INVESTMENT CORP WIS,40,0.020000000000000004,-0.073152,0.3779930051116492,6610.24608,0.8806754811704509,0.7259185455309689
2025-07-31,77584,BKE,BUCKLE INC,25,0.020000000000000004,0.093237,0.3632729928129444,2319.9699499999997,1.1400467758604214,0.7519797430451547
2025-07-31,79859,FLG,FLAGSTAR FINANCIAL INC,40,-0.03,0.061626,-0.36634766901110727,4399.848,1.1285073809846207,0.8108995382024091
2025-07-31,80128,VMI,VALMONT INDUSTRIES INC,20,0.03,0.110994,0.3184788039509589,6554.58647,1.135060672776127,1.0012383650351582
2025-07-31,81282,ACIW,A C I WORLDWIDE INC,45,0.03,-0.076437,0.4548791267919597,4747.69083,1.0456467008141617,0.9767256717078591
2025-07-31,81736,RMD,RESMED INC,35,0.012456589905009717,0.050563000000000004,0.27147469157154386,37829.766,0.7701761786051075,0.696266977280388
2025-07-31,83601,WOR,WORTHINGTON ENTERPRISES INC,20,0.03,-0.029709,0.2943041623429033,3176.71788,1.1652201625670457,0.9895868347794194
2025-07-31,84827,RMBS,RAMBUS INC,45,0.025938534724633824,0.151327,0.13945578231292516,6888.167879999999,1.24855243757305,1.8410114390978156
2025-07-31,85072,RL,RALPH LAUREN CORP,25,0.03,0.085747,0.2700142203774165,10612.44176,1.498734529087542,1.134154543804482
2025-07-31,86211,MSTR,MICROSTRATEGY INC,45,-0.03,-0.009331,-0.7172066566739691,105632.57514,3.9416075037167895,2.354516381735223
2025-07-31,87430,KTOS,KRATOS DEFENSE & SECUR SOLS INC,20,-0.03,0.260256,-0.4974826088627542,7821.1581,1.1200142831544453,1.0663454063427036
2025-07-31,88159,EXEL,EXELIXIS INC,35,0.03,-0.181687,0.40956608632153424,11906.067900000002,0.272655905399495,0.5953363979161519
2025-07-31,88351,INSM,INSMED INC,35,-0.03,0.06251,-0.5418348130212537,21246.21104,0.9282830377689805,0.5864980019537441
2025-07-31,89297,CCOI,COGENT COMMUNICATIONS HLDS INC,50,-0.03,-0.057814,-0.30051116491794455,2374.14966,0.6836079673831724,0.6869803035715564
2025-07-31,90126,CYTK,CYTOKINETICS INC,35,-0.03,0.135757,-0.36561743341404357,3951.71616,0.6166767034522509,0.5290429407061299
2025-07-31,90377,ONTO,ONTO INNOVATION INC,45,0.03,-0.064699,0.07365771167223947,4932.852820000001,1.4170515584193435,2.178408473423824
2025-07-31,90436,HALO,HALOZYME THERAPEUTICS INC,35,0.03,0.149358,0.3115031323263768,6118.6444200000005,1.1535701067288957,0.8725218528088663
2025-07-31,90564,PBH,PRESTIGE CONSUMER HEALTHCARE INC,35,0.03,-0.077357,0.3909642953226488,3945.7877499999995,0.4182273755055959,0.38767291184605496
2025-07-31,91606,CPRX,CATALYST PHARMACEUTICALS INC,35,0.03,-0.020519,0.3096775433337177,2655.7762,0.6770732413938013,0.7302642302196025
2025-07-31,91733,AVAV,AEROVIRONMENT INC,20,-0.03,-0.06421600000000001,-0.4144471347861179,13020.22035,0.9803035212300756,1.1458415020276616
2025-07-31,91832,MDGL,MADRIGAL PHARMACEUTICALS INC,35,-0.03,-0.003898,-0.29743648871978173,6724.9634399999995,-0.4388686307983916,0.22679764045258816
2025-07-31,91907,SMCI,SUPER MICRO COMPUTER INC,45,-0.03,0.199756,-0.6165878780890888,29118.654369999997,1.3411752830547974,2.146164363593614
2025-07-31,92469,SATS,ECHOSTAR CORP,50,-0.03,0.173066,-0.46823475152772975,4329.4823,0.9133438404542408,1.1969436365804622
2025-08-31,13046,UI,UBIQUITI INC,45,0.03,0.208977,0.32579429186860526,26342.01577,1.4324731460452347,1.2328485495419883
2025-08-31,13318,YELP,YELP INC,50,0.03,-0.08542,0.3989922301715517,2198.08006,1.0449752224192188,0.7875874701090325
2025-08-31,13967,PTCT,P T C THERAPEUTICS INC,35,0.03,-0.057154,0.28413724132625584,4136.38758,0.5682573180264497,0.9050775058224441
2025-08-31,14229,OMF,ONEMAIN HOLDINGS INC,40,0.03,0.086559,0.2685591199323025,6869.4973,1.3269485551333413,1.232128933718387
2025-08-31,14472,VRNS,VARONIS SYSTEMS INC,45,-0.03,0.053333,-0.3337564428032926,6255.58401,0.7962744233912867,0.9099108199166762
2025-08-31,14593,AAPL,APPLE INC,45,0.03,0.115845,0.3494691899376875,3080419.7523,1.1085691747903847,1.1286677382781276
2025-08-31,14960,ENVA,ENOVA INTERNATIONAL INC,40,0.020000000000000004,0.156294,0.26598199861527805,2615.35928,1.5345951354320981,1.1474841127936
2025-08-31,15058,SLNO,SOLENO THERAPEUTICS INC,35,-0.03,-0.221221,-0.3732402492499422,4564.92424,-0.5863252964744923,0.13552187056118534
2025-08-31,15293,NEXT,NEXTDECADE CORP,10,-0.03,-0.060143,-0.44739979998461415,2976.1836799999996,1.341575878554291,0.8460215819542244
2025-08-31,15303,VKTX,VIKING THERAPEUTICS INC,35,-0.03,-0.173286,-0.4604008000615432,3662.33365,0.6699348875996362,0.8174655541319041
2025-08-31,16126,AZZ,A Z Z INC,20,0.03,0.027154,0.3255827371336257,3286.533,1.3118725292957631,1.0025360168404762
2025-08-31,16653,HCC,WARRIOR MET COAL INC,15,-0.020000000000000004,0.18772,-0.3109854604200323,2700.48142,0.738824623968768,0.5837158353305908
2025-08-31,16738,AM,ANTERO MIDSTREAM CORP,10,0.03,-0.034323,0.4454573428725287,8780.49335,0.9749262297317856,0.6227226401037304
2025-08-31,16967,CARG,CARGURUS INC,50,0.03,0.050429999999999996,0.2861373951842449,2791.14408,1.463077572189821,1.1319760585966996
2025-08-31,17959,CRNX,CRINETICS PHARMACEUTICALS INC,35,-0.03,0.08014,-0.414454958073698,2692.49184,0.3627662157257152,0.8026498825870517
2025-08-31,18428,DOW,DOW INC,15,-0.03,0.068758,-0.4979229171474729,16508.97676,0.8556919364390179,1.126342732068329
2025-08-31,18726,CRWD,CROWDSTRIKE HOLDINGS INC,45,-0.03,-0.071715,-0.4148396030463881,114018.42938999999,1.1796849712191866,1.3194351395880222
2025-08-31,18770,BBIO,BRIDGEBIO PHARMA INC,35,-0.03,0.091181,-0.45818909146857445,9036.558630000001,1.392015427114965,0.8897262761050384
2025-08-31,18835,DKNG,DRAFTKINGS INC,25,-0.03,0.06147,-0.4572467112854835,22342.137039999998,1.808412491701817,1.2871179259939904
2025-08-31,19076,ASTS,A S T SPACEMOBILE INC,50,-0.03,-0.083361,-0.5727555965843526,14303.687059999998,2.4742276692739726,1.6321373542972977
2025-08-31,19187,CLSK,CLEANSPARK INC,45,-0.013364470989740411,-0.170911,-0.6505115778136779,3195.69768,4.099606689943721,2.1640710085578996
2025-08-31,19488,RNA,AVIDITY BIOSCIENCES INC,35,-0.03,0.265059,-0.6510500807754445,4722.85163,0.9981354297591511,0.9115028673553943
2025-08-31,19577,RKT,ROCKET COMPANIES INC,40,-0.03,0.199309,-0.5158858373721055,3762.59842,2.3092759769438573,1.0746792711264528
2025-08-31,20295,CIFR,CIPHER MINING INC,45,-0.03,0.395462,-0.6416839756904377,2111.7041400000003,2.885484255680455,2.1596014832507158
2025-08-31,20648,RBLX,ROBLOX CORP,50,-0.03,-0.099603,-0.5298099853834911,86806.45989,1.650082060780904,1.1939985791579597
2025-08-31,20894,APP,APPLOVIN CORP,45,0.03,0.22114999999999999,-0.013597199784598803,120193.3852,2.366032190581012,2.5830677553473773
2025-08-31,20930,SOC,SABLE OFFSHORE CORP,10,-0.03,-0.124118,-0.41960920070774677,3009.00303,0.5968376210924198,0.9406081199956069
2025-08-31,21178,LMT,LOCKHEED MARTIN CORP,20,-0.03,0.078503,-0.15220401569351488,98284.0957,0.22962577141449705,0.27312581500599936
2025-08-31,21415,S,SENTINELONE INC,45,-0.019278959835185683,0.024548,-0.3805677359796907,5838.3556,0.8395941072784514,1.2719700593102155
2025-08-31,21619,OKLO,OKLO INC,55,-0.03,-0.042322000000000005,-0.48076775136548966,11197.22823,0.7336328208663098,1.2842801248099933
2025-08-31,21927,DJT,TRUMP MEDIA & TECH GRP CORP,50,-0.03,-0.007216,-0.42584044926532816,4873.60853,1.960308513649129,0.5985628303533946
2025-08-31,22758,ACLX,ARCELLX INC,35,-0.009999999999999263,-0.03182,-0.37783675667359035,3952.9356900000002,0.2421891741808397,0.6735233217643206
2025-08-31,26403,DIS,DISNEY WALT CO,50,0.03,-0.009934,0.32840987768289864,214129.52606,1.5770172532139493,0.9183145300908068
2025-08-31,35263,TRMK,TRUSTMARK CORP,40,0.03,0.083712,0.42437879836910536,2248.6707499999998,0.7344200976285897,0.7077246446290304
2025-08-31,37568,FELE,FRANKLIN ELECTRIC INC,20,0.03,0.040769999999999994,0.37475959689206867,4179.36575,1.0860131297411844,0.8679235096038274
2025-08-31,42439,HNI,H N I CORP,20,0.03,-0.123549,0.4051273174859605,2356.15776,0.9399925649527434,0.6946174664055529
2025-08-31,42585,SJM,SMUCKER J M CO,30,-0.03,0.035952,-0.1937841372413263,11451.46056,0.28519463208852847,0.1512409091252131
2025-08-31,46886,KLAC,K L A CORP,45,0.03,-0.009669,0.20420801600123087,115997.67783,1.378761743211281,1.64283256905845
2025-08-31,48486,LRCX,LAM RESH CORP,45,0.03,0.052183999999999994,0.24184552657896763,120327.3016,1.6030838434454517,1.7457376187526943
2025-08-31,68196,SEIC,S E I INVESTMENTS CO,40,0.03,-0.001989,0.3389876144318794,10893.835000000001,0.9201943816721879,0.8943231575455171
2025-08-31,75510,ADBE,ADOBE INC,45,0.03,-0.006573,0.32948688360643136,151732.098,1.4232678739849722,1.08638408565973
2025-08-31,76573,MLI,MUELLER INDUSTRIES INC,20,0.020000000000000004,0.12000899999999999,0.3276021232402493,9450.54437,1.0155640678841156,0.9806335370463835
2025-08-31,76708,ATGE,ADTALEM GLOBAL EDUCATION INC,25,0.03,0.14216499999999999,0.41118547580583126,4105.49256,0.8655130917395334,0.6864687203470815
2025-08-31,76721,CRVL,CORVEL CORP,35,0.03,0.0012740000000000004,0.3538541426263559,4547.3949999999995,0.9486971597456545,0.6595606860917577
2025-08-31,77357,SNPS,SYNOPSYS INC,45,-0.03,-0.051084000000000004,-0.4329563812600969,117483.34620000001,1.1203573611360096,1.4641410406909958
2025-08-31,77584,BKE,BUCKLE INC,25,0.020000000000000004,0.142438,0.3867220555427341,2525.6210899999996,1.1644491495746454,0.7363630612991798
2025-08-31,79859,FLG,FLAGSTAR FINANCIAL INC,40,-0.03,0.131713,-0.36333564120316947,4686.253199999999,1.1367831875816379,0.7846732587712412
2025-08-31,81282,ACIW,A C I WORLDWIDE INC,45,0.03,0.15573399999999998,0.4453034848834525,4401.25728,1.0625311208230406,0.9913928968237549
2025-08-31,81593,COOP,MR COOPER GROUP INC,40,-0.03,0.206894,-0.31779367643664896,9964.98996,0.995847573559553,0.7678356528440754
2025-08-31,81736,RMD,RESMED INC,35,0.019999999999999258,0.007773,0.2827525194245711,39873.746380000004,0.7685847039405718,0.6689025672037525
2025-08-31,82702,AMRX,AMNEAL PHARMACEUTICALS INC,35,0.03,0.218701,0.29386875913531807,2456.09778,1.0538688843415245,0.6795611182446197
2025-08-31,83601,WOR,WORTHINGTON ENTERPRISES INC,20,0.03,0.057998999999999995,0.3267174398030618,3087.53131,1.18593337338081,0.9769142462141461
2025-08-31,85072,RL,RALPH LAUREN CORP,25,0.03,-0.009897,0.3095622740210785,11559.235,1.5406015411676974,1.1234809561601569
2025-08-31,87430,KTOS,KRATOS DEFENSE & SECUR SOLS INC,20,-0.03,0.11782999999999999,-0.5308869913070235,9883.7886,1.1081359476284194,1.1662981863571338
2025-08-31,87759,WULF,TERAWULF INC,45,-0.03,0.82759,-0.6693399492268635,2013.07596,3.2833335318183035,1.957724931004872
2025-08-31,88351,INSM,INSMED INC,35,-0.03,0.264838,-0.44811139318409104,22647.98808,0.973514532400221,0.5650284515068542
2025-08-31,89297,CCOI,COGENT COMMUNICATIONS HLDS INC,50,-0.03,-0.142559,-0.32848680667743674,2242.25297,0.633906849493344,0.6724284331839008
2025-08-31,89525,CMCSA,COMCAST CORP NEW,50,0.03,0.018464,0.3584506500500039,122378.18126,0.8731054753101161,0.6807477534830799
2025-08-31,90126,CYTK,CYTOKINETICS INC,35,-0.03,-0.065176,-0.36918224478806055,4501.89456,0.6692825843451214,0.5493695481368974
2025-08-31,90377,ONTO,ONTO INNOVATION INC,45,0.03,0.114929,0.07940995461189324,4636.686,1.4037053734779437,2.1598360583987284
2025-08-31,90436,HALO,HALOZYME THERAPEUTICS INC,35,0.03,0.215972,0.2661743211016232,7014.4510199999995,1.1804740764469241,0.8784806464175772
2025-08-31,90550,DLB,DOLBY LABORATORIES INC,45,0.03,-0.048047,0.40893530271559353,4626.32804,0.884564234257051,0.8677215633164083
2025-08-31,90564,PBH,PRESTIGE CONSUMER HEALTHCARE INC,35,0.03,-0.083724,0.414454958073698,3640.78035,0.4266929262651066,0.3956072131283763
2025-08-31,91606,CPRX,CATALYST PHARMACEUTICALS INC,35,0.03,-0.038498000000000004,0.31290868528348337,2610.49338,0.7190332940424022,0.7399338075678388
2025-08-31,91611,FSLR,FIRST SOLAR INC,45,-0.007356569175073927,0.11329,-0.35095007308254483,18739.44304,1.5112254325679702,1.1178446268717135
2025-08-31,91733,AVAV,AEROVIRONMENT INC,20,-0.03,-0.102034,-0.41820524655742747,12229.274519999999,1.0128665390489244,1.1937409644262615
2025-08-31,91832,MDGL,MADRIGAL PHARMACEUTICALS INC,35,-0.03,0.443585,-0.30044618816832064,6722.07471,-0.40267310043677584,0.2341899725415178
2025-08-31,91907,SMCI,SUPER MICRO COMPUTER INC,45,-0.03,-0.299379,-0.6376644357258251,35044.27881,1.3712118052075093,2.1814007178699977
2025-08-31,92245,AROC,ARCHROCK INC,10,0.020000000000000018,0.066244,0.28029079159935383,4130.25824,1.1105369586888552,0.9744622269522693
2025-08-31,92469,SATS,ECHOSTAR CORP,50,-0.03,0.892175,-0.46603584891145466,5096.03312,0.9496300133850131,1.2344833519984002
2025-08-31,93330,PRI,PRIMERICA INC,40,0.03,0.01407,0.39053004077236714,8728.33617,0.9709889380525598,0.7650698984701533
2025-09-30,10032,PLXS,PLEXUS CORP,45,0.03,0.052745,0.3388104648974214,3697.4888699999997,0.8064973585664226,0.9686442154016282
2025-09-30,10693,EHC,ENCOMPASS HEALTH CORP,35,0.03,0.039891,0.2815170336909467,12264.154240000002,0.9029468702746712,0.609739373665864
2025-09-30,13407,META,META PLATFORMS INC,50,0.009999999999999995,-0.008475,0.23805759457933373,1602212.2294,1.112583141819419,1.0865775075137747
2025-09-30,13730,PBF,P B F ENERGY INC,10,-0.03,0.10100999999999999,-0.30417843026538677,3160.89668,1.0743780477840703,0.7670163500507481
2025-09-30,13788,ZTS,ZOETIS INC,35,0.03,-0.067759,0.2826839826839827,69313.8212,0.8420441865683186,0.7032257107384923
2025-09-30,14229,OMF,ONEMAIN HOLDINGS INC,40,0.03,-0.090603,0.2458498023715415,7353.2982,1.3379978233487566,1.2287142356539218
2025-09-30,14472,VRNS,VARONIS SYSTEMS INC,45,-0.03,-0.029571,-0.30575945793337095,6613.01394,0.7602573189335491,0.9367194836836567
2025-09-30,15058,SLNO,SOLENO THERAPEUTICS INC,35,-0.03,-0.004343,-0.3504987765857331,3596.3221500000004,-0.721695211054616,0.1378359057494152
2025-09-30,15293,NEXT,NEXTDECADE CORP,10,-0.03,-0.369913,-0.3731225296442688,2808.51136,1.483327778081682,0.8132755028503681
2025-09-30,15303,VKTX,VIKING THERAPEUTICS INC,35,-0.03,-0.031775000000000005,-0.5002070393374741,3041.6372499999998,0.7347877404663005,0.9726603892015699
2025-09-30,16126,AZZ,A Z Z INC,20,0.03,-0.036616,0.37854319593450025,3388.28046,1.3163426479760152,1.0102637805040868
2025-09-30,16260,MEDP,MEDPACE HOLDINGS INC,35,0.03,0.077972,0.045115753811405986,13358.50243,1.4164447190330745,1.6233684042806744
2025-09-30,16653,HCC,WARRIOR MET COAL INC,15,-0.03,0.037581,-0.30127987954074914,3214.0686600000004,0.7955719855808974,0.6153605866814782
2025-09-30,16680,QXO,Q X O INC,20,-0.03,-0.056464,-0.41264822134387347,13558.70241,2.558996687974473,0.3009866478431217
2025-09-30,16738,AM,ANTERO MIDSTREAM CORP,10,0.03,0.08943999999999999,0.5662149444758141,8512.53279,0.9207695421254819,0.6222132584208054
2025-09-30,16771,MGY,MAGNOLIA OIL & GAS CORP,10,0.03,-0.043904,0.3851872764916244,4610.04008,1.3774972171470707,0.804774882131281
2025-09-30,16967,CARG,CARGURUS INC,50,0.03,0.07270299999999999,0.3639751552795031,2942.5224,1.594058795270901,1.0630736961977294
2025-09-30,17959,CRNX,CRINETICS PHARMACEUTICALS INC,35,-0.020000000000000004,0.340673,-0.40513833992094866,2918.51424,0.31031880232974457,0.8339710905227714
2025-09-30,17968,LQDA,LIQUIDIA CORP,35,-0.03,-0.181777,-0.43466967814793905,2382.9988799999996,0.2151595271974218,0.8626624883839039
2025-09-30,18065,GTX,GARRETT MOTION INC,25,0.020000000000000004,0.049985,0.45343497082627515,2618.45925,0.4079486573928126,0.48573793040739616
2025-09-30,18424,LEVI,LEVI STRAUSS & CO,25,0.03,0.038265,0.34897421419160546,2339.58882,1.2625399566829631,1.1971699607538313
2025-09-30,18428,DOW,DOW INC,15,-0.03,-0.072331,-0.4922454357236966,17458.82772,0.8274089120274027,1.1975327338486121
2025-09-30,18726,CRWD,CROWDSTRIKE HOLDINGS INC,45,-0.03,0.15406699999999998,-0.4213250517598343,106329.6335,1.1732785830821495,1.3690538775591592
2025-09-30,18770,BBIO,BRIDGEBIO PHARMA INC,35,-0.03,0.0001690000000000003,-0.44771315640880854,9894.90744,1.425140901361432,0.9090482286571386
2025-09-30,19076,ASTS,A S T SPACEMOBILE INC,50,-0.03,-0.00044800000000000005,-0.5335215509128554,13171.124319999999,2.5958618435831755,1.41350389118134
2025-09-30,19098,HESM,HESS MIDSTREAM L P,10,0.03,-0.164717,0.426463391680783,5400.702000000001,0.6554973021996752,0.5445434787406616
2025-09-30,19488,RNA,AVIDITY BIOSCIENCES INC,35,-0.03,-0.067929,-0.544042913608131,5992.656739999999,1.0419209857948368,0.9921784431374512
2025-09-30,19577,RKT,ROCKET COMPANIES INC,40,-0.03,0.087293,-0.5614530397139094,4542.7228,2.246684549248776,1.1423866492777526
2025-09-30,19635,HRMY,HARMONY BIOSCIENCES HLDGS INC,35,0.03,-0.25622300000000003,0.34613212874082444,2122.39237,0.857350845265974,0.7781226959407435
2025-09-30,20067,SOFI,SOFI TECHNOLOGIES INC,40,-0.002619912353694756,0.031147,-0.5602296254470167,30582.873,2.417289799661087,1.8463817082197969
2025-09-30,20188,CRC,CALIFORNIA RESOURCES CORP,10,0.03,0.067142,0.42364012798795414,4157.222400000001,1.634228828676553,0.839890002318949
2025-09-30,20648,RBLX,ROBLOX CORP,50,-0.03,0.108498,-0.5146809712027103,80364.66147,1.6401556431598578,1.2489869152634459
2025-09-30,20876,SYM,SYMBOTIC INC,20,-0.006119300952524984,0.133103,-0.46058723884810837,5279.67045,2.5879085502905244,1.4333662918980108
2025-09-30,20894,APP,APPLOVIN CORP,45,0.03,0.49805999999999995,-0.02843967626576319,147231.51324,2.376817099209199,2.6295819323283927
2025-09-30,20930,SOC,SABLE OFFSHORE CORP,10,-0.03,-0.356163,-0.3749670619235837,2684.69886,0.5874364217739615,0.9709117265681653
2025-09-30,21619,OKLO,OKLO INC,55,-0.03,0.512579,-0.5971767363071712,10869.92676,0.7227934674030413,1.3326811347950882
2025-09-30,21927,DJT,TRUMP MEDIA & TECH GRP CORP,50,-0.03,-0.06662900000000001,-0.4267645398080181,4856.98451,1.9557931026385613,0.6080989062092644
2025-09-30,22220,NN,NEXTNAV INC,45,-0.03,-0.200389,-0.47018633540372673,2371.06311,1.2311755824645205,0.9130140110614658
2025-09-30,22265,RIVN,RIVIAN AUTOMOTIVE INC,25,-0.03,0.07848899999999999,-0.4692828910220214,16413.21354,1.896960285754084,1.594063545878334
2025-09-30,23263,QBTS,D WAVE QUANTUM INC,45,-0.03,0.578637,-0.6686429512516471,5289.0101,2.5951714666556063,2.180426376795253
2025-09-30,25419,WHR,WHIRLPOOL CORP,25,-0.03,-0.159509,-0.34765669113495196,5206.5261,1.1129667148707865,1.1255608240940542
2025-09-30,35263,TRMK,TRUSTMARK CORP,40,0.03,-0.019947,0.3872388481084133,2430.9790900000003,0.7413566814036145,0.722100529380757
2025-09-30,37568,FELE,FRANKLIN ELECTRIC INC,20,0.03,-0.030491,0.3403914925654056,4353.3021,1.077201803187526,0.8949821127150923
2025-09-30,40125,DXC,D X C TECHNOLOGY CO,45,0.029999999999999284,-0.060056,0.31276115189158676,2586.5355499999996,1.175415767472531,1.0472144673272352
2025-09-30,42585,SJM,SMUCKER J M CO,30,-0.027380087646305243,-0.020593,-0.12872200263504616,11789.75935,0.24360138348477167,0.14496727461091827
2025-09-30,46886,KLAC,K L A CORP,45,0.03,0.233618,0.1735177865612648,115069.99200000001,1.4194029139871667,1.622184801506895
2025-09-30,48486,LRCX,LAM RESH CORP,45,0.03,0.336395,0.1815923207227555,126751.94315000002,1.719440089068886,1.732652876356619
2025-09-30,49429,DDS,DILLARDS INC,25,0.03,0.150384,0.37300959909655557,6195.79576,1.0980529986754834,0.9474857243686517
2025-09-30,59328,INTC,INTEL CORP,45,-0.009999999999999282,0.374514,-0.4631469979296066,113720.7823,1.190070490824315,1.6176722228978222
2025-09-30,68196,SEIC,S E I INVESTMENTS CO,40,0.03,-0.042163,0.348334274421231,10913.615,0.9533642600284866,0.9112577634590253
2025-09-30,75912,PTC,P T C INC,45,0.03,-0.052396,0.3105778279691323,25575.805500000002,1.198706250986907,1.1117307400278642
2025-09-30,76573,MLI,MUELLER INDUSTRIES INC,20,0.03,0.05328,0.31968755881799366,10620.653939999998,1.037852674285813,1.008554660227478
2025-09-30,76721,CRVL,CORVEL CORP,35,0.03,-0.13391,0.3178618482966309,4569.42265,0.9669001120655044,0.680044739232865
2025-09-30,76868,AAON,AAON INC,20,-0.03,0.12454099999999999,-0.5176548089591568,6762.996450000001,1.0220815700846897,1.3858801679171098
2025-09-30,79758,BYD,BOYD GAMING CORP,25,0.03,0.005734000000000001,0.36640316205533596,6884.598239999999,1.272114526783244,0.9140569547259978
2025-09-30,79859,FLG,FLAGSTAR FINANCIAL INC,40,-0.03,-0.101678,-0.32128740824393,5327.6586800000005,1.2390789538200933,0.7772219715012868
2025-09-30,80128,VMI,VALMONT INDUSTRIES INC,20,0.03,0.054697,0.29945416901938643,7246.21456,1.1647052620737486,1.028789146581123
2025-09-30,80864,RS,RELIANCE INC,15,0.009999999999999995,-0.053468,0.3115753811405986,15549.942040000002,0.8914482324430743,0.8096810794773475
2025-09-30,81593,COOP,MR COOPER GROUP INC,40,-0.03,0.15023699999999998,-0.3653115000941088,12064.60029,0.9953984179021026,0.8565170381382315
2025-09-30,84385,NSP,INSPERITY INC,20,-0.0038806990474750114,-0.102716,-0.3455486542443064,2080.35828,0.4633437149753812,1.0531715050464572
2025-09-30,85645,INGR,INGREDION INC,30,0.03,-0.060666,0.47489177489177486,8314.006739999999,0.7434801527689188,0.4873393609400259
2025-09-30,87430,KTOS,KRATOS DEFENSE & SECUR SOLS INC,20,-0.03,0.384449,-0.5128176171654432,11113.4628,1.1181032291052546,1.221782929024166
2025-09-30,88159,EXEL,EXELIXIS INC,35,0.03,0.100379,0.28605307735742513,10073.57626,0.311851247624604,0.6600780623292513
2025-09-30,88351,INSM,INSMED INC,35,-0.03,0.05481,-0.44511575381140595,28768.137499999997,0.9943014157079535,0.5818670932526119
2025-09-30,89525,CMCSA,COMCAST CORP NEW,50,0.03,-0.078375,0.38484848484848483,125103.42514,0.8780105912859364,0.6987451633400089
2025-09-30,90436,HALO,HALOZYME THERAPEUTICS INC,35,0.03,-0.000712,0.38104648974214195,8556.0629,1.204237211486953,0.890618639015686
2025-09-30,90550,DLB,DOLBY LABORATORIES INC,45,0.03,0.006317,0.3725955204216073,4385.6691200000005,0.9087685497362469,0.8816896166505439
2025-09-30,91516,AWI,ARMSTRONG WORLD INDS INC NEW,20,0.03,-0.0020829999999999998,0.40796160361377753,8468.61866,1.4595642041940327,0.7631504877043883
2025-09-30,91611,FSLR,FIRST SOLAR INC,45,-0.03,0.126513,-0.3692264257481649,20933.73712,1.4356891347980312,1.1537485666994949
2025-09-30,91832,MDGL,MADRIGAL PHARMACEUTICALS INC,35,-0.03,0.044219,-0.28539431582909847,9759.238650000001,-0.39976541391670695,0.24091228564147624
2025-09-30,92040,FOLD,AMICUS THERAPEUTICS INC,35,-0.03,0.034899,-0.37976661020139285,2339.53401,0.5938595058637444,0.7105812758161575
2025-09-30,92469,SATS,ECHOSTAR CORP,50,-0.03,0.23249,-0.5286843591191417,9661.97872,0.9943460921894778,1.4320716640432951
2025-10-31,10032,PLXS,PLEXUS CORP,45,0.03,-0.036373,0.3465021507810731,3881.74332,0.7944055039344928,0.96545829559247
2025-10-31,10693,EHC,ENCOMPASS HEALTH CORP,35,0.03,-0.10558500000000001,0.30250547128518607,12793.96248,0.912095001211217,0.608625538084781
2025-10-31,11691,MATX,MATSON INC,20,0.03,0.02067,0.2908082408874802,3134.07751,1.2064141990284039,1.0392698205266702
2025-10-31,13543,GMED,GLOBUS MEDICAL INC,35,0.03,0.051211,0.20875782959776618,6449.7474,1.103295501306867,1.058060784645153
2025-10-31,13730,PBF,P B F ENERGY INC,10,-0.009224692935479058,0.129314,-0.3053543128820467,3490.6388300000003,0.9684676310527318,0.7736559113423604
2025-10-31,13788,ZTS,ZOETIS INC,35,0.03,-0.015091,0.3187306618368425,64846.53655999999,0.8521324273206822,0.7074768802579909
2025-10-31,13802,APAM,ARTISAN PARTNERS ASSET MGMT INC,40,0.03,0.0027229999999999997,0.29654365708248437,3058.4414,1.6816395658780317,1.1532485015411997
2025-10-31,14229,OMF,ONEMAIN HOLDINGS INC,40,0.03,0.045085,0.28278997811485923,6711.4002,1.3527409319157253,1.2090605842166855
2025-10-31,14436,RARE,ULTRAGENYX PHARMACEUTICALS INC,35,-0.03,0.14699800000000002,-0.45664478152592264,2900.9753599999995,0.29278480675181345,0.9247225586615738
2025-10-31,14472,VRNS,VARONIS SYSTEMS INC,45,-0.0007753070645202368,-0.390253,-0.32893743868387293,6775.5405900000005,0.7360544101670904,0.947455173312604
2025-10-31,15058,SLNO,SOLENO THERAPEUTICS INC,35,-0.03,-0.009777000000000001,-0.38531054260055847,3630.3903999999998,-0.6841122098681094,0.13458218628759763
2025-10-31,15303,VKTX,VIKING THERAPEUTICS INC,35,-0.03,0.445743,-0.48620858803109207,2955.10716,0.6604915869321797,0.9740925532088014
2025-10-31,16126,AZZ,A Z Z INC,20,0.03,-0.08646000000000001,0.3481435363368802,3275.42782,1.3081453857498675,1.0131197488477426
2025-10-31,16653,HCC,WARRIOR MET COAL INC,15,-0.03,0.062728,-0.31054260055844846,3345.49116,0.8326675743857526,0.6314397096909188
2025-10-31,16680,QXO,Q X O INC,20,-0.03,-0.07619600000000001,-0.42408120141876093,12837.99642,2.4765312480088584,0.27815045171993547
2025-10-31,16738,AM,ANTERO MIDSTREAM CORP,10,0.03,-0.104849,0.5489397026639499,9302.05944,0.8617233418114508,0.6240358541408135
2025-10-31,16967,CARG,CARGURUS INC,50,0.03,-0.059943,0.4552675269790959,3049.47207,1.5787527182157624,1.0660039982091862
2025-10-31,17341,ZS,ZSCALER INC,45,-0.03,0.10178400000000001,-0.42091162931099546,47436.47766,1.1408708517757453,1.2266618685090747
2025-10-31,17959,CRNX,CRINETICS PHARMACEUTICALS INC,35,-0.03,0.04115,-0.4710210550147158,3937.9242,0.3533870506309717,0.9461393316105099
2025-10-31,18424,LEVI,LEVI STRAUSS & CO,25,0.03,-0.126958,0.3331446683269187,2436.8538,1.3069995303272908,1.2281982049075524
2025-10-31,18428,DOW,DOW INC,15,-0.03,0.036854,-0.4751905516564787,16253.792920000002,0.8427235917331941,1.232339783344925
2025-10-31,18726,CRWD,CROWDSTRIKE HOLDINGS INC,45,-0.03,0.10405700000000001,-0.47934118179760027,123063.3129,1.2302251255943044,1.4151256502335803
2025-10-31,18770,BBIO,BRIDGEBIO PHARMA INC,35,-0.020000000000000004,0.202739,-0.4431929665685609,10005.35802,1.51507852108598,0.9485515167721087
2025-10-31,18910,NVST,ENVISTA HOLDINGS CORP,35,0.03,-0.00425,0.16685533167308128,3385.12734,1.0288933579253494,1.1380839470646378
2025-10-31,19076,ASTS,A S T SPACEMOBILE INC,50,-0.03,0.631818,-0.5549769828692174,13348.87656,2.5790908977792477,1.4249182103470748
2025-10-31,19201,RVMD,REVOLUTION MEDICINES INC,35,-0.03,0.256689,-0.4802467738283903,8859.503700000001,1.3178517677854313,0.9553740154703383
2025-10-31,19455,OPEN,OPENDOOR TECHNOLOGIES INC,60,0.019224692935479026,-0.028362000000000002,-0.33384272885065286,6149.12598,3.756660992265474,3.5221791442241184
2025-10-31,19488,RNA,AVIDITY BIOSCIENCES INC,35,-0.03,0.599899,-0.5587314164968682,6394.81247,1.0213012157143135,1.042549956742981
2025-10-31,19577,RKT,ROCKET COMPANIES INC,40,-0.03,-0.143619,-0.5454871330465625,4954.303199999999,2.184268383776346,1.1216884206323479
2025-10-31,19655,STEP,STEPSTONE GROUP INC,40,-0.021110904154167054,-0.071098,-0.45643725001886654,5167.5884399999995,1.3791765114416685,1.4642553247467796
2025-10-31,19751,LCID,LUCID GROUP INC,25,-0.03,-0.257156,-0.5555618443891027,7711.861559999999,1.0612013333839208,1.4382534330134995
2025-10-31,20067,SOFI,SOFI TECHNOLOGIES INC,40,-0.01888909584583294,0.12012300000000001,-0.5533921968153347,31824.7394,2.405852259064776,1.8735856562459865
2025-10-31,20648,RBLX,ROBLOX CORP,50,-0.03,-0.182304,-0.5016979850577314,89349.97116000002,1.6492057810581198,1.2685572964790677
2025-10-31,20876,SYM,SYMBOTIC INC,20,-0.009999999999999995,0.49858700000000006,-0.46968153346917213,6071.0804,2.5901425420484734,1.470941037183183
2025-10-31,20894,APP,APPLOVIN CORP,45,0.03,-0.116289,-0.034487963172590765,221436.78303999998,2.457691056082208,2.6428973776873534
2025-10-31,21053,BBAI,BIGBEAR AI HOLDINGS INC,45,-0.03,0.058082,-0.6782129650592408,2416.9835599999997,3.043607465918063,1.3343483582927922
2025-10-31,21619,OKLO,OKLO INC,55,-0.03,0.186108,-0.6121236133122027,16477.59267,0.8177652666380618,1.381703153029591
2025-10-31,21927,DJT,TRUMP MEDIA & TECH GRP CORP,50,-0.03,-0.06995499999999999,-0.3627084748320882,4597.5671600000005,1.9220344749307625,0.5876107349276255
2025-10-31,22265,RIVN,RIVIAN AUTOMOTIVE INC,25,-0.03,-0.078881,-0.4975096219153272,17940.25184,1.9092539907997004,1.5784803065881867
2025-10-31,23263,QBTS,D WAVE QUANTUM INC,45,-0.03,0.49653,-0.6955135461474606,8366.92955,2.712493490210721,2.226148511035195
2025-10-31,27422,CLF,CLEVELAND CLIFFS INC NEW,15,-0.020000000000000004,0.015585000000000002,-0.6025394309863407,6035.2789999999995,1.9788374507894801,1.8147231341095567
2025-10-31,35263,TRMK,TRUSTMARK CORP,40,0.03,-0.06336900000000001,0.42530752396045585,2380.9896,0.7093862032309713,0.720571049500255
2025-10-31,37568,FELE,FRANKLIN ELECTRIC INC,20,0.03,-0.007785,0.3752924307599426,4237.1616,1.077079264085858,0.8954951443365342
2025-10-31,42286,WWW,WOLVERINE WORLD WIDE INC,25,0.03,-0.17290999999999998,0.17179835484114406,2229.6097600000003,1.8224830530424692,1.6460185930377293
2025-10-31,42585,SJM,SMUCKER J M CO,30,-0.03,-0.049769,-0.17698664251754587,11585.991,0.22917042059733816,0.12519742297437494
2025-10-31,47941,TGNA,TEGNA INC,50,0.009999999999999995,-0.035732,0.3472190778054487,3273.5569299999993,0.317123272505922,0.7642332648224617
2025-10-31,48486,LRCX,LAM RESH CORP,45,0.02077530706452024,0.172684,0.13370689004603428,168603.6664,1.7806924908253687,1.7443449166154172
2025-10-31,49429,DDS,DILLARDS INC,25,0.03,-0.026702,0.3536148215229039,7144.55896,1.179992546700893,0.9736156191165786
2025-10-31,68196,SEIC,S E I INVESTMENTS CO,40,0.03,-0.053239,0.3563504641159158,10405.410049999999,0.9419761235857752,0.9260664958734678
2025-10-31,75912,PTC,P T C INC,45,0.03,-0.025335,0.3510678439363067,24268.19872,1.1631819747032677,1.1026035741431073
2025-10-31,76573,MLI,MUELLER INDUSTRIES INC,20,0.03,0.043809,0.32295675798052975,11192.97811,1.0114960267400872,0.9925467201198485
2025-10-31,76709,IDXX,I D E X X LABORATORIES INC,35,0.03,-0.01795,0.12972605841068596,51109.92222,1.5474209401196455,1.3562510608105784
2025-10-31,76868,AAON,AAON INC,20,-0.03,0.049707,-0.5089993208059769,7624.04992,1.0660007894344836,1.43433282605103
2025-10-31,77357,SNPS,SYNOPSYS INC,45,-0.03,-0.08346799999999999,-0.580050562221719,91646.69911,1.069383512092343,1.9187329847416412
2025-10-31,77918,LFUS,LITTELFUSE INC,45,0.03,-0.063883,0.22960531280658067,6449.08999,1.4327015568544765,1.4103244262990868
2025-10-31,79668,BDC,BELDEN INC NEW,45,0.03,0.009869,0.33263527280959926,4765.0974,1.2967496014747653,1.091048155490864
2025-10-31,80864,RS,RELIANCE INC,15,0.03,0.0024289999999999997,0.31871179533620103,14769.97302,0.8735960529298049,0.8077698066114195
2025-10-31,85645,INGR,INGREDION INC,30,0.03,-0.051765,0.4853973285035091,7837.141909999999,0.7189608243846549,0.496865236240404
2025-10-31,87430,KTOS,KRATOS DEFENSE & SECUR SOLS INC,20,-0.03,-0.011695,-0.5402799788695193,15426.819430000001,1.1774432267049357,1.2461297616630063
2025-10-31,88351,INSM,INSMED INC,35,-0.03,0.313307,-0.4491925137725455,30614.07783,1.0444484690178752,0.5983983031938386
2025-10-31,88860,ALGN,ALIGN TECHNOLOGY INC,35,0.03,0.097834,0.060014338540487544,9020.848800000002,1.7484893940080821,1.5854577990041423
2025-10-31,89525,CMCSA,COMCAST CORP NEW,50,0.03,-0.10791800000000001,0.4384197419062712,114528.0994,0.887794110580516,0.6892194557560446
2025-10-31,90436,HALO,HALOZYME THERAPEUTICS INC,35,0.03,-0.114394,0.3476341408195608,8619.13682,1.1748811034033575,0.8862780087132478
2025-10-31,90550,DLB,DOLBY LABORATORIES INC,45,0.03,-0.086866,0.4228926118783488,4427.88608,0.9015302893383068,0.8787094591211937
2025-10-31,91392,TNL,TRAVEL & LEISURE CO,25,0.020000000000000004,0.052035,0.2774130254320429,3862.0908000000004,1.4882854932450167,1.1874996918827632
2025-10-31,91516,AWI,ARMSTRONG WORLD INDS INC NEW,20,0.03,-0.031736,0.39517772243604254,8479.00058,1.4432996061785794,0.7710976605462921
2025-10-31,91531,OC,OWENS CORNING NEW,20,0.03,-0.09842699999999999,0.26696098407667346,11830.016880000001,1.3026884680034807,1.2081422705084937
2025-10-31,91733,AVAV,AEROVIRONMENT INC,20,-0.03,0.17146,-0.5793713681986264,15723.08748,1.0275813462698358,1.176255795717546
2025-10-31,91832,MDGL,MADRIGAL PHARMACEUTICALS INC,35,-0.03,-0.08995500000000001,-0.2893932533393705,10413.416640000001,-0.38596184418286517,0.24394059118125175
2025-10-31,92294,UEC,URANIUM ENERGY CORP,10,-0.03,0.130915,-0.5108105048675572,6199.15136,1.5615503619853808,1.4911726552706859
2025-10-31,92326,CVI,C V R ENERGY,10,-0.03,-0.027665,-0.32410761451965886,3667.37088,1.2903909883143037,0.8433720573809151
2025-10-31,92469,SATS,ECHOSTAR CORP,50,-0.03,-0.022781,-0.5228661987774508,11947.20924,0.9785768058908467,1.397739086744571
2025-11-30,12400,LPLA,L P L FINANCIAL HOLDINGS INC,40,-0.03,-0.058625000000000003,-0.3991045670825372,30199.137779999997,0.672205289908285,0.9735142261737667
2025-11-30,12622,HCA,H C A HEALTHCARE INC,35,0.03,0.10273499999999999,0.30735079240193325,104896.21792,1.3295648954759887,0.6123449692656922
2025-11-30,13543,GMED,GLOBUS MEDICAL INC,35,0.03,0.504522,0.19118804091266717,6801.1218,1.1270795558657138,1.0607893581104848
2025-11-30,13788,ZTS,ZOETIS INC,35,0.03,-0.113429,0.3308043909932187,63858.238470000004,0.8484627984863115,0.6849982183201456
2025-11-30,14436,RARE,ULTRAGENYX PHARMACEUTICALS INC,35,-0.03,0.0013230000000000004,-0.44698587538870777,3338.1387999999997,0.36355186812944645,0.9416757303856176
2025-11-30,14593,AAPL,APPLE INC,45,0.03,0.029348,0.3246974635644974,3995082.56061,1.0261818898937884,1.1903731984820791
2025-11-30,15058,SLNO,SOLENO THERAPEUTICS INC,35,-0.03,-0.251821,-0.3653666029747855,3607.1636,-0.7773345977127739,0.1289957308187192
2025-11-30,15303,VKTX,VIKING THERAPEUTICS INC,35,-0.03,-0.036363,-0.5064628526469596,4304.410879999999,0.659364530428221,0.9440353112792701
2025-11-30,16126,AZZ,A Z Z INC,20,0.03,0.052772,0.35075493612078984,3001.19145,1.3051698648244954,0.9896406959349571
2025-11-30,16260,MEDP,MEDPACE HOLDINGS INC,35,0.03,0.009895999999999999,0.07802255441909255,16475.74488,1.3912208376042787,1.5928424525676996
2025-11-30,16631,VRRM,VERRA MOBILITY CORP,20,0.011123726381030395,-0.0629,0.35478251095875013,3703.48044,0.799965654604604,0.7865188174404535
2025-11-30,16653,HCC,WARRIOR MET COAL INC,15,-0.03,0.15216400000000002,-0.27157094151586675,3566.2809600000005,0.8030425004262354,0.6398711250548403
2025-11-30,16680,QXO,Q X O INC,20,-0.03,0.056977,-0.4273537896669289,11901.752190000001,2.482822254844307,0.2708921554405264
2025-11-30,16738,AM,ANTERO MIDSTREAM CORP,10,0.03,0.041046,0.48130455958937474,8215.74375,0.8863297457306396,0.6121467874773904
2025-11-30,16967,CARG,CARGURUS INC,50,0.03,0.0015440000000000002,0.4337417106889963,2853.0434399999995,1.5634566675498618,1.0777049025734906
2025-11-30,17341,ZS,ZSCALER INC,45,-0.03,-0.24351499999999998,-0.41322917837473305,52806.233519999994,1.140264797698219,1.2167950548818076
2025-11-30,17374,RCUS,ARCUS BIOSCIENCES INC,35,-0.03,0.320517,-0.537222284665243,2129.24728,1.0005057247484337,1.2867522455424947
2025-11-30,17821,SRRK,SCHOLAR ROCK HOLDING CORP,35,-0.03,0.484496,-0.4791128095612754,2937.44502,1.0287969139017754,0.53953047821581
2025-11-30,17959,CRNX,CRINETICS PHARMACEUTICALS INC,35,-0.03,0.044344,-0.446536285639354,4127.802,0.29122294790096975,0.9292191426367613
2025-11-30,18428,DOW,DOW INC,15,-0.03,0.011663,-0.4430706979880859,16951.792950000003,0.8449806283718503,1.2873748330551302
2025-11-30,18726,CRWD,CROWDSTRIKE HOLDINGS INC,45,-0.03,-0.06534999999999999,-0.4235510097036454,136880.87478,1.2107194864685602,1.4050032915365305
2025-11-30,18910,NVST,ENVISTA HOLDINGS CORP,35,0.03,0.024014999999999998,0.2211606908695815,3346.0691,1.056143534125548,1.0922456657760407
2025-11-30,19076,ASTS,A S T SPACEMOBILE INC,50,-0.03,-0.3027,-0.565846165374096,21834.42,2.6083177108352067,1.4378303910504875
2025-11-30,19201,RVMD,REVOLUTION MEDICINES INC,35,-0.03,0.318538,-0.45978045033906556,11374.9488,1.3028147533577665,0.9273619824867306
2025-11-30,19455,OPEN,OPENDOOR TECHNOLOGIES INC,60,0.029404147814182678,0.003562,-0.3384286838260087,6005.00565,3.7488842380517173,3.5257593125353917
2025-11-30,19488,RNA,AVIDITY BIOSCIENCES INC,35,-0.03,0.023473,-0.6019257427597318,10524.718599999998,1.015835085645828,1.1997093218917816
2025-11-30,19489,PCT,PURECYCLE TECHNOLOGIES INC,15,-0.020000000000000004,-0.243081,-0.4775767112509835,2086.61178,2.16780246042389,1.4139606234757438
2025-11-30,19577,RKT,ROCKET COMPANIES INC,40,-0.03,0.19626800000000003,-0.49608482259937803,16110.40326,2.1696919427352452,1.0856808558684754
2025-11-30,19628,IRON,DISC MEDICINE INC,35,-0.03,0.079799,-0.43741336030871825,3254.805,0.7845235607860195,0.7080092480857787
2025-11-30,19751,LCID,LUCID GROUP INC,25,-0.03,-0.235125,-0.474860439848638,5753.982,1.0523203306565083,1.4005416725783453
2025-11-30,20126,JOBY,JOBY AVIATION INC,20,-0.03,-0.17083199999999998,-0.6614214529242066,15371.580539999999,2.8852402997565614,2.150406054430169
2025-11-30,20188,CRC,CALIFORNIA RESOURCES CORP,10,0.03,0.009920000000000002,0.3881458169420403,3947.6573,1.6056196167410322,0.8491198352992925
2025-11-30,20295,CIFR,CIPHER MINING INC,45,-0.009999999999999995,0.088141,-0.662826420890937,7368.465799999999,3.042713514573451,2.320801252864566
2025-11-30,20325,SMR,NUSCALE POWER CORP,20,-0.03,-0.55728,-0.5850473942527443,7522.859329999999,2.6135023945311704,1.7648101178339406
2025-11-30,20648,RBLX,ROBLOX CORP,50,-0.02887627361896889,-0.16736299999999998,-0.4293582106327975,74470.1106,1.6316721916597274,1.240375175738527
2025-11-30,20876,SYM,SYMBOTIC INC,20,-0.0011237263810304002,0.031824,-0.49183245288674093,9117.8842,2.6215740121772506,1.4662722722168038
2025-11-30,20894,APP,APPLOVIN CORP,45,0.03,-0.062400000000000004,-0.030928028174290984,196040.79601,2.4406238091748196,2.661817977431093
2025-11-30,21053,BBAI,BIGBEAR AI HOLDINGS INC,45,-0.03,-0.086827,-0.6940916413772432,3020.71148,3.0406259998877534,1.318171887110257
2025-11-30,21619,OKLO,OKLO INC,55,-0.03,-0.31475400000000003,-0.6119853134015211,19598.046930000004,0.8265311405188275,1.209487027290771
2025-11-30,21927,DJT,TRUMP MEDIA & TECH GRP CORP,50,-0.03,-0.249994,-0.3353752201116481,4290.969349999999,1.9120794277464326,0.4732255451749532
2025-11-30,22758,ACLX,ARCELLX INC,35,-0.03,-0.19736099999999998,-0.3914990071559702,5218.52575,0.2706923652363846,0.6397333958448248
2025-11-30,23263,QBTS,D WAVE QUANTUM INC,45,-0.03,-0.391301,-0.7080101907009855,12548.7013,2.7428254664041174,2.2155624001503593
2025-11-30,47466,NYT,NEW YORK TIMES CO,50,0.008876273618968887,0.12876600000000002,0.36235060507287103,9234.54562,1.1216813522382618,0.6808520825395434
2025-11-30,49429,DDS,DILLARDS INC,25,0.03,0.113606,0.42411299689033755,6977.130160000001,1.2286724251205987,0.9561723072636205
2025-11-30,75603,CRUS,CIRRUS LOGIC INC,45,0.03,-0.095813,0.29571765763740593,6769.1295,1.0837828885116636,1.1864952291437376
2025-11-30,75912,PTC,P T C INC,45,0.03,-0.119412,0.3559814169570267,23732.67744,1.170392856730574,1.0842924194141572
2025-11-30,76123,JOE,ST JOE CO,60,0.020595852185817325,0.062417,0.33951519238694694,3278.7610999999997,1.454677807551933,0.8485021120749204
2025-11-30,76128,VICR,VICOR CORP,20,0.03,-0.018222,0.1394290210183208,2987.3759800000003,1.8330958855955992,1.7619870031518665
2025-11-30,76709,IDXX,I D E X X LABORATORIES INC,35,0.03,0.19296600000000003,0.19420403881458168,50267.00301,1.5770760907270645,1.313512083608941
2025-11-30,76721,CRVL,CORVEL CORP,35,0.03,-0.013423999999999998,0.31096624330298595,3793.11735,0.972846110294503,0.7017512499147964
2025-11-30,76868,AAON,AAON INC,20,-0.03,-0.051896,-0.47791390356299873,8027.93527,1.0633759356215224,1.4122998130087459
2025-11-30,77584,BKE,BUCKLE INC,25,0.03,0.027645,0.400359671799483,2803.4035999999996,1.2196425336386147,0.7718696485701495
2025-11-30,77918,LFUS,LITTELFUSE INC,45,0.03,0.052585,0.23652167397250004,6058.90562,1.4690521463995758,1.41084285215636
2025-11-30,79637,UHS,UNIVERSAL HEALTH SERVICES INC,35,0.03,0.119655,0.29564272601251357,12236.75988,1.2403133237179327,0.7480316346849724
2025-11-30,79906,INCY,INCYTE CORP,35,0.009999999999999995,0.114446,0.304934247499157,18352.27404,0.6942987525802363,0.5114272095052173
2025-11-30,80864,RS,RELIANCE INC,15,0.03,-0.00971,0.37093027612303775,14767.41741,0.8927782406303657,0.7715183637550258
2025-11-30,85072,RL,RALPH LAUREN CORP,25,0.03,0.14611500000000002,0.29787194185305904,12368.60438,1.6290529868559627,1.2224709115196124
2025-11-30,85645,INGR,INGREDION INC,30,0.03,-0.071204,0.4810048330898055,7407.129209999999,0.7028583450964836,0.48316988309176
2025-11-30,87430,KTOS,KRATOS DEFENSE & SECUR SOLS INC,20,-0.03,-0.16305599999999998,-0.5386834513506426,15296.9946,1.1715375981868015,1.2593287060492515
2025-11-30,88351,INSM,INSMED INC,35,-0.03,0.092821,-0.4831965831179049,40436.5608,1.0633659782902736,0.6005085204332028
2025-11-30,88664,JKHY,HENRY JACK & ASSOC INC,40,0.03,0.168466,0.4412161402720018,10779.83038,0.716643243929426,0.4761955517396375
2025-11-30,89217,AAP,ADVANCE AUTO PARTS INC,25,-0.009999999999999995,0.097773,-0.35214117118129706,2828.83686,1.0503402379024827,1.2087734874640197
2025-11-30,89297,CCOI,COGENT COMMUNICATIONS HLDS INC,50,-0.03,-0.539924,-0.368663594470046,2026.24125,0.7313066938629841,0.804305633575157
2025-11-30,89916,NXST,NEXSTAR MEDIA GROUP INC,50,0.03,-0.011646,0.32269304259862874,5935.31652,1.001836626705797,0.9092083569676598
2025-11-30,90436,HALO,HALOZYME THERAPEUTICS INC,35,0.03,0.092248,0.3645985538196395,7666.148429999999,1.189197743123086,0.833161595883122
2025-11-30,90550,DLB,DOLBY LABORATORIES INC,45,0.03,0.014026999999999998,0.39916076580120646,4057.7228799999993,0.9375272730250757,0.9023244705924622
2025-11-30,90880,AMP,AMERIPRISE FINANCIAL INC,40,0.020000000000000004,0.007054,0.2584579071597167,42683.53344,1.2633403923543471,1.159337827724666
2025-11-30,91413,EVR,EVERCORE INC,40,0.03,0.086444,0.1256228691319171,11369.426879999999,1.6095873555926457,1.7152603349778506
2025-11-30,91531,OC,OWENS CORNING NEW,20,0.03,-0.11353,0.3398711176051852,10646.68068,1.2921384284777597,1.172674542352938
2025-11-30,91733,AVAV,AEROVIRONMENT INC,20,-0.03,-0.24753099999999997,-0.5928215503353191,18468.49657,1.104077950248674,1.1991933331367968
2025-11-30,92294,UEC,URANIUM ENERGY CORP,10,-0.03,-0.19204,-0.5297291221760144,7274.83686,1.5218479469410469,1.5001639457961287
2025-11-30,93174,KAR,O P E N L A N E INC,20,0.03,-0.040105,0.3243790041587052,2808.55168,1.3573509024647248,0.9183270588585699
2025-12-31,11581,EPAC,ENERPAC TOOL GROUP CORP,20,0.03,0.006643,0.3810459718478586,2006.42834,0.9885889550984474,0.78974040344949
2025-12-31,12622,HCA,H C A HEALTHCARE INC,35,0.03,-0.083249,0.27890086852351004,115988.72826,1.2819093274895734,0.5924217003932195
2025-12-31,13730,PBF,P B F ENERGY INC,10,-0.03,-0.216584,-0.30381476489967063,3994.4045599999995,0.5295368428707337,0.7349089868341001
2025-12-31,14436,RARE,ULTRAGENYX PHARMACEUTICALS INC,35,-0.03,-0.341256,-0.465146750524109,3352.6105,0.2134015741604207,0.9210771261098348
2025-12-31,14593,AAPL,APPLE INC,45,0.03,-0.028194,0.3439091045223121,4120386.03405,1.058576922976742,1.1865470495739183
2025-12-31,15058,SLNO,SOLENO THERAPEUTICS INC,35,-0.03,-0.085387,-0.24868972746331236,2709.6695,-0.9223522592328285,0.14709789052021052
2025-12-31,15303,VKTX,VIKING THERAPEUTICS INC,35,-0.03,-0.047408,-0.4902478286912249,4160.85516,0.6769459954853296,0.9249760978821858
2025-12-31,16005,SYRE,SPYRE THERAPEUTICS INC,35,-0.01778577400157748,0.088873,-0.32165318957771794,2327.7599999999998,2.8346412534445786,0.26531087787958413
2025-12-31,16126,AZZ,A Z Z INC,20,0.03,0.013568000000000002,0.3404275232105421,3168.60894,1.1424486593793985,0.9404108239231291
2025-12-31,16260,MEDP,MEDPACE HOLDINGS INC,35,0.03,-0.055131,0.17261904761904762,16688.41328,1.4236592318933623,1.5468934103380854
2025-12-31,16680,QXO,Q X O INC,20,-0.03,0.026771999999999997,-0.426081910751722,12631.36216,2.7341397927573157,0.2909874921431306
2025-12-31,16738,AM,ANTERO MIDSTREAM CORP,10,0.03,-0.015342,0.46065438754117993,8577.71275,0.8329096814299518,0.6104289723170523
2025-12-31,16923,CELC,CELCUITY INC,35,-0.03,-0.016969,-0.5238656783468104,4679.84894,0.24847489569022785,1.2016660919950453
2025-12-31,16967,CARG,CARGURUS INC,50,0.03,0.083891,0.3705825097334531,2866.0413599999997,1.500594735622944,1.0713952212723972
2025-12-31,17821,SRRK,SCHOLAR ROCK HOLDING CORP,35,-0.03,-0.003354,-0.4878519017669961,4494.42842,0.8451687864717369,0.5179267368011342
2025-12-31,17959,CRNX,CRINETICS PHARMACEUTICALS INC,35,-0.03,0.018602999999999998,-0.4754417490266546,4323.27952,0.24435823054360037,0.9307379753435628
2025-12-31,18065,GTX,GARRETT MOTION INC,25,0.020000000000000004,0.056432,0.3704327643006887,3214.8039900000003,0.4370007518779872,0.7137048253012406
2025-12-31,18424,LEVI,LEVI STRAUSS & CO,25,0.03,-0.061683999999999996,0.23721548367774783,2304.02958,1.3383312872694546,1.2838355818117446
2025-12-31,18428,DOW,DOW INC,15,-0.020000000000000004,-0.022834,-0.44025157232704404,16951.792950000003,0.7526920907725493,1.3156711001859989
2025-12-31,18835,DKNG,DRAFTKINGS INC,25,-0.03,0.036077000000000005,-0.47261530398322854,16506.15268,1.7006017593192146,1.3763177756471647
2025-12-31,18910,NVST,ENVISTA HOLDINGS CORP,35,0.00999999999999926,0.035629,0.14751796945193169,3436.5033999999996,1.042150841557285,1.0949589186657085
2025-12-31,19002,BWIN,BALDWIN INSURANCE GROUP INC,40,-0.03,-0.160265,-0.454702006588799,2041.0309000000002,1.3551999731811644,1.1279500438505168
2025-12-31,19433,MP,M P MATERIALS CORP,15,-0.03,-0.187631,-0.6576070679844265,10979.3985,1.8603429783419514,1.837184843665116
2025-12-31,19577,RKT,ROCKET COMPANIES INC,40,-0.03,-0.034158,-0.5530098831985625,19320.87978,2.2594567541505306,1.1030339191308753
2025-12-31,19635,HRMY,HARMONY BIOSCIENCES HLDGS INC,35,0.03,0.05723,0.3851265348906859,2032.5628399999998,0.8064148319481139,0.7122388110299848
2025-12-31,19751,LCID,LUCID GROUP INC,25,-0.03,-0.227632,-0.5122229709493861,4418.40984,1.1731187707738946,1.4460016230124884
2025-12-31,20138,CMPO,COMPOSECURE INC,45,-0.03,-0.03282,-0.3621780473195568,2511.78657,0.9685913996777078,0.7980223395077609
2025-12-31,20325,SMR,NUSCALE POWER CORP,20,-0.03,-0.294627,-0.6743972746331238,5656.860000000001,2.7220103226037056,1.7653678470500083
2025-12-31,20975,DAVE,DAVE INC,40,0.03,0.011305,0.13256214435459718,2660.5894,3.7573277487171377,1.6114207463288928
2025-12-31,21053,BBAI,BIGBEAR AI HOLDINGS INC,45,-0.03,-0.151392,-0.5817422881102126,2767.7333399999998,3.0537971714603316,1.3500329835440457
2025-12-31,21342,VERA,VERA THERAPEUTICS INC,35,-0.03,0.497317,-0.4546832884097034,2157.5699999999997,1.1693683638912156,0.8764037060017812
2025-12-31,21357,DOCS,DOXIMITY INC,35,0.03,-0.142318,0.09312294100029947,7066.5185599999995,1.4366289779522887,1.3157232003413677
2025-12-31,21619,OKLO,OKLO INC,55,-0.03,-0.217835,-0.6073861934710992,14277.85086,0.8719585541350534,1.1809669984593807
2025-12-31,21927,DJT,TRUMP MEDIA & TECH GRP CORP,50,-0.03,0.144187,-0.3705263551961665,3231.1769199999994,1.9475805480933437,0.41450864671344895
2025-12-31,22265,RIVN,RIVIAN AUTOMOTIVE INC,25,-0.03,0.165912,-0.5283018867924528,20602.936859999998,1.867333950575193,1.568257790520031
2025-12-31,22758,ACLX,ARCELLX INC,35,-0.03,-0.10641400000000001,-0.39139712488769096,4204.310329999999,0.3044228238546288,0.608288491864578
2025-12-31,23054,SOUN,SOUNDHOUND AI INC,45,-0.03,-0.17574099999999998,-0.5652328541479484,4670.098,2.732848907917907,1.8747110401834695
2025-12-31,23263,QBTS,D WAVE QUANTUM INC,45,-0.03,0.15038,-0.6499887690925428,7860.11973,2.859028811577472,2.1321840063630435
2025-12-31,24248,ALE,ALLETE INC,55,-0.021674001954667448,-0.012296,-0.13907607067984426,3928.58676,0.7745699205351164,0.1128261157061055
2025-12-31,25590,NFG,NATIONAL FUEL GAS CO N J,55,0.03,-0.025626000000000003,0.4626197963462114,7452.3257,0.5725040039988986,0.4367347078271329
2025-12-31,45911,SWKS,SKYWORKS SOLUTIONS INC,45,0.03,-0.041641,0.17842168313866424,9805.446000000002,1.3397659277081064,1.7018181551442724
2025-12-31,70033,HOG,HARLEY DAVIDSON INC,25,0.03,-0.159573,0.27890086852351004,2893.29758,1.382037968380789,1.1194179661172388
2025-12-31,75510,ADBE,ADOBE INC,45,0.03,0.09014799999999999,0.33471847858640313,134006.418,1.4673158203676075,1.0656247504977996
2025-12-31,75603,CRUS,CIRRUS LOGIC INC,45,0.03,-0.018417,0.303066037735849,6140.9502,1.0697541983936174,1.1803882348811199
2025-12-31,75912,PTC,P T C INC,45,0.020000000000000004,-0.010081,0.32414270739742435,20954.76264,1.0500823903474992,1.0929301610484654
2025-12-31,76123,JOE,ST JOE CO,60,0.03,-0.01904,0.36820530098831983,3483.7558499999996,1.4040488309590906,0.8608482898760719
2025-12-31,76128,VICR,VICOR CORP,20,0.03,0.22351000000000001,0.17495882000598978,2941.9381,2.0080555765366985,1.7571272510257818
2025-12-31,76661,IONS,IONIS PHARMACEUTICALS INC,35,-0.03,-0.046883999999999995,-0.46091644204851745,13400.10902,0.31100713705750016,0.8066241656184284
2025-12-31,76709,IDXX,I D E X X LABORATORIES INC,35,0.03,-0.104538,0.09074573225516622,60118.22088,1.6512357545253746,1.3715596740972855
2025-12-31,76868,AAON,AAON INC,20,-0.028325998045332583,-0.187445,-0.4538222521713087,7631.146320000001,1.0935017522147885,1.3695384367989918
2025-12-31,77918,LFUS,LITTELFUSE INC,45,0.03,-0.015235,0.24605046421084162,6375.41004,1.4154046263534195,1.4069621240536931
2025-12-31,79637,UHS,UNIVERSAL HEALTH SERVICES INC,35,0.03,-0.10749800000000001,0.2752882599580713,13737.808439999999,1.1879764949031626,0.7398845212718695
2025-12-31,80128,VMI,VALMONT INDUSTRIES INC,20,0.03,-0.027309,0.2972446840371369,8135.509,1.2244280981814821,0.9971657433108809
2025-12-31,80575,SSD,SIMPSON MANUFACTURING CO INC,20,0.03,-0.038436,0.34214959568733155,6939.4074200000005,1.3408856939809144,0.916672268982783
2025-12-31,83779,PEGA,PEGASYSTEMS INC,45,0.03,0.087251,0.2871368673255465,9295.728710000001,1.14444884324178,1.5071310748766307
2025-12-31,85072,RL,RALPH LAUREN CORP,25,0.03,-0.038024999999999996,0.24429095537586104,14237.34347,1.5450080050377035,1.2331235438472676
2025-12-31,85621,MTD,METTLER TOLEDO INTERNATIONAL INC,35,0.03,-0.059014,0.242269392033543,30166.43616,1.3333954306418128,1.0806104022291259
2025-12-31,86102,FHI,FEDERATED HERMES INC,40,0.03,0.034744000000000004,0.4397836178496556,3890.08146,0.736590678107707,0.5809859821591047
2025-12-31,87430,KTOS,KRATOS DEFENSE & SECUR SOLS INC,20,-0.03,-0.0056240000000000005,-0.5002620545073375,12848.8001,1.2385397343253073,1.3258957416622748
2025-12-31,88159,EXEL,EXELIXIS INC,35,0.03,-0.010825,0.3044137466307278,11842.507040000002,0.40984275083105975,0.6496911434970946
2025-12-31,88351,INSM,INSMED INC,35,-0.03,-0.16546999999999998,-0.4085804132973944,44311.73121,1.0332178193737518,0.574346511656827
2025-12-31,88446,ILMN,ILLUMINA INC,35,0.03,-0.005333,0.10132150344414496,20085.56,1.4994102061064416,1.3381646549693038
2025-12-31,89964,NNI,NELNET INC,40,0.03,0.02827,0.4094040131775981,3271.83984,0.7878337009460058,0.6149437225471432
2025-12-31,91392,TNL,TRAVEL & LEISURE CO,25,0.03,0.033428,0.24097783767595088,4411.4085000000005,1.4022519409647791,1.2967166415493798
2025-12-31,91413,EVR,EVERCORE INC,40,0.020000000000000004,0.059921999999999996,0.1518980233602875,12379.667459999999,1.6560483140582969,1.6113942646189674
2025-12-31,91733,AVAV,AEROVIRONMENT INC,20,-0.03,-0.137565,-0.48313492063492053,13952.599419999999,1.1801335143810445,1.2117682180999432
2025-12-31,91832,MDGL,MADRIGAL PHARMACEUTICALS INC,35,-0.012214225998421785,-0.02765,-0.2700284516322253,13558.01278,-0.3573465081383677,0.20791979088941884
2025-12-31,91907,SMCI,SUPER MICRO COMPUTER INC,45,-0.03,-0.13843,-0.6360437256663671,20207.46835,1.4827420395108175,1.7596765162465489
2025-12-31,92294,UEC,URANIUM ENERGY CORP,10,-0.03,-0.051212,-0.5186807427373465,5899.685939999999,1.564766295335648,1.536136508568542
2025-12-31,92469,SATS,ECHOSTAR CORP,50,-0.03,0.480022,-0.48513776579814316,11471.93712,1.0777154069640535,1.3235512264310363
2026-01-31,12400,LPLA,L P L FINANCIAL HOLDINGS INC,40,-0.03,0.017522440294537516,-0.3513970256872465,28587.17246,0.6169337359307779,0.9711790790617935
2026-01-31,12622,HCA,H C A HEALTHCARE INC,35,0.03,0.04285957246283669,0.3131290371038005,106534.65084,1.2827003721926815,0.6078568203356216
2026-01-31,13543,GMED,GLOBUS MEDICAL INC,35,0.03,0.035598098728668016,0.18181988883881628,9793.99925,1.032010566336517,1.3066255366928128
2026-01-31,14436,RARE,ULTRAGENYX PHARMACEUTICALS INC,35,-0.03,0.04352173913043479,-0.5340618897401231,2218.9939999999997,0.18587255851245119,1.2611775878012434
2026-01-31,14593,AAPL,APPLE INC,45,0.03,-0.04853814463326709,0.34535075859996994,4017099.32658,1.0415563827756964,1.2005258685987183
2026-01-31,15058,SLNO,SOLENO THERAPEUTICS INC,35,-0.02513159091613104,-0.1701706263498919,-0.224275199038606,2486.7729999999997,-0.9103299179784655,0.15093879122849244
2026-01-31,15303,VKTX,VIKING THERAPEUTICS INC,35,-0.03,-0.17753098351335989,-0.502948024635722,3976.60648,0.7606635389412818,0.9360279019488378
2026-01-31,15649,MSGS,MADISON SQUARE GARD SPORTS CORP,50,-0.03,0.09326908950318974,-0.2762881177707676,5051.4345,0.6438388949024677,0.5479673224365995
2026-01-31,16126,AZZ,A Z Z INC,20,0.03,0.1566379921627169,0.35066471383506087,3221.5092600000003,1.1401153816731235,0.9216737765704814
2026-01-31,16260,MEDP,MEDPACE HOLDINGS INC,35,0.03,0.03408715392148142,0.1571653898152321,15820.5572,1.4298954395907675,1.5605973852962072
2026-01-31,16680,QXO,Q X O INC,20,-0.03,0.14681855883877673,-0.41082694907616046,13009.02168,2.774538643916612,0.300529348593518
2026-01-31,16738,AM,ANTERO MIDSTREAM CORP,10,0.03,0.06766738390362935,0.4297731710980922,8472.93225,0.805806253770842,0.6236143891558151
2026-01-31,16923,CELC,CELCUITY INC,35,-0.03,0.09405233607379193,-0.5196597566471384,4615.0695399999995,0.3081931956723823,1.221968675053521
2026-01-31,16967,CARG,CARGURUS INC,50,0.03,-0.15814993481095183,0.3831680937359171,3115.4389499999997,1.4261888539074228,1.104792153513294
2026-01-31,17223,ADT,A D T INC,25,0.020000000000000004,-0.01167410161090458,0.4217928496319664,6173.69526,0.9547957150705493,0.6690603331945727
2026-01-31,17374,RCUS,ARCUS BIOSCIENCES INC,35,-0.013309018848423924,-0.12007931179185898,-0.5463421961844674,2899.49142,0.8760369773355491,1.3322983206254542
2026-01-31,17821,SRRK,SCHOLAR ROCK HOLDING CORP,35,-0.03,0.0035834279228151257,-0.46937434279705575,4493.40835,0.8822140010697183,0.5299141725011272
2026-01-31,17959,CRNX,CRINETICS PHARMACEUTICALS INC,35,-0.03,0.06982491944146081,-0.5061589304491513,4417.222599999999,0.23883857522799173,0.947120550491052
2026-01-31,18424,LEVI,LEVI STRAUSS & CO,25,0.03,-0.044465766634522744,0.2705798407691152,2169.11364,1.3322760365826836,1.2950976551029851
2026-01-31,18835,DKNG,DRAFTKINGS INC,25,-0.03,-0.20468311085316307,-0.4470482199188824,17153.25758,1.754723227865037,1.390160724167946
2026-01-31,19405,GTM,ZOOMINFO TECHNOLOGIES INC,50,0.03,-0.21145624385447387,0.20271894246657648,3168.90081,1.1537328044144948,1.5452494862076205
2026-01-31,19433,MP,M P MATERIALS CORP,15,-0.03,0.16030166270783847,-0.6427069250413099,8953.6596,1.7498351231176639,1.8872424301539787
2026-01-31,19561,BA,BOEING CO,20,-0.03,0.07345541635961675,-0.41850683491062046,170020.37552,1.1500574816607625,1.1036162981896283
2026-01-31,19577,RKT,ROCKET COMPANIES INC,40,-0.03,-0.0768636363636364,-0.5209929397626558,18721.33296,2.302102693391822,1.123526309696055
2026-01-31,19628,IRON,DISC MEDICINE INC,35,-0.03,-0.02931910338748273,-0.4133055430374042,2997.7275,0.8762579167676473,0.6315648679255201
2026-01-31,19635,HRMY,HARMONY BIOSCIENCES HLDGS INC,35,0.03,-0.02705130946018168,0.35119047619047616,2155.24232,0.8664696444475871,0.7461660291836774
2026-01-31,19751,LCID,LUCID GROUP INC,25,-0.03,0.04430368968779565,-0.48971007961544233,3426.4557600000003,1.2021638637216085,1.4323295411846877
2026-01-31,19969,IMNM,IMMUNOME INC,35,-0.0015593902354443076,0.14318249534450653,-0.548144809974463,2369.93136,2.5322087904473403,1.1244367281514527
2026-01-31,20325,SMR,NUSCALE POWER CORP,20,-0.03,0.23059209597741712,-0.6793976265585098,3947.74783,2.7669654574923768,1.8163183204289817
2026-01-31,20975,DAVE,DAVE INC,40,0.03,-0.26369283230206403,0.1260327474838516,2698.9878999999996,3.757416025179773,1.5791738646678464
2026-01-31,21007,RGTI,RIGETTI COMPUTING INC,45,-0.03,-0.18268397291196375,-0.7092909719092685,7310.0759,2.120078005972557,2.3283061682614474
2026-01-31,21053,BBAI,BIGBEAR AI HOLDINGS INC,45,-0.03,-0.06966666666666672,-0.5700766110860748,2357.3754,3.070111937848891,1.2883574380284493
2026-01-31,21342,VERA,VERA THERAPEUTICS INC,35,-0.03,-0.14873459715639817,-0.4851472134595163,3594.7816799999996,1.1302843979654487,0.9206125280013033
2026-01-31,21357,DOCS,DOXIMITY INC,35,0.03,-0.15679403794037947,0.13331831155175003,6082.92072,1.4486051619920806,1.3307617614962854
2026-01-31,21619,OKLO,OKLO INC,55,-0.03,0.10653177257525082,-0.610259876821391,11212.284720000001,0.8960356769396873,1.233062475694502
2026-01-31,21927,DJT,TRUMP MEDIA & TECH GRP CORP,50,-0.03,-0.037743202416918496,-0.4187697160883281,3707.17352,1.9329198994517451,0.5130487793027695
2026-01-31,22220,NN,NEXTNAV INC,45,-0.03,-0.14001923076923084,-0.36765810425116413,2243.55456,1.135631279316542,0.9001608672022141
2026-01-31,22265,RIVN,RIVIAN AUTOMOTIVE INC,25,-0.03,-0.2546489091831558,-0.5316208502328377,24085.63971,1.850940664410388,1.6153924958948156
2026-01-31,22758,ACLX,ARCELLX INC,35,-0.03,0.04469938650306747,-0.44351810124680785,3770.0596,0.31936687714722534,0.6157139263329459
2026-01-31,23054,SOUN,SOUNDHOUND AI INC,45,-0.03,-0.1544543630892678,-0.5864879074658254,3863.9732000000004,2.7581823959978884,1.668508263298796
2026-01-31,23263,QBTS,D WAVE QUANTUM INC,45,-0.03,-0.19152772466539197,-0.6595313204146012,9066.70185,2.8493559011117813,1.9397748121839977
2026-01-31,29612,AIT,APPLIED INDUSTRIAL TECHS INC,20,0.03,0.011176110916384433,0.31729758149316506,9684.85086,0.8831656480344487,0.9986063333094362
2026-01-31,40125,DXC,D X C TECHNOLOGY CO,45,0.03,-0.018017064846416356,0.314293225176506,2551.0631,1.0546452606406296,1.0743404393222
2026-01-31,45911,SWKS,SKYWORKS SOLUTIONS INC,45,0.03,-0.1236434316353888,0.21315908066696712,9427.7988,1.327771885177513,1.7280333571944293
2026-01-31,56274,CAG,CONAGRA BRANDS INC,30,-0.03,0.08717441780201633,-0.18758449752140605,8280.56739,-0.050208757138481136,0.09998337841490702
2026-01-31,70033,HOG,HARLEY DAVIDSON INC,25,0.03,-0.03667496339677878,0.3155700766110861,2420.7295799999997,1.4417933691230527,1.1459385696436453
2026-01-31,75603,CRUS,CIRRUS LOGIC INC,45,0.03,0.09691561181434602,0.3410507736217515,6047.055,1.079107203453804,1.1951898820983493
2026-01-31,75912,PTC,P T C INC,45,0.03,-0.10678279088456467,0.374680787141355,20809.036079999998,1.0303871399098752,1.105570347496832
2026-01-31,76123,JOE,ST JOE CO,60,0.03,0.11187283139632813,0.40605753342346407,3428.3206499999997,1.3323319332484247,0.8849374589172517
2026-01-31,76128,VICR,VICOR CORP,20,0.03,0.43559489051094885,0.12486855941114618,3608.6896,1.9759845683457342,1.771065573558359
2026-01-31,76709,IDXX,I D E X X LABORATORIES INC,35,0.03,-0.01197225548017078,0.24387862400480695,54021.59703,1.6568815345725323,1.3833863772461221
2026-01-31,77584,BKE,BUCKLE INC,25,0.03,-0.06156589000270877,0.3903034399879826,2732.80694,1.2350259114104953,0.7764830889210841
2026-01-31,77918,LFUS,LITTELFUSE INC,45,0.03,0.2770885655543254,0.21937434279705575,6298.21384,1.4149415031307482,1.4357401256656799
2026-01-31,79637,UHS,UNIVERSAL HEALTH SERVICES INC,35,0.03,-0.07987368131364103,0.3363940213309298,12042.116680000001,1.20005120385811,0.7475569387484197
2026-01-31,80128,VMI,VALMONT INDUSTRIES INC,20,0.03,0.10447663551401873,0.31305392819588407,7925.704,1.2234256663538878,1.0099913260107787
2026-01-31,80575,SSD,SIMPSON MANUFACTURING CO INC,20,0.03,0.09374386452787914,0.32835736818386657,6694.384730000001,1.3599658946961874,0.9221506709864786
2026-01-31,85621,MTD,METTLER TOLEDO INTERNATIONAL INC,35,0.03,-0.01802664629641587,0.2613602223223674,28480.513320000002,1.3597372010522903,1.1025153358926194
2026-01-31,86102,FHI,FEDERATED HERMES INC,40,0.03,0.020237948914922355,0.4267688147814331,4037.40366,0.7221728323327228,0.5940354510013371
2026-01-31,87430,KTOS,KRATOS DEFENSE & SECUR SOLS INC,20,-0.03,0.3540017125543408,-0.5063091482649842,12816.72031,1.1662882637366683,1.3696585175335205
2026-01-31,88159,EXEL,EXELIXIS INC,35,0.03,-0.05935409536846906,0.3058622502628812,11751.348960000001,0.40679409996466925,0.6781618055065171
2026-01-31,88351,INSM,INSMED INC,35,-0.03,-0.10165548149850602,-0.4705573080967402,37118.03292,1.1274488819219977,0.6126479543316831
2026-01-31,88446,ILMN,ILLUMINA INC,35,0.01999999999999927,0.10107136322049425,0.1094149016073306,20041.248,1.4637585609226509,1.35353980837926
2026-01-31,89964,NNI,NELNET INC,40,0.03,-0.010972322503008482,0.4260928346101847,3366.01536,0.782516172019558,0.6171805610286041
2026-01-31,90126,CYTK,CYTOKINETICS INC,35,-0.03,-0.008508341202392217,-0.4586525461919783,7768.7181,0.59320205450015,0.8504601653101926
2026-01-31,91234,MWA,MUELLER WATER PRODUCTS INC,20,0.009999999999999995,0.13343996641477748,0.2908404686795854,3724.4952000000003,1.1857628900655248,1.051741626118698
2026-01-31,91392,TNL,TRAVEL & LEISURE CO,25,0.03,-0.017036580178647464,0.27305843473035896,4536.842250000001,1.3962935647133055,1.3093565894334964
2026-01-31,91413,EVR,EVERCORE INC,40,0.020000000000000004,0.03526598089639956,0.16169070151719994,13160.189499999999,1.6116822187396036,1.6289113438756047
2026-01-31,91733,AVAV,AEROVIRONMENT INC,20,-0.03,0.1478950349332341,-0.5927782785038305,12076.84203,1.213379068306161,1.2191590080933186
2026-01-31,91907,SMCI,SUPER MICRO COMPUTER INC,45,-0.03,-0.008466347796378549,-0.6115742827099294,17473.34117,1.5009268360651589,1.672441196454373
2026-01-31,92469,SATS,ECHOSTAR CORP,50,-0.03,0.038582336706531634,-0.5470557308096741,17014.5936,1.0970400094057575,1.363420351511376
2026-02-28,12622,HCA,"HCA Healthcare, Inc.",35,0.03,0.08205059495770803,0.25736166740839633,111420.28438,1.2812573363074309,0.6094995249985634
2026-02-28,13543,GMED,GLOBUS MEDICAL INC,35,0.03,0.049912836347595795,0.15129431835039306,10172.029,1.0279320528671294,1.3189037942213673
2026-02-28,13730,PBF,PBF Energy Inc.,10,-0.03,0.06951901282462743,-0.33492805221777194,3876.24062,0.5954261330742253,0.8671613593454531
2026-02-28,14436,RARE,Ultragenyx Pharmaceutical Inc.,35,-0.03,-0.031050934773577055,-0.5100318943776888,2322.22546,0.18865605946236255,1.2673311373659553
2026-02-28,14593,AAPL,Apple Inc.,45,0.03,0.016277060086716536,0.37171784601691144,3813817.83848,1.0402739938975312,1.1913324484479602
2026-02-28,14960,ENVA,"Enova International, Inc.",40,0.03,-0.16094009808076515,0.25265168372645014,4083.82825,1.3265250142450398,1.2219017818869424
2026-02-28,15303,,,35,-0.03,0.16248925619834725,-0.4910621569500075,3282.56544,0.7773336702324134,0.9369913170887668
2026-02-28,16260,,,35,0.03,-0.22721972256558168,0.17061637739207833,16407.29664,1.4250651398896466,1.5662348566624817
2026-02-28,16680,QXO,"QXO, Inc.",20,-0.03,0.0770016230838592,-0.437620531078475,15663.36074,2.8155317408878537,0.3113487509559696
2026-02-28,16738,,,10,0.03,0.1916739638682253,0.4709983681946298,8963.495499999999,0.8093279891079274,0.6153948901127505
2026-02-28,16923,,,35,-0.03,0.018128532261012537,-0.5496588043317016,5062.97282,0.35099093187015235,1.2389063336884878
2026-02-28,16967,,,50,0.03,-0.055269135802469116,0.4658062601987836,2632.0788,1.4184542022697286,1.1141517331422093
2026-02-28,17223,,,25,0.020000000000000004,-0.00030000000000010053,0.44305370123127125,6120.144,0.9673187283740802,0.6829001681191915
2026-02-28,17374,,,35,-0.03,-0.034644106463878235,-0.5720219551995254,2560.02096,0.901845452554573,1.3878577940149994
2026-02-28,17821,SRRK,Scholar Rock Holding Corp,35,-0.03,-0.004378709968425807,-0.4712950600801068,4522.99038,0.89766468756952,0.5390592502861516
2026-02-28,17892,DNTH,"Dianthus Therapeutics, Inc. /DE/",35,-0.03,0.030914178685146978,-0.5765650496958907,2289.14964,1.6235453025237252,0.8805336472772074
2026-02-28,17959,CRNX,"Crinetics Pharmaceuticals, Inc.",35,-0.03,-0.1798124148978774,-0.5425567423230975,5119.44928,0.23861414589819765,0.9271317482797458
2026-02-28,18428,DOW,DOW INC.,15,-0.03,0.1253306747622904,-0.5436322504079513,19581.63085,0.7421827119272967,1.3667353017533814
2026-02-28,19002,BWIN,"Baldwin Insurance Group, Inc.",40,-0.03,0.056962773722627674,-0.4656950007417298,2096.07808,1.3646725463477094,1.1898463219779196
2026-02-28,19201,,,35,-0.03,0.04949499742135114,-0.5399421450823321,18742.374,1.0416196072879171,1.0876474498378876
2026-02-28,19433,,,15,-0.03,-0.0010984515909478593,-0.6604175938288088,10415.8071,1.7428511237931765,1.9171825102070625
2026-02-28,19455,OPEN,Opendoor Technologies Inc.,60,0.010474806654499208,0.04962718446601933,-0.4194110666073283,4912.0082,3.8419144530812486,3.712170912438519
2026-02-28,19577,,,40,-0.03,0.011700836586726377,-0.5661622904613559,17338.50723,2.30658610359564,1.1855734850427544
2026-02-28,19628,IRON,"Disc Medicine, Inc.",35,-0.03,-0.1411859286083806,-0.42386144488948224,2918.83,0.8812534073011034,0.6411543325402955
2026-02-28,19635,HRMY,"Harmony Biosciences Holdings, Inc.",35,0.03,-0.2213104052573933,0.44494511200118675,2103.40592,0.8656072636082903,0.7445075313642519
2026-02-28,19751,LCID,"Lucid Group, Inc.",25,-0.03,-0.09945763324299911,-0.4889667705088266,3588.53976,1.308890510486015,1.537411792922212
2026-02-28,20138,CMPO,"CompoSecure, Inc.",45,-0.03,-0.050221354974123035,-0.40544800474707016,6821.51155,0.988176154554446,0.8310987207465741
2026-02-28,20325,SMR,NUSCALE POWER Corp,20,-0.03,-0.2676741418764303,-0.6850801068090788,4869.91052,2.7664216756107747,1.738297401229358
2026-02-28,20894,,,45,0.03,-0.08383823635095439,0.0032265242545616185,145527.21667,2.4382417404155254,2.333259028429137
2026-02-28,21007,RGTI,"Rigetti Computing, Inc.",45,-0.03,-0.04407682993946064,-0.6982458092271177,5996.57242,2.108506864518915,1.8302507255794085
2026-02-28,21053,BBAI,"BigBear.ai Holdings, Inc.",45,-0.02987735293855988,-0.2170857142857143,-0.5567608663403056,2200.21704,3.067871843451428,1.2605365097915429
2026-02-28,21357,,,35,0.03,-0.34814294101948223,0.1621792018988281,5147.40378,1.444995161116481,1.3460847880964695
2026-02-28,21619,,,55,-0.03,-0.21216950514945995,-0.6077176976709687,12440.386140000002,0.8968390526804938,1.1700904416799334
2026-02-28,21927,DJT,Trump Media & Technology Group Corp.,50,-0.03,-0.16477183098591539,-0.36721183800623053,3533.6444399999996,1.9321455241047163,0.4860948382467291
2026-02-28,22758,,,35,-0.03,0.662988317962231,-0.41757528556593976,3949.88913,0.31942125396050597,0.6082853250147134
2026-02-28,23263,QBTS,D-Wave Quantum Inc.,45,-0.03,-0.11778586239396785,-0.6483088562527816,7847.77138,2.8528476456221514,1.767797533800146
2026-02-28,40125,DXC,DXC Technology Co,45,0.03,-0.1303121275121275,0.35332294911734163,2512.75362,1.0635730579082807,1.0873858871635844
2026-02-28,45911,SWKS,"SKYWORKS SOLUTIONS, INC.",45,0.03,0.07837300581577603,0.1692256341789052,8360.0968,1.3372384620888234,1.7880817555156225
2026-02-28,56274,,,30,-0.03,0.037178390059427156,-0.2586226079216733,8854.610190000001,-0.05160822847164549,0.11522535372758598
2026-02-28,59328,INTC,INTEL CORP,45,-0.03,-0.021306563374219926,-0.5428719774514167,232117.65,1.3301251610049791,1.8555414977216917
2026-02-28,60628,FDX,FEDEX CORP,20,0.03,0.19813095422808374,0.3243213173119715,75768.38674999999,1.251119913812906,0.8390510052270963
2026-02-28,75510,ADBE,ADOBE INC.,45,0.03,-0.10796624040920712,0.3467215546654798,120379.125,1.4519284530077352,1.0199991783066948
2026-02-28,75603,,,45,0.019877352938559883,0.07990676691729325,0.2867341640706127,6651.2502,1.0914782241713405,1.2122296596047841
2026-02-28,75912,,,45,0.03,0.00014626272977651946,0.383177570093458,18566.9796,1.0385540655008547,1.1485994967507376
2026-02-28,76123,,,60,0.03,0.08754597371204101,0.3932094644711467,3822.14155,1.337579572266139,0.8968116406360079
2026-02-28,76661,IONS,IONIS PHARMACEUTICALS INC,35,-0.03,-0.021186355388895562,-0.4258641151164516,13390.39058,0.28920000578248667,0.7991821324954868
2026-02-28,76709,IDXX,IDEXX LABORATORIES INC /DE,35,0.03,-0.023278477463234224,0.23828067052366117,53536.90146,1.6538284138665826,1.3991259089559271
2026-02-28,79637,,,35,0.03,0.021248494484746087,0.33895193591455275,11116.394839999999,1.1915849807217975,0.7561249444946425
2026-02-28,79879,VIAV,VIAVI SOLUTIONS INC.,45,-0.03,0.21183614063777606,-0.41008381545764727,5659.77494,1.000834784734587,1.0703336752920611
2026-02-28,80128,,,20,0.03,0.029451548612981358,0.30277406912920934,8777.532,1.2322749549594332,1.009578493309493
2026-02-28,80575,,,20,0.029525193345500786,0.09217680733114594,0.29426272066458986,7329.122020000001,1.3597534387532273,0.939700803305314
2026-02-28,80864,,,15,0.009999999999999995,-0.044863732928679866,0.3295505117935025,17228.5665,0.9344153398656151,0.712558337161826
2026-02-28,81736,RMD,RESMED INC,35,0.03,-0.008313873157171244,0.28836596944073584,37704.47746,0.8803472593963254,0.5892206743196511
2026-02-28,83779,PEGA,PEGASYSTEMS INC,45,0.03,-0.0018844586861981396,0.2320501409286456,7415.19787,1.1387036727091946,1.589983103247342
2026-02-28,85072,RL,RALPH LAUREN CORP,25,0.03,0.023203791630117918,0.31586559857587904,13697.818190000002,1.5055071993479854,1.255576382660793
2026-02-28,85621,MTD,METTLER TOLEDO INTERNATIONAL INC/,35,0.03,-0.0075697416329264765,0.26934060228452755,28052.546720000002,1.36220792294806,1.1169003030940137
2026-02-28,86102,FHI,"FEDERATED HERMES, INC.",40,0.03,0.05529639574723092,0.4270508826583593,4131.22464,0.7163993177657302,0.5989507908354255
2026-02-28,87179,,,45,0.03,0.047541603739662076,0.4270879691440439,2007.71514,0.6321895816265148,0.6867878049389361
2026-02-28,87430,,,20,-0.03,-0.16618219590331032,-0.5249035751372201,17392.311410000002,1.1659784985528265,1.431157175310553
2026-02-28,88159,EXEL,"EXELIXIS, INC.",35,0.03,0.0624804642166345,0.3397678385996143,11089.11232,0.4137771163595015,0.6735048237904601
2026-02-28,90126,,,35,-0.010122647061439406,-0.01815053014717517,-0.42313825841863234,7725.9253499999995,0.5859590306263731,0.8499397879877063
2026-02-28,90319,,,50,0.03,-0.08043313609467449,0.29426272066458975,1966484.0,1.0308525507469282,1.079788536463385
2026-02-28,90988,BKD,Brookdale Senior Living Inc.,35,-0.03,0.017200000000000108,-0.3889259753745734,3564.825,0.6991589743575586,0.5885236705958614
2026-02-28,91233,MA,Mastercard Inc,40,0.020000000000000004,-0.04285271070361356,0.36619195964990353,480200.89782,0.7893679986736777,0.7976662795247478
2026-02-28,91392,,,25,0.03,0.05702168536094342,0.2941329179646937,4473.160500000001,1.3948805943062514,1.3345519789737124
2026-02-28,91413,,,40,0.03,-0.1261900395714191,0.15919373980121643,13663.777059999999,1.6107249578227696,1.659584969290492
2026-02-28,91733,AVAV,AeroVironment Inc,20,-0.03,-0.09669705089981676,-0.6042130247737724,13898.89914,1.2394622095660188,1.3592249950382191
2026-02-28,91907,SMCI,"Super Micro Computer, Inc.",45,-0.03,0.10987605633802822,-0.6316013944518618,17377.82581,1.494565585165598,1.638440013976521
2026-02-28,92050,,,35,0.020122647061439403,-0.038764192173879004,0.17219255303367453,17995.46607,1.4161039925004275,0.9736719959763237
2026-02-28,92469,,,50,-0.03,0.017602755696873452,-0.5540906393710132,17722.100159999998,1.0934891321164886,1.379117783236896
2026-03-31,10318,BCPC,BALCHEM CORP,15,0.009999999999999995,-0.06876562310533006,0.34673776197881956,5810.29575,0.940632400413389,0.5941768838991139
2026-03-31,13543,GMED,GLOBUS MEDICAL INC,35,0.03,-0.10032300439974856,0.25664667111012374,10770.083579999999,1.0215402279214256,1.3074796344627027
2026-03-31,14263,VCYT,"VERACYTE, INC.",35,0.03,-0.12260483738726434,0.11712212101014588,2907.3682200000003,1.9137389074963789,1.5146990039462156
2026-03-31,14593,AAPL,Apple Inc.,45,0.03,-0.04222924521159813,0.3138746945123306,3878463.5652,1.0538471647799483,1.2038490944086513
2026-03-31,14708,VRDN,"Viridian Therapeutics, Inc.\DE",35,-0.03,-0.3371409802586794,-0.40274383470339925,3002.8416599999996,1.09127492240167,0.704992999619076
2026-03-31,15303,VKTX,"Viking Therapeutics, Inc.",35,-0.03,-0.04131607565011833,-0.45038139672665334,3910.3473600000007,0.7842248258833611,0.9028865420515799
2026-03-31,16005,SYRE,"Spyre Therapeutics, Inc.",35,-0.017855016723735177,0.16985052313415483,-0.34323853958379624,3378.0054,2.822558755098254,0.26754187141660174
2026-03-31,16126,AZZ,AZZ INC,20,0.03,-0.08269114575672883,0.36789972598681775,4059.81888,1.1217864531979318,0.923806916921071
2026-03-31,16260,MEDP,"Medpace Holdings, Inc.",35,0.03,0.060031645121303365,0.1780159964452344,12821.40056,1.4331054099607554,1.5693908942901091
2026-03-31,16591,LAUR,"LAUREATE EDUCATION, INC.",25,0.03,0.07440364873222022,0.4857439087610161,4616.34096,0.5561545361119671,0.5305465577735909
2026-03-31,16631,VRRM,VERRA MOBILITY Corp,20,0.03,-0.14772345900658296,0.43457009553432574,2529.25902,0.6238899332489307,0.7795438869594226
2026-03-31,16680,QXO,"QXO, Inc.",20,-0.03,-0.19204405010438402,-0.42422054358290756,16913.32235,2.780438617566374,0.3262250635362398
2026-03-31,16967,CARG,"CarGurus, Inc.",50,0.03,0.10622052117263837,0.39852255054432345,2485.8711,1.4468697142248381,1.0645473283597968
2026-03-31,17045,ACMR,"ACM Research, Inc.",45,-0.03,-0.2961830459770115,-0.5597459823742872,3332.7264,1.5659866754693037,1.7871636820163657
2026-03-31,17223,ADT,ADT Inc.,25,0.03,-0.1766359212373344,0.42916388950603573,6135.4443599999995,0.9921011236083964,0.6771484683583864
2026-03-31,17366,HYMC,HYCROFT MINING HOLDING CORP,15,-0.03,-0.30407133214214804,-0.4091127897504258,4181.96925,1.5472686845460837,0.7783247586739712
2026-03-31,17372,COGT,"Cogent Biosciences, Inc.",35,-0.0021449832762648275,-0.012166409266409252,-0.4674146485966082,6305.704650000001,0.5257426830729713,1.1226683640929445
2026-03-31,17821,,,35,-0.03,0.10755854980799623,-0.39306080130341403,4515.84989,0.9248085001585388,0.5397821633162897
2026-03-31,17892,,,35,-0.03,0.5176653198043124,-0.5543397763459972,2385.47737,1.5929112171280464,0.8862322781950561
2026-03-31,18428,DOW,DOW INC.,15,-0.03,0.3524530751708426,-0.5380100718358883,22049.81982,0.6974110519088392,1.3745497380589813
2026-03-31,19002,BWIN,"Baldwin Insurance Group, Inc.",40,-0.03,-0.05843164012053376,-0.5333074131674442,2246.82883,1.3357313136363052,1.3388202258065272
2026-03-31,19577,RKT,"Rocket Companies, Inc.",40,-0.03,-0.21950252886201216,-0.5241983262978598,17589.93009,2.304168634265212,1.1999901878943844
2026-03-31,19628,IRON,"Disc Medicine, Inc.",35,-0.03,-0.043128159711798356,-0.4321076797748648,2542.2192,0.8612994244775224,0.7527837648640554
2026-03-31,19751,LCID,"Lucid Group, Inc.",25,-0.03,-0.04990000000000006,-0.506072724579723,3276.84,1.2613151638116533,1.6013445959561932
2026-03-31,19849,SMMT,Summit Therapeutics Inc.,35,-0.03,0.1399571428571429,-0.2722172850477671,12863.43807,-0.029115866704988183,0.3192290564568347
2026-03-31,20138,,,45,-0.03,-0.2412073496659241,-0.32437236169740064,6497.36675,1.0031224923406046,0.8080242721785712
2026-03-31,20325,SMR,NUSCALE POWER Corp,20,-0.03,-0.15932023346303503,-0.7070650966451899,3579.9971499999997,2.823105511939596,1.7956382406468703
2026-03-31,20894,APP,AppLovin Corp,45,0.03,-0.08747345263012624,0.027549433459231283,133504.8239,2.4527175975838227,2.365590484887624
2026-03-31,20975,DAVE,Dave Inc./DE,40,0.03,-0.10213940601231442,0.13121158261127155,2355.9613,3.7233006901454697,1.6473565642890449
2026-03-31,21007,,,45,-0.03,-0.1969298507462688,-0.6900688735836481,5749.052920000001,2.13259253382056,1.8528798459762654
2026-03-31,21219,GPOR,GULFPORT ENERGY CORP,10,0.03,0.011046132464296043,0.4211286380804266,3872.31228,0.5998490672894742,0.6506825289391504
2026-03-31,21619,,,55,-0.03,-0.21513193010325654,-0.5878138191512997,9835.748650000001,0.9349814207824613,1.186095723839143
2026-03-31,21927,DJT,Trump Media & Technology Group Corp.,50,-0.03,-0.13642007469654543,-0.3317596089757831,2961.29358,1.9580999479509027,0.4995121227056592
2026-03-31,22220,NN,NEXTNAV INC.,45,-0.03,-0.007250528278433827,-0.32455750573946535,2169.39861,1.1140930582874646,0.9059380603227977
2026-03-31,22265,RIVN,"Rivian Automotive, Inc. / DE",25,-0.03,-0.02116484018264836,-0.6323594756720728,18964.39041,1.8309124823596286,1.6037891486050468
2026-03-31,22758,,,35,-0.03,0.006151762017751885,-0.5245315855735762,6654.4392,0.21617916144932275,0.9414868619761088
2026-03-31,23054,SOUN,"SOUNDHOUND AI, INC.",45,-0.007486947060801396,-0.2040627906976743,-0.5139968895800934,3333.016,2.7571861786515193,1.530074254429945
2026-03-31,23147,,,15,-0.03,-0.31529092495637,-0.5852958601792195,2706.1013700000003,1.145359581087328,1.5876638567369015
2026-03-31,25785,F,FORD MOTOR CO,25,-0.012513052939197869,-0.18387941802696955,-0.34638598829889655,55213.39807,1.6429403013501829,0.9886160392743245
2026-03-31,30681,OMC,OMNICOM GROUP INC.,50,-0.03,-0.11108928679693876,-0.38989483818410725,26468.557440000004,0.7072059907754227,0.9702905673371246
2026-03-31,39571,GGG,GRACO INC,20,0.03,-0.10160102214650762,0.3516440790935348,15528.54496,1.0455044550715942,0.7662208697052442
2026-03-31,40125,,,45,0.03,-0.004488562351072244,0.2953973191142709,2137.2783999999997,1.0971040605373956,1.2099196156170224
2026-03-31,46463,GFF,GRIFFON CORP,20,0.03,-0.1502486625997183,0.29484188698807673,3970.39396,1.4067201940791207,0.9577488925468803
2026-03-31,56274,CAG,CONAGRA BRANDS INC.,30,-0.03,-0.18627662337662332,-0.224968525512849,9208.60325,-0.05649479187603071,0.10118870392615843
2026-03-31,57809,NDSN,NORDSON CORP,20,0.009999999999999995,-0.09342456705040957,0.30265496556320814,16369.256959999999,0.9957427765055196,0.9798258707410682
2026-03-31,75510,,,45,0.03,-0.07656335124423605,0.3354995186254906,107719.30500000001,1.4664182048389285,1.0583709543850977
2026-03-31,76123,JOE,ST JOE Co,60,0.03,-0.13073940136706375,0.3595127008812856,4152.9504799999995,1.3069952092932466,0.9029829676407825
2026-03-31,76661,IONS,IONIS PHARMACEUTICALS INC,35,-0.03,-0.0775765249537893,-0.4886876990298452,13405.330800000002,0.3149225106680723,0.7920986810844705
2026-03-31,76709,IDXX,IDEXX LABORATORIES INC /DE,35,0.03,-0.14731246783305169,0.2580907946382286,52291.46952,1.6464017005238814,1.3702116135882811
2026-03-31,77584,BKE,BUCKLE INC,25,0.03,-0.06247049486461248,0.4052617936754795,2739.4573499999997,1.250097366065389,0.8071566043820954
2026-03-31,79879,,,45,-0.03,0.11726156176371588,-0.37349107605717247,6874.567190000001,0.9651946477791652,1.0879885786504284
2026-03-31,80306,BCRX,BIOCRYST PHARMACEUTICALS INC,35,0.03,0.08509999999999995,0.37995260312523144,2194.50875,0.7507696678357648,0.8383235485545665
2026-03-31,83601,,,20,0.03,-0.06825859867801912,0.3202251351551507,2775.12747,1.3132056034349413,0.9556753941303802
2026-03-31,83779,PEGA,PEGASYSTEMS INC,45,0.03,-0.02965508804024692,0.22761608531437455,7392.29412,1.1330257308695095,1.5793719837810407
2026-03-31,85072,RL,RALPH LAUREN CORP,25,0.03,-0.05158309453802317,0.27275420276975487,14016.303000000002,1.4850152772623284,1.2360033250803388
2026-03-31,85621,MTD,METTLER TOLEDO INTERNATIONAL INC/,35,0.03,-0.08008648705997702,0.27960453232614974,27777.97425,1.3714164797480741,1.097320226899613
2026-03-31,85724,PRDO,PERDOCEO EDUCATION Corp,25,0.002513052939197874,0.11785144503204063,0.4305524698215212,2083.6413000000002,0.8770492267951101,0.6294607171715092
2026-03-31,86102,,,40,0.03,0.009597768255668826,0.4407909353477005,4342.90338,0.7126696717630887,0.6181302268963871
2026-03-31,86233,LEU,CENTRUS ENERGY CORP,10,-0.03,-0.14604625598499438,-0.6534288676590387,3838.06755,1.4854866628696033,1.976991509603936
2026-03-31,87430,,,20,-0.03,-0.18472873056393596,-0.5795563948752128,14678.953220000001,1.1941150387406978,1.5083868805661338
2026-03-31,88159,EXEL,"EXELIXIS, INC.",35,0.03,-0.029454698138901534,0.3958564763385914,11442.778540000001,0.4121474573991861,0.6637828137867628
2026-03-31,88446,ILMN,"ILLUMINA, INC.",35,0.03,-0.08619614755317576,0.14485669851144187,20558.934,1.481982226359035,1.3474371051709169
2026-03-31,88853,FLR,FLUOR CORP,20,-0.03,-0.11110110877461293,-0.44288306302303193,7666.81515,1.3501766012733158,1.2087587908834512
2026-03-31,89781,MOH,"MOLINA HEALTHCARE, INC.",35,-0.03,-0.13759652710159037,-0.35842035103310377,7933.575000000001,0.49715517285354416,0.5140696047749136
2026-03-31,89922,ADEA,Adeia Inc.,45,0.03,0.16105989276414262,0.32326149744501226,2256.30657,1.4030987717357148,1.2990591759191794
2026-03-31,89968,,,40,0.03,0.05287114377482181,0.3300007405761682,5267.2921,1.5475434501273733,1.3862781157055142
2026-03-31,90276,BLKB,BLACKBAUD INC,45,0.0274869470608014,-0.20747354758961678,0.3688809894097608,2229.5878199999997,1.0897547630221682,0.8480364571844106
2026-03-31,90319,GOOGL,Alphabet Inc.,50,0.03,-0.07989155166492547,0.2973043027475376,1815066.72,1.0333228266096501,1.0384247030176539
2026-03-31,90829,CF,"CF Industries Holdings, Inc.",15,0.03,0.30150024110910195,0.40831667036954755,15296.212260000002,0.7435512589344789,0.3969816100414166
2026-03-31,91233,MA,Mastercard Inc,40,0.020000000000000004,-0.036832058544885075,0.37939717099903725,457842.56736000004,0.7799433633924151,0.8375655947848449
2026-03-31,91733,AVAV,AeroVironment Inc,20,-0.03,-0.2772310208126858,-0.5887025105532103,12593.8335,1.2674772768601128,1.4131111497959963
2026-03-31,92469,,,50,-0.03,0.010429871029169917,-0.5184958898022661,18083.67984,1.090984396642125,1.3768661717076691
2026-04-30,10606,,,20,0.03,0.031100482276344286,0.3494804515212679,7960.912960000001,1.2900707138777157,0.9055780581180939
2026-04-30,12622,,,35,0.03,-0.08486686670611107,0.33940719144800774,105826.87528000001,1.2831579561288844,0.5842045339600224
2026-04-30,13543,GMED,GLOBUS MEDICAL INC,35,0.03,0.04375738161559901,0.26495103535919867,9720.829679999999,1.055980842931111,1.3291111823140018
2026-04-30,14263,VCYT,"VERACYTE, INC.",35,0.03,0.019142843837317628,0.09862076698811394,2559.34218,1.9436224707996168,1.5498402322476215
2026-04-30,14593,,,45,0.03,0.0662910634776785,0.36508559467743146,3725926.5206,1.0569046680167506,1.1926163499588154
2026-04-30,15293,,,10,-0.03,0.019293211488250642,-0.5227816401285789,2029.3638,1.884238262788409,1.009573637400455
2026-04-30,15303,,,35,-0.03,-0.04469471419791025,-0.42870225013082147,3760.12716,0.8440574053221663,0.888734276105837
2026-04-30,16126,AZZ,AZZ INC,20,0.03,0.14179077527529738,0.3340061299244973,3735.88128,1.1508398677465226,0.9392280237472971
2026-04-30,16260,,,35,0.03,-0.13103677919156997,0.17526351199820592,13628.27239,1.3826662680914097,1.582444436694496
2026-04-30,16263,,,35,-0.007660471869798958,-0.06390569259962056,-0.4001644613889512,6725.4686,1.996566740110968,0.5781556057153474
2026-04-30,16631,,,20,0.03,0.03488866340097977,0.5144464379158257,2162.96298,0.6929168929154047,0.7357557148518473
2026-04-30,16680,QXO,"QXO, Inc.",20,-0.03,0.030570648815653932,-0.38889511848695524,13760.060420000002,2.7738541686992697,0.3575010637759516
2026-04-30,16923,CELC,Celcuity Inc.,35,-0.03,0.060268039250043745,-0.5264072662031846,5517.18518,0.39777627128241444,1.2110682625566354
2026-04-30,16967,,,50,0.03,0.0678782672540383,0.3481722359273379,2757.1306499999996,1.3845128578842132,1.0646989555068127
2026-04-30,17366,HYMC,HYCROFT MINING HOLDING CORP,15,-0.03,0.032895454545454485,-0.4433542647828362,3204.4672000000005,1.7826331360091716,0.8448834269733152
2026-04-30,17372,,,35,-0.03,-0.07304809041309437,-0.520015698587127,6247.27341,0.5325835449129627,1.1322895964859694
2026-04-30,17892,DNTH,"Dianthus Therapeutics, Inc. /DE/",35,-0.03,0.04333450905624399,-0.5989571652836958,4442.89264,1.2851447834130472,0.9040958404627019
2026-04-30,18428,,,15,-0.03,-0.030751140456182373,-0.5605330044105553,29885.2911,0.4905118768963263,1.346721175916514
2026-04-30,19002,,,40,-0.03,0.03265150410209652,-0.48917918815878003,2122.0587400000004,1.3299755342132102,1.277615233040723
2026-04-30,19577,,,40,-0.03,0.023064912280701663,-0.5136241309710697,13835.838,2.3404316156311795,1.3583148915731906
2026-04-30,19628,,,35,-0.03,0.02853572098842673,-0.39911788891380734,2439.9503999999997,0.8877182223012098,0.7485619495677971
2026-04-30,19813,TNGX,"Tango Therapeutics, Inc.",35,-0.03,0.03056080305927339,-0.586996336996337,2985.05388,1.3751385731111012,1.1111320468732722
2026-04-30,19849,,,35,-0.03,0.12895654008438817,-0.304720789414667,14701.072080000002,-0.031503341422303335,0.3068859126480355
2026-04-30,19986,,,35,-0.03,-0.013328629069803574,-0.6220565149136579,8973.313689999999,2.9231497098973875,1.2731738852360255
2026-04-30,20325,,,20,-0.03,0.14654649446494472,-0.6335688121402406,3453.65652,2.8450309674834218,1.7847374764486537
2026-04-30,20632,,,35,-0.03,0.0010833080424886357,-0.42597368617776776,6084.573359999999,-0.2822308413816149,1.0206705152547133
2026-04-30,20649,,,20,0.03,0.11892361733931232,0.31154219929730126,2906.2430400000003,1.189462874828242,0.9534055169835259
2026-04-30,20894,,,45,0.03,0.11858241206030157,0.04702100620467967,122213.86,2.451930451283975,2.2156558796123624
2026-04-30,20930,SOC,Sable Offshore Corp.,10,-0.03,-0.13425593220338977,-0.45346490244449417,2432.47088,-0.10095107581956635,1.1681431222683543
2026-04-30,20975,DAVE,Dave Inc./DE,40,0.020000000000000004,0.5594528060198748,0.12050534499514087,2131.90614,3.6909578946962065,1.6488448053270228
2026-04-30,21219,GPOR,GULFPORT ENERGY CORP,10,0.03,-0.09284658978115998,0.4154892726321297,3926.3160599999997,0.5875529206238617,0.6447742472539687
2026-04-30,21262,,,35,-0.00733952813020084,0.0012977611940298145,-0.24218808402481873,2214.70912,-1.4527923186480016,0.4425664744960508
2026-04-30,21619,,,55,-0.03,0.45908830409356716,-0.5513568064588472,8607.28671,1.0454287614143467,1.2054817737532715
2026-04-30,21906,,,40,0.03,0.04414729233031108,0.4722845182028856,5775.186340000001,0.5013294471473915,0.6009893843880577
2026-04-30,21927,DJT,Trump Media & Technology Group Corp.,50,-0.014999999999999498,-0.01690862068965507,-0.3030948643193541,2568.0636799999997,1.9814697114291053,0.5096394091945998
2026-04-30,22220,NN,NEXTNAV INC.,45,-0.03,0.15377915106117362,-0.3940345368916797,2172.24792,1.0991293364359722,0.8689927841766933
2026-04-30,22265,RIVN,"Rivian Automotive, Inc. / DE",25,-0.03,0.08680099667774072,-0.5979292816027508,18618.008850000002,1.7809383189747339,1.6342278409646753
2026-04-30,22313,LUNR,"Intuitive Machines, Inc.",20,-0.03,0.3629405172413795,-0.40216416236824404,2957.9628799999996,3.201133013957036,0.6852608744521851
2026-04-30,37568,,,20,0.03,0.08411312791580769,0.3322120056813934,4074.09834,1.0847282028447556,0.9345283867571313
2026-04-30,40125,,,45,0.03,-0.10234311853619733,0.31432682963295205,2133.8831999999998,1.0179533564972338,1.2316751025204904
2026-04-30,46463,,,20,0.03,0.2515028618602089,0.3226433430515064,3385.3617200000003,1.445223219545259,0.9828759984452625
2026-04-30,52337,THC,TENET HEALTHCARE CORP,35,0.03,-0.06431698903078807,0.22226582940868658,16410.78773,1.443659152594056,1.0454655212508448
2026-04-30,56274,,,30,-0.03,-0.06778549722720065,-0.22710622710622713,7519.960680000001,0.007837116304858265,0.1159990587575397
2026-04-30,57809,NDSN,NORDSON CORP,20,0.03,0.0812539502367886,0.3109067802945354,14841.89104,1.01566601436078,1.0043804034620911
2026-04-30,76123,,,60,0.03,0.0252847133757962,0.3468640203334081,3613.7632,1.375470375367782,0.9358531383147899
2026-04-30,76661,IONS,IONIS PHARMACEUTICALS INC,35,-0.03,-0.00729472632840589,-0.5486843088883905,12404.267280000002,0.3813415227027084,0.7946806745758461
2026-04-30,76709,IDXX,IDEXX LABORATORIES INC /DE,35,0.03,-0.004839881471462443,0.2529154518950437,44739.929359999995,1.6953025199216358,1.4017565719222365
2026-04-30,77462,M,"Macy's, Inc.",25,0.020000000000000004,0.07780757324488691,0.2275921357554011,4771.038509999999,1.5182461147292867,1.3588286542796995
2026-04-30,77584,BKE,BUCKLE INC,25,0.03,0.10868312933985333,0.4053412573820737,2576.2665199999997,1.2577312229266504,0.7991253260112693
2026-04-30,79637,UHS,UNIVERSAL HEALTH SERVICES INC,35,0.024999999999999793,-0.06268655640610153,0.2846116468565448,9635.38686,1.2214644187537393,0.765668115590541
2026-04-30,79879,,,45,-0.03,0.5716192307692306,-0.44722284518202887,7700.62592,0.9017701326002407,1.2614798577275346
2026-04-30,80306,,,35,0.03,-0.04071512605042011,0.3603012633624879,2387.6255199999996,0.7074242091416674,0.8382555059478959
2026-04-30,82800,,,15,0.009999999999999995,-0.0050504126467513025,0.2198736637512148,140934.86218,1.1102662733327278,1.258157319375425
2026-04-30,83779,,,45,0.03,-0.14350319206376355,0.2692494580249682,7194.512640000001,1.1481157618636157,1.5567331273807252
2026-04-30,85293,,,35,-0.03,0.3917992864424058,-0.32782013904462887,2430.0841499999997,-0.5732455871489264,0.5746918712203992
2026-04-30,86211,MSTR,Strategy Inc,45,-0.013825757501421211,0.3228211538461538,-0.6564625850340137,40679.0592,3.763295008502096,2.020387102082623
2026-04-30,86233,LEU,CENTRUS ENERGY CORP,10,-0.03,0.212377377729132,-0.6273454436719742,3288.66255,1.5610232739040815,2.001269552128977
2026-04-30,86799,,,10,0.02499999999999949,0.006438521400778283,0.4147230320699708,5488.286399999999,0.639513025735684,0.5547157422203137
2026-04-30,87430,,,20,-0.03,-0.10870059566019015,-0.5728489197876953,13017.203650000001,1.2742333599624371,1.5678563684865106
2026-04-30,87759,WULF,TERAWULF INC.,45,-0.026174242498578783,0.502990505890506,-0.7106040218285117,6119.30124,3.804868124552467,2.2598320576635107
2026-04-30,88159,,,35,0.03,0.033705269293541625,0.34264035284443445,11138.91901,0.41746874074688306,0.6667134245964309
2026-04-30,88446,,,35,0.03,0.02533300340743123,0.16657322269567168,18846.454,1.504858603343351,1.3613533607889825
2026-04-30,88661,,,25,0.03,0.02495061299695264,0.31582193316887197,28569.695040000002,1.6150078261806389,1.350347218785348
2026-04-30,88853,FLR,FLUOR CORP,20,-0.03,0.1407227224008576,-0.46338865216416236,6700.19955,1.3164632836570347,1.258638839992094
2026-04-30,89968,,,40,0.03,0.136224755062051,0.34193017866487246,5457.2495,1.489383460865036,1.3881386207930038
2026-04-30,91733,AVAV,AeroVironment Inc,20,-0.03,0.06249196940726577,-0.6324848620766987,9140.4187,1.375475379895452,1.4994839243074132
2026-04-30,91832,,,35,-0.03,-0.014514801230252049,-0.25609254690887345,12008.401800000001,-0.34621097052011696,0.18767133761837662
2026-04-30,92220,,,35,0.03,0.00024836678473047144,0.23218957912835458,9285.52548,1.1778590109441738,1.0838847334939359
2026-04-30,92293,TDC,TERADATA CORP /DE/,45,0.03,0.025192079594225612,0.3059542498318008,2363.086,0.6395276459712125,1.3665457785279682
2026-04-30,92469,SATS,EchoStar CORP,50,-0.03,0.04894932091910818,-0.48981460716154596,18441.685889999997,1.0776241271795357,1.4190971274029769
2026-04-30,92780,,,40,0.03,-0.009626602418989817,0.48071316438663375,2008.6931200000004,1.1795938291710504,0.46166281570050727
2026-05-31,10606,,,20,0.03,0.026284328358209024,0.3323533681765389,8244.194560000002,1.2257173600353979,1.1799499495794115
2026-05-31,11154,PLAB,PHOTRONICS INC,45,0.03,-0.3493004850444623,0.07349738675958187,2917.63768,1.4969203469753478,2.948134684605028
2026-05-31,11499,CECO,CECO ENVIRONMENTAL CORP,20,-0.03,0.005127677367143289,-0.4241252903600466,2659.6242199999997,1.5631045068619773,1.4837376233998911
2026-05-31,13543,,,35,0.03,-0.09513814593036163,0.250635162601626,10174.37814,0.9782091453226044,1.896307754835733
2026-05-31,13911,IQV,IQVIA HOLDINGS INC.,35,0.03,0.14743356064911287,0.15361861207897792,26875.389,1.1696301648945844,1.872071174978541
2026-05-31,14263,,,35,0.03,0.40455492102065616,0.12215084204413472,2626.75264,1.8832292574229794,2.184482501994182
2026-05-31,14823,,,35,-0.03,-0.041520490928495135,-0.4781141114982579,2039.7740399999998,1.0724252892401764,1.5973249706145052
2026-05-31,15293,NEXT,NextDecade Corp,10,-0.03,0.0071171136653895364,-0.5135561846689896,2074.4019000000003,1.839152345127603,1.3523092341183665
2026-05-31,16005,SYRE,"Spyre Therapeutics, Inc.",35,-0.03,-0.015860241773002052,-0.3765788327526132,6331.228000000001,2.870905418321745,0.40570477297267127
2026-05-31,16126,AZZ,AZZ INC,20,0.03,-0.0557426174496644,0.34277003484320556,4274.035199999999,1.1709871561202863,1.252597036916833
2026-05-31,16260,MEDP,"Medpace Holdings, Inc.",35,0.009999999999999995,0.06485490374050538,0.0734066492450639,11956.9296,1.2013736099211694,2.342604286883433
2026-05-31,16631,,,20,0.03,-0.6989867161159812,0.5166775551684087,2252.76598,0.6844560744186541,1.008145645994692
2026-05-31,16680,QXO,"QXO, Inc.",20,-0.03,-0.14360822122571001,-0.4192980545876888,14549.30496,2.675377748734112,0.5171790361949293
2026-05-31,16923,,,35,-0.03,0.0919144210960033,-0.5279653019744484,5865.69495,0.09951151545690318,1.739854216352281
2026-05-31,16967,,,50,0.03,-0.1841202962150302,0.4331990418118467,2769.90266,1.346887172205204,1.4149793400693014
2026-05-31,17366,HYMC,HYCROFT MINING HOLDING CORP,15,-0.03,-0.09662715304443235,-0.5639336527293844,3331.0220600000002,1.7017520471028933,1.2149027199733
2026-05-31,17372,,,35,-0.03,-0.026290835428890703,-0.4627068815331011,5809.03911,0.4369138157679008,1.5927063574302374
2026-05-31,17374,RCUS,"Arcus Biosciences, Inc.",35,-0.03,-0.009374509803921575,-0.5335910278745645,3203.5395000000003,0.9145567920342333,1.9640063814726656
2026-05-31,17892,,,35,-0.03,0.056239407744874806,-0.5355509581881533,4780.6222,1.25052396287774,1.2551037081994776
2026-05-31,18428,DOW,DOW INC.,15,-0.03,-0.1609167446577398,-0.4334531068524971,29182.80309,0.45193099294514594,1.7457340183844963
2026-05-31,18649,BCO,BRINKS CO,20,0.03,-0.02630685719124861,0.3359284262485482,4391.268,1.04781477117608,1.2572778070431578
2026-05-31,19002,,,40,-0.03,-0.14834647887323932,-0.508220818815331,2225.78752,1.264390778934987,1.8176019269751122
2026-05-31,19433,,,15,-0.009792359648905886,-0.023390732889158133,-0.6346544715447155,11733.128680000002,1.9897361800577484,2.8166390652200306
2026-05-31,19577,,,40,-0.03,-0.010623939808481583,-0.4951183217189315,14195.08432,2.2466454011891273,1.863245868906516
2026-05-31,19751,LCID,"Lucid Group, Inc.",25,-0.03,0.025157456828885358,-0.5040650406504065,2317.03654,1.0223261408388136,2.2910201361308147
2026-05-31,19813,TNGX,"Tango Therapeutics, Inc.",35,-0.03,0.013551248843663247,-0.5920985772357723,3084.93618,1.2907090731184596,1.6245287708437186
2026-05-31,19849,SMMT,Summit Therapeutics Inc.,35,-0.03,-0.18576542404473445,-0.3031177409988386,16653.32482,0.011419378474111223,0.39483144330712344
2026-05-31,19986,PRAX,"Praxis Precision Medicines, Inc.",35,-0.03,0.09456960449142189,-0.6250544425087108,8879.73433,2.7630384474690137,1.8905662810451793
2026-05-31,20325,SMR,NUSCALE POWER Corp,20,-0.03,0.013753932584269586,-0.7089684959349594,4033.72564,2.72170700398261,2.631375074591259
2026-05-31,20894,APP,AppLovin Corp,45,0.03,0.37046334714909823,0.05647502903600469,136606.75655000002,2.4274905667919597,2.9809730850619816
2026-05-31,20930,SOC,Sable Offshore Corp.,10,-0.03,0.017805923344947756,-0.43746370499419285,2112.9514,-0.21301852489217693,1.5191576818232082
2026-05-31,20975,,,40,0.03,0.03576172285745797,0.11552700348432056,3127.61301,3.8809153397894516,2.3811965267787625
2026-05-31,21219,,,10,0.03,-0.12748973719746537,0.5048998257839721,3475.5395399999998,0.470394654032777,0.8109204514287388
2026-05-31,21619,OKLO,Oklo Inc.,55,-0.03,-0.08061724137931041,-0.595746225319396,12583.752499999999,1.2602467802165724,1.8075586460703852
2026-05-31,21898,,,45,-0.005626281636653392,0.002685123966942173,-0.2597089140534262,7194.0792,0.6204714315062442,1.10057665443551
2026-05-31,21906,,,40,0.020000000000000004,-0.019524614374139354,0.46412238675958195,6032.92051,0.48923730496066875,0.8086242483029759
2026-05-31,21927,DJT,Trump Media & Technology Group Corp.,50,-0.010207640351094118,0.014386338797814221,-0.29435249709639955,2532.08865,1.8236248226947949,0.6816974376366388
2026-05-31,22220,,,45,-0.03,0.10969007015650295,-0.4445049361207899,2520.59884,1.1201151336738218,1.4131714364709347
2026-05-31,22265,RIVN,"Rivian Automotive, Inc. / DE",25,-0.009999999999999995,-0.009197560975609627,-0.4817436120789779,20288.0628,1.7361749649973657,2.2981782849999037
2026-05-31,22313,,,20,-0.03,0.7258940828402365,-0.4237986353077816,4040.1055499999998,3.227514112023763,1.0550719453959352
2026-05-31,23147,,,15,-0.03,0.04600366328916608,-0.5649136178861789,2027.0373599999998,1.2767598823941269,2.180735589632117
2026-05-31,23738,,,10,-0.03,-0.04280080552359018,-0.44686411149825783,2170.18846,1.0903992303065457,1.5394646127675466
2026-05-31,24328,EQT,EQT Corp,10,0.009999999999999995,-0.08618904813085602,0.37692363530778167,37578.718239999995,0.6188928666359373,0.9666952242611035
2026-05-31,24459,PBI,PITNEY BOWES INC /DE/,20,0.03,0.044623990251638594,0.28478876306620204,2219.0974800000004,1.6213068193291116,1.3054792461950562
2026-05-31,44134,,,20,0.03,-0.15104270493883926,0.24506387921022066,2949.66329,1.4522407887787032,1.7369684076033332
2026-05-31,50017,RRC,RANGE RESOURCES CORP,10,0.03,-0.10769770114942522,0.44680966898954694,10249.557,0.5700490379249425,0.9060980741379934
2026-05-31,76661,IONS,IONIS PHARMACEUTICALS INC,35,-0.03,0.02017447833065804,-0.4137630662020907,12355.061880000001,0.3677613262448845,1.0920790731303383
2026-05-31,76709,,,35,0.03,0.0017680456490727857,0.2537565331010453,44541.53999999999,1.5660920616144127,1.9337399042349275
2026-05-31,77462,,,25,0.03,0.10994347826086942,0.30966898954703836,5156.097449999999,1.4853749528228493,1.7249225274510536
2026-05-31,78015,MTX,MINERALS TECHNOLOGIES INC,15,0.03,0.0675144008896303,0.41530560394889665,2232.1543199999996,1.0949236483131113,1.2392870794809836
2026-05-31,79507,MCRI,MONARCH CASINO & RESORT INC,25,0.03,0.01012773611930263,0.48889372822299654,2105.5606,1.3617474907464324,1.2255784259621407
2026-05-31,80306,,,35,0.03,-0.030392576419213974,0.4100065331010453,2327.61096,0.5943262792422122,1.1756868059098116
2026-05-31,80575,SSD,"Simpson Manufacturing Co., Inc.",20,0.03,-0.008290583547423038,0.31759944831591175,7856.93162,1.3391198892776581,1.2936991120356245
2026-05-31,82800,SCCO,SOUTHERN COPPER CORP/,15,0.03,0.12806620750469594,0.3034625435540069,141827.09985,1.034479755117105,1.720183203626719
2026-05-31,85293,ORKA,"Oruka Therapeutics, Inc.",35,-0.03,-0.14752332992252595,-0.37349375725900114,4094.8173699999998,-0.25526281678791357,0.8752827615844628
2026-05-31,85621,,,35,0.03,-0.07832266001362984,0.23114474448315908,25947.098249999995,1.2666409324575991,1.421164420977504
2026-05-31,86211,MSTR,Strategy Inc,45,-0.004373718363346603,-0.04154061650045322,-0.6675014518002323,54032.99189999999,3.79421795627915,2.7071747041472363
2026-05-31,86233,LEU,CENTRUS ENERGY CORP,10,-0.03,-0.13814929844520288,-0.6547256097560974,3998.1139200000007,1.6210255825257656,2.929107014939158
2026-05-31,86799,CNX,CNX Resources Corp,10,0.03,-0.1372557440246724,0.46644526713124274,5524.79199,0.6325652445911423,0.7499487924642895
2026-05-31,87430,,,20,-0.03,0.014029262490087206,-0.569722706155633,11817.0832,1.1311028367204332,2.2555690951173992
2026-05-31,88159,,,35,0.03,0.13230260908681954,0.3385416666666666,11293.19568,0.38675880591263595,0.9617401376275032
2026-05-31,88661,TPR,"TAPESTRY, INC.",25,0.03,-0.00020424710424703446,0.29549578977932633,29365.378559999997,1.4900887472957454,1.790804869568882
2026-05-31,88860,ALGN,ALIGN TECHNOLOGY INC,35,0.03,-0.009122385091756164,0.15654036004645766,12605.30817,1.744054842807818,2.3803357851314293
2026-05-31,89781,MOH,"MOLINA HEALTHCARE, INC.",35,-0.03,-0.11110534374678867,-0.33592842624854813,10139.702000000001,0.803295100188627,0.7605191417999027
2026-05-31,89922,ADEA,Adeia Inc.,45,0.03,-0.16268266785679933,0.2616688443670151,3525.9224,1.470133706166877,1.8927650423771751
2026-05-31,89968,,,40,0.03,-0.10160917462669203,0.3887558072009291,6214.8312000000005,1.4840813264362456,1.7241764095465109
2026-05-31,90664,DXCM,DEXCOM INC,35,0.03,0.23518715365239293,0.25549869337979086,22978.737149999997,1.4088244625466242,1.4041743879260957
2026-05-31,91413,EVR,Evercore Inc.,40,0.03,0.06058078829344845,0.28106852497096396,12724.69045,1.5379452870109063,2.0234214124504204
2026-05-31,91733,AVAV,AeroVironment Inc,20,-0.03,0.059560239975387126,-0.6249092624854821,9738.12868,1.3596670681944623,2.1293988004190676
2026-05-31,92220,,,35,0.03,-0.002987911225690918,0.22653527874564458,9343.13009,1.1145409173332963,1.415120051890028
2026-05-31,92469,,,50,-0.03,0.04603107032645774,-0.502812862950058,19397.87478,1.0357632649540685,2.046648812761952
2026-05-31,92601,NOG,"NORTHERN OIL & GAS, INC.",10,-0.03,-0.20155360824742263,-0.3986824912891986,2873.28356,0.8308791985628865,1.3505348460975488
2026-06-30,10606,WTS,WATTS WATER TECHNOLOGIES INC,20,0.03,0.26661049856269176,0.34290079668230933,8489.2255,1.2139728059175705,1.1122212898102826
2026-06-30,11499,CECO,CECO ENVIRONMENTAL CORP,20,-0.03,0.21101304347826078,-0.44412310378696934,2681.50675,1.5246988817494338,1.6633895011757156
2026-06-30,13305,ZWS,Zurn Elkay Water Solutions Corp,20,0.03,0.0722063829787234,0.34710247735457816,7842.984,1.0858378671885984,1.3593808196066326
2026-06-30,13407,META,"Meta Platforms, Inc.",50,0.01125629011377361,-0.11154919876534371,0.27154498162901525,1389021.05546,1.1525139347820246,1.6234495258857398
2026-06-30,13967,PTCT,"PTC THERAPEUTICS, INC.",35,-0.03,0.10163622207176709,-0.5030921459492887,6125.783649999999,0.5496311271410667,0.9910783975145723
2026-06-30,14136,RNG,"RingCentral, Inc.",45,0.03,-0.10142119466117643,0.12854232602131765,3208.36149,1.1837780564054754,2.846204326425729
2026-06-30,14263,VCYT,"VERACYTE, INC.",35,0.03,0.26447160120845903,0.05966022772745462,3697.6076200000007,1.9842743624696324,2.5184852454839795
2026-06-30,15293,,,10,-0.03,-0.0496762326169406,-0.48424824475244643,2096.09463,1.7875109119967056,1.4366664931507096
2026-06-30,16126,AZZ,AZZ INC,20,0.03,0.14129600029518125,0.41642111390010556,4067.6036699999995,1.1270846852767389,1.3318987707584538
2026-06-30,16260,MEDP,"Medpace Holdings, Inc.",35,0.03,0.1815736194672452,0.13367165047837312,12769.4616,1.1972614096415943,2.4326410344222706
2026-06-30,16680,QXO,"QXO, Inc.",20,-0.03,-0.0011608695652173431,-0.40470733748044674,12509.148,2.5641078969196314,0.5294936495124339
2026-06-30,16923,CELC,Celcuity Inc.,35,-0.03,-0.215573088500903,-0.566826730692277,6480.02608,0.10884157488470267,1.8242781407149975
2026-06-30,16967,CARG,"CarGurus, Inc.",50,0.03,0.13876108506363038,0.37998835897995564,2268.49406,1.2638041976908456,1.506851594520342
2026-06-30,17366,HYMC,HYCROFT MINING HOLDING CORP,15,-0.03,-0.29488184568835096,-0.5878897013350795,3019.48105,1.6345580316291488,1.3264755947401048
2026-06-30,18424,,,25,0.03,0.0673586206896551,0.34530175706646293,2277.7064,1.3379756961540268,1.7127579674665185
2026-06-30,18428,,,15,-0.03,-0.19223333333333326,-0.36772890974571654,24325.00875,0.39458322609661833,1.8006143853745404
2026-06-30,18846,MIRM,"Mirum Pharmaceuticals, Inc.",35,-0.03,0.15049901477832506,-0.37538651824366104,6189.5715,0.5683861007397412,0.8253810785864878
2026-06-30,18968,PGNY,"Progyny, Inc.",35,0.03,0.12503427230046948,0.19060351413292587,2002.1659199999997,1.0805342366246322,1.6667181833093994
2026-06-30,19076,ASTS,"AST SpaceMobile, Inc.",50,-0.03,-0.21937121065161802,-0.7131398013750955,33880.783859999996,2.966866533268401,2.587302861837497
2026-06-30,19751,LCID,"Lucid Group, Inc.",25,-0.03,0.018474045801526805,-0.5945287205791409,2556.18335,1.0270307951839315,2.337566619238016
2026-06-30,19813,TNGX,"Tango Therapeutics, Inc.",35,-0.03,0.41930200181983623,-0.6215940921823274,3179.36304,1.2530457703542923,1.429982232455038
2026-06-30,19849,,,35,-0.03,-0.17222725199543892,-0.30152060824329735,13613.899019999999,-0.06609412306100587,0.38916358010297086
2026-06-30,20062,SHC,Sotera Health Co,35,0.03,0.13201048593350379,0.2573756775437448,4460.01188,1.7857182113751344,1.065248168770842
2026-06-30,20138,GPGI,"GPGI, Inc.",45,-0.03,0.30055394736842117,-0.4357561206300703,3524.7097599999997,0.8816323516676867,1.5504394976917169
2026-06-30,20325,SMR,NUSCALE POWER Corp,20,-0.03,-0.2112662194159432,-0.7147586307250172,4385.16302,2.663110687754942,2.694827947615053
2026-06-30,20648,RBLX,Roblox Corp,50,-0.001256290113773615,0.15044040296924716,-0.4975444723343883,31665.7514,1.5010358583738903,2.332596425060257
2026-06-30,20894,APP,AppLovin Corp,45,0.03,-0.1625176744034318,0.01513332605769578,187441.23188000004,2.5091166292548213,3.1205099546270607
2026-06-30,20930,SOC,Sable Offshore Corp.,10,-0.03,-0.7926610921501707,-0.44725162792389683,2261.41795,-0.21747897311462436,1.514414546205718
2026-06-30,21090,RCAT,"Red Cat Holdings, Inc.",20,-0.03,-0.26841724137931033,-0.5881079704609117,2206.784,1.5611502564614306,1.9782770734216042
2026-06-30,21124,,,35,0.03,0.012092503748125993,0.17015897267998106,3503.09734,1.4131861918385487,1.5756575052962816
2026-06-30,21219,GPOR,GULFPORT ENERGY CORP,10,0.03,0.0036840204045315485,0.49423405725926745,3029.5623,0.40557392717585644,0.8541312080103696
2026-06-30,21619,OKLO,Oklo Inc.,55,-0.03,-0.22045382775119615,-0.572137946087526,11636.51808,1.18787535488043,1.8775474647994732
2026-06-30,21927,DJT,Trump Media & Technology Group Corp.,50,-0.03,-0.1715358754027927,-0.3129797373494853,2578.44174,1.7931861706923244,0.7037805309034235
2026-06-30,22265,RIVN,"Rivian Automotive, Inc. / DE",25,-0.03,0.061517177914110474,-0.5229364473061952,20481.0315,1.70839237597205,2.4212697190999455
2026-06-30,23054,SOUN,"SOUNDHOUND AI, INC.",45,-0.03,-0.28401111111111116,-0.5834333733493399,3602.1059999999998,2.66116599772851,2.1670154664381616
2026-06-30,23263,QBTS,D-Wave Quantum Inc.,45,-0.03,-0.20694777704047784,-0.6385099494343193,11069.48766,3.1772773895978843,2.422857543419585
2026-06-30,24459,PBI,PITNEY BOWES INC /DE/,20,0.03,0.08529875776397512,0.2926625195532759,2180.6001,1.6092576975078625,1.341096294955553
2026-06-30,34032,MAS,MASCO CORP /DE/,20,0.03,0.1553918149466194,0.30392156862745096,14171.8135,1.2833828428165601,1.4832166201425896
2026-06-30,46463,GFF,GRIFFON CORP,20,0.03,0.1056473971357125,0.31392557022809126,4035.37866,1.4918239559837285,1.4339133457957374
2026-06-30,48486,,,45,0.03,0.3599483837928667,0.09993088144348652,397906.68078,1.8014852560773293,2.778274893717225
2026-06-30,49429,DDS,"DILLARD'S, INC.",25,0.03,-0.10708325421341232,0.42522463530866894,6864.732510000001,1.2277708311091988,1.4525851797842508
2026-06-30,50017,RRC,RANGE RESOURCES CORP,10,0.03,-0.04561188430551112,0.47799119647859145,9177.476900000001,0.522718151781871,0.9562433593527226
2026-06-30,76661,IONS,IONIS PHARMACEUTICALS INC,35,-0.03,0.0335705882352942,-0.4023427552839318,12642.6195,0.3586455264520253,1.1479768113268858
2026-06-30,76709,IDXX,IDEXX LABORATORIES INC /DE,35,0.03,-0.06871725906340376,0.1968241842191422,44452.936989999995,1.5422623661953667,1.9732721112643297
2026-06-30,78015,MTX,MINERALS TECHNOLOGIES INC,15,0.03,-0.04099319941882733,0.36689221143002654,2388.31318,1.106601992360379,1.3089576061002117
2026-06-30,79507,MCRI,MONARCH CASINO & RESORT INC,25,0.03,0.0941827973214182,0.6035141329258976,2134.6150000000002,1.337407559028404,1.2759249374391968
2026-06-30,80069,ARWR,"ARROWHEAD PHARMACEUTICALS, INC.",35,-0.03,0.04330716211012718,-0.6637564116555713,10974.16887,1.361240451972013,2.3574439073057922
2026-06-30,80575,SSD,"Simpson Manufacturing Co., Inc.",20,0.03,0.10045195530726253,0.3608534322820037,7805.52412,1.3110760360878508,1.3483031718922012
2026-06-30,81678,,,20,0.03,0.027313935369312776,0.31876386918403726,14161.89163,1.2228527539424947,1.3177067048941977
2026-06-30,82800,,,15,0.03,-0.09197475169890239,0.26596092982647607,159606.5638,1.0543744609754804,1.9364047039659265
2026-06-30,83601,,,20,0.010508451592100846,-0.052914679880216746,0.3416821273964131,2796.09281,1.2701761968271708,1.095579269426259
2026-06-30,85293,,,35,-0.03,0.6231037587561934,-0.3656917312379497,3530.06136,-0.3139088125225296,0.9069277667539796
2026-06-30,86233,LEU,CENTRUS ENERGY CORP,10,-0.03,-0.0829131528470434,-0.6448397540834516,3458.53638,1.5221920104287072,2.9503900658840565
2026-06-30,86580,NVDA,NVIDIA CORP,45,0.03,-0.054151453314311176,0.18845720106224312,5109588.0,2.176204264517667,1.8889925625050128
2026-06-30,86799,CNX,CNX Resources Corp,10,0.03,0.004223775601068663,0.4572920077121757,4766.39382,0.5682459323847853,0.7529020734758013
2026-06-30,87430,,,20,-0.02050845159210084,-0.22541676282551065,-0.4731892757102841,12025.6576,1.1075424299034098,2.3976877984973437
2026-06-30,87759,WULF,TERAWULF INC.,45,-0.030000000000000027,-0.036546322378716724,-0.7470260831605371,12665.82348,3.9101421289660587,3.292979964736532
2026-06-30,88860,ALGN,ALIGN TECHNOLOGY INC,35,0.03,-0.03885312946556155,0.1373276583360617,12529.569099999999,1.718485516725426,2.4870884984824975
2026-06-30,89110,OMCL,"OMNICELL, INC.",35,0.02823525829412481,-0.062256592659719015,0.22479901051329623,2007.44306,0.9459033386119894,1.2311215279083878
2026-06-30,89217,AAP,ADVANCE AUTO PARTS INC,25,-0.009999999999999995,0.029968525896414362,-0.28875186438211653,3632.4719999999998,1.0655229421796855,1.2564900871772071
2026-06-30,90071,NRG,"NRG ENERGY, INC.",55,-0.020000000000000004,0.08644964200477326,-0.4255702280912365,28289.00288,1.229701956887879,1.6337322360628515
2026-06-30,90126,CYTK,CYTOKINETICS INC,35,-0.018235258294124815,0.10692282438770183,-0.4044163119793372,9551.47708,0.4909666865875929,1.1727304631044082
2026-06-30,90808,EXPE,"Expedia Group, Inc.",25,0.03,0.1303654236237211,0.27525555676816177,25852.729209999998,1.2511237721264936,2.0639780325463986
2026-06-30,91402,,,20,-0.03,0.002489279183909175,-0.341572992833497,9948.13558,1.683712401536987,0.8929800971953172
2026-06-30,91413,,,40,0.03,-0.0011984216393828935,0.30292116846738704,13185.146520000002,1.5304020786974024,2.0531435483269145
2026-06-30,91733,,,20,-0.03,-0.2063838834201892,-0.6343082687620502,10348.32216,1.3518612637127938,2.306338335465008
2026-06-30,91832,MDGL,"MADRIGAL PHARMACEUTICALS, INC.",35,-0.03,0.0768956844370263,-0.30768671104805556,11465.05712,-0.44528218824454885,0.28208450125186163
2026-06-30,92293,TDC,TERADATA CORP /DE/,45,0.03,0.014721145374449383,0.2925170068027211,3204.1049999999996,0.6295985813498925,2.1591862227583682
2026-06-30,92469,SATS,EchoStar CORP,50,-0.03,-0.21723547488195682,-0.44501436938411726,20472.09335,1.0227496067136954,2.079601191028402
2026-06-30,92601,NOG,"NORTHERN OIL & GAS, INC.",10,-0.03,-0.14807120293738862,-0.3625813961948416,2303.0700699999998,0.7524992363435711,1.3612888445978628
2026-06-30,92611,V,VISA INC.,40,0.020000000000000004,0.04836240960902062,0.39039252064462143,541662.9556,0.7288788732106803,1.112905589221362
2026-07-31,11499,CECO,CECO ENVIRONMENTAL CORP,20,-0.03,-0.27675937844390563,-0.48842419716206115,5299.488219999999,1.5237743244181936,1.5769124716501632
2026-07-31,13967,PTCT,"PTC THERAPEUTICS, INC.",35,-0.03,-0.16913758734828965,-0.4839610227959742,6766.14993,0.5307878999008777,0.9588425099979312
2026-07-31,14136,,,45,0.020000000000000004,0.42398558234992323,0.1259646502364949,2887.5994199999996,1.1739585236053491,2.8167207118757784
2026-07-31,14239,,,45,0.03,-0.084277151799687,0.1107436253067321,2882.7846,2.5508678371250957,2.6462919395635263
2026-07-31,14263,VCYT,"VERACYTE, INC.",35,0.03,-0.21420597650263917,0.08085280415377502,4686.24289,1.954418676113276,2.402262542140433
2026-07-31,14708,VRDN,"Viridian Therapeutics, Inc.\DE",35,-0.03,0.02704011976047908,-0.5141719122301647,2028.5623600000001,1.0056821751098417,1.3904309289224888
2026-07-31,15433,PVLA,"PALVELLA THERAPEUTICS, INC.",35,-0.03,-0.093071443528334,-0.3955688324620364,2191.8972599999997,-0.16595921247979445,0.9879420841935271
2026-07-31,16260,MEDP,"Medpace Holdings, Inc.",35,0.03,0.08682979097037327,0.058785874319854874,15125.090400000001,1.1734591256669122,2.2620276464619975
2026-07-31,16680,QXO,"QXO, Inc.",20,-0.03,-0.23322407407407403,-0.4661616700451652,12533.2704,2.4533372268285363,0.48727871857043203
2026-07-31,16923,CELC,Celcuity Inc.,35,-0.03,-0.177245249474288,-0.5666808919236104,5101.89892,0.16792053028819434,1.6962367492467831
2026-07-31,16967,CARG,"CarGurus, Inc.",50,0.03,0.060168348489293005,0.35527579216899596,2589.8513900000003,1.2618901261152193,1.4689330513130223
2026-07-31,17332,VCTR,"Victory Capital Holdings, Inc.",40,0.019999999999999275,0.17518708065667377,0.33656957928802583,5256.35586,1.130676354021034,1.4329494951349686
2026-07-31,17366,HYMC,HYCROFT MINING HOLDING CORP,15,-0.03,-0.1682846153846153,-0.5801593228777694,2137.8474,1.718886592324163,1.3155865980765573
2026-07-31,17892,DNTH,"Dianthus Therapeutics, Inc. /DE/",35,-0.03,0.09394037751333605,-0.488388634019702,5328.8416799999995,1.280822240464717,1.281537768725391
2026-07-31,18424,LEVI,LEVI STRAUSS & CO,25,0.03,-0.008998384937011444,0.3604146662399089,2437.73491,1.3263721958380132,1.608122592453248
2026-07-31,18846,MIRM,"Mirum Pharmaceuticals, Inc.",35,-0.03,-0.09788590586828386,-0.37314627120452354,7139.0456699999995,0.5540653821476215,0.7946625006575875
2026-07-31,18968,,,35,0.03,0.07687800901838365,0.2905153099327857,2258.3115599999996,1.0772577217201025,1.5761558386717827
2026-07-31,19002,BWIN,"Baldwin Insurance Group, Inc.",40,-0.02999999999999927,0.04074183596689241,-0.4002987303958178,2591.2841999999996,1.130621899842935,1.8229361412998337
2026-07-31,19076,ASTS,"AST SpaceMobile, Inc.",50,-0.03,-0.33915928426738695,-0.7198691276361179,26546.56956,2.893453303678989,2.6250743132905834
2026-07-31,19751,LCID,"Lucid Group, Inc.",25,-0.03,0.10023901345291472,-0.6361179273800632,2610.8193300000003,0.9426796144816517,2.388376725891613
2026-07-31,19813,TNGX,"Tango Therapeutics, Inc.",35,-0.03,-0.1334182341650672,-0.6480137984992355,5089.5969000000005,1.2166275697055915,1.3936629654784165
2026-07-31,20117,,,45,0.03,0.0032105207226353176,0.3389523098260962,2287.98504,1.2906057456683897,1.6390735673595294
2026-07-31,20138,GPGI,"GPGI, Inc.",45,-0.03,-0.17009242902208205,-0.42821579714783603,4594.29685,0.8500510439244588,1.54791769985601
2026-07-31,20325,SMR,NUSCALE POWER Corp,20,-0.03,-0.16341844466600197,-0.7105871474803512,3471.4431799999998,2.699469468933663,2.5676144726439833
2026-07-31,20648,,,50,-0.028313466548336552,-0.3482475542478853,-0.5129094206764109,36521.39048,1.49166608569211,2.3520179462162387
2026-07-31,20682,CPNG,"Coupang, Inc.",25,-0.03,-0.061621934369602734,-0.36219282335787184,28439.223570000002,1.1784970573583546,1.6038996408456747
2026-07-31,20894,APP,AppLovin Corp,45,0.03,-0.23450530248626833,0.04080870585724954,157522.29836000002,2.5458693332025524,3.001837849952741
2026-07-31,21124,OGN,Organon & Co.,35,0.03,-0.0021614475627769972,0.16768021622390553,3555.7258599999996,1.4423846027911136,1.5002287562660144
2026-07-31,21219,GPOR,GULFPORT ENERGY CORP,10,0.03,-0.05198662345315254,0.49882641630214436,3049.5089999999996,0.4051993296960678,0.8024262512090448
2026-07-31,21619,OKLO,Oklo Inc.,55,-0.03,-0.26087821517294096,-0.5525089796934457,9104.94903,1.220188015654652,1.7864310134295243
2026-07-31,22265,RIVN,"Rivian Automotive, Inc. / DE",25,-0.03,-0.12566657060518735,-0.53887051459867,21800.361750000004,1.696031416263104,2.437505307616223
2026-07-31,22313,LUNR,"Intuitive Machines, Inc.",20,-0.022836779907954644,-0.42599490416082286,-0.461751840392617,3432.06828,3.763620133416354,1.2301061779781892
2026-07-31,23263,QBTS,D-Wave Quantum Inc.,45,-0.03,-0.24925264693622345,-0.6276716810697394,8810.783309999999,3.2370824641606446,2.3781874968326533
2026-07-31,23738,,,10,-0.03,-0.3532913305237809,-0.3706035065258367,2074.6886600000003,1.0235639442996307,1.4927533813355263
2026-07-31,24459,PBI,PITNEY BOWES INC /DE/,20,0.03,-0.0023292237442922503,0.3354493403037092,2372.92632,1.599090970064146,1.2708006658576312
2026-07-31,44768,TILE,INTERFACE INC,20,0.03,-0.046984821428571535,0.3432732316227462,2080.72704,1.9426649542876218,1.3684951874515816
2026-07-31,49429,DDS,"DILLARD'S, INC.",25,0.03,0.1104946481965104,0.4030193107863011,6147.109859999999,1.1925004355673996,1.43481511968678
2026-07-31,50017,,,10,0.03,0.07642239849421897,0.45410576478537645,8762.78218,0.4953880201258801,0.9033063953546784
2026-07-31,53604,,,20,0.03,-0.11789890996293884,0.34450016003414063,2422.8534,1.306625268585255,1.356520587468292
2026-07-31,62498,WST,WEST PHARMACEUTICAL SERVICES INC,35,0.03,-0.05253152624787769,0.21334329101319396,25362.631999999998,1.1419442888948483,1.299637284391907
2026-07-31,76661,IONS,IONIS PHARMACEUTICALS INC,35,-0.03,-0.3499803379997478,-0.4081759664283936,13103.703270000002,0.34784518920026425,1.0725613310403574
2026-07-31,76709,,,35,0.03,0.059082372160170184,0.21359223300970878,41527.16652,1.532211800256593,1.8919538615088571
2026-07-31,78015,MTX,MINERALS TECHNOLOGIES INC,15,0.03,0.027788116804109673,0.4225968206550731,2293.73573,1.1277246317521186,1.2278675619668276
2026-07-31,79499,INOD,INNODATA INC,20,0.03,-0.17159542206933054,-0.05971051602119563,2468.0649,2.970878219896867,3.4904217526879533
2026-07-31,79507,,,25,0.03,-0.07022011245346114,0.5950958426686581,2336.0775000000003,1.3428291061810893,1.2012798573367447
2026-07-31,80539,NKTR,NEKTAR THERAPEUTICS,35,-0.03,0.009419151983956445,-0.6187275507663857,2358.60066,1.2139534793219842,1.7283536814453369
2026-07-31,82272,,,35,0.03,0.04368507698381379,0.3839396849105587,2080.15026,0.6710737488514588,1.0083008753379687
2026-07-31,82800,SCCO,SOUTHERN COPPER CORP/,15,0.03,0.0455907609319409,0.26444752658344894,145390.17153999998,1.0861643897284292,1.9623430159639264
2026-07-31,82924,WLY,"JOHN WILEY & SONS, INC.",50,0.03,0.08052371895927683,0.41955617198335643,2037.4685099999997,0.7813002589610497,1.084924372304012
2026-07-31,83601,WOR,"WORTHINGTON ENTERPRISES, INC.",20,0.03,0.04267291666666665,0.3725239162132366,2647.84128,1.292141765621713,1.0709504129537493
2026-07-31,85293,ORKA,"Oruka Therapeutics, Inc.",35,-0.03,0.011180067248082421,-0.4150040897613713,5739.89304,-0.388162107364687,0.8332992343824951
2026-07-31,86233,LEU,CENTRUS ENERGY CORP,10,-0.03,0.05107033418716863,-0.6548241402610334,3181.80798,1.527041860454088,2.9160456343355663
2026-07-31,86799,,,10,0.03,0.0522134689065723,0.4886731391585761,4800.34854,0.5727851596975017,0.7023160696039993
2026-07-31,87759,WULF,TERAWULF INC.,45,-0.03,-0.28792024291497975,-0.7420960916106548,12239.6651,3.776050625569816,3.11339312903392
2026-07-31,88159,,,35,0.009999999999999995,-0.028262984745451122,0.29417831359578933,13676.22555,0.4446306601882799,0.8987161694411964
2026-07-31,88661,,,25,0.03,0.038020890832080885,0.29698780184217083,29575.3471,1.4680098727888986,1.828657366070435
2026-07-31,88860,ALGN,ALIGN TECHNOLOGY INC,35,0.03,6.454405312462984e-05,0.13675806394252993,12079.091879999998,1.7162128767171436,2.3812858379386768
2026-07-31,90071,,,55,-0.020000000000000004,-0.08348332192249767,-0.4097229631210214,30816.615159999998,1.1889439852775594,1.5784559675448957
2026-07-31,90386,MOS,MOSAIC CO,15,-0.028849753543708834,0.04098862671071258,-0.32494043173654824,6735.17793,0.8870742169282845,1.345565376016229
2026-07-31,90664,,,35,0.03,0.23614974016332607,0.2548099150040898,25988.546549999995,1.455893178048213,1.2969251028162592
2026-07-31,91402,,,20,-0.03,0.002173229434287452,-0.33763647355880366,10001.74886,1.6893430066183437,0.6486436600531137
2026-07-31,91413,EVR,Evercore Inc.,40,0.03,-0.06405276476101215,0.29273800633023933,13207.58208,1.5429718845513498,1.9744207478121645
2026-07-31,91733,AVAV,AeroVironment Inc,20,-0.03,-0.0980111649603198,-0.4858992140545539,8353.86256,1.3975781038306938,2.2034066378791337
2026-07-31,91832,MDGL,"MADRIGAL PHARMACEUTICALS, INC.",35,-0.03,-0.1325768786665426,-0.31393363917635764,12379.919200000002,-0.4200572060021156,0.2706408146327883
2026-07-31,92293,TDC,TERADATA CORP /DE/,45,0.03,-0.10852770562770564,0.28342046303211355,3260.5649999999996,0.6210497040208156,2.0887972798685777
2026-07-31,92294,,,10,-0.03,-0.10233714821763606,-0.5774031793449269,5275.3355200000005,1.3485026300520269,2.6635640154810063
2026-07-31,92402,,,40,0.03,0.018884158274409025,0.3476297165617554,40770.912,1.2342010967540304,1.4089746773429375
2026-07-31,92469,ECHO,EchoStar CORP,50,-0.03,-0.17442709359605912,-0.4411963441089655,16084.1975,1.0748125722473063,1.7588783664391388
2026-07-31,93101,,,25,0.020000000000000004,-0.02841096523944516,0.3593477719691312,6715.7357,1.2545047062672847,1.4279943133762327
2026-08-31,10318,BCPC,BALCHEM CORP,15,0.020000000000000004,0.06206374324848549,0.3898899438929651,5383.54215,0.8242851083932922,0.7872874848686467
2026-08-31,11499,,,20,-0.03,0.05446834117468516,-0.47329520932239966,3848.17367,1.5662404614335474,1.5296253352761637
2026-08-31,13305,ZWS,Zurn Elkay Water Solutions Corp,20,0.03,-0.0494597873235148,0.42031722054380666,8377.79064,1.0772812131915108,1.1744323624644382
2026-08-31,14239,VISN,"Vistance Networks, Inc.",45,0.021099471540818194,-0.060821617696061904,0.09548985757444971,2648.1918,2.5647183841353285,2.5556713074868136
2026-08-31,14263,VCYT,"VERACYTE, INC.",35,0.03,-0.06723506044905002,0.006491871673140581,3696.0117600000003,1.9774009692301726,2.519703959283384
2026-08-31,14708,,,35,-0.03,0.21697315010570806,-0.5162027046468134,2089.29776,1.0076214239722734,1.3506343386281243
2026-08-31,14797,CDNA,"CareDx, Inc.",35,0.03,0.13619860443834358,0.09926629261976694,2261.29314,2.4319218779761256,1.9638068615831816
2026-08-31,16044,NGVT,Ingevity Corp,15,0.03,-0.053235111475858195,0.35099266292619763,2513.37558,1.224239187418402,1.5415570717493439
2026-08-31,16680,QXO,"QXO, Inc.",20,-0.03,0.013641353383458552,-0.4620917853546252,13798.4973,2.4927565998416283,0.48203244609318135
2026-08-31,16923,CELC,Celcuity Inc.,35,-0.03,0.02094811298911788,-0.538879297942742,4212.40708,0.2058410284696477,0.6998778302736072
2026-08-31,16967,,,50,0.03,0.005930022075055195,0.3522155085599195,2753.18904,1.2498829990513003,1.4841908626625875
2026-08-31,17144,GIS,GENERAL MILLS INC,30,-0.03,0.1593377622377622,-0.16172133505970368,19080.060999999998,-0.06606811683876762,0.005701937395508139
2026-08-31,17892,,,35,-0.03,-0.013001010101010084,-0.5138289454754712,5844.88872,1.2782489838401387,1.2650724043353385
2026-08-31,18677,,,35,-0.03,-0.08290000000000004,-0.42839159833117535,2591.1349999999998,0.8817632717316325,0.8743636097136825
2026-08-31,18968,,,35,0.03,-0.1676928043687761,0.2848151345130197,2438.4751599999995,1.065975486534999,1.497615869571161
2026-08-31,19076,ASTS,"AST SpaceMobile, Inc.",50,-0.03,-0.01866805696846388,-0.7113005322975111,17620.03908,2.9549033876734025,2.6072361458102926
2026-08-31,19433,,,15,-0.03,0.3538802755620016,-0.5074809379945332,7364.77014,1.9483409233914382,2.2179208862985016
2026-08-31,19751,LCID,"Lucid Group, Inc.",25,-0.03,-0.32403821138211386,-0.6490792691699037,2880.09666,0.9261730002043418,2.305764673988776
2026-08-31,19813,,,35,-0.03,-0.14418035320088302,-0.6238131204143288,4425.3117,1.2459244714166329,1.37730497506989
2026-08-31,20062,,,35,0.03,0.07604736842105264,0.21665947345705652,5093.082619999999,1.771030499012085,0.9694331626869991
2026-08-31,20117,RAMP,"LiveRamp Holdings, Inc.",45,0.03,-0.006332796408766743,0.32765069774133215,2301.96582,1.2924337271786874,1.5893006338841866
2026-08-31,20138,,,45,-0.03,0.0010781310489144562,-0.3774816573154941,3826.1651999999995,0.8742845496207063,1.5473694246507266
2026-08-31,20325,,,20,-0.03,0.10042541567695953,-0.7054380664652568,2914.21252,2.727696569397235,2.50701542733027
2026-08-31,20512,,,20,-0.03,0.2591793571069815,-0.2233311753704503,10995.795250000001,0.5047397884831821,0.7601674575832635
2026-08-31,20894,,,45,0.03,-0.20027307400858801,0.04713350597036398,121039.2988,2.5868370780438004,3.006704315998204
2026-08-31,21219,,,10,0.03,0.09005408068414214,0.45498849086462373,2899.8188999999998,0.41233362893778613,0.734149221332018
2026-08-31,21605,RYAN,"RYAN SPECIALTY HOLDINGS, INC.",40,-0.03,-0.006404512055137827,-0.2672637030643073,5717.306879999999,0.6024453075126901,0.7307567063050935
2026-08-31,21619,OKLO,Oklo Inc.,55,-0.03,0.03083680144218394,-0.546180405697022,6756.07053,1.2629815844500523,1.7507512800026377
2026-08-31,21927,DJT,Trump Media & Technology Group Corp.,50,-0.03,-0.025719472616632825,-0.30975758883613863,2730.76644,1.7714777960480488,0.7012779511261625
2026-08-31,22265,RIVN,"Rivian Automotive, Inc. / DE",25,-0.03,0.05294756898817343,-0.5199072075960294,21976.888560000003,1.7074767276679748,2.530826072139688
2026-08-31,23054,SOUN,"SOUNDHOUND AI, INC.",45,-0.03,0.15696949429037532,-0.5485901309164148,2471.2420700000002,2.7192896477504536,2.002967662413302
2026-08-31,23263,QBTS,D-Wave Quantum Inc.,45,-0.03,-0.06318761061946902,-0.6336318515321536,6640.22352,3.308303981066373,2.3440326030879564
2026-08-31,46463,,,20,0.03,0.14575962632006506,0.34426701194072795,3952.3593899999996,1.5146450251733177,1.3676649255134365
2026-08-31,49429,,,25,0.03,0.05140533365061018,0.42319450438785783,6844.15922,1.1791900333103849,1.3446701884961176
2026-08-31,53613,,,45,0.03,0.13054592542191656,0.01301970939433174,929524.32079,2.1447432199325664,3.386185715849133
2026-08-31,56274,CAG,CONAGRA BRANDS INC.,30,-0.020000000000000004,0.10599042039972428,-0.13190548122572293,6943.99266,-0.06341784004926311,0.15266030685108795
2026-08-31,75470,MIDD,MIDDLEBY Corp,20,0.03,-0.15883651744273108,0.25708531146597613,6039.68612,1.3553370716449242,1.7351776735066706
2026-08-31,75603,,,45,0.02890052845918181,-0.16424518747584066,0.28673931808372893,6526.09555,1.1515220520431233,1.5674886636065497
2026-08-31,76123,JOE,ST JOE Co,60,0.03,0.08123164509456293,0.44204071356639335,3543.3232000000003,1.283330387198942,1.1980622899018645
2026-08-31,76661,IONS,IONIS PHARMACEUTICALS INC,35,-0.03,0.17635439443693246,-0.6171054524528845,8603.34568,0.3982692901033876,1.091830628448666
2026-08-31,76709,,,35,0.03,-0.010197833902731393,0.175226586102719,44101.11881,1.51839654290778,1.8388324906019422
2026-08-31,76721,,,35,0.03,0.1499471528471527,0.29384261257373046,3063.60054,1.002476771775142,1.092423693989989
2026-08-31,79499,,,20,0.0025426801760889428,-0.102215613560401,-0.035858149906488265,2051.71365,3.0025791477335204,3.4041266117762596
2026-08-31,79507,MCRI,MONARCH CASINO & RESORT INC,25,0.03,-0.004366395112016276,0.46466335779024603,2200.04825,1.353052741237489,0.9296770881239881
2026-08-31,80069,,,35,-0.03,0.0001714707619609084,-0.6979571284707237,11923.54505,1.3410548445426476,2.2130482246944347
2026-08-31,80128,VMI,VALMONT INDUSTRIES INC,20,0.01745731982391106,-0.014151816483288388,0.3178319666235074,9299.218499999999,1.3545139606727092,1.2333751496636494
2026-08-31,80539,,,35,-0.03,0.02327801047120411,-0.6335779024600777,2387.65662,1.215374134784085,1.673462586202013
2026-08-31,80575,SSD,"Simpson Manufacturing Co., Inc.",20,0.03,-0.03310134228187926,0.3655948784347576,7723.24812,1.318740430673717,1.1921572405348748
2026-08-31,82272,MD,"Pediatrix Medical Group, Inc.",35,0.03,0.0008721614485099156,0.3071140843044166,2177.05422,0.6653958837249566,0.9948504634658165
2026-08-31,82800,SCCO,SOUTHERN COPPER CORP/,15,0.03,0.16564194591773418,0.24196158826068187,152440.25159,1.0812623089511493,1.9474278250802188
2026-08-31,82924,WLY,"JOHN WILEY & SONS, INC.",50,0.03,0.026027203065134175,0.3877319810099266,2192.4522,0.7696642993817956,1.081334829308271
2026-08-31,83601,,,20,0.03,0.016847375911759565,0.3859156955833693,2750.58014,1.2835474882303082,1.0574338719543044
2026-08-31,84129,ZION,"ZIONS BANCORPORATION, NATIONAL ASSOCIATION /UT/",40,0.03,-0.02392829986354834,0.3338008919579916,10171.9483,0.9016435422978823,1.1926454847114334
2026-08-31,84438,,,20,0.03,-0.06489460916442055,0.2779995684074234,2574.61386,1.3147223988244496,1.7818646672302914
2026-08-31,85293,,,35,-0.03,-0.05849009429074707,-0.4250467558624659,5820.71112,-0.3796619754506092,0.8034017897312941
2026-08-31,85863,COLM,COLUMBIA SPORTSWEAR CO,25,0.03,-0.021041079516033147,0.3846209178535463,3036.75258,0.9212951043035643,1.5401496502307654
2026-08-31,86233,LEU,CENTRUS ENERGY CORP,10,-0.03,-0.009399745662126252,-0.6663789382822615,3353.5312200000003,1.5294543570922117,2.8238126343669028
2026-08-31,87430,,,20,-0.03,0.11297982832618023,-0.4760825780463242,8738.432,1.1310167602522456,2.244985335012456
2026-08-31,87759,WULF,TERAWULF INC.,45,-0.03,-0.13370407701019255,-0.7732340670407136,8751.11278,3.813424233486869,3.1069693506155187
2026-08-31,88159,,,35,0.03,0.023877295870262147,0.3367501078981442,13329.35565,0.45333503446449497,0.7752215825907124
2026-08-31,88661,,,25,0.03,-0.17931267966135073,0.28988634728816,30785.59665,1.4650338804731593,1.7716328059963937
2026-08-31,89216,,,20,0.03,0.017715731295106587,0.2779096532872968,9830.68304,1.3278799929745477,1.6714822593910745
2026-08-31,89217,,,25,-0.009999999999999995,-0.23048372344256401,-0.2749604373471443,3349.062,1.0560775092810055,1.1208353509603566
2026-08-31,89482,BANC,"BANC OF CALIFORNIA, INC.",40,-0.03,-0.03162062663185369,-0.3094518774277083,2943.83375,0.8037955935130912,1.2247511869497043
2026-08-31,90071,NRG,"NRG ENERGY, INC.",55,-0.020000000000000004,-0.17259855973621796,-0.45817148611710545,28333.309939999996,1.2009870205246553,1.5641271079213717
2026-08-31,90664,DXCM,DEXCOM INC,35,0.009999999999999995,0.08541635710005979,0.16853690116529996,31490.77545,1.4142053502372263,1.3154099578231955
2026-08-31,91733,AVAV,AeroVironment Inc,20,-0.03,-0.012473542210617973,-0.48930010070493457,7559.31696,1.4102102304197925,2.1624750106112134
2026-08-31,91832,MDGL,"MADRIGAL PHARMACEUTICALS, INC.",35,-0.03,0.13927238722930751,-0.28080492015537334,10796.96128,-0.3890846000449023,0.25891862284267125
2026-08-31,92293,,,45,0.03,-0.0745360116166505,0.2890051791109193,2916.1589999999997,0.6339173036292266,2.0365161145828314
2026-08-31,92294,,,10,-0.019999999999999275,0.2887666666666667,-0.5333764925909942,4750.7712,1.370736490669876,2.593092824919576
2026-08-31,92601,NOG,"NORTHERN OIL & GAS, INC.",10,-0.03,0.21364846335697407,-0.4578118256365991,2300.7816,0.7351667865446808,1.2521334928577341
