target_month,permno,ticker,company_name,sector,weight,ret_exc_lead1m,pred,raw_me,raw_beta_60m,raw_betabab_1260d
2021-01-31,10874,BC,BRUNSWICK CORP,25,0.03,0.134004,0.37640906947837643,5972.87032,1.8805612925918593,1.3258398749533549
2021-01-31,11809,CLH,CLEAN HARBORS INC,20,0.03,0.017825,0.26083322617976085,4204.2206,1.619508683777794,1.4013313758663108
2021-01-31,12062,LH,LABORATORY CORP AMERICA HLDGS,35,0.03,0.124543,0.3367836783678368,19825.770000000004,1.0293470305104602,0.9882130621894952
2021-01-31,12981,FBHS,FORTUNE BRANDS HOME & SECUR INC,20,0.009999999999999995,0.006137,0.24656037032274655,11908.99388,1.5569886933549437,1.2167626051063638
2021-01-31,13046,UI,UBIQUITI INC,45,0.03,0.105803,0.4531738888174532,17487.08588,1.4041781886050269,0.6701796588411056
2021-01-31,13169,ZNGA,ZYNGA INC,50,-0.03,0.004007,-0.3227894217993228,10675.391999999998,0.2382275711985728,0.4875533455299876
2021-01-31,13379,SPLK,SPLUNK INC,45,-0.03,-0.028653,-0.6012172645836013,27474.78069,1.3762157236519486,1.0050083508663148
2021-01-31,13802,APAM,ARTISAN PARTNERS ASSET MGMT INC,40,0.020000000000000004,-0.038584,0.2961296129612961,3092.1848400000003,1.8262464109018182,1.1445580154093862
2021-01-31,14044,AGIO,AGIOS PHARMACEUTICALS INC,35,-0.03,0.083961,-0.4923492349234924,3002.50902,1.7693863182657281,0.7070999765233422
2021-01-31,14136,RNG,RINGCENTRAL INC,45,-0.03,-0.01601,-0.4441301272984441,30062.932160000004,0.7079236658507883,0.7747581520220707
2021-01-31,14159,FEYE,FIREEYE INC,45,-0.03,-0.089378,-0.5289957567185289,5435.011399999999,1.2308787925067757,0.9905661120637461
2021-01-31,14182,BURL,BURLINGTON STORES INC,25,-0.03,-0.048412,-0.3767948223393768,17325.072,0.7413815106200924,0.8771272257010783
2021-01-31,14273,CHGG,CHEGG INC,25,-0.016127970388733634,0.054532000000000004,-0.36427928507136426,11635.49763,1.0083530124956446,0.7385517356561901
2021-01-31,15167,SHAK,SHAKE SHACK INC,25,-0.03,0.33777,-0.5712142642835712,3249.6174,1.6721558883095007,1.136764518259553
2021-01-31,15431,MCRB,SERES THERAPEUTICS INC,35,-0.03,-0.030658,-0.7111568299687112,2240.7455,1.6052244208030444,1.5810039530167217
2021-01-31,15585,TDOC,TELADOC HEALTH INC,35,-0.03,0.319368,-0.42338519566242333,28986.401560000002,0.3264846757846427,0.5087397621845046
2021-01-31,15643,RUN,SUNRUN INC,20,-0.03,-0.001631,-0.6231623162316231,13973.548279999999,2.242780983053148,1.2762444409644227
2021-01-31,15694,PEN,PENUMBRA INC,35,-0.03,0.49189700000000003,-0.4544383009729544,6354.425,0.4138224638654095,0.6275138537117705
2021-01-31,16068,RETA,REATA PHARMACEUTICALS INC,35,-0.03,-0.162075,-0.5784792764990785,3845.6945800000003,1.4341021027163177,0.6803479952223092
2021-01-31,16287,EVBG,EVERBRIDGE INC,45,-0.03,-0.10831700000000001,-0.43251468003943255,5284.38243,0.7707780177256409,0.5758335284659949
2021-01-31,16382,COUP,COUPA SOFTWARE INC,45,-0.03,-0.085733,-0.4997642621404998,24461.16816,1.551610631194885,0.736783288965789
2021-01-31,16595,SNAP,SNAP INC,50,-0.03,0.057274000000000005,-0.40304744760190303,61821.829560000006,1.2968779650687943,0.6315570042145572
2021-01-31,16968,MDB,MONGODB INC,45,-0.03,0.029394,-0.4480948094809481,21637.90464,0.834159511946872,0.7008842034514196
2021-01-31,19561,BA,BOEING CO,20,-0.03,-0.09287000000000001,-0.6301701598731303,120843.29179999999,1.582160406795345,1.6741044467599389
2021-01-31,21020,AAL,AMERICAN AIRLINES GROUP INC,20,-0.03,0.08872999999999999,-0.7334019116197334,9800.7396,1.729152974082844,1.6353641323487544
2021-01-31,27422,CLF,CLEVELAND CLIFFS INC NEW,15,-0.009999999999999995,0.053525,-0.4921349277784922,5812.96352,2.2400746598780072,1.0351491408111815
2021-01-31,27430,CTB,COOPER TIRE & RUBBER CO,25,0.03,-0.092639,0.3485277099138485,2040.1470000000002,1.4580143423269825,0.850620568230601
2021-01-31,29209,ARW,ARROW ELECTRONICS INC,45,0.03,0.003346,0.33005443401483003,7350.5285,1.467573163001554,1.0296888035399334
2021-01-31,34032,MAS,MASCO CORP,20,0.03,-0.008818,0.3415412969868415,14373.862679999998,1.2488163323456765,0.8290566513167236
2021-01-31,35124,CLGX,CORELOGIC INC,20,0.03,-0.026301,0.3566285199948567,6013.87228,1.0448030732012463,0.8539057449481422
2021-01-31,38295,SPB,SPECTRUM BRANDS HOLDINGS INC NEW,30,0.020000000000000004,-0.043222,0.27332733273327336,3402.6163600000004,1.8429964267484438,1.0604834258050502
2021-01-31,51625,SCI,SERVICE CORP INTERNATIONAL,25,0.029657538450212628,0.027042,0.42638549569242645,8481.7304,0.6401906763072707,0.7541221884263954
2021-01-31,56223,LPX,LOUISIANA PACIFIC CORP,15,0.03,0.022553,0.38273113025588273,4063.57308,1.7360847711545953,1.359734199267307
2021-01-31,58683,LUV,SOUTHWEST AIRLINES CO,20,-0.03,-0.05733,-0.6075178946466077,27512.62453,1.1749124645136568,1.0426287158813232
2021-01-31,58771,RBC,REGAL BELOIT CORP,20,0.03,0.021695,0.29617247439029615,4985.47195,1.3428457309724044,1.0750003647910327
2021-01-31,61313,DCI,DONALDSON INC,20,0.03,0.063662,0.33284042689983284,7054.2912,1.2613951846883154,0.8926810129835012
2021-01-31,62092,TMO,THERMO FISHER SCIENTIFIC INC,35,0.03,0.094247,0.369036903690369,184604.91629999998,0.769551928970771,0.692131097654641
2021-01-31,65307,RPM,R P M INTERNATIONAL INC,15,0.03,-0.087587,0.40782649693540785,11795.68086,0.950246334032717,0.9213564044231378
2021-01-31,75342,MTH,MERITAGE HOMES CORP,25,0.03,-0.030956,0.29979426514079976,3115.02584,1.5727751102280663,1.360938310403969
2021-01-31,78875,CREE,CREE INC,45,-0.020000000000000004,-0.045561,-0.5098366979555099,11752.464300000001,1.4051232241298015,1.1083541864897581
2021-01-31,79637,UHS,UNIVERSAL HEALTH SERVICES INC,35,0.03,-0.093282,0.26972697269726975,10687.050000000001,1.1142664608752597,1.1310392326650442
2021-01-31,79878,UFPI,U F P INDUSTRIES INC,20,0.03,-0.029029,0.41161973340191166,3399.9933,1.3461141519220192,1.003305478414112
2021-01-31,80069,ARWR,ARROWHEAD PHARMACEUTICALS INC,35,-0.03,0.005688,-0.6150829368651151,7918.0756200000005,1.5361871814774464,0.7676267663829478
2021-01-31,80575,SSD,SIMPSON MANUFACTURING CO INC,20,0.03,-0.013257999999999999,0.45756718528995755,4057.69245,1.1764992342870024,0.8982661899329314
2021-01-31,81220,NSIT,INSIGHT ENTERPRISES INC,45,0.03,8.5e-05,0.37715914448587723,2670.98727,1.7381907103218177,0.9225649761166009
2021-01-31,82670,TGTX,T G THERAPEUTICS INC,35,-0.03,-0.072134,-0.5992670695640994,7312.76352,2.381099335662583,0.9496815730520138
2021-01-31,82779,NVAX,NOVAVAX INC,35,-0.020000000000000004,0.981301,-0.5042218507565043,8261.88741,2.0050407155940713,0.6435598570150547
2021-01-31,83011,WSM,WILLIAMS SONOMA INC,25,0.03,0.271156,0.3695298101238695,7799.72192,1.6398879640511765,1.0257856768180798
2021-01-31,84172,NUS,NU SKIN ENTERPRISES INC,30,0.03,0.059262,0.38667438172388663,2787.82353,1.3252117099361584,0.9979872955262127
2021-01-31,84373,DGX,QUEST DIAGNOSTICS INC,35,0.03,0.088517,0.37846641807037845,16060.064219999998,1.0120843922539893,0.7180558008976902
2021-01-31,85427,GPI,GROUP 1 AUTOMOTIVE INC,25,0.03,0.049367,0.28650722215078644,2401.69796,2.0518246660833452,1.3683129051736793
2021-01-31,85621,MTD,METTLER TOLEDO INTERNATIONAL INC,35,0.03,0.024891,0.3358192962153358,27118.685600000004,0.962742883343791,0.7918783763755681
2021-01-31,86047,AMKR,AMKOR TECHNOLOGY INC,45,0.03,0.029131999999999998,0.30163730658780163,3661.86132,1.5910071423514223,1.2111433835744605
2021-01-31,86489,SNBR,SLEEP NUMBER CORP,25,0.00647043193852101,0.316104,0.24866058034374863,2078.4254,2.0066788948642023,1.1574170715943028
2021-01-31,87337,PLUG,PLUG POWER INC,20,-0.03,0.862826,-0.7161287557327162,15532.509409999999,1.8239313355122577,1.150139778315966
2021-01-31,87356,WWE,WORLD WRESTLING ENTMT INC,50,0.013872029611265636,0.172274,0.3563499207063564,2243.6947499999997,1.4419535932257401,0.5898510994443282
2021-01-31,89353,JBLU,JETBLUE AIRWAYS CORP,20,-0.03,-0.013800999999999999,-0.6514508593716515,4594.639999999999,1.4992807029152053,1.5062336006169619
2021-01-31,89533,WYNN,WYNN RESORTS LTD,25,-0.03,-0.117922,-0.6120183446916121,12173.00304,2.274540996388035,1.4317432609290244
2021-01-31,89916,NXST,NEXSTAR MEDIA GROUP INC,50,0.03,0.040983000000000006,0.2855857014272856,4723.23183,1.8572619559244048,1.4605808255855737
2021-01-31,89971,TPX,TEMPUR SEALY INTERNATIONAL INC,25,0.03,-0.022268,0.26124040975526125,5571.558,1.9094925029734502,1.3685112799350663
2021-01-31,90505,LVS,LAS VEGAS SANDS CORP,25,-0.03,-0.19316699999999998,-0.43677939222493667,45524.1488,1.2783501928325596,1.0255299185516122
2021-01-31,90808,EXPE,EXPEDIA GROUP INC,25,-0.03,-0.062735,-0.6050533624791051,18280.997600000002,1.6567277555846676,1.1938444898257141
2021-01-31,91041,LYV,LIVE NATION ENTERTAINMENT INC,50,-0.03,-0.095718,-0.6396211049676397,15953.757160000001,1.2877777971695124,1.306294844800411
2021-01-31,91103,UAL,UNITED AIRLINES HOLDINGS INC,20,-0.03,-0.075422,-0.7601045818867601,13487.296250000001,1.5518205548331552,1.6815506190693412
2021-01-31,91277,QRTEA,QURATE RETAIL INC,25,0.03,0.148541,0.31275984741331275,4192.36102,1.82229370783813,1.1533180985707177
2021-01-31,91500,EXLS,EXLSERVICE HOLDINGS INC,45,0.03,-0.099306,0.30879516523080885,2856.87767,0.8874994807789416,1.09551483861408
2021-01-31,91594,SPR,SPIRIT AEROSYSTEMS HOLDINGS INC,20,-0.03,-0.13358399999999998,-0.6836397925506835,4129.35033,1.9873456410909576,1.7072978945541146
2021-01-31,91915,CNK,CINEMARK HOLDINGS INC,50,-0.0038720296112656413,0.162504,-0.6106896403926108,2057.13078,2.494179196833971,1.4082277363622238
2021-01-31,91926,DAL,DELTA AIR LINES INC,20,-0.03,-0.056001999999999996,-0.6742102781706742,25643.284140000003,1.3765500153129124,1.4186060849051823
2021-01-31,93035,SEM,SELECT MEDICAL HOLDINGS CORP,35,0.03,-0.07090600000000001,0.2544040118297544,3727.54458,1.3854552274943097,1.3738893679316249
2021-01-31,93098,H,HYATT HOTELS CORP,25,-0.03,-0.115736,-0.5311388281685311,2905.92225,1.4526646105162095,1.1664788478817227
2021-01-31,93330,PRI,PRIMERICA INC,40,0.03,0.040124,0.3480562341948481,5263.8507899999995,1.3855162899579074,1.1323641400742253
2021-02-28,10874,BC,BRUNSWICK CORP,25,0.03,0.025127,0.23537355605418428,6773.53578,1.8111234382570052,1.3307145970343992
2021-02-28,11809,CLH,CLEAN HARBORS INC,20,0.03,0.099232,0.18573921715282968,4279.35516,1.7116162711002485,1.41287933337721
2021-02-28,12062,LH,LABORATORY CORP AMERICA HLDGS,35,0.03,0.048008999999999996,0.2812681791739383,22295.834000000003,0.997885021124335,0.9829634631723171
2021-02-28,12981,FBHS,FORTUNE BRANDS HOME & SECUR INC,20,0.010061369999999995,-0.033101000000000005,0.28363666583561864,11982.62625,1.5405134573544828,1.2122553388385715
2021-02-28,13046,UI,UBIQUITI INC,45,0.03,0.036613,0.4064863292611984,19338.076119999998,1.3888083111116516,0.6321719493816773
2021-02-28,13169,ZNGA,ZYNGA INC,50,-0.03,0.125081,-0.2865245574669658,10732.50027,0.18857686819692748,0.4785141568926965
2021-02-28,13379,SPLK,SPLUNK INC,45,-0.02914041,-0.13347499999999998,-0.44857890800299177,26924.149409999998,1.3005855753640723,0.9908917778171115
2021-02-28,13802,APAM,ARTISAN PARTNERS ASSET MGMT INC,40,0.0012868246765062076,0.005402,0.23342059336823734,2973.0184,1.8181035297069603,1.1650482390090768
2021-02-28,14044,AGIO,AGIOS PHARMACEUTICALS INC,35,-0.03,0.009961,-0.45626610155405967,3255.20888,1.6249826108415835,0.6938983856391775
2021-02-28,14136,RNG,RINGCENTRAL INC,45,-0.0295197,0.014006,-0.34960109698329594,29582.997760000002,0.6708478207588142,0.7657916106326096
2021-02-28,14159,FEYE,FIREEYE INC,45,-0.02731866,-0.080045,-0.4170821906424,4949.49,1.1010715274746834,0.976600311827934
2021-02-28,14182,BURL,BURLINGTON STORES INC,25,-0.02854764,0.03981,-0.34739881991190896,16487.136,0.9064281084318657,0.9123627786152869
2021-02-28,14273,CHGG,CHEGG INC,25,-0.017007460869972058,0.013287,-0.35803623369068394,12270.535860000002,0.938834836051015,0.7410472146625601
2021-02-28,14328,AMC,A M C ENTERTAINMENT HOLDINGS INC,50,-0.0017605697293020658,-0.395973,-0.5460192803124742,3809.2930199999996,1.7961495448541007,1.0601853225918783
2021-02-28,15167,SHAK,SHAKE SHACK INC,25,-0.03,0.044567999999999997,-0.6216446438959528,4347.3886,1.6153940104499356,1.1303077384440166
2021-02-28,15431,MCRB,SERES THERAPEUTICS INC,35,-0.03,-0.19836099999999998,-0.7068270589212997,2172.15125,1.5342867569728003,1.532157911922321
2021-02-28,15585,TDOC,TELADOC HEALTH INC,35,-0.03,-0.162043,-0.44999168952048535,38245.06063,0.2238880616044867,0.5278047330362504
2021-02-28,15623,HLI,HOULIHAN LOKEY INC,40,0.018713175323493796,-0.019937,0.5191972076788831,3327.9074499999997,0.6397047084082051,0.46332025522310966
2021-02-28,15643,RUN,SUNRUN INC,20,-0.03,-0.096624,-0.6415897947311561,13951.393619999999,2.197671633089365,1.317759481992006
2021-02-28,15694,PEN,PENUMBRA INC,35,-0.03,0.08935,-0.44467298263109784,9480.438989999999,0.24272521616251316,0.6335718706395026
2021-02-28,15914,WKHS,WORKHORSE GROUP INC,25,-0.0029942823231567835,-0.528891,-0.4821947976398238,4184.39736,3.0550998847644135,0.3829106793285368
2021-02-28,16068,RETA,REATA PHARMACEUTICALS INC,35,-0.03,0.180185,-0.5860342391756005,3222.5813100000005,1.458614233712952,0.6868334377605377
2021-02-28,16287,EVBG,EVERBRIDGE INC,45,-0.03,0.152667,-0.37631928862295355,4712.23557,0.7879061898742744,0.5848193878989171
2021-02-28,16382,COUP,COUPA SOFTWARE INC,45,-0.03,0.117391,-0.49495138369483926,22544.281980000003,1.565344232157425,0.7476441383981483
2021-02-28,16595,SNAP,SNAP INC,50,-0.03,0.24022700000000002,-0.4012299509681708,65365.44152,1.291640626970359,0.6518064518950645
2021-02-28,16968,MDB,MONGODB INC,45,-0.03,0.044109999999999996,-0.4200116346713206,22508.50978,0.8379700342352419,0.7039557110942727
2021-02-28,19561,BA,BOEING CO,20,-0.0272139,0.091721,-0.5937214327266683,109626.08069999999,1.5510793936843124,1.6663313252858651
2021-02-28,21020,AAL,AMERICAN AIRLINES GROUP INC,20,-0.03,0.219524,-0.724943904263276,10670.8116,1.7450287216965696,1.6066725363315826
2021-02-28,27422,CLF,CLEVELAND CLIFFS INC NEW,15,-0.010535249999999996,-0.13042299999999998,-0.5058588880578411,6124.3722800000005,2.3061979101450474,1.0846072193893634
2021-02-28,29209,ARW,ARROW ELECTRONICS INC,45,0.03,0.026893,0.3106041718607164,7375.45835,1.4919189575003444,1.0203364097013496
2021-02-28,34032,MAS,MASCO CORP,20,0.02973546,-0.020115,0.33545250560957374,14211.62356,1.2555764047610243,0.8320331529192585
2021-02-28,35124,CLGX,CORELOGIC INC,20,0.02921097,0.12879000000000002,0.3586802958530707,5855.98091,1.1120445074419423,0.8559625327117543
2021-02-28,37568,FELE,FRANKLIN ELECTRIC INC,20,0.02251852,0.083844,0.39059253718939585,3208.73124,0.9768648080316106,0.8833625689446288
2021-02-28,38295,SPB,SPECTRUM BRANDS HOLDINGS INC NEW,30,0.020000000000000004,0.031382999999999994,0.34640156237014874,3220.9445399999995,1.8571014338082656,1.0473736084761436
2021-02-28,51625,SCI,SERVICE CORP INTERNATIONAL,25,0.03,-0.05299,0.39285714285714285,8711.47992,0.6158404799969752,0.7569092455241675
2021-02-28,56223,LPX,LOUISIANA PACIFIC CORP,15,0.03,0.256758,0.42358514086262783,4155.40524,1.720394863751079,1.3583226079669164
2021-02-28,58683,LUV,SOUTHWEST AIRLINES CO,20,-0.03,0.322895,-0.5774744452754924,25945.42756,1.1526161931912313,1.0528499778111156
2021-02-28,61313,DCI,DONALDSON INC,20,0.03,-0.005568,0.3228205767472782,7503.705599999999,1.2873824430096954,0.8879013331227195
2021-02-28,62092,TMO,THERMO FISHER SCIENTIFIC INC,35,0.03,-0.11701600000000001,0.31752264605667746,202011.9495,0.7393646616043144,0.6990535838973259
2021-02-28,64194,CHE,CHEMED CORP NEW,35,0.03,-0.13974399999999998,0.4022479847087177,8261.540799999999,0.48451103979178134,0.737397391422474
2021-02-28,65307,RPM,R P M INTERNATIONAL INC,15,0.02737239,-0.034361,0.41109864539183905,10729.59441,0.9316389594383316,0.9108745548211717
2021-02-28,75342,MTH,MERITAGE HOMES CORP,25,0.029071319999999998,0.050415999999999996,0.25542258788332084,3018.73912,1.6111279441879511,1.365065824279905
2021-02-28,77902,CAKE,CHEESECAKE FACTORY INC,25,-0.01796744293269573,0.22188100000000002,-0.5570722180669826,2051.48643,1.6803113746039702,1.4171689751958845
2021-02-28,79637,UHS,UNIVERSAL HEALTH SERVICES INC,35,0.02720154,0.005168,0.283179589462312,9690.628320000002,1.13393924084748,1.124173080152738
2021-02-28,79878,UFPI,U F P INDUSTRIES INC,20,0.03,0.13362200000000002,0.4059669242915316,3301.55952,1.39791407885144,1.0125450484921754
2021-02-28,80069,ARWR,ARROWHEAD PHARMACEUTICALS INC,35,-0.03,0.032221,-0.5765187401313056,8006.46467,1.308028101166422,0.739205079114475
2021-02-28,80575,SSD,SIMPSON MANUFACTURING CO INC,20,0.03,0.059302999999999995,0.41577329011883984,3994.732,1.191967621902231,0.9038370383339509
2021-02-28,81220,NSIT,INSIGHT ENTERPRISES INC,45,0.03,0.098378,0.35381866533698997,2671.3383,1.7621058776835663,0.9219378133825952
2021-02-28,82307,DVA,DAVITA INC,35,0.010634439999999995,-0.12989099999999998,0.3490193634172692,13145.44,1.2496358112172166,0.6657151022273655
2021-02-28,82670,TGTX,T G THERAPEUTICS INC,35,-0.02783598,-0.093271,-0.5174935593783762,6785.603520000001,2.2715859761845887,0.9232111592827312
2021-02-28,82779,NVAX,NOVAVAX INC,35,-0.03,0.046528999999999994,-0.48944569101637164,14766.303960000001,1.718732216401672,0.5277558393046691
2021-02-28,82800,SCCO,SOUTHERN COPPER CORP,15,0.00316286,0.083109,0.4354899027673897,51341.570999999996,1.1496015992416404,0.8322584957637782
2021-02-28,83011,WSM,WILLIAMS SONOMA INC,25,0.03,0.018339,0.26265270506108196,9873.724959999998,1.6017291234460216,1.0238785486962354
2021-02-28,84172,NUS,NU SKIN ENTERPRISES INC,30,0.03,-0.109035,0.3544003989030167,2953.1639699999996,1.2690409596186356,0.9558821187506481
2021-02-28,84373,DGX,QUEST DIAGNOSTICS INC,35,0.03,-0.10503900000000001,0.3048907171943821,17405.0289,0.994563725261539,0.7113983631642123
2021-02-28,85427,GPI,GROUP 1 AUTOMOTIVE INC,25,0.03,0.10989499999999999,0.2728330424665504,2520.37268,1.9501748020189094,1.384317377622251
2021-02-28,85621,MTD,METTLER TOLEDO INTERNATIONAL INC,35,0.03,-0.044605000000000006,0.3290326601844927,27794.9395,0.9430274369350353,0.7892054795568941
2021-02-28,86047,AMKR,AMKOR TECHNOLOGY INC,45,0.03,0.541853,0.2278733482921965,3768.70608,1.644932281559184,1.2154393053339543
2021-02-28,86444,INO,INOVIO PHARMACEUTICALS INC,35,-0.03,-0.129457,-0.48971578160059837,2636.037,1.035229747227354,0.5540960003120217
2021-02-28,86489,SNBR,SLEEP NUMBER CORP,25,0.008515761356015254,0.27274099999999996,0.23988199119089174,2733.9024999999997,2.0222263813838004,1.139708267783225
2021-02-28,87337,PLUG,PLUG POWER INC,20,-0.03,-0.234175,-0.7314676306822904,28935.08167,1.6970471897973292,1.2243207250782986
2021-02-28,87356,WWE,WORLD WRESTLING ENTMT INC,50,0.016261819640516813,-0.12307,0.30335327848416854,2630.32935,1.469278308990213,0.5242084555561832
2021-02-28,89353,JBLU,JETBLUE AIRWAYS CORP,20,-0.03,0.285171,-0.611048782514751,4531.85586,1.5269124973302584,1.501056787403002
2021-02-28,89533,WYNN,WYNN RESORTS LTD,25,-0.007140044233658121,0.323476,-0.5052979306906009,10738.09264,2.3537342684441027,1.4272200235915202
2021-02-28,89916,NXST,NEXSTAR MEDIA GROUP INC,50,0.03,0.216723,0.24813014210919976,4917.02319,1.7844608453407538,1.4485776658346752
2021-02-28,89971,TPX,TEMPUR SEALY INTERNATIONAL INC,25,0.03,0.26807899999999996,0.34768968669492234,5447.7456,1.8972178832811206,1.3576443856094356
2021-02-28,90505,LVS,LAS VEGAS SANDS CORP,25,-0.02420499,0.301681,-0.403868528214078,36732.48852,1.3626531366116785,1.0144860594523877
2021-02-28,90808,EXPE,EXPEDIA GROUP INC,25,-0.03,0.297296,-0.6168661181750187,17168.1181,1.6181830530684016,1.1951472719872147
2021-02-28,91041,LYV,LIVE NATION ENTERTAINMENT INC,50,-0.03,0.337201,-0.6122538020443781,14427.42465,1.2961994538052095,1.303128489588116
2021-02-28,91103,UAL,UNITED AIRLINES HOLDINGS INC,20,-0.03,0.317284,-0.7344594033075709,12470.681550000001,1.5299501687914556,1.6555444408972133
2021-02-28,91277,QRTEA,QURATE RETAIL INC,25,0.03,-0.014331,0.25889221308069477,4801.1795999999995,1.8482125862198209,1.1347769971076869
2021-02-28,91500,EXLS,EXLSERVICE HOLDINGS INC,45,0.02625354900346742,0.103502,0.2840521898113521,2573.3041200000002,0.9121670810509157,1.1112281212005517
2021-02-28,91594,SPR,SPIRIT AEROSYSTEMS HOLDINGS INC,20,-0.025992480000000002,0.264496,-0.6430025762486496,3577.92519,1.9897988835892504,1.7243860619496179
2021-02-28,91915,CNK,CINEMARK HOLDINGS INC,50,-0.004501249911214753,0.10914499999999999,-0.6154948890550985,2391.51792,2.502681083780217,1.3943947691488534
2021-02-28,91926,DAL,DELTA AIR LINES INC,20,-0.02831994,0.26286299999999996,-0.5500083104795147,24208.382640000003,1.3635183214007198,1.4188143324358542
2021-02-28,93035,SEM,SELECT MEDICAL HOLDINGS CORP,35,0.03,0.231473,0.2933183744702069,3463.4091,1.324212379489847,1.3689209915532188
2021-02-28,93098,H,HYATT HOTELS CORP,25,-0.03,0.339431,-0.5084559129061746,2569.73542,1.4160446325032068,1.1672917840503054
2021-02-28,93330,PRI,PRIMERICA INC,40,0.03,0.017035,0.33233607579157315,5475.300929999999,1.3984200321523357,1.119803566471659
2021-03-31,10874,BC,BRUNSWICK CORP,25,0.03,0.079185,0.29792171105730436,6872.976750000001,1.818491029207747,1.3471186140325375
2021-03-31,11809,CLH,CLEAN HARBORS INC,20,0.03,-0.012827999999999999,0.2304277643260694,4665.96455,1.7144832666823209,1.4196517092914689
2021-03-31,11891,MGM,M G M RESORTS INTERNATIONAL,25,-0.009269589929842881,0.005332,-0.6664447134786118,18700.49487,2.350138052250363,1.7462269395163375
2021-03-31,12062,LH,LABORATORY CORP AMERICA HLDGS,35,0.03,0.062997,0.33232445520581116,23415.215999999997,0.9973327722623092,0.9782728021876876
2021-03-31,12981,FBHS,FORTUNE BRANDS HOME & SECUR INC,20,0.009728328591629995,0.152487,0.24749798224374495,11528.69124,1.5394208097229416,1.2208272200098405
2021-03-31,13046,UI,UBIQUITI INC,45,0.03,-0.064683,0.35722356739305894,20031.04628,1.3948640713872182,0.6464414839916958
2021-03-31,13169,ZNGA,ZYNGA INC,50,-0.03,-0.084332,-0.3233857949959645,12097.950700000001,0.17850107793981712,0.47974857860793335
2021-03-31,13379,SPLK,SPLUNK INC,45,-0.02525089377525,-0.052681,-0.5067191283292978,23331.652469999997,1.276436436578643,1.012935462606217
2021-03-31,13802,APAM,ARTISAN PARTNERS ASSET MGMT INC,40,0.001293776103408694,0.098289,0.27784503631961255,3079.045,1.808708811058213,1.1752661792292292
2021-03-31,14044,AGIO,AGIOS PHARMACEUTICALS INC,35,-0.03,0.088506,-0.3695318805488297,3301.87144,1.6132497731601068,0.7056113353768423
2021-03-31,14136,RNG,RINGCENTRAL INC,45,-0.0299331529182,-0.212318,-0.29408797417272,29998.676480000002,0.643780765779419,0.7651021466300679
2021-03-31,14159,FEYE,FIREEYE INC,45,-0.0251319378603,0.012913,-0.370500403551251,4609.40424,1.1146683862808766,0.9729341200521425
2021-03-31,14182,BURL,BURLINGTON STORES INC,25,-0.026609276908908644,0.154443,-0.27693704600484265,17144.2368,0.9096463137809909,0.90518012467049
2021-03-31,14328,AMC,A M C ENTERTAINMENT HOLDINGS INC,50,-0.0010634316518811388,0.27463,-0.5236682808716706,3026.20203,1.7555387327795506,0.9211167808491085
2021-03-31,14574,MC,MOELIS & CO,40,0.000366133149522007,0.062715,0.4528046811945117,2996.51428,1.2757839636431616,0.7965145186122002
2021-03-31,14593,AAPL,APPLE INC,45,0.01660217685215474,0.007313,0.4086965294592413,2035724.5209600003,1.1586227537233247,0.8813721653430682
2021-03-31,15167,SHAK,SHAKE SHACK INC,25,-0.03,-0.048221,-0.5330710250201776,4541.3384,1.637733434908332,1.1176659660360158
2021-03-31,15272,SEDG,SOLAREDGE TECHNOLOGIES INC,45,-0.02498953533563783,-0.036466,-0.5058313155770783,15387.42642,0.9497996203432424,1.1341314253218262
2021-03-31,15585,TDOC,TELADOC HEALTH INC,35,-0.02513871,-0.177964,-0.4188256658595642,33225.62629,0.17986505022853008,0.5090012417629723
2021-03-31,15623,HLI,HOULIHAN LOKEY INC,40,0.018340090747069302,0.051692,0.5049636803874092,3274.48408,0.6407765194754439,0.4680570196670296
2021-03-31,15643,RUN,SUNRUN INC,20,-0.03,-0.033583999999999996,-0.6534301856335755,12677.70672,2.1308825654277324,1.3855177076667546
2021-03-31,15694,PEN,PENUMBRA INC,35,-0.03,-0.048721,-0.3622881355932203,10367.18907,0.2538037045828307,0.6313376150925357
2021-03-31,16064,NTLA,INTELLIA THERAPEUTICS INC,35,-0.027175889203260008,0.32738,-0.6015133171912833,4094.71396,2.0947724789197575,1.0260170566242892
2021-03-31,16068,RETA,REATA PHARMACEUTICALS INC,35,-0.03,-0.184552,-0.5744552058111381,3825.6376600000003,1.468461527755779,0.6952130957352265
2021-03-31,16119,ATKR,ATKORE INC,20,0.03,0.062796,0.28442292171105726,3154.18125,2.440691940338289,1.4347816795587611
2021-03-31,16287,EVBG,EVERBRIDGE INC,45,-0.03,-0.20919,-0.33591606133979024,5553.821349999999,0.7978352117808369,0.5901156846216841
2021-03-31,16382,COUP,COUPA SOFTWARE INC,45,-0.03,-0.265088,-0.470682001614205,25191.800040000002,1.5701150712130159,0.7670262438572776
2021-03-31,16595,SNAP,SNAP INC,50,-0.013944029515344576,-0.203652,-0.31345843422114605,82271.06076000001,1.3133893287197123,0.6657180372581414
2021-03-31,16968,MDB,MONGODB INC,45,-0.03,-0.307078,-0.40573042776432605,23502.36514,0.8335857989883003,0.7177686817084004
2021-03-31,19561,BA,BOEING CO,20,-0.03,0.201426,-0.7164648910411623,123601.19396999998,1.5561206079688121,1.6983111836204785
2021-03-31,21020,AAL,AMERICAN AIRLINES GROUP INC,20,-0.03,0.141329,-0.7312550443906376,13394.815440000002,1.7738890696546195,1.5865911004660682
2021-03-31,27422,CLF,CLEVELAND CLIFFS INC NEW,15,-0.009161211089249997,0.507469,-0.5150726392251818,6655.13924,2.322084864952769,1.1393547763247955
2021-03-31,29209,ARW,ARROW ELECTRONICS INC,45,0.03,0.105299,0.29039548022598866,7479.69678,1.5047798344118921,1.0396837171255757
2021-03-31,34032,MAS,MASCO CORP,20,0.029137331222099997,0.12549,0.3002017756255045,13685.09724,1.2590097195433823,0.8335595923237162
2021-03-31,35124,CLGX,CORELOGIC INC,20,0.028002099930355434,-0.06393,0.22477804681194505,6193.04832,1.1175083125437781,0.8658303997023752
2021-03-31,37568,FELE,FRANKLIN ELECTRIC INC,20,0.02440656279088,0.051665,0.387772397094431,3470.24898,0.9927256685871887,0.8884745023137848
2021-03-31,38295,SPB,SPECTRUM BRANDS HOLDINGS INC NEW,30,0.020627660000000003,0.09604,0.25278450363196125,3305.3361,1.8544259187002565,1.0491966662553196
2021-03-31,40272,IFF,INTERNATIONAL FLAVORS & FRAG INC,15,-0.000696358349700001,0.03592,-0.4182405165456013,33704.860259999994,0.9180679213071442,0.7436884344708549
2021-03-31,51625,SCI,SERVICE CORP INTERNATIONAL,25,0.0284103,0.07352500000000001,0.3811339790153349,8091.785759999999,0.604913986110024,0.7566039108008848
2021-03-31,56223,LPX,LOUISIANA PACIFIC CORP,15,0.03,0.164854,0.37435431799838575,5070.75066,1.7422228639045607,1.3573770255303836
2021-03-31,58683,LUV,SOUTHWEST AIRLINES CO,20,-0.03,0.050377,-0.6697538337368847,34336.05401,1.1952673380605083,1.0451801642201684
2021-03-31,61313,DCI,DONALDSON INC,20,0.02983296,-0.012757999999999999,0.3534301856335754,7436.7984,1.2851051416399215,0.9107266409644175
2021-03-31,62092,TMO,THERMO FISHER SCIENTIFIC INC,35,0.02648952,0.014553,0.3912429378531074,177238.35344,0.7212296155489317,0.6905621326196003
2021-03-31,64194,CHE,CHEMED CORP NEW,35,0.02580768,0.032789,0.4046206618240517,7138.0519300000005,0.45720498559644,0.7407905677159828
2021-03-31,65307,RPM,R P M INTERNATIONAL INC,15,0.026431847307210002,0.153288,0.3984463276836158,10361.40292,0.9302723526314991,0.9102482746706412
2021-03-31,75342,MTH,MERITAGE HOMES CORP,25,0.03,0.090235,0.29778046811945114,3162.63672,1.6099492814386864,1.3802045832568826
2021-03-31,77902,CAKE,CHEESECAKE FACTORY INC,25,-0.021954077138045192,0.064759,-0.5363801452784503,2518.19365,1.7047742581212135,1.4107377316678689
2021-03-31,79637,UHS,UNIVERSAL HEALTH SERVICES INC,35,0.02734211755872,0.065831,0.18583535108958835,9755.31121,1.1318107657773973,1.1284175307817716
2021-03-31,79878,UFPI,U F P INDUSTRIES INC,20,0.03,0.243252,0.3983050847457627,3766.933,1.4201839587717038,0.9901638564176864
2021-03-31,80069,ARWR,ARROWHEAD PHARMACEUTICALS INC,35,-0.03,-0.167614,-0.46602098466505254,8268.07072,1.3066644773060654,0.7401383586994725
2021-03-31,80575,SSD,SIMPSON MANUFACTURING CO INC,20,0.03,0.066667,0.2419491525423729,4223.429099999999,1.1982849021504551,0.9284690400445292
2021-03-31,81220,NSIT,INSIGHT ENTERPRISES INC,45,0.03,0.141497,0.323042776432607,2934.25977,1.7794690669845672,0.9098888822562452
2021-03-31,82307,DVA,DAVITA INC,35,0.009253121953959996,0.055197,0.2277441485068604,11173.022,1.2337039487829173,0.6608384424285697
2021-03-31,82670,TGTX,T G THERAPEUTICS INC,35,-0.02523969030942,0.101184,-0.5559322033898305,6153.449220000001,2.2505169843536676,0.9276978639912214
2021-03-31,82779,NVAX,NOVAVAX INC,35,-0.03,-0.215916,-0.48357546408393864,17078.416569999998,1.6889948743619418,0.5409910838653278
2021-03-31,82800,SCCO,SOUTHERN COPPER CORP,15,0.0034257221317400004,-0.048534,0.3568401937046005,55143.29709,1.1447301772091127,0.8579140440505602
2021-03-31,83011,WSM,WILLIAMS SONOMA INC,25,0.03,0.36489,0.4021388216303471,10055.238519999999,1.6003536892495402,1.013311101994011
2021-03-31,84172,NUS,NU SKIN ENTERPRISES INC,30,0.026728949999999998,0.033385,0.37405165456012907,2602.19592,1.25271290166833,0.9726758041224965
2021-03-31,84373,DGX,QUEST DIAGNOSTICS INC,35,0.03,0.110277,0.401775625504439,15426.063450000001,0.9835138786308238,0.7036131298420149
2021-03-31,85427,GPI,GROUP 1 AUTOMOTIVE INC,25,0.03,0.035069,0.26828087167070214,2758.55424,1.9611067178316157,1.4098171630057963
2021-03-31,85621,MTD,METTLER TOLEDO INTERNATIONAL INC,35,0.02866185,0.035491,0.28527037933817595,26124.4984,0.9350549361797696,0.7975852666656083
2021-03-31,86047,AMKR,AMKOR TECHNOLOGY INC,45,0.009732499204808785,-0.007562,0.1354317998385795,5813.44038,1.6710932920227335,1.26211767667576
2021-03-31,86444,INO,INOVIO PHARMACEUTICALS INC,35,-0.03,-0.163991,-0.4944915254237288,2304.7263,1.0092458037454228,0.5389208179057398
2021-03-31,86489,SNBR,SLEEP NUMBER CORP,25,0.01083835862401621,0.046352,0.280548829701372,3479.67375,2.022682398050698,1.1843555131403065
2021-03-31,87337,PLUG,PLUG POWER INC,20,-0.03,-0.259225,-0.7614003228410009,24311.77246,1.671034034902103,1.2349250547284536
2021-03-31,89353,JBLU,JETBLUE AIRWAYS CORP,20,-0.03,0.103608,-0.6646690879741728,5824.41447,1.5583771199966983,1.5088253195683268
2021-03-31,89533,WYNN,WYNN RESORTS LTD,25,-0.009449677182184915,-0.048308,-0.5604721549636804,15229.963949999998,2.4082295647127396,1.4295176489176324
2021-03-31,89916,NXST,NEXSTAR MEDIA GROUP INC,50,0.03,0.020911,0.20562953995157382,5967.60675,1.8000241571028266,1.4625177750718965
2021-03-31,89971,TPX,TEMPUR SEALY INTERNATIONAL INC,25,0.03,0.094256,0.2247982243744955,6860.57645,1.914289881923624,1.3675963586307625
2021-03-31,90505,LVS,LAS VEGAS SANDS CORP,25,-0.03,-0.029419999999999998,-0.5326472962066182,47816.5718,1.3979964142579562,1.0116263310747247
2021-03-31,90808,EXPE,EXPEDIA GROUP INC,25,-0.03,0.069041,-0.6317998385794997,22272.901,1.6482822084909898,1.193814647981586
2021-03-31,91041,LYV,LIVE NATION ENTERTAINMENT INC,50,-0.03,-0.047405,-0.47497982243744963,19293.01662,1.3203921751740333,1.295805556710675
2021-03-31,91103,UAL,UNITED AIRLINES HOLDINGS INC,20,-0.03,0.092228,-0.7680992736077481,16777.31568,1.5809967516078502,1.659777203214742
2021-03-31,91277,QRTEA,QURATE RETAIL INC,25,0.02957007,-0.053167,0.33946731234866834,4732.61616,1.8431873772508645,1.0477447538101738
2021-03-31,91500,EXLS,EXLSERVICE HOLDINGS INC,45,0.028970843832424303,0.065442,0.25823244552058106,2832.6545,0.9289687908033606,1.1328906871717066
2021-03-31,91594,SPR,SPIRIT AEROSYSTEMS HOLDINGS INC,20,-0.03,0.136086,-0.7169895076674738,4520.3638599999995,2.023679154723575,1.7642965118630027
2021-03-31,91915,CNK,CINEMARK HOLDINGS INC,50,-0.004992538832774287,-0.090896,-0.6254842615012107,2662.2108,2.5259507930139664,1.3808000049863662
2021-03-31,91926,DAL,DELTA AIR LINES INC,20,-0.03,0.007065,-0.6042574656981436,30592.767180000003,1.3986893853951066,1.422389684305365
2021-03-31,93035,SEM,SELECT MEDICAL HOLDINGS CORP,35,0.03,0.077382,0.20669895076674738,4267.591049999999,1.344963141057516,1.392146479807835
2021-03-31,93098,H,HYATT HOTELS CORP,25,-0.03,-0.05972,-0.5856941081517352,3453.0049500000005,1.4681325238594292,1.175266155731411
2021-03-31,93330,PRI,PRIMERICA INC,40,0.03,0.046635,0.27499999999999997,5550.76269,1.3890204985585521,1.113845776472776
2021-04-30,10874,BC,BRUNSWICK CORP,25,0.03,0.123295,0.21470238095238095,7436.18964,1.8190267316317255,1.670180658057025
2021-04-30,11809,CLH,CLEAN HARBORS INC,20,0.02961516,0.058277999999999996,0.2524603174603175,4606.23582,1.6846652614048616,1.4517324934987081
2021-04-30,11891,MGM,M G M RESORTS INTERNATIONAL,25,-0.009319015383348802,0.071847,-0.6256349206349207,18805.201960000002,2.3511716627272525,1.9687700595235158
2021-04-30,12062,LH,LABORATORY CORP AMERICA HLDGS,35,0.03,0.042491,0.38535714285714284,24890.928,1.0037419451886158,1.0361575378036674
2021-04-30,12981,FBHS,FORTUNE BRANDS HOME & SECUR INC,20,0.011211772233581878,0.095582,0.2188293650793651,13264.17096,1.5476740440936498,1.55144047348721
2021-04-30,13046,UI,UBIQUITI INC,45,0.02805951,-0.043494,0.3182936507936508,18735.9247,1.4240348078618639,0.9675053080420644
2021-04-30,13169,ZNGA,ZYNGA INC,50,-0.02747004,0.059731,-0.2409126984126984,11116.648000000001,0.14341507190675276,0.6624850187841619
2021-04-30,13262,CCXI,CHEMOCENTRYX INC,35,-0.03,-0.056806,-0.39527777777777784,3573.58008,1.5246945969021484,0.40254760168087167
2021-04-30,13379,SPLK,SPLUNK INC,45,-0.023920651440276056,-0.066887,-0.5323015873015873,22197.31416,1.2503365057325124,1.3604268595923705
2021-04-30,13688,PCG,P G & E CORP,55,-0.03,-0.033319,-0.31063492063492065,23240.64964,1.3590352996888317,0.5437755517186226
2021-04-30,13802,APAM,ARTISAN PARTNERS ASSET MGMT INC,40,0.0014209400628366314,-0.023974,0.2710119047619048,3381.7637400000003,1.8314940794241374,1.4176906959684106
2021-04-30,14044,AGIO,AGIOS PHARMACEUTICALS INC,35,-0.03,0.080544,-0.3952777777777778,3605.09168,1.6410139736074523,1.0562848222749133
2021-04-30,14054,MRTX,MIRATI THERAPEUTICS INC,35,-0.03,-0.02967,-0.34813492063492063,8800.7088,1.5013467318486775,0.5237925509546425
2021-04-30,14136,RNG,RINGCENTRAL INC,45,-0.023577805756913612,0.070719,-0.3188095238095238,23911.42336,0.7140684869941564,1.0222711999033571
2021-04-30,14159,FEYE,FIREEYE INC,45,-0.025456466573890054,0.015571,-0.37742063492063493,4666.2708,1.116508610583387,1.345767431618624
2021-04-30,14182,BURL,BURLINGTON STORES INC,25,-0.03,0.092121,-0.39396825396825397,19835.838000000003,0.9601144354566771,1.0908503458806607
2021-04-30,14328,AMC,A M C ENTERTAINMENT HOLDINGS INC,50,-0.0013554818864372558,-0.017644,-0.5668253968253969,4596.09276,1.7772260275970977,1.568073467405466
2021-04-30,14574,MC,MOELIS & CO,40,0.0003890951899942797,-0.010947,0.4508531746031746,3184.52176,1.2565965855863452,0.9615724399853176
2021-04-30,14593,AAPL,APPLE INC,45,0.016723588571474546,0.076204,0.35160714285714284,2038232.1557500002,1.1380457686213197,1.1059989209279681
2021-04-30,14696,MIK,MICHAELS COMPANIES INC,25,0.0060409242990100845,0.002721,0.04123015873015872,3106.9453399999998,3.1728796178505667,2.2611582176612246
2021-04-30,15167,SHAK,SHAKE SHACK INC,25,-0.02855337,-0.035662,-0.5498015873015872,4400.51094,1.724378892979116,1.472988955882779
2021-04-30,15272,SEDG,SOLAREDGE TECHNOLOGIES INC,45,-0.024078266940088463,-0.083162,-0.553531746031746,14937.10704,0.9702528998543299,1.670417562511856
2021-04-30,15585,TDOC,TELADOC HEALTH INC,35,-0.020664924613560003,-0.051733,-0.47067460317460313,27753.225,0.31639375976891704,0.7601194914197286
2021-04-30,15639,PRPL,PURPLE INNOVATION INC,25,-0.0226651912958078,0.076763,-0.24498015873015877,2098.4899499999997,1.315340399148905,0.6296135355845491
2021-04-30,15643,RUN,SUNRUN INC,20,-0.02899248,-0.189829,-0.6792857142857143,12311.42976,2.1240746111507898,2.018925981489088
2021-04-30,15694,PEN,PENUMBRA INC,35,-0.028538369999999997,0.13085300000000002,-0.34948412698412695,9862.37042,0.27046319216549025,0.8870794508735849
2021-04-30,16064,NTLA,INTELLIA THERAPEUTICS INC,35,-0.03,-0.043438,-0.655436507936508,5448.51195,2.130794781078675,1.5907331182789617
2021-04-30,16068,RETA,REATA PHARMACEUTICALS INC,35,-0.024463439999999996,0.017037,-0.45301587301587304,3126.592,1.4288687296920846,1.0062385323719982
2021-04-30,16119,ATKR,ATKORE INC,20,0.03,0.08872,0.31543650793650796,3352.3375,2.437989199925418,1.5842417752888915
2021-04-30,16287,EVBG,EVERBRIDGE INC,45,-0.0237243,0.095134,-0.3246031746031746,4557.822160000001,0.7583783534991436,0.9033641934452247
2021-04-30,16382,COUP,COUPA SOFTWARE INC,45,-0.02204736,0.057201,-0.4676587301587301,18540.1404,1.520822271081755,1.0700928926149575
2021-04-30,16595,SNAP,SNAP INC,50,-0.011104300016485623,0.182239,-0.32837301587301587,65518.63794000001,1.2736231742719637,1.0211073881938364
2021-04-30,16968,MDB,MONGODB INC,45,-0.02078766,0.112277,-0.21210317460317465,16362.97198,0.7747397959471324,1.0221474099759589
2021-04-30,17106,BAND,BANDWIDTH INC,50,-0.006953591074046684,0.043066,-0.3978968253968254,2899.0507599999996,0.5012542123966434,0.7170077202453025
2021-04-30,19561,BA,BOEING CO,20,-0.03,-0.080141,-0.7336904761904762,148664.7808,1.5925251546165378,2.0336239100908973
2021-04-30,21020,AAL,AMERICAN AIRLINES GROUP INC,20,-0.02871804872003774,-0.091227,-0.7323809523809525,15328.8386,1.833910540505577,2.0943076199253334
2021-04-30,27422,CLF,CLEVELAND CLIFFS INC NEW,15,-0.013810241719500604,-0.111899,-0.5636507936507936,10033.019769999999,2.286091321826474,1.6149996351033518
2021-04-30,29209,ARW,ARROW ELECTRONICS INC,45,0.03,0.029313,0.3057738095238095,8267.504459999998,1.5002013749122738,1.1790174529660933
2021-04-30,35124,CLGX,CORELOGIC INC,20,0.02621192568180781,0.005664,0.3439087301587302,5830.501749999999,1.138892206504922,1.028304149317025
2021-04-30,37568,FELE,FRANKLIN ELECTRIC INC,20,0.025667527857470816,0.029502,0.37958333333333333,3663.7632799999997,0.993065805824713,1.0639614839898055
2021-04-30,40272,IFF,INTERNATIONAL FLAVORS & FRAG INC,15,-0.0007213715416212249,0.018323,-0.2841269841269841,34741.52967,0.8982842164019712,0.9454531872517504
2021-04-30,51625,SCI,SERVICE CORP INTERNATIONAL,25,0.03,0.046803,0.39950396825396817,8646.4406,0.6088522164434712,0.9300840765224044
2021-04-30,52337,THC,TENET HEALTHCARE CORP,35,0.007840436998637498,0.139601,0.05121031746031749,5536.492,2.491923001219487,1.9762025691097918
2021-04-30,56223,LPX,LOUISIANA PACIFIC CORP,15,0.03,0.187869,0.3884325396825397,5909.041160000001,1.7782162983554186,1.572905336178595
2021-04-30,58683,LUV,SOUTHWEST AIRLINES CO,20,-0.03,0.028155,-0.6781746031746032,36066.73762,1.2013321415189342,1.3892489921783624
2021-04-30,61313,DCI,DONALDSON INC,20,0.02945235109632,0.081141,0.3410515873015873,7335.371839999999,1.2583343139472842,1.0827949790866822
2021-04-30,62092,TMO,THERMO FISHER SCIENTIFIC INC,35,0.02687502198456,0.030334,0.368968253968254,179719.24934,0.7025130325184228,0.8769780906413095
2021-04-30,64194,CHE,CHEMED CORP NEW,35,0.026653888019519997,0.0365,0.38057539682539687,7372.29406,0.45477538571392256,0.8774767127157824
2021-04-30,65307,RPM,R P M INTERNATIONAL INC,15,0.03,0.03687,0.36974206349206346,11949.96055,0.9055296532825516,0.8696324450687205
2021-04-30,75342,MTH,MERITAGE HOMES CORP,25,0.03,0.15740500000000002,0.26210317460317467,3448.10304,1.6114021126981195,1.6577870177633314
2021-04-30,77902,CAKE,CHEESECAKE FACTORY INC,25,-0.02337580121942786,0.069718,-0.549642857142857,2715.27357,1.7271528922748514,1.7898329874531347
2021-04-30,78664,DDD,3 D SYSTEMS CORP DEL,45,0.027184550026449386,-0.215029,-0.3523015873015873,3406.45648,1.5330751605185151,2.6063650550829283
2021-04-30,79637,UHS,UNIVERSAL HEALTH SERVICES INC,35,0.029142076499728095,0.112588,0.21676587301587302,10382.67743,1.1092927407849265,1.2191109706946868
2021-04-30,79878,UFPI,U F P INDUSTRIES INC,20,0.03,0.108108,0.3280357142857143,4689.79392,1.439484182555425,1.2357733517562228
2021-04-30,80069,ARWR,ARROWHEAD PHARMACEUTICALS INC,35,-0.024971579999999997,0.097256,-0.47547619047619044,6897.5662,1.2329671741220642,1.053189958688923
2021-04-30,80575,SSD,SIMPSON MANUFACTURING CO INC,20,0.03,0.086461,0.2610119047619048,4505.09763,1.1851528242507732,1.1423222965448805
2021-04-30,81220,NSIT,INSIGHT ENTERPRISES INC,45,0.03,0.051862,0.24319444444444446,3370.32982,1.8035746370482997,1.109596345441585
2021-04-30,82307,DVA,DAVITA INC,35,0.009763866526452725,0.08127,0.3061706349206349,11790.038,1.22193005078075,0.8414344444985082
2021-04-30,82670,TGTX,T G THERAPEUTICS INC,35,-0.02779354313368835,-0.072421,-0.5826388888888889,6818.7576,2.330538456609384,1.2900204796759605
2021-04-30,82779,NVAX,NOVAVAX INC,35,-0.023522519999999998,0.306753,-0.5124206349206349,13428.18122,1.6401165459130451,0.8528552141383138
2021-04-30,82800,SCCO,SOUTHERN COPPER CORP,15,0.0032594581337981312,0.022675999999999998,0.36974206349206346,52468.464510000005,1.0997649302020744,1.0544709729513568
2021-04-30,83011,WSM,WILLIAMS SONOMA INC,25,0.03,-0.043833,0.23182539682539685,13653.7856,1.6735051658675122,1.2369874446689784
2021-04-30,84172,NUS,NU SKIN ENTERPRISES INC,30,0.027621295995749997,-0.000581,0.4428769841269841,2689.13916,1.1751487265168192,1.0048339787673113
2021-04-30,84373,DGX,QUEST DIAGNOSTICS INC,35,0.03,0.032534,0.4310714285714286,17127.614700000002,0.9922325669495127,0.835091318742936
2021-04-30,85427,GPI,GROUP 1 AUTOMOTIVE INC,25,0.03,0.040356,0.2614484126984126,2855.36784,1.995574854955055,1.7909638241338837
2021-04-30,85621,MTD,METTLER TOLEDO INTERNATIONAL INC,35,0.029679087718349997,0.136381,0.27174603174603174,26951.846490000004,0.9255466329700986,0.999995505335097
2021-04-30,86047,AMKR,AMKOR TECHNOLOGY INC,45,0.009658902045822022,-0.14720899999999998,0.1591468253968254,5778.45894,1.644939893160937,1.6153575549019583
2021-04-30,86489,SNBR,SLEEP NUMBER CORP,25,0.011340738222956608,-0.220238,0.22244047619047616,3560.27388,2.0535508704506102,1.726043986683397
2021-04-30,87337,PLUG,PLUG POWER INC,20,-0.022223249999999996,-0.204534,-0.7866666666666665,20299.274240000002,1.7041923520741973,1.9381343578912782
2021-04-30,89353,JBLU,JETBLUE AIRWAYS CORP,20,-0.03,0.0009689999999999999,-0.6951984126984128,6440.39658,1.6282942392236626,1.8999824250772874
2021-04-30,89533,WYNN,WYNN RESORTS LTD,25,-0.008993182176867925,0.024155,-0.4513888888888889,14498.664390000002,2.4022611991916927,1.7857359625904636
2021-04-30,89916,NXST,NEXSTAR MEDIA GROUP INC,50,0.03,0.049691,0.24902777777777782,6002.53992,1.8573775970265354,1.6875827746225944
2021-04-30,89946,AEL,AMERICAN EQUITY INVT LIFE HLDG C,40,0.018189964747169093,-0.017458,-0.047698412698412705,3009.03402,1.2448928375656556,2.2698930548437946
2021-04-30,89971,TPX,TEMPUR SEALY INTERNATIONAL INC,25,0.03,0.043203,0.2656150793650794,7376.638080000001,1.95451107238407,1.3405752228050003
2021-04-30,90505,LVS,LAS VEGAS SANDS CORP,25,-0.029117399999999998,0.008215,-0.5079761904761905,46411.100679999996,1.391028434754157,1.318482906391806
2021-04-30,90808,EXPE,EXPEDIA GROUP INC,25,-0.03,0.023865,-0.6463095238095239,24327.785040000002,1.683198065334114,1.540054704420054
2021-04-30,91041,LYV,LIVE NATION ENTERTAINMENT INC,50,-0.02857785,-0.032737,-0.4540476190476191,18457.67855,1.3460207501063892,1.6009835607847753
2021-04-30,91103,UAL,UNITED AIRLINES HOLDINGS INC,20,-0.03,-0.054585,-0.7828968253968255,18618.62058,1.611829943167726,2.1374047716516458
2021-04-30,91277,QRTEA,QURATE RETAIL INC,25,0.027997918088310002,0.011891,0.3180952380952381,4495.0836,1.8827941080351813,1.490553020447886
2021-04-30,91500,EXLS,EXLSERVICE HOLDINGS INC,45,0.03,0.024609,0.26188492063492064,3022.79432,0.9176918020181651,1.2120234672527166
2021-04-30,91915,CNK,CINEMARK HOLDINGS INC,50,-0.004538737023030436,0.038693,-0.6006349206349206,2420.2994400000002,2.532648176978993,1.5969635669717344
2021-04-30,91926,DAL,DELTA AIR LINES INC,20,-0.03,-0.028183,-0.5840079365079366,30809.737160000004,1.4298728055152734,1.7785380960996295
2021-04-30,91977,BGS,B & G FOODS INC NEW,30,-0.001755359484971148,-0.060542,0.0669246031746032,2008.74338,0.44274550944629487,0.17256841323009942
2021-04-30,93035,SEM,SELECT MEDICAL HOLDINGS CORP,35,0.03,0.106144,0.2648214285714286,4598.0099,1.3006571307351984,1.643011636790336
2021-04-30,93098,H,HYATT HOTELS CORP,25,-0.028208399999999998,-0.004488,-0.5576984126984127,3246.8847000000005,1.465163503067919,1.5402350668632327
2021-04-30,93330,PRI,PRIMERICA INC,40,0.03,0.080828,0.27273809523809517,5815.83008,1.4100043330128846,1.2529572430285392
2021-05-31,10874,BC,BRUNSWICK CORP,25,0.03,-0.042728999999999996,0.3683195592286502,8353.14036,1.8304978011951245,1.5740332143081284
2021-05-31,11809,CLH,CLEAN HARBORS INC,20,0.03,0.046533000000000005,0.2234946871310508,4908.101119999999,1.6815359405037318,1.4202325686397141
2021-05-31,11891,MGM,M G M RESORTS INTERNATIONAL,25,-0.009988558681596264,0.052795,-0.5666273120818576,20156.56288,2.3434534195878256,2.0779613237935695
2021-05-31,12062,LH,LABORATORY CORP AMERICA HLDGS,35,0.03,0.032379000000000005,0.4125934671389217,25959.812670000003,1.0041057556110635,0.9460397744278398
2021-05-31,12981,FBHS,FORTUNE BRANDS HOME & SECUR INC,20,0.012283415847212101,-0.014908,0.2703463203463204,14532.17144,1.5550172257061963,1.4260230198472048
2021-05-31,13046,UI,UBIQUITI INC,45,0.026839089672059998,0.058227,0.3395120031483668,17921.29197,1.3887798955279762,1.0582672408826133
2021-05-31,13169,ZNGA,ZYNGA INC,50,-0.02911085295924,0.001843,-0.2695592286501377,11780.415659999999,0.1512270840930127,0.7732314054508551
2021-05-31,13262,CCXI,CHEMOCENTRYX INC,35,-0.03,-0.789991,-0.4276859504132231,3371.0175,1.4682830071959583,0.4565591295079652
2021-05-31,13379,SPLK,SPLUNK INC,45,-0.02232067082739031,-0.041296,-0.5406139315230224,20722.38714,1.216971161092394,1.4470414624117451
2021-05-31,13688,PCG,P G & E CORP,55,-0.03,-0.104245,-0.369185360094451,22471.39992,1.339659996548477,0.4993080581694296
2021-05-31,13748,TPH,TRI POINTE HOMES INC,25,0.03,0.01259,0.32245179063360885,2820.85968,1.469461220604656,1.7948523976372976
2021-05-31,13802,APAM,ARTISAN PARTNERS ASSET MGMT INC,40,0.001386874445770186,0.020443,0.26005509641873276,3300.73624,1.804124927878309,1.5628513460791729
2021-05-31,14044,AGIO,AGIOS PHARMACEUTICALS INC,35,-0.007546096821470519,-0.000363,-0.28256591892955535,3435.8291999999997,1.6504722353755228,1.2197434496652653
2021-05-31,14054,MRTX,MIRATI THERAPEUTICS INC,35,-0.03,-0.048555,-0.4013380558835105,8550.3568,1.4587103911223405,0.5867671067408067
2021-05-31,14136,RNG,RINGCENTRAL INC,45,-0.025245204602236785,-0.177086,-0.33248720975993706,25602.7544,0.717498585095138,1.1103798974446153
2021-05-31,14159,FEYE,FIREEYE INC,45,-0.025852849214912096,0.12553,-0.3722353404171586,4739.094375,1.107269980977549,1.562546078393957
2021-05-31,14182,BURL,BURLINGTON STORES INC,25,-0.03,-0.009075999999999999,-0.33347107438016527,21714.97719,0.9673559286539448,1.1341448105157423
2021-05-31,14328,AMC,A M C ENTERTAINMENT HOLDINGS INC,50,-0.001331565764032957,1.604182,-0.5971271153089335,4516.3084,1.7358543380434444,1.8208997377206704
2021-05-31,14593,AAPL,APPLE INC,45,0.01799799291497519,-0.050511,0.3489964580873672,2193755.9712600005,1.1345483964525915,1.2429596070588234
2021-05-31,14716,CCS,CENTURY COMMUNITIES INC,25,0.006675092829487486,0.100617,0.2919716646989375,2492.3695199999997,1.9180385486548326,1.8154459091839237
2021-05-31,15167,SHAK,SHAKE SHACK INC,25,-0.027535099719060003,-0.135821,-0.4973829201101928,4243.6425,1.6906138758939846,1.5777048002059963
2021-05-31,15272,SEDG,SOLAREDGE TECHNOLOGIES INC,45,-0.022075870104816826,-0.020989,-0.5640495867768596,13697.75504,0.92660499519057,1.8534260431977865
2021-05-31,15585,TDOC,TELADOC HEALTH INC,35,-0.0195958660685267,-0.126318,-0.42363242817788266,26591.709149999995,0.2915885537484652,0.8660922116371957
2021-05-31,15639,PRPL,PURPLE INNOVATION INC,25,-0.02440503937524789,-0.16315100000000002,-0.2568476977567887,2259.6062399999996,1.3127181969855963,1.1630314569136342
2021-05-31,15643,RUN,SUNRUN INC,20,-0.02348886651408,-0.087352,-0.6807556080283353,9992.57,2.0451700412880487,2.3042940813012507
2021-05-31,15694,PEN,PENUMBRA INC,35,-0.03,-0.185893,-0.42599370326643043,11163.12718,0.29852064369053966,1.0114607276873298
2021-05-31,16064,NTLA,INTELLIA THERAPEUTICS INC,35,-0.02869686,-0.023842000000000002,-0.6836088154269973,5232.18258,2.0890948253300587,1.8604722501393387
2021-05-31,16068,RETA,REATA PHARMACEUTICALS INC,35,-0.024880223627279995,0.34851600000000005,-0.4977764659582841,3180.7152,1.403622835165564,1.1699596911035333
2021-05-31,16119,ATKR,ATKORE INC,20,0.03,-0.013802,0.3476190476190476,3649.805,2.429454252184262,1.6703433086406667
2021-05-31,16287,EVBG,EVERBRIDGE INC,45,-0.0259812875562,-0.11461600000000001,-0.3576151121605667,4991.488520000001,0.7648767025522731,1.053237065937917
2021-05-31,16290,FLGT,FULGENT GENETICS INC,35,0.01964799577040431,-0.038307,0.10413223140495866,2233.9651,1.5369544323915465,1.7580170999425044
2021-05-31,16382,COUP,COUPA SOFTWARE INC,45,-0.03,-0.114635,-0.4682211727666273,19765.023600000004,1.509997373469088,1.1771872863666266
2021-05-31,16595,SNAP,SNAP INC,50,-0.013127936547189946,0.004848,-0.4251279024006297,78401.54586,1.3042609621603505,1.0375713843822356
2021-05-31,16649,OKTA,OKTA INC,45,-0.009815672333029789,-0.175237,-0.3973632428177882,33727.6032,0.9778678537407528,1.0207466128501608
2021-05-31,16968,MDB,MONGODB INC,45,-0.023121636101819998,-0.018562000000000002,-0.2474616292798111,18471.076159999997,0.7811420036313468,1.2016834135243761
2021-05-31,17106,BAND,BANDWIDTH INC,50,-0.007253054427241579,-0.105224,-0.4062180243998426,3024.6038,0.4939435384653934,0.8276077918097378
2021-05-31,21020,AAL,AMERICAN AIRLINES GROUP INC,20,-0.026098187289454858,0.116017,-0.6452774498229044,13930.83876,1.7881565931404277,2.2979268051157504
2021-05-31,27422,CLF,CLEVELAND CLIFFS INC NEW,15,-0.012264889481330206,0.126535,-0.5270169224714679,8919.31972,2.2466213933762136,1.8819036292062525
2021-05-31,29209,ARW,ARROW ELECTRONICS INC,45,0.03,0.054874,0.30141676505312864,8449.963389999999,1.490016231397876,1.2197298579765352
2021-05-31,35124,CLGX,CORELOGIC INC,20,0.026360390028869564,-0.0025139999999999997,0.3136953955135772,5863.6087,1.1255814204270687,1.0246449508442683
2021-05-31,37568,FELE,FRANKLIN ELECTRIC INC,20,0.026424771264321918,0.034341,0.5322314049586777,3777.34833,0.9862735321049751,1.0505437637833424
2021-05-31,40272,IFF,INTERNATIONAL FLAVORS & FRAG INC,15,-0.0007345892323783507,-0.003522,-0.2867375049193231,35378.57799,0.89465986145175,0.9805545128137707
2021-05-31,51625,SCI,SERVICE CORP INTERNATIONAL,25,0.03,-0.007864,0.3703463203463203,9051.23968,0.6144470454080712,0.9441451432864022
2021-05-31,52337,THC,TENET HEALTHCARE CORP,35,0.008934969844084293,0.129087,-0.04451003541912633,6309.47146,2.5027347360123575,1.969201276316053
2021-05-31,56223,LPX,LOUISIANA PACIFIC CORP,15,0.03,0.022661999999999998,0.3300078709169618,7019.25048,1.804471465906866,1.598707677659516
2021-05-31,58683,LUV,SOUTHWEST AIRLINES CO,20,-0.03,-0.021031,-0.47558048012593473,37126.64806,1.1950590160525105,1.532941654650768
2021-05-31,61313,DCI,DONALDSON INC,20,0.03,-0.02052,0.3377016922471468,7930.67712,1.2657414105341236,1.104963339572817
2021-05-31,62092,TMO,THERMO FISHER SCIENTIFIC INC,35,0.027690248901439642,-0.001557,0.326879181424636,184808.38391,0.6987698070483279,0.9346958071418153
2021-05-31,64194,CHE,CHEMED CORP NEW,35,0.027626754932232475,0.031609000000000005,0.22264856355765447,7641.488130000001,0.45237653416317997,0.8317030824256947
2021-05-31,75342,MTH,MERITAGE HOMES CORP,25,0.03,0.012026,0.15714285714285717,4026.54233,1.630181754972092,1.6309981645339207
2021-05-31,77699,FCEL,FUELCELL ENERGY INC,20,-0.019092247101582662,0.011324,-0.6112947658402205,3131.4070300000003,4.359714913196559,1.7454300645717278
2021-05-31,78664,DDD,3 D SYSTEMS CORP DEL,45,0.021339083418812,0.365362,-0.3722746950019677,2690.28138,1.4533842939521744,3.021003678503464
2021-05-31,79637,UHS,UNIVERSAL HEALTH SERVICES INC,35,0.03,0.075596,0.20171192443919714,11556.835109999998,1.130927515353952,1.216708758377629
2021-05-31,79878,UFPI,U F P INDUSTRIES INC,20,0.020866384633705742,-0.052003999999999995,0.1729043683589138,5196.86552,1.445309979248927,1.2635837685354672
2021-05-31,80069,ARWR,ARROWHEAD PHARMACEUTICALS INC,35,-0.027400215984479996,-0.002204,-0.47449822904368355,7573.2246000000005,1.2302800925054134,1.1816586041038597
2021-05-31,80306,BCRX,BIOCRYST PHARMACEUTICALS INC,35,-0.03,0.35538800000000004,-0.6298110979929162,2067.49296,2.69887282094149,1.3063649527328225
2021-05-31,80575,SSD,SIMPSON MANUFACTURING CO INC,20,0.03,-0.003377,0.3553128689492326,4894.6737,1.1911770989793053,1.1144197784245484
2021-05-31,82670,TGTX,T G THERAPEUTICS INC,35,-0.025780706946403505,-0.22009,-0.5888036206218024,6325.03428,2.26960082430199,1.4614108458697883
2021-05-31,82779,NVAX,NOVAVAX INC,35,-0.03,-0.37695199999999995,-0.5317001180637544,17555.09142,1.684147450434739,1.0034220586895093
2021-05-31,82800,SCCO,SOUTHERN COPPER CORP,15,0.0033333696064401373,0.013492,0.41780794962613144,53658.996929999994,1.0923347598991437,1.1518193605366638
2021-05-31,83011,WSM,WILLIAMS SONOMA INC,25,0.028685009999999997,-0.007091,0.27634789452971276,13009.954749999999,1.6412727475650581,1.24122600617396
2021-05-31,84172,NUS,NU SKIN ENTERPRISES INC,30,0.027605248022776464,0.14523,0.427784336875246,2650.08324,1.1630072632215067,1.1081004639993546
2021-05-31,84373,DGX,QUEST DIAGNOSTICS INC,35,0.03,-0.0015970000000000001,0.42939787485242037,17228.53944,0.9900366958044442,0.7896489624721843
2021-05-31,84588,MTN,VAIL RESORTS INC,25,-0.013956510469940349,0.005285000000000001,-0.39088941361668633,13089.64096,1.2474047064610874,1.1433986970146819
2021-05-31,85427,GPI,GROUP 1 AUTOMOTIVE INC,25,0.03,-0.026504000000000003,0.2993703266430538,2979.99648,1.9851211206843198,1.8924287834281759
2021-05-31,85621,MTD,METTLER TOLEDO INTERNATIONAL INC,35,0.03,-0.009424,0.23667847304210937,30627.93572,0.9484487670115288,0.9987710631360749
2021-05-31,86047,AMKR,AMKOR TECHNOLOGY INC,45,0.00823702473455861,0.043516,0.16967729240456514,4937.400479999999,1.579998861149001,1.8086987277697033
2021-05-31,86489,SNBR,SLEEP NUMBER CORP,25,0.008843076718209091,-0.00358,0.16589925226288865,2776.21468,1.9711554847605168,1.4848275665104012
2021-05-31,87337,PLUG,PLUG POWER INC,20,-0.017677839784499997,0.07680999999999999,-0.7892955529319166,16202.74618,1.6121412883044814,2.266926907077129
2021-05-31,89353,JBLU,JETBLUE AIRWAYS CORP,20,-0.03,-0.012775,-0.5544077134986226,6446.7293199999995,1.6103805250785819,2.078862011653305
2021-05-31,89533,WYNN,WYNN RESORTS LTD,25,-0.009210412492350169,0.02702,-0.5518890200708383,14850.487200000001,2.380543688798416,1.8748236825605968
2021-05-31,89916,NXST,NEXSTAR MEDIA GROUP INC,50,0.03,0.035403000000000004,0.2633412042502952,6316.37109,1.851373015216019,1.6076706727758132
2021-05-31,89946,AEL,AMERICAN EQUITY INVT LIFE HLDG C,40,0.02089236508234235,-0.015499,-0.007319952774498246,2957.75354,1.2187313519626053,2.4746207135572007
2021-05-31,89971,TPX,TEMPUR SEALY INTERNATIONAL INC,25,0.03,0.011401,0.2420503738685557,7695.43152,1.9413953055964992,1.249474017323467
2021-05-31,90505,LVS,LAS VEGAS SANDS CORP,25,-0.029356599441,-0.057302,-0.4089925226288863,46800.4959,1.3734435181387035,1.3808669309426271
2021-05-31,90808,EXPE,EXPEDIA GROUP INC,25,-0.03,0.004081,-0.6138528138528139,24927.20481,1.6728614458544149,1.6410179702617262
2021-05-31,91041,LYV,LIVE NATION ENTERTAINMENT INC,50,-0.02446223592763297,0.100508,-0.4955529319165683,17905.76404,1.3162032292442387,1.6197475624793194
2021-05-31,91103,UAL,UNITED AIRLINES HOLDINGS INC,20,-0.028362449999999997,0.07260499999999999,-0.6470090515545062,17602.6432,1.5726464739293418,2.276811766712029
2021-05-31,91277,QRTEA,QURATE RETAIL INC,25,0.028330841332298098,0.145373,0.3580086580086581,4516.7997,1.86865537180748,1.5814105195549537
2021-05-31,91500,EXLS,EXLSERVICE HOLDINGS INC,45,0.03,0.10391399999999999,0.42796143250688706,3090.85004,0.9104495474365418,1.201986135195598
2021-05-31,91575,HRI,HERC HOLDINGS INC,20,0.03,0.0892,0.18516332152695789,3126.6048,2.9837092001107215,2.238240345807111
2021-05-31,91915,CNK,CINEMARK HOLDINGS INC,50,-0.004714354374662553,0.068863,-0.6300669027941755,2534.248,2.5171781209605073,1.7390270228254683
2021-05-31,91926,DAL,DELTA AIR LINES INC,20,-0.02915451,0.016193,-0.5692640692640693,30012.894119999997,1.4026920562825174,1.907779736981594
2021-05-31,92775,TREE,LENDINGTREE INC,40,-0.0022792395281125313,-0.00601,-0.4356749311294766,2748.3819000000003,1.5039211162839132,1.3408943730760279
2021-05-31,93035,SEM,SELECT MEDICAL HOLDINGS CORP,35,0.03,0.065832,0.25517512790240066,5086.12708,1.315130622633557,1.6400934373226268
2021-05-31,93098,H,HYATT HOTELS CORP,25,-0.0280818007008,-0.051627,-0.5213695395513577,3270.39459,1.4459515147777495,1.6337844329871718
2021-05-31,93330,PRI,PRIMERICA INC,40,0.03,0.018265,0.24921290830381743,6297.17478,1.4157585304948102,1.273034856381447
2021-06-30,10874,BC,BRUNSWICK CORP,25,0.028718129999999998,-0.025535000000000002,0.3019825072886298,7963.51254,1.8351339935255855,1.4692923738930967
2021-06-30,11809,CLH,CLEAN HARBORS INC,20,0.03,0.000426,0.16134110787172012,5080.001499999999,1.6759802660374814,1.3411782513135087
2021-06-30,11891,MGM,M G M RESORTS INTERNATIONAL,25,-0.010515904637191138,-0.005078999999999999,-0.5501068999028182,21029.278319999998,2.3366117685976877,1.9839432147924208
2021-06-30,12062,LH,LABORATORY CORP AMERICA HLDGS,35,0.03,0.004987,0.3831486880466473,26800.501680000005,1.0013020327027657,0.924451359796056
2021-06-30,12476,TRGP,TARGA RESOURCES CORP,10,0.010025582124882648,0.143846,0.2644509232264334,8885.5333,2.9901836407005105,1.6980012102037565
2021-06-30,12981,FBHS,FORTUNE BRANDS HOME & SECUR INC,20,0.012100294683761862,-0.034416999999999996,0.19708454810495626,14280.232479999999,1.5548559965686157,1.3010488655150472
2021-06-30,13046,UI,UBIQUITI INC,45,0.028401849346395037,0.035383000000000005,0.2265889212827988,18939.67728,1.3836718850855927,1.0489433159267803
2021-06-30,13169,ZNGA,ZYNGA INC,50,-0.02916450426124388,-0.019377000000000002,-0.29603498542274054,11802.19092,0.15188749525255896,0.7848117405945967
2021-06-30,13379,SPLK,SPLUNK INC,45,-0.03,0.1929,-0.586103012633625,19866.740400000002,1.2188052282139767,1.4358704022351614
2021-06-30,13688,PCG,P G & E CORP,55,-0.03,0.0029549999999999997,-0.3571039844509233,20128.974840000003,1.345995391420195,0.4712862931282598
2021-06-30,13748,TPH,TRI POINTE HOMES INC,25,0.03,-0.11153,0.30161321671525754,2856.3868800000005,1.4690679530875341,1.766357621749257
2021-06-30,13802,APAM,ARTISAN PARTNERS ASSET MGMT INC,40,0.0014152263200650657,-0.005094,0.24843537414965983,3311.10776,1.8020412871056735,1.591775427603604
2021-06-30,14054,MRTX,MIRATI THERAPEUTICS INC,35,-0.03,0.021367999999999998,-0.4307871720116618,8135.236,1.4740502736197068,0.5752838889195256
2021-06-30,14136,RNG,RINGCENTRAL INC,45,-0.020774632300045084,0.107094,-0.35924198250728867,21194.714970000005,0.7385851150482636,1.1246766579423957
2021-06-30,14159,FEYE,FIREEYE INC,45,-0.029098157376860008,-0.096115,-0.4026433430515063,5334.01465,1.0982191788778768,1.5818287968098086
2021-06-30,14176,XLRN,ACCELERON PHARMA INC,35,-0.03,-0.04126,-0.419047619047619,7944.892109999999,0.38437699536344855,0.7527961116814761
2021-06-30,14593,AAPL,APPLE INC,45,0.01708889629484688,0.099105,0.366997084548105,2079445.69891,1.139949920202447,1.3103933221345667
2021-06-30,14716,CCS,CENTURY COMMUNITIES INC,25,0.007346720644712028,-0.18086,0.2831292517006803,2744.29636,1.909604892877582,1.8436389065123002
2021-06-30,15167,SHAK,SHAKE SHACK INC,25,-0.03,0.13874899999999998,-0.5737414965986395,3674.99392,1.703381130985097,1.658882296485949
2021-06-30,15272,SEDG,SOLAREDGE TECHNOLOGIES INC,45,-0.021612519667186827,0.071156,-0.6173760932944606,13410.32776,0.9393526033688613,1.9004898108062427
2021-06-30,15585,TDOC,TELADOC HEALTH INC,35,-0.017120555458482546,0.104326,-0.44454810495626823,23268.525080000003,0.31138179799292737,0.8914226743227177
2021-06-30,15694,PEN,PENUMBRA INC,35,-0.02442321,0.10015299999999999,-0.385092322643343,9088.03102,0.32076027583057376,1.0317761807509265
2021-06-30,16064,NTLA,INTELLIA THERAPEUTICS INC,35,-0.02801266946388,1.1605240000000001,-0.6755490767735665,5107.46076,2.083684985419352,1.9278732410093744
2021-06-30,16068,RETA,REATA PHARMACEUTICALS INC,35,-0.03,0.035026,-0.6365597667638484,4289.26032,1.3759952192209877,1.2817004983399054
2021-06-30,16119,ATKR,ATKORE INC,20,0.029585939999999998,-0.080315,0.29094266277939745,3627.1648000000005,2.4318449311014443,1.6019380456566972
2021-06-30,16287,EVBG,EVERBRIDGE INC,45,-0.023003416301658582,0.158124,-0.23311953352769674,4425.049999999999,0.7789922681626441,0.9970114421817192
2021-06-30,16290,FLGT,FULGENT GENETICS INC,35,0.018895339996427434,0.245169,0.15059280855199214,2148.40035,1.5446743758530717,1.779472541888708
2021-06-30,16382,COUP,COUPA SOFTWARE INC,45,-0.026560949999999996,0.10037399999999999,-0.43560738581146746,17499.363,1.5235848682317477,1.1920560310137334
2021-06-30,16595,SNAP,SNAP INC,50,-0.013191580783570722,0.09690499999999999,-0.4429154518950437,78782.01276,1.30542494681218,1.0974201270019461
2021-06-30,16649,OKTA,OKTA INC,45,-0.008095603360406647,0.099978,-0.4068804664723032,27817.45664,0.9987411493583443,1.0797929953362801
2021-06-30,16968,MDB,MONGODB INC,45,-0.02081943634046186,0.238333,-0.25218658892128276,18128.306239999998,0.7881992736434795,1.241339484871905
2021-06-30,17106,BAND,BANDWIDTH INC,50,-0.006489859028189511,0.165944,-0.3666861030126336,2706.3569100000004,0.5082645053434701,0.8622451161040702
2021-06-30,17341,ZS,ZSCALER INC,45,-0.03,0.11256,-0.44861030126336254,26602.875399999997,0.8832979006206644,1.029172953357272
2021-06-30,21020,AAL,AMERICAN AIRLINES GROUP INC,20,-0.029126020684215544,-0.125004,-0.6532361516034986,15547.12392,1.778195509983258,2.266731476736818
2021-06-30,27422,CLF,CLEVELAND CLIFFS INC NEW,15,-0.013816827271850324,0.07156699999999999,-0.5702429543245869,10047.96824,2.24342675850388,1.977624276786378
2021-06-30,29209,ARW,ARROW ELECTRONICS INC,45,0.03,-0.054021999999999994,0.2317201166180758,8924.63544,1.4838071503769032,1.1748406281743327
2021-06-30,35124,CLGX,CORELOGIC INC,20,0.026294120008336985,0.006285000000000001,0.2650728862973761,5852.630999999999,1.1253964986411475,1.0061275332519928
2021-06-30,37568,FELE,FRANKLIN ELECTRIC INC,20,0.027332224334309995,-0.038984,0.40892128279883383,3899.12331,0.9825300971540649,1.008990212554913
2021-06-30,40272,IFF,INTERNATIONAL FLAVORS & FRAG INC,15,-0.0007320020091019141,0.060031,-0.30254616132167156,35264.496399999996,0.8925244851321326,1.0070484589508184
2021-06-30,49429,DDS,DILLARDS INC,25,0.0031549377620937354,0.372393,0.34703595724003883,2359.34226,0.8622623542287019,1.7602174175631928
2021-06-30,51625,SCI,SERVICE CORP INTERNATIONAL,25,0.02976408,0.014681999999999999,0.36167152575315836,8914.83582,0.6154359140931798,0.9187104231558062
2021-06-30,52337,THC,TENET HEALTHCARE CORP,35,0.010088358296347601,0.001192,-0.057376093294460646,7145.3189,2.4943685113973078,1.8293654718900567
2021-06-30,56223,LPX,LOUISIANA PACIFIC CORP,15,0.03,-0.102965,0.296268221574344,6872.424129999999,1.8019099242855494,1.6182407031625181
2021-06-30,57808,VSH,VISHAY INTERTECHNOLOGY INC,45,0.015878502602469428,-0.059169,0.3274829931972789,3194.35377,1.3782451396896525,1.481306422253302
2021-06-30,58683,LUV,SOUTHWEST AIRLINES CO,20,-0.029369069999999997,-0.13619,-0.4535082604470359,36346.030419999996,1.1986491719227275,1.3931620780103409
2021-06-30,61313,DCI,DONALDSON INC,20,0.029384399999999998,0.035145,0.3001749271137025,7767.97716,1.2673635041123845,1.0644951647799623
2021-06-30,62092,TMO,THERMO FISHER SCIENTIFIC INC,35,0.0276471351839001,0.075074,0.3771622934888242,184526.646,0.6992134016120252,0.9508687666851623
2021-06-30,64194,CHE,CHEMED CORP NEW,35,0.02850000902888541,-0.034277999999999996,0.2369290573372206,7836.873,0.4516965829886611,0.8278213402820942
2021-06-30,75342,MTH,MERITAGE HOMES CORP,25,0.03,-0.126223,0.15710398445092316,4074.9864900000002,1.6285242672269398,1.598127108046733
2021-06-30,76095,HOLX,HOLOGIC INC,35,0.024861947167453213,0.058036000000000004,0.3912147716229348,16158.05298,1.1335578168271216,1.1147080896083705
2021-06-30,77699,FCEL,FUELCELL ENERGY INC,20,-0.019308447707760985,-0.09369000000000001,-0.6588143828960156,3166.88126,4.355114747896001,1.8391673344770676
2021-06-30,78664,DDD,3 D SYSTEMS CORP DEL,45,0.03,0.359058,-0.15918367346938772,3677.7205,1.4307753524343092,3.1574152770021926
2021-06-30,79637,UHS,UNIVERSAL HEALTH SERVICES INC,35,0.03,-0.081552,0.1898153547133139,12446.670359999998,1.1230873054004389,1.1489761110653964
2021-06-30,80069,ARWR,ARROWHEAD PHARMACEUTICALS INC,35,-0.027339825908450202,0.140767,-0.3799611273080661,7556.570999999999,1.2374137699247025,1.2009626746815416
2021-06-30,80306,BCRX,BIOCRYST PHARMACEUTICALS INC,35,-0.03,0.002532,-0.5532167152575315,2802.26592,2.667522009182949,1.311250729835092
2021-06-30,80575,SSD,SIMPSON MANUFACTURING CO INC,20,0.02989869,-0.014516000000000001,0.3313508260447036,4878.169919999999,1.1914369969923242,1.1134143399735537
2021-06-30,82670,TGTX,T G THERAPEUTICS INC,35,-0.02010663115456956,0.112414,-0.5010689990281827,4932.989159999999,2.301826281986372,1.3280277990743368
2021-06-30,82779,NVAX,NOVAVAX INC,35,-0.01869144,0.438216,-0.4090184645286686,10937.75628,1.7226398349415941,0.9521480283329762
2021-06-30,82800,SCCO,SOUTHERN COPPER CORP,15,0.003378343429170228,-0.077721,0.3658114674441205,53914.11102,1.0962641433026745,1.1867842036446261
2021-06-30,83011,WSM,WILLIAMS SONOMA INC,25,0.028481604594089997,-0.058337999999999994,0.34796890184645285,12917.761219999999,1.6466676680665455,1.2310026041577355
2021-06-30,84172,NUS,NU SKIN ENTERPRISES INC,30,0.022913567393796925,-0.058348,0.263245869776482,3010.52672,1.1506779141393555,0.9753475989995507
2021-06-30,84373,DGX,QUEST DIAGNOSTICS INC,35,0.02995209,0.002274,0.3784450923226433,17201.10546,0.9900452139363829,0.7903350252880535
2021-06-30,84588,MTN,VAIL RESORTS INC,25,-0.03,-0.031698,-0.3890379008746355,13158.88128,1.2478452273985776,1.1021567700338069
2021-06-30,85002,SRPT,SAREPTA THERAPEUTICS INC,35,-0.03,0.027622999999999998,-0.5705539358600583,6034.978750000001,1.4758500180686445,1.0928539033089528
2021-06-30,85427,GPI,GROUP 1 AUTOMOTIVE INC,25,0.02920488,-0.031668999999999996,0.2947327502429543,2896.63524,1.9903416693565001,1.7437684133528144
2021-06-30,85621,MTD,METTLER TOLEDO INTERNATIONAL INC,35,0.02971728,0.06486399999999999,0.379047619047619,30271.805549999997,0.9498041193821525,0.9961907732220349
2021-06-30,86047,AMKR,AMKOR TECHNOLOGY INC,45,0.00859546710290766,0.123832,0.18682215743440236,5152.2824,1.575079069652763,1.8630441912944775
2021-06-30,87337,PLUG,PLUG POWER INC,20,-0.01903567465834744,0.113677,-0.8035957240038873,17447.3626,1.6144783916526817,2.4113355759056305
2021-06-30,88351,INSM,INSMED INC,35,-0.023967827687631452,0.156907,-0.5518561710398445,2828.8032000000003,2.3364480082342536,1.137591010465577
2021-06-30,89301,GME,GAMESTOP CORP NEW,25,-0.002388741369959528,-0.035408999999999996,-0.35615160349854225,15711.384000000002,0.8139556666534248,1.079338097719464
2021-06-30,89353,JBLU,JETBLUE AIRWAYS CORP,20,-0.02961675,-0.165178,-0.5686491739552963,6364.403700000001,1.6137275081567646,2.0218831804668604
2021-06-30,89533,WYNN,WYNN RESORTS LTD,25,-0.00945927783789347,-0.072576,-0.5548104956268222,15251.82046,2.3749929222508825,1.869885260965811
2021-06-30,89916,NXST,NEXSTAR MEDIA GROUP INC,50,0.03,-0.026533,0.13065111758989306,6509.191589999999,1.8482581305611847,1.502319328259342
2021-06-30,89946,AEL,AMERICAN EQUITY INVT LIFE HLDG C,40,0.020568554315931128,0.059668000000000006,-0.023090379008746355,2910.554,1.2162759140315091,2.3483295671716973
2021-06-30,90319,GOOGL,ALPHABET INC,50,0.0008058293692165576,0.036036000000000006,0.29088435374149657,708815.56695,0.9401684926826194,1.1414039007355776
2021-06-30,90505,LVS,LAS VEGAS SANDS CORP,25,-0.02767440757983182,-0.087623,-0.4200388726919339,44118.97875,1.3781907349853089,1.3325477202727174
2021-06-30,90808,EXPE,EXPEDIA GROUP INC,25,-0.03,-0.074827,-0.5669387755102041,25029.04665,1.6737436739696245,1.5635394378754524
2021-06-30,91041,LYV,LIVE NATION ENTERTAINMENT INC,50,-0.026920886336247504,-0.027970000000000002,-0.5340524781341108,19705.525129999998,1.3050121547633946,1.528740248449306
2021-06-30,91103,UAL,UNITED AIRLINES HOLDINGS INC,20,-0.03,-0.10386000000000001,-0.6583673469387755,18880.776299999998,1.5661692328393928,2.1241740471970276
2021-06-30,91277,QRTEA,QURATE RETAIL INC,25,0.03,-0.039623,0.23243926141885327,5173.44369,1.853259143532012,1.6247985624011643
2021-06-30,91500,EXLS,EXLSERVICE HOLDINGS INC,45,0.03,0.041965,0.35416909620991255,3412.04684,0.899342217313715,1.0809084386396814
2021-06-30,91575,HRI,HERC HOLDINGS INC,20,0.03,-0.025652,0.157201166180758,3405.5121599999998,2.975696215061341,1.9814868083761827
2021-06-30,91915,CNK,CINEMARK HOLDINGS INC,50,-0.00503899895996494,-0.031337,-0.6063945578231295,2708.79906,2.5080827934438523,1.7505874965979011
2021-06-30,91926,DAL,DELTA AIR LINES INC,20,-0.02962660898043,-0.09270500000000001,-0.5766180758017493,30498.368960000003,1.399451380703083,1.8266662856949996
2021-06-30,92775,TREE,LENDINGTREE INC,40,-0.002265541298548575,0.032298,-0.46452866861030134,2731.8775,1.508205478846025,1.431536362537793
2021-06-30,93035,SEM,SELECT MEDICAL HOLDINGS CORP,35,0.03,0.054650000000000004,0.2727113702623906,5402.99873,1.3121942868771392,1.5292771462020949
2021-06-30,93098,H,HYATT HOTELS CORP,25,-0.026632021576019797,-0.005639,-0.4552575315840622,3212.9919999999997,1.4522876793015882,1.5582970809691004
2021-06-30,93330,PRI,PRIMERICA INC,40,0.03,-0.055918999999999996,0.29784256559766764,6397.237980000001,1.411391311418646,1.2479536964258962
2021-07-31,10032,PLXS,PLEXUS CORP,45,0.009199792503854326,-0.011955,0.4230739761713213,2613.77754,1.143685484670342,1.2276769853634502
2021-07-31,10874,BC,BRUNSWICK CORP,25,0.02798481255045,0.047950999999999994,0.31442746044515957,7760.19876,1.822106693231177,1.541106751721286
2021-07-31,11809,CLH,CLEAN HARBORS INC,20,0.025424965152794958,0.019939000000000002,0.16681990575795888,5082.1840999999995,1.6745568200052972,1.358083487165397
2021-07-31,11891,MGM,M G M RESORTS INTERNATIONAL,25,-0.010462494357538845,-0.120078,-0.4930276213462054,20921.360399999998,2.3306430638987083,1.9492519355908815
2021-07-31,12062,LH,LABORATORY CORP AMERICA HLDGS,35,0.03,0.07356,0.35771750373520284,26934.269850000004,1.0007387623087483,0.9660245401158956
2021-07-31,12476,TRGP,TARGA RESOURCES CORP,10,0.011467722011218515,-0.048261000000000005,0.16840976133011523,10163.714750000001,2.9982707141244753,1.6729576799160613
2021-07-31,12622,HCA,H C A HEALTHCARE INC,35,0.016783563674406757,0.200511,0.30647818258437726,69658.35538000001,1.5184232254495742,1.2346604384413276
2021-07-31,12981,FBHS,FORTUNE BRANDS HOME & SECUR INC,20,0.01168383884163083,-0.021515,0.2403938244646209,13788.81308,1.5468010599685786,1.3431512549500297
2021-07-31,13046,UI,UBIQUITI INC,45,0.02940679198181853,0.002884,0.2101291039344136,19609.90266,1.3746935353275873,1.1647791808261898
2021-07-31,13169,ZNGA,ZYNGA INC,50,-0.02695315412722043,-0.049890000000000004,-0.2257403363598054,11607.960000000001,0.14016286478425027,0.8558156815648978
2021-07-31,13379,SPLK,SPLUNK INC,45,-0.03,-0.018014,-0.568229705397847,23699.119860000003,1.2291622639105968,1.655645823387406
2021-07-31,13688,PCG,P G & E CORP,55,-0.03,-0.135724,-0.33875416618779447,20188.52802,1.3572261993107348,0.4957705996440249
2021-07-31,13748,TPH,TRI POINTE HOMES INC,25,0.0266541,0.125494,0.3515304754242807,2537.82632,1.4543060040455233,1.835314664121096
2021-07-31,13766,BCC,BOISE CASCADE CO,20,0.03,-0.090794,0.3154235145385588,2294.96385,1.9352530508911823,1.6983987508025564
2021-07-31,13802,APAM,ARTISAN PARTNERS ASSET MGMT INC,40,0.0014080171571906543,-0.053750000000000006,0.25518139677431717,3294.2540400000003,1.7792414986977934,1.6918585819722445
2021-07-31,14054,MRTX,MIRATI THERAPEUTICS INC,35,-0.03,-0.009131,-0.4691031682182124,8336.40177,1.3795838690450637,0.645714466983399
2021-07-31,14136,RNG,RINGCENTRAL INC,45,-0.022999470771586112,-0.08025,-0.3646898823889975,23464.62558,0.7391030865199801,1.201726048500367
2021-07-31,14159,FEYE,FIREEYE INC,45,-0.02630138798058311,-0.00102,-0.4333026855150749,4836.158939999999,1.0893437295134416,1.7808685270088236
2021-07-31,14176,XLRN,ACCELERON PHARMA INC,35,-0.0287622,-0.003458,-0.43100409914569215,7627.03122,0.3720538269159627,0.8244558023912844
2021-07-31,14593,AAPL,APPLE INC,45,0.01878249136214768,0.064952,0.35091751905911195,2267638.77632,1.138865322706104,1.4333225965502734
2021-07-31,14716,CCS,CENTURY COMMUNITIES INC,25,0.00601799274890941,0.043702,0.288759912653718,2243.8618800000004,1.8774029640683003,2.037187730871462
2021-07-31,15167,SHAK,SHAKE SHACK INC,25,-0.03,-0.06058,-0.5837834731640043,4184.91008,1.7074357529503372,1.8154925992338555
2021-07-31,15272,SEDG,SOLAREDGE TECHNOLOGIES INC,45,-0.023150380116625173,-0.061145000000000005,-0.6061563804926636,14444.201680000002,0.9237342704844574,2.072389106070209
2021-07-31,15585,TDOC,TELADOC HEALTH INC,35,-0.018906674527244195,-0.107313,-0.43360916369765923,25696.12854,0.3578560979707939,0.9902370686126427
2021-07-31,15694,PEN,PENUMBRA INC,35,-0.02686926775113,-0.028601,-0.3649772056851703,9998.25692,0.33906202176973915,1.142997078536022
2021-07-31,15914,WKHS,WORKHORSE GROUP INC,25,-0.03,-0.304431,-0.6062904646975443,2047.43826,2.7274413693315727,0.9533783157048292
2021-07-31,16064,NTLA,INTELLIA THERAPEUTICS INC,35,-0.03,-0.12392700000000001,-0.6948051948051948,11063.634119999999,2.1690184452558943,2.365007768471112
2021-07-31,16068,RETA,REATA PHARMACEUTICALS INC,35,-0.03,-0.114636,-0.6072482090181205,4451.68462,1.4143841529729297,1.389218307856302
2021-07-31,16119,ATKR,ATKORE INC,20,0.03,0.057856,0.31737731295253424,3335.864,2.415367191698211,1.6712839971480367
2021-07-31,16268,HOME,AT HOME GROUP INC,25,0.03,0.004312,0.3624296057924376,2415.70932,2.5241995773373653,2.193623291709691
2021-07-31,16287,EVBG,EVERBRIDGE INC,45,-0.026640808500942043,0.037741,-0.2544918208635023,5210.367120000001,0.7904693415315952,1.084151198854272
2021-07-31,16290,FLGT,FULGENT GENETICS INC,35,0.02352789160801155,0.000186,0.09527640501091826,2598.85694,1.562676671702306,2.0109994146893313
2021-07-31,16382,COUP,COUPA SOFTWARE INC,45,-0.03,-0.172134,-0.5418342719227675,19271.63775,1.5274591956543706,1.3495020720012478
2021-07-31,16434,GOLF,ACUSHNET HOLDINGS CORP,25,0.03,0.037014,0.607267363904532,3658.7615999999994,0.7784657154559872,1.073895441665676
2021-07-31,16595,SNAP,SNAP INC,50,-0.014469910919402643,0.09213199999999999,-0.4414626671263839,86416.71522,1.3108598166247971,1.2262582484254991
2021-07-31,16649,OKTA,OKTA INC,45,-0.008904985593173383,0.01268,-0.4111787917097652,30598.70208,1.002471749795715,1.191822285800375
2021-07-31,17106,BAND,BANDWIDTH INC,50,-0.007566812194763392,-0.059921,-0.3630425621576064,3157.2646399999994,0.520908572513917,0.9599803306208191
2021-07-31,17341,ZS,ZSCALER INC,45,-0.03,0.091842,-0.4117534383021108,29597.411219999998,0.8883347552013438,1.1067665783528848
2021-07-31,21020,AAL,AMERICAN AIRLINES GROUP INC,20,-0.025485151594605866,-0.039164000000000004,-0.6018465310500708,13732.329660000001,1.7509377128105925,1.8473545500733266
2021-07-31,27422,CLF,CLEVELAND CLIFFS INC NEW,15,-0.014805656149214835,0.159524,-0.580124889859403,10767.107119999999,2.2794230358683722,2.1614126696587546
2021-07-31,29209,ARW,ARROW ELECTRONICS INC,45,0.02837934,0.041609999999999994,0.27832049955943766,8442.543440000001,1.4703556711890282,1.191350268845778
2021-07-31,37568,FELE,FRANKLIN ELECTRIC INC,20,0.03,0.014109,0.48379496609585104,3745.2021,0.9732929968446253,1.0331206480631834
2021-07-31,40272,IFF,INTERNATIONAL FLAVORS & FRAG INC,15,-0.0007759448217103111,0.008269,-0.28035091751905916,37188.648,0.8956411840870301,1.090562630703191
2021-07-31,47730,ABM,A B M INDUSTRIES INC,20,0.002238544292824568,0.048221999999999994,0.4244722828793626,2977.25985,1.300447500844087,1.2133455531257398
2021-07-31,49429,DDS,DILLARDS INC,25,0.004329814500133108,0.013182000000000001,0.3212082902348389,3101.0067199999994,0.9000946150712145,1.9075118671988909
2021-07-31,51625,SCI,SERVICE CORP INTERNATIONAL,25,0.0017317483155344735,0.166045,0.40719457533616826,9010.67619,0.6131479943350239,0.9738397043734462
2021-07-31,52337,THC,TENET HEALTHCARE CORP,35,0.010100383619436848,0.072368,-0.04689116193540974,7153.8621,2.4828395535472048,1.8550392918797463
2021-07-31,56223,LPX,LOUISIANA PACIFIC CORP,15,0.02691105,-0.080476,0.29979312722675555,6164.83337,1.7787120470628948,1.7368820659593989
2021-07-31,57808,VSH,VISHAY INTERTECHNOLOGY INC,45,0.014938987481983914,-0.018656,0.3466076696165192,2992.6330500000004,1.3639494742231384,1.5302405494400781
2021-07-31,58683,LUV,SOUTHWEST AIRLINES CO,20,-0.025369296356699995,-0.048439,-0.39665938780983023,31396.20493,1.172913996626982,1.316202752511726
2021-07-31,61313,DCI,DONALDSON INC,20,0.03,0.041838999999999994,0.40719457533616826,7978.41505,1.2718565211492567,1.1368477621740745
2021-07-31,62092,TMO,THERMO FISHER SCIENTIFIC INC,35,0.029722716210696217,0.070419,0.24516339118109035,198270.83516000002,0.6998948104242484,1.0582113637631327
2021-07-31,64194,CHE,CHEMED CORP NEW,35,0.027523085719393277,0.003172,0.2279048385243075,7568.275,0.44798890371746525,0.8797952016623527
2021-07-31,75342,MTH,MERITAGE HOMES CORP,25,0.013855575694384411,0.154093,0.23175497069302378,3560.64576,1.6119203167475595,1.6898191123936084
2021-07-31,76095,HOLX,HOLOGIC INC,35,0.026304835133263527,0.124669,0.2917289200475041,16899.64224,1.1375538419915483,1.2061357674562572
2021-07-31,77699,FCEL,FUELCELL ENERGY INC,20,-0.017499439242020857,-0.288795,-0.7067961536988084,2870.2055,4.307526814936747,1.9873906742470664
2021-07-31,78664,DDD,3 D SYSTEMS CORP DEL,45,0.012748482438820112,-0.311014,-0.18101367658889783,4998.2485,1.4610009351386235,3.5684337369131502
2021-07-31,79637,UHS,UNIVERSAL HEALTH SERVICES INC,35,0.027553440000000002,0.095441,0.17358158066122667,11417.43996,1.1125492624029212,1.181282229770883
2021-07-31,80069,ARWR,ARROWHEAD PHARMACEUTICALS INC,35,-0.03,-0.16339700000000001,-0.39110447075048854,8630.58938,1.2194969393313162,1.3079580464134963
2021-07-31,80306,BCRX,BIOCRYST PHARMACEUTICALS INC,35,-0.03,0.019577,-0.533655135425047,2825.64225,2.638336288428703,1.4133239253544125
2021-07-31,80575,SSD,SIMPSON MANUFACTURING CO INC,20,0.02946468061596,0.018441,0.37329042638777155,4796.5196399999995,1.1864394707751391,1.1060412401970323
2021-07-31,82670,TGTX,T G THERAPEUTICS INC,35,-0.02236689798917934,-0.097994,-0.5137148986706509,5540.45328,2.2797847982819794,1.4645200119421176
2021-07-31,82779,NVAX,NOVAVAX INC,35,-0.02688232807104,-0.15537,-0.4387618281423591,15763.592880000002,1.7759390072824832,1.0506519844932132
2021-07-31,82800,SCCO,SOUTHERN COPPER CORP,15,0.0031157751995116883,0.020491,0.4058345784009501,49724.05535999999,1.0872010547593876,1.3136222963935533
2021-07-31,83011,WSM,WILLIAMS SONOMA INC,25,0.026820044745279974,-0.046196,0.3834233612994676,11992.74835,1.6323031147680418,1.3742786880894315
2021-07-31,84172,NUS,NU SKIN ENTERPRISES INC,30,0.021576606563503662,-0.052282,0.3388116308470291,2834.8793,1.1611393662797949,1.0662063457098971
2021-07-31,84373,DGX,QUEST DIAGNOSTICS INC,35,0.03,0.07944699999999999,0.41529709228824274,17240.296860000002,0.9939298655501279,0.8333388435676874
2021-07-31,85002,SRPT,SAREPTA THERAPEUTICS INC,35,-0.03,-0.12815000000000001,-0.5653181626632955,6205.9842,1.4582888214628384,1.2623873072460972
2021-07-31,85427,GPI,GROUP 1 AUTOMOTIVE INC,25,0.028279990655280002,0.125009,0.2585909665555683,2804.9120900000003,1.9574800376403443,1.815710922995049
2021-07-31,85621,MTD,METTLER TOLEDO INTERNATIONAL INC,35,0.03,0.063758,0.32881278014021376,32235.476459999994,0.9486024825521143,1.0554839818820503
2021-07-31,86047,AMKR,AMKOR TECHNOLOGY INC,45,0.009659860985194921,0.040949,0.1656514576868559,5774.62788,1.5714107977197975,1.9944362658984027
2021-07-31,87337,PLUG,PLUG POWER INC,20,-0.021199593046484406,-0.202137,-0.6773359383978853,19519.82318,1.6066563275004202,2.5440234250271385
2021-07-31,88351,INSM,INSMED INC,35,-0.027728547626614638,-0.13566,-0.5520055166072865,3279.7019400000004,2.3260513447112894,1.225521456005383
2021-07-31,89301,GME,GAMESTOP CORP NEW,25,-0.005250133562902003,-0.247626,-0.3381220549362142,15378.4641,0.7772772527893969,1.1828178279003432
2021-07-31,89353,JBLU,JETBLUE AIRWAYS CORP,20,-0.024724714468499998,-0.11862500000000001,-0.4957667701030533,5336.40916,1.5854786548953061,1.8981462936310007
2021-07-31,89533,WYNN,WYNN RESORTS LTD,25,-0.008772761289530515,-0.196024,-0.5104394130942803,14148.153199999999,2.356974280698457,1.9014651358220398
2021-07-31,89916,NXST,NEXSTAR MEDIA GROUP INC,50,0.02920401,-0.005508,0.05152664444699844,6234.02928,1.8274087473337437,1.5713756393818292
2021-07-31,90319,GOOGL,ALPHABET INC,50,0.0008348682363656454,0.103475,0.29628778301344677,735076.4616,0.932539376554493,1.2331740321678872
2021-07-31,90505,LVS,LAS VEGAS SANDS CORP,25,-0.03,-0.196273,-0.45408573727157797,40253.31585,1.3612817374490267,1.4140808632360922
2021-07-31,90808,EXPE,EXPEDIA GROUP INC,25,-0.03,-0.017379,-0.5271424740451289,23770.20087,1.6574375508891537,1.6060467752021192
2021-07-31,91041,LYV,LIVE NATION ENTERTAINMENT INC,50,-0.02616790914542266,-0.099357,-0.4818603225682872,19154.44397,1.2932021893448375,1.5947620249870795
2021-07-31,91103,UAL,UNITED AIRLINES HOLDINGS INC,20,-0.026884199999999997,-0.10655200000000001,-0.593839788530054,16921.619189999998,1.54207208708728,1.8901735125503296
2021-07-31,91277,QRTEA,QURATE RETAIL INC,25,0.02881131,-0.09399600000000001,0.21750373520285024,5268.52865,1.8404252595664208,1.8038537846545717
2021-07-31,91500,EXLS,EXLSERVICE HOLDINGS INC,45,0.03,0.065469,0.39677431712829947,3533.145,0.9023587368380869,1.0685907357230109
2021-07-31,91575,HRI,HERC HOLDINGS INC,20,0.02923044,0.106777,0.11764931233957784,3318.16856,2.981483729459746,2.062151101379029
2021-07-31,91915,CNK,CINEMARK HOLDINGS INC,50,-0.0048810918495565195,-0.292514,-0.60975749913803,2623.9249499999996,2.504789127645385,1.8914031183013589
2021-07-31,91926,DAL,DELTA AIR LINES INC,20,-0.026880074194899236,-0.077701,-0.5057081561506339,27671.129220000003,1.368957257256666,1.67962667404363
2021-07-31,92775,TREE,LENDINGTREE INC,40,-0.002338713751409097,-0.07866000000000001,-0.445638432364096,2820.97032,1.5132946044869817,1.5779449928626432
2021-07-31,93035,SEM,SELECT MEDICAL HOLDINGS CORP,35,0.03,-0.066524,0.22386315749147606,5698.2961399999995,1.2959855995956038,1.569858794314041
2021-07-31,93098,H,HYATT HOTELS CORP,25,-0.03,0.028691,-0.5427153966976975,3194.886,1.4570633362344885,1.6018962946948565
2021-07-31,93330,PRI,PRIMERICA INC,40,0.028322429999999996,-0.045218,0.2727464276136843,6039.53532,1.403002010018041,1.3022519158120738
2021-08-31,10032,PLXS,PLEXUS CORP,45,0.009089808984470748,0.016669,0.20737452789783126,2563.0106399999995,1.1399566513955108,1.126925765751556
2021-08-31,10874,BC,BRUNSWICK CORP,25,0.02932671229705663,-0.069101,0.2084258069540162,8132.5512,1.8153002604374235,1.5360675187649584
2021-08-31,11809,CLH,CLEAN HARBORS INC,20,0.025931913532976535,0.08016200000000001,0.2069656971537593,5183.675,1.6882644569212375,1.326035471621507
2021-08-31,11891,MGM,M G M RESORTS INTERNATIONAL,25,-0.009206178960074295,0.135576,-0.532414437565705,18409.81608,2.337063342118994,1.9001820697554952
2021-08-31,12062,LH,LABORATORY CORP AMERICA HLDGS,35,0.03,0.024364,0.2593349686563096,28637.704999999998,0.9930397138322212,0.9457045141738366
2021-08-31,12476,TRGP,TARGA RESOURCES CORP,10,0.010914278279235098,0.042934,0.2115407078612312,9628.66205,3.0398981303584844,1.6268623275120988
2021-08-31,12981,FBHS,FORTUNE BRANDS HOME & SECUR INC,20,0.011432461048953143,0.001524,0.2555386831756415,13439.06613,1.5393597971568709,1.306771840976272
2021-08-31,13046,UI,UBIQUITI INC,45,0.029491601169894098,0.039108,0.21995094031071138,19667.063400000003,1.35920426068617,1.1680014488956465
2021-08-31,13169,ZNGA,ZYNGA INC,50,-0.025608461267813402,-0.12381099999999999,-0.20422069072927615,11028.099100000001,0.11677299436611104,0.8343779414551649
2021-08-31,13379,SPLK,SPLUNK INC,45,-0.02945958,0.07665200000000001,-0.4605186310010513,22965.12302,1.2090684980824198,1.6402713418281605
2021-08-31,13688,PCG,P G & E CORP,55,-0.02592828,0.043182,-0.19814663396020715,17450.549669999997,1.3640448871279414,0.49946035063172195
2021-08-31,13748,TPH,TRI POINTE HOMES INC,25,0.0299990296254,-0.01456,0.23427948448389982,2744.5906800000002,1.4347177111182983,1.796593876750431
2021-08-31,13766,BCC,BOISE CASCADE CO,20,0.03,0.132893,0.3158314838609197,2011.7806500000002,1.9147048606264925,1.675990550339748
2021-08-31,13802,APAM,ARTISAN PARTNERS ASSET MGMT INC,40,0.0013323362349916567,0.101471,0.2572129424132695,3117.2899800000005,1.7922437053049554,1.6949777364127083
2021-08-31,14054,MRTX,MIRATI THERAPEUTICS INC,35,-0.03,0.060366,-0.47356227855001365,8262.77738,1.4353627023733386,0.6503481362905529
2021-08-31,14136,RNG,RINGCENTRAL INC,45,-0.021153763242166324,-0.056209,-0.36825915975548024,21582.31977,0.7215088180653846,1.1864150680090124
2021-08-31,14159,FEYE,FIREEYE INC,45,-0.026274560564842914,-0.09955399999999999,-0.39325623953587974,4831.3754,1.085229641684358,1.6693649604530487
2021-08-31,14176,XLRN,ACCELERON PHARMA INC,35,-0.028662740312400004,0.07047700000000001,-0.4586691585873925,7616.279060000001,0.3813320092731571,0.8312554738826329
2021-08-31,14593,AAPL,APPLE INC,45,0.020002451741101893,0.042448,0.23770587548183622,2411090.0127600003,1.1323609835835373,1.3750037917818578
2021-08-31,14716,CCS,CENTURY COMMUNITIES INC,25,0.006280991068022248,0.01147,0.08275902347856555,2341.9929,1.8891259459162504,2.0495954730961268
2021-08-31,15167,SHAK,SHAKE SHACK INC,25,-0.03,-0.137208,-0.5662111124089865,3931.51616,1.7032191544002269,1.7775459295034912
2021-08-31,15272,SEDG,SOLAREDGE TECHNOLOGIES INC,45,-0.021734850124394127,0.11672300000000001,-0.6119612194837052,13563.019600000001,0.9592465822590802,2.0689853493419017
2021-08-31,15585,TDOC,TELADOC HEALTH INC,35,-0.016877742563702038,-0.027196,-0.4180975742709185,22939.3847,0.35417440396995975,0.9693803679696554
2021-08-31,15694,PEN,PENUMBRA INC,35,-0.02610077982417993,0.032705,-0.2864346065490792,9712.60286,0.31836295474499254,1.1472042777730609
2021-08-31,16064,NTLA,INTELLIA THERAPEUTICS INC,35,-0.02628219,0.131639,-0.7007358953393296,10424.130949999999,2.2184803466035583,2.4072796750349315
2021-08-31,16068,RETA,REATA PHARMACEUTICALS INC,35,-0.026560920000000002,-0.150077,-0.6089047229685004,3941.50074,1.4758382002346246,1.4229694623510427
2021-08-31,16119,ATKR,ATKORE INC,20,0.03,0.235073,0.3145076509753533,3528.96824,2.4381011233079235,1.6401058806975377
2021-08-31,16287,EVBG,EVERBRIDGE INC,45,-0.0276462592545761,0.11147900000000001,-0.2660904099988319,5407.17258,0.7905882277963115,1.0634022910496301
2021-08-31,16290,FLGT,FULGENT GENETICS INC,35,0.02353226779585064,-0.010998,0.08464743215356459,2723.31225,1.5639258207708995,1.9418563533502826
2021-08-31,16382,COUP,COUPA SOFTWARE INC,45,-0.03,0.128108,-0.5314410310322003,16056.264000000001,1.5322479918847525,1.35666716529257
2021-08-31,16434,GOLF,ACUSHNET HOLDINGS CORP,25,0.03,-0.024839,0.579702526963361,3794.2987199999993,0.7780724972095127,1.067403213664174
2021-08-31,16595,SNAP,SNAP INC,50,-0.015803052752229044,0.02266,-0.39224389674103494,98668.86396,1.3097162441636387,1.3279890779508938
2021-08-31,16649,OKTA,OKTA INC,45,-0.02202338138489027,0.063755,-0.4317447338706537,36535.64434,1.0032688537135401,1.1673420672858188
2021-08-31,17106,BAND,BANDWIDTH INC,50,-0.007113401241240975,-0.20643499999999998,-0.32449480200911107,3000.9807,0.5231947806263649,0.9474455116116574
2021-08-31,17341,ZS,ZSCALER INC,45,-0.03,0.179808,-0.40472296850056466,32711.75242,0.887613126580049,1.0944999108800237
2021-08-31,17367,LPRO,OPEN LENDING CORP,40,-0.006219332067528394,-0.027154,-0.1310010512790562,4795.22,0.4495352376193729,0.23356116208620786
2021-08-31,17907,NKLA,NIKOLA CORP,20,-0.03,-0.121363,-0.41617022933457937,4727.27498,0.9629874225882192,1.0274210511473045
2021-08-31,21020,AAL,AMERICAN AIRLINES GROUP INC,20,-0.024487051117554722,-0.021639000000000002,-0.555250554841724,13195.194039999998,1.7094551753780627,1.7588606758069545
2021-08-31,24328,EQT,E Q T CORP,10,-0.03,-0.003312,-0.5081182104894288,6951.71424,1.2696850730482816,0.9483737341284634
2021-08-31,29209,ARW,ARROW ELECTRONICS INC,45,0.029560204337399996,0.022300999999999998,0.2007942997313398,8794.099760000001,1.4646153084114635,1.174638006944153
2021-08-31,37568,FELE,FRANKLIN ELECTRIC INC,20,0.03,0.041563,0.37086788926527275,3796.2803200000003,0.9467779011120557,1.009991516239365
2021-08-31,40272,IFF,INTERNATIONAL FLAVORS & FRAG INC,15,-0.0007823611094410337,0.00566,-0.28503290114083246,37497.30879999999,0.8899555492100495,1.0875997189594315
2021-08-31,47730,ABM,A B M INDUSTRIES INC,20,0.002346491375713154,0.065126,0.31904372542148496,3120.9201900000003,1.302843163931763,1.174347904055039
2021-08-31,49429,DDS,DILLARDS INC,25,0.01695675831881384,0.039183,0.3249425690145232,3141.98088,0.8872961027122798,1.9229524320094735
2021-08-31,52337,THC,TENET HEALTHCARE CORP,35,0.010831328181208254,0.04881,-0.013822372775766081,7671.793600000001,2.478786376851385,1.7987647065934302
2021-08-31,56223,LPX,LOUISIANA PACIFIC CORP,15,0.028931631265993688,0.147931,0.28514970992485306,5668.90632,1.7618452312117994,1.7598352162886983
2021-08-31,57808,VSH,VISHAY INTERTECHNOLOGY INC,45,0.014660285731520022,-0.007279000000000001,0.30804423159288247,2936.8944300000003,1.3591283925596447,1.515593541551869
2021-08-31,58683,LUV,SOUTHWEST AIRLINES CO,20,-0.024140433010477805,-0.014697,-0.353774870536931,29889.9054,1.1934131183045265,1.3078092094387235
2021-08-31,61313,DCI,DONALDSON INC,20,0.03,0.026816,0.39641007670443484,8312.47115,1.2698900053081292,1.147589865889338
2021-08-31,62092,TMO,THERMO FISHER SCIENTIFIC INC,35,0.03,0.027617,0.23067788030993258,212239.05028,0.6916179404663421,1.0374363154194104
2021-08-31,68196,SEIC,S E I INVESTMENTS CO,40,0.03,0.03301,0.4842697504185648,8577.4816,1.0418201810054584,1.2888113023944163
2021-08-31,76095,HOLX,HOLOGIC INC,35,0.029584232624492356,0.054722,0.19820503835221745,19021.66448,1.12110405713261,1.1629279906575152
2021-08-31,77699,FCEL,FUELCELL ENERGY INC,20,-0.012445688686121443,-0.014267,-0.6514425884826539,2319.84372,4.378420520780349,2.002048532990807
2021-08-31,78664,DDD,3 D SYSTEMS CORP DEL,45,0.008783525921592913,0.10525200000000001,-0.19440875287154927,3443.877,1.491363752571826,3.6032065880567274
2021-08-31,79637,UHS,UNIVERSAL HEALTH SERVICES INC,35,0.018451468100834506,-0.02779,0.04018222170307208,12507.488519999999,1.124134137080401,1.1564081283076046
2021-08-31,80069,ARWR,ARROWHEAD PHARMACEUTICALS INC,35,-0.02509809,-0.031367,-0.4135614998247868,7220.641610000001,1.2230486928140396,1.3757536531491978
2021-08-31,80306,BCRX,BIOCRYST PHARMACEUTICALS INC,35,-0.03,-0.012456,-0.5216485613051435,2883.3844000000004,2.6065611005966898,1.4211990080905716
2021-08-31,80575,SSD,SIMPSON MANUFACTURING CO INC,20,0.03,0.005908,0.4113226647977261,4885.11888,1.191473521202206,1.0595100090990344
2021-08-31,82670,TGTX,T G THERAPEUTICS INC,35,-0.020175076187627698,-0.226399,-0.5346338044620956,4997.69168,2.313806752750147,1.4621658896050094
2021-08-31,82779,NVAX,NOVAVAX INC,35,-0.022705620758642516,0.330124,-0.43785772690106295,13357.21572,1.8040687837023497,1.0028408915197573
2021-08-31,82800,SCCO,SOUTHERN COPPER CORP,15,0.0031796205491248825,-0.033617,0.3715882101000662,50745.03684,1.1042619019028825,1.3137398301272256
2021-08-31,83011,WSM,WILLIAMS SONOMA INC,25,0.02558106595822702,0.23067000000000001,0.3781684382665576,11395.5523,1.6383920912212135,1.3763467806137275
2021-08-31,83885,MVIS,MICROVISION INC WA,45,-0.023350905947787614,0.06966800000000001,-0.7607950784565666,2257.7292,4.106747005272755,2.1364046312794187
2021-08-31,83916,TTEC,T T E C HOLDINGS INC,45,0.03,0.009138,0.43550208308998173,4909.9325,0.7473890763754487,1.3254628315072157
2021-08-31,84172,NUS,NU SKIN ENTERPRISES INC,30,0.020448538419150564,-0.050179,0.32492310088385307,2686.75498,1.1385862448752684,0.8801813364043721
2021-08-31,84373,DGX,QUEST DIAGNOSTICS INC,35,0.03,0.077737,0.41840906436164,17325.2658,0.9865655845565874,0.8142705784774824
2021-08-31,85002,SRPT,SAREPTA THERAPEUTICS INC,35,-0.026155499999999998,0.152503,-0.5330763540084881,5411.8941,1.4124312732586848,1.2678081143801812
2021-08-31,85427,GPI,GROUP 1 AUTOMOTIVE INC,25,0.03,-0.045865,0.36925203441965504,3155.6396200000004,1.9175430152100075,1.778852948494031
2021-08-31,85621,MTD,METTLER TOLEDO INTERNATIONAL INC,35,0.03,0.053639,0.31195732585757113,34291.75799,0.931638328687949,1.0261653541544506
2021-08-31,86047,AMKR,AMKOR TECHNOLOGY INC,45,0.010055422632677667,0.114805,0.10438811665303901,6020.63616,1.5669440140491115,1.9488727515012105
2021-08-31,87337,PLUG,PLUG POWER INC,20,-0.016914370906847186,-0.04477,-0.6556087684460538,15574.752160000002,1.6434340164307846,2.5359126198929034
2021-08-31,88351,INSM,INSMED INC,35,-0.023966892855588097,0.139788,-0.5292021960051396,2834.8794000000003,2.3170423771865645,1.2207979804379494
2021-08-31,88504,BRKR,BRUKER CORP,35,0.02018625579975454,0.074115,0.3258770392866877,12421.395,1.2267975038279468,1.0958198813133806
2021-08-31,89301,GME,GAMESTOP CORP NEW,25,-0.003950063989254832,0.354469,-0.3451699567807499,12376.4328,0.776786293635009,1.1833827515230975
2021-08-31,89353,JBLU,JETBLUE AIRWAYS CORP,20,-0.021791745214674186,0.02294,-0.42343184207452406,4703.54538,1.575320767322072,1.8820808342928792
2021-08-31,89533,WYNN,WYNN RESORTS LTD,25,-0.007053089530511585,0.034122,-0.5515126737530663,11374.027759999999,2.3598446508287725,1.830180822211494
2021-08-31,89916,NXST,NEXSTAR MEDIA GROUP INC,50,0.02904315431292,0.023008999999999998,0.12229879686952454,6199.882919999999,1.8300518163234898,1.5257838942448352
2021-08-31,90248,DPZ,DOMINOS PIZZA INC,25,-0.009926576892919025,-0.016415,-0.1855312852859868,19366.40846,0.44766516015283864,0.46409383493191786
2021-08-31,90319,GOOGL,ALPHABET INC,50,0.0009212562271235805,0.07396000000000001,0.22987968695245886,811282.56505,0.914640205621045,1.2321825594173843
2021-08-31,90505,LVS,LAS VEGAS SANDS CORP,25,-0.024111809999999997,0.053316,-0.3734960869057353,32354.9765,1.34066579431117,1.3799021441588841
2021-08-31,90808,EXPE,EXPEDIA GROUP INC,25,-0.03,-0.101808,-0.5449713818479149,23373.767519999998,1.6493467418346417,1.5804208675213895
2021-08-31,91041,LYV,LIVE NATION ENTERTAINMENT INC,50,-0.0235679441964609,0.09895000000000001,-0.5157302495814352,17251.901869999998,1.273387586793142,1.5838150632458543
2021-08-31,91103,UAL,UNITED AIRLINES HOLDINGS INC,20,-0.029775089958448665,-0.004543999999999999,-0.601039598177783,15119.199359999999,1.5253537279552931,1.7985696406786047
2021-08-31,91277,QRTEA,QURATE RETAIL INC,25,0.02610316210524,-0.070032,0.2797765058599073,4733.11252,1.8417905032110375,1.7848269778246961
2021-08-31,91500,EXLS,EXLSERVICE HOLDINGS INC,45,0.03,0.08756800000000001,0.4193435346338044,3756.0734999999995,0.9199723443822736,1.0563698244454431
2021-08-31,91575,HRI,HERC HOLDINGS INC,20,0.03,0.05969,0.207335591636491,3677.2898400000004,2.989684224314318,2.0326434878271975
2021-08-31,91926,DAL,DELTA AIR LINES INC,20,-0.024791465549881368,0.013484999999999999,-0.4842697504185648,25532.6085,1.3663946705948904,1.6371660312354992
2021-08-31,92775,TREE,LENDINGTREE INC,40,-0.0021547505277232574,-0.146499,-0.3819063193552155,2599.3543,1.4987633434490024,1.6069141090480084
2021-08-31,93035,SEM,SELECT MEDICAL HOLDINGS CORP,35,0.03,-0.120584,0.25598645018105354,5319.39855,1.2983180770033145,1.4742587456515046
2021-08-31,93098,H,HYATT HOTELS CORP,25,-0.03,-0.078677,-0.5206946229023088,3286.6505,1.4610985828395724,1.5767887048449616
2021-08-31,93330,PRI,PRIMERICA INC,40,0.027041746360259997,0.049255,0.32348245921426627,5766.624360000001,1.4359000719639978,1.2814638554201347
2021-09-30,10032,PLXS,PLEXUS CORP,45,0.009241327010432891,-0.026386,0.2452653729249474,2594.1974999999998,1.1386526796644778,1.1212854829515897
2021-09-30,10874,BC,BRUNSWICK CORP,25,0.02730020715061772,-0.01655,0.2730106772659965,7507.32813,1.796986038681057,1.5313485033166032
2021-09-30,11809,CLH,CLEAN HARBORS INC,20,0.028010667585607003,0.012148,0.35936404021510404,5582.83586,1.6876142730681931,1.2849762184579527
2021-09-30,11891,MGM,M G M RESORTS INTERNATIONAL,25,-0.010454315878765327,0.012461999999999999,-0.3893305276283999,20537.725599999998,2.3465368697717253,1.774905552058435
2021-09-30,12062,LH,LABORATORY CORP AMERICA HLDGS,35,0.03,-0.072352,0.28672745694022295,29336.846,0.9906461378870824,0.9122235767827922
2021-09-30,12476,TRGP,TARGA RESOURCES CORP,10,0.011382871902875779,0.12041299999999999,0.06347907411737198,10042.527600000001,3.0494900474488276,1.58457085132433
2021-09-30,12981,FBHS,FORTUNE BRANDS HOME & SECUR INC,20,0.011449884119591748,-0.08168,0.2135842880523732,13425.27823,1.5364952966896264,1.3240959023408132
2021-09-30,13046,UI,UBIQUITI INC,45,0.03,-0.080404,0.21054477437456162,20334.67464,1.3662418623191215,1.1850687689558193
2021-09-30,13169,ZNGA,ZYNGA INC,50,-0.02243785206978416,-0.149186,-0.2951835398643909,9663.23535,0.09458937650062108,0.9157208392772992
2021-09-30,13379,SPLK,SPLUNK INC,45,-0.03,-0.053412,-0.5315641805003508,24726.56963,1.2076641663182013,1.630170604360991
2021-09-30,13688,PCG,P G & E CORP,55,-0.027047914986960003,0.046859000000000005,-0.2738874600576728,18204.95341,1.3678416268409672,0.5087621447208864
2021-09-30,13748,TPH,TRI POINTE HOMES INC,25,0.029562243754054175,-0.11572500000000001,0.31614839061647576,2704.76453,1.4292502397368143,1.7779035392149478
2021-09-30,13766,BCC,BOISE CASCADE CO,20,0.03,-0.06693,0.26607435118073425,2275.29835,1.9214218942750811,1.6978057330456062
2021-09-30,13802,APAM,ARTISAN PARTNERS ASSET MGMT INC,40,0.0014675297250924951,-0.05854,0.22069597069597066,3369.03444,1.7943928906809958,1.7016915782518864
2021-09-30,13837,EVTC,EVERTEC INC,45,0.03,-0.011493,0.4862052840776244,3328.6124999999997,0.9415704593324423,0.9010037182629956
2021-09-30,14054,MRTX,MIRATI THERAPEUTICS INC,35,-0.03,0.04227,-0.5379744369106071,8761.97179,1.4319415228563193,0.6761182731591383
2021-09-30,14136,RNG,RINGCENTRAL INC,45,-0.0199647313640874,-0.137827,-0.4167835710388902,20535.982079999998,0.7021313993930154,1.1595275438921195
2021-09-30,14159,FEYE,FIREEYE INC,45,-0.02365882296237054,-0.021473,-0.542806484295846,4350.902480000001,1.0578942974454344,1.784763769765961
2021-09-30,14176,XLRN,ACCELERON PHARMA INC,35,-0.03,0.285447,-0.47950276673680925,8153.42588,0.37405372925738356,0.8088021519498372
2021-09-30,14262,SRNE,SORRENTO THERAPEUTICS INC,35,-0.018227657139990933,-0.152255,-0.6444938040682722,2682.9,2.322046578607926,1.4087748658094423
2021-09-30,14593,AAPL,APPLE INC,45,0.020851515812608187,-0.06807,0.24865559971942952,2509775.1037800005,1.1317164872823833,1.3303326671807467
2021-09-30,14716,CCS,CENTURY COMMUNITIES INC,25,0.006353034035572464,-0.12342800000000001,0.12820512820512817,2363.9121999999998,1.8910760843026233,2.058681788541482
2021-09-30,15167,SHAK,SHAKE SHACK INC,25,-0.02588376,-0.095595,-0.3942989634478996,3395.0480000000002,1.6726068759590038,1.7636680355042653
2021-09-30,15272,SEDG,SOLAREDGE TECHNOLOGIES INC,45,-0.02427180703546378,-0.084787,-0.5731236848258126,15146.800599999999,0.9574041688641888,2.0607888255104956
2021-09-30,15546,Z,ZILLOW GROUP INC,50,-8.186697992188125e-05,-0.07970300000000001,-0.5558802899228431,17812.16653,1.2980862016274772,1.8673341810451773
2021-09-30,15585,TDOC,TELADOC HEALTH INC,35,-0.016418735476939596,-0.12196900000000001,-0.40659340659340654,22998.596159999997,0.34429590761150247,0.8843683113852256
2021-09-30,16064,NTLA,INTELLIA THERAPEUTICS INC,35,-0.029741951209410002,-0.164364,-0.817707115579456,11796.86811,2.2224408745582878,2.457716912243214
2021-09-30,16068,RETA,REATA PHARMACEUTICALS INC,35,-0.02257473680916,-0.055427,-0.5493531291403632,3351.23064,1.4605957794827176,1.3269970245198306
2021-09-30,16119,ATKR,ATKORE INC,20,0.03,-0.06309200000000001,0.23084716701737978,4276.97531,2.4654787205069706,1.6957938407918565
2021-09-30,16287,EVBG,EVERBRIDGE INC,45,-0.03,-0.037811,-0.39525368248772513,6025.293449999999,0.7967370701798763,1.0331397487880292
2021-09-30,16290,FLGT,FULGENT GENETICS INC,35,0.007236348460156899,-0.014172,-0.05126256722001404,2693.49604,1.5532029310962372,1.7987503765281823
2021-09-30,16382,COUP,COUPA SOFTWARE INC,45,-0.03,-0.104726,-0.5561335827293276,18113.98152,1.5394864214277773,1.3316733332200796
2021-09-30,16434,GOLF,ACUSHNET HOLDINGS CORP,25,0.03,-0.062157,0.5478138882394201,3692.34376,0.771723339819263,1.049558001388604
2021-09-30,16595,SNAP,SNAP INC,50,-0.016161149927594553,-0.029463999999999997,-0.3585457096095394,100909.53018,1.30617495504072,1.3399151812049865
2021-09-30,16649,OKTA,OKTA INC,45,-0.03,-0.099654,-0.480399033590523,38911.314000000006,1.0028089364689556,1.1484933393109646
2021-09-30,17106,BAND,BANDWIDTH INC,50,-0.005644946256005395,-0.12267600000000001,-0.25118852778427236,2381.6205,0.49294617546052116,0.9348375238988257
2021-09-30,17341,ZS,ZSCALER INC,45,-0.03,-0.057948,-0.39383134595900554,38615.77823999999,0.9004862760978323,1.0817050607772507
2021-09-30,17367,LPRO,OPEN LENDING CORP,40,-0.006050452324566727,-0.024377,-0.1153261631985036,4665.244299999999,0.441709623466742,0.2516593672069129
2021-09-30,17907,NKLA,NIKOLA CORP,20,-0.03,0.022978000000000002,-0.40524900631283606,4153.78922,0.9372837408206672,0.9980914365883864
2021-09-30,21020,AAL,AMERICAN AIRLINES GROUP INC,20,-0.03,0.029054,-0.5498402306912945,12910.31252,1.7077556941210568,1.6949758800178973
2021-09-30,24328,EQT,E Q T CORP,10,-0.03,0.11617,-0.5077351726287896,6929.03328,1.2664473782818833,0.9519422693043258
2021-09-30,37568,FELE,FRANKLIN ELECTRIC INC,20,0.03,-0.060399999999999995,0.3709765411893072,3945.79136,0.9470648213398088,1.0022093907030027
2021-09-30,40272,IFF,INTERNATIONAL FLAVORS & FRAG INC,15,-0.00078678927332047,-0.11214600000000001,-0.20084171148000932,37733.347499999996,0.8916905733553805,1.0712215014541218
2021-09-30,47730,ABM,A B M INDUSTRIES INC,20,0.0024993089730478493,-0.09110700000000001,0.315174187514613,3324.3271200000004,1.3098583408100086,1.1732469029870205
2021-09-30,49429,DDS,DILLARDS INC,25,0.01762117498001992,-0.093322,0.3000935234977788,3265.24624,0.8769742620555303,1.894847431384415
2021-09-30,52337,THC,TENET HEALTHCARE CORP,35,0.01136000530973303,-0.11828100000000001,-0.008728859792689574,8066.518899999999,2.459375712752523,1.7441684704329854
2021-09-30,56223,LPX,LOUISIANA PACIFIC CORP,15,0.03,-0.032662,0.2829475489049957,6041.1374399999995,1.7696120787307932,1.7829529111170335
2021-09-30,57808,VSH,VISHAY INTERTECHNOLOGY INC,45,0.03,-0.08144,0.3211752786220871,2915.66067,1.3593869618655325,1.4862855173094853
2021-09-30,58683,LUV,SOUTHWEST AIRLINES CO,20,-0.023785641066522815,0.033113000000000004,-0.3525251344400281,29452.0881,1.1887360722168607,1.2924732015788998
2021-09-30,61313,DCI,DONALDSON INC,20,0.03,-0.152653,0.41666666666666663,8508.383749999999,1.2726819145476858,1.1476114267318929
2021-09-30,62092,TMO,THERMO FISHER SCIENTIFIC INC,35,0.03,0.029959000000000003,0.20625828072636584,218327.87405,0.6867323350807522,1.03051333324751
2021-09-30,68196,SEIC,S E I INVESTMENTS CO,40,0.03,-0.055916,0.5284856986984646,8861.04637,1.0451007631024545,1.281832766707203
2021-09-30,76095,HOLX,HOLOGIC INC,35,0.03,-0.0675,0.2567999376510015,20063.49605,1.12331468464548,1.0985214371029264
2021-09-30,77699,FCEL,FUELCELL ENERGY INC,20,-0.012268126045636547,0.072082,-0.7020107552022445,2286.86016,4.356163762906128,2.0014454933658867
2021-09-30,78664,DDD,3 D SYSTEMS CORP DEL,45,0.009916918998980933,-0.09431700000000001,-0.1292962356792144,3812.18384,1.498561316223431,3.638466412697698
2021-09-30,79637,UHS,UNIVERSAL HEALTH SERVICES INC,35,0.017938701802312315,-0.111679,0.12025563089392877,11818.13424,1.1135154543633068,1.14267671537315
2021-09-30,80069,ARWR,ARROWHEAD PHARMACEUTICALS INC,35,-0.02431083821097,-0.06990800000000001,-0.37625672200140287,6997.86408,1.2160577847441374,1.3724263210768066
2021-09-30,80306,BCRX,BIOCRYST PHARMACEUTICALS INC,35,-0.029626319999999998,-0.09739500000000001,-0.4504520302392643,2847.6104,2.604458278357097,1.4404148928955682
2021-09-30,80575,SSD,SIMPSON MANUFACTURING CO INC,20,0.03,-0.054651,0.3798223053542203,4915.236,1.1930108919551383,1.0732761069478003
2021-09-30,82779,NVAX,NOVAVAX INC,35,-0.03,-0.13095400000000001,-0.5627386797599564,17767.41336,1.8198986033897653,1.0198715528946947
2021-09-30,82800,SCCO,SOUTHERN COPPER CORP,15,0.003072731245124951,-0.10308500000000001,0.41025641025641024,48387.13979,1.0951506446892196,1.3194670018995316
2021-09-30,83011,WSM,WILLIAMS SONOMA INC,25,0.0006363951194252951,-0.050221,0.1837347050113007,14024.717299999998,1.6557832371206838,1.3813526315482452
2021-09-30,83885,MVIS,MICROVISION INC WA,45,-0.024977716863358083,-0.249863,-0.7225274725274725,2415.1308000000004,4.090745484581437,2.081738109498833
2021-09-30,83916,TTEC,T T E C HOLDINGS INC,45,0.021653480975235565,-0.113156,0.15341750448133432,4955.0381,0.7421892601963261,1.2712183813441733
2021-09-30,84042,PAG,PENSKE AUTOMOTIVE GROUP INC,25,0.03,0.118615,0.41423115891200996,7223.98697,1.4981914038840478,1.4628880791278516
2021-09-30,84373,DGX,QUEST DIAGNOSTICS INC,35,0.03,-0.049238,0.37070376432078567,18672.92223,0.9888956595580504,0.7599846893957527
2021-09-30,85002,SRPT,SAREPTA THERAPEUTICS INC,35,-0.03,0.183787,-0.538344634089315,6237.4914,1.4229745125822837,1.3143277042496027
2021-09-30,85427,GPI,GROUP 1 AUTOMOTIVE INC,25,0.03,0.135605,0.44185955888083545,2990.16256,1.902426080608273,1.7660890424523503
2021-09-30,85621,MTD,METTLER TOLEDO INTERNATIONAL INC,35,0.03,-0.11303300000000001,0.2919297015041696,35896.77111,0.9309014001827888,1.030444943908125
2021-09-30,86047,AMKR,AMKOR TECHNOLOGY INC,45,0.011209835428022227,-0.090491,0.11012391863455691,6712.12968,1.6066650258887893,1.9749688271450319
2021-09-30,87337,PLUG,PLUG POWER INC,20,-0.01615711452134764,-0.019986999999999998,-0.6548398410100538,14967.6913,1.6126447147961633,2.454865229622078
2021-09-30,88351,INSM,INSMED INC,35,-0.027317176874085046,-0.017865,-0.5752669316499104,3231.5258799999997,2.3335629983632273,1.2058198084603529
2021-09-30,88504,BRKR,BRUKER CORP,35,0.021682360148353348,-0.115648,0.26274257657236383,13336.576200000001,1.2216983370093328,1.0957895612622615
2021-09-30,89301,GME,GAMESTOP CORP NEW,25,-0.005350239221462003,-0.19601000000000002,-0.3815563868755358,16764.1056,0.7900556440889093,1.2358227895166087
2021-09-30,89353,JBLU,JETBLUE AIRWAYS CORP,20,-0.022291647849898812,0.010542,-0.40719741251656144,4811.67286,1.5659777875654832,1.8404515793515637
2021-09-30,89533,WYNN,WYNN RESORTS LTD,25,-0.007293755051471702,-0.16661800000000002,-0.5236926194373003,11762.685679999999,2.3528426480070594,1.784571436843665
2021-09-30,89866,LKQ,L K Q CORP,25,0.021858097245231224,-0.045013,0.43246824097887926,15484.273749999998,1.5550239579706708,1.2866348367047973
2021-09-30,89916,NXST,NEXSTAR MEDIA GROUP INC,50,0.020283963550585406,0.014725,0.1339724105681553,6259.10075,1.829734034348422,1.4885438343922512
2021-09-30,90248,DPZ,DOMINOS PIZZA INC,25,-0.00976363213322176,-0.075573,-0.09145818720286807,19049.46406,0.4420133832322754,0.4614660984789305
2021-09-30,90319,GOOGL,ALPHABET INC,50,0.0009893923376816406,-0.076202,0.28265528797443695,871324.9357499998,0.9178598047701513,1.225311076383997
2021-09-30,90505,LVS,LAS VEGAS SANDS CORP,25,-0.03,-0.179589,-0.45386174109578364,34081.5939,1.343951323702514,1.3713608228264402
2021-09-30,90808,EXPE,EXPEDIA GROUP INC,25,-0.02694576,0.13422299999999998,-0.3752630348375029,20995.271999999997,1.6293855548049452,1.6054123545683017
2021-09-30,91041,LYV,LIVE NATION ENTERTAINMENT INC,50,-0.025899992274700707,0.051063000000000004,-0.34574468085106375,18986.433,1.2772831023017102,1.542123659773522
2021-09-30,91103,UAL,UNITED AIRLINES HOLDINGS INC,20,-0.03,0.022758,-0.5914971553269426,15051.24063,1.5279286253458269,1.7276086719698887
2021-09-30,91500,EXLS,EXLSERVICE HOLDINGS INC,45,0.03,-0.00019500000000000002,0.36637830254851533,4085.1694999999995,0.9285565014780455,1.0715244287443424
2021-09-30,91575,HRI,HERC HOLDINGS INC,20,0.03,0.243482,0.17808432702049723,3896.9667,2.983616917834554,2.0707152085785596
2021-09-30,91926,DAL,DELTA AIR LINES INC,20,-0.02512577846282152,0.053627,-0.49793468942405106,25878.162599999996,1.3618117025230427,1.5922829482002736
2021-09-30,91983,CLR,CONTINENTAL RESOURCES INC,10,0.03,0.174865,0.2410957836489752,14437.48184,3.284945967502305,1.8715733770974927
2021-09-30,92775,TREE,LENDINGTREE INC,40,-0.0018390817301623282,-0.160868,-0.38356324526537294,2218.67845,1.4740046842302108,1.6230817084001676
2021-09-30,93035,SEM,SELECT MEDICAL HOLDINGS CORP,35,0.03,0.04625,0.2853635725976152,4652.29232,1.2814079372067635,1.482605533907969
2021-09-30,93098,H,HYATT HOTELS CORP,25,-0.027639689999999998,0.047664000000000005,-0.3966565349544074,3029.9210700000003,1.4533802153758262,1.5313151878089217
2021-09-30,93330,PRI,PRIMERICA INC,40,0.026422004329636564,0.004479,0.25048710155093135,6036.5418,1.4445056856604608,1.2567022440136193
2021-10-31,10032,PLXS,PLEXUS CORP,45,0.008997485355935609,-0.023413,0.2253955168217328,2525.8325,1.1284167158168759,1.1601366915858466
2021-10-31,10874,BC,BRUNSWICK CORP,25,0.026848388722274998,-0.022919,0.24953872727986498,7383.3297299999995,1.7721192906660677,1.6033508860805783
2021-10-31,11691,MATX,MATSON INC,20,0.03,0.031805,0.4016802104188749,3507.6566,0.9249539212637228,1.2844229291128757
2021-10-31,11809,CLH,CLEAN HARBORS INC,20,0.028350941175436958,0.08343300000000001,0.32754288854865937,5650.83961,1.6468887567546313,1.3579397424959996
2021-10-31,11891,MGM,M G M RESORTS INTERNATIONAL,25,-0.0105845975632465,0.092895,-0.38929454716758916,20793.122,2.2980253502137793,1.913671765609407
2021-10-31,12062,LH,LABORATORY CORP AMERICA HLDGS,35,0.02782944,0.019790000000000002,0.2594315549797825,27215.248,1.0044902131892486,0.9824847145483616
2021-10-31,12981,FBHS,FORTUNE BRANDS HOME & SECUR INC,20,0.010514657584703494,0.133938,0.2759196011463118,12329.140179999999,1.5319514644055683,1.4084258491212345
2021-10-31,13046,UI,UBIQUITI INC,45,0.02758788,0.022932,0.350508381423468,18666.576330000004,1.3860680218101362,1.2393119471767395
2021-10-31,13169,ZNGA,ZYNGA INC,50,-0.01909043867090134,-0.019957,-0.25244376398539625,8284.506000000001,0.17274919966650767,1.0130627495509525
2021-10-31,13379,SPLK,SPLUNK INC,45,-0.02857326235231837,0.138931,-0.5208456012248263,23377.32166,1.210136364138387,1.746558266088281
2021-10-31,13688,PCG,P G & E CORP,55,-0.028315353235333962,0.20829599999999998,-0.25489734228398697,19058.620799999997,1.3082209892497938,0.5424698468869976
2021-10-31,13748,TPH,TRI POINTE HOMES INC,25,0.02614115309561626,0.150772,0.3198092097515016,2391.84478,1.4491180574195668,1.8507311434332194
2021-10-31,13766,BCC,BOISE CASCADE CO,20,0.03,0.04887,0.31490205315432035,2123.08738,1.90947802029576,1.768815483837817
2021-10-31,13802,APAM,ARTISAN PARTNERS ASSET MGMT INC,40,0.0013816205349855804,0.012636999999999999,0.2190750991245633,3171.92388,1.7885755362159441,1.8208411747817737
2021-10-31,13837,EVTC,EVERTEC INC,45,0.03,-0.010098000000000001,0.5515644015231814,3290.4683999999997,0.9293842776267028,0.9669872677353165
2021-10-31,14054,MRTX,MIRATI THERAPEUTICS INC,35,-0.03,0.068416,-0.5425352333843677,9158.099970000001,1.4342584700127312,0.7064122167503812
2021-10-31,14136,RNG,RINGCENTRAL INC,45,-0.03,0.12079100000000001,-0.42849291406587364,17706.24,0.7699951208829823,1.1964873215972487
2021-10-31,14159,FEYE,FIREEYE INC,45,-0.02315079705689956,-0.020262,-0.42013111922427665,4268.1374,1.0472501376962708,1.8958580464321777
2021-10-31,14176,XLRN,ACCELERON PHARMA INC,35,-0.03,0.012048999999999999,-0.6025792015074785,10520.6451,0.26722752594129257,0.8641050667784929
2021-10-31,14262,SRNE,SORRENTO THERAPEUTICS INC,35,-0.03,-0.100954,-0.6160836964629216,2315.4532099999997,2.3696871094852052,1.4284481096736226
2021-10-31,14593,AAPL,APPLE INC,45,0.019432153131243947,0.05862,0.29370313665449693,2324390.219,1.151889011143478,1.3027220524818635
2021-10-31,14716,CCS,CENTURY COMMUNITIES INC,25,0.005568891750629826,0.091257,0.13557492246692576,2072.2169000000004,1.9191979490648352,2.1623630328757586
2021-10-31,15167,SHAK,SHAKE SHACK INC,25,-0.0234094019628,-0.11844099999999999,-0.4244886742825737,3070.61056,1.6813864956864641,1.8969923461256588
2021-10-31,15272,SEDG,SOLAREDGE TECHNOLOGIES INC,45,-0.022213873332347915,0.337268,-0.5371962470066345,13929.08918,0.9933197612048507,2.1903471426414236
2021-10-31,15546,Z,ZILLOW GROUP INC,50,-7.534193602116755e-05,0.175706,-0.5459898716287834,16499.01474,1.3151868015067056,1.9979111272455006
2021-10-31,15585,TDOC,TELADOC HEALTH INC,35,-0.01441615872955275,0.17960199999999998,-0.439975660503278,20194.23888,0.40814063564085185,0.9325550148265305
2021-10-31,16064,NTLA,INTELLIA THERAPEUTICS INC,35,-0.03,-0.008759000000000001,-0.8076198327641031,9972.9793,2.2519544177993858,2.667592253785933
2021-10-31,16068,RETA,REATA PHARMACEUTICALS INC,35,-0.02132348687203869,-0.045758,-0.5328779492011149,3166.3979200000003,1.5029470302586343,1.4832556260216594
2021-10-31,16119,ATKR,ATKORE INC,20,0.02810724,0.08751500000000001,0.2507949593687434,4007.2727600000003,2.451639204510614,1.8795898075602748
2021-10-31,16287,EVBG,EVERBRIDGE INC,45,-0.028865669999999996,0.054716999999999995,-0.3816590115023751,5822.44096,0.8198946544503475,1.0778000791678635
2021-10-31,16290,FLGT,FULGENT GENETICS INC,35,0.007133794929779555,-0.078192,-0.03134691634279428,2683.11855,1.543933768249554,1.8808904749978013
2021-10-31,16382,COUP,COUPA SOFTWARE INC,45,-0.03,0.038834999999999995,-0.5072822203902171,16217.566560000001,1.5658420997886922,1.4127910667315415
2021-10-31,16434,GOLF,ACUSHNET HOLDINGS CORP,25,0.03,0.090755,0.5747654379146547,3451.4102000000003,0.7891508422737215,1.1651973132688043
2021-10-31,16595,SNAP,SNAP INC,50,-0.015684977806127907,-0.288246,-0.3879598005731558,97939.65306,1.301089673048887,1.4877115594256969
2021-10-31,16649,OKTA,OKTA INC,45,-0.027010379999999997,0.041422999999999995,-0.366230911160837,34047.13502,1.0465441676246636,1.2142071327857888
2021-10-31,17106,BAND,BANDWIDTH INC,50,-0.004952446829103677,-0.055420000000000004,-0.3154123974404271,2091.3361999999997,0.5557515941724068,0.9974013897698047
2021-10-31,17341,ZS,ZSCALER INC,45,-0.028261559999999998,0.215965,-0.348290346641542,36379.35392,0.9333001261584517,1.136239767628062
2021-10-31,17367,LPRO,OPEN LENDING CORP,40,-0.005902960448250764,-0.12618100000000002,-0.04257449063714523,4551.6733,0.46374220751728396,0.28605911052458793
2021-10-31,17907,NKLA,NIKOLA CORP,20,-0.03,0.105867,-0.39039375024535783,4313.94502,0.9246093218642517,0.9495223003537643
2021-10-31,21020,AAL,AMERICAN AIRLINES GROUP INC,20,-0.03,-0.06436499999999999,-0.5512110862481844,13286.22804,1.6526205975487265,1.8222256303507216
2021-10-31,22111,JNJ,JOHNSON & JOHNSON,35,0.004056068230619904,0.008508,0.4046441330035724,425145.843,0.6625326811958183,0.5472521911928597
2021-10-31,24328,EQT,E Q T CORP,10,-0.03,-0.026919,-0.5346445255761002,7732.775160000001,1.1853062010181143,1.0532806724503205
2021-10-31,37568,FELE,FRANKLIN ELECTRIC INC,20,0.028187999999999998,0.08174100000000001,0.3363365131708083,3706.23775,0.9618958606994508,1.0619376317516478
2021-10-31,40272,IFF,INTERNATIONAL FLAVORS & FRAG INC,15,-0.0006985540034746726,0.10264000000000001,-0.20417697169552076,34035.083,0.9250962334951778,1.1673927008510063
2021-10-31,47730,ABM,A B M INDUSTRIES INC,20,0.0022716044304403786,-0.018216,0.21094884779963094,3026.51741,1.3245097748284131,1.2235454368710172
2021-10-31,49429,DDS,DILLARDS INC,25,0.03,0.33975,0.3004750127586072,2868.49004,0.9123865622920031,2.0668308805035345
2021-10-31,52337,THC,TENET HEALTHCARE CORP,35,0.010016332521692498,0.07853,0.05596121383425586,7112.66776,2.4597141495373513,1.7775179073656262
2021-10-31,56223,LPX,LOUISIANA PACIFIC CORP,15,0.03,-0.039796000000000005,0.31865112079456676,5844.01962,1.7473092568219735,1.8713818331492391
2021-10-31,57808,VSH,VISHAY INTERTECHNOLOGY INC,45,0.03,-0.043342000000000006,0.340144466690221,2666.16399,1.3668274047113549,1.5586354740142547
2021-10-31,58683,LUV,SOUTHWEST AIRLINES CO,20,-0.024573254999158585,-0.080729,-0.33062458289168933,30428.302349999998,1.1528798907845035,1.3563623994535685
2021-10-31,61313,DCI,DONALDSON INC,20,0.025420409999999997,0.045251,0.34925214933458953,7119.471509999999,1.3137697334740297,1.183122403019677
2021-10-31,62092,TMO,THERMO FISHER SCIENTIFIC INC,35,0.007470452253836001,0.108027,0.10546460958662111,224772.07727,0.6686445099643135,1.1069722283341306
2021-10-31,63765,SWN,SOUTHWESTERN ENERGY CO,10,-0.021684646764666013,-0.119171,-0.37190358418717856,5622.9892,1.322761872934074,0.9043404872295753
2021-10-31,68196,SEIC,S E I INVESTMENTS CO,40,0.03,0.063032,0.48932202724453344,8260.7865,1.0461000335121697,1.393539302884034
2021-10-31,76095,HOLX,HOLOGIC INC,35,0.027975,-0.006810999999999999,0.22959604286892002,18722.12793,1.1323598095164766,1.1401796120585768
2021-10-31,77699,FCEL,FUELCELL ENERGY INC,20,-0.03,0.19428299999999998,-0.6357908373572017,2452.64766,4.246837933775062,2.1655007175877143
2021-10-31,78664,DDD,3 D SYSTEMS CORP DEL,45,0.011868428044081225,0.021363,-0.09239194441173011,3452.7565200000004,1.542928836414892,3.9800019420112975
2021-10-31,79637,UHS,UNIVERSAL HEALTH SERVICES INC,35,0.015935325523731877,-0.103166,0.1309425666391866,10498.685379999999,1.140484220212177,1.1525601596038575
2021-10-31,80069,ARWR,ARROWHEAD PHARMACEUTICALS INC,35,-0.00804876899441232,0.022228,-0.3306638401444667,6513.13461,1.2500435547243687,1.2062398437979636
2021-10-31,80306,BCRX,BIOCRYST PHARMACEUTICALS INC,35,-0.002411847425572663,0.038932999999999995,-0.4073725120716052,2583.59667,2.6062084788156437,1.529368461959645
2021-10-31,80575,SSD,SIMPSON MANUFACTURING CO INC,20,0.02836047,-0.006000999999999999,0.39789188552585086,4646.7768,1.1952210968386172,1.1227099188661986
2021-10-31,81073,UHAL,AMERCO,20,0.021720760483519674,0.14154999999999998,0.44698308012405297,12667.35624,0.817618827925992,1.0264480622811958
2021-10-31,82779,NVAX,NOVAVAX INC,35,-0.03,-0.282127,-0.574451379892435,15634.49096,1.8035569901000286,1.1974142188658847
2021-10-31,82800,SCCO,SOUTHERN COPPER CORP,15,0.020698554003474676,0.068542,0.3898834059592509,43400.76734,1.1233644617575997,1.4408554599159387
2021-10-31,83011,WSM,WILLIAMS SONOMA INC,25,0.0006044347201326374,0.051275,0.2132257684607231,13187.32278,1.6457249482883418,1.5156196977821699
2021-10-31,84042,PAG,PENSKE AUTOMOTIVE GROUP INC,25,0.03,0.054138,0.32746437404310447,8081.097399999999,1.420170694669033,1.617279169534954
2021-10-31,84373,DGX,QUEST DIAGNOSTICS INC,35,0.03,0.014513,0.38807757233148826,17754.12111,0.9939590664174909,0.7795378621191046
2021-10-31,85002,SRPT,SAREPTA THERAPEUTICS INC,35,-0.03,-0.14439300000000002,-0.5235150944136929,7394.60832,1.4380480998974818,1.6025231817811747
2021-10-31,85427,GPI,GROUP 1 AUTOMOTIVE INC,25,0.03,-0.043043000000000005,0.37359164605660894,3395.74312,1.8107563319488402,1.8884424289556379
2021-10-31,85621,MTD,METTLER TOLEDO INTERNATIONAL INC,35,0.02660901,0.07512100000000001,0.2868723746712205,31840.431119999997,0.9708918215906823,1.1249919038420657
2021-10-31,86047,AMKR,AMKOR TECHNOLOGY INC,45,0.010195446210305067,-0.12147999999999999,0.11547520904487106,6092.5405,1.6234337577930926,2.130213687540291
2021-10-31,87337,PLUG,PLUG POWER INC,20,-0.015834182273409464,0.498397,-0.6537510305028855,14712.189299999998,1.617923161893273,2.6171513162203217
2021-10-31,88351,INSM,INSMED INC,35,-0.03,0.094734,-0.5740195501118832,3259.4967,2.3082763111281475,1.3005272759078494
2021-10-31,88504,BRKR,BRUKER CORP,35,0.019174838561916582,0.028132,0.21734778000235547,11847.0671,1.253949743945738,1.1961257910740133
2021-10-31,89301,GME,GAMESTOP CORP NEW,25,-0.03,0.045783,-0.5331920072233346,13421.87577,0.896323048513408,1.3647339970798325
2021-10-31,89353,JBLU,JETBLUE AIRWAYS CORP,20,-0.022526646401532447,-0.08244399999999999,-0.41542024889098267,4862.55638,1.5314352146418189,1.9784284959149443
2021-10-31,89533,WYNN,WYNN RESORTS LTD,25,-0.006211760578447224,0.05955,-0.5267145605150552,9802.100250000001,2.382254941366919,1.989034662069496
2021-10-31,89866,LKQ,L K Q CORP,25,0.03,0.094558,0.42293801279786436,14705.718080000002,1.5388958536854271,1.3187475567546485
2021-10-31,89916,NXST,NEXSTAR MEDIA GROUP INC,50,0.016111730159612217,-0.013396,0.10640678365327991,6263.487280000001,1.7955534467456677,1.5980150337012884
2021-10-31,90319,GOOGL,ALPHABET INC,50,0.0009139986627656242,0.107462,0.29637262984336354,804197.48952,0.939125227766872,1.2616551253124801
2021-10-31,90505,LVS,LAS VEGAS SANDS CORP,25,-0.03,0.060346,-0.46798571035998904,27962.034,1.4069601920957846,1.5459191593689636
2021-10-31,90808,EXPE,EXPEDIA GROUP INC,25,-0.03,0.003075,-0.3766340831468614,23916.943600000002,1.5393082431635579,1.7372112244156899
2021-10-31,91041,LYV,LIVE NATION ENTERTAINMENT INC,50,-0.02722252358022375,0.109916,-0.34177364268048527,20178.36912,1.2338855915201659,1.6283263840645261
2021-10-31,91103,UAL,UNITED AIRLINES HOLDINGS INC,20,-0.03,-0.030098,-0.5930200604561693,15403.49899,1.4857440120921706,1.8288768829133477
2021-10-31,91500,EXLS,EXLSERVICE HOLDINGS INC,45,0.02999415,-0.004017,0.42148549444509875,4105.31328,0.90951536453919,1.0254315773860885
2021-10-31,91575,HRI,HERC HOLDINGS INC,20,0.03,0.11669600000000001,0.1232088878420288,4845.93516,2.8143062725043273,2.205726385190608
2021-10-31,91926,DAL,DELTA AIR LINES INC,20,-0.03,-0.08170799999999999,-0.4876143367487143,27266.77815,1.3131920504991017,1.663497653311116
2021-10-31,91983,CLR,CONTINENTAL RESOURCES INC,10,0.03,0.057601,0.2232167392925843,16962.570949999998,3.1395821066840024,1.963094995545453
2021-10-31,93035,SEM,SELECT MEDICAL HOLDINGS CORP,35,0.03,-0.081596,0.307345031994661,4867.61392,1.2493987595963836,1.5678817609829376
2021-10-31,93098,H,HYATT HOTELS CORP,25,-0.028957108184159995,0.105021,-0.4135751580104424,3860.2427999999995,1.392883704290265,1.589166525145336
2021-10-31,93330,PRI,PRIMERICA INC,40,0.02452133991326519,0.09506200000000001,0.21974247242177994,6063.7761,1.408334136481511,1.3485486889814737
2021-11-30,11691,MATX,MATSON INC,20,0.03,-0.017863999999999998,0.36302726637147525,3619.3488,0.9161013330676905,1.2747786023465915
2021-11-30,11809,CLH,CLEAN HARBORS INC,20,0.03,-0.098676,0.35791967684300474,6122.513620000001,1.6466363895072107,1.4026812553570789
2021-11-30,11891,MGM,M G M RESORTS INTERNATIONAL,25,-0.011567853753884283,-0.160773,-0.35663792433776115,22725.460799999997,2.298494672694412,1.9865151501393257
2021-11-30,11995,COKE,COCA COLA CONSOLIDATED INC,30,0.03,0.421406,0.5198477433387712,2866.3974,0.9653831060256368,0.747016877443059
2021-11-30,12062,LH,LABORATORY CORP AMERICA HLDGS,35,0.028380184617599998,-0.005932,0.23390041171444104,27754.834,0.966955153598457,1.0219823713682876
2021-11-30,12591,APO,APOLLO GLOBAL MANAGEMENT INC,40,-0.008251467601786192,-0.074126,-0.3968189233278956,18123.80265,1.5535462138140508,1.5252982804519342
2021-11-30,13046,UI,UBIQUITI INC,45,0.028220525264159996,-0.018545,0.2885885186048318,19084.01486,1.349425679127926,1.3188759456682717
2021-11-30,13169,ZNGA,ZYNGA INC,50,-0.01870945078634616,-0.182971,-0.18826225433076985,8266.93578,0.1405956177966865,1.0840698116483767
2021-11-30,13262,CCXI,CHEMOCENTRYX INC,35,-0.011268153049998139,0.042185,-0.5708459566534608,2437.7791100000004,1.8331611149213725,1.52294037956702
2021-11-30,13379,SPLK,SPLUNK INC,45,-0.03,-0.26591,-0.4317175483570263,26170.44924,1.2452983589508402,1.85431696973384
2021-11-30,13688,PCG,P G & E CORP,55,-0.03,0.024094,-0.20595432300163133,23029.1668,1.3885221457209886,0.5919058648318756
2021-11-30,13748,TPH,TRI POINTE HOMES INC,25,0.03,0.032201,0.2799658199331935,2688.4282200000002,1.4333848669270666,1.896326808196277
2021-11-30,13766,BCC,BOISE CASCADE CO,20,0.03,0.20006200000000002,0.29076361376524507,2226.92122,1.8248907403371253,1.9184224825082683
2021-11-30,13802,APAM,ARTISAN PARTNERS ASSET MGMT INC,40,0.0013990800736861932,-0.077823,0.16138429270566304,3230.8006399999995,1.746328636982447,1.9562259802142028
2021-11-30,13837,EVTC,EVERTEC INC,45,0.029697059999999997,-0.071267,0.3573953235454051,3253.7637,0.8741584448130763,1.024992591285887
2021-11-30,14054,MRTX,MIRATI THERAPEUTICS INC,35,-0.03,-0.27647,-0.5313252544084518,9784.998340000002,1.3264429013976229,0.7127206302441867
2021-11-30,14136,RNG,RINGCENTRAL INC,45,-0.03,-0.114081,-0.43523265750019424,19845.64224,0.7452197634191926,1.2960078217869557
2021-11-30,14159,MNDT,MANDIANT INC,45,-0.02268171560693266,-0.026994,-0.3516468577643129,4181.81552,0.9622501047822541,2.0137142361193607
2021-11-30,14176,XLRN,ACCELERON PHARMA INC,35,-0.03,0.03337,-0.43855356171832505,10647.79758,0.18173399008380697,0.8673262871168945
2021-11-30,14262,SRNE,SORRENTO THERAPEUTICS INC,35,-0.03,-0.131239,-0.6256117455138662,2101.4649600000002,2.1925240811435316,1.479496199897178
2021-11-30,14593,AAPL,APPLE INC,45,0.020571265947797464,0.105032,0.22411248349258137,2457678.2706000004,1.1427276199187246,1.2710406677710613
2021-11-30,15167,SHAK,SHAKE SHACK INC,25,-0.020636768984924003,0.055181999999999995,-0.3328866620057484,2707.0371200000004,1.5779656561703708,1.9791356452540054
2021-11-30,15272,SEDG,SOLAREDGE TECHNOLOGIES INC,45,-0.02970590196340223,-0.075943,-0.539637225200031,18627.7936,1.0210706874545257,2.2678952457723986
2021-11-30,15546,Z,ZILLOW GROUP INC,50,-8.857996623170281e-05,-0.476354,-0.5599704808513944,19400.77956,1.346875859223838,2.161079088027298
2021-11-30,15585,TDOC,TELADOC HEALTH INC,35,-0.017005329669697884,-0.323194,-0.4207838110774489,22480.53479,0.4158985944458012,0.9830100282838845
2021-11-30,16064,NTLA,INTELLIA THERAPEUTICS INC,35,-0.03,-0.135177,-0.8165151868251378,9896.238619999998,2.130465206077797,2.7845838245747014
2021-11-30,16068,RETA,REATA PHARMACEUTICALS INC,35,-0.020347766759747945,-0.10847,-0.44401072011186205,3021.62672,1.395163652421941,1.5515617393619419
2021-11-30,16119,ATKR,ATKORE INC,20,0.03,0.126582,0.25332090421813097,4358.1165900000005,2.4342547318701486,2.0090504024505895
2021-11-30,16140,TWLO,TWILIO INC,45,-0.01595453369894227,-0.017925999999999997,-0.5542802765478133,49079.30064000001,1.3432589221939257,1.7579866742558583
2021-11-30,16287,EVBG,EVERBRIDGE INC,45,-0.03,-0.288099,-0.3828555892177425,6141.24119,0.7671120476231336,1.0998850796499386
2021-11-30,16290,FLGT,FULGENT GENETICS INC,35,0.006575989236630232,0.12779000000000001,0.008778062611667818,2473.42068,1.4477512474192138,1.962761212007244
2021-11-30,16382,COUP,COUPA SOFTWARE INC,45,-0.03,-0.13636399999999999,-0.523673580361998,16989.6078,1.4669858730743521,1.537544401084759
2021-11-30,16434,GOLF,ACUSHNET HOLDINGS CORP,25,0.03,0.067486,0.5432494368057175,3764.77164,0.7945531033491402,1.249929196644092
2021-11-30,16595,SNAP,SNAP INC,50,-0.011163845693422762,-0.094567,-0.330847510292861,71271.87452,1.1414823147536204,1.5216432961190463
2021-11-30,16649,OKTA,OKTA INC,45,-0.028129230970739997,-0.129302,-0.39423599782490487,36693.37664,1.0202478242849635,1.3015293741933371
2021-11-30,17341,ZS,ZSCALER INC,45,-0.03,0.088114,-0.3311970791579274,44650.603520000004,0.9786202869626838,1.2238203930087626
2021-11-30,17907,NKLA,NIKOLA CORP,20,-0.03,-0.13394199999999998,-0.3764856676765322,4770.8108,0.9278894624507508,0.9750330951818061
2021-11-30,18184,FSR,FISKER INC,25,-0.03,0.332666,-0.4230948496853881,2628.10725,0.9845522413710319,0.7795711307400136
2021-11-30,21020,AAL,AMERICAN AIRLINES GROUP INC,20,-0.028069049999999998,-0.07869,-0.47469509826769213,12432.287999999999,1.6407575394680483,1.898825718913993
2021-11-30,22111,JNJ,JOHNSON & JOHNSON,35,0.004090577259126018,-0.036359,0.2724306688417618,428778.66816,0.6482747839410471,0.5626050777099647
2021-11-30,24328,EQT,E Q T CORP,10,-0.03,-0.024152999999999997,-0.6027538258370232,7524.9645900000005,1.1335655673940586,1.1208472826929103
2021-11-30,37568,FELE,FRANKLIN ELECTRIC INC,20,0.03,0.021284,0.2938320515808281,4010.7097799999997,0.9452070900721945,1.114945179091316
2021-11-30,40272,IFF,INTERNATIONAL FLAVORS & FRAG INC,15,-0.000770253586391313,-0.035853,-0.25802066340402396,37529.71125,0.9293946617629144,1.2334636215284904
2021-11-30,44943,DIOD,DIODES INC,45,0.03,0.10673099999999999,0.32610891012196064,4325.77962,1.086682330893507,1.7461878578551895
2021-11-30,47730,ABM,A B M INDUSTRIES INC,20,0.0022302248841354765,0.022451000000000002,0.21347005360055935,2959.27641,1.2946779700084783,1.2963622853223007
2021-11-30,49429,DDS,DILLARDS INC,25,0.03,0.23711300000000002,0.31265050881690365,3843.1647799999996,1.0097885321152071,2.044193351863762
2021-11-30,52337,THC,TENET HEALTHCARE CORP,35,0.010802915114621009,0.016841000000000002,-0.017983376058416854,7671.48964,2.4045784992501518,1.8528482472720382
2021-11-30,56223,LPX,LOUISIANA PACIFIC CORP,15,0.028806119999999998,0.111937,0.3161850384525752,5611.66818,1.6872369548738517,1.9872111678991131
2021-11-30,57808,VSH,VISHAY INTERTECHNOLOGY INC,45,0.03,0.059789999999999996,0.42732851705119235,2550.7054200000002,1.327364871000091,1.5621707938602236
2021-11-30,58683,LUV,SOUTHWEST AIRLINES CO,20,-0.022589480696331512,-0.060958000000000005,-0.2180144488464227,27985.9776,1.1101651239830466,1.4159569007538384
2021-11-30,61313,DCI,DONALDSON INC,20,0.026570708972909994,-0.059701000000000004,0.4483803309251923,7416.93595,1.3040560256338316,1.2011947616560688
2021-11-30,62092,TMO,THERMO FISHER SCIENTIFIC INC,35,0.008277462799461142,-0.000423,0.14297366581216497,249061.76633,0.6675070972920243,1.160146438914128
2021-11-30,68196,SEIC,S E I INVESTMENTS CO,40,0.03,-0.054137000000000005,0.46368367901809976,8791.11712,1.0471713484369165,1.4256603383475834
2021-11-30,76095,HOLX,HOLOGIC INC,35,0.027784462274999998,0.019326,0.24955332867241517,18595.30143,1.0871872498832527,1.200078603900934
2021-11-30,77699,FCEL,FUELCELL ENERGY INC,20,-0.03,0.086314,-0.6022683135244311,2929.2858100000003,4.121178502374965,2.3208451681316244
2021-11-30,78664,DDD,3 D SYSTEMS CORP DEL,45,0.01902562762338248,-0.191095,-0.08327507185582225,3526.6457600000003,1.4396370593736592,4.1699402620595665
2021-11-30,80069,ARWR,ARROWHEAD PHARMACEUTICALS INC,35,-0.008227677031620115,0.097574,-0.31902043035811395,6658.1491399999995,1.1359889291717449,1.2246328672159927
2021-11-30,80306,BCRX,BIOCRYST PHARMACEUTICALS INC,35,-0.0025057478813924837,-0.192274,-0.390215955876641,2686.44448,2.54193387538536,1.5957384336451577
2021-11-30,81073,UHAL,AMERCO,20,0.024795334129961887,-0.044047,0.3903324788316632,14450.89992,0.8547160047031769,1.1115193704346782
2021-11-30,82634,SAM,BOSTON BEER INC,30,-0.011508546547014359,-0.083926,-0.38806028120873154,5025.265920000001,0.7110313694803652,1.0085459300843822
2021-11-30,82779,NVAX,NOVAVAX INC,35,-0.02153619,0.40175700000000003,-0.5283539190553873,11252.738640000001,1.5343002862216868,1.236051703695432
2021-11-30,82800,SCCO,SOUTHERN COPPER CORP,15,0.021964133586391318,-0.00858,0.2639244931251457,46377.12919,1.147767867335469,1.574631707740434
2021-11-30,83011,WSM,WILLIAMS SONOMA INC,25,0.0006354271104074383,0.049006,0.3061058028431601,13811.997179999998,1.6031675589381467,1.590338027355428
2021-11-30,84042,PAG,PENSKE AUTOMOTIVE GROUP INC,25,0.03,-0.056780000000000004,0.2730132836168725,8303.18475,1.3932113559605,1.7332098102912492
2021-11-30,84373,DGX,QUEST DIAGNOSTICS INC,35,0.03,0.012901,0.26050648644449625,18006.2365,0.9694616583261331,0.813026212997337
2021-11-30,85002,SRPT,SAREPTA THERAPEUTICS INC,35,-0.02566821,0.021187,-0.5398508506175717,6890.403009999999,1.2482660862928316,1.708018467637562
2021-11-30,85427,GPI,GROUP 1 AUTOMOTIVE INC,25,0.02870871,0.085051,0.24128019886584326,3249.7052000000003,1.739881373402555,1.8437837189798132
2021-11-30,85621,MTD,METTLER TOLEDO INTERNATIONAL INC,35,0.03,0.022409000000000002,0.3475491338460343,34233.502960000005,0.9647087815799678,1.1886730034597575
2021-11-30,86047,AMKR,AMKOR TECHNOLOGY INC,45,0.008956903404677207,-0.016467,0.2291618115435408,5359.988,1.5275686479732768,2.1891408410604134
2021-11-30,87337,PLUG,PLUG POWER INC,20,-0.02372589121592992,0.041242,-0.6408956731142702,22045.242150000002,1.7183679522961588,2.7737275024903005
2021-11-30,88351,INSM,INSMED INC,35,-0.03,-0.087275,-0.5517361920298299,3568.9157999999998,2.266439739137371,1.3684265181772446
2021-11-30,88504,BRKR,BRUKER CORP,35,0.01971426512034042,0.009047,0.3231569952613998,12180.7873,1.2084968061685293,1.2359721334204998
2021-11-30,89301,GME,GAMESTOP CORP NEW,25,-0.03,0.069162,-0.5020197312203838,14036.86341,0.7968738394630644,1.406123949502532
2021-11-30,89533,WYNN,WYNN RESORTS LTD,25,-0.006581670920893757,-0.097928,-0.44533131360211303,10386.0884,2.364885607393997,2.0834018963117704
2021-11-30,89866,LKQ,L K Q CORP,25,0.03,0.019268,0.25844791423910507,16055.324279999999,1.527863457981156,1.3714179896166527
2021-11-30,89916,NXST,NEXSTAR MEDIA GROUP INC,50,0.015895897422394053,0.001227,0.18107667210440456,6179.814740000001,1.7106139171792558,1.6796108145778492
2021-11-30,90319,GOOGL,ALPHABET INC,50,0.0010122187870637437,-0.041575,0.19824438747766646,890674.3452,0.9589607537212868,1.2871760284361322
2021-11-30,90505,LVS,LAS VEGAS SANDS CORP,25,-0.03,-0.082239,-0.46249902897537487,29650.451900000004,1.4172760685065044,1.6178669495956033
2021-11-30,90564,PBH,PRESTIGE CONSUMER HEALTHCARE INC,35,0.010933217969677738,-0.067389,0.38005903829721127,3003.0994,0.6519011759345085,0.8288736628326002
2021-11-30,90808,EXPE,EXPEDIA GROUP INC,25,-0.00666086361436995,-0.020236999999999998,-0.2301716771537326,24004.51764,1.545181913550071,1.7835890013100277
2021-11-30,91041,LYV,LIVE NATION ENTERTAINMENT INC,50,-0.03,0.054331,-0.3201468189233279,22397.037600000003,1.2496001749978005,1.7112071451578066
2021-11-30,91103,UAL,UNITED AIRLINES HOLDINGS INC,20,-0.02909706,-0.084136,-0.4822496698516274,14940.45498,1.4737875208940199,1.8930875397626992
2021-11-30,91500,EXLS,EXLSERVICE HOLDINGS INC,45,0.03,0.058995,0.4082964343975763,4083.9468899999997,0.8536171204320642,1.1075988501395206
2021-11-30,91575,HRI,HERC HOLDINGS INC,20,0.028099300872475863,-0.063711,0.022488930319272904,5398.94232,2.7715553741706627,2.346879644272284
2021-11-30,91926,DAL,DELTA AIR LINES INC,20,-0.02754876,-0.074923,-0.3435873533752816,25043.74782,1.27849109907474,1.716337759700562
2021-11-30,91983,CLR,CONTINENTAL RESOURCES INC,10,0.03,-0.08777800000000001,0.25081566068515493,17940.26193,3.097966397645355,2.025154264539932
2021-11-30,93035,SEM,SELECT MEDICAL HOLDINGS CORP,35,0.03,-0.188779,0.32876951759496625,4470.61472,1.1781617583319284,1.660566745803471
2021-11-30,93098,H,HYATT HOTELS CORP,25,-0.03,-0.075514,-0.3930125067971724,4265.7936,1.4200106971934188,1.6389881008959313
2021-11-30,93330,PRI,PRIMERICA INC,40,0.026852387528100003,-0.122764,0.255884409228618,6640.4328000000005,1.424695100270365,1.4096661302435913
2021-12-31,11691,MATX,MATSON INC,20,0.03,0.104189,0.49057953732411164,3426.86896,0.946372497373987,1.3015436510707423
2021-12-31,11809,CLH,CLEAN HARBORS INC,20,0.02703972,-0.01653,0.2334446299387869,5519.55328,1.6503681494853357,1.300274420811854
2021-12-31,11891,MGM,M G M RESORTS INTERNATIONAL,25,-0.0048477719282253515,0.133906,-0.2443954209396613,18561.4368,2.32440539951548,1.8747433408820162
2021-12-31,11995,COKE,COCA COLA CONSOLIDATED INC,30,0.03,0.085146,0.3230383973288814,4074.4403700000003,0.8441733438146908,0.8083590653776341
2021-12-31,12062,LH,LABORATORY CORP AMERICA HLDGS,35,0.028211833362448393,0.101149,0.15319182764925668,27306.081,0.9778535925773427,1.0037291995719382
2021-12-31,12591,APO,APOLLO GLOBAL MANAGEMENT INC,40,-0.007639819314336189,0.023245,-0.29648620717068125,17452.86162,1.5709222932974403,1.5028070263453783
2021-12-31,13046,UI,UBIQUITI INC,45,0.02306098745811943,0.024692,0.09949121551792671,18694.25198,1.3575592729340378,1.1707403268015768
2021-12-31,13169,ZNGA,ZYNGA INC,50,-0.015286163866517618,0.061293,-0.18930360124016218,6754.691430000001,0.18709356996645624,1.0621192856968107
2021-12-31,13262,CCXI,CHEMOCENTRYX INC,35,-0.01174350008641231,0.003516,-0.40102551872167896,2540.7246800000003,1.7831301993803677,1.5254223571181695
2021-12-31,13379,SPLK,SPLUNK INC,45,-0.0220227,-0.043703,-0.4592177438588124,19213.227,1.3319667785598364,2.0044315240132526
2021-12-31,13688,PCG,P G & E CORP,55,-0.03,0.021818999999999998,-0.2839057158756657,23586.18372,1.3974327521596344,0.5857009210850895
2021-12-31,13748,TPH,TRI POINTE HOMES INC,25,0.03,0.116873,0.29692344383496305,2775.11586,1.419968561029066,1.855097516582186
2021-12-31,13766,BCC,BOISE CASCADE CO,20,0.03,0.09819,0.06713570236107802,2549.82873,1.7471171956723135,1.9432331241012932
2021-12-31,13802,APAM,ARTISAN PARTNERS ASSET MGMT INC,40,0.0012901994651117127,0.06499,0.2777844025757214,2917.1116799999995,1.7330882325931372,1.9580960380929595
2021-12-31,13837,EVTC,EVERTEC INC,45,0.02758063962498,0.190216,0.3134589395023452,3022.0203,0.8447564923810544,1.0817189381453152
2021-12-31,14054,MRTX,MIRATI THERAPEUTICS INC,35,-0.0217059,0.072464,-0.24280546943318226,7558.594050000001,1.4182265566305405,0.7704899288176764
2021-12-31,14136,RNG,RINGCENTRAL INC,45,-0.02657757,-0.13262600000000002,-0.40527863900151045,17734.76574,0.7854143235748082,1.3698113359471293
2021-12-31,14159,MNDT,MANDIANT INC,45,-0.02206944537583912,0.033522,-0.4811988234358852,4072.5793899999994,0.9481737092180808,2.068675569578657
2021-12-31,14593,AAPL,APPLE INC,45,0.02273190715282653,0.074162,0.17125765164162493,2711977.4241000004,1.144076241537036,1.2787713483125214
2021-12-31,14596,FIVN,FIVE 9 INC,45,-0.02912092466373696,-0.035267,-0.47312981954050404,9685.414170000002,0.46831492208469383,1.1871552427309584
2021-12-31,15167,SHAK,SHAKE SHACK INC,25,-0.02177554717105008,-0.011437999999999999,-0.4335996502106685,2856.8286,1.5377149066312765,2.0809358068198023
2021-12-31,15272,SEDG,SOLAREDGE TECHNOLOGIES INC,45,-0.027449946650595573,-0.144044,-0.3257413148898959,17213.9552,1.0835597822910201,2.1358017417142108
2021-12-31,15546,Z,ZILLOW GROUP INC,60,-0.03,0.17645799999999998,-0.6542054217346372,10159.99524,1.4521863411667837,2.191964471097711
2021-12-31,15585,TDOC,TELADOC HEALTH INC,35,-0.011509309152429545,-0.093203,-0.3834565545750855,16208.808749999998,0.47721659336991057,0.9796208585115199
2021-12-31,15937,EDIT,EDITAS MEDICINE INC,35,-0.003828350671703288,-0.187146,-0.6867000556483027,2233.9113399999997,2.043707698015728,2.505340760365608
2021-12-31,16064,NTLA,INTELLIA THERAPEUTICS INC,35,-0.03,0.028017999999999998,-0.7748231178949042,8558.92919,2.1585405495504357,2.836981536950609
2021-12-31,16068,RETA,REATA PHARMACEUTICALS INC,35,-0.018140644499318088,-0.692006,-0.3927378964941569,2694.0887999999995,1.40836544154098,1.3860556931857344
2021-12-31,16119,ATKR,ATKORE INC,20,0.03,0.043971,0.21239764687177048,4900.8105000000005,2.3932525246024285,1.9361237853361344
2021-12-31,16140,TWLO,TWILIO INC,45,-0.01566853272785503,-0.07978,-0.5054058351220287,48201.68135,1.3765713322120254,1.7376080927464606
2021-12-31,16287,EVBG,EVERBRIDGE INC,45,-0.02135703,-0.406433,-0.23791636855075926,4373.70204,0.8358170601509319,1.1034460063101514
2021-12-31,16290,FLGT,FULGENT GENETICS INC,35,0.0074163349011792095,0.075532,0.06379680419747195,2789.7951199999998,1.4234166872902754,1.875807382051414
2021-12-31,16382,COUP,COUPA SOFTWARE INC,45,-0.02590908,-0.19639600000000002,-0.4899833055091819,14673.589240000001,1.4498947094180024,1.4990746198001577
2021-12-31,16595,SNAP,SNAP INC,50,-0.010108114297732852,-0.012249,-0.28018920422927096,64535.069339999995,1.1612463543392086,1.5231253026368912
2021-12-31,16649,OKTA,OKTA INC,45,-0.024492065147761373,0.04147,-0.387610302885762,31968.1119,1.0540948729889723,1.3215212000306837
2021-12-31,16655,CVNA,CARVANA CO,25,-0.004157793596217353,-0.173485,-0.5411002464424836,24000.30654,2.2988844337008874,1.763640247635612
2021-12-31,17341,ZS,ZSCALER INC,45,-0.03,-0.073964,-0.3166587169091343,48604.251540000005,0.9663103100457652,1.1885160868305085
2021-12-31,17672,EAF,GRAFTECH INTERNATIONAL LTD NEW,20,0.0005603199982236219,0.015384,0.31395579934811985,3066.5362999999998,1.0989957879652483,1.9815423312287244
2021-12-31,17907,NKLA,NIKOLA CORP,20,-0.02598174,-0.034314,-0.3693854837427458,4132.74316,0.9649848281568737,0.9851277944881106
2021-12-31,18184,FSR,FISKER INC,25,-0.03,-0.264677,-0.45401065267509344,3504.5589900000004,0.9075949157887006,0.7396093936477491
2021-12-31,21020,AAL,AMERICAN AIRLINES GROUP INC,20,-0.025860296455499997,0.015196000000000001,-0.4880753637014071,11454.540350000001,1.6200689709471223,1.802429078941226
2021-12-31,22111,JNJ,JOHNSON & JOHNSON,35,0.003941847960561455,0.097028,0.2863303919230463,410500.85021000006,0.6717948036000627,0.5720057635042812
2021-12-31,24328,EQT,E Q T CORP,10,-0.03,0.122424,-0.5774703871531919,7343.66565,1.1272757871322734,1.1287694813964082
2021-12-31,37568,FELE,FRANKLIN ELECTRIC INC,20,0.03,0.073868,0.3030845059225693,4088.2495499999995,0.9307403436380105,1.103533265995158
2021-12-31,40272,IFF,INTERNATIONAL FLAVORS & FRAG INC,15,-0.0007426376845584252,0.065345,-0.10050480960330711,36188.94699,0.963931971276716,1.2758957481659599
2021-12-31,44943,DIOD,DIODES INC,45,0.03,0.032467,0.3425749264647428,4787.6642999999995,1.0319815382915378,1.8003218417839066
2021-12-31,47730,ABM,A B M INDUSTRIES INC,20,0.002280295663009202,-0.092289,0.22390492089991257,3025.845,1.2618136167474743,1.226070917727823
2021-12-31,49429,DDS,DILLARDS INC,25,0.03,-0.104794,0.2596390810080292,4554.135299999999,0.9302459424374121,2.1755521174248194
2021-12-31,52337,THC,TENET HEALTHCARE CORP,35,0.010984847008066342,0.12097000000000001,0.018980046108593687,7806.27162,2.4889752069503297,1.7761553219729334
2021-12-31,56223,LPX,LOUISIANA PACIFIC CORP,15,0.03,0.19886199999999998,0.20530248827410763,5750.08115,1.6648217270363173,1.9746428819551884
2021-12-31,57808,VSH,VISHAY INTERTECHNOLOGY INC,45,0.03,0.078723,0.2995468638206535,2703.3230700000004,1.3020472386833617,1.5781238363348413
2021-12-31,58683,LUV,SOUTHWEST AIRLINES CO,20,-0.021212471132044535,-0.035202,-0.23453772159949124,26281.247999999996,1.0855167593639345,1.372565563849541
2021-12-31,61313,DCI,DONALDSON INC,20,0.03,0.05409,0.4726925828762223,6974.46585,1.2963545911673038,1.1642549285290735
2021-12-31,62092,TMO,THERMO FISHER SCIENTIFIC INC,35,0.00827396143269697,0.054742,0.1321647189760712,249365.39584,0.6954372608108607,1.0657284410314278
2021-12-31,68196,SEIC,S E I INVESTMENTS CO,40,0.02837589,0.028912,0.501629700294141,8315.582390000001,1.0486167052885689,1.4073848395920387
2021-12-31,76095,HOLX,HOLOGIC INC,35,0.028321424792926646,0.024420999999999998,0.16145957548294776,18788.69133,1.0760748878772737,1.1567970339645939
2021-12-31,77699,FCEL,FUELCELL ENERGY INC,20,-0.03,-0.400989,-0.5790007154781779,3182.2529200000004,4.245061898805696,2.03623500759753
2021-12-31,78664,DDD,3 D SYSTEMS CORP DEL,45,0.015389925312692206,-0.054501,-0.11837188965736543,2909.66662,1.5124759244443888,4.275341931577591
2021-12-31,80069,ARWR,ARROWHEAD PHARMACEUTICALS INC,35,-0.009030484390303416,-0.053599999999999995,-0.2968638206534701,7322.046299999999,1.3394754651066558,1.3620909129301573
2021-12-31,80191,ALB,ALBEMARLE CORP,15,-0.0010330436356616522,-0.121367,-0.40573575005962315,31172.934240000002,1.5672433199956886,1.9742087972882867
2021-12-31,80306,BCRX,BIOCRYST PHARMACEUTICALS INC,35,-0.002023957713245625,0.148358,-0.4274385881230623,2170.0281600000003,2.5090699180446348,1.5568107908833642
2021-12-31,81073,UHAL,AMERCO,20,0.02370317404753946,0.03069,0.3868352015263534,13815.01248,0.8587067928316592,1.0481824199287424
2021-12-31,82634,SAM,BOSTON BEER INC,30,-0.010542680269509632,0.119467,-0.37504968598457744,4603.73868,0.7136646589294923,0.9995738645408508
2021-12-31,82779,NVAX,NOVAVAX INC,35,-0.03,-0.314308,-0.5870299705858971,15774.09704,1.5502706058670717,1.2225604506229597
2021-12-31,82800,SCCO,SOUTHERN COPPER CORP,15,0.02177568132022008,0.054805,0.29048414023372293,45225.2385,1.118295915181651,1.6435214621713607
2021-12-31,83011,WSM,WILLIAMS SONOMA INC,25,0.0006665668513800654,-0.132021,0.10223388186660302,14489.47144,1.5612783346718495,1.5984397858798765
2021-12-31,84042,PAG,PENSKE AUTOMOTIVE GROUP INC,25,0.028296599999999998,0.076223,0.2635344621989029,7799.7479,1.386443770619177,1.7819684428665141
2021-12-31,84373,DGX,QUEST DIAGNOSTICS INC,35,0.03,0.163573,0.15971062882582085,18239.319,0.9556696944353283,0.8414745422364921
2021-12-31,85002,SRPT,SAREPTA THERAPEUTICS INC,35,-0.026212042365270003,0.114275,-0.39868034024962234,7036.69237,1.2954730389939095,1.6977649662333292
2021-12-31,85427,GPI,GROUP 1 AUTOMOTIVE INC,25,0.03,0.002346,0.21261626520391128,3525.16975,1.6812631483988942,1.892707125024523
2021-12-31,85621,MTD,METTLER TOLEDO INTERNATIONAL INC,35,0.03,0.120847,0.2539748787661976,34803.792180000004,0.9687459393170137,1.1254034485866706
2021-12-31,86047,AMKR,AMKOR TECHNOLOGY INC,45,0.02713716058387801,0.152247,0.24314333412830913,5271.959,1.4712657165472252,2.3070744282032414
2021-12-31,87337,PLUG,PLUG POWER INC,20,-0.0247043944214573,-0.29166,-0.6655139518244695,22967.7866,1.7855601013360525,2.82153021494563
2021-12-31,88351,INSM,INSMED INC,35,-0.02738175,-0.010241,-0.4894069480880833,3257.59744,2.2978423906692806,1.3718418813074982
2021-12-31,88417,ACLS,AXCELIS TECHNOLOGIES INC,45,0.03,0.20601499999999998,0.22338818666030683,2059.34784,1.4504430074856052,2.463853596283392
2021-12-31,88462,SAVA,CASSAVA SCIENCES INC,35,-0.03,-0.183092,-0.6807973606804991,2140.5093300000003,1.0287360624050914,2.215951254199478
2021-12-31,88504,BRKR,BRUKER CORP,35,0.01989262007688414,0.035987000000000005,0.10698386199220919,12282.53845,1.1931443997388267,1.2907570575446088
2021-12-31,89301,GME,GAMESTOP CORP NEW,25,-0.03,-0.243785,-0.5162373797599172,15008.29911,0.8266037311449339,1.4545864083933435
2021-12-31,89533,WYNN,WYNN RESORTS LTD,25,-0.005937141050952473,0.04968,-0.40979012640114476,9369.454580000001,2.375614934190345,1.7571730353909647
2021-12-31,89866,LKQ,L K Q CORP,25,0.03,0.073815,0.3766992606725495,16294.346899999999,1.5292767362360116,1.2906331289396429
2021-12-31,89916,NXST,NEXSTAR MEDIA GROUP INC,50,0.015915401688531332,0.009833000000000001,0.10342634549646236,6113.2045,1.6652642833201743,1.6408417516787264
2021-12-31,90126,CYTK,CYTOKINETICS INC,35,-0.03,0.15855,-0.6405318387789173,3299.9572200000002,1.0997307082582022,1.5026224920958688
2021-12-31,90319,GOOGL,ALPHABET INC,50,0.0009701357909915685,0.020753999999999998,0.30189204229271016,853683.7394999999,0.9942246145881015,1.3191816185618188
2021-12-31,90505,LVS,LAS VEGAS SANDS CORP,25,-0.02753283,0.056643000000000006,-0.46796247714444705,27213.3238,1.417143744129004,1.678467033084097
2021-12-31,90564,PBH,PRESTIGE CONSUMER HEALTHCARE INC,35,0.010196439343919124,0.083937,0.2974799268622307,2803.3188,0.6584517104798204,0.8553201271734784
2021-12-31,90808,EXPE,EXPEDIA GROUP INC,25,-0.006526067717405946,0.12179,-0.29579060338659674,23519.784359999998,1.569999445425237,1.6593272247804591
2021-12-31,91041,LYV,LIVE NATION ENTERTAINMENT INC,50,-0.03,0.122202,-0.24125526671436523,23617.535850000004,1.2535270868900192,1.7632605860953483
2021-12-31,91103,UAL,UNITED AIRLINES HOLDINGS INC,20,-0.02664894975984,0.035901,-0.47907226329596947,13684.08382,1.4361952876236868,1.756558882035769
2021-12-31,91413,EVR,EVERCORE INC,40,0.027973729849224478,-0.020615,0.471579616821687,5411.935299999999,1.624097968452998,1.6914740615324613
2021-12-31,91500,EXLS,EXLSERVICE HOLDINGS INC,45,0.03,0.114663,0.256737419508705,4325.0606099999995,0.8299781151776384,1.195333396217477
2021-12-31,91575,HRI,HERC HOLDINGS INC,20,0.026309066314589555,-0.081616,0.12703712536767628,5055.206099999999,2.727428075748352,2.2175034761331887
2021-12-31,91926,DAL,DELTA AIR LINES INC,20,-0.02548472425452,0.079491,-0.374294459019,23168.506800000003,1.257596582859497,1.5684593505190578
2021-12-31,91983,CLR,CONTINENTAL RESOURCES INC,10,0.027366659999999998,0.009405,0.29183559901423006,16209.861540000002,3.0857815265623456,1.9746152798988916
2021-12-31,93035,SEM,SELECT MEDICAL HOLDINGS CORP,35,0.024336629999999998,0.094905,0.1441688528499881,3601.7932500000006,1.2530194055661579,1.6622740422984235
2021-12-31,93098,H,HYATT HOTELS CORP,25,-0.027734579999999998,0.21740199999999998,-0.2553660863343668,3962.20977,1.4446417939075558,1.4334115736085054
2022-01-31,11343,SAFM,SANDERSON FARMS INC,30,0.006647968393053788,-0.034794000000000005,0.4825133372851215,4264.71452,0.6336956687368137,0.48428618277904495
2022-01-31,11691,MATX,MATSON INC,20,0.03,0.084706,0.4719818217743529,3784.1409599999997,0.9580300406150555,1.250349529520614
2022-01-31,11809,CLH,CLEAN HARBORS INC,20,0.0265927534284,-0.07241,0.2228215767634855,5428.68524,1.6416133858110606,1.2957541582305476
2022-01-31,11891,MGM,M G M RESORTS INTERNATIONAL,25,-0.005496917676046296,-0.048172,-0.2909899229401304,21046.9248,2.3353862931057043,1.8078846588900992
2022-01-31,11995,COKE,COCA COLA CONSOLIDATED INC,30,0.03,-0.07423300000000001,0.33890535467298954,4421.63579,0.847537254912073,0.7800339198645289
2022-01-31,12062,LH,LABORATORY CORP AMERICA HLDGS,35,0.03,-0.13641799999999998,0.1486267536060067,30069.896999999997,0.9868831420838295,0.9688203816482437
2022-01-31,12591,APO,APOLLO GLOBAL MANAGEMENT INC,40,-0.007817406914297933,-0.033594000000000006,-0.3351906737798854,17859.71697,1.5674476208901895,1.399061810465365
2022-01-31,13169,ZNGA,ZYNGA INC,50,-0.016223098708388083,0.417144,-0.19998024105907922,7278.566400000001,0.1962907585279429,1.0212175431830657
2022-01-31,13262,CCXI,CHEMOCENTRYX INC,35,-0.011784790232716136,-0.261511,-0.4174866627148785,2561.73478,1.7738756233066775,1.452592743502509
2022-01-31,13379,SPLK,SPLUNK INC,45,-0.0210602419419,0.07081699999999999,-0.4307844299545544,18374.83164,1.3250068150582368,1.688164333188631
2022-01-31,13688,PCG,P G & E CORP,55,-0.03,0.053498,-0.2562537048014227,24102.37966,1.3967946299210874,0.554580964889696
2022-01-31,13704,NEO,NEOGENOMICS INC,35,-0.03,-0.339434,-0.5629519857735625,4234.56496,0.6801738465344762,1.494656065294001
2022-01-31,13748,TPH,TRI POINTE HOMES INC,25,0.03,-0.146333,0.23598103141671614,3099.63882,1.4309688468510615,1.760837330557839
2022-01-31,13766,BCC,BOISE CASCADE CO,20,0.02578901015636989,-0.013808,0.08662319699664098,2800.3672,1.7539869005864135,1.8464931179384418
2022-01-31,13802,APAM,ARTISAN PARTNERS ASSET MGMT INC,40,0.0012240617742352179,-0.093033,0.19891325824935782,3106.8902399999997,1.7360599497670146,1.8797191429601388
2022-01-31,13837,EVTC,EVERTEC INC,45,0.03,-0.12689499999999998,0.2508792728709741,3597.0606,0.8670906757275302,1.038321234618917
2022-01-31,14054,MRTX,MIRATI THERAPEUTICS INC,35,-0.0232787963376,-0.18676399999999999,-0.25245998814463544,8120.31833,1.42037105914802,0.7233172221736112
2022-01-31,14136,RNG,RINGCENTRAL INC,45,-0.02305269320118,-0.05801,-0.3879075281564908,15383.87055,0.7632243604687429,1.321340540351117
2022-01-31,14159,MNDT,MANDIANT INC,45,-0.022809257323728,-0.139725,-0.35483106105512746,4103.97412,0.9518015947165943,1.4220183626391698
2022-01-31,14593,AAPL,APPLE INC,45,0.02441775085109445,-0.015756,0.1707370084963446,2902367.97711,1.1465258377893177,1.2004521271402877
2022-01-31,14596,FIVN,FIVE 9 INC,45,-0.028093917013620948,-0.084664,-0.4557597312784035,9404.772159999999,0.4615838831712862,1.1565130652349533
2022-01-31,14813,MARA,MARATHON DIGITAL HOLDINGS INC,45,-0.0027014645521730857,-0.283672,-0.5777316735822959,3375.80638,5.540200953022535,2.229459601385454
2022-01-31,15167,SHAK,SHAKE SHACK INC,25,-0.02152647846250761,-0.08444,-0.42349338075479154,2824.3424,1.5317983516740687,2.0290388665440697
2022-01-31,15272,SEDG,SOLAREDGE TECHNOLOGIES INC,45,-0.023495946535257183,-0.15098699999999998,-0.36856352499506023,14818.304549999999,1.0578156359977422,2.072645400774499
2022-01-31,15546,Z,ZILLOW GROUP INC,60,-0.03,-0.209441,-0.689843904366726,11678.10115,1.4698269664018824,2.098977128875488
2022-01-31,15585,TDOC,TELADOC HEALTH INC,35,-0.010436607011495654,-0.164605,-0.424382533096226,14699.188339999999,0.4632766900494756,0.9817218014420322
2022-01-31,16064,NTLA,INTELLIA THERAPEUTICS INC,35,-0.03,-0.20023,-0.8048606994665087,8807.22464,2.157036196790069,2.658324483108842
2022-01-31,16119,ATKR,ATKORE INC,20,0.03,-0.030712,0.23851017585457418,5153.878879999999,2.386484480663314,1.8452224647887308
2022-01-31,16140,TWLO,TWILIO INC,45,-0.03,-0.21733,-0.5374827109266943,44359.35966,1.3630127295544496,1.6818551950969247
2022-01-31,16287,EVBG,EVERBRIDGE INC,45,-0.012676828226009998,-0.24079799999999998,-0.3638213791740763,2652.1286999999998,0.7716583264916933,1.428213662686047
2022-01-31,16290,FLGT,FULGENT GENETICS INC,35,0.007976505508935076,-0.36508999999999997,0.0664098004346967,3033.7944,1.419291939257437,1.7380675230324543
2022-01-31,16382,COUP,COUPA SOFTWARE INC,45,-0.02082064032432,-0.150503,-0.4765461371270501,11803.174000000003,1.4236908214460224,1.4428877841134617
2022-01-31,16595,SNAP,SNAP INC,50,-0.009984300005699923,-0.308145,-0.3080616478956727,63748.88282,1.1534725566518742,1.4571255137260848
2022-01-31,16649,OKTA,OKTA INC,45,-0.025507751089439035,-0.117276,-0.4479944674965422,33295.9701,1.0508396723563078,1.2897371292849311
2022-01-31,16655,CVNA,CARVANA CO,25,-0.03,-0.300877,-0.6607389843904367,19838.21073,2.259545011017869,1.703844019808062
2022-01-31,17341,ZS,ZSCALER INC,45,-0.02778108,-0.199901,-0.3663505236119344,45012.54906,0.9446251207018048,1.0503719967327954
2022-01-31,17374,RCUS,ARCUS BIOSCIENCES INC,35,-0.007821817377067296,-0.23898599999999998,-0.5204505038529935,2842.9770299999996,0.9900988633092435,1.4222227519018977
2022-01-31,17672,EAF,GRAFTECH INTERNATIONAL LTD NEW,20,0.03,-0.114161,0.42803793716656774,3113.91626,1.0969394083691681,1.7596662220860741
2022-01-31,17907,NKLA,NIKOLA CORP,20,-0.025090202573640003,-0.186468,-0.37316735822959896,4084.3145699999995,0.9499093235696298,0.9643345764555014
2022-01-31,17949,BE,BLOOM ENERGY CORP,20,-0.013469647404366876,-0.312402,-0.5872752420470263,3239.7408299999997,3.6727969626968138,2.6128170867560545
2022-01-31,18184,FSR,FISKER INC,25,-0.022059689999999996,-0.249249,-0.41766449318316534,2585.4771800000003,0.860666569316514,0.7292872254794314
2022-01-31,19561,BA,BOEING CO,20,-0.024438083430589123,-0.005409,-0.4898834222485675,118315.56267999999,1.4841758826567526,1.6901394284936455
2022-01-31,21020,AAL,AMERICAN AIRLINES GROUP INC,20,-0.03,-0.083006,-0.49567279193835206,11633.19488,1.6193398021275462,1.7097277580226224
2022-01-31,22111,JNJ,JOHNSON & JOHNSON,35,0.004324317584478811,0.0070880000000000006,0.2636435487057894,450358.36879000004,0.6812334315457845,0.5330930361487435
2022-01-31,24328,EQT,E Q T CORP,10,-0.03,-0.02572,-0.6095633274056512,8243.19855,1.1427020616652652,1.0509612214304158
2022-01-31,37568,FELE,FRANKLIN ELECTRIC INC,20,0.03,-0.082108,0.3065599683856946,4395.4324799999995,0.9370263673905834,1.0551056171914315
2022-01-31,40272,IFF,INTERNATIONAL FLAVORS & FRAG INC,15,-0.0007911653440558956,-0.124372,-0.03408417308832246,38347.50555,0.9704323659468328,1.1819431328909769
2022-01-31,44943,DIOD,DIODES INC,45,0.03,-0.15503899999999998,0.2665283540802213,4943.42658,1.029495194851851,1.7286572159050293
2022-01-31,49429,DDS,DILLARDS INC,25,0.026856179999999997,0.035462999999999995,0.2900414937759336,3785.06896,0.9146521824878888,2.089313746626037
2022-01-31,52337,THC,TENET HEALTHCARE CORP,35,0.0008804694822615589,-0.092711,0.07858130804188894,8751.12294,2.4962698875094045,1.4521013566865069
2022-01-31,56223,LPX,LOUISIANA PACIFIC CORP,15,0.03,-0.152054,0.21738786801027463,6893.93815,1.6853400601277948,1.86698272024326
2022-01-31,57808,VSH,VISHAY INTERTECHNOLOGY INC,45,0.03,-0.053085,0.3340644141474018,2902.3895700000003,1.306370434052216,1.4979967581236697
2022-01-31,58683,LUV,SOUTHWEST AIRLINES CO,20,-0.020465749723254305,0.044773999999999994,-0.2414344991108477,25357.8528,1.076021109671238,1.3369267427682265
2022-01-31,61313,DCI,DONALDSON INC,20,0.03,-0.060793,0.26992689191859315,7320.5063199999995,1.2985734463516643,1.1531121967893045
2022-01-31,68196,SEIC,S E I INVESTMENTS CO,40,0.029196293731680003,-0.038278,0.4267140881248765,8437.08206,1.0479889192735448,1.3648260316069412
2022-01-31,76095,HOLX,HOLOGIC INC,35,0.02901306230779471,-0.082594,0.23564512942106305,19285.23432,1.074073537673488,1.0518541895343472
2022-01-31,78664,DDD,3 D SYSTEMS CORP DEL,45,0.014551158993225167,-0.169032,-0.08917210037541988,2751.28266,1.4986545412539345,3.9832883075718217
2022-01-31,80069,ARWR,ARROWHEAD PHARMACEUTICALS INC,35,-0.008546450426983154,-0.20426699999999998,-0.2981821774352896,6948.1074,1.3181730732329107,1.3989771143517924
2022-01-31,80191,ALB,ALBEMARLE CORP,15,-0.002177932190918843,-0.055783,-0.39994072317723767,27345.47952,1.545919162913215,1.8779124455111726
2022-01-31,80306,BCRX,BIOCRYST PHARMACEUTICALS INC,35,-0.0023242280316673196,0.115479,-0.42685240071132186,2553.2475,2.515779271111723,1.3903291518536867
2022-01-31,81073,UHAL,AMERCO,20,0.02443062445905845,-0.16153599999999999,0.3775340841730883,14239.91784,0.8569745427563921,0.9806744808348262
2022-01-31,82634,SAM,BOSTON BEER INC,30,-0.01180218265326714,-0.16688199999999997,-0.43768030033590194,5154.040400000001,0.7260674983158726,0.9394063736271007
2022-01-31,82779,NVAX,NOVAVAX INC,35,-0.03,-0.34512,-0.563505236119344,10850.571869999998,1.4941917516401824,1.1494606055646075
2022-01-31,82800,SCCO,SOUTHERN COPPER CORP,15,0.022969097534974742,0.035282999999999995,0.3496937364157281,47706.82851,1.1223890609531912,1.5535441523826286
2022-01-31,83011,WSM,WILLIAMS SONOMA INC,25,0.0005785660290940178,-0.046107,0.16411776328788777,12338.879149999999,1.541231059166315,1.5262413368409598
2022-01-31,84042,PAG,PENSKE AUTOMOTIVE GROUP INC,25,0.03,-0.052180000000000004,0.2966607389843904,8394.7899,1.3905385078901586,1.6635142657548334
2022-01-31,84373,DGX,QUEST DIAGNOSTICS INC,35,0.03,-0.216141,0.20203517091483897,21224.00175,0.9723064250336779,0.7822382932814806
2022-01-31,85002,SRPT,SAREPTA THERAPEUTICS INC,35,-0.02920742350656123,-0.205263,-0.3887966804979253,7845.786349999999,1.3109407994078488,1.5890536435752143
2022-01-31,85427,GPI,GROUP 1 AUTOMOTIVE INC,25,0.03,-0.130205,0.2468089310412962,3533.6772199999996,1.6732641390896057,1.750949006470104
2022-01-31,85621,MTD,METTLER TOLEDO INTERNATIONAL INC,35,0.03,-0.13233799999999998,0.2744319304485279,39012.06906,0.9797140918705478,1.0604451967826969
2022-01-31,86047,AMKR,AMKOR TECHNOLOGY INC,45,0.03,-0.11178300000000001,0.22234736218138704,6056.56885,1.489552863498769,2.2160657751053217
2022-01-31,87337,PLUG,PLUG POWER INC,20,-0.03,-0.22533599999999998,-0.6258446947243627,16307.200649999999,1.7385613122638186,2.632004096918692
2022-01-31,88351,INSM,INSMED INC,35,-0.027101333498250002,-0.16744499999999998,-0.49592965817032203,3234.42312,2.288889967831441,1.2923115906415326
2022-01-31,88417,ACLS,AXCELIS TECHNOLOGIES INC,45,0.03,-0.160318,0.15560165975103737,2478.3744,1.4692090267173086,2.412871457391281
2022-01-31,88504,BRKR,BRUKER CORP,35,0.02060849579559097,-0.206336,0.17235724165184746,12649.768139999998,1.194906506380287,1.2490627256283764
2022-01-31,89301,GME,GAMESTOP CORP NEW,25,-0.03,-0.265965,-0.5885200553250345,11329.72489,0.781123145517959,1.3365402627344287
2022-01-31,89533,WYNN,WYNN RESORTS LTD,25,-0.006232098218363792,0.004777,-0.4136139102944082,9840.403600000001,2.3809784316597535,1.7373872931110732
2022-01-31,89866,LKQ,L K Q CORP,25,0.03,-0.08566800000000001,0.366725943489429,17229.510449999998,1.5365261460906692,1.218577947052422
2022-01-31,89916,NXST,NEXSTAR MEDIA GROUP INC,50,0.01607189783333466,0.095333,0.08510175854574194,6153.491859999999,1.6588482231150137,1.5490563942946343
2022-01-31,90126,CYTK,CYTOKINETICS INC,35,-0.03,-0.271874,-0.657320687611144,3865.1839999999997,1.114533098828078,1.379583351602576
2022-01-31,90319,GOOGL,ALPHABET INC,50,0.0009902699891978074,-0.06596300000000001,0.3241651847460976,871247.1184800001,0.9918945368390069,1.2473536119589077
2022-01-31,90505,LVS,LAS VEGAS SANDS CORP,25,-0.02909237208969,0.163612,-0.4799841928472634,28756.5836,1.4260100589243658,1.7286557078039608
2022-01-31,90564,PBH,PRESTIGE CONSUMER HEALTHCARE INC,35,0.011052297873129663,-0.06929400000000001,0.29964433906342614,3038.8076,0.6646772071173453,0.7908614788979786
2022-01-31,90808,EXPE,EXPEDIA GROUP INC,25,-0.007320877504708817,0.014176999999999999,-0.3014226437462952,27130.59,1.5842362463043267,1.641032758771538
2022-01-31,91103,UAL,UNITED AIRLINES HOLDINGS INC,20,-0.03,-0.020600999999999998,-0.5018178225647105,14176.44558,1.436266671431884,1.7219140235557873
2022-01-31,91413,EVR,EVERCORE INC,40,0.027397051408382715,-0.081237,0.4136336692353289,5300.73115,1.6155076648479803,1.6393410108114326
2022-01-31,91500,EXLS,EXLSERVICE HOLDINGS INC,45,0.03,-0.16755099999999998,0.3127247579529738,4819.53807,0.8395601106925775,1.1541928630265428
2022-01-31,91575,HRI,HERC HOLDINGS INC,20,0.024161825558258014,0.024868,0.07344398340248962,4642.959900000001,2.7067404222419498,2.137399926549347
2022-01-31,91926,DAL,DELTA AIR LINES INC,20,-0.027510530470236046,0.015564999999999999,-0.4126654811302114,25011.74712,1.2646241638973834,1.5695023706032192
2022-01-31,91983,CLR,CONTINENTAL RESOURCES INC,10,0.0276240434373,0.160367,0.33311598498320494,16363.40556,3.0821923614258258,1.7972489330254082
2022-01-31,93035,SEM,SELECT MEDICAL HOLDINGS CORP,35,0.026646297870149997,-0.20990799999999998,0.06795099782651651,3943.8630000000003,1.258151507332823,1.6169916293787554
2022-01-31,93098,H,HYATT HOTELS CORP,25,-0.03,-0.044778000000000005,-0.30948429164196795,4823.865900000001,1.4666386980074335,1.430022555456283
2022-02-28,11343,SAFM,SANDERSON FARMS INC,30,0.006416658980785875,-0.02943,0.48491996290472156,4107.616,0.6370994537870768,0.4263931626010265
2022-02-28,11691,MATX,MATSON INC,20,0.03,0.137964,0.4532276924317568,4104.84512,0.8805434588866803,1.146684440285838
2022-02-28,11809,CLH,CLEAN HARBORS INC,20,0.024667172152649557,0.03109,0.24859884682069272,5035.830599999999,1.6194618849119324,1.2321716216803333
2022-02-28,11995,COKE,COCA COLA CONSOLIDATED INC,30,0.02777301,-0.132785,0.3653280109672997,4091.793,0.872252075750465,0.7780379426858318
2022-02-28,12062,LH,LABORATORY CORP AMERICA HLDGS,35,0.02590746,-0.000397,0.20489093181726545,25969.152000000002,1.0296961785560088,0.9260735848441696
2022-02-28,12591,APO,APOLLO GLOBAL MANAGEMENT INC NEW,40,-0.03,-0.062025,-0.43141405588484333,39964.47,1.5323036209355092,1.3450853581578675
2022-02-28,13169,ZNGA,ZYNGA INC,50,-0.02299046699599992,0.001075,-0.2972259183097456,10270.94056,-0.037376672775847525,1.2365636717182789
2022-02-28,13379,SPLK,SPLUNK INC,45,-0.02255166509549953,-0.046994,-0.4244385307044071,19832.7764,1.232629142308362,1.7047388508815016
2022-02-28,13688,PCG,P G & E CORP,55,-0.03,-0.111052,-0.26559412926898107,25392.869509999997,1.2997403841297452,0.5238490493518161
2022-02-28,13704,NEO,NEOGENOMICS INC,35,-0.019816979999999998,-0.050161,-0.5472561590258457,2797.39432,0.864607573982937,1.5613613925527527
2022-02-28,13748,TPH,TRI POINTE HOMES INC,25,0.02561001,-0.060507,0.27996854965525586,2646.19578,1.4614758331528377,1.5590672765436306
2022-02-28,13766,BCC,BOISE CASCADE CO,20,0.025432915504130734,0.140049,0.09054070400387083,2761.8228200000003,1.6982447542033898,1.7250511694886783
2022-02-28,13802,APAM,ARTISAN PARTNERS ASSET MGMT INC,40,0.0011101836351927927,-0.07909,0.2902503931293093,2817.9833599999997,1.7268298396530681,1.7168871026879886
2022-02-28,13837,EVTC,EVERTEC INC,45,0.02619315,-0.074065,0.3674247006169106,3140.7708,0.9159340609611283,1.0068543483157708
2022-02-28,14054,MRTX,MIRATI THERAPEUTICS INC,35,-0.018931155218404477,-0.259961,-0.26045320753195433,6604.090099999999,1.5107682782089629,0.7354876962206944
2022-02-28,14136,RNG,RINGCENTRAL INC,45,-0.021715406468579546,-0.258683,-0.4075843715979194,14492.123370000001,0.7829867747692989,1.3792103337123038
2022-02-28,14159,MNDT,MANDIANT INC,45,-0.019622233844170105,0.312099,-0.31920083867585985,3530.72802,0.9904865654587454,1.3918997317695854
2022-02-28,14574,MC,MOELIS & CO,40,0.020811098364588453,-0.135808,0.43157533970404416,3442.63708,1.2245987648794787,1.1414292310620178
2022-02-28,14593,AAPL,APPLE INC,45,0.024033024768684606,-0.054092,0.17021491068908517,2852311.8979800004,1.124231694062149,1.1573161523549962
2022-02-28,14596,FIVN,FIVE 9 INC,45,-0.03,-0.124929,-0.44117172694649415,8608.9416,0.5123142301516533,1.1522316045230128
2022-02-28,14813,MARA,MARATHON DIGITAL HOLDINGS INC,45,-0.0019351346997290423,0.076862,-0.5571549534292972,2418.33482,5.524807276060079,2.0391385891679463
2022-02-28,15067,FRPT,FRESHPET INC,30,-0.012180034841378593,0.02362,-0.46689649610902784,4045.8747000000003,0.6816117635005974,1.4340918951559258
2022-02-28,15167,SHAK,SHAKE SHACK INC,25,-0.01970878262113347,0.130894,-0.4220595943711946,2585.9797999999996,1.526363077852279,1.9111860915741044
2022-02-28,15272,SEDG,SOLAREDGE TECHNOLOGIES INC,45,-0.019948364055738306,0.34083300000000005,-0.37635579210515707,12581.5893,1.1336480088078835,1.9718540037757202
2022-02-28,15284,BPMC,BLUEPRINT MEDICINES CORP,35,-0.013131808522727304,-0.214684,-0.4974597798475869,4559.7711,0.9326799970844961,1.1368193137326323
2022-02-28,15546,Z,ZILLOW GROUP INC,60,-0.03,0.139433,-0.6296117092052739,9232.74152,1.5390295688847864,2.047188993931904
2022-02-28,15585,TDOC,TELADOC HEALTH INC,35,-0.008718689314368411,-0.010457000000000001,-0.4011330188298859,12280.273769999998,0.5499191678026698,0.9877907390778239
2022-02-28,16064,NTLA,INTELLIA THERAPEUTICS INC,35,-0.03,0.04523,-0.7807144873190597,7044.14102,2.214569030644057,2.5258641900546226
2022-02-28,16119,ATKR,ATKORE INC,20,0.02907864,-0.056346,0.19376234829240754,4995.81856,2.3176290333845646,1.8188615638538748
2022-02-28,16140,TWLO,TWILIO INC,45,-0.03,-0.151978,-0.5206443288577074,34720.70788,1.456899052049053,1.688403925217316
2022-02-28,16287,EVBG,EVERBRIDGE INC,45,-0.009624273342843243,-0.226945,-0.3188984315148583,2013.6168,0.8942478353228411,1.4547918406894067
2022-02-28,16382,COUP,COUPA SOFTWARE INC,45,-0.03,-0.098784,-0.5094754243780492,10078.3062,1.4689064790315363,1.497660658074873
2022-02-28,16595,SNAP,SNAP INC,50,-0.00690768788044352,0.227384,-0.314805854602637,44107.77475999999,1.2918662117429998,1.501431008670464
2022-02-28,16649,OKTA,OKTA INC,45,-0.022516304072673982,-0.07608,-0.4325430426192492,29609.093359999995,1.0985071040388,1.3539779252025677
2022-02-28,16655,CVNA,CARVANA CO,25,-0.03,-0.071545,-0.6741865247369058,13870.229220000001,2.3756905065629423,1.8570026964284831
2022-02-28,17341,ZS,ZSCALER INC,45,-0.02222761432692,-0.069881,-0.37010604411112447,36268.70793,1.0556733630736832,1.11784614149321
2022-02-28,17374,RCUS,ARCUS BIOSCIENCES INC,35,-0.005952512529391492,0.207764,-0.47338816983186166,2163.6692,1.1104092998105493,1.381069526544811
2022-02-28,17672,EAF,GRAFTECH INTERNATIONAL LTD NEW,20,0.03,-0.037242,0.44004274021208817,2758.5665599999998,1.1216075840332451,1.6814422801659694
2022-02-28,17907,NKLA,NIKOLA CORP,20,-0.03,-0.016217,-0.37343252288214185,3322.9023299999994,1.045489060593261,0.9617475283574793
2022-02-28,17929,UGI,U G I CORP NEW,55,0.023400610877538593,-0.152398,0.45911455183258737,9488.6712,0.9306962219776677,0.7566001068894627
2022-02-28,17949,BE,BLOOM ENERGY CORP,20,-0.013703676208573785,0.472121,-0.5815289706060239,2227.78348,3.7156247265801756,2.502027237292563
2022-02-28,19561,BA,BOEING CO,20,-0.03,0.025441,-0.46959800008064184,117924.74008000002,1.4277072712921226,1.6374420602858792
2022-02-28,21020,AAL,AMERICAN AIRLINES GROUP INC,20,-0.027509819999999997,0.047331,-0.3943187774686505,10668.080159999998,1.593054829847957,1.6182622302224556
2022-02-28,22111,JNJ,JOHNSON & JOHNSON,35,0.004354968347517597,-0.038638,0.3566186847304544,453570.13713,0.6538484804771212,0.4882104932747264
2022-02-28,24328,EQT,E Q T CORP,10,-0.03,0.094849,-0.5968912543849038,8031.54375,1.1147328114104766,1.0128156683361498
2022-02-28,25487,CAR,AVIS BUDGET GROUP INC,20,0.028757840803007466,0.04118,0.05005846538446035,9866.08,2.0257021754363027,3.8871150787470015
2022-02-28,37568,FELE,FRANKLIN ELECTRIC INC,20,0.02753676,-0.023643,0.2972662392645458,4034.7243999999996,0.9513129821548608,1.002728989779148
2022-02-28,44943,DIOD,DIODES INC,45,0.025348830000000003,-0.034515,0.25835651788234343,4177.22022,1.0917176296825373,1.7109980487774785
2022-02-28,49429,DDS,DILLARDS INC,25,0.027808580711339997,-0.011892,0.2694044594976009,3919.4665600000003,0.8815055340729686,1.8856404877156554
2022-02-28,52337,THC,TENET HEALTHCARE CORP,35,0.0007988402760916075,0.160118,0.05021974920366117,7940.179120000001,2.4578335136141933,1.386512588809198
2022-02-28,56223,LPX,LOUISIANA PACIFIC CORP,15,0.02543838,0.086329,0.238075077617838,5845.98916,1.7166560141578637,1.8403927753391787
2022-02-28,57808,VSH,VISHAY INTERTECHNOLOGY INC,45,0.028407449999999997,-0.073423,0.35214305874763113,2748.4448100000004,1.2845571671934866,1.4232409837787652
2022-02-28,61313,DCI,DONALDSON INC,20,0.02817621,-0.021013,0.25968710939075035,6875.791119999999,1.2816594734249718,1.1293404563449587
2022-02-28,68196,SEIC,S E I INVESTMENTS CO,40,0.028078718000218755,-0.00054,0.3882303132938188,8108.9279400000005,1.028286758302013,1.26865297268612
2022-02-28,76076,CSCO,CISCO SYSTEMS INC,45,0.03,0.001768,0.4389540744324826,231086.17,0.9389029169102403,0.9261590258671104
2022-02-28,76095,HOLX,HOLOGIC INC,35,0.02661675743954471,0.013212,0.20972944639329058,17558.87616,1.0823478636506747,0.9888404748860113
2022-02-28,78664,DDD,3 D SYSTEMS CORP DEL,45,0.012091547486282331,-0.004497,-0.036429982661989414,2286.3491,1.546606954601361,2.4830161717761405
2022-02-28,80191,ALB,ALBEMARLE CORP,15,-0.002056440599512817,-0.112604,-0.42838998427482766,25821.28224,1.5210884371332436,1.8007119554009465
2022-02-28,80306,BCRX,BIOCRYST PHARMACEUTICALS INC,35,-0.0025926275605362304,0.075053,-0.44018386355388894,2853.0279,2.361365544479783,1.4692722750614358
2022-02-28,81073,UHAL,AMERCO,20,0.020484199106439983,-0.051494,0.3768194830853595,11940.2916,0.9187153909575755,0.9863691200022324
2022-02-28,82634,SAM,BOSTON BEER INC,30,-0.03,-0.088829,-0.40302810370549574,4294.14932,0.8096201092303186,0.9256177270864463
2022-02-28,82779,NVAX,NOVAVAX INC,35,-0.03,-0.110273,-0.5652191443893392,7106.3017,1.6824096665969017,1.106455199999945
2022-02-28,82800,SCCO,SOUTHERN COPPER CORP,15,0.023779516203301255,0.102436,0.30073384137736386,49392.14509,1.0542663281424596,1.4731482719366547
2022-02-28,83011,WSM,WILLIAMS SONOMA INC,25,0.0005518900851905798,-0.09769800000000001,0.10424982863594211,11712.195699999998,1.5179978322386023,1.448391122763986
2022-02-28,84042,PAG,PENSKE AUTOMOTIVE GROUP INC,25,0.028434599999999997,-0.028468,0.34077254949397207,7957.12085,1.3685650867195809,1.5333408732622484
2022-02-28,84373,DGX,QUEST DIAGNOSTICS INC,35,0.02351577,-0.027802,0.20134268779484696,16563.5785,1.0614972221647834,0.8014774030960469
2022-02-28,85002,SRPT,SAREPTA THERAPEUTICS INC,35,-0.023212220135333955,0.070393,-0.40085077214628434,6235.679389999999,1.3852434768236819,1.09128194327919
2022-02-28,85427,GPI,GROUP 1 AUTOMOTIVE INC,25,0.02609385,0.073466,0.2906939236321116,3073.73081,1.6869976276825238,1.6069313809637833
2022-02-28,85621,MTD,METTLER TOLEDO INTERNATIONAL INC,35,0.026029860000000002,-0.043445,0.2567436796903351,33851.02248,1.0268765360100198,1.0516044652864305
2022-02-28,85738,MRCY,MERCURY SYSTEMS INC,20,-0.03,0.057948,-0.420003225676384,3230.43768,0.921721574820184,1.3323103644531604
2022-02-28,86047,AMKR,AMKOR TECHNOLOGY INC,45,0.02664651,0.031761,0.24295391314866338,5379.8162999999995,1.5073889407869088,2.1608079659118338
2022-02-28,87337,PLUG,PLUG POWER INC,20,-0.03,0.156351,-0.6388250473771219,12633.31485,1.8472332798222761,2.2582848194080793
2022-02-28,88351,INSM,INSMED INC,35,-0.022563350710635532,0.053764,-0.4847990000403209,2692.97784,2.301393259020904,1.228938313171577
2022-02-28,88417,ACLS,AXCELIS TECHNOLOGIES INC,45,0.02519046,0.105546,0.16166686827144064,2081.1564000000003,1.5151536465996929,2.255785898334534
2022-02-28,88504,BRKR,BRUKER CORP,35,0.01635622120711191,0.057329,0.17896455788073062,10040.2164,1.270236328021383,1.262212966937897
2022-02-28,89301,GME,GAMESTOP CORP NEW,25,-0.03,0.132259,-0.5539091165678803,8316.91443,0.9643353642018908,0.9706661997209665
2022-02-28,89533,WYNN,WYNN RESORTS LTD,25,-0.006261868951552916,0.012494,-0.3973428490786662,9887.84675,2.272949496296586,1.6877246423615049
2022-02-28,89866,LKQ,L K Q CORP,25,0.02742996,-0.144681,0.38028708519817755,15754.253349999999,1.52524796097199,1.1129481047517142
2022-02-28,90126,CYTK,CYTOKINETICS INC,35,-0.03,0.064148,-0.6360429014959074,2814.5119999999997,1.2488816149371136,1.396045374385276
2022-02-28,90319,GOOGL,ALPHABET INC,50,0.0009249488099003525,-0.00185,0.3049272206765857,813864.08285,0.9985033821312036,1.194258307389004
2022-02-28,90505,LVS,LAS VEGAS SANDS CORP,25,-0.03,-0.021489,-0.42851094713922827,33462.761999999995,1.2718766628907756,1.7001901785448135
2022-02-28,90564,PBH,PRESTIGE CONSUMER HEALTHCARE INC,35,0.010286439944309016,0.054534,0.2822668440788678,2828.3708,0.677360253035944,0.7394088006819732
2022-02-28,90808,EXPE,EXPEDIA GROUP INC,25,-0.007424665585093075,0.069916,-0.23029313334139753,27535.839989999997,1.5123579788944819,1.5587069866951377
2022-02-28,91103,UAL,UNITED AIRLINES HOLDINGS INC,20,-0.02938197,0.03542,-0.41871295512277723,13885.01568,1.3857057489816023,1.6215206484464224
2022-02-28,91413,EVR,EVERCORE INC,40,0.03,0.023109,0.4306479577436394,4870.35158,1.596064811652557,1.5802742086185244
2022-02-28,91500,EXLS,EXLSERVICE HOLDINGS INC,45,0.024973469999999998,0.002212,0.3231522922462804,4012.2313199999994,0.914393957740915,1.127372647178198
2022-02-28,91575,HRI,HERC HOLDINGS INC,20,0.024400460519351304,-0.004625000000000001,0.03598645215918715,4758.6260999999995,2.5858548357068583,2.0289676268770576
2022-02-28,91926,DAL,DELTA AIR LINES INC,20,-0.027938731877005272,0.0057669999999999996,-0.29258900850772146,25402.15566,1.2036640151385516,1.4734566090689512
2022-02-28,91983,CLR,CONTINENTAL RESOURCES INC,10,0.03,0.071816,0.2682351518083948,18988.27714,2.870668078388703,1.6298112499429926
2022-02-28,93035,SEM,SELECT MEDICAL HOLDINGS CORP,35,0.021053026776822553,-0.003472,0.0761864440949962,3116.1883500000004,1.337222433641306,1.6852492181329197
2022-02-28,93098,H,HYATT HOTELS CORP,25,-0.02865666,0.060009,-0.2524898189589129,4608.074610000001,1.4370545964957688,1.355363425665007
2022-02-28,93263,CELH,CELSIUS HOLDINGS INC,30,-0.00021885454175525653,0.33854300000000004,-0.5123785331236644,3575.40657,2.3172327341629564,1.699750272357687
2022-03-31,10777,FCNCA,FIRST CITIZENS BANCSHARES INC NC,40,-0.00521855788838929,-0.155872,-0.2825476992143659,11805.461850000002,1.133892238952653,1.357363134169974
2022-03-31,11343,SAFM,SANDERSON FARMS INC,30,0.0062278167069813465,0.049775,0.5292007375340708,3986.8431600000004,0.6405446415485704,0.3814759922550791
2022-03-31,11691,MATX,MATSON INC,20,0.03,0.088863,0.4102533269199936,4655.884639999999,0.8569422086606826,1.083283086914873
2022-03-31,11809,CLH,CLEAN HARBORS INC,20,0.023774509718736656,0.16980299999999998,0.1268839185505852,5191.86915,1.6000221098553498,1.1972628520216793
2022-03-31,11995,COKE,COCA COLA CONSOLIDATED INC,30,0.024085170867150004,-0.000221,0.2182740099406766,3548.57713,0.9110855999085999,0.9324690851190175
2022-03-31,12062,LH,LABORATORY CORP AMERICA HLDGS,35,0.02589717473838,-0.028077,0.19863315696649028,25335.684,1.0197513046999331,0.861024908697328
2022-03-31,12591,APO,APOLLO GLOBAL MANAGEMENT INC NEW,40,-0.03,-0.050166999999999996,-0.3619127785794452,37258.30446000001,1.5364607860045172,1.3398965996984609
2022-03-31,13169,ZNGA,ZYNGA INC,50,-0.023015181748020617,0.017561,-0.21675084175084172,10282.26464,-0.03522890756415646,1.161955710479325
2022-03-31,13379,SPLK,SPLUNK INC,45,-0.021491872146001626,0.25828,-0.4228795895462562,18901.314499999997,1.2346121481182337,1.658162476099864
2022-03-31,13688,PCG,P G & E CORP,55,-0.026668439999999998,0.050072000000000005,-0.27697611030944363,23037.30276,1.3049225809737037,0.5148471067322108
2022-03-31,13704,NEO,NEOGENOMICS INC,35,-0.018822940466219996,-0.432568,-0.5888648388648389,2655.39666,0.883899906534946,1.5986233843827709
2022-03-31,13748,TPH,TRI POINTE HOMES INC,25,0.02406042512493,-0.102429,0.15225669392336055,2396.99024,1.4821987794616034,1.4900744249230016
2022-03-31,13766,BCC,BOISE CASCADE CO,20,0.02899476988756874,-0.131033,0.1149390732724066,3144.12014,1.6476363675319778,1.8861146467921703
2022-03-31,13837,EVTC,EVERTEC INC,45,0.03,0.014063,0.4701779701779701,2904.7092,0.9399683245819207,0.9541278463671397
2022-03-31,14054,MRTX,MIRATI THERAPEUTICS INC,35,-0.01400979317667283,-0.06881100000000001,-0.46314333814333813,4899.03552,1.5889966102189517,0.7737273256535666
2022-03-31,14136,RNG,RINGCENTRAL INC,45,-0.016097999977067984,-0.104233,-0.45412457912457904,10743.664920000001,0.838945655822554,1.427436080426074
2022-03-31,14159,MNDT,MANDIANT INC,45,-0.025746313404701748,0.126708,-0.4372494789161456,4629.7746,0.9360477047247996,1.5225394532935421
2022-03-31,14593,AAPL,APPLE INC,45,0.022733030392896918,0.057413000000000006,0.24745470578803916,2694666.09792,1.1233179177546535,1.115539582220848
2022-03-31,14596,FIVN,FIVE 9 INC,45,-0.026252130000000002,0.0035759999999999998,-0.3314494147827482,7606.500000000001,0.5552976008084999,1.1200938951109913
2022-03-31,14813,MARA,MARATHON DIGITAL HOLDINGS INC,45,-0.002083873023019616,0.102504,-0.5644139810806478,2604.28155,5.569148920125042,1.830783385219493
2022-03-31,15067,FRPT,FRESHPET INC,30,-0.012467727264331955,0.077752,-0.3904922238255572,4137.26735,0.7064875446827759,1.4156419761901164
2022-03-31,15167,SHAK,SHAKE SHACK INC,25,-0.022288544013544114,-0.091334,-0.40586419753086417,2924.76496,1.489646080584054,1.8837768665503007
2022-03-31,15272,SEDG,SOLAREDGE TECHNOLOGIES INC,45,-0.02674742482194776,0.009175,-0.35728314894981555,16871.44498,1.0404136715575936,1.9950481781087914
2022-03-31,15284,BPMC,BLUEPRINT MEDICINES CORP,35,-0.010312619341834115,0.054936000000000006,-0.3761022927689594,3584.74165,0.9885213677336535,1.1200520769332516
2022-03-31,15546,Z,ZILLOW GROUP INC,60,-0.03,-0.14314100000000002,-0.7530463363796696,10522.30616,1.4933841734687312,1.8837185402546848
2022-03-31,16064,NTLA,INTELLIA THERAPEUTICS INC,35,-0.03,-0.26490600000000003,-0.6608545775212443,7381.3272,2.197189095659138,2.4718273033661866
2022-03-31,16119,ATKR,ATKORE INC,20,0.02744017495056,-0.032209999999999996,0.20644941478274811,4562.30376,2.338872516198627,1.6856698905270004
2022-03-31,16140,TWLO,TWILIO INC,45,-0.02544066,-0.057211,-0.549062049062049,30013.684400000002,1.4909478969130168,1.6945999694815734
2022-03-31,16382,COUP,COUPA SOFTWARE INC,45,-0.027036479999999998,-0.160212,-0.4774330607663941,9083.010600000001,1.499320929807696,1.5033665380638612
2022-03-31,16434,GOLF,ACUSHNET HOLDINGS CORP,25,0.03,-0.076987,0.4203142536475869,3224.9939999999997,0.8273805468736434,1.195690687175539
2022-03-31,16595,SNAP,SNAP INC,50,-0.00847838558145029,-0.098958,-0.3600489017155684,54714.6048,1.2246213285791328,1.9304188957741126
2022-03-31,16649,OKTA,OKTA INC,45,-0.020803263658824945,-0.17442,-0.4459074875741543,27374.8048,1.119933537636238,1.3874303029524648
2022-03-31,16655,CVNA,CARVANA CO,25,-0.03,-0.20727700000000002,-0.6831208914542248,13557.49747,2.390550564145532,1.9828318284915893
2022-03-31,17341,ZS,ZSCALER INC,45,-0.020674326410140505,0.008847,-0.39279701779701787,33740.477750000005,1.0794970288696921,1.1945735614441622
2022-03-31,17672,EAF,GRAFTECH INTERNATIONAL LTD NEW,20,0.02888274,-0.045695,0.29844075677409015,2653.6204799999996,1.1222732550974146,1.6168756137881652
2022-03-31,17855,AVLR,AVALARA INC,45,-0.023478295594251523,-0.042404,-0.4929052429052429,9031.44156,0.8717104618715,1.3500134547186378
2022-03-31,17907,NKLA,NIKOLA CORP,20,-0.029513489999999996,0.355636,-0.35666185666185674,3269.1068999999998,1.0504670103445435,1.010584657776607
2022-03-31,18184,FSR,FISKER INC,25,-0.03,0.057317,-0.4347843514510181,2005.2652,0.9827695240552743,0.8162405643729342
2022-03-31,19561,BA,BOEING CO,20,-0.03,-0.06746,-0.3667628667628668,119713.22,1.3984202095539875,1.5117638633611323
2022-03-31,21020,AAL,AMERICAN AIRLINES GROUP INC,20,-0.02881188729042,0.057911000000000004,-0.3709515792849126,11198.01,1.5591439714361892,1.5408526668562423
2022-03-31,21936,PFE,PFIZER INC,35,0.0064173384127869625,0.102837,0.3551186467853135,263959.86123999994,0.6707585409782648,0.8278475119586807
2022-03-31,22111,JNJ,JOHNSON & JOHNSON,35,0.004186701080506212,0.07686799999999999,0.34650072150072153,432698.63476,0.64944179840938,0.49154989716999886
2022-03-31,24328,EQT,E Q T CORP,10,-0.009999999999999995,0.486975,-0.17075517075517072,8701.17222,1.088926804257328,0.9505285804537608
2022-03-31,25487,CAR,AVIS BUDGET GROUP INC,20,0.02994208868727531,0.435287,-0.02254689754689749,9863.01848,2.0366225189581506,3.7830859148555125
2022-03-31,37568,FELE,FRANKLIN ELECTRIC INC,20,0.026885708383320002,-0.018035000000000002,0.2321628988295655,3930.4333600000004,0.9521279076617514,0.9545029611551671
2022-03-31,44943,DIOD,DIODES INC,45,0.024473915132550005,-0.029081000000000003,0.25659371492704824,4033.5209800000002,1.1137912518608224,1.6439512385834514
2022-03-31,49429,DDS,DILLARDS INC,25,0.03,0.071228,0.3560405643738977,3872.96808,0.902829400486004,1.8280339191421937
2022-03-31,56223,LPX,LOUISIANA PACIFIC CORP,15,0.027634449907020003,-0.136683,0.1627986211319545,6177.41115,1.6557599637895397,1.8028775446967185
2022-03-31,57808,VSH,VISHAY INTERTECHNOLOGY INC,45,0.026321689798649996,0.026522,0.340688632355299,2548.52795,1.308811575730987,1.3021902238452885
2022-03-31,61313,DCI,DONALDSON INC,20,0.027584143299270003,-0.043177999999999994,0.34277296777296773,6704.08164,1.2799690097545249,1.0475326752082814
2022-03-31,62341,PDCE,P D C ENERGY INC,10,0.03,0.130433,0.34143017476350807,6215.2116,2.877171458307177,1.632037835685299
2022-03-31,68196,SEIC,S E I INVESTMENTS CO,40,0.028063555492498636,0.027764999999999998,0.4286716370049703,8104.77732,1.0184973111166378,1.1986795544040754
2022-03-31,76076,CSCO,CISCO SYSTEMS INC,45,0.03,-0.00023899999999999998,0.2975990059323393,231677.94936,0.9196560875522519,0.8894808084482062
2022-03-31,76095,HOLX,HOLOGIC INC,35,0.026968418038835977,0.079327,0.2553110469777136,17791.36128,1.078325464803536,0.8741277846750649
2022-03-31,77300,SMG,SCOTTS MIRACLE GRO CO,15,-0.002024967469877344,-0.12215100000000001,-0.37000962000962,7785.09504,1.1474328440457857,1.3071141579288095
2022-03-31,77699,FCEL,FUELCELL ENERGY INC,20,-0.03,-0.04006,-0.6363435946769281,2200.1220000000003,4.062183175279183,1.6129251114400622
2022-03-31,80191,ALB,ALBEMARLE CORP,15,-0.0018248771622452757,0.131161,-0.4146224146224146,22926.37793,1.5349800770739244,1.8267644404934655
2022-03-31,81073,UHAL,AMERCO,20,0.01942938575765296,0.033406000000000005,0.27018197851531184,11325.776880000001,0.9268298856231094,0.940445225737469
2022-03-31,82634,SAM,BOSTON BEER INC,30,-0.02733513,0.013005000000000001,-0.3359988776655443,3921.2619600000003,0.8337420697929117,0.8522396165733988
2022-03-31,82779,NVAX,NOVAVAX INC,35,-0.02669181,-0.116649,-0.5787838704505371,6359.713710000001,1.7146412421469324,1.09167190411282
2022-03-31,82800,SCCO,SOUTHERN COPPER CORP,15,0.02621539472510262,0.093758,0.32942520442520445,53645.409,1.035341841923156,1.3583243265431308
2022-03-31,83011,WSM,WILLIAMS SONOMA INC,25,0.0004979715276476305,0.0009059999999999999,0.191979316979317,10568.2613,1.546632142604538,1.4404317936571025
2022-03-31,84042,PAG,PENSKE AUTOMOTIVE GROUP INC,25,0.027625123807199996,-0.046555,0.27272727272727276,7600.569120000001,1.388346574494879,1.5030803729388773
2022-03-31,84373,DGX,QUEST DIAGNOSTICS INC,35,0.022861984562459997,0.042524,0.20917508417508412,16103.547250000001,1.0572082817140838,0.7298280688422017
2022-03-31,85002,SRPT,SAREPTA THERAPEUTICS INC,35,-0.024846197947320518,0.019649999999999997,-0.37634279300945966,6676.561500000001,1.371465202786875,1.0794386747217262
2022-03-31,85427,GPI,GROUP 1 AUTOMOTIVE INC,25,0.0280108607841,-0.077562,0.21318342151675487,3100.26913,1.6739026688573897,1.4956425100921904
2022-03-31,85621,MTD,METTLER TOLEDO INTERNATIONAL INC,35,0.024898992732300004,-0.025295,0.084335417668751,32127.72444,1.0222088481475022,1.0534634863300125
2022-03-31,85738,MRCY,MERCURY SYSTEMS INC,20,-0.03,0.070182,-0.46482683982683987,3417.72588,0.888680629587454,1.2955122684157605
2022-03-31,86047,AMKR,AMKOR TECHNOLOGY INC,45,0.03,-0.041965999999999996,0.28445165945165946,5545.399380000001,1.4932742459697184,1.9352855604989343
2022-03-31,87337,PLUG,PLUG POWER INC,20,-0.03,0.131217,-0.6276254609587942,14614.129979999998,1.8282918839559255,2.177789793280194
2022-03-31,88351,INSM,INSMED INC,35,-0.017728576112859662,-0.016796000000000002,-0.3540564373897707,2841.8295,2.274977041364298,1.1560580243994332
2022-03-31,88417,ACLS,AXCELIS TECHNOLOGIES INC,45,0.02784921229116,0.091099,0.23422719256052585,2301.63422,1.489753965300323,2.2128211444307
2022-03-31,89301,GME,GAMESTOP CORP NEW,25,-0.03,0.350516,-0.5205828122494789,9417.13234,0.9690902334344484,0.6765783973265285
2022-03-31,89533,WYNN,WYNN RESORTS LTD,25,-0.0063401047422336175,-0.078423,-0.3374218374218375,10027.581479999999,2.2693319878818166,1.5516577618124403
2022-03-31,89866,LKQ,L K Q CORP,25,0.023461365957239997,-0.02776,0.20785233285233287,13381.4073,1.5624424582734335,1.2728813628748654
2022-03-31,89968,PIPR,PIPER SANDLER COMPANIES,40,0.027155002395890658,-0.080739,0.5693241943241943,2646.1227799999997,1.366815634541902,1.4830010500205795
2022-03-31,90126,CYTK,CYTOKINETICS INC,35,-0.03,0.042126000000000004,-0.43125701459034793,2997.11392,1.2372708671052772,1.3728731450710088
2022-03-31,90319,GOOGL,ALPHABET INC,50,0.0009232376546020368,0.029634999999999998,0.17013387846721179,812381.3607,0.997565012081957,1.1829839436969856
2022-03-31,90505,LVS,LAS VEGAS SANDS CORP,25,-0.02935533,-0.093154,-0.3293049543049543,32744.6114,1.2710916120145652,1.586053320468576
2022-03-31,90564,PBH,PRESTIGE CONSUMER HEALTHCARE INC,35,0.010847400660231965,-0.11076000000000001,0.19474506974506975,2988.34647,0.6478701777668169,0.7343178080265055
2022-03-31,91103,UAL,UNITED AIRLINES HOLDINGS INC,20,-0.03,0.044084000000000005,-0.4171276254609588,14413.3944,1.3590854363877563,1.5424978245146033
2022-03-31,91413,EVR,EVERCORE INC,40,0.03,-0.12359400000000001,0.29695767195767203,4877.692040000001,1.58202644262489,1.516770449068074
2022-03-31,91500,EXLS,EXLSERVICE HOLDINGS INC,45,0.02502871131564,0.186048,0.28204665704665705,4010.83195,0.9218372779995764,1.063802962319829
2022-03-31,91575,HRI,HERC HOLDINGS INC,20,0.024287608389449305,0.050028,-0.0027457110790444217,4725.864,2.58046578841744,2.0616733032303802
2022-03-31,91926,DAL,DELTA AIR LINES INC,20,-0.028099854543739963,-0.008827999999999999,-0.28958233124899796,25546.0056,1.1861223803678211,1.4188591125360777
2022-03-31,91983,CLR,CONTINENTAL RESOURCES INC,10,0.03,0.10638099999999999,0.25885842552509214,20193.03814,2.858321540963896,1.4783584473524631
2022-03-31,93035,SEM,SELECT MEDICAL HOLDINGS CORP,35,0.00033392681940599966,0.041661000000000004,-0.01170434503767835,3105.45675,1.3104666995577974,1.4015374645714185
2022-03-31,93098,H,HYATT HOTELS CORP,25,-0.03,-0.017154000000000003,-0.27908048741382074,4887.934740000001,1.4302209062333633,1.3099376723798506
2022-03-31,93263,CELH,CELSIUS HOLDINGS INC,30,-0.00029294621488470637,-0.136388,-0.49995991662658323,4785.93601,2.222067748470357,1.6960032757931547
2022-04-30,10777,FCNCA,FIRST CITIZENS BANCSHARES INC NC,40,-0.0051349201107478565,-0.03943,-0.3071368898436568,9981.3376,1.1032622592282098,1.3110905134731992
2022-04-30,11343,SAFM,SANDERSON FARMS INC,30,0.006537806283571343,0.009989999999999999,0.5371166010263754,4185.526760000001,0.6502610325509859,0.34487562369857405
2022-04-30,11691,MATX,MATSON INC,20,0.03,-0.28688800000000003,0.4797310737160362,4927.44762,0.8568289535018587,1.0099540885506246
2022-04-30,12062,LH,LABORATORY CORP AMERICA HLDGS,35,0.025170059763250506,-0.088712,0.23552929943907383,24625.844000000005,1.0123399159058968,0.8030741728190838
2022-04-30,12591,APO,APOLLO GLOBAL MANAGEMENT INC NEW,40,-0.03,-0.197327,-0.387019135139436,35391.392790000005,1.5274295922219552,1.3957838110852159
2022-04-30,13169,ZNGA,ZYNGA INC,50,-0.010695436163064252,-0.105015,-0.2067470262958985,10463.44992,-0.03215002278824653,1.0828922327991624
2022-04-30,13688,PCG,P G & E CORP,55,-0.03,0.059427,-0.32277121374865736,29433.688019999998,1.3116310637809334,0.4972221851054352
2022-04-30,13748,TPH,TRI POINTE HOMES INC,25,0.021595939839808547,0.029346,0.22508652583840552,2160.0658399999998,1.4662720139526069,1.375702236024677
2022-04-30,13766,BCC,BOISE CASCADE CO,20,0.025195498204890948,0.08791500000000001,0.20358435771969605,2732.32457,1.6207126449263844,1.7856593841842787
2022-04-30,13837,EVTC,EVERTEC INC,45,0.03,-0.036196,0.41560249830926527,2945.7320999999997,0.9320350850937152,0.9128007205793518
2022-04-30,14054,MRTX,MIRATI THERAPEUTICS INC,35,-0.013045765298392797,-0.24851700000000002,-0.43843736324939336,4564.11442,1.5575602213548176,0.7593790242011185
2022-04-30,14136,RNG,RINGCENTRAL INC,45,-0.014420057145458257,-0.276123,-0.4594422564347376,9900.377069999999,0.8216796031073204,1.4415109760441833
2022-04-30,14159,MNDT,MANDIANT INC,45,-0.029008577283584698,-0.014829,-0.43433981779846437,5219.60298,0.9574145033395406,1.4568301262583605
2022-04-30,14593,AAPL,APPLE INC,45,0.024038201866844307,-0.09716799999999999,0.22204320324621074,2830003.4484800003,1.1265446694933556,1.04670449659712
2022-04-30,14596,FIVN,FIVE 9 INC,45,-0.026346007616880003,-0.002754,-0.357958388033576,7675.228800000001,0.5495279258092348,1.1840503513106087
2022-04-30,14813,MARA,MARATHON DIGITAL HOLDINGS INC,45,-0.005900867888665914,-0.441897,-0.5639893384254286,2964.1534,5.528459582618149,1.6614195647372316
2022-04-30,15067,FRPT,FRESHPET INC,30,-0.013437117994588294,-0.09054799999999999,-0.4341806898197875,4461.86344,0.7135185443696319,1.511345227527355
2022-04-30,15167,SHAK,SHAKE SHACK INC,25,-0.020252842134611076,-0.148343,-0.3768946174961213,2657.8097000000002,1.465321263677873,1.8520029610512514
2022-04-30,15272,SEDG,SOLAREDGE TECHNOLOGIES INC,45,-0.01700087640153797,-0.223259,-0.3672673747861718,17854.78482,1.0319261651757778,1.8118240770388185
2022-04-30,15284,BPMC,BLUEPRINT MEDICINES CORP,35,-0.010879153397997115,-0.08660599999999999,-0.3746071528026415,3804.43728,1.000976218578001,1.071817137488379
2022-04-30,15546,Z,ZILLOW GROUP INC,60,-0.03,-0.192165,-0.6839320523531051,8868.84828,1.4670613885786026,1.781289715832805
2022-04-30,15638,GBT,GLOBAL BLOOD THERAPEUTICS INC,35,-0.03,-0.11377799999999999,-0.6043680630146796,2253.5052,1.0446143136798385,1.3690145002351757
2022-04-30,16019,RRR,RED ROCK RESORTS INC,25,0.03,-0.094765,0.31358157298006917,2985.08032,2.3514326890208967,1.5567166676233293
2022-04-30,16064,NTLA,INTELLIA THERAPEUTICS INC,35,-0.022052819999999997,-0.325343,-0.6633249791144528,5495.596079999999,2.14593506550341,2.3970846750061923
2022-04-30,16119,ATKR,ATKORE INC,20,0.026556326915402464,-0.023808,0.24575327206906156,4415.62464,2.323649023312103,1.6265902366811955
2022-04-30,16140,TWLO,TWILIO INC,45,-0.02398517440074,-0.321559,-0.5574253093050084,28298.37143,1.465384400973269,1.665443351708563
2022-04-30,16382,COUP,COUPA SOFTWARE INC,45,-0.02270491146624,-0.150878,-0.5564705414329474,7674.99597,1.4656964515055877,1.6025574874931634
2022-04-30,16434,GOLF,ACUSHNET HOLDINGS CORP,25,0.02769039,0.011885999999999999,0.31031944941719375,2914.0188,0.8108443618277908,1.1761621977013872
2022-04-30,16649,OKTA,OKTA INC,45,-0.017174758411452697,-0.20969500000000002,-0.4898357003620161,22601.731200000002,1.0887973092398495,1.4106529183486654
2022-04-30,16655,CVNA,CARVANA CO,25,-0.03,-0.514162,-0.691411067350917,10751.488410000002,2.348839706737105,2.08801506585461
2022-04-30,17104,APLS,APELLIS PHARMACEUTICALS INC,35,-0.01110781132328726,-0.143316,-0.6215936667064488,5408.2164,1.5325928693013857,1.562910804046577
2022-04-30,17341,ZS,ZSCALER INC,45,-0.02085723217589102,-0.15976800000000002,-0.3758205036400525,34040.9888,1.0705300041451509,1.2290877380270615
2022-04-30,17672,EAF,GRAFTECH INTERNATIONAL LTD NEW,20,0.03,-0.056170000000000005,0.3731948919918845,2532.5227199999995,1.109712754894224,1.5472007170956144
2022-04-30,17855,AVLR,AVALARA INC,45,-0.03,-0.23559100000000002,-0.5190754664438875,8705.83137,0.8601688169094073,1.3785819919051332
2022-04-30,17907,NKLA,NIKOLA CORP,20,-0.03,-0.329636,-0.38331940963519917,4480.46424,1.0965423206243394,1.072514065875448
2022-04-30,18184,FSR,FISKER INC,25,-0.03,-0.220192,-0.4225046743843736,2121.2502,0.9839886919253358,0.8535958514897153
2022-04-30,18453,LAZR,LUMINAR TECHNOLOGIES INC,25,-0.03,-0.20861000000000002,-0.5077375979631619,3981.19545,1.4332222388901839,0.9869548860535902
2022-04-30,19561,BA,BOEING CO,20,-0.0279762,-0.222805,-0.38763575605680867,113058.7275,1.383682418412392,1.4377113782235431
2022-04-30,21020,AAL,AMERICAN AIRLINES GROUP INC,20,-0.03,0.028456000000000002,-0.3952341170386284,11847.17,1.5591817173482918,1.5661053582840543
2022-04-30,21936,PFE,PFIZER INC,35,0.007077278243142735,-0.052191,0.2817161952500298,292385.25998000003,0.681106766174351,0.8031910930621491
2022-04-30,22111,JNJ,JOHNSON & JOHNSON,35,0.004508524419162563,0.018188000000000003,0.35686438318017266,466046.66644999996,0.6584116901690522,0.4688862415309104
2022-04-30,24328,EQT,E Q T CORP,10,-0.014869749999999992,0.15514999999999998,-0.25366988900823484,12938.95143,1.150827091540164,0.9159756815675061
2022-04-30,25487,CAR,AVIS BUDGET GROUP INC,20,0.03,0.016560000000000002,-0.03868798981580938,13165.0,2.0689999975499247,3.7078035212234863
2022-04-30,37568,FELE,FRANKLIN ELECTRIC INC,20,0.026400824632626826,-0.15779200000000002,0.27081592871066557,3849.2361600000004,0.9474603265619699,0.9094205884505574
2022-04-30,44943,DIOD,DIODES INC,45,0.027734194902241934,-0.16051500000000002,0.2915821299279946,3934.73168,1.103160409295153,1.5309621021964732
2022-04-30,49429,DDS,DILLARDS INC,25,0.03,0.131935,0.34512869475275504,4146.08872,0.8993329421776556,1.731744234686972
2022-04-30,56223,LPX,LOUISIANA PACIFIC CORP,15,0.023857290390378788,0.038598,0.18723395791064965,5344.05936,1.6338739852135438,1.7539121255678192
2022-04-30,57808,VSH,VISHAY INTERTECHNOLOGY INC,45,0.027019793655489788,-0.049527,0.298583760989776,2602.9780000000005,1.31171895427427,1.2517115543911863
2022-04-30,61313,DCI,DONALDSON INC,20,0.026393115159894124,-0.055689,0.19349962207105062,6416.36694,1.2754510112068127,1.0184046431675031
2022-04-30,62341,PDCE,P D C ENERGY INC,10,0.03,-0.040488,0.35012133508374105,6951.4786,2.878607743791369,1.4422781275578092
2022-04-30,68196,SEIC,S E I INVESTMENTS CO,40,0.02884274011074786,-0.074609,0.4017583641643792,8261.95599,1.0196266633710036,1.1594023302006091
2022-04-30,76076,CSCO,CISCO SYSTEMS INC,45,0.029992829999999998,-0.115552,0.3423240641285754,231636.40767999997,0.9146443625286271,0.8311277667692066
2022-04-30,76095,HOLX,HOLOGIC INC,35,0.029107741736602716,-0.062911,0.2726856824601186,19155.22064,1.0881255161822303,0.7914334411943478
2022-04-30,77300,SMG,SCOTTS MIRACLE GRO CO,15,-0.0017776156684643565,-0.154803,-0.38489079842463303,6834.60864,1.1291800654733082,1.3181001598083064
2022-04-30,77699,FCEL,FUELCELL ENERGY INC,20,-0.0287982,-0.291704,-0.5137048971635438,2112.12288,4.022299963465857,1.4415386228399212
2022-04-30,80191,ALB,ALBEMARLE CORP,15,-0.0020642298757225287,-0.12809500000000001,-0.37743167442415565,25899.3188,1.5493841057942896,1.787554624000416
2022-04-30,80575,SSD,SIMPSON MANUFACTURING CO INC,20,0.03,-0.04702,0.4641962047977085,4727.4292,1.1946206333458749,1.0421787814279826
2022-04-30,80864,RS,RELIANCE STEEL & ALUMINUM CO,15,0.0013112574500693114,0.08122800000000001,0.4022954210924135,11313.61175,0.8365270295184031,1.0929416186039884
2022-04-30,81073,UHAL,AMERCO,20,0.020078443818273117,-0.10217899999999999,0.25760830648048694,11704.79952,0.9267687683149616,0.9003760449660422
2022-04-30,82634,SAM,BOSTON BEER INC,30,-0.027690623365649997,-0.034712,-0.34196602617655253,3972.4942200000005,0.8223714425316223,0.8391989445557327
2022-04-30,82779,NVAX,NOVAVAX INC,35,-0.03,-0.388089,-0.5656601822015356,5753.75895,1.66661187347417,1.044642766869974
2022-04-30,82800,SCCO,SOUTHERN COPPER CORP,15,0.02867329770373879,-0.179615,0.26739467716911325,58677.30330000001,1.040796350055369,1.2387540559706998
2022-04-30,83011,WSM,WILLIAMS SONOMA INC,25,0.0004984226898516792,-0.095174,0.16316585113577592,10376.055,1.5467844253164724,1.2637111040313174
2022-04-30,84042,PAG,PENSKE AUTOMOTIVE GROUP INC,25,0.0263390361683558,0.118401,0.25540040577634565,7196.7588000000005,1.370802204642467,1.4327715885810042
2022-04-30,84373,DGX,QUEST DIAGNOSTICS INC,35,0.023834167593994045,-0.017275,0.21116282770418102,16348.611300000002,1.0596979767692423,0.6833614247002178
2022-04-30,85002,SRPT,SAREPTA THERAPEUTICS INC,35,-0.025334425736985366,-0.074282,-0.3463221545928313,6835.18752,1.3617291247275434,1.0307374330389254
2022-04-30,85427,GPI,GROUP 1 AUTOMOTIVE INC,25,0.025838282399963636,0.037561,0.22604129371046663,2859.99103,1.652568405998164,1.3941547091321185
2022-04-30,85621,MTD,METTLER TOLEDO INTERNATIONAL INC,35,0.024269172711136475,-0.0697,0.10003182559573535,31220.847840000002,1.0134254407652825,1.0496850121404084
2022-04-30,85738,MRCY,MERCURY SYSTEMS INC,20,-0.03,-0.134405,-0.44030711699884634,3657.7953,0.8971695305500358,1.2070653698132885
2022-04-30,86047,AMKR,AMKOR TECHNOLOGY INC,45,0.03,-0.13401500000000002,0.3651788200660381,5311.23504,1.4947586592551418,1.8041022363633676
2022-04-30,87337,PLUG,PLUG POWER INC,20,-0.03,-0.265329,-0.5241675617615467,16538.41104,1.846998967395324,1.9787927907516323
2022-04-30,88159,EXEL,EXELIXIS INC,35,0.015890057130107604,-0.014594000000000001,0.3521701078092056,7260.47556,0.7672727152107931,0.938797813442297
2022-04-30,88351,INSM,INSMED INC,35,-0.01743080694846807,-0.06514299999999999,-0.35034013605442177,2804.6310000000003,2.270222891381737,1.0880253272679126
2022-04-30,88417,ACLS,AXCELIS TECHNOLOGIES INC,45,0.03,-0.279131,0.19288300115367787,2497.32392,1.5096398202824728,2.2164237915587437
2022-04-30,89301,GME,GAMESTOP CORP NEW,25,-0.03,-0.249227,-0.616063969447428,12716.55062,0.9868299982063825,0.6190918025622638
2022-04-30,89533,WYNN,WYNN RESORTS LTD,25,-0.00584289470803343,-0.11616399999999999,-0.3618769145084934,9243.30132,2.2685437257392973,1.7097720117623143
2022-04-30,89866,LKQ,L K Q CORP,25,0.022810078438267014,0.092894,0.23178979194016783,12928.226999999999,1.5482906637365932,1.2731996301854438
2022-04-30,89968,PIPR,PIPER SANDLER COMPANIES,40,0.03,-0.123999,0.5055296972590205,2350.425,1.3423673880953524,1.4308568480422585
2022-04-30,90126,CYTK,CYTOKINETICS INC,35,-0.03,0.083093,-0.41806898197875636,3152.85012,1.2504034711750978,1.288933337627653
2022-04-30,90319,GOOGL,ALPHABET INC,50,0.0009505978024961682,-0.179504,0.2322273938815292,836527.17005,0.9957503072628507,1.1614560618823135
2022-04-30,90505,LVS,LAS VEGAS SANDS CORP,25,-0.02662076358918,-0.08853699999999999,-0.40394637387118587,29696.291299999997,1.2633252480651067,1.7652555468790858
2022-04-30,90564,PBH,PRESTIGE CONSUMER HEALTHCARE INC,35,0.009645942563104673,0.032452999999999996,0.31320364403071166,2657.5350599999997,0.6301339484587908,0.6885287052157509
2022-04-30,91103,UAL,UNITED AIRLINES HOLDINGS INC,20,-0.03,0.08926400000000001,-0.43656760949994033,15147.156439999999,1.3593545023111278,1.6375239616980104
2022-04-30,91413,EVR,EVERCORE INC,40,0.02629218,-0.050073,0.35177228786251336,4275.13328,1.5586006906017216,1.4691973985209341
2022-04-30,91575,HRI,HERC HOLDINGS INC,20,0.025502668861956675,-0.23506000000000002,0.0059474082030472886,4962.573,2.571711846335117,1.9766506067414997
2022-04-30,91926,DAL,DELTA AIR LINES INC,20,-0.02785178902782783,0.08740300000000001,-0.33947965150972664,25322.0301,1.1762991181971538,1.5311299095576636
2022-04-30,91983,CLR,CONTINENTAL RESOURCES INC,10,0.03,-0.093955,0.26100966702470463,22342.39634,2.8627859910787845,1.320837865723209
2022-04-30,93035,SEM,SELECT MEDICAL HOLDINGS CORP,35,0.000347838544629273,-0.057561,0.03614194215697978,3208.59053,1.3050922659119462,1.297884315656035
2022-04-30,93098,H,HYATT HOTELS CORP,25,-0.02948538,-0.005170999999999999,-0.26276007479015,4804.380300000001,1.426467460293659,1.3123951230593605
2022-04-30,93263,CELH,CELSIUS HOLDINGS INC,30,-0.000252991866529011,-0.057667,-0.39053984166766126,4157.8681799999995,2.1900295599315824,1.6913403576782586
2022-05-31,10777,FCNCA,FIRST CITIZENS BANCSHARES INC NC,40,-0.0049324502107810685,0.095871,-0.11335224936261201,9588.14248,1.0601620203631839,1.2335787453152864
2022-05-31,11343,SAFM,SANDERSON FARMS INC,30,0.01918824286635775,0.055626999999999996,0.5194711736162513,4226.7384,0.6046726536723348,0.30167908384983905
2022-05-31,11691,MATX,MATSON INC,20,0.03,0.048207,0.40262357101735347,3514.0030199999997,1.0167344771651468,1.0355921415678888
2022-05-31,12062,LH,LABORATORY CORP AMERICA HLDGS,35,0.022937173421533025,0.029544,-0.00935521013241225,22388.32928,1.008284122143124,0.8022703497328829
2022-05-31,12591,APO,APOLLO GLOBAL MANAGEMENT INC NEW,40,-0.024080189999999998,0.166508,-0.3072004276667489,28409.02896,1.570745979427051,1.385098623871451
2022-05-31,13169,ZNGA,ZYNGA INC,50,-0.00957225493440006,-0.007021,-0.21813060284562877,9405.255979999998,0.06205460937030242,1.012590468858607
2022-05-31,13688,PCG,P G & E CORP,55,-0.03,-0.03588,-0.19732297063903284,31184.805300000004,1.1642798817653943,0.47086183990903957
2022-05-31,13748,TPH,TRI POINTE HOMES INC,25,0.02222969429034757,0.019045,0.03824327658524548,2138.1254700000004,1.345840389543733,1.302001940061343
2022-05-31,13766,BCC,BOISE CASCADE CO,20,0.027410560429573936,0.05738,0.1416029278723579,2981.4042600000002,1.455439455407156,1.6924935856890104
2022-05-31,13837,EVTC,EVERTEC INC,45,0.028914119999999998,-0.037363,0.3788140472078296,2828.4866,0.9014880192110717,0.8383507856298237
2022-05-31,14054,MRTX,MIRATI THERAPEUTICS INC,35,-0.013236105525277719,-0.366547,-0.40424788222715685,3431.01333,1.66724089374594,0.7182736110848036
2022-05-31,14136,RNG,RINGCENTRAL INC,45,-0.010438347706282887,-0.25617,-0.4389135619705568,7167.024949999999,0.9787339990772613,1.4005144639440195
2022-05-31,14159,MNDT,MANDIANT INC,45,-0.02857840909104642,0.002878,-0.2824039805905091,5142.83644,0.9070346344574726,1.3078737218125216
2022-05-31,14521,TNET,TRINET GROUP INC,20,0.0032446737366444295,-0.11485000000000001,0.4398182416317131,5522.3733,1.2803925341336724,0.9121171840260243
2022-05-31,14593,AAPL,APPLE INC,45,0.02170245786784678,-0.054810000000000005,0.1766798256435562,2551593.7846500003,1.1326944492789883,1.0201499174188415
2022-05-31,14596,FIVN,FIVE 9 INC,45,-0.03,-0.121924,-0.48427091043671355,7658.2257,0.5374445301098701,1.1152720121523951
2022-05-31,15067,FRPT,FRESHPET INC,30,-0.012220413834414313,-0.22933800000000001,-0.4078049181676124,4059.7915,0.7551642557607442,1.433499748011472
2022-05-31,15167,SHAK,SHAKE SHACK INC,25,-0.017248474773836463,-0.159048,-0.35792417139567395,2263.63969,1.4762158821432045,1.76356894019435
2022-05-31,15272,SEDG,SOLAREDGE TECHNOLOGIES INC,45,-0.013205277737007005,0.08906599999999999,-0.3088247388765524,13869.45867,1.1572797355434463,1.6883173503266071
2022-05-31,15284,BPMC,BLUEPRINT MEDICINES CORP,35,-0.009936953438810178,-0.057719,-0.4091208158565672,3475.96785,1.0005649416592992,1.0314531743921507
2022-05-31,15546,Z,ZILLOW GROUP INC,60,-0.03,0.001702,-0.68811168681635,7166.52486,1.508079197738347,1.6938853343846023
2022-05-31,16019,RRR,RED ROCK RESORTS INC,25,0.02715705,-0.119279,0.29864709268854345,2703.54,2.2628847915757566,1.470744196540717
2022-05-31,16064,NTLA,INTELLIA THERAPEUTICS INC,35,-0.01487808938274,-0.059251000000000005,-0.6233859692408915,3719.12162,2.253883343903373,2.221337396938987
2022-05-31,16119,ATKR,ATKORE INC,20,0.02592407388420056,0.133096,0.23359240069084633,4310.661599999999,2.190768994351581,1.529207292666883
2022-05-31,16140,TWLO,TWILIO INC,45,-0.020515205373545717,-0.059778000000000005,-0.5489555062093922,19206.53866,1.6142761626837638,1.6387633846549028
2022-05-31,16382,COUP,COUPA SOFTWARE INC,45,-0.01927923983403664,-0.203204,-0.5245291553581709,6519.2746,1.4858080438426338,1.5533313251548844
2022-05-31,16434,GOLF,ACUSHNET HOLDINGS CORP,25,0.02801951797554,-0.001289,0.3191668722756806,2947.98714,0.7546165988078509,1.1272355877821085
2022-05-31,16597,AYX,ALTERYX INC,45,-0.0007240327735496856,-0.133485,-0.44802204128629003,3876.9738,0.7638309267563803,1.1764956413641046
2022-05-31,16649,OKTA,OKTA INC,45,-0.013573297446363123,-0.304221,-0.4741138251500946,17986.10181,1.184435106789389,1.3677281900350418
2022-05-31,16655,CVNA,CARVANA CO,25,-0.03,-0.49237,-0.8285426433094827,6127.93692,2.583930249179729,2.0983030080574183
2022-05-31,16932,ROKU,ROKU INC,50,-0.005287255601394099,0.021221999999999998,-0.49689530389012254,11133.879200000001,2.0104829781052445,1.468327798644689
2022-05-31,17104,APLS,APELLIS PHARMACEUTICALS INC,35,-0.03,-0.04809,-0.6072662225511966,4636.902660000001,1.5501242794376804,1.4722035915478096
2022-05-31,17341,ZS,ZSCALER INC,45,-0.017524913905613265,-0.245202,-0.3846327823011761,28758.060780000003,1.1435209853524653,1.1910177978711365
2022-05-31,17672,EAF,GRAFTECH INTERNATIONAL LTD NEW,20,0.03,-0.043286000000000005,0.3940291142363681,2372.2498800000003,1.0628732516693657,1.4341396164096851
2022-05-31,17855,AVLR,AVALARA INC,45,-0.022932269999999998,0.112747,-0.4766839378238342,6655.136089999999,0.9864255555629765,1.3125041313168382
2022-05-31,17907,NKLA,NIKOLA CORP,20,-0.020110919999999997,-0.01702,-0.3355744715848343,3022.0907199999997,1.292311548075486,0.9904572505292136
2022-05-31,18134,UPWK,UPWORK INC,20,-0.03,-0.130016,-0.4889999177563945,2718.78147,1.9532617616768397,1.485599796334144
2022-05-31,18453,LAZR,LUMINAR TECHNOLOGIES INC,25,-0.03,-0.164414,-0.4879513117855087,3123.75899,1.5088567616541775,0.8569140158117571
2022-05-31,18572,BYND,BEYOND MEAT INC,30,-0.03,-0.283116,-0.7600542807796694,2342.802,1.200877804280529,1.444554633521497
2022-05-31,19561,BA,BOEING CO,20,-0.021742962759,-0.11748,-0.441586479151246,87872.9034,1.4454104304404842,1.3873377846393984
2022-05-31,21020,AAL,AMERICAN AIRLINES GROUP INC,20,-0.03,-0.048256,-0.37383830907146975,12191.37778,1.4173279466825381,1.473800497289941
2022-05-31,21936,PFE,PFIZER INC,35,0.006707908014354873,0.089178,0.2617197137922527,277136.27018,0.6759688104979873,0.7459043556865154
2022-05-31,22111,JNJ,JOHNSON & JOHNSON,35,0.004590525461298292,0.000804,0.19522575869726136,474540.32289999997,0.601982964273272,0.44511851858801005
2022-05-31,24328,EQT,E Q T CORP,10,-0.03,0.204296,-0.5534994654165638,14965.875,0.9655694478072684,0.8659339030884938
2022-05-31,25487,CAR,AVIS BUDGET GROUP INC,20,0.03,-0.289432,-0.030738547577925823,12924.98129,1.9428664244055542,3.4702933440214103
2022-05-31,37568,FELE,FRANKLIN ELECTRIC INC,20,0.02223498571219537,0.056509,0.015811333168846135,3239.13122,0.9979152887816506,1.0039852024900162
2022-05-31,44943,DIOD,DIODES INC,45,0.023282440607508573,0.054190999999999996,0.23947281848836252,3304.38841,1.153079379642149,1.4711870125596682
2022-05-31,49429,DDS,DILLARDS INC,25,0.03,-0.007976,0.3360679332181923,4324.73535,0.7669242455702154,1.6261076774026986
2022-05-31,56223,LPX,LOUISIANA PACIFIC CORP,15,0.024778134084866628,0.073491,0.16273953450119258,5550.52656,1.4998959243708583,1.617933806060304
2022-05-31,57808,VSH,VISHAY INTERTECHNOLOGY INC,45,0.025681584335114346,0.096848,0.31764536557282674,2468.23281,1.2543558463628375,1.1629583364341067
2022-05-31,61313,DCI,DONALDSON INC,20,0.02492330896975478,0.065762,0.2024220741837322,6059.284320000001,1.2233159481462106,0.9707595709062669
2022-05-31,62341,PDCE,P D C ENERGY INC,10,0.03,0.134479,0.38070565013570196,6655.21846,2.7100809344496164,1.3318566230628723
2022-05-31,68196,SEIC,S E I INVESTMENTS CO,40,0.026690812113825072,0.048329,0.4308331277243194,7648.461519999999,0.9999756200765149,0.9847981255331544
2022-05-31,76076,CSCO,CISCO SYSTEMS INC,45,0.026527098507839998,-0.080544,0.3383090714696933,203218.02,0.9373116206955866,0.8136728354326394
2022-05-31,76095,HOLX,HOLOGIC INC,35,0.027276544596211306,0.045255,0.17894152479644704,17952.938189999997,1.060997479507506,0.706178525042876
2022-05-31,77300,SMG,SCOTTS MIRACLE GRO CO,15,-0.0015024354301390688,-0.083444,-0.3934328480960606,5776.845120000001,1.1623591211266373,1.299990593234632
2022-05-31,77462,M,MACYS INC,25,0.026956743150029997,-0.021821,0.22664281602105435,6885.09037,1.8221130133267887,1.8574591490258483
2022-05-31,80191,ALB,ALBEMARLE CORP,15,-0.0017998123497918511,0.350209,-0.335862324204293,22582.70696,1.5383604513475855,1.6577452824743424
2022-05-31,80575,SSD,SIMPSON MANUFACTURING CO INC,20,0.0285894,0.044836,0.315836006250514,4494.6128499999995,1.1523440636689486,0.983264394354717
2022-05-31,80864,RS,RELIANCE STEEL & ALUMINUM CO,15,0.0014177682702235415,-0.015418,0.2649477753104696,12281.191,0.7282133227417671,1.032068434051747
2022-05-31,81073,UHAL,AMERCO,20,0.018026848507365786,-0.085278,0.2966732461551115,10499.691840000001,0.93689289524597,0.8594961600999427
2022-05-31,82634,SAM,BOSTON BEER INC,30,-0.026729426447381556,-0.052840000000000005,-0.34953532362858786,3830.9999999999995,0.8025691170114473,0.7700187158161876
2022-05-31,82779,NVAX,NOVAVAX INC,35,-0.03,0.22733899999999999,-0.5417180689201414,3521.5444500000003,1.8774409016945073,0.9944911619439049
2022-05-31,82800,SCCO,SOUTHERN COPPER CORP,15,0.02352314333668175,0.01482,0.34009786989061597,48140.314300000005,1.103830123324101,1.1532200587350605
2022-05-31,83011,WSM,WILLIAMS SONOMA INC,25,0.00045098580876773556,-0.019927,0.15052635907558184,9337.01832,1.516385896686796,1.2045204072676428
2022-05-31,84042,PAG,PENSKE AUTOMOTIVE GROUP INC,25,0.029457604389725296,0.103232,0.3161444197713627,8049.1278,1.1963626316148768,1.3481336220717088
2022-05-31,84373,DGX,QUEST DIAGNOSTICS INC,35,0.023422432348807795,0.053339,0.08014639361789622,15708.1316,0.999886787756162,0.6465326181022927
2022-05-31,85002,SRPT,SAREPTA THERAPEUTICS INC,35,-0.02345253392439062,0.006607,-0.34094086684760255,6328.072319999999,1.3352420022157105,0.9672587202168019
2022-05-31,85427,GPI,GROUP 1 AUTOMOTIVE INC,25,0.02680879412518867,0.033114,0.254708446418291,2903.26208,1.5172201708830857,1.313963543123245
2022-05-31,85593,AMG,AFFILIATED MANAGERS GROUP INC,40,0.0010661464260959992,0.063891,0.3444567809852783,4894.2163199999995,1.3008761926944608,1.488339455288193
2022-05-31,85621,MTD,METTLER TOLEDO INTERNATIONAL INC,35,0.022577611373170263,0.006417,0.07342297886339337,29045.92208,1.001256102839638,1.0090342964606722
2022-05-31,85738,MRCY,MERCURY SYSTEMS INC,20,-0.02596785,0.071749,-0.3713915618060696,3217.57667,0.9353606037189276,1.1442986064513545
2022-05-31,86047,AMKR,AMKOR TECHNOLOGY INC,45,0.03,0.086349,0.3810551854593305,4604.29299,1.4917863393460944,1.612640640393763
2022-05-31,86799,CNX,C N X RESOURCES CORP,10,-0.03,0.056627,-0.2692655646023522,4078.1064,1.2487737811568738,0.5089113052210487
2022-05-31,87337,PLUG,PLUG POWER INC,20,-0.02204013,-0.121144,-0.5265852454971627,12150.905279999999,1.9571807841769364,2.0477982400461383
2022-05-31,88159,EXEL,EXELIXIS INC,35,0.03,-0.179806,0.3558063985525126,7154.787119999999,0.7260494850920828,0.866248543593989
2022-05-31,88351,INSM,INSMED INC,35,-0.016295311891424018,-0.143684,-0.32578748252323386,2622.0316199999997,2.1677403871969125,1.0093664685997972
2022-05-31,89301,GME,GAMESTOP CORP NEW,25,-0.03,-0.002946,-0.5904268443128547,9548.71929,1.1684328300740547,0.592829299508642
2022-05-31,89533,WYNN,WYNN RESORTS LTD,25,-0.005164160687169435,-0.062452,-0.33787729254050497,8169.900640000001,2.184898586484098,1.6205130584875165
2022-05-31,89866,LKQ,L K Q CORP,25,0.02492899786471139,0.040320999999999996,0.2119212106258738,14037.001790000002,1.3741061941581025,1.1859262459964217
2022-05-31,89968,PIPR,PIPER SANDLER COMPANIES,40,0.02628003,0.151258,0.21381281355374623,2059.0618400000003,1.343337560457824,1.4028731320974197
2022-05-31,90126,CYTK,CYTOKINETICS INC,35,-0.03,0.000445,-0.4350275516078626,3414.94524,1.1205467197966221,1.2064081134670668
2022-05-31,90178,ALNY,ALNYLAM PHARMACEUTICALS INC,35,-0.03,-0.057491,-0.4930092935274282,16120.212019999999,0.9865463523088911,0.8893072028846242
2022-05-31,90319,GOOGL,ALPHABET INC,50,0.0007799616945568961,-0.003352,0.13901225429722835,686400.59316,1.0642633320172035,1.1472385841357848
2022-05-31,90505,LVS,LAS VEGAS SANDS CORP,25,-0.02426384104328477,0.00054,-0.34022123529895554,27068.236559999998,1.2320119458336845,1.6651919630843945
2022-05-31,90564,PBH,PRESTIGE CONSUMER HEALTHCARE INC,35,0.00995898233710511,0.020915000000000003,0.28090303478904516,2743.8773399999995,0.5609379165271577,0.6374604885906856
2022-05-31,91103,UAL,UNITED AIRLINES HOLDINGS INC,20,-0.03,-0.057139,-0.39807961181018175,16499.9155,1.193561297003915,1.5111430368025376
2022-05-31,91413,EVR,EVERCORE INC,40,0.024975651670859998,0.086551,0.24666913397483345,4061.2230000000004,1.485988268131998,1.4144634501968978
2022-05-31,91463,CVLT,COMMVAULT SYSTEMS INC,45,0.001144693478531321,-0.00014299999999999998,0.34766428160210544,2715.1710000000003,0.660938680837998,1.1251380544900371
2022-05-31,91575,HRI,HERC HOLDINGS INC,20,0.019508011519265137,-0.078714,0.006291635825314572,3820.5398,2.570389398667069,1.9032905159485545
2022-05-31,91926,DAL,DELTA AIR LINES INC,20,-0.03,-0.031448,-0.3027592729665268,27585.50028,1.028066726213509,1.425662418544358
2022-05-31,91983,CLR,CONTINENTAL RESOURCES INC,10,0.02718135,0.230151,0.2901554404145078,20179.02296,2.7336642541657126,1.2238687365462364
2022-05-31,93035,SEM,SELECT MEDICAL HOLDINGS CORP,35,0.0003278166101618674,0.082131,-0.036618965375442035,3024.01967,1.2595534847491543,1.2531030196903843
2022-05-31,93098,H,HYATT HOTELS CORP,25,-0.02933291110002,-0.069494,-0.29167694711736164,4868.88408,1.3333404423490403,1.2545580591780912
2022-05-31,93263,CELH,CELSIUS HOLDINGS INC,30,-0.00023840258456188254,0.289885,-0.3828851056830332,3872.492,2.1126790518496668,1.6009306076628818
2022-06-30,10777,FCNCA,FIRST CITIZENS BANCSHARES INC NC,40,-0.005405329144938861,-0.067129,-0.07394569612940495,10503.1984,1.0511208052812846,1.1355939339079895
2022-06-30,11343,SAFM,SANDERSON FARMS INC,30,0.020255627252284636,0.07978400000000001,0.5015680448956011,4452.84,0.5999103736313431,0.2706297186286476
2022-06-30,11691,MATX,MATSON INC,20,0.03,-0.18970800000000002,0.4269621193364693,3643.8250799999996,1.0128594890090155,0.9587650525174235
2022-06-30,12591,APO,APOLLO GLOBAL MANAGEMENT INC NEW,40,-0.03,-0.15948400000000001,-0.6200792275315673,33111.816759999994,1.5550639187317943,1.322064313503131
2022-06-30,13688,PCG,P G & E CORP,55,-0.028923599999999997,-0.182534,-0.06538334571263514,24247.219399999998,1.1654235347594892,0.4312862199304182
2022-06-30,13766,BCC,BOISE CASCADE CO,20,0.028983378387022887,-0.231167,0.17124700833539652,3050.04204,1.4502162040792523,1.5700695658049233
2022-06-30,13837,EVTC,EVERTEC INC,45,0.027833801734439997,-0.028506,0.393888751341091,2714.4552400000002,0.9056279697379518,0.7726229833890692
2022-06-30,14054,MRTX,MIRATI THERAPEUTICS INC,35,-0.008384450753303747,0.713682,-0.38817364034001817,2174.43732,1.7043258849913376,0.7539607727684439
2022-06-30,14136,RNG,RINGCENTRAL INC,45,-0.0077643561743644,-0.172882,-0.46051002723446405,5363.30102,1.003598369378078,1.4148196857262443
2022-06-30,14159,MNDT,MANDIANT INC,45,-0.013678018122352796,-0.010997999999999999,-0.15692828257819597,5159.3472,0.9075319018326444,1.1447960895341103
2022-06-30,14521,TNET,TRINET GROUP INC,20,0.0028720229579908166,-0.012281,0.44319963687381364,4889.7433200000005,1.2916676042810697,0.8575230592988952
2022-06-30,14593,AAPL,APPLE INC,45,0.015602307561326243,-0.081997,0.14426013039531238,2409002.34004,1.13911769071452,1.0272048370405
2022-06-30,14596,FIVN,FIVE 9 INC,45,-0.03,-0.058162,-0.4735495584715689,6726.85747,0.5519572661138972,1.1410896562584352
2022-06-30,14617,ARES,ARES MANAGEMENT CORP,40,-0.0008470061135655597,-0.193327,-0.34447470495997357,12210.42339,1.0109594061311622,1.3913304424311776
2022-06-30,15067,FRPT,FRESHPET INC,30,-0.009417808566457403,-0.279572,-0.484195758025914,3440.95767,0.7799395688985599,1.5219257686707839
2022-06-30,15272,SEDG,SOLAREDGE TECHNOLOGIES INC,45,-0.014381419003931273,0.0026959999999999996,-0.46835025171247,15109.019730000002,1.1530992056680527,1.5791781710479476
2022-06-30,15284,BPMC,BLUEPRINT MEDICINES CORP,35,-0.009363402423275493,-0.082203,-0.34187505158042425,3276.4049999999997,1.0052350139552944,0.9918551443996113
2022-06-30,15546,Z,ZILLOW GROUP INC,60,-0.03,-0.204828,-0.3919493273912685,7180.9227,1.5075589540372276,1.6090129903842982
2022-06-30,16019,RRR,RED ROCK RESORTS INC,25,0.023917784233049997,-0.13307400000000003,0.3038086985227367,2380.81056,2.2734851588678975,1.3495602022064488
2022-06-30,16064,NTLA,INTELLIA THERAPEUTICS INC,35,-0.01399654770872327,0.121236,-0.6317776677395396,3499.90356,2.260126515357128,2.128003597713551
2022-06-30,16119,ATKR,ATKORE INC,20,0.029374464421892118,-0.23844800000000002,0.20376330774944293,4695.97688,2.1781583469948047,1.4350892972595093
2022-06-30,16140,TWLO,TWILIO INC,45,-0.019288847426725902,-0.20366700000000001,-0.40721713295370143,18074.72654,1.6200801631742987,1.636595159144544
2022-06-30,16382,COUP,COUPA SOFTWARE INC,45,-0.02233107636402673,-0.17050400000000002,-0.5222827432532805,5196.534180000001,1.5058975899737854,1.5963719161455652
2022-06-30,16434,GOLF,ACUSHNET HOLDINGS CORP,25,0.02798340081686953,0.027843,0.23242139143352317,2939.5575,0.7554627156181202,0.8853070927685328
2022-06-30,16597,AYX,ALTERYX INC,45,-0.0006273852587724058,-0.13048600000000002,-0.36801601056367084,3364.2094500000003,0.7788071362546906,1.183967463798704
2022-06-30,16649,OKTA,OKTA INC,45,-0.009444015323933087,0.087934,-0.4697945035899975,12524.18915,1.2142297797313566,1.4165031476310255
2022-06-30,16655,CVNA,CARVANA CO,25,-0.03,-0.233583,-0.8292687959065776,3113.10336,2.6309841156210574,2.376192343055655
2022-06-30,16932,ROKU,ROKU INC,50,-0.020777347262956745,-0.135024,-0.49607988776099693,11373.575200000001,2.0109497804105416,1.4626192976456613
2022-06-30,17104,APLS,APELLIS PHARMACEUTICALS INC,35,-0.0285573,0.09038600000000001,-0.5065403977882313,4415.3369,1.5561299093455585,1.3172639752710957
2022-06-30,17341,ZS,ZSCALER INC,45,-0.01322776996612908,-0.023952,-0.4478418750515804,21717.80667,1.1686835057687304,1.2930667207857718
2022-06-30,17672,EAF,GRAFTECH INTERNATIONAL LTD NEW,20,0.03,-0.18605100000000002,0.3886481802426343,2258.74432,1.0656196761490708,1.2904746160196041
2022-06-30,17855,AVLR,AVALARA INC,45,-0.025517814645689994,-0.166742,-0.4121275893372947,7439.1062,0.9763802772371467,1.297126609560217
2022-06-30,17907,NKLA,NIKOLA CORP,20,-0.03,-0.32634599999999997,-0.3952711067095816,2973.2342799999997,1.2955052864745433,1.0048839224283792
2022-06-30,18134,UPWK,UPWORK INC,20,-0.026099519999999998,0.13258399999999998,-0.4787488652306677,2366.1307500000003,1.9641842093387687,1.4648430392893086
2022-06-30,18453,LAZR,LUMINAR TECHNOLOGIES INC,25,-0.03,-0.427066,-0.5008046546174797,2611.12918,1.529869928953536,0.9275637279440412
2022-06-30,19561,BA,BOEING CO,20,-0.03,0.039920000000000004,-0.48543368820665184,77740.9704,1.454994766169802,1.3773051043162492
2022-06-30,21020,AAL,AMERICAN AIRLINES GROUP INC,20,-0.02855232,-0.290998,-0.33343649418172816,11606.815180000001,1.419833955630172,1.4461114299793127
2022-06-30,21936,PFE,PFIZER INC,35,0.020865883307367786,-0.012068,0.33669637699100435,297601.92384,0.6678049671257179,0.6665222602267429
2022-06-30,22111,JNJ,JOHNSON & JOHNSON,35,0.004594216243769176,-0.011819,0.23169926549475944,472415.60106,0.6020686201282224,0.4085074328600335
2022-06-30,24205,NEE,NEXTERA ENERGY INC,55,-0.021076400000000006,0.022817999999999998,-0.34796154163571835,148693.005,0.44786596789377087,0.6842165581407218
2022-06-30,24328,EQT,E Q T CORP,10,-0.03,-0.27969499999999997,-0.560431624989684,17634.25792,0.947045447879204,0.8090291330630067
2022-06-30,25487,CAR,AVIS BUDGET GROUP INC,20,0.03,-0.22760100000000003,0.04437979697945036,9188.05036,1.9718017118449798,3.219080739323254
2022-06-30,44943,DIOD,DIODES INC,45,0.02454413934647007,-0.162104,0.2512998266897747,3484.4714700000004,1.148981522853137,1.4002908906417089
2022-06-30,49429,DDS,DILLARDS INC,25,0.02976072,-0.268328,0.2536106296938186,4291.5678,0.7702879516956668,1.534224826116732
2022-06-30,50017,RRC,RANGE RESOURCES CORP,10,-0.02394429780571362,-0.27155399999999996,-0.3771354295617727,9159.608150000002,2.032078924206275,0.9041590919002037
2022-06-30,56223,LPX,LOUISIANA PACIFIC CORP,15,0.026599103936897562,-0.24166200000000002,0.22299248989023684,5671.13814,1.4928421463726156,1.4942955198066092
2022-06-30,57808,VSH,VISHAY INTERTECHNOLOGY INC,45,0.028168794414801503,-0.12379899999999999,0.3607947511760337,2696.56744,1.2444622096655216,1.0521050442094573
2022-06-30,61313,DCI,DONALDSON INC,20,0.026562315614223796,-0.075741,0.19823388627548072,6459.61224,1.2161299298014951,0.8992972937298892
2022-06-30,62341,PDCE,P D C ENERGY INC,10,0.03,-0.21881,0.1288478996451267,7552.2510600000005,2.696417621411485,1.267104025383939
2022-06-30,68196,SEIC,S E I INVESTMENTS CO,40,0.027980752372474126,-0.069317,0.42731286622101183,8020.45238,0.9945310545212883,0.9092174835866905
2022-06-30,76076,CSCO,CISCO SYSTEMS INC,45,0.024390499885624535,-0.054063,0.1819963687381365,186550.4282,0.9443399270127403,0.9143231820278678
2022-06-30,76095,HOLX,HOLOGIC INC,35,0.02851094462191285,-0.079882,0.19612940496822645,18770.90787,1.056354527371165,0.6543474518957336
2022-06-30,76573,MLI,MUELLER INDUSTRIES INC,20,0.001985337858064049,-0.0065439999999999995,0.4095073037880664,3064.22655,1.068276754262992,1.088489069182155
2022-06-30,77300,SMG,SCOTTS MIRACLE GRO CO,15,-0.0013770662081065443,-0.165754,-0.37012049187092516,5241.191040000001,1.1690401299375361,1.3141774210438395
2022-06-30,77462,M,MACYS INC,25,0.026368520057753194,-0.22034,0.12930180737806385,6736.9626499999995,1.822665867258814,1.8193126604899879
2022-06-30,80191,ALB,ALBEMARLE CORP,15,-0.0024301228330001054,-0.196783,-0.26576297763472806,30498.567460000002,1.5055047759311007,1.54623687858739
2022-06-30,80575,SSD,SIMPSON MANUFACTURING CO INC,20,0.029871234338400002,-0.072002,0.34383510769992576,4676.3859999999995,1.148367561785176,0.9005444061731522
2022-06-30,80864,RS,RELIANCE STEEL & ALUMINUM CO,15,0.001395909119033235,-0.12680200000000003,0.24855574812247258,12042.691200000001,0.7302618795286758,1.0298573026710518
2022-06-30,81073,UHAL,AMERCO,20,0.013743119013148642,-0.024548,0.20058595361888254,9607.52784,0.9443460199669681,0.7814243494152778
2022-06-30,82634,SAM,BOSTON BEER INC,30,-0.025317043553901915,-0.147851,-0.33234298918874305,3629.7448,0.8085700082148773,0.7310563380419889
2022-06-30,82779,NVAX,NOVAVAX INC,35,-0.03,-0.07105299999999999,-0.47453990261615914,4323.2095500000005,1.8619740223444325,0.9966673516170234
2022-06-30,82800,SCCO,SOUTHERN COPPER CORP,15,0.023871756320931373,-0.19431900000000002,0.2520013204588595,47761.5002,1.1024620902631015,1.0190954953758065
2022-06-30,84042,PAG,PENSKE AUTOMOTIVE GROUP INC,25,0.03,-0.091326,0.3749896839151606,8738.089740000001,1.186755845988111,1.24759964442372
2022-06-30,84373,DGX,QUEST DIAGNOSTICS INC,35,0.024671761467860855,-0.05758,0.10363538829743335,16550.8123,0.9945029555016487,0.5936645092051837
2022-06-30,84761,TTWO,TAKE TWO INTERACTIVE SOFTWR INC,50,-0.03,-0.016627000000000003,-0.38522324007592645,20171.61846,0.7326908681494602,0.79794891097258
2022-06-30,85002,SRPT,SAREPTA THERAPEUTICS INC,35,-0.02360748481602907,0.028821,-0.3257200627217958,6371.822819999999,1.3347952886759795,0.8865462858043114
2022-06-30,85427,GPI,GROUP 1 AUTOMOTIVE INC,25,0.027696540533850168,-0.05508,0.3470537261698441,2980.47564,1.5140450960517768,1.1990130510967363
2022-06-30,85593,AMG,AFFILIATED MANAGERS GROUP INC,40,0.0011342635874056987,-0.127943,0.256210283073368,5167.7535,1.2930686407681689,1.3770068442823675
2022-06-30,85621,MTD,METTLER TOLEDO INTERNATIONAL INC,35,0.022722491905351895,-0.107361,0.028224808120822002,29169.201599999997,1.0013141736961921,1.049844690058416
2022-06-30,85738,MRCY,MERCURY SYSTEMS INC,20,-0.03,0.075006,-0.43393579268795907,3449.4221300000004,0.9288014678327129,0.9302832666318142
2022-06-30,86047,AMKR,AMKOR TECHNOLOGY INC,45,0.03,-0.16929000000000002,0.20120491870925147,5003.28276,1.4832790968727056,1.4893248816150337
2022-06-30,86799,CNX,C N X RESOURCES CORP,10,-0.03,-0.24274,-0.2964223817776678,4236.57288,1.243551114411806,0.49201022260565325
2022-06-30,87337,PLUG,PLUG POWER INC,20,-0.01937010049128,-0.103922,-0.5460303705537675,10683.32496,1.9714562265459548,1.972159733883629
2022-06-30,88159,EXEL,EXELIXIS INC,35,0.024605819999999997,0.13527599999999998,0.2893661797474622,5879.182529999999,0.7420629218938074,0.8428739619417315
2022-06-30,88351,INSM,INSMED INC,35,-0.013953936297616648,0.047255000000000005,-0.3570396962944623,2249.30994,2.180428945359395,0.9607463759148107
2022-06-30,88417,ACLS,AXCELIS TECHNOLOGIES INC,45,0.03,-0.116906,0.2413757530741933,2049.2212000000004,1.6043812106954827,1.9136756403962107
2022-06-30,89301,GME,GAMESTOP CORP NEW,25,-0.03,-0.020128,-0.6071015928034992,9522.52686,1.1767079745346674,0.6663477725101352
2022-06-30,89455,RUSHA,RUSH ENTERPRISES INC,20,0.03,-0.055098,0.4784393826854832,2182.5047799999998,1.1206268508717028,0.7987066691940738
2022-06-30,89533,WYNN,WYNN RESORTS LTD,25,-0.0048416485239343296,-0.13854000000000002,-0.40026409177189076,7665.286499999999,2.1882319587726826,1.5942607487528428
2022-06-30,89866,LKQ,L K Q CORP,25,0.02593415998761442,-0.045322999999999995,0.22608731534208143,14534.787870000002,1.3696888717360955,1.1007003577726993
2022-06-30,89968,PIPR,PIPER SANDLER COMPANIES,40,0.03,-0.140411,0.2356606420731204,2347.1798999999996,1.3289723861872482,1.317285021136438
2022-06-30,90126,CYTK,CYTOKINETICS INC,35,-0.03,-0.015855,-0.6108566476850706,3417.5148,1.1211428757340136,1.14852985270924
2022-06-30,90178,ALNY,ALNYLAM PHARMACEUTICALS INC,35,-0.02827527,0.15881299999999998,-0.4546298588759594,15198.401199999998,0.9932882127537109,0.8769408083612432
2022-06-30,90319,GOOGL,ALPHABET INC,50,0.0007773472629567413,-0.042752,0.14157794833704712,684310.28336,1.064906023995258,1.104705702272993
2022-06-30,90505,LVS,LAS VEGAS SANDS CORP,25,-0.024276943517448142,-0.053302999999999996,-0.38167450689114457,27095.30514,1.230255868530749,1.6474767536719885
2022-06-30,90564,PBH,PRESTIGE CONSUMER HEALTHCARE INC,35,0.010167274452685664,0.052819000000000005,0.24092184534125607,2806.57378,0.5580907605199075,0.5714062625310637
2022-06-30,91103,UAL,UNITED AIRLINES HOLDINGS INC,20,-0.028285829999999998,-0.256918,-0.3514277461417842,15562.197530000001,1.1978456945647877,1.4701123906337041
2022-06-30,91413,EVR,EVERCORE INC,40,0.0271373192986246,-0.18086500000000003,0.26396797887265827,4635.949,1.4769905107867145,1.2808751873654498
2022-06-30,91463,CVLT,COMMVAULT SYSTEMS INC,45,0.001144529787363891,0.030411999999999998,0.24822563340760914,2721.22903,0.6609597504520953,1.0356892534416609
2022-06-30,91575,HRI,HERC HOLDINGS INC,20,0.0179724579005377,-0.2315,0.03179417347528267,3503.7058,2.576853886473829,1.7761558302609406
2022-06-30,91926,DAL,DELTA AIR LINES INC,20,-0.02905656,-0.305676,-0.2650821160353223,26726.45844,1.0303672954890424,1.3609816755149102
2022-06-30,91983,CLR,CONTINENTAL RESOURCES INC,10,0.03,-0.040526,0.22643806222662372,24707.299829999996,2.7108850116367376,1.1486173753714588
2022-06-30,93098,H,HYATT HOTELS CORP,25,-0.02729444977603521,-0.164386,-0.1838119996698853,4533.43471,1.3394535467452633,1.212610005089344
2022-06-30,93263,CELH,CELSIUS HOLDINGS INC,30,-0.00030751191778760384,-0.027844,-0.3580300404390527,5056.03658,2.0887205244462193,1.602535376819626
2022-07-31,10777,FCNCA,FIRST CITIZENS BANCSHARES INC NC,40,-0.00504247480476826,0.15658,-0.047215496368038755,9804.738659999999,1.0419323479757165,1.0530895314871613
2022-07-31,11343,SAFM,SANDERSON FARMS INC,30,0.021871702216980916,-0.058948,0.4324795038443566,4810.6296,0.5247200583022396,0.18130659557386714
2022-07-31,11691,MATX,MATSON INC,20,0.02430876,0.25700900000000004,0.35533749628308053,2954.6280799999995,1.0846490885347977,0.9533050450305226
2022-07-31,12591,APO,APOLLO GLOBAL MANAGEMENT INC NEW,40,-0.03,0.17699299999999998,-0.5808376874389364,27849.772319999996,1.5749259179275588,1.3075831895346375
2022-07-31,13688,PCG,P G & E CORP,55,-0.0236440595976,0.08736400000000001,-0.09551420925194343,19835.020460000003,1.2031537045807035,0.4320230773643924
2022-07-31,13766,BCC,BOISE CASCADE CO,20,0.03,0.18779099999999999,0.18911685994647634,2346.7020300000004,1.5238698160560216,1.4977349964401148
2022-07-31,13837,EVTC,EVERTEC INC,45,0.027040371382198048,0.056401,0.3988997918525126,2638.6164800000006,0.8812890634850987,0.7472897993990645
2022-07-31,14054,MRTX,MIRATI THERAPEUTICS INC,35,-0.014368282335823072,-0.041479,-0.4559491950214519,3731.95809,1.2162752697211725,0.8265334889001499
2022-07-31,14136,RNG,RINGCENTRAL INC,45,-0.006422038750227933,-0.053816,-0.46142899621936195,4439.12118,1.061570575410907,1.4543340064407106
2022-07-31,14159,MNDT,MANDIANT INC,45,-0.01352758727904316,0.043184,-0.13667643685484895,5044.04212,0.8692951814616806,0.9320018573778549
2022-07-31,14328,AMC,A M C ENTERTAINMENT HOLDINGS INC,50,-0.003271017386647545,0.073727,-0.3565269104965804,7002.924550000001,2.1264805243474454,0.7694377314920339
2022-07-31,14521,TNET,TRINET GROUP INC,20,0.0028367516440437313,0.062057999999999995,0.41053905951318964,4832.46596,1.2371832956390374,0.81353221375992
2022-07-31,14593,AAPL,APPLE INC,45,0.014322965148220176,0.187822,0.18903190178836923,2200560.08016,1.1391895384445307,1.0138648574199198
2022-07-31,14596,FIVN,FIVE 9 INC,45,-0.028255139999999998,0.185495,-0.4504693938235419,6388.002600000001,0.5734768159589415,1.143116024222006
2022-07-31,14617,ARES,ARES MANAGEMENT CORP,40,-0.0006832569626482707,0.259301,-0.3686971666454271,9755.29962,1.08873545655496,1.4122382981017516
2022-07-31,15067,FRPT,FRESHPET INC,30,-0.006784852989915774,0.029059,-0.4522747546833185,2481.3798,0.9234990909627503,1.5259712211177612
2022-07-31,15272,SEDG,SOLAREDGE TECHNOLOGIES INC,45,-0.014420191309565872,0.315068,-0.47553205046514596,15225.63944,1.1191305317344884,1.5202518119436974
2022-07-31,15284,BPMC,BLUEPRINT MEDICINES CORP,35,-0.008593702653874977,0.010077,-0.4213499851323224,3014.84088,1.007595959662654,1.1355289424271053
2022-07-31,15546,Z,ZILLOW GROUP INC,60,-0.02385516,0.09777100000000001,-0.3419565863812073,5586.57125,1.5544261963552302,1.6076985777953317
2022-07-31,15921,WBT,WELBILT INC,20,-0.024515170682188257,0.007167999999999999,-0.12357164096682385,3409.1158,1.9001596095253717,0.24005745481810414
2022-07-31,16064,NTLA,INTELLIA THERAPEUTICS INC,35,-0.015693433166738043,0.25034700000000004,-0.6385030372541524,3933.81176,2.0868526294463514,1.720410834304227
2022-07-31,16119,ATKR,ATKORE INC,20,0.022370182129420785,0.195068,0.21885221528397272,3578.89314,2.2214161547243676,1.3943457366630005
2022-07-31,16140,TWLO,TWILIO INC,45,-0.015360345737866918,0.011,-0.3974767427042182,14403.75422,1.6726946671845988,1.6443654541683337
2022-07-31,16260,MEDP,MEDPACE HOLDINGS INC,35,0.03,0.13188,0.16953400450278241,4637.973959999999,1.3572340628116115,1.1967909353170656
2022-07-31,16382,COUP,COUPA SOFTWARE INC,45,-0.018523538519654718,0.144897,-0.43296801325347267,4313.962100000001,1.5343143622256505,1.6262212677626775
2022-07-31,16434,GOLF,ACUSHNET HOLDINGS CORP,25,0.02876254264581363,0.16833399999999998,0.20470668195913516,3010.3379999999997,0.7051642358526781,0.856172305217191
2022-07-31,16597,AYX,ALTERYX INC,45,-0.0005455202658962297,-0.0006050000000000001,-0.3874516800475765,2927.1342600000003,0.8303664865706223,1.2201445987739472
2022-07-31,16649,OKTA,OKTA INC,45,-0.010274465367427819,0.08823700000000001,-0.49203517267745633,13632.5912,1.1080777398007313,1.4698377511015936
2022-07-31,16655,CVNA,CARVANA CO,25,-0.02299251,0.290153,-0.8174673973068264,2387.6995199999997,2.6511085782489903,2.509090489550554
2022-07-31,16932,ROKU,ROKU INC,50,-0.017971906726123272,-0.203149,-0.4882757741812157,9917.09076,2.009166006055743,1.469768323017261
2022-07-31,17104,APLS,APELLIS PHARMACEUTICALS INC,35,-0.03,0.24377,-0.5108534046981862,4831.35002,1.4351950761163441,1.2296833872769635
2022-07-31,17341,ZS,ZSCALER INC,45,-0.012910938419900356,0.036309,-0.4354742789176331,21209.93713,1.141407695463378,1.294094184714382
2022-07-31,17855,AVLR,AVALARA INC,45,-0.021262923196038355,0.237432,-0.39514039335627205,6202.915999999999,1.0364114493487562,1.337282369993114
2022-07-31,18134,UPWK,UPWORK INC,20,-0.029559898759679997,-0.10332699999999999,-0.4618537870098976,2699.38108,1.7732388729252373,1.3932377687711868
2022-07-31,18727,CHWY,CHEWY INC,25,-0.013998593291837141,0.11698800000000001,-0.5121490166093199,3799.0276799999997,0.43811938999424127,1.3250189468634834
2022-07-31,18777,KRTX,KARUNA THERAPEUTICS INC,35,-0.018610881046280177,0.028751,-0.28641519051866954,3786.8238300000003,1.3985860892291124,0.24053919200152274
2022-07-31,19561,BA,BOEING CO,20,-0.03,0.164416,-0.5261671126969968,80888.47391999999,1.3487515409133222,1.3560010176100377
2022-07-31,21020,AAL,AMERICAN AIRLINES GROUP INC,20,-0.02024365198464,0.080418,-0.31009727709103263,8239.19772,1.5088034321700918,1.4287221944151445
2022-07-31,21936,PFE,PFIZER INC,35,0.020614073827614474,-0.029835,0.3166602948048086,294179.27728,0.6450020314730631,0.6714488748904404
2022-07-31,22111,JNJ,JOHNSON & JOHNSON,35,0.004539917201984068,-0.017656,0.21757784291236565,467100.16902,0.5795649375878931,0.3946464497941806
2022-07-31,24205,NEE,NEXTERA ENERGY INC,55,-0.026355940402400004,0.08994500000000001,-0.3885986151820228,152170.16999999998,0.41763466049892795,0.6914359298167222
2022-07-31,24328,EQT,E Q T CORP,10,-0.03,0.27913000000000004,-0.554436939807145,12712.0384,1.0766858448068402,0.8004399513640126
2022-07-31,25487,CAR,AVIS BUDGET GROUP INC,20,0.03,0.236814,0.05961938745168004,7059.84,2.0306914214894736,2.9825595976512442
2022-07-31,44943,DIOD,DIODES INC,45,0.03,0.259371,0.2675332398793594,2924.3107299999997,1.1948548046142877,1.3404735799082312
2022-07-31,49429,DDS,DILLARDS INC,25,0.03,0.029927,0.2976933860073914,2985.85609,0.9145622862853863,1.3837300326131226
2022-07-31,50017,RRC,RANGE RESOURCES CORP,10,-0.017442127959380865,0.33535000000000004,-0.3688033643430611,6677.4757500000005,2.0983966766066704,0.8756573700942893
2022-07-31,50948,SMTC,SEMTECH CORP,45,0.008232542504662512,0.133079,0.28898517480141034,3489.38566,1.5407035581058564,1.2409739875136703
2022-07-31,56223,LPX,LOUISIANA PACIFIC CORP,15,0.03,0.213269,0.29871288390467693,4303.85679,1.5691335489267517,1.4073690106388945
2022-07-31,57808,VSH,VISHAY INTERTECHNOLOGY INC,45,0.024681525835043492,0.158559,0.3811860158871756,2350.92132,1.2532820395228177,0.99056067110165
2022-07-31,61313,DCI,DONALDSON INC,20,0.02455045926728687,0.129433,0.1261416252495646,5914.76924,1.194780653453154,0.8656728443561615
2022-07-31,62341,PDCE,P D C ENERGY INC,10,0.0234357,0.06541100000000001,0.10638885348965639,5971.67247,2.692907188267017,1.1816679756399606
2022-07-31,68196,SEIC,S E I INVESTMENTS CO,40,0.02604121056027134,0.023994,0.44025317531115926,7318.6296,0.9823609475986786,0.8631892711340435
2022-07-31,76076,CSCO,CISCO SYSTEMS INC,45,0.023071876290308015,0.07284900000000001,0.2866063463744107,176570.70496,0.9289221216384924,0.8401557164977359
2022-07-31,76095,HOLX,HOLOGIC INC,35,0.02623343334362521,0.029202,0.20188182320207299,17289.2412,1.0517079344593987,0.6273692556728523
2022-07-31,76573,MLI,MUELLER INDUSTRIES INC,20,0.022410333317083902,0.262652,0.36774138736672185,3032.36087,1.0201027675511976,1.0326866383552078
2022-07-31,77300,SMG,SCOTTS MIRACLE GRO CO,15,-0.0011488119758480521,0.12528,-0.38800390807527296,4375.41408,1.206793361570244,1.3083081258398115
2022-07-31,77462,M,MACYS INC,25,0.03,-0.037384,0.18331846565566456,4941.50856,1.862077323691702,1.71695606221731
2022-07-31,80191,ALB,ALBEMARLE CORP,15,-0.0019519159715538454,0.16824699999999998,-0.24340512297693384,24474.274739999997,1.5511912879425955,1.498337652248263
2022-07-31,80575,SSD,SIMPSON MANUFACTURING CO INC,20,0.027720445723566526,0.028345,0.3026846777961854,4342.3276,1.1385798227411286,0.8994729695399393
2022-07-31,80864,RS,RELIANCE STEEL & ALUMINUM CO,15,0.0012189050509215827,0.119228,0.27420245529076925,10522.487280000001,0.7770916161659671,0.9793965846680939
2022-07-31,81073,UHAL,AMERCO,20,0.01340575292761387,0.12224600000000001,0.2294295059683106,9377.13384,0.9092053031689179,0.7396591978134055
2022-07-31,82634,SAM,BOSTON BEER INC,30,-0.03,0.254857,-0.3663395777579542,3095.14152,0.8653237601872883,0.7410701633507719
2022-07-31,82779,NVAX,NOVAVAX INC,35,-0.02786841,0.059075,-0.4774436090225564,4020.12881,1.8507560938117762,1.0224236170403596
2022-07-31,82800,SCCO,SOUTHERN COPPER CORP,15,0.01923302050440431,-0.001013,0.28048935899069705,38507.6129,1.1664671129708741,0.9361450133122043
2022-07-31,84042,PAG,PENSKE AUTOMOTIVE GROUP INC,25,0.027260219999999998,0.092798,0.3378148761734846,7945.02879,1.1877283939554428,1.200038417261244
2022-07-31,84373,DGX,QUEST DIAGNOSTICS INC,35,0.023251161442541426,0.031259,0.1372074253430185,15607.197699999999,0.9774918550174745,0.5736370811993916
2022-07-31,84761,TTWO,TAKE TWO INTERACTIVE SOFTWR INC,50,-0.02950119,0.082433,-0.33108194214349435,20364.485999999997,0.7075414958650974,0.7488614779211608
2022-07-31,85002,SRPT,SAREPTA THERAPEUTICS INC,35,-0.02428787613591184,0.239183,-0.34726647126290305,6561.623599999999,1.2582784828156677,0.8334638882798742
2022-07-31,85427,GPI,GROUP 1 AUTOMOTIVE INC,25,0.0261710150812457,0.04112,0.27704855358735825,2818.0008000000003,1.4764241626175778,1.1346984892753795
2022-07-31,85593,AMG,AFFILIATED MANAGERS GROUP INC,40,0.011667723163466336,0.083065,0.287158574402107,4509.504999999999,1.2973979362564774,1.3232276038099233
2022-07-31,85621,MTD,METTLER TOLEDO INTERNATIONAL INC,35,0.02028298245190141,0.174123,0.07546408393866023,26054.1036,1.0178720849360492,1.0096785213638964
2022-07-31,85738,MRCY,MERCURY SYSTEMS INC,20,-0.03,-0.08351099999999999,-0.4158914234739392,3710.10409,0.8376676450924456,0.8847511467893869
2022-07-31,86047,AMKR,AMKOR TECHNOLOGY INC,45,0.03,0.189159,0.22581878424875748,4146.52935,1.5115434187727521,1.4329018584165731
2022-07-31,86799,CNX,C N X RESOURCES CORP,10,-0.03,0.048398,-0.30703878339917595,3210.5888400000003,1.331678998181594,0.49573835077845024
2022-07-31,87337,PLUG,PLUG POWER INC,20,-0.0173571209080252,0.28705800000000004,-0.5338345864661654,9585.728430000001,1.9614598076746366,1.8846002690542432
2022-07-31,88159,EXEL,EXELIXIS INC,35,0.027934396906319995,0.003991,0.20256148846693003,6699.876,0.6223631940928364,0.7228990138747671
2022-07-31,88351,INSM,INSMED INC,35,-0.014613329557360524,0.12089200000000001,-0.3562295569432054,2363.7378,2.0437081678803732,0.9237638444655054
2022-07-31,89301,GME,GAMESTOP CORP NEW,25,-0.03,0.11153500000000001,-0.587230788836498,9310.5767,1.185287153013752,0.5948963958451172
2022-07-31,89455,RUSHA,RUSH ENTERPRISES INC,20,0.028718220268650858,-0.001019,0.48407034535491267,2063.3456,1.099526259455467,0.7374536154925462
2022-07-31,89533,WYNN,WYNN RESORTS LTD,25,-0.0041708865374284676,0.113263,-0.3809736204919077,6479.08184,2.146258811682691,1.5656020789059448
2022-07-31,89866,LKQ,L K Q CORP,25,0.02475874605449577,0.11632,0.23027908754938192,13578.294000000002,1.3257749090774165,1.0348816000760168
2022-07-31,89968,PIPR,PIPER SANDLER COMPANIES,40,0.02578767,0.11245500000000001,0.28286818741769676,2018.9415999999999,1.350046463375134,1.2320484897858073
2022-07-31,90126,CYTK,CYTOKINETICS INC,35,-0.02952435,0.076561,-0.6203644704982797,3698.9177600000003,1.08472853111984,1.118192073096828
2022-07-31,90178,ALNY,ALNYLAM PHARMACEUTICALS INC,35,-0.03,-0.026935,-0.4584342211460855,17646.6832,0.8513407832966601,0.8043694326373994
2022-07-31,90312,WLK,WESTLAKE CORP,15,0.0026488023920760093,-0.007749,0.3682086572363111,12578.80858,1.2730847189644,1.0597082275657874
2022-07-31,90319,GOOGL,ALPHABET INC,50,0.0007441141127708146,0.066706,0.12340172465060952,655442.9546400001,1.0387490978886493,1.0971150668014868
2022-07-31,90505,LVS,LAS VEGAS SANDS CORP,25,-0.022982909597137603,0.12124800000000001,-0.37303003270889096,25666.421310000005,1.1908981266712668,1.579889547715217
2022-07-31,90564,PBH,PRESTIGE CONSUMER HEALTHCARE INC,35,0.010704299722002068,0.024868,0.26218087591861006,2956.4052,0.4964718028548534,0.5425742339148477
2022-07-31,91103,UAL,UNITED AIRLINES HOLDINGS INC,20,-0.02101869112806,0.036737,-0.3362856293275561,11573.272480000001,1.283282838768944,1.444566240770513
2022-07-31,91237,VG,VONAGE HOLDINGS CORP,45,-0.03,0.11383800000000001,-0.3790620619344972,4834.0048799999995,0.6324909821173882,0.7711629130019533
2022-07-31,91413,EVR,EVERCORE INC,40,0.02222912804367886,0.06713000000000001,0.2632003738158957,3800.09795,1.5108144097422687,1.2211951750073282
2022-07-31,91463,CVLT,COMMVAULT SYSTEMS INC,45,0.0011793372272572017,-0.109079,0.21813007094006207,2820.1843999999996,0.607052309077899,0.9986641115698792
2022-07-31,91575,HRI,HERC HOLDINGS INC,20,0.013811833896563222,0.37489500000000003,0.06414340937088485,2694.5835,2.5888658724327422,1.6685739465743912
2022-07-31,91926,DAL,DELTA AIR LINES INC,20,-0.020174666965439996,0.096875,-0.22335499766365063,18571.97172,1.1581355238724647,1.3421386463120017
2022-07-31,91983,CLR,CONTINENTAL RESOURCES INC,10,0.02878422,0.053358,0.18238392591648614,23720.024149999997,2.598617310401425,1.064811660119491
2022-07-31,93002,AVGO,BROADCOM INC,45,0.03,0.10143,0.3851153306996304,196178.82258,1.075503825194359,1.0605866352646849
2022-07-31,93098,H,HYATT HOTELS CORP,25,-0.022807624355151886,0.11879300000000001,-0.17877320419693302,3790.76999,1.3690666182853852,1.1835435020002898
2022-07-31,93263,CELH,CELSIUS HOLDINGS INC,30,-0.0002989495559487258,0.36235100000000003,-0.3391529671636719,4935.09172,2.0260530722785552,1.5194522184495747
2022-08-31,11691,MATX,MATSON INC,20,0.03,-0.19534200000000002,0.35539969648496783,3716.39347,1.1641549179635184,0.9419624087951042
2022-08-31,12591,APO,APOLLO GLOBAL MANAGEMENT INC NEW,40,-0.03,-0.021949,-0.5246503424797998,32801.6089,1.5843848155232962,1.295735976900457
2022-08-31,13688,PCG,P G & E CORP,55,-0.03,0.13345800000000002,-0.26647799516016574,21584.000219999998,1.199157193796824,0.413065215287903
2022-08-31,13766,BCC,BOISE CASCADE CO,20,0.03,-0.118716,0.2194741807144908,2789.29737,1.543202070245416,1.454475876576941
2022-08-31,13837,EVTC,EVERTEC INC,45,0.028565475368525398,-0.138973,0.42006070300643944,2789.5785400000004,0.8615565423926289,0.7353391507708372
2022-08-31,14054,MRTX,MIRATI THERAPEUTICS INC,35,-0.013772300352815466,0.25632900000000003,-0.4353389934785284,3581.284,1.0832790262300818,0.817121901162369
2022-08-31,14136,RNG,RINGCENTRAL INC,45,-0.006076430312845667,-0.13223000000000001,-0.460255937000123,4203.82907,0.9801544894026137,1.5149810640166297
2022-08-31,14159,MNDT,MANDIANT INC,45,-0.014111762608101363,0.001611,-0.15645379598867967,5350.475280000001,0.8487829711599791,0.8894355051810788
2022-08-31,14328,AMC,A M C ENTERTAINMENT HOLDINGS INC,50,-0.006472819142159254,-0.016231000000000002,-0.3394856650670604,7524.91376,2.024892653453261,0.7252849810763312
2022-08-31,14521,TNET,TRINET GROUP INC,20,0.0030127947775697972,-0.003113,0.32363315696649025,5136.285,1.2006891844355074,0.7770661105253474
2022-08-31,14593,AAPL,APPLE INC,45,0.017013133108289183,-0.033107,0.1579918789221115,2611657.90752,1.1724119665755228,0.9996505853453471
2022-08-31,14596,FIVN,FIVE 9 INC,45,-0.03,-0.094483,-0.38337229810098034,7579.53636,0.6300689894680367,1.1713798984357882
2022-08-31,14617,ARES,ARES MANAGEMENT CORP,40,-0.00086042617631993,0.032851,-0.4916738443870226,12292.775550000002,1.1659516490384474,1.4240418723621766
2022-08-31,15067,FRPT,FRESHPET INC,30,-0.006982014032949737,-0.18734299999999998,-0.4482383823469095,2555.5008,0.8830922703387566,1.5461607223840288
2022-08-31,15272,SEDG,SOLAREDGE TECHNOLOGIES INC,45,-0.018963532145088172,-0.23559400000000003,-0.47108404085148275,20035.83255,1.2011048000829905,1.523940246788017
2022-08-31,15284,BPMC,BLUEPRINT MEDICINES CORP,35,-0.008680301395518075,0.43209800000000004,-0.40267011197243757,3049.3032000000003,0.9613340489650584,1.1487615476051205
2022-08-31,15546,Z,ZILLOW GROUP INC,60,-0.0023314489165613115,-0.042612,-0.31177966449284283,6138.008,1.5273055773614168,1.6021879432847619
2022-08-31,16064,NTLA,INTELLIA THERAPEUTICS INC,35,-0.019622237079731413,-0.074477,-0.6350231737828638,4921.82476,2.100154239961668,1.7061424500281714
2022-08-31,16119,ATKR,ATKORE INC,20,0.02673388881704264,-0.151594,0.22390385956277425,4279.92678,2.210519621289971,1.40158624482312
2022-08-31,16140,TWLO,TWILIO INC,45,-0.015529309540983452,-0.181382,-0.38497190435174933,14573.897599999998,1.5873943265095742,1.668238010062067
2022-08-31,16260,MEDP,MEDPACE HOLDINGS INC,35,0.03,-0.13119999999999998,0.08621467536196217,5255.26047,1.3514559911817758,1.2113821880497784
2022-08-31,16382,COUP,COUPA SOFTWARE INC,45,-0.02120754368053713,-0.109208,-0.4341700504491202,4967.20976,1.5283205585044735,1.6541395207108303
2022-08-31,16434,GOLF,ACUSHNET HOLDINGS CORP,25,0.03,-0.024064,0.2588491038103441,3519.5242499999995,0.7579778165267536,0.8495582575104894
2022-08-31,16597,AYX,ALTERYX INC,45,-0.0005451902261353625,0.284905,-0.35006767564907093,2927.7387900000003,0.7780221662989029,1.2168916274294586
2022-08-31,16649,OKTA,OKTA INC,45,-0.011181053368053546,-0.07351099999999999,-0.4718018128870843,14945.4976,1.0907409041979497,1.4940118041967898
2022-08-31,16655,CVNA,CARVANA CO,25,-0.029663855754030004,0.12983099999999997,-0.813030638612034,3082.4375999999997,2.6736236800450373,2.6768926815883094
2022-08-31,16932,ROKU,ROKU INC,50,-0.014320931846618055,0.03595,-0.6062302612690209,7910.491679999999,1.7820358166502837,1.5143865979651898
2022-08-31,17104,APLS,APELLIS PHARMACEUTICALS INC,35,-0.03,0.073259,-0.522025347606743,6013.01148,1.4775123405611006,1.2394774431275986
2022-08-31,17341,ZS,ZSCALER INC,45,-0.013379721682988517,0.025056,-0.4247159673516263,22179.47228,1.0831592783859822,1.3171744841706614
2022-08-31,17855,AVLR,AVALARA INC,45,-0.026311421576320135,0.0458,-0.4098683401008983,7680.7212,1.1076458286519113,1.3899417941836678
2022-08-31,17907,NKLA,NIKOLA CORP,20,-0.013472758726583597,-0.14016499999999998,-0.36684303350970016,2696.2145,1.5345954052890496,0.9631196050811027
2022-08-31,18134,UPWK,UPWORK INC,20,-0.026505563100538542,-0.064401,-0.3824289405684755,2422.6553599999997,1.6176771434079955,1.348295751239139
2022-08-31,18727,CHWY,CHEWY INC,25,-0.015636260723862587,-0.117335,-0.502440424921045,4246.5513900000005,0.48507642777672144,1.3072257765938269
2022-08-31,18777,KRTX,KARUNA THERAPEUTICS INC,35,-0.019145962487241777,0.956333,-0.25815183954718834,3898.77325,1.274171106078185,0.22861209873686436
2022-08-31,19561,BA,BOEING CO,20,-0.03,0.003999,-0.43937902465034245,94253.53116,1.3614190280398337,1.3246742351902576
2022-08-31,21020,AAL,AMERICAN AIRLINES GROUP INC,20,-0.02187160598994078,-0.054417,-0.4155900086132644,8909.38866,1.48928151871191,1.3960210596763551
2022-08-31,21936,PFE,PFIZER INC,35,0.028039126306964472,-0.106435,0.36790943767687956,283406.35695999995,0.5940798049371399,0.6466573911632095
2022-08-31,22111,JNJ,JOHNSON & JOHNSON,35,0.004459760423865837,-0.071189,0.15672039703047455,459232.27704,0.5399407352294785,0.38137076908015066
2022-08-31,24205,NEE,NEXTERA ENERGY INC,55,-0.020000000000000004,0.009762,-0.07352036421803866,165980.60499999998,0.4363611622144278,0.6906155032473636
2022-08-31,24328,EQT,E Q T CORP,10,-0.03,0.087662,-0.1518395471883844,16270.67008,1.1619884041798518,0.7747602762089026
2022-08-31,25487,CAR,AVIS BUDGET GROUP INC,20,0.03,-0.082382,0.03890324432960095,8749.45398,2.0328355412327856,2.919231413877316
2022-08-31,35991,ROG,ROGERS CORP,45,-0.021999103962349723,-0.071465,-0.21984332061851442,5062.7077500000005,1.3055436946760297,0.7442974038397329
2022-08-31,44943,DIOD,DIODES INC,45,0.03,-0.12725399999999998,0.20380624256593252,3685.16593,1.2620838966677297,1.3465970641011575
2022-08-31,49429,DDS,DILLARDS INC,25,0.03,0.301112,0.31897789262130344,3077.63695,0.8566657665896283,1.3635460005773614
2022-08-31,50017,RRC,RANGE RESOURCES CORP,10,-0.004034194184961567,-0.008251,0.09985234403839054,8922.186790000002,2.1720136119744513,0.8586232098506308
2022-08-31,50948,SMTC,SEMTECH CORP,45,0.009328121028640494,-0.260845,0.22373979738320823,3958.95228,1.5287100388100905,1.234014390546499
2022-08-31,56223,LPX,LOUISIANA PACIFIC CORP,15,0.03,-0.14645599999999998,0.3262376440671015,5225.23197,1.5983401811891083,1.3440003320924006
2022-08-31,57808,VSH,VISHAY INTERTECHNOLOGY INC,45,0.02859500388992215,-0.04982,0.30316640006562484,2725.59116,1.2729282435885074,0.9802647107213824
2022-08-31,62341,PDCE,P D C ENERGY INC,10,0.014034194184961563,0.031894,0.1167097329888028,6326.40683,2.584696790973577,1.1623126967011541
2022-08-31,64390,PGR,PROGRESSIVE CORP OH,40,-0.0038817788407074297,0.064065,-0.16180632459702224,67298.594,0.4113637570523414,0.5325921578152819
2022-08-31,68196,SEIC,S E I INVESTMENTS CO,40,0.026666043366454492,-0.013823,0.27263032689389277,7500.67104,0.9463300486644924,0.8322047274511489
2022-08-31,76076,CSCO,CISCO SYSTEMS INC,45,0.024752639406180662,-0.016228,0.2912103687297486,186470.69999999998,0.9197540428441817,0.8318241973569847
2022-08-31,76095,HOLX,HOLOGIC INC,35,0.02699950206412575,-0.055417,0.2405766785611747,17820.23114,1.015281789092971,0.6141580882302579
2022-08-31,76573,MLI,MUELLER INDUSTRIES INC,20,0.028296452183482625,-0.06368599999999999,0.24763135228251507,3816.53372,1.1043049400294116,1.0719415671638097
2022-08-31,77300,SMG,SCOTTS MIRACLE GRO CO,15,-0.0012927351401822963,-0.242659,-0.3156761412575366,4927.1184,1.212137120449348,1.3034093268381748
2022-08-31,77462,M,MACYS INC,25,0.03,-0.020597999999999998,0.19230138222386292,4760.78745,1.7489855495564162,1.6765960542263154
2022-08-31,80575,SSD,SIMPSON MANUFACTURING CO INC,20,0.028506181757601022,-0.104922,0.2882982650424511,4457.5648,1.0918589886138457,0.8758578881599142
2022-08-31,80864,RS,RELIANCE STEEL & ALUMINUM CO,15,0.0013642326623328612,-0.009401,0.29514786103933394,11785.607,0.7964844289086814,0.945653233300788
2022-08-31,81073,UHAL,AMERCO,20,0.011376066447344079,-0.023146,0.2123784914482589,10531.06464,0.9257771420551584,0.72396575315951
2022-08-31,82634,SAM,BOSTON BEER INC,30,-0.03,-0.115851,-0.2011812476928756,3890.2771800000005,0.9408344182590601,0.6185687238746501
2022-08-31,82779,NVAX,NOVAVAX INC,35,-0.02951473632075,-0.39577399999999996,-0.4854599893359583,4263.49965,1.7631657248452117,1.0679252143889921
2022-08-31,82800,SCCO,SOUTHERN COPPER CORP,15,0.01357516035137037,-0.042044,0.11322341167302404,38499.882,1.0991787548912695,0.9282562447598126
2022-08-31,84042,PAG,PENSKE AUTOMOTIVE GROUP INC,25,0.029789913895559995,0.032731,0.19445469833066734,8688.76059,1.1729844600220471,1.1562865911547833
2022-08-31,84373,DGX,QUEST DIAGNOSTICS INC,35,0.023977969498073827,-0.08435,0.1334030597596489,15924.881419999998,0.9468458932021078,0.5735000405093981
2022-08-31,84761,TTWO,TAKE TWO INTERACTIVE SOFTWR INC,50,-0.03,-0.078523,-0.2595873836183914,22124.896429999997,0.7088080318833432,0.7351160549125427
2022-08-31,85002,SRPT,SAREPTA THERAPEUTICS INC,35,-0.03,0.174861,-0.3272630326893893,8139.4456,1.3069924953292924,0.828674678288244
2022-08-31,85427,GPI,GROUP 1 AUTOMOTIVE INC,25,0.027247167221386523,0.009686,0.11402321479840856,2936.16432,1.4218041546623523,1.0927102503417359
2022-08-31,85593,AMG,AFFILIATED MANAGERS GROUP INC,40,0.012636902588039666,0.005927999999999999,0.28743693859972924,4887.746499999999,1.2765670451131375,1.2517270588164429
2022-08-31,85621,MTD,METTLER TOLEDO INTERNATIONAL INC,35,0.02381471620537384,-0.103603,-0.07639145236044463,30611.8764,1.0586485407696948,1.0354324438722127
2022-08-31,85738,MRCY,MERCURY SYSTEMS INC,20,-0.02749467,-0.18627700000000003,-0.3551536032156188,3403.51977,0.7466127655900193,0.891345774979778
2022-08-31,86047,AMKR,AMKOR TECHNOLOGY INC,45,0.03,-0.003884,0.1837496411139822,4938.382460000001,1.53071708259899,1.4320496663361129
2022-08-31,86799,CNX,C N X RESOURCES CORP,10,-0.03,0.021261,-0.11992945326278659,3368.58258,1.282190034360408,0.48333958904907354
2022-08-31,86868,GS,GOLDMAN SACHS GROUP INC,40,-0.006969732776567815,0.003438,-0.31237438989376975,114501.79533,1.3474677401358806,1.004727021315657
2022-08-31,87337,PLUG,PLUG POWER INC,20,-0.0223396213216411,0.31206300000000003,-0.5493417005044912,12345.168660000001,1.9879049349232976,1.9966794905998715
2022-08-31,88159,EXEL,EXELIXIS INC,35,0.02804588308437312,-0.15390900000000002,0.25160986013699194,6732.0560000000005,0.5887962785585487,0.707036204696565
2022-08-31,88351,INSM,INSMED INC,35,-0.01637996419420895,0.111119,-0.3556868052992085,2651.4138,2.0041140408015914,0.9117979660443656
2022-08-31,88417,ACLS,AXCELIS TECHNOLOGIES INC,45,0.03,-0.050102,0.1868052992084,2327.50102,1.6597064864253948,1.8466807588504655
2022-08-31,89301,GME,GAMESTOP CORP NEW,25,-0.03,-0.159796,-0.5343095033017513,10356.58916,1.1392199337535853,0.5908426354428548
2022-08-31,89455,RUSHA,RUSH ENTERPRISES INC,20,0.028688956402197104,-0.021189,0.3298470120175546,2066.43539,1.0332138177238557,0.7220297263945328
2022-08-31,89533,WYNN,WYNN RESORTS LTD,25,-0.004643293659317227,-0.047427,-0.34978056683483044,7218.18384,2.111308535377627,1.5510067491680628
2022-08-31,89866,LKQ,L K Q CORP,25,0.027638683395554718,-0.027026,0.2876215085517412,15047.5476,1.3191166860394379,1.0109620806654411
2022-08-31,89968,PIPR,PIPER SANDLER COMPANIES,40,0.02868762242985,-0.089674,0.13270579549649317,2247.622,1.337138404164451,1.2226580984832727
2022-08-31,90126,CYTK,CYTOKINETICS INC,35,-0.03,0.24922100000000003,-0.5923464993232436,3985.1155200000003,1.051810804463355,0.911818424922268
2022-08-31,90178,ALNY,ALNYLAM PHARMACEUTICALS INC,35,-0.029191949999999998,0.453112,-0.37576391452360447,17048.63508,0.7879197684484104,0.798435282496294
2022-08-31,90312,WLK,WESTLAKE CORP,15,0.0026282768223398123,0.014808000000000002,0.37287231860875275,12491.544860000002,1.2015760834599525,1.0195455745688515
2022-08-31,90319,GOOGL,ALPHABET INC,50,0.0007937509887773046,-0.071537,0.03443254993642591,697454.72,1.0181618210814094,1.1422813661228535
2022-08-31,90505,LVS,LAS VEGAS SANDS CORP,25,-0.025769541419971342,-0.003493,-0.39612813256224116,28801.039639999995,1.2044734993948303,1.550908351930732
2022-08-31,90564,PBH,PRESTIGE CONSUMER HEALTHCARE INC,35,0.010970494247488817,-0.163234,0.3273040482342808,3010.6752,0.4842162481668131,0.5310200576923305
2022-08-31,91103,UAL,UNITED AIRLINES HOLDINGS INC,20,-0.02179085478403154,-0.049248,-0.27273286575612155,12007.87875,1.2516461440772517,1.413617087620231
2022-08-31,91161,GPRE,GREEN PLAINS INC,10,-0.03,0.015033999999999999,-0.5931052869037365,2092.47384,1.7126982787930776,1.3490924889392377
2022-08-31,91413,EVR,EVERCORE INC,40,0.02372136940925102,-0.057972,0.21941265739715352,4058.28215,1.4656857349695616,1.1914627061877698
2022-08-31,91463,CVLT,COMMVAULT SYSTEMS INC,45,0.0010506963018452134,-0.033992,0.15946843853820597,2513.22463,0.5163745501114612,1.0137226562989252
2022-08-31,91575,HRI,HERC HOLDINGS INC,20,0.018989821365215293,-0.090319,0.029469669004552723,3706.9578,2.647425901482659,1.6537539829877774
2022-08-31,91926,DAL,DELTA AIR LINES INC,20,-0.022129087827716998,-0.024857,-0.22964603584758622,20390.0964,1.1624098641310672,1.307983319445659
2022-08-31,91983,CLR,CONTINENTAL RESOURCES INC,10,0.03,0.016011,0.3769328575530126,25004.934409999998,2.4899246790237926,1.0057571937437015
2022-08-31,93002,AVGO,BROADCOM INC,45,0.03,-0.069821,0.3533079036955005,216869.4,1.068321375212294,1.0503501021088633
2022-08-31,93098,H,HYATT HOTELS CORP,25,-0.025517010475173442,0.08112,-0.11203396087117014,4244.16475,1.365348830202167,1.1475511621095318
2022-08-31,93263,CELH,CELSIUS HOLDINGS INC,30,-0.00040727422649630257,0.161431,-0.3496575202001559,6727.333119999999,2.097846097195682,1.5330831083437053
2022-09-30,11691,MATX,MATSON INC,20,0.02413974,-0.16674,0.37794994541026294,2871.34046,1.206866718730149,0.960558046134685
2022-09-30,12591,APO,APOLLO GLOBAL MANAGEMENT INC NEW,40,-0.029341529999999998,-0.165297,-0.49859326446628044,31735.67978,1.5783958972316574,1.2861447107629396
2022-09-30,13688,PCG,P G & E CORP,55,-0.03,0.011859,-0.2735575711766188,24507.94644,1.1451184795107043,0.3932119368836207
2022-09-30,13766,BCC,BOISE CASCADE CO,20,0.026438519999999997,-0.047974,0.08576887545141514,2458.79384,1.5622168770638665,1.4357797382098136
2022-09-30,13837,EVTC,EVERTEC INC,45,0.024595645560135316,-0.068893,0.2915721844293273,2243.7408000000005,0.8954583134787177,0.7431367129179285
2022-09-30,14054,MRTX,MIRATI THERAPEUTICS INC,35,-0.0173025403299523,-0.14002599999999998,-0.3318426135886453,4506.0783,1.016543055290177,0.82328638213672
2022-09-30,14136,RNG,RINGCENTRAL INC,45,-0.005272943932578084,-0.07349,-0.3879020744100109,3685.68736,1.018973758987812,1.5397772846399984
2022-09-30,14159,MNDT,MANDIANT INC,45,-0.014134496657663014,0.004195,-0.14611153103216598,5369.26536,0.8408234384528028,0.748056971299209
2022-09-30,14328,AMC,A M C ENTERTAINMENT HOLDINGS INC,50,-0.008256889077789174,-0.237675,-0.39426387839086247,4713.40752,2.0107182453475194,0.7336401394646647
2022-09-30,14521,TNET,TRINET GROUP INC,20,0.0030034159474272223,-0.13760899999999998,0.28741496598639454,5118.7704,1.1914939933952509,0.7800994031177794
2022-09-30,14593,AAPL,APPLE INC,45,0.016449879310473054,-0.122906,0.15270429159318047,2526643.62944,1.1786460527410842,0.9942254190406654
2022-09-30,14596,FIVN,FIVE 9 INC,45,-0.02716551,-0.23768499999999998,-0.33400520702108,6877.805329999999,0.6550362420447184,1.124121236524136
2022-09-30,14617,ARES,ARES MANAGEMENT CORP,40,-0.000888692036638216,-0.15966,-0.46098933400520703,12750.30064,1.1489250317376936,1.392084959942697
2022-09-30,15067,FRPT,FRESHPET INC,30,-0.005673982577974834,0.14877200000000002,-0.5300243554211808,2081.6046,0.9272514472560256,1.539990024355592
2022-09-30,15272,SEDG,SOLAREDGE TECHNOLOGIES INC,45,-0.014495837752898267,-0.163215,-0.5309061896363484,15353.590950000002,1.2741032253526037,1.5240500875946896
2022-09-30,15284,BPMC,BLUEPRINT MEDICINES CORP,35,-0.012431042267918644,-0.102038,-0.4541866129167716,4372.6984,0.8297648854364377,1.1664909972959052
2022-09-30,16064,NTLA,INTELLIA THERAPEUTICS INC,35,-0.018160831728744255,-0.070194,-0.5359872343999327,4565.28072,2.1175306365332327,1.6980049994904627
2022-09-30,16119,ATKR,ATKORE INC,20,0.02268119167571188,-0.080119,0.19876963130931383,3487.90561,2.224152406270345,1.3222719363608002
2022-09-30,16140,TWLO,TWILIO INC,45,-0.012712572317820792,-0.008253,-0.4710884353741497,12058.770639999999,1.6255570051590817,1.696822379837838
2022-09-30,16260,MEDP,MEDPACE HOLDINGS INC,35,0.026064,0.062836,0.16263542454018648,4575.76239,1.3893008354598821,1.2159859918913254
2022-09-30,16382,COUP,COUPA SOFTWARE INC,45,-0.01889151025027303,0.00492,-0.40570672713529854,4434.1952,1.5440155902287411,1.6448169189282942
2022-09-30,16434,GOLF,ACUSHNET HOLDINGS CORP,25,0.029278079999999998,-0.085822,0.07697152935248175,3390.91695,0.7545576767121599,0.856953906525276
2022-09-30,16597,AYX,ALTERYX INC,45,-0.0007005176475124579,-0.105908,-0.37179810195683205,3786.68784,0.7015514007840509,1.2303274921490845
2022-09-30,16649,OKTA,OKTA INC,45,-0.010359122953914562,-0.37971900000000003,-0.3258377425044091,13879.455600000003,1.1168075094041763,1.4875896364076353
2022-09-30,16655,CVNA,CARVANA CO,25,-0.03,-0.386591,-0.843663391282439,3490.4079800000004,2.60523318082757,2.920822890598526
2022-09-30,16736,VST,VISTRA CORP,55,-0.020000000000000004,-0.14717699999999997,-0.4403922062652222,10304.613000000001,0.85568481574878,0.7866060937303505
2022-09-30,16932,ROKU,ROKU INC,50,-0.014835769346503973,-0.17251699999999998,-0.5928025531200135,8209.912,1.7608999013258746,1.5141516342006975
2022-09-30,17104,APLS,APELLIS PHARMACEUTICALS INC,35,-0.03,0.12681,-0.5114008566389519,6647.931149999999,1.4492255649006873,1.2175115411358215
2022-09-30,17341,ZS,ZSCALER INC,45,-0.013714963989477478,0.030287,-0.4082472495170908,22779.60048,1.0732421959234097,1.319489317253145
2022-09-30,17855,AVLR,AVALARA INC,45,-0.027516484684515598,0.00036399999999999996,-0.4438145628621819,8084.282940000001,1.0855751281462556,1.3276270558011054
2022-09-30,17907,NKLA,NIKOLA CORP,20,-0.03,-0.345213,-0.48311917359536405,2323.43136,1.5645366090826078,0.9704435685359347
2022-09-30,18134,UPWK,UPWORK INC,20,-0.02479857833130076,-0.21916999999999998,-0.3375955320399765,2271.2394,1.618369764303147,1.3057848972007249
2022-09-30,18453,LAZR,LUMINAR TECHNOLOGIES INC,25,-0.03,-0.156801,-0.5072226421432771,2248.03566,1.6202202356129578,1.1025316597329822
2022-09-30,18727,CHWY,CHEWY INC,25,-0.013801580071828171,-0.107085,-0.4781851012009742,3756.35427,0.5266872621447404,1.3402416511991047
2022-09-30,18777,KRTX,KARUNA THERAPEUTICS INC,35,-0.03,-0.120058,-0.3400310741580583,8663.1129,0.9099029012031434,0.38219644388164326
2022-09-30,19561,BA,BOEING CO,20,-0.03,-0.24636,-0.419480137734106,95158.21275,1.3426490150499009,1.3035742361888296
2022-09-30,21020,AAL,AMERICAN AIRLINES GROUP INC,20,-0.020681418806786173,-0.075062,-0.35510624002687496,8441.49954,1.4767543542521808,1.361535514930602
2022-09-30,21936,PFE,PFIZER INC,35,0.025054781898482707,-0.03443,0.34662383471907277,253846.68095999997,0.6211708832147537,0.6080752516224762
2022-09-30,22111,JNJ,JOHNSON & JOHNSON,35,0.004142274539051252,0.010591,0.14892500209960532,424191.90119999996,0.5549658865176283,0.37160572773859524
2022-09-30,23835,MDU,M D U RESOURCES GROUP INC,20,-0.03,-0.088276,-0.3321155622742924,6131.03265,0.6752965360291575,0.6348583386399022
2022-09-30,24328,EQT,E Q T CORP,10,-0.03,-0.149419,-0.13498362307886116,17683.9446,1.1261237236573618,0.7471414708760862
2022-09-30,25487,CAR,AVIS BUDGET GROUP INC,20,0.03,-0.114965,0.041425212060132686,8045.28708,2.050704512714257,2.826586469852776
2022-09-30,35991,ROG,ROGERS CORP,45,-0.0204269379976804,-0.036417,-0.2646342487612329,4712.53172,1.3138107683629292,0.7135236816244633
2022-09-30,44943,DIOD,DIODES INC,45,0.026182379999999998,-0.089887,0.20309481817418323,3236.88277,1.2904589438926897,1.346161646851339
2022-09-30,49429,DDS,DILLARDS INC,25,0.03,-0.080487,0.17911732594272278,4010.2008800000003,0.7589136772596423,1.3889342896694619
2022-09-30,50948,SMTC,SEMTECH CORP,45,0.006894927298924765,-0.365211,0.21858990509784157,2933.80404,1.5836705589398474,1.2604881531457546
2022-09-30,56223,LPX,LOUISIANA PACIFIC CORP,15,0.025606320000000002,-0.057987,0.119782480893592,4006.07856,1.6254247076759862,1.3302635973390486
2022-09-30,57808,VSH,VISHAY INTERTECHNOLOGY INC,45,0.027170400796126228,-0.092805,0.24231544469639707,2570.4756,1.2720144386148007,0.9724906606476175
2022-09-30,62341,PDCE,P D C ENERGY INC,10,0.014481800774296729,-0.14618899999999999,0.3188250608885529,6540.208369999999,2.5409951240804403,1.1270083862528961
2022-09-30,64390,PGR,PROGRESSIVE CORP OH,40,-0.004130465002137351,-0.054436,-0.15312421264802217,71739.82475,0.39154623841484226,0.524589745950777
2022-09-30,68196,SEIC,S E I INVESTMENTS CO,40,0.026297438648999992,-0.10522,0.27469135802469136,7411.2483,0.9401360718427891,0.8199781388250785
2022-09-30,76076,CSCO,CISCO SYSTEMS INC,45,0.02435095357389716,-0.107475,0.16244646006550775,183799.19999999998,0.916065612422206,0.8234995685230264
2022-09-30,76095,HOLX,HOLOGIC INC,35,0.025503270658238094,-0.046926,0.22791215251532712,16866.55668,1.0142440229386487,0.6262896791182091
2022-09-30,76504,CATY,CATHAY GENERAL BANCORP,40,0.009850792340540288,-0.084905,0.4099899218946838,3123.2718,1.135064342585246,0.8290626047717491
2022-09-30,76573,MLI,MUELLER INDUSTRIES INC,20,0.02649436432972535,-0.057241,0.3651003611321072,3580.72828,1.1097099137327557,1.040601394729812
2022-09-30,77300,SMG,SCOTTS MIRACLE GRO CO,15,-0.014849985595163326,-0.363393,-0.5485428739396992,3709.4317,1.2665696606665415,1.3171518311809183
2022-09-30,77462,M,MACYS INC,25,0.029382059999999998,-0.0886,0.10210380448475685,4693.56412,1.7290462712016321,1.6070154059404602
2022-09-30,79841,FWRD,FORWARD AIR CORP,20,0.018143285453015984,-0.071797,0.3795036533131771,2605.62104,1.0739518309182372,1.0271977634984648
2022-09-30,80415,EXP,EAGLE MATERIALS INC,15,0.022220655429006683,-0.103961,0.3516628873771731,4507.8797,1.2428730839712416,1.0625059953271447
2022-09-30,80575,SSD,SIMPSON MANUFACTURING CO INC,20,0.02551525615523001,-0.15564199999999997,0.2752372553959856,3998.8982399999995,1.1111803973075498,0.8692777849791701
2022-09-30,80864,RS,RELIANCE STEEL & ALUMINUM CO,15,0.00135140751107427,-0.074118,0.26209372637944073,11334.06612,0.7938503465792677,0.9181831903624479
2022-09-30,81073,UHAL,AMERCO,20,0.007798176623664938,-0.032293999999999996,0.1444738389182834,10307.33736,0.9202170105321782,0.6927174512008101
2022-09-30,82634,SAM,BOSTON BEER INC,30,-0.026524469999999998,-0.041771,-0.08371126228269087,3446.9800800000003,0.9644044701897375,0.6026993078465525
2022-09-30,82779,NVAX,NOVAVAX INC,35,-0.017833571068141492,-0.45108200000000004,-0.4693037708910725,2584.2236000000003,1.8728284014834324,1.0289306357974313
2022-09-30,82800,SCCO,SOUTHERN COPPER CORP,15,0.013004406309557355,-0.049305,0.11327370454354581,36389.44044,1.1012969418463363,0.9135602114671242
2022-09-30,84042,PAG,PENSKE AUTOMOTIVE GROUP INC,25,0.03,-0.16713999999999998,0.17714369698496682,8749.15782,1.1527964680876324,1.1291595597181165
2022-09-30,84373,DGX,QUEST DIAGNOSTICS INC,35,0.0219554277709113,-0.022837,0.18554211808180066,14611.89786,0.9604676255999237,0.5631327097416222
2022-09-30,84761,TTWO,TAKE TWO INTERACTIVE SOFTWR INC,50,-0.02764431,-0.112569,-0.45443856554967665,20429.648960000002,0.7361207922723947,0.7410622820124856
2022-09-30,85002,SRPT,SAREPTA THERAPEUTICS INC,35,-0.03,0.008676,-0.3589905097841606,9578.187839999999,1.2493712940993615,0.7559542189885989
2022-09-30,85427,GPI,GROUP 1 AUTOMOTIVE INC,25,0.027511083283092874,-0.20193999999999998,0.155559754766104,2819.57892,1.4074143483261563,1.0620416817643976
2022-09-30,85593,AMG,AFFILIATED MANAGERS GROUP INC,40,0.021890870334419936,-0.12371,0.2842235659695977,4868.46336,1.2554289915517334,1.229812227424948
2022-09-30,85621,MTD,METTLER TOLEDO INTERNATIONAL INC,35,0.021347440162348495,-0.10778,0.032963802805072655,27288.83722,1.0809562804008994,1.0280911528815684
2022-09-30,85738,MRCY,MERCURY SYSTEMS INC,20,-0.02237304535641,-0.15838,-0.24099269337364573,2780.9032700000002,0.7972012365842963,0.8749402977037309
2022-09-30,86047,AMKR,AMKOR TECHNOLOGY INC,45,0.02988348,-0.15272599999999997,0.06972789115646254,4928.58894,1.5091542018261799,1.433145207441975
2022-09-30,86594,KFY,KORN FERRY,20,0.00759433708553658,-0.228842,0.4147350298143949,3229.91748,1.419309783344157,0.9796317770733991
2022-09-30,86799,CNX,C N X RESOURCES CORP,10,-0.03,-0.123038,-0.12553539934492314,3347.61684,1.256558009379361,0.46878024606840296
2022-09-30,86868,GS,GOLDMAN SACHS GROUP INC,40,-0.006993694717853655,-0.121026,-0.23899806836314777,114254.51349000001,1.331383429743338,0.9726623778636292
2022-09-30,87337,PLUG,PLUG POWER INC,20,-0.029310990570136385,-0.25264200000000003,-0.6078147308306038,16226.63584,1.8865090375922835,1.9973462100284454
2022-09-30,88159,EXEL,EXELIXIS INC,35,0.023729369264740334,-0.118051,0.1024817334341144,5709.299679999999,0.6293143641504768,0.6768572991609393
2022-09-30,88351,INSM,INSMED INC,35,-0.018200089435505256,-0.12703099999999998,-0.2653481145544638,2953.7844999999998,1.9421975139414567,0.9268951098775386
2022-09-30,88417,ACLS,AXCELIS TECHNOLOGIES INC,45,0.03,-0.097238,0.09660283866633072,2211.29596,1.6559890718155208,1.8804594667100827
2022-09-30,89301,GME,GAMESTOP CORP NEW,25,-0.03,-0.124485,-0.5207231040564373,8721.338240000001,1.1877518894780952,0.5768971935375615
2022-09-30,89455,RUSHA,RUSH ENTERPRISES INC,20,0.028081066104990948,-0.069927,0.3215965398505081,2017.9798600000001,1.0262329807197248,0.7199451077584592
2022-09-30,89533,WYNN,WYNN RESORTS LTD,25,-0.004423076170936789,0.038342,-0.2876669186192996,6890.900700000001,2.101170404276499,1.4859541397659302
2022-09-30,89753,FORM,FORMFACTOR INC,45,0.0009428806116242687,-0.146396,0.22501469723691944,2258.45424,1.2386669392402094,1.4105571812637372
2022-09-30,89866,LKQ,L K Q CORP,25,0.026891720338106457,-0.115984,0.30563953976652397,14603.0358,1.3125687943280915,0.9876473539330266
2022-09-30,90125,CORT,CORCEPT THERAPEUTICS INC,35,0.026951773946995532,-0.0089,0.35707986898463095,2765.4511,0.6270525337346716,0.6004056012218544
2022-09-30,90126,CYTK,CYTOKINETICS INC,35,-0.03,-0.087088,-0.3472117241958511,4985.86624,0.977518930576249,0.895681583450213
2022-09-30,90178,ALNY,ALNYLAM PHARMACEUTICALS INC,35,-0.03,-0.033429,-0.5344755186025026,24805.980089999997,0.6546470654896219,1.0468713779566114
2022-09-30,90312,WLK,WESTLAKE CORP,15,0.00266719634552502,-0.121061,0.2770429159318048,12620.79343,1.1891335498350217,1.0091448492403303
2022-09-30,90319,GOOGL,ALPHABET INC,50,0.0007369684242931426,-0.118081,0.128978751994625,648887.12,1.0296328839786253,1.1439649871820494
2022-09-30,90505,LVS,LAS VEGAS SANDS CORP,25,-0.025679528411791382,-0.0048519999999999995,-0.3431384899638868,28755.19028,1.1899708839400653,1.4778630411830627
2022-09-30,90564,PBH,PRESTIGE CONSUMER HEALTHCARE INC,35,0.009179736589494227,-0.016756999999999998,0.21808599983203156,2517.0125399999997,0.5225212518409222,0.5043181899706866
2022-09-30,91161,GPRE,GREEN PLAINS INC,10,-0.03,-0.20831699999999997,-0.4041740152851265,2127.90996,1.689795373473171,1.2877276602214736
2022-09-30,91413,EVR,EVERCORE INC,40,0.02234619418185792,-0.124034,0.2698622658940119,3667.40136,1.463864347120312,1.1706392045013032
2022-09-30,91463,CVLT,COMMVAULT SYSTEMS INC,45,0.001014981033152891,-0.024954,0.25776853951457124,2432.5720300000003,0.5209847963778564,0.9959030843753505
2022-09-30,91575,HRI,HERC HOLDINGS INC,20,0.017274679689330413,-0.078797,0.09089191232048377,3366.56001,2.6428854372568367,1.6036820086939694
2022-09-30,91983,CLR,CONTINENTAL RESOURCES INC,10,0.03,-0.045177,0.3653523137650122,25348.359829999998,2.4618310467349156,0.9361838040228423
2022-09-30,93002,AVGO,BROADCOM INC,45,0.02790537,-0.104761,0.30219618711682206,202140.04911,1.0803426718341655,1.0712188352643157
2022-09-30,93263,CELH,CELSIUS HOLDINGS INC,30,-0.00047302091215382713,-0.125709,-0.3151297556059461,7828.08709,2.053643230246487,1.539499420002796
2022-10-31,11691,MATX,MATSON INC,20,0.03,0.19370700000000002,0.4518547750591949,2398.11112,1.2413212305218821,0.9502850847178783
2022-10-31,12591,APO,APOLLO GLOBAL MANAGEMENT INC NEW,40,-0.03,0.18821100000000002,-0.4702929053757782,26551.0815,1.5943813963848985,1.255850815052376
2022-10-31,13688,PCG,P G & E CORP,55,-0.03,0.192073,-0.3102911514513725,24845.85,1.0687683362764155,0.3817744491898187
2022-10-31,13766,BCC,BOISE CASCADE CO,20,0.02517015844152,0.120613,0.08868280277120055,2345.57808,1.4994050082025239,1.4150056346923905
2022-10-31,13837,EVTC,EVERTEC INC,45,0.022901177750560914,0.141533,0.3495790581425941,2093.4903000000004,0.9072903359506963,0.7446009161583295
2022-10-31,14054,MRTX,MIRATI THERAPEUTICS INC,35,-0.0148797348177104,-0.03841,-0.3369508024204157,4020.6189600000002,0.9679510497460871,1.0715037967084442
2022-10-31,14136,RNG,RINGCENTRAL INC,45,-0.00488543528297292,-0.113438,-0.3447557660264842,3421.93464,1.0099372974193028,1.502480748775117
2022-10-31,14328,AMC,A M C ENTERTAINMENT HOLDINGS INC,50,-0.013841181862021042,-0.046803000000000004,-0.3867841796018592,3602.24237,2.095558122955199,0.7497740858626303
2022-10-31,14432,ITCI,INTRA CELLULAR THERAPIES INC,35,-0.02564021019993651,-0.02081,-0.33258791546084365,4406.48406,1.202758852145574,0.5371285624512409
2022-10-31,14521,TNET,TRINET GROUP INC,20,0.00259011888231771,-0.089943,0.38733228097868977,4424.25762,1.221343118435182,0.7843085763951569
2022-10-31,14593,AAPL,APPLE INC,45,0.014428090443940054,0.107224,0.10150837498903795,2203381.3349999995,1.206154620303029,0.9975579107354198
2022-10-31,14596,FIVN,FIVE 9 INC,45,-0.020708675755650004,-0.198646,-0.26699114268175045,5286.31494,0.7645198370775006,1.1093883044344235
2022-10-31,14617,ARES,ARES MANAGEMENT CORP,40,-0.0007468034660685584,0.221725,-0.475203893712181,10653.9132,1.1906607237559668,1.386446577644946
2022-10-31,15067,FRPT,FRESHPET INC,30,-0.024169925710062126,0.17455500000000002,-0.5804832061738139,2395.50416,0.8054389287283571,1.4737351506830632
2022-10-31,15272,SEDG,SOLAREDGE TECHNOLOGIES INC,45,-0.012129899594058977,-0.008505,-0.5363720073664825,12937.22524,1.3229814500772417,1.5283625088134662
2022-10-31,15284,BPMC,BLUEPRINT MEDICINES CORP,35,-0.011162603576984762,-0.215561,-0.42942646671928447,3940.74912,0.8214214316165476,1.1747278883288714
2022-10-31,16064,NTLA,INTELLIA THERAPEUTICS INC,35,-0.01688605030637678,-0.059153000000000004,-0.5286108918705603,4285.864479999999,2.0464798585844366,1.6727018984682271
2022-10-31,16119,ATKR,ATKORE INC,20,0.020863997279845517,0.222451,0.18006226431640796,3215.18701,2.15227002079558,1.2697084487167527
2022-10-31,16140,TWLO,TWILIO INC,45,-0.012607655458481817,0.07331700000000001,-0.4678812593177234,11982.51512,1.5534911411203673,1.6725293630156128
2022-10-31,16260,MEDP,MEDPACE HOLDINGS INC,35,0.027701757504,0.410029,0.07616416732438834,4887.672659999999,1.2973453652515157,1.220972540627085
2022-10-31,16382,COUP,COUPA SOFTWARE INC,45,-0.018984456480704376,-0.097055,-0.42109532579145836,4442.3988,1.463494748497293,1.6668463073558555
2022-10-31,16434,GOLF,ACUSHNET HOLDINGS CORP,25,0.026765376618239998,0.068494,0.1157590107866351,3094.87887,0.7672080610954326,0.8528700227516639
2022-10-31,16597,AYX,ALTERYX INC,45,-0.0006263272244997085,-0.129655,-0.3230947996141366,3392.95008,0.7550740690252105,1.2292463558484565
2022-10-31,16649,OKTA,OKTA INC,45,-0.006425567144977078,-0.015515000000000001,-0.3467727790932211,8576.16661,1.2870197187534773,1.6209919769706462
2022-10-31,16655,CVNA,CARVANA CO,25,-0.01840227,-0.33582500000000004,-0.8251337367359467,2147.7806,2.720806835325493,3.0016325388580523
2022-10-31,16736,VST,VISTRA CORP,55,-0.03,0.09148300000000001,-0.3888231167236692,8743.308,0.8924228796593547,0.7723983702036143
2022-10-31,16932,ROKU,ROKU INC,50,-0.012276346926153148,-0.017575,-0.5899982460755941,6872.058,1.7770779722045764,1.504348245281348
2022-10-31,17104,APLS,APELLIS PHARMACEUTICALS INC,35,-0.03,-0.116675,-0.5064237481364554,7545.5108,1.3154643423270305,1.0179917740576818
2022-10-31,17341,ZS,ZSCALER INC,45,-0.014130349103826781,-0.064808,-0.3591160220994475,23318.02131,1.0150643147718672,1.3850450611001526
2022-10-31,17855,AVLR,AVALARA INC,45,-0.027526500684940763,0.016192,-0.3811716215031132,8129.624400000001,1.032928189704707,1.2524498727764402
2022-10-31,18727,CHWY,CHEWY INC,25,-0.012323637869836451,0.25841499999999995,-0.461150574410243,3426.1094399999997,0.573797112046824,1.3291102438943099
2022-10-31,18777,KRTX,KARUNA THERAPEUTICS INC,35,-0.03,-0.027179,-0.2995702885205648,7725.445779999999,1.0075806429159306,0.3748152208835282
2022-10-31,18937,CHPT,CHARGEPOINT HOLDINGS INC,20,-0.03,-0.055173,-0.5332807156011576,5016.45168,2.07056787154652,1.2820655019177045
2022-10-31,18940,PTON,PELOTON INTERACTIVE INC,25,-0.010970077306299942,0.209794,-0.567131456634219,2155.96458,1.6259435402133537,1.6188137326703422
2022-10-31,19561,BA,BOEING CO,20,-0.0226092,0.174663,-0.3869814960975182,71898.63588,1.4025635539706223,1.3101576011830527
2022-10-31,20765,AJRD,AEROJET ROCKETDYNE HOLDINGS INC,20,-0.002670216595661603,0.209226,-0.27280101727615536,3216.7156200000004,0.4877057425785821,0.6358002187173333
2022-10-31,21020,AAL,AMERICAN AIRLINES GROUP INC,20,-0.01912903014831119,0.17541400000000001,-0.38154433043935804,7824.35052,1.4205376285464155,1.3369285918259957
2022-10-31,21936,PFE,PFIZER INC,35,0.02419214575771795,0.06142999999999999,0.34372533543804273,245596.52352,0.6071531998352893,0.6027812720753267
2022-10-31,22111,JNJ,JOHNSON & JOHNSON,35,0.004186145368694344,0.06262200000000001,0.10951065509076559,429502.8448,0.5228903949271615,0.3655650815137156
2022-10-31,23835,MDU,M D U RESOURCES GROUP INC,20,-0.02735172,0.038988999999999996,-0.20021047092870298,5561.649850000001,0.6946480377999176,0.6242516383297273
2022-10-31,24328,EQT,E Q T CORP,10,-0.02551743,0.024422,-0.13959045865123212,15054.68,1.1591187089716894,0.7371695643171682
2022-10-31,25487,CAR,AVIS BUDGET GROUP INC,20,0.03,0.590425,0.025322283609576453,6383.780000000001,2.02624087568962,2.7522797606512053
2022-10-31,35991,ROG,ROGERS CORP,45,-0.021512374625917412,-0.029407,-0.2794878540734894,4550.00468,1.2594011188192265,0.6738674682216156
2022-10-31,44943,DIOD,DIODES INC,45,0.023828924408939998,0.101817,0.2649741296150136,2951.3278800000003,1.2759730517463836,1.3142384725401939
2022-10-31,49429,DDS,DILLARDS INC,25,0.02758539,0.203092,0.21196176444795228,3586.794,0.797109515221826,1.3442841077336916
2022-10-31,56223,LPX,LOUISIANA PACIFIC CORP,15,0.02412148632216,0.10433400000000001,0.12200736648250457,3781.5076799999997,1.5733445244501119,1.3170028129397513
2022-10-31,57808,VSH,VISHAY INTERTECHNOLOGY INC,45,0.024648851750241733,0.173052,0.3152679119529948,2324.7972,1.2508245200713348,0.9433985528475862
2022-10-31,60098,OTTR,OTTER TAIL CORP,55,0.03,0.09357700000000001,0.4857712882574762,2561.1391200000003,0.4801033435417216,0.6273574362135382
2022-10-31,62341,PDCE,P D C ENERGY INC,10,0.012364720800903064,0.245986,0.34574234850477936,5358.69333,2.476919445299875,1.106212259772724
2022-10-31,64390,PGR,PROGRESSIVE CORP OH,40,-0.0039056190092810017,0.103476,-0.15905901955625712,67972.97214999999,0.40998306384862554,0.5353483840511281
2022-10-31,64936,D,DOMINION ENERGY INC,55,-0.020000000000000004,0.010117000000000001,-0.2828203104446198,57406.2215,0.4222190638182744,0.37083000445445713
2022-10-31,68196,SEIC,S E I INVESTMENTS CO,40,0.023530422154352214,0.10470700000000001,0.2811321582039814,6612.7248,0.9431865345642637,0.7992276732225035
2022-10-31,76076,CSCO,CISCO SYSTEMS INC,45,0.021733834838542562,0.143743,0.24956151889853545,164353.76,0.927710394075587,0.822157877238372
2022-10-31,76095,HOLX,HOLOGIC INC,35,0.024306504179329613,0.04851,0.2380733140401649,15944.956639999999,0.9969043000862047,0.6146109090320645
2022-10-31,76504,CATY,CATHAY GENERAL BANCORP,40,0.009014410816866714,0.18332,0.4148250460405157,2823.4255200000002,1.1102122282971838,0.7937096876361107
2022-10-31,76573,MLI,MUELLER INDUSTRIES INC,20,0.02497780042112754,0.051509,0.38198281154082264,3369.2969599999997,1.0733012105088222,1.0083460009480982
2022-10-31,77300,SMG,SCOTTS MIRACLE GRO CO,15,-0.018029666353440197,0.071591,-0.483052705428396,2368.6065,1.4025490244093797,1.3084442987937792
2022-10-31,77462,M,MACYS INC,25,0.026778809483999997,0.32824099999999995,0.13283784968867848,4246.42897,1.6841209586277404,1.5596675170443275
2022-10-31,79841,FWRD,FORWARD AIR CORP,20,0.016840651987345797,0.170618,0.27896167675173206,2400.0134000000003,1.0529598693241313,1.0141530792371074
2022-10-31,80415,EXP,EAGLE MATERIALS INC,15,0.01991057386995172,0.13883700000000002,0.3133605191616241,4039.0783000000006,1.2263765650222833,1.029912594664214
2022-10-31,80575,SSD,SIMPSON MANUFACTURING CO INC,20,0.021544010656717703,0.091447,0.32585723055336313,3384.2144,1.136317802047467,0.8674790246559801
2022-10-31,80864,RS,RELIANCE STEEL & ALUMINUM CO,15,0.0012512438891684671,0.15288200000000002,0.2257958431991581,10515.87654,0.7992465653654772,0.9203718992915961
2022-10-31,81073,UHAL,AMERCO,20,0.007546342307780302,0.127224,0.13884504077874246,9984.78576,0.8911876647452652,0.698816948024918
2022-10-31,82634,SAM,BOSTON BEER INC,30,-0.025416516363629998,0.15104900000000002,-0.12231430325352977,3309.6449000000002,0.9430903279982362,0.5986280324909504
2022-10-31,82800,SCCO,SOUTHERN COPPER CORP,15,0.012363224056464629,0.045175,0.10652898360080683,34665.44528,1.0754689764634509,0.9071184230900172
2022-10-31,84042,PAG,PENSKE AUTOMOTIVE GROUP INC,25,0.0249858,0.13167700000000002,0.14412873805138998,7303.70286,1.1864576052153253,1.125943124131034
2022-10-31,84373,DGX,QUEST DIAGNOSTICS INC,35,0.021454031666906997,0.17467,0.1581820573533281,14306.39014,0.9372511079991407,0.5647932377637815
2022-10-31,84761,TTWO,TAKE TWO INTERACTIVE SOFTWR INC,50,-0.02453241766761,0.084646,-0.431903884942559,18257.5,0.7589492546560059,0.7604842579182262
2022-10-31,85002,SRPT,SAREPTA THERAPEUTICS INC,35,-0.03,0.029155000000000004,-0.3676664035780058,9701.65364,1.1808861055597544,0.7591602131399846
2022-10-31,85427,GPI,GROUP 1 AUTOMOTIVE INC,25,0.0219554951249051,0.208564,0.16274226080855916,2255.6315600000003,1.4399011930930103,1.0453687688852575
2022-10-31,85593,AMG,AFFILIATED MANAGERS GROUP INC,40,0.03,0.10773100000000001,0.3304393580636674,4275.5781,1.2463129128058004,1.1802933026399929
2022-10-31,85621,MTD,METTLER TOLEDO INTERNATIONAL INC,35,0.019046613061650574,0.16445300000000002,-0.009142330965535406,24400.288839999997,1.0870415325298004,1.0025542245916421
2022-10-31,85710,POWI,POWER INTEGRATIONS INC,45,0.0032232868522418384,0.034830999999999994,0.30165307375252126,3678.7823999999996,1.0965737988968725,1.226849462062226
2022-10-31,85738,MRCY,MERCURY SYSTEMS INC,20,-0.018829602432861785,0.18979100000000002,-0.12880382355520478,2280.908,0.839293720547743,0.8590664417856104
2022-10-31,86047,AMKR,AMKOR TECHNOLOGY INC,45,0.02531949563352,0.217028,0.15160484083136014,4174.027550000001,1.5055747359289018,1.3754914690560625
2022-10-31,86594,KFY,KORN FERRY,20,0.005856433798208218,0.181699,0.29270805928264493,2506.1910000000003,1.461958902145735,0.9670290677447296
2022-10-31,86799,CNX,C N X RESOURCES CORP,10,-0.02630886,0.080094,-0.1154301499605367,2942.18956,1.250713343878769,0.45503871538043417
2022-10-31,86868,GS,GOLDMAN SACHS GROUP INC,40,-0.006147275820930699,0.173274,-0.24719372095062705,100647.14335,1.3261727905554308,0.9565673448066576
2022-10-31,87337,PLUG,PLUG POWER INC,20,-0.021905803290515988,-0.241737,-0.5899105498553013,12201.80962,1.9508334974675865,1.9717209683961336
2022-10-31,88159,EXEL,EXELIXIS INC,35,0.020928093493668472,0.055070999999999995,0.13134701394369902,5057.44288,0.6781305576242556,0.6621977895695385
2022-10-31,88351,INSM,INSMED INC,35,-0.015888113874423588,-0.198242,-0.24175655529246695,2621.97804,1.773050602051321,1.2079830781212675
2022-10-31,88853,FLR,FLUOR CORP NEW,20,-0.008807428061362466,0.213422,-0.254647899675524,3536.44587,2.3446813498863146,0.951281221375986
2022-10-31,89301,GME,GAMESTOP CORP NEW,25,-0.03,0.12421499999999999,-0.48594668069806196,7652.838899999999,1.250306174027647,0.5921638018324553
2022-10-31,89533,WYNN,WYNN RESORTS LTD,25,-0.004592665757482847,0.011476,-0.34330877839165136,7145.90019,1.9492709707742832,1.4410937093216152
2022-10-31,89866,LKQ,L K Q CORP,25,0.02377271104641152,0.177737,0.24530825221432953,12735.215,1.3079317667917707,0.9825345149595469
2022-10-31,90125,CORT,CORCEPT THERAPEUTICS INC,35,0.03,0.11311800000000001,0.3941725861615365,2760.146,0.5904740703909939,0.5809867172365437
2022-10-31,90126,CYTK,CYTOKINETICS INC,35,-0.027387359999999996,-0.10119199999999999,-0.3300228010172761,4584.871950000001,0.997450651565711,0.8715549769421919
2022-10-31,90178,ALNY,ALNYLAM PHARMACEUTICALS INC,35,-0.028997129999999996,0.033144999999999994,-0.5432123125493291,24617.87856,0.6140625077565443,1.1155477588530727
2022-10-31,90312,WLK,WESTLAKE CORP,15,0.0023443028887394158,0.110127,0.29746557923353495,11117.25168,1.1891421534732902,0.9963434921048413
2022-10-31,90319,GOOGL,ALPHABET INC,50,0.000649946455784184,-0.014246000000000002,0.136959572042445,571795.7000000001,1.0470751336270339,1.1318110536243509
2022-10-31,90505,LVS,LAS VEGAS SANDS CORP,25,-0.025554931339937373,0.010733,-0.39548802946593004,28671.133120000002,1.1189193363881733,1.4197964657722322
2022-10-31,90564,PBH,PRESTIGE CONSUMER HEALTHCARE INC,35,0.009025911743464073,0.09099,0.21382530912917655,2479.69029,0.5051516342049134,0.4880981712150028
2022-10-31,91413,EVR,EVERCORE INC,40,0.019574506332705355,0.275485,0.22678242567745327,3219.594,1.452041114566078,1.1757921253307075
2022-10-31,91463,CVLT,COMMVAULT SYSTEMS INC,45,0.0009896531964515936,0.145675,0.2303560466543892,2365.42488,0.5065868027301346,0.9470897861827849
2022-10-31,91575,HRI,HERC HOLDINGS INC,20,0.015913486753850244,0.12984500000000002,0.0977593615715163,3107.77796,2.5415854108499842,1.5169008161475754
2022-10-31,91983,CLR,CONTINENTAL RESOURCES INC,10,0.028644689999999997,0.104843,0.35319652722967637,24252.09681,2.355579265470139,0.8911476981046762
2022-10-31,93002,AVGO,BROADCOM INC,45,0.03,0.056478,0.3779926335174954,179824.49401,1.0888682282826674,1.0592333847138906
2022-10-31,93263,CELH,CELSIUS HOLDINGS INC,30,-0.0004135579263078817,0.002084,-0.3138866964833816,6911.26688,2.0346324121703083,1.547391613287304
2022-11-30,11691,MATX,MATSON INC,20,0.03,-0.132222,0.4007440476190477,2868.2219800000003,1.2800349678933518,0.9110587654665799
2022-11-30,12591,APO,APOLLO GLOBAL MANAGEMENT INC NEW,40,-0.03,0.25861599999999996,-0.5018920068027211,31610.06176,1.6161802976645627,1.21038785393706
2022-11-30,13318,YELP,YELP INC,50,0.0012222645311863057,-0.197076,0.2423894557823129,2699.2243399999998,1.4717482150800576,0.9963268017899365
2022-11-30,13688,PCG,P G & E CORP,55,-0.03,0.048718000000000004,-0.21086309523809524,29676.361,1.1300603852845748,0.3862464236780042
2022-11-30,13766,BCC,BOISE CASCADE CO,20,0.028206006761627052,0.123249,0.24721513605442183,2633.94296,1.4982392886222051,1.355246735738581
2022-11-30,13837,EVTC,EVERTEC INC,45,0.02614245014113105,-0.059822999999999994,0.3642219387755102,2391.32018,0.9379120234573647,0.7262631549308899
2022-11-30,13901,MO,ALTRIA GROUP INC,30,0.00805898261724827,0.003844,0.3968324829931973,82923.84471,0.59604156545911,0.4760519686597232
2022-11-30,14054,MRTX,MIRATI THERAPEUTICS INC,35,-0.014308204203362143,0.35454199999999997,-0.33781887755102036,3875.54508,0.9008709056303058,1.0312992257749864
2022-11-30,14136,RNG,RINGCENTRAL INC,45,-0.004331241275343038,0.0405,-0.36694302721088434,3041.71968,0.9336288615792686,1.4848048066317594
2022-11-30,14328,AMC,A M C ENTERTAINMENT HOLDINGS INC,50,-0.013193373027332872,0.08273,-0.37548894557823126,3442.02786,1.989220761027504,0.7448562517130357
2022-11-30,14432,ITCI,INTRA CELLULAR THERAPIES INC,35,-0.02510663742567583,0.184357,-0.26553996598639457,4325.0403400000005,1.145317765950426,0.507194286669651
2022-11-30,14521,TNET,TRINET GROUP INC,20,0.002357155819685408,0.11241,0.22359693877551018,4043.7054,1.1434656162159877,0.8344894139014353
2022-11-30,14593,AAPL,APPLE INC,45,0.015975128013701084,-0.035879999999999995,0.10659013605442173,2439350.81412,1.1998697114165195,1.0132951176857223
2022-11-30,14596,FIVN,FIVE 9 INC,45,-0.016594980151493154,0.061034000000000005,-0.35839710884353737,4248.51078,0.6516313116398336,1.1756259134363922
2022-11-30,14617,ARES,ARES MANAGEMENT CORP,40,-0.004111726084173398,0.030903999999999997,-0.4892857142857143,13040.94008,1.2360474597653128,1.3772163346467847
2022-11-30,15067,FRPT,FRESHPET INC,30,-0.02838890709238202,0.13404,-0.5684311224489796,2830.7790000000005,0.8447627690867511,1.4217042890615328
2022-11-30,15272,SEDG,SOLAREDGE TECHNOLOGIES INC,45,-0.022268004900654344,0.29636599999999996,-0.5080357142857143,12857.29682,1.2561791288473643,1.4554776977042116
2022-11-30,15284,BPMC,BLUEPRINT MEDICINES CORP,35,-0.00875638158732635,-0.080981,-0.35191326530612244,3101.6390400000005,0.7137252340299342,1.1360721787866044
2022-11-30,15332,CWEN,CLEARWAY ENERGY INC,55,0.00020233999999999877,0.027864,0.19759778911564632,2855.48904,0.696760620706092,0.6336376002145946
2022-11-30,16064,NTLA,INTELLIA THERAPEUTICS INC,35,-0.015887189772603675,-0.027866000000000002,-0.5197704081632653,4152.94152,1.9345970842494398,1.6213440541189204
2022-11-30,16119,ATKR,ATKORE INC,20,0.02550521433874443,0.27888599999999997,0.16983418367346934,3937.8913,2.1704388153138843,1.239686130080216
2022-11-30,16140,TWLO,TWILIO INC,45,-0.013532010933731329,-0.34371900000000005,-0.4730654761904762,12888.91596,1.525619059402716,1.6077347959616854
2022-11-30,16260,MEDP,MEDPACE HOLDINGS INC,35,0.03,-0.057319999999999996,0.10376275510204082,6903.578,1.4008160823729914,1.3968791778691623
2022-11-30,16382,COUP,COUPA SOFTWARE INC,45,-0.01714192005696961,0.185196,-0.4035926870748299,4051.38853,1.369156208722318,1.6396097925520048
2022-11-30,16434,GOLF,ACUSHNET HOLDINGS CORP,25,0.02859864432432973,-0.026906,0.14810799319727888,3314.0609099999997,0.7641630284549953,0.8132836179743064
2022-11-30,16597,AYX,ALTERYX INC,45,-0.0005451207682071989,-0.082478,-0.3389455782312925,2960.93226,0.6651566702142561,1.1913618360564067
2022-11-30,16649,OKTA,OKTA INC,45,-0.006325874470722759,-0.052749,-0.2943239795918368,8571.993279999999,1.2361017269884567,1.585090786826733
2022-11-30,16736,VST,VISTRA CORP,55,-0.03,0.056352,-0.4214923469387755,9563.51356,0.8990604268385616,0.7408756600534073
2022-11-30,16932,ROKU,ROKU INC,50,-0.012060590128926007,0.06610300000000001,-0.5946428571428573,6767.271299999999,1.7252748453803757,1.4864609739014396
2022-11-30,17104,APLS,APELLIS PHARMACEUTICALS INC,35,-0.02649975,-0.17743,-0.42085459183673474,6682.6932400000005,1.2132353645323506,0.9572911365614261
2022-11-30,17341,ZS,ZSCALER INC,45,-0.013214589439105974,-0.13686,-0.33794642857142865,22222.761,0.9410530538445566,1.36739481468319
2022-11-30,17949,BE,BLOOM ENERGY CORP,20,-0.03,0.135038,-0.49880952380952376,3298.47945,2.9979151524874386,1.6249960451135537
2022-11-30,18453,LAZR,LUMINAR TECHNOLOGIES INC,25,-0.03,-0.056007999999999995,-0.503656462585034,2149.26221,1.613842782597958,1.2012741070617072
2022-11-30,18727,CHWY,CHEWY INC,25,-0.015508250749970236,0.110751,-0.4920918367346938,4319.44071,0.6783041792600327,1.3373919898337212
2022-11-30,18777,KRTX,KARUNA THERAPEUTICS INC,35,-0.02918463,0.069953,-0.2448979591836735,7537.18042,0.9051995737832388,0.35987410033587325
2022-11-30,18937,CHPT,CHARGEPOINT HOLDINGS INC,20,-0.03,-0.114444,-0.5196428571428571,4751.3546400000005,1.9313746097123745,1.2626526217143608
2022-11-30,18940,PTON,PELOTON INTERACTIVE INC,25,-0.03,0.351906,-0.5759566326530613,2633.5512,1.6795924293921427,1.6060524155767206
2022-11-30,19561,BA,BOEING CO,20,-0.027312163380752937,0.25235399999999997,-0.4677508503401361,84933.53732999999,1.4333329466596274,1.2956661478199003
2022-11-30,20765,AJRD,AEROJET ROCKETDYNE HOLDINGS INC,20,-0.003228895333105497,0.070415,-0.2358205782312926,3897.2211,0.5627158757766887,0.6299372877619484
2022-11-30,21020,AAL,AMERICAN AIRLINES GROUP INC,20,-0.02248452984274705,0.014775,-0.3352678571428571,9215.596179999999,1.4568828787708135,1.2970066654371237
2022-11-30,21936,PFE,PFIZER INC,35,0.03,0.0833,0.3600552721088435,261254.98559999999,0.6132899701211634,0.5992217665445019
2022-11-30,22111,JNJ,JOHNSON & JOHNSON,35,0.0044482901639727205,0.026879,0.2480017006802721,454841.78148,0.525836918068228,0.35650607819135843
2022-11-30,23835,MDU,M D U RESOURCES GROUP INC,20,-0.028418136211079997,0.102832,-0.2362457482993197,5791.43648,0.6853930145057403,0.6290539849978111
2022-11-30,25487,CAR,AVIS BUDGET GROUP INC,20,0.03,-0.057241999999999994,0.00393282312925171,9805.050360000001,2.1847145802773453,2.6598213838892986
2022-11-30,35991,ROG,ROGERS CORP,45,-0.02087976022529306,-0.539507,-0.22353316326530615,4426.79263,1.1968052243820766,0.6304914402119546
2022-11-30,44943,DIOD,DIODES INC,45,0.026255114005485043,0.284014,0.23658588435374148,3258.69156,1.2640318513020883,1.3013196025853564
2022-11-30,49429,DDS,DILLARDS INC,25,0.03,0.091155,0.1964498299319728,4323.588500000001,0.850155540695637,1.3012349577129814
2022-11-30,56223,LPX,LOUISIANA PACIFIC CORP,15,0.02663817747609624,0.12795,0.14190051020408162,4184.8488,1.5648902628600632,1.2640074206977738
2022-11-30,57808,VSH,VISHAY INTERTECHNOLOGY INC,45,0.028914384843324564,0.104006,0.24462159863945582,2732.5188000000003,1.2696477526072998,0.9483022266730003
2022-11-30,60098,OTTR,OTTER TAIL CORP,55,0.03,-0.111745,0.3884566326530612,2806.76202,0.49643437493647485,0.62565752552401
2022-11-30,62341,PDCE,P D C ENERGY INC,10,0.015406269011834004,0.027363,0.35916241496598633,6647.3403,2.494553493703415,1.0471088632079992
2022-11-30,64390,PGR,PROGRESSIVE CORP OH,40,-0.004309756841885362,0.02635,-0.05034013605442176,75088.31999999999,0.4335612899704722,0.5389385365983027
2022-11-30,64936,D,DOMINION ENERGY INC,55,-0.020202340000000003,-0.12948199999999999,-0.3001913265306122,58120.5805,0.40975615896534734,0.3817178484894571
2022-11-30,76076,CSCO,CISCO SYSTEMS INC,45,0.024857921459739186,0.091575,0.23061224489795923,186399.29,0.9551016778058228,0.8176002475789707
2022-11-30,76095,HOLX,HOLOGIC INC,35,0.025485612697068893,0.120448,0.17927295918367347,16755.5496,0.9820551847574419,0.6122670141678264
2022-11-30,76504,CATY,CATHAY GENERAL BANCORP,40,0.01066693260781472,0.023909,0.37361819727891155,3393.2784,1.148024375558333,0.7944136182487724
2022-11-30,76573,MLI,MUELLER INDUSTRIES INC,20,0.0262643819430194,0.095005,0.2245960884353741,3562.0236,1.0600948021800878,0.9708656719909836
2022-11-30,77300,SMG,SCOTTS MIRACLE GRO CO,15,-0.03,0.229871,-0.5759778911564626,2543.6894599999996,1.3920634555178553,1.3210755832436472
2022-11-30,77462,M,MACYS INC,25,0.03,0.12424199999999999,0.156313775510204,5650.1623500000005,1.7749097688016795,1.4662817603489726
2022-11-30,79841,FWRD,FORWARD AIR CORP,20,0.01971397034812276,0.060869000000000006,0.34819302721088435,2815.0833000000002,1.0878910099791483,0.9773950205761788
2022-11-30,80415,EXP,EAGLE MATERIALS INC,15,0.02267489821433421,0.11185300000000001,0.35522959183673475,4506.51195,1.2472442321256971,0.9966069140855927
2022-11-30,80575,SSD,SIMPSON MANUFACTURING CO INC,20,0.023514145799242568,0.085703,0.19419642857142858,3689.82968,1.126571884341165,0.8584016277125758
2022-11-30,80864,RS,RELIANCE STEEL & ALUMINUM CO,15,0.0014425365574323207,0.050303,0.15463435374149653,12148.035119999999,0.8316773060798341,0.905159892350484
2022-11-30,81073,UHAL,AMERCO,20,0.008018499400398142,0.098412,0.12897534013605444,11278.325520000002,0.9111600547387427,0.71629955364673
2022-11-30,82634,SAM,BOSTON BEER INC,30,-0.029255655743839946,0.026826,-0.11749574829931972,3817.6368300000004,0.9599637581997408,0.6468507490801096
2022-11-30,82800,SCCO,SOUTHERN COPPER CORP,15,0.012921732703215418,0.30828,0.09815051020408162,36312.131239999995,1.054583443027383,0.8726167038020349
2022-11-30,84042,PAG,PENSKE AUTOMOTIVE GROUP INC,25,0.0282758551866,0.135671,0.17132227891156462,7958.84086,1.2015413803111226,1.0689204978406492
2022-11-30,84373,DGX,QUEST DIAGNOSTICS INC,35,0.009824329369935818,0.054088000000000004,0.07463860544217689,16359.86755,0.9775728446878633,0.5750941607353363
2022-11-30,84761,TTWO,TAKE TWO INTERACTIVE SOFTWR INC,50,-0.026608988693502516,-0.110807,-0.38594812925170074,19883.19512,0.7640126059029808,0.7327959202179886
2022-11-30,85002,SRPT,SAREPTA THERAPEUTICS INC,35,-0.03,0.074236,-0.27846513605442175,10009.01766,1.1437049518882878,0.6792705353137284
2022-11-30,85427,GPI,GROUP 1 AUTOMOTIVE INC,25,0.010505100948338736,0.116971,0.08050595238095236,2522.513,1.470351458999752,1.0046526539193115
2022-11-30,85593,AMG,AFFILIATED MANAGERS GROUP INC,40,0.03,0.28926999999999997,0.2903273809523809,4746.14016,1.257480252673304,1.144652173926947
2022-11-30,85621,MTD,METTLER TOLEDO INTERNATIONAL INC,35,0.022178885719478195,0.158916,-0.023724489795918347,28469.779510000004,1.1118795594252788,1.0134520235423876
2022-11-30,85710,POWI,POWER INTEGRATIONS INC,45,0.011554682832294872,0.206389,0.3255102040816326,3815.67858,1.0682221082061565,1.1911908048123754
2022-11-30,85738,MRCY,MERCURY SYSTEMS INC,20,-0.022403291508197056,0.047144000000000005,-0.1995960884353741,2806.3288,0.8930802337353284,0.8366043130883799
2022-11-30,86047,AMKR,AMKOR TECHNOLOGY INC,45,0.03,0.34490699999999996,0.3606505102040816,5093.03025,1.5374759760212184,1.3288700623231238
2022-11-30,86594,KFY,KORN FERRY,20,0.006920541962908853,0.023048,0.3324617346938776,2967.3942,1.4861347911730132,0.9279095183424786
2022-11-30,86799,CNX,C N X RESOURCES CORP,10,-0.028416041832839998,0.030458000000000002,0.0011054421768707206,3033.81837,1.247363820203559,0.44542892243194754
2022-11-30,86868,GS,GOLDMAN SACHS GROUP INC,40,-0.007212438891526645,0.125268,-0.06205357142857142,118320.92597,1.3541740864946115,0.9473194985067878
2022-11-30,87337,PLUG,PLUG POWER INC,20,-0.016610360120476526,-0.0041080000000000005,-0.5614158163265307,9280.57676,1.772346470544054,1.8591439828246596
2022-11-30,88159,EXEL,EXELIXIS INC,35,0.022080624530458292,0.027301,0.08822278911564621,5348.061379999999,0.6796663926073204,0.6537038008028134
2022-11-30,88351,INSM,INSMED INC,35,-0.012738422403730106,0.064696,-0.29812925170068033,2346.46164,1.6521584381307133,1.161809792484124
2022-11-30,88446,ILMN,ILLUMINA INC,35,-0.016809488400487703,-0.049793,-0.5921981292517007,35993.386,1.1604465886719297,1.3409621313692222
2022-11-30,88853,FLR,FLUOR CORP NEW,20,-0.010687126973074567,0.107851,-0.2564413265306123,4299.43158,2.3595096446282398,0.9027626042988882
2022-11-30,89301,GME,GAMESTOP CORP NEW,25,-0.03,-0.07703499999999999,-0.47378826530612245,8621.244299999998,1.2390748644311813,0.5846262040385194
2022-11-30,89533,WYNN,WYNN RESORTS LTD,25,-0.004645371189715721,0.30637699999999995,-0.34812925170068026,7244.5347,1.9014561205419889,1.467672106063768
2022-11-30,89866,LKQ,L K Q CORP,25,0.027998001389667564,-0.021456,0.0981079931972789,14865.617,1.336087760160361,0.9358825099485532
2022-11-30,89946,AEL,AMERICAN EQUITY INVT LIFE HLDG C,40,0.03,-0.053814999999999995,0.3878188775510204,3775.44504,0.989186780051582,1.0014682136630226
2022-11-30,90125,CORT,CORCEPT THERAPEUTICS INC,35,0.03,-0.11894,0.4069302721088435,3078.7900000000004,0.6136366473421687,0.5525382897209061
2022-11-30,90126,CYTK,CYTOKINETICS INC,35,-0.024615978266879997,-0.029425,-0.2925595238095238,4131.589459999999,0.9231451272099226,0.8270034562005865
2022-11-30,90178,ALNY,ALNYLAM PHARMACEUTICALS INC,35,-0.029958239873849997,0.061459,-0.44889455782312926,25498.78328,0.6021650146594876,1.05662600917035
2022-11-30,90312,WLK,WESTLAKE CORP,15,0.0026024739329676217,0.11469700000000001,0.3271471088435375,12367.43065,1.1963329390870536,0.9461474479184684
2022-11-30,90319,GOOGL,ALPHABET INC,50,0.0006406873185750826,0.065708,0.009587585034013595,564508.23,1.0035361643473044,1.1175025178798443
2022-11-30,90505,LVS,LAS VEGAS SANDS CORP,25,-0.025829212418008923,0.22945100000000002,-0.458609693877551,29045.949660000002,1.0938646674960715,1.4052889946941922
2022-11-30,90564,PBH,PRESTIGE CONSUMER HEALTHCARE INC,35,0.009847179453001868,0.12526400000000001,0.21607142857142855,2711.0882399999996,0.5315457280298187,0.4798569489860716
2022-11-30,91413,EVR,EVERCORE INC,40,0.02496698920977069,0.10004,0.06732568027210885,4114.0344,1.5193589752160492,1.1623707278940976
2022-11-30,91463,CVLT,COMMVAULT SYSTEMS INC,45,0.0011338209258446794,0.081066,0.2848639455782313,2711.55348,0.5614192048581935,0.7956989784764743
2022-11-30,91575,HRI,HERC HOLDINGS INC,20,0.01797977344140393,0.08693200000000001,0.09908588435374151,3441.03338,2.5147454579313817,1.4908159861651744
2022-11-30,91611,FSLR,FIRST SOLAR INC,45,-0.03,0.182347,-0.4465773809523809,15518.635419999999,1.2928887991504738,1.0874238173921045
2022-11-30,91983,CLR,CONTINENTAL RESOURCES INC,10,0.03,0.0013350000000000002,0.380420918367347,26454.186980000002,2.31776675642148,0.8404400711784303
2022-11-30,93002,AVGO,BROADCOM INC,45,0.03,0.169249,0.29345238095238096,196510.16,1.0723036221954543,1.0579555314431273
2022-11-30,93263,CELH,CELSIUS HOLDINGS INC,30,-0.0004144197810263073,0.219586,-0.325531462585034,6941.753279999999,1.9661412283659767,1.4877938934848223
2022-12-31,11691,MATX,MATSON INC,20,0.02603334,-0.022984,0.26209322779243627,2408.9165599999997,1.2352215214879074,0.9104558585164445
2022-12-31,12591,APO,APOLLO GLOBAL MANAGEMENT INC NEW,40,-0.03,-0.08408199999999999,-0.3250827155840348,39710.78676,1.6596291198547706,1.1799379624603432
2022-12-31,13116,CIVI,CIVITAS RESOURCES INC,10,0.01108948326580549,-0.11366000000000001,0.42369225614608197,5733.07696,1.6649923474486505,0.8472553003507923
2022-12-31,13318,YELP,YELP INC,50,0.0009813855264382333,-0.12001899999999999,0.10403316999623066,2157.2769,1.4302198201710135,1.0032157394927363
2022-12-31,13688,PCG,P G & E CORP,55,-0.03,0.03229,-0.11825187418854964,31206.89,1.1428188106160984,0.3627732168036255
2022-12-31,13766,BCC,BOISE CASCADE CO,20,0.03,-0.075907,0.3196172048414792,2920.72992,1.5037091573757453,1.3020642764721742
2022-12-31,13837,EVTC,EVERTEC INC,45,0.024578530346338168,-0.04454,0.36767600619843366,2201.87154,0.9292808173613409,0.7127985472068948
2022-12-31,13901,MO,ALTRIA GROUP INC,30,0.008089961346428974,-0.001823,0.4235247309125937,83479.41834,0.5868483518300012,0.4521806010944692
2022-12-31,14054,MRTX,MIRATI THERAPEUTICS INC,35,-0.01938106353803056,-0.507537,-0.5920969971101897,5262.3000600000005,0.9258177700308989,1.065062455115485
2022-12-31,14136,RNG,RINGCENTRAL INC,45,-0.004506656546994431,-0.048171,-0.46199271265234326,3184.0099000000005,0.9222360301595751,1.5384293920271515
2022-12-31,14328,AMC,A M C ENTERTAINMENT HOLDINGS INC,50,-0.015145813325782263,-0.44044700000000003,-0.42829920006701006,3736.61583,1.9856376449699717,0.7620893617980605
2022-12-31,14432,ITCI,INTRA CELLULAR THERAPIES INC,35,-0.029735221781561145,-0.027355,-0.26196758386732,5134.9051,1.1744951294877444,0.4850385182027555
2022-12-31,14479,IBP,INSTALLED BUILDING PRODUCTS INC,25,0.03,0.008006,0.3010219039242786,2429.2527900000005,1.6415848630825494,1.2293947593250272
2022-12-31,14521,TNET,TRINET GROUP INC,20,0.002622123705376245,-0.06781999999999999,0.23369770071617038,4509.808099999999,1.1234134659009152,0.8335372440188196
2022-12-31,14593,AAPL,APPLE INC,45,0.015401940420569488,-0.125652,0.14248021108179423,2354878.70754,1.1824600512539094,1.0324934347792936
2022-12-31,14596,FIVN,FIVE 9 INC,45,-0.017607838170059387,0.055114,-0.35176110901704577,4520.07555,0.6631278595492661,1.2025989724488793
2022-12-31,14617,ARES,ARES MANAGEMENT CORP,40,-0.004238794867078692,-0.122589,-0.46938476358001424,13594.3938,1.2269426659349245,1.3369788034604064
2022-12-31,15067,FRPT,FRESHPET INC,30,-0.03,-0.216002,-0.5250450224065,3218.3004,0.8379752350707612,1.317152581789674
2022-12-31,15272,SEDG,SOLAREDGE TECHNOLOGIES INC,45,-0.028867484441041667,-0.055544,-0.5461532018260251,16704.779700000003,1.2938821523284558,1.4976999029199365
2022-12-31,15284,BPMC,BLUEPRINT MEDICINES CORP,35,-0.008047281050003074,-0.08665999999999999,-0.3706705197470369,2859.32349,0.677076914857303,1.119051578381154
2022-12-31,15332,CWEN,CLEARWAY ENERGY INC,55,0.00020797800175999877,-0.10411300000000001,0.2166729488629225,2913.3451999999997,0.6934507128494027,0.5984264266753049
2022-12-31,16119,ATKR,ATKORE INC,20,0.03,-0.074849,0.056686350881601615,5047.36015,2.201441294516932,1.2139125245167106
2022-12-31,16140,TWLO,TWILIO INC,45,-0.008880801667600129,-0.004603,-0.5403526406164928,8555.11746,1.4671538140746192,1.7583831636674485
2022-12-31,16260,MEDP,MEDPACE HOLDINGS INC,35,0.03,0.008627,0.19608828579804832,6527.579,1.393794490710076,1.3677854197537305
2022-12-31,16382,COUP,COUPA SOFTWARE INC,45,-0.01762385064455877,0.24851900000000002,-0.4250115173598023,4813.25964,1.3970426870237942,1.7638156280895116
2022-12-31,16434,GOLF,ACUSHNET HOLDINGS CORP,25,0.027829169200139312,-0.065538,0.10334212840809151,3190.9990500000004,0.7432739314010406,0.8064930460599885
2022-12-31,16597,AYX,ALTERYX INC,45,-0.0005001602974870056,0.126387,-0.26856388993592156,2745.0891,0.6301368065698247,1.1855293784231415
2022-12-31,16736,VST,VISTRA CORP,55,-0.03,-0.042111,-0.13209364660551995,9682.220819999999,0.909445157676707,0.7017974645794516
2022-12-31,16932,ROKU,ROKU INC,50,-0.012857831318218403,-0.317848,-0.6012899442978599,7233.93765,1.5812966508052229,1.6579177670311074
2022-12-31,16966,SWCH,SWITCH INC,45,-0.0028871014084997006,-0.003379,-0.21405536708966785,5409.89025,0.5723297617483389,0.3701564348469371
2022-12-31,17104,APLS,APELLIS PHARMACEUTICALS INC,35,-0.0217978993575,0.032271,-0.5083553210202287,5521.059679999999,1.1700537902689123,0.9154814170987745
2022-12-31,17341,ZS,ZSCALER INC,45,-0.011406040728469931,-0.16486299999999998,-0.3426519244461197,19245.091399999998,0.896886807944366,1.375475709710936
2022-12-31,17949,BE,BLOOM ENERGY CORP,20,-0.03,-0.10530500000000001,-0.4450098421074674,3818.97891,2.994789039027581,1.5943966770061861
2022-12-31,18453,LAZR,LUMINAR TECHNOLOGIES INC,25,-0.02831976,-0.357165,-0.48393851823930983,2035.02454,1.5833733157121666,1.1835272632698357
2022-12-31,18727,CHWY,CHEWY INC,25,-0.01722580502878019,-0.143653,-0.48620010889140175,4810.15951,0.6961595692934591,1.360846875994894
2022-12-31,18777,KRTX,KARUNA THERAPEUTICS INC,35,-0.03,-0.16831,-0.37274364451145453,8085.95753,0.8907081997477736,0.34487392819079327
2022-12-31,18937,CHPT,CHARGEPOINT HOLDINGS INC,20,-0.02656668,-0.236068,-0.5073082883109268,4221.16056,1.8680205240480803,1.241460805710219
2022-12-31,18940,PTON,PELOTON INTERACTIVE INC,25,-0.03,-0.30566400000000005,-0.4535117477069984,3567.83484,1.7555598749596877,1.479646515700458
2022-12-31,19561,BA,BOEING CO,20,-0.03,0.061525,-0.4295975206265443,106609.43903999998,1.4684653722014767,1.2170792122813507
2022-12-31,20765,AJRD,AEROJET ROCKETDYNE HOLDINGS INC,20,-0.003456257997986121,0.07219800000000001,-0.23076600913012527,4187.716,0.5739793361944683,0.5995692016032316
2022-12-31,21020,AAL,AMERICAN AIRLINES GROUP INC,20,-0.008037617006618081,-0.12188199999999999,-0.262491100221971,9378.07143,1.443879733697901,1.2309686707234488
2022-12-31,21936,PFE,PFIZER INC,35,0.03,0.018763,0.22140553670896673,281395.48095,0.6212386256016283,0.5192837520329806
2022-12-31,22111,JNJ,JOHNSON & JOHNSON,35,0.004567855755290144,-0.010963,0.2512459689240692,465378.152,0.5278002953840568,0.3399627480085562
2022-12-31,23835,MDU,M D U RESOURCES GROUP INC,20,-0.03,-0.032844,-0.20268459186664994,6403.5229899999995,0.7002201605332434,0.5723260876162306
2022-12-31,25487,CAR,AVIS BUDGET GROUP INC,20,0.028282739999999997,-0.270239,0.10007538635506974,9271.7976,2.1684415250127214,1.3969409422592125
2022-12-31,32651,HL,HECLA MINING CO,15,-0.03,0.016805,-0.4623696444276919,3304.17695,2.0795926564324634,0.9354215082079382
2022-12-31,35991,ROG,ROGERS CORP,45,-0.03,0.091082,-0.4277547430581731,2051.2604800000004,1.0724139903307903,0.8729710775112066
2022-12-31,44943,DIOD,DIODES INC,45,0.03,-0.177834,0.15958872555178624,4193.6981000000005,1.3335326452446528,1.3242985596969672
2022-12-31,49429,DDS,DILLARDS INC,25,0.03,-0.061453,0.21108179419525078,4730.055,0.8382316135316529,1.1750814295733614
2022-12-31,56223,LPX,LOUISIANA PACIFIC CORP,15,0.03,-0.07547899999999999,0.09245298823135233,4574.141,1.5802469514654964,1.265735325695865
2022-12-31,57808,VSH,VISHAY INTERTECHNOLOGY INC,45,0.03,-0.06718099999999999,0.3209992880177577,2985.24672,1.2867293047759631,0.9302684400987494
2022-12-31,60098,OTTR,OTTER TAIL CORP,55,0.027378522610359998,-0.018808,0.3734765674079658,2482.45653,0.46329338654808316,0.6522186312746353
2022-12-31,62341,PDCE,P D C ENERGY INC,10,0.01582783075080482,-0.135509,0.40122293420446453,6848.216399999999,2.4986008020819206,0.9998178401370836
2022-12-31,64390,PGR,PROGRESSIVE CORP OH,40,-0.004423318934669042,-0.021843,0.021275704653013334,77317.00050000001,0.4236651176859586,0.5036084852565487
2022-12-31,64936,D,DOMINION ENERGY INC,55,-0.017586500612120002,0.011152,-0.059010763496251624,50921.435249999995,0.3754897557615656,0.38436856628095706
2022-12-31,76076,CSCO,CISCO SYSTEMS INC,45,0.0271342856174148,-0.045213,0.1889265820664237,204254.88116,0.9570717719205354,0.7854396555019424
2022-12-31,76095,HOLX,HOLOGIC INC,35,0.023706124725079974,-0.021105,0.09530091720065338,18722.71744,0.98824300334808,0.6006608285199181
2022-12-31,76504,CATY,CATHAY GENERAL BANCORP,40,0.010921968299534962,-0.125608,0.4649662855467605,3458.01858,1.1415701990765292,0.7554840534329154
2022-12-31,76573,MLI,MUELLER INDUSTRIES INC,20,0.028759629549515955,-0.142346,0.2539891946224401,3910.60605,1.067164841503987,0.915729804473949
2022-12-31,77300,SMG,SCOTTS MIRACLE GRO CO,15,-0.03,-0.13461399999999998,-0.4677932738618754,3102.15745,1.4332549738164537,1.2995248654620373
2022-12-31,77462,M,MACYS INC,25,0.03,-0.11829500000000001,0.030238304644637108,6368.2885,1.7565434413444159,1.3683949013802559
2022-12-31,79299,PZZA,PAPA JOHNS INTL INC,25,-0.002094101734130511,-0.014789,-0.26330778573522634,2941.4092800000003,1.0924157592366532,0.5275202877620168
2022-12-31,79841,FWRD,FORWARD AIR CORP,20,0.03,-0.06994500000000001,0.3741885496502911,2987.9183000000003,1.0951181549301727,0.9503329850254861
2022-12-31,80415,EXP,EAGLE MATERIALS INC,15,0.03,-0.027174,0.3836327846881936,5023.4473,1.256289550742305,0.9736324468609457
2022-12-31,80575,SSD,SIMPSON MANUFACTURING CO INC,20,0.025529378636675055,-0.050558,0.2520417137831386,3963.7439,1.1284500795894763,0.8640743238465051
2022-12-31,80864,RS,RELIANCE STEEL & ALUMINUM CO,15,0.0015151004738808388,-0.045265,0.18440340076223985,12400.82139,0.8329163437560666,0.8590489033301768
2022-12-31,82634,SAM,BOSTON BEER INC,30,-0.02758454078336623,-0.14608,-0.08279934665158939,3930.95199,0.9581862013495559,0.6601117729065078
2022-12-31,84042,PAG,PENSKE AUTOMOTIVE GROUP INC,25,0.03,-0.09448200000000001,0.15678267789085729,9016.26435,1.2164571617481548,1.0030946681847095
2022-12-31,84373,DGX,QUEST DIAGNOSTICS INC,35,0.010355707696896905,0.026984,0.1215814382041295,17291.46321,0.9769439857409004,0.5414814023052943
2022-12-31,84761,TTWO,TAKE TWO INTERACTIVE SOFTWR INC,50,-0.023660526483341583,-0.018139000000000002,-0.4113791514846924,17736.790109999998,0.73650942940744,0.7405632039550571
2022-12-31,85002,SRPT,SAREPTA THERAPEUTICS INC,35,-0.03,0.051747,-0.47244209909117557,10780.63023,1.135121668544892,0.6632813662881953
2022-12-31,85427,GPI,GROUP 1 AUTOMOTIVE INC,25,0.011733893111366866,-0.070463,0.14507685220086272,2819.09054,1.4814503810177837,0.9391193101392917
2022-12-31,85593,AMG,AFFILIATED MANAGERS GROUP INC,40,0.03,-0.015784,0.1269213050215689,6042.8609799999995,1.3026636612776805,1.1354548486308094
2022-12-31,85710,POWI,POWER INTEGRATIONS INC,45,0.013939442267369378,-0.11222599999999999,0.17904259329061437,4603.29504,1.1072638426409418,1.2253150036749254
2022-12-31,85738,MRCY,MERCURY SYSTEMS INC,20,-0.0234594722830595,-0.12301699999999999,-0.29344138710893325,2946.64524,0.8938886284634423,0.8040447739682728
2022-12-31,86047,AMKR,AMKOR TECHNOLOGY INC,45,0.03,-0.145201,0.2695271600284793,6864.1995,1.610404081321964,1.3025613921557249
2022-12-31,86594,KFY,KORN FERRY,20,0.007080046614069976,-0.11311399999999999,0.3443690580893747,3044.2614000000003,1.4770247567090085,0.8890869457740678
2022-12-31,86799,CNX,C N X RESOURCES CORP,10,-0.02928153763498464,-0.033891000000000004,0.0494199438790468,3134.88549,1.240254397235438,0.42432363987139
2022-12-31,87337,PLUG,PLUG POWER INC,20,-0.016542124761101607,-0.228316,-0.5086903714872053,9303.14784,1.7800327225978083,1.810509144452051
2022-12-31,88159,EXEL,EXELIXIS INC,35,0.022683447660764335,-0.06426899999999999,0.21573061942455082,5509.341879999999,0.6704716086445985,0.5938169763460502
2022-12-31,88446,ILMN,ILLUMINA INC,35,-0.01597249354456222,-0.07619600000000001,-0.44415127528584,34303.984000000004,1.1291108388881144,1.346195036528294
2022-12-31,88853,FLR,FLUOR CORP NEW,20,-0.011839744304247632,0.027862,-0.16894919797294466,4775.577679999999,2.3538235300548664,0.8389230874940149
2022-12-31,89301,GME,GAMESTOP CORP NEW,25,-0.03,-0.299068,-0.42978598651421873,7981.7312999999995,1.2063169425276143,0.5581800105399988
2022-12-31,89533,WYNN,WYNN RESORTS LTD,25,-0.006068606078707254,-0.017603,-0.3716547304937806,9479.84924,1.94602642352117,1.3955295214104044
2022-12-31,89792,CVCO,CAVCO INDUSTRIES INC DEL,25,0.01777341895154604,-0.018098,0.2908028646814926,2045.77367,1.1388233468268247,1.1347207500023573
2022-12-31,89866,LKQ,L K Q CORP,25,0.016371791578565734,-0.020313,0.11109017045692508,14515.61775,1.318893203368373,0.9075263999355675
2022-12-31,89946,AEL,AMERICAN EQUITY INVT LIFE HLDG C,40,0.02838555,0.12276300000000001,0.34694475855425727,3471.78802,0.9621759213870326,1.0730708487700813
2022-12-31,90125,CORT,CORCEPT THERAPEUTICS INC,35,0.0264318,-0.199977,0.3629015370440172,2721.3920000000003,0.5966922669715609,0.5285946140977552
2022-12-31,90126,CYTK,CYTOKINETICS INC,35,-0.023891653106377052,0.074739,-0.49826192570255906,4021.8175,0.9572141357015413,0.8276765394059823
2022-12-31,90178,ALNY,ALNYLAM PHARMACEUTICALS INC,35,-0.03,0.073959,-0.46105038321397157,27138.74652,0.597557768834897,1.017051135336381
2022-12-31,90312,WLK,WESTLAKE CORP,15,0.0029009698856572092,-0.050848,0.12478535829459313,13729.4657,1.1939586032354,0.9840454533108599
2022-12-31,90319,GOOGL,ALPHABET INC,50,0.0006827856009040141,-0.12972799999999998,-0.0007119822423252352,603213.27,1.0110966774549952,1.1368616593390695
2022-12-31,90505,LVS,LAS VEGAS SANDS CORP,25,-0.03,0.022881,-0.3905641412237718,35793.53544000001,1.12414869163936,1.3156785686247503
2022-12-31,90564,PBH,PRESTIGE CONSUMER HEALTHCARE INC,35,0.011080676540002695,0.01517,0.33356368052937974,3043.86796,0.5589947109352227,0.45785812426461137
2022-12-31,91413,EVR,EVERCORE INC,40,0.019354595502212774,-0.05634,0.09452611299576999,4473.36084,1.5205791897793752,1.16089036260098
2022-12-31,91463,CVLT,COMMVAULT SYSTEMS INC,45,0.0012257352530192043,-0.051258,0.23763454370314527,2939.1119999999996,0.5705614016731158,0.7658507856337825
2022-12-31,91575,HRI,HERC HOLDINGS INC,20,0.019542791106212053,0.027689,0.16411190685597019,3749.9978599999995,2.4905014745263787,1.4401428706586294
2022-12-31,91611,FSLR,FIRST SOLAR INC,45,-0.03,-0.135182,-0.4302885622146836,18392.73318,1.3055583752268378,1.0294178035938502
2022-12-31,93002,AVGO,BROADCOM INC,45,0.03,0.019813,0.2890647903840516,230267.72258,1.095413437034292,1.0662368804319813
2022-12-31,93263,CELH,CELSIUS HOLDINGS INC,30,-0.00050542056306275,-0.068944,-0.48150940235372947,8486.8915,2.0065543052336032,1.452176063150503
2023-01-31,10258,CLDX,CELLDEX THERAPEUTICS INC,35,-0.02890618697518911,-0.014949,-0.32872023809523804,2103.74857,2.3017721158950835,0.5005910724747785
2023-01-31,11691,MATX,MATSON INC,20,0.02543498971344,0.054244999999999995,0.27678571428571436,2361.69031,1.218006299000517,0.907232801026262
2023-01-31,12591,APO,APOLLO GLOBAL MANAGEMENT INC NEW,40,-0.027477539999999998,0.106072,-0.2982993197278911,36505.99636,1.6542400965311268,1.1987883539057829
2023-01-31,13116,CIVI,CIVITAS RESOURCES INC,10,0.009829052597814037,0.14529399999999998,0.3822066326530612,4930.48023,1.6745080858978332,0.8365039570791515
2023-01-31,13527,FIVE,FIVE BELOW INC,25,-0.03,0.111041,-0.5112882653061225,9818.761180000001,1.1135049323723654,1.280606323227972
2023-01-31,13688,PCG,P G & E CORP,55,-0.03,-0.025646,-0.16009778911564623,32320.002000000004,1.1010192148770301,0.36090366301999166
2023-01-31,13766,BCC,BOISE CASCADE CO,20,0.03,0.08823700000000001,0.3069940476190475,2708.8941600000003,1.499729954339571,1.297011461291282
2023-01-31,13837,EVTC,EVERTEC INC,45,0.023483802604712264,0.137322,0.3366496598639456,2111.24076,0.9282363600693304,0.6996299069465486
2023-01-31,13901,MO,ALTRIA GROUP INC,30,0.008075213346894433,-0.018164,0.44321853741496603,81920.22783,0.5711077941006839,0.4522240465134704
2023-01-31,14054,MRTX,MIRATI THERAPEUTICS INC,35,-0.009544456693129144,0.175262,-0.5865433673469388,2621.41005,1.1128120462547366,1.1582212267179874
2023-01-31,14136,RNG,RINGCENTRAL INC,45,-0.004289566394469162,0.099036,-0.45624999999999993,3041.391,0.9164594900851744,1.5470642042716627
2023-01-31,14432,ITCI,INTRA CELLULAR THERAPIES INC,35,-0.028921814789726538,-0.09798799999999999,-0.25423044217687074,5018.4036,1.1753022196567746,0.4556825493340114
2023-01-31,14479,IBP,INSTALLED BUILDING PRODUCTS INC,25,0.03,0.282592,0.26460459183673474,2448.4168,1.5977265906931568,1.2210256229959071
2023-01-31,14521,TNET,TRINET GROUP INC,20,0.002444291275677628,0.109326,0.20535714285714285,4219.1939999999995,1.1235409112148265,0.8329595160336779
2023-01-31,14593,AAPL,APPLE INC,45,0.01346665580284409,0.107015,0.15914115646258503,2058403.94151,1.2080479279471834,1.0389493485820402
2023-01-31,14596,FIVN,FIVE 9 INC,45,-0.01857827656296404,0.157414,-0.33698979591836736,4821.24942,0.6326301406797895,1.207581042292353
2023-01-31,14617,ARES,ARES MANAGEMENT CORP,40,-0.03,0.209089,-0.5084396258503401,11868.8648,1.2512861416385934,1.3430551305535103
2023-01-31,15067,FRPT,FRESHPET INC,30,-0.02351994,0.19660799999999998,-0.48497023809523804,2538.87024,0.9086527204035896,1.3051546144321056
2023-01-31,15272,SEDG,SOLAREDGE TECHNOLOGIES INC,45,-0.027264068885248446,0.12308700000000002,-0.5394982993197279,15900.79491,1.2980333422569872,1.4779159672282651
2023-01-31,15284,BPMC,BLUEPRINT MEDICINES CORP,35,-0.007349903674209808,0.063374,-0.3908801020408163,2626.8037900000004,0.692124406078256,1.140172169539642
2023-01-31,15332,CWEN,CLEARWAY ENERGY INC,55,0.00018632478806276001,0.056739,0.2245110544217687,2619.87335,0.7209266886096972,0.600683173838943
2023-01-31,15429,LNTH,LANTHEUS HOLDINGS INC,35,0.03,0.12483000000000001,0.10695153061224492,3440.41152,0.8171386019745749,1.3228754289393039
2023-01-31,16044,NGVT,INGEVITY CORP,15,0.03,0.166852,0.4306122448979592,2632.48368,1.7281737736169474,0.9274918510748346
2023-01-31,16119,ATKR,ATKORE INC,20,0.02775453,0.14488099999999998,0.11906887755102037,4521.4883,2.186314235779812,1.213061378531714
2023-01-31,16140,TWLO,TWILIO INC,45,-0.008839923337524164,0.218716,-0.5175382653061225,8544.64608,1.4396432649237876,1.7619652601290523
2023-01-31,16260,MEDP,MEDPACE HOLDINGS INC,35,0.03,0.037264,0.16964285714285707,6604.251719999999,1.3660570384258128,1.372936763826632
2023-01-31,16382,COUP,COUPA SOFTWARE INC,45,-0.02200371238289387,0.005967,-0.4410714285714286,6028.87467,1.2725045210861208,1.8165557303673858
2023-01-31,16434,GOLF,ACUSHNET HOLDINGS CORP,25,0.015425875205156073,0.102241,0.0801232993197279,2981.07414,0.7539717587223735,0.802968700554137
2023-01-31,16597,AYX,ALTERYX INC,45,-0.0005633740570054958,0.091619,-0.2967474489795919,3101.3080200000004,0.5725021451414811,1.2060779674288347
2023-01-31,16736,VST,VISTRA CORP,55,-0.02873667,-0.00954,-0.10795068027210883,9232.532799999999,0.9044031510455193,0.7016400470940081
2023-01-31,16932,ROKU,ROKU INC,50,-0.00877099534938532,0.40926999999999997,-0.5269557823129253,4833.8169,1.6672318629730896,1.643056103070812
2023-01-31,17104,APLS,APELLIS PHARMACEUTICALS INC,35,-0.022501339367665883,0.016219,-0.5176658163265306,5728.02012,1.1327219214728452,0.9325365699676155
2023-01-31,17341,ZS,ZSCALER INC,45,-0.009525606635852193,0.10605600000000001,-0.34347363945578235,16137.3228,0.9499756784729751,1.3702279656046068
2023-01-31,17949,BE,BLOOM ENERGY CORP,20,-0.02684085,0.30036399999999996,-0.46354166666666663,3429.72648,2.9666185520041988,1.5918188257402817
2023-01-31,18727,CHWY,CHEWY INC,25,-0.01475126645898083,0.211704,-0.44034863945578234,4158.8928,0.7496556808939496,1.3801335450800767
2023-01-31,18777,KRTX,KARUNA THERAPEUTICS INC,35,-0.03,0.011201,-0.4390093537414966,6774.141,0.9883353329940433,0.35849944696117714
2023-01-31,18937,CHPT,CHARGEPOINT HOLDINGS INC,20,-0.03,0.270366,-0.4694302721088435,3256.24852,1.9391032162349844,1.2671998210183484
2023-01-31,18940,PTON,PELOTON INTERACTIVE INC,25,-0.020830079999999997,0.624957,-0.45701530612244895,2576.7761400000004,1.8474680194222153,1.4937135313909051
2023-01-31,19561,BA,BOEING CO,20,-0.03,0.114663,-0.45282738095238095,113528.80167,1.4043524988816174,1.1910003285564392
2023-01-31,20765,AJRD,AEROJET ROCKETDYNE HOLDINGS INC,20,-0.003705792912924723,-0.003685,-0.26753826530612246,4504.21069,0.5361486147792698,0.5929121081522302
2023-01-31,21020,AAL,AMERICAN AIRLINES GROUP INC,20,-0.0070579761706174565,0.265362,-0.3440263605442177,8276.16624,1.4453574672592058,1.2076823479305034
2023-01-31,21936,PFE,PFIZER INC,35,0.03,-0.133694,0.148703231292517,287626.2606,0.6013583409173734,0.4889213719947779
2023-01-31,22111,JNJ,JOHNSON & JOHNSON,35,0.004517778352644898,-0.0784,0.25484693877551023,461848.5986,0.5200588703320931,0.33417910206199836
2023-01-31,23835,MDU,M D U RESOURCES GROUP INC,20,-0.02901468,0.015281000000000001,-0.1876913265306122,6169.66934,0.6962068379862465,0.5736482523231613
2023-01-31,25487,CAR,AVIS BUDGET GROUP INC,20,0.020639640625139996,0.216771,0.07769982993197279,6393.27,2.231191857604613,1.4006737488688275
2023-01-31,32651,HL,HECLA MINING CO,15,-0.03,0.10620600000000001,-0.4796981292517006,3370.8667599999994,2.0182305249699737,0.9521928438517655
2023-01-31,35991,ROG,ROGERS CORP,45,-0.03,0.166177,-0.44632227891156456,2245.02408,1.0092808319549764,0.889336352976688
2023-01-31,44943,DIOD,DIODES INC,45,0.024664979999999996,0.16788899999999998,0.24598214285714293,3462.0858,1.375064810409882,1.3281556328698878
2023-01-31,49429,DDS,DILLARDS INC,25,0.02815641,0.213419,0.24668367346938774,4246.524799999999,0.856033439667193,1.135578144211788
2023-01-31,56223,LPX,LOUISIANA PACIFIC CORP,15,0.02773563,0.146663,0.1427083333333333,4244.344,1.5752671258496922,1.2451017937150979
2023-01-31,57808,VSH,VISHAY INTERTECHNOLOGY INC,45,0.03,0.05769,0.3870110544217687,2794.7817600000003,1.2803521293675442,0.9306204597849981
2023-01-31,60098,OTTR,OTTER TAIL CORP,55,0.03,0.08915300000000001,0.4097151360544218,2444.15601,0.4617835236440684,0.6520160638632466
2023-01-31,62341,PDCE,P D C ENERGY INC,10,0.026762960131492382,0.063444,0.4317602040816327,5656.3854,2.492908138858447,0.9933198466652425
2023-01-31,64936,D,DOMINION ENERGY INC,55,-0.017782625266946364,0.034328,-0.05042517006802723,51096.422999999995,0.3607834279404773,0.38556263040660066
2023-01-31,76076,CSCO,CISCO SYSTEMS INC,45,0.02590746316179463,0.026279,0.25429421768707483,195710.02692,0.9513650696026759,0.7773247924105214
2023-01-31,76095,HOLX,HOLOGIC INC,35,0.02320580696275716,0.08418300000000001,0.18416241496598637,18444.03145,0.9741115770002667,0.5996397185155932
2023-01-31,76504,CATY,CATHAY GENERAL BANCORP,40,0.029686902408381895,0.07420900000000001,0.438732993197279,2967.14618,1.1612729640954504,0.7572870983580786
2023-01-31,76573,MLI,MUELLER INDUSTRIES INC,20,0.02466581132166056,0.10751100000000001,0.24436649659863943,3355.0350000000003,1.0987678898705429,0.935082695926887
2023-01-31,77300,SMG,SCOTTS MIRACLE GRO CO,15,-0.025961579999999998,0.482191,-0.4010416666666667,2695.0443500000006,1.4439785337322981,1.2892924575350615
2023-01-31,77462,M,MACYS INC,25,0.026451149999999996,0.14080399999999998,0.11500850340136053,5598.4628,1.7595246624903038,1.3510318615713408
2023-01-31,79299,PZZA,PAPA JOHNS INTL INC,25,-0.018925253002991194,0.08615500000000001,-0.2786352040816326,2859.12016,1.0733733571560067,0.5364945837383704
2023-01-31,79841,FWRD,FORWARD AIR CORP,20,0.027901649999999997,0.024714,0.3577168367346939,2775.4942899999996,1.0976412554594253,0.9331139647034319
2023-01-31,80415,EXP,EAGLE MATERIALS INC,15,0.03,0.09608,0.37959183673469393,4894.858249999999,1.234749737587987,0.9662753682229812
2023-01-31,80575,SSD,SIMPSON MANUFACTURING CO INC,20,0.024238664311562037,0.207973,0.24196428571428572,3776.73868,1.1219399765714007,0.864769973346419
2023-01-31,80864,RS,RELIANCE STEEL & ALUMINUM CO,15,0.0014465194509306225,0.120037,0.23988095238095236,11881.40604,0.8341618391767048,0.8554224015461723
2023-01-31,84042,PAG,PENSKE AUTOMOTIVE GROUP INC,25,0.027165540000000002,0.10864900000000001,0.1331420068027211,8194.853790000001,1.2283230272647006,0.9911194444969055
2023-01-31,84373,DGX,QUEST DIAGNOSTICS INC,35,0.01063514611338997,-0.050143,0.08535289115646259,17816.48228,0.944406856099678,0.5324012890161584
2023-01-31,84519,CIEN,CIENA CORP,45,-0.013351080713758286,0.016894000000000003,-0.4225765306122449,7566.1966999999995,0.9182424647371981,0.9918728310817322
2023-01-31,84761,TTWO,TAKE TWO INTERACTIVE SOFTWR INC,50,-0.03,0.083885,-0.39241071428571433,17545.905,0.724373098501634,0.7608985363674937
2023-01-31,85002,SRPT,SAREPTA THERAPEUTICS INC,35,-0.03,-0.039083,-0.5074617346938776,11396.561000000002,1.0949367107179344,0.6634723745692399
2023-01-31,85427,GPI,GROUP 1 AUTOMOTIVE INC,25,0.001431424391508087,0.182112,0.08261054421768706,2629.9749699999998,1.4786008348013875,0.9439818932378654
2023-01-31,85593,AMG,AFFILIATED MANAGERS GROUP INC,40,0.029526479999999997,0.086818,0.21366921768707486,5967.89967,1.2729094000631946,1.1191627293754114
2023-01-31,85710,POWI,POWER INTEGRATIONS INC,45,0.012375074419471584,0.196857,0.2550595238095238,4085.2429199999997,1.1271488526418507,1.202433077856342
2023-01-31,85738,MRCY,MERCURY SYSTEMS INC,20,-0.02057355838121437,0.11372700000000001,-0.3580994897959184,2521.7701,0.9190047621281329,0.8318086625973414
2023-01-31,86047,AMKR,AMKOR TECHNOLOGY INC,45,0.03,0.21667699999999998,0.34253826530612247,5877.28218,1.6327937295494184,1.2940974336389548
2023-01-31,86594,KFY,KORN FERRY,20,0.006279194221366065,0.063069,0.2430484693877551,2668.1802,1.4848702680902914,0.8897502284067551
2023-01-31,86799,CNX,C N X RESOURCES CORP,10,-0.028289157042997375,-0.010038,-0.002763605442176853,3039.23268,1.2243146856488043,0.4311864636420681
2023-01-31,87337,PLUG,PLUG POWER INC,20,-0.012765293004145934,0.372403,-0.5481079931972789,7427.59124,1.8430999933627101,1.8152066687443977
2023-01-31,88159,EXEL,EXELIXIS INC,35,0.021225605163054672,0.094998,0.1600340136054422,5196.17404,0.674531972449447,0.5969942308252857
2023-01-31,88446,ILMN,ILLUMINA INC,35,-0.014755453426440756,0.055840999999999995,-0.4364158163265306,31947.6,1.129374420312579,1.3636643466560856
2023-01-31,88853,FLR,FLUOR CORP NEW,20,-0.01216962326005258,0.056794,-0.17125850340136056,4924.770079999999,2.2829236098879155,0.8296269708479839
2023-01-31,89301,GME,GAMESTOP CORP NEW,25,-0.03,0.181218,-0.3469175170068027,5622.50988,1.3299768668649912,0.5716502872634607
2023-01-31,89533,WYNN,WYNN RESORTS LTD,25,-0.00596178040590377,0.253193,-0.34196428571428567,9349.54143,1.898696091675711,1.360311226005997
2023-01-31,89946,AEL,AMERICAN EQUITY INVT LIFE HLDG C,40,0.03,0.040992,0.30425170068027213,3909.7252399999998,0.8924324544077161,1.0817697325178126
2023-01-31,90125,CORT,CORCEPT THERAPEUTICS INC,35,0.0211460479314,0.122048,0.3190476190476191,2190.1288499999996,0.6621516552144264,0.47207325156794094
2023-01-31,90126,CYTK,CYTOKINETICS INC,35,-0.03,-0.0764,-0.562797619047619,4345.29388,0.9181938991512301,0.8090783174764999
2023-01-31,90178,ALNY,ALNYLAM PHARMACEUTICALS INC,35,-0.03,-0.050845,-0.4917304421768708,29450.77625,0.5598127354888608,0.974184967053238
2023-01-31,90312,WLK,WESTLAKE CORP,15,0.0027534613689113112,0.19358799999999998,0.239562074829932,13077.74652,1.1821837083233757,0.9762978932191597
2023-01-31,90319,GOOGL,ALPHABET INC,50,0.0005942091904699383,0.116748,0.04689625850340135,525497.88,1.0377606021406305,1.1568088807663885
2023-01-31,90505,LVS,LAS VEGAS SANDS CORP,25,-0.03,0.223871,-0.4144770408163265,36733.45962,1.0843643327322754,1.2830115536821427
2023-01-31,90564,PBH,PRESTIGE CONSUMER HEALTHCARE INC,35,0.011248770403114535,0.046973,0.26349914965986393,3100.3276,0.5410910017468993,0.4676262654327767
2023-01-31,90829,CF,C F INDUSTRIES HOLDINGS INC,15,0.014025969180158065,-0.009375,0.3665603741496599,16715.3028,1.059684745120374,0.954540255811578
2023-01-31,91413,EVR,EVERCORE INC,40,0.018264157591618105,0.18653799999999998,0.12414965986394556,4236.44904,1.5046341291405787,1.1567307471341206
2023-01-31,91463,CVLT,COMMVAULT SYSTEMS INC,45,0.0011629065154199459,-0.013213,0.22891156462585036,2812.8440800000003,0.5773120728225506,0.7590193374278688
2023-01-31,91575,HRI,HERC HOLDINGS INC,20,0.02008391144915196,0.177006,0.17850765306122446,3849.4750599999998,2.4217484635225537,1.4214805302575875
2023-01-31,91611,FSLR,FIRST SOLAR INC,45,-0.03,0.18215399999999998,-0.44264455782312934,15968.962109999999,1.330054681559143,1.0378453929738467
2023-01-31,93002,AVGO,BROADCOM INC,45,0.03,0.04278,0.23218537414965987,233652.59918000002,1.0644041482453688,1.0413548499183083
2023-01-31,93263,CELH,CELSIUS HOLDINGS INC,30,-0.00047057484776295177,-0.039262000000000005,-0.4623724489795918,7946.783280000001,2.0055874281666815,1.449466338977257
2023-02-28,10258,CLDX,CELLDEX THERAPEUTICS INC,35,-0.02847406838609701,-0.032274,-0.23465585718380216,2079.6760600000002,2.28616683037809,0.48926089752974866
2023-02-28,11691,MATX,MATSON INC,20,0.026814710730445553,0.0070019999999999995,0.2524464643983131,2498.07972,1.1892766065331801,0.9346912438693004
2023-02-28,12591,APO,APOLLO GLOBAL MANAGEMENT INC NEW,40,-0.009999999999999995,0.003854,-0.22986529091430205,40506.26152,1.6587421661876467,1.2078581491305778
2023-02-28,13116,CIVI,CIVITAS RESOURCES INC,10,0.01125715496596083,0.050945,0.3957130573639602,5664.13705,1.7040799786263807,0.8350512753914474
2023-02-28,13527,FIVE,FIVE BELOW INC,25,-0.03,0.032922,-0.4498628342136511,10948.00881,1.1454293969700096,1.270784816735867
2023-02-28,13688,PCG,P G & E CORP,55,-0.02923062,-0.021060000000000002,-0.08371207468369979,31604.43,1.0996482271247365,0.35920697542096197
2023-02-28,13766,BCC,BOISE CASCADE CO,20,0.03,-0.079594,0.3283585145150063,2957.41656,1.4880203746431786,1.2991103581114458
2023-02-28,13837,EVTC,EVERTEC INC,45,0.02670864534599656,-0.005625,0.3456987266101625,2408.5618799999997,0.9274892509128254,0.6973871270843535
2023-02-28,13901,MO,ALTRIA GROUP INC,30,0.007928535171661442,0.027412,0.4436187200589608,80719.47192,0.5658255686251356,0.45452734475492174
2023-02-28,14054,MRTX,MIRATI THERAPEUTICS INC,35,-0.011217237262080345,-0.145184,-0.582688449412439,3090.0355499999996,1.052594046944109,1.1629138631247782
2023-02-28,14136,RNG,RINGCENTRAL INC,45,-0.00471438789191181,-0.156922,-0.42025959136879176,3353.26245,0.9109359179008235,1.5522429939565872
2023-02-28,14328,AMC,A M C ENTERTAINMENT HOLDINGS INC,50,-0.007639299383971754,0.331129,-0.4202186463579413,2765.08865,2.2569596752645658,0.8180138186312754
2023-02-28,14432,ITCI,INTRA CELLULAR THERAPIES INC,35,-0.004364017325014748,0.019714000000000002,-0.1467673913933587,4544.2536,1.0897413336059592,0.4153678803689855
2023-02-28,14479,IBP,INSTALLED BUILDING PRODUCTS INC,25,0.03,0.044601999999999996,0.237419645416206,3148.9042700000005,1.6889482636802502,1.2396768878592017
2023-02-28,14521,TNET,TRINET GROUP INC,20,0.0027115158636823607,0.094893,0.2563362404291037,4695.2535,1.152874118779944,0.8358474222862505
2023-02-28,14593,AAPL,APPLE INC,45,0.014907789973585453,0.019729000000000003,0.16482414117839742,2282948.58834,1.2354411026128336,1.036615891875337
2023-02-28,14596,FIVN,FIVE 9 INC,45,-0.02150275738984646,-0.16567400000000002,-0.28293002497645664,5597.08266,0.665265356093401,1.2130935514213173
2023-02-28,14617,ARES,ARES MANAGEMENT CORP,40,-0.03,-0.031887,-0.5007165376898824,14392.125799999998,1.2857680000758906,1.3388203609188079
2023-02-28,15067,FRPT,FRESHPET INC,30,-0.03,-0.021609000000000003,-0.5443639192564386,3046.93296,0.9705714136369219,1.308051992033652
2023-02-28,15071,SYNH,SYNEOS HEALTH INC,35,0.01618319088208712,0.11626,0.02200794333210499,3696.5631200000003,1.6087511868404638,1.6090753781943496
2023-02-28,15272,SEDG,SOLAREDGE TECHNOLOGIES INC,45,-0.03,-0.007242,-0.525652049297793,17913.724290000002,1.336891648166671,1.48027018505586
2023-02-28,15284,BPMC,BLUEPRINT MEDICINES CORP,35,-0.007815696469659182,-0.09694599999999999,-0.4043319821479753,2802.4836600000003,0.6969813017605548,1.1168298853571887
2023-02-28,15429,LNTH,LANTHEUS HOLDINGS INC,35,0.03,0.282811,0.09697825819923843,3881.94,0.8181196601728975,1.3230396346592526
2023-02-28,16044,NGVT,INGEVITY CORP,15,0.03,-0.001994,0.3533759161446178,3080.9476799999998,1.7617474978855563,0.9434356276341964
2023-02-28,16119,ATKR,ATKORE INC,20,0.03,0.11762500000000001,0.1272366212177046,5192.41625,2.192787772601877,1.1912892534609072
2023-02-28,16140,TWLO,TWILIO INC,45,-0.010773356010214098,0.119712,-0.49426769848094004,10443.456320000001,1.4693974660607236,1.757953441203161
2023-02-28,16260,MEDP,MEDPACE HOLDINGS INC,35,0.03,-0.126443,0.16521311878147646,6873.50844,1.363796084631254,1.3657062647915932
2023-02-28,16597,AYX,ALTERYX INC,45,-0.0006149898247342823,0.17351899999999998,-0.26188428939933667,3396.3209400000005,0.5751448688035506,1.1956287355572996
2023-02-28,16736,VST,VISTRA CORP,55,-0.0284625221682,-0.049851,-0.09407116242885803,9176.819239999999,0.8791450262979371,0.7171044098086139
2023-02-28,16932,ROKU,ROKU INC,50,-0.01236070061602825,0.12159299999999999,-0.5904065839577447,7054.33,1.838419980521608,1.6664801139454049
2023-02-28,17104,APLS,APELLIS PHARMACEUTICALS INC,35,-0.022866288590870056,0.238348,-0.4895180772222904,5841.00756,1.1884785809243523,0.9309180928069204
2023-02-28,17341,ZS,ZSCALER INC,45,-0.010535854373224133,0.052848,-0.32866560209638457,18014.00192,0.95573262820483,1.355842516168722
2023-02-28,17949,BE,BLOOM ENERGY CORP,20,-0.03,-0.133414,-0.46685501371657867,4471.91847,2.9946665555193706,1.5985702206455863
2023-02-28,18727,CHWY,CHEWY INC,25,-0.01787416857341291,-0.10353899999999999,-0.4354911354051509,5053.9296,0.8076963146584943,1.3887617676328599
2023-02-28,18777,KRTX,KARUNA THERAPEUTICS INC,35,-0.03,-0.0033,-0.39118863366498796,6873.770859999999,0.9372017051331915,0.3573058666358947
2023-02-28,18937,CHPT,CHARGEPOINT HOLDINGS INC,20,-0.03,-0.0677,-0.4739385005937026,4148.0437600000005,1.9907066028484908,1.2930613845896546
2023-02-28,18940,PTON,PELOTON INTERACTIVE INC,25,-0.03,-0.004223,-0.45428489538549727,4229.73918,2.049046982769466,1.4827641354568932
2023-02-28,19561,BA,BOEING CO,20,-0.03,-0.057206,-0.2731032223723539,127425.12,1.3805057272785557,1.178597761414354
2023-02-28,20765,AJRD,AEROJET ROCKETDYNE HOLDINGS INC,20,-0.003692137066040595,0.004061,-0.19598329443557302,4503.405360000001,0.5609219306897545,0.48907678251822545
2023-02-28,21020,AAL,AMERICAN AIRLINES GROUP INC,20,-0.008930894843204846,-0.013363,-0.29740408631208287,10501.36188,1.5092922343158086,1.229181661873254
2023-02-28,21936,PFE,PFIZER INC,35,0.02598918,-0.084745,0.21346681406870574,247883.99039999995,0.5495458512930352,0.47936858602213955
2023-02-28,23835,MDU,M D U RESOURCES GROUP INC,20,-0.029458053325080003,0.026961,-0.16001310240347213,6285.57941,0.700258835230655,0.58296186756157
2023-02-28,25487,CAR,AVIS BUDGET GROUP INC,20,0.025113716163092218,0.09463,0.06921754084264829,7801.5599999999995,2.276106684719297,1.4105329143062169
2023-02-28,32651,HL,HECLA MINING CO,15,-0.03,-0.168766,-0.4488187364369652,3740.6920699999996,2.0465502460198706,0.9435174397325988
2023-02-28,35991,ROG,ROGERS CORP,45,-0.03,0.051067,-0.31797895426442285,2625.9670800000004,1.05040381274771,0.9072933726501261
2023-02-28,44943,DIOD,DIODES INC,45,0.028805958827219993,0.024579999999999998,0.22914875322441963,4055.4692999999997,1.4220343361812129,1.3037316158534946
2023-02-28,49429,DDS,DILLARDS INC,25,0.03,-0.097269,0.24004012611063336,5167.700089999999,0.8834899016708724,1.0840428417776253
2023-02-28,56223,LPX,LOUISIANA PACIFIC CORP,15,0.03,-0.144146,0.14216107767268565,4881.71255,1.5778509829981575,1.2302167834967044
2023-02-28,57808,VSH,VISHAY INTERTECHNOLOGY INC,45,0.03,-0.075971,0.41266429185603737,2965.81152,1.275537811007134,0.9235971802740078
2023-02-28,60098,OTTR,OTTER TAIL CORP,55,0.03,0.109154,0.4345698726610162,2670.6928000000003,0.49696929092095193,0.6672417437656731
2023-02-28,62341,PDCE,P D C ENERGY INC,10,0.03,-0.012604,0.46294476518036276,6035.081650000001,2.493935492091841,0.9925560466271608
2023-02-28,64936,D,DOMINION ENERGY INC,55,-0.018393067227110097,-0.129471,-0.025713466814068695,53029.621,0.3839667143728395,0.3975185734493077
2023-02-28,66384,WDC,WESTERN DIGITAL CORP,45,-0.03,-0.12791,-0.542193833681366,14034.201900000002,1.6081662583067617,1.195699093324015
2023-02-28,76076,CSCO,CISCO SYSTEMS INC,45,0.026588285386223428,-0.008587000000000001,0.25873152356385376,199303.65,0.9298998798111906,0.7790757911528928
2023-02-28,76504,CATY,CATHAY GENERAL BANCORP,40,0.03,-0.019534000000000003,0.42959505384268926,3197.7383200000004,1.167672997132201,0.7509423032350545
2023-02-28,76573,MLI,MUELLER INDUSTRIES INC,20,0.027317657362663606,0.125002,0.2044589116816116,3727.50075,1.1415870196268196,0.9630309771104895
2023-02-28,77300,SMG,SCOTTS MIRACLE GRO CO,15,-0.03,0.14845899999999998,-0.48126765753592926,4004.0183500000003,1.6257610951833514,1.3795669233346235
2023-02-28,77462,M,MACYS INC,25,0.03,-0.137602,0.054845842034148155,6406.376560000001,1.7841616590427907,1.3093433888746249
2023-02-28,79299,PZZA,PAPA JOHNS INTL INC,25,-0.03,-0.063229,-0.2930639151619375,3115.4718399999997,1.0534831855411813,0.5394759512093675
2023-02-28,79785,NVR,N V R INC,25,0.022403578221410068,-0.021738,0.45459198296687553,16842.920000000002,0.9484506616702073,0.8555225394137882
2023-02-28,79841,FWRD,FORWARD AIR CORP,20,0.028591211378099994,-0.046473,0.3303238750358269,2853.8188499999997,1.0834407263018073,0.9128066498509965
2023-02-28,80415,EXP,EAGLE MATERIALS INC,15,0.03,-0.04288,0.22669205257339392,5266.47616,1.2596421761925467,0.9837282551035185
2023-02-28,80575,SSD,SIMPSON MANUFACTURING CO INC,20,0.02752101288527808,0.0035520000000000005,0.2128731114113745,4562.67178,1.1726908478480058,0.8611005856910379
2023-02-28,84042,PAG,PENSKE AUTOMOTIVE GROUP INC,25,0.03,0.12925,0.16441469106989318,9113.94946,1.2305787316999517,0.9999863807951227
2023-02-28,84519,CIEN,CIENA CORP,45,-0.013576633871336518,-0.076499,-0.30153953240797604,7720.5483,0.9125258617932102,0.9985077932579074
2023-02-28,84761,TTWO,TAKE TWO INTERACTIVE SOFTWR INC,50,-0.03,-0.03595,-0.3676043074151415,19099.07025,0.7072698271945529,0.7144383464907601
2023-02-28,85002,SRPT,SAREPTA THERAPEUTICS INC,35,-0.03,-0.026175999999999998,-0.4721778651271343,10991.1115,1.0293309059606481,0.618105132591728
2023-02-28,85593,AMG,AFFILIATED MANAGERS GROUP INC,40,0.03,-0.080562,0.22853457806166316,6506.94306,1.2991482063981228,1.1056034113319855
2023-02-28,85710,POWI,POWER INTEGRATIONS INC,45,0.014811194444465502,-0.04584,0.2189943905335135,4906.01083,1.1769854949514746,1.1915521348948213
2023-02-28,85738,MRCY,MERCURY SYSTEMS INC,20,-0.022913327455234736,0.043664,-0.26104491667690294,2904.5283799999997,0.9651677920187977,0.844626787518178
2023-02-28,86047,AMKR,AMKOR TECHNOLOGY INC,45,0.03,-0.120499,0.23971256602383004,7171.362660000001,1.6887628004655777,1.297017702316314
2023-02-28,86594,KFY,KORN FERRY,20,0.006675216721713402,0.031742,0.3286860746018098,2845.8129000000004,1.475395230976183,0.8612200162225543
2023-02-28,87337,PLUG,PLUG POWER INC,20,-0.017519126414768892,-0.129772,-0.556954510092945,10219.69304,1.9907604439477526,1.8522188026928408
2023-02-28,88159,EXEL,EXELIXIS INC,35,0.013347547545211818,-0.034097,0.15733120419276908,5710.41294,0.7012456739190298,0.5891442202340681
2023-02-28,88446,ILMN,ILLUMINA INC,35,-0.010104000078169133,-0.073478,-0.4605290095401876,33843.6,1.123375976203211,1.3104423511147876
2023-02-28,88853,FLR,FLUOR CORP NEW,20,-0.012860784843484005,-0.005627,-0.1711706178602137,5221.7339999999995,2.2409947143752733,0.8356367688554317
2023-02-28,89301,GME,GAMESTOP CORP NEW,25,-0.03,-0.124163,-0.34141997297629284,6661.12086,1.388478539122085,0.596866550492322
2023-02-28,89533,WYNN,WYNN RESORTS LTD,25,-0.007471261472215763,0.042189,-0.36408303648200463,11749.56316,1.970658063096346,1.3741626492215386
2023-02-28,89946,AEL,AMERICAN EQUITY INVT LIFE HLDG C,40,0.03,-0.129368,0.45719199115587766,4083.7003,0.8805362080867797,1.078888190889379
2023-02-28,90125,CORT,CORCEPT THERAPEUTICS INC,35,0.023726880789331505,-0.092251,0.3180403717806985,2465.1081,0.6264608565757408,0.4564493082925994
2023-02-28,90126,CYTK,CYTOKINETICS INC,35,-0.027708,0.017265999999999997,-0.49054170249355117,4028.54832,0.8537076790127578,0.7851846633246724
2023-02-28,90178,ALNY,ALNYLAM PHARMACEUTICALS INC,35,-0.028474649999999997,-0.15782300000000002,-0.36293657617819264,28056.62,0.5337058894017469,0.9640355170013791
2023-02-28,90312,WLK,WESTLAKE CORP,15,0.0032864984483961146,-0.029951,0.17518322892355562,15655.289499999999,1.2208391249023798,0.9889326394891765
2023-02-28,90505,LVS,LAS VEGAS SANDS CORP,25,-0.03,-0.029382,-0.3858453097490071,45085.794,1.1185897792150974,1.2429187706298752
2023-02-28,90564,PBH,PRESTIGE CONSUMER HEALTHCARE INC,35,0.011777158895260034,-0.08724,0.35001842525488275,3256.8297600000005,0.5668203841186683,0.4509537192246848
2023-02-28,90829,CF,C F INDUSTRIES HOLDINGS INC,15,0.013894475719094083,0.015342,0.3695082504196864,16617.2083,1.0497460863626116,0.945379789970505
2023-02-28,91575,HRI,HERC HOLDINGS INC,20,0.023638884279120552,-0.074892,0.13624452360479877,4544.352559999999,2.447779994470374,1.4188602320027575
2023-02-28,91611,FSLR,FIRST SOLAR INC,45,-0.03,-0.051085,-0.4762314212013266,18933.7584,1.3789123011584012,1.0821387777212477
2023-02-28,93002,AVGO,BROADCOM INC,45,0.03,0.012412999999999999,0.27901977644024073,243949.16999999998,1.0519636829568637,1.0209721415525124
2023-02-28,93263,CELH,CELSIUS HOLDINGS INC,30,-0.00045209913809008274,-0.09834599999999999,-0.4624329525447325,7662.64224,1.9577535673603617,1.4049580970022086
2023-03-31,10258,CLDX,CELLDEX THERAPEUTICS INC,35,-0.027555096303004116,-0.16278700000000002,-0.28088217073472926,2019.9875299999999,2.2546678202916053,0.4917448288494303
2023-03-31,11691,MATX,MATSON INC,20,0.027002467334980133,-0.10648,0.21469871556601827,2512.81431,1.1536481579329994,0.9455768027403367
2023-03-31,12591,APO,APOLLO GLOBAL MANAGEMENT INC NEW,40,-0.010038539999999995,-0.112806,-0.22145128649898815,40574.935600000004,1.6489969587597093,1.213908378307459
2023-03-31,13116,CIVI,CIVITAS RESOURCES INC,10,0.011830650725701705,0.0027519999999999997,0.2794160161896501,5972.23887,1.701211168376027,0.8515789392393764
2023-03-31,13527,FIVE,FIVE BELOW INC,25,-0.03,0.004536,-0.35167059017882957,11346.2091,1.1503267953105614,1.267632142337311
2023-03-31,13688,PCG,P G & E CORP,55,-0.0286150231428,0.031573,-0.09934745797711975,31047.874,1.1006095709014554,0.3442893511869179
2023-03-31,13748,TPH,TRI POINTE HOMES INC,25,0.03,0.058442999999999995,0.3553256515095198,2408.62672,1.3801981923022766,1.0864141476823368
2023-03-31,13766,BCC,BOISE CASCADE CO,20,0.02761218,-0.08843000000000001,0.2100318010985834,2727.0806000000002,1.4857382516266635,1.1482039632948873
2023-03-31,13837,EVTC,EVERTEC INC,45,0.02655840921592533,-0.086768,0.2532523850823937,2400.0856200000003,0.9398786103775132,0.7160028362970949
2023-03-31,13901,MO,ALTRIA GROUP INC,30,0.008145872177787027,-0.021835999999999998,0.3626770742989303,83210.59239,0.53838740262616,0.45856740825858705
2023-03-31,14054,MRTX,MIRATI THERAPEUTICS INC,35,-0.009588673887422473,-0.192556,-0.364308429356131,2660.46192,1.0922450980587857,1.1814747484627255
2023-03-31,14136,RNG,RINGCENTRAL INC,45,-0.003974596715137225,-0.075369,-0.36637343575765086,2838.6316,0.9790854575748931,1.6424484689225645
2023-03-31,14167,ISEE,IVERIC BIO INC,35,-0.0034488626709449676,0.167199,-0.58898112584149,2849.3951600000005,1.0882205583088347,1.126545337711869
2023-03-31,14328,AMC,A M C ENTERTAINMENT HOLDINGS INC,50,-0.03,-0.301957,-0.4523190021889068,3695.5212,2.243460316160585,0.849538630477252
2023-03-31,14432,ITCI,INTRA CELLULAR THERAPIES INC,35,-0.004450049562560089,0.100788,-0.2189732788171643,4671.5784,1.1208727294995342,0.4108615697679519
2023-03-31,14479,IBP,INSTALLED BUILDING PRODUCTS INC,25,0.03,-0.004065,0.2966794697063561,3300.21414,1.6474403588115103,1.2579693494908684
2023-03-31,14596,FIVN,FIVE 9 INC,45,-0.03,0.091665,-0.46673274687151534,4695.965999999999,0.735576637337952,1.2415806709818191
2023-03-31,14601,NAVI,NAVIENT CORP,40,0.03,-0.109843,0.39800933382893483,2327.3850500000003,1.4893630678682255,1.0363646800858086
2023-03-31,14617,ARES,ARES MANAGEMENT CORP,40,-0.02904339,0.041659999999999996,-0.34869698096064106,13982.854599999999,1.2888860591929254,1.3292448405914832
2023-03-31,15067,FRPT,FRESHPET INC,30,-0.02935173,0.060852,-0.3655061330690126,2987.62464,0.9976710298423621,1.3346881617653756
2023-03-31,15071,SYNH,SYNEOS HEALTH INC,35,0.01806464865403857,-0.118009,-0.1620410523272622,4152.35302,1.6171460400971265,1.6670269324829918
2023-03-31,15272,SEDG,SOLAREDGE TECHNOLOGIES INC,45,-0.02978274,-0.047580000000000004,-0.5072068723413043,17850.254240000002,1.4349814993701637,1.4677581049769515
2023-03-31,15284,BPMC,BLUEPRINT MEDICINES CORP,35,-0.007057995959711603,0.058198,-0.4469086854169247,2541.5220799999997,0.7410147719977394,1.1418832937984804
2023-03-31,16044,NGVT,INGEVITY CORP,15,0.029940179999999997,-0.137359,0.1035807211002354,3085.43232,1.7772787679228406,0.980843540796965
2023-03-31,16076,GMS,G M S INC,20,0.006145474118888501,-0.050088,0.3279023664973361,2526.87162,1.8008045047748198,1.1723380593368988
2023-03-31,16119,ATKR,ATKORE INC,20,0.017997384319271784,-0.041578000000000004,0.036282162474703714,5768.520100000001,2.162860263224667,1.2190850820824897
2023-03-31,16140,TWLO,TWILIO INC,45,-0.012063056004908848,-0.012268000000000001,-0.45013009540329574,11729.69083,1.525103259236338,1.7713165322302982
2023-03-31,16260,MEDP,MEDPACE HOLDINGS INC,35,0.03,-0.033708,0.2453640606285879,6019.974,1.3596399805900217,1.3193408418592223
2023-03-31,16597,AYX,ALTERYX INC,45,-0.0007217022441323503,-0.102704,-0.2686573328377318,4025.51247,0.6045805782942406,1.1839033215436283
2023-03-31,16736,VST,VISTRA CORP,55,-0.02704363697559306,0.096369,-0.051583859909965724,8751.00846,0.8846672595620921,0.714980154274446
2023-03-31,16932,ROKU,ROKU INC,50,-0.016538106510245346,0.01383,-0.6265229422211209,7936.42796,1.824555438225767,1.6714317313894436
2023-03-31,17104,APLS,APELLIS PHARMACEUTICALS INC,35,-0.02831642274392675,0.0036919999999999995,-0.40540205674637597,7549.778520000001,1.1745402762668764,0.9199087100914659
2023-03-31,17341,ZS,ZSCALER INC,45,-0.011092653205140282,-0.112826,-0.31627638045677947,19032.488,0.9466815199150244,1.3421489407044613
2023-03-31,17949,BE,BLOOM ENERGY CORP,20,-0.02599758,-0.08478100000000001,-0.3756659645644901,4129.90614,3.0081739760175363,1.552542765810685
2023-03-31,18727,CHWY,CHEWY INC,25,-0.01602349503349031,-0.081813,-0.4037707016891752,4548.088,0.82879012501833,1.3788687400894166
2023-03-31,18777,KRTX,KARUNA THERAPEUTICS INC,35,-0.03,-0.092797,-0.5044397637632676,6882.9812999999995,0.9497511429465036,0.3610487008261817
2023-03-31,18937,CHPT,CHARGEPOINT HOLDINGS INC,20,-0.03,-0.081983,-0.45956717465824143,3881.53024,1.9993166153722863,1.318196272208135
2023-03-31,18940,PTON,PELOTON INTERACTIVE INC,25,-0.02987331,-0.12592899999999999,-0.45357865609383385,4226.46792,2.036043622256841,1.4932593402364949
2023-03-31,19561,BA,BOEING CO,20,-0.02828382,0.050344,-0.24908107215132366,120575.27200000001,1.4033454525157643,1.193911761234054
2023-03-31,20765,AJRD,AEROJET ROCKETDYNE HOLDINGS INC,20,-0.0037071308346657865,-0.006655,-0.0968075001032503,4545.342180000001,0.5572196345674043,0.45851385318614096
2023-03-31,21020,AAL,AMERICAN AIRLINES GROUP INC,20,-0.0088115512954151,-0.080609,-0.2021228265807624,10409.867380000002,1.5193942068237336,1.2213007069784887
2023-03-31,21207,NEM,NEWMONT CORP,15,-0.012911110105950141,0.131081,-0.19340849956634867,34614.95779,0.24997491319556678,0.43102011410040986
2023-03-31,21936,PFE,PFIZER INC,35,0.0237867269409,0.0020310000000000003,0.2690083839259902,227732.18954999998,0.5637412587446019,0.46731262286122055
2023-03-31,25487,CAR,AVIS BUDGET GROUP INC,20,0.027490227123605635,-0.116813,-0.021063065295502385,8670.199859999999,2.268032266400689,1.4116618239426462
2023-03-31,32651,HL,HECLA MINING CO,15,-0.02493702,0.226986,-0.3380828480568289,3130.2833,2.076247272161987,0.9332134350900883
2023-03-31,35991,ROG,ROGERS CORP,45,-0.03,0.10661999999999999,-0.1825052657663239,2769.1264,1.0060079446407586,0.9219779954340452
2023-03-31,44943,DIOD,DIODES INC,45,0.029514009295193062,0.008032,0.22209143848345933,4170.70303,1.438720239428106,1.3210777269764717
2023-03-31,49429,DDS,DILLARDS INC,25,0.027081929999999997,-0.139784,0.16716226820303146,4682.87099,0.9510937885681557,1.1187589610444282
2023-03-31,56223,LPX,LOUISIANA PACIFIC CORP,15,0.02567562,-0.073256,0.18948498740346095,4199.49674,1.6011482552901184,1.2591224943455464
2023-03-31,57808,VSH,VISHAY INTERTECHNOLOGY INC,45,0.027720869999999998,0.066764,0.19888076653037626,2750.7286400000003,1.2558195538688124,0.9921438398697823
2023-03-31,60098,OTTR,OTTER TAIL CORP,55,0.021670358538541986,0.015829000000000003,0.10754553339115348,2951.29248,0.46524061777470593,0.6967237910578482
2023-03-31,62341,PDCE,P D C ENERGY INC,10,0.02962188,-0.041669000000000005,0.25027877586420516,5931.78579,2.508988772730149,0.9686749069189549
2023-03-31,64936,D,DOMINION ENERGY INC,55,-0.016011698420148927,0.013778,-0.19749721224135794,46442.7,0.40091683611639506,0.40881144680418086
2023-03-31,66384,WDC,WESTERN DIGITAL CORP,45,-0.0261627,-0.024687999999999998,-0.433403543550985,12287.510559999999,1.6329364553956152,1.2062963151168087
2023-03-31,76076,CSCO,CISCO SYSTEMS INC,45,0.026359971779611927,0.075978,0.1927476975178623,198319.74966,0.9536718213782474,0.7803574119267862
2023-03-31,76136,KMPR,KEMPER CORP DE,40,-0.024034149999999994,-0.1163,-0.27563705447486897,3939.936,0.8726841152574965,0.8371334165768811
2023-03-31,76504,CATY,CATHAY GENERAL BANCORP,40,0.029413979999999996,-0.199351,0.44071366621236524,3114.10352,1.1627496864110252,0.7489650331747094
2023-03-31,76573,MLI,MUELLER INDUSTRIES INC,20,0.03,-0.0061790000000000005,0.20864824680956515,4206.30405,1.076222193742265,1.0050473357679641
2023-03-31,77300,SMG,SCOTTS MIRACLE GRO CO,15,-0.03,-0.158305,-0.34539297071820924,4616.37,1.6068769134294416,1.4262036944308105
2023-03-31,77462,M,MACYS INC,25,0.02587194,-0.141246,0.15710568702762978,5546.9515200000005,1.847284238463993,1.309625277171037
2023-03-31,79299,PZZA,PAPA JOHNS INTL INC,25,-0.02810313,-0.111083,-0.12224837896997479,2909.62305,1.0432600583484883,0.5643292895342398
2023-03-31,79785,NVR,N V R INC,25,0.03,0.073401,0.46559699335067933,16534.88952,0.9307549693883376,0.8532119532013243
2023-03-31,79841,FWRD,FORWARD AIR CORP,20,0.027262492011725554,0.042855,0.14232024119274775,2718.4481899999996,1.069368509599909,0.9714053195258974
2023-03-31,80415,EXP,EAGLE MATERIALS INC,15,0.0287136,0.044114,0.32104654524429016,5058.81664,1.2472813978252142,0.9968804713379851
2023-03-31,80575,SSD,SIMPSON MANUFACTURING CO INC,20,0.012568286361867829,0.012865,0.14219634080865654,4594.62028,1.162599585831822,0.8695507361944989
2023-03-31,84042,PAG,PENSKE AUTOMOTIVE GROUP INC,25,0.03,-0.019871,0.133296163218106,9956.7288,1.1843500452128326,1.0118193300263658
2023-03-31,84519,CIEN,CIENA CORP,45,-0.012538034956813146,0.085537,-0.30045843142113743,7156.5713,0.9499549041815883,1.0179909569804444
2023-03-31,84761,TTWO,TAKE TWO INTERACTIVE SOFTWR INC,50,-0.03,0.085363,-0.3841324908107215,18478.346250000002,0.6888110069927963,0.7254587276847217
2023-03-31,85002,SRPT,SAREPTA THERAPEUTICS INC,35,-0.02921472,0.124914,-0.30785115433857857,10745.24166,1.0269716982817059,0.6001917805270411
2023-03-31,85593,AMG,AFFILIATED MANAGERS GROUP INC,40,0.02758314,-0.110219,0.19109569239664645,5716.442599999999,1.3071927573536808,1.105523074291859
2023-03-31,85710,POWI,POWER INTEGRATIONS INC,45,0.014132249291131204,0.02542,0.19080659150043364,4687.18075,1.1658306312937308,1.1752856946637602
2023-03-31,85738,MRCY,MERCURY SYSTEMS INC,20,-0.03,-0.026947,-0.2842274811051914,3041.37272,0.951168363396613,0.8430435416946506
2023-03-31,86047,AMKR,AMKOR TECHNOLOGY INC,45,0.026385029999999997,0.006454999999999999,0.04960145376450668,6318.51584,1.7157332159095664,1.240269328752269
2023-03-31,86594,KFY,KORN FERRY,20,0.006887101450894028,-0.075157,0.3240614545905092,2945.9619000000002,1.461744992962958,0.8684771650850416
2023-03-31,87337,PLUG,PLUG POWER INC,20,-0.015245634341671503,-0.215474,-0.5015900549291702,8823.76878,2.009978016163687,1.8552583026051859
2023-03-31,87432,A,AGILENT TECHNOLOGIES INC,35,0.02485425203018441,-0.029207,0.151303019039359,42033.34184,0.9989168858048673,1.0329163487184962
2023-03-31,88446,ILMN,ILLUMINA INC,35,-0.009361578360425421,0.163782,-0.38809730310163965,31473.6,1.1364556416670124,1.354702569610057
2023-03-31,88853,FLR,FLUOR CORP NEW,20,-0.01278841720716972,-0.160715,-0.06449014991946478,5219.31444,2.2375985149446507,0.8235413567246451
2023-03-31,89301,GME,GAMESTOP CORP NEW,25,-0.03,0.19345,-0.3173914839136001,5857.03494,1.394322752563087,0.6054820232045466
2023-03-31,89533,WYNN,WYNN RESORTS LTD,25,-0.007786466522467074,0.029028,-0.3353983397348532,12320.36856,1.9754877714577057,1.3942982455257933
2023-03-31,89916,NXST,NEXSTAR MEDIA GROUP INC,50,0.02653810651024534,-0.07485900000000001,0.3286870689299137,6835.543000000001,1.4879371238020844,0.9070998613698036
2023-03-31,89946,AEL,AMERICAN EQUITY INVT LIFE HLDG C,40,0.026118959999999997,-0.127528,0.18704827984966751,3569.4883,0.8893674921563148,1.1245561639983546
2023-03-31,90125,CORT,CORCEPT THERAPEUTICS INC,35,0.021538052309634886,0.036208,0.17013587742122002,2247.53617,0.5640443649453518,0.41967020302890173
2023-03-31,90126,CYTK,CYTOKINETICS INC,35,-0.03,-0.192061,-0.49254532689051345,4126.18096,0.8146549662056973,0.7758037951164096
2023-03-31,90312,WLK,WESTLAKE CORP,15,0.003188064533368203,-0.030161,0.12392103415520588,15194.87732,1.2224378512063012,1.0085729006720878
2023-03-31,90505,LVS,LAS VEGAS SANDS CORP,25,-0.02911854,-0.003986,-0.3054144467847851,43922.76931,1.114198025649728,1.2394622172720264
2023-03-31,90564,PBH,PRESTIGE CONSUMER HEALTHCARE INC,35,0.010749719553237549,0.035864,0.18812208317845786,2993.702,0.5383230310575245,0.4419808856094346
2023-03-31,90829,CF,C F INDUSTRIES HOLDINGS INC,15,0.014107644765576424,-0.15965200000000002,0.20224672696485357,16814.51352,1.0455646114367325,0.9172740812986417
2023-03-31,91575,HRI,HERC HOLDINGS INC,20,0.021868520957688656,-0.210407,0.15204642134390614,4181.77157,2.4685873237620397,1.3640791366408835
2023-03-31,91611,FSLR,FIRST SOLAR INC,45,-0.03,0.282279,-0.4185354974600421,18031.84626,1.3773590798674777,1.0669178239818264
2023-03-31,93002,AVGO,BROADCOM INC,45,0.03,0.08366699999999999,0.2939330111923347,247773.76395999998,1.047187005962631,1.0205070265357905
2023-03-31,93263,CELH,CELSIUS HOLDINGS INC,30,-0.0004076369962554754,0.01993,-0.4362532523850824,6964.995599999999,1.9671664486754867,1.3966712552615401
2023-04-30,11691,MATX,MATSON INC,20,0.02412724461315145,0.136464,0.25505716798592787,2154.50469,1.1451807846194861,0.9558589663176125
2023-04-30,11995,COKE,COCA COLA CONSOLIDATED INC,30,0.03,0.09895,0.508606608870461,4478.08452,0.8007395674839378,0.6196272700422675
2023-04-30,12591,APO,APOLLO GLOBAL MANAGEMENT INC NEW,40,-0.008906132456759997,1.9999999999998318e-06,-0.25654395443313655,36042.380320000004,1.6248740644264796,1.2357284266083108
2023-04-30,13116,CIVI,CIVITAS RESOURCES INC,10,0.011863208676498838,0.006749000000000001,0.3654144155463417,5481.5514,1.6983248608347086,0.8609484997426777
2023-04-30,13600,QLYS,QUALYS INC,45,0.02251313668621363,-0.135004,0.35680780667588063,4802.02866,0.6398350765253252,0.9220884779476111
2023-04-30,13688,PCG,P G & E CORP,55,-0.02951848526848763,0.054492000000000006,-0.06244503078276163,32142.483450000003,1.1178351868403327,0.34315722996844883
2023-04-30,13748,TPH,TRI POINTE HOMES INC,25,0.03,0.129061,0.3966159902835364,2558.15556,1.398106449545814,1.082168639454705
2023-04-30,13766,BCC,BOISE CASCADE CO,20,0.0251704349226,0.07636,0.2918289567366084,2495.8450000000003,1.4724199945057386,1.135927124376795
2023-04-30,13837,EVTC,EVERTEC INC,40,0.024253989165077924,0.025693,0.2876408258994011,2193.2775,0.9339739094554533,0.7301729189645549
2023-04-30,13901,MO,ALTRIA GROUP INC,30,0.007967998912912869,0.061128999999999996,0.4557105163965322,79671.86568,0.5381488610365455,0.45199389239809645
2023-04-30,14054,MRTX,MIRATI THERAPEUTICS INC,35,-0.007742317198355952,0.18813,-0.39674163420865266,2163.39266,1.0952538849954705,1.1925807917346924
2023-04-30,14167,ISEE,IVERIC BIO INC,35,-0.03,0.348189,-0.6137705741927377,3339.2924999999996,1.0882637993851016,1.1438495187197584
2023-04-30,14328,AMC,A M C ENTERTAINMENT HOLDINGS INC,50,-0.03,0.094164,-0.43673828370398293,2601.15192,2.1936770961035297,0.7918982173275037
2023-04-30,14432,ITCI,INTRA CELLULAR THERAPIES INC,35,-0.004898561157871396,0.144098,-0.23579176613477407,5181.072,1.1353108311163738,0.43484647037514196
2023-04-30,14479,IBP,INSTALLED BUILDING PRODUCTS INC,25,0.03,0.086161,0.3188005193282239,3227.73318,1.6491523333069749,1.2469848030423913
2023-04-30,14596,FIVN,FIVE 9 INC,45,-0.03,-0.106697,-0.4422247351007246,5171.91576,0.7374862666267359,1.2513172136899506
2023-04-30,14601,NAVI,NAVIENT CORP,40,0.02670471,0.030756999999999996,0.3465887674330946,2022.17535,1.4868553542222351,1.0580025464832352
2023-04-30,14617,ARES,ARES MANAGEMENT CORP,40,-0.03,0.046096000000000005,-0.4179545168991079,14687.275679999999,1.2698871974383301,1.3261254765338841
2023-04-30,15067,FRPT,FRESHPET INC,30,-0.03,0.038360000000000005,-0.37931900992587014,3184.33471,0.9703563079740026,1.296230734064967
2023-04-30,15071,SYNH,SYNEOS HEALTH INC,35,0.015932857531024133,0.09855,-0.09963563261716299,3691.69242,1.5866376708974295,1.7348419135956248
2023-04-30,15272,SEDG,SOLAREDGE TECHNOLOGIES INC,45,-0.0283656772308,-0.063913,-0.5049210537337186,17125.454850000002,1.434680856550101,1.4800187129229776
2023-04-30,15284,BPMC,BLUEPRINT MEDICINES CORP,35,-0.007468757208574898,0.131057,-0.450517234158395,2718.11584,0.7588201466258025,1.1748173144599456
2023-04-30,16044,NGVT,INGEVITY CORP,15,0.025827626815379996,-0.0005639999999999998,0.15383004565062613,2657.0395200000003,1.7681332296244863,0.9490411047221361
2023-04-30,16076,GMS,G M S INC,20,0.0058376596112216135,-0.0007030000000000001,0.17204841479247812,2391.14645,1.7965124097021956,1.138897021060495
2023-04-30,16119,ATKR,ATKORE INC,20,0.017249089074045102,-0.104366,0.08024458684089295,5549.6624,2.1422126156508137,1.2292518128009575
2023-04-30,16140,TWLO,TWILIO INC,45,-0.011915066433840627,-0.214056,-0.44440256313607246,11837.28591,1.5432883469270098,1.7872397477146487
2023-04-30,16260,MEDP,MEDPACE HOLDINGS INC,35,0.03,0.060651000000000004,0.2673074506847594,5758.8432,1.3676960937795688,1.3399145497495935
2023-04-30,16736,VST,VISTRA CORP,55,-0.029649805227293987,-0.009472999999999999,-0.39540143234074626,9154.872,0.9101628111929014,0.8080375375010019
2023-04-30,16932,ROKU,ROKU INC,50,-0.01676682852328204,-0.149644,-0.6147966662478536,8119.555199999999,1.7858140664066835,1.6797714123819076
2023-04-30,17104,APLS,APELLIS PHARMACEUTICALS INC,35,-0.02842096697669733,0.26121700000000003,-0.33660007538635517,7663.166839999999,1.2044888004336984,0.8747038544875618
2023-04-30,17341,ZS,ZSCALER INC,45,-0.009841113514617125,-0.232434,-0.3010847258868367,16954.3696,0.9085087348760681,1.3557640383869438
2023-04-30,17949,BE,BLOOM ENERGY CORP,20,-0.02379347917002,-0.168216,-0.429953511747707,3794.79158,2.9948664463029773,1.5654736115037131
2023-04-30,18138,LTHM,LIVENT CORP,15,0.017191751056822916,0.002345,0.08334380366042633,3899.80428,1.8162655287951037,1.780413990362049
2023-04-30,18777,KRTX,KARUNA THERAPEUTICS INC,35,-0.03,0.088851,-0.5684549985341543,6792.97272,0.9317108536068367,0.36863977505485696
2023-04-30,18937,CHPT,CHARGEPOINT HOLDINGS INC,20,-0.027540509999999997,-0.17556,-0.47367759768815176,3577.4314800000006,1.983939782626398,1.3164156372182652
2023-04-30,18940,PTON,PELOTON INTERACTIVE INC,25,-0.02611139394501,-0.22057100000000002,-0.45365833228630065,3810.5348400000003,2.0209462424859668,1.5223147517585356
2023-04-30,19561,BA,BOEING CO,20,-0.02970774063408,-0.030237,-0.24575951752732755,127084.1232,1.3969984664130852,1.187174455581245
2023-04-30,20765,AJRD,AEROJET ROCKETDYNE HOLDINGS INC,20,-0.0036824598789610857,0.0006329999999999999,-0.11220002512878502,4531.627090000001,0.5604274965325439,0.43531055281198705
2023-04-30,21020,AAL,AMERICAN AIRLINES GROUP INC,20,-0.008101260957042984,-0.078894,-0.20902961008501905,9629.0655,1.5145796741050876,1.1625273394635587
2023-04-30,21207,NEM,NEWMONT CORP,15,-0.03,-0.036688,-0.2912426184193994,38911.78188,0.263501833262203,0.43965727817173744
2023-04-30,21936,PFE,PFIZER INC,35,0.023835037783316967,-0.050454,0.2744482137621979,229258.25999999998,0.5603787333743917,0.45292751322694114
2023-04-30,25487,CAR,AVIS BUDGET GROUP INC,20,0.0001501433052450209,-0.09671,0.01652217615278299,7792.0,2.2610004129815717,1.3351011655564053
2023-04-30,25590,NFG,NATIONAL FUEL GAS CO N J,55,0.003387219452914786,-0.035507,0.3394480043556561,5300.2433,0.6309227060206206,0.5677084126012488
2023-04-30,32651,HL,HECLA MINING CO,15,-0.03,-0.047874,-0.4061649285923692,3847.51326,2.0976394231822004,0.942001320610057
2023-04-30,35991,ROG,ROGERS CORP,45,-0.03,-0.018815,-0.24492189135988612,3040.94201,0.9939554355628483,0.9570780132971228
2023-04-30,44943,DIOD,DIODES INC,45,0.029751065817852054,-0.144433,0.1983917577585124,4239.78132,1.4406487944969335,1.3050520402974788
2023-04-30,49429,DDS,DILLARDS INC,25,0.03,-0.033833999999999996,0.29497005486451394,4022.60832,0.9319246391424867,1.121090957787566
2023-04-30,56223,LPX,LOUISIANA PACIFIC CORP,15,0.03,0.098371,0.2856514637517277,3890.86854,1.597921284837615,1.2223835710353508
2023-04-30,57808,VSH,VISHAY INTERTECHNOLOGY INC,45,0.02957162616468,-0.062438,0.25417766051011437,2930.8281600000005,1.2661443528192355,0.9708673422026454
2023-04-30,59328,INTC,INTEL CORP,45,-0.03,-0.052920999999999996,-0.46739540143234076,136266.57,0.825356737334563,1.013097266892983
2023-04-30,60098,OTTR,OTTER TAIL CORP,55,0.02201337864384857,-0.008067999999999999,0.22766679231059175,3012.57495,0.4796817308044639,0.7068978833709999
2023-04-30,62341,PDCE,P D C ENERGY INC,10,0.028387565882280003,0.009916000000000001,0.2630564978849939,5614.594760000001,2.496992872148368,0.9947450748908273
2023-04-30,64936,D,DOMINION ENERGY INC,55,-0.01623230760098174,0.018359999999999998,-0.20693554466641537,46695.69654,0.3905623040978927,0.4243676545817767
2023-04-30,66384,WDC,WESTERN DIGITAL CORP,45,-0.03,-0.089385,-0.45899819910373996,12054.400000000001,1.6486939118848578,1.196877311629253
2023-04-30,69649,RJF,RAYMOND JAMES FINANCIAL INC,40,-0.011694877187797928,-0.033017,-0.3169996230682246,20085.88104,1.0222146170040343,0.9457009725631497
2023-04-30,76076,CSCO,CISCO SYSTEMS INC,45,0.028362749715483283,-0.092964,0.2823637810445198,214109.147325,0.9547539559347431,0.7827102628027581
2023-04-30,76136,KMPR,KEMPER CORP DE,40,-0.021238978354999997,-0.113592,-0.2310172969803577,3496.0535999999997,0.8669136969018508,0.8919218653011326
2023-04-30,76504,CATY,CATHAY GENERAL BANCORP,40,0.023550273673019994,-0.080407,0.354232106210998,2498.9373200000005,1.1456131600525137,0.7868382637271393
2023-04-30,76573,MLI,MUELLER INDUSTRIES INC,20,0.029814629999999998,-0.025823000000000002,0.26938057544917704,4190.197,1.0729239131952304,0.9904448030643148
2023-04-30,76661,IONS,IONIS PHARMACEUTICALS INC,35,-0.019869798473562912,-0.013992999999999998,-0.4706412028311765,5111.64202,0.5543218154260141,0.7450739027188765
2023-04-30,76721,CRVL,CORVEL CORP,35,0.011051022206625561,0.058111,0.32694643380659205,3267.1076000000003,1.0396913067695084,0.6470589933491169
2023-04-30,77300,SMG,SCOTTS MIRACLE GRO CO,15,-0.020625591700752424,-0.045653,-0.2894207815052142,3902.37144,1.5907499782547267,1.4244663937404938
2023-04-30,79299,PZZA,PAPA JOHNS INTL INC,25,-0.02498135001021,-0.005508,-0.035599112116262516,2424.43508,1.0342395360183732,0.5664593460666854
2023-04-30,79785,NVR,N V R INC,25,0.03,0.044422,0.4461615780876995,18104.045309999998,0.934411666038103,0.8390729431055497
2023-04-30,79841,FWRD,FORWARD AIR CORP,20,0.028430826106888053,-0.02452,0.27122335301754835,2807.47128,1.0700952065134646,0.9418589695691972
2023-04-30,80415,EXP,EAGLE MATERIALS INC,15,0.0299802717504,0.0063089999999999995,0.26255392218452905,5290.631,1.257712806469309,1.0003248801299787
2023-04-30,80575,SSD,SIMPSON MANUFACTURING CO INC,20,0.012729977365913258,0.146448,0.20930183858943754,4677.57132,1.1709021616048632,0.8937559544921457
2023-04-30,84042,PAG,PENSKE AUTOMOTIVE GROUP INC,25,0.02940387,-0.026417,0.22075637642919968,9795.100320000001,1.1755849077117102,0.9836872880012718
2023-04-30,84519,CIEN,CIENA CORP,45,-0.013610500852914072,-0.127022,-0.2764166352556854,7833.8832,0.9753898592133925,0.9858881894845095
2023-04-30,84761,TTWO,TAKE TWO INTERACTIVE SOFTWR INC,50,-0.03,0.038187000000000006,-0.3787326716086611,20149.77,0.6765201002773213,0.7355229224403433
2023-04-30,85002,SRPT,SAREPTA THERAPEUTICS INC,35,-0.03,-0.112905,-0.38604095991958787,12836.659220000001,1.064258437837225,0.7134313487914469
2023-04-30,85593,AMG,AFFILIATED MANAGERS GROUP INC,40,0.02454295389234,0.010121999999999999,0.16409096620178415,5107.181199999999,1.303144305686888,1.0746904028209074
2023-04-30,85710,POWI,POWER INTEGRATIONS INC,45,0.01449149106811176,-0.143763,0.14038614566319055,4841.915840000001,1.170196746908781,1.169385965429413
2023-04-30,85738,MRCY,MERCURY SYSTEMS INC,20,-0.029191589999999996,-0.07112800000000001,-0.2139716044729237,2897.17488,0.9589020983115474,0.8439508997265428
2023-04-30,86047,AMKR,AMKOR TECHNOLOGY INC,45,0.02655534536865,-0.14391700000000002,0.04736775976881517,6389.0809,1.7174941573676452,1.2234167479318614
2023-04-30,87337,PLUG,PLUG POWER INC,20,-0.011960596527534178,-0.233162,-0.534698663986263,6958.2343200000005,1.9872366866721844,1.8699572615928923
2023-04-30,87432,A,AGILENT TECHNOLOGIES INC,35,0.024128333891138814,-0.023077,0.11555052979855093,40907.41468,0.9927652252276755,1.041999921047631
2023-04-30,88853,FLR,FLUOR CORP NEW,20,-0.01073312673571944,-0.063491,-0.0863173765548436,4399.48212,2.2308684990836607,0.7952498955945209
2023-04-30,89301,GME,GAMESTOP CORP NEW,25,-0.03,-0.16567300000000001,-0.18277002973572895,7013.6185000000005,1.3600255141065745,0.5770432750603908
2023-04-30,89533,WYNN,WYNN RESORTS LTD,25,-0.008012492072681248,0.017537999999999998,-0.32646479876031326,12736.25328,1.9985924573313607,1.315215547592012
2023-04-30,89916,NXST,NEXSTAR MEDIA GROUP INC,50,0.026766828523282035,0.0009350000000000001,0.26933869414080486,6212.99744,1.4702670618959903,0.938216259814968
2023-04-30,89946,AEL,AMERICAN EQUITY INVT LIFE HLDG C,40,0.02278806126912,0.05254,0.16463542321062108,3093.6222000000002,0.8736567440177087,1.1619487185966937
2023-04-30,90125,CORT,CORCEPT THERAPEUTICS INC,35,0.022317902107662147,0.036526,0.15713866901201998,2200.1794800000002,0.5797588313250319,0.4133936111906745
2023-04-30,90126,CYTK,CYTOKINETICS INC,35,-0.03,0.059162,-0.5362273317418436,3365.60679,0.7812166428921212,0.7908354949439005
2023-04-30,90312,WLK,WESTLAKE CORP,15,0.0030919093189772846,-0.022609,0.13695187837668046,14771.56074,1.2272250847364745,1.0355802900759314
2023-04-30,90505,LVS,LAS VEGAS SANDS CORP,25,-0.02900247349956,0.107761,-0.32443355530426776,43907.483850000004,1.1169209305396899,1.117423756599512
2023-04-30,90564,PBH,PRESTIGE CONSUMER HEALTHCARE INC,35,0.01113524749529486,-0.021204,0.21998157222431633,3111.95944,0.5398353558263461,0.4387001722957114
2023-04-30,90829,CF,C F INDUSTRIES HOLDINGS INC,15,0.011855331063462617,-0.016194,0.25019893621476724,14191.222319999999,1.018214953531554,0.9031237735528602
2023-04-30,91575,HRI,HERC HOLDINGS INC,20,0.017267231068544258,-0.125501,0.09012857561670226,3317.1097000000004,2.4536644004966237,1.410245868072286
2023-04-30,91611,FSLR,FIRST SOLAR INC,45,-0.03,-0.164192,-0.4808393014197764,23234.4375,1.41984782225571,1.0849978465236916
2023-04-30,93002,AVGO,BROADCOM INC,45,0.03,-0.027084,0.2380114754784939,267473.42296,1.0508613238708255,1.0124240950336452
2023-04-30,93263,CELH,CELSIUS HOLDINGS INC,30,-0.00041576120159084705,0.024658,-0.33852661557147046,7136.1190799999995,1.928759327009329,1.3473914164098806
2023-05-31,11691,MATX,MATSON INC,20,0.027419744922040547,0.005481,0.17415565345080752,2456.35921,1.1428941571373692,0.9675775147858577
2023-05-31,11995,COKE,COCA COLA CONSOLIDATED INC,30,0.03,0.118959,0.4165093350115377,4933.19074,0.7978705772271906,0.6316385683398156
2023-05-31,12591,APO,APOLLO GLOBAL MANAGEMENT INC NEW,40,-0.008906150269024912,0.058023,-0.17990350325152085,36173.630280000005,1.6240166835316208,1.2369967546414231
2023-05-31,13116,CIVI,CIVITAS RESOURCES INC,10,0.011943273471856527,-0.036247,0.3554017201594294,5538.500499999999,1.7007187615333668,0.8999844603154185
2023-05-31,13600,QLYS,QUALYS INC,45,0.03,0.114277,0.3912313824208097,4167.03424,0.6437957653116041,0.9471227290860409
2023-05-31,13688,PCG,P G & E CORP,55,-0.029203458765838554,-0.013598,-0.01527165932452275,34011.00135,1.1181714325408447,0.3327994874120588
2023-05-31,13748,TPH,TRI POINTE HOMES INC,25,0.03,0.014818,0.14038179148311308,2870.81064,1.3967783781737697,1.0959553723920934
2023-05-31,13766,BCC,BOISE CASCADE CO,20,0.027092449333289734,0.049917,0.22555066079295152,2695.5126,1.4730071619605458,1.136086974404393
2023-05-31,13837,EVTC,EVERTEC INC,40,0.02487714690869627,-0.009716,0.260981749528005,2254.36434,0.9366802045647058,0.774924842496593
2023-05-31,13901,MO,ALTRIA GROUP INC,30,0.008455074718460319,-0.068701,0.41149569960142646,84807.25039999999,0.5340432230435251,0.4693567704139173
2023-05-31,14054,MRTX,MIRATI THERAPEUTICS INC,35,-0.009198879332882656,-0.165025,-0.40623033354310895,2578.26597,1.0913706459895167,1.2340797495824685
2023-05-31,14167,ISEE,IVERIC BIO INC,35,-0.03,0.144103,-0.5981120201384519,4514.1525,1.0763056876937953,1.175871992298574
2023-05-31,14328,AMC,A M C ENTERTAINMENT HOLDINGS INC,50,-0.03,-0.18548,-0.4401090832808895,2855.556,2.19795757174386,0.8414900020850696
2023-05-31,14432,ITCI,INTRA CELLULAR THERAPIES INC,35,-0.005604434023598348,-0.048232,-0.2098174952800503,5946.512000000001,1.1270963206981357,0.4405882824317625
2023-05-31,14479,IBP,INSTALLED BUILDING PRODUCTS INC,25,0.03,-0.162429,0.2456891126494651,3517.58662,1.6462069951046472,1.2803808664697764
2023-05-31,14596,FIVN,FIVE 9 INC,45,-0.03,0.015925,-0.4402559261590099,4638.91296,0.7390687106532723,1.275519236053513
2023-05-31,14601,NAVI,NAVIENT CORP,40,0.027526066765469998,-0.087701,0.36945668135095444,2091.7311,1.4865057559760018,1.0666854993564008
2023-05-31,14617,ARES,ARES MANAGEMENT CORP,40,-0.03,-0.00937,-0.3283196979232222,15417.76698,1.2696874976502932,1.3278421622441905
2023-05-31,15067,FRPT,FRESHPET INC,30,-0.03,-0.137198,-0.3650513950073421,3318.07773,0.9751872196940569,1.3325417265997173
2023-05-31,15071,SYNH,SYNEOS HEALTH INC,35,0.017503040640706558,0.055941000000000005,-0.2012586532410321,4068.94566,1.5867525446151556,1.7978989101244267
2023-05-31,15272,SEDG,SOLAREDGE TECHNOLOGIES INC,45,-0.02655274170194788,-0.006463,-0.5052443885043003,16093.251090000002,1.4357215650367665,1.540756394135039
2023-05-31,15284,BPMC,BLUEPRINT MEDICINES CORP,35,-0.008447590122059099,0.103488,-0.43713027061044674,3086.84035,0.7515401345478985,1.2228251438308133
2023-05-31,16044,NGVT,INGEVITY CORP,15,0.010146754676611504,-0.34587,0.13725613593455005,2665.21274,1.7693921871234615,0.9737973973477848
2023-05-31,16076,GMS,G M S INC,20,0.005833555736514924,0.087106,0.2031885882106146,2398.1683000000003,1.7970171185264783,1.1751382227645792
2023-05-31,16140,TWLO,TWILIO INC,45,-0.00716832007649017,0.31966100000000003,-0.3629955947136564,9346.53477,1.5505176539834324,1.8007397716065845
2023-05-31,16260,MEDP,MEDPACE HOLDINGS INC,35,0.03,0.030463999999999998,0.15087056849171385,6104.06986,1.3679402890341545,1.367644744831516
2023-05-31,16736,VST,VISTRA CORP,55,-0.029368932622375832,0.0009480000000000005,-0.28206419131529264,9101.468579999999,0.9130987351038172,0.8308532482404271
2023-05-31,16932,ROKU,ROKU INC,50,-0.014257773235744023,0.031741,-0.5174113698342773,6934.0656,1.7899640181117802,1.6954311680181477
2023-05-31,17104,APLS,APELLIS PHARMACEUTICALS INC,35,-0.03,0.025344000000000002,-0.40258023914411567,9692.813970000001,1.2015767118554483,0.9038616276105158
2023-05-31,17949,BE,BLOOM ENERGY CORP,20,-0.019791035277955917,-0.179638,-0.39072792112439686,3170.2599,2.9985701015616546,1.5905134771418823
2023-05-31,18138,LTHM,LIVENT CORP,15,0.017232065713051168,0.051258,0.03964757709251102,3923.1456500000004,1.8164645916786026,1.8235766771134543
2023-05-31,18777,KRTX,KARUNA THERAPEUTICS INC,35,-0.03,0.137993,-0.5627019089574156,7430.387360000001,0.9313257389122624,0.3819479428567126
2023-05-31,18937,CHPT,CHARGEPOINT HOLDINGS INC,20,-0.03,0.111678,-0.4716593245227606,3038.77431,1.988358086509151,1.3364949770267343
2023-05-31,18940,PTON,PELOTON INTERACTIVE INC,25,-0.020351977671165197,-0.183842,-0.43073211663520033,2984.8255200000003,2.027948707447231,1.5711533984397
2023-05-31,19561,BA,BOEING CO,20,-0.028809467680527324,-0.008885,-0.1916089783931194,124397.60732000001,1.3981556370686765,1.1951986424521224
2023-05-31,20765,AJRD,AEROJET ROCKETDYNE HOLDINGS INC,20,-0.0036847908760644682,-0.037876,-0.13463394168239987,4550.98957,0.5602438595465503,0.4177847902462102
2023-05-31,21207,NEM,NEWMONT CORP,15,-0.03,-0.139738,-0.1867421858611286,37669.3488,0.2642993778093987,0.4436856831566584
2023-05-31,21936,PFE,PFIZER INC,35,0.022632464786997493,-0.015367,0.2745542269771345,218525.82675,0.562234307831879,0.4474188190236439
2023-05-31,25590,NFG,NATIONAL FUEL GAS CO N J,55,0.0032669494518001406,-0.092929,0.34445143696245023,5131.3405,0.6315428460801016,0.5737659491878371
2023-05-31,32651,HL,HECLA MINING CO,15,-0.03,-0.121637,-0.38153975246486255,3677.3231,2.100832772078747,0.9559700029691129
2023-05-31,43350,SWK,STANLEY BLACK & DECKER INC,20,-0.03,-0.135351,-0.4869519614013006,13212.09216,1.2508777262914648,1.3458654525052216
2023-05-31,44943,DIOD,DIODES INC,45,0.03,0.12356500000000001,0.3042164883574575,3642.8479,1.4416306663310263,1.3032426349747843
2023-05-31,49429,DDS,DILLARDS INC,25,0.028984979999999997,-0.08101,0.2402349486049927,3901.1508599999997,0.930262214633981,1.1269178355381815
2023-05-31,53613,MU,MICRON TECHNOLOGY INC,45,-0.03,0.056002,-0.4234319278372142,70435.19784,1.4019107593547853,1.231024638133755
2023-05-31,56223,LPX,LOUISIANA PACIFIC CORP,15,0.03,-0.020331,0.18477029578351165,4287.77876,1.5954143990668086,1.2418932859519736
2023-05-31,57808,VSH,VISHAY INTERTECHNOLOGY INC,45,0.02772523297020971,0.207235,0.31214600377595975,2758.50272,1.2659243997962775,0.979958244441199
2023-05-31,59328,INTC,INTEL CORP,45,-0.03,0.012623,-0.48120411160058735,129551.26,0.8262134299665308,1.0263124871504927
2023-05-31,60098,OTTR,OTTER TAIL CORP,55,0.02183577470495,0.033564000000000004,0.19593035452066296,3001.10645,0.48007946021023595,0.7271925683377762
2023-05-31,60986,NWL,NEWELL BRANDS INC,25,-0.021375609253244682,-0.314277,-0.3343612334801761,5031.3150000000005,0.8982912069483651,0.95971390219895
2023-05-31,62341,PDCE,P D C ENERGY INC,10,0.02866905698556869,0.051219,0.25890497168030213,5689.0127999999995,2.499324245297273,1.032733683689728
2023-05-31,64936,D,DOMINION ENERGY INC,55,-0.016530332768535765,-0.123718,-0.18244178728760227,47722.98516,0.38980482509532327,0.4407079846335942
2023-05-31,66384,WDC,WESTERN DIGITAL CORP,45,-0.03,0.120902,-0.5269351793580869,11018.63028,1.6464386830669981,1.2590273941725831
2023-05-31,69649,RJF,RAYMOND JAMES FINANCIAL INC,40,-0.011308747427688405,-0.0056500000000000005,-0.18032305433186496,19495.81656,1.022935062792882,0.9441138100995862
2023-05-31,76076,CSCO,CISCO SYSTEMS INC,45,0.025726035050933092,0.047555,0.2605202433396266,192543.75,0.9577683725253081,0.7948314429168795
2023-05-31,76136,KMPR,KEMPER CORP DE,40,-0.02262170647508426,-0.107806,-0.2615271659324523,3111.654,0.8744629392553236,0.9208821238333517
2023-05-31,76226,PARA,PARAMOUNT GLOBAL,50,-0.005742226764255981,-0.351712,-0.4519823788546256,14231.3,1.6624273400120066,1.1987337298554233
2023-05-31,76504,CATY,CATHAY GENERAL BANCORP,40,0.021656666817793477,-0.076076,0.34461925739458776,2311.7223200000003,1.1472742540137335,0.8226162467172213
2023-05-31,76573,MLI,MUELLER INDUSTRIES INC,20,0.029044726809509997,0.029880000000000004,0.20562198447660998,4095.0907499999994,1.0744164337006334,0.9892925268873851
2023-05-31,76661,IONS,IONIS PHARMACEUTICALS INC,35,-0.03,0.15268500000000002,-0.5061254457730228,5061.16404,0.5539262100443952,0.7608012877770495
2023-05-31,76721,CRVL,CORVEL CORP,35,0.03,-0.036281,0.3755821271239773,3468.8551,1.0374852200996008,0.6267418618196976
2023-05-31,77300,SMG,SCOTTS MIRACLE GRO CO,15,-0.019683971562837976,-0.048117,-0.32101950912523597,3738.4203600000005,1.590965513976933,1.4705577237934815
2023-05-31,78987,MCHP,MICROCHIP TECHNOLOGY INC,45,0.019083244753901735,0.032510000000000004,0.2528214810153136,39813.1254,1.544888612340739,1.329088077834982
2023-05-31,79785,NVR,N V R INC,25,0.006489678004925285,-0.052597,0.17029578351164254,18974.16,0.9364943179964061,0.8650605484654329
2023-05-31,79841,FWRD,FORWARD AIR CORP,20,0.027733702250747158,-0.079434,0.1929515418502203,2748.85203,1.0711110596729396,0.9384930546149902
2023-05-31,80415,EXP,EAGLE MATERIALS INC,15,0.03,0.095657,0.2561359345500315,5343.26692,1.256449488635093,1.0179188217180162
2023-05-31,84042,PAG,PENSKE AUTOMOTIVE GROUP INC,25,0.028627107966209996,-0.001543,0.15947136563876652,9562.02,1.176443452589913,0.9984718687756685
2023-05-31,84519,CIEN,CIENA CORP,45,-0.011881667813575221,0.011542,-0.2092511013215859,6867.3264,0.9776794345200306,1.0109495928894099
2023-05-31,84761,TTWO,TAKE TWO INTERACTIVE SOFTWR INC,50,-0.03,0.104472,-0.3558212712397734,20992.581000000002,0.6762718382757683,0.7364937398290154
2023-05-31,85002,SRPT,SAREPTA THERAPEUTICS INC,35,-0.026612849999999997,0.0030989999999999998,-0.3302076777847703,11435.90273,1.0672515258375845,0.731367343077512
2023-05-31,85593,AMG,AFFILIATED MANAGERS GROUP INC,40,0.024791377671638266,-0.040233,0.2134675896790434,5177.4668,1.2992641908366782,1.0718917642834949
2023-05-31,85710,POWI,POWER INTEGRATIONS INC,45,0.012408150837686809,0.186029,0.23526326830291586,4163.45268,1.1727504397289659,1.1600482579720421
2023-05-31,85738,MRCY,MERCURY SYSTEMS INC,20,-0.027115250586479997,-0.15218299999999998,-0.16037340046150625,2773.9173,0.9506884047735108,0.8887462121475246
2023-05-31,86047,AMKR,AMKOR TECHNOLOGY INC,45,0.022733579729229996,0.104072,0.13079504929725191,5494.98917,1.715039776198147,1.2451703208467833
2023-05-31,87337,PLUG,PLUG POWER INC,20,-0.009171839919981254,-0.082289,-0.5271449548982589,5422.08156,1.9906206949513463,1.8902703314028617
2023-05-31,87432,A,AGILENT TECHNOLOGIES INC,35,0.023571524329933004,-0.149568,0.0812250891546046,40046.92186,0.9927136117352916,1.0639902143578943
2023-05-31,88351,INSM,INSMED INC,35,-0.0078754977865482,-0.027764999999999998,-0.5587581288021817,2660.3655,1.6082834823505512,1.1805143882293672
2023-05-31,88417,ACLS,AXCELIS TECHNOLOGIES INC,45,0.03,0.328122,0.18212712397734426,3871.4858,1.6581545528745754,1.6196641641530625
2023-05-31,88853,FLR,FLUOR CORP NEW,20,-0.010051669786141876,-0.08969099999999999,-0.09700020977554015,4136.16792,2.2328970449632,0.8266275475278889
2023-05-31,89301,GME,GAMESTOP CORP NEW,25,-0.02502981,0.243098,-0.05586322634780784,5877.1807499999995,1.364838002134598,0.593162731017882
2023-05-31,89533,WYNN,WYNN RESORTS LTD,25,-0.008153015158651931,-0.13800199999999999,-0.34581497797356825,13005.97824,1.9989167231767901,1.3435469977224341
2023-05-31,89916,NXST,NEXSTAR MEDIA GROUP INC,50,0.03,-0.126082,0.36070904132578135,6236.74165,1.468285755573299,0.9721231232216991
2023-05-31,89946,AEL,AMERICAN EQUITY INVT LIFE HLDG C,40,0.023985346008199564,0.019950000000000002,0.23968953220054537,3267.4211999999998,0.8733721694445195,1.1912536631482071
2023-05-31,90125,CORT,CORCEPT THERAPEUTICS INC,35,0.023133085800046617,0.038948,0.18405705894692678,2288.55234,0.5793304697655985,0.4154390975122348
2023-05-31,90126,CYTK,CYTOKINETICS INC,35,-0.03,0.004092,-0.5315921963499056,3576.9734,0.7840922905007518,0.8072590940942153
2023-05-31,90312,WLK,WESTLAKE CORP,15,0.0030220043411845273,-0.087249,0.16022655758338575,14491.36214,1.2266023962507278,1.0687028201868267
2023-05-31,90505,LVS,LAS VEGAS SANDS CORP,25,-0.03,-0.140232,-0.19723096286972944,48798.703349999996,1.115333664510395,1.139173477064801
2023-05-31,90564,PBH,PRESTIGE CONSUMER HEALTHCARE INC,35,0.010899135707404627,-0.073547,0.25970211873295573,3057.3026400000003,0.5365263127738339,0.451680268449446
2023-05-31,90829,CF,C F INDUSTRIES HOLDINGS INC,15,0.011663345832220904,-0.139177,0.19123138242080967,14013.07344,1.019237332587612,0.9266165684279191
2023-05-31,91575,HRI,HERC HOLDINGS INC,20,0.015100176302210886,0.016522000000000002,0.036165303125655544,2849.16972,2.450708013563452,1.4227299989946638
2023-05-31,91611,FSLR,FIRST SOLAR INC,45,-0.025074239999999998,0.10796,-0.28756031046779945,19504.29108,1.4229709669967452,1.1452214888905428
2023-05-31,93002,AVGO,BROADCOM INC,45,0.02918748,0.285979,0.3249423117264527,259371.0,1.0505027427729512,1.0131989545405335
2023-05-31,93263,CELH,CELSIUS HOLDINGS INC,30,-0.00042601304129967417,0.309825,-0.2689532200545416,7335.28421,1.9339460899046845,1.3384355864644262
2023-06-30,11691,MATX,MATSON INC,20,0.027570032543958255,0.13349,0.20915032679738563,2450.1088099999997,1.130023191809519,1.034689926809093
2023-06-30,11995,COKE,COCA COLA CONSOLIDATED INC,30,0.03,-0.042945,0.32378405907817676,5538.10206,0.8223736839698974,0.6672941742600192
2023-06-30,13116,CIVI,CIVITAS RESOURCES INC,10,0.011510365638322143,0.066929,0.30252100840336127,5373.191599999999,1.6879053423338826,0.9330948169577301
2023-06-30,13600,QLYS,QUALYS INC,45,0.03,0.01897,0.2886851710381122,4658.488960000001,0.6399661618485559,0.9620219762298639
2023-06-30,13688,PCG,P G & E CORP,55,-0.02880635013354068,0.015993,-0.02711993888464475,33808.479320000006,1.1266023797853433,0.33919308850249424
2023-06-30,13748,TPH,TRI POINTE HOMES INC,25,0.03,0.120879,0.20269926152279094,2923.86258,1.3997556717732929,1.123296743314409
2023-06-30,13766,BCC,BOISE CASCADE CO,20,0.028444823126659555,0.253928,0.156692980222392,2843.3538,1.461700711663459,1.1422236097080578
2023-06-30,13837,EVTC,EVERTEC INC,40,0.024635440549331377,0.064078,0.3047703930056871,2243.88944,0.9214702601171847,0.821183575869304
2023-06-30,13901,MO,ALTRIA GROUP INC,30,0.007874202630227376,0.037545,0.4340463458110517,79291.4768,0.5387103948755477,0.4705708970297371
2023-06-30,14054,MRTX,MIRATI THERAPEUTICS INC,35,-0.007680834270973696,-0.031796,-0.3556786350903997,2162.2289199999996,1.065919458449684,1.224126934656561
2023-06-30,14167,ISEE,IVERIC BIO INC,35,-0.03,0.038041,-0.5640437993379172,5201.308249999999,1.0783715817596031,1.2245386089735948
2023-06-30,14329,ARMK,ARAMARK,25,-0.019633642893873586,0.08634800000000001,-0.3176300823359646,10288.843319999998,1.597340220924758,0.8114351829314533
2023-06-30,14432,ITCI,INTRA CELLULAR THERAPIES INC,35,-0.005334120961772153,0.062273999999999996,-0.07308377896613191,5696.0858800000005,1.105130713654519,0.40795589500875695
2023-06-30,14479,IBP,INSTALLED BUILDING PRODUCTS INC,25,0.02512713,0.340348,0.22718784483490362,2969.4587,1.652508724898781,1.3622945653898315
2023-06-30,14596,FIVN,FIVE 9 INC,45,-0.03,0.243086,-0.40972752737458623,4705.44536,0.7241286547207199,1.366345236564739
2023-06-30,14617,ARES,ARES MANAGEMENT CORP,40,-0.0297189,0.11119,-0.2562176385705798,15543.91029,1.2753963950161469,1.364286095933494
2023-06-30,15067,FRPT,FRESHPET INC,30,-0.02588406,0.09716,-0.4190221543162719,2875.71096,0.970556566888563,1.2627528379881787
2023-06-30,15071,SYNH,SYNEOS HEALTH INC,35,0.018482178237188323,0.008903,-0.28647822765469827,4312.214400000001,1.575947304966324,1.9260386374403458
2023-06-30,15272,SEDG,SOLAREDGE TECHNOLOGIES INC,45,-0.02638113133232819,-0.05948,-0.357185298361769,16048.74635,1.4375616100343318,1.5804995176721586
2023-06-30,15284,BPMC,BLUEPRINT MEDICINES CORP,35,-0.009321814328610751,0.11411,-0.432009167303285,3417.59484,0.7400205886758292,1.3146425944196596
2023-06-30,16076,GMS,G M S INC,20,0.006341693442499793,0.088611,0.2358882947118241,2615.8456499999998,1.8030217497595025,1.2499108539602097
2023-06-30,16140,TWLO,TWILIO INC,45,-0.009459752440461093,-0.09025999999999999,-0.5292419998302351,12135.74068,1.5167161304792243,1.8965724910323027
2023-06-30,16260,MEDP,MEDPACE HOLDINGS INC,35,0.03,0.156332,0.23503947033358802,6312.37803,1.3601100748595905,1.4354088019344402
2023-06-30,16736,VST,VISTRA CORP,55,-0.0022404425607220127,0.09998800000000001,-0.10281385281385282,8941.45719,0.9080716674722044,0.8483563663518224
2023-06-30,16932,ROKU,ROKU INC,50,-0.014710329216019774,0.094891,-0.5103768780239368,7179.552000000001,1.781029860983647,1.707922116948743
2023-06-30,17104,APLS,APELLIS PHARMACEUTICALS INC,35,-0.03,0.057075,-0.3963585434173669,9997.833449999998,1.2222198622000728,0.937112478426029
2023-06-30,17949,BE,BLOOM ENERGY CORP,20,-0.016235813282694474,0.187613,-0.5418046006281301,2646.1078,3.0055239607938082,1.5749958609911343
2023-06-30,18138,LTHM,LIVENT CORP,15,0.018115346937370744,0.185944,0.0990578049401579,4141.8084,1.8151191121425916,1.6162856586263885
2023-06-30,18777,KRTX,KARUNA THERAPEUTICS INC,35,-0.03,-0.046894,-0.45721925133689834,8482.9382,0.9281668335419604,0.3993665107536062
2023-06-30,18937,CHPT,CHARGEPOINT HOLDINGS INC,20,-0.03,-0.095081,-0.4901324166030049,3416.1402399999997,1.9840314648554143,1.35305002012539
2023-06-30,18940,PTON,PELOTON INTERACTIVE INC,25,-0.016610429392142842,0.052241,-0.3553603259485612,2447.0191200000004,2.0370036647959435,1.6440972068449342
2023-06-30,19561,BA,BOEING CO,20,-0.028553495560185837,0.022466,-0.15503777268483152,123747.8858,1.3948283387511864,1.1716325936370313
2023-06-30,20765,AJRD,AEROJET ROCKETDYNE HOLDINGS INC,20,-0.00354522573684265,0.0030810000000000004,-0.08369408369408371,4399.75032,0.5613042025142266,0.4375877034471826
2023-06-30,21207,NEM,NEWMONT CORP,15,-0.02580786,0.047957,-0.15889992360580596,32225.571599999996,0.2719130372388375,0.4674282118202125
2023-06-30,25590,NFG,NATIONAL FUEL GAS CO N J,55,0.002963355106193805,0.014509,0.21759612936083522,4673.74164,0.6341512064569935,0.6222346793330841
2023-06-30,32651,HL,HECLA MINING CO,15,-0.02635089,-0.037849,-0.32459044223750105,3265.3552099999997,2.1141092873944043,0.9981172302144219
2023-06-30,32707,HP,HELMERICH & PAYNE INC,10,0.0036849978285239185,0.14391400000000001,0.23270520329343855,3167.8248,1.688117512378316,1.3878727930161114
2023-06-30,43350,SWK,STANLEY BLACK & DECKER INC,20,-0.02593947,0.258275,-0.4479034037857567,11481.13071,1.258882641456743,1.4068889799897777
2023-06-30,44943,DIOD,DIODES INC,45,0.03,0.025418999999999997,0.0851370851370851,4107.4848,1.4231889679598793,1.383179263603194
2023-06-30,49429,DDS,DILLARDS INC,25,0.026636906770199996,0.181774,0.1382310499957559,3599.40294,0.9306839255967047,1.0719138994151605
2023-06-30,52337,THC,TENET HEALTHCARE CORP,35,0.004235050365914745,0.1389,0.015193956370426975,7257.772000000001,2.1084187089209165,1.4827590083447206
2023-06-30,53613,MU,MICRON TECHNOLOGY INC,45,-0.03,-0.078711,-0.4199558611323317,74637.6708,1.3791115787052495,1.322964787259061
2023-06-30,56223,LPX,LOUISIANA PACIFIC CORP,15,0.02939007,0.27719299999999997,0.09061200237670827,4215.956360000001,1.5980342633864324,1.2402975241097576
2023-06-30,57808,VSH,VISHAY INTERTECHNOLOGY INC,45,0.03,0.140456,0.10084033613445377,3289.1413,1.2421079464128193,1.1507768394902482
2023-06-30,59328,INTC,INTEL CORP,45,-0.03,0.059535000000000005,-0.5731262201850438,131136.24000000002,0.8193680139539516,1.1189096498462232
2023-06-30,60098,OTTR,OTTER TAIL CORP,55,0.02256867064714694,0.05993,0.15732959850606903,3095.3733099999995,0.47533302060167254,0.7749971164832712
2023-06-30,60986,NWL,NEWELL BRANDS INC,25,-0.014657746903962704,0.042853,-0.3950004244121891,3441.1710000000003,0.92383952032723,0.9850109727000036
2023-06-30,61241,AMD,ADVANCED MICRO DEVICES INC,45,-0.03,-0.040454,-0.572850352262117,190360.89202,2.0220644173647506,1.5835231097217237
2023-06-30,62341,PDCE,P D C ENERGY INC,10,0.03,0.038378,0.39610389610389607,6001.2307200000005,2.492397723732876,1.0659139076766984
2023-06-30,64194,CHE,CHEMED CORP NEW,35,0.010928518571589238,0.010722,0.34780578898225956,8017.225399999999,0.5013749119301566,0.5146021819552873
2023-06-30,64936,D,DOMINION ENERGY INC,55,-0.014485233059078057,0.03998,-0.1679823444529327,42031.11348,0.3973267420660295,0.47754204827211255
2023-06-30,66384,WDC,WESTERN DIGITAL CORP,45,-0.03,-0.024734,-0.5310669722434429,12391.16001,1.638385041632999,1.3030190536085944
2023-06-30,69649,RJF,RAYMOND JAMES FINANCIAL INC,40,-0.011244853004721965,0.14910400000000001,-0.1609795433324845,19146.15885,1.0187477316750875,0.995810497454611
2023-06-30,76076,CSCO,CISCO SYSTEMS INC,45,0.026949436647780215,0.037597,0.34946099651982004,202408.13086,0.9618008500309484,0.7057872273535739
2023-06-30,76136,KMPR,KEMPER CORP DE,40,-0.020182950786831327,0.110987,-0.14937186996010524,2769.53048,0.8650033666713486,0.9724079308375069
2023-06-30,76226,PARA,PARAMOUNT GLOBAL,50,-0.023924282366522342,0.045095,-0.544011544011544,9291.074129999999,1.6753835905077783,1.408429897547578
2023-06-30,76504,CATY,CATHAY GENERAL BANCORP,40,0.02000911423296302,0.09681100000000001,0.3254817078346491,2120.95264,1.1462010511377612,0.9394889566140421
2023-06-30,76573,MLI,MUELLER INDUSTRIES INC,20,0.029912583246578153,0.175988,0.23368135132841011,4232.4487,1.066667285871645,1.0755203911430777
2023-06-30,76661,IONS,IONIS PHARMACEUTICALS INC,35,-0.03,-0.0009000000000000002,-0.48879551820728295,5852.4628,0.5412341674403498,0.7484523573464631
2023-06-30,76721,CRVL,CORVEL CORP,35,0.028911569999999998,-0.014004,0.23406332229861643,3350.2324799999997,1.0412354202075538,0.6621066293872545
2023-06-30,77300,SMG,SCOTTS MIRACLE GRO CO,15,-0.018736837903148902,-0.012148,-0.3354129530600119,3543.7504000000004,1.5936429563599894,1.561385614108619
2023-06-30,77730,TSN,TYSON FOODS INC,30,-0.03,0.0038209999999999997,-0.27436125965537733,14462.784000000001,0.7092426148586605,0.5462990425828858
2023-06-30,78987,MCHP,MICROCHIP TECHNOLOGY INC,45,0.01970364104085108,0.186329,0.13564213564213562,41045.59984,1.5318665864024752,1.3869327396110818
2023-06-30,79785,NVR,N V R INC,25,0.006148340410900229,0.13930800000000002,0.1998132586367881,18045.660780000002,0.9449985718760379,0.8663488990449456
2023-06-30,79841,FWRD,FORWARD AIR CORP,20,0.02553070334616131,0.086803,0.1856803327391563,2525.0319299999996,1.0677365792876574,0.9757812361117605
2023-06-30,80415,EXP,EAGLE MATERIALS INC,15,0.03,0.141782,0.29751294457176813,5765.27805,1.2471420558632185,1.0201619007232396
2023-06-30,84042,PAG,PENSKE AUTOMOTIVE GROUP INC,25,0.028582936338618137,0.201464,0.15185468126644594,9537.18,1.1743890540499375,1.0460189309136245
2023-06-30,84519,CIEN,CIENA CORP,45,-0.012018806023479506,-0.095007,-0.24032340208810796,6971.7384,0.9909996335720449,1.076367808212698
2023-06-30,84761,TTWO,TAKE TWO INTERACTIVE SOFTWR INC,50,-0.03,0.064389,-0.418788727612257,23322.37182,0.6624769439174782,0.756989087188647
2023-06-30,85002,SRPT,SAREPTA THERAPEUTICS INC,35,-0.026695323222149996,-0.077541,-0.5449028096086919,11513.2164,1.049448357719992,1.0138794953756853
2023-06-30,85593,AMG,AFFILIATED MANAGERS GROUP INC,40,0.023793946173775244,0.07357,0.13349885408708934,5021.42718,1.3061975062849913,1.0921710516201337
2023-06-30,85710,POWI,POWER INTEGRATIONS INC,45,0.014716426729870847,0.09164,-0.0011883541295305952,4955.1264,1.1595259399320668,1.2368993495553746
2023-06-30,85738,MRCY,MERCURY SYSTEMS INC,20,-0.02298877040647771,-0.151898,-0.24562855445208384,2361.9321,0.9445186424346065,1.0086265119935771
2023-06-30,85992,MANH,MANHATTAN ASSOCIATES INC,45,0.009171931489356234,0.097675,0.3077837195484254,11252.938339999999,1.5662230158521617,1.2803175259337973
2023-06-30,86047,AMKR,AMKOR TECHNOLOGY INC,45,0.02509950883881042,0.200071,-0.02724726254138023,6086.98398,1.7079403172193486,1.3296367135825806
2023-06-30,87337,PLUG,PLUG POWER INC,20,-0.008417098384805916,0.24472,-0.5471309736015618,4996.46784,2.002293236419887,1.9127596332625867
2023-06-30,87432,A,AGILENT TECHNOLOGIES INC,35,0.03,0.037463,0.16772769713946184,34166.141919999995,1.0071587456031916,1.0948133916443616
2023-06-30,88351,INSM,INSMED INC,35,-0.007656834590504689,0.104698,-0.5067057125880655,2596.31999,1.599142324268168,1.1690734456121066
2023-06-30,88417,ACLS,AXCELIS TECHNOLOGIES INC,45,0.03,0.159553,-0.1014345131992191,5153.61805,1.65730639782817,1.7129088897959412
2023-06-30,88853,FLR,FLUOR CORP NEW,20,-0.009150125471353026,0.11038,-0.20244461420932,3804.37472,2.257313804643414,0.8767821862731232
2023-06-30,89301,GME,GAMESTOP CORP NEW,25,-0.03,0.0042380000000000004,-0.15503777268483152,7328.44385,1.3756290586580702,0.5661962081064579
2023-06-30,89533,WYNN,WYNN RESORTS LTD,25,-0.007027882760727648,0.065932,-0.2712842712842713,11231.8626,2.0018673784868533,1.3603366330227875
2023-06-30,89916,NXST,NEXSTAR MEDIA GROUP INC,50,0.026217539999999998,0.099487,0.17744673627026572,5411.538439999999,1.471474068946082,0.9923842523103331
2023-06-30,89946,AEL,AMERICAN EQUITY INVT LIFE HLDG C,40,0.024463853661063142,0.316835,0.240981240981241,3344.5710000000004,0.8583215976877798,1.267601685924901
2023-06-30,90071,NRG,N R G ENERGY INC,55,-0.03,0.102462,-0.611365758424582,7779.53928,0.9936642284198167,0.9305545234851401
2023-06-30,90125,CORT,CORCEPT THERAPEUTICS INC,35,0.024034073225786833,-0.056866,0.1573720397249809,2386.06722,0.5698469183760939,0.4212055844985148
2023-06-30,90126,CYTK,CYTOKINETICS INC,35,-0.03,-0.138596,-0.3734402852049911,3604.70929,0.7818668128910393,0.8250794752448802
2023-06-30,90312,WLK,WESTLAKE CORP,15,0.0027583374844205185,0.145225,0.101010101010101,13268.28195,1.2243848274941356,1.1222094286906439
2023-06-30,90505,LVS,LAS VEGAS SANDS CORP,25,-0.002259435523847695,0.047981,-0.12282488753076991,42134.26023,1.1130154235813643,1.1200525980880143
2023-06-30,90550,DLB,DOLBY LABORATORIES INC,45,0.03,0.009856,0.5090399796282149,4903.9326,0.967871425644214,0.7768762622730361
2023-06-30,90564,PBH,PRESTIGE CONSUMER HEALTHCARE INC,35,0.01009753697353214,0.034363000000000005,0.12551990493166962,2843.9303899999995,0.528774479977504,0.47793597001286314
2023-06-30,90829,CF,C F INDUSTRIES HOLDINGS INC,15,0.010040076349329895,0.12451899999999999,0.20842882607588487,11989.529199999999,1.0214930577412307,0.9318028580660923
2023-06-30,91575,HRI,HERC HOLDINGS INC,20,0.015349661415076014,0.345261,0.044563279857397504,2889.0501200000003,2.453674483679211,1.4878331485177403
2023-06-30,91611,FSLR,FIRST SOLAR INC,45,-0.0277812549504,-0.06749,-0.31622952211187505,21681.40496,1.4291312206632052,1.2868952168757424
2023-06-30,93002,AVGO,BROADCOM INC,45,0.03,0.075353,0.13840081487140313,333432.97260000004,1.0353370286156818,1.0862835699390165
2023-06-30,93263,CELH,CELSIUS HOLDINGS INC,30,-0.0005580025318203457,0.184403,-0.27098718275188866,9639.32317,1.947464881917619,1.329649560302662
2023-07-31,11691,MATX,MATSON INC,20,0.03,0.19797599999999999,0.2402990608007909,2787.1646100000003,1.14781645808726,1.0418011446177016
2023-07-31,11995,COKE,COCA COLA CONSOLIDATED INC,30,0.02871165,-0.007723,0.39551408798813653,5322.85138,0.7852263017150004,0.6634470842439366
2023-07-31,13116,CIVI,CIVITAS RESOURCES INC,10,0.012280742900129406,0.07475,0.27659004778381946,5579.9146900000005,1.6710420886529045,0.9537305967792311
2023-07-31,13600,QLYS,QUALYS INC,45,0.03,0.07016199999999999,0.36983028505519855,4746.60999,0.6329012025144627,1.0247458194654184
2023-07-31,13688,PCG,P G & E CORP,55,-0.029267050091226394,0.014706,-0.046527434503213075,34487.043840000006,1.110164908894192,0.3393795218297675
2023-07-31,13748,TPH,TRI POINTE HOMES INC,25,0.03,-0.034215,0.1584486735870819,3289.22028,1.4053783344020108,1.1056178279999342
2023-07-31,13766,BCC,BOISE CASCADE CO,20,0.03,0.141043,0.1378727961772945,3576.9565000000002,1.5054365710051754,1.121038740955912
2023-07-31,13837,EVTC,EVERTEC INC,40,0.026214030308851433,0.064843,0.28425193606854504,2396.82274,0.9213438219560046,0.8759452650979999
2023-07-31,13901,MO,ALTRIA GROUP INC,30,0.008169839567979263,-0.001742,0.43017795353435495,80862.31199999999,0.5401961491100096,0.40986397670718633
2023-07-31,14054,MRTX,MIRATI THERAPEUTICS INC,35,-0.007436614464493816,-0.166583,-0.3422310100510793,2107.78807,1.0353931877059548,1.1602076411793056
2023-07-31,14167,ISEE,IVERIC BIO INC,35,-0.03,0.012386000000000001,-0.42579090459713287,5420.38322,1.0414806748295846,1.28317460569448
2023-07-31,14329,ARMK,ARAMARK,25,-0.021328968690473783,-0.06664400000000001,-0.2767960125226561,11219.217449999998,1.591613293403041,0.827717102915305
2023-07-31,14432,ITCI,INTRA CELLULAR THERAPIES INC,35,-0.005666298010545552,-0.027764,-0.10498022738507165,6083.97556,1.082180878809578,0.41942609882401
2023-07-31,14479,IBP,INSTALLED BUILDING PRODUCTS INC,25,0.03,0.051688,0.1417449332674246,3981.2448,1.7187608446725855,1.3619913681965086
2023-07-31,14596,FIVN,FIVE 9 INC,45,-0.03,0.059890000000000006,-0.38731669138243535,5951.241000000001,0.7791284804347334,1.4493910517253288
2023-07-31,14617,ARES,ARES MANAGEMENT CORP,40,-0.03,0.025396000000000002,-0.20238095238095236,17196.64435,1.2753600273428316,1.344818346235357
2023-07-31,15067,FRPT,FRESHPET INC,30,-0.0283989552696,0.11306799999999999,-0.379819574888779,3171.0548500000004,0.9811119137878423,1.2770652540235023
2023-07-31,15071,SYNH,SYNEOS HEALTH INC,35,0.018646725070034013,0.0020160000000000004,-0.1479444719064096,4370.50796,1.5508539965667607,2.0485784767425494
2023-07-31,15272,SEDG,SOLAREDGE TECHNOLOGIES INC,45,-0.02481198164068131,-0.106937,-0.34435244686109734,15216.3918,1.3777022566963195,1.6523867293662646
2023-07-31,15284,BPMC,BLUEPRINT MEDICINES CORP,35,-0.010385526561648524,0.039913000000000004,-0.4147923875432526,3832.3216,0.7542368444793085,1.3140852649858545
2023-07-31,16076,GMS,G M S INC,20,0.0069036372401331415,0.060493,0.13157027516889105,2821.5608,1.7886557238772791,1.2414238684067742
2023-07-31,16140,TWLO,TWILIO INC,45,-0.008605915185185074,0.03349,-0.45411105618718073,11089.856679999999,1.458009458195544,1.9525108911068167
2023-07-31,16260,MEDP,MEDPACE HOLDINGS INC,35,0.03,0.049737,0.14852117317515243,7340.315709999999,1.3731361587300037,1.5401894793900694
2023-07-31,16655,CVNA,CARVANA CO,25,0.01633008955836557,0.7683709999999999,-0.4834404349975284,2752.2374400000003,3.1134422194068874,4.706222464056633
2023-07-31,16932,ROKU,ROKU INC,50,-0.01610620706565711,0.500768,-0.5088564837699787,7936.73244,1.77277733256396,1.7209410950359614
2023-07-31,17104,APLS,APELLIS PHARMACEUTICALS INC,35,-0.03,-0.721735,-0.39753254242873615,10711.446899999999,1.207512739886381,0.9956531350462984
2023-07-31,17949,BE,BLOOM ENERGY CORP,20,-0.03,0.087964,-0.558679354094579,3153.3427500000003,3.0005687789834217,1.685397833821936
2023-07-31,18138,LTHM,LIVENT CORP,15,0.02148378700829321,-0.10683400000000001,0.10285879057505357,4928.84184,1.8332380911614377,1.6210636685573385
2023-07-31,18777,KRTX,KARUNA THERAPEUTICS INC,35,-0.03,-0.083155,-0.3837740978744439,8163.1014,0.8609610062031386,0.42747637125074256
2023-07-31,18937,CHPT,CHARGEPOINT HOLDINGS INC,20,-0.02714757,-0.019181,-0.44461608172680833,3105.6212699999996,1.8902633640786681,1.4252601673099845
2023-07-31,18940,PTON,PELOTON INTERACTIVE INC,25,-0.017478174834017778,0.258288,-0.3660817268083703,2604.99519,2.013790056290832,1.7863062573368182
2023-07-31,19561,BA,BOEING CO,20,-0.029194978391440973,0.126742,-0.17210413577195585,127032.58904,1.3760661934333467,1.142021076014399
2023-07-31,20765,AJRD,AEROJET ROCKETDYNE HOLDINGS INC,20,-0.003556148577337862,0.052653,-0.07433267424616904,4431.24633,0.5477607657423388,0.43563567595940633
2023-07-31,21207,NEM,NEWMONT CORP,15,-0.027045527542019998,0.0017039999999999998,-0.14889190970505853,33903.22446,0.2785713654513117,0.5019165123846587
2023-07-31,25590,NFG,NATIONAL FUEL GAS CO N J,55,0.0030063504254295714,0.029682,0.24048442906574394,4715.05344,0.6267788194600223,0.6601205779293113
2023-07-31,32651,HL,HECLA MINING CO,15,-0.025353535164389998,0.11405599999999999,-0.27036991267095073,3155.08055,2.054788325893817,1.0048311479552063
2023-07-31,32707,HP,HELMERICH & PAYNE INC,10,0.00421532060601811,0.258515,0.1751524139067391,3636.63825,1.6997442874072275,1.4373047844942612
2023-07-31,43350,SWK,STANLEY BLACK & DECKER INC,20,-0.03,0.054941000000000004,-0.5373620036249794,14351.03053,1.3156188698405107,1.5141483946681837
2023-07-31,44943,DIOD,DIODES INC,45,0.03,0.017233000000000002,0.1254119294776734,4231.32501,1.3989116420884704,1.44980756500814
2023-07-31,45306,IDCC,INTERDIGITAL INC,45,0.03,-0.040845,0.35551573570604716,2565.23695,1.2002500849743587,1.2651286151168193
2023-07-31,49429,DDS,DILLARDS INC,25,0.03,0.046976000000000004,0.11241555445707695,4077.8474399999996,0.9623964502074256,1.1313573465127265
2023-07-31,52337,THC,TENET HEALTHCARE CORP,35,0.004823298861740303,-0.086106,-0.00168891085846106,8295.470299999999,2.103778349648851,1.5307736615929188
2023-07-31,53613,MU,MICRON TECHNOLOGY INC,45,-0.02763867,0.12895299999999998,-0.4153072993903444,69124.50921999999,1.3258952715201828,1.3610869514335373
2023-07-31,56223,LPX,LOUISIANA PACIFIC CORP,15,0.03,0.010946000000000001,0.04595073323447024,5401.784140000001,1.6455614479481813,1.27376663391266
2023-07-31,57808,VSH,VISHAY INTERTECHNOLOGY INC,45,0.03,-0.046908,0.21360603064755312,3750.999,1.2627775724002581,1.2257587089445012
2023-07-31,59328,INTC,INTEL CORP,45,-0.03,0.065286,-0.5795847750865052,140046.72,0.8216922238124221,1.225681104141896
2023-07-31,60098,OTTR,OTTER TAIL CORP,55,0.021325052342576815,0.021572,0.1471000164771791,3293.5005599999995,0.48215288151947755,0.8408270678629342
2023-07-31,60986,NWL,NEWELL BRANDS INC,25,-0.03,0.278368,-0.4255643433844126,3603.5399999999995,0.9249195921857896,1.0865644402542154
2023-07-31,61241,AMD,ADVANCED MICRO DEVICES INC,45,-0.03,-8.899999999999967e-05,-0.5553633217993079,183850.74,1.958161732098825,1.658356449999805
2023-07-31,62341,PDCE,P D C ENERGY INC,10,0.03,0.062379,0.5005767012687429,6189.108859999999,2.451618001214081,1.0611799373870332
2023-07-31,64194,CHE,CHEMED CORP NEW,35,0.011045694147713817,-0.042385,0.3540121931125391,8135.883399999999,0.4924210723097645,0.5307080042954444
2023-07-31,64936,D,DOMINION ENERGY INC,55,-0.015064352676779996,0.029592,-0.1615381446696326,43293.38439,0.4043055257268051,0.5160702534031797
2023-07-31,66384,WDC,WESTERN DIGITAL CORP,45,-0.02925798,0.11767599999999999,-0.3874196737518537,12213.46,1.6012305935539592,1.3658065827157735
2023-07-31,76076,CSCO,CISCO SYSTEMS INC,45,0.02796265461742681,0.009023,0.3753295435821388,210843.50092000002,0.954310771052553,0.749726633073455
2023-07-31,76136,KMPR,KEMPER CORP DE,40,-0.022422995945809376,0.051763,-0.21959960454770142,3088.20566,0.8843309136457201,1.0276904088167298
2023-07-31,76226,PARA,PARAMOUNT GLOBAL,50,-0.02500314787984067,0.003151,-0.476952545724172,9705.1,1.66469244853737,1.4971349940542233
2023-07-31,76504,CATY,CATHAY GENERAL BANCORP,40,0.021946216590970402,0.177342,0.2755190311418685,2335.8029699999997,1.1544284843593606,1.0712627258177807
2023-07-31,76573,MLI,MUELLER INDUSTRIES INC,20,0.03,-0.075656,0.14225984511451636,4974.5235999999995,1.0942884242048074,1.1468987222329887
2023-07-31,76661,IONS,IONIS PHARMACEUTICALS INC,35,-0.03,0.005358000000000001,-0.47614928324270883,5874.1420100000005,0.5282131690024295,0.805908971278056
2023-07-31,76721,CRVL,CORVEL CORP,35,0.028506692373719996,0.052767,0.23797165925193609,3311.559,1.0118826452537828,0.7072995640907145
2023-07-31,77300,SMG,SCOTTS MIRACLE GRO CO,15,-0.018509222796301447,0.112853,-0.30396276157521834,3515.15368,1.5595851454382479,1.6425010658021741
2023-07-31,77730,TSN,TYSON FOODS INC,30,-0.03,0.08730199999999999,-0.15414401054539464,14577.024000000001,0.6987792730925045,0.5904901213884292
2023-07-31,78875,WOLF,WOLFSPEED INC,45,-0.02753124016606017,0.18107399999999998,-0.6421156697973307,6919.509660000001,1.5770198064932663,2.0623921663946674
2023-07-31,78987,MCHP,MICROCHIP TECHNOLOGY INC,45,0.02337500077235182,0.044164,0.11910940846927008,48766.88306,1.5551908816491526,1.4516429715587607
2023-07-31,79785,NVR,N V R INC,25,0.007004853416861918,-0.011348,0.16907645411105618,20633.164380000002,0.9663743590702776,0.8843549468634574
2023-07-31,79841,FWRD,FORWARD AIR CORP,20,0.02774684498871815,0.11557899999999999,0.14343384412588564,2736.1524600000002,1.0713675616044724,1.0371704681164544
2023-07-31,80415,EXP,EAGLE MATERIALS INC,15,0.03,-0.015387999999999999,0.31815373208106773,6620.892719999999,1.2640141042035382,1.0175136052615996
2023-07-31,84042,PAG,PENSKE AUTOMOTIVE GROUP INC,25,0.03,-0.035658,0.1464615257867853,11497.47,1.206206062164333,1.065977669672194
2023-07-31,84519,CIEN,CIENA CORP,45,-0.01087693531960679,-0.011216,-0.28843302026693035,6352.21251,0.9434328687741944,1.1692343845244895
2023-07-31,84723,LNG,CHENIERE ENERGY INC,10,0.0035039364938524884,0.057961,0.4167284560883177,37017.08088,1.020201738824455,0.8917421772810654
2023-07-31,84761,TTWO,TAKE TWO INTERACTIVE SOFTWR INC,50,-0.03,0.034886,-0.2718734552644588,24987.768,0.6698740594190502,0.7925373479552046
2023-07-31,85002,SRPT,SAREPTA THERAPEUTICS INC,35,-0.024625341164181264,-0.057919,-0.493615093096062,10681.73848,1.0128598881563269,1.1654044256704843
2023-07-31,85593,AMG,AFFILIATED MANAGERS GROUP INC,40,0.024262749045987544,-0.079446,0.0944142362827484,5411.328779999999,1.3030376578753375,1.1205810213852552
2023-07-31,85992,MANH,MANHATTAN ASSOCIATES INC,45,0.03,-0.050719,0.3325712637996375,12326.39972,1.5608230015735054,1.3157950078344594
2023-07-31,87337,PLUG,PLUG POWER INC,20,-0.01047693070153562,0.25836200000000004,-0.5512440270225738,6252.722780000001,2.0247785934865554,2.056632180263579
2023-07-31,87432,A,AGILENT TECHNOLOGIES INC,35,0.03,0.008249,0.16909705058493985,35518.964,0.9966791361655125,1.1387863068905448
2023-07-31,88351,INSM,INSMED INC,35,-0.008458489858461348,0.042528,-0.43450321304992595,3012.025,1.5960211623597502,1.193084655175942
2023-07-31,88853,FLR,FLUOR CORP NEW,20,-0.010160116320880973,0.042231,-0.250185368264953,4239.8152,2.2482648562280856,0.9287503477396281
2023-07-31,89301,GME,GAMESTOP CORP NEW,25,-0.03,-0.088927,-0.1764087988136432,7390.2117499999995,1.3198743125584294,0.612667997838969
2023-07-31,89533,WYNN,WYNN RESORTS LTD,25,-0.007491245126907944,0.027519000000000002,-0.2549637502059647,12033.52023,1.982676134640912,1.3531333968497816
2023-07-31,89916,NXST,NEXSTAR MEDIA GROUP INC,50,0.02882584440198,0.116714,0.15181660899653984,5892.705550000001,1.471581274122543,1.0772683173582773
2023-07-31,89946,AEL,AMERICAN EQUITY INVT LIFE HLDG C,40,0.03,0.025546,0.11021173175152413,4417.8858,0.937807885138631,1.4284501893415211
2023-07-31,90071,NRG,N R G ENERGY INC,55,-0.03,0.021752,-0.597132970835393,8608.37448,1.0024918439448536,0.9717253695163515
2023-07-31,90125,CORT,CORCEPT THERAPEUTICS INC,35,0.02266735161772924,0.140778,0.25455182072829136,2280.892,0.5350874426575313,0.4380383143262857
2023-07-31,90126,CYTK,CYTOKINETICS INC,35,-0.02584212,0.017988,-0.3076495304003955,3131.45476,0.7124532219466284,0.7980388758682706
2023-07-31,90312,WLK,WESTLAKE CORP,15,0.003158917045595488,0.146526,0.06722689075630252,15249.27027,1.24377742033957,1.1821964970356929
2023-07-31,90550,DLB,DOLBY LABORATORIES INC,45,0.03,0.054524,0.5527269731421981,4972.265600000001,0.9511126981709933,0.8012489402418965
2023-07-31,90564,PBH,PRESTIGE CONSUMER HEALTHCARE INC,35,0.006724627988393125,0.09286599999999999,0.11974789915966386,2942.91417,0.5304348053647161,0.5111141212588793
2023-07-31,90829,CF,C F INDUSTRIES HOLDINGS INC,15,0.011290256616272105,0.177977,0.15713049925852693,13531.3464,1.0389469490946044,0.9623405773801819
2023-07-31,91575,HRI,HERC HOLDINGS INC,20,0.005279611743092105,-0.026459,-0.02893804580655793,3898.3091,2.507613359754238,1.577842630492561
2023-07-31,91611,FSLR,FIRST SOLAR INC,45,-0.004196860682220305,0.086671,-0.2046053715603889,20307.504790000003,1.3686561317172243,1.3935232496756305
2023-07-31,92852,LOPE,GRAND CANYON EDUCATION INC,25,0.004588224249783827,0.047348,0.48467622343054867,3137.37758,0.5644951795210319,0.6021045233813042
2023-07-31,93263,CELH,CELSIUS HOLDINGS INC,30,-0.000660899872695613,-0.034487000000000004,-0.25854753666172353,11470.32396,1.944207827446962,1.3719988891740007
2023-08-31,11691,MATX,MATSON INC,20,0.03,-0.061057,0.19352088661551578,3351.1952199999996,1.178269134529337,1.0694095409117488
2023-08-31,11995,COKE,COCA COLA CONSOLIDATED INC,30,0.028489909927049997,0.098856,0.4048430966589534,5301.00829,0.7756560514377954,0.6554940302661088
2023-08-31,13116,CIVI,CIVITAS RESOURCES INC,10,0.010987927630544451,0.09378,0.26679657370194454,6021.51382,1.6819483064002378,0.9703469902566091
2023-08-31,13284,ALSN,ALLISON TRANSMISSION HLDGS INC,20,0.03,0.029464000000000004,0.38328664799253037,5254.80915,0.9691383052536955,0.8449084119209914
2023-08-31,13600,QLYS,QUALYS INC,45,0.03,0.116861,0.30818414322250637,5095.625600000001,0.6373909825748905,1.041480530142562
2023-08-31,13688,PCG,P G & E CORP,55,-0.029697451329867973,-0.078927,-0.12927779807575207,45239.82585,1.1106143879429335,0.34462214504073035
2023-08-31,13748,TPH,TRI POINTE HOMES INC,25,0.005459963655143507,-0.029004,0.08608370884585721,3155.92872,1.4172631265427296,1.1880925714211037
2023-08-31,13766,BCC,BOISE CASCADE CO,20,0.03,0.054213,0.2563431169569277,4097.1691,1.5257984481601043,1.1475394265176218
2023-08-31,13837,EVTC,EVERTEC INC,40,0.027913826676168287,0.0015649999999999996,0.27942191369301345,2559.5177400000002,0.9213553729303668,0.909905111082148
2023-08-31,13901,MO,ALTRIA GROUP INC,30,0.008155607707451842,-0.030957,0.4448301059554257,81076.5168,0.5362926391845207,0.41858666109845244
2023-08-31,14329,ARMK,ARAMARK,25,-0.01990752090106585,-0.080857,-0.27034871919782405,10520.785329999999,1.5742347622298005,0.866035684357525
2023-08-31,14479,IBP,INSTALLED BUILDING PRODUCTS INC,25,0.03,-0.026764,0.2305646896439735,4204.5081,1.7289253579876482,1.4081428494589332
2023-08-31,14596,FIVN,FIVE 9 INC,45,-0.03,-0.17980800000000002,-0.37250842365931874,6333.795000000001,0.7952410088640015,1.4616355670845835
2023-08-31,14617,ARES,ARES MANAGEMENT CORP,40,-0.03,0.037995,-0.23911013680834659,17708.88482,1.2748089955760191,1.3436238172597357
2023-08-31,15067,FRPT,FRESHPET INC,30,-0.03,0.022251,-0.4285714285714285,3543.5249000000003,0.9878948578353265,1.2762228014655175
2023-08-31,15071,SYNH,SYNEOS HEALTH INC,35,0.018684316867775202,0.0030079999999999994,-0.1456582633053221,4398.72279,1.5453391206980724,2.103579334305516
2023-08-31,15272,SEDG,SOLAREDGE TECHNOLOGIES INC,45,-0.022158662759971772,-0.331258,-0.3295985060690943,13656.01176,1.3522384751902814,1.6626504632139658
2023-08-31,15284,BPMC,BLUEPRINT MEDICINES CORP,35,-0.010800044083303602,-0.24908200000000003,-0.4131043721836561,4003.89,0.7662637766947294,1.3232637879570746
2023-08-31,15332,CWEN,CLEARWAY ENERGY INC,55,0.00032692704059118956,-0.051902,0.3535704136727155,2175.81426,0.6763165318296567,0.6561487395853552
2023-08-31,15643,RUN,SUNRUN INC,20,-0.015176311121056336,-0.181039,-0.6898469532740633,4122.13334,2.307109502137585,2.3106699216030155
2023-08-31,16076,GMS,G M S INC,20,0.007321258967700515,-0.063568,0.21046969512442656,3004.63606,1.7994858653504406,1.2849408301063472
2023-08-31,16140,TWLO,TWILIO INC,45,-0.008894127284736923,-0.039673,-0.5089920025981407,11509.95342,1.4581781035006707,1.9883713637565943
2023-08-31,16260,MEDP,MEDPACE HOLDINGS INC,35,0.03,0.06300700000000001,0.18672106523768925,7737.634709999999,1.3294426033766589,1.580934359567252
2023-08-31,16655,CVNA,CARVANA CO,25,0.03,0.091219,-0.3770957658425688,4895.6968,3.1992954020245365,4.90103580410597
2023-08-31,16932,ROKU,ROKU INC,50,-0.024171680165512088,-0.16107600000000002,-0.4360816790484309,11946.04803,1.8237131874836698,1.8099520446396387
2023-08-31,17104,APLS,APELLIS PHARMACEUTICALS INC,35,-0.00834795,0.634686,-0.41066861527219584,3031.72775,1.1424199339618966,1.2282841661333574
2023-08-31,17949,BE,BLOOM ENERGY CORP,20,-0.03,-0.16523100000000002,-0.5580725043640645,3444.5689,3.019987864617958,1.6682789296214324
2023-08-31,18138,LTHM,LIVENT CORP,15,0.019188588107049213,-0.13248200000000002,0.15412251857264644,4423.91856,1.8128064144585854,1.6701745637780114
2023-08-31,18777,KRTX,KARUNA THERAPEUTICS INC,35,-0.03,-0.064656,-0.35050541955912795,7524.936360000001,0.8363064674326057,0.43670385964837066
2023-08-31,18937,CHPT,CHARGEPOINT HOLDINGS INC,20,-0.02662685245983,-0.17774700000000002,-0.42765801972963097,3059.69058,1.8775462854456277,1.3783876309745589
2023-08-31,18940,PTON,PELOTON INTERACTIVE INC,25,-0.01945311605252233,-0.347482,-0.36830674298704985,3291.5929000000006,2.042899044193285,1.8058078551038157
2023-08-31,19561,BA,BOEING CO,20,-0.03,-0.066584,-0.2716477895506028,144075.27539999998,1.383807739906483,1.166965617099352
2023-08-31,21207,NEM,NEWMONT CORP,15,-0.0270916131209516,-0.086084,-0.16733649981731827,34109.89744,0.28211303060667303,0.4922709575058057
2023-08-31,25590,NFG,NATIONAL FUEL GAS CO N J,55,0.003095584918757172,0.007324999999999999,0.25451629927333247,4875.71044,0.6287841367646013,0.6615546074943336
2023-08-31,32651,HL,HECLA MINING CO,15,-0.028245257971099662,-0.24130400000000002,-0.35111435878699304,3549.9686399999996,2.0770187725199745,1.022254187995564
2023-08-31,32707,HP,HELMERICH & PAYNE INC,10,0.005305044212482881,-0.100692,0.17454228068038805,4451.3467900000005,1.7344428240357725,1.435659926312984
2023-08-31,43350,SWK,STANLEY BLACK & DECKER INC,20,-0.03,-0.053797,-0.46665042828725684,15202.50561,1.307608560161862,1.4515557105010972
2023-08-31,44943,DIOD,DIODES INC,45,0.03,-0.13830800000000001,0.13345918077375876,4322.82301,1.3919929774982271,1.4559735899109718
2023-08-31,45306,IDCC,INTERDIGITAL INC,45,0.03,-0.069053,0.3660739658182114,2462.68061,1.1929180247249407,1.2713496765375671
2023-08-31,49429,DDS,DILLARDS INC,25,0.03,0.0015259999999999996,0.1301709089432875,4287.31392,0.9855104495136399,1.160694892904647
2023-08-31,52337,THC,TENET HEALTHCARE CORP,35,0.004407983889951293,0.033333,0.11811391223155931,7617.6025500000005,2.0797950634307827,1.5337968105039304
2023-08-31,53613,MU,MICRON TECHNOLOGY INC,45,-0.03,-0.024848,-0.4796411318150448,78193.60978,1.34031472845587,1.3860477017989843
2023-08-31,56223,LPX,LOUISIANA PACIFIC CORP,15,0.03,-0.18074400000000002,0.06535947712418301,5484.63359,1.648246918308814,1.3215613214683013
2023-08-31,57808,VSH,VISHAY INTERTECHNOLOGY INC,45,0.028592760000000002,-0.029759,0.23413713311411516,3591.5177499999995,1.248435974148313,1.2525534163430965
2023-08-31,59328,INTC,INTEL CORP,45,-0.03,-0.018655,-0.40039784029553843,149804.76,0.833236300056318,1.2605063884777832
2023-08-31,60098,OTTR,OTTER TAIL CORP,55,0.02178507637171088,0.017155,0.21489465351357934,3379.00811,0.48287651047230573,0.860913893181157
2023-08-31,60986,NWL,NEWELL BRANDS INC,25,-0.03,-0.050242,-0.2940770511102992,4622.472,0.9562668945499228,1.1905690422626463
2023-08-31,61241,AMD,ADVANCED MICRO DEVICES INC,45,-0.02999733,-0.080411,-0.502659034628344,184832.7624,1.9323832634702747,1.7069631027664962
2023-08-31,62341,PDCE,P D C ENERGY INC,10,0.03,-0.027372999999999998,0.4634230503795721,6602.354109999999,2.4541440830093713,1.0400087684131822
2023-08-31,64194,CHE,CHEMED CORP NEW,35,0.010577522401262966,-0.022293,0.23194495189380102,7856.47393,0.4897248210112158,0.5329955264248321
2023-08-31,64936,D,DOMINION ENERGY INC,55,-0.015510137001191271,-0.085629,-0.15868956278163443,44764.64055,0.4019164766932392,0.5327457916192078
2023-08-31,66384,WDC,WESTERN DIGITAL CORP,45,-0.03,0.052794,-0.49344375431331955,13704.320000000002,1.626003063221947,1.404507258465786
2023-08-31,76076,CSCO,CISCO SYSTEMS INC,45,0.028214961650039852,0.0975,0.3237526894815898,211594.63999999998,0.9566306465924966,0.7734030378290719
2023-08-31,76136,KMPR,KEMPER CORP DE,40,-0.02358367748495231,-0.077046,-0.19940729915154468,3261.62127,0.884160649242198,1.0685503580311473
2023-08-31,76226,PARA,PARAMOUNT GLOBAL,50,-0.025828319834487915,-0.063177,-0.5180854950675923,9778.300000000001,1.6725402503404634,1.5400955155302445
2023-08-31,76504,CATY,CATHAY GENERAL BANCORP,40,0.025838202533646274,-0.058903,0.21982706125928633,2760.29652,1.1721224091071862,1.1254483825900632
2023-08-31,76573,MLI,MUELLER INDUSTRIES INC,20,0.02773032,-0.048949,0.11868225551089998,4602.5057400000005,1.0714298170212009,1.13446756976922
2023-08-31,76661,IONS,IONIS PHARMACEUTICALS INC,35,-0.03,-0.032536,-0.45351763893963376,5931.40881,0.5234020153509132,0.8267452874911023
2023-08-31,77300,SMG,SCOTTS MIRACLE GRO CO,15,-0.020598044116532457,-0.185175,-0.33848901879592413,3927.2828800000007,1.5781072115186814,1.722005200883939
2023-08-31,77730,TSN,TYSON FOODS INC,30,-0.03,-0.039892,-0.17610522469857504,15913.632000000001,0.7280300684240885,0.6120778431247231
2023-08-31,78875,WOLF,WOLFSPEED INC,45,-0.03,-0.27889200000000003,-0.6508748426906995,8202.8366,1.5826941762778757,2.148649431398005
2023-08-31,78987,MCHP,MICROCHIP TECHNOLOGY INC,45,0.02440733430646197,-0.128907,0.12793813177444893,51134.73595999999,1.5573118346454926,1.5003273047386037
2023-08-31,79841,FWRD,FORWARD AIR CORP,20,0.03,-0.406385,0.13345918077375876,3064.40824,1.0755277055127819,1.060247679652944
2023-08-31,80415,EXP,EAGLE MATERIALS INC,15,0.02953836,0.022311,0.27160719360207847,6532.59784,1.268581272538111,1.051394834847333
2023-08-31,82307,DVA,DAVITA INC,35,0.02973149408603527,-0.0003210000000000001,0.29052490561441974,9250.493,0.9153924780983729,1.0224295550906508
2023-08-31,84042,PAG,PENSKE AUTOMOTIVE GROUP INC,25,0.02893026,0.017705000000000002,0.15075305484512644,10863.24316,1.1889161256706064,1.0766812665415406
2023-08-31,84519,CIEN,CIENA CORP,45,-0.01075493961306208,0.17982299999999998,-0.2523038200787561,6308.8578,0.9471394656232128,1.2062573763331241
2023-08-31,84723,LNG,CHENIERE ENERGY INC,10,0.003707028156972672,0.006181999999999999,0.4115414281654691,39325.181880000004,1.0301247274533236,0.8802808066778058
2023-08-31,84761,TTWO,TAKE TWO INTERACTIVE SOFTWR INC,50,-0.03,-0.074761,-0.32537652742256323,25973.953139999998,0.6793482380802954,0.824346943892436
2023-08-31,85002,SRPT,SAREPTA THERAPEUTICS INC,35,-0.023199066029293048,0.11189400000000001,-0.38919335850282144,10110.51081,1.020260543955226,1.1920487656083314
2023-08-31,85875,IBOC,INTERNATIONAL BANCSHARES CORP,40,0.01983164827513775,-0.090138,0.4223196524986807,3080.11236,0.9819159311374437,0.8716085745543447
2023-08-31,85992,MANH,MANHATTAN ASSOCIATES INC,45,0.02847843,0.058415999999999996,0.2809036658141517,11755.34478,1.55228826161939,1.1907371880794286
2023-08-31,87337,PLUG,PLUG POWER INC,20,-0.013183771471445766,-0.35972000000000004,-0.5629846141355094,7895.64224,2.05618228223281,1.9960740959527052
2023-08-31,87432,A,AGILENT TECHNOLOGIES INC,35,0.03,-0.010286,0.12546177891446433,35967.93552,0.9896015247085043,1.1319012650629787
2023-08-31,88351,INSM,INSMED INC,35,-0.01853705343276158,-0.013590999999999999,-0.47834206146226604,3176.5420000000004,1.595128207876228,1.2066320792518594
2023-08-31,88853,FLR,FLUOR CORP NEW,20,-0.006129676570724142,0.124901,-0.1857061665245808,4437.48226,2.247419274844584,0.9449536127907894
2023-08-31,89301,GME,GAMESTOP CORP NEW,25,-0.02733219,-0.16895100000000002,-0.11496772622092315,6765.472199999999,1.3108619430712543,0.6158345022127901
2023-08-31,89533,WYNN,WYNN RESORTS LTD,25,-0.007697396701555324,-0.071797,-0.30733162830349536,12417.50814,1.9864081493668837,1.3710434346934721
2023-08-31,89916,NXST,NEXSTAR MEDIA GROUP INC,50,0.03,-0.12551800000000002,0.19583485568140294,6606.34032,1.4836752506769912,1.0951363045566889
2023-08-31,89946,AEL,AMERICAN EQUITY INVT LIFE HLDG C,40,0.03,-0.004351,0.29168189014736334,4180.14162,0.9418133454835398,1.4515711976723655
2023-08-31,90071,NRG,N R G ENERGY INC,55,-0.03,-0.016119,-0.5753054845126455,8746.51368,1.0013985919870156,1.0071688900116642
2023-08-31,90126,CYTK,CYTOKINETICS INC,35,-0.026306968054559995,0.043139000000000004,-0.3212357406730808,3201.5333000000005,0.7279942179383863,0.7987406435536588
2023-08-31,90550,DLB,DOLBY LABORATORIES INC,45,0.03,-0.047902,0.5295538505257176,5265.2062000000005,0.9524331682357856,0.8161276290481053
2023-08-31,90829,CF,C F INDUSTRIES HOLDINGS INC,15,0.013299662618066366,-0.060764,0.1725936751512199,15999.033599999999,1.0598145672412063,0.9753988141813923
2023-08-31,91611,FSLR,FIRST SOLAR INC,45,-0.00456060679440902,-0.092676,-0.25784516705232813,22156.7494,1.3795875761281564,1.3407133096761414
2023-08-31,91832,MDGL,MADRIGAL PHARMACEUTICALS INC,35,-0.026210235645106526,-0.127771,-0.5062923720212723,3789.6327,-0.297481181897647,1.5585924535077669
2023-08-31,92852,LOPE,GRAND CANYON EDUCATION INC,25,0.03,0.07561,0.4823001664433889,3299.7028999999998,0.5650663893706594,0.6185890227400664
2023-09-30,11691,MATX,MATSON INC,20,0.02816829,0.0052910000000000006,0.2563812871369989,3101.1973199999998,1.1877021212338223,1.0456756712770092
2023-09-30,11995,COKE,COCA COLA CONSOLIDATED INC,30,0.03,-0.093808,0.2740815130973303,5849.094099999999,0.7426128918396792,0.7261346901775507
2023-09-30,13116,CIVI,CIVITAS RESOURCES INC,10,0.01016908562708618,-0.00014099999999999963,0.005523474767763027,7709.02942,1.694044710182407,0.9573643184072911
2023-09-30,13284,ALSN,ALLISON TRANSMISSION HLDGS INC,20,0.03,-0.027261,0.3699263536697632,5412.3907500000005,0.9555956434242797,0.8223508416721375
2023-09-30,13600,QLYS,QUALYS INC,45,0.03,-0.024184,0.2765921834463135,5714.2228000000005,0.6128179823929204,1.0206832976194087
2023-09-30,13688,PCG,P G & E CORP,55,-0.027353520588755485,-0.014696,-0.05893798644238012,34087.2283,1.1131869008556587,0.3429044212210062
2023-09-30,13721,ABBV,ABBVIE INC,35,0.03,0.010023,0.34787429910452755,259391.30712,0.5476997446393175,0.5258575312358762
2023-09-30,13748,TPH,TRI POINTE HOMES INC,25,0.005301602869289724,-0.12484600000000001,0.0729558958908695,3078.7134,1.4226410361105846,1.2130735116871973
2023-09-30,13766,BCC,BOISE CASCADE CO,20,0.03,-0.062144,0.2266926102602728,4329.9583,1.5161127775488048,1.1187550321161037
2023-09-30,13901,MO,ALTRIA GROUP INC,30,0.007903134559652256,-0.032208,0.4683864758557202,78473.2542,0.5422220514833265,0.43510902758493153
2023-09-30,14329,ARMK,ARAMARK,25,-0.01829785848356837,-0.07097,-0.26516863335844004,9705.839,1.5841130864235875,0.9243710126832893
2023-09-30,14479,IBP,INSTALLED BUILDING PRODUCTS INC,25,0.02919708,-0.13921699999999998,0.07103104862331579,4111.92403,1.7592406583176785,1.4036714578546274
2023-09-30,14596,FIVN,FIVE 9 INC,45,-0.02460576,-0.11577699999999999,-0.41279604987865104,5225.982440000001,0.7611262508613269,1.559634998911028
2023-09-30,14617,ARES,ARES MANAGEMENT CORP,40,-0.03,-0.002482,-0.22566741986777133,18759.3612,1.276056328701034,1.3768706764263001
2023-09-30,15067,FRPT,FRESHPET INC,30,-0.03,-0.1318,-0.39321282115658207,3641.0166900000004,0.9488721246203118,1.264110686788518
2023-09-30,15071,SYNH,SYNEOS HEALTH INC,35,0.01874051929291347,0.002052,-0.21244455602979326,4431.912869999999,1.5415764530975027,2.0731766868392487
2023-09-30,15272,SEDG,SOLAREDGE TECHNOLOGIES INC,45,-0.014818428451429042,-0.207626,-0.2706293413674784,9194.63406,1.4336530624535888,1.7126882004221928
2023-09-30,15284,BPMC,BLUEPRINT MEDICINES CORP,35,-0.008109947502946174,0.002953,-0.4045945267386392,3024.7569,0.7710440212969077,1.3168679728724106
2023-09-30,15490,LITE,LUMENTUM HOLDINGS INC,45,-0.03,-0.16960999999999998,-0.4802493932546656,3626.65587,1.0193936659667349,1.2635131213556168
2023-09-30,15643,RUN,SUNRUN INC,20,-0.012428806932011418,-0.200684,-0.6211816888442547,3394.57029,2.353431095541416,2.3973807202071207
2023-09-30,16076,GMS,G M S INC,20,0.006855861177641729,-0.081712,0.15034730939827604,2815.6200400000002,1.8224861929458946,1.32792892133631
2023-09-30,16140,TWLO,TWILIO INC,45,-0.008541270572969556,-0.08557300000000001,-0.4111222696459955,11538.96407,1.4110713313734433,2.0020903435790265
2023-09-30,16260,MEDP,MEDPACE HOLDINGS INC,35,0.03,-0.10838500000000001,0.1832580132228638,8260.262009999999,1.3284237397741698,1.6434948057984655
2023-09-30,16655,CVNA,CARVANA CO,25,0.03,-0.170503,-0.3768516193823751,5364.4904,3.1197154285683766,4.893146256927598
2023-09-30,16736,VST,VISTRA CORP,55,0.013684884919083245,0.058310999999999995,0.3570800903841325,11549.0494,0.9073365601899857,0.8861425843823928
2023-09-30,16932,ROKU,ROKU INC,50,-0.020278202611172063,-0.134932,-0.40664490752364213,10076.0268,1.8155074029280256,1.8463035477129621
2023-09-30,17104,APLS,APELLIS PHARMACEUTICALS INC,35,-0.013646276993699998,-0.10305900000000001,-0.49045945267386387,4969.6787699999995,1.029313105700652,1.36168057274641
2023-09-30,17929,UGI,U G I CORP NEW,55,-0.00613957896015218,-0.076625,-0.3930454431333166,5274.68122,1.0044269105336412,0.9590913496942974
2023-09-30,17949,BE,BLOOM ENERGY CORP,20,-0.025043069999999997,-0.119677,-0.47953803665578715,3139.23578,3.0109740185006117,1.599625550718884
2023-09-30,18138,LTHM,LIVENT CORP,15,0.016646445577451117,-0.146791,0.05935643150054399,3858.48105,1.8292292459038304,1.6303304852479144
2023-09-30,18777,KRTX,KARUNA THERAPEUTICS INC,35,-0.03,-0.10370199999999999,-0.4297430747342874,7072.54368,0.8610785572771749,0.21630815710013784
2023-09-30,18779,MORF,MORPHIC HOLDING INC,35,-0.03,-0.588327,-0.5616788015733534,2639.59884,1.1064834330897209,0.9096832358882876
2023-09-30,18937,CHPT,CHARGEPOINT HOLDINGS INC,20,-0.021894009315652597,-0.31013300000000005,-0.3527910285379529,2529.72108,1.9092689272032848,1.353211544968906
2023-09-30,18940,PTON,PELOTON INTERACTIVE INC,25,-0.012693508380359764,-0.212731,-0.2778475186208051,2162.7562,2.1083791577644018,1.7696226586242272
2023-09-30,19561,BA,BOEING CO,20,-0.02800248,-0.148667,-0.2198091890534773,135135.79212,1.397818483593934,1.1804384621502029
2023-09-30,21207,NEM,NEWMONT CORP,15,-0.024759458697047602,-0.057187,-0.14260607582224455,31328.33544,0.3216013761715051,0.5145480904382319
2023-09-30,25590,NFG,NATIONAL FUEL GAS CO N J,55,0.0031182600782870685,-0.02915,0.20007950456105114,4934.35306,0.6224691529375397,0.6749953417338721
2023-09-30,32707,HP,HELMERICH & PAYNE INC,10,0.03,0.049997,0.3128504477362123,3976.0857300000002,1.740709015412486,1.3915816247158326
2023-09-30,43350,SWK,STANLEY BLACK & DECKER INC,20,-0.02838609,-0.11110300000000001,-0.3450079504561051,14461.847399999999,1.3223632360456476,1.4599929158904539
2023-09-30,44943,DIOD,DIODES INC,45,0.03,-0.041042,0.2258138756381287,3760.10715,1.4172831637201748,1.459108436642973
2023-09-30,45306,IDCC,INTERDIGITAL INC,45,0.027928409999999997,-0.07888400000000001,0.12517783914971964,2289.75097,1.204932016016979,1.2897623073170377
2023-09-30,47941,TGNA,TEGNA INC,50,0.03,-0.11624300000000001,0.4555402125700896,3331.15866,0.6317203648540943,0.5576914940990175
2023-09-30,49429,DDS,DILLARDS INC,25,0.03,-0.045001,0.20643986944514187,4313.30976,0.9983743777297587,1.101976654723418
2023-09-30,52337,THC,TENET HEALTHCARE CORP,35,0.0045549152169550395,-0.15473099999999998,0.04014980333082268,7875.0546,2.0919504719314297,1.5907956043910239
2023-09-30,52978,HAS,HASBRO INC,25,-0.014597910380777838,-0.08565600000000001,-0.3854715875805507,9989.352,0.69589888731265,1.1546282880136602
2023-09-30,53613,MU,MICRON TECHNOLOGY INC,45,-0.02925456,-0.031576,-0.5048958071805172,76794.12,1.3458648716056014,1.4122753258727314
2023-09-30,57808,VSH,VISHAY INTERTECHNOLOGY INC,45,0.02774186805516,-0.09980800000000001,0.21706837392250403,3483.4256800000003,1.2600806500662152,1.26666811451502
2023-09-30,59328,INTC,INTEL CORP,45,-0.02944035,0.007401,-0.3616620637710269,147166.32,0.8329884967841025,1.3095263287797667
2023-09-30,60098,OTTR,OTTER TAIL CORP,55,0.02215879935686758,-0.082572,0.10948614946857475,3435.73507,0.48326941103556376,0.858275918980938
2023-09-30,60986,NWL,NEWELL BRANDS INC,25,-0.02849274,-0.15077,-0.22319859402460457,4382.236,0.9858005494440233,1.2450816458107468
2023-09-30,61241,AMD,ADVANCED MICRO DEVICES INC,45,-0.02758521469737,-0.031698000000000004,-0.5509247635785421,170808.73812,1.902984059055697,1.776199340810939
2023-09-30,64194,CHE,CHEMED CORP NEW,35,0.01034171769437161,0.011883999999999999,0.2853376851619382,7710.98088,0.49217118020707523,0.5479239430718015
2023-09-30,64936,D,DOMINION ENERGY INC,55,-0.009744178456052605,-0.08399499999999999,0.1321031048623316,40616.96142,0.4178511638065424,0.5568852322729384
2023-09-30,66384,WDC,WESTERN DIGITAL CORP,45,-0.03,0.009733,-0.5073227885178676,14485.320000000002,1.6275209827057333,1.4328189532095634
2023-09-30,76076,CSCO,CISCO SYSTEMS INC,45,0.03,-0.06686500000000001,0.3890283705749435,233185.1,0.9213323929586514,0.7585854499821074
2023-09-30,76136,KMPR,KEMPER CORP DE,40,-0.021766649469446675,-0.10944100000000001,-0.22922420286216422,3008.7103199999997,0.8919838402310404,1.0963295602133525
2023-09-30,76226,PARA,PARAMOUNT GLOBAL,50,-0.02419656407230447,-0.14629699999999998,-0.47359611682986025,9210.92091,1.6773672149455199,1.580088625563573
2023-09-30,76504,CATY,CATHAY GENERAL BANCORP,40,0.024316254889806908,-0.028685,0.2499790777470918,2585.41969,1.1782144410957858,1.1681918936898803
2023-09-30,76573,MLI,MUELLER INDUSTRIES INC,20,0.026372948566319998,-0.030187,0.22692275504226297,4379.6016,1.088858805271984,1.157260860906511
2023-09-30,76661,IONS,IONIS PHARMACEUTICALS INC,35,-0.029023919999999998,0.12213000000000002,-0.36643233743409487,5771.73802,0.5222689148922101,0.7999022026465817
2023-09-30,77300,SMG,SCOTTS MIRACLE GRO CO,15,-0.01678380129725356,-0.09215999999999999,-0.204828855971211,3181.7989599999996,1.6174914845897697,1.819818759273368
2023-09-30,77730,TSN,TYSON FOODS INC,30,-0.028803239999999997,-0.056454,-0.28475186208050884,15211.248500000002,0.7211393965003813,0.6121835760093567
2023-09-30,78875,WOLF,WOLFSPEED INC,45,-0.021633239999999998,-0.207529,-0.6770022596033141,5989.455,1.6311944326488776,2.056073342986359
2023-09-30,78987,MCHP,MICROCHIP TECHNOLOGY INC,45,0.021261058063018878,-0.050577,0.11136915223031212,44548.294559999995,1.5931313073191922,1.524404361991207
2023-09-30,79857,PTEN,PATTERSON U T I ENERGY INC,10,0.006100969367874746,-0.020012,0.30207548748849283,2941.03516,2.4396057612824196,1.3882056359755155
2023-09-30,80415,EXP,EAGLE MATERIALS INC,15,0.03,-0.12346199999999999,0.23050046028956395,6707.98624,1.276292543010901,1.067574016341124
2023-09-30,82307,DVA,DAVITA INC,35,0.02972195027643365,-0.08130299999999999,0.13114068122855468,9350.946,0.9184908350837055,1.055378197119477
2023-09-30,84042,PAG,PENSKE AUTOMOTIVE GROUP INC,25,0.0294424702533,0.012532000000000001,0.059837643317432396,11057.0614,1.189077453839831,1.0971615267290626
2023-09-30,84519,CIEN,CIENA CORP,45,-0.012688925119101743,-0.058689,-0.32341618545484974,7471.9600199999995,0.8829097532799477,1.3213276857581744
2023-09-30,84723,LNG,CHENIERE ENERGY INC,10,0.003729945005039077,0.012645,0.26069127123608665,39269.673599999995,1.0253135182641584,0.900376086216627
2023-09-30,84761,TTWO,TAKE TWO INTERACTIVE SOFTWR INC,50,-0.02775717,-0.016996,-0.2033642982676375,24149.968199999996,0.6678314974118108,0.8246857422821913
2023-09-30,85002,SRPT,SAREPTA THERAPEUTICS INC,35,-0.025794902323574762,-0.002532,-0.4250564900828522,11287.69179,0.9750551327072794,1.214901918474214
2023-09-30,85738,MRCY,MERCURY SYSTEMS INC,20,-0.03,-0.059299,-0.5049376516863335,2327.56425,0.8311253719139176,1.1228024850517069
2023-09-30,85875,IBOC,INTERNATIONAL BANCSHARES CORP,40,0.03,-0.036424,0.4480291237760482,2778.55422,0.9901387573418997,0.8937418854483807
2023-09-30,85992,MANH,MANHATTAN ASSOCIATES INC,45,0.03,-0.028746,0.25384969453510753,12495.37278,1.5184887164097944,1.2211439336107968
2023-09-30,87337,PLUG,PLUG POWER INC,20,-0.008441305197737295,-0.10592199999999999,-0.5296259101180015,5092.683120000001,2.1378549407446346,2.0290548592688844
2023-09-30,87432,A,AGILENT TECHNOLOGIES INC,35,0.02969142,-0.08066899999999999,-0.03138337936228974,35761.17232,0.9899614579342315,1.1143033807346878
2023-09-30,88351,INSM,INSMED INC,35,-0.018285116339556918,0.149228,-0.4690350656958742,3147.782,1.6261111352662485,1.1236366098841164
2023-09-30,88853,FLR,FLUOR CORP NEW,20,-0.006895279304084158,0.044604,-0.26422713197757136,5016.44632,2.206062664649966,0.9871824380323325
2023-09-30,89301,GME,GAMESTOP CORP NEW,25,-0.022714389167309997,-0.11693500000000001,-0.11783412837894383,5653.13105,1.3833911729830597,0.6361756766432178
2023-09-30,89533,WYNN,WYNN RESORTS LTD,25,-0.0071447467105737565,-0.092746,-0.23840907188886099,11550.83168,2.011060072381399,1.4037626721993677
2023-09-30,89916,NXST,NEXSTAR MEDIA GROUP INC,50,0.026234459999999998,-0.123616,0.06418947192233658,5711.5124000000005,1.4949137512065553,1.1774925832387981
2023-09-30,89946,AEL,AMERICAN EQUITY INVT LIFE HLDG C,40,0.03,-0.005012,0.2809021675454013,4203.03664,0.9387940460625911,1.4163716002710927
2023-09-30,90071,NRG,N R G ENERGY INC,55,-0.02951643,0.021565,-0.3956398024939326,8603.34335,0.9883776265589972,1.0117637822781493
2023-09-30,90126,CYTK,CYTOKINETICS INC,35,-0.02744182434946566,-0.161107,-0.4189890367394761,3354.1701199999998,0.7197922455142906,0.7881700539818149
2023-09-30,90550,DLB,DOLBY LABORATORIES INC,45,0.02856294,-0.065946,0.14348481044438866,5030.61085,0.9482785592501735,0.9382039327918221
2023-09-30,90776,WAL,WESTERN ALLIANCE BANCORPORATION,40,0.004108683882263585,-0.08505099999999999,-0.10892124864005355,5476.24503,1.4659868394682654,2.9001326904487263
2023-09-30,90829,CF,C F INDUSTRIES HOLDINGS INC,15,0.01249152191874218,0.10822799999999999,0.05397941250313836,14870.502359999999,1.0487602518373493,0.9758531031145053
2023-09-30,91356,HOMB,HOME BANCSHARES INC,40,0.013341710697376186,-0.060173,0.38337936228973135,4493.24658,1.1836317572154285,0.9746102592260606
2023-09-30,91611,FSLR,FIRST SOLAR INC,45,-0.00413794799913037,-0.149836,-0.2525315926018914,20203.87872,1.403633808255819,1.4039830348980373
2023-09-30,91832,MDGL,MADRIGAL PHARMACEUTICALS INC,35,-0.02286132762649562,-0.192934,-0.5078876893463888,3324.78,-0.2574389554618931,1.6110097967901873
2023-09-30,92655,UNH,UNITEDHEALTH GROUP INC,35,0.002112792655065348,0.057804,0.2941459536362876,441458.4369,0.6225908859228596,0.726390069790851
2023-09-30,92852,LOPE,GRAND CANYON EDUCATION INC,25,0.03,-0.007423,0.40875805506736956,3549.7437499999996,0.5482456128345073,0.5974856772648196
2023-10-31,10693,EHC,ENCOMPASS HEALTH CORP,35,0.03,-0.073208,0.30069675985295374,6731.513959999999,0.9945465021965854,0.8574953364990421
2023-10-31,11691,MATX,MATSON INC,20,0.028317328422389997,-0.023538,0.2115927160810464,3130.84008,1.171759668825641,1.0951634162935622
2023-10-31,11995,COKE,COCA COLA CONSOLIDATED INC,30,0.02718576,-0.0037919999999999994,0.34124134393434213,5325.36208,0.7690205527246671,0.7667222623950566
2023-10-31,13284,ALSN,ALLISON TRANSMISSION HLDGS INC,20,0.02918217,-0.151007,0.3439984611438831,5287.9371,0.949593137505647,0.8398466121202249
2023-10-31,13600,QLYS,QUALYS INC,45,0.02927448,-0.0020929999999999994,0.31984696930836964,5613.2298,0.6117859901856022,1.0689855070066874
2023-10-31,13688,PCG,P G & E CORP,55,-0.026951533250183134,0.005824,-0.0974822604086518,33731.71733,1.097044295570314,0.3462668074342432
2023-10-31,13721,ABBV,ABBVIE INC,35,0.03,-0.048126999999999996,0.2888988629563136,263097.90582,0.537241056044519,0.5269109039523979
2023-10-31,13748,TPH,TRI POINTE HOMES INC,25,0.004639718957470379,-0.088444,0.08217919124561857,2707.4859,1.4356227010808862,1.277898413396798
2023-10-31,13766,BCC,BOISE CASCADE CO,20,0.02813568,-0.094874,0.17865692057792598,4079.353600000001,1.5088884782129528,1.1593938244360045
2023-10-31,13901,MO,ALTRIA GROUP INC,30,0.007648590401754976,-0.049423999999999996,0.4656108403864238,74622.35049999999,0.544434057004268,0.4332886641030409
2023-10-31,14329,ARMK,ARAMARK,25,-0.016999259466989523,0.035177,-0.2170428314952552,9058.435000000001,1.5798573082233813,0.9574382367450132
2023-10-31,14479,IBP,INSTALLED BUILDING PRODUCTS INC,25,0.02513235011364,-0.110568,0.10222706676925705,3548.2497900000003,1.7721133815355943,1.4787259182257297
2023-10-31,14596,FIVN,FIVE 9 INC,45,-0.02175697892448,-0.104715,-0.4070274429340857,4674.3528,0.7833559315948312,1.6547594603004556
2023-10-31,14617,ARES,ARES MANAGEMENT CORP,40,-0.02992554,-0.046320999999999994,-0.19637513892451053,18655.98885,1.2656882812389059,1.397928004080039
2023-10-31,14751,VRTV,VERITIV CORP,20,0.013226437216490604,-0.0016949999999999995,0.3533598358553475,2288.7639,2.064354891607801,1.0929330684349963
2023-10-31,15067,FRPT,FRESHPET INC,30,-0.026046,-0.133434,-0.2971060955800633,3177.1288799999998,0.976742322615146,1.2315998672645783
2023-10-31,15272,SEDG,SOLAREDGE TECHNOLOGIES INC,45,-0.011741737425772636,-0.41827400000000003,-0.208621868855262,7357.59261,1.4733120066897525,1.7579898090491295
2023-10-31,15284,BPMC,BLUEPRINT MEDICINES CORP,35,-0.008133896177922373,0.167328,-0.3941608959562281,3050.41302,0.7564173900421306,1.3737971558203308
2023-10-31,15490,LITE,LUMENTUM HOLDINGS INC,45,-0.0249117,-0.136853,-0.4093571001111395,3027.06,1.0497613779440078,1.3528928333576289
2023-10-31,15643,RUN,SUNRUN INC,20,-0.009934544241667639,-0.236403,-0.6163759938445754,2734.4878400000002,2.377800573852144,2.525676901508419
2023-10-31,16076,GMS,G M S INC,20,0.006295655049094268,-0.09053699999999999,0.16861160981448237,2596.73421,1.8186339868580312,1.3812167154898247
2023-10-31,16140,TWLO,TWILIO INC,45,-0.007810368426228832,-0.128925,-0.37881508078994613,10600.77801,1.4160429872347167,2.081934606099057
2023-10-31,16260,MEDP,MEDPACE HOLDINGS INC,35,0.03,-0.0024849999999999994,0.13223476104984186,7429.03266,1.3460710151433153,1.7320236098489001
2023-10-31,16347,AA,ALCOA CORP,15,-0.005608912400537705,-0.118918,-0.5114559288706506,5185.757,2.3725310087070905,1.8272757484281685
2023-10-31,16597,AYX,ALTERYX INC,45,-0.015691845585252096,-0.155418,-0.497114644780713,2380.68885,0.5055902440479326,1.5645151674762048
2023-10-31,16655,CVNA,CARVANA CO,25,0.03,-0.36155200000000004,-0.39213046080191505,4472.717119999999,3.123233166541474,5.172838300541893
2023-10-31,16736,VST,VISTRA CORP,55,0.014482864243599907,-0.018579,0.3339104043771907,12195.9726,0.8764825443362106,0.9140338504918104
2023-10-31,16932,ROKU,ROKU INC,50,-0.017542024176441393,-0.160828,-0.4039497307001795,8829.820740000001,1.8392277962635548,1.9212904222734881
2023-10-31,17104,APLS,APELLIS PHARMACEUTICALS INC,35,-0.012239905333006269,0.27446499999999996,-0.48281610669402414,4502.376359999999,1.0501486119749546,1.430717268869333
2023-10-31,17929,UGI,U G I CORP NEW,55,-0.005669133722330519,-0.100367,-0.3446182781909891,4818.017000000001,1.0084028909693192,1.0053187441528535
2023-10-31,17949,BE,BLOOM ENERGY CORP,20,-0.03,-0.22040099999999999,-0.48666324698640684,2776.93572,3.0041773772437046,1.6679728293804257
2023-10-31,18138,LTHM,LIVENT CORP,15,0.01420289718469149,-0.212211,0.029858083269214304,3308.55315,1.8461232458764305,1.7162830151896213
2023-10-31,18777,KRTX,KARUNA THERAPEUTICS INC,35,-0.03,-0.019382,-0.38058903992476706,6377.90571,0.908456462894658,0.22563042394964675
2023-10-31,19201,RVMD,REVOLUTION MEDICINES INC,35,-0.003576631474777669,-0.289397,-0.4890142771650851,3029.63136,1.3173051000001255,1.2468644101818318
2023-10-31,19561,BA,BOEING CO,20,-0.023839435305839998,-0.03007,-0.1157775497990938,115622.14271999999,1.421365551775318,1.152765607897021
2023-10-31,19751,LCID,LUCID GROUP INC,25,-0.03,-0.267685,-0.5410575361203728,12797.05843,1.4230041172851582,1.7287967459963551
2023-10-31,21207,NEM,NEWMONT CORP,15,-0.02334353953253954,0.009358000000000002,-0.17010771992818668,29367.712200000005,0.3354304686954277,0.5368183083776651
2023-10-31,25590,NFG,NATIONAL FUEL GAS CO N J,55,0.0030273627970050006,-0.023209,0.2098187569462255,4766.32429,0.6212792037440227,0.68813791227735
2023-10-31,32707,HP,HELMERICH & PAYNE INC,10,0.03,-0.066148,0.1713046080191502,4191.84232,1.696451413806927,1.3816916746361656
2023-10-31,43350,SWK,STANLEY BLACK & DECKER INC,20,-0.02523231024273,0.012872999999999999,-0.24491322561340514,12806.963399999999,1.3335817836479507,1.5264223904235057
2023-10-31,44943,DIOD,DIODES INC,45,0.028768739999999998,-0.179246,0.18592374113020435,3621.5942400000004,1.4043842525163097,1.5438665306757158
2023-10-31,45306,IDCC,INTERDIGITAL INC,45,0.025725305305559998,-0.062306,0.16878259382747712,2084.234,1.2078371438709778,1.3413571057002194
2023-10-31,47941,TGNA,TEGNA INC,50,0.02651271,-0.008833,0.28676156279387877,2936.1755399999997,0.6600204638848525,0.6214538744994658
2023-10-31,49429,DDS,DILLARDS INC,25,0.02864997,-0.066261,0.24008292724630248,4114.94559,1.0035219404531186,1.1465093392490204
2023-10-31,52337,THC,TENET HEALTHCARE CORP,35,0.0038501286305203694,-0.18972,0.054437035137214665,6690.1411499999995,2.103283365345251,1.6528614297295428
2023-10-31,52978,HAS,HASBRO INC,25,-0.013347511769201932,-0.311489,-0.3021928699666581,9176.5943,0.7114787139987458,1.2115190272717045
2023-10-31,53613,MU,MICRON TECHNOLOGY INC,45,-0.03,-0.020151,-0.45943404291698725,74699.25302,1.3284448482907445,1.4907292091239566
2023-10-31,57808,VSH,VISHAY INTERTECHNOLOGY INC,45,0.02497300768831059,-0.105039,0.17391211421732064,3138.12984,1.2647974120354237,1.3560065734556122
2023-10-31,59328,INTC,INTEL CORP,45,-0.02965823803035,0.022008,-0.42848593656493117,149878.8,0.8140289552660046,1.3822080858015062
2023-10-31,60098,OTTR,OTTER TAIL CORP,55,0.02032910297637231,0.008720000000000002,0.15463366675215867,3166.6991199999998,0.5038760390928643,0.9059118599517564
2023-10-31,60986,NWL,NEWELL BRANDS INC,25,-0.0241968895902,-0.260529,-0.298623578695392,3740.2259999999997,1.0121469315784728,1.3418973822480427
2023-10-31,61241,AMD,ADVANCED MICRO DEVICES INC,45,-0.03,-0.046729999999999994,-0.553838591091733,166054.3,1.8949570513007152,1.8689953534856494
2023-10-31,64194,CHE,CHEMED CORP NEW,35,0.010464618667451523,0.077929,0.2650465931435411,7835.5169000000005,0.4810745695813387,0.5716909680140179
2023-10-31,66384,WDC,WESTERN DIGITAL CORP,45,-0.03,-0.12481099999999999,-0.510130802769941,14784.12,1.59265798722656,1.4743531265066858
2023-10-31,76076,CSCO,CISCO SYSTEMS INC,45,0.03,-0.027986,0.4399204924339574,217989.16608,0.9275218298187933,0.7817127182934763
2023-10-31,76136,KMPR,KEMPER CORP DE,40,-0.01938448558486096,-0.055868999999999995,-0.23796700008549196,2692.27368,0.9079711594906722,1.1931572090676763
2023-10-31,76226,PARA,PARAMOUNT GLOBAL,50,-0.03,-0.161304,-0.5011113960844661,7881.900000000001,1.6928542823814372,1.6889487464311237
2023-10-31,76504,CATY,CATHAY GENERAL BANCORP,40,0.023618743118292797,-0.029168,0.14255792083440197,2523.12412,1.1651848125820718,1.2531512334084567
2023-10-31,76573,MLI,MUELLER INDUSTRIES INC,20,0.025576828367948497,-0.0012559999999999997,0.15937847311276393,4266.0815999999995,1.0799877648853926,1.2286992254399738
2023-10-31,76661,IONS,IONIS PHARMACEUTICALS INC,35,-0.03,-0.028745,-0.49854663588954434,6504.30648,0.4787921851383526,0.8240943084268001
2023-10-31,76712,AES,A E S CORP,55,-0.025218663044463574,-0.013537,-0.391211421732068,10178.3608,0.9975090033927112,1.1180271948367042
2023-10-31,77730,TSN,TYSON FOODS INC,30,-0.03,-0.086711,-0.2782337351457639,14417.419500000002,0.7236618105002358,0.6572368692507908
2023-10-31,78875,WOLF,WOLFSPEED INC,45,-0.03,-0.11652599999999999,-0.673933487218945,4772.3298,1.6615643796309305,2.224139637165358
2023-10-31,78987,MCHP,MICROCHIP TECHNOLOGY INC,45,0.02018573752936557,-0.09132599999999999,0.1636103274343849,42228.4842,1.5809006676293027,1.5854257104334453
2023-10-31,79857,PTEN,PATTERSON U T I ENERGY INC,10,0.005978876768884836,-0.087085,0.018936479439172427,5775.47352,2.406246983631745,1.3925696016561109
2023-10-31,79862,ROCK,GIBRALTAR INDUSTRIES INC,20,0.03,-0.10321899999999999,0.33609045054287423,2054.7343600000004,1.13793338338725,1.1263765870195874
2023-10-31,80069,ARWR,ARROWHEAD PHARMACEUTICALS INC,35,-0.03,-0.089568,-0.5719415234675557,2883.47344,1.0534858898364738,1.45745603615751
2023-10-31,80415,EXP,EAGLE MATERIALS INC,15,0.02629614,-0.080442,0.18297426690604432,5900.136640000001,1.2925647981419102,1.1380059852624493
2023-10-31,82307,DVA,DAVITA INC,35,0.027305466553108764,-0.187726,0.1079977772078311,8630.589,0.9304985914470564,1.1379880780807659
2023-10-31,84042,PAG,PENSKE AUTOMOTIVE GROUP INC,25,0.029811443290514356,-0.148256,0.11304180559117723,11242.803880000001,1.1663438194416207,1.0631232977931142
2023-10-31,84519,CIEN,CIENA CORP,45,-0.01194422479278678,-0.11178199999999999,-0.2174916645293665,6987.01292,0.8876574236044698,1.3496883936964525
2023-10-31,84606,EEFT,EURONET WORLDWIDE INC,40,0.006824314382757731,-0.036712999999999996,0.2931307172779345,3664.2601799999998,1.23632694227694,1.3135677337792926
2023-10-31,84723,LNG,CHENIERE ENERGY INC,10,0.003777110159627796,-0.0019429999999999994,0.267803710353082,39933.79308,1.0085139551625462,0.892978730072884
2023-10-31,84761,TTWO,TAKE TWO INTERACTIVE SOFTWR INC,50,-0.02728540913868,-0.052011999999999996,-0.19154484055740786,23866.3,0.6626380996020388,0.8441081765158598
2023-10-31,85002,SRPT,SAREPTA THERAPEUTICS INC,35,-0.02572958963089147,-0.449444,-0.4297255706591434,11338.55514,0.9660167703127586,1.2730610193005067
2023-10-31,85738,MRCY,MERCURY SYSTEMS INC,20,-0.03,-0.034642,-0.5232110797640421,2124.29266,0.8342993865512883,1.222456824921319
2023-10-31,85992,MANH,MANHATTAN ASSOCIATES INC,45,0.029137619999999996,-0.018274,0.26137043686415323,12168.34492,1.504161640063143,1.2976584006589045
2023-10-31,87337,PLUG,PLUG POWER INC,20,-0.007547185268582566,-0.229715,-0.528426092160383,4600.9488,2.146192864137839,2.1363045493311987
2023-10-31,87432,A,AGILENT TECHNOLOGIES INC,35,0.02729624284002,-0.07840699999999999,0.010793365820295822,32717.078339999996,1.0013627973368493,1.1682712115265823
2023-10-31,88351,INSM,INSMED INC,35,-0.03,-0.01224,-0.532166367444644,3611.98725,1.5534884717716304,1.219178582341461
2023-10-31,88853,FLR,FLUOR CORP NEW,20,-0.007202836342163528,-0.097631,-0.2583354706334958,5261.6056,2.154065995302349,1.0342892890804485
2023-10-31,89301,GME,GAMESTOP CORP NEW,25,-0.020058282070030603,-0.16814099999999998,-0.036697443789005704,5024.26686,1.429614138510264,0.6634745719622055
2023-10-31,89533,WYNN,WYNN RESORTS LTD,25,-0.006482100032154883,-0.054818,-0.2182397195862187,10475.32037,1.9986652728038217,1.3790607321910435
2023-10-31,89916,NXST,NEXSTAR MEDIA GROUP INC,50,0.02299146099264,-0.027663,-0.004915790373600031,4902.39378,1.510683057206259,1.390634969876057
2023-10-31,89946,AEL,AMERICAN EQUITY INVT LIFE HLDG C,40,0.03,-0.017392,0.2695135504830299,4199.90472,0.9240123052131978,1.4629728422503763
2023-10-31,90071,NRG,N R G ENERGY INC,55,-0.03,0.105293,-0.48379926476874413,8825.58684,0.9669103153832939,1.0604195194058748
2023-10-31,90126,CYTK,CYTOKINETICS INC,35,-0.0230207543539963,0.178584,-0.4022398905702317,2835.58392,0.7752274437515292,0.831892397681583
2023-10-31,90550,DLB,DOLBY LABORATORIES INC,45,0.026679328358759996,0.016481,0.3035179960673677,4720.3293,0.9524277736236139,0.9817359106567327
2023-10-31,90776,WAL,WESTERN ALLIANCE BANCORPORATION,40,0.026328068144227477,-0.110654,-0.12272377532700697,5033.85291,1.4672965354990182,3.1002177159059094
2023-10-31,90829,CF,C F INDUSTRIES HOLDINGS INC,15,0.01339392137821896,-0.074228,0.012610070958365385,16543.36152,1.0004947245800786,0.9781371957890856
2023-10-31,91356,HOMB,HOME BANCSHARES INC,40,0.012538899939582968,-0.028115,0.3557749850388988,4242.04614,1.179110157781702,1.0265355807057057
2023-10-31,91611,FSLR,FIRST SOLAR INC,45,-0.003517934422732672,-0.123163,-0.24435752757117207,17264.92196,1.4299956204659299,1.497829951928284
2023-10-31,91832,MDGL,MADRIGAL PHARMACEUTICALS INC,35,-0.018450600242205316,-0.105098,-0.5635419338291869,2700.8637599999997,-0.1902746745678116,1.7315296442273527
2023-10-31,92655,UNH,UNITEDHEALTH GROUP INC,35,0.0022349205216987455,0.057504,0.23568008891168674,467033.71794999996,0.5957253943725098,0.756680700617636
2023-10-31,92852,LOPE,GRAND CANYON EDUCATION INC,25,0.03,0.007691000000000001,0.4231640591604684,3517.15296,0.5393777036621252,0.6420369190436374
2023-11-30,10693,EHC,ENCOMPASS HEALTH CORP,35,0.02780376,0.037296,0.2552862300154719,6270.45136,0.9755716795760039,0.8514873470940975
2023-11-30,11691,MATX,MATSON INC,20,0.027650795145983783,0.099663,0.13535757263194087,3071.90745,1.1537196519721378,1.1724056224267747
2023-11-30,11995,COKE,COCA COLA CONSOLIDATED INC,30,0.027082671598079998,0.14973799999999998,0.35082516761217125,5326.11529,0.761962865576641,0.8232134686490753
2023-11-30,12473,KNX,KNIGHT SWIFT TRANSPORT HDLGS INC,20,-0.0016975269666943385,0.095596,-0.3632671480144404,7885.663660000001,1.136020107911131,1.0951382668152798
2023-11-30,12981,FBIN,FORTUNE BRANDS INNOVATIONS INC,20,0.019590758438353204,0.22619099999999998,0.25595238095238093,7036.101,1.4995863651568202,1.4876742627405948
2023-11-30,13284,ALSN,ALLISON TRANSMISSION HLDGS INC,20,0.02477545805481,0.060861,0.16170276774969916,4511.8337,0.9385191418448537,0.9397347681845256
2023-11-30,13600,QLYS,QUALYS INC,45,0.029213208513359998,0.20407599999999998,0.3108990888774282,5626.265749999999,0.5350523259006928,1.1272376184262396
2023-11-30,13688,PCG,P G & E CORP,55,-0.027108498979832203,0.04895,-0.16741877256317686,34776.1804,1.1357458478108107,0.33386201220948397
2023-11-30,13721,ABBV,ABBVIE INC,35,0.02855619,0.0041470000000000005,0.23227178958225886,249189.33546,0.4828002280592019,0.5398935161039432
2023-11-30,13748,TPH,TRI POINTE HOMES INC,25,0.0042293636539958695,0.15998099999999998,0.19715918858518136,2432.12312,1.4734937912001271,1.3382906554847092
2023-11-30,13766,BCC,BOISE CASCADE CO,20,0.02546633549568,0.216909,0.19941550627471205,3711.5625000000005,1.492326488069821,1.2209091281213627
2023-11-30,13788,ZTS,ZOETIS INC,35,0.01510989788203849,0.12086300000000001,0.2466047790957538,72269.769,0.7807723532128096,1.2303957177165985
2023-11-30,13901,MO,ALTRIA GROUP INC,30,0.007270566469738638,0.042128000000000006,0.2868531889290012,71046.54999,0.6058980744024245,0.5103390201601621
2023-11-30,14229,OMF,ONEMAIN HOLDINGS INC,40,0.008164322369575865,0.203652,0.3365351555784769,4308.15072,1.689233540886399,1.4137786691141503
2023-11-30,14328,AMC,A M C ENTERTAINMENT HOLDINGS INC,50,-0.03,-0.38176499999999997,-0.5137742822760873,2118.45276,2.356794414765751,1.3263110652049133
2023-11-30,14329,ARMK,ARAMARK,25,-0.017597242417259813,0.039203,-0.21712222795255287,7030.0765,1.5428572992646843,1.018534112442027
2023-11-30,14479,IBP,INSTALLED BUILDING PRODUCTS INC,25,0.022353516426275054,0.343387,0.15134519511775826,3172.65637,1.7411336888186373,1.5232435707565684
2023-11-30,14596,FIVN,FIVE 9 INC,45,-0.019478696876403075,0.312666,-0.3382972322503008,4206.91752,0.7801915108966443,1.593936196737096
2023-11-30,14617,ARES,ARES MANAGEMENT CORP,40,-0.028539359061660004,0.13413,-0.2439186866082173,17879.78945,1.2344784751423679,1.4333449939376641
2023-11-30,14751,VRTV,VERITIV CORP,20,0.014910577902269195,-0.000941,0.34070397111913353,2295.67491,2.0760070106367805,1.1197123403298563
2023-11-30,15067,FRPT,FRESHPET INC,30,-0.022570578036,0.23163899999999998,-0.2898186350352416,2768.1724,1.047342870702619,1.298199898284262
2023-11-30,15284,BPMC,BLUEPRINT MEDICINES CORP,35,-0.009494924757581766,0.178722,-0.4355552690390235,3578.0994,0.6415841906808963,1.6319234955741175
2023-11-30,15490,LITE,LUMENTUM HOLDINGS INC,45,-0.03,0.087134,-0.4781459515214029,2627.07,1.0690673364918444,1.5001068602866712
2023-11-30,15643,RUN,SUNRUN INC,20,-0.007585988179304684,0.332364,-0.6109893415850094,2102.53235,2.4863032950515778,2.8481681317091616
2023-11-30,16076,GMS,G M S INC,20,0.005725665327914421,0.15221099999999999,0.23809523809523808,2373.87864,1.7526215708881923,1.4200713972942982
2023-11-30,16260,MEDP,MEDPACE HOLDINGS INC,35,0.02992545,0.111165,0.03341499054495445,7445.84361,1.319730264443054,1.4310569567257876
2023-11-30,16347,AA,ALCOA CORP,15,-0.004941911755690562,0.043158,-0.4158286058105553,4576.022080000001,2.4042646478790988,1.9208827216950652
2023-11-30,16597,AYX,ALTERYX INC,45,-0.013253050328083386,0.246748,-0.4730316314251332,2021.9116499999998,0.5181981528740697,1.6792543158815725
2023-11-30,16655,CVNA,CARVANA CO,25,0.03,0.155576,-0.3827359463641052,2876.688,3.1262156378523644,5.547942994670919
2023-11-30,16736,VST,VISTRA CORP,55,0.03,0.077789,0.39004211793020455,12026.8904,0.8624726756233748,0.9552729844317788
2023-11-30,16932,ROKU,ROKU INC,50,-0.014720775512192677,0.744779,-0.3985086814509197,7451.37302,1.8137523060344454,2.0407448321257604
2023-11-30,17104,APLS,APELLIS PHARMACEUTICALS INC,35,-0.015599330950229834,0.102645,-0.47341842874333845,5766.21,0.9160356541405079,1.5390270598948288
2023-11-30,17929,UGI,U G I CORP NEW,55,-0.005100139778021372,0.052788,-0.35209300326628845,4357.163200000001,1.0417358616708308,1.0896513243331722
2023-11-30,17949,BE,BLOOM ENERGY CORP,20,-0.02338797,0.384038,-0.5269683685748668,2328.1336,2.9968024038050176,1.8808728637674503
2023-11-30,18777,KRTX,KARUNA THERAPEUTICS INC,35,-0.03,0.143226,-0.4256274712050886,6285.69547,0.9210216297114298,0.2472518735224032
2023-11-30,18973,BRC,BRADY CORP,20,0.03,0.089047,0.439337287261475,2306.6945,0.7055005077833086,0.871628194962749
2023-11-30,19201,RVMD,REVOLUTION MEDICINES INC,35,-0.010089965587778119,0.17385899999999999,-0.6021359807460892,2167.1496,1.379032846764585,1.7190583529929082
2023-11-30,19561,BA,BOEING CO,20,-0.02312258348619339,0.23543299999999998,-0.14668213855939488,113021.80313999999,1.449546137554928,1.1696341205853855
2023-11-30,21207,NEM,NEWMONT CORP,15,-0.023561988375485045,0.078792,-0.14090166752621627,29781.156,0.3513085633777471,0.6097558094338339
2023-11-30,25590,NFG,NATIONAL FUEL GAS CO N J,55,0.0029571007338493114,-0.0075639999999999995,0.21692882929345023,4678.17805,0.6291444409210417,0.7371743614040527
2023-11-30,32707,HP,HELMERICH & PAYNE INC,10,0.02801556,-0.078725,0.1887785800240673,3934.32639,1.7156255766322688,1.4354168176948943
2023-11-30,43350,SWK,STANLEY BLACK & DECKER INC,20,-0.02555712577248466,0.073883,-0.3006489599449888,13039.100550000001,1.27787080802478,1.6306702991191109
2023-11-30,44206,ES,EVERSOURCE ENERGY,55,-0.011254834730322023,0.100056,-0.2912368918686608,18777.33594,0.48999546915208214,0.6608513120255921
2023-11-30,44943,DIOD,DIODES INC,45,0.03,0.016166,0.2334321815368747,2989.5148799999997,1.4365866686066184,1.6221781715562484
2023-11-30,47941,TGNA,TEGNA INC,50,0.02627852323257,0.052089,0.35729327832215924,2924.0842199999997,0.6631190528611958,0.6707803529244044
2023-11-30,49429,DDS,DILLARDS INC,25,0.02675159433783,0.113598,0.28977565755544094,3861.68755,1.0022046801288385,1.1855848198770589
2023-11-30,52337,THC,TENET HEALTHCARE CORP,35,0.003119682226738045,0.28067800000000004,0.03560684201478425,5453.3424,2.1557145318863324,1.3948816016477728
2023-11-30,52978,HAS,HASBRO INC,25,-0.009189908675724992,0.023483,-0.25406137184115524,6265.1946,0.743419290923404,1.3936905212622925
2023-11-30,53613,MU,MICRON TECHNOLOGY INC,45,-0.029395469999999996,0.133904,-0.37018652226233456,73425.53358000002,1.2932055101760274,1.5392609400648984
2023-11-30,57808,VSH,VISHAY INTERTECHNOLOGY INC,45,0.022349867933738134,-0.004874,0.2268136496475847,2823.3012799999997,1.2764222060130677,1.412542773902781
2023-11-30,59328,INTC,INTEL CORP,45,-0.03,0.224267,-0.4275184803163143,153884.0,0.8290860701393246,1.4537035179806685
2023-11-30,60098,OTTR,OTTER TAIL CORP,55,0.02050637275432628,-0.00716,0.12476362386109681,3209.2443399999997,0.4867056395842428,1.0088093684197716
2023-11-30,60986,NWL,NEWELL BRANDS INC,25,-0.017892898142154782,0.141342,-0.19140020629190305,2783.424,0.9979230479772415,1.4803087175132073
2023-11-30,61241,AMD,ADVANCED MICRO DEVICES INC,45,-0.0285981,0.225627,-0.3939960460718584,159126.6515,1.7471608827356113,1.980963085861742
2023-11-30,64194,CHE,CHEMED CORP NEW,35,0.011280115935587353,0.003999999999999999,0.18437338834450742,8474.6343,0.45423374108924236,0.6477260165511288
2023-11-30,66384,WDC,WESTERN DIGITAL CORP,45,-0.02625567,0.198814,-0.4797576070139247,13018.35645,1.5443762344959977,1.6453164091303787
2023-11-30,76076,CSCO,CISCO SYSTEMS INC,45,0.03,-0.07636,0.44963039367371493,211074.37000000002,0.9349381021394179,0.7931123173235374
2023-11-30,76136,KMPR,KEMPER CORP DE,40,-0.018301493759720365,0.113349,-0.287282963727007,2555.78956,0.9179020063898848,1.2866426229475285
2023-11-30,76226,PARA,PARAMOUNT GLOBAL,50,-0.02516088,0.316348,-0.44604177411036616,6644.45952,1.7790922558016864,1.8449795325728893
2023-11-30,76504,CATY,CATHAY GENERAL BANCORP,40,0.02292983161901843,0.087456,0.17438112429087158,2463.5275899999997,1.163405342928369,1.3090343133818427
2023-11-30,76573,MLI,MUELLER INDUSTRIES INC,20,0.025544703871518352,0.100853,0.17775485645521746,4280.8392,1.0341159272851994,1.2939915033914933
2023-11-30,76661,IONS,IONIS PHARMACEUTICALS INC,35,-0.03,0.113037,-0.5001719099192024,6351.505440000001,0.48035260239752753,0.9395103334380522
2023-11-30,76712,AES,A E S CORP,55,-0.03,0.15061,-0.43950919718067727,9977.4721,1.0511268592276148,1.1896190776622455
2023-11-30,77366,MODG,TOPGOLF CALLAWAY BRANDS CORP,25,-0.021233716399911392,-0.0011510000000000001,-0.3879362214199759,2266.51672,1.8314193183133922,1.449844929369155
2023-11-30,77730,TSN,TYSON FOODS INC,30,-0.02739867,0.01672,-0.23338920405707414,13235.2425,0.7658491891883915,0.7147847439076421
2023-11-30,78875,WOLF,WOLFSPEED INC,45,-0.03,0.08482,-0.7247077531373561,4238.7307200000005,1.744059109160263,2.484724907620109
2023-11-30,78987,MCHP,MICROCHIP TECHNOLOGY INC,45,0.01834225486375873,0.172234,0.11644748151968368,38571.09805,1.5668390293514691,1.6807419428209662
2023-11-30,79857,PTEN,PATTERSON U T I ENERGY INC,10,0.0054582062854665,-0.07607799999999999,0.040226921093347134,5299.7481,2.478839559375111,1.4353569258238155
2023-11-30,80069,ARWR,ARROWHEAD PHARMACEUTICALS INC,35,-0.03,-0.14228500000000002,-0.5778107271789582,2638.80208,0.9442421455491183,1.5596007405083048
2023-11-30,80415,EXP,EAGLE MATERIALS INC,15,0.024180825906119998,0.17191299999999998,0.17339264225545808,5369.45817,1.283630945529544,1.1951339189182848
2023-11-30,82307,DVA,DAVITA INC,35,0.022179520538959867,0.30931400000000003,0.0795942925906825,7051.099,0.9683539051607519,1.0294959940620367
2023-11-30,82800,SCCO,SOUTHERN COPPER CORP,15,0.03,0.024335,0.40323620422898404,54813.3572,1.2484889092108593,1.293781247179713
2023-11-30,83601,WOR,WORTHINGTON INDUSTRIES INC,15,0.011770013033232218,0.16477399999999998,0.25868145091971806,3078.8433,1.3083799006742296,1.4802346829110844
2023-11-30,84042,PAG,PENSKE AUTOMOTIVE GROUP INC,25,0.025391717954035862,0.044619000000000006,0.1707710159876225,9616.97912,1.1965179722271018,1.1624745689702558
2023-11-30,84519,CIEN,CIENA CORP,45,-0.010609075456999488,0.082069,-0.23184201478425306,6238.932400000001,0.934854478369167,1.4549153934748422
2023-11-30,84606,EEFT,EURONET WORLDWIDE INC,40,0.0006673279732083495,0.130662,0.03442496132026818,3547.0112400000003,1.33008591312242,1.4174644795599456
2023-11-30,84723,LNG,CHENIERE ENERGY INC,10,0.003769771234587639,0.092893,0.30681622829637273,40044.47966,0.9744122272707705,0.9355753715700769
2023-11-30,84761,TTWO,TAKE TWO INTERACTIVE SOFTWR INC,50,-0.02586624043855898,0.17837999999999998,-0.16075726319408634,22746.595,0.6620200515587403,0.8952202429892681
2023-11-30,85002,SRPT,SAREPTA THERAPEUTICS INC,35,-0.014165579948825086,0.203123,-0.4544653601512807,6296.64857,1.0096211000786413,1.5607303627427076
2023-11-30,85738,MRCY,MERCURY SYSTEMS INC,20,-0.03,-0.051394999999999996,-0.4874075984184288,2132.78646,0.7966590498447257,1.3189999933472631
2023-11-30,85992,MANH,MANHATTAN ASSOCIATES INC,45,0.028605159132119997,0.139539,0.2176594464500601,12003.9437,1.4887057177500107,1.3041404794150013
2023-11-30,87337,PLUG,PLUG POWER INC,20,-0.005813483604610122,-0.31851599999999997,-0.5299553034210074,3565.7353200000002,2.228326140860766,2.376931550606415
2023-11-30,87432,A,AGILENT TECHNOLOGIES INC,35,0.02515602632766255,0.23191099999999998,-0.0003438198384046861,30244.71819,1.0086997589344766,1.2237173259018423
2023-11-30,88351,INSM,INSMED INC,35,-0.029632799999999997,-0.00602,-0.39597301014268516,3585.1337200000003,1.4708916467782391,1.248500373573253
2023-11-30,88853,FLR,FLUOR CORP NEW,20,-0.006499616227241761,0.137961,-0.2108260271617673,4772.720719999999,2.1243511983552814,1.0856326532004017
2023-11-30,89301,GME,GAMESTOP CORP NEW,25,-0.016685662464493586,0.052221000000000004,-0.02613030771875539,4203.16857,1.4629160853746033,0.7176850792808485
2023-11-30,89533,WYNN,WYNN RESORTS LTD,25,-0.006126764272592217,-0.039934,-0.1967723912669761,9914.39988,1.9732807417799787,1.2768099748019044
2023-11-30,89916,NXST,NEXSTAR MEDIA GROUP INC,50,0.0223554482072006,0.018265999999999998,0.11051658930720308,4789.895520000001,1.5205011398705033,1.4700975542354673
2023-11-30,89946,AEL,AMERICAN EQUITY INVT LIFE HLDG C,40,0.02947824,0.037117000000000004,0.2585740072202166,4164.19184,0.898497835446306,1.537922828756662
2023-11-30,90071,NRG,N R G ENERGY INC,55,-0.03,0.12441,-0.4922210761560942,9709.97846,0.9569127635808936,1.12324778912796
2023-11-30,90126,CYTK,CYTOKINETICS INC,35,-0.03,-0.044010999999999995,-0.45889204057074096,3355.3447199999996,0.6062754575570775,0.9490819082446933
2023-11-30,90550,DLB,DOLBY LABORATORIES INC,45,0.02711903036944072,0.063377,0.28713254254770504,4820.3817,0.9682269100546078,1.036855756879798
2023-11-30,90776,WAL,WESTERN ALLIANCE BANCORPORATION,40,0.02341476209179613,0.25140100000000004,-0.2311113976276431,4500.5733,1.4626965340263693,3.3811260037498783
2023-11-30,91356,HOMB,HOME BANCSHARES INC,40,0.012186368767781593,0.08903,0.22612600997077534,4142.7814499999995,1.1591439020705812,1.08573369031373
2023-11-30,91832,MDGL,MADRIGAL PHARMACEUTICALS INC,35,-0.016511479057950022,0.542996,-0.5612429087158329,2593.70396,-0.22870542300977723,1.8558899359362306
2023-11-30,92655,UNH,UNITEDHEALTH GROUP INC,35,0.0023634373913785102,0.028084,0.11335310297404162,496091.90579999995,0.589518080007503,0.8032900860176384
2023-11-30,92852,LOPE,GRAND CANYON EDUCATION INC,25,0.03,0.15098899999999998,0.4781029740416022,3551.20163,0.600279122178658,0.5521952653562149
2023-11-30,93096,DG,DOLLAR GENERAL CORP NEW,30,-0.03,0.097054,-0.2974686264397456,26126.42304,0.3445202847202535,0.7622368375574986
2023-12-31,10693,EHC,ENCOMPASS HEALTH CORP,35,0.028840729032960002,0.021820000000000003,0.28432106467040963,6532.70597,0.9516169760804214,0.9266122150674243
2023-12-31,11691,MATX,MATSON INC,20,0.03,0.14014200000000002,0.22376793512164697,3345.7249500000003,1.1433791242405573,1.194066916450664
2023-12-31,11995,COKE,COCA COLA CONSOLIDATED INC,30,0.03,0.259689,0.32324807652318566,6147.19788,0.7793893834149104,0.8915552169551463
2023-12-31,12473,KNX,KNIGHT SWIFT TRANSPORT HDLGS INC,20,-0.0018598037546024506,0.07035999999999999,-0.2800998128509046,8678.42482,1.1306583037470364,1.1449376941160627
2023-12-31,12981,FBIN,FORTUNE BRANDS INNOVATIONS INC,20,0.024022011680282753,0.108404,0.17569141193595345,8628.68085,1.5399598869561155,1.5833914316601767
2023-12-31,13284,ALSN,ALLISON TRANSMISSION HLDGS INC,20,0.014604848569078285,0.08305599999999999,0.19265959658972756,4785.6578,0.9276643507613107,1.0626711828218114
2023-12-31,13600,QLYS,QUALYS INC,45,0.03,0.057625,0.23354127677271785,6799.3394,0.591753483656081,1.1126592321243738
2023-12-31,13688,PCG,P G & E CORP,55,-0.02843546000489499,0.046403,-0.1407153254314826,36632.33236,1.1340381953260947,0.37657035036309555
2023-12-31,13721,ABBV,ABBVIE INC,35,0.028674612519929997,0.08408299999999999,0.23331253898939489,251394.81342999998,0.4547690674091367,0.5957354928060773
2023-12-31,13748,TPH,TRI POINTE HOMES INC,25,0.004905981480725782,0.208894,0.11490954460386778,2831.9773600000003,1.4816090761284089,1.481109197633073
2023-12-31,13766,BCC,BOISE CASCADE CO,20,0.03,0.179266,0.1359742150135163,4327.187,1.5265050452858155,1.380835156942834
2023-12-31,13788,ZTS,ZOETIS INC,35,0.016936125469755307,0.11290199999999999,0.1753794967768767,81111.67038,0.7992499966853457,1.2010303501275157
2023-12-31,13901,MO,ALTRIA GROUP INC,30,0.007576860893975787,-0.021369,0.35154917862341445,74353.91988,0.6091652149956432,0.5519027037157651
2023-12-31,14229,OMF,ONEMAIN HOLDINGS INC,40,0.009827002948784727,0.158855,0.25075899355375336,5071.9392,1.7087356151888478,1.4589966665614653
2023-12-31,14329,ARMK,ARAMARK,25,-0.01828710711174365,-0.0010529999999999997,-0.2175296319401123,7324.83908,1.5022870808170907,1.1366283578344505
2023-12-31,14479,IBP,INSTALLED BUILDING PRODUCTS INC,25,0.0011200268678466276,0.212586,0.03333333333333331,4275.838589999999,1.8036783392513656,1.7225594251923502
2023-12-31,14596,FIVN,FIVE 9 INC,45,-0.02556902311396052,0.02814,-0.37868579746309006,5540.88912,0.8761883549545089,1.6146585640525335
2023-12-31,14617,ARES,ARES MANAGEMENT CORP,40,-0.03,0.062304000000000005,-0.27211478477854023,20832.14075,1.2308291186951252,1.5876852790308467
2023-12-31,14691,CBAY,CYMABAY THERAPEUTICS INC,35,-0.0028543828637546675,0.230444,-0.48369723435225614,2169.39939,0.40297341492076355,1.0718461822140746
2023-12-31,15067,FRPT,FRESHPET INC,30,-0.027798804161681002,0.218567,-0.3119983364524849,3421.7766,1.1087850754102038,1.5191273923455157
2023-12-31,15490,LITE,LUMENTUM HOLDINGS INC,45,-0.03,0.2205,-0.4534414639218133,2867.6,1.076439254639708,1.6408634641876598
2023-12-31,15643,RUN,SUNRUN INC,20,-0.010107297554531106,0.517439,-0.7328342690788106,2810.6391,2.5258990109079384,3.040364592831489
2023-12-31,16076,GMS,G M S INC,20,0.006597174573141602,0.214392,0.19149511332917443,2745.71052,1.7409239402356145,1.5279453593453554
2023-12-31,16260,MEDP,MEDPACE HOLDINGS INC,35,0.03,0.128011,0.11212310251611561,8306.501760000001,1.3028547220216944,1.5579768476479525
2023-12-31,16347,AA,ALCOA CORP,15,-0.005155194783242656,0.261557,-0.3668954044499896,4793.75792,2.340073637208441,1.9877273005206901
2023-12-31,16597,AYX,ALTERYX INC,45,-0.016523213990437303,0.173262,-0.42526512788521525,2558.9547,0.5971587518189742,1.872865675507028
2023-12-31,16655,CVNA,CARVANA CO,25,0.03,0.686028,-0.41064670409648585,3571.4196,3.0663208727481663,5.772462155732823
2023-12-31,16736,VST,VISTRA CORP,55,0.03,0.089705,0.22405905593678524,12660.91632,0.8605770530677741,1.04134156783621
2023-12-31,16932,ROKU,ROKU INC,50,-0.025684499977388024,-0.124611,-0.49016427531711376,13033.9612,2.0638145733998674,2.443030816537224
2023-12-31,17104,APLS,APELLIS PHARMACEUTICALS INC,35,-0.017200524275616177,0.106928,-0.5090455396132253,6383.594999999999,0.9068623635628225,1.6384255698185537
2023-12-31,17929,UGI,U G I CORP NEW,55,-0.002477871870309673,0.13245200000000001,-0.28775213142025363,4637.691,1.0297029355191423,1.2139092738000856
2023-12-31,17949,BE,BLOOM ENERGY CORP,20,-0.03,0.020665,-0.6434601788313579,3235.26756,3.058288730041107,2.1221806977119315
2023-12-31,18656,IDYA,IDEAYA BIOSCIENCES INC,35,-0.03,0.127054,-0.5976294447910169,2027.23555,0.8232599352638466,1.1015919559452103
2023-12-31,18777,KRTX,KARUNA THERAPEUTICS INC,35,-0.03,0.651034,-0.4432522353919734,7213.77967,0.9220294640526807,0.2890535673948888
2023-12-31,18973,BRC,BRADY CORP,20,0.03,0.038741,0.37161572052401753,2520.50211,0.7132680872579285,0.9702997585644673
2023-12-31,19201,RVMD,REVOLUTION MEDICINES INC,35,-0.011844196914903635,0.225052,-0.5745893117072157,2556.15145,1.4066351132393449,1.9230042922172386
2023-12-31,19561,BA,BOEING CO,20,-0.02856640268409836,0.12106299999999999,-0.1909544603867748,140130.82251,1.5004361791769472,1.252284137834279
2023-12-31,21207,NEM,NEWMONT CORP,15,-0.02541848456356626,0.025592,-0.21393221043876068,46318.65347999999,0.36715426488602104,0.6434205716504703
2023-12-31,25590,NFG,NATIONAL FUEL GAS CO N J,55,0.0029347332238984754,-0.006717,0.15918070284882516,4664.0457,0.6043690865246412,0.8288619679255822
2023-12-31,32707,HP,HELMERICH & PAYNE INC,10,0.025810035038999996,-0.004542,0.15221459762944484,3602.24021,1.6224412667675399,1.5459312890939083
2023-12-31,42550,NEU,NEWMARKET CORP,15,0.0017974894983214982,0.028756999999999998,0.515429403202329,5087.5909,0.35434998933520656,0.5778764323906349
2023-12-31,43350,SWK,STANLEY BLACK & DECKER INC,20,-0.005415184938775051,0.074942,-0.20673736743605733,13935.969900000002,1.2610089755380964,1.6947831832526377
2023-12-31,44206,ES,EVERSOURCE ENERGY,55,-0.012380948474099122,0.04596,-0.23688916614680805,20753.45766,0.5121790015218463,0.7573698975254596
2023-12-31,44943,DIOD,DIODES INC,45,0.03,0.208019,0.028966521106259097,3051.2019600000003,1.382447832327148,1.7373137210164955
2023-12-31,45306,IDCC,INTERDIGITAL INC,45,0.00431734976645209,0.08200299999999999,0.31761280931586616,2568.24376,1.2944422083900615,1.402442628440534
2023-12-31,47941,TGNA,TEGNA INC,50,0.014365013552861933,0.0012510000000000004,0.19821168642129336,3019.51944,0.6536785466026653,0.7517162793989693
2023-12-31,49429,DDS,DILLARDS INC,25,0.029790521951418816,0.219416,0.16625077978789765,4317.45251,1.0017799093366075,1.3181443084179465
2023-12-31,52337,THC,TENET HEALTHCARE CORP,35,0.003995308394774426,0.090793,0.006778956123934294,7008.103520000001,2.189871916368201,1.433687655327955
2023-12-31,52978,HAS,HASBRO INC,25,-0.00940571530115704,0.095928,-0.24023705552089827,6440.03724,0.7309155478071313,1.4660778804881416
2023-12-31,53613,MU,MICRON TECHNOLOGY INC,45,-0.03,0.11836899999999999,-0.4148471615720524,84036.48000000001,1.299233345423198,1.6161379576900952
2023-12-31,59328,INTC,INTEL CORP,45,-0.03,0.11989499999999999,-0.39604907465169475,188455.2,0.8921014778614967,1.5821876724531436
2023-12-31,60098,OTTR,OTTER TAIL CORP,55,0.020359547125405303,0.109218,0.18800166354751507,3182.96641,0.45938710402949723,1.0632143626981474
2023-12-31,61241,AMD,ADVANCED MICRO DEVICES INC,45,-0.03,0.21239,-0.43162819713038053,195733.85884,1.766059569467441,2.1051366000395153
2023-12-31,64194,CHE,CHEMED CORP NEW,35,0.011325236399329702,0.027039,0.31505510501143685,8540.154,0.43499636885232185,0.6982050029662329
2023-12-31,66384,WDC,WESTERN DIGITAL CORP,45,-0.03,0.079775,-0.3877937201081306,15664.17933,1.570326569933971,1.718150137815795
2023-12-31,76076,CSCO,CISCO SYSTEMS INC,45,0.0277092,0.039967,0.3773965481389062,196590.96888000003,0.8678782640519938,0.9039934203085532
2023-12-31,76136,KMPR,KEMPER CORP DE,40,-0.020375949775890908,0.096118,-0.22366396340195469,2834.56801,0.9357726149415582,1.3346616187276612
2023-12-31,76226,PARA,PARAMOUNT GLOBAL,50,-0.03,0.028041000000000003,-0.41164483260553136,8775.81648,1.8579435202076189,2.0661657630675694
2023-12-31,76504,CATY,CATHAY GENERAL BANCORP,40,0.024935182973091306,0.210838,0.12333125389893948,2664.76532,1.1570449590218794,1.5183405526454852
2023-12-31,76573,MLI,MUELLER INDUSTRIES INC,20,0.028120963891072596,0.131058,0.17910168434185905,4714.4856,1.0335967353068383,1.4351350997588925
2023-12-31,76661,IONS,IONIS PHARMACEUTICALS INC,35,-0.03,0.018374,-0.5461634435433563,7097.55984,0.5043532820900511,1.035728393301799
2023-12-31,76712,AES,A E S CORP,55,-0.03,0.11427,-0.4867124142233313,11524.31509,1.0739910808454498,1.4194619427661161
2023-12-31,77366,MODG,TOPGOLF CALLAWAY BRANDS CORP,25,-0.021209276392335094,0.165391,-0.36625077978789766,2262.1784199999997,1.7774601407856399,1.8298577569215135
2023-12-31,77730,TSN,TYSON FOODS INC,30,-0.0278567757624,0.143257,-0.24021626117695988,13360.22004,0.7478118912714535,0.7910531751646337
2023-12-31,78875,WOLF,WOLFSPEED INC,45,-0.03,0.176146,-0.7231856934913702,4619.4795,1.7119756039671463,2.7496571444071423
2023-12-31,78987,MCHP,MICROCHIP TECHNOLOGY INC,45,0.02150141478796335,0.076511,0.024495737159492586,45144.794799999996,1.5732862321478585,1.7417095886317369
2023-12-31,80069,ARWR,ARROWHEAD PHARMACEUTICALS INC,35,-0.02573145,0.43913,-0.5335412767727179,2277.5584,0.838073016350497,1.8219039836378066
2023-12-31,80415,EXP,EAGLE MATERIALS INC,15,0.028337824230118804,0.117464,0.1748596381784155,6316.29135,1.3066600322865534,1.2686756605501268
2023-12-31,82307,DVA,DAVITA INC,35,0.0290399567549477,0.028259,0.20257849864836766,9263.297999999999,1.0630955364648462,1.1178953104583866
2023-12-31,82800,SCCO,SOUTHERN COPPER CORP,15,0.03,0.192314,0.3882927843626533,55609.8023,1.214313118178989,1.3178570909042393
2023-12-31,83601,WOR,WORTHINGTON INDUSTRIES INC,15,0.013709405160770023,0.18949100000000002,0.14541484716157208,3582.4905000000003,1.3284620411836137,1.5901846310253958
2023-12-31,84042,PAG,PENSKE AUTOMOTIVE GROUP INC,25,0.026524671017426987,0.07081799999999999,0.15940944063214807,10035.0502,1.16559625704713,1.3026160928514223
2023-12-31,84519,CIEN,CIENA CORP,45,-0.005395792752360794,-0.022587,-0.22066957787481803,6778.555700000001,0.9324655692390881,1.554438582860405
2023-12-31,84606,EEFT,EURONET WORLDWIDE INC,40,0.0007545223808436989,0.159343,0.10677895612393429,4022.67362,1.3378877396289568,1.53208024372816
2023-12-31,84723,LNG,CHENIERE ENERGY INC,10,0.004119956593882189,-0.067071,0.3515907673112913,43398.14825,0.9722834816533519,0.9921255533414278
2023-12-31,84761,TTWO,TAKE TWO INTERACTIVE SOFTWR INC,50,-0.03,0.013117,-0.313994593470576,26904.7576,0.7185293416060661,0.8760476961618209
2023-12-31,85738,MRCY,MERCURY SYSTEMS INC,20,-0.03,0.062226,-0.46051154086088586,2032.60833,0.7447374812651496,1.4907256095919341
2023-12-31,85992,MANH,MANHATTAN ASSOCIATES INC,45,0.03,-0.038922,0.27255146600124763,13732.07325,1.4846605282997325,1.2994881822630167
2023-12-31,86822,EXTR,EXTREME NETWORKS INC,45,0.03,0.088671,0.22430858806404658,2091.9699600000004,1.912299705701409,1.8282495881013596
2023-12-31,87432,A,AGILENT TECHNOLOGIES INC,35,0.03,0.085452,0.01888126429611144,37392.618599999994,1.0633210305988359,1.3512718168155724
2023-12-31,88351,INSM,INSMED INC,35,-0.029454410543999998,0.234343,-0.37770846329798285,3579.4112400000004,1.4022874490621502,1.3865287650278226
2023-12-31,88853,FLR,FLUOR CORP NEW,20,-0.007396309781568261,0.02571,-0.2309211894364732,6479.36125,2.1079100141616234,1.1886864107684365
2023-12-31,89301,GME,GAMESTOP CORP NEW,25,-0.017557004444051907,0.200545,-0.052963194011228946,4441.25655,1.4006585787123724,0.8337095544447995
2023-12-31,89533,WYNN,WYNN RESORTS LTD,25,-0.005882098068130519,0.07498099999999999,-0.17641921397379917,9534.90132,1.883835704908612,1.3299643608293161
2023-12-31,89946,AEL,AMERICAN EQUITY INVT LIFE HLDG C,40,0.03,0.007337000000000001,0.23898939488459137,4359.019,0.8750901034470044,1.4047080350788128
2023-12-31,90071,NRG,N R G ENERGY INC,55,-0.03,0.07641999999999999,-0.428592222915367,10800.549760000002,0.9709559695864344,1.247819426672289
2023-12-31,90126,CYTK,CYTOKINETICS INC,35,-0.028679669999999997,1.4894619999999998,-0.2581409856519027,3282.8479199999997,0.5470605970754614,1.0620289214842302
2023-12-31,90319,GOOGL,ALPHABET INC,50,0.021319486424526086,0.04976,0.264316905801622,784312.54,0.9810674126505319,1.5349167628623144
2023-12-31,90550,DLB,DOLBY LABORATORIES INC,45,0.028837753157164765,-0.003685,0.18696194635059268,5098.034699999999,0.9593719528094417,1.168173724652323
2023-12-31,90776,WAL,WESTERN ALLIANCE BANCORPORATION,40,0.029301256696435768,0.280193,-0.23395716365148683,5607.25828,1.5157348527318901,3.8343259660867717
2023-12-31,91356,HOMB,HOME BANCSHARES INC,40,0.005557984776735414,0.13775400000000002,0.16857974630900396,4475.28078,1.1537156673174649,1.2644498181090906
2023-12-31,91832,MDGL,MADRIGAL PHARMACEUTICALS INC,35,-0.025477146140500652,0.133855,-0.5748180494905385,4013.7518999999998,0.01245089712617787,2.0582743417030622
2023-12-31,92655,UNH,UNITEDHEALTH GROUP INC,35,0.002429812167077984,-0.048917999999999996,0.13597421501351634,511455.77725,0.5732413758233378,0.8369608030302631
2023-12-31,92852,LOPE,GRAND CANYON EDUCATION INC,25,0.03,-0.038496999999999997,0.3601164483260553,4103.10392,0.6426082461172441,0.7117468111435572
2023-12-31,93096,DG,DOLLAR GENERAL CORP NEW,30,-0.03,0.032571,-0.21809107922645038,28777.69312,0.37224370575181653,0.8305290935799421
2024-01-31,10693,EHC,ENCOMPASS HEALTH CORP,35,0.029470033740459187,0.060019,0.27935571869859993,6688.07952,0.8983552919103335,0.970633012490675
2024-01-31,11691,MATX,MATSON INC,20,0.03,0.017443,0.17148072371324266,3828.876,1.1053887645181448,1.2208219581392572
2024-01-31,11995,COKE,COCA COLA CONSOLIDATED INC,30,0.03,-0.058684,0.20321338307858947,7769.7796,0.7542509185354149,0.8828109885097183
2024-01-31,12473,KNX,KNIGHT SWIFT TRANSPORT HDLGS INC,20,-0.001990659546776279,-0.009412,-0.28505235287038155,9302.922849999999,1.0331006964533502,1.1572280363736491
2024-01-31,12981,FBIN,FORTUNE BRANDS INNOVATIONS INC,20,0.026626093834472123,0.014314999999999998,0.19815862317968472,9600.8733,1.5542225457508965,1.6283594940121517
2024-01-31,13284,ALSN,ALLISON TRANSMISSION HLDGS INC,20,0.005768662935274692,0.036372,0.18020620211016164,5203.55275,0.9495095944108725,1.1325897571952122
2024-01-31,13600,QLYS,QUALYS INC,45,0.03,-0.040952999999999996,0.3350984875837445,7244.49852,0.5897621765404768,1.1276282863760543
2024-01-31,13688,PCG,P G & E CORP,55,-0.029742148942936725,-0.069066,-0.1115858306254262,38467.14924,1.1377502553971406,0.3883281724010789
2024-01-31,13721,ABBV,ABBVIE INC,35,0.03,0.066247,0.24371163798291012,273605.26889,0.47308183049281194,0.6153846273886984
2024-01-31,13766,BCC,BOISE CASCADE CO,20,0.03,0.042426000000000005,0.11882697476631765,5121.362400000001,1.5562973201997274,1.4554971808095127
2024-01-31,13788,ZTS,ZOETIS INC,35,0.018848247907541624,-0.051008,0.23171661250852488,90615.33018,0.8024864616025974,1.2361702861923156
2024-01-31,13901,MO,ALTRIA GROUP INC,30,0.007414950953532419,-0.010183,0.3519878043888154,71347.21998000001,0.5846113097639588,0.5786162395643784
2024-01-31,14229,OMF,ONEMAIN HOLDINGS INC,40,0.011388071502213925,-0.037249,0.2778713844425723,5899.276800000001,1.713842410576599,1.5034679189903268
2024-01-31,14329,ARMK,ARAMARK,25,-0.018267850787954985,0.030146000000000003,-0.13631804870221048,7370.405199999999,1.4354416375253933,1.1932849636975758
2024-01-31,14596,FIVN,FIVE 9 INC,45,-0.02628853542438737,-0.040693,-0.3655473984033378,5769.314729999999,0.9276162281890951,1.6933651840143629
2024-01-31,14617,ARES,ARES MANAGEMENT CORP,40,-0.020526680950769437,0.016798,-0.17874192642516148,22070.00604,1.165825890579601,1.5958489736996477
2024-01-31,14691,CBAY,CYMABAY THERAPEUTICS INC,35,-0.0035121582684097485,-0.009385999999999999,-0.4524210695230072,2689.4913,0.36719512012447303,1.0018470508614463
2024-01-31,15067,FRPT,FRESHPET INC,30,-0.027414950953532424,-0.012336,-0.21791631564167366,4187.29788,1.1825535532748,1.5694954839035906
2024-01-31,15490,LITE,LUMENTUM HOLDINGS INC,45,-0.03,0.043344,-0.46112648934889877,3533.1080000000006,1.1423674598299287,1.7155042766046973
2024-01-31,15643,RUN,SUNRUN INC,20,-0.015337207493850128,-0.26708299999999996,-0.7318169053636618,4306.66496,2.597158470329117,3.404511744358519
2024-01-31,16076,GMS,G M S INC,20,0.008011556024226575,0.016259,0.0919284310185742,3282.19774,1.7312084517085606,1.5158986632190865
2024-01-31,16260,MEDP,MEDPACE HOLDINGS INC,35,0.03,-0.053501,0.1728647651141333,9404.953459999999,1.288830095475806,1.597884361450771
2024-01-31,16347,AA,ALCOA CORP,15,-0.006503572065163255,-0.129729,-0.43208167850122353,6068.048000000001,2.409912764221669,2.2020018580105942
2024-01-31,16597,AYX,ALTERYX INC,45,-0.019386059092848452,0.0016320000000000006,-0.3641633570024472,3036.0193199999994,0.6528668155690408,1.8889657693217186
2024-01-31,16655,CVNA,CARVANA CO,25,0.03,-0.191355,-0.42780920287238733,6036.7482,3.194204365393955,5.738727662628171
2024-01-31,16736,VST,VISTRA CORP,55,0.03,0.060432,0.2168331528061941,13772.903040000001,0.9007646945473095,1.0788568087884924
2024-01-31,16932,ROKU,ROKU INC,50,-0.021912940469691593,-0.044004999999999996,-0.4256228186304008,11559.97588,1.970787794638985,2.4737171651797816
2024-01-31,17104,APLS,APELLIS PHARMACEUTICALS INC,35,-0.01903974193535926,0.052571,-0.5186143539134273,7156.62216,0.8567160210233806,1.744835510810061
2024-01-31,17223,ADT,A D T INC,25,0.007122726101406376,-0.047250999999999994,0.3622577927548441,5913.46514,1.6058399963532741,1.6098557061592564
2024-01-31,17929,UGI,U G I CORP NEW,55,-0.0028060709552759295,-0.104729,-0.2722951016969551,5153.601600000001,1.0805694914782487,1.3293328109919629
2024-01-31,17949,BE,BLOOM ENERGY CORP,20,-0.03,-0.23986400000000002,-0.6274722188791271,3315.9252,2.966151403151231,2.2153467747038276
2024-01-31,17959,CRNX,CRINETICS PHARMACEUTICALS INC,35,-0.02222674315477428,0.020566,-0.615938540538372,2425.6665,0.5227027327265419,1.8277299506061844
2024-01-31,18656,IDYA,IDEAYA BIOSCIENCES INC,35,-0.03,0.218711,-0.5815581497974084,2314.08762,0.8350231123376519,1.170902660790487
2024-01-31,18777,KRTX,KARUNA THERAPEUTICS INC,35,-0.03,-0.014492000000000001,-0.4771332290287639,12090.365489999998,1.0511982276537184,0.4674366098591754
2024-01-31,18973,BRC,BRADY CORP,20,0.03,0.025523999999999998,0.42668592289485296,2628.9011699999996,0.7518500070040584,1.0037318819323109
2024-01-31,19201,RVMD,REVOLUTION MEDICINES INC,35,-0.014509757118996528,-0.037155999999999995,-0.5975648894772736,4722.879,1.4452997007832156,1.9915723686510176
2024-01-31,19561,BA,BOEING CO,20,-0.02725743602489025,-0.19509200000000002,-0.1556545111726241,157693.30482000002,1.5626963402278853,1.2705705274024983
2024-01-31,21207,NEM,NEWMONT CORP,15,-0.02606899442051705,-0.17095300000000002,-0.17910298070365469,47701.643879999996,0.42849353367984044,0.709832977612719
2024-01-31,25590,NFG,NATIONAL FUEL GAS CO N J,55,0.0029150206208335494,-0.064725,0.18173065350824408,4607.1111,0.6081162013228777,0.8751976423786181
2024-01-31,32707,HP,HELMERICH & PAYNE INC,10,0.025692805859852858,0.106812,0.1904360733341357,3601.2459400000002,1.57805557607028,1.530719508236598
2024-01-31,42550,NEU,NEWMARKET CORP,15,0.0018491799038247293,0.017218999999999998,0.5325751193484975,5234.5097000000005,0.36444932330720053,0.5854580608795654
2024-01-31,43350,SWK,STANLEY BLACK & DECKER INC,20,-0.005821009728456731,-0.053659,-0.24016127091106027,15039.8091,1.2942395028439473,1.7686162242539176
2024-01-31,44206,ES,EVERSOURCE ENERGY,55,-0.012949976865968717,-0.126246,-0.2037549644963293,21560.40072,0.5235605179285319,0.8225180692193516
2024-01-31,44943,DIOD,DIODES INC,45,0.0173345590860788,-0.168663,0.0255546194889076,3698.92776,1.4422973297329147,1.831334454323437
2024-01-31,45306,IDCC,INTERDIGITAL INC,45,0.03,-0.033191,0.41019777751033015,2776.4532,1.3017635526950009,1.4526648382935348
2024-01-31,47941,TGNA,TEGNA INC,50,0.009532596400681083,0.014224999999999998,0.2248164640750993,3013.6104,0.578136177730292,0.7649844372213427
2024-01-31,49429,DDS,DILLARDS INC,25,0.03,-0.045308999999999995,0.18899185622016285,4939.0614,0.9906765101343614,1.3907002228490932
2024-01-31,52337,THC,TENET HEALTHCARE CORP,35,0.004358054429861181,0.09015000000000001,0.04477073053315681,7674.28464,2.099282036407607,1.4857626155005814
2024-01-31,52978,HAS,HASBRO INC,25,-0.010307986758566434,-0.032344,-0.2440125165483211,7086.566339999999,0.7300534880494772,1.5314066398173667
2024-01-31,53613,MU,MICRON TECHNOLOGY INC,45,-0.03,7.500000000000041e-05,-0.3731295382516949,94207.59406000002,1.2749122215963413,1.706724426702849
2024-01-31,59328,INTC,INTEL CORP,45,-0.03,-0.14741600000000002,-0.3950535563846431,212457.0,0.9325974532637155,1.6710604244123817
2024-01-31,60098,OTTR,OTTER TAIL CORP,55,0.02258317614334782,0.059411000000000005,0.18702611625947768,3544.18367,0.5058481887220205,1.1343987473305963
2024-01-31,61241,AMD,ADVANCED MICRO DEVICES INC,45,-0.03,0.132846,-0.4312793356601276,238214.56,1.8002260902891185,2.1874700852570657
2024-01-31,64194,CHE,CHEMED CORP NEW,35,0.011631459466331179,0.009021000000000001,0.3074577767079873,8807.5045,0.3920721790394298,0.7126631942883903
2024-01-31,66384,WDC,WESTERN DIGITAL CORP,45,-0.03,0.088454,-0.41164199462430295,17072.62,1.5593944100416277,1.7334706286617032
2024-01-31,76076,CSCO,CISCO SYSTEMS INC,45,0.028816653596400003,-0.00379,0.4493119910137601,205286.80752000003,0.8626472144349769,0.9251640009608376
2024-01-31,76136,KMPR,KEMPER CORP DE,40,-0.02233444531644999,0.228063,-0.2291892325590725,3119.1142900000004,0.9324704159270822,1.3888466990439652
2024-01-31,76226,PARA,PARAMOUNT GLOBAL,50,-0.03,-0.018252,-0.4130661531672484,9051.48,1.8563325860684654,2.2259699153801695
2024-01-31,76504,CATY,CATHAY GENERAL BANCORP,40,0.014274685112761205,-0.081014,0.08567015685802544,3238.85733,1.1677305282108683,1.6252631206429184
2024-01-31,76573,MLI,MUELLER INDUSTRIES INC,20,0.03,0.013298999999999998,0.19360532755646492,5352.468,1.086669897980317,1.463203222992294
2024-01-31,76661,IONS,IONIS PHARMACEUTICALS INC,35,-0.03,0.011084,-0.5127973683154813,7302.211190000001,0.49151936904156796,1.0753090731779884
2024-01-31,76712,AES,A E S CORP,55,-0.03,-0.129274,-0.4424720182934167,12890.358250000001,1.109351688040505,1.5675883484217534
2024-01-31,77366,MODG,TOPGOLF CALLAWAY BRANDS CORP,25,-0.02471709982413979,-0.08631899999999999,-0.35453524290929517,2645.97378,1.841684030381573,2.0198924965110168
2024-01-31,77730,TSN,TYSON FOODS INC,30,-0.03,0.014061999999999998,-0.30286436394271277,15391.36625,0.7609752003672556,0.8339085931839788
2024-01-31,78875,WOLF,WOLFSPEED INC,45,-0.03,-0.256625,-0.7213262727163317,5452.89075,1.8142834240369021,2.9879859417121675
2024-01-31,78987,MCHP,MICROCHIP TECHNOLOGY INC,45,0.023146509534805213,-0.060174,0.04340674770329361,48732.18984000001,1.6334862364642968,1.8025814674072314
2024-01-31,80069,ARWR,ARROWHEAD PHARMACEUTICALS INC,35,-0.03,0.044291000000000004,-0.5361054278493201,3289.5,0.8687947568035392,1.8679480957838392
2024-01-31,80415,EXP,EAGLE MATERIALS INC,15,0.03,0.11083,0.13736109439563524,7076.47908,1.2894486589572334,1.337972946694047
2024-01-31,82307,DVA,DAVITA INC,35,0.02986059689288577,0.027725999999999997,0.28567416857223094,9564.588,0.9857904885119873,1.125600696887478
2024-01-31,82800,SCCO,SOUTHERN COPPER CORP,15,0.03,-0.050853999999999996,0.29819071689332854,66541.5777,1.254054941931085,1.4666159069982891
2024-01-31,84042,PAG,PENSKE AUTOMOTIVE GROUP INC,25,0.028403095169539132,-0.080363,0.15063986841577406,10788.519139999999,1.1764304611472007,1.394376839567265
2024-01-31,84606,EEFT,EURONET WORLDWIDE INC,40,0.0008747502405744764,-0.022859,0.11068319492919325,4646.00922,1.3647535230839154,1.5917676435265988
2024-01-31,84723,LNG,CHENIERE ENERGY INC,10,0.003843626985173917,-0.044093999999999994,0.35391342720744573,40672.51105,0.9743510616622059,0.979122839853058
2024-01-31,84761,TTWO,TAKE TWO INTERACTIVE SOFTWR INC,50,-0.03,0.019999,-0.2979098968989449,27441.975,0.7161891117112978,0.9048185774246109
2024-01-31,85738,MRCY,MERCURY SYSTEMS INC,20,-0.03,-0.19368200000000002,-0.4078910418421792,2105.11548,0.7472499592906742,1.4791328579716343
2024-01-31,85992,MANH,MANHATTAN ASSOCIATES INC,45,0.028832339999999998,0.12178000000000001,0.2801380029686685,13256.39112,1.4466119901139556,1.3177961378382819
2024-01-31,86822,EXTR,EXTREME NETWORKS INC,45,0.03,-0.238856,0.2272435511694147,2268.92736,1.9677932930284439,1.892446213457503
2024-01-31,87432,A,AGILENT TECHNOLOGIES INC,35,0.03,-0.06896,0.12111365186344125,40736.34612,1.089597568286005,1.4061823061591798
2024-01-31,88351,INSM,INSMED INC,35,-0.03,-0.107665,-0.4147711317045774,4585.83822,1.3522299210643154,1.3840903093948753
2024-01-31,89301,GME,GAMESTOP CORP NEW,25,-0.0210779739002843,-0.192978,-0.09090544389617682,5355.66042,1.40693213591776,0.8861339272060313
2024-01-31,89946,AEL,AMERICAN EQUITY INVT LIFE HLDG C,40,0.03,-0.015303,0.2550447306133911,4409.595,0.8060212531904514,1.370176941465432
2024-01-31,90071,NRG,N R G ENERGY INC,55,-0.03,0.029071999999999997,-0.34478677738997876,11671.998800000001,1.048425151980247,1.1087354328984267
2024-01-31,90319,GOOGL,ALPHABET INC,50,0.022380344069010506,-0.0017939999999999996,0.19577165322742404,824031.3099999999,0.9962024953416357,1.5752354408820592
2024-01-31,90436,HALO,HALOZYME THERAPEUTICS INC,35,0.002809057424972009,-0.088874,0.23175672965057967,4685.4192,1.2535068656855397,1.4330807739738127
2024-01-31,90550,DLB,DOLBY LABORATORIES INC,45,0.02873148603678061,-0.03954,0.2589962691057889,5090.135520000001,0.9332658067141968,1.1820726425501018
2024-01-31,90776,WAL,WESTERN ALLIANCE BANCORPORATION,40,0.03,-0.032545,-0.24304970513900587,7202.294460000001,1.5497916157180305,4.070828573531893
2024-01-31,91356,HOMB,HOME BANCSHARES INC,40,0.006323619411669824,-0.079344,0.17428892365707865,5110.8594299999995,1.1391431612302538,1.3291268058094807
2024-01-31,91832,MDGL,MADRIGAL PHARMACEUTICALS INC,35,-0.03,-0.068131,-0.48389296746499777,4598.6775,-0.0028551860960533246,0.3983057561558654
2024-01-31,92655,UNH,UNITEDHEALTH GROUP INC,35,0.0023109506154888634,-0.032708,0.16674690095077624,486945.26475,0.5150067909253336,0.8495683453094388
2024-01-31,92852,LOPE,GRAND CANYON EDUCATION INC,25,0.02884509,-0.015711,0.4515986681108838,3954.99412,0.5370980707756542,0.7203429206338718
2024-01-31,93096,DG,DOLLAR GENERAL CORP NEW,30,-0.03,-0.028999,-0.22102539415092065,29840.61715,0.37846420458486435,0.8284231110677427
2024-02-29,10693,EHC,ENCOMPASS HEALTH CORP,35,0.03,0.043073,0.23744124259145716,7121.120640000001,0.894240650214479,0.9969824183826717
2024-02-29,11995,COKE,COCA COLA CONSOLIDATED INC,30,0.02823948,-0.028127,0.2680564071122011,7208.9729099999995,0.7028208205770647,0.8683619974688987
2024-02-29,12473,KNX,KNIGHT SWIFT TRANSPORT HDLGS INC,20,-0.03,-0.022349,-0.3246065808297568,9259.35322,0.9610596195181836,1.200645534162537
2024-02-29,12981,FBIN,FORTUNE BRANDS INNOVATIONS INC,20,0.027007246367712595,0.047234,0.12787655834866138,9783.71105,1.5300246201800216,1.658560004935264
2024-02-29,13284,ALSN,ALLISON TRANSMISSION HLDGS INC,20,0.005978480743556503,0.24007699999999998,0.19562640506846515,5417.4219,0.9366365806301158,1.1803440468866795
2024-02-29,13318,YELP,YELP INC,50,0.03,-0.125194,0.38479460453709374,2994.3242899999996,1.564893988738276,1.257662788425522
2024-02-29,13600,QLYS,QUALYS INC,45,0.028771409999999997,-0.09572900000000001,0.27960351522583277,6982.075529999999,0.5521177022741536,1.1008429568844948
2024-02-29,13688,PCG,P G & E CORP,55,-0.02768797768404386,-0.014894000000000001,-0.08939301042305332,35992.27996,1.3703617845700533,0.5250828644453557
2024-02-29,13721,ABBV,ABBVIE INC,35,0.03,0.06663999999999999,0.2058859595340282,290254.28280000004,0.5426933483209454,0.6364823809708179
2024-02-29,13766,BCC,BOISE CASCADE CO,20,0.03,0.0006839999999999997,0.1275086858777846,5362.861400000001,1.5577894254148195,1.503592762708982
2024-02-29,13788,ZTS,ZOETIS INC,35,0.017886836478273743,0.05179,0.2463110566114858,86226.20034,0.8319535827184089,1.2596629803827388
2024-02-29,13901,MO,ALTRIA GROUP INC,30,0.007339444507972598,0.015467,0.31522583282239935,70958.11764,0.6057484890210987,0.6029142930338282
2024-02-29,14229,OMF,ONEMAIN HOLDINGS INC,40,0.010963877226827958,0.009327,0.25358675659104846,5707.4304,1.6837942244267636,1.5105619304909739
2024-02-29,14318,NMIH,N M I HOLDINGS INC,40,0.0029559681772488838,-0.061868,0.4066217044757817,2554.2384,1.0688511880516645,1.1207991757691775
2024-02-29,14329,ARMK,ARAMARK,25,-0.018818553417808675,0.042036000000000004,-0.1299816063764562,7627.451359999999,1.42695144637253,1.2168494621499246
2024-02-29,14596,FIVN,FIVE 9 INC,45,-0.025218776052362776,-0.200111,-0.3342530145105252,5561.827619999999,0.8935135192689101,1.7564283206613482
2024-02-29,14617,ARES,ARES MANAGEMENT CORP,40,-0.020871488137380465,0.087561,-0.22834661761700387,22545.10876,1.145959254943193,1.6056625243513831
2024-02-29,14691,CBAY,CYMABAY THERAPEUTICS INC,35,-0.03,0.364981,-0.45285101164929487,2676.96615,0.3561512152520087,0.9805587232876123
2024-02-29,15490,LITE,LUMENTUM HOLDINGS INC,45,-0.03,-0.121989,-0.4339055793991417,3702.956,1.112459465207255,1.7882325505032106
2024-02-29,15643,RUN,SUNRUN INC,20,-0.011240900104770154,-0.172732,-0.7220519108931126,3176.79616,2.6063112174524243,3.4676940774439324
2024-02-29,16076,GMS,G M S INC,20,0.008141815913624475,0.056969,0.1395054159002657,3351.0828799999995,1.6857148141455833,1.5447150441120228
2024-02-29,16182,PI,IMPINJ INC,45,-0.03,0.12198799999999999,-0.6710198242387084,2634.55868,2.070323672978438,2.6632467128799515
2024-02-29,16260,MEDP,MEDPACE HOLDINGS INC,35,0.02839497,0.359107,0.15867565910484366,8946.25756,1.2545698376275434,1.6227728873374123
2024-02-29,16347,AA,ALCOA CORP,15,-0.005659870164721691,-0.089602,-0.42393214796648276,5309.542,2.4484465272193914,2.249674514720662
2024-02-29,16597,AYX,ALTERYX INC,45,-0.004394119840847598,0.007996999999999999,-0.24545268751277335,3055.80702,0.5947430820172129,1.895874315880873
2024-02-29,16655,CVNA,CARVANA CO,25,0.024259350000000002,0.7591289999999999,-0.4154302064173309,4910.1318,3.265267078645266,5.420740108716602
2024-02-29,16736,VST,VISTRA CORP,55,0.03,0.325047,0.19730226854690378,14670.35856,0.8930422462452883,1.0869652572328463
2024-02-29,16932,ROKU,ROKU INC,50,-0.020948661524322815,-0.286759,-0.4472307377886778,11109.91378,1.8552922371057459,2.5312115335918044
2024-02-29,17104,APLS,APELLIS PHARMACEUTICALS INC,35,-0.02004068020864303,-0.025079999999999998,-0.5196607398324137,7566.69924,0.8793580010128537,1.8539676076652183
2024-02-29,17223,ADT,A D T INC,25,0.006786170170388823,0.107568,0.30717351318209685,5662.01281,1.5783526085735284,1.7210055235629294
2024-02-29,17949,BE,BLOOM ENERGY CORP,20,-0.03,-0.229489,-0.6070917637441242,2536.23468,3.1043632335217235,2.261241990331133
2024-02-29,17959,CRNX,CRINETICS PHARMACEUTICALS INC,35,-0.022683858354495372,0.118035,-0.6039444103821786,2487.024,0.5970357626132129,1.929090495696411
2024-02-29,18064,FTDR,FRONTDOOR INC,25,0.004188379596202864,-0.046959,0.4592274678111588,2567.69604,0.9013213951878626,1.169286696484389
2024-02-29,18656,IDYA,IDEAYA BIOSCIENCES INC,35,-0.03,0.022654,-0.6523809523809525,2831.1476700000003,0.8322707017434019,1.2134128518698668
2024-02-29,18777,KRTX,KARUNA THERAPEUTICS INC,35,-0.02956524,-0.0024690000000000003,-0.3149601471489885,11946.63014,1.0528375191114945,0.4754136467383869
2024-02-29,18973,BRC,BRADY CORP,20,0.03,-0.0366,0.37988963825873695,2697.8823899999998,0.7645746491920968,1.0322261898563005
2024-02-29,19201,RVMD,REVOLUTION MEDICINES INC,35,-0.013970632583483094,0.058118,-0.5634784385857347,4569.731250000001,1.4460741857961106,1.9773543128335056
2024-02-29,19561,BA,BOEING CO,20,-0.02193972831592236,-0.038909,-0.322644594318414,127674.34607999999,1.5355633736893837,1.468035192568093
2024-02-29,21207,NEM,NEWMONT CORP,15,-0.0216124216173464,-0.098689,-0.1174943797261394,39772.49892,0.45650592715173655,0.7289079409165573
2024-02-29,32707,HP,HELMERICH & PAYNE INC,10,0.02317228017007375,-0.040046,0.06727978745146126,3978.7750199999996,1.5598874681597554,1.6066668473425065
2024-02-29,42550,NEU,NEWMARKET CORP,15,0.0018810209325886874,0.146114,0.43216840384222355,5349.397899999999,0.39025123704201514,0.5921830659742907
2024-02-29,42585,SJM,SMUCKER J M CO,30,-0.016325062869161053,-0.08294800000000001,-0.16039239730226854,13963.243200000003,0.20887047544919593,0.24504930095666197
2024-02-29,44206,ES,EVERSOURCE ENERGY,55,-0.011315094086547631,0.078402,-0.2637032495401594,18940.45572,0.5156832322258288,0.8785737506840842
2024-02-29,44943,DIOD,DIODES INC,45,0.01441086034694349,0.00558,0.052094829348048204,3092.54616,1.482358102596677,1.9010901883576714
2024-02-29,45306,IDCC,INTERDIGITAL INC,45,0.03,0.014528999999999999,0.45685673410995303,2687.1789999999996,1.3071336064718064,1.2553934122063626
2024-02-29,46463,GFF,GRIFFON CORP,20,0.012053085395798947,0.223939,0.3699366441855712,2989.2623399999998,1.3693326648443118,1.4516440135863882
2024-02-29,46690,CBT,CABOT CORP,15,0.015391270849479409,0.179706,0.3425710198242387,3996.4309,1.2454175111299606,1.4877625562124948
2024-02-29,47941,TGNA,TEGNA INC,50,0.009668197584480771,-0.10557100000000001,0.2597179644389945,3070.73112,0.5668140164707441,0.7811038175323897
2024-02-29,49429,DDS,DILLARDS INC,25,0.028640729999999996,0.06668299999999999,0.1782342121397915,4738.63572,0.9983390000375038,1.458987571952872
2024-02-29,52337,THC,TENET HEALTHCARE CORP,35,0.004750933036713166,0.119779,0.04357245043940323,8402.41248,2.060423257452535,1.5303308937762545
2024-02-29,52978,HAS,HASBRO INC,25,-0.00997458523484736,0.023150999999999998,-0.24054772123441648,6793.72155,0.7016137964706285,1.5493432403613363
2024-02-29,53613,MU,MICRON TECHNOLOGY INC,45,-0.03,0.052452,-0.3565706110770489,94660.19675,1.2383719169748577,1.721981577092146
2024-02-29,55511,PNM,P N M RESOURCES INC,55,-0.00492179345060877,0.014258999999999999,-0.2301655426118945,3109.8020499999993,0.35158288477486455,0.5489403542947126
2024-02-29,59328,INTC,INTEL CORP,45,-0.02557752,-0.001998,-0.3361332515838954,182142.24,0.9662175746340759,1.767054276585357
2024-02-29,60098,OTTR,OTTER TAIL CORP,55,0.02392486522120026,0.0015609999999999999,0.16895565092989986,3771.50862,0.5364173052051581,1.185672695709273
2024-02-29,61241,AMD,ADVANCED MICRO DEVICES INC,45,-0.03,0.143906,-0.42812180666257926,270951.32203,1.7281904729486868,2.2895766264199815
2024-02-29,64194,CHE,CHEMED CORP NEW,35,0.011736386862176951,0.052725,0.30106274269364397,8928.60298,0.38858940883733795,0.740186411498364
2024-02-29,66384,WDC,WESTERN DIGITAL CORP,45,-0.03,0.034553,-0.4536889433885142,18655.485,1.5215257682853451,1.7263077848115547
2024-02-29,76076,CSCO,CISCO SYSTEMS INC,45,0.03,-0.040293999999999996,0.43989372573063557,203229.0,0.8507751181434633,0.9525591678214225
2024-02-29,76136,KMPR,KEMPER CORP DE,40,-0.02742810591865552,-0.043784,-0.3310647864295933,3845.2200000000003,0.9015080966311051,1.4363446961647008
2024-02-29,76226,PARA,PARAMOUNT GLOBAL,50,-0.029452439999999996,-0.247541,-0.4060698957694666,8929.08,1.8580583177496295,2.2833179455796095
2024-02-29,76504,CATY,CATHAY GENERAL BANCORP,40,0.01311823577303597,-0.047472,0.11976292662987945,2991.78273,1.1658585437531948,1.6956718923218255
2024-02-29,76573,MLI,MUELLER INDUSTRIES INC,20,0.03,0.06619299999999999,0.20083793173921927,5448.96,1.0868083610865724,1.4704277399297543
2024-02-29,76661,IONS,IONIS PHARMACEUTICALS INC,35,-0.03,-0.12448100000000001,-0.5429184549356224,7417.68399,0.47719539495361424,1.0792440116799904
2024-02-29,76712,AES,A E S CORP,55,-0.03,-0.09295300000000001,-0.443143265890047,11169.41172,1.091456954530708,1.5915112268069547
2024-02-29,77366,MODG,TOPGOLF CALLAWAY BRANDS CORP,25,-0.022583544484419866,0.07702099999999999,-0.34649499284692414,2430.08889,1.876725543735621,2.148896118107754
2024-02-29,77730,TSN,TYSON FOODS INC,30,-0.03,-0.004772,-0.2787042714081341,15680.580759999999,0.7194874746297674,0.8418682039337557
2024-02-29,78875,WOLF,WOLFSPEED INC,45,-0.022301249999999998,-0.204838,-0.6555896178213775,4079.3287499999997,1.8065532689140367,3.0794263190304427
2024-02-29,78987,MCHP,MICROCHIP TECHNOLOGY INC,45,0.016713952467380576,-0.011134999999999999,0.009482934804823222,46030.249840000004,1.645866141995262,1.849354232492846
2024-02-29,80069,ARWR,ARROWHEAD PHARMACEUTICALS INC,35,-0.03,-0.004224,-0.5629470672389127,3977.0937000000004,0.851940909637132,1.8316015335925788
2024-02-29,80415,EXP,EAGLE MATERIALS INC,15,0.03,0.11628999999999999,0.1923564275495606,7795.3460000000005,1.2692205449615062,1.358453279319441
2024-02-29,82307,DVA,DAVITA INC,35,0.03,0.169685,0.26319231555283057,9875.008,0.9849291786719467,1.1460843289472749
2024-02-29,82800,SCCO,SOUTHERN COPPER CORP,15,0.03,-0.009513,0.3895360719395055,63472.331,1.2666870315898573,1.4976263103503125
2024-02-29,84042,PAG,PENSKE AUTOMOTIVE GROUP INC,25,0.02612053723242946,0.036335,0.23744124259145719,9972.54118,1.1595804181697869,1.4432388277516983
2024-02-29,84606,EEFT,EURONET WORLDWIDE INC,40,0.0008547543248251845,0.09401999999999999,0.15191089311260983,4561.777700000001,1.3586009562137837,1.6268256398698524
2024-02-29,84723,LNG,CHENIERE ENERGY INC,10,0.0036741460968896583,-0.055249,0.40077661966073974,39071.437450000005,0.9694876288505876,0.9397702667949419
2024-02-29,84761,TTWO,TAKE TWO INTERACTIVE SOFTWR INC,50,-0.03,-0.113361,-0.24218270999386873,28134.748980000004,0.7321721995679668,0.9067669149047775
2024-02-29,85992,MANH,MANHATTAN ASSOCIATES INC,45,0.03,0.040177000000000004,0.09511547108113629,14933.448960000002,1.4400246810425916,1.4125127258092072
2024-02-29,87432,A,AGILENT TECHNOLOGIES INC,35,0.0279312,0.051579,0.13092172491314122,38119.820400000004,1.0780287867110583,1.452674859232175
2024-02-29,88351,INSM,INSMED INC,35,-0.02677005,-0.007102000000000001,-0.4027181688125893,4113.7884,1.0500807082982282,1.3848228557238687
2024-02-29,88860,ALGN,ALIGN TECHNOLOGY INC,35,0.027535365471315132,0.127079,-0.023032904148784,20069.049,1.6583922481261644,2.6519108168746754
2024-02-29,89301,GME,GAMESTOP CORP NEW,25,-0.017010388652955236,-0.0014130000000000002,-0.056897608828939315,4347.46422,1.5439784826907204,0.867984090343304
2024-02-29,89946,AEL,AMERICAN EQUITY INVT LIFE HLDG C,40,0.02954091,0.0017529999999999994,0.26985489474759855,4362.97025,0.7877884700797737,1.3992873408583126
2024-02-29,90071,NRG,N R G ENERGY INC,55,-0.03,0.038762000000000005,-0.4557735540568158,11974.52256,1.0713447714263422,1.13223476238346
2024-02-29,90319,GOOGL,ALPHABET INC,50,0.022340193731750703,-0.01593,0.266176170038831,825609.2999999999,1.0029755523011568,1.626626124814465
2024-02-29,90436,HALO,HALOZYME THERAPEUTICS INC,35,0.0025594052553850467,0.171847,0.19824238708358882,4291.1645,1.2594937870013743,1.4292649226975516
2024-02-29,90550,DLB,DOLBY LABORATORIES INC,45,0.027595443078886304,-0.026774,0.27617003883098307,4912.943520000001,0.9479300529448454,1.2042212125694363
2024-02-29,90776,WAL,WESTERN ALLIANCE BANCORPORATION,40,0.029023649999999998,-0.09628400000000001,-0.32748824851829145,7003.62,1.5573509931775977,4.225057373453969
2024-02-29,91356,HOMB,HOME BANCSHARES INC,40,0.005821878153070293,0.004538,0.1331698344573881,4723.769440000001,1.1312507750286525,1.400995933889035
2024-02-29,91832,MDGL,MADRIGAL PHARMACEUTICALS INC,35,-0.03,0.085712,-0.47674228489679127,4307.11125,0.004152338169331351,0.4142201617093267
2024-02-29,92294,UEC,URANIUM ENERGY CORP,10,-0.012557227296655924,-0.156056,-0.470713263846311,3002.3672,1.944321012118714,1.7072659850291747
2024-02-29,92655,UNH,UNITEDHEALTH GROUP INC,35,0.002235364042757454,-0.039672,0.10051093398732884,473321.1195,0.5030217836996673,0.8811089651670146
2024-02-29,92852,LOPE,GRAND CANYON EDUCATION INC,25,0.02839190479101,0.028014000000000004,0.4222767218475373,3911.56227,0.5725533610230819,0.7531961822929389
2024-02-29,93096,DG,DOLLAR GENERAL CORP NEW,30,-0.029130029999999998,0.096026,-0.24635193133047206,28988.96879,0.36443180545229176,0.8596967906404952
2024-03-31,10693,EHC,ENCOMPASS HEALTH CORP,35,0.03,0.10780500000000001,0.2603867050175775,7450.416,0.9056420327651415,0.9577865328325248
2024-03-31,11995,COKE,COCA COLA CONSOLIDATED INC,30,0.027445188146040002,0.002515,0.1981064237775647,7036.655199999999,0.6692306340372031,0.8454154210331691
2024-03-31,12473,KNX,KNIGHT SWIFT TRANSPORT HDLGS INC,20,-0.02932953,-0.024815,-0.22928651326302335,9098.571960000001,0.9410297455796983,1.2041977357600608
2024-03-31,12981,FBIN,FORTUNE BRANDS INNOVATIONS INC,20,0.02828290664264513,0.036782,0.1823266219239374,10259.33286,1.524032046837269,1.6615184495642494
2024-03-31,13318,YELP,YELP INC,50,0.02624418,0.020817,0.21704218600191758,2624.72164,1.5225578526669772,1.41530294345662
2024-03-31,13600,QLYS,QUALYS INC,45,0.02601715169211,-0.033192,0.08916586768935762,6354.86722,0.5298676605937854,1.2250447673436267
2024-03-31,13688,PCG,P G & E CORP,55,-0.02363315776569944,0.0006369999999999995,0.029202620645573663,35610.167870000005,1.3147840453016642,0.5488430449407306
2024-03-31,13721,ABBV,ABBVIE INC,35,0.03,0.030208,0.13588606583573026,310987.57165,0.5551366386081451,0.6428347989656852
2024-03-31,13766,BCC,BOISE CASCADE CO,20,0.029172047421449486,0.12431,0.18132790028763182,5373.881399999999,1.5424388473490145,1.5151242525080986
2024-03-31,13788,ZTS,ZOETIS INC,35,0.01881319573948354,-0.150983,0.22399328859060402,90808.76211000001,0.8248596774896102,1.298093838404692
2024-03-31,13901,MO,ALTRIA GROUP INC,30,0.007452963696177409,0.086398,0.3471156919143496,72143.23041999999,0.5969875719679413,0.5907503010823048
2024-03-31,14179,AR,ANTERO RESOURCES CORP,10,-0.03,0.124248,-0.338506711409396,7801.6975999999995,3.3582782764954326,1.0932754178853485
2024-03-31,14229,OMF,ONEMAIN HOLDINGS INC,40,0.011066137309722583,0.077571,0.24748322147651006,5656.54818,1.6581953565416345,1.4795945352205386
2024-03-31,14318,NMIH,N M I HOLDINGS INC,40,0.0027730883380588495,0.07097600000000001,0.38310961968680096,2432.8704,1.0337938260134478,1.1351670441484762
2024-03-31,14329,ARMK,ARAMARK,25,-0.01960961012927968,0.06804900000000001,-0.1504474272930649,7960.22982,1.4376548641730602,1.2135147760224663
2024-03-31,14593,AAPL,APPLE INC,45,0.00821181116523408,-0.055443,0.42070150207734097,2791119.99075,1.2396485450753585,1.1068781693857295
2024-03-31,14596,FIVN,FIVE 9 INC,45,-0.020172221557748407,0.01404,-0.3579418344519016,4472.947,0.8358806215413475,1.7691247511593748
2024-03-31,14617,ARES,ARES MANAGEMENT CORP,40,-0.022699016510177635,0.005503999999999999,-0.17885107062959407,24614.403809999996,1.137943329642073,1.6565424516876344
2024-03-31,14690,ARDX,ARDELYX INC,35,-0.03,-0.22089499999999998,-0.6853028124001278,2168.6335200000003,0.8714586570907052,1.55088293902209
2024-03-31,14691,CBAY,CYMABAY THERAPEUTICS INC,35,-0.03,0.005473,-0.5025966762543943,3665.3143499999996,0.38527834974412695,1.0439267997494073
2024-03-31,15272,SEDG,SOLAREDGE TECHNOLOGIES INC,45,-0.02112378687228361,0.052565,-0.6857422499201024,3837.15342,1.5652151998426012,2.6821944702727323
2024-03-31,15490,LITE,LUMENTUM HOLDINGS INC,45,-0.02634033,-0.027264,-0.4799656439757111,3266.878,1.0746845141978623,2.078931535579654
2024-03-31,15643,RUN,SUNRUN INC,20,-0.009299236947872996,0.09052700000000001,-0.6436561201661872,2645.45288,2.5253430425393044,3.5936853130083617
2024-03-31,16076,GMS,G M S INC,20,0.008605647024407748,0.08575500000000001,0.2013023330137424,3556.14558,1.6811717345773676,1.5762951369000795
2024-03-31,16182,PI,IMPINJ INC,45,-0.03,0.171543,-0.5833133589006072,2970.56556,2.0685269369473938,2.678850265999457
2024-03-31,16260,MEDP,MEDPACE HOLDINGS INC,35,0.03,0.012520999999999997,0.040627996164908926,12227.31768,1.3468883028385124,1.7163406609651382
2024-03-31,16347,AA,ALCOA CORP,15,-0.0051527344782222985,0.242185,-0.4230984340044743,4885.80039,2.411960760274176,2.351458568967431
2024-03-31,16655,CVNA,CARVANA CO,25,0.03,0.15362,-0.14529402364972835,8829.1404,3.387013096364547,5.342147610674913
2024-03-31,16736,VST,VISTRA CORP,55,0.029420718438942995,0.277199,0.10590444231383832,19500.88608,0.9563958367409859,1.149798160927087
2024-03-31,17104,APLS,APELLIS PHARMACEUTICALS INC,35,-0.019538059949010266,-0.055634,-0.45571668264621285,7472.466539999999,0.8524225335712724,1.8795859701808058
2024-03-31,17223,ADT,A D T INC,25,0.0026487055962284597,-0.07085899999999999,0.10015180568871844,6298.5582,1.5779914830646324,1.7911902233082437
2024-03-31,17332,VCTR,VICTORY CAPITAL HOLDINGS INC,40,0.02906589413077817,0.10924700000000001,0.40679929689996797,2471.7023099999997,0.99919768862656,1.285936581673522
2024-03-31,17959,CRNX,CRINETICS PHARMACEUTICALS INC,35,-0.02536134757536823,0.13922400000000001,-0.622283477149249,2791.0845,0.6316172285314577,1.9798896203393714
2024-03-31,18064,FTDR,FRONTDOOR INC,25,0.003991697478744774,0.034746,0.35178970917225943,2458.0595200000002,0.8742836297379284,1.1996665335689323
2024-03-31,18100,ARVN,ARVINAS INC,35,-0.03,-0.106375,-0.6496284755512943,3130.50232,2.0618268758462777,1.8443305642291423
2024-03-31,18656,IDYA,IDEAYA BIOSCIENCES INC,35,-0.03,-0.022502,-0.46628315755832533,3332.8320000000003,0.8185025117502567,1.252015830497937
2024-03-31,18777,KRTX,KARUNA THERAPEUTICS INC,35,-0.029492243422439997,0.046898999999999996,-0.3371684244167466,11977.327560000002,1.0225367114724386,0.4786848905034405
2024-03-31,18973,BRC,BRADY CORP,20,0.028902,0.013002,0.31651486097794823,2610.53604,0.743010338315595,1.0528131268447043
2024-03-31,19201,RVMD,REVOLUTION MEDICINES INC,35,-0.014782577807969963,0.08912700000000001,-0.659695589645254,4855.0612,1.442258711101554,2.000210412808639
2024-03-31,19561,BA,BOEING CO,20,-0.021086075426878136,-0.056827,-0.17953020134228193,124296.7022,1.497485415369089,1.457056993027039
2024-03-31,19599,QS,QUANTUMSCAPE CORP,25,-0.0017728840147263922,-0.000967,-0.356763342921061,2765.97288,5.370449775744504,2.182812448032248
2024-03-31,21207,NEM,NEWMONT CORP,15,-0.0248749145156666,0.151287,-0.34851390220517736,36015.375,0.4305520401940104,0.7552439429509139
2024-03-31,22111,JNJ,JOHNSON & JOHNSON,35,0.024306922695341657,-0.023924,0.3936561201661873,388726.81846,0.49353923178779713,0.5113146028471893
2024-03-31,32707,HP,HELMERICH & PAYNE INC,10,0.022244323038382977,0.09144100000000001,0.13462767657398528,3793.96853,1.542876168020295,1.595284198046467
2024-03-31,42550,NEU,NEWMARKET CORP,15,0.002155864425132951,-0.011155,0.36832853946947913,6153.6152999999995,0.4081686781767751,0.614025118184705
2024-03-31,42585,SJM,SMUCKER J M CO,30,-0.014970931554289881,0.043276,-0.1411193672099712,12759.16992,0.18564820690596162,0.2537620301389994
2024-03-31,44206,ES,EVERSOURCE ENERGY,55,-0.012202220093121139,0.02643,-0.3371684244167466,20526.626900000003,0.5301263159807065,0.9137009408221115
2024-03-31,44943,DIOD,DIODES INC,45,0.014491272947679434,0.032913,0.02289069990412271,3123.0012,1.4459266745688621,1.9234322583826773
2024-03-31,45306,IDCC,INTERDIGITAL INC,45,0.03,-0.009389999999999999,0.1031479705976351,2727.61874,1.3071895230372432,1.3666246807255076
2024-03-31,46463,GFF,GRIFFON CORP,20,0.014752241286248769,0.023014,0.20541706615532118,3530.4444000000003,1.3923445560097707,1.53382351391959
2024-03-31,46690,CBT,CABOT CORP,15,0.018157174568755954,0.08118700000000001,0.23162352189197824,4708.86345,1.277110456562469,1.5630763405676393
2024-03-31,49429,DDS,DILLARDS INC,25,0.03,0.133685,0.25511345477788433,5074.636280000001,0.9796370283573699,1.3966940721176597
2024-03-31,52337,THC,TENET HEALTHCARE CORP,35,0.005319995044917633,0.126058,0.13650527325023967,9299.535,2.0314379139945897,1.5762701543607576
2024-03-31,52978,HAS,HASBRO INC,25,-0.01020550685761931,0.11972400000000001,-0.3121005113454777,6979.79939,0.7117924784201957,1.5514328147042855
2024-03-31,53613,MU,MICRON TECHNOLOGY INC,45,-0.03,0.298183,-0.35188958133589004,100305.27,1.2318502234747473,1.7534158964031448
2024-03-31,55511,PNM,P N M RESOURCES INC,55,-0.004991973303421,0.026792999999999997,-0.29983620965164587,3133.8358499999995,0.3494922826599108,0.6565852850226314
2024-03-31,59328,INTC,INTEL CORP,45,-0.025526416115039998,0.021859,-0.2677173218280601,182015.4,0.9418142101651729,1.748458849041624
2024-03-31,60098,OTTR,OTTER TAIL CORP,55,0.02396221193581055,-0.049039,0.16323106423777564,3773.1770599999995,0.5262709700097488,1.1496424125506641
2024-03-31,61241,AMD,ADVANCED MICRO DEVICES INC,45,-0.03,-0.06669299999999999,-0.42745286033876645,311087.47111,1.7530793628359083,2.34140189364297
2024-03-31,64194,CHE,CHEMED CORP NEW,35,0.01235518785948523,0.021077,0.23761585170981148,9430.770059999999,0.38301791476621533,0.7583658627694624
2024-03-31,66384,WDC,WESTERN DIGITAL CORP,45,-0.03,0.143312,-0.39201821668264625,19397.03255,1.5030612627593813,1.750912509288083
2024-03-31,76076,CSCO,CISCO SYSTEMS INC,45,0.028791179999999996,0.027680999999999997,0.2256711409395973,195859.17518999998,0.8231256327808032,0.9200755471588689
2024-03-31,76136,KMPR,KEMPER CORP DE,40,-0.026227193729113106,0.075906,-0.20785394694790663,3687.69492,0.8711178979556943,1.3947240672807026
2024-03-31,76226,PARA,PARAMOUNT GLOBAL,50,-0.022161753549959997,0.06670000000000001,-0.3276406200063918,6754.07328,1.7882262674772638,2.272266093477913
2024-03-31,76504,CATY,CATHAY GENERAL BANCORP,40,0.012495486884418407,-0.035399,0.10989932885906041,2837.7244499999997,1.1409140563445812,1.7545300834698092
2024-03-31,76661,IONS,IONIS PHARMACEUTICALS INC,35,-0.02626557,-0.045298,-0.40905640779801855,6589.4479200000005,0.41527845272851527,1.1382726966145584
2024-03-31,76712,AES,A E S CORP,55,-0.02721141,0.175448,-0.23989293704058803,10796.3624,1.0559943263028164,1.6601653369115679
2024-03-31,77366,MODG,TOPGOLF CALLAWAY BRANDS CORP,25,-0.02432295166415437,0.131377,-0.3167945030361138,2627.52208,1.8748900992853703,2.2840575531752907
2024-03-31,77730,TSN,TYSON FOODS INC,30,-0.02985684,0.07862300000000001,-0.17557526366251203,15531.02736,0.7137902318432234,0.8546299347997646
2024-03-31,78875,WOLF,WOLFSPEED INC,45,-0.0177331065525,0.129586,-0.6528843080856503,3273.34202,1.7371620226945828,3.152208648286459
2024-03-31,78987,MCHP,MICROCHIP TECHNOLOGY INC,45,0.016527842606656292,0.06204199999999999,0.027045381911153736,45468.246320000006,1.619985052186146,1.8577457555883865
2024-03-31,80069,ARWR,ARROWHEAD PHARMACEUTICALS INC,35,-0.02987328,-0.113191,-0.5681927133269414,3977.0937000000004,0.8053962884259344,1.901463746709787
2024-03-31,80415,EXP,EAGLE MATERIALS INC,15,0.03,0.068694,0.23002556727388943,8734.7975,1.2758360530031454,1.3796188364039124
2024-03-31,82307,DVA,DAVITA INC,35,0.03,0.083108,0.27021412591882393,11135.269,1.0149427847790364,1.2008063899584045
2024-03-31,82800,SCCO,SOUTHERN COPPER CORP,15,0.02971461,0.31318199999999996,0.0961169702780441,62513.6746,1.2428289025751653,1.5520961616134943
2024-03-31,84042,PAG,PENSKE AUTOMOTIVE GROUP INC,25,0.027069626952769786,0.051151999999999996,0.16458932566315118,10282.964999999998,1.1645523903115194,1.414976277040776
2024-03-31,84723,LNG,CHENIERE ENERGY INC,10,0.0034711531991826017,0.035018,0.259747523170342,36424.1984,0.9517319227762121,0.8664988004850326
2024-03-31,84761,TTWO,TAKE TWO INTERACTIVE SOFTWR INC,50,-0.02659917,0.00646,-0.22199584531799296,25064.20098,0.7244665194602633,0.9121483019998466
2024-03-31,85992,MANH,MANHATTAN ASSOCIATES INC,45,0.03,-0.016394,0.2355385107062959,15596.514780000001,1.4209274975412072,1.3520985349066703
2024-03-31,87432,A,AGILENT TECHNOLOGIES INC,35,0.0293718633648,0.055175999999999996,0.0462607861936721,40251.97440000001,1.0763805947781728,1.4849921598701956
2024-03-31,88860,ALGN,ALIGN TECHNOLOGY INC,35,0.03,0.08016300000000001,-0.03024129114733141,22712.951680000002,1.6710681836916454,2.3398310882518905
2024-03-31,89301,GME,GAMESTOP CORP NEW,25,-0.016986352973788612,-0.126792,-0.04182646212847556,4359.68478,1.5202555988691837,0.8674078225414135
2024-03-31,89946,AEL,AMERICAN EQUITY INVT LIFE HLDG C,40,0.011448168856783809,0.008086,0.09240172579098756,4389.0485,0.7808980277654894,1.2500524091793694
2024-03-31,90071,NRG,N R G ENERGY INC,55,-0.03,0.219451,-0.2915068712048578,11507.72172,1.0703171982494983,1.1263414809351937
2024-03-31,90319,GOOGL,ALPHABET INC,50,0.021984314445603913,0.08590500000000001,0.33181527644614894,815944.78,0.9917007346506482,1.51116105219583
2024-03-31,90436,HALO,HALOZYME THERAPEUTICS INC,35,0.002999231370307201,0.017696999999999997,0.22329418344519011,5058.019740000001,1.2808210478694786,1.4848239194291095
2024-03-31,90550,DLB,DOLBY LABORATORIES INC,45,0.026856602685892204,0.030040999999999998,0.19263342921061044,4818.933,0.9347870324443922,1.22873443271539
2024-03-31,90776,WAL,WESTERN ALLIANCE BANCORPORATION,40,0.026229136883399996,0.107743,-0.3314157877916267,6360.6914,1.5178766577871965,4.305866216613817
2024-03-31,91356,HOMB,HOME BANCSHARES INC,40,0.005848297836128926,0.043158,0.15707893895813357,4718.65056,1.1151136400843509,1.4387185786833205
2024-03-31,91832,MDGL,MADRIGAL PHARMACEUTICALS INC,35,-0.03,0.12641,-0.5235099073186322,4699.671399999999,0.0025449209965548044,0.45241318424793386
2024-03-31,92294,UEC,URANIUM ENERGY CORP,10,-0.010597596633648988,0.03751,-0.4513422818791947,2546.5104,1.8959191689813473,1.7421903664917355
2024-03-31,92655,UNH,UNITEDHEALTH GROUP INC,35,0.00214668268045318,0.002025,0.18716043464365612,455066.6224,0.5039547514324054,0.8772739569460701
2024-03-31,92852,LOPE,GRAND CANYON EDUCATION INC,25,0.029187275611825353,0.0063030000000000004,0.46692233940556094,4046.5612,0.5415451328948367,0.7931690865341985
2024-03-31,93096,DG,DOLLAR GENERAL CORP NEW,30,-0.03,0.06982300000000001,-0.22958612975391499,31895.109070000002,0.38054744205918417,0.8828321997554138
2024-04-30,10258,CLDX,CELLDEX THERAPEUTICS INC,35,-0.016873714373147313,-0.11327499999999999,-0.37912546169426903,2766.28467,1.6605591751035678,0.8153763280242953
2024-04-30,10693,EHC,ENCOMPASS HEALTH CORP,35,0.03,0.004824,0.12536240517891892,8269.5612,0.9131185052495474,1.0582256048649823
2024-04-30,11995,COKE,COCA COLA CONSOLIDATED INC,30,0.027514212794227295,-0.02839,0.19833988641328087,7083.6052899999995,0.6662253898299654,0.9259857934515134
2024-04-30,12473,KNX,KNIGHT SWIFT TRANSPORT HDLGS INC,20,-0.03,-0.16462400000000002,-0.3078954684459272,8885.39988,0.936214762984055,1.241684256054864
2024-04-30,12981,FBIN,FORTUNE BRANDS INNOVATIONS INC,20,0.029323208514774907,-0.141512,0.137872830533381,10679.34243,1.5235303723477567,1.7684355042005266
2024-04-30,13318,YELP,YELP INC,50,0.02679050509506,0.016456,0.2945907303705469,2690.2714,1.5212602715881163,1.5089718518262734
2024-04-30,13600,QLYS,QUALYS INC,45,0.025153590393145485,-0.022602,0.15083998570237103,6167.848940000001,0.524445380063045,1.3031504495406645
2024-04-30,13688,PCG,P G & E CORP,55,-0.003102238491920893,0.016019,0.043528337106318794,35759.52148,1.3116775240309766,0.57689522629471
2024-04-30,13766,BCC,BOISE CASCADE CO,20,0.03,-0.14244,0.1265737320783192,6067.77731,1.5478662285187395,1.64031645858152
2024-04-30,13788,ZTS,ZOETIS INC,35,0.0159727230071491,-0.06113,0.2611104491838437,77475.67507000001,0.8084431888293293,1.3852304302724767
2024-04-30,13901,MO,ALTRIA GROUP INC,30,0.008096884853599745,-0.0005080000000000006,0.25610627904205885,76922.21243999999,0.6039521009456595,0.6642723303860364
2024-04-30,14179,AR,ANTERO RESOURCES CORP,10,-0.03,0.167895,-0.30620755391397597,8803.472,3.358243735982885,1.1324562871402155
2024-04-30,14229,OMF,ONEMAIN HOLDINGS INC,40,0.011924548646975074,0.015101,0.23642718138130978,6118.844940000001,1.6605626323160845,1.4860120621550101
2024-04-30,14318,NMIH,N M I HOLDINGS INC,40,0.0029699110559409142,-0.050628,0.32405973231661306,2604.8576400000006,1.037992299203444,1.1427496791995422
2024-04-30,14329,ARMK,ARAMARK,25,-0.020944024488967032,-0.035921999999999996,-0.1574724969220382,8535.00408,1.440551318727492,1.2564849685366664
2024-04-30,14593,AAPL,APPLE INC,45,0.007756523718800006,-0.01157,0.352734421541761,2630106.39528,1.2302589302025937,1.1922501475195613
2024-04-30,14596,FIVN,FIVE 9 INC,45,-0.020455439548419194,-0.07796,-0.354481909527781,4586.761390000001,0.8350581480294377,1.8648913624199706
2024-04-30,14617,ARES,ARES MANAGEMENT CORP,40,-0.022823951897049652,-0.004037000000000001,-0.13789268835140397,25249.976439999995,1.1333996169270149,1.6477255575515846
2024-04-30,15272,SEDG,SOLAREDGE TECHNOLOGIES INC,45,-0.022234158729225195,-0.178575,-0.6684935859247786,4031.16714,1.5653141903596188,2.8881200546706514
2024-04-30,15490,LITE,LUMENTUM HOLDINGS INC,45,-0.02562218724288,-0.080682,-0.45837801342388496,3200.8599999999997,1.0702715969661512,2.259796071391378
2024-04-30,15643,RUN,SUNRUN INC,20,-0.010141068971053095,-0.224136,-0.6492513602605345,2908.45696,2.5274264525026373,3.868559504510061
2024-04-30,16076,GMS,G M S INC,20,0.009343624284985834,-0.054381,0.2204614956908535,3877.4415600000007,1.6829477633853407,1.5501970571643808
2024-04-30,16182,PI,IMPINJ INC,45,-0.03,0.236317,-0.6024663409984511,3551.56378,2.0762940768674203,2.85071628387439
2024-04-30,16260,MEDP,MEDPACE HOLDINGS INC,35,0.03,-0.043958,0.09126653163350414,12521.77945,1.3424246634553951,1.7764134444037847
2024-04-30,16347,AA,ALCOA CORP,15,-0.006400649477830566,0.035089,-0.42896858493188766,6067.29861,2.4288432835963834,2.435141934140951
2024-04-30,16655,CVNA,CARVANA CO,25,0.03,-0.061627,-0.15324278168314867,10222.174799999999,3.390744401157903,5.665734715698013
2024-04-30,16736,VST,VISTRA CORP,55,0.007965557481552442,0.084009,0.07605544302792011,24230.19025,0.9788785505351066,1.0640798820793924
2024-04-30,17104,APLS,APELLIS PHARMACEUTICALS INC,35,-0.01845107952180703,-0.25307799999999997,-0.45253981492513606,7127.89792,0.84189690487104,2.052699084889299
2024-04-30,17223,ADT,A D T INC,25,0.0024610209663853072,-0.037602000000000003,0.12202629175106239,5729.2704,1.567661879157783,2.029091499747636
2024-04-30,17332,VCTR,VICTORY CAPITAL HOLDINGS INC,40,0.03,0.193816,0.4810556416061003,2743.99053,1.0058663615048744,1.3069556852616497
2024-04-30,17949,BE,BLOOM ENERGY CORP,20,-0.0030074799813232106,-0.01465,-0.6461138250129075,2528.6965200000004,2.974661885319026,2.7125468404026227
2024-04-30,17959,CRNX,CRINETICS PHARMACEUTICALS INC,35,-0.03,-0.068739,-0.6337424043846063,3676.4105900000004,0.6415773376775427,2.2248683488352694
2024-04-30,18064,FTDR,FRONTDOOR INC,25,0.004130392999341239,-0.062875,0.32548949521426584,2550.88368,0.8760246684050723,1.2585454419081283
2024-04-30,18100,ARVN,ARVINAS INC,35,-0.03,-0.235242,-0.6225227372016363,2819.75424,2.0431493318832903,1.9547695503960276
2024-04-30,18656,IDYA,IDEAYA BIOSCIENCES INC,35,-0.03,-0.07847399999999999,-0.49604829421343183,3280.6882,0.8106175294886591,1.3216406495307245
2024-04-30,18973,BRC,BRADY CORP,20,0.029277783804,-0.005661,0.35819532149807376,2655.32904,0.7424240447321924,1.0998148755795762
2024-04-30,19201,RVMD,REVOLUTION MEDICINES INC,35,-0.03,0.15182199999999998,-0.696076095158664,5315.14599,1.4474821491778294,2.0783206671446854
2024-04-30,19561,BA,BOEING CO,20,-0.019887817018594933,-0.135182,-0.2711982207395051,117749.95365000001,1.4900307059434117,1.5566161716259252
2024-04-30,21207,NEM,NEWMONT CORP,15,-0.03,0.12906499999999999,-0.3719369315699591,41315.886080000004,0.44351215453567255,0.8076784383346327
2024-04-30,21936,PFE,PFIZER INC,35,-0.03,-0.081621,-0.3238015806823146,156698.0895,0.5456869048461735,0.7537252136131688
2024-04-30,22111,JNJ,JOHNSON & JOHNSON,35,0.023725403876778302,-0.090837,0.3978315262718933,381042.85173,0.4901640268930241,0.5445660450497352
2024-04-30,32707,HP,HELMERICH & PAYNE INC,10,0.024278366181335758,-0.069771,0.1570356249255332,4156.66362,1.5479388362719375,1.6061167239401375
2024-04-30,42550,NEU,NEWMARKET CORP,15,0.0021318157574705928,-0.174572,0.4485682513205448,6085.37118,0.4056950413945483,0.6506067497407407
2024-04-30,42585,SJM,SMUCKER J M CO,30,-0.023476107125042663,-0.092415,-0.15951785217840259,13364.37312,0.1891274650387793,0.28063740957074196
2024-04-30,44206,ES,EVERSOURCE ENERGY,55,-0.01252472477018233,0.009356999999999999,-0.3286468882799158,20900.79199,0.531784452489825,0.984620702379551
2024-04-30,44943,DIOD,DIODES INC,45,0.014968224214206407,0.030739000000000002,-0.061658524961277265,3251.1075,1.4450628057809476,2.100040352465424
2024-04-30,45306,IDCC,INTERDIGITAL INC,45,0.0297183,-0.07366500000000001,0.21519917391477028,2707.70364,1.3028679096909708,1.4578603057243877
2024-04-30,46463,GFF,GRIFFON CORP,20,0.0150917493672105,-0.111491,0.291850351483379,3626.36964,1.3889953311948005,1.5241111615757874
2024-04-30,46690,CBT,CABOT CORP,15,0.019631301100469543,-0.015385000000000001,0.3042217721116804,5110.7382,1.2808124122692797,1.598913683048589
2024-04-30,49429,DDS,DILLARDS INC,25,0.03,-0.076211,0.22397632948091664,5770.98704,0.9862783864859997,1.5214591766927257
2024-04-30,52337,THC,TENET HEALTHCARE CORP,35,0.00599062298028986,0.063445,0.1779459073037055,10510.47445,2.036939418199673,1.5841425990736244
2024-04-30,52978,HAS,HASBRO INC,25,-0.011427350960640924,0.09209300000000001,-0.32016759998411376,7833.6154799999995,0.7220423741969492,1.637669950656854
2024-04-30,53613,MU,MICRON TECHNOLOGY INC,45,-0.03,-0.046683,-0.3905834226935144,130547.61352,1.2558161894325564,1.9905657488607924
2024-04-30,55511,PNM,P N M RESOURCES INC,55,-0.00512572324413956,-0.009768,-0.270820922197069,3395.128,0.35164197499938993,0.7358298748582652
2024-04-30,59328,INTC,INTEL CORP,45,-0.02608439804489866,-0.315029,-0.3553159378847452,188026.03624000002,0.9422258832896863,1.8592410930717358
2024-04-30,60098,OTTR,OTTER TAIL CORP,55,0.022787129024690336,-0.016901,0.21575519281941302,3610.1376,0.5196747866417099,1.2399329040525882
2024-04-30,61241,AMD,ADVANCED MICRO DEVICES INC,45,-0.02799921,-0.127364,-0.42225664244012867,292032.82,1.7415521964571348,2.498263504383172
2024-04-30,64194,CHE,CHEMED CORP NEW,35,0.0126155981539996,-0.120032,0.2364073235632869,9704.05581,0.383252060044922,0.8135099459095237
2024-04-30,66384,WDC,WESTERN DIGITAL CORP,45,-0.03,0.03309,-0.48929663608562685,22278.72224,1.5128315602663893,1.9200471457171113
2024-04-30,76076,CSCO,CISCO SYSTEMS INC,45,0.029588148653579997,-0.055845,0.21323324993049766,202094.92317,0.8242393493877797,0.9708230462205715
2024-04-30,76136,KMPR,KEMPER CORP DE,40,-0.028217995096315167,-0.063165,-0.21029429286310022,3982.94208,0.8766748604062714,1.4258588485760406
2024-04-30,76226,PARA,PARAMOUNT GLOBAL,50,-0.02363994251174233,-0.03715,-0.42499702132729655,7226.78,1.7924103009833445,2.5093515076511803
2024-04-30,76504,CATY,CATHAY GENERAL BANCORP,40,0.01205315914419688,-0.094475,0.06962150998848245,2749.78704,1.1350281396436641,1.8252711741375318
2024-04-30,76661,IONS,IONIS PHARMACEUTICALS INC,35,-0.02507579221014,-0.053076,-0.35265499026966923,6322.38075,0.41122876619013204,1.204105297171437
2024-04-30,76712,AES,A E S CORP,55,-0.03,0.003084,-0.3072798760872155,12735.44591,1.0703138636415006,1.810024368433794
2024-04-30,77366,MODG,TOPGOLF CALLAWAY BRANDS CORP,25,-0.027212954729247143,-0.01414,-0.31363437785456133,2968.7796600000006,1.8834915290658356,2.5081670399308753
2024-04-30,77730,TSN,TYSON FOODS INC,30,-0.03,0.027828,-0.1477421660907899,16816.689469999998,0.7200606148213564,0.9266359192261098
2024-04-30,78875,WOLF,WOLFSPEED INC,45,-0.020031068898212264,-0.088593,-0.6614043448905834,3711.1295,1.746439120958382,3.4494740732095575
2024-04-30,78987,MCHP,MICROCHIP TECHNOLOGY INC,45,0.01755326301765846,0.02044,-0.06471662893681239,48144.12744,1.6214757189642923,2.0194416607892274
2024-04-30,80069,ARWR,ARROWHEAD PHARMACEUTICALS INC,35,-0.027637302721484375,-0.213955,-0.5789149688232257,3550.2038000000002,0.7907907737713677,2.08681000795715
2024-04-30,80415,EXP,EAGLE MATERIALS INC,15,0.03,-0.082288,0.22600182691925808,9361.7875,1.2781971620115398,1.4365160460412145
2024-04-30,82307,DVA,DAVITA INC,35,0.03,0.00209,0.2708804956511378,12106.985,1.0193397437562577,1.279407742250589
2024-04-30,82800,SCCO,SOUTHERN COPPER CORP,15,0.03,0.090423,0.007982842845228164,82351.99676000001,1.268034921847522,1.6536500950716577
2024-04-30,83779,PEGA,PEGASYSTEMS INC,45,0.03,-0.085619,0.1983597442313039,5495.11104,1.0717935306708184,2.5995064951148454
2024-04-30,84042,PAG,PENSKE AUTOMOTIVE GROUP INC,25,0.02845429251065787,-0.060917,0.1693871877358116,10851.7101,1.1649466904729333,1.4840478917943294
2024-04-30,84723,LNG,CHENIERE ENERGY INC,10,0.003592706041911578,-0.026317,0.26680964295643195,37851.12576,0.9518865461881901,0.8710008118798427
2024-04-30,84761,TTWO,TAKE TWO INTERACTIVE SOFTWR INC,50,-0.026771000638199996,-0.043116,-0.25380277215139596,25362.092000000004,0.7230895956306722,0.9489676582065374
2024-04-30,85992,MANH,MANHATTAN ASSOCIATES INC,45,0.02950818,-0.18138200000000002,0.21001628341077885,15406.6611,1.4143327015699705,1.4522887047593638
2024-04-30,87432,A,AGILENT TECHNOLOGIES INC,35,0.03,-0.061546000000000003,0.04694388180626712,42642.43305,1.0787702788242095,1.5393370335888252
2024-04-30,88860,ALGN,ALIGN TECHNOLOGY INC,35,0.03,-0.143739,-0.03477103935819532,24686.145520000002,1.67482324818723,2.4652177457323146
2024-04-30,89301,GME,GAMESTOP CORP NEW,25,-0.014832619307536005,-0.11908099999999999,-0.31879741054052985,3829.52996,1.4962141595560947,0.8406264291679614
2024-04-30,89397,VRNT,VERINT SYSTEMS INC,45,0.013834348223236714,-0.09144,0.25110210890027407,2067.79755,1.1757507687475046,2.1132782965239785
2024-04-30,90071,NRG,N R G ENERGY INC,55,-0.03,0.07472699999999999,-0.3941776877556694,14080.94149,1.0879187542372615,1.1273901061032854
2024-04-30,90319,GOOGL,ALPHABET INC,50,0.023872876978053514,0.07364899999999999,0.2309464236069741,887317.4700000001,0.9966328836535785,1.5867693276439065
2024-04-30,90436,HALO,HALOZYME THERAPEUTICS INC,35,0.0030523087678675275,-0.06828600000000001,0.2869057547956631,5173.92648,1.278445166889478,1.4317656794646005
2024-04-30,90550,DLB,DOLBY LABORATORIES INC,45,0.02766340188717909,-0.07780200000000001,0.243516422415505,4983.72861,0.9355061107013954,1.2995850465471892
2024-04-30,90776,WAL,WESTERN ALLIANCE BANCORPORATION,40,0.02905514277862816,-0.11952399999999999,-0.3570832836887883,7072.4542,1.5236638586248397,3.77865793786337
2024-04-30,91356,HOMB,HOME BANCSHARES INC,40,0.006100698674140578,-0.041087,0.08483259859406649,4941.91152,1.1164261440563032,1.4584631331690239
2024-04-30,91832,MDGL,MADRIGAL PHARMACEUTICALS INC,35,-0.03,-0.24085900000000002,-0.5293299972199055,5523.7224,0.010876947444910771,0.4908160990794571
2024-04-30,92294,UEC,URANIUM ENERGY CORP,10,-0.03,-0.004864,-0.5419595694825053,2727.9449999999997,1.893024330847875,1.8174659330482825
2024-04-30,92655,UNH,UNITEDHEALTH GROUP INC,35,0.0021510297128810975,-0.0271,0.16323126414869532,456080.7498,0.5021328803619914,0.9408778709369576
2024-04-30,92852,LOPE,GRAND CANYON EDUCATION INC,25,0.029371243010006688,-0.050309,0.48897891099725965,4064.37019,0.5407443297525948,0.8376040246754504
2024-04-30,93035,SEM,SELECT MEDICAL HOLDINGS CORP,35,0.004530202327613236,-0.063902,0.297648834346082,3869.9937,1.348813852905092,1.5831242593343358
2024-04-30,93096,DG,DOLLAR GENERAL CORP NEW,30,-0.03,-0.10960600000000001,-0.3055323881011955,34281.85626,0.38588480561536864,0.9765220378825242
2024-05-31,10258,CLDX,CELLDEX THERAPEUTICS INC,35,-0.0169978766498124,-0.11451700000000001,-0.3720664339872428,2466.3896200000004,1.7534911690310602,0.7940226450838496
2024-05-31,10693,EHC,ENCOMPASS HEALTH CORP,35,0.03,0.031685,0.2399606852007863,8349.6732,0.8876454455595952,0.9090682222202222
2024-05-31,11995,COKE,COCA COLA CONSOLIDATED INC,30,0.02673308429299918,0.183285,0.2010671159786577,6912.794,0.6560917904378057,0.9073651237530638
2024-05-31,12473,KNX,KNIGHT SWIFT TRANSPORT HDLGS INC,20,-0.029472520880985564,0.039279999999999995,-0.28573434428531314,7465.867619999999,0.9779187886258573,1.2245271060208445
2024-05-31,12981,FBIN,FORTUNE BRANDS INNOVATIONS INC,20,0.02517362263143208,-0.042717000000000005,0.2700284831708589,9220.0299,1.5375508786915664,1.7027413800869298
2024-05-31,13318,YELP,YELP INC,50,0.02723136964690431,-0.085677,0.2393388694989369,2729.92184,1.4716857004048094,1.4753170690568223
2024-05-31,13600,QLYS,QUALYS INC,45,0.02458506894307961,-0.146505,0.14807237132426684,6054.67149,0.5169234498732791,1.2377293798508422
2024-05-31,13688,PCG,P G & E CORP,55,-0.003151933250322974,0.079162,-0.10237894652384963,36506.28953,1.2493772666528016,0.5771350510412763
2024-05-31,13766,BCC,BOISE CASCADE CO,20,0.025726799999999998,0.033538,0.14275685000200591,5232.998010000001,1.585850897202702,1.6711283289583518
2024-05-31,13788,ZTS,ZOETIS INC,35,0.014996310449722074,0.060393,0.12520560035303083,72910.74108,0.8196036653922081,1.4635920244237435
2024-05-31,13901,MO,ALTRIA GROUP INC,30,0.008092771636094117,0.05128,0.3545954186223774,75249.19506,0.606162157535587,0.6672137054409573
2024-05-31,14179,AR,ANTERO RESOURCES CORP,10,-0.03,0.043218,-0.31947286075339987,10570.54607,3.319292746204476,1.1175965476672274
2024-05-31,14229,OMF,ONEMAIN HOLDINGS INC,40,0.012104621256093046,-0.042669000000000006,0.2179764913547559,6241.00626,1.6323185332812682,1.4713768431770813
2024-05-31,14318,NMIH,N M I HOLDINGS INC,40,0.03,0.07076299999999999,0.45268183094636333,2477.2865,1.029977695678059,1.1159988819273101
2024-05-31,14329,ARMK,ARAMARK,25,-0.02019167324127436,0.018808000000000002,-0.13389096160789507,8269.92554,1.4294269194059464,1.220913109390732
2024-05-31,14593,AAPL,APPLE INC,45,0.00766678073937349,0.12581799999999999,0.3264933606129899,2611854.1870600004,1.2189377419275866,1.1915493992840884
2024-05-31,14596,FIVN,FIVE 9 INC,45,-0.018860733481224433,-0.192186,-0.3427207445741565,4252.58076,0.8520553378023937,1.8211521511936954
2024-05-31,14617,ARES,ARES MANAGEMENT CORP,40,-0.022731811603241264,0.048782,-0.14841336703173266,25270.863019999997,1.1267333488029156,1.5424593756693739
2024-05-31,15272,SEDG,SOLAREDGE TECHNOLOGIES INC,45,-0.018263693834153806,-0.169121,-0.6567376740081038,3330.9094499999997,1.5834528253835811,2.8446976668614323
2024-05-31,15490,LITE,LUMENTUM HOLDINGS INC,45,-0.023554937931749953,-0.010357,-0.4472058410558831,2958.1759999999995,1.066298970233769,2.2001735018475146
2024-05-31,15643,RUN,SUNRUN INC,20,-0.007868090336157138,0.400833,-0.6507000441288563,2270.71488,2.5625152568268157,3.8376245939709306
2024-05-31,16076,GMS,G M S INC,20,0.00883550865274402,0.011149,0.15435070405584309,3685.4416800000004,1.6673006717941898,1.4804518030260942
2024-05-31,16182,PI,IMPINJ INC,45,-0.03,0.022502,-0.3485176716010751,4416.89794,1.871941461578473,2.568853594680074
2024-05-31,16260,MEDP,MEDPACE HOLDINGS INC,35,0.02868126,-0.009590999999999999,0.06358567015685802,12032.24805,1.363985775490445,1.7281379133655674
2024-05-31,16347,AA,ALCOA CORP,15,-0.006625241867358162,0.258365,-0.45639266658643235,6309.70326,2.4023501067683806,2.3717203348383222
2024-05-31,16655,CVNA,CARVANA CO,25,0.03,0.201325,-0.1450635856701569,9641.937600000001,3.351763180539975,5.514206752961261
2024-05-31,16736,VST,VISTRA CORP,55,0.008467503292626653,0.30202,0.027279656597263977,26383.5984,0.9408916452638977,1.1883126753825173
2024-05-31,16738,AM,ANTERO MIDSTREAM CORP,10,0.029279262459294606,0.054111,0.4944237172543828,6660.37544,2.2469905578513965,0.6209763862186155
2024-05-31,17104,APLS,APELLIS PHARMACEUTICALS INC,35,-0.013781517218587152,-0.116205,-0.45611184659204884,5358.6561599999995,0.9303208553871795,2.028541063616349
2024-05-31,17223,ADT,A D T INC,25,0.03,0.089431,0.4372768483973202,5561.5885,1.5570814731525922,1.9905693042622086
2024-05-31,17332,VCTR,VICTORY CAPITAL HOLDINGS INC,40,0.03,0.018589,0.29133068560195774,3291.1505999999995,0.9237228995739272,1.3225226664741623
2024-05-31,17949,BE,BLOOM ENERGY CORP,20,-0.014916517475429783,0.461892,-0.6472700284831708,2512.89801,2.9441688444400933,2.7106952231464256
2024-05-31,17959,CRNX,CRINETICS PHARMACEUTICALS INC,35,-0.03,0.009049000000000001,-0.6174629919364544,3450.56208,0.6423820995827068,2.176600619238788
2024-05-31,18064,FTDR,FRONTDOOR INC,25,0.0038706945395076586,0.148078,0.3644842941388856,2387.3751,0.880997150500738,1.2245461225745733
2024-05-31,18100,ARVN,ARVINAS INC,35,-0.03,0.038707,-0.5951177438119307,2170.14516,2.048400983507424,1.891546532749284
2024-05-31,18656,IDYA,IDEAYA BIOSCIENCES INC,35,-0.03,-0.10527600000000001,-0.4796204918361617,3039.1972499999997,0.8348011496438063,1.007629691541921
2024-05-31,18973,BRC,BRADY CORP,20,0.029112042269885556,0.152704,0.36141533277169335,2642.787,0.7278024083637857,1.0604798872208827
2024-05-31,19201,RVMD,REVOLUTION MEDICINES INC,35,-0.03,0.02375,-0.6885906847996148,6147.95664,1.369862182193987,2.006808465599321
2024-05-31,19561,BA,BOEING CO,20,-0.03,0.053794999999999996,-0.40728928471135717,103034.29056000001,1.5126053901998073,1.527233047289734
2024-05-31,20894,APP,APPLOVIN CORP,45,0.000509742356900978,0.150183,0.09082520961206719,19330.252119999997,1.7378864160449456,2.847366052207145
2024-05-31,21207,NEM,NEWMONT CORP,15,-0.03,0.027573000000000004,-0.30787900669956275,46863.6096,0.417293619040117,0.8441062758563564
2024-05-31,21936,PFE,PFIZER INC,35,-0.027551370000000002,0.130915,-0.2647530789906528,144670.45236000002,0.5709690984645529,0.7543423143116718
2024-05-31,22111,JNJ,JOHNSON & JOHNSON,35,0.03,0.018286,0.5063585670156858,348430.52397,0.5129507400909672,0.5180918049303309
2024-05-31,32707,HP,HELMERICH & PAYNE INC,10,0.02258444029449778,-0.026069,0.14109198860673164,3882.8542499999994,1.5453640289912243,1.5290774807679268
2024-05-31,42585,SJM,SMUCKER J M CO,30,-0.028114035929093308,-0.023457,-0.19980342600393147,12194.3136,0.20954712513695742,0.29691048689260763
2024-05-31,44206,ES,EVERSOURCE ENERGY,55,-0.012641918619856926,-0.015803,-0.28882336422353266,21198.02594,0.5197826468227091,0.9656216259233649
2024-05-31,44943,DIOD,DIODES INC,45,0.015428332458326898,0.010925,-0.03775023067356682,3371.5287900000003,1.414771823658946,2.0780832893961794
2024-05-31,45306,IDCC,INTERDIGITAL INC,45,0.0275291014305,0.148933,0.10875757211056285,2491.45155,1.315898928532794,1.4873666374014374
2024-05-31,46463,GFF,GRIFFON CORP,20,0.013409155138510834,0.028791,0.22337224696112648,3239.7019199999995,1.4123056936788436,1.4702777481047764
2024-05-31,46690,CBT,CABOT CORP,15,0.01932927353303882,0.12164,0.25695029486099413,5056.97013,1.262299209783617,1.5690960509409646
2024-05-31,49429,DDS,DILLARDS INC,25,0.02771367,0.016955,0.2069242187186585,5362.74956,1.027864601228538,1.5567243020105388
2024-05-31,52337,THC,TENET HEALTHCARE CORP,35,0.0063706980552743495,0.199788,0.09848758374453406,11228.43855,2.044052878920582,1.6951531060785021
2024-05-31,52978,HAS,HASBRO INC,25,-0.012479729992659228,-0.029210999999999997,-0.23434428531311427,8533.9408,0.6471752780331423,1.5601699949476457
2024-05-31,53613,MU,MICRON TECHNOLOGY INC,45,-0.028599509999999998,0.102171,-0.38678942512135434,125088.28927999998,1.2612168116294313,1.954226109037333
2024-05-31,55511,PNM,P N M RESOURCES INC,55,-0.005075655179490804,0.030124,-0.1484936013158423,3342.8120000000004,0.35250195880400975,0.7403521332755553
2024-05-31,59328,INTC,INTEL CORP,45,-0.01786705621321228,0.012143000000000001,-0.25171500782284273,129706.88984,1.0398434107829537,1.9334139426301133
2024-05-31,60098,OTTR,OTTER TAIL CORP,55,0.022402003757044042,0.060837,0.21595057568098847,3569.24304,0.5190094992682077,1.2138863553519552
2024-05-31,61241,AMD,ADVANCED MICRO DEVICES INC,45,-0.02443311861756,0.04938,-0.3913026036025194,255991.81132,1.7664193835066684,2.525638420924239
2024-05-31,64194,CHE,CHEMED CORP NEW,35,0.011101322676378719,-0.027698999999999998,0.18843021623139564,8598.952,0.41919662369781735,0.8368651935932128
2024-05-31,66384,WDC,WESTERN DIGITAL CORP,45,-0.03,0.058552999999999994,-0.45603161230793926,23127.76575,1.4768811419369057,1.8418551928094806
2024-05-31,76076,CSCO,CISCO SYSTEMS INC,45,0.007017989372239646,-0.014632,0.1843783848838609,189376.37999999998,0.8246547799123801,0.9339097020300408
2024-05-31,76136,KMPR,KEMPER CORP DE,40,-0.026435605436056418,0.027060999999999998,-0.24036185662133433,3751.37385,0.8554732804391588,1.3720665233400946
2024-05-31,76661,IONS,IONIS PHARMACEUTICALS INC,35,-0.023744869462794607,-0.093848,-0.3563405143017611,6017.5647,0.4327289990148431,1.1763325781363025
2024-05-31,76712,AES,A E S CORP,55,-0.03,0.20173,-0.27704898303044895,12723.463199999998,1.064608515166135,1.8062691170273013
2024-05-31,77366,MODG,TOPGOLF CALLAWAY BRANDS CORP,25,-0.0035275088247764576,-0.027510999999999997,-0.2465398964977735,2941.2399600000003,1.8480932062884095,2.4535520962880395
2024-05-31,77730,TSN,TYSON FOODS INC,30,-0.03,-0.052395000000000004,-0.19338468327516342,17366.46035,0.6878627093404901,0.9078610275897078
2024-05-31,78875,WOLF,WOLFSPEED INC,45,-0.018256456411312943,-0.05362,-0.6683515866329682,3400.40103,1.7252671488034972,3.3788315221284724
2024-05-31,79862,ROCK,GIBRALTAR INDUSTRIES INC,20,0.03,0.051559999999999995,0.4699322020299274,2177.3862,1.2006667128842659,1.5734516980859354
2024-05-31,80069,ARWR,ARROWHEAD PHARMACEUTICALS INC,35,-0.03,0.010173999999999999,-0.5668151000922694,2807.88846,0.8642744298834807,2.022563726490316
2024-05-31,80415,EXP,EAGLE MATERIALS INC,15,0.027531359999999998,-0.077488,0.18822963052112165,8636.9595,1.2844166726229598,1.4424293959791092
2024-05-31,82307,DVA,DAVITA INC,35,0.03,0.053925999999999995,0.31712600794319407,12191.177,1.0107171290316144,1.2599006540847448
2024-05-31,82800,SCCO,SOUTHERN COPPER CORP,15,0.03,0.022959,0.06521041441007738,90199.09371,1.2382854226476372,1.610590930777184
2024-05-31,83779,PEGA,PEGASYSTEMS INC,45,0.02743143,-0.037401000000000004,0.09768524090343804,5052.542020000001,1.0609860141583793,2.542654266656983
2024-05-31,84042,PAG,PENSKE AUTOMOTIVE GROUP INC,25,0.026720942373786125,-0.0036009999999999996,0.14315802142255385,10243.4409,1.1768107500552827,1.4423331980746288
2024-05-31,84723,LNG,CHENIERE ENERGY INC,10,0.003498156797006591,-0.0018489999999999995,0.20487824447386369,36402.91902,0.9654603688960813,0.8520356685672811
2024-05-31,84761,TTWO,TAKE TWO INTERACTIVE SOFTWR INC,50,-0.025616742174683363,0.118476,-0.19857985317126006,24391.948,0.7271336212727143,0.9253277921025445
2024-05-31,85992,MANH,MANHATTAN ASSOCIATES INC,45,0.024155927295239996,0.061003,0.1978577446142737,12687.1142,1.430024624286728,1.466231868605735
2024-05-31,87432,A,AGILENT TECHNOLOGIES INC,35,0.02815362,-0.052795,0.04334657199021141,40160.2572,1.0927648264251286,1.5174094426892237
2024-05-31,88860,ALGN,ALIGN TECHNOLOGY INC,35,0.02568783,-0.09355000000000001,-0.03201347935973042,21258.131159999997,1.6798724547815265,2.3824656017337507
2024-05-31,89301,GME,GAMESTOP CORP NEW,25,-0.03,1.082149,-0.3248485577887431,3392.13157,1.5885685396061517,0.8563828402277236
2024-05-31,90071,NRG,N R G ENERGY INC,55,-0.03,0.11021299999999999,-0.4284109600032094,15604.719780000001,1.0604997417722382,1.1471797501072836
2024-05-31,90319,GOOGL,ALPHABET INC,50,0.025631090494610178,0.055298,0.21398483572030327,956169.72,0.9640056019850496,1.650229538679584
2024-05-31,90436,HALO,HALOZYME THERAPEUTICS INC,35,0.0028438788113449255,0.158052,0.26583624182613236,4849.1394,1.2924437359691583,1.3938899815504624
2024-05-31,90550,DLB,DOLBY LABORATORIES INC,45,0.025511133893552782,0.042527999999999996,0.24784370361455452,4620.22638,0.9461370650564664,1.287213847781585
2024-05-31,90776,WAL,WESTERN ALLIANCE BANCORPORATION,40,0.02558235589315541,0.111016,-0.17448950936735266,6261.0747599999995,1.5230284103904839,3.500626396149258
2024-05-31,91356,HOMB,HOME BANCSHARES INC,40,0.001165526074944972,-0.003954,0.08482769687487465,4762.90048,1.1034297096600585,1.4284182737053395
2024-05-31,91832,MDGL,MADRIGAL PHARMACEUTICALS INC,35,-0.03,0.153119,-0.5015846271111646,4342.5657,0.1327470763683521,0.47735007961430476
2024-05-31,92294,UEC,URANIUM ENERGY CORP,10,-0.03,0.053363,-0.5638664901512416,2727.9449999999997,1.908282295529814,1.7934290849716412
2024-05-31,92469,SATS,ECHOSTAR CORP,50,-0.012528055368206493,0.196335,-0.48900790307698483,2241.3822600000003,0.6197612572138328,2.1884277649065216
2024-05-31,92852,LOPE,GRAND CANYON EDUCATION INC,25,0.02789360514541626,0.091263,0.4928390901432182,3879.66678,0.5503071012104073,0.8257706649791228
2024-05-31,93035,SEM,SELECT MEDICAL HOLDINGS CORP,35,0.004240713338474094,0.21778,0.24310988085208812,3641.5164600000003,1.356420919286574,1.5608098472238194
2024-05-31,93096,DG,DOLLAR GENERAL CORP NEW,30,-0.02671182,-0.020796,-0.20445701448228829,30576.00649,0.4093417762501918,0.967485652497734
2024-05-31,93436,TSLA,TESLA INC,25,-0.03,-0.032787000000000004,-0.612528583463714,584515.84288,2.467476156454052,2.356412036945339
2024-06-30,10258,CLDX,CELLDEX THERAPEUTICS INC,35,-0.015051330809505834,0.10728599999999999,-0.3482388012865772,2194.8363,1.656909990329928,0.7949803313226419
2024-06-30,10693,EHC,ENCOMPASS HEALTH CORP,35,0.03,-0.01107,0.2791048874244921,8698.17715,0.8725741885211025,0.9256257301479602
2024-06-30,11644,CRK,COMSTOCK RESOURCES INC,10,-0.01548737522554945,-0.117703,-0.33784419863497295,3421.6854200000002,0.6113725917847673,1.169781882572094
2024-06-30,11995,COKE,COCA COLA CONSOLIDATED INC,30,0.03,0.10184399999999999,0.15648780105122775,8210.32376,0.6617328066332382,1.0892050808602853
2024-06-30,12473,KNX,KNIGHT SWIFT TRANSPORT HDLGS INC,20,-0.03,0.033818,-0.3150152977171099,7797.73075,0.930945302117684,1.2506409417659452
2024-06-30,12981,FBIN,FORTUNE BRANDS INNOVATIONS INC,20,0.024098280993485197,-0.07720500000000001,0.2553738134463011,8763.03474,1.5278430108747787,1.7403436331886086
2024-06-30,13318,YELP,YELP INC,50,0.024898267589666487,-0.004666,0.24845061583117595,2493.92226,1.388559542627185,1.466436505418139
2024-06-30,13407,META,META PLATFORMS INC,50,0.03,0.07704,0.2903428257629246,1023032.7361799999,1.111103556021524,1.718837882780749
2024-06-30,13600,QLYS,QUALYS INC,45,0.02098323341757373,0.009956,0.126323840903742,5194.36218,0.48802657671595967,1.2661605881388431
2024-06-30,13688,PCG,P G & E CORP,55,-0.003401446590285041,-0.061838000000000004,-0.053522397426845544,39622.90932,1.1848470449474193,0.5901852244432336
2024-06-30,13766,BCC,BOISE CASCADE CO,20,0.0265896254184,-0.134454,0.17517847336628228,5420.07191,1.5251313745284223,1.7210231067980064
2024-06-30,13788,ZTS,ZOETIS INC,35,0.01590198262671214,0.018286,0.16413665960618182,77369.3802,0.8448383209522233,1.486374068606697
2024-06-30,13901,MO,ALTRIA GROUP INC,30,0.008507768965593023,0.002517,0.3795991213618891,79440.2025,0.5857745268773461,0.6786777127383798
2024-06-30,14179,AR,ANTERO RESOURCES CORP,10,-0.03,-0.088324,-0.31179885463246254,11074.053410000002,3.3352360517842974,1.1008888266501389
2024-06-30,14229,OMF,ONEMAIN HOLDINGS INC,40,0.011588129171716812,-0.016951,0.31430924923511416,5885.01808,1.6055016185439361,1.4308954137703733
2024-06-30,14318,NMIH,N M I HOLDINGS INC,40,0.03,0.021794,0.39383776574880364,2663.5245,1.0547296074203314,1.1273357401914048
2024-06-30,14329,ARMK,ARAMARK,25,-0.020571438231596247,0.054040000000000005,-0.15323213305091393,8455.1928,1.5237672973807903,1.2497276421697603
2024-06-30,14593,AAPL,APPLE INC,45,0.008631399758439984,0.091428,0.1796305012944222,2947977.2645,1.2055862475134418,1.2565021583406426
2024-06-30,14596,FIVN,FIVE 9 INC,45,-0.015235964556401835,-0.061010999999999996,-0.3054836432101671,3454.0676799999997,0.8224788891430187,1.6991943502508544
2024-06-30,14617,ARES,ARES MANAGEMENT CORP,40,-0.023840714836870582,-0.046612,-0.2934415941005727,26801.06468,1.1700524901077995,1.577806372409885
2024-06-30,15272,SEDG,SOLAREDGE TECHNOLOGIES INC,45,-0.015174919669227882,-0.48851,-0.6513689495567584,2782.2890700000003,1.6834828417072714,3.012713671902599
2024-06-30,15490,LITE,LUMENTUM HOLDINGS INC,45,-0.02331097943959082,0.16645000000000001,-0.3385894720326352,2940.6,0.9367889250284794,2.1723247156526293
2024-06-30,15831,AXSM,AXSOME THERAPEUTICS INC,35,-0.01933572471621275,0.092157,-0.43006197536675295,3487.6312800000005,1.2667346742959549,1.0647377542729308
2024-06-30,16076,GMS,G M S INC,20,0.008934015738713464,-0.146207,0.16811798854632462,3742.80264,1.6763639498004275,1.4926742120831624
2024-06-30,16260,MEDP,MEDPACE HOLDINGS INC,35,0.02840617803534,0.061905,0.09274731309327684,11969.97222,1.3602151051449871,1.7666110971681024
2024-06-30,16347,AA,ALCOA CORP,15,-0.008336972482418154,-0.105548,-0.46383462775555034,7949.1212000000005,2.410558469612816,2.439582879614675
2024-06-30,16655,CVNA,CARVANA CO,25,0.03,0.28333200000000003,-0.12722601396407,11692.361060000001,3.3656138846696013,5.411239993590518
2024-06-30,16738,AM,ANTERO MIDSTREAM CORP,10,0.03,0.002018,0.4853887189142544,7050.18065,2.303472214161905,0.6232993365786925
2024-06-30,17104,APLS,APELLIS PHARMACEUTICALS INC,35,-0.011965504164319064,-0.0268,-0.3553777359378677,4763.6155,0.9180918879673937,2.1019110427486725
2024-06-30,17223,ADT,A D T INC,25,0.03,0.07278,0.4773476112026359,6083.522190000001,1.5607205907951611,1.8145679742410494
2024-06-30,17332,VCTR,VICTORY CAPITAL HOLDINGS INC,40,0.03,-0.079809,0.362497058131325,3366.8612999999996,0.9368012461796518,1.3388889287540282
2024-06-30,17949,BE,BLOOM ENERGY CORP,20,-0.021806337565190997,-0.254125,-0.5667215815485996,3704.9664000000002,2.9989065379320614,2.858909218023777
2024-06-30,17959,CRNX,CRINETICS PHARMACEUTICALS INC,35,-0.03,0.004432,-0.6647838707146779,3502.1726,0.656076120861884,2.228556441103807
2024-06-30,18064,FTDR,FRONTDOOR INC,25,0.004443859245528874,-0.048796000000000006,0.21846316780418923,2751.4323,0.9974100829436072,1.2515859838378456
2024-06-30,18100,ARVN,ARVINAS INC,35,-0.03,-0.200866,-0.46752176982819493,2267.83648,2.0876828568641,1.9125108166706524
2024-06-30,18656,IDYA,IDEAYA BIOSCIENCES INC,35,-0.03,-0.043523000000000006,-0.4703459637561779,2766.35985,0.8407026100130159,0.9797109306593532
2024-06-30,18973,BRC,BRADY CORP,20,0.028389197290488638,-0.037082000000000004,0.1708441201851416,2999.9203399999997,0.7491247818582575,1.1407462718910861
2024-06-30,19201,RVMD,REVOLUTION MEDICINES INC,35,-0.03,0.008398,-0.5859810151408175,6323.913379999999,1.3622175551548523,2.0456740432923093
2024-06-30,19561,BA,BOEING CO,20,-0.03,0.020648,-0.4799168431787872,109031.93724000001,1.5285990072266762,1.6356902683976606
2024-06-30,20894,APP,APPLOVIN CORP,45,0.0005862969932874376,0.01723,0.0005687612771631942,22323.15708,1.762814664612232,2.7775165344905397
2024-06-30,21207,NEM,NEWMONT CORP,15,-0.03,0.00036399999999999974,-0.19938024633247037,48362.6916,0.457131025412185,0.8673832360624545
2024-06-30,21936,PFE,PFIZER INC,35,-0.03,-0.027851,-0.3221542323684004,162404.55538,0.6266497702198167,0.7867705386017287
2024-06-30,22111,JNJ,JOHNSON & JOHNSON,35,0.03,-0.007602,0.4413195261630188,352987.60893,0.49959411234736667,0.5615522274252076
2024-06-30,32707,HP,HELMERICH & PAYNE INC,10,0.02199568652046052,-0.054571999999999996,0.18259198242723776,3757.4735,1.5092057527691303,1.527884999815358
2024-06-30,42585,SJM,SMUCKER J M CO,30,-0.027454564988304567,-0.027414,-0.14069977249548918,11853.48864,0.20899062641486388,0.3072292016423542
2024-06-30,44206,ES,EVERSOURCE ENERGY,55,-0.012442138379907328,-0.046671000000000004,-0.25233388248215266,20864.06365,0.5489202061625095,0.9970555678562197
2024-06-30,45306,IDCC,INTERDIGITAL INC,45,0.03,0.019498,0.11689024868596533,2873.50945,1.3595910289035742,1.3381764985794995
2024-06-30,46463,GFF,GRIFFON CORP,20,0.0137952181241037,-0.058610999999999996,0.2876166941241077,3346.80962,1.3173139282559803,1.5439723270623142
2024-06-30,46690,CBT,CABOT CORP,15,0.02168048636559766,-0.105885,0.24054679532439005,5652.8934,1.2579979016338219,1.5904325606766705
2024-06-30,49429,DDS,DILLARDS INC,25,0.02818355527485,-0.019124000000000002,0.21308935435788814,5477.3534,0.9526896404238149,1.5731607904390639
2024-06-30,52337,THC,TENET HEALTHCARE CORP,35,0.009940021339410698,-0.020321,0.1579587353887189,13208.69526,2.0750636665886466,1.7261142867714332
2024-06-30,52978,HAS,HASBRO INC,25,-0.012115184599843658,-0.025537,-0.157605711147721,8322.332480000001,0.6320964038024389,1.6114934529674345
2024-06-30,53613,MU,MICRON TECHNOLOGY INC,45,-0.03,0.048115000000000005,-0.35121989487722605,138625.0,1.1997200223900473,1.9419312636525317
2024-06-30,55511,PNM,P N M RESOURCES INC,55,-0.005228554216117786,-0.040119,-0.17545304777594728,3458.2680000000005,0.3779766121147237,0.7605031058939727
2024-06-30,59328,INTC,INTEL CORP,45,-0.018084015876809318,-0.0002350000000000004,-0.23515336942025572,131324.50120000003,1.013488900162993,1.9104207974042393
2024-06-30,60098,OTTR,OTTER TAIL CORP,55,0.02376487445961133,-0.035959000000000005,0.2349768572997568,3782.91258,0.5257598034527028,1.224975139328016
2024-06-30,61241,AMD,ADVANCED MICRO DEVICES INC,45,-0.02563962601489511,-0.032226000000000005,-0.4075272613163881,269762.8066,1.8084791608818065,2.4619389999083467
2024-06-30,63765,SWN,SOUTHWESTERN ENERGY CO,10,-0.03,-0.110367,-0.3243508276457205,8304.42285,1.1276770572952362,0.6693237189079538
2024-06-30,64194,CHE,CHEMED CORP NEW,35,0.010793827139565705,-0.025392,0.24768572997568053,8392.60743,0.4217222694426501,0.857843759374521
2024-06-30,66384,WDC,WESTERN DIGITAL CORP,45,-0.03,0.0022499999999999994,-0.40766454852122075,24584.06725,1.3974340695477216,1.7640860258660929
2024-06-30,76136,KMPR,KEMPER CORP DE,40,-0.027150979354761542,-0.012648,-0.17235427943829923,3852.2000000000003,0.8525062319025624,1.368329549656089
2024-06-30,76661,IONS,IONIS PHARMACEUTICALS INC,35,-0.021516460953450257,0.26444,-0.4051933788342355,5483.90505,0.37910203485016686,1.1575512908973407
2024-06-30,76712,AES,A E S CORP,55,-0.03,-0.190322,-0.2890287910880992,15343.30053,1.0923805357563778,1.828645473295449
2024-06-30,77730,TSN,TYSON FOODS INC,30,-0.02842815,-0.006046,-0.12018514160194556,16374.416000000001,0.7059358375152612,0.7394947272722933
2024-06-30,78875,WOLF,WOLFSPEED INC,45,-0.017277545218538342,-0.118522,-0.7093041499960774,3234.4735,1.6916480847830777,3.4742462191167864
2024-06-30,79862,ROCK,GIBRALTAR INDUSTRIES INC,20,0.03,-0.095697,0.1953008551031615,2299.2661999999996,1.1904262778083108,1.5370547610590477
2024-06-30,80069,ARWR,ARROWHEAD PHARMACEUTICALS INC,35,-0.03,0.128337,-0.6241468580842551,2850.39,1.023683892974782,2.1054901761787272
2024-06-30,80415,EXP,EAGLE MATERIALS INC,15,0.003361305903544657,-0.06735300000000001,0.030693496508982506,7881.50685,1.2708219622389423,1.5408550108488628
2024-06-30,82307,DVA,DAVITA INC,35,0.03,-0.062241000000000005,0.2252098532988154,12902.424,0.9396627576707393,1.1946953672002194
2024-06-30,82800,SCCO,SOUTHERN COPPER CORP,15,0.03,-0.09592300000000001,0.06311288930728799,92668.53627999999,1.209978342008587,1.6078315681353963
2024-06-30,83779,PEGA,PEGASYSTEMS INC,45,0.02640546708657,0.049304,0.07395857848905625,4885.88126,1.066924469421815,2.5703284188478124
2024-06-30,84042,PAG,PENSKE AUTOMOTIVE GROUP INC,25,0.020059208311061037,-0.024375,0.09088412959912136,10172.295900000001,1.165754970558584,1.4345810247484725
2024-06-30,84723,LNG,CHENIERE ENERGY INC,10,0.003491688705088926,0.103867,0.17676708245077274,36120.18227,0.9731477954508353,0.8309051128951281
2024-06-30,84761,TTWO,TAKE TWO INTERACTIVE SOFTWR INC,50,-0.03,-0.034494,-0.3308621636463482,27483.298600000002,0.8176568599341681,0.8527386050377258
2024-06-30,85394,PSMT,PRICESMART INC,30,0.0001142662790057186,-0.039180999999999994,0.4708166627441751,2578.27185,0.8449063852515415,0.8608121792745164
2024-06-30,85992,MANH,MANHATTAN ASSOCIATES INC,45,0.02562951132803152,0.11949699999999999,0.2177375068643602,13517.0778,1.4546463485057424,1.51036808544698
2024-06-30,87432,A,AGILENT TECHNOLOGIES INC,35,0.0266672496321,-0.010106,-0.02526084568918176,38217.30255,1.0411101858303222,1.623831727595549
2024-06-30,88860,ALGN,ALIGN TECHNOLOGY INC,35,0.03,-0.065476,0.038558092100101984,19363.283219999998,1.6504049921567816,2.4061101598391
2024-06-30,89301,GME,GAMESTOP CORP NEW,25,-0.03,0.062859,-0.444614419078999,7085.16718,1.7074262043457853,1.7053208321742932
2024-06-30,89968,PIPR,PIPER SANDLER COMPANIES,40,0.02824264743507068,0.08270999999999999,0.36983211736094773,3748.29422,1.3424544374496075,1.5662738151852393
2024-06-30,90319,GOOGL,ALPHABET INC,50,0.03,0.053024,0.36785125911979294,1013265.0,0.9551072409195771,1.6454954252611298
2024-06-30,90436,HALO,HALOZYME THERAPEUTICS INC,35,0.003293359545235614,0.17808300000000002,0.2018318035616224,5636.96546,1.3066711491794405,1.3318912287486007
2024-06-30,90550,DLB,DOLBY LABORATORIES INC,45,0.02659607139577779,-0.026098,0.16988310975131407,4840.3475,0.9601331508243717,1.328185252708522
2024-06-30,90564,PBH,PRESTIGE CONSUMER HEALTHCARE INC,35,0.007702146435796763,0.066471,0.3623597709264925,3210.03365,0.4832601521365671,0.7903708348046901
2024-06-30,91356,HOMB,HOME BANCSHARES INC,40,0.0011609175848446395,0.014582999999999999,0.18467090295755864,4711.5499199999995,1.092902036419156,1.381818983781006
2024-06-30,91832,MDGL,MADRIGAL PHARMACEUTICALS INC,35,-0.03,0.18218900000000002,-0.5483447085588765,5033.041920000001,0.08135425312534864,0.4895264249763571
2024-06-30,92294,UEC,URANIUM ENERGY CORP,10,-0.03,-0.16238799999999998,-0.5509923903663607,2885.5595999999996,1.9302026648123334,1.7729185919988393
2024-06-30,92469,SATS,ECHOSTAR CORP,50,-0.014987751118923314,-0.076521,-0.5029810935906488,2691.3408,0.7109171861667158,2.283863158743834
2024-06-30,92852,LOPE,GRAND CANYON EDUCATION INC,25,0.03,-0.022025,0.4009374754844277,4236.47548,0.5950054647241677,0.8658800478011154
2024-06-30,93035,SEM,SELECT MEDICAL HOLDINGS CORP,35,0.005164255889326983,0.010636,-0.050286341884364934,4492.6056,1.4136976949311975,1.6529404583249327
2024-06-30,93096,DG,DOLLAR GENERAL CORP NEW,30,-0.02615632099128,-0.038307999999999995,-0.15638973876206164,30105.82445,0.4187902598750467,1.0592699934392011
2024-06-30,93436,TSLA,TESLA INC,25,-0.03,0.10706099999999999,-0.5794304542245234,567932.02368,2.392710418905316,2.39613207528998
2024-07-31,10258,CLDX,CELLDEX THERAPEUTICS INC,35,-0.03,0.025011,-0.3707119360902256,2453.05981,1.760129644492544,0.8307466228882939
2024-07-31,10693,EHC,ENCOMPASS HEALTH CORP,35,0.029667899999999997,0.080536,0.24496788847117795,8637.766150000001,0.8642146074885722,0.9726885769473034
2024-07-31,11644,CRK,COMSTOCK RESOURCES INC,10,-0.013664464699376603,-0.09237999999999999,-0.3292998120300751,3033.0567600000004,0.5262432377607169,1.1792040829777088
2024-07-31,11995,COKE,COCA COLA CONSOLIDATED INC,30,0.03,0.051876,0.22006187343358394,8415.26,0.6944192265824476,1.1087201997587752
2024-07-31,12473,KNX,KNIGHT SWIFT TRANSPORT HDLGS INC,20,-0.03,0.08563399999999999,-0.35181704260651625,8067.62112,0.8900782282922782,1.2688621736632117
2024-07-31,12981,FBIN,FORTUNE BRANDS INNOVATIONS INC,20,0.022237773209383173,0.23966800000000002,0.22891212406015038,8122.630259999999,1.4877353792281656,1.7654602429062967
2024-07-31,13318,YELP,YELP INC,50,0.024782092273093106,-0.018784000000000002,0.29323308270676696,2492.5731,1.3783544203622826,1.4801165864099415
2024-07-31,13407,META,META PLATFORMS INC,50,0.03,-0.062999,0.2691494360902255,1103233.36,1.1153663515385495,1.7615606738338736
2024-07-31,13688,PCG,P G & E CORP,55,-0.0031911079360349946,0.040535,-0.045445645363408525,37314.77868,1.0872008436827074,0.5905164191075444
2024-07-31,13766,BCC,BOISE CASCADE CO,20,0.023014543922394447,0.187119,0.24833568295739347,4706.68638,1.4594869854799146,1.758471432473319
2024-07-31,13788,ZTS,ZOETIS INC,35,0.016192766281024198,0.036325,0.14557879072681706,79103.30120000002,0.8231278988784777,1.5102358031045153
2024-07-31,13901,MO,ALTRIA GROUP INC,30,0.008529183020079422,0.07125000000000001,0.36656093358395997,78237.8643,0.6061583613038801,0.688006848791506
2024-07-31,14179,AR,ANTERO RESOURCES CORP,10,-0.02735028,-0.115345,-0.29223449248120303,10141.632410000002,3.4641606917658416,1.09452295317252
2024-07-31,14229,OMF,ONEMAIN HOLDINGS INC,40,0.011391698794127039,0.07303699999999999,0.24105184837092736,5809.53841,1.595318659999519,1.4205295767801087
2024-07-31,14318,NMIH,N M I HOLDINGS INC,40,0.03,0.151282,0.4010025062656642,2715.1665599999997,1.0652967867807563,1.1356299351294166
2024-07-31,14329,ARMK,ARAMARK,25,-0.02168311875363171,0.0026379999999999997,-0.14168233082706766,8946.987840000002,1.5483676389865733,1.2834618998764158
2024-07-31,14596,FIVN,FIVE 9 INC,45,-0.014306403122851202,0.005493,-0.40380247493734334,3295.1079,0.8342969194415036,1.7225435265680653
2024-07-31,14617,ARES,ARES MANAGEMENT CORP,40,-0.022729451436894373,0.14474900000000002,-0.29689458020050136,26082.096319999997,1.1859443872625883,1.6699490152568957
2024-07-31,15490,LITE,LUMENTUM HOLDINGS INC,45,-0.02719109196731071,0.012178000000000001,-0.42410714285714285,3457.4680000000003,0.8619980601099885,2.18826898653435
2024-07-31,15831,AXSM,AXSOME THERAPEUTICS INC,35,-0.03,0.07988500000000001,-0.4521655701754386,3848.061,1.2713689978024032,1.055645855035752
2024-07-31,16260,MEDP,MEDPACE HOLDINGS INC,35,0.03,-0.075926,0.06952929197994986,12768.1737,1.328766152335648,1.7903951930103388
2024-07-31,16347,AA,ALCOA CORP,15,-0.007457021710843882,-0.174143,-0.44225798872180455,7142.976360000001,2.417934379177208,2.464913671509857
2024-07-31,16655,CVNA,CARVANA CO,25,0.03,0.030326,-0.14477600250626566,15053.41784,3.4445196442183117,4.574177149136098
2024-07-31,16738,AM,ANTERO MIDSTREAM CORP,10,0.03,-0.015436,0.47761983082706766,7093.49234,2.3774665111238455,0.6116125086774432
2024-07-31,17223,ADT,A D T INC,25,0.03,0.018973,0.33613330200501246,6502.7804,1.58343875479582,1.820568215080399
2024-07-31,17332,VCTR,VICTORY CAPITAL HOLDINGS INC,40,0.028145326410649856,0.092922,0.4229714912280701,3093.33357,0.937597118836848,1.3666264470981337
2024-07-31,17949,BE,BLOOM ENERGY CORP,20,-0.016264802031436838,0.101498,-0.5504581766917294,2778.7248,2.9950524581398885,2.9389926285845522
2024-07-31,17959,CRNX,CRINETICS PHARMACEUTICALS INC,35,-0.03,0.181268,-0.6774161967418546,3552.83238,0.6911399347050985,2.32241676687595
2024-07-31,18064,FTDR,FRONTDOOR INC,25,0.004227016689784047,0.16309,0.26932565789473684,2603.5195,0.9835328411871715,1.299789820010509
2024-07-31,18656,IDYA,IDEAYA BIOSCIENCES INC,35,-0.03,0.22143500000000002,-0.53874921679198,2671.5550099999996,0.9185906303950637,1.03012884451798
2024-07-31,18973,BRC,BRADY CORP,20,0.027336469076562737,0.08391000000000001,0.3379934210526317,2901.05084,0.7399794550291298,1.1482427348234077
2024-07-31,19098,HESM,HESS MIDSTREAM L P,10,0.0002194067837106503,0.023829,0.4089324874686717,2912.32124,1.497683590192087,0.6372981768182696
2024-07-31,19201,RVMD,REVOLUTION MEDICINES INC,35,-0.03,0.171275,-0.5818060776942355,6428.76007,1.358915392859501,2.073150990900618
2024-07-31,19547,CERE,CEREVEL THERAPEUTICS HLDGS INC,35,-0.01566318437405972,0.095803,-0.3696154448621555,7449.95355,1.6158724159844018,1.0289069231411592
2024-07-31,19561,BA,BOEING CO,20,-0.03,0.042484,-0.46465773809523814,111733.02683999999,1.5368012839489313,1.6715496917673192
2024-07-31,20894,APP,APPLOVIN CORP,45,0.0005963988904817802,-0.07825099999999999,-0.05648887844611532,24714.34272,1.7532390336557102,2.7755459002029794
2024-07-31,21207,NEM,NEWMONT CORP,15,-0.03,0.16725,-0.2460643796992481,48281.9718,0.41094352008701734,0.8877113935864758
2024-07-31,21936,PFE,PFIZER INC,35,-0.02916447,0.101681,-0.26288377192982454,158551.27214,0.6212295313962898,0.795366660321046
2024-07-31,22111,JNJ,JOHNSON & JOHNSON,35,0.03,0.07527,0.5165648496240601,351760.20264000003,0.4883628144632857,0.5685388615143192
2024-07-31,27334,CSL,CARLISLE COMPANIES,20,0.013560259228464613,0.028283999999999997,0.334234022556391,19288.806419999997,0.8729785564275144,1.4955338898930002
2024-07-31,32707,HP,HELMERICH & PAYNE INC,10,0.02079533791566595,0.11371700000000001,0.15182487468671682,3567.9215,1.5239326834067222,1.5134922668962076
2024-07-31,42585,SJM,SMUCKER J M CO,30,-0.026701925543715185,0.07700199999999999,-0.013510338345864665,11579.5028,0.22927186098642494,0.32272864235592774
2024-07-31,44206,ES,EVERSOURCE ENERGY,55,-0.011861451339578673,0.139884,-0.18998668546365918,19976.38105,0.5461647618728018,1.0103507318120348
2024-07-31,45306,IDCC,INTERDIGITAL INC,45,0.03,0.051929,0.1633576127819549,2929.0362400000004,1.3871273022503705,1.3703524629974237
2024-07-31,46463,GFF,GRIFFON CORP,20,0.012986666594631859,0.123695,0.31052239974937335,3164.4545799999996,1.285245487295281,1.579488612882855
2024-07-31,46690,CBT,CABOT CORP,15,0.01938484806677635,0.086703,0.3212915100250626,5077.65762,1.210143832095069,1.5001600082799549
2024-07-31,49429,DDS,DILLARDS INC,25,0.02764457296377377,-0.099627,0.24024906015037595,5393.45633,0.9466372433567884,1.543764484871015
2024-07-31,52337,THC,TENET HEALTHCARE CORP,35,0.01670061778525338,0.12059900000000001,0.1500234962406015,12994.76949,2.1116217101676846,1.7917408990964772
2024-07-31,52978,HAS,HASBRO INC,25,-0.011805799130717451,0.097169,-0.20547462406015038,8153.7885,0.603219947479855,1.6761707092975109
2024-07-31,53613,MU,MICRON TECHNOLOGY INC,45,-0.03,-0.169034,-0.30995457393483716,145845.85673,1.1709785545152647,2.126029258062934
2024-07-31,55511,PNM,P N M RESOURCES INC,55,-0.005018789849521356,0.130979,-0.18681469298245615,3333.7920000000004,0.35360370079326225,0.8042829674648116
2024-07-31,59010,GPS,GAP INC,25,0.03,-0.015373,0.10310933583959901,8960.35063,2.309729846583937,2.935213696653055
2024-07-31,60098,OTTR,OTTER TAIL CORP,55,0.022910313338918166,0.10180800000000001,0.29035479323308266,3662.48826,0.5141418878122034,1.220692694020056
2024-07-31,61241,AMD,ADVANCED MICRO DEVICES INC,45,-0.024813363426939104,-0.114014,-0.39191729323308266,262455.78,1.8130569371683818,2.4701930171443163
2024-07-31,63765,SWN,SOUTHWESTERN ENERGY CO,10,-0.03,-0.046316,-0.29356594611528825,7422.146850000001,1.1871091638700975,0.679576681778649
2024-07-31,64194,CHE,CHEMED CORP NEW,35,0.010519750280837853,0.04612,0.2557957393483709,8214.118620000001,0.3953765277156753,0.8665310598206027
2024-07-31,65307,RPM,R P M INTERNATIONAL INC,15,0.004934389976736844,0.127798,0.3573973997493734,13865.199840000001,0.9529785417808382,1.344053668739679
2024-07-31,66384,WDC,WESTERN DIGITAL CORP,45,-0.03,-0.11979600000000001,-0.4256539786967418,25989.109999999997,1.32838118322976,1.8576704884260824
2024-07-31,76136,KMPR,KEMPER CORP DE,40,-0.02680757376788252,0.075013,-0.14847666040100246,3819.36875,0.8541530752434293,1.3573461185680813
2024-07-31,76661,IONS,IONIS PHARMACEUTICALS INC,35,-0.03,0.033057,-0.4313518170426064,6959.5515,0.4180455745491174,1.177674393762323
2024-07-31,76712,AES,A E S CORP,55,-0.02429034,0.007809999999999999,-0.2699130639097745,12486.41919,1.0767471144066507,1.9177183351445546
2024-07-31,77730,TSN,TYSON FOODS INC,30,-0.0282562734051,0.061092,-0.1382362155388471,16342.954240000001,0.6968614233267452,0.7616789574575542
2024-07-31,78875,WOLF,WOLFSPEED INC,45,-0.01522977600414674,-0.176504,-0.7046914160401002,2864.4598,1.7061408363004196,3.5513343020378847
2024-07-31,79862,ROCK,GIBRALTAR INDUSTRIES INC,20,0.027129089999999998,0.078732,0.25328947368421056,2089.19835,1.1630033105939546,1.5115867504706628
2024-07-31,80069,ARWR,ARROWHEAD PHARMACEUTICALS INC,35,-0.03,0.094173,-0.6376683897243106,3228.65973,1.0196544940047754,2.1955288508441293
2024-07-31,80191,ALB,ALBEMARLE CORP,15,-0.012393742197989503,-0.024079,-0.6085722117794486,11226.179039999999,1.6391710424604162,2.7243343494078367
2024-07-31,80563,PENN,PENN ENTERTAINMENT INC,25,-0.03,0.027063999999999998,-0.5133536967418546,2944.224535,2.216638426218587,2.5626010203463228
2024-07-31,82307,DVA,DAVITA INC,35,0.03,-0.018783,0.33354871553884713,12152.589,0.8553364629351669,1.2151974267673233
2024-07-31,82800,SCCO,SOUTHERN COPPER CORP,15,0.0014281398364206083,-0.015199,0.08867872807017542,84161.74743999999,1.1787331841146371,1.6483823259277748
2024-07-31,83779,PEGA,PEGASYSTEMS INC,45,0.02770736223580625,0.147698,0.05061481829573933,5167.38557,1.0971890353099107,2.6101853046872923
2024-07-31,83799,STRA,STRATEGIC EDUCATION INC,25,0.022278078230791344,-0.052244,0.45314458020050125,2724.78118,0.5259903596108654,1.1566867874918845
2024-07-31,84761,TTWO,TAKE TWO INTERACTIVE SOFTWR INC,50,-0.03,-0.03661,-0.3394423558897244,27241.847999999998,0.8152068531569822,0.8782641142274028
2024-07-31,85394,PSMT,PRICESMART INC,30,0.03,0.12004300000000001,0.4732142857142857,2487.8868,0.8427854032902186,0.8642809410535679
2024-07-31,85992,MANH,MANHATTAN ASSOCIATES INC,45,0.0286921610431973,0.030557,0.1461074561403509,15108.16328,1.480268866940397,1.5871818584414652
2024-07-31,86211,MSTR,MICROSTRATEGY INC,45,-0.005160371239670939,0.16731300000000002,-0.7796640037593985,23559.04044,3.20660836928585,3.6339637489879815
2024-07-31,87432,A,AGILENT TECHNOLOGIES INC,35,0.026397750407318,0.08813299999999999,0.02457315162907268,37820.97843,1.0242562230921497,1.652411462930062
2024-07-31,88860,ALGN,ALIGN TECHNOLOGY INC,35,0.02803572,-0.044267,-0.022478070175438607,18033.85528,1.6909511064579918,2.478911695390857
2024-07-31,89301,GME,GAMESTOP CORP NEW,25,-0.03,-0.08652599999999999,-0.4968867481203007,8671.57242,1.8735978214995672,2.0966995195568825
2024-07-31,89968,PIPR,PIPER SANDLER COMPANIES,40,0.03,0.182585,0.25765585839599,4073.77883,1.3657778008512793,1.6123798293441567
2024-07-31,90319,GOOGL,ALPHABET INC,50,0.03,-0.06296,0.32792919799498754,1067399.0,0.9914667800798066,1.6743959941309552
2024-07-31,90436,HALO,HALOZYME THERAPEUTICS INC,35,0.0038798508931298077,0.050675,0.1349075814536341,6625.3726,1.2984433424286554,1.3946158049326753
2024-07-31,90550,DLB,DOLBY LABORATORIES INC,45,0.025901967124490784,-0.010643,0.2256618107769424,4733.9925,0.9632457659916739,1.348758246318863
2024-07-31,90564,PBH,PRESTIGE CONSUMER HEALTHCARE INC,35,0.00821411581153061,0.023757,0.29197994987468673,3420.1237499999997,0.471445483084214,0.8148212353343836
2024-07-31,91832,MDGL,MADRIGAL PHARMACEUTICALS INC,35,-0.03,0.011351,-0.5671209273182958,6079.752160000001,0.06497738998563081,0.4964230401210075
2024-07-31,92294,UEC,URANIUM ENERGY CORP,10,-0.03,-0.018022,-0.5234766604010026,2456.75578,1.9600961317742864,1.836265775619085
2024-07-31,92469,SATS,ECHOSTAR CORP,50,-0.013840873415552183,0.12274500000000002,-0.4755443295739349,2499.06358,0.7037580671082637,2.359766020055315
2024-07-31,92852,LOPE,GRAND CANYON EDUCATION INC,25,0.02933925,0.109934,0.439281798245614,4134.2005899999995,0.6143639564468929,0.88405847303284
2024-07-31,93035,SEM,SELECT MEDICAL HOLDINGS CORP,35,0.005219182914965865,0.12934500000000002,-0.006931390977443616,4558.921920000001,1.402704748873857,1.6797148939860178
2024-07-31,93096,DG,DOLLAR GENERAL CORP NEW,30,-0.025154324646746044,-0.09007299999999999,-0.05895598370927318,29076.71585,0.40299910491492996,0.9284368060388464
2024-07-31,93436,TSLA,TESLA INC,25,-0.03,0.16807,-0.5936325187969925,632155.3631999999,2.3934831945443804,2.4040562165908543
2024-08-31,10258,CLDX,CELLDEX THERAPEUTICS INC,35,-0.03,0.08007299999999999,-0.37609291155390434,2526.23568,1.7598465899832578,0.8228334735141399
2024-08-31,10693,EHC,ENCOMPASS HEALTH CORP,35,0.03,-0.003235,0.2691845847874217,9357.6639,0.8651431058145325,0.9258586162182996
2024-08-31,11644,CRK,COMSTOCK RESOURCES INC,10,-0.012402141450448193,0.118073,-0.32639123419265265,2767.15294,0.5234867239191596,1.1570086935542074
2024-08-31,11995,COKE,COCA COLA CONSOLIDATED INC,30,0.03,0.167072,0.26203609891553153,8887.522840000001,0.6948308107187742,1.0551761666507689
2024-08-31,12473,KNX,KNIGHT SWIFT TRANSPORT HDLGS INC,20,-0.03,-0.042082,-0.23710082929941084,8796.486729999999,0.8909361305994531,1.2700608509925753
2024-08-31,12981,FBIN,FORTUNE BRANDS INNOVATIONS INC,20,0.027567455838929618,-0.018846,0.16873053397876087,10029.16748,1.490957120765042,1.833854683413442
2024-08-31,13318,YELP,YELP INC,50,0.024316585451835324,-0.045594,0.32890539982738565,2457.49494,1.3779173495356252,1.3303064884677926
2024-08-31,13407,META,META PLATFORMS INC,50,0.028110029999999998,0.093469,0.2698225074111599,1037374.8710699999,1.1142047987882078,1.7267627232960374
2024-08-31,13766,BCC,BOISE CASCADE CO,20,0.027321002366608976,-0.049954,0.13653420391009047,5609.57111,1.4616898788903367,1.787685578294031
2024-08-31,13788,ZTS,ZOETIS INC,35,0.0167809685161824,0.014743,0.24757026530076182,82151.3518,0.8234754580590751,1.4041289194459237
2024-08-31,13901,MO,ALTRIA GROUP INC,30,0.009136887310260081,0.092704,0.35093249277646443,84180.85025999999,0.6070547473903687,0.6723970783305538
2024-08-31,14179,AR,ANTERO RESOURCES CORP,10,-0.01989150007294887,-0.074371,-0.14848587189012719,9019.61914,3.461910867247552,1.044886049079725
2024-08-31,14229,OMF,ONEMAIN HOLDINGS INC,40,0.009570681550468491,-0.036808,0.2160118578558295,6261.218339999999,1.5955339220139946,1.3730472312345061
2024-08-31,14318,NMIH,N M I HOLDINGS INC,40,0.03,0.039291,0.40583136327817176,3135.1325500000003,1.0675037898397635,1.09797847603338
2024-08-31,14329,ARMK,ARAMARK,25,-0.021740318820903787,0.06727,-0.07711358775188566,9012.735840000001,1.548228006657921,1.2398345718867438
2024-08-31,14596,FIVN,FIVE 9 INC,45,-0.014384988195205024,-0.280513,-0.38382303275920304,3328.7314499999993,0.834381969092491,1.6833058777568366
2024-08-31,14617,ARES,ARES MANAGEMENT CORP,40,-0.026019516802933396,-0.048805,-0.2679462644001651,29980.320799999998,1.1872691734535794,1.6548121949709442
2024-08-31,15490,LITE,LUMENTUM HOLDINGS INC,45,-0.02752222508528862,0.10817299999999999,-0.3794513865435851,3515.8620000000005,0.8619818432262627,2.147086929808113
2024-08-31,15831,AXSM,AXSOME THERAPEUTICS INC,35,-0.03,0.013334000000000002,-0.3873316071897631,4190.88,1.271840314416026,1.0118672225466459
2024-08-31,16260,MEDP,MEDPACE HOLDINGS INC,35,0.027722220000000002,-0.075657,-0.00868700514090586,11858.88504,1.3268345602007547,2.0021172306260593
2024-08-31,16655,CVNA,CARVANA CO,25,0.03,0.126107,-0.12897294457578146,15580.84881,3.444050210521737,3.818630609517778
2024-08-31,16738,AM,ANTERO MIDSTREAM CORP,10,0.029536919999999998,0.031096,0.3541971556155953,6910.62076,2.3771709045860505,0.5885783551089374
2024-08-31,17223,ADT,A D T INC,25,0.03,-0.067401,0.4466021239070884,6656.79362,1.5834034658863663,1.7268238776680533
2024-08-31,17332,VCTR,VICTORY CAPITAL HOLDINGS INC,40,0.03,0.037192,0.40718225824608806,3398.8536400000003,0.9384996508057648,1.3236846985059085
2024-08-31,17949,BE,BLOOM ENERGY CORP,20,-0.017915646908023615,-0.12480300000000001,-0.5572441742654509,3073.8508,2.9962282886567224,2.891412945955387
2024-08-31,17959,CRNX,CRINETICS PHARMACEUTICALS INC,35,-0.03,-0.005549,-0.6566850538481743,4213.58464,0.6937776230105891,2.2432801669166063
2024-08-31,18064,FTDR,FRONTDOOR INC,25,0.001966328199174673,0.21403,0.23627528237457315,3019.6765000000005,0.9856582130344014,1.3056711152831608
2024-08-31,18656,IDYA,IDEAYA BIOSCIENCES INC,35,-0.03,-0.086881,-0.5631355773199743,3275.7175499999994,0.9217236438704952,1.0970621745969882
2024-08-31,18973,BRC,BRADY CORP,20,0.029630272196777115,0.029515,0.31674734511613944,3146.68662,0.740910477067891,1.1046877344925856
2024-08-31,19098,HESM,HESS MIDSTREAM L P,10,0.0002246350279596914,0.010589999999999999,0.4174828323764495,2995.43908,1.4976326260439556,0.6108309701748477
2024-08-31,19201,RVMD,REVOLUTION MEDICINES INC,35,-0.03,-0.07037,-0.6285789335434726,7560.12908,1.3611538941235486,2.03044127072056
2024-08-31,19561,BA,BOEING CO,20,-0.03,-0.092877,-0.5747307591279223,117309.15379999999,1.537508411015778,1.587961865925656
2024-08-31,20067,SOFI,SOFI TECHNOLOGIES INC,40,-0.0247326744486024,0.055263,-0.5686704942024091,8037.225299999999,2.1984240064078016,2.6218929037877934
2024-08-31,20894,APP,APPLOVIN CORP,45,0.0005497300809026904,0.200121,-0.006998386431010552,22896.849599999998,1.745712312350564,2.7100747935438863
2024-08-31,21020,AAL,AMERICAN AIRLINES GROUP INC,20,-0.027709171424092485,-0.006299,-0.43890952756200985,6987.330559999999,1.4482728445315118,1.7187621865490939
2024-08-31,21207,NEM,NEWMONT CORP,15,-0.03,0.083619,-0.10096063642162936,56304.34103,0.4132543968539367,0.8662109197156396
2024-08-31,21936,PFE,PFIZER INC,35,-0.03,-0.054516999999999996,-0.10281811700251417,173057.75022,0.6228480644520635,0.7764587227500385
2024-08-31,22111,JNJ,JOHNSON & JOHNSON,35,0.03,0.054321,0.3031445832864273,379983.4654,0.48949212995845237,0.5204624593828457
2024-08-31,27334,CSL,CARLISLE COMPANIES,20,0.013943797600482507,0.010565999999999999,0.3471424818942549,19356.394940000002,0.8730490781651299,1.504506958039328
2024-08-31,32707,HP,HELMERICH & PAYNE INC,10,0.010601946495437374,-0.187199,0.040902097639686295,3991.6771,1.525362021286551,1.4847420784458023
2024-08-31,42585,SJM,SMUCKER J M CO,30,-0.028758027214432342,-0.023305,0.05534916882434615,12553.772350000001,0.23038301544296874,0.3171960863609132
2024-08-31,44206,ES,EVERSOURCE ENERGY,55,-0.013520678598764295,0.035945,-0.12150549739202221,22864.872049999998,0.5480908058719494,0.9777017794345116
2024-08-31,45306,IDCC,INTERDIGITAL INC,45,0.03,0.12428699999999998,0.17828061090472438,3084.9588,1.3875934667304624,1.3080398835910387
2024-08-31,46463,GFF,GRIFFON CORP,20,0.014593052319054847,-0.083762,0.2726368719276521,3570.7891799999998,1.2865846132214198,1.6257554484091703
2024-08-31,46690,CBT,CABOT CORP,15,0.02106557254871006,0.047929,0.26295545799091896,5541.824820000001,1.211230089937126,1.4746717979298423
2024-08-31,49429,DDS,DILLARDS INC,25,0.02489042709311188,-0.153996,0.22522421103981388,4881.53173,0.9443393733533255,1.538839983633441
2024-08-31,52337,THC,TENET HEALTHCARE CORP,35,0.01871469558953715,0.10339699999999999,0.021576794626440014,14344.553399999999,2.112417160662769,1.7365333430653378
2024-08-31,52978,HAS,HASBRO INC,25,-0.005769428783084642,0.06409999999999999,-0.11790311081091225,8986.17522,0.6042681319431213,1.6397152191370028
2024-08-31,55511,PNM,P N M RESOURCES INC,55,-0.005676145925221814,-0.018849,-0.05259109159818377,3750.516,0.3554817416013276,0.7993783884261055
2024-08-31,58683,LUV,SOUTHWEST AIRLINES CO,20,-0.03,0.069078,-0.4443881571541146,16141.289580000002,1.1229271214023657,1.6646993147635611
2024-08-31,59010,GPS,GAP INC,25,0.02953881,-0.049138,0.08349281398926789,8806.57316,2.308940238229718,2.853189736014796
2024-08-31,60098,OTTR,OTTER TAIL CORP,55,0.025242766519326748,-0.12744,0.199988742541934,4053.9697600000004,0.5153713607395433,1.2205738851928005
2024-08-31,62308,GL,GLOBE LIFE INC,40,0.03,0.128318,0.18846861045442603,8557.119799999999,0.7788367595166751,2.7181329095428777
2024-08-31,63715,POWL,POWELL INDUSTRIES INC,20,0.0025692380102630315,-0.09104300000000001,0.14848587189012719,2201.35644,0.7997960003039132,2.425732608517744
2024-08-31,63765,SWN,SOUTHWESTERN ENERGY CO,10,-0.028610519999999997,-0.015272,-0.22511163645915416,7113.35025,1.1867583698410673,0.6605312022028633
2024-08-31,64194,CHE,CHEMED CORP NEW,35,0.011004921163790093,0.024557,0.2296709069758715,8580.908,0.39565651403571594,0.7778689901294398
2024-08-31,65307,RPM,R P M INTERNATIONAL INC,15,0.00556499514698386,-0.047314,0.23987766895568313,15643.683619999998,0.9543195585848521,1.2212713147947116
2024-08-31,66384,WDC,WESTERN DIGITAL CORP,45,-0.026406119999999998,-0.026194,-0.35282749821756926,22998.149999999998,1.326245819511222,1.9137529230374952
2024-08-31,76136,KMPR,KEMPER CORP DE,40,-0.02881849029893269,-0.023818,-0.1355022702540433,4123.8625,0.8551303188006072,1.2917247740626745
2024-08-31,76661,IONS,IONIS PHARMACEUTICALS INC,35,-0.03,-0.040408,-0.39119666779241247,7231.596060000001,0.41846802044020925,1.1611823922218754
2024-08-31,76712,AES,A E S CORP,55,-0.0244800475554,-0.032244,-0.26569477278697134,12642.76593,1.0767182865153124,1.9090781581038934
2024-08-31,77730,TSN,TYSON FOODS INC,30,-0.029982505659964367,0.05962,-0.06825772073999029,17418.3744,0.6977418753144657,0.7233481179895687
2024-08-31,78875,WOLF,WOLFSPEED INC,45,-0.012541659620310824,-0.487178,-0.6768359037862582,2372.36675,1.7034629193720825,3.4512533932873226
2024-08-31,80069,ARWR,ARROWHEAD PHARMACEUTICALS INC,35,-0.03,-0.17003500000000002,-0.5866261398176292,3547.92312,1.0205233855265914,2.141802194179855
2024-08-31,80191,ALB,ALBEMARLE CORP,15,-0.012095313279604114,-0.04093,-0.5325903411009794,11008.75409,1.6385348482357027,2.6624964927318113
2024-08-31,80563,PENN,PENN ENTERTAINMENT INC,25,-0.03,-0.07202,-0.4752148298247589,3037.7764899999997,2.216691590140901,2.475065899968531
2024-08-31,82307,DVA,DAVITA INC,35,0.03,0.10025099999999999,0.34460955382941194,11981.574,0.8547153076338599,1.1727821728234298
2024-08-31,82800,SCCO,SOUTHERN COPPER CORP,15,0.0014064335390468515,-0.039171,0.31387669330931744,83279.04116,1.1783640695017867,1.6011319699042035
2024-08-31,83779,PEGA,PEGASYSTEMS INC,45,0.03,0.012219,0.07240421779428872,5954.785199999999,1.099028298006747,2.4116313818174095
2024-08-31,83799,STRA,STRATEGIC EDUCATION INC,25,0.021114182311701882,-0.08885900000000001,0.33173852677398774,2595.2642,0.5252866307601055,1.1827501436331194
2024-08-31,84761,TTWO,TAKE TWO INTERACTIVE SOFTWR INC,50,-0.03,0.069852,-0.273743855304139,26385.34999,0.8144325442139546,0.8287649178844166
2024-08-31,85394,PSMT,PRICESMART INC,30,0.03,-0.016938,0.30520845059852153,2798.25987,0.8438746564386986,0.8797508305670743
2024-08-31,85738,MRCY,MERCURY SYSTEMS INC,20,-0.03,0.061685,-0.41757664452699916,2111.8833,0.647041829007337,1.573762677032043
2024-08-31,85992,MANH,MANHATTAN ASSOCIATES INC,45,0.02956890740819428,0.031018000000000004,0.10810912229351947,15641.00348,1.479864678529304,1.6540690924909454
2024-08-31,86211,MSTR,MICROSTRATEGY INC,45,-0.006023768432894003,-0.184197,-0.7832751697999925,28201.037920000002,3.208022802835166,3.5508421370771486
2024-08-31,87432,A,AGILENT TECHNOLOGIES INC,35,0.01060255292062394,0.006330999999999999,0.007730121205298515,41255.0054,1.0254551673992909,1.597620832490871
2024-08-31,88860,ALGN,ALIGN TECHNOLOGY INC,35,0.02679466278276,0.01861,-0.06780742241735148,17320.74036,1.6906937165752571,2.362099571942717
2024-08-31,89301,GME,GAMESTOP CORP NEW,25,-0.03,0.028664000000000002,-0.45140530601523515,7962.112060000001,1.8714106198089375,2.0515340582788832
2024-08-31,89397,VRNT,VERINT SYSTEMS INC,45,0.006343050496384787,-0.13142500000000001,0.15608465608465608,2240.89684,1.2413525889783943,2.407575568481801
2024-08-31,89968,PIPR,PIPER SANDLER COMPANIES,40,0.03,-0.004124,0.2880971143382491,4836.78272,1.3678665810369657,1.5429782601593822
2024-08-31,90319,GOOGL,ALPHABET INC,50,0.03,-0.051988,0.3382866148823595,1005052.86,0.9900583887810225,1.606547508243555
2024-08-31,90436,HALO,HALOZYME THERAPEUTICS INC,35,0.004076462337139161,0.151028,0.2657510600773012,7000.22628,1.2988383160935675,1.309073129119998
2024-08-31,90550,DLB,DOLBY LABORATORIES INC,45,0.02562629248838483,-0.094597,0.2504221546774738,4705.91,0.9628956402540402,1.2977135082592155
2024-08-31,90564,PBH,PRESTIGE CONSUMER HEALTHCARE INC,35,0.008409258560865142,0.049669,0.4065443356223498,3517.48675,0.4714053533396696,0.7919539494395059
2024-08-31,91832,MDGL,MADRIGAL PHARMACEUTICALS INC,35,-0.03,-0.13626000000000002,-0.5103943862809112,6177.406660000001,0.06500617115158089,0.4740050218673542
2024-08-31,92294,UEC,URANIUM ENERGY CORP,10,-0.02945934,-0.122463,-0.49729821006416747,2424.05354,1.956253452201853,1.8398625133039992
2024-08-31,92469,SATS,ECHOSTAR CORP,50,-0.015539771422944137,-0.081112,-0.42455626852789974,2817.8665599999995,0.7056251930960665,2.2766343241105798
2024-08-31,92852,LOPE,GRAND CANYON EDUCATION INC,25,0.03,-0.07457000000000001,0.47290705092123536,4608.16655,0.6159386092755089,0.8651778971301154
2024-08-31,93035,SEM,SELECT MEDICAL HOLDINGS CORP,35,0.005894258129102125,-0.093682,0.04045179931704758,5170.07232,1.4040887132375106,1.5776755362461283
2024-08-31,93436,TSLA,TESLA INC,25,-0.03,-0.081809,-0.5833239521182785,741380.1048,2.3948115051565653,2.4806527919123096
2024-09-30,10258,CLDX,CELLDEX THERAPEUTICS INC,35,-0.03,-0.18221400000000001,-0.2823779193205945,2739.68304,1.7479427274546009,0.7961131243217938
2024-09-30,10693,EHC,ENCOMPASS HEALTH CORP,35,0.029902949999999998,0.033962,0.1520511070670306,9363.15625,0.8576263452332041,0.8810828852719669
2024-09-30,11644,CRK,COMSTOCK RESOURCES INC,10,-0.01529931002431852,0.042418000000000004,-0.37048832271762205,3106.7344300000004,0.489578866878397,1.1692377942461953
2024-09-30,12473,KNX,KNIGHT SWIFT TRANSPORT HDLGS INC,20,-0.02873754,0.028645000000000004,-0.2028359114346375,8478.43632,0.883885669089912,1.2005148066166715
2024-09-30,12981,FBIN,FORTUNE BRANDS INNOVATIONS INC,20,0.027047919566189148,0.122821,0.2402752502274795,9855.41628,1.4835039454578358,1.7662835810525555
2024-09-30,13318,YELP,YELP INC,50,0.03,-0.00032499999999999977,0.3914164391871398,2337.13137,1.3754592466549949,1.2218004168123335
2024-09-30,13407,META,META PLATFORMS INC,50,0.03,0.09449,0.2616962390051562,1138921.0749899999,1.11086316867572,1.5984709234508498
2024-09-30,13766,BCC,BOISE CASCADE CO,20,0.02595620901438739,0.078296,0.12181528662420382,5278.19478,1.4976252670978694,1.793455846541642
2024-09-30,13788,ZTS,ZOETIS INC,35,0.017028370335016474,0.06018,0.12046936609038518,83130.32799,0.8497196990937302,1.3177217196204025
2024-09-30,13901,MO,ALTRIA GROUP INC,30,0.009983913311470432,-0.036663,0.3150212314225053,91743.66448,0.5970015572936567,0.6480590463767714
2024-09-30,14179,AR,ANTERO RESOURCES CORP,10,-0.01841214932102359,0.056885000000000005,-0.19597361237488625,8394.07893,3.3976642403256547,1.0156773659678466
2024-09-30,14229,OMF,ONEMAIN HOLDINGS INC,40,0.009218403903958847,-0.051977999999999996,0.20279799818016375,5917.885109999999,1.5729992799868273,1.3812211396986658
2024-09-30,14318,NMIH,N M I HOLDINGS INC,40,0.03,-0.0016969999999999997,0.3919851380042463,3272.17011,1.1038713819922275,1.035797611091197
2024-09-30,14329,ARMK,ARAMARK,25,-0.023202790067985982,0.052711,-0.11730360934182592,9650.13687,1.5885508705167568,1.0758344475988801
2024-09-30,14596,FIVN,FIVE 9 INC,45,-0.010349812001603476,-0.11376599999999999,-0.4007810130421596,2410.2360000000003,0.8911660262293385,1.7992174532132905
2024-09-30,14617,ARES,ARES MANAGEMENT CORP,40,-0.024749634285366234,0.066489,-0.23384895359417654,28720.605600000003,1.1849825357226929,1.5949054566664425
2024-09-30,15490,LITE,LUMENTUM HOLDINGS INC,45,-0.03,0.095537,-0.5206248104337277,3949.05028,0.8681226240419524,2.1893726017044695
2024-09-30,15831,AXSM,AXSOME THERAPEUTICS INC,35,-0.024662580725071055,0.0067469999999999995,-0.1694532908704883,4265.28,1.2677678147815192,0.9164617823651953
2024-09-30,16260,MEDP,MEDPACE HOLDINGS INC,35,0.02562484000146,-0.065052,0.07205414012738852,11014.080539999999,1.3322670142120554,1.8994226247472505
2024-09-30,16655,CVNA,CARVANA CO,25,0.03,0.151336,-0.17083712465878073,18650.37088,3.519224570761806,3.5156922271436697
2024-09-30,16738,AM,ANTERO MIDSTREAM CORP,10,0.03,0.007486,0.2799135577797998,7156.35107,2.3389196876153524,0.5767560202872389
2024-09-30,17223,ADT,A D T INC,25,0.03,-0.005057,0.3255611161662117,6248.135069999999,1.5346575250103995,1.6407642014870916
2024-09-30,17332,VCTR,VICTORY CAPITAL HOLDINGS INC,40,0.03,0.018695000000000003,0.3572945101607522,3540.2833200000005,0.917476981993372,1.3702019143599178
2024-09-30,17949,BE,BLOOM ENERGY CORP,20,-0.015679720426961544,-0.117969,-0.5426524112829846,2711.22813,2.879335170336782,2.8735368342561665
2024-09-30,17959,CRNX,CRINETICS PHARMACEUTICALS INC,35,-0.029833529999999997,-0.041558,-0.5795609645131937,4246.7101600000005,0.6442661442053104,2.059796167562408
2024-09-30,18064,FTDR,FRONTDOOR INC,25,0.002387181423644028,-0.006491,0.24289126478616924,3679.322,1.0274153962852917,1.2522474336813219
2024-09-30,18656,IDYA,IDEAYA BIOSCIENCES INC,35,-0.03,-0.20259400000000002,-0.4647785865938732,3336.9995,0.9032943492330978,1.0268509466745446
2024-09-30,18973,BRC,BRADY CORP,20,0.03,0.030362,0.3208598726114649,3253.4656800000002,0.7261041073750456,1.043628624196247
2024-09-30,19098,HESM,HESS MIDSTREAM L P,10,0.00022701391290578458,-0.060308,0.3418069457082196,3414.5743500000003,1.4967570324198969,0.5833200755703954
2024-09-30,19201,RVMD,REVOLUTION MEDICINES INC,35,-0.027888899999999998,0.059186,-0.5184637549287231,7120.8725699999995,1.3573029982609415,1.8147198116467145
2024-09-30,19488,RNA,AVIDITY BIOSCIENCES INC,35,-0.009891397049252189,0.039245,-0.5369843797391568,4831.244,0.9413143883592441,1.6640709937857348
2024-09-30,19561,BA,BOEING CO,20,-0.03,-0.129518,-0.6030292690324538,107052.85458000001,1.562468348125887,1.5605440382719877
2024-09-30,19577,RKT,ROCKET COMPANIES INC,40,-0.016460201715927478,-0.028029,-0.4570632393084623,2762.1808499999997,2.510966957730697,1.8600611084108483
2024-09-30,20067,SOFI,SOFI TECHNOLOGIES INC,40,-0.03,-0.020888999999999998,-0.6049628450106157,8516.90055,2.20319935848492,2.503002262579005
2024-09-30,20894,APP,APPLOVIN CORP,45,0.0006597426144230176,0.401109,-0.0778738246891113,27587.59072,1.7630239065987614,2.4514610081530313
2024-09-30,21020,AAL,AMERICAN AIRLINES GROUP INC,20,-0.027534631353292125,0.053761,-0.4421822869275099,6974.196479999999,1.4321009101778002,1.6779495374249171
2024-09-30,21207,NEM,NEWMONT CORP,15,-0.03,0.0013240000000000005,-0.056528662420382174,61261.23431000001,0.436379353245804,0.8400889155911114
2024-09-30,21342,VERA,VERA THERAPEUTICS INC,35,-0.03,0.164075,-0.4629777070063694,2073.59496,0.9576653821989335,0.9766903542871221
2024-09-30,22111,JNJ,JOHNSON & JOHNSON,35,0.03,-0.02753,0.27828328783742795,399265.48984000005,0.49198412521509055,0.46916916427900923
2024-09-30,27334,CSL,CARLISLE COMPANIES,20,0.014091127765929206,0.056613000000000004,0.3212010919017288,19597.7834,0.8765894772644455,1.4681135403168164
2024-09-30,32707,HP,HELMERICH & PAYNE INC,10,0.008617272713437993,-0.072348,0.12431756141947224,3222.37565,1.476690581240217,1.4547213466775757
2024-09-30,42439,HNI,H N I CORP,20,0.03,-0.004805,0.4160221413406127,2538.4351500000002,0.8294304683504469,1.1462753735474462
2024-09-30,42585,SJM,SMUCKER J M CO,30,-0.028087821390199996,0.051363,0.03870943281771307,12202.640080000001,0.21988225478154413,0.2951784563698381
2024-09-30,44206,ES,EVERSOURCE ENERGY,55,-0.014006679390996877,0.013911000000000001,-0.12782453745829542,24134.20905,0.5653962591598064,0.9077456052052104
2024-09-30,45306,IDCC,INTERDIGITAL INC,45,0.03,0.017537999999999998,0.26835001516530177,3482.0128,1.3459821060904684,1.2640628755548506
2024-09-30,46463,GFF,GRIFFON CORP,20,0.013370709070706175,0.052943000000000004,0.20770776463451618,3260.7179699999997,1.2998464880911924,1.8067764280622962
2024-09-30,46690,CBT,CABOT CORP,15,0.022075224375397183,0.058743000000000004,0.18001213224143162,5762.5506399999995,1.1955291665757934,1.6782397548578938
2024-09-30,52337,THC,TENET HEALTHCARE CORP,35,0.020649738969408523,-0.0024479999999999997,0.022255080376099516,15891.120480000001,2.1034406865144026,1.5975444298287844
2024-09-30,56223,LPX,LOUISIANA PACIFIC CORP,15,0.03,0.102645,0.348328025477707,6820.2858,1.8440083295202523,1.8803996781185564
2024-09-30,58683,LUV,SOUTHWEST AIRLINES CO,20,-0.03,0.026181000000000003,-0.4486654534425235,17327.620440000002,1.139284856229162,1.627169177396747
2024-09-30,59010,GAP,GAP INC,25,0.028087331954219998,-0.021560999999999997,0.057969366090385215,8412.75281,2.2772901914278565,2.7060695168027484
2024-09-30,60098,OTTR,OTTER TAIL CORP,55,0.022025828354103747,-0.080196,0.2357256596906278,3536.5574,0.5014903599887296,1.1179469547372867
2024-09-30,62308,GL,GLOBE LIFE INC,40,0.03,0.003568,0.18154761904761904,9435.590999999999,0.7832632405554218,2.5463776501434987
2024-09-30,63715,POWL,POWELL INDUSTRIES INC,20,0.0023353268740946543,0.32116900000000004,0.1645435244161359,2007.27072,0.7898011628057973,2.0679788024740704
2024-09-30,63765,SWN,SOUTHWESTERN ENERGY CO,10,-0.028173580138559997,0.102369,-0.2641037306642402,7037.02516,1.1253017220171064,0.6044947046243668
2024-09-30,64194,CHE,CHEMED CORP NEW,35,0.011275169012809286,0.020630000000000003,0.168865635426145,8821.8585,0.4108298070634293,0.7462090957258707
2024-09-30,65307,RPM,R P M INTERNATIONAL INC,15,0.005301692966599466,0.036241,0.32986427054898393,14970.09375,0.9561201454799074,1.174767529860389
2024-09-30,66384,WDC,WESTERN DIGITAL CORP,45,-0.025714438092719998,0.036546,-0.3544510160752199,22527.01668,1.346429420443078,1.8675291197739903
2024-09-30,76136,KMPR,KEMPER CORP DE,40,-0.028132091496992712,-0.024776,-0.07194040036396723,4027.3317700000002,0.8163504518486278,1.170710239547473
2024-09-30,76661,IONS,IONIS PHARMACEUTICALS INC,35,-0.02878776,-0.16443400000000002,-0.3403662420382165,6971.340480000001,0.41176602766904896,1.120297016110316
2024-09-30,77730,TSN,TYSON FOODS INC,30,-0.03,-0.07848,-0.033382620564149215,18381.148510000003,0.7434333413116716,0.6675703845195092
2024-09-30,80069,ARWR,ARROWHEAD PHARMACEUTICALS INC,35,-0.024898949999999996,-0.191778,-0.4907491659084015,2962.42645,1.0555124752937664,1.9988057296501658
2024-09-30,80191,ALB,ALBEMARLE CORP,15,-0.011600252107069917,0.04966,-0.5708219593569911,10607.35325,1.612186110011657,2.58776388870976
2024-09-30,80563,PENN,PENN ENTERTAINMENT INC,25,-0.0278394,0.00827,-0.3773885350318471,2832.60474,2.222363439851097,2.310932869352007
2024-09-30,82307,DVA,DAVITA INC,35,0.03,0.081586,0.30455717318774644,12662.188,0.8475506249394967,1.0896209143662845
2024-09-30,82800,SCCO,SOUTHERN COPPER CORP,15,0.0013513421308888475,0.132522,0.31098346982104946,79904.51848,1.1559672308434836,1.5199375106382809
2024-09-30,83779,PEGA,PEGASYSTEMS INC,45,0.03,0.026561,0.15800348801941158,6053.8607999999995,1.090888853264304,2.2435038793363193
2024-09-30,83799,STRA,STRATEGIC EDUCATION INC,25,0.019237997185666364,-0.039313999999999995,0.3699385805277525,2376.1195000000002,0.5165988423531027,1.124633950617617
2024-09-30,84761,TTWO,TAKE TWO INTERACTIVE SOFTWR INC,50,-0.03,-0.05409,-0.2944343342432515,28345.01393,0.8383567209595918,0.8080392345596518
2024-09-30,85394,PSMT,PRICESMART INC,30,0.029491859999999998,0.01994,0.32739990900818927,2744.37288,0.8463048543326125,0.8664527955083985
2024-09-30,85738,MRCY,MERCURY SYSTEMS INC,20,-0.03,-0.028366000000000002,-0.2391188959660297,2255.0499999999997,0.667206174719049,1.623157807418994
2024-09-30,85992,MANH,MANHATTAN ASSOCIATES INC,45,0.03,0.059481000000000006,0.22194419168941465,16195.27978,1.4802389540955634,1.545728720471393
2024-09-30,86211,MSTR,MICROSTRATEGY INC,45,-0.021272543786929953,0.26860300000000004,-0.8011639369123446,23131.1256,3.216913966879562,3.4221391320522088
2024-09-30,87432,A,AGILENT TECHNOLOGIES INC,35,0.010669677683164411,0.034284,0.19388838337882924,41698.48212,1.0352253631880088,1.48605659235947
2024-09-30,88860,ALGN,ALIGN TECHNOLOGY INC,35,0.027293311457147165,0.067466,-0.0867455262359721,17719.62234,1.6740126687025298,2.28997931458534
2024-09-30,89297,CCOI,COGENT COMMUNICATIONS HLDS INC,50,-0.03,0.080262,-0.43776539278131643,3429.29992,0.3633089833542832,0.965521827866702
2024-09-30,89301,GME,GAMESTOP CORP NEW,25,-0.03,-0.025541,-0.49833181680315436,8225.525560000002,1.8504369207441433,1.909437395942475
2024-09-30,89968,PIPR,PIPER SANDLER COMPANIES,40,0.029876279999999998,0.036122,0.3318736730360934,4825.9719,1.3592804078141005,1.526688935799147
2024-09-30,90319,GOOGL,ALPHABET INC,50,0.03,0.011864000000000001,0.3423946011525629,957243.4199999999,0.985967585688008,1.5082015196880663
2024-09-30,90436,HALO,HALOZYME THERAPEUTICS INC,35,0.004692122290992614,-0.108143,0.17396496815286625,8088.3903,1.3011686099734925,1.2634299203811599
2024-09-30,90550,DLB,DOLBY LABORATORIES INC,45,0.012447261493326546,0.067831,0.18585077343039128,4258.55072,0.9453254739695472,1.0605505815510061
2024-09-30,90564,PBH,PRESTIGE CONSUMER HEALTHCARE INC,35,0.008826938024324752,-0.038648999999999996,0.27343039126478613,3698.9344800000003,0.45594527042123073,0.7178445145826009
2024-09-30,91832,MDGL,MADRIGAL PHARMACEUTICALS INC,35,-0.03,-0.145881,-0.5356574158325752,5365.93369,0.06279259343350926,0.45731006294578724
2024-09-30,92294,UEC,URANIUM ENERGY CORP,10,-0.026959247142441686,0.18276099999999998,-0.5296481649984834,2137.9089400000003,1.9450072113862487,1.903375575258533
2024-09-30,92469,SATS,ECHOSTAR CORP,50,-0.014279309483286293,0.334108,-0.4756786472550803,2601.75528,0.6933049756345666,2.120097592296622
2024-09-30,92852,LOPE,GRAND CANYON EDUCATION INC,25,0.03,-0.026410999999999997,0.4830717318774644,4271.559569999999,0.649452007714644,0.8059302156896456
2024-09-30,93330,PRI,PRIMERICA INC,40,0.020247243594327585,0.0026750000000000003,0.4403055808310586,8904.544440000001,1.0705647884376122,1.1656062329332828
2024-09-30,93436,TSLA,TESLA INC,25,-0.027545729999999997,0.217323,-0.5568319684561722,684004.3704,2.3795088551922836,2.3659286972605766
2024-10-31,10258,CLDX,CELLDEX THERAPEUTICS INC,35,-0.02453358,-0.237211,-0.30784335938975105,2255.03256,1.7397915717244443,0.7935337935644372
2024-10-31,10693,EHC,ENCOMPASS HEALTH CORP,35,0.03,0.027101,0.18762508968694533,9724.4,0.8577229433060384,0.8676304834250744
2024-10-31,11644,CRK,COMSTOCK RESOURCES INC,10,-0.03,0.034727,-0.3563309542690986,3252.8649300000006,0.4843550012928677,1.1875375256888767
2024-10-31,12473,KNX,KNIGHT SWIFT TRANSPORT HDLGS INC,20,-0.0295607268333,-0.038569,-0.22642649446773158,8732.562800000002,0.8836316781404615,1.1996808790430078
2024-10-31,12622,HCA,H C A HEALTHCARE INC,35,0.005526794006075452,-0.12124599999999999,0.2812204977153431,104889.01582,1.5931660478353347,1.0592196533844453
2024-10-31,12981,FBIN,FORTUNE BRANDS INNOVATIONS INC,20,0.03,-0.07315799999999999,0.22867338846720292,11111.38924,1.4861053830292064,1.748773918507383
2024-10-31,13318,YELP,YELP INC,50,0.02999025,-0.030703,0.3404327631131755,2347.16772,1.3745795351597345,1.232466721929041
2024-10-31,13407,META,META PLATFORMS INC,50,0.03,-0.012396999999999998,0.32844303462860164,1247919.2000000002,1.1140891346406852,1.5777715617367216
2024-10-31,13766,BCC,BOISE CASCADE CO,20,0.027988476355377864,-0.060298,0.08655262263509687,5486.800619999999,1.4988300952586129,1.8338737993849952
2024-10-31,13788,ZTS,ZOETIS INC,35,0.018053137661777765,-0.086659,0.19106151580378383,88517.10437999999,0.8517196109539269,1.288765594182404
2024-10-31,13901,MO,ALTRIA GROUP INC,30,0.009617873097731992,0.063099,0.35629319134473775,87085.67296,0.5961810488679878,0.6435154428564337
2024-10-31,14179,AR,ANTERO RESOURCES CORP,10,-0.019459524435150016,-0.100591,-0.24247573732109812,8910.35055,3.3982148291387926,1.0174699085023784
2024-10-31,14318,NMIH,N M I HOLDINGS INC,40,0.02994909,-0.064844,0.3489671840187304,3267.2319899999998,1.104542894417913,1.0221722410664364
2024-10-31,14329,ARMK,ARAMARK,25,-0.02442583233525959,-0.027145000000000002,-0.1876439711491258,10203.37977,1.5889336873673285,1.0579503037516542
2024-10-31,14596,FIVN,FIVE 9 INC,45,-0.009172355289429054,0.023939,-0.32185340432763115,2160.72584,0.889532193527923,1.7945094259982153
2024-10-31,14617,ARES,ARES MANAGEMENT CORP,40,-0.02639521271936595,0.07206800000000001,-0.2448925644801933,30572.53536,1.1874865814172522,1.5989482621609887
2024-10-31,15058,SLNO,SOLENO THERAPEUTICS INC,35,-0.03,0.086606,-0.3805369887844115,2072.16009,0.1172829559438335,0.3531916145570899
2024-10-31,15490,LITE,LUMENTUM HOLDINGS INC,45,-0.03,0.003824,-0.5162569389373514,4349.515880000001,0.8717537892283174,2.223002094534317
2024-10-31,15831,AXSM,AXSOME THERAPEUTICS INC,35,-0.00503430482558532,-0.013253999999999998,-0.22270684641818664,4352.94332,1.2698598464784177,0.8911610204964833
2024-10-31,16260,MEDP,MEDPACE HOLDINGS INC,35,0.023957892909685027,-0.062565,0.024111627204410704,10375.171600000001,1.3287444622873636,1.8973250731092932
2024-10-31,16655,CVNA,CARVANA CO,25,0.03,0.416517,-0.17446471054718476,21558.99664,3.52543233599207,3.406733562700787
2024-10-31,16738,AM,ANTERO MIDSTREAM CORP,10,0.03,-0.034574,0.27967221781654766,7242.978050000001,2.337449906088159,0.5635254200211425
2024-10-31,17223,ADT,A D T INC,25,0.03,-0.008056,0.37185151618141316,6196.7100900000005,1.5290864832516475,1.5937014076834761
2024-10-31,17332,VCTR,VICTORY CAPITAL HOLDINGS INC,40,0.03,0.077862,0.38639024206034517,3596.7896,0.9180119591228142,1.3766961198331398
2024-10-31,17959,CRNX,CRINETICS PHARMACEUTICALS INC,35,-0.03,0.091201,-0.5304369170348552,4130.9751,0.6429987486885745,1.2537331447365867
2024-10-31,18064,FTDR,FRONTDOOR INC,25,0.0023716862290231546,0.031516999999999996,0.38463426607756507,3636.8261700000003,1.0278256517759548,1.230288395746339
2024-10-31,18656,IDYA,IDEAYA BIOSCIENCES INC,35,-0.03,-0.11533399999999999,-0.4552509346323779,2735.82144,0.8905575590242828,1.0420167823303665
2024-10-31,18973,BRC,BRADY CORP,20,0.020172909779292418,-0.07253699999999999,0.28276877761413843,3375.24498,0.7250017415134555,0.9131717933253923
2024-10-31,19098,HESM,HESS MIDSTREAM L P,10,0.00021332315784626253,-0.021486,0.3849363694724519,3224.4186700000005,1.4932400443046137,0.5825676784095296
2024-10-31,19201,RVMD,REVOLUTION MEDICINES INC,35,-0.029539532435399998,0.17580600000000002,-0.5693893735130848,7607.3718,1.3585144331409538,1.7970686829668978
2024-10-31,19484,PCVX,VAXCYTE INC,35,-0.03,-0.07321699999999999,-0.44488501189532126,14218.616100000001,0.9768800955226067,0.9360684143022161
2024-10-31,19488,RNA,AVIDITY BIOSCIENCES INC,35,-0.01837416556291738,-0.083811,-0.5432385483931876,5461.077,0.9415043277863329,1.6390631256017754
2024-10-31,19561,BA,BOEING CO,20,-0.03,-0.021863,-0.6004871417242551,93682.03068,1.557275205289602,1.6070038730654586
2024-10-31,19577,RKT,ROCKET COMPANIES INC,40,-0.020850517222270958,-0.164928,-0.43433027453646006,2697.51911,2.5079318284036014,1.816404029853117
2024-10-31,20067,SOFI,SOFI TECHNOLOGIES INC,40,-0.03,0.417213,-0.575922359427514,8521.31682,2.198901309675539,2.477675481695395
2024-10-31,21020,AAL,AMERICAN AIRLINES GROUP INC,20,-0.03,0.18826400000000001,-0.490540387447604,7385.8377199999995,1.433495034273669,1.6673579121315538
2024-10-31,21207,NEM,NEWMONT CORP,15,-0.03,-0.153767,-0.07983082209886334,61330.08005000001,0.43686636119554195,0.8503527820497485
2024-10-31,21342,VERA,VERA THERAPEUTICS INC,35,-0.03,-0.090332,-0.4838374683735509,2432.1492000000003,0.96668495364856,0.948749820416352
2024-10-31,21723,HOOD,ROBINHOOD MARKETS INC,40,-0.013004765029305497,-0.000918,-0.4687322986292059,17845.876060000002,1.983621390792642,2.118211532053759
2024-10-31,22111,JNJ,JOHNSON & JOHNSON,35,0.029174099999999998,-0.017482,0.2949284392583362,390117.96264000004,0.49077081017922153,0.45830616445356553
2024-10-31,27334,CSL,CARLISLE COMPANIES,20,0.014888868782141755,-0.065097,0.31713303878252325,20797.78925,0.8779453913685452,1.3387817048006179
2024-10-31,42439,HNI,H N I CORP,20,0.02985585,-0.088602,0.4102186473320493,2537.96376,0.8268291307164153,1.1188328316522227
2024-10-31,42585,SJM,SMUCKER J M CO,30,-0.02953049616026484,-0.06658299999999999,0.025263396397417006,12885.7666,0.22084973589490733,0.2712770872372361
2024-10-31,44206,ES,EVERSOURCE ENERGY,55,-0.014201526308005034,-0.036236,-0.08800649522299005,24320.04925,0.5647018506903148,0.8732141053293401
2024-10-31,45306,IDCC,INTERDIGITAL INC,45,0.03,0.061533,0.3678108832748009,3575.02446,1.3449414940791895,1.242444404298008
2024-10-31,46463,GFF,GRIFFON CORP,20,0.014078594521036571,-0.10562099999999999,0.24608209659756053,3448.41,1.2978017198196437,1.7879085267821773
2024-10-31,46690,CBT,CABOT CORP,15,0.02337198928088114,-0.039158,0.2648691514670896,6127.67848,1.1949428797426662,1.6679964249501222
2024-10-31,52337,THC,TENET HEALTHCARE CORP,35,0.02059918840841141,-0.07117499999999999,-0.02605641780899514,15925.616399999999,2.101864555208151,1.5946579904013438
2024-10-31,56223,LPX,LOUISIANA PACIFIC CORP,15,0.03,-0.083565,0.36156111929307805,7551.85896,1.8462531122516321,1.8488270196828072
2024-10-31,58683,LUV,SOUTHWEST AIRLINES CO,20,-0.03,0.028155,-0.46138740984101806,17753.02191,1.1396266219913715,1.6022811638829688
2024-10-31,59010,GAP,GAP INC,25,0.027481740989955063,-0.055138,0.06801102677391335,8297.789850000001,2.274249383684072,2.661824991548888
2024-10-31,60098,OTTR,OTTER TAIL CORP,55,0.020259445023418043,0.000699,0.29362561836788637,3269.27648,0.49758299164157865,1.1020750352400583
2024-10-31,62308,GL,GLOBE LIFE INC,40,0.03,-0.004588,0.1540160870057777,9512.8362,0.782099482861727,2.5173187890562154
2024-10-31,63715,POWL,POWELL INDUSTRIES INC,20,0.0030853614709207603,0.144703,0.1420641214455647,2661.4381100000005,0.7986491435715846,2.0916845393983707
2024-10-31,64194,CHE,CHEMED CORP NEW,35,0.011507775749543541,-0.10496,0.22246138740984103,9044.5985,0.4118003197921065,0.7378077674857257
2024-10-31,65307,RPM,R P M INTERNATIONAL INC,15,0.005493831621401997,0.050602,0.28021978021978017,15581.775000000001,0.9567482876155914,1.1561375662974795
2024-10-31,66384,WDC,WESTERN DIGITAL CORP,45,-0.02665419794725654,-0.047544,-0.37151164986216534,23628.340000000004,1.3466903485406034,1.872914363498537
2024-10-31,76661,IONS,IONIS PHARMACEUTICALS INC,35,-0.02405407347216,-0.045595000000000004,-0.3902987047316945,6321.98878,0.40699574662032567,1.1197288485753543
2024-10-31,77730,TSN,TYSON FOODS INC,30,-0.0276456,-0.020193,-0.038990219402590516,17023.498760000002,0.7418544127937311,0.672494592802241
2024-10-31,80069,ARWR,ARROWHEAD PHARMACEUTICALS INC,35,-0.020123879166899998,-0.011134999999999999,-0.4948642422869227,2410.28658,1.0512000586022943,2.0022638212317907
2024-10-31,80191,ALB,ALBEMARLE CORP,15,-0.01217632062670701,-0.003696,-0.5788301046033004,11131.55043,1.6113501686440963,2.70969217888016
2024-10-31,80563,PENN,PENN ENTERTAINMENT INC,25,-0.010849535748863654,0.043283,-0.40300592877912467,2869.68102,2.222393259242181,2.2844759188445996
2024-10-31,82307,DVA,DAVITA INC,35,0.03,-0.15104299999999998,0.300177485744496,13753.727,0.8496579666201758,1.0444105482422639
2024-10-31,82800,SCCO,SOUTHERN COPPER CORP,15,0.0015304246927584993,-0.056816,0.22323552735923866,90862.71778,1.1585762107314643,1.5775203432804232
2024-10-31,83779,PEGA,PEGASYSTEMS INC,45,0.03,0.08343500000000001,0.10703900910086477,6271.706720000001,1.0919828782192713,2.208135164398382
2024-10-31,83799,STRA,STRATEGIC EDUCATION INC,25,0.01848167456430908,-0.064307,0.4176390619689589,2273.86095,0.5182328293999392,1.107657176653287
2024-10-31,84761,TTWO,TAKE TWO INTERACTIVE SOFTWR INC,50,-0.0283773,0.048204,-0.20388202862429664,26976.105000000003,0.8370780900813051,0.7973797945580299
2024-10-31,85394,PSMT,PRICESMART INC,30,0.03,-0.098699,0.3160190325138779,2811.77208,0.8440511120012459,0.9151209994961235
2024-10-31,85992,MANH,MANHATTAN ASSOCIATES INC,45,0.03,-0.067949,0.16838487972508595,17184.72074,1.481946681698233,1.5393618108834033
2024-10-31,86211,MSTR,MICROSTRATEGY INC,45,-0.026986412865730704,0.44627100000000003,-0.8133189834220763,30853.8,3.2235557356340854,3.4797261286212473
2024-10-31,87432,A,AGILENT TECHNOLOGIES INC,35,0.01103547691285402,-0.12486699999999999,0.1381745402363959,42662.46143999999,1.0348017600205976,1.4764797483815182
2024-10-31,88159,EXEL,EXELIXIS INC,35,0.03,0.275476,0.43687927193081827,7415.990999999999,0.5337658561221573,0.8072779504460807
2024-10-31,88860,ALGN,ALIGN TECHNOLOGY INC,35,0.029134682007915056,-0.197718,-0.11442166081341336,19012.200240000002,1.6759685492678866,2.2696271882877093
2024-10-31,89297,CCOI,COGENT COMMUNICATIONS HLDS INC,50,-0.03,0.05339,-0.4713757033344663,3721.06696,0.3672355109648086,0.9631092100587455
2024-10-31,89301,GME,GAMESTOP CORP NEW,25,-0.03,-0.036615,-0.6052263887315433,10238.4743,1.8409626892124538,1.8653044669310685
2024-10-31,89968,PIPR,PIPER SANDLER COMPANIES,40,0.03,-0.004506,0.35823798194932216,5022.58557,1.3592186078509243,1.5060420073066405
2024-10-31,90319,GOOGL,ALPHABET INC,50,0.03,0.027808,0.3278577093010083,969227.4,0.9855137014535049,1.5094041736877954
2024-10-31,90436,HALO,HALOZYME THERAPEUTICS INC,35,0.0041847021100777995,-0.120434,0.18679430535100638,7279.954920000001,1.297706764903739,1.23068883034389
2024-10-31,90564,PBH,PRESTIGE CONSUMER HEALTHCARE INC,35,0.008485785696622623,0.018978,0.27978550658963025,3573.0597,0.4529957701914141,0.7100065131847579
2024-10-31,91594,SPR,SPIRIT AEROSYSTEMS HOLDINGS INC,20,-0.03,-0.008213,-0.5389146935538688,3791.3161999999998,1.862234478670847,1.9478861459323824
2024-10-31,91832,MDGL,MADRIGAL PHARMACEUTICALS INC,35,-0.03,0.21812700000000002,-0.5166723311053208,4627.66932,0.0581467984786952,0.43089888488549166
2024-10-31,92294,UEC,URANIUM ENERGY CORP,10,-0.03,0.19094,-0.5848721725010385,2554.83126,1.947731147539145,1.968771486897461
2024-10-31,92469,SATS,ECHOSTAR CORP,50,-0.019050141016128112,0.005763,-0.48799139005324577,3486.7384199999997,0.7027415572712621,2.109351182958562
2024-10-31,92852,LOPE,GRAND CANYON EDUCATION INC,25,0.02920767,-0.037323,0.4811563007439297,4152.5169,0.651648416681588,0.8062359542740065
2024-10-31,93330,PRI,PRIMERICA INC,40,0.020301404970942412,0.040068,0.4328575204863864,8969.4942,1.0691985786502718,1.137537740430622
2024-10-31,93436,TSLA,TESLA INC,25,-0.03,-0.048932,-0.5917072618103545,839047.41,2.3842772567876493,2.3398059438252647
2024-11-30,10693,EHC,ENCOMPASS HEALTH CORP,35,0.03,0.031034,0.18296732322088902,10008.162499999999,0.8543659553010735,0.9220214602138193
2024-11-30,11644,CRK,COMSTOCK RESOURCES INC,10,-0.03,0.34293100000000004,-0.3025998037883934,3378.5371600000003,0.49056663097510783,1.1959848249978582
2024-11-30,12473,KNX,KNIGHT SWIFT TRANSPORT HDLGS INC,20,-0.028420599160066454,0.13583,-0.23139763036751945,8431.38744,0.8877470419827935,1.1072218368564932
2024-11-30,12622,HCA,H C A HEALTHCARE INC,35,0.004856692340014827,-0.091818,0.18072220964455513,92581.46676000001,1.603295116984594,1.1287950709294015
2024-11-30,12981,FBIN,FORTUNE BRANDS INNOVATIONS INC,20,0.027805260000000002,-0.06137,0.2769036299147234,10341.91964,1.4893697041444338,1.760001198019868
2024-11-30,13318,YELP,YELP INC,50,0.02906945935425,0.115553,0.3919326843257114,2284.2732600000004,1.3768865590275143,1.226777461342326
2024-11-30,13407,META,META PLATFORMS INC,50,0.02962809,0.00792,0.28394083465398834,1237324.9675800002,1.113547985774633,1.5877237843265755
2024-11-30,13766,BCC,BOISE CASCADE CO,20,0.026300827208101292,0.105569,0.14204588332956003,5177.3945699999995,1.504137539188768,1.881907731055338
2024-11-30,13788,ZTS,ZOETIS INC,35,0.016488670805145766,-0.0237,0.2094747566221417,80996.45778,0.8606891420375905,1.3254670260145265
2024-11-30,13901,MO,ALTRIA GROUP INC,30,0.00538024067386175,0.056273,0.2525092445853144,92920.95904,0.5838928014200391,0.642028258594565
2024-11-30,14179,AR,ANTERO RESOURCES CORP,10,-0.017502071412693842,0.259183,-0.22468115613915932,8052.924319999999,3.427892806193711,1.022993206094304
2024-11-30,14318,NMIH,N M I HOLDINGS INC,40,0.02800707120804,0.029913000000000002,0.4183835182250396,3068.1362799999997,1.1062690473914896,1.0199960861156698
2024-11-30,14329,ARMK,ARAMARK,25,-0.02376279311651897,0.071646,-0.1038034865293185,9966.27567,1.5903071963355484,1.0448139237693252
2024-11-30,14596,FIVN,FIVE 9 INC,45,-0.009391932302702695,0.393945,-0.3849709455890122,2220.89224,0.8821805467899474,1.8518233145375753
2024-11-30,14617,ARES,ARES MANAGEMENT CORP,40,-0.028297462909625214,0.050017,-0.2897705833521998,33256.8128,1.1765943111515242,1.6133212426612364
2024-11-30,15058,SLNO,SOLENO THERAPEUTICS INC,35,-0.03,-0.046636,-0.3845181495736171,2374.02202,0.11102233280274801,0.36427889315402656
2024-11-30,15490,LITE,LUMENTUM HOLDINGS INC,45,-0.03,0.357717,-0.5028488415968606,4387.869,0.861249568517076,2.234355944279393
2024-11-30,15831,AXSM,AXSOME THERAPEUTICS INC,35,-0.004967580149427012,0.099269,-0.2329258169194778,4312.25708,1.2686893916756214,0.8960670228712919
2024-11-30,16260,MEDP,MEDPACE HOLDINGS INC,35,0.022458967339790584,0.080094,0.058712549996226694,9766.586040000002,1.3454609545517469,1.7571383428345004
2024-11-30,16655,CVNA,CARVANA CO,25,0.02448728245341384,0.049055,-0.3389178175232058,31781.8081,3.465753385304308,3.457856656766186
2024-11-30,16738,AM,ANTERO MIDSTREAM CORP,10,0.02896278,0.107388,0.29997736019923027,6916.62588,2.3487023278918064,0.5835640365121224
2024-11-30,17223,ADT,A D T INC,25,0.02975832,0.054378,0.28146932306995703,6136.3368,1.5160484348446108,1.7742626935891033
2024-11-30,17332,VCTR,VICTORY CAPITAL HOLDINGS INC,40,0.03,0.15539799999999998,0.43060901064070645,3897.4876200000003,0.910586664617518,1.409914649964885
2024-11-30,17959,CRNX,CRINETICS PHARMACEUTICALS INC,35,-0.03,0.018204,-0.5498830276960229,4523.86236,0.6263416946865435,1.2253195429713741
2024-11-30,18064,FTDR,FRONTDOOR INC,25,0.0024464346639032773,0.17535699999999999,0.3056184438910271,3767.69456,1.0226640673891307,1.2550007396776581
2024-11-30,18656,IDYA,IDEAYA BIOSCIENCES INC,35,-0.03,-0.032019,-0.4907365481850426,2430.9777,0.9305841458195248,1.0471894806496236
2024-11-30,18973,BRC,BRADY CORP,20,0.018709627422631884,0.048758,0.3262017960908611,3133.43244,0.7303508568961103,0.9392782579493646
2024-11-30,19098,HESM,HESS MIDSTREAM L P,10,0.00020873969647677772,0.110999,0.33959701154629846,3167.73765,1.4946871145185896,0.572879438539315
2024-11-30,19201,RVMD,REVOLUTION MEDICINES INC,35,-0.03,0.077353,-0.5406950418836314,8974.518,1.336026607759205,1.187475598783345
2024-11-30,19484,PCVX,VAXCYTE INC,35,-0.02780349,-0.116884,-0.37395290921439894,13233.1305,0.9930618771983967,0.9613886713889744
2024-11-30,19488,RNA,AVIDITY BIOSCIENCES INC,35,-0.016834208372923713,0.014266000000000001,-0.5362048147309637,5041.99834,0.9586049329297618,1.6280997462859859
2024-11-30,19561,BA,BOEING CO,20,-0.03,0.037101,-0.6215002641310089,111620.57256,1.5612359235697333,1.6708305610883052
2024-11-30,19577,RKT,ROCKET COMPANIES INC,40,-0.017411683117836255,-0.101471,-0.40640329031771183,2263.1609,2.5291800826337085,1.871096889031167
2024-11-30,20067,SOFI,SOFI TECHNOLOGIES INC,40,-0.03,0.465159,-0.5186212361331222,12121.091989999999,2.1211768549008414,2.5533941653301224
2024-11-30,20834,LBPH,LONGBOARD PHARMACEUTICALS INC,35,-0.03,0.0007339999999999994,-0.5022639800769754,2055.5624000000003,0.9496543506561977,0.7525126802634775
2024-11-30,21020,AAL,AMERICAN AIRLINES GROUP INC,20,-0.03,0.079627,-0.359142706210852,8805.5554,1.3994814807577407,1.7242333083303973
2024-11-30,21207,NEM,NEWMONT CORP,15,-0.025386989999999998,-0.075491,-0.06544789072522829,51731.168,0.45445586350275846,0.9187600027118422
2024-11-30,21342,VERA,VERA THERAPEUTICS INC,35,-0.03,0.228091,-0.486001056524036,2512.20132,0.9921906800717106,0.9911700028657795
2024-11-30,21619,OKLO,OKLO INC,55,-0.03,0.044131,-0.27873368047694524,2742.2761600000003,-0.5096663477780029,0.5611380677699304
2024-11-30,21723,HOOD,ROBINHOOD MARKETS INC,40,-0.004555526476883974,0.5941719999999999,-0.2631499509470983,17936.094869999997,1.9794408234264258,2.2953517027539347
2024-11-30,21927,DJT,TRUMP MEDIA & TECH GRP CORP,50,-0.002593176504835662,-0.109784,-0.3973285035091691,7666.094160000001,2.438353471294868,1.3856233139389502
2024-11-30,22111,JNJ,JOHNSON & JOHNSON,35,0.028664078383799998,-0.026513000000000002,0.22615274318919326,384882.61278,0.49177625666077923,0.46851966137122697
2024-11-30,24328,EQT,E Q T CORP,10,-0.001669448283782942,0.244485,-0.29384574749075537,21802.833359999997,1.0515032250006973,0.7110399413748051
2024-11-30,27334,CSL,CARLISLE COMPANIES,20,0.013919648091030674,0.080112,0.2148328428043166,19138.41921,0.8854274595898273,1.386575878155712
2024-11-30,42439,HNI,H N I CORP,20,0.0272105619783,0.15252500000000002,0.31525922571881365,2355.78112,0.8343111892114002,1.1336287934466378
2024-11-30,44206,ES,EVERSOURCE ENERGY,55,-0.013686919800708163,-0.024608,-0.12857520187155688,23533.802249999997,0.5689937017344594,0.8379229910777979
2024-11-30,46463,GFF,GRIFFON CORP,20,0.03,0.339528,0.33033355973134093,3097.65744,1.3128285484356754,1.841203152396278
2024-11-30,46690,CBT,CABOT CORP,15,0.03,0.016633,0.312693381631575,5911.67192,1.20310946514314,1.6987053381463784
2024-11-30,52337,THC,TENET HEALTHCARE CORP,35,0.01913304117344273,-0.083558,-0.027262093426911185,14741.93694,2.1062361881804352,1.7343526533204547
2024-11-30,56223,LPX,LOUISIANA PACIFIC CORP,15,0.03,0.19398100000000001,0.33614444192891096,6950.2964,1.8483720602009608,1.8749740595825675
2024-11-30,58683,LUV,SOUTHWEST AIRLINES CO,20,-0.03,0.054253,-0.45190928986491585,18339.957459999998,1.130661364309648,1.6488925674534494
2024-11-30,59010,GAP,GAP INC,25,0.03,0.16359400000000002,0.14414006490076225,7816.10409,2.283151408732842,2.694635649883866
2024-11-30,60098,OTTR,OTTER TAIL CORP,55,0.020273606375489413,0.029018000000000002,0.32320202248886876,3284.3345600000002,0.4951544356581596,1.0519678678186188
2024-11-30,62308,GL,GLOBE LIFE INC,40,0.029862359999999998,0.049454,0.11778356350464113,9484.991999999998,0.7807551912065196,2.5752054150993144
2024-11-30,63715,POWL,POWELL INDUSTRIES INC,20,0.0035318225318474073,0.045738,0.12814127235680325,3056.9552200000003,0.7868388223444689,2.1444574887928702
2024-11-30,64194,CHE,CHEMED CORP NEW,35,0.010299919606871452,0.05651,0.16489321560636935,8130.612,0.428185660690872,0.8053996549764656
2024-11-30,64995,KEY,KEYCORP NEW,40,-0.008584420369012684,0.12532,-0.417987321711569,16270.131000000001,1.2651137803478234,1.6830406864911232
2024-11-30,65307,RPM,R P M INTERNATIONAL INC,15,0.005771830489108181,0.087855,0.2469624933967248,16359.31122,0.9474185686801447,1.1557367598127462
2024-11-30,66384,WDC,WESTERN DIGITAL CORP,45,-0.025386950760052176,0.113638,-0.38455588257490003,22578.18948,1.3582307601830168,1.8162642143697243
2024-11-30,75603,CRUS,CIRRUS LOGIC INC,45,0.021858005614004587,-0.052853,0.2711304807184363,5835.8348,0.939568589953621,1.797324978548431
2024-11-30,76661,IONS,IONIS PHARMACEUTICALS INC,35,-0.022957327992196866,-0.073244,-0.35859557769224953,6061.66583,0.4149045790638999,1.1209310091777955
2024-11-30,79864,VSEC,V S E CORP,20,-0.03,0.13968799999999998,-0.5154139310240736,2094.67944,1.5625746002032523,1.5336847280443093
2024-11-30,80069,ARWR,ARROWHEAD PHARMACEUTICALS INC,35,-0.019899799772376565,0.349659,-0.48266168591049735,2392.86582,1.0271875433599258,2.036673650324926
2024-11-30,80191,ALB,ALBEMARLE CORP,15,-0.012131316945670701,0.13296000000000002,-0.5614859255905215,11133.901090000001,1.6179754630452463,2.7317035144702384
2024-11-30,80563,PENN,PENN ENTERTAINMENT INC,25,-0.011319136204681718,0.08921,-0.3618406158025809,3005.10075,2.207718636754239,2.286417232763686
2024-11-30,82307,DVA,DAVITA INC,35,0.02546871,0.184587,0.20598445400347146,11464.42,0.8686830054680272,0.9518670180617999
2024-11-30,82800,SCCO,SOUTHERN COPPER CORP,15,0.0014434720834147325,-0.0764,0.3036374613236737,86055.2497,1.165866032545466,1.6171431555512525
2024-11-30,83779,PEGA,PEGASYSTEMS INC,45,0.03,0.19153799999999999,-0.08616330842955248,6812.29776,1.0746665836009082,2.306926556879992
2024-11-30,83799,STRA,STRATEGIC EDUCATION INC,25,0.028804380071293566,0.13231500000000002,0.41979850577314926,2136.52024,0.5301202668041866,1.1220878789317579
2024-11-30,84761,TTWO,TAKE TWO INTERACTIVE SOFTWR INC,50,-0.0297451993692,0.16089799999999999,-0.20977662063240515,28402.39844,0.8324373313666744,0.7964299073041247
2024-11-30,85394,PSMT,PRICESMART INC,30,0.02703903,0.076209,0.3442004377028149,2549.47596,0.8534234282892211,0.870995057260551
2024-11-30,85992,MANH,MANHATTAN ASSOCIATES INC,45,0.02796153,0.079885,0.11301033884235152,16084.712000000001,1.4955820194613867,1.6000734802701901
2024-11-30,86211,MSTR,MICROSTRATEGY INC,45,-0.03,0.580789,-0.8242019470228662,44744.477999999996,3.173708387128176,3.62562060891929
2024-11-30,87432,A,AGILENT TECHNOLOGIES INC,35,0.02939054505345887,0.054828,0.22609614368726888,37441.71168,1.0509281067889715,1.476521066524785
2024-11-30,88159,EXEL,EXELIXIS INC,35,0.03,0.094238,0.19207984303071465,9481.222800000001,0.5072858825949095,0.8609745884253004
2024-11-30,88860,ALGN,ALIGN TECHNOLOGY INC,35,0.023374230950674105,0.13134200000000001,-0.07872990717681685,15327.427710000002,1.6779102127098702,1.9595365564499663
2024-11-30,89297,CCOI,COGENT COMMUNICATIONS HLDS INC,50,-0.03,0.032216,-0.3988755565617689,3935.15648,0.35858077460194476,0.9543662487572951
2024-11-30,89301,GME,GAMESTOP CORP NEW,25,-0.03,0.305784,-0.6023884989812089,9903.5918,1.8648532645023066,1.9095977369943167
2024-11-30,89968,PIPR,PIPER SANDLER COMPANIES,40,0.02986482,0.207596,0.33903101652705464,5019.577079999999,1.359713693849916,1.5391679581709297
2024-11-30,90319,GOOGL,ALPHABET INC,50,0.03,-0.016579,0.3263149950947098,999795.7300000001,0.9814883027584801,1.4345730308185978
2024-11-30,90436,HALO,HALOZYME THERAPEUTICS INC,35,0.00368072169615269,-0.050821,0.22071919100445253,6433.86939,1.3155011272498074,1.29237584355365
2024-11-30,90564,PBH,PRESTIGE CONSUMER HEALTHCARE INC,35,0.008646828937573127,0.14546900000000001,0.30993887253792163,3654.82875,0.4507956415615935,0.7288730119745628
2024-11-30,91594,SPR,SPIRIT AEROSYSTEMS HOLDINGS INC,20,-0.03,-0.004264,-0.6047656780620331,3774.9894,1.8597125052562484,1.7140138464831773
2024-11-30,91832,MDGL,MADRIGAL PHARMACEUTICALS INC,35,-0.03,0.261527,-0.3689344200437702,5656.205399999999,0.034297363622389665,0.44829590512433426
2024-11-30,92294,UEC,URANIUM ENERGY CORP,10,-0.03,0.115991,-0.5802769602294165,3052.63252,1.9248475102293399,2.0617486126929587
2024-11-30,92469,SATS,ECHOSTAR CORP,50,-0.01915992697880406,0.005223,-0.4490038487661308,3520.4538599999996,0.7012363036306893,2.1399829288042618
2024-11-30,92852,LOPE,GRAND CANYON EDUCATION INC,25,0.028117552132590002,0.19646799999999998,0.4727001735718059,4013.7581400000004,0.6598909640989556,0.8231609859309251
2024-11-30,93330,PRI,PRIMERICA INC,40,0.021114841665318133,0.093071,0.4303637461323674,9363.92868,1.0651028098242985,1.1319416420950124
2024-11-30,93436,TSLA,TESLA INC,25,-0.028532039999999998,0.377514,-0.4948494453248812,802033.4909999999,2.3802516418771678,2.5442161128816165
2024-12-31,10517,PRG,PROG HOLDINGS INC,40,0.018514214321170255,-0.135188,0.33827079218784295,2021.48238,2.0987451396320704,1.8677991053902665
2024-12-31,10693,EHC,ENCOMPASS HEALTH CORP,35,0.03,-0.106538,0.29518689196108555,10371.205,0.8345312219498844,0.9275270425202352
2024-12-31,11644,CRK,COMSTOCK RESOURCES INC,10,-0.0299492352247459,0.166536,-0.30595786701777483,4550.50377,0.6004185626170311,1.2596634042857129
2024-12-31,12473,KNX,KNIGHT SWIFT TRANSPORT HDLGS INC,20,-0.03,-0.107556,-0.20420964084558552,9609.96848,0.9156796687861161,1.1531625893164368
2024-12-31,12622,HCA,H C A HEALTHCARE INC,35,0.004410760562739346,-0.084462,0.279551605588472,82883.84434000001,1.5434454598449947,1.1264684908575442
2024-12-31,12981,FBIN,FORTUNE BRANDS INNOVATIONS INC,20,0.0260988511938,-0.130994,0.14755687221125008,9726.8958,1.4395975752678087,1.69219447340913
2024-12-31,13318,YELP,YELP INC,50,0.03,0.008896000000000001,0.23132909077609543,2515.56396,1.393753737027528,1.2632374640332145
2024-12-31,13407,META,META PLATFORMS INC,50,0.029862744472799997,0.016638,0.3230561041620949,1252018.1743200002,1.0896419107645008,1.5886090995184332
2024-12-31,13766,BCC,BOISE CASCADE CO,20,0.029077379235633336,-0.197232,0.13812083973374295,5668.5779999999995,1.4983200004347155,1.8499713439130194
2024-12-31,13788,ZTS,ZOETIS INC,35,0.016097889307063813,-0.073963,0.36414673396240216,79066.66625000001,0.849979474770302,1.2804726701990965
2024-12-31,13901,MO,ALTRIA GROUP INC,30,0.0056830029573019724,-0.08049,0.3755760368663595,97858.50262000001,0.5753408703233932,0.6279445062532584
2024-12-31,14179,AR,ANTERO RESOURCES CORP,10,-0.02203831078765007,0.06853,-0.2505120327700973,10171.951159999999,3.482904265215073,1.0692070896274444
2024-12-31,14318,NMIH,N M I HOLDINGS INC,40,0.0288448467290861,-0.084433,0.2770828761612172,3164.4886800000004,1.0766480135864902,1.065525719632926
2024-12-31,14329,ARMK,ARAMARK,25,-0.02546530219214509,-0.084342,-0.14360690512764246,10740.044119999999,1.5907967835940187,1.0156658862567491
2024-12-31,14596,FIVN,FIVE 9 INC,45,-0.013091837073690908,-0.019167,-0.35123619340209206,3104.58624,0.9601637115564577,1.861164510763198
2024-12-31,15058,SLNO,SOLENO THERAPEUTICS INC,35,-0.03,-0.150884,-0.35242484090410364,2272.6970699999997,0.06928614733924766,0.36071397072450667
2024-12-31,15490,LITE,LUMENTUM HOLDINGS INC,45,-0.03,-0.038388,-0.36286665203715895,5974.839,0.9350483232091905,2.305060486677964
2024-12-31,15831,AXSM,AXSOME THERAPEUTICS INC,35,-0.005460706863280482,-0.142229,-0.15432301953039282,4759.93764,1.1755678505396752,0.8888231034899367
2024-12-31,16260,MEDP,MEDPACE HOLDINGS INC,35,0.02425779586990377,-0.028323,0.0238826713481091,10587.46166,1.3421127511558704,1.8651325470460933
2024-12-31,16655,CVNA,CARVANA CO,25,0.025688506094166057,-0.222771,-0.2591251554385195,33466.5742,3.396998694396314,3.2787349793762908
2024-12-31,16738,AM,ANTERO MIDSTREAM CORP,10,0.03,-0.058766,0.3049155145929339,7686.744280000001,2.3904261446935093,0.6045507635491647
2024-12-31,17223,ADT,A D T INC,25,0.03,-0.089969,0.459585984931607,6494.28978,1.481875475630515,1.5799523340879629
2024-12-31,17332,VCTR,VICTORY CAPITAL HOLDINGS INC,40,0.03,-0.055159,0.39561846243873894,4518.562320000001,0.892763109362599,1.5105880980794757
2024-12-31,17787,EQH,EQUITABLE HOLDINGS INC,40,-0.020439082144207307,-0.025641,-0.4296503547655622,15112.243509999998,1.3653975960655447,1.4991281921421498
2024-12-31,17959,CRNX,CRINETICS PHARMACEUTICALS INC,35,-0.03,-0.109782,-0.38323824153317243,5304.613600000001,0.6021477244804462,1.213129892222816
2024-12-31,18064,FTDR,FRONTDOOR INC,25,0.0021057124434804148,-0.070728,0.26921951576329456,4443.2864,1.0738005591572757,1.176717538998215
2024-12-31,18656,IDYA,IDEAYA BIOSCIENCES INC,35,-0.03,-0.064336,-0.4633713700533977,2364.77952,0.8465951337419003,1.0976697960714448
2024-12-31,18973,BRC,BRADY CORP,20,0.01962187143650457,-0.01755,0.2605149586716407,3311.93536,0.7334726928285108,1.0021286498562156
2024-12-31,19098,HESM,HESS MIDSTREAM L P,10,0.00023190959404600358,-0.026618,0.30180674420305753,3944.2909,1.4966487422849768,0.5822479304622785
2024-12-31,19201,RVMD,REVOLUTION MEDICINES INC,35,-0.03,-0.24757,-0.4246763221417598,9731.469149999999,1.3298900532219777,1.1574365549355536
2024-12-31,19484,PCVX,VAXCYTE INC,35,-0.02455370687484,-0.13595,-0.2703167288420745,11758.25458,0.904116014064752,0.9562343130781684
2024-12-31,19488,RNA,AVIDITY BIOSCIENCES INC,35,-0.017074365189571845,-0.327855,-0.5874661692634042,5133.86627,0.9307983523031458,1.6236769535568512
2024-12-31,19561,BA,BOEING CO,20,-0.03,0.13504,-0.60553361129398,116203.21344,1.540402956727632,1.6728099147402584
2024-12-31,19577,RKT,ROCKET COMPANIES INC,40,-0.03,-0.228715,-0.5346902201740912,2118.98255,2.417846477671794,1.7590700012408746
2024-12-31,19956,WGS,GENEDX HOLDINGS CORP,35,0.00497941474013474,-0.023181,-0.29972203935337577,2153.45169,1.8363809036880954,3.587313214712604
2024-12-31,20067,SOFI,SOFI TECHNOLOGIES INC,40,-0.03,-0.065211,-0.5193109501865262,17807.26227,2.320902658101502,2.51798679082493
2024-12-31,21020,AAL,AMERICAN AIRLINES GROUP INC,20,-0.03,0.19675,-0.30429376051495866,9541.54212,1.4137643070291819,1.727673880756469
2024-12-31,21207,NEM,NEWMONT CORP,15,-0.012452380146815108,-0.116205,0.06325433399166118,47746.593,0.4287322671191485,0.8856044806604861
2024-12-31,21342,VERA,VERA THERAPEUTICS INC,35,-0.03,-0.153613,-0.4439141247897007,3150.31925,1.0481661622569847,1.0019702416739786
2024-12-31,21619,OKLO,OKLO INC,55,-0.03,-0.101794,-0.2891156462585034,2874.13984,-0.48949625439652256,0.8622323772852679
2024-12-31,21927,DJT,TRUMP MEDIA & TECH GRP CORP,50,-0.002308487215428784,0.075451,-0.3875722331943531,6854.798400000001,2.2406005300179914,1.4195188828342111
2024-12-31,24328,EQT,E Q T CORP,10,-0.0020776033474436146,0.011082,-0.3419098822324629,27113.320959999997,1.1382143378452647,0.7593610754438737
2024-12-31,27334,CSL,CARLISLE COMPANIES,20,0.015034778938899323,-0.196043,0.28006363835856923,20700.8409,0.8918249472613822,1.3827617957053258
2024-12-31,42439,HNI,H N I CORP,20,0.03,-0.114519,0.28944481018213736,2708.0966,0.8636450720141018,1.1345190271475114
2024-12-31,44206,ES,EVERSOURCE ENERGY,55,-0.013350112078252338,-0.1018,-0.1119705946894887,23629.264979999996,0.5561289459102049,0.791437704176877
2024-12-31,46463,GFF,GRIFFON CORP,20,0.03,-0.15823,0.1976629361421988,4031.3946,1.3983781630852121,1.9951826109816464
2024-12-31,46690,CBT,CABOT CORP,15,0.03,-0.170695,0.2041182064223539,5962.67028,1.1758910670383838,1.6825138154470112
2024-12-31,48486,LRCX,LAM RESH CORP,45,0.006489869089615096,-0.023122,0.16491112574061884,95060.28779999999,1.4173240163911434,2.4195852054562956
2024-12-31,52337,THC,TENET HEALTHCARE CORP,35,0.0175343225190722,-0.118956,0.05961524394704116,13568.43996,2.003285803375045,1.6931074135055917
2024-12-31,56223,LPX,LOUISIANA PACIFIC CORP,15,0.03,-0.127605,0.24076512325360255,8302.1316,1.8776596989188197,1.8622466636852268
2024-12-31,58683,LUV,SOUTHWEST AIRLINES CO,20,-0.03,0.040744,-0.347871406627167,19407.489319999997,1.1297040986933407,1.6120194119003515
2024-12-31,59010,GAP,GAP INC,25,0.03,-0.02923,0.025345622119815652,9145.2085,2.2977196310485795,2.3708359974469477
2024-12-31,62308,GL,GLOBE LIFE INC,40,0.03,-0.0011459999999999999,0.18910467412771564,9338.041799999999,0.7769539526111501,2.5887290578374715
2024-12-31,63715,POWL,POWELL INDUSTRIES INC,20,0.003693361030809044,-0.174693,-0.08494257918221051,3213.37284,0.7729651509262959,2.337649263527048
2024-12-31,64194,CHE,CHEMED CORP NEW,35,0.010881968063855758,-0.07807,0.2586862702070075,8576.11937,0.4252468907905081,0.8190306606276901
2024-12-31,64995,KEY,KEYCORP NEW,40,-0.03,-0.11419699999999999,-0.5113927291346647,19310.19284,1.2745115431598646,1.7248344268118596
2024-12-31,65307,RPM,R P M INTERNATIONAL INC,15,0.006278914656728781,-0.116936,0.3219223173140224,17861.26356,0.9581574103226757,1.136663192322752
2024-12-31,66384,WDC,WESTERN DIGITAL CORP,45,-0.028271873070522983,-0.186702,-0.41278984712164435,25233.22692,1.3787659472258122,1.8909490615780797
2024-12-31,75603,CRUS,CIRRUS LOGIC INC,45,0.0207027444432876,-0.050288,0.27188940092165903,5550.473,0.9001966746650423,1.7993994231105819
2024-12-31,76661,IONS,IONIS PHARMACEUTICALS INC,35,-0.0212758414607364,-0.025214,-0.3571062833735645,5641.659809999999,0.3639835745471131,1.120497242766587
2024-12-31,79864,VSEC,V S E CORP,20,-0.03,-0.192645,-0.3830187989174164,2393.51112,1.5723910232063862,1.5692281215613708
2024-12-31,80069,ARWR,ARROWHEAD PHARMACEUTICALS INC,35,-0.02685794386098598,-0.28141900000000003,-0.557073366981201,3239.0170200000002,0.9928752119980228,2.049397025468195
2024-12-31,80191,ALB,ALBEMARLE CORP,15,-0.013744296846767078,-0.201149,-0.549904908199839,12659.058,1.624151876814944,2.6898769388787334
2024-12-31,80563,PENN,PENN ENTERTAINMENT INC,25,-0.012328916345501375,-0.085645,-0.3143332601857947,3285.1344,2.1916118477807744,2.1967367036929115
2024-12-31,82307,DVA,DAVITA INC,35,0.03,-0.103681,0.2409845658693585,13625.939999999999,0.8778476977508946,0.9359999042205271
2024-12-31,82800,SCCO,SOUTHERN COPPER CORP,15,0.0013331908162418468,-0.095541,0.31186453075854004,79317.74384999998,1.1097231398159644,1.607495911687409
2024-12-31,83779,PEGA,PEGASYSTEMS INC,45,0.03,-0.022300999999999998,0.0019566966571574673,8144.05738,1.1152405988786487,2.3010484924291013
2024-12-31,83799,STRA,STRATEGIC EDUCATION INC,25,0.03,-0.052502,0.286555482408017,2427.66289,0.540654218636269,1.1880562796182152
2024-12-31,84761,TTWO,TAKE TWO INTERACTIVE SOFTWR INC,50,-0.03,-0.026489,-0.23427327920415478,33084.61426,0.8701333046804711,0.8212918261368145
2024-12-31,85394,PSMT,PRICESMART INC,30,0.029099647437269997,0.023415000000000002,0.3846097578816473,2751.6078799999996,0.8643343319592952,0.8785742943770277
2024-12-31,85992,MANH,MANHATTAN ASSOCIATES INC,45,0.03,-0.056914,0.14527101163045858,17433.248,1.4793924199768773,1.6172740978288995
2024-12-31,86211,MSTR,MICROSTRATEGY INC,45,-0.03,-0.256199,-0.8311571940604198,81522.13812,3.3047029072584118,3.8657347816279626
2024-12-31,87432,A,AGILENT TECHNOLOGIES INC,35,0.017217825759322056,-0.028176,0.009966352132250765,39642.644159999996,1.0425179227680406,1.3903613504584478
2024-12-31,88159,EXEL,EXELIXIS INC,35,0.03,-0.090333,0.34223904615609685,10412.21034,0.5159708149284443,0.8433946375407367
2024-12-31,88860,ALGN,ALIGN TECHNOLOGY INC,35,0.026444249192197546,-0.107886,-0.1359995611147685,17376.97881,1.6810578536997303,1.975588415394501
2024-12-31,89134,OVV,OVINTIV INC,10,0.0038332397657935766,-0.105382,0.305189817862629,11823.91608,2.6864352036638808,1.0672262845304432
2024-12-31,89297,CCOI,COGENT COMMUNICATIONS HLDS INC,50,-0.03,-0.065958,-0.36169629141979376,4029.28256,0.3497932507868027,0.9433797773229857
2024-12-31,89301,GME,GAMESTOP CORP NEW,25,-0.03,0.075167,-0.6174566600833883,12971.1155,1.8911122800920608,1.8821696015039908
2024-12-31,89968,PIPR,PIPER SANDLER COMPANIES,40,0.03,-0.129148,0.21022602589422862,6098.3622000000005,1.397714427403165,1.8572131133106276
2024-12-31,90319,GOOGL,ALPHABET INC,50,0.02950263,0.118065,0.32495794016531343,987174.85,0.9550281247138188,1.4677860447301994
2024-12-31,90436,HALO,HALOZYME THERAPEUTICS INC,35,0.003493663738832514,-0.011753999999999999,0.1825031087703899,6132.3414,1.236592877250701,1.4283263789548033
2024-12-31,90564,PBH,PRESTIGE CONSUMER HEALTHCARE INC,35,0.009904674496292953,-0.082465,0.34869431643625187,4188.06185,0.47877109881053026,0.7489775558071959
2024-12-31,91594,SPR,SPIRIT AEROSYSTEMS HOLDINGS INC,20,-0.03,0.049489,-0.4987747787286958,3783.27232,1.8239890030758033,1.6157193804863195
2024-12-31,91832,MDGL,MADRIGAL PHARMACEUTICALS INC,35,-0.03,-0.063445,-0.38254333991661177,7157.823899999999,0.07898418769095006,0.4649712831008234
2024-12-31,92294,UEC,URANIUM ENERGY CORP,10,-0.03,-0.198609,-0.5842111037963572,3418.7838600000005,1.9376768454516644,2.1067340192977086
2024-12-31,92469,SATS,ECHOSTAR CORP,50,-0.019259999277414352,-0.098167,-0.4355021578523882,3553.0426799999996,0.6814960397530142,1.9823974789415653
2024-12-31,92852,LOPE,GRAND CANYON EDUCATION INC,25,0.03,-0.008463,0.36123911930363534,4797.14014,0.7235417193767245,0.9198734894750838
2024-12-31,93330,PRI,PRIMERICA INC,40,0.023080021093950954,-0.107148,0.3887243069270719,10103.07025,1.068203568342359,1.1315663919427623
2024-12-31,93436,TSLA,TESLA INC,25,-0.03,0.166345,-0.49237436910247967,1107984.3096,2.451098624511512,2.6862742331388243
2025-01-31,10693,EHC,ENCOMPASS HEALTH CORP,35,0.02680386,0.07362500000000001,0.3052707822598619,9304.262499999999,0.8594035559028134,0.8995603209664901
2025-01-31,11644,CRK,COMSTOCK RESOURCES INC,10,-0.03,0.015364000000000001,-0.3323861525889606,5324.99542,0.535376880514674,1.2748143947279742
2025-01-31,12473,KNX,KNIGHT SWIFT TRANSPORT HDLGS INC,20,-0.02677332,0.073061,-0.18774608127182235,8586.80472,0.9401420165928179,1.1145798788248207
2025-01-31,12622,HCA,H C A HEALTHCARE INC,35,0.004038218904089255,0.09585300000000001,0.294406061956764,76027.09455,1.5500148014982658,1.0787003981670018
2025-01-31,12981,FBIN,FORTUNE BRANDS INNOVATIONS INC,20,0.02268005828051936,0.045583,0.22996062699650846,8488.362579999999,1.459141322961426,1.6293313780002634
2025-01-31,13318,YELP,YELP INC,50,0.03,0.028744,0.22437040338756414,2547.1566000000003,1.3801744085319463,1.2351100580285823
2025-01-31,13407,META,META PLATFORMS INC,50,0.03,0.173762,0.20059802392095685,1282266.9,1.081160432479953,1.5631798153017442
2025-01-31,13766,BCC,BOISE CASCADE CO,20,0.023342389574230904,0.05812,0.23094495208379762,4564.8183,1.5488221728553588,1.7898826859276058
2025-01-31,13788,ZTS,ZOETIS INC,35,0.03,0.04875,0.3604115593195157,73508.31345,0.853401699242507,1.2319042325774263
2025-01-31,13901,MO,ALTRIA GROUP INC,30,0.005225578049268737,-0.004444,0.3553227843399451,88621.77177,0.5914322874259724,0.610506116053606
2025-01-31,14179,AR,ANTERO RESOURCES CORP,10,-0.023548596225927726,0.061468,-0.2773939529009732,10906.2982,3.421988715680088,1.049038844604404
2025-01-31,14318,NMIH,N M I HOLDINGS INC,40,0.026409389785209174,0.047302,0.2925117004680188,2889.3727599999997,1.091440468185474,1.0496829852768932
2025-01-31,14329,ARMK,ARAMARK,25,-0.023317507674655187,0.039587,-0.13143525741029644,9882.78473,1.6006165253294384,0.9991777683307548
2025-01-31,14596,FIVN,FIVE 9 INC,45,-0.012840905832499474,0.005315,-0.2872372037738652,3080.83712,0.9589952919597247,1.7640396271687009
2025-01-31,15058,SLNO,SOLENO THERAPEUTICS INC,35,-0.03,0.114167,-0.3680261496174132,2054.3948,0.04857890743602974,0.3374377948295158
2025-01-31,15490,LITE,LUMENTUM HOLDINGS INC,45,-0.02884836,0.009925,-0.36540747344179486,5800.945,0.9304924550129947,2.253372644191009
2025-01-31,15831,AXSM,AXSOME THERAPEUTICS INC,35,-0.004684035986822962,0.254947,-0.1481130673798381,4117.79948,1.056109487387396,0.8986110390386547
2025-01-31,16260,MEDP,MEDPACE HOLDINGS INC,35,0.023570742317480485,0.047632,0.07980462075625881,10176.53713,1.3371691692304275,1.8251795763851364
2025-01-31,16738,AM,ANTERO MIDSTREAM CORP,10,0.028237019999999998,0.07493100000000001,0.21359854394175767,7263.17916,2.334032194793331,0.6213265739086884
2025-01-31,17223,ADT,A D T INC,25,0.03,0.10813600000000001,0.451062328207414,5889.17879,1.498676888607019,1.512734989193153
2025-01-31,17332,VCTR,VICTORY CAPITAL HOLDINGS INC,40,0.03,0.0077020000000000005,0.4209011217591561,4166.72538,0.9048430028538361,1.4936331387751356
2025-01-31,17787,EQH,EQUITABLE HOLDINGS INC,40,-0.03,0.150402,-0.37851942649134535,14780.10629,1.3642456098293423,1.4669274810997237
2025-01-31,17959,CRNX,CRINETICS PHARMACEUTICALS INC,35,-0.03,-0.21511,-0.4513966272936632,4751.30638,0.6057244858152993,1.1695893911973378
2025-01-31,18064,FTDR,FRONTDOOR INC,25,0.0019567796137779318,0.092002,0.27715251467201546,4117.41638,1.0791984949508175,1.1736884706927506
2025-01-31,18656,IDYA,IDEAYA BIOSCIENCES INC,35,-0.03,-0.055826,-0.504141594235198,2223.1528,0.8701742470156552,1.1135801607398377
2025-01-31,18772,AKRO,AKERO THERAPEUTICS INC,35,-0.03,0.940628,-0.3512740509620384,2013.6950599999998,0.14348732433442657,0.8076729730624069
2025-01-31,18835,DKNG,DRAFTKINGS INC,25,-0.018868408891838908,0.124391,-0.44563925414159417,18193.4412,2.022743093318525,1.7839134723793983
2025-01-31,18973,BRC,BRADY CORP,20,0.011565845152388201,0.008787,0.2206373969244484,3265.9423999999995,0.7328228297629562,1.0051902029349367
2025-01-31,19098,HESM,HESS MIDSTREAM L P,10,0.00022573662447168704,0.09068100000000001,0.2304806477973405,3853.74913,1.4927093371010631,0.5787373343662586
2025-01-31,19201,RVMD,REVOLUTION MEDICINES INC,35,-0.03,-0.021358000000000002,-0.48426937077483106,8131.13478,1.3831640247842032,1.1486642348708938
2025-01-31,19484,PCVX,VAXCYTE INC,35,-0.021215630425205502,0.075618,-0.30878092266547813,10223.74098,0.9498698679865224,0.9417463222998985
2025-01-31,19488,RNA,AVIDITY BIOSCIENCES INC,35,-0.03,0.12909600000000002,-0.5360857291434514,3486.4884399999996,1.0446025416070042,1.5616613984587302
2025-01-31,19561,BA,BOEING CO,20,-0.03,-0.0060090000000000005,-0.6428385706856846,132427.152,1.5000419914234053,1.6259874933154488
2025-01-31,19956,WGS,GENEDX HOLDINGS CORP,35,0.004863986927043676,-0.029448000000000002,-0.3110467275833891,2153.3866199999998,1.8226583016644833,3.2967011393986785
2025-01-31,20067,SOFI,SOFI TECHNOLOGIES INC,40,-0.02804367,0.021377999999999998,-0.5088403536141446,16868.5132,2.3137886877000033,2.4084330812135324
2025-01-31,20930,SOC,SABLE OFFSHORE CORP,10,-0.013218594477156712,0.08534900000000001,-0.25107718594458067,2040.3899999999996,0.3124650583916227,0.2071239328847984
2025-01-31,21020,AAL,AMERICAN AIRLINES GROUP INC,20,-0.03,-0.032557,-0.3966272936631751,11461.37538,1.3491665091331106,1.7636173876601988
2025-01-31,21207,NEM,NEWMONT CORP,15,-0.011005351311854457,0.14447300000000002,0.00434588812123915,42373.109000000004,0.4432483788075383,0.8743911134323601
2025-01-31,21342,VERA,VERA THERAPEUTICS INC,35,-0.02539161,-0.121765,-0.38349676844216624,2687.9524,1.1228890485231107,0.9729143750074936
2025-01-31,21619,OKLO,OKLO INC,55,-0.03,0.956665,-0.2928274273828096,2592.09808,-0.4249525337363848,0.8587439030561025
2025-01-31,21927,DJT,TRUMP MEDIA & TECH GRP CORP,50,-0.03,-0.06898599999999999,-0.38553970730257786,7524.403700000001,2.190777580495001,1.4041802029563824
2025-01-31,24328,EQT,E Q T CORP,10,-0.0021006273477399847,0.105356,-0.3522583760493277,27513.09924,1.115080318018533,0.7395448107232692
2025-01-31,27334,CSL,CARLISLE COMPANIES,20,0.012087315771380685,0.052608,0.3474481836416313,16718.410679999997,0.936063583196328,1.3675332909333828
2025-01-31,42439,HNI,H N I CORP,20,0.026564429999999997,-0.013621,0.3144640071317139,2407.88748,0.8926380614949054,1.1239213564710122
2025-01-31,44206,ES,EVERSOURCE ENERGY,55,-0.01199107066868625,0.001056,-0.16490231037812944,21042.46686,0.5724938462894762,0.7686710756879251
2025-01-31,46463,GFF,GRIFFON CORP,20,0.03,0.059843,0.36104301314909737,3408.27394,1.4410975984639895,1.9397705356673676
2025-01-31,46690,CBT,CABOT CORP,15,0.02487915,-0.056303,0.19489636728326273,4966.7161399999995,1.2133877108001012,1.6541001322748523
2025-01-31,48486,LRCX,LAM RESH CORP,45,0.006339810336525017,0.118813,0.08974073248644232,92812.37187999999,1.4073501901590793,2.3889988384359286
2025-01-31,52337,THC,TENET HEALTHCARE CORP,35,0.015448509649493446,0.11284000000000001,0.07449297971918876,12004.09431,2.0085032862050616,1.6318995092910555
2025-01-31,56223,LPX,LOUISIANA PACIFIC CORP,15,0.02617185,0.126302,0.3246229849193968,7273.144899999999,1.9029911221057283,1.7634303545067151
2025-01-31,58683,LUV,SOUTHWEST AIRLINES CO,20,-0.03,-0.08985299999999999,-0.4184867394695789,20163.157939999997,1.1127829049078204,1.5283421534454034
2025-01-31,59010,GAP,GAP INC,25,0.0291231,0.021741,0.04358888641259939,8911.39286,2.2855862542831518,2.3058649042057473
2025-01-31,59328,INTC,INTEL CORP,45,-0.0009984254886244456,-0.03422,-0.5265767773568085,86816.5,1.0384142963538494,2.1933153504287835
2025-01-31,62308,GL,GLOBE LIFE INC,40,0.02996562,0.093847,0.11934477379095162,9361.5464,0.7686540220925072,2.501867553052297
2025-01-31,63715,POWL,POWELL INDUSTRIES INC,20,0.0030481567122539197,0.078499,-0.06760270410816435,2674.20725,0.8080168912003156,2.296975211898795
2025-01-31,64194,CHE,CHEMED CORP NEW,35,0.01003241281711054,0.057481,0.23835524849565415,7937.993399999999,0.440466901087742,0.7979990879260258
2025-01-31,64995,KEY,KEYCORP NEW,40,-0.028938382778985465,0.045711,-0.3902756110244409,16990.59062,1.2888331042657517,1.589954918136056
2025-01-31,65306,UNF,UNIFIRST CORP,20,0.03,0.24937700000000002,0.45189807592303693,2571.4827,0.882736541347903,1.2896843518151728
2025-01-31,65307,RPM,R P M INTERNATIONAL INC,15,0.005544683492429544,0.029615999999999996,0.35229552039224427,15838.06812,0.9789075899398071,1.111703988466529
2025-01-31,66384,WDC,WESTERN DIGITAL CORP,45,-0.0229934578245102,0.088939,-0.3911299309115222,20751.24,1.3911497779577318,1.8642264125786394
2025-01-31,75603,CRUS,CIRRUS LOGIC INC,45,0.01966164483072355,0.005339,0.2522843770893693,5291.48204,0.8929847520315841,1.741097753491404
2025-01-31,76661,IONS,IONIS PHARMACEUTICALS INC,35,-0.020739392394145392,-0.09082599999999999,-0.3951043756035956,5520.49864,0.36973587216834364,1.0991065954928987
2025-01-31,79637,UHS,UNIVERSAL HEALTH SERVICES INC,35,0.02952850039474968,0.047645,0.33409479236312306,10534.6453,1.2149560932059724,1.1981925867334928
2025-01-31,80069,ARWR,ARROWHEAD PHARMACEUTICALS INC,35,-0.019299608157571164,0.05415,-0.5418059579526038,2360.7536,1.0656356122813295,1.9503149290268131
2025-01-31,80191,ALB,ALBEMARLE CORP,15,-0.010979645280336727,-0.025253,-0.5403201842359409,10117.843200000001,1.6532619734077032,2.5609075610535115
2025-01-31,80563,PENN,PENN ENTERTAINMENT INC,25,-0.01127300630509091,0.036057,-0.340817918431023,3017.17878,2.1872082339689976,2.128663572671817
2025-01-31,82307,DVA,DAVITA INC,35,0.026889569999999998,0.174904,0.2423854097021024,12263.1,0.8968185529878622,0.9177128749733622
2025-01-31,82800,SCCO,SOUTHERN COPPER CORP,15,0.0012058164324672846,0.00208,0.28298417650991753,72030.15443,1.1199782883370093,1.5163455632402836
2025-01-31,83779,PEGA,PEGASYSTEMS INC,45,0.029330969999999998,0.15898800000000002,-0.01756927419953939,8025.6384,1.1104362419417466,2.234822159719409
2025-01-31,83799,STRA,STRATEGIC EDUCATION INC,25,0.028424939999999996,0.048191,0.2827241661095015,2288.97684,0.5364532908147973,1.1702077915163926
2025-01-31,84761,TTWO,TAKE TWO INTERACTIVE SOFTWR INC,50,-0.029205329999999998,0.004470999999999999,-0.2039038704405319,32471.712000000003,0.8707116133985437,0.7900928771362036
2025-01-31,85394,PSMT,PRICESMART INC,30,0.029781015682013672,-0.016316,0.29691330510363273,2826.11654,0.85703065471327,0.8515376848171554
2025-01-31,85992,MANH,MANHATTAN ASSOCIATES INC,45,0.02209847827846609,-0.231428,0.0743072580046059,16463.29104,1.4924613209575528,1.6055877366540572
2025-01-31,86211,MSTR,MICROSTRATEGY INC,45,-0.02231403,0.152666,-0.8303803580714657,65494.08756,3.3757547789189304,3.878429801376264
2025-01-31,87432,A,AGILENT TECHNOLOGIES INC,35,0.016732696300727396,0.124587,0.037998662803655,38366.8323,1.0374568778361577,1.3409171421077022
2025-01-31,88159,EXEL,EXELIXIS INC,35,0.02729001,-0.007802,0.2782668449595127,9381.6756,0.533862244333443,0.827272295117111
2025-01-31,88860,ALGN,ALIGN TECHNOLOGY INC,35,0.02359128492384812,0.04754,-0.10690141891389941,15398.25499,1.6934162819370244,1.8368853900090119
2025-01-31,89134,OVV,OVINTIV INC,10,0.01444679142635273,0.039172,0.30157492013966275,10543.122000000001,2.693315076601259,1.0325738777644484
2025-01-31,89297,CCOI,COGENT COMMUNICATIONS HLDS INC,50,-0.03,-0.025744000000000003,-0.4272156600549737,3779.1274499999995,0.36220505207895964,0.9179197632104515
2025-01-31,89301,GME,GAMESTOP CORP NEW,25,-0.03,-0.144969,-0.5875120719114479,14002.712,1.9026755048306454,1.83032461345334
2025-01-31,89916,NXST,NEXSTAR MEDIA GROUP INC,50,0.03,-0.033366,0.42665849491122504,4837.199369999999,1.4538773734803463,1.5487103522167216
2025-01-31,89968,PIPR,PIPER SANDLER COMPANIES,40,0.03,0.054013,0.3390349899710274,5333.111,1.4285274032691906,1.81516121564669
2025-01-31,90319,GOOGL,ALPHABET INC,50,0.03,0.074463,0.2066525518163583,1104565.5,0.9193470270942641,1.4652934351301767
2025-01-31,90436,HALO,HALOZYME THERAPEUTICS INC,35,0.0034525992152462763,0.181392,0.28528712577074516,5887.22778,1.2433045620959213,1.3438476559928856
2025-01-31,90564,PBH,PRESTIGE CONSUMER HEALTHCARE INC,35,0.009087885513956154,-0.020201,0.3563813981130674,3858.03645,0.4928187226484438,0.7281620693076235
2025-01-31,91594,SPR,SPIRIT AEROSYSTEMS HOLDINGS INC,20,-0.03,-0.005351,-0.511979050590595,3996.42528,1.8095826957922225,1.5451974601484104
2025-01-31,91832,MDGL,MADRIGAL PHARMACEUTICALS INC,35,-0.03,0.081708,-0.32917316692667703,6790.08285,0.1269711252012015,0.45153766146379676
2025-01-31,92294,UEC,URANIUM ENERGY CORP,10,-0.024041729999999997,0.052009,-0.49264542010251827,2830.4587200000005,1.9879962290561988,2.054299175238112
2025-01-31,92469,SATS,ECHOSTAR CORP,50,-0.01736930292834842,0.204563,-0.36169303915013734,3550.6221,0.6958332837562746,1.8657218552410366
2025-01-31,92852,LOPE,GRAND CANYON EDUCATION INC,25,0.02974611,0.068986,0.39824307258004604,4726.9404,0.7111354343483843,0.8885974814334708
2025-01-31,93330,PRI,PRIMERICA INC,40,0.020607042993776296,0.06578400000000001,0.40231037812941095,9057.556820000002,1.0929895943126149,1.113359252131798
2025-01-31,93436,TSLA,TESLA INC,25,-0.03,-0.001415,-0.4987556645122947,1298958.22528,2.3822648666329105,2.689809460202892
2025-02-28,10693,EHC,ENCOMPASS HEALTH CORP,35,0.0287772941925,0.005448999999999999,0.2783411336453458,10001.4525,0.8720177994076337,0.8889798405715086
2025-02-28,11644,CRK,COMSTOCK RESOURCES INC,10,-0.03,-0.034565,-0.3150211722754625,5424.36416,0.5074161595310615,1.2617426728949708
2025-02-28,11691,MATX,MATSON INC,20,0.024716786947815084,0.014871,0.4927382809598098,4710.8385,1.033108610363262,1.0504100333762918
2025-02-28,12473,KNX,KNIGHT SWIFT TRANSPORT HDLGS INC,20,-0.02872940553252,-0.119798,-0.20158234900824604,9242.471370000001,0.9474919270805527,1.1116276637726317
2025-02-28,12622,HCA,H C A HEALTHCARE INC,35,0.004425294300702922,-0.07488,0.0663583686204591,83565.21327000001,1.5506138207025486,1.0887208441526184
2025-02-28,12981,FBIN,FORTUNE BRANDS INNOVATIONS INC,20,0.023713883377120274,-0.096836,0.15130748087066334,8903.27742,1.4647485938705769,1.584723305551545
2025-02-28,13318,YELP,YELP INC,50,0.03,-0.14427600000000002,0.22091597949632272,2628.77092,1.3758346939865558,1.2367606269592883
2025-02-28,13407,META,META PLATFORMS INC,50,0.03,-0.033757,0.21259564668301018,1509233.90364,1.0918079737965112,1.5472853488306626
2025-02-28,13410,SUPN,SUPERNUS PHARMACEUTICALS INC,35,0.03,-0.16776600000000003,0.41789242998291354,2138.85891,1.0283058972970878,1.0385313801839382
2025-02-28,13766,BCC,BOISE CASCADE CO,20,0.024699049256285202,-0.17999600000000002,0.16079786048584802,4845.1748,1.5472493432178023,1.7532553541589686
2025-02-28,13788,ZTS,ZOETIS INC,35,0.03,-0.024731,0.344829507466013,77104.09850000001,0.8576817781194666,1.2093343615582908
2025-02-28,13901,MO,ALTRIA GROUP INC,30,0.005202355580417787,0.065994,0.41499517123542085,88520.08299,0.5856387108003216,0.6070758959893824
2025-02-28,14179,AR,ANTERO RESOURCES CORP,10,-0.024996081338743054,-0.019927999999999998,-0.2666963821409999,11612.64048,3.384686074498253,1.0612282430658022
2025-02-28,14318,NMIH,N M I HOLDINGS INC,40,0.027658606740829136,-0.059761999999999996,0.2931245821261422,3035.57062,1.0911282547026153,1.0510796055233669
2025-02-28,14329,ARMK,ARAMARK,25,-0.024240577850971765,-0.048456,-0.11399598841096502,10306.59753,1.6029024206770615,0.9916113903734931
2025-02-28,14596,FIVN,FIVE 9 INC,45,-0.012909155246999208,-0.120173,-0.3135353985587995,3107.3699200000005,0.9657380349431021,1.7372901373654515
2025-02-28,15058,SLNO,SOLENO THERAPEUTICS INC,35,-0.03,-0.031386,-0.39677587103484135,2295.7119199999997,0.06960385057396953,0.3364579183119341
2025-02-28,15284,BPMC,BLUEPRINT MEDICINES CORP,35,-0.01673073630968926,-0.14514400000000002,-0.5298640517049253,7169.51136,0.6385863101984578,1.5162958596229186
2025-02-28,15490,LITE,LUMENTUM HOLDINGS INC,45,-0.029134679973,-0.176487,-0.3929128593715177,5886.152,0.9265935991355191,2.4305564459777114
2025-02-28,15831,AXSM,AXSOME THERAPEUTICS INC,35,-0.005878216909555516,0.19469399999999998,-0.2072282891315653,5181.19528,1.0651481356376138,0.942023168181103
2025-02-28,16260,MEDP,MEDPACE HOLDINGS INC,35,0.024693463915546714,-0.065838,0.0802503528712577,10694.81365,1.3372587723807223,1.7893886407156316
2025-02-28,16738,AM,ANTERO MIDSTREAM CORP,10,0.03,0.053418,0.24268256444543493,7720.43696,2.311568827886265,0.6525289767409711
2025-02-28,17223,ADT,A D T INC,25,0.03,0.06309100000000001,0.43156154817621273,6545.42592,1.490936631299715,1.4157608469178378
2025-02-28,17332,VCTR,VICTORY CAPITAL HOLDINGS INC,40,0.03,-0.028998999999999997,0.41863531684124516,4212.55554,0.9003996816511075,1.515030993554284
2025-02-28,17787,EQH,EQUITABLE HOLDINGS INC,40,-0.03,0.00771,-0.34094792363123094,17051.79954,1.3725381188969128,1.4576303169465519
2025-02-28,17959,CRNX,CRINETICS PHARMACEUTICALS INC,35,-0.023546699999999997,-0.115474,-0.47132456726840505,3744.9177999999997,0.5706256134545823,1.2501810305231915
2025-02-28,18064,FTDR,FRONTDOOR INC,25,0.002136807251804729,-0.243796,0.2758153183270188,4509.80232,1.078660615504035,1.1651146914843857
2025-02-28,18656,IDYA,IDEAYA BIOSCIENCES INC,35,-0.028325219999999998,-0.15855100000000003,-0.4383218185870293,2106.3724,0.8679332636357775,1.0749412836462562
2025-02-28,18772,AKRO,AKERO THERAPEUTICS INC,35,-0.03,-0.095031,-0.4726617636134017,3914.4726399999995,0.2359985259603631,1.3510915169567632
2025-02-28,18835,DKNG,DRAFTKINGS INC,25,-0.021215469142303642,0.042215,-0.44675358442909147,20516.52845,2.0519023179228424,1.7320792701406433
2025-02-28,18973,BRC,BRADY CORP,20,0.011667474233742238,-0.030432999999999998,0.2985105118490453,3294.2457599999993,0.729768225253298,0.9890859433164646
2025-02-28,19098,HESM,HESS MIDSTREAM L P,10,0.0002462066473154041,0.044654,0.357718594458064,4215.916209999999,1.5002078032842476,0.6079505688936742
2025-02-28,19201,RVMD,REVOLUTION MEDICINES INC,35,-0.029359259999999998,-0.05477,-0.45386672609761536,7984.276150000001,1.377119416562817,1.142106685724856
2025-02-28,19484,PCVX,VAXCYTE INC,35,-0.02281991396669869,-0.176549,-0.35558279474036103,11030.54976,0.953402479238627,0.9714558233658368
2025-02-28,19488,RNA,AVIDITY BIOSCIENCES INC,35,-0.03,-0.072857,-0.55463932843028,3948.07649,1.0554468149883347,1.4812830590587094
2025-02-28,19561,BA,BOEING CO,20,-0.03,-0.014022,-0.6850345442389124,132068.02752,1.4969573931523286,1.4628464050437275
2025-02-28,19956,WGS,GENEDX HOLDINGS CORP,35,0.004720752240016094,0.370766,-0.33259044647500186,2097.0724499999997,1.8108893266536583,2.988915615223979
2025-02-28,20067,SOFI,SOFI TECHNOLOGIES INC,40,-0.02962126345090801,-0.08633199999999999,-0.561696753584429,17303.4012,2.305809175370929,2.2335661832678366
2025-02-28,20930,SOC,SABLE OFFSHORE CORP,10,-0.014346788297187558,0.13467099999999999,-0.25091003640145604,2221.263,0.3235161338554226,0.3479197206153552
2025-02-28,21020,AAL,AMERICAN AIRLINES GROUP INC,20,-0.000997157255832973,-0.155206,-0.14904167595275242,11126.016720000001,1.3404273075143418,1.635029453250813
2025-02-28,21207,NEM,NEWMONT CORP,15,-0.00877526972069679,-0.0005059999999999999,0.006760270410816441,48634.584,0.45878094696874705,0.8604456437058223
2025-02-28,21342,VERA,VERA THERAPEUTICS INC,35,-0.03,-0.200472,-0.4348488225243295,2369.5168000000003,1.0776612857694547,0.6886592296364363
2025-02-28,21619,OKLO,OKLO INC,55,-0.03,-0.20086400000000001,-0.3356362825941609,5080.41456,-0.22827472030827572,1.2242949075371814
2025-02-28,21927,DJT,TRUMP MEDIA & TECH GRP CORP,50,-0.02793042,-0.24688100000000002,-0.3784265656340539,7030.13202,2.1555235247111515,1.1069527724578176
2025-02-28,24328,EQT,E Q T CORP,10,-0.0023219410425884784,-0.058262999999999995,-0.33091895104375596,30502.486079999995,1.0849915973277,0.7758668562011609
2025-02-28,27334,CSL,CARLISLE COMPANIES,20,0.01272320527948148,-0.125895,0.3186056013669119,17653.053419999997,0.9349717623299247,1.3432726323282531
2025-02-28,39538,MAT,MATTEL INC,25,0.03,0.13938899999999999,0.42405839090706493,6151.2,0.7765145965408751,1.3555650838719515
2025-02-28,42439,HNI,H N I CORP,20,0.026202595898969998,-0.062018,0.27354951340910777,2383.0294000000004,0.8859825312660449,1.121756534642009
2025-02-28,44206,ES,EVERSOURCE ENERGY,55,-0.012003733239312381,0.089091,-0.1705668226729069,21134.06736,0.5790222722995766,0.7107754169177095
2025-02-28,46463,GFF,GRIFFON CORP,20,0.03,-0.046221,0.3201285194264913,3623.47294,1.4417037331421543,1.914761784708493
2025-02-28,46690,CBT,CABOT CORP,15,0.02347837921755,-0.0037779999999999997,0.2750724314686873,4688.489869999999,1.1923277496111806,1.6133315456866362
2025-02-28,48486,LRCX,LAM RESH CORP,45,0.0070930622220385636,-0.056492,0.050646311566748384,104040.8051,1.4155817593811688,2.385828492401078
2025-02-28,52337,THC,TENET HEALTHCARE CORP,35,0.017191719478342287,-0.104813,0.04860337270633684,13398.216329999997,2.0001694940822037,1.6032224307939222
2025-02-28,56223,LPX,LOUISIANA PACIFIC CORP,15,0.0294774069987,-0.148819,0.24290543050293437,8215.73886,1.9108617507680983,1.764048699471984
2025-02-28,58683,LUV,SOUTHWEST AIRLINES CO,20,-0.02730441,0.008081999999999999,-0.2572988633831067,18417.92327,1.1051540420312496,1.4678126349476777
2025-02-28,59010,GAP,GAP INC,25,0.0297562653171,-0.063971,0.06256964564296856,9077.32654,2.2815335548536475,2.2716719384894084
2025-02-28,59328,INTC,INTEL CORP,45,-0.0009642593684037171,0.217992,-0.4671644008617487,84131.9,1.0412532834094943,2.176728854857636
2025-02-28,62308,GL,GLOBE LIFE INC,40,0.03,0.040423,0.21634722531758413,10248.84505,0.7758413931844397,2.4665694330890395
2025-02-28,64194,CHE,CHEMED CORP NEW,35,0.01060908593825087,0.066701,0.18867468984473668,8420.446,0.44963726506904206,0.8052707884400412
2025-02-28,64995,KEY,KEYCORP NEW,40,-0.03,-0.040022999999999996,-0.4105564222568902,19900.012280000003,1.2855300873796702,1.5433000364488096
2025-02-28,65307,RPM,R P M INTERNATIONAL INC,15,0.005708894838741338,-0.024721,0.3623987816655524,16276.7088,0.9743384096676863,1.0908986470186184
2025-02-28,66384,WDC,WESTERN DIGITAL CORP,45,-0.025038472969964316,-0.0037719999999999997,-0.3578485996582721,22653.77712,1.400574821168252,1.851834132450713
2025-02-28,75603,CRUS,CIRRUS LOGIC INC,45,0.019766618352474785,0.03422,0.29130450932323004,5337.8838000000005,0.8866356947660184,1.697619438245174
2025-02-28,76661,IONS,IONIS PHARMACEUTICALS INC,35,-0.018855716340554742,0.037124000000000004,-0.4227583389049848,5037.2971,0.35934192252189534,1.117026978683568
2025-02-28,79637,UHS,UNIVERSAL HEALTH SERVICES INC,35,0.03,-0.073903,0.28012406210534135,11071.3004,1.2139576638711402,1.1961737078566121
2025-02-28,80069,ARWR,ARROWHEAD PHARMACEUTICALS INC,35,-0.02034468193930364,-0.052108,-0.5384629670901122,2486.45124,1.0476075869708836,1.9134470553583296
2025-02-28,80191,ALB,ALBEMARLE CORP,15,-0.010702376298072384,-0.088361,-0.5283039893024293,9895.6926,1.6546497228848507,2.506816426240782
2025-02-28,80563,PENN,PENN ENTERTAINMENT INC,25,-0.011679477093433572,0.04086,-0.3381620979124879,3135.9174000000003,2.1987469588116517,2.111072945421436
2025-02-28,82307,DVA,DAVITA INC,35,0.03,-0.16404100000000002,0.2342507986033727,14448.4,0.9151239527358725,0.9060529850985518
2025-02-28,82800,SCCO,SOUTHERN COPPER CORP,15,0.0012083245306468166,-0.018212,0.36923334076220193,72417.45582,1.1075037264055496,1.4894067671748725
2025-02-28,83779,PEGA,PEGASYSTEMS INC,45,0.012780001938774252,-0.27831700000000004,-0.08582200430874377,9302.00271,1.129438304186016,2.233375142762097
2025-02-28,83799,STRA,STRATEGIC EDUCATION INC,25,0.029794766283539997,-0.183504,0.3641445657826313,2406.83146,0.5427918321362992,1.1469821553332136
2025-02-28,84761,TTWO,TAKE TWO INTERACTIVE SOFTWR INC,50,-0.029335907030429993,0.139373,-0.21885446846445286,32741.77296,0.8702927045509271,0.8131533128881843
2025-02-28,86211,MSTR,MICROSTRATEGY INC,45,-0.025720623703979997,-0.24035900000000002,-0.8325718743035434,80074.06783,3.3768743277199325,3.8583557476214083
2025-02-28,88159,EXEL,EXELIXIS INC,35,0.02707709334198,0.16380399999999998,0.18899041675952752,9339.4158,0.5284570963062826,0.8605821857238999
2025-02-28,88860,ALGN,ALIGN TECHNOLOGY INC,35,0.015382567827675983,-0.14972500000000002,-0.09267513557685163,16181.054390000001,1.6901367780890262,1.7975079904901134
2025-02-28,89134,OVV,OVINTIV INC,10,0.016710720366773683,0.026055000000000002,0.34334373374935,10990.879280000001,2.6635434035145953,1.0177182252827468
2025-02-28,89297,CCOI,COGENT COMMUNICATIONS HLDS INC,50,-0.03,-0.033445,-0.30605081346110985,3716.2208400000004,0.3634889313123629,0.9000330686316306
2025-02-28,89301,GME,GAMESTOP CORP NEW,25,-0.03,-0.07246,-0.5387415496619864,12018.92,1.8383677347804503,1.8015995642847575
2025-02-28,89916,NXST,NEXSTAR MEDIA GROUP INC,50,0.03,0.11436500000000001,0.4883552484956541,4691.74962,1.4497934903911398,1.4882415717943989
2025-02-28,89968,PIPR,PIPER SANDLER COMPANIES,40,0.03,-0.090091,0.16367654706188245,5638.7492,1.4299873026446557,1.800881274520588
2025-02-28,90319,GOOGL,ALPHABET INC,50,0.03,-0.168691,0.2861785900007429,1190048.6600000001,0.9276696812020335,1.4195508258369227
2025-02-28,90436,HALO,HALOZYME THERAPEUTICS INC,35,0.004078873092098229,0.041,0.20739543867468985,6974.53632,1.2610443739548614,1.299845820285011
2025-02-28,90564,PBH,PRESTIGE CONSUMER HEALTHCARE INC,35,0.008904301138688725,0.100632,0.330528935443132,3792.82185,0.4885979261552224,0.7164190790155732
2025-02-28,91080,HEES,H & E EQUIPMENT SERVICES INC,20,0.013307977794938702,0.08093600000000001,-0.14896738726691924,3246.49745,1.9239795558427664,4.082287354514896
2025-02-28,91594,SPR,SPIRIT AEROSYSTEMS HOLDINGS INC,20,-0.03,0.022854000000000003,-0.42485699427977125,3988.21666,1.7994460225952444,1.2715857463798308
2025-02-28,91832,MDGL,MADRIGAL PHARMACEUTICALS INC,35,-0.03,0.01601,-0.38340390758487475,7367.274,0.12041946083220367,0.4641792295796913
2025-02-28,92293,TDC,TERADATA CORP DE,45,0.004127508749059632,-0.256214,0.4207525443874897,3053.7870000000003,0.7888283112376903,1.2786039092796666
2025-02-28,92294,UEC,URANIUM ENERGY CORP,10,-0.025292116335569995,-0.21011400000000002,-0.5119604784191367,2987.00128,1.9738784803392737,2.1036895582556605
2025-02-28,92469,SATS,ECHOSTAR CORP,50,-0.020922419643280156,0.12575199999999997,-0.39573582943317737,4288.65534,0.7102758807412598,1.5902310276437934
2025-02-28,92852,LOPE,GRAND CANYON EDUCATION INC,25,0.03,0.020484000000000002,0.4715660054973627,5068.619119999999,0.701839088244222,0.8709019816731179
2025-02-28,93330,PRI,PRIMERICA INC,40,0.021962656710078878,-9.89999999999997e-05,0.3901084614813164,9683.26307,1.089108780735015,1.1010800740503615
2025-02-28,93436,TSLA,TESLA INC,25,-0.029957549999999996,-0.279192,-0.49543124582126147,1301402.7782,2.4099971782963543,2.6766870092350157
2025-03-31,10693,EHC,ENCOMPASS HEALTH CORP,35,0.028934101668554934,0.007959,0.24219967316535554,10089.105,0.8894373381998519,0.8989181581538109
2025-03-31,11644,CRK,COMSTOCK RESOURCES INC,10,-0.02896305,0.127832,-0.30424124957245463,5266.68362,0.569242245645694,1.2366857480829752
2025-03-31,11691,MATX,MATSON INC,20,0.03,-0.113788,0.4106905331965188,4784.5647,1.0250687021909453,1.0155173439090035
2025-03-31,12473,KNX,KNIGHT SWIFT TRANSPORT HDLGS INC,20,-0.02528768020853517,-0.137918,-0.10485311443012955,8170.069439999999,0.9336668840019235,1.0794062395598485
2025-03-31,12622,HCA,H C A HEALTHCARE INC,35,0.004093928263466287,0.12719,0.08178466917493256,76067.15460000001,1.5820867636070168,1.116152008574669
2025-03-31,12981,FBIN,FORTUNE BRANDS INNOVATIONS INC,20,0.021417525766413453,-0.062758,0.22937331357123852,7933.18344,1.4921080439143928,1.5541338356427
2025-03-31,13046,UI,UBIQUITI INC,45,0.03,-0.09576,0.3776080264508037,20668.8281,1.168524579699245,1.60195533049695
2025-03-31,13318,YELP,YELP INC,50,0.02567172,0.075852,0.3247634249230419,2231.2822300000003,1.4403823752805474,1.1077005923924188
2025-03-31,13407,META,META PLATFORMS INC,50,0.02898729,-0.140124,0.2857522897427128,1463289.8436000003,1.111574924807117,1.2671814959487626
2025-03-31,13766,BCC,BOISE CASCADE CO,20,0.02025331918635089,-0.057158,0.19423858929046478,3932.13478,1.6317987902627653,1.7238622095860667
2025-03-31,13788,ZTS,ZOETIS INC,35,0.02925807,-0.018912,0.1855356667806787,74888.73408,0.894352573868487,1.1547879848616314
2025-03-31,13901,MO,ALTRIA GROUP INC,30,0.005545679834591878,0.090569,0.4057120054725801,94423.4727,0.510499145637957,0.5728402330710575
2025-03-31,14179,AR,ANTERO RESOURCES CORP,10,-0.024497959429824585,0.098482,-0.1468665678561927,11420.306,3.4304070949509997,0.9890920106608357
2025-03-31,14318,NMIH,N M I HOLDINGS INC,40,0.026005673084783704,-0.014128000000000002,0.22386272944932165,2858.7908799999996,0.9990552027833453,1.0453871766954685
2025-03-31,14329,ARMK,ARAMARK,25,-0.023065976410625074,-0.071711,-0.047182001292136955,9822.14025,1.5631144133435502,0.9719162413419399
2025-03-31,14596,FIVN,FIVE 9 INC,45,-0.011357823333501573,-0.253425,-0.23853228442214874,2744.322,1.043839584986179,1.7055578415042325
2025-03-31,15058,SLNO,SOLENO THERAPEUTICS INC,35,-0.029058419999999998,0.460115,-0.3573898833276328,2238.73874,-0.035951389678614526,0.32004197068536
2025-03-31,15284,BPMC,BLUEPRINT MEDICINES CORP,35,-0.014302370318755721,-0.08688799999999999,-0.40854330559039254,6171.402419999999,0.6090653960842777,1.3647900758656846
2025-03-31,15303,VKTX,VIKING THERAPEUTICS INC,35,-0.03,-0.166917,-0.6167293733135712,3240.59976,0.8894749656859459,1.4902461727214917
2025-03-31,15490,LITE,LUMENTUM HOLDINGS INC,45,-0.02399278770860515,-0.117032,-0.3491620111731843,4866.836,1.0167930922667399,2.2073168434836443
2025-03-31,15831,AXSM,AXSOME THERAPEUTICS INC,35,-0.007022670472544517,-0.088967,-0.2803747197202903,6219.4881000000005,1.0068714156686431,0.9791975336256818
2025-03-31,16260,MEDP,MEDPACE HOLDINGS INC,35,0.02306769563827495,-0.072562,0.10363698552046517,9972.458439999999,1.4283577128562357,1.716698584165953
2025-03-31,16738,AM,ANTERO MIDSTREAM CORP,10,0.03,0.058522000000000005,0.33223121650895,8112.3717,2.3128257341917386,0.6559953234948539
2025-03-31,17223,ADT,A D T INC,25,0.03,-0.002062,0.3430433625964353,6730.206209999999,1.5567066300614818,1.3562868199527864
2025-03-31,17332,VCTR,VICTORY CAPITAL HOLDINGS INC,40,0.03,-0.099771,0.401246532132406,4076.9144800000004,0.9082969994753388,1.4944322094564573
2025-03-31,17787,EQH,EQUITABLE HOLDINGS INC,40,-0.009044463560382469,-0.052328,0.12560331395127886,16936.256400000002,1.3639270150504224,1.4648433196705415
2025-03-31,17959,CRNX,CRINETICS PHARMACEUTICALS INC,35,-0.020827668364199997,-0.06602999999999999,-0.4333979401816593,3329.2932200000005,0.5892417449598603,1.2439179677774719
2025-03-31,18064,FTDR,FRONTDOOR INC,25,0.0016158621910437434,-0.15865800000000002,0.04693497510736139,3394.3998,1.1710883946450146,1.341113518039462
2025-03-31,18772,AKRO,AKERO THERAPEUTICS INC,35,-0.02714907,-0.179321,-0.43860449207616004,3910.9344,0.18391266757288263,1.3076090557739375
2025-03-31,18835,DKNG,DRAFTKINGS INC,25,-0.022111080172145994,-0.24624300000000002,-0.5129213696651845,21489.47016,2.1767683815747945,1.8771106756412392
2025-03-31,18973,BRC,BRADY CORP,20,0.01131239799038676,-0.028677,0.23552996617641472,3206.2177399999996,0.6846964143836786,1.0177897835448881
2025-03-31,19098,HESM,HESS MIDSTREAM L P,10,0.00025720075894462613,0.009995,0.3343214380724357,4871.435009999999,1.4468172403659765,0.617475981751327
2025-03-31,19201,RVMD,REVOLUTION MEDICINES INC,35,-0.0277512533298,-0.13548200000000002,-0.331300117812488,7574.095620000001,1.4884404411069434,1.180804784332861
2025-03-31,19484,PCVX,VAXCYTE INC,35,-0.018791080975792,-0.486306,-0.26112567932200814,9402.20124,1.0001183706297851,0.9685703610117725
2025-03-31,19488,RNA,AVIDITY BIOSCIENCES INC,35,-0.027814290000000002,-0.039979,-0.5304222247558241,3683.29568,1.07134702480985,1.4094795017414221
2025-03-31,19561,BA,BOEING CO,20,-0.03,-0.026789,-0.6831034089613499,130985.42261999998,1.4938651137692387,1.4672507619799922
2025-03-31,19655,STEP,STEPSTONE GROUP INC,40,-0.017419651931465812,-0.13524,-0.4073461786949416,4563.1359999999995,1.309881169650673,1.5939326268934484
2025-03-31,19956,WGS,GENEDX HOLDINGS CORP,35,0.0064710466650379,-0.142317,-0.26779538631094896,2886.7938,1.6982718690898233,3.0651469101115816
2025-03-31,20067,SOFI,SOFI TECHNOLOGIES INC,40,-0.03,-0.199693,-0.5552198533044502,15866.9338,2.313867736264273,2.2338036429614108
2025-03-31,20930,SOC,SABLE OFFSHORE CORP,10,-0.016278884623958104,-0.109171,-0.2705126743434804,2527.767,0.27962527950078586,0.4171939250540721
2025-03-31,21020,AAL,AMERICAN AIRLINES GROUP INC,20,-0.0008423924667841606,-0.268233,-0.04385664880477331,9436.2156,1.2717379641545692,1.5862991048210675
2025-03-31,21619,OKLO,OKLO INC,55,-0.02397408,-0.355626,-0.36263443925056055,4076.78544,-0.1528283584255059,1.368230947900884
2025-03-31,21927,DJT,TRUMP MEDIA & TECH GRP CORP,50,-0.03,-0.192637,-0.38726104967126523,5303.5665,2.231310984750145,1.0987266287916944
2025-03-31,22758,ACLX,ARCELLX INC,35,-0.023219438213426716,0.008608000000000001,-0.47696955877322994,3561.4700799999996,0.2799840317567168,0.864811067713306
2025-03-31,24328,EQT,E Q T CORP,10,-0.002186657791624146,0.105772,-0.22184851594268995,28778.73297,1.1142028485518898,0.7622819695137459
2025-03-31,27334,CSL,CARLISLE COMPANIES,20,0.011121417350821158,-0.004188,0.2117584463953179,15183.584079999999,0.9583747502016264,1.3433275134254279
2025-03-31,39538,MAT,MATTEL INC,25,0.03,-0.091218,0.15448637555580896,7033.26,0.6712046008684119,1.4706013794877737
2025-03-31,42439,HNI,H N I CORP,20,0.024577563306507677,-0.051503999999999994,0.25996655645498423,2190.4288500000002,0.8892753007452721,1.1146454852155612
2025-03-31,44206,ES,EVERSOURCE ENERGY,55,-0.013073157837335961,-0.005292,-0.015562649640861934,23111.12285,0.5513125666730665,0.6783566562292795
2025-03-31,46463,GFF,GRIFFON CORP,20,0.02861337,-0.015037000000000002,0.16470945920267546,3438.3202,1.4139443016465143,1.8731488611254339
2025-03-31,46690,CBT,CABOT CORP,15,0.023389677900866098,-0.036681,0.2504465473340174,4663.005999999999,1.209365158323165,1.5369325052212044
2025-03-31,46886,KLAC,K L A CORP,45,0.004898074363494216,-0.044392999999999995,0.1641584007904838,94195.62108000001,1.2322713130345777,2.289128384043594
2025-03-31,48486,LRCX,LAM RESH CORP,45,0.006692360950991161,-0.053314,0.08254474974347284,98508.22188,1.472938992450496,2.3919459337791547
2025-03-31,52337,THC,TENET HEALTHCARE CORP,35,0.015389803784658797,0.05906,-0.11241591608710522,12041.36739,2.003555610273204,1.6124930142048215
2025-03-31,56223,LPX,LOUISIANA PACIFIC CORP,15,0.02509060876656046,-0.08058,0.27245087979325816,6946.201639999999,1.976528953004578,1.7798495858558336
2025-03-31,58683,LUV,SOUTHWEST AIRLINES CO,20,-0.02752508424162,0.084174,-0.19686086725192872,18408.050659999997,1.0646989572510983,1.3893824320753736
2025-03-31,59010,GAP,GAP INC,25,0.027852727268499796,-0.091881,0.0667730779462623,8526.72842,2.2883641140290707,2.2427123333174372
2025-03-31,59328,INTC,INTEL CORP,45,-0.0011744601966407803,-0.046409,-0.5179759054459774,102750.90000000001,0.9754550298515866,2.2883729376310717
2025-03-31,62308,GL,GLOBE LIFE INC,40,0.03,0.030241,0.024493596321210037,10684.75064,0.7376654732943391,2.393721861830212
2025-03-31,64194,CHE,CHEMED CORP NEW,35,0.01131672257941814,0.020742999999999998,0.17918899403336758,9001.786399999999,0.39555708583019655,0.7788925426766306
2025-03-31,64995,KEY,KEYCORP NEW,40,-0.028799309999999998,-0.068561,-0.3644016265724167,19140.661079999998,1.2772149616779547,1.5027782449507492
2025-03-31,65307,RPM,R P M INTERNATIONAL INC,15,0.005567765249432813,-0.06969399999999999,0.320944020066127,15928.289520000002,0.9613237939907113,1.094697369273366
2025-03-31,65700,USLM,UNITED STATES LIME MINERALS INC,15,0.004522333184844364,-0.061709999999999994,0.3332953293049063,2686.08085,0.8896225232005815,1.4046440572950063
2025-03-31,66384,WDC,WESTERN DIGITAL CORP,45,-0.02494402784992161,-0.17714300000000002,-0.35195530726256985,17019.02832,1.3764619745782487,1.8669598801662421
2025-03-31,75603,CRUS,CIRRUS LOGIC INC,45,0.02044303203249647,-0.047134999999999996,0.07783225021852314,5538.24045,0.8563560938495721,1.6103614884053048
2025-03-31,76661,IONS,IONIS PHARMACEUTICALS INC,35,-0.03,-0.094416,-0.5520275149165812,5276.04835,0.2978037236045394,1.0663123989599688
2025-03-31,79637,UHS,UNIVERSAL HEALTH SERVICES INC,35,0.027782909999999997,0.069977,0.23592900847489834,10120.86275,1.2259155688896688,1.236802315869617
2025-03-31,79758,BYD,BOYD GAMING CORP,25,0.0017359531209933624,-0.13795500000000002,0.3804013225401892,6386.46996,1.5674160606562906,1.2820282156630762
2025-03-31,79864,VSEC,V S E CORP,20,-0.024667168782614973,0.009149000000000001,-0.49684566564055793,2441.2185,1.6092620553888366,1.6438556366191357
2025-03-31,80069,ARWR,ARROWHEAD PHARMACEUTICALS INC,35,-0.019284561252810407,-0.32970700000000003,-0.5045224793828146,2384.51318,1.0176441221366637,1.894251046919331
2025-03-31,80191,ALB,ALBEMARLE CORP,15,-0.00975670362599841,-0.063431,-0.383992703226542,9056.64819,1.7529842497585861,2.430997134222441
2025-03-31,80563,PENN,PENN ENTERTAINMENT INC,25,-0.012156700527471268,-0.245173,-0.2575533006498689,3281.69466,2.2781414283775296,1.952348307180896
2025-03-31,81736,RMD,RESMED INC,35,0.0009480026973638858,-0.044835,0.2510166077604226,34296.38184,0.7325771351097279,1.3678600667697602
2025-03-31,82307,DVA,DAVITA INC,35,0.02507877,0.030994999999999998,0.24105955231254514,11830.4,0.9679722253631924,0.9089633282132776
2025-03-31,82670,TGTX,T G THERAPEUTICS INC,35,-0.03,0.306977,-0.5815566450043705,4726.26639,2.3332747722967713,1.7780011277355716
2025-03-31,82800,SCCO,SOUTHERN COPPER CORP,15,0.0011863185242946767,0.047514,0.3106069243339794,70803.3981,1.0925221913170948,1.4704555840070777
2025-03-31,83779,PEGA,PEGASYSTEMS INC,45,0.009223110139180419,-0.117933,-0.04756204157640708,6743.930490000001,1.261259827331699,1.7752681929617924
2025-03-31,84761,TTWO,TAKE TWO INTERACTIVE SOFTWR INC,50,-0.03,-0.025738,-0.34032607456390374,37413.62208,0.7999128235597195,0.8791329163806738
2025-03-31,85621,MTD,METTLER TOLEDO INTERNATIONAL INC,35,0.03,-0.075562,0.2818188728005168,26620.21152,1.08910424059843,1.4927327511763355
2025-03-31,86211,MSTR,MICROSTRATEGY INC,45,-0.01953844031111507,0.12514299999999998,-0.749382434538061,60718.77616,3.481570879351539,3.7846617879023086
2025-03-31,88159,EXEL,EXELIXIS INC,35,0.03,-0.049172999999999994,0.34769885607874434,10769.20674,0.5570425043370789,0.7909308772512187
2025-03-31,88860,ALGN,ALIGN TECHNOLOGY INC,35,0.013079412859677196,-0.154043,0.06055941929844564,13765.03394,1.70965564720899,1.73692428767845
2025-03-31,89134,OVV,OVINTIV INC,10,0.01714611818592997,-0.011321999999999999,0.07598905483981297,11313.681040000001,2.614331038109403,1.002058626906896
2025-03-31,89297,CCOI,COGENT COMMUNICATIONS HLDS INC,50,-0.02899665,-0.151894,-0.3641355983734276,3604.2508199999997,0.3994964094048337,0.9430394669526686
2025-03-31,89301,GME,GAMESTOP CORP NEW,25,-0.03,-0.112051,-0.5515334625470301,11187.872,1.8530725786144029,1.7512258904376878
2025-03-31,89916,NXST,NEXSTAR MEDIA GROUP INC,50,0.03,0.056108000000000005,0.3214000684072511,5160.59735,1.459716492829406,1.482694263075061
2025-03-31,89968,PIPR,PIPER SANDLER COMPANIES,40,0.02729727,-0.13639500000000002,0.19724090753619886,5134.9626,1.4257477884372582,1.7291152229931124
2025-03-31,90319,GOOGL,ALPHABET INC,50,0.02493927,-0.094179,0.27799946794360203,993243.24,0.9604702491195638,1.442944513448319
2025-03-31,90436,HALO,HALOZYME THERAPEUTICS INC,35,0.03,0.07535800000000001,0.3155474480294912,7284.49995,1.3167835064025049,1.2539795837009406
2025-03-31,90564,PBH,PRESTIGE CONSUMER HEALTHCARE INC,35,0.00980035877087725,0.01097,0.20677991867137918,4198.345499999999,0.4409742777493335,0.7552568634891434
2025-03-31,91080,HEES,H & E EQUIPMENT SERVICES INC,20,0.01438507228574986,-0.015,-0.19349751073613802,3511.1867,1.9171742053508882,4.034673534138944
2025-03-31,91594,SPR,SPIRIT AEROSYSTEMS HOLDINGS INC,20,-0.03,-0.016032,-0.35634477254588987,4092.5834,1.7659607474196972,1.202304273112441
2025-03-31,91832,MDGL,MADRIGAL PHARMACEUTICALS INC,35,-0.03,-0.032845,-0.37109033557557103,7535.241599999999,0.12605045453534883,0.42183981919559776
2025-03-31,92293,TDC,TERADATA CORP DE,45,0.003069983222428068,-0.060472,0.2896287006422681,2255.2639999999997,0.772366424405762,1.2073127718825531
2025-03-31,92294,UEC,URANIUM ENERGY CORP,10,-0.01997788860383804,-0.14985400000000001,-0.47434728081176597,2369.2928,1.9304660266481166,2.040747497581899
2025-03-31,92469,SATS,ECHOSTAR CORP,50,-0.02355345575826192,-0.184341,-0.3470527875954851,4843.58562,0.6457300377749068,1.5240876386124378
2025-03-31,92852,LOPE,GRAND CANYON EDUCATION INC,25,0.03,-0.041241,0.39957435488161747,5165.3295,0.7397968879443871,0.8711835215654071
2025-03-31,93330,PRI,PRIMERICA INC,40,0.02196048240706458,-0.022287,0.35286740394481814,9677.59,1.0984254525473587,1.0769182171481313
2025-03-31,93436,TSLA,TESLA INC,25,-0.0215936417004,-0.11886,-0.4793638125641318,942375.15066,2.569871319712547,2.746355084017154
2025-04-30,10693,EHC,ENCOMPASS HEALTH CORP,35,0.029164388183734964,0.153518,0.24647122692725296,10199.80752,0.8339549806264919,0.6983928971324557
2025-04-30,11644,CRK,COMSTOCK RESOURCES INC,10,-0.03,-0.105305,-0.31338219326818667,5957.97246,0.4483037879706827,1.1726710130138625
2025-04-30,11691,MATX,MATSON INC,20,0.03,-0.1524,0.5024817744687452,4207.94927,1.0966400396096374,0.9718416769414226
2025-04-30,12373,HHH,HOWARD HUGHES HOLDINGS INC,60,0.03,-0.10545199999999999,0.36807817589576547,3734.0024,1.1104010896029681,1.4355239113781966
2025-04-30,12473,KNX,KNIGHT SWIFT TRANSPORT HDLGS INC,20,-0.021800053929534418,-0.102868,-0.12755932992089347,7044.3362400000005,1.1208331184056661,1.010796502689646
2025-04-30,12623,HII,HUNTINGTON INGALLS INDS INC,20,-0.03,0.125361,-0.456355669303552,8005.7134399999995,0.3392636950059342,1.0567780129239193
2025-04-30,12981,FBIN,FORTUNE BRANDS INNOVATIONS INC,20,0.020073404684364877,-0.119501,0.16391344811540248,7462.48776,1.3823467254950168,1.3467497178267007
2025-04-30,13046,UI,UBIQUITI INC,45,0.03,0.049054,0.40125252055219474,18760.3686,1.3656782846974513,1.489956088775925
2025-04-30,13318,YELP,YELP INC,50,0.02761897130544,-0.056194999999999995,0.29401271909415233,2408.1719900000003,1.1365120763283727,1.027789122882413
2025-04-30,13407,META,META PLATFORMS INC,50,0.02492547497604,-0.051004999999999995,0.24757639212036603,1256464.8,1.1538175244777782,1.2203927627870235
2025-04-30,13766,BCC,BOISE CASCADE CO,20,0.019095679968297443,-0.052571999999999994,0.20278811850473089,3720.8479700000003,1.4946602703890972,1.4583683096359834
2025-04-30,13788,ZTS,ZOETIS INC,35,0.02870474138016,-0.050406999999999993,0.2337133550488599,73728.9528,0.8789127595190418,0.9447819929244206
2025-04-30,13901,MO,ALTRIA GROUP INC,30,0.006047946511531029,-0.018029999999999997,0.3646269582751667,101473.53324,0.4928151426695417,0.4106122082735648
2025-04-30,14179,AR,ANTERO RESOURCES CORP,10,-0.0215724794251987,-0.142259,-0.19171707771056307,12584.1192,3.1500644506246656,0.9667455928058087
2025-04-30,14318,NMIH,N M I HOLDINGS INC,40,0.02563826493544188,-0.00020600000000000002,0.28323251124554055,2822.75105,0.6182302147400087,0.8595157549428735
2025-04-30,15058,SLNO,SOLENO THERAPEUTICS INC,35,-0.03,0.044190999999999994,-0.42723359702187064,3467.25415,-0.42026349932300167,0.23697080327720946
2025-04-30,15284,BPMC,BLUEPRINT MEDICINES CORP,35,-0.013059665966499675,0.0076500000000000005,-0.42176593764541653,5714.5596399999995,0.783157648457933,1.240909837354647
2025-04-30,15303,VKTX,VIKING THERAPEUTICS INC,35,-0.03,0.19191,-0.5812975027144408,2711.77935,0.8319059647732323,1.1635496654483715
2025-04-30,15490,LITE,LUMENTUM HOLDINGS INC,45,-0.02118486377749167,-0.05647099999999999,-0.3863424848766868,4326.396000000001,1.1258265016330025,2.160530875813265
2025-04-30,15831,AXSM,AXSOME THERAPEUTICS INC,35,-0.006397884548613649,-0.040747000000000005,-0.1935396308360478,5740.178709999999,0.9039538190635142,0.8188399120881282
2025-04-30,16260,MEDP,MEDPACE HOLDINGS INC,35,0.021393857507370443,0.008609,0.15831006669768882,9090.73084,1.4196723575594505,1.5154760714358289
2025-04-30,16738,AM,ANTERO MIDSTREAM CORP,10,0.03,-0.071681,0.39386536373507053,8614.908,1.997676465206259,0.5996063360545477
2025-04-30,17223,ADT,A D T INC,25,0.02993814,-0.018277,0.3399643244920118,6689.11826,1.4037793673606938,1.0723890971723362
2025-04-30,17332,VCTR,VICTORY CAPITAL HOLDINGS INC,40,0.03,-0.013558,0.44113541181945093,3699.3397499999996,0.8753507559057501,1.4090563725600187
2025-04-30,17959,CRNX,CRINETICS PHARMACEUTICALS INC,35,-0.01945241742211187,-0.008007,-0.35952768729641693,3136.8285,0.3985492502771123,0.8747848948160466
2025-04-30,18770,BBIO,BRIDGEBIO PHARMA INC,35,-0.020724451790725518,0.106098,-0.48379091050100825,6562.28482,1.2058131382631658,1.2904610872584
2025-04-30,18772,AKRO,AKERO THERAPEUTICS INC,35,-0.02228067161853,0.12319400000000001,-0.4275825965565379,3225.0416,0.246181790502689,1.04427071383837
2025-04-30,18835,DKNG,DRAFTKINGS INC,25,-0.01708893909463904,-0.0011259999999999998,-0.497828447339848,16483.41819,2.282383656969938,1.7734544388698212
2025-04-30,18973,BRC,BRADY CORP,20,0.01098799235321644,-0.004978,0.28253451217620595,3125.25488,0.718266433232374,0.8514955944190347
2025-04-30,19098,HESM,HESS MIDSTREAM L P,10,0.0002597714805302777,-0.12460399999999999,0.37176205987280897,4936.8077299999995,1.1261769052701143,0.5148487517152366
2025-04-30,19201,RVMD,REVOLUTION MEDICINES INC,35,-0.023991458026172037,0.138433,-0.36233907243679236,6586.08288,1.4120821284473872,1.0658208540206529
2025-04-30,19484,PCVX,VAXCYTE INC,35,-0.009652865550778496,-0.054383,-0.3493679230649915,4868.736639999999,1.2421966410876828,1.1951135904128833
2025-04-30,19488,RNA,AVIDITY BIOSCIENCES INC,35,-0.03,0.102495,-0.5532224290367613,3557.51424,1.0596314383634478,1.296403016623556
2025-04-30,19506,VERX,VERTEX INC,45,-0.03,0.13985299999999998,-0.36757406545680166,2517.4640699999995,0.8629226053603811,1.0698399576071238
2025-04-30,19561,BA,BOEING CO,20,-0.03,0.070871,-0.7457150612688073,128323.01385000002,1.2176897355286977,1.2888815094388626
2025-04-30,19655,STEP,STEPSTONE GROUP INC,40,-0.02385857242236021,-0.046039,-0.4369861951295176,4009.2270299999996,1.3448267358026382,1.5901034548393387
2025-04-30,19956,WGS,GENEDX HOLDINGS CORP,35,0.004491979823138464,-0.248722,-0.2769505196215294,2526.75945,1.7231423023166026,2.7999952629537552
2025-04-30,20067,SOFI,SOFI TECHNOLOGIES INC,40,-0.03,0.072131,-0.5451760508763767,12840.72952,2.342835456917866,2.1364628955857756
2025-04-30,20583,EXE,EXPAND ENERGY CORP,10,-0.028719634420924664,-0.07019,-0.41703505506437105,26435.828319999997,0.43871766044483823,0.6606739253498981
2025-04-30,20930,SOC,SABLE OFFSHORE CORP,10,-0.014501702510675974,-0.268021,-0.297444547851714,2268.40781,0.36554963485396236,0.47913358308652587
2025-04-30,21619,OKLO,OKLO INC,55,-0.01544827382592,0.094015,-0.4599232201023732,3006.95934,0.11741353980776519,1.563632968630565
2025-04-30,21927,DJT,TRUMP MEDIA & TECH GRP CORP,50,-0.03,0.25234999999999996,-0.411606173413991,4310.973419999999,2.287789413459577,0.9735058249835913
2025-04-30,22758,ACLX,ARCELLX INC,35,-0.03,-0.013444,-0.49827439118970057,3612.3951999999995,0.29717566380426214,0.7865193937214146
2025-04-30,24328,EQT,E Q T CORP,10,-0.002417944959559815,-0.07821199999999999,-0.2753994105785637,31921.272630000003,1.3465654511799452,0.8643952483160128
2025-04-30,27334,CSL,CARLISLE COMPANIES,20,0.01107484085495592,0.110944,0.2262098650535132,15032.7345,0.9162341933903116,1.17526359213558
2025-04-30,27422,CLF,CLEVELAND CLIFFS INC NEW,15,-0.026713504268276116,-0.0011020000000000001,-0.5319722351481309,4064.6338200000005,1.932489546407501,1.8986197889790337
2025-04-30,39538,MAT,MATTEL INC,25,0.02726346,-0.185727,0.31252908329455564,6274.19959,0.5359624382921867,1.1909922578237944
2025-04-30,42439,HNI,H N I CORP,20,0.023311720485969308,-0.049758,0.31409958120055836,2079.8376000000003,0.7757901271652039,0.9556464214577214
2025-04-30,44206,ES,EVERSOURCE ENERGY,55,-0.013003974686060779,-0.045879,-0.013184426865208662,22799.46302,0.5233024844035343,0.4714007394439746
2025-04-30,46463,GFF,GRIFFON CORP,20,0.02818311075531,-0.05094799999999999,0.2358461299829378,3398.395,1.2850320132037356,1.5743323611564692
2025-04-30,46690,CBT,CABOT CORP,15,0.02253172112578443,-0.058863,0.24532728400806575,4507.93394,1.050969951937688,1.3432738804061874
2025-04-30,46886,KLAC,K L A CORP,45,0.004680634148275617,0.030137,0.13006049325267569,89897.4318,1.302813456758775,2.100012054816439
2025-04-30,48486,LRCX,LAM RESH CORP,45,0.0063355644192500185,-0.017703,0.07420117884287263,93270.97390000001,1.4670958402043184,2.1534451054413437
2025-04-30,56223,LPX,LOUISIANA PACIFIC CORP,15,0.03,-0.065179,0.33375988832014897,6410.27016,1.8216939546196218,1.5236293040888154
2025-04-30,58683,LUV,SOUTHWEST AIRLINES CO,20,-0.029841980682574123,-0.17089700000000002,-0.3310648363579959,19901.556379999998,0.9124204198088193,1.1526929101402734
2025-04-30,59010,GAP,GAP INC,25,0.025293590834342766,0.06769700000000001,-0.02524429967426713,7726.792049999999,2.0644247090452206,2.037002472664692
2025-04-30,59328,INTC,INTEL CORP,45,-0.0011199546733748783,-0.118462,-0.5190786412284784,99061.02,1.0756169477722335,2.1151849718714812
2025-04-30,62308,GL,GLOBE LIFE INC,40,0.03,-0.065172,0.06378935939196526,10964.76796,0.5779484578976133,1.8273058425447166
2025-04-30,64194,CHE,CHEMED CORP NEW,35,0.01155146535588301,-0.058482000000000006,0.296087327439119,9006.43884,0.45690721704500276,0.5825022969008105
2025-04-30,64995,KEY,KEYCORP NEW,40,-0.026824800507089998,-0.075455,-0.3352334419109663,17670.85281,1.0909211231269538,1.27648124676513
2025-04-30,65307,RPM,R P M INTERNATIONAL INC,15,0.005179725418138842,-0.076168,0.3448890957034279,14872.746240000002,1.017527004308824,0.9587700793872096
2025-04-30,65700,USLM,UNITED STATES LIME MINERALS INC,15,0.004243260004007618,0.05451,0.24839072436792303,2530.58454,0.9148477652997393,1.3567704777116654
2025-04-30,66384,WDC,WESTERN DIGITAL CORP,45,-0.020525367924502946,0.081303,-0.32330929114316737,14110.07,1.359515811065974,1.6183359347572983
2025-04-30,75603,CRUS,CIRRUS LOGIC INC,45,0.01947944971764475,-0.03981,0.11860167519776636,5211.0596049999995,0.9188565850802215,1.4300706491730641
2025-04-30,76661,IONS,IONIS PHARMACEUTICALS INC,35,-0.03,0.014364000000000002,-0.5046533271288971,4798.266970000001,0.3107004618100069,0.8829927388452199
2025-04-30,76721,CRVL,CORVEL CORP,35,0.01426702293636906,-0.032202999999999996,0.35388552815262914,5750.7792,0.93959567031806,1.0431181337143531
2025-04-30,79637,UHS,UNIVERSAL HEALTH SERVICES INC,35,0.029727074693069996,-0.061172000000000004,0.22109120521172637,10851.4129,1.1174522495761352,1.0379934935504236
2025-04-30,79758,BYD,BOYD GAMING CORP,25,0.001496469708186723,0.046745999999999996,0.335388552815263,5431.83079,1.3420878322322694,1.2691342119822793
2025-04-30,79864,VSEC,V S E CORP,20,-0.03,-0.049122,-0.46161005118659837,2480.1933,1.3262384554700526,1.4377492159420813
2025-04-30,80191,ALB,ALBEMARLE CORP,15,-0.009137826158297705,-0.190566,-0.4160656119125175,8467.60746,1.6622166058636005,2.0338086879788806
2025-04-30,81736,RMD,RESMED INC,35,0.000905498996427576,0.053377999999999995,0.23921979215138825,32876.17795,0.7534503632771828,1.0947043303564714
2025-04-30,82307,DVA,DAVITA INC,35,0.02585608647615,-0.07819,0.19821234682798194,12237.6,1.023419841695182,0.7581736223773614
2025-04-30,82670,TGTX,T G THERAPEUTICS INC,35,-0.03,0.150662,-0.3794400496354894,6236.60367,2.184218269860813,1.5451063924691768
2025-04-30,82800,SCCO,SOUTHERN COPPER CORP,15,0.001242685262658014,-0.045691999999999997,0.3053745928338762,74411.26318,1.020220402826066,1.1943254952540259
2025-04-30,84761,TTWO,TAKE TWO INTERACTIVE SOFTWR INC,50,-0.029227859999999998,0.12225500000000002,-0.22993252675663098,36703.975,0.9861689675935377,0.7942353740929673
2025-04-30,85621,MTD,METTLER TOLEDO INTERNATIONAL INC,35,0.03,-0.096971,0.3134015821312238,24611.345310000004,1.2158545025239775,1.398972344644497
2025-04-30,86211,MSTR,MICROSTRATEGY INC,45,-0.021983539346968943,0.315055,-0.7749922444547852,71069.22099,3.6059422272276307,3.3712447066071745
2025-04-30,88159,EXEL,EXELIXIS INC,35,0.028524809999999998,0.056866,0.419206607724523,10276.53432,0.5590380878052083,0.6045888431777514
2025-04-30,88860,ALGN,ALIGN TECHNOLOGY INC,35,0.011064620864533942,0.08736300000000001,0.026872964169381112,11605.83502,1.7612913256866114,1.5784480895349688
2025-04-30,89134,OVV,OVINTIV INC,10,0.016951989835828872,-0.218956,0.06297502714440825,11141.8672,2.131653308236029,0.9669953031634829
2025-04-30,89297,CCOI,COGENT COMMUNICATIONS HLDS INC,50,-0.0245922328449,-0.117056,-0.29992632232045907,3024.8514700000005,0.6396076284484712,0.7765119851970566
2025-04-30,89301,GME,GAMESTOP CORP NEW,25,-0.026638469999999997,0.244673,-0.492418954552505,9978.91488,2.008779339255809,1.779353138041557
2025-04-30,89916,NXST,NEXSTAR MEDIA GROUP INC,50,0.03,-0.168472,0.36526679075539015,5440.76076,1.093112720168887,1.1682564931711619
2025-04-30,89968,PIPR,PIPER SANDLER COMPANIES,40,0.023574058858349997,-0.029942,0.18322475570032573,4391.0118,1.357061444716687,1.5532322111397088
2025-04-30,90319,GOOGL,ALPHABET INC,50,0.02259051449067,0.023366,0.26826430898092135,900777.9999999999,0.9693424731108905,1.3474412146185253
2025-04-30,90436,HALO,HALOZYME THERAPEUTICS INC,35,0.03,-0.04099,0.2752442996742671,7859.4777,1.3220264374712736,1.0964294946314748
2025-04-30,90564,PBH,PRESTIGE CONSUMER HEALTHCARE INC,35,0.009907868706593772,-0.058671,0.3182681867535288,4258.78186,0.45487157081313917,0.5551433470094009
2025-04-30,91080,HEES,H & E EQUIPMENT SERVICES INC,20,0.023303988609673938,-0.056072,-0.04533116178067318,3475.75972,1.7337022132183342,3.357089506745617
2025-04-30,91594,SPR,SPIRIT AEROSYSTEMS HOLDINGS INC,20,-0.03,0.041155,-0.37596944315185354,4040.9863600000003,1.4224619723313257,0.791795744528233
2025-04-30,91832,MDGL,MADRIGAL PHARMACEUTICALS INC,35,-0.03,0.004555999999999999,-0.36451062509694426,7349.33124,-0.08373089300639809,0.35553009897948123
2025-04-30,92293,TDC,TERADATA CORP DE,45,0.002884335197001398,-0.047129000000000004,0.28600511865984174,2126.6079999999997,0.9022920517048058,1.1512192796529213
2025-04-30,92469,SATS,ECHOSTAR CORP,50,-0.01921158817032816,-0.124723,-0.34118582286334725,3971.60196,0.7199440856897521,1.2978576277598495
2025-04-30,92852,LOPE,GRAND CANYON EDUCATION INC,25,0.02876277,0.027386,0.3412246005894214,4930.37792,0.7751176156988671,0.745057748119299
2025-04-30,93330,PRI,PRIMERICA INC,40,0.021471049135658334,-0.08247199999999999,0.3757561656584459,9460.907029999998,1.0140311061860745,0.9426479499094884
2025-04-30,93436,TSLA,TESLA INC,25,-0.019027021447890455,0.085213,-0.5176050876376609,834495.2000000001,2.6588888740917684,2.643718829851664
2025-05-31,10693,EHC,ENCOMPASS HEALTH CORP,35,0.03,0.029665,0.17049603174603176,11812.12933,0.8868263567818683,0.6138075305853926
2025-05-31,11644,CRK,COMSTOCK RESOURCES INC,10,-0.02684085,0.27155799999999997,-0.23611111111111108,5351.61186,0.16778628025269265,1.027720692905649
2025-05-31,11691,MATX,MATSON INC,20,0.027075487304993866,0.034253000000000006,0.41174603174603186,3581.5337900000004,1.2807387738292997,0.8402256654755277
2025-05-31,12373,HHH,HOWARD HUGHES HOLDINGS INC,60,0.03,0.022998,0.38343253968253965,3353.44465,1.190711356833239,1.057018169350442
2025-05-31,12473,KNX,KNIGHT SWIFT TRANSPORT HDLGS INC,20,-0.019557525981911072,0.127721,-0.11789682539682537,6345.579170000001,1.1429512649898388,0.8380827082363352
2025-05-31,12623,HII,HUNTINGTON INGALLS INDS INC,20,-0.03,-0.029502,-0.40325396825396825,9037.62024,0.3185373315439815,0.8438879792989505
2025-05-31,12981,FBIN,FORTUNE BRANDS INNOVATIONS INC,20,0.01767461275117859,-0.062763,0.17567460317460318,6524.54478,1.4587651458242805,1.1472974451466507
2025-05-31,13046,UI,UBIQUITI INC,45,0.03,0.208808,0.414563492063492,19746.9605,1.3980654711719807,1.1678673647221864
2025-05-31,13318,YELP,YELP INC,50,0.026066923212930797,0.084327,0.32488095238095244,2258.9766,1.0668582052690119,0.8260528675291623
2025-05-31,13407,META,META PLATFORMS INC,50,0.023654151124887078,0.175642,0.115515873015873,1191960.252,1.1075906253798107,1.0357029882532318
2025-05-31,13766,BCC,BOISE CASCADE CO,20,0.01809178188100411,-0.072368,0.20190476190476195,3548.4644799999996,1.4140961451109855,1.0645228814940408
2025-05-31,13788,ZTS,ZOETIS INC,35,0.027257821481410274,0.07444,0.302718253968254,69763.94039999999,0.8976396083847727,0.6932097035408011
2025-05-31,14318,NMIH,N M I HOLDINGS INC,40,0.025632983452865177,0.094391,0.2913690476190477,2825.7089100000003,0.5568175793841251,0.6939008623737685
2025-05-31,15058,SLNO,SOLENO THERAPEUTICS INC,35,-0.03,-0.023928,-0.4064087301587302,3706.99234,-0.7002200579538757,0.16116172497172015
2025-05-31,15284,BPMC,BLUEPRINT MEDICINES CORP,35,-0.013159572411143397,0.12864499999999998,-0.342579365079365,5780.088999999999,0.8769863846669634,0.9296869691231519
2025-05-31,15303,VKTX,VIKING THERAPEUTICS INC,35,-0.03,-0.075458,-0.5185119047619048,3242.3897,0.755708971662505,0.893059615116416
2025-05-31,15831,AXSM,AXSOME THERAPEUTICS INC,35,-0.0061371899469112885,-0.067253,-0.18607142857142858,5528.71044,0.47906100632066406,0.5921100451158691
2025-05-31,16260,MEDP,MEDPACE HOLDINGS INC,35,0.021578037226651397,-0.0475,0.04559523809523813,8863.74538,1.523265124220605,1.1366932406692898
2025-05-31,16653,HCC,WARRIOR MET COAL INC,15,-0.010986916373337636,-0.051710000000000006,-0.27212301587301585,2513.37138,0.8106253828716393,0.6539340733588851
2025-05-31,16738,AM,ANTERO MIDSTREAM CORP,10,0.02784957,0.130986,0.38974206349206353,7924.5703,0.9910144818893867,0.5917099684705117
2025-05-31,17223,ADT,A D T INC,25,0.029390960615219997,0.03365,0.3526587301587302,6269.763319999999,1.2796538561857285,0.7594172408674825
2025-05-31,17332,VCTR,VICTORY CAPITAL HOLDINGS INC,40,0.03,0.078631,0.3766468253968255,3851.95044,1.0712938521444002,1.2513748054968823
2025-05-31,17959,CRNX,CRINETICS PHARMACEUTICALS INC,35,-0.01929666191581302,-0.09000999999999999,-0.37964285714285717,3126.2723100000003,0.34342394651364483,0.7503455761380634
2025-05-31,18770,BBIO,BRIDGEBIO PHARMA INC,35,-0.022923274676817915,-0.1109,-0.46424603174603174,7283.83516,1.3028468756490137,0.9504154676180888
2025-05-31,18772,AKRO,AKERO THERAPEUTICS INC,35,-0.025025516677903186,0.08482,-0.4358531746031745,3634.15919,0.3363098814224456,0.8224409115226831
2025-05-31,18835,DKNG,DRAFTKINGS INC,25,-0.03,0.074044,-0.45216269841269835,16523.12531,2.0465550570812825,1.3008098240543546
2025-05-31,18973,BRC,BRADY CORP,20,0.010933294127282129,-0.011155,0.3331746031746032,3109.77018,0.8356785853994796,0.6803709189940305
2025-05-31,19098,HESM,HESS MIDSTREAM L P,10,0.00022740291497028297,0.010729,0.3342261904761905,4339.11429,0.6450674261221893,0.5316616074311964
2025-05-31,19201,RVMD,REVOLUTION MEDICINES INC,35,-0.027312667535109112,-0.028026,-0.3519246031746031,7521.098040000001,1.1766126764062252,0.8366384163510481
2025-05-31,19484,PCVX,VAXCYTE INC,35,-0.00912791376353051,-0.097228,-0.34617063492063493,4621.173760000001,1.249103016716472,0.8814085039036945
2025-05-31,19488,RNA,AVIDITY BIOSCIENCES INC,35,-0.03,-0.054905999999999996,-0.5375,3935.5656999999997,1.045041459743424,0.9730795878217982
2025-05-31,19506,VERX,VERTEX INC,45,-0.03,-0.015248,-0.2676785714285715,2882.1199699999997,0.8441364173322039,0.7897125069977511
2025-05-31,19561,BA,BOEING CO,20,-0.03,0.127655,-0.5337301587301587,138163.8762,1.398758980491267,1.1652142737228202
2025-05-31,19655,STEP,STEPSTONE GROUP INC,40,-0.022760147606607172,0.15301199999999998,-0.3864087301587301,3838.8176099999996,1.3503909695085192,1.4254669438759622
2025-05-31,20067,SOFI,SOFI TECHNOLOGIES INC,40,-0.03,0.059393,-0.6018849206349206,13828.09113,2.330916635750706,1.785186800406265
2025-05-31,20583,EXE,EXPAND ENERGY CORP,10,-0.03,0.119585,-0.2578968253968254,24726.0181,0.4502819914571776,0.5730751475479899
2025-05-31,21357,DOCS,DOXIMITY INC,35,0.012477319642133038,-0.08796899999999999,0.04031746031746034,7593.593760000001,1.4714833842529305,1.7060357496057705
2025-05-31,21619,OKLO,OKLO INC,55,-0.016900643289663866,1.216968,-0.47210317460317464,3304.44182,0.11151980533900828,1.4064195051206771
2025-05-31,21927,DJT,TRUMP MEDIA & TECH GRP CORP,50,-0.03,-0.13456400000000002,-0.4088095238095238,5414.088419999999,2.2537814727116396,0.6940212731829956
2025-05-31,22758,ACLX,ARCELLX INC,35,-0.03,-0.048253000000000004,-0.48640873015873015,3576.9913500000002,0.30529311598192155,0.662187803217331
2025-05-31,23054,SOUN,SOUNDHOUND AI INC,45,-0.011418188879774941,0.08451,-0.5849801587301586,3426.79301,2.860452097498787,1.842020455375876
2025-05-31,24328,EQT,E Q T CORP,10,-0.0022288326483827225,0.11458700000000001,-0.12208333333333334,29596.069439999996,0.5825272543119019,0.7185526937798044
2025-05-31,27334,CSL,CARLISLE COMPANIES,20,0.012303527998768148,0.0005549999999999999,0.1636904761904762,16414.02792,1.0531105994576877,0.9233634219997452
2025-05-31,27422,CLF,CLEVELAND CLIFFS INC NEW,15,-0.03,-0.296233,-0.5577380952380953,4074.5564000000004,2.0563665075021746,1.5890740617389516
2025-05-31,39538,MAT,MATTEL INC,25,0.02219989936458,0.188188,0.22456349206349208,5131.087570000001,0.6456462602421776,1.0446578914838704
2025-05-31,44206,ES,EVERSOURCE ENERGY,55,-0.012407365331438996,0.098997,0.027777777777777773,21834.03736,0.557118700115976,0.37427997939905305
2025-05-31,46463,GFF,GRIFFON CORP,20,0.026747237628548467,0.008282,0.2634722222222222,3237.2683,1.2039152493287635,1.1800181894089872
2025-05-31,46690,CBT,CABOT CORP,15,0.02120543642515738,-0.047047000000000005,0.31289682539682534,4258.51734,0.9281109238144292,1.022698649446969
2025-05-31,46886,KLAC,K L A CORP,45,0.03,0.075961,0.18013888888888888,92924.42829000001,1.3430134688257591,1.7267043003751696
2025-05-31,47941,TGNA,TEGNA INC,50,0.011982357698803698,0.026434,0.46301587301587305,2608.40445,0.38135758110313256,0.6630355133186979
2025-05-31,48486,LRCX,LAM RESH CORP,45,0.006223405922336035,0.123493,0.05996031746031747,91674.38706,1.5971324416125052,1.8427753420641182
2025-05-31,56223,LPX,LOUISIANA PACIFIC CORP,15,0.02804463,0.042980000000000004,0.34275793650793657,6010.8873300000005,1.9189284232860784,1.154438083588388
2025-05-31,58683,LUV,SOUTHWEST AIRLINES CO,20,-0.02474207570986425,0.19009099999999998,-0.23607142857142863,15933.45336,1.1515993471031767,1.1073419587162086
2025-05-31,59010,GAP,GAP INC,25,0.027005891053055266,0.014965,-0.03240079365079362,8247.6276,2.177324343642062,1.5845020790303777
2025-05-31,59328,INTC,INTEL CORP,45,-0.0009872826028575435,-0.03112,-0.45615079365079364,87676.20000000001,1.1029561842293754,1.719055028677894
2025-05-31,62308,GL,GLOBE LIFE INC,40,0.013957793679346714,-0.015675,0.23281746031746028,10267.19162,0.5283201664723591,0.5872910542743001
2025-05-31,64194,CHE,CHEMED CORP NEW,35,0.010875912558940258,-0.014365,0.21742063492063493,8506.90979,0.5563343020495812,0.42491197502133143
2025-05-31,64995,KEY,KEYCORP NEW,40,-0.024800735184827522,0.078878,-0.2586309523809524,16260.44028,1.1239888293160496,1.0555884449879336
2025-05-31,65700,USLM,UNITED STATES LIME MINERALS INC,15,0.006578137356910098,0.09601900000000001,0.3631349206349207,2677.47183,0.9654422467452779,1.0303187883814109
2025-05-31,75510,ADBE,ADOBE INC,45,0.03,0.10320900000000001,0.3668253968253968,159816.476,1.4596548411429575,1.1747463236284184
2025-05-31,75603,CRUS,CIRRUS LOGIC INC,45,0.01870397282438531,0.0204,0.12503968253968253,5022.02764,0.8972967299288711,1.251069224107033
2025-05-31,76661,IONS,IONIS PHARMACEUTICALS INC,35,-0.03,0.087419,-0.4590873015873016,4887.77289,0.1776328383005259,0.7023658080470258
2025-05-31,76721,CRVL,CORVEL CORP,35,0.03,0.019321,0.3680753968253968,5585.9136,1.1122981946325057,0.7494209662704939
2025-05-31,79637,UHS,UNIVERSAL HEALTH SERVICES INC,35,0.02790861007994552,0.071242,0.11599206349206345,10261.56064,1.2026734797051761,0.803005263608565
2025-05-31,79758,BYD,BOYD GAMING CORP,25,0.0015664236811656195,0.080565,0.17426587301587304,5704.9488200000005,1.3698495976054987,0.901097635618548
2025-05-31,79864,VSEC,V S E CORP,20,-0.028526339999999997,0.13317199999999998,-0.38551587301587303,2367.1284,1.3569996247725595,1.1633059179734047
2025-05-31,80191,ALB,ALBEMARLE CORP,15,-0.0073964671786155445,-0.051408999999999996,-0.3601587301587301,6888.466049999999,1.8028976316860652,1.7077579457922285
2025-05-31,81736,RMD,RESMED INC,35,0.0009538327218588871,0.03315800000000001,0.14525793650793653,34690.48193,0.789234117846359,0.7616677016027318
2025-05-31,82307,DVA,DAVITA INC,35,0.023834399074579835,-0.041129,0.3161111111111112,10879.95765,1.1265349232611193,0.5573349221988765
2025-05-31,82670,TGTX,T G THERAPEUTICS INC,35,-0.03,-0.232278,-0.30682539682539683,7225.89576,2.282285158802054,1.127616826953127
2025-05-31,82800,SCCO,SOUTHERN COPPER CORP,15,0.001185904487636644,0.029709999999999997,0.28746031746031747,71274.30215999999,1.028552247647639,1.0198724410632294
2025-05-31,84761,TTWO,TAKE TWO INTERACTIVE SOFTWR INC,50,-0.03,-0.03393,-0.22345238095238096,41320.971999999994,1.0698926758291536,0.6842848585706065
2025-05-31,84827,RMBS,RAMBUS INC,45,0.004729693372409227,0.09216400000000001,0.11571428571428573,5240.63148,1.2592895320003639,1.8744435733862093
2025-05-31,85621,MTD,METTLER TOLEDO INTERNATIONAL INC,35,0.03,0.07559300000000001,0.24686507936507932,22311.74937,1.3348086329847109,1.1790452289129896
2025-05-31,86211,MSTR,MICROSTRATEGY INC,45,-0.03,-0.032827999999999996,-0.7763888888888888,96316.45301,3.9955905689736464,2.5403899216809984
2025-05-31,88159,EXEL,EXELIXIS INC,35,0.03,0.09560400000000001,0.44440476190476186,10767.54195,0.2333766416680028,0.48607080182481904
2025-05-31,89297,CCOI,COGENT COMMUNICATIONS HLDS INC,50,-0.03,-0.14422000000000001,-0.3069444444444444,2681.4659500000002,0.7075716659299186,0.6833241347261274
2025-05-31,89301,GME,GAMESTOP CORP NEW,25,-0.03,0.065877,-0.45952380952380956,12461.805859999999,1.752434892921734,1.1048380971440734
2025-05-31,89916,NXST,NEXSTAR MEDIA GROUP INC,50,0.03,0.147111,0.46174603174603174,4518.0857399999995,1.0667933891789367,0.9211316122108639
2025-05-31,89968,PIPR,PIPER SANDLER COMPANIES,40,0.02286820438801328,0.041781,0.16359126984126984,4284.7024,1.4837392301672505,1.365569104628274
2025-05-31,90319,GOOGL,ALPHABET INC,50,0.023118364452258996,0.077729,0.3168849206349207,924216.0000000001,0.9457522682459348,1.009845814336948
2025-05-31,90436,HALO,HALOZYME THERAPEUTICS INC,35,0.0287703,-0.090862,0.2983928571428572,7568.23382,1.2642385302642094,0.8196040610325908
2025-05-31,90564,PBH,PRESTIGE CONSUMER HEALTHCARE INC,35,0.009326564141709208,0.050903000000000004,0.3686904761904762,4023.97174,0.42862520913526275,0.42531256434541004
2025-05-31,91080,HEES,H & E EQUIPMENT SERVICES INC,20,0.03,0.03901,-0.01801587301587301,3293.06327,1.8790659212556386,2.3435990097258226
2025-05-31,91594,SPR,SPIRIT AEROSYSTEMS HOLDINGS INC,20,-0.03,0.034575999999999996,-0.40920634920634924,4223.484,1.658900961298888,0.6835972943431103
2025-05-31,91733,AVAV,AEROVIRONMENT INC,20,-0.03,0.171203,-0.47825396825396826,4283.16736,0.836186752496238,1.0876614905335114
2025-05-31,91832,MDGL,MADRIGAL PHARMACEUTICALS INC,35,-0.03,-0.179403,-0.25545634920634924,7413.8037300000005,-0.2711424147347539,0.24901731142410477
2025-05-31,92293,TDC,TERADATA CORP DE,45,0.002748399363501919,0.017638,0.31083333333333335,2065.1825000000003,0.833090742787665,0.9384987983780028
2025-05-31,92469,SATS,ECHOSTAR CORP,50,-0.01681546125896032,-0.215056,-0.29384920634920636,3507.5544,0.8317226212120182,1.0649963022531794
2025-05-31,92852,LOPE,GRAND CANYON EDUCATION INC,25,0.029550467219219997,0.105426,0.36615079365079367,5082.83152,0.756020392743306,0.5934904472555674
2025-05-31,93330,PRI,PRIMERICA INC,40,0.01970028877134232,0.03279,0.377281746031746,8672.42044,1.0003763764570845,0.7908713681259645
2025-05-31,93436,TSLA,TESLA INC,25,-0.020648371026529545,0.224128,-0.47537698412698415,908824.9449600001,2.544254069559201,2.0500256945480864
2025-06-30,10693,EHC,ENCOMPASS HEALTH CORP,35,0.03,0.0109,0.3302040816326531,12186.3573,0.8586234872908532,0.5839569206223717
2025-06-30,11644,CRK,COMSTOCK RESOURCES INC,10,-0.03,0.184145,-0.19683187560738577,6824.9894,0.36779040051314804,1.0345258607141066
2025-06-30,11691,MATX,MATSON INC,20,0.028002903971651824,-0.016701,0.30517006802721086,3683.9882500000003,1.3023442990129952,0.9877846141898643
2025-06-30,12373,HHH,HOWARD HUGHES HOLDINGS INC,60,0.03,-0.015267000000000001,0.21179786200194362,3442.20921,1.2151350789397566,1.047317670130634
2025-06-30,12623,HII,HUNTINGTON INGALLS INDS INC,20,-0.02911494,0.07908000000000001,-0.2424684159378037,8752.65134,0.2895271977726342,0.7708075583065777
2025-06-30,13046,UI,UBIQUITI INC,45,0.03,0.037978,0.2942468415937804,23911.487390000002,1.423096056693675,1.2211339696199475
2025-06-30,13318,YELP,YELP INC,50,0.028265068646707612,-0.105583,0.28410106899902815,2436.8491400000003,1.1021916649591401,0.8183240103623239
2025-06-30,13407,META,META PLATFORMS INC,50,0.013458641633098706,0.13736800000000002,0.08973760932944606,1405796.61852,1.1346914024468826,1.0640178334072845
2025-06-30,13766,BCC,BOISE CASCADE CO,20,0.016782515809839606,-0.001634,0.1369679300291545,3269.2944,1.3495952157053577,1.0340498975452175
2025-06-30,13788,ZTS,ZOETIS INC,35,0.029286893712486457,-0.07860299999999999,0.09694849368318754,75075.42504,0.8957397539806266,0.7052097778493635
2025-06-30,13967,PTCT,P T C THERAPEUTICS INC,35,0.005604144029159614,0.003186,0.27869776482021374,3845.5496400000006,0.5299435968423253,0.9211775788028013
2025-06-30,14318,NMIH,N M I HOLDINGS INC,40,0.02805250639396457,0.058775999999999995,0.33319727891156464,3103.04556,0.5440478392400034,0.6617002821919371
2025-06-30,14813,MARA,MARA HOLDINGS INC,45,-0.010195478309979796,0.107073,-0.7662390670553936,4969.22336,6.984330479926345,2.153936198555046
2025-06-30,14960,ENVA,ENOVA INTERNATIONAL INC,40,0.03,0.200001,0.3280272108843537,2350.7598900000003,1.5023455632245837,1.1440641249422847
2025-06-30,15058,SLNO,SOLENO THERAPEUTICS INC,35,-0.02928216,0.138786,-0.29856171039844515,3696.3998999999994,-0.7405529431122382,0.15265689670843482
2025-06-30,15284,BPMC,BLUEPRINT MEDICINES CORP,35,-0.03,0.261317,-0.5682215743440233,6545.385699999999,0.8853632277879867,0.9321848205581162
2025-06-30,15293,NEXT,NEXTDECADE CORP,10,-0.01774561482578205,0.072678,-0.41082604470359574,2160.03672,1.2402042513347018,0.8369588935401687
2025-06-30,15303,VKTX,VIKING THERAPEUTICS INC,35,-0.02773626,-0.014603000000000001,-0.4696793002915452,3009.9080000000004,0.6419801247244196,0.8796018503072838
2025-06-30,15831,AXSM,AXSOME THERAPEUTICS INC,35,-0.005724445511411664,-0.010731000000000001,-0.21743440233236155,5177.657759999999,0.5133927181659049,0.5806383327212367
2025-06-30,16260,MEDP,MEDPACE HOLDINGS INC,35,0.020553080458385456,0.060884,0.07807580174927119,8476.0158,1.4443487439593046,1.1217711416077945
2025-06-30,16653,HCC,WARRIOR MET COAL INC,15,-0.010418782927672347,0.004952,-0.2730612244897959,2388.8065500000002,0.7450660204760102,0.6281888247434119
2025-06-30,16738,AM,ANTERO MIDSTREAM CORP,10,0.03,0.005642999999999999,0.39819241982507286,8999.732820000001,1.0321997648389827,0.5998214366074812
2025-06-30,17223,ADT,A D T INC,25,0.03,0.021423,0.3566180758017493,6504.29312,1.2087463933061564,0.7341770040283881
2025-06-30,17332,VCTR,VICTORY CAPITAL HOLDINGS INC,40,0.03,0.031445999999999995,0.29339164237123416,4169.30436,1.059519127050659,1.2233701541293562
2025-06-30,17959,CRNX,CRINETICS PHARMACEUTICALS INC,35,-0.017559769376770687,-0.060767,-0.4245092322643342,2858.1768,0.3141410014183325,0.7849941986444744
2025-06-30,18770,BBIO,BRIDGEBIO PHARMA INC,35,-0.02038108351515881,0.257321,-0.43926141885325565,6503.42425,1.2674363244723077,0.9056736738394808
2025-06-30,18772,AKRO,AKERO THERAPEUTICS INC,35,-0.027148181002522937,0.071314,-0.4273080660835763,3957.9987,0.28360539321716766,0.7533415327765438
2025-06-30,18835,DKNG,DRAFTKINGS INC,25,-0.03,0.191964,-0.42532555879494655,17806.741680000003,1.7222242926870472,1.2550688622968476
2025-06-30,18973,BRC,BRADY CORP,20,0.010811333231292297,-0.029207999999999998,0.223731778425656,3054.32129,0.7701498698494913,0.6160446493549222
2025-06-30,19098,HESM,HESS MIDSTREAM L P,10,0.00022984272084499913,0.037402,0.36192419825072886,4310.907,0.5988826217049467,0.5190808607069021
2025-06-30,19201,RVMD,REVOLUTION MEDICINES INC,35,-0.026547202714770145,-0.06965299999999999,-0.4257142857142857,7338.959199999999,1.1661994590949714,0.8627416614785907
2025-06-30,19484,PCVX,VAXCYTE INC,35,-0.008240424964129965,-0.0027930000000000003,-0.43379980563654025,4191.33996,1.1813632431808818,0.886137017510545
2025-06-30,19488,RNA,AVIDITY BIOSCIENCES INC,35,-0.03,-0.086689,-0.6472886297376094,3734.26724,0.9963021202218211,0.9812544131923898
2025-06-30,19506,VERX,VERTEX INC,45,-0.02954256,-0.11043499999999999,-0.1922837706511176,2849.23785,0.8148157002125536,0.767450773722442
2025-06-30,19561,BA,BOEING CO,20,-0.03,0.007250999999999999,-0.4407968901846453,156320.3166,1.4286716405766053,1.1028779358231016
2025-06-30,19655,STEP,STEPSTONE GROUP INC,40,-0.026242723312189346,-0.032631,-0.4593391642371234,4440.62385,1.3748807344008944,1.383438844195225
2025-06-30,20067,SOFI,SOFI TECHNOLOGIES INC,40,-0.03,0.365764,-0.5608357628765792,14701.327900000002,2.288932309257632,1.754002758711052
2025-06-30,20583,EXE,EXPAND ENERGY CORP,10,-0.03,0.003566,-0.24901846452866863,27636.50127,0.4858200457696556,0.5560710795715266
2025-06-30,21357,DOCS,DOXIMITY INC,35,0.011379702310534237,0.17416800000000002,0.02625850340136055,7131.485630000001,1.3758356387011896,1.6298725623500088
2025-06-30,21619,OKLO,OKLO INC,55,-0.03,0.058616999999999995,-0.47317784256559764,7338.887600000001,0.7183179708998189,1.291228899734855
2025-06-30,21927,DJT,TRUMP MEDIA & TECH GRP CORP,50,-0.03,-0.157652,-0.4374149659863945,4705.93125,2.0872151841132514,0.6624360182550533
2025-06-30,22758,ACLX,ARCELLX INC,35,-0.03,0.057661,-0.4469582118561711,3419.94042,0.23829319836779905,0.6746686257357549
2025-06-30,23054,SOUN,SOUNDHOUND AI INC,45,-0.012383140022004724,0.057915999999999995,-0.46470359572400394,3732.60189,2.7506160629666345,1.8735837718928732
2025-06-30,24328,EQT,E Q T CORP,10,-0.0024842278950629538,0.054453999999999995,-0.13389698736637512,33002.25138,0.6497287492908291,0.7069435522564843
2025-06-30,27334,CSL,CARLISLE COMPANIES,20,0.012310356456807465,-0.021242999999999998,0.22614188532555882,16444.30572,1.0492174661707596,0.901758590003233
2025-06-30,27422,CLF,CLEVELAND CLIFFS INC NEW,15,-0.03,0.300193,-0.5817103984450923,2883.84448,1.8726509557646351,1.5791400016547419
2025-06-30,39538,MAT,MATTEL INC,25,0.026377654026201583,0.037773999999999995,0.1473080660835763,6115.972220000001,0.6941378297357365,1.083594506116413
2025-06-30,44206,ES,EVERSOURCE ENERGY,55,-0.011449455455912931,-0.021769999999999998,-0.011409135082604466,23810.22185,0.5770912088297097,0.36573413282561973
2025-06-30,46463,GFF,GRIFFON CORP,20,0.0269687582505881,0.049246,0.18279883381924192,3233.0375000000004,1.1908785721141872,1.1534396402682072
2025-06-30,46690,CBT,CABOT CORP,15,0.020207784257662998,0.0007409999999999999,0.21860058309037902,4012.57087,0.8846238576954278,1.0009641715312014
2025-06-30,46886,KLAC,K L A CORP,45,0.03,0.180055,0.17825072886297377,100090.56808000001,1.338746387140859,1.7310134122032357
2025-06-30,47941,TGNA,TEGNA INC,50,0.012299099342213876,0.006614,0.28174927113702625,2687.3052799999996,0.3582879609531652,0.6246202332295029
2025-06-30,48486,LRCX,LAM RESH CORP,45,0.00699195298990308,0.20444700000000002,0.07477162293488823,103339.94322,1.611630703299897,1.83888437060651
2025-06-30,56223,LPX,LOUISIANA PACIFIC CORP,15,0.0292499881974,-0.048707,0.30134110787172014,6267.881229999999,1.8629140132510293,0.9537138326736585
2025-06-30,59010,GAP,GAP INC,25,0.027410034212664233,-0.025821,0.01482993197278909,8402.03524,2.1403785659741392,1.4570573282743098
2025-06-30,59328,INTC,INTEL CORP,45,-0.0009565583682566168,0.142371,-0.3704373177842566,85277.1,1.0689699527255458,1.690101761416153
2025-06-30,64194,CHE,CHEMED CORP NEW,35,0.010719680075031083,-0.156339,0.24347910592808555,8409.33436,0.4991988108677435,0.4067965970900978
2025-06-30,64995,KEY,KEYCORP NEW,40,-0.02675696757473635,0.09495200000000001,-0.22392614188532559,17381.64012,1.1424007094572446,1.0372267549711056
2025-06-30,65700,USLM,UNITED STATES LIME MINERALS INC,15,0.014005092590760472,-0.032403,0.3575510204081632,2942.89974,1.0193582563548134,1.0109211374539033
2025-06-30,75510,ADBE,ADOBE INC,45,0.03,-0.07136999999999999,0.3617103984450924,177243.43,1.4610284960927453,1.1405343580622052
2025-06-30,75603,CRUS,CIRRUS LOGIC INC,45,0.01908553387000277,0.056524,0.2985034013605442,5071.4416,0.9142559904948625,1.171283746974276
2025-06-30,76661,IONS,IONIS PHARMACEUTICALS INC,35,-0.03,0.175642,-0.43039844509232267,5333.418089999999,0.20587276312090158,0.7007271998111064
2025-06-30,76721,CRVL,CORVEL CORP,35,0.03,-0.07970999999999999,0.33084548104956263,5713.8257699999995,1.0184005521141313,0.6883476712228802
2025-06-30,79637,UHS,UNIVERSAL HEALTH SERVICES INC,35,0.029896875279261,-0.050725,0.12225461613216718,10886.1165,1.224247077895252,0.7865996889181024
2025-06-30,79758,BYD,BOYD GAMING CORP,25,0.0016926226050387276,0.042588,0.21930029154518954,6102.78291,1.3004046848381696,0.8727643419897594
2025-06-30,79864,VSEC,V S E CORP,20,-0.03,0.0034319999999999997,-0.2895043731778425,2688.9603,1.2833415475864984,1.1322459631135444
2025-06-30,80128,VMI,VALMONT INDUSTRIES INC,20,0.004239072279820698,0.025503,0.31321671525753164,6383.380840000001,1.1423904356433776,1.0321212649551086
2025-06-30,81736,RMD,RESMED INC,35,0.000985459907250284,0.050556,0.2729834791059281,35892.82333,0.7853038476098071,0.7468044940842133
2025-06-30,82307,DVA,DAVITA INC,35,0.02285411407504144,0.042019,0.26017492711370255,10287.63,1.0975888856740816,0.5202860315963238
2025-06-30,82800,SCCO,SOUTHERN COPPER CORP,15,0.0012211377099643286,0.10945,0.3457531584062196,73097.82187999999,0.9927679599150868,0.9486187933679966
2025-06-30,84761,TTWO,TAKE TWO INTERACTIVE SOFTWR INC,50,-0.028982099999999997,0.069819,-0.29463556851311956,40147.729,1.010954698313711,0.7053436175066015
2025-06-30,84827,RMBS,RAMBUS INC,45,0.013218534208859923,0.19389800000000001,0.168843537414966,5743.319640000001,1.208028002520841,1.8625685839097144
2025-06-30,85621,MTD,METTLER TOLEDO INTERNATIONAL INC,35,0.03,0.013206999999999998,0.057395529640427594,24015.172160000002,1.3226072773543383,1.0846133436470484
2025-06-30,86211,MSTR,MICROSTRATEGY INC,45,-0.029015159999999998,0.09188700000000001,-0.6985422740524782,93653.77278,3.966165954759343,2.3869796248031867
2025-06-30,88159,EXEL,EXELIXIS INC,35,0.03,0.020638,0.4011078717201166,11737.352320000002,0.26742764954274534,0.567396054512628
2025-06-30,88351,INSM,INSMED INC,35,-0.03,0.439872,-0.4477162293488824,12700.55247,0.8319355713986758,0.49018340013032424
2025-06-30,89297,CCOI,COGENT COMMUNICATIONS HLDS INC,50,-0.0256734,0.051283999999999996,-0.3206025267249757,2255.1942700000004,0.676580942166181,0.7256574632578093
2025-06-30,89301,GME,GAMESTOP CORP NEW,25,-0.03,-0.184953,-0.40299319727891164,13329.5698,1.8595133579188166,0.7029091205698881
2025-06-30,89916,NXST,NEXSTAR MEDIA GROUP INC,50,0.03,0.011437,0.23451895043731774,5137.99258,1.051037900339721,0.8780505831547994
2025-06-30,89968,PIPR,PIPER SANDLER COMPANIES,40,0.023823660835548866,0.10194,0.20305150631681243,4464.99765,1.4553798097210373,1.3620562377502663
2025-06-30,90319,GOOGL,ALPHABET INC,50,0.024915331802768635,0.023959,0.24406219630709422,999526.8,0.9487974966710415,1.0362187143198647
2025-06-30,90436,HALO,HALOZYME THERAPEUTICS INC,35,0.0261561730014,-0.07564,0.16623906705539357,6909.00147,1.2003838116947032,0.9046176508010115
2025-06-30,90564,PBH,PRESTIGE CONSUMER HEALTHCARE INC,35,0.009801314236214631,-0.07134399999999999,0.29148688046647236,4233.38305,0.4330547487290111,0.4126759221188567
2025-06-30,91594,SPR,SPIRIT AEROSYSTEMS HOLDINGS INC,20,-0.03,0.01719,-0.1790476190476191,4385.384220000001,1.6709694172596214,0.622105228946191
2025-06-30,91733,AVAV,AEROVIRONMENT INC,20,-0.03,0.597164,-0.4568513119533527,5032.5520400000005,0.8378695148073653,1.0569330406229065
2025-06-30,91832,MDGL,MADRIGAL PHARMACEUTICALS INC,35,-0.02461791,0.09606100000000001,-0.22485908649173952,6111.59778,-0.46605553181179554,0.2418124271256872
2025-06-30,92293,TDC,TERADATA CORP DE,45,0.002796875631475366,0.012529,0.34396501457725953,2099.3759999999997,0.8783944650305996,0.8685956850411586
2025-06-30,92469,SATS,ECHOSTAR CORP,50,-0.03,0.558915,-0.43838678328474234,2766.4119,0.7510768610523993,1.0420080188674758
2025-06-30,92852,LOPE,GRAND CANYON EDUCATION INC,25,0.03,-0.048116,0.3108066083576288,5613.851875,0.747299901974582,0.5764240441885676
2025-06-30,93330,PRI,PRIMERICA INC,40,0.020346261240154637,0.007935999999999999,0.38124392614188535,8891.645400000001,0.9754015469330838,0.7684625515105373
2025-06-30,93436,TSLA,TESLA INC,25,-0.011801454223638324,-0.086536,-0.45086491739552964,1115932.41576,2.592501065407327,2.0443431824401475
2025-07-31,10693,EHC,ENCOMPASS HEALTH CORP,35,0.03,-0.104296,0.34488258580268266,12360.73611,0.8665858287592154,0.5584669050862034
2025-07-31,11644,CRK,COMSTOCK RESOURCES INC,10,-0.03,-0.357642,-0.22091548483800297,8105.0410600000005,0.42862938228735115,0.976704285080252
2025-07-31,11691,MATX,MATSON INC,20,0.03,-0.04451,0.42497790076482567,3635.02075,1.2783115334481057,0.9373055224693254
2025-07-31,12373,HHH,HOWARD HUGHES HOLDINGS INC,60,0.029541989999999997,0.014753999999999998,0.18453822206848838,3401.3925,1.1953059273145406,1.0496047650318203
2025-07-31,12623,HII,HUNTINGTON INGALLS INDS INC,20,-0.03,0.151423,-0.2861370536915331,9474.64894,0.3211547737109656,0.7355011410725599
2025-07-31,13046,UI,UBIQUITI INC,45,0.03,0.054397,0.3466889580691034,24901.12015,1.4222359326986735,1.2140462022780176
2025-07-31,13318,YELP,YELP INC,50,0.025280757903782283,0.0012010000000000002,0.4114493254929091,2187.8653400000003,1.053282233135568,0.787548038706954
2025-07-31,13788,ZTS,ZOETIS INC,35,0.026984856006003883,-0.065472,0.16182405165456015,69430.1876,0.8662479351813104,0.6916687940913936
2025-07-31,13967,PTCT,P T C THERAPEUTICS INC,35,0.03,0.063485,0.3797801606518313,3876.8215200000004,0.5246204763501212,0.8765847728269583
2025-07-31,14318,NMIH,N M I HOLDINGS INC,40,0.02970132050977623,-0.118898,0.3220338983050847,3278.92242,0.54760452923901,0.6370912756965026
2025-07-31,14960,ENVA,ENOVA INTERNATIONAL INC,40,0.03,-0.065878,0.2562934778431146,2828.92784,1.5321699130507074,1.1370491331186716
2025-07-31,15058,SLNO,SOLENO THERAPEUTICS INC,35,-0.03,0.02864,-0.34693877551020413,4225.61186,-0.6633317951118685,0.136531668128135
2025-07-31,15284,BPMC,BLUEPRINT MEDICINES CORP,35,-0.03,0.0029289999999999997,-0.6202390560744071,8278.12076,0.9271467690924677,1.0235081377421096
2025-07-31,15293,NEXT,NEXTDECADE CORP,10,-0.01903533062009024,0.27150399999999997,-0.42795649333179614,2324.6189999999997,1.1922258403017354,0.8014700166078527
2025-07-31,15303,VKTX,VIKING THERAPEUTICS INC,35,-0.027749376937291383,0.225589,-0.4937161305200046,2976.745,0.6202335391440829,0.8621643840422105
2025-07-31,15831,AXSM,AXSOME THERAPEUTICS INC,35,-0.005663016486628705,-0.032302,-0.23571236404166182,5200.187849999999,0.49454761793931273,0.5658246813676676
2025-07-31,16260,MEDP,MEDPACE HOLDINGS INC,35,0.021804434209013793,0.35764799999999997,0.07023713440178334,8816.01354,1.4433095386360248,1.113827435347096
2025-07-31,16653,HCC,WARRIOR MET COAL INC,15,-0.01047037674073018,0.117632,-0.2747223183058534,2408.77897,0.7251922942898331,0.5559686104818563
2025-07-31,16738,AM,ANTERO MIDSTREAM CORP,10,0.03,-0.022275999999999997,0.3992659210576886,9081.20005,1.011349353668375,0.5827658983126555
2025-07-31,17223,ADT,A D T INC,25,0.03,-0.017636,0.31044621238325837,6621.55802,1.1882818661647492,0.7091349213012788
2025-07-31,17332,VCTR,VICTORY CAPITAL HOLDINGS INC,40,0.03,0.078831,0.3089088742841769,4261.17842,1.0503439368378122,1.1873659146390994
2025-07-31,17959,CRNX,CRINETICS PHARMACEUTICALS INC,35,-0.01649271487105246,-0.009379,-0.4011683769553019,2707.0637600000005,0.2834313448220778,0.7732611821281742
2025-07-31,18726,CRWD,CROWDSTRIKE HOLDINGS INC,45,-0.008107209983749915,-0.110947,-0.487835812291018,126944.49888,1.2022586050151454,1.4122694046396365
2025-07-31,18770,BBIO,BRIDGEBIO PHARMA INC,35,-0.02562556430636299,0.091252,-0.5015181213728429,8254.41834,1.3112309091540955,0.872581791011636
2025-07-31,18772,AKRO,AKERO THERAPEUTICS INC,35,-0.02908422638253686,-0.087988,-0.39159844728851995,4264.47784,0.29524338736365363,0.7235664118909421
2025-07-31,18835,DKNG,DRAFTKINGS INC,25,-0.03,0.04666,-0.4801683385218494,21275.62739,1.7741354871171602,1.2667272919466535
2025-07-31,18973,BRC,BRADY CORP,20,0.010495555810272712,0.03837,0.28556055190437757,2975.5226900000002,0.7621831566028908,0.6079518073641695
2025-07-31,19098,HESM,HESS MIDSTREAM L P,10,0.00023843929829004377,0.126888,0.32216841538875435,4486.83861,0.6063826541116879,0.5046799317929398
2025-07-31,19201,RVMD,REVOLUTION MEDICINES INC,35,-0.02469811040407826,0.009578999999999999,-0.3868326991813675,6876.0877900000005,1.1304239599729708,0.8540395058453241
2025-07-31,19484,PCVX,VAXCYTE INC,35,-0.008217409457205149,0.040826,-0.4163880241362082,4220.31816,1.144790628246897,0.8782998430237361
2025-07-31,19488,RNA,AVIDITY BIOSCIENCES INC,35,-0.03,0.28913799999999995,-0.6223528959606442,3430.0952,0.9600736200147458,0.8723588641289964
2025-07-31,19506,VERX,VERTEX INC,45,-0.0262800273864,-0.064739,-0.2387101733348707,2729.34607,0.7699125827757782,0.7688300708505968
2025-07-31,19561,BA,BOEING CO,20,-0.03,0.055283,-0.5085514431761405,157986.66765,1.3885735378886528,1.097104695804273
2025-07-31,19577,RKT,ROCKET COMPANIES INC,40,-0.03,0.03814,-0.5372612321764864,2146.19972,2.3085746135373366,1.0513769609713606
2025-07-31,19655,STEP,STEPSTONE GROUP INC,40,-0.025386397007789295,0.066082,-0.3987470694492486,4359.6915,1.3405283461906818,1.352654494227342
2025-07-31,20067,SOFI,SOFI TECHNOLOGIES INC,40,-0.03,0.23651,-0.6337868480725624,20275.79703,2.3888451663041366,1.7788440096266787
2025-07-31,20583,EXE,EXPAND ENERGY CORP,10,-0.03,-0.10745299999999999,-0.27883469772089625,27765.88278,0.47089887280537507,0.5488553132695446
2025-07-31,21357,DOCS,DOXIMITY INC,35,0.009214032140325581,-0.045691999999999997,-0.03453245705061687,8397.875380000001,1.4156362298005,1.6239649856453426
2025-07-31,21619,OKLO,OKLO INC,55,-0.03,0.364455,-0.4736730850532303,8185.570030000001,0.7006862570319238,1.2695171231236333
2025-07-31,21927,DJT,TRUMP MEDIA & TECH GRP CORP,50,-0.025270439999999998,-0.028412999999999997,-0.432741458165187,5002.6723999999995,1.969848315736314,0.6238885416673902
2025-07-31,22220,NN,NEXTNAV INC,45,-0.03,-0.030442,-0.4326261578077558,2021.8279999999997,1.2253904793030688,0.9145868191046859
2025-07-31,22758,ACLX,ARCELLX INC,35,-0.03,0.080663,-0.39240554979053766,3646.1803499999996,0.2384108553879516,0.6659733284859534
2025-07-31,23054,SOUN,SOUNDHOUND AI INC,45,-0.01310032195951915,-0.040747,-0.4513048157115954,4002.89088,2.6761724959186353,1.8687627317606743
2025-07-31,27334,CSL,CARLISLE COMPANIES,20,0.012048847554595503,-0.053522,0.21528498405011723,16151.043599999999,1.0296092688481358,0.8810642395939433
2025-07-31,27422,CLF,CLEVELAND CLIFFS INC NEW,15,-0.03,0.380743,-0.6142818709404666,3759.3856,1.9301359576674677,1.651259309396312
2025-07-31,39538,MAT,MATTEL INC,25,0.02737404352938732,-0.140892,0.23880625696606325,6355.144679999999,0.6904504403123823,1.0377909667609546
2025-07-31,46463,GFF,GRIFFON CORP,20,0.02829686171939656,0.119511,0.22116530227910366,3403.2716200000004,1.1767344016655479,1.110953476565821
2025-07-31,46690,CBT,CABOT CORP,15,0.02022275822579793,-0.041068,0.22302932472424,4029.225,0.8696990641918394,0.9687932868496667
2025-07-31,46886,KLAC,K L A CORP,45,0.03,-0.022123,0.17662093085821898,118258.28202,1.360686135660517,1.7043273048385414
2025-07-31,47941,TGNA,TEGNA INC,50,0.008238572510987776,-0.0070480000000000004,0.27989161766401477,2693.73424,0.3598530278964816,0.5873171658668452
2025-07-31,48486,LRCX,LAM RESH CORP,45,0.008421436802829795,-0.029151,0.08880049194819166,123499.15160000001,1.6301534804490092,1.8154444615359835
2025-07-31,56223,LPX,LOUISIANA PACIFIC CORP,15,0.027825309022269238,0.047933,0.3341596525615896,5983.95811,1.8173104304301797,0.9206860363460599
2025-07-31,59010,GAP,GAP INC,25,0.02670227971925903,-0.104714,0.10671048080249047,8136.569459999999,2.0639274122262363,1.3918146049479156
2025-07-31,59328,INTC,INTEL CORP,45,-0.0010927445397036796,-0.11953899999999999,-0.4405626657442639,98044.79999999999,1.1060763785066858,1.7157765992046004
2025-07-31,64995,KEY,KEYCORP NEW,40,-0.0010748974924681513,0.025235,-0.21226795803066992,19091.309640000003,1.15136125616562,1.003806556146905
2025-07-31,65700,USLM,UNITED STATES LIME MINERALS INC,15,0.013551285575542062,-0.005672,0.3333141166070948,2858.272,0.9799392248931625,0.9878412913755776
2025-07-31,75510,ADBE,ADOBE INC,45,0.027858900000000002,-0.078918,0.2765094738460356,164114.49599999998,1.413314750182106,1.066102523631395
2025-07-31,75603,CRUS,CIRRUS LOGIC INC,45,0.020164324586470807,-0.037471,0.2954187324647374,5349.74107,0.9352605808683617,1.1846348511978697
2025-07-31,76661,IONS,IONIS PHARMACEUTICALS INC,35,-0.03,0.084358,-0.44594334909104877,6289.8734699999995,0.24923860931636038,0.6930695281019345
2025-07-31,76721,CRVL,CORVEL CORP,35,0.03,-0.141433,0.3892732234136593,5275.1835,0.9768133412462481,0.6785063562476115
2025-07-31,79637,UHS,UNIVERSAL HEALTH SERVICES INC,35,0.028380356280720484,-0.084616,0.17527576002152273,10359.968499999999,1.2083970436793479,0.7573255001870806
2025-07-31,80128,VMI,VALMONT INDUSTRIES INC,20,0.004347181340172966,0.110994,0.3184788039509589,6554.58647,1.135060672776127,1.0012383650351582
2025-07-31,81282,ACIW,A C I WORLDWIDE INC,45,0.02488290731162688,-0.076437,0.4548791267919597,4747.69083,1.0456467008141617,0.9767256717078591
2025-07-31,81736,RMD,RESMED INC,35,0.0010352808183212293,0.050563000000000004,0.27147469157154386,37829.766,0.7701761786051075,0.696266977280388
2025-07-31,82307,DVA,DAVITA INC,35,0.02381442109436061,-0.01807,0.25859948499173685,10754.974999999999,1.0992127218921346,0.49869715652286817
2025-07-31,82800,SCCO,SOUTHERN COPPER CORP,15,0.0013547912323199245,-0.072757,0.2565048618317384,81347.55956,1.000093368735195,0.9430590939677151
2025-07-31,84761,TTWO,TAKE TWO INTERACTIVE SOFTWR INC,50,-0.03,-0.08631799999999999,-0.2334063568930397,44781.54,1.016559766098552,0.7133801578520038
2025-07-31,84827,RMBS,RAMBUS INC,45,0.015781581554889443,0.151327,0.13945578231292516,6888.167879999999,1.24855243757305,1.8410114390978156
2025-07-31,85621,MTD,METTLER TOLEDO INTERNATIONAL INC,35,0.03,0.046723,0.12488950382412849,24414.20576,1.311010401892364,1.0772961069939182
2025-07-31,86211,MSTR,MICROSTRATEGY INC,45,-0.03,-0.009331,-0.7172066566739691,105632.57514,3.9416075037167895,2.354516381735223
2025-07-31,87430,KTOS,KRATOS DEFENSE & SECUR SOLS INC,20,-0.015188446424437747,0.260256,-0.4974826088627542,7821.1581,1.1200142831544453,1.0663454063427036
2025-07-31,88159,EXEL,EXELIXIS INC,35,0.03,-0.181687,0.40956608632153424,11906.067900000002,0.272655905399495,0.5953363979161519
2025-07-31,88351,INSM,INSMED INC,35,-0.03,0.06251,-0.5418348130212537,21246.21104,0.9282830377689805,0.5864980019537441
2025-07-31,89297,CCOI,COGENT COMMUNICATIONS HLDS INC,50,-0.026990034645599997,-0.057814,-0.30051116491794455,2374.14966,0.6836079673831724,0.6869803035715564
2025-07-31,89301,GME,GAMESTOP CORP NEW,25,-0.024451409999999996,-0.083009,-0.23972865982551214,10910.52504,1.7596764072263338,0.450991152688312
2025-07-31,89916,NXST,NEXSTAR MEDIA GROUP INC,50,0.03,0.078405,0.26263499750182556,5242.97925,1.0408631647213087,0.8449146588812885
2025-07-31,89968,PIPR,PIPER SANDLER COMPANIES,40,0.026252244821124714,0.131021,0.1561359006879588,4935.38058,1.4657075355121993,1.3366992156384119
2025-07-31,90319,GOOGL,ALPHABET INC,50,0.02551227823743117,0.08545,0.23538567969560706,1024953.6799999999,0.944857740352823,1.0462846346182038
2025-07-31,90436,HALO,HALOZYME THERAPEUTICS INC,35,0.024177720075574102,0.149358,0.3115031323263768,6118.6444200000005,1.1535701067288957,0.8725218528088663
2025-07-31,90564,PBH,PRESTIGE CONSUMER HEALTHCARE INC,35,0.009102049273346135,-0.077357,0.3909642953226488,3945.7877499999995,0.4182273755055959,0.38767291184605496
2025-07-31,91594,SPR,SPIRIT AEROSYSTEMS HOLDINGS INC,20,-0.03,0.029297000000000004,-0.2462623467466082,4475.7198499999995,1.6453723273762788,0.5744042672889709
2025-07-31,91733,AVAV,AEROVIRONMENT INC,20,-0.03,-0.06421600000000001,-0.4144471347861179,13020.22035,0.9803035212300756,1.1458415020276616
2025-07-31,91832,MDGL,MADRIGAL PHARMACEUTICALS INC,35,-0.02698273105251,-0.003898,-0.29743648871978173,6724.9634399999995,-0.4388686307983916,0.22679764045258816
2025-07-31,91907,SMCI,SUPER MICRO COMPUTER INC,45,-0.0013607640727062971,0.199756,-0.6165878780890888,29118.654369999997,1.3411752830547974,2.146164363593614
2025-07-31,92293,TDC,TERADATA CORP DE,45,0.0028319176862621207,-0.06532400000000001,0.32001614205004036,2132.836,0.8754632270067909,0.8714740651573976
2025-07-31,92469,SATS,ECHOSTAR CORP,50,-0.03,0.173066,-0.46823475152772975,4329.4823,0.9133438404542408,1.1969436365804622
2025-07-31,92852,LOPE,GRAND CANYON EDUCATION INC,25,0.028053535980492816,-0.111246,0.3048733617740882,5336.226000000001,0.7318886538271069,0.5652684216382068
2025-07-31,93330,PRI,PRIMERICA INC,40,0.020507729169356503,-0.032846,0.356989123332949,8992.52253,0.962768384210483,0.7444044921655666
2025-07-31,93436,TSLA,TESLA INC,25,-0.007678449229139165,-0.033028,-0.47207809677543333,1024135.8400000001,2.5047420147255566,2.0947220939827886
2025-08-31,10693,EHC,ENCOMPASS HEALTH CORP,35,0.026871120000000002,0.10199799999999999,0.2543272559427648,11098.757669999999,0.8441057384290064,0.6040208229501149
2025-08-31,11691,MATX,MATSON INC,20,0.028664699999999998,-0.026185,0.25259635356565885,3485.8331000000003,1.2169274972097663,1.0007953793086561
2025-08-31,12373,HHH,HOWARD HUGHES HOLDINGS INC,60,0.029977852520459994,0.1059,0.23005615816601277,3463.37343,1.2083989978120553,1.0341062844566111
2025-08-31,12623,HII,HUNTINGTON INGALLS INDS INC,20,-0.03,-0.027903,-0.20074621124701902,10942.187539999999,0.3397211423212534,0.7635772948912558
2025-08-31,13046,UI,UBIQUITI INC,45,0.03,0.208977,0.32579429186860526,26342.01577,1.4324731460452347,1.2328485495419883
2025-08-31,13318,YELP,YELP INC,50,0.03,-0.08542,0.3989922301715517,2198.08006,1.0449752224192188,0.7875874701090325
2025-08-31,13788,ZTS,ZOETIS INC,35,0.025218103513578796,0.06897099999999999,0.19649588429879225,64906.87432,0.839206038150648,0.7035010612799655
2025-08-31,13967,PTCT,P T C THERAPEUTICS INC,35,0.03,-0.057154,0.28413724132625584,4136.38758,0.5682573180264497,0.9050775058224441
2025-08-31,14318,NMIH,N M I HOLDINGS INC,40,0.026169892903804857,0.050588999999999995,0.2143626432802523,2895.06168,0.5650370265506581,0.6623387491437455
2025-08-31,14960,ENVA,ENOVA INTERNATIONAL INC,40,0.02802366,0.156294,0.26598199861527805,2615.35928,1.5345951354320981,1.1474841127936
2025-08-31,15058,SLNO,SOLENO THERAPEUTICS INC,35,-0.03,-0.221221,-0.3732402492499422,4564.92424,-0.5863252964744923,0.13552187056118534
2025-08-31,15293,NEXT,NEXTDECADE CORP,10,-0.02420349902476722,-0.060143,-0.44739979998461415,2976.1836799999996,1.341575878554291,0.8460215819542244
2025-08-31,15303,VKTX,VIKING THERAPEUTICS INC,35,-0.03,-0.173286,-0.4604008000615432,3662.33365,0.6699348875996362,0.8174655541319041
2025-08-31,15831,AXSM,AXSOME THERAPEUTICS INC,35,-0.005480089728077625,0.192486,-0.2534425725055774,5058.96338,0.5513116237410945,0.5780757892024335
2025-08-31,16260,MEDP,MEDPACE HOLDINGS INC,35,0.02960274649499916,0.10928,-0.05677359796907457,12001.3296,1.3982480309446517,1.576904007832325
2025-08-31,16653,HCC,WARRIOR MET COAL INC,15,-0.011702028097495753,0.18772,-0.3109854604200323,2700.48142,0.738824623968768,0.5837158353305908
2025-08-31,16738,AM,ANTERO MIDSTREAM CORP,10,0.03,-0.034323,0.4454573428725287,8780.49335,0.9749262297317856,0.6227226401037304
2025-08-31,17223,ADT,A D T INC,25,0.029470919999999998,0.039309,0.3411223940303101,6484.0004500000005,1.1799989713289325,0.7219723233579637
2025-08-31,17332,VCTR,VICTORY CAPITAL HOLDINGS INC,40,0.03,0.030588,0.20574659589199168,4602.01653,1.0677190644450016,1.2303662717060673
2025-08-31,17959,CRNX,CRINETICS PHARMACEUTICALS INC,35,-0.029396308095126982,0.08014,-0.414454958073698,2692.49184,0.3627662157257152,0.8026498825870517
2025-08-31,18428,DOW,DOW INC,15,-0.03,0.068758,-0.4979229171474729,16508.97676,0.8556919364390179,1.126342732068329
2025-08-31,18726,CRWD,CROWDSTRIKE HOLDINGS INC,45,-0.007207739357682813,-0.071715,-0.4148396030463881,114018.42938999999,1.1796849712191866,1.3194351395880222
2025-08-31,18770,BBIO,BRIDGEBIO PHARMA INC,35,-0.02796394830044722,0.091181,-0.45818909146857445,9036.558630000001,1.392015427114965,0.8897262761050384
2025-08-31,18772,AKRO,AKERO THERAPEUTICS INC,35,-0.02652516347159021,-0.047203,-0.3503923378721439,3907.4626500000004,0.16690944199732996,0.6768093227913103
2025-08-31,18835,DKNG,DRAFTKINGS INC,25,-0.03,0.06147,-0.4572467112854835,22342.137039999998,1.808412491701817,1.2871179259939904
2025-08-31,18973,BRC,BRADY CORP,20,0.010898270286712875,0.102614,0.30533117932148623,3089.34289,0.7830586067082856,0.6168976830487738
2025-08-31,19098,HESM,HESS MIDSTREAM L P,10,0.00026869438397147087,-0.040326,0.303927225171167,5071.72383,0.6465793507128457,0.543848192406751
2025-08-31,19201,RVMD,REVOLUTION MEDICINES INC,35,-0.024934693603638924,0.014977,-0.3486806677436726,6965.800270000001,1.2323462679213317,0.8607739379399123
2025-08-31,19484,PCVX,VAXCYTE INC,35,-0.008552893415705006,-0.096883,-0.3888952996384337,4407.2532,1.1707880350476432,0.9146515144312252
2025-08-31,19488,RNA,AVIDITY BIOSCIENCES INC,35,-0.03,0.265059,-0.6510500807754445,4722.85163,0.9981354297591511,0.9115028673553943
2025-08-31,19506,VERX,VERTEX INC,45,-0.02457868469343185,-0.225391,-0.22047849834602662,2562.1171400000003,0.7872348738913575,0.7802985062400852
2025-08-31,19561,BA,BOEING CO,20,-0.03,0.054075,-0.3522963304869605,167746.09072,1.4625359059129657,1.1168068427661726
2025-08-31,19577,RKT,ROCKET COMPANIES INC,40,-0.03,0.199309,-0.5158858373721055,3762.59842,2.3092759769438573,1.0746792711264528
2025-08-31,19655,STEP,STEPSTONE GROUP INC,40,-0.027063980894858026,0.046396999999999994,-0.4155704284944996,4662.90608,1.3428991864361388,1.3816008499276886
2025-08-31,20067,SOFI,SOFI TECHNOLOGIES INC,40,-0.03,0.127284,-0.5479075313485653,27038.421,2.4102354061227413,1.8008537802133966
2025-08-31,20583,EXE,EXPAND ENERGY CORP,10,-0.026776409999999997,-0.06591,-0.09481498576813605,24952.937879999998,0.4578518247396551,0.5843168999259937
2025-08-31,20648,RBLX,ROBLOX CORP,50,-0.00830005210155002,-0.099603,-0.5298099853834911,86806.45989,1.650082060780904,1.1939985791579597
2025-08-31,21357,DOCS,DOXIMITY INC,35,0.008793024583769826,0.152621,-0.00011539349180704286,8019.2575,1.406991305355804,1.6451778807370185
2025-08-31,21619,OKLO,OKLO INC,55,-0.03,-0.042322000000000005,-0.48076775136548966,11197.22823,0.7336328208663098,1.2842801248099933
2025-08-31,21927,DJT,TRUMP MEDIA & TECH GRP CORP,50,-0.029386646600932896,-0.007216,-0.42584044926532816,4873.60853,1.960308513649129,0.5985628303533946
2025-08-31,22758,ACLX,ARCELLX INC,35,-0.03,-0.03182,-0.37783675667359035,3952.9356900000002,0.2421891741808397,0.6735233217643206
2025-08-31,23054,SOUN,SOUNDHOUND AI INC,45,-0.012566523140634623,0.256602,-0.4601315485806601,3853.66848,2.6544071812316137,1.853301646201281
2025-08-31,27422,CLF,CLEVELAND CLIFFS INC NEW,15,-0.03,0.018058,-0.6085852757904454,5204.1914,2.010619338914677,1.751304137864712
2025-08-31,35263,TRMK,TRUSTMARK CORP,40,0.003344455504160057,0.083712,0.42437879836910536,2248.6707499999998,0.7344200976285897,0.7077246446290304
2025-08-31,37568,FELE,FRANKLIN ELECTRIC INC,20,0.027488276644604633,0.040769999999999994,0.37475959689206867,4179.36575,1.0860131297411844,0.8679235096038274
2025-08-31,39538,MAT,MATTEL INC,25,0.009969033504281643,0.072033,0.10523886452804061,5480.622,0.6450664655203173,1.0030096940915447
2025-08-31,46463,GFF,GRIFFON CORP,20,0.03,-0.064467,0.17982152473267174,3821.8030200000003,1.1313347325843932,1.0973204924628592
2025-08-31,46690,CBT,CABOT CORP,15,0.01939224999098086,0.132382,0.19963074082621743,3877.72614,0.8900902505342851,0.9876399646869315
2025-08-31,46886,KLAC,K L A CORP,45,0.029336309999999997,-0.009669,0.20420801600123087,115997.67783,1.378761743211281,1.64283256905845
2025-08-31,47941,TGNA,TEGNA INC,50,0.008180507051930333,0.265656,0.30781213939533814,2684.0907999999995,0.347853378063275,0.5899337726720025
2025-08-31,48486,LRCX,LAM RESH CORP,45,0.008175943498590504,0.052183999999999994,0.24184552657896763,120327.3016,1.6030838434454517,1.7457376187526943
2025-08-31,56223,LPX,LOUISIANA PACIFIC CORP,15,0.02915905955963367,0.051141,0.23861450880836993,6291.54149,1.775768456053628,0.9528023389166825
2025-08-31,59010,GAP,GAP INC,25,0.02390617720073654,0.12723299999999998,0.13258712208631432,7259.86436,2.0753509141218083,1.3970010791371879
2025-08-31,59328,INTC,INTEL CORP,45,-0.0009621189501720415,0.225993,-0.42449419186091236,86664.6,1.181896007199074,1.7535226639528534
2025-08-31,65700,USLM,UNITED STATES LIME MINERALS INC,15,0.013474422683757587,0.26133,0.22770982383260252,2851.9712,0.9804284519974874,1.0117425699031142
2025-08-31,75510,ADBE,ADOBE INC,45,0.0256603313298,-0.006573,0.32948688360643136,151732.098,1.4232678739849722,1.08638408565973
2025-08-31,75603,CRUS,CIRRUS LOGIC INC,45,0.019408747179891158,0.130045,0.29688822217093624,5167.832939999999,0.9131118626197309,1.195670798609933
2025-08-31,76661,IONS,IONIS PHARMACEUTICALS INC,35,-0.03,-0.011831999999999999,-0.2999846142010924,6850.625179999999,0.26525368290466406,0.71003432424293
2025-08-31,76721,CRVL,CORVEL CORP,35,0.025757009999999997,0.0012740000000000004,0.3538541426263559,4547.3949999999995,0.9486971597456545,0.6595606860917577
2025-08-31,79637,UHS,UNIVERSAL HEALTH SERVICES INC,35,0.02597892405367104,0.087093,0.1733210246942072,9519.2755,1.1630145983797944,0.7511001504579292
2025-08-31,80128,VMI,VALMONT INDUSTRIES INC,20,0.004829692385844124,0.004905000000000001,0.2131510116162782,7304.840450000001,1.142441702323885,0.990171341817348
2025-08-31,81282,ACIW,A C I WORLDWIDE INC,45,0.022980932525448056,0.15573399999999998,0.4453034848834525,4401.25728,1.0625311208230406,0.9913928968237549
2025-08-31,81736,RMD,RESMED INC,35,0.0010876277223380055,0.007773,0.2827525194245711,39873.746380000004,0.7685847039405718,0.6689025672037525
2025-08-31,82307,DVA,DAVITA INC,35,0.01880835220789954,-0.022399,0.15906992845603507,10597.935,1.082835290035953,0.51102182604775
2025-08-31,82800,SCCO,SOUTHERN COPPER CORP,15,0.0012562206866300238,0.035515,0.18020616970536193,75711.04288,0.9833011591213295,0.9540201734883733
2025-08-31,84761,TTWO,TAKE TWO INTERACTIVE SOFTWR INC,50,-0.027410459999999998,0.043517,-0.21997845988152934,41087.003099999994,0.9697563115561458,0.7214610394406967
2025-08-31,84827,RMBS,RAMBUS INC,45,0.0181697609468462,-0.005969,0.057119778444495777,7954.42442,1.2954521854953547,1.7738993555424303
2025-08-31,85072,RL,RALPH LAUREN CORP,25,0.014142899885484905,-0.009897,0.3095622740210785,11559.235,1.5406015411676974,1.1234809561601569
2025-08-31,85621,MTD,METTLER TOLEDO INTERNATIONAL INC,35,0.03,0.050795999999999994,0.11175859681513964,25639.571440000003,1.281310245392768,1.0978718208813187
2025-08-31,86211,MSTR,MICROSTRATEGY INC,45,-0.0010638848339793137,-0.17165,-0.4906146626663589,106056.07818000001,4.013903145486918,2.3369935379175777
2025-08-31,87430,KTOS,KRATOS DEFENSE & SECUR SOLS INC,20,-0.03,0.11782999999999999,-0.5308869913070235,9883.7886,1.1081359476284194,1.1662981863571338
2025-08-31,87759,WULF,TERAWULF INC,45,-0.03,0.82759,-0.6693399492268635,2013.07596,3.2833335318183035,1.957724931004872
2025-08-31,88159,EXEL,EXELIXIS INC,35,0.02454939,0.029326,0.20645818909146857,9750.532659999999,0.2782466087641625,0.6579450150588841
2025-08-31,88351,INSM,INSMED INC,35,-0.03,0.264838,-0.44811139318409104,22647.98808,0.973514532400221,0.5650284515068542
2025-08-31,89297,CCOI,COGENT COMMUNICATIONS HLDS INC,50,-0.025429632782599278,-0.142559,-0.32848680667743674,2242.25297,0.633906849493344,0.6724284331839008
2025-08-31,89301,GME,GAMESTOP CORP NEW,25,-0.022421722907309996,-0.005587,-0.161743211016232,10042.6932,1.8429550499078367,0.45408280465838746
2025-08-31,89916,NXST,NEXSTAR MEDIA GROUP INC,50,0.03,0.099148,0.2522309408416032,5672.23965,1.0503173958018064,0.8744386302098488
2025-08-31,89968,PIPR,PIPER SANDLER COMPANIES,40,0.029691840189833296,0.05699,0.12297099776905916,5599.13724,1.489415206314665,1.3651578297438844
2025-08-31,90319,GOOGL,ALPHABET INC,50,0.027692302412819666,0.105679,0.18834141087775985,1116282.3,0.9524790793003218,1.0374886111311836
2025-08-31,90436,HALO,HALOZYME THERAPEUTICS INC,35,0.027788855990621697,0.215972,0.2661743211016232,7014.4510199999995,1.1804740764469241,0.8784806464175772
2025-08-31,90564,PBH,PRESTIGE CONSUMER HEALTHCARE INC,35,0.008397942047707899,-0.083724,0.414454958073698,3640.78035,0.4266929262651066,0.3956072131283763
2025-08-31,91594,SPR,SPIRIT AEROSYSTEMS HOLDINGS INC,20,-0.03,0.051779,-0.20622740210785448,4622.3686,1.7402702317345686,0.5908820041787939
2025-08-31,91733,AVAV,AEROVIRONMENT INC,20,-0.028073519999999998,-0.102034,-0.41820524655742747,12229.274519999999,1.0128665390489244,1.1937409644262615
2025-08-31,91832,MDGL,MADRIGAL PHARMACEUTICALS INC,35,-0.03,0.443585,-0.30044618816832064,6722.07471,-0.40267310043677584,0.2341899725415178
2025-08-31,91907,SMCI,SUPER MICRO COMPUTER INC,45,-0.03,-0.299379,-0.6376644357258251,35044.27881,1.3712118052075093,2.1814007178699977
2025-08-31,92293,TDC,TERADATA CORP DE,45,0.002646925495324734,-0.0014159999999999997,0.2927532887145165,2000.908,0.8833324846870897,0.871163676983682
2025-08-31,92469,SATS,ECHOSTAR CORP,50,-0.03,0.892175,-0.46603584891145466,5096.03312,0.9496300133850131,1.2344833519984002
2025-08-31,92852,LOPE,GRAND CANYON EDUCATION INC,25,0.024932692316806913,0.191534,0.37387491345488105,4761.0994200000005,0.7466515112897858,0.5665868999698955
2025-08-31,93330,PRI,PRIMERICA INC,40,0.01983413229705982,0.01407,0.39053004077236714,8728.33617,0.9709889380525598,0.7650698984701533
2025-09-30,10693,EHC,ENCOMPASS HEALTH CORP,35,0.029611920497760003,0.039891,0.2815170336909467,12264.154240000002,0.9029468702746712,0.609739373665864
2025-09-30,11691,MATX,MATSON INC,20,0.0279141148305,-0.055784,0.25211744776962164,3307.64545,1.2118691532591273,1.0415264602896825
2025-09-30,12623,HII,HUNTINGTON INGALLS INDS INC,20,-0.02916291,0.059913,-0.08033126293995861,10626.07039,0.4146427598057038,0.7982864064409182
2025-09-30,13046,UI,UBIQUITI INC,45,0.03,0.249375,0.12155091285526068,31951.33687,1.506494125312913,1.4084368551716044
2025-09-30,13788,ZTS,ZOETIS INC,35,0.026957421331013837,-0.067759,0.2826839826839827,69313.8212,0.8420441865683186,0.7032257107384923
2025-09-30,13967,PTCT,P T C THERAPEUTICS INC,35,0.02828538,0.240762,0.08562017692452475,3918.67654,0.5545002133800547,0.9348592261304094
2025-09-30,14318,NMIH,N M I HOLDINGS INC,40,0.024582043314633005,-0.028976,0.23011481272350842,3052.5369,0.5404297846585252,0.6746930934094494
2025-09-30,14472,VRNS,VARONIS SYSTEMS INC,45,-0.005226981012499684,-0.029571,-0.30575945793337095,6613.01394,0.7602573189335491,0.9367194836836567
2025-09-30,14960,ENVA,ENOVA INTERNATIONAL INC,40,0.03,-0.054504,0.23306982872200263,3034.0769,1.5776026424804672,1.1684844741002836
2025-09-30,15058,SLNO,SOLENO THERAPEUTICS INC,35,-0.03,-0.004343,-0.3504987765857331,3596.3221500000004,-0.721695211054616,0.1378359057494152
2025-09-30,15293,NEXT,NEXTDECADE CORP,10,-0.022747827982920642,-0.369913,-0.3731225296442688,2808.51136,1.483327778081682,0.8132755028503681
2025-09-30,15303,VKTX,VIKING THERAPEUTICS INC,35,-0.024801419999999998,-0.031775000000000005,-0.5002070393374741,3041.6372499999998,0.7347877404663005,0.9726603892015699
2025-09-30,15831,AXSM,AXSOME THERAPEUTICS INC,35,-0.006534930279476374,-0.0019069999999999998,-0.14018445322793147,6051.993280000001,0.5745858572699597,0.5967306872108722
2025-09-30,16126,AZZ,A Z Z INC,20,0.008043771477541265,-0.036616,0.37854319593450025,3388.28046,1.3163426479760152,1.0102637805040868
2025-09-30,16260,MEDP,MEDPACE HOLDINGS INC,35,0.03,0.077972,0.045115753811405986,13358.50243,1.4164447190330745,1.6233684042806744
2025-09-30,16653,HCC,WARRIOR MET COAL INC,15,-0.013898732811957656,0.037581,-0.30127987954074914,3214.0686600000004,0.7955719855808974,0.6153605866814782
2025-09-30,16680,QXO,Q X O INC,20,-0.015130840952036744,-0.056464,-0.41264822134387347,13558.70241,2.558996687974473,0.3009866478431217
2025-09-30,16738,AM,ANTERO MIDSTREAM CORP,10,0.03,0.08943999999999999,0.5662149444758141,8512.53279,0.9207695421254819,0.6222132584208054
2025-09-30,16967,CARG,CARGURUS INC,50,0.02021160719872373,0.07270299999999999,0.3639751552795031,2942.5224,1.594058795270901,1.0630736961977294
2025-09-30,17223,ADT,A D T INC,25,0.03,0.002906,0.3143233578016186,6763.550170000001,1.1041080037990032,0.8034151445680711
2025-09-30,17332,VCTR,VICTORY CAPITAL HOLDINGS INC,40,0.03,-0.088289,0.09533220402785621,4760.29224,1.1254992357353424,1.2423595598163337
2025-09-30,17959,CRNX,CRINETICS PHARMACEUTICALS INC,35,-0.03,0.340673,-0.40513833992094866,2918.51424,0.31031880232974457,0.8339710905227714
2025-09-30,17968,LQDA,LIQUIDIA CORP,35,-0.013136091060455761,-0.181777,-0.43466967814793905,2382.9988799999996,0.2151595271974218,0.8626624883839039
2025-09-30,18428,DOW,DOW INC,15,-0.03,-0.072331,-0.4922454357236966,17458.82772,0.8274089120274027,1.1975327338486121
2025-09-30,18726,CRWD,CROWDSTRIKE HOLDINGS INC,45,-0.006690836329646591,0.15406699999999998,-0.4213250517598343,106329.6335,1.1732785830821495,1.3690538775591592
2025-09-30,18770,BBIO,BRIDGEBIO PHARMA INC,35,-0.03,0.0001690000000000003,-0.44771315640880854,9894.90744,1.425140901361432,0.9090482286571386
2025-09-30,18772,AKRO,AKERO THERAPEUTICS INC,35,-0.025273096180240737,0.012740999999999999,-0.32636928289102196,3737.88597,0.22173383954474712,0.7052414958909994
2025-09-30,18835,DKNG,DRAFTKINGS INC,25,-0.03,-0.22381800000000002,-0.22358366271409746,23820.6306,1.8484515765145344,1.2706668033125585
2025-09-30,18973,BRC,BRADY CORP,20,0.01201658539391363,-0.003949,0.25962732919254655,3418.10816,0.8071258545997196,0.6426311378442757
2025-09-30,19098,HESM,HESS MIDSTREAM L P,10,0.00025785901424343736,-0.164717,0.426463391680783,5400.702000000001,0.6554973021996752,0.5445434787406616
2025-09-30,19201,RVMD,REVOLUTION MEDICINES INC,35,-0.025308140509740625,0.226609,-0.39619800489365703,7097.846009999999,1.1928061862141892,0.8840994771809846
2025-09-30,19484,PCVX,VAXCYTE INC,35,-0.0077242634429112575,0.166551,-0.3823451910408432,3997.2501700000003,0.9908868439638933,0.9553617680894875
2025-09-30,19488,RNA,AVIDITY BIOSCIENCES INC,35,-0.03,-0.067929,-0.544042913608131,5992.656739999999,1.0419209857948368,0.9921784431374512
2025-09-30,19561,BA,BOEING CO,20,-0.03,-0.08363100000000001,-0.3410314323357801,177455.15944000002,1.4730887546078972,1.1150725309328589
2025-09-30,19577,RKT,ROCKET COMPANIES INC,40,-0.03,0.087293,-0.5614530397139094,4542.7228,2.246684549248776,1.1423866492777526
2025-09-30,19655,STEP,STEPSTONE GROUP INC,40,-0.028319668416436756,0.04906,-0.38580839450404675,4874.99918,1.3436929328852585,1.403453029969752
2025-09-30,20067,SOFI,SOFI TECHNOLOGIES INC,40,-0.03,0.031147,-0.5602296254470167,30582.873,2.417289799661087,1.8463817082197969
2025-09-30,20188,CRC,CALIFORNIA RESOURCES CORP,10,0.03,0.067142,0.42364012798795414,4157.222400000001,1.634228828676553,0.839890002318949
2025-09-30,20583,EXE,EXPAND ENERGY CORP,10,-0.025011576816899996,0.094439,0.006192358366271395,23047.76988,0.45176370178334013,0.5886186431730183
2025-09-30,20648,RBLX,ROBLOX CORP,50,-0.007473342012079334,0.108498,-0.5146809712027103,80364.66147,1.6401556431598578,1.2489869152634459
2025-09-30,20894,APP,APPLOVIN CORP,45,0.00020628800507136585,0.49805999999999995,-0.02843967626576319,147231.51324,2.376817099209199,2.6295819323283927
2025-09-30,20930,SOC,SABLE OFFSHORE CORP,10,-0.0007708027934846574,-0.356163,-0.3749670619235837,2684.69886,0.5874364217739615,0.9709117265681653
2025-09-30,21357,DOCS,DOXIMITY INC,35,0.01013502478876936,0.073376,-0.12309429700734047,9273.67412,1.4173811412905417,1.5084510184288038
2025-09-30,21619,OKLO,OKLO INC,55,-0.03,0.512579,-0.5971767363071712,10869.92676,0.7227934674030413,1.3326811347950882
2025-09-30,21927,DJT,TRUMP MEDIA & TECH GRP CORP,50,-0.03,-0.06662900000000001,-0.4267645398080181,4856.98451,1.9557931026385613,0.6080989062092644
2025-09-30,22220,NN,NEXTNAV INC,45,-0.03,-0.200389,-0.47018633540372673,2371.06311,1.2311755824645205,0.9130140110614658
2025-09-30,22758,ACLX,ARCELLX INC,35,-0.0290454,0.179859,-0.32403538490495004,3848.3000100000004,0.2348530596947751,0.6515402730502329
2025-09-30,23054,SOUN,SOUNDHOUND AI INC,45,-0.015791118111567748,0.231714,-0.5374176548089593,4884.46602,2.6663100321952387,1.9527566160058623
2025-09-30,27422,CLF,CLEVELAND CLIFFS INC NEW,15,-0.03,0.131575,-0.5667795972143798,5317.97125,1.954025870594947,1.8053583503254533
2025-09-30,35263,TRMK,TRUSTMARK CORP,40,0.003624426563324304,-0.019947,0.3872388481084133,2430.9790900000003,0.7413566814036145,0.722100529380757
2025-09-30,37568,FELE,FRANKLIN ELECTRIC INC,20,0.02860897368340516,-0.030491,0.3403914925654056,4353.3021,1.077201803187526,0.8949821127150923
2025-09-30,39538,MAT,MATTEL INC,25,0.0016375426845765331,-0.083637,0.18424618859401473,5896.26,0.6895906012327992,1.0402295307543967
2025-09-30,46463,GFF,GRIFFON CORP,20,0.02806599,-0.00344,0.11791831357048745,3545.93344,1.2013289121644253,1.0530273591862969
2025-09-30,46690,CBT,CABOT CORP,15,0.02195943482928689,-0.07086700000000001,0.13250517598343683,4339.3182400000005,0.9200675632982139,0.9149372098357712
2025-09-30,46886,KLAC,K L A CORP,45,0.029052657218609997,0.233618,0.1735177865612648,115069.99200000001,1.4194029139871667,1.622184801506895
2025-09-30,48486,LRCX,LAM RESH CORP,45,0.008602596934120951,0.336395,0.1815923207227555,126751.94315000002,1.719440089068886,1.732652876356619
2025-09-30,56223,LPX,LOUISIANA PACIFIC CORP,15,0.017780133434888514,-0.069233,0.0014304536043666502,6623.55551,1.8238323576874331,1.0509127269533904
2025-09-30,59010,GAP,GAP INC,25,0.02694783184451785,-0.031478,0.03226049313005833,8211.18266,2.008545329431494,1.4051300246135674
2025-09-30,59328,INTC,INTEL CORP,45,-0.0011795510980782717,0.374514,-0.4631469979296066,113720.7823,1.190070490824315,1.6176722228978222
2025-09-30,65700,USLM,UNITED STATES LIME MINERALS INC,15,0.016995693563703958,0.041402,0.18876341050254095,3606.3488,1.027393700968745,1.0409472237311295
2025-09-30,75510,ADBE,ADOBE INC,45,0.025491665971969224,-0.014383,0.28520609824957643,149814.0,1.3912130769765825,1.1171030189557876
2025-09-30,75603,CRUS,CIRRUS LOGIC INC,45,0.0219327577069001,0.093897,0.25439488048183695,5861.60108,1.0101687607684244,1.2045645777388483
2025-09-30,76661,IONS,IONIS PHARMACEUTICALS INC,35,-0.02964504,0.531111,-0.23986448334274416,6795.635284999999,0.2981690827504921,0.7252109996375105
2025-09-30,76721,CRVL,CORVEL CORP,35,0.025789824430739995,-0.13391,0.3178618482966309,4569.42265,0.9669001120655044,0.680044739232865
2025-09-30,79637,UHS,UNIVERSAL HEALTH SERVICES INC,35,0.028241506486277414,0.12382699999999999,0.22828910220214568,10238.93304,1.206952579645761,0.7821086454496087
2025-09-30,80128,VMI,VALMONT INDUSTRIES INC,20,0.0048533820269966894,0.054697,0.29945416901938643,7246.21456,1.1647052620737486,1.028789146581123
2025-09-30,81282,ACIW,A C I WORLDWIDE INC,45,0.026559845071366182,0.065992,0.1660079051383399,5092.5252,1.060825765585798,1.0200832203869215
2025-09-30,81736,RMD,RESMED INC,35,0.0010960818526237388,-0.00615,0.2182006399397704,40192.381649999996,0.8489998950686827,0.676321721816444
2025-09-30,82307,DVA,DAVITA INC,35,0.018387063926794796,-0.038806,0.16926406926406923,9849.84,1.124621528530239,0.5462545340909826
2025-09-30,82800,SCCO,SOUTHERN COPPER CORP,15,0.0013008353643156891,0.259674,0.2162808206286467,78043.24101,0.970719902037328,0.9699204417768793
2025-09-30,84761,TTWO,TAKE TWO INTERACTIVE SOFTWR INC,50,-0.028603280987819998,0.104249,-0.13069828722002635,43031.3169,0.9840595772584372,0.7322193066054641
2025-09-30,84827,RMBS,RAMBUS INC,45,0.018061305643754473,0.40918899999999997,0.06604554865424431,7937.209379999999,1.3955890278062848,1.8202626268163946
2025-09-30,85072,RL,RALPH LAUREN CORP,25,0.01400292760531826,0.055786,0.23626952757387548,11489.11249,1.6194384547031615,1.168283222591075
2025-09-30,85621,MTD,METTLER TOLEDO INTERNATIONAL INC,35,0.03,-0.059749,0.1295313382269904,26800.12296,1.3083725785138778,1.125197544534597
2025-09-30,87430,KTOS,KRATOS DEFENSE & SECUR SOLS INC,20,-0.03,0.384449,-0.5128176171654432,11113.4628,1.1181032291052546,1.221782929024166
2025-09-30,87759,WULF,TERAWULF INC,45,-0.03,0.205157,-0.614643327686806,3875.94585,3.4851382042333072,2.1865610733495195
2025-09-30,88159,EXEL,EXELIXIS INC,35,0.02526932541114,0.100379,0.28605307735742513,10073.57626,0.311851247624604,0.6600780623292513
2025-09-30,88351,INSM,INSMED INC,35,-0.03,0.05481,-0.44511575381140595,28768.137499999997,0.9943014157079535,0.5818670932526119
2025-09-30,89301,GME,GAMESTOP CORP NEW,25,-0.022296452741426855,0.214005,-0.09887069452286845,10024.79976,1.6286238613222714,0.44852184470045087
2025-09-30,89916,NXST,NEXSTAR MEDIA GROUP INC,50,0.03,-0.036507,0.2591003199698852,6200.53148,1.0458136646303542,0.8914025742360516
2025-09-30,89968,PIPR,PIPER SANDLER COMPANIES,40,0.03,0.036237,-0.006305288913984567,5905.07889,1.4437639158940871,1.378263081457858
2025-09-30,90319,GOOGL,ALPHABET INC,50,0.03,0.139513,0.1704498400150574,1238497.47,0.9485177090427307,1.063352299873495
2025-09-30,90436,HALO,HALOZYME THERAPEUTICS INC,35,0.03,-0.000712,0.38104648974214195,8556.0629,1.204237211486953,0.890618639015686
2025-09-30,90564,PBH,PRESTIGE CONSUMER HEALTHCARE INC,35,0.007694832747705603,-0.086201,0.188085827216262,3348.5205600000004,0.4515334446713883,0.42200588033735176
2025-09-30,91594,SPR,SPIRIT AEROSYSTEMS HOLDINGS INC,20,-0.03,-0.075201,-0.18456615847920196,4883.45621,1.7834564128933184,0.6154793581727882
2025-09-30,91733,AVAV,AEROVIRONMENT INC,20,-0.02520906646032,0.301394,-0.3366836062488236,12051.0882,1.0543802292973594,1.2121062481293567
2025-09-30,91832,MDGL,MADRIGAL PHARMACEUTICALS INC,35,-0.03,0.044219,-0.28539431582909847,9759.238650000001,-0.39976541391670695,0.24091228564147624
2025-09-30,91907,SMCI,SUPER MICRO COMPUTER INC,45,-0.021018629999999996,0.150759,-0.42776209297948425,24686.10042,1.4804588652796955,2.1886229904844123
2025-09-30,92469,SATS,ECHOSTAR CORP,50,-0.03,0.23249,-0.5286843591191417,9661.97872,0.9943460921894778,1.4320716640432951
2025-09-30,92852,LOPE,GRAND CANYON EDUCATION INC,25,0.029708150607014212,0.085742,0.3115565593826463,5661.49659,0.7558618376227668,0.6266789224916696
2025-09-30,93330,PRI,PRIMERICA INC,40,0.02011319853847945,0.027321,0.2706757011104837,8724.191939999999,0.9863629634351844,0.803962850346742
2025-10-31,10693,EHC,ENCOMPASS HEALTH CORP,35,0.03,-0.10558500000000001,0.30250547128518607,12793.96248,0.912095001211217,0.608625538084781
2025-10-31,11691,MATX,MATSON INC,20,0.026356953848795387,0.02067,0.2908082408874802,3134.07751,1.2064141990284039,1.0392698205266702
2025-10-31,12623,HII,HUNTINGTON INGALLS INDS INC,20,-0.03,0.115207,-0.11940608255980681,11297.876310000001,0.3979627974668173,0.7916337647398528
2025-10-31,13046,UI,UBIQUITI INC,45,0.03,0.188382,0.18155233567277942,39964.42942,1.523942360379128,1.4135505051770536
2025-10-31,13788,ZTS,ZOETIS INC,35,0.025130813419045668,-0.015091,0.3187306618368425,64846.53655999999,0.8521324273206822,0.7074768802579909
2025-10-31,13967,PTCT,P T C THERAPEUTICS INC,35,0.03,0.109817,0.05724096294619273,4905.42684,0.5786436010880376,0.945368527848649
2025-10-31,14318,NMIH,N M I HOLDINGS INC,40,0.0238697540275482,-0.053085,0.22336050109425706,2955.8606400000003,0.5478839977982747,0.6780080308251242
2025-10-31,14436,RARE,ULTRAGENYX PHARMACEUTICALS INC,35,-0.005011915808624369,0.14699800000000002,-0.45664478152592264,2900.9753599999995,0.29278480675181345,0.9247225586615738
2025-10-31,14472,VRNS,VARONIS SYSTEMS INC,45,-0.0050724139569790555,-0.390253,-0.32893743868387293,6775.5405900000005,0.7360544101670904,0.947455173312604
2025-10-31,14960,ENVA,ENOVA INTERNATIONAL INC,40,0.02836488,0.035658,0.19953211078409175,2878.7461700000003,1.5530398990291046,1.1809526701324478
2025-10-31,15058,SLNO,SOLENO THERAPEUTICS INC,35,-0.03,-0.009777000000000001,-0.38531054260055847,3630.3903999999998,-0.6841122098681094,0.13458218628759763
2025-10-31,15303,VKTX,VIKING THERAPEUTICS INC,35,-0.024013354879499998,0.445743,-0.48620858803109207,2955.10716,0.6604915869321797,0.9740925532088014
2025-10-31,15831,AXSM,AXSOME THERAPEUTICS INC,35,-0.006522468167433413,0.10821800000000001,-0.13710286016149723,6109.9066,0.5584380415211504,0.604203419680025
2025-10-31,16126,AZZ,A Z Z INC,20,0.007749240741119615,-0.08646000000000001,0.3481435363368802,3275.42782,1.3081453857498675,1.0131197488477426
2025-10-31,16260,MEDP,MEDPACE HOLDINGS INC,35,0.03,0.134335,0.01822503961965136,14482.858879999998,1.38420274751704,1.6055081383214775
2025-10-31,16653,HCC,WARRIOR MET COAL INC,15,-0.014421061089763838,0.062728,-0.31054260055844846,3345.49116,0.8326675743857526,0.6314397096909188
2025-10-31,16680,QXO,Q X O INC,20,-0.019468609894956745,-0.07619600000000001,-0.42408120141876093,12837.99642,2.4765312480088584,0.27815045171993547
2025-10-31,16738,AM,ANTERO MIDSTREAM CORP,10,0.03,-0.104849,0.5489397026639499,9302.05944,0.8617233418114508,0.6240358541408135
2025-10-31,16967,CARG,CARGURUS INC,50,0.03,-0.059943,0.4552675269790959,3049.47207,1.5787527182157624,1.0660039982091862
2025-10-31,17223,ADT,A D T INC,25,0.03,0.011657,0.3098445400347144,6763.550170000001,1.0368601657199203,0.8214450037457576
2025-10-31,17332,VCTR,VICTORY CAPITAL HOLDINGS INC,40,0.027351329999999997,-0.041718,0.11734963398988753,4214.71032,1.1008978337865243,1.2575110743365274
2025-10-31,17959,CRNX,CRINETICS PHARMACEUTICALS INC,35,-0.03,0.04115,-0.4710210550147158,3937.9242,0.3533870506309717,0.9461393316105099
2025-10-31,18424,LEVI,LEVI STRAUSS & CO,25,0.004683758664864649,-0.126958,0.3331446683269187,2436.8538,1.3069995303272908,1.2281982049075524
2025-10-31,18428,DOW,DOW INC,15,-0.02783007,0.036854,-0.4751905516564787,16253.792920000002,0.8427235917331941,1.232339783344925
2025-10-31,18726,CRWD,CROWDSTRIKE HOLDINGS INC,45,-0.007721673410446252,0.10405700000000001,-0.47934118179760027,123063.3129,1.2302251255943044,1.4151256502335803
2025-10-31,18770,BBIO,BRIDGEBIO PHARMA INC,35,-0.03,0.202739,-0.4431929665685609,10005.35802,1.51507852108598,0.9485515167721087
2025-10-31,18772,AKRO,AKERO THERAPEUTICS INC,35,-0.02559510069867318,0.138265,-0.3611991547807713,3805.4745199999998,0.18781761252621315,0.7110718137504816
2025-10-31,18973,BRC,BRADY CORP,20,0.007686395747737194,-0.02715,0.14330993887253793,3398.6746799999996,0.7595906663016699,0.674073732626998
2025-10-31,19098,HESM,HESS MIDSTREAM L P,10,0.0002153852509943011,-0.020634,0.3669723039770584,4528.98675,0.5739057170341196,0.5724702999132266
2025-10-31,19201,RVMD,REVOLUTION MEDICINES INC,35,-0.03,0.256689,-0.4802467738283903,8859.503700000001,1.3178517677854313,0.9553740154703383
2025-10-31,19455,OPEN,OPENDOOR TECHNOLOGIES INC,60,0.019803967400625858,-0.028362000000000002,-0.33384272885065286,6149.12598,3.756660992265474,3.5221791442241184
2025-10-31,19484,PCVX,VAXCYTE INC,35,-0.009010747243591572,0.253811,-0.3968568409931326,4683.64458,1.0596198175428269,0.8748519540926134
2025-10-31,19488,RNA,AVIDITY BIOSCIENCES INC,35,-0.03,0.599899,-0.5587314164968682,6394.81247,1.0213012157143135,1.042549956742981
2025-10-31,19561,BA,BOEING CO,20,-0.02749107,-0.071887,-0.34384197419062706,163201.58114000002,1.4585062068961399,1.0818588522123984
2025-10-31,19577,RKT,ROCKET COMPANIES INC,40,-0.03,-0.143619,-0.5454871330465625,4954.303199999999,2.184268383776346,1.1216884206323479
2025-10-31,19655,STEP,STEPSTONE GROUP INC,40,-0.029709031348947146,-0.071098,-0.45643725001886654,5167.5884399999995,1.3791765114416685,1.4642553247467796
2025-10-31,19751,LCID,LUCID GROUP INC,25,-0.03,-0.257156,-0.5555618443891027,7711.861559999999,1.0612013333839208,1.4382534330134995
2025-10-31,20067,SOFI,SOFI TECHNOLOGIES INC,40,-0.03,0.12012300000000001,-0.5533921968153347,31824.7394,2.405852259064776,1.8735856562459865
2025-10-31,20188,CRC,CALIFORNIA RESOURCES CORP,10,0.03,-0.11628,0.31380650516942116,4450.6341999999995,1.6345562575885164,0.860036739166299
2025-10-31,20583,EXE,EXPAND ENERGY CORP,10,-0.025142208942063936,-0.030847,-0.017847709606822113,25301.056,0.46503496958835566,0.5778762842815025
2025-10-31,20648,RBLX,ROBLOX CORP,50,-0.008284184673705917,-0.182304,-0.5016979850577314,89349.97116000002,1.6492057810581198,1.2685572964790677
2025-10-31,20894,APP,APPLOVIN CORP,45,0.0003090318088772103,-0.116289,-0.034487963172590765,221436.78303999998,2.457691056082208,2.6428973776873534
2025-10-31,21053,BBAI,BIGBEAR AI HOLDINGS INC,45,-0.03,0.058082,-0.6782129650592408,2416.9835599999997,3.043607465918063,1.3343483582927922
2025-10-31,21357,DOCS,DOXIMITY INC,35,0.010878692367670102,-0.10101199999999999,-0.01805524111387819,9977.660000000002,1.4221995716848042,1.527126209675065
2025-10-31,21619,OKLO,OKLO INC,55,-0.03,0.186108,-0.6121236133122027,16477.59267,0.8177652666380618,1.381703153029591
2025-10-31,21927,DJT,TRUMP MEDIA & TECH GRP CORP,50,-0.02800113,-0.06995499999999999,-0.3627084748320882,4597.5671600000005,1.9220344749307625,0.5876107349276255
2025-10-31,22758,ACLX,ARCELLX INC,35,-0.03,0.096001,-0.3765187533016377,4743.4096,0.26641711993573025,0.6609766956098185
2025-10-31,23054,SOUN,SOUNDHOUND AI INC,45,-0.019450141253671557,0.092503,-0.5328654441174252,6211.704,2.681604592575585,1.9923164810603675
2025-10-31,27422,CLF,CLEVELAND CLIFFS INC NEW,15,-0.03,0.015585000000000002,-0.6025394309863407,6035.2789999999995,1.9788374507894801,1.8147231341095567
2025-10-31,35263,TRMK,TRUSTMARK CORP,40,0.0035521301266656737,-0.06336900000000001,0.42530752396045585,2380.9896,0.7093862032309713,0.720571049500255
2025-10-31,37568,FELE,FRANKLIN ELECTRIC INC,20,0.027736657466824452,-0.007785,0.3752924307599426,4237.1616,1.077079264085858,0.8954951443365342
2025-10-31,39538,MAT,MATTEL INC,25,0.0015005835270666056,0.08882899999999999,0.21926647045505998,5231.92527,0.7094240736127493,1.0564891367131322
2025-10-31,46463,GFF,GRIFFON CORP,20,0.0279694429944,-0.031369999999999995,0.1767413780092069,3545.46785,1.163818960513995,1.046732321703684
2025-10-31,46690,CBT,CABOT CORP,15,0.020403235561239814,-0.115957,0.2429816617613765,4046.1641999999997,0.9011769874986181,0.9239436092938925
2025-10-31,46886,KLAC,K L A CORP,45,0.03,0.11738799999999999,0.13712172666213873,141853.15759999998,1.441719502548506,1.5843839756537133
2025-10-31,48486,LRCX,LAM RESH CORP,45,0.01149646752977457,0.172684,0.13370689004603428,168603.6664,1.7806924908253687,1.7443449166154172
2025-10-31,56223,LPX,LOUISIANA PACIFIC CORP,15,0.01654916145679088,-0.022741,0.030959927552637514,6186.906440000001,1.784812160904113,1.075807638631648
2025-10-31,59010,GAP,GAP INC,25,0.026099567993716117,0.07350699999999999,0.0086597237944306,7936.6953300000005,2.010530235645208,1.419495596998081
2025-10-31,59328,INTC,INTEL CORP,45,-0.0016213094980239576,0.18868400000000002,-0.4879820390913894,159899.3,1.2753510778039143,1.697884544597259
2025-10-31,65700,USLM,UNITED STATES LIME MINERALS INC,15,0.017699349268628428,-0.1122,0.24092521319145724,3767.5920000000006,1.0204345625908202,1.0188509205874046
2025-10-31,75510,ADBE,ADOBE INC,45,0.02512501934029439,-0.038534,0.2658667270394688,147661.15,1.3914137931121766,1.093499569249323
2025-10-31,75603,CRUS,CIRRUS LOGIC INC,45,0.023992177857304897,0.055476,0.2484152139461173,6392.04522,1.070675600912299,1.1845699980987319
2025-10-31,76661,IONS,IONIS PHARMACEUTICALS INC,35,-0.03,0.13247,-0.3586710436948154,10541.64796,0.34591157705753967,0.8365495216449879
2025-10-31,76721,CRVL,CORVEL CORP,35,0.022336309041219603,-0.048089,0.2546411591577994,3971.10406,0.9553327660648745,0.7073750473207984
2025-10-31,77357,SNPS,SYNOPSYS INC,45,-0.00663415638309274,-0.08346799999999999,-0.580050562221719,91646.69911,1.069383512092343,1.9187329847416412
2025-10-31,79637,UHS,UNIVERSAL HEALTH SERVICES INC,35,0.03,0.058217,0.1928911025582975,11527.96272,1.2254629071323275,0.7950048048099533
2025-10-31,80128,VMI,VALMONT INDUSTRIES INC,20,0.0051188474637273275,0.06301499999999999,0.19166478001660253,7653.0147400000005,1.1705462266780962,1.0500629901476126
2025-10-31,81282,ACIW,A C I WORLDWIDE INC,45,0.02831258236731578,-0.10067200000000001,0.15457323975549014,5448.81912,1.0399895207455847,1.033262102138792
2025-10-31,81736,RMD,RESMED INC,35,0.0010893409492301028,-0.101357,0.2674515130933514,40078.17795,0.8352310263109621,0.6691332380951005
2025-10-31,82307,DVA,DAVITA INC,35,0.017673535524051598,-0.10750499999999999,0.19609840766734582,9500.205,1.1217625132819529,0.5406060341816774
2025-10-31,82800,SCCO,SOUTHERN COPPER CORP,15,0.0016386284867090013,0.140437,0.1164440419590974,98567.25704,0.9952462750829367,0.9537675214056668
2025-10-31,84761,TTWO,TAKE TWO INTERACTIVE SOFTWR INC,50,-0.03,-0.01097,-0.17181722134178554,47719.092,0.9976762820061038,0.7454686524520664
2025-10-31,84827,RMBS,RAMBUS INC,45,0.025451793238816724,-0.01632,-0.031356124066108215,11217.130000000001,1.469639714314294,1.8651266213940467
2025-10-31,85072,RL,RALPH LAUREN CORP,25,0.014784094924708542,0.016186,0.192174175533922,12132.57708,1.6284431260434482,1.2331898741123024
2025-10-31,85621,MTD,METTLER TOLEDO INTERNATIONAL INC,35,0.028207529999999998,0.150429,0.12804693985359594,25287.538389999998,1.3091661318903804,1.1336812234038305
2025-10-31,87430,KTOS,KRATOS DEFENSE & SECUR SOLS INC,20,-0.03,-0.011695,-0.5402799788695193,15426.819430000001,1.1774432267049357,1.2461297616630063
2025-10-31,87759,WULF,TERAWULF INC,45,-0.03,0.354,-0.6097841672326617,4736.3879,3.5444439184050602,2.253221984258893
2025-10-31,88159,EXEL,EXELIXIS INC,35,0.027805835026584822,-0.06694800000000001,0.21539883782356045,11072.4474,0.3615212331249934,0.6682815637531767
2025-10-31,88351,INSM,INSMED INC,35,-0.03,0.313307,-0.4491925137725455,30614.07783,1.0444484690178752,0.5983983031938386
2025-10-31,89301,GME,GAMESTOP CORP NEW,25,-0.02706800511035591,-0.176013,-0.14195155082635277,12212.32848,1.8081695767508188,0.4384834096191413
2025-10-31,89916,NXST,NEXSTAR MEDIA GROUP INC,50,0.02890479,-0.013433,0.2825258471058788,5996.267760000001,1.0211950304745336,0.913284291642355
2025-10-31,90436,HALO,HALOZYME THERAPEUTICS INC,35,0.03,-0.114394,0.3476341408195608,8619.13682,1.1748811034033575,0.8862780087132478
2025-10-31,90564,PBH,PRESTIGE CONSUMER HEALTHCARE INC,35,0.007031530470020632,-0.032114000000000004,0.25673534072900156,3070.9536,0.43697967091675044,0.420063985603144
2025-10-31,91516,AWI,ARMSTRONG WORLD INDS INC NEW,20,0.026458474871882177,-0.031736,0.39517772243604254,8479.00058,1.4432996061785794,0.7710976605462921
2025-10-31,91594,SPR,SPIRIT AEROSYSTEMS HOLDINGS INC,20,-0.02774397,-0.05275,-0.1863255603350691,4532.3734,1.752604039433734,0.6133445420661023
2025-10-31,91733,AVAV,AEROVIRONMENT INC,20,-0.03,0.17146,-0.5793713681986264,15723.08748,1.0275813462698358,1.176255795717546
2025-10-31,91832,MDGL,MADRIGAL PHARMACEUTICALS INC,35,-0.03,-0.08995500000000001,-0.2893932533393705,10413.416640000001,-0.38596184418286517,0.24394059118125175
2025-10-31,91907,SMCI,SUPER MICRO COMPUTER INC,45,-0.024187377640169996,0.08058699999999999,-0.46475737680175083,28612.365779999996,1.4744624933360209,2.192688439428298
2025-10-31,92469,SATS,ECHOSTAR CORP,50,-0.03,-0.022781,-0.5228661987774508,11947.20924,0.9785768058908467,1.397739086744571
2025-10-31,92852,LOPE,GRAND CANYON EDUCATION INC,25,0.03,-0.145487,0.4015923326541393,6147.438080000001,0.7191932717879992,0.6187717411719313
2025-10-31,93330,PRI,PRIMERICA INC,40,0.020662711235749247,-0.067103,0.20594672100218853,8991.417689999998,0.9623075746134468,0.8371221594929578
2025-11-30,10693,EHC,ENCOMPASS HEALTH CORP,35,0.026832449999999997,0.017804999999999998,0.19364205162788956,11467.4274,0.8946651239579301,0.5897687431478622
2025-11-30,11691,MATX,MATSON INC,20,0.026901752084849986,0.080134,0.28378479637330933,3209.0995500000004,1.288250107407662,0.9844586342438049
2025-11-30,12400,LPLA,L P L FINANCIAL HOLDINGS INC,40,-0.009814459068234194,-0.058625000000000003,-0.3991045670825372,30199.137779999997,0.672205289908285,0.9735142261737667
2025-11-30,12623,HII,HUNTINGTON INGALLS INDS INC,20,-0.03,-0.024812,-0.06889962908845679,12636.38682,0.41462937893270463,0.6371516022044057
2025-11-30,13046,UI,UBIQUITI INC,45,0.03,-0.261185,0.12629725375594772,47624.39,1.5659228554672109,1.4254294199123108
2025-11-30,13788,ZTS,ZOETIS INC,35,0.03,-0.113429,0.3308043909932187,63858.238470000004,0.8484627984863115,0.6849982183201456
2025-11-30,13967,PTCT,P T C THERAPEUTICS INC,35,0.03,0.255808,0.12766475591023196,5460.15492,0.6154187857129054,0.8691835583679599
2025-11-30,14318,NMIH,N M I HOLDINGS INC,40,0.022602628134995802,0.044202,0.25034655876512685,2800.30124,0.5996884363249159,0.6746611863509463
2025-11-30,14436,RARE,ULTRAGENYX PHARMACEUTICALS INC,35,-0.005748657408660534,0.0013230000000000004,-0.44698587538870777,3338.1387999999997,0.36355186812944645,0.9416757303856176
2025-11-30,14472,VRNS,VARONIS SYSTEMS INC,45,-0.0030928891930261083,-0.06432299999999999,-0.4182495972425162,4153.51131,0.720187130448971,1.564473909849425
2025-11-30,14960,ENVA,ENOVA INTERNATIONAL INC,40,0.02937631489104,0.093333,0.16910194447566593,2965.57514,1.5392102281407256,1.2041144802288968
2025-11-30,15058,SLNO,SOLENO THERAPEUTICS INC,35,-0.03,-0.251821,-0.3653666029747855,3607.1636,-0.7773345977127739,0.1289957308187192
2025-11-30,15303,VKTX,VIKING THERAPEUTICS INC,35,-0.03,-0.036363,-0.5064628526469596,4304.410879999999,0.659364530428221,0.9440353112792701
2025-11-30,16126,AZZ,A Z Z INC,20,0.0070792413866424125,0.052772,0.35075493612078984,3001.19145,1.3051698648244954,0.9896406959349571
2025-11-30,16260,MEDP,MEDPACE HOLDINGS INC,35,0.03,0.009895999999999999,0.07802255441909255,16475.74488,1.3912208376042787,1.5928424525676996
2025-11-30,16653,HCC,WARRIOR MET COAL INC,15,-0.015325665409802541,0.15216400000000002,-0.27157094151586675,3566.2809600000005,0.8030425004262354,0.6398711250548403
2025-11-30,16680,QXO,Q X O INC,20,-0.03,0.056977,-0.4273537896669289,11901.752190000001,2.482822254844307,0.2708921554405264
2025-11-30,16738,AM,ANTERO MIDSTREAM CORP,10,0.02685453,0.041046,0.48130455958937474,8215.74375,0.8863297457306396,0.6121467874773904
2025-11-30,16967,CARG,CARGURUS INC,50,0.03,0.0015440000000000002,0.4337417106889963,2853.0434399999995,1.5634566675498618,1.0777049025734906
2025-11-30,17223,ADT,A D T INC,25,0.03,-0.069754,0.378891761267843,6864.498680000001,0.9943276033331324,0.6387477518502471
2025-11-30,17332,VCTR,VICTORY CAPITAL HOLDINGS INC,40,0.026210287215059996,0.006945000000000001,0.14486156382301152,4043.5024500000004,1.122051781324909,1.2338905321640692
2025-11-30,17821,SRRK,SCHOLAR ROCK HOLDING CORP,35,-0.03,0.484496,-0.4791128095612754,2937.44502,1.0287969139017754,0.53953047821581
2025-11-30,17959,CRNX,CRINETICS PHARMACEUTICALS INC,35,-0.03,0.044344,-0.446536285639354,4127.802,0.29122294790096975,0.9292191426367613
2025-11-30,18424,LEVI,LEVI STRAUSS & CO,25,0.004089118032290763,0.08327999999999999,0.25220111648121085,2121.00408,1.353592868110743,1.2527894724388893
2025-11-30,18428,DOW,DOW INC,15,-0.028855719399779996,0.011663,-0.4430706979880859,16951.792950000003,0.8449806283718503,1.2873748330551302
2025-11-30,18726,CRWD,CROWDSTRIKE HOLDINGS INC,45,-0.008525167580517058,-0.06534999999999999,-0.4235510097036454,136880.87478,1.2107194864685602,1.4050032915365305
2025-11-30,18770,BBIO,BRIDGEBIO PHARMA INC,35,-0.03,0.146573,-0.38258214379378813,12071.29176,1.534687356593389,0.983679871998722
2025-11-30,18772,AKRO,AKERO THERAPEUTICS INC,35,-0.02913400729677523,-5.9999999999999724e-05,-0.37064928252969154,4376.8126,0.14841933167054178,0.6897672712899462
2025-11-30,18910,NVST,ENVISTA HOLDINGS CORP,35,0.006104865957798321,0.024014999999999998,0.2211606908695815,3346.0691,1.056143534125548,1.0922456657760407
2025-11-30,18973,BRC,BRADY CORP,20,0.006071320387476689,0.027682,0.24365891124349037,3306.3359599999994,0.7470787621260961,0.6602939616724522
2025-11-30,19098,HESM,HESS MIDSTREAM L P,10,0.00021094099172528467,0.011387000000000001,0.40230789404668243,4450.33575,0.605370879814113,0.5731379371889727
2025-11-30,19201,RVMD,REVOLUTION MEDICINES INC,35,-0.03,0.318538,-0.45978045033906556,11374.9488,1.3028147533577665,0.9273619824867306
2025-11-30,19455,OPEN,OPENDOOR TECHNOLOGIES INC,60,0.019242287277209308,0.003562,-0.3384286838260087,6005.00565,3.7488842380517173,3.5257593125353917
2025-11-30,19484,PCVX,VAXCYTE INC,35,-0.011297774012234793,0.092615,-0.3897943126896707,5927.423680000001,1.0155995161074511,0.8598796141389503
2025-11-30,19488,RNA,AVIDITY BIOSCIENCES INC,35,-0.03,0.023473,-0.6019257427597318,10524.718599999998,1.015835085645828,1.1997093218917816
2025-11-30,19561,BA,BOEING CO,20,-0.025514819450909998,-0.062807,-0.3000449589749353,152794.29690000002,1.4316242365714456,1.0744417677402065
2025-11-30,19577,RKT,ROCKET COMPANIES INC,40,-0.03,0.19626800000000003,-0.49608482259937803,16110.40326,2.1696919427352452,1.0856808558684754
2025-11-30,19655,STEP,STEPSTONE GROUP INC,40,-0.0275967786380997,0.039037999999999996,-0.43213068075381217,4817.06912,1.3717556121090784,1.4902310380766035
2025-11-30,19751,LCID,LUCID GROUP INC,25,-0.02228532,-0.235125,-0.474860439848638,5753.982,1.0523203306565083,1.4005416725783453
2025-11-30,20067,SOFI,SOFI TECHNOLOGIES INC,40,-0.03,-0.001664,-0.5622494473792664,35791.20104,2.4124827904584634,1.8691498921021485
2025-11-30,20188,CRC,CALIFORNIA RESOURCES CORP,10,0.0265116,0.009920000000000002,0.3881458169420403,3947.6573,1.6056196167410322,0.8491198352992925
2025-11-30,20648,RBLX,ROBLOX CORP,50,-0.006773944670950634,-0.16736299999999998,-0.4293582106327975,74470.1106,1.6316721916597274,1.240375175738527
2025-11-30,20894,APP,APPLOVIN CORP,45,0.003551140224888354,-0.062400000000000004,-0.030928028174290984,196040.79601,2.4406238091748196,2.661817977431093
2025-11-30,21053,BBAI,BIGBEAR AI HOLDINGS INC,45,-0.03,-0.086827,-0.6940916413772432,3020.71148,3.0406259998877534,1.318171887110257
2025-11-30,21357,DOCS,DOXIMITY INC,35,0.00977981389422701,-0.22361799999999998,-0.018508111348394623,9002.4,1.410462403812754,1.5294836586225937
2025-11-30,21619,OKLO,OKLO INC,55,-0.03,-0.31475400000000003,-0.6119853134015211,19598.046930000004,0.8265311405188275,1.209487027290771
2025-11-30,21927,DJT,TRUMP MEDIA & TECH GRP CORP,50,-0.03,-0.249994,-0.3353752201116481,4290.969349999999,1.9120794277464326,0.4732255451749532
2025-11-30,22758,ACLX,ARCELLX INC,35,-0.03,-0.19736099999999998,-0.3914990071559702,5218.52575,0.2706923652363846,0.6397333958448248
2025-11-30,23054,SOUN,SOUNDHOUND AI INC,45,-0.021249337670059938,-0.31913,-0.5363980367914278,6806.606000000001,2.677830772104001,1.9572219301603226
2025-11-30,27422,CLF,CLEVELAND CLIFFS INC NEW,15,-0.03,0.046063,-0.4985762991270466,6149.208009999999,2.063545548164695,1.9672204475252835
2025-11-30,37568,FELE,FRANKLIN ELECTRIC INC,20,0.02752072758844522,0.0037940000000000005,0.26426510808886894,4218.2127,1.0869030285940757,0.8641488402705496
2025-11-30,46463,GFF,GRIFFON CORP,20,0.027092041567665672,0.013336999999999998,0.25231351391854934,3445.8315900000002,1.1872346783790215,1.0243481385864281
2025-11-30,46690,CBT,CABOT CORP,15,0.018037337575265128,-0.069106,0.2915214866434379,3590.2059200000003,0.91231045785543,0.9149526148431905
2025-11-30,46886,KLAC,K L A CORP,45,0.03,-0.028907000000000002,0.04958600277247009,158818.76608,1.4541803789768128,1.5324191588978853
2025-11-30,48486,LRCX,LAM RESH CORP,45,0.013481723528686162,-0.012284,0.06717620171593423,197774.48380000002,1.8031918755581662,1.7324812826359317
2025-11-30,49429,DDS,DILLARDS INC,25,0.001703208189756767,0.113606,0.42411299689033755,6977.130160000001,1.2286724251205987,0.9561723072636205
2025-11-30,56223,LPX,LOUISIANA PACIFIC CORP,15,0.0071995659586308715,-0.058063000000000003,0.10516653553632312,6066.42751,1.78254249517693,1.0527426467670382
2025-11-30,59328,INTC,INTEL CORP,45,-0.0019272246593491102,0.011241999999999999,-0.3291746281518115,190752.30000000002,1.2574489456589313,1.7065994766246775
2025-11-30,65700,USLM,UNITED STATES LIME MINERALS INC,15,0.01571348228068832,0.034621,0.22393316099059607,3357.06358,1.019676504172815,0.9994471258980546
2025-11-30,75510,ADBE,ADOBE INC,45,0.024156851845035486,-0.062311,0.2681240867708216,142453.766,1.3789762616843506,1.093011068388167
2025-11-30,75603,CRUS,CIRRUS LOGIC INC,45,0.025323167916116746,-0.095813,0.29571765763740593,6769.1295,1.0837828885116636,1.1864952291437376
2025-11-30,76661,IONS,IONIS PHARMACEUTICALS INC,35,-0.03,0.110447,-0.37091154321681463,12034.668199999998,0.34977610217192306,0.8251092276078903
2025-11-30,76709,IDXX,I D E X X LABORATORIES INC,35,0.03,0.19296600000000003,0.19420403881458168,50267.00301,1.5770760907270645,1.313512083608941
2025-11-30,76721,CRVL,CORVEL CORP,35,0.02126217827573639,-0.013423999999999998,0.31096624330298595,3793.11735,0.972846110294503,0.7017512499147964
2025-11-30,77357,SNPS,SYNOPSYS INC,45,-0.006080416618108755,-0.08192,-0.4656625828931101,84407.79708,1.0692064783672244,1.8966525460805914
2025-11-30,79637,UHS,UNIVERSAL HEALTH SERVICES INC,35,0.03,0.119655,0.29564272601251357,12236.75988,1.2403133237179327,0.7480316346849724
2025-11-30,80128,VMI,VALMONT INDUSTRIES INC,20,0.0054414116366541055,-0.004125,0.29397549735866024,8144.571,1.2138993563160734,1.0062370934190463
2025-11-30,81282,ACIW,A C I WORLDWIDE INC,45,0.025462298075233366,-0.019178,0.21692705406316734,4918.08328,1.0696971763536924,1.0119845492206907
2025-11-30,81736,RMD,RESMED INC,35,0.0009789286186389873,0.035707,0.2244951481772882,36029.91408,0.8653083986302021,0.6432547076270317
2025-11-30,82307,DVA,DAVITA INC,35,0.015773542087538433,0.0025329999999999997,0.11827956989247314,8402.812,1.1246456271047127,0.5076033687297307
2025-11-30,82800,SCCO,SOUTHERN COPPER CORP,15,0.0018687525554969531,-0.017331,0.21042673560376152,112731.83320000001,1.0435802053330174,0.9899722124996637
2025-11-30,84827,RMBS,RAMBUS INC,45,0.025036419973159234,-0.073704,-0.02038140197070177,11070.726,1.4705596639879508,1.9018174383110387
2025-11-30,85072,RL,RALPH LAUREN CORP,25,0.015023390285159874,0.14611500000000002,0.29787194185305904,12368.60438,1.6290529868559627,1.2224709115196124
2025-11-30,85621,MTD,METTLER TOLEDO INTERNATIONAL INC,35,0.03,0.039656,0.08373609081712936,29174.15771,1.3344775167955856,1.1408469346716328
2025-11-30,87430,KTOS,KRATOS DEFENSE & SECUR SOLS INC,20,-0.03,-0.16305599999999998,-0.5386834513506426,15296.9946,1.1715375981868015,1.2593287060492515
2025-11-30,87759,WULF,TERAWULF INC,45,-0.03,-0.002367,-0.6310179461241617,6428.5475,3.6396446727201335,2.271806310521543
2025-11-30,88159,EXEL,EXELIXIS INC,35,0.02594428998322502,0.139217,0.1900266007268368,10367.891040000002,0.3155139857529641,0.63821742942214
2025-11-30,88351,INSM,INSMED INC,35,-0.03,0.092821,-0.4831965831179049,40436.5608,1.0633659782902736,0.6005085204332028
2025-11-30,89297,CCOI,COGENT COMMUNICATIONS HLDS INC,50,-0.03,-0.539924,-0.368663594470046,2026.24125,0.7313066938629841,0.804305633575157
2025-11-30,89301,GME,GAMESTOP CORP NEW,25,-0.004165786507207399,0.007755000000000001,-0.03632310516653553,9983.891609999999,1.787296398072582,0.40697992592364723
2025-11-30,89916,NXST,NEXSTAR MEDIA GROUP INC,50,0.02851651195593,-0.011646,0.32269304259862874,5935.31652,1.001836626705797,0.9092083569676598
2025-11-30,90436,HALO,HALOZYME THERAPEUTICS INC,35,0.03,0.092248,0.3645985538196395,7666.148429999999,1.189197743123086,0.833161595883122
2025-11-30,90564,PBH,PRESTIGE CONSUMER HEALTHCARE INC,35,0.00680571990050639,-0.020339,0.2445955565546439,2982.3684,0.4119907447282705,0.40591029850229227
2025-11-30,91516,AWI,ARMSTRONG WORLD INDS INC NEW,20,0.025618788713348124,-0.00483,0.24815480873702747,8212.86504,1.4138291648263381,0.7657560775828277
2025-11-30,91531,OC,OWENS CORNING NEW,20,0.025709799687181782,-0.11353,0.3398711176051852,10646.68068,1.2921384284777597,1.172674542352938
2025-11-30,91594,SPR,SPIRIT AEROSYSTEMS HOLDINGS INC,20,-0.0262804755825,-0.0019219999999999999,-0.17873065827432466,4308.10311,1.7477253721323265,0.6087274588465192
2025-11-30,91733,AVAV,AEROVIRONMENT INC,20,-0.03,-0.24753099999999997,-0.5928215503353191,18468.49657,1.104077950248674,1.1991933331367968
2025-11-30,91832,MDGL,MADRIGAL PHARMACEUTICALS INC,35,-0.02730135,0.422101,-0.20149113933535645,9513.6379,-0.3893089209997593,0.22276952414579304
2025-11-30,91907,SMCI,SUPER MICRO COMPUTER INC,45,-0.026136565842058375,-0.351549,-0.4986512307519389,31018.61316,1.4318669647417113,2.048388800317623
2025-11-30,92294,UEC,URANIUM ENERGY CORP,10,-0.0035770709917252834,-0.19204,-0.5297291221760144,7274.83686,1.5218479469410469,1.5001639457961287
2025-11-30,92469,SATS,ECHOSTAR CORP,50,-0.029316569999999997,-0.024115,-0.4090704731932112,11719.25136,0.9574100169854578,1.3459927125247328
2025-11-30,92852,LOPE,GRAND CANYON EDUCATION INC,25,0.025635389999999997,-0.16530599999999998,0.36909445131317675,5273.153200000001,0.7073546510490122,0.6374892623711195
2025-11-30,93330,PRI,PRIMERICA INC,40,0.019276181323696764,-0.008910999999999999,0.2840470570604324,8417.44917,0.9552773611448571,0.8251624677327528
2025-12-31,10693,EHC,ENCOMPASS HEALTH CORP,35,0.02731020177225,-0.08985900000000001,0.2093815513626834,11693.59152,0.6989281338819838,0.5840058768834082
2025-12-31,11691,MATX,MATSON INC,20,0.002025538980254756,0.13056700000000002,0.04181641209943094,3397.9964,1.3148779319820876,0.9994832093277809
2025-12-31,12400,LPLA,L P L FINANCIAL HOLDINGS INC,40,-0.009239086405358964,4.700000000000017e-05,-0.2532569631626235,28496.72952,0.6483257119429702,0.9407768900297577
2025-12-31,12623,HII,HUNTINGTON INGALLS INDS INC,20,-0.01645968321019372,0.08121099999999999,-0.0002994908655286145,12306.762420000001,0.3893259250444942,0.6309667460806466
2025-12-31,13046,UI,UBIQUITI INC,45,0.02216445,-0.054131,0.06485849056603776,35276.945,1.4739084233056092,1.3937690584855176
2025-12-31,13730,PBF,P B F ENERGY INC,10,-0.0020546088087036963,-0.216584,-0.30381476489967063,3994.4045599999995,0.5295368428707337,0.7349089868341001
2025-12-31,13788,ZTS,ZOETIS INC,35,0.02659713,-0.021539000000000003,0.07429245283018868,56488.02874,0.9441765536993096,0.7797312540907084
2025-12-31,13967,PTCT,P T C THERAPEUTICS INC,35,0.019034209860489988,-0.119768,0.04700134770889488,6903.965119999999,0.4665733457559058,0.8251517897534218
2025-12-31,14318,NMIH,N M I HOLDINGS INC,40,0.023601709503818888,0.066074,0.2419511829889188,2932.5141999999996,0.6504643020198563,0.63622713442554
2025-12-31,14436,RARE,ULTRAGENYX PHARMACEUTICALS INC,35,-0.009444453391284536,-0.341256,-0.465146750524109,3352.6105,0.2134015741604207,0.9210771261098348
2025-12-31,14472,VRNS,VARONIS SYSTEMS INC,45,-0.00289394528146309,-0.011292,-0.33337076969152435,3898.85379,0.7694488871188453,1.573535586760314
2025-12-31,14960,ENVA,ENOVA INTERNATIONAL INC,40,0.03,0.196049,0.20249326145552565,3251.29418,1.384369754615511,1.1669400744191805
2025-12-31,15058,SLNO,SOLENO THERAPEUTICS INC,35,-0.03,-0.085387,-0.24868972746331236,2709.6695,-0.9223522592328285,0.14709789052021052
2025-12-31,15303,VKTX,VIKING THERAPEUTICS INC,35,-0.03,-0.047408,-0.4902478286912249,4160.85516,0.6769459954853296,0.9249760978821858
2025-12-31,16126,AZZ,A Z Z INC,20,0.007452827113098306,0.013568000000000002,0.3404275232105421,3168.60894,1.1424486593793985,0.9404108239231291
2025-12-31,16260,MEDP,MEDPACE HOLDINGS INC,35,0.03,-0.055131,0.17261904761904762,16688.41328,1.4236592318933623,1.5468934103380854
2025-12-31,16653,HCC,WARRIOR MET COAL INC,15,-0.017657679961219735,0.12307,-0.2359613656783468,4115.7053000000005,0.7470923694241051,0.6548469673457563
2025-12-31,16680,QXO,Q X O INC,20,-0.03,0.026771999999999997,-0.426081910751722,12631.36216,2.7341397927573157,0.2909874921431306
2025-12-31,16738,AM,ANTERO MIDSTREAM CORP,10,0.02795680103838,-0.015342,0.46065438754117993,8577.71275,0.8329096814299518,0.6104289723170523
2025-12-31,16967,CARG,CARGURUS INC,50,0.03,0.083891,0.3705825097334531,2866.0413599999997,1.500594735622944,1.0713952212723972
2025-12-31,17223,ADT,A D T INC,25,0.02790738,-0.018328,0.3210354896675652,6311.3985,0.9452401581968618,0.6666315138127776
2025-12-31,17332,VCTR,VICTORY CAPITAL HOLDINGS INC,40,0.02639231765976859,0.0078,0.19594189877208748,4083.76215,1.1544017401041082,1.1417816095742108
2025-12-31,17821,SRRK,SCHOLAR ROCK HOLDING CORP,35,-0.03,-0.003354,-0.4878519017669961,4494.42842,0.8451687864717369,0.5179267368011342
2025-12-31,17959,CRNX,CRINETICS PHARMACEUTICALS INC,35,-0.03,0.018602999999999998,-0.4754417490266546,4323.27952,0.24435823054360037,0.9307379753435628
2025-12-31,18424,LEVI,LEVI STRAUSS & CO,25,0.004429659782019938,-0.061683999999999996,0.23721548367774783,2304.02958,1.3383312872694546,1.2838355818117446
2025-12-31,18428,DOW,DOW INC,15,-0.02919226365513963,-0.022834,-0.44025157232704404,16951.792950000003,0.7526920907725493,1.3156711001859989
2025-12-31,18726,CRWD,CROWDSTRIKE HOLDINGS INC,45,-0.007968047879130268,-0.082473,-0.38316112608565434,128348.03448,1.1553267621995864,1.4000638117091202
2025-12-31,18770,BBIO,BRIDGEBIO PHARMA INC,35,-0.03,0.059087,-0.3426175501647199,13876.975090000002,1.414766482401653,0.9166239293078623
2025-12-31,18772,AKRO,AKERO THERAPEUTICS INC,35,-0.029132259256337424,-0.00975,-0.23481955675351893,4474.69776,0.12997618702089506,0.6622279653108858
2025-12-31,18910,NVST,ENVISTA HOLDINGS CORP,35,0.006251474313774847,0.035629,0.14751796945193169,3436.5033999999996,1.042150841557285,1.0949589186657085
2025-12-31,18973,BRC,BRADY CORP,20,0.006239386678442818,-0.001465,0.30042677448337823,3414.23712,0.6711402772904239,0.629549288254962
2025-12-31,19002,BWIN,BALDWIN INSURANCE GROUP INC,40,-0.0075857657549799895,-0.160265,-0.454702006588799,2041.0309000000002,1.3551999731811644,1.1279500438505168
2025-12-31,19098,HESM,HESS MIDSTREAM L P,10,0.00021334297679806048,0.02122,0.3688042827193771,4357.92256,0.6074768179700921,0.5864758935600772
2025-12-31,19201,RVMD,REVOLUTION MEDICINES INC,35,-0.03,0.021179,-0.4372941000299491,15032.5632,0.9873153730493697,0.9043762141266707
2025-12-31,19433,MP,M P MATERIALS CORP,15,-0.008034769664115166,-0.187631,-0.6576070679844265,10979.3985,1.8603429783419514,1.837184843665116
2025-12-31,19455,OPEN,OPENDOOR TECHNOLOGIES INC,60,0.01931082830449073,-0.24598399999999998,-0.3857442348008386,7341.3802000000005,3.747130453637211,3.604849892259777
2025-12-31,19484,PCVX,VAXCYTE INC,35,-0.012344117352377917,-0.073073,-0.3516209943096735,6494.24666,1.2698208292049333,0.8709806865106362
2025-12-31,19488,RNA,AVIDITY BIOSCIENCES INC,35,-0.03,0.0028699999999999997,-0.44839398023360283,10803.4692,0.9598999499408896,1.1299588328396353
2025-12-31,19561,BA,BOEING CO,20,-0.02391231018565669,0.145656,-0.27807726864330634,143657.95500000002,1.1554180332545287,1.0560949752772848
2025-12-31,19577,RKT,ROCKET COMPANIES INC,40,-0.03,-0.034158,-0.5530098831985625,19320.87978,2.2594567541505306,1.1030339191308753
2025-12-31,19635,HRMY,HARMONY BIOSCIENCES HLDGS INC,35,0.03,0.05723,0.3851265348906859,2032.5628399999998,0.8064148319481139,0.7122388110299848
2025-12-31,19655,STEP,STEPSTONE GROUP INC,40,-0.028674101682573835,0.012863999999999999,-0.4015049415992813,4997.471839999999,1.486524412471232,1.4398986245494212
2025-12-31,19751,LCID,LUCID GROUP INC,25,-0.021468090411139257,-0.227632,-0.5122229709493861,4418.40984,1.1731187707738946,1.4460016230124884
2025-12-31,20067,SOFI,SOFI TECHNOLOGIES INC,40,-0.02995008,-0.122239,-0.5667303084755916,35839.43716,2.4113755883088848,1.9530994749180899
2025-12-31,20138,CMPO,COMPOSECURE INC,45,-0.003914597215727563,-0.03282,-0.3621780473195568,2511.78657,0.9685913996777078,0.7980223395077609
2025-12-31,20188,CRC,CALIFORNIA RESOURCES CORP,10,0.026774595071999998,-0.059369,0.21372416891284815,3999.7593600000005,1.1937194304195062,0.8859055707734822
2025-12-31,20325,SMR,NUSCALE POWER CORP,20,-0.03,-0.294627,-0.6743972746331238,5656.860000000001,2.7220103226037056,1.7653678470500083
2025-12-31,20648,RBLX,ROBLOX CORP,50,-0.005640236968986323,-0.150449,-0.40244085055405815,62230.870650000004,1.652647894724753,1.2493526857040704
2025-12-31,20894,APP,APPLOVIN CORP,45,0.0033295490748553205,0.12088,-0.04250898472596586,184398.24956,2.451903094876746,2.285332617901573
2025-12-31,20975,DAVE,DAVE INC,40,0.027311796188200226,0.011305,0.13256214435459718,2660.5894,3.7573277487171377,1.6114207463288928
2025-12-31,21053,BBAI,BIGBEAR AI HOLDINGS INC,45,-0.03,-0.151392,-0.5817422881102126,2767.7333399999998,3.0537971714603316,1.3500329835440457
2025-12-31,21357,DOCS,DOXIMITY INC,35,0.0075928714708277546,-0.142318,0.09312294100029947,7066.5185599999995,1.4366289779522887,1.3157232003413677
2025-12-31,21619,OKLO,OKLO INC,55,-0.03,-0.217835,-0.6073861934710992,14277.85086,0.8719585541350534,1.1809669984593807
2025-12-31,21927,DJT,TRUMP MEDIA & TECH GRP CORP,50,-0.03,0.144187,-0.3705263551961665,3231.1769199999994,1.9475805480933437,0.41450864671344895
2025-12-31,22758,ACLX,ARCELLX INC,35,-0.02407917,-0.10641400000000001,-0.39139712488769096,4204.310329999999,0.3044228238546288,0.608288491864578
2025-12-31,23054,SOUN,SOUNDHOUND AI INC,45,-0.01446803653941371,-0.17574099999999998,-0.5652328541479484,4670.098,2.732848907917907,1.8747110401834695
2025-12-31,27422,CLF,CLEVELAND CLIFFS INC NEW,15,-0.03,0.015278000000000002,-0.4997379454926625,7428.97928,1.9827355048621667,1.9163768643848649
2025-12-31,37568,FELE,FRANKLIN ELECTRIC INC,20,0.027625141228915785,0.0008670000000000001,0.24576969152440847,4235.1265,1.082788376896997,0.8057100732333606
2025-12-31,46463,GFF,GRIFFON CORP,20,0.027453368126053628,-0.021127,0.21376160527103924,3467.3250000000003,1.3731616806505205,0.9536718426048885
2025-12-31,46690,CBT,CABOT CORP,15,0.016790849324788856,0.056167,0.16782719377059002,3309.89043,0.9398424505427668,0.9286987209467235
2025-12-31,46886,KLAC,K L A CORP,45,0.02913279,0.030569999999999996,0.08672132374962563,154447.35424,1.3766510111893502,1.5283921311705282
2025-12-31,48486,LRCX,LAM RESH CORP,45,0.013316114036859781,0.095967,0.057745582509733454,195940.68,1.7188621046453638,1.7591955443489427
2025-12-31,49429,DDS,DILLARDS INC,25,0.0018967028593622746,-0.057942,0.29499850254567234,7790.78762,1.3654972294030159,0.9654416607598059
2025-12-31,59328,INTC,INTEL CORP,45,-0.0019488905189695128,-0.093364,-0.346829140461216,193471.2,1.3018849008719768,1.7228622707844983
2025-12-31,65700,USLM,UNITED STATES LIME MINERALS INC,15,0.01625749875072803,-0.01818,0.2289420485175202,3481.6432299999997,0.9722361284272585,0.907356803517907
2025-12-31,75510,ADBE,ADOBE INC,45,0.022651614249719478,0.09014799999999999,0.33471847858640313,134006.418,1.4673158203676075,1.0656247504977996
2025-12-31,75603,CRUS,CIRRUS LOGIC INC,45,0.022896879228569852,-0.018417,0.303066037735849,6140.9502,1.0697541983936174,1.1803882348811199
2025-12-31,76128,VICR,VICOR CORP,20,0.03,0.22351000000000001,0.17495882000598978,2941.9381,2.0080555765366985,1.7571272510257818
2025-12-31,76661,IONS,IONIS PHARMACEUTICALS INC,35,-0.03,-0.046883999999999995,-0.46091644204851745,13400.10902,0.31100713705750016,0.8066241656184284
2025-12-31,76709,IDXX,I D E X X LABORATORIES INC,35,0.03,-0.104538,0.09074573225516622,60118.22088,1.6512357545253746,1.3715596740972855
2025-12-31,76721,CRVL,CORVEL CORP,35,0.020976754794562905,-0.078421,0.20808999700509132,3750.2554600000003,1.1179839542323953,0.6796145009567259
2025-12-31,77357,SNPS,SYNOPSYS INC,45,-0.005582308888753286,0.12057799999999999,-0.48311620245582504,77747.35194,1.150608349013956,1.8901638988437548
2025-12-31,79637,UHS,UNIVERSAL HEALTH SERVICES INC,35,0.03,-0.10749800000000001,0.2752882599580713,13737.808439999999,1.1879764949031626,0.7398845212718695
2025-12-31,80128,VMI,VALMONT INDUSTRIES INC,20,0.005418965813652907,-0.027309,0.2972446840371369,8135.509,1.2244280981814821,0.9971657433108809
2025-12-31,81282,ACIW,A C I WORLDWIDE INC,45,0.02497398212274654,0.017145999999999998,0.1882112908056304,4830.70368,1.0861150827829482,0.9346537173794431
2025-12-31,81736,RMD,RESMED INC,35,0.0010138832228247295,-0.061603,0.19165543575920935,37342.48178,0.8700321614554987,0.6260706118682414
2025-12-31,82800,SCCO,SOUTHERN COPPER CORP,15,0.0018363652049576355,0.06134800000000001,0.241782719377059,110397.6241,1.0443564870504993,1.0044494732991345
2025-12-31,83779,PEGA,PEGASYSTEMS INC,45,0.015048301935248955,0.087251,0.2871368673255465,9295.728710000001,1.14444884324178,1.5071310748766307
2025-12-31,84827,RMBS,RAMBUS INC,45,0.023191135675457508,-0.041632999999999996,-0.01765124288709192,10288.1105,1.5482847274577616,1.90058545693539
2025-12-31,85072,RL,RALPH LAUREN CORP,25,0.017218532956676007,-0.038024999999999996,0.24429095537586104,14237.34347,1.5450080050377035,1.2331235438472676
2025-12-31,85621,MTD,METTLER TOLEDO INTERNATIONAL INC,35,0.03,-0.059014,0.242269392033543,30166.43616,1.3333954306418128,1.0806104022291259
2025-12-31,87430,KTOS,KRATOS DEFENSE & SECUR SOLS INC,20,-0.02510832,-0.0056240000000000005,-0.5002620545073375,12848.8001,1.2385397343253073,1.3258957416622748
2025-12-31,87759,WULF,TERAWULF INC,45,-0.02992899,-0.26231499999999996,-0.6559785864031147,6493.75782,4.020748607272099,2.2772661845210074
2025-12-31,88159,EXEL,EXELIXIS INC,35,0.029556176201819658,-0.010825,0.3044137466307278,11842.507040000002,0.40984275083105975,0.6496911434970946
2025-12-31,88351,INSM,INSMED INC,35,-0.03,-0.16546999999999998,-0.4085804132973944,44311.73121,1.0332178193737518,0.574346511656827
2025-12-31,89301,GME,GAMESTOP CORP NEW,25,-0.004198092181570792,-0.111871,-0.03208295896975142,10091.38977,1.5298038267731,0.3943257231163028
2025-12-31,89916,NXST,NEXSTAR MEDIA GROUP INC,50,0.02818440865769124,0.053655,0.15536088649296195,5826.83764,0.8529557525588226,0.8443127316530662
2025-12-31,90436,HALO,HALOZYME THERAPEUTICS INC,35,0.03,-0.06055,0.21149670560047915,8396.4258,0.9389756106990325,0.6711585988320782
2025-12-31,90564,PBH,PRESTIGE CONSUMER HEALTHCARE INC,35,0.006667298363449991,0.032809000000000005,0.22579739442946986,2863.4022,0.39560043265278894,0.40263990130424937
2025-12-31,91516,AWI,ARMSTRONG WORLD INDS INC NEW,20,0.02549504996386265,0.0040409999999999995,0.2478848457622042,8183.106720000001,1.3076602701179314,0.7844893756161893
2025-12-31,91594,SPR,SPIRIT AEROSYSTEMS HOLDINGS INC,20,-0.026229964508430435,0.094771,-0.14010557053009884,4316.61979,1.1089902392689088,0.5844366330167214
2025-12-31,91733,AVAV,AEROVIRONMENT INC,20,-0.03,-0.137565,-0.48313492063492053,13952.599419999999,1.1801335143810445,1.2117682180999432
2025-12-31,91832,MDGL,MADRIGAL PHARMACEUTICALS INC,35,-0.03,-0.02765,-0.2700284516322253,13558.01278,-0.3573465081383677,0.20791979088941884
2025-12-31,91907,SMCI,SUPER MICRO COMPUTER INC,45,-0.03,-0.13843,-0.6360437256663671,20207.46835,1.4827420395108175,1.7596765162465489
2025-12-31,92294,UEC,URANIUM ENERGY CORP,10,-0.00289013027847436,-0.051212,-0.5186807427373465,5899.685939999999,1.564766295335648,1.536136508568542
2025-12-31,92469,SATS,ECHOSTAR CORP,50,-0.03,0.480022,-0.48513776579814316,11471.93712,1.0777154069640535,1.3235512264310363
2025-12-31,92852,LOPE,GRAND CANYON EDUCATION INC,25,0.02139770622066,0.051203000000000005,0.3015124288709195,4411.672320000001,0.760715132366449,0.5649312809135021
2025-12-31,93330,PRI,PRIMERICA INC,40,0.019104411271921303,0.0009149999999999996,0.3441711590296496,8212.62512,0.8965157450224953,0.7987429918260049
2026-01-31,10693,EHC,ENCOMPASS HEALTH CORP,35,0.024856134351197386,-0.11079299837093333,0.22157127835361276,10679.38224,0.7104599303382897,0.5961477651357292
2026-01-31,12400,LPLA,L P L FINANCIAL HOLDINGS INC,40,-0.009239520642420016,0.017522440294537516,-0.3513970256872465,28587.17246,0.6169337359307779,0.9711790790617935
2026-01-31,12623,HII,HUNTINGTON INGALLS INDS INC,20,-0.01779639054337676,0.23353953597788701,-0.12182664864052876,13344.68687,0.3707668126915175,0.6603851156169493
2026-01-31,13046,UI,UBIQUITI INC,45,0.020964666157049998,-0.006487846751603977,0.1677369686044765,33477.675,1.4645689363699752,1.406631965114603
2026-01-31,13730,PBF,P B F ENERGY INC,10,-0.001609613414479415,0.2307758112094394,-0.27311476641129634,3141.77064,0.5802167554145196,0.7765230225949964
2026-01-31,13788,ZTS,ZOETIS INC,35,0.02602425441693,-0.006681495123683001,0.11009088177857893,55447.993259999996,0.9452715107961116,0.7853450919446987
2026-01-31,14436,RARE,ULTRAGENYX PHARMACEUTICALS INC,35,-0.00622147700478834,0.04352173913043479,-0.5340618897401231,2218.9939999999997,0.18587255851245119,1.2611775878012434
2026-01-31,14472,VRNS,VARONIS SYSTEMS INC,45,-0.0028612668513448088,-0.09324390243902432,-0.3936457863902659,3867.0216,0.6613874487210621,1.6212451200842577
2026-01-31,14593,AAPL,APPLE INC,45,0.012612469076664162,-0.04853814463326709,0.34535075859996994,4017099.32658,1.0415563827756964,1.2005258685987183
2026-01-31,14960,ENVA,ENOVA INTERNATIONAL INC,40,0.03,0.047699745547073784,0.11979870812678385,3894.9444,1.3354931072253637,1.2123699779691057
2026-01-31,15058,SLNO,SOLENO THERAPEUTICS INC,35,-0.02743839,-0.1701706263498919,-0.224275199038606,2486.7729999999997,-0.9103299179784655,0.15093879122849244
2026-01-31,15303,VKTX,VIKING THERAPEUTICS INC,35,-0.03,-0.17753098351335989,-0.502948024635722,3976.60648,0.7606635389412818,0.9360279019488378
2026-01-31,16126,AZZ,A Z Z INC,20,0.014272899032058375,0.1566379921627169,0.35066471383506087,3221.5092600000003,1.1401153816731235,0.9216737765704814
2026-01-31,16260,MEDP,MEDPACE HOLDINGS INC,35,0.03,0.03408715392148142,0.1571653898152321,15820.5572,1.4298954395907675,1.5605973852962072
2026-01-31,16653,HCC,WARRIOR MET COAL INC,15,-0.01983081063404705,0.009816150618124082,-0.21999399128736669,4635.0969000000005,0.6824525183121635,0.6757121347391656
2026-01-31,16680,QXO,Q X O INC,20,-0.03,0.14681855883877673,-0.41082694907616046,13009.02168,2.774538643916612,0.300529348593518
2026-01-31,16738,AM,ANTERO MIDSTREAM CORP,10,0.027527887796849174,0.06766738390362935,0.4297731710980922,8472.93225,0.805806253770842,0.6236143891558151
2026-01-31,16967,CARG,CARGURUS INC,50,0.03,-0.15814993481095183,0.3831680937359171,3115.4389499999997,1.4261888539074228,1.104792153513294
2026-01-31,17223,ADT,A D T INC,25,0.02739589353936,-0.01167410161090458,0.4217928496319664,6173.69526,0.9547957150705493,0.6690603331945727
2026-01-31,17332,VCTR,VICTORY CAPITAL HOLDINGS INC,40,0.026598177737514786,0.114926771279125,0.16535226077812828,4096.749150000001,1.1059424405097065,1.1483349013174475
2026-01-31,17821,SRRK,SCHOLAR ROCK HOLDING CORP,35,-0.03,0.0035834279228151257,-0.46937434279705575,4493.40835,0.8822140010697183,0.5299141725011272
2026-01-31,17959,CRNX,CRINETICS PHARMACEUTICALS INC,35,-0.03,0.06982491944146081,-0.5061589304491513,4417.222599999999,0.23883857522799173,0.947120550491052
2026-01-31,18424,LEVI,LEVI STRAUSS & CO,25,0.004156420648025821,-0.044465766634522744,0.2705798407691152,2169.11364,1.3322760365826836,1.2950976551029851
2026-01-31,18428,DOW,DOW INC,15,-0.02852568750683817,0.17535757057313964,-0.4198212407991588,16617.73246,0.7442997865660292,1.3444997672544141
2026-01-31,18726,CRWD,CROWDSTRIKE HOLDINGS INC,45,-0.007310899066394757,-0.06135608840344744,-0.2572480096139402,118164.08328,1.0609540304278156,1.4089101168091218
2026-01-31,18770,BBIO,BRIDGEBIO PHARMA INC,35,-0.03,0.007197411426330254,-0.3148940964398378,14740.311409999998,1.298942284762297,0.9070310932001446
2026-01-31,18910,NVST,ENVISTA HOLDINGS CORP,35,0.00647420809210033,0.07806863196683546,0.09683415953132042,3569.68846,1.00381926569431,1.0850929706354755
2026-01-31,18973,BRC,BRADY CORP,20,0.006230245976958899,0.103644067976482,0.31395523509088175,3419.91006,0.6181225725467048,0.6269072222640222
2026-01-31,19098,HESM,HESS MIDSTREAM L P,10,0.00021787011476571532,0.025115942028985455,0.3806143908667568,4464.023999999999,0.5912660342060034,0.5953587070903233
2026-01-31,19201,RVMD,REVOLUTION MEDICINES INC,35,-0.03,0.21420025109855612,-0.4155024785939612,15397.938,1.0352432927999893,0.8916844379132426
2026-01-31,19433,MP,M P MATERIALS CORP,15,-0.006527197797267573,0.16030166270783847,-0.6427069250413099,8953.6596,1.7498351231176639,1.8872424301539787
2026-01-31,19455,OPEN,OPENDOOR TECHNOLOGIES INC,60,0.014560673514838883,-0.1196380789022298,-0.388951479645486,5558.473580000001,3.8321532015610473,3.6786686747520903
2026-01-31,19484,PCVX,VAXCYTE INC,35,-0.011442095665087606,0.15803164282618118,-0.36347078263482047,6040.00284,1.3570840133691617,0.9107581373866276
2026-01-31,19488,RNA,AVIDITY BIOSCIENCES INC,35,-0.03,0.0031000970469984438,-0.4601359471233288,10868.259879999998,1.0353673716461331,1.130196842340568
2026-01-31,19561,BA,BOEING CO,20,-0.0273952816380587,0.07345541635961675,-0.41850683491062046,170020.37552,1.1500574816607625,1.1036162981896283
2026-01-31,19577,RKT,ROCKET COMPANIES INC,40,-0.03,-0.0768636363636364,-0.5209929397626558,18721.33296,2.302102693391822,1.123526309696055
2026-01-31,19635,HRMY,HARMONY BIOSCIENCES HLDGS INC,35,0.03,-0.02705130946018168,0.35119047619047616,2155.24232,0.8664696444475871,0.7461660291836774
2026-01-31,19655,STEP,STEPSTONE GROUP INC,40,-0.029042965326618465,0.09860511142278312,-0.4315382304341294,5077.3870799999995,1.3549731330820811,1.457328943548534
2026-01-31,19751,LCID,LUCID GROUP INC,25,-0.017080470483781703,0.04430368968779565,-0.48971007961544233,3426.4557600000003,1.2021638637216085,1.4323295411846877
2026-01-31,20067,SOFI,SOFI TECHNOLOGIES INC,40,-0.02628901217088,-0.13172421695951111,-0.556932552200691,31570.54054,2.421829860632595,1.9714290101229528
2026-01-31,20138,CMPO,COMPOSECURE INC,45,-0.0037861201351073845,0.21951037344398333,-0.2678383656301638,2437.20408,0.9856496829597422,0.8140189847336131
2026-01-31,20188,CRC,CALIFORNIA RESOURCES CORP,10,0.02518501413717043,0.19360031312905387,0.1628736668168845,3991.8876400000004,1.1940737661876086,0.9020234545536724
2026-01-31,20325,SMR,NUSCALE POWER CORP,20,-0.029961821728405152,0.23059209597741712,-0.6793976265585098,3947.74783,2.7669654574923768,1.8163183204289817
2026-01-31,20648,RBLX,ROBLOX CORP,50,-0.0047916689572393,-0.191448722695298,-0.3834685293675829,53062.90065,1.6669171584005953,1.2450651670927624
2026-01-31,20894,APP,APPLOVIN CORP,45,0.003732024967023832,-0.30086886705648397,-0.022006910019528276,207265.01054,2.444130174162612,2.2553590163899173
2026-01-31,20975,DAVE,DAVE INC,40,0.03,-0.26369283230206403,0.1260327474838516,2698.9878999999996,3.757416025179773,1.5791738646678464
2026-01-31,21053,BBAI,BIGBEAR AI HOLDINGS INC,45,-0.03,-0.06966666666666672,-0.5700766110860748,2357.3754,3.070111937848891,1.2883574380284493
2026-01-31,21357,DOCS,DOXIMITY INC,35,0.0065122691888424905,-0.15679403794037947,0.13331831155175003,6082.92072,1.4486051619920806,1.3307617614962854
2026-01-31,21619,OKLO,OKLO INC,55,-0.03,0.10653177257525082,-0.610259876821391,11212.284720000001,0.8960356769396873,1.233062475694502
2026-01-31,21927,DJT,TRUMP MEDIA & TECH GRP CORP,50,-0.03,-0.037743202416918496,-0.4187697160883281,3707.17352,1.9329198994517451,0.5130487793027695
2026-01-31,22220,NN,NEXTNAV INC,45,-0.03,-0.14001923076923084,-0.36765810425116413,2243.55456,1.135631279316542,0.9001608672022141
2026-01-31,22758,ACLX,ARCELLX INC,35,-0.03,0.04469938650306747,-0.44351810124680785,3770.0596,0.31936687714722534,0.6157139263329459
2026-01-31,23054,SOUN,SOUNDHOUND AI INC,45,-0.011925409329940606,-0.1544543630892678,-0.5864879074658254,3863.9732000000004,2.7581823959978884,1.668508263298796
2026-01-31,23263,QBTS,D WAVE QUANTUM INC,45,-0.03,-0.19152772466539197,-0.6595313204146012,9066.70185,2.8493559011117813,1.9397748121839977
2026-01-31,27422,CLF,CLEVELAND CLIFFS INC NEW,15,-0.03,0.03314457831325304,-0.4801712483100496,7565.70896,1.9034191770616398,1.940886336706084
2026-01-31,37568,FELE,FRANKLIN ELECTRIC INC,20,0.027649092226361253,0.0398137757772428,0.22408742676881474,4252.0403,1.0900022593526957,0.8202535253112445
2026-01-31,45911,SWKS,SKYWORKS SOLUTIONS INC,45,0.002923141605636113,-0.1236434316353888,0.21315908066696712,9427.7988,1.327771885177513,1.7280333571944293
2026-01-31,46463,GFF,GRIFFON CORP,20,0.02687336081765449,0.1029063136456211,0.2851134144509539,3404.9131500000003,1.4120330351182704,0.9607203096729503
2026-01-31,46690,CBT,CABOT CORP,15,0.01773394095881427,0.08616716958358471,0.19941415051825145,3506.14572,0.9219709215793831,0.9234874667924595
2026-01-31,46886,KLAC,K L A CORP,45,0.03,0.17218188102840976,0.07867658104251167,159651.79135999997,1.3927516221262437,1.5687948425259401
2026-01-31,48486,LRCX,LAM RESH CORP,45,0.014594021552635103,0.36082754994742383,0.056087576986630625,215007.21540000002,1.725215301553926,1.7836991837386587
2026-01-31,49429,DDS,DILLARDS INC,25,0.0017868041022851056,-0.0009879275653924694,0.31019978969505785,7049.915180000001,1.293444681402913,0.990838859902784
2026-01-31,56274,CAG,CONAGRA BRANDS INC,30,-0.016031866724623357,0.08717441780201633,-0.18758449752140605,8280.56739,-0.050208757138481136,0.09998337841490702
2026-01-31,59328,INTC,INTEL CORP,45,-0.0017669343045564432,0.25634959349593506,-0.35370662460567825,176013.0,1.3174949981640065,1.7461744220341968
2026-01-31,65700,USLM,UNITED STATES LIME MINERALS INC,15,0.015961937423439796,0.0035976281944212164,0.1972547694156527,3429.23386,0.9888913048986183,0.919529763913635
2026-01-31,75510,ADBE,ADOBE INC,45,0.024693611971103188,-0.16511891768336245,0.26032747483851587,146505.814,1.4589063052916966,0.9871649952832476
2026-01-31,75603,CRUS,CIRRUS LOGIC INC,45,0.022475187403817282,0.09691561181434602,0.3410507736217515,6047.055,1.079107203453804,1.1951898820983493
2026-01-31,75912,PTC,P T C INC,45,0.03,-0.10678279088456467,0.374680787141355,20809.036079999998,1.0303871399098752,1.105570347496832
2026-01-31,76123,JOE,ST JOE CO,60,0.03,0.11187283139632813,0.40605753342346407,3428.3206499999997,1.3323319332484247,0.8849374589172517
2026-01-31,76128,VICR,VICOR CORP,20,0.03,0.43559489051094885,0.12486855941114618,3608.6896,1.9759845683457342,1.771065573558359
2026-01-31,76661,IONS,IONIS PHARMACEUTICALS INC,35,-0.028593479999999998,0.04200063203134878,-0.4017575484452456,12813.76314,0.2843075567209744,0.8230713640902614
2026-01-31,76709,IDXX,I D E X X LABORATORIES INC,35,0.03,-0.01197225548017078,0.24387862400480695,54021.59703,1.6568815345725323,1.3833863772461221
2026-01-31,76721,CRVL,CORVEL CORP,35,0.019331736706818488,0.025964090438894544,0.2404799459215863,3467.88449,1.0841620060589685,0.6600532629435573
2026-01-31,77357,SNPS,SYNOPSYS INC,45,-0.00625541252994138,-0.012803712850208673,-0.40051825146462366,87365.10168,1.1109757745418,1.8824915049064619
2026-01-31,79637,UHS,UNIVERSAL HEALTH SERVICES INC,35,0.03,-0.07987368131364103,0.3363940213309298,12042.116680000001,1.20005120385811,0.7475569387484197
2026-01-31,80128,VMI,VALMONT INDUSTRIES INC,20,0.005270979276247859,0.10447663551401873,0.31305392819588407,7925.704,1.2234256663538878,1.0099913260107787
2026-01-31,81282,ACIW,A C I WORLDWIDE INC,45,0.025402186020223157,-0.09607676218364365,0.18700240348505334,4928.63728,1.040514636799984,0.93905066042966
2026-01-31,81736,RMD,RESMED INC,35,0.0009514249746490577,0.06940420143645942,0.18501201742526666,35158.830420000006,0.8835813458846574,0.6236732382718363
2026-01-31,82800,SCCO,SOUTHERN COPPER CORP,15,0.0019490225375513764,0.3235491043423713,0.22810575334234642,117515.55965000001,1.027275092813859,1.0140802443494557
2026-01-31,83779,PEGA,PEGASYSTEMS INC,45,0.01636128132740136,-0.2710277917092339,0.17380201291873215,10135.85756,1.1444354522525901,1.549831207921193
2026-01-31,84827,RMBS,RAMBUS INC,45,0.022225619123881185,0.2357637392534552,-0.016467628060688005,9891.9585,1.5488155573376243,1.960852305977358
2026-01-31,85072,RL,RALPH LAUREN CORP,25,0.016563798240998403,-0.0035655948643985073,0.24954934655250116,13705.56999,1.5087912040935778,1.2615050581054807
2026-01-31,85621,MTD,METTLER TOLEDO INTERNATIONAL INC,35,0.03,-0.01802664629641587,0.2613602223223674,28480.513320000002,1.3597372010522903,1.1025153358926194
2026-01-31,87430,KTOS,KRATOS DEFENSE & SECUR SOLS INC,20,-0.024967110808320002,0.3540017125543408,-0.5063091482649842,12816.72031,1.1662882637366683,1.3696585175335205
2026-01-31,87759,WULF,TERAWULF INC,45,-0.02207816698815,0.16062053959965178,-0.6597942015923088,4810.65618,3.810980642428356,2.273231951893182
2026-01-31,88159,EXEL,EXELIXIS INC,35,0.02923623059443496,-0.05935409536846906,0.3058622502628812,11751.348960000001,0.40679409996466925,0.6781618055065171
2026-01-31,88351,INSM,INSMED INC,35,-0.03,-0.10165548149850602,-0.4705573080967402,37118.03292,1.1274488819219977,0.6126479543316831
2026-01-31,89301,GME,GAMESTOP CORP NEW,25,-0.0037284474111262855,0.18624302788844643,-0.12426768814781435,8996.020719999999,1.5543384370513145,0.3764198700230379
2026-01-31,90126,CYTK,CYTOKINETICS INC,35,-0.005589861410553204,-0.008508341202392217,-0.4586525461919783,7768.7181,0.59320205450015,0.8504601653101926
2026-01-31,90436,HALO,HALOZYME THERAPEUTICS INC,35,0.0281835,0.06252748885586919,0.20331981372990837,7914.2780999999995,0.9309564119328257,0.681090476938228
2026-01-31,90564,PBH,PRESTIGE CONSUMER HEALTHCARE INC,35,0.006886045755456423,0.042064029826552135,0.2239935406339192,2966.3019600000002,0.40737785252829106,0.41209149665694145
2026-01-31,91516,AWI,ARMSTRONG WORLD INDS INC NEW,20,0.02559807546076662,-0.04151386708529557,0.24312753492564218,8241.7608,1.3413899736821446,0.783476344346102
2026-01-31,91733,AVAV,AEROVIRONMENT INC,20,-0.03,0.1478950349332341,-0.5927782785038305,12076.84203,1.213379068306161,1.2191590080933186
2026-01-31,91832,MDGL,MADRIGAL PHARMACEUTICALS INC,35,-0.029170500000000002,-0.16275203489370477,-0.24909869310500227,13225.52374,-0.3202089908894424,0.21732052507863042
2026-01-31,91907,SMCI,SUPER MICRO COMPUTER INC,45,-0.03,-0.008466347796378549,-0.6115742827099294,17473.34117,1.5009268360651589,1.672441196454373
2026-01-31,92294,UEC,URANIUM ENERGY CORP,10,-0.002742120926653131,0.4730273972602739,-0.4858044164037854,5645.84336,1.3890452742991746,1.6182004076762324
2026-01-31,92469,SATS,ECHOSTAR CORP,50,-0.03,0.038582336706531634,-0.5470557308096741,17014.5936,1.0970400094057575,1.363420351511376
2026-01-31,92852,LOPE,GRAND CANYON EDUCATION INC,25,0.02090600136423866,0.04227689255005713,0.25420609884332274,4651.35808,0.7313532690479237,0.5683190631982428
2026-01-31,93330,PRI,PRIMERICA INC,40,0.019121891808235113,0.015114259173246693,0.3624755896049271,8245.81776,0.9028910962843028,0.7944220190517284
2026-02-28,10693,,,35,0.02210224869851747,0.1384250079339893,0.23994956237946896,9511.23048,0.7068042867232024,0.5957229776758738
2026-02-28,12400,LPLA,LPL Financial Holdings Inc.,40,-0.009401419591226968,-0.17871220850480105,-0.20729491173416403,29173.851,0.6187426303907827,0.9904122348295946
2026-02-28,12623,,,20,-0.02195255133295822,0.05757905991834804,-0.12175493250259604,16501.23291,0.365749248275107,0.6737751185172661
2026-02-28,13046,,,45,0.02082865061582452,0.38973594428112995,0.09929906542056074,33360.909999999996,1.4724848622923394,1.445712906490141
2026-02-28,13730,PBF,PBF Energy Inc.,10,-0.0019810732559394973,0.06951901282462743,-0.33492805221777194,3876.24062,0.5954261330742253,0.8671613593454531
2026-02-28,13788,,,35,0.025850373487945798,0.04751244992789615,0.15834075063047023,55007.300259999996,0.9408399329825451,0.7889354869097219
2026-02-28,14436,RARE,Ultragenyx Pharmaceutical Inc.,35,-0.016651752157144137,-0.031050934773577055,-0.5100318943776888,2322.22546,0.18865605946236255,1.2673311373659553
2026-02-28,14472,,,45,-0.002594471164205999,-0.2286713136729222,-0.38671932947633886,3518.04648,0.6678173013297505,1.6644079499140532
2026-02-28,14593,AAPL,Apple Inc.,45,0.03,0.016277060086716536,0.37171784601691144,3813817.83848,1.0402739938975312,1.1913324484479602
2026-02-28,14960,ENVA,"Enova International, Inc.",40,0.03,-0.16094009808076515,0.25265168372645014,4083.82825,1.3265250142450398,1.2219017818869424
2026-02-28,15058,,,35,-0.02276918198766739,0.010426141078838122,-0.1615487316421896,2071.0576,-0.9133375707198969,0.14347575567855797
2026-02-28,15303,,,35,-0.024674070494599205,0.16248925619834725,-0.4910621569500075,3282.56544,0.7773336702324134,0.9369913170887668
2026-02-28,16126,AZZ,AZZ INC,20,0.016508577278781182,0.09297133681067628,0.26887702121346985,3710.8022400000004,1.1416371722240626,0.9396500036697205
2026-02-28,16260,,,35,0.03,-0.22721972256558168,0.17061637739207833,16407.29664,1.4250651398896466,1.5662348566624817
2026-02-28,16653,HCC,"WARRIOR MET COAL, INC.",15,-0.02002547285811035,-0.06980449616952908,-0.19253449043168672,4694.501,0.6868693840717189,0.6900213240655163
2026-02-28,16680,QXO,"QXO, Inc.",20,-0.03,0.0770016230838592,-0.437620531078475,15663.36074,2.8155317408878537,0.3113487509559696
2026-02-28,16738,,,10,0.03,0.1916739638682253,0.4709983681946298,8963.495499999999,0.8093279891079274,0.6153948901127505
2026-02-28,16923,,,35,-0.03,0.018128532261012537,-0.5496588043317016,5062.97282,0.35099093187015235,1.2389063336884878
2026-02-28,16967,,,50,0.03,-0.055269135802469116,0.4658062601987836,2632.0788,1.4184542022697286,1.1141517331422093
2026-02-28,17223,,,25,0.027076071094459985,-0.00030000000000010053,0.44305370123127125,6120.144,0.9673187283740802,0.6829001681191915
2026-02-28,17332,VCTR,"Victory Capital Holdings, Inc.",40,0.029655020426795665,-0.02194079115270074,0.16177125055629724,4579.86555,1.094342808214107,1.1531411260156188
2026-02-28,17821,SRRK,Scholar Rock Holding Corp,35,-0.03,-0.004378709968425807,-0.4712950600801068,4522.99038,0.89766468756952,0.5390592502861516
2026-02-28,17959,CRNX,"Crinetics Pharmaceuticals, Inc.",35,-0.03,-0.1798124148978774,-0.5425567423230975,5119.44928,0.23861414589819765,0.9271317482797458
2026-02-28,18424,LEVI,LEVI STRAUSS & CO,25,0.003971602217455792,0.11901398498393315,0.17864560154279788,2062.39096,1.3308661005244797,1.3236174174121846
2026-02-28,18428,DOW,DOW INC.,15,-0.03,0.1253306747622904,-0.5436322504079513,19581.63085,0.7421827119272967,1.3667353017533814
2026-02-28,18726,,,45,-0.006862330896968359,-0.16008186132916474,-0.28573282895712804,111277.31769,1.060784205025996,1.4017641603979267
2026-02-28,18770,BBIO,"BridgeBio Pharma, Inc.",35,-0.02635045703144931,-0.14244022259609151,-0.3127688770212135,14890.62443,1.2814662538414214,0.853432322531624
2026-02-28,18910,,,35,0.00697964066091922,0.2417675330208778,0.12870864856846165,3859.0782199999994,1.0102864552076154,1.0873541967590636
2026-02-28,18973,,,20,0.006875974014505031,0.06508481554296297,0.32795579290906396,3773.3778599999996,0.6085977488293254,0.6232544614133175
2026-02-28,19098,,,10,0.00022334212793801944,0.11156070571043811,0.4068016614745587,4589.53424,0.5959008606465938,0.5878423297915141
2026-02-28,19201,,,35,-0.03,0.04949499742135114,-0.5399421450823321,18742.374,1.0416196072879171,1.0876474498378876
2026-02-28,19433,,,15,-0.007573518456992506,-0.0010984515909478593,-0.6604175938288088,10415.8071,1.7428511237931765,1.9171825102070625
2026-02-28,19455,OPEN,Opendoor Technologies Inc.,60,0.012906285183002422,0.04962718446601933,-0.4194110666073283,4912.0082,3.8419144530812486,3.712170912438519
2026-02-28,19484,,,35,-0.013250308840415727,0.14971073361956322,-0.35510310043020327,7012.63442,1.3515891734112286,0.9132389672520661
2026-02-28,19488,,,35,-0.03,0.0006449497037343235,-0.4699228601097761,10939.9275,1.023673563112819,1.1020990100501828
2026-02-28,19577,,,40,-0.027694090909090908,0.011700836586726377,-0.5661622904613559,17338.50723,2.30658610359564,1.1855734850427544
2026-02-28,19635,HRMY,"Harmony Biosciences Holdings, Inc.",35,0.03,-0.2213104052573933,0.44494511200118675,2103.40592,0.8656072636082903,0.7445075313642519
2026-02-28,19655,,,40,-0.03,-0.3885688517871284,-0.42820056371458237,5593.275559999999,1.3461921778445272,1.4810741134075789
2026-02-28,19751,LCID,"Lucid Group, Inc.",25,-0.017837198347816722,-0.09945763324299911,-0.4889667705088266,3588.53976,1.308890510486015,1.537411792922212
2026-02-28,20067,SOFI,"SoFi Technologies, Inc.",40,-0.02282611262803178,-0.22419412538360356,-0.5602840824803442,28750.81888,2.418436736514613,1.939859233762842
2026-02-28,20138,CMPO,"CompoSecure, Inc.",45,-0.03,-0.050221354974123035,-0.40544800474707016,6821.51155,0.988176154554446,0.8310987207465741
2026-02-28,20188,,,10,0.022629172565554235,0.09701308411214966,0.09607254116599909,4778.192,1.1939159110976592,0.9272069255608686
2026-02-28,20325,SMR,NUSCALE POWER Corp,20,-0.03,-0.2676741418764303,-0.6850801068090788,4869.91052,2.7664216756107747,1.738297401229358
2026-02-28,20648,,,50,-0.0038743100557971253,0.04129975669099744,-0.45512535232161405,43063.264800000004,1.664288395374051,1.3632749779608777
2026-02-28,20894,,,45,0.0026091748433688597,-0.08383823635095439,0.0032265242545616185,145527.21667,2.4382417404155254,2.333259028429137
2026-02-28,21007,RGTI,"Rigetti Computing, Inc.",45,-0.03,-0.04407682993946064,-0.6982458092271177,5996.57242,2.108506864518915,1.8302507255794085
2026-02-28,21053,BBAI,"BigBear.ai Holdings, Inc.",45,-0.027909999999999997,-0.2170857142857143,-0.5567608663403056,2200.21704,3.067871843451428,1.2605365097915429
2026-02-28,21357,,,35,0.03,-0.34814294101948223,0.1621792018988281,5147.40378,1.444995161116481,1.3460847880964695
2026-02-28,21619,,,55,-0.03,-0.21216950514945995,-0.6077176976709687,12440.386140000002,0.8968390526804938,1.1700904416799334
2026-02-28,21927,DJT,Trump Media & Technology Group Corp.,50,-0.028867703927492442,-0.16477183098591539,-0.36721183800623053,3533.6444399999996,1.9321455241047163,0.4860948382467291
2026-02-28,22758,,,35,-0.03,0.662988317962231,-0.41757528556593976,3949.88913,0.31942125396050597,0.6082853250147134
2026-02-28,23054,,,45,-0.010083477827305816,0.013748463356973755,-0.5638072986203828,3278.7576000000004,2.753230048588404,1.612458470395557
2026-02-28,23263,QBTS,D-Wave Quantum Inc.,45,-0.02425416826003824,-0.11778586239396785,-0.6483088562527816,7847.77138,2.8528476456221514,1.767797533800146
2026-02-28,27422,,,15,-0.02065452620708333,-0.22809069767441853,-0.4943813974187807,7839.16832,1.9085013204014898,1.9672589684183286
2026-02-28,37568,,,20,0.028749906984705906,-0.00013129971807861488,0.2504450378282154,4434.0862,1.090910641619794,0.836445669265215
2026-02-28,45911,SWKS,"SKYWORKS SOLUTIONS, INC.",45,0.0025617143463590834,0.07837300581577603,0.1692256341789052,8360.0968,1.3372384620888234,1.7880817555156225
2026-02-28,46463,,,20,0.029638799314667993,0.04643265941376071,0.24058003263610742,3793.3708500000002,1.4195731553303206,0.9791235918967275
2026-02-28,46690,CBT,CABOT CORP,15,0.019262024456797696,0.05815026916879833,0.20994659546061417,3769.90618,0.9208181369046096,0.9520379889952166
2026-02-28,48486,LRCX,LAM RESEARCH CORP,45,0.019859946593352325,-0.0009581427225222071,0.01592864560154278,291538.07766,1.729699091609117,1.8487369483477323
2026-02-28,49429,,,25,0.0017850388692585018,-0.01065107643689512,0.3032191069574247,7064.10012,1.3218340779512392,1.053984962832836
2026-02-28,56274,,,30,-0.03,0.037178390059427156,-0.2586226079216733,8854.610190000001,-0.05160822847164549,0.11522535372758598
2026-02-28,59328,INTC,INTEL CORP,45,-0.00221988719526351,-0.021306563374219926,-0.5428719774514167,232117.65,1.3301251610049791,1.8555414977216917
2026-02-28,65700,,,15,0.01601936253955195,-0.055127926591342524,0.2538013647826732,3451.85867,0.9918457155851388,0.9021904996498028
2026-02-28,75510,ADBE,ADOBE INC.,45,0.03,-0.10796624040920712,0.3467215546654798,120379.125,1.4519284530077352,1.0199991783066948
2026-02-28,75603,,,45,0.024653383941700316,0.07990676691729325,0.2867341640706127,6651.2502,1.0914782241713405,1.2122296596047841
2026-02-28,75912,,,45,0.03,0.00014626272977651946,0.383177570093458,18566.9796,1.0385540655008547,1.1485994967507376
2026-02-28,76123,,,60,0.03,0.08754597371204101,0.3932094644711467,3822.14155,1.337579572266139,0.8968116406360079
2026-02-28,76128,,,20,0.03,0.2745514302023215,0.0805518469069871,5191.44242,1.9749618032346414,1.735787633725204
2026-02-28,76661,IONS,IONIS PHARMACEUTICALS INC,35,-0.02979442423197573,-0.021186355388895562,-0.4258641151164516,13390.39058,0.28920000578248667,0.7991821324954868
2026-02-28,76709,IDXX,IDEXX LABORATORIES INC /DE,35,0.03,-0.023278477463234224,0.23828067052366117,53536.90146,1.6538284138665826,1.3991259089559271
2026-02-28,76721,,,35,0.01983366766701522,-0.2620273445354014,0.20410547396528705,3568.3286099999996,1.0785833278905879,0.6700159277954983
2026-02-28,79637,,,35,0.03,0.021248494484746087,0.33895193591455275,11116.394839999999,1.1915849807217975,0.7561249444946425
2026-02-28,80128,,,20,0.005821673456894353,0.029451548612981358,0.30277406912920934,8777.532,1.2322749549594332,1.009578493309493
2026-02-28,81282,ACIW,"ACI WORLDWIDE, INC.",45,0.022961626235013497,-0.08767084870848707,0.24137739207832667,4469.89568,1.0397542705493263,0.9499503130945989
2026-02-28,81736,RMD,RESMED INC,35,0.0010174578652412793,-0.008313873157171244,0.28836596944073584,37704.47746,0.8803472593963254,0.5892206743196511
2026-02-28,82800,SCCO,SOUTHERN COPPER CORP/,15,0.00257962703391922,0.15973214555575058,0.21521287642782969,155890.1604,1.0309940943693707,1.075596973495137
2026-02-28,83779,PEGA,PEGASYSTEMS INC,45,0.011926919379702248,-0.0018844586861981396,0.2320501409286456,7415.19787,1.1387036727091946,1.589983103247342
2026-02-28,84827,,,45,0.02746561419575052,-0.1272838794693842,-0.06606957424714435,12253.799500000001,1.5563753714920623,2.0014061202636717
2026-02-28,85072,RL,RALPH LAUREN CORP,25,0.016504738447055366,0.023203791630117918,0.31586559857587904,13697.818190000002,1.5055071993479854,1.255576382660793
2026-02-28,85621,MTD,METTLER TOLEDO INTERNATIONAL INC/,35,0.03,-0.0075697416329264765,0.26934060228452755,28052.546720000002,1.36220792294806,1.1169003030940137
2026-02-28,87430,,,20,-0.03,-0.16618219590331032,-0.5249035751372201,17392.311410000002,1.1659784985528265,1.431157175310553
2026-02-28,87759,,,45,-0.00894269480728945,0.2103637995512341,-0.6671302477377244,5602.03,3.807736900558133,2.198390430602709
2026-02-28,88159,EXEL,"EXELIXIS, INC.",35,0.02750094057551832,0.0624804642166345,0.3397678385996143,11089.11232,0.4137771163595015,0.6735048237904601
2026-02-28,88351,INSM,INSMED Inc,35,-0.026950335555044818,-0.050865276980939574,-0.4188733125649013,33456.13551,1.13413023410544,0.6069672071415187
2026-02-28,90126,,,35,-0.0055423009623981325,-0.01815053014717517,-0.42313825841863234,7725.9253499999995,0.5859590306263731,0.8499397879877063
2026-02-28,90436,HALO,"HALOZYME THERAPEUTICS, INC.",35,0.029945743482169388,-0.03320022312090354,0.20386441180833706,8432.880869999999,0.9404828142177915,0.689123516408856
2026-02-28,90564,,,35,0.007175700589500945,0.07211856677524428,0.2311786085150571,3099.97548,0.41920228123949876,0.4257554746996526
2026-02-28,91413,,,40,0.004073927695813659,-0.1261900395714191,0.15919373980121643,13663.777059999999,1.6107249578227696,1.659584969290492
2026-02-28,91516,AWI,ARMSTRONG WORLD INDUSTRIES INC,20,0.024535400358448988,-0.05853092413192549,0.18925233644859812,7924.338720000001,1.3445443497687668,0.823618784392194
2026-02-28,91733,AVAV,AeroVironment Inc,20,-0.03,-0.09669705089981676,-0.6042130247737724,13898.89914,1.2394622095660188,1.3592249950382191
2026-02-28,91832,MDGL,"MADRIGAL PHARMACEUTICALS, INC.",35,-0.024422941766133185,-0.11992411354764873,-0.1870456905503635,11112.71941,-0.3213233947850624,0.2030905361375601
2026-02-28,91907,SMCI,"Super Micro Computer, Inc.",45,-0.03,0.10987605633802822,-0.6316013944518618,17377.82581,1.494565585165598,1.638440013976521
2026-02-28,92294,,,10,-0.004039219251560792,-0.11358886310904863,-0.4995178756861,8333.419479999999,1.3735223651801802,1.646744115975088
2026-02-28,92469,,,50,-0.03,0.017602755696873452,-0.5540906393710132,17722.100159999998,1.0934891321164886,1.379117783236896
2026-02-28,92852,,,25,0.018499747719587085,-0.08776318453750581,0.27825990209167784,4861.95712,0.7241426899976344,0.5833153771817517
2026-02-28,93330,PRI,"Primerica, Inc.",40,0.019410905036907563,-0.03388747647849137,0.3439400682391337,8395.184640000001,0.9058675994480542,0.8083820272471164
2026-03-31,10693,EHC,Encompass Health Corp,35,0.025161752649968755,-0.10625558027437881,0.2340405835740206,10724.99808,0.6883436914912652,0.599946784379738
2026-03-31,12400,,,40,-0.0077212711329984925,-0.0004273652293367734,-0.26121972894912243,24054.430399999997,0.6188923894332183,1.0459131514893294
2026-03-31,12623,HII,"HUNTINGTON INGALLS INDUSTRIES, INC.",20,-0.01656764748134981,-0.14827028705120132,-0.019662297267273945,17444.29836,0.3436607860951872,0.6242041443345909
2026-03-31,13046,UI,Ubiquiti Inc.,45,0.028946324431684628,0.027478492548794545,0.05869066133451828,46419.00179,1.4135487032797,1.4508085178225334
2026-03-31,13543,GMED,GLOBUS MEDICAL INC,35,0.018245396806940043,-0.10032300439974856,0.25664667111012374,10770.083579999999,1.0215402279214256,1.3074796344627027
2026-03-31,13730,PBF,PBF Energy Inc.,10,-0.0021187955130256815,0.3347404494382021,-0.22430200696141597,4162.6012,0.49047276538701357,0.8615637558085258
2026-03-31,13788,ZTS,Zoetis Inc.,35,0.027078588063909233,-0.10122189168573612,0.18840257720506554,55340.9808,0.9318762536795848,0.7691429994204525
2026-03-31,14436,RARE,Ultragenyx Pharmaceutical Inc.,35,-0.016134699687046884,-0.10721808465156055,-0.26877360586536325,2260.1757,0.18310605852074643,1.2783131801216947
2026-03-31,14472,VRNS,VARONIS SYSTEMS INC,45,-0.0020011900348004975,-0.07346277056277067,-0.3631230097015478,2713.0488,0.6942107250344175,1.745655682304865
2026-03-31,14593,AAPL,Apple Inc.,45,0.03,-0.04222924521159813,0.3138746945123306,3878463.5652,1.0538471647799483,1.2038490944086513
2026-03-31,14960,,,40,0.025171797057577043,-0.026057137720244507,0.21687773087462045,3477.6405000000004,1.3065697816231074,1.2871531539315106
2026-03-31,15058,,,35,-0.02300657669132055,-0.14597652930637328,-0.12184329408279641,2016.9496800000002,-0.9452845660019257,0.12485978098319754
2026-03-31,15303,VKTX,"Viking Therapeutics, Inc.",35,-0.028683341856652216,-0.04131607565011833,-0.45038139672665334,3910.3473600000007,0.7842248258833611,0.9028865420515799
2026-03-31,16126,AZZ,AZZ INC,20,0.018043401777231828,-0.08269114575672883,0.36789972598681775,4059.81888,1.1217864531979318,0.923806916921071
2026-03-31,16260,MEDP,"Medpace Holdings, Inc.",35,0.02318340832303255,0.060031645121303365,0.1780159964452344,12821.40056,1.4331054099607554,1.5693908942901091
2026-03-31,16653,HCC,"WARRIOR MET COAL, INC.",15,-0.018627604814693378,0.11615333974050959,-0.05715396578538105,4375.9268,0.7317092871467517,0.7057382631768381
2026-03-31,16680,QXO,"QXO, Inc.",20,-0.03,-0.19204405010438402,-0.42422054358290756,16913.32235,2.780438617566374,0.3262250635362398
2026-03-31,16738,AM,Antero Midstream Corp,10,0.03,0.01133487544483989,0.26479300896097163,10634.86088,0.766298492257343,0.6094871974511944
2026-03-31,16923,CELC,Celcuity Inc.,35,-0.03,0.01885275266314571,-0.4274605643190402,5168.93341,0.3724324420326724,1.2067779304481019
2026-03-31,16967,CARG,"CarGurus, Inc.",50,0.03,0.10622052117263837,0.39852255054432345,2485.8711,1.4468697142248381,1.0645473283597968
2026-03-31,17045,ACMR,"ACM Research, Inc.",45,-0.010817679373628583,-0.2961830459770115,-0.5597459823742872,3332.7264,1.5659866754693037,1.7871636820163657
2026-03-31,17223,ADT,ADT Inc.,25,0.027067948273131644,-0.1766359212373344,0.42916388950603573,6135.4443599999995,0.9921011236083964,0.6771484683583864
2026-03-31,17332,VCTR,"Victory Capital Holdings, Inc.",40,0.029004365816982267,-0.04942085558634168,0.21906243057098423,4430.979,1.086373789698059,1.1653902547693429
2026-03-31,17366,HYMC,HYCROFT MINING HOLDING CORP,15,-0.01637381601324579,-0.30407133214214804,-0.4091127897504258,4181.96925,1.5472686845460837,0.7783247586739712
2026-03-31,17821,,,35,-0.03,0.10755854980799623,-0.39306080130341403,4515.84989,0.9248085001585388,0.5397821633162897
2026-03-31,17892,,,35,-0.03,0.5176653198043124,-0.5543397763459972,2385.47737,1.5929112171280464,0.8862322781950561
2026-03-31,17959,CRNX,"Crinetics Pharmaceuticals, Inc.",35,-0.02460562755306368,-0.11920170316301705,-0.2505184033177813,4303.3755,0.26394493394584206,0.9164669833414951
2026-03-31,18424,,,25,0.004444278424126232,-0.1685137184115525,0.15637265792786786,2298.92272,1.2860113426062967,1.3445478258532306
2026-03-31,18428,DOW,DOW INC.,15,-0.03,0.3524530751708426,-0.5380100718358883,22049.81982,0.6974110519088392,1.3745497380589813
2026-03-31,18726,,,45,-0.005763796193925027,0.046645674498628976,-0.33005628378878765,93775.41404,1.0905653746813548,1.4664667414339687
2026-03-31,18770,BBIO,"BridgeBio Pharma, Inc.",35,-0.010534524594829973,0.11412767749699158,-0.15216988817299862,12888.01224,1.272690221233146,0.8624986044736637
2026-03-31,18910,NVST,Envista Holdings Corp,35,0.008667091164881869,-0.13436182814104758,0.004832259497889362,4786.78875,0.9590641968035206,1.136044078090919
2026-03-31,18973,BRC,BRADY CORP,20,0.007323495514917298,-0.12310792722547127,0.35556913278530694,4034.24226,0.5801434260305662,0.592621095906953
2026-03-31,19002,BWIN,"Baldwin Insurance Group, Inc.",40,-0.017089845041857777,-0.05843164012053376,-0.5333074131674442,2246.82883,1.3357313136363052,1.3388202258065272
2026-03-31,19098,,,10,0.0002482583333456559,0.0020120992761114695,0.24524179811893657,5005.30804,0.5798332638083654,0.5765672263218167
2026-03-31,19201,RVMD,"Revolution Medicines, Inc.",35,-0.03,-0.04965553812977844,-0.33261127156928083,20217.60946,1.0277754934368413,1.0623316055770113
2026-03-31,19433,MP,MP Materials Corp. / DE,15,-0.007565199313594349,-0.18312762018005774,-0.6245093682885285,10459.25629,1.683260462970701,1.9622883683621453
2026-03-31,19455,OPEN,Opendoor Technologies Inc.,60,0.013546787778550336,-0.1394313653136532,-0.49664889283862845,5194.1215,3.835397247215628,3.7267465728690055
2026-03-31,19484,PCVX,"Vaxcyte, Inc.",35,-0.015234022297600147,-0.06169494655004863,-0.33729541583351846,8885.620799999999,1.3426366319557492,0.9130336198817715
2026-03-31,19577,RKT,"Rocket Companies, Inc.",40,-0.028018134941236124,-0.21950252886201216,-0.5241983262978598,17589.93009,2.304168634265212,1.1999901878943844
2026-03-31,19628,IRON,"Disc Medicine, Inc.",35,-0.012221010434609145,-0.043128159711798356,-0.4321076797748648,2542.2192,0.8612994244775224,0.7527837648640554
2026-03-31,19655,STEP,StepStone Group Inc.,40,-0.01834293444638615,0.10326597125637459,-0.3219099459379397,3457.4121600000003,1.4056661126483638,1.6185996087268506
2026-03-31,19751,LCID,"Lucid Group, Inc.",25,-0.016063152816456937,-0.04990000000000006,-0.506072724579723,3276.84,1.2613151638116533,1.6013445959561932
2026-03-31,20067,,,40,-0.017708632271482568,-0.10875585585585588,-0.4812263941346367,22648.68864,2.447331156452013,1.959138532844461
2026-03-31,20138,,,45,-0.03,-0.2412073496659241,-0.32437236169740064,6497.36675,1.0031224923406046,0.8080242721785712
2026-03-31,20188,,,10,0.0248244983870447,0.18126147840231316,0.16242686810338441,5255.11808,1.1639646880028285,0.915913834687702
2026-03-31,20325,SMR,NUSCALE POWER Corp,20,-0.03,-0.15932023346303503,-0.7070650966451899,3579.9971499999997,2.823105511939596,1.7956382406468703
2026-03-31,20648,RBLX,Roblox Corp,50,-0.004034318118447031,-0.17913070200990378,-0.4690624305709842,45427.92776,1.655590532185973,1.4249667563697208
2026-03-31,20894,APP,AppLovin Corp,45,0.002390426226169537,-0.08747345263012624,0.027549433459231283,133504.8239,2.4527175975838227,2.365590484887624
2026-03-31,21007,,,45,-0.03,-0.1969298507462688,-0.6900688735836481,5749.052920000001,2.13259253382056,1.8528798459762654
2026-03-31,21357,DOCS,"Doximity, Inc.",35,0.01955571176941553,-0.05304268242967796,0.048489224616751835,3282.4083600000004,1.4922481570799078,1.1200072468466853
2026-03-31,21619,,,55,-0.03,-0.21513193010325654,-0.5878138191512997,9835.748650000001,0.9349814207824613,1.186095723839143
2026-03-31,21927,DJT,Trump Media & Technology Group Corp.,50,-0.02411111949500021,-0.13642007469654543,-0.3317596089757831,2961.29358,1.9580999479509027,0.4995121227056592
2026-03-31,22265,RIVN,"Rivian Automotive, Inc. / DE",25,-0.03,-0.02116484018264836,-0.6323594756720728,18964.39041,1.8309124823596286,1.6037891486050468
2026-03-31,22758,,,35,-0.03,0.006151762017751885,-0.5245315855735762,6654.4392,0.21617916144932275,0.9414868619761088
2026-03-31,23054,SOUN,"SOUNDHOUND AI, INC.",45,-0.010222110152725387,-0.2040627906976743,-0.5139968895800934,3333.016,2.7571861786515193,1.530074254429945
2026-03-31,23263,QBTS,D-Wave Quantum Inc.,45,-0.021397370134881234,-0.2345293929712461,-0.5427312449085389,6887.33964,2.903408259729823,1.7962007467486667
2026-03-31,27422,CLF,CLEVELAND-CLIFFS INC.,15,-0.01594342091437513,-0.2102170731707318,-0.40304006517070284,6080.3574,1.9664106066161269,1.9336977873342207
2026-03-31,37568,FELE,FRANKLIN ELECTRIC CO INC,20,0.02874613213002403,-0.0776841798835574,0.23218914315337333,4403.40324,1.0798832944972305,0.9205837789849672
2026-03-31,45911,SWKS,"SKYWORKS SOLUTIONS, INC.",45,0.002762483599724641,-0.10410845921450158,0.023124490853884332,8959.28292,1.312690380129186,1.5889864722890463
2026-03-31,46463,GFF,GRIFFON CORP,20,0.03,-0.1502486625997183,0.29484188698807673,3970.39396,1.4067201940791207,0.9577488925468803
2026-03-31,46690,CBT,CABOT CORP,15,0.020382116363696457,-0.013800971893879587,0.21408205583944312,3976.1830800000002,0.8956725255110415,0.9785485435496413
2026-03-31,48486,LRCX,LAM RESEARCH CORP,45,0.019840917930054224,-0.08832852882887801,0.07150262904539732,292075.04919,1.712780418840674,1.8842419340550665
2026-03-31,49429,DDS,"DILLARD'S, INC.",25,0.0017660262838192007,-0.053298975852656194,0.2152299489002444,7008.63933,1.3510084066847883,1.0560109333129615
2026-03-31,56274,CAG,CONAGRA BRANDS INC.,30,-0.03,-0.18627662337662332,-0.224968525512849,9208.60325,-0.05649479187603071,0.10118870392615843
2026-03-31,59328,,,45,-0.0021725890280540087,-0.035349024336768266,-0.4527697548692883,227821.95,1.3188828272625681,1.7760175584881368
2026-03-31,65700,USLM,UNITED STATES LIME & MINERALS INC,15,0.01513624829743143,0.14119600560616702,0.19971487817522032,3272.9672,0.9843922503763456,0.9010169650651887
2026-03-31,75510,,,45,0.026761012787723786,-0.07656335124423605,0.3354995186254906,107719.30500000001,1.4664182048389285,1.0583709543850977
2026-03-31,75603,CRUS,"CIRRUS LOGIC, INC.",45,0.026623356146052303,0.0219015873015873,0.2791231578167814,7198.10784,1.1016946501727258,1.204518855400994
2026-03-31,75912,PTC,PTC INC.,45,0.03,-0.0929440641164825,0.21691475968303342,18633.58364,1.0346931565639856,1.1491029939449395
2026-03-31,76123,JOE,ST JOE Co,60,0.03,-0.13073940136706375,0.3595127008812856,4152.9504799999995,1.3069952092932466,0.9029829676407825
2026-03-31,76128,VICR,VICOR CORP,20,0.03,-0.20349582919563053,0.026771828482559417,6631.2964,1.9208563141764932,1.668289851898006
2026-03-31,76661,IONS,IONIS PHARMACEUTICALS INC,35,-0.03,-0.0775765249537893,-0.4886876990298452,13405.330800000002,0.3149225106680723,0.7920986810844705
2026-03-31,76709,IDXX,IDEXX LABORATORIES INC /DE,35,0.03,-0.14731246783305169,0.2580907946382286,52291.46952,1.6464017005238814,1.3702116135882811
2026-03-31,76721,CRVL,CORVEL CORP,35,0.014636704395829574,0.056619193485847236,0.1253240020736133,2638.42016,1.1179445775108048,0.7893473906144162
2026-03-31,79637,UHS,UNIVERSAL HEALTH SERVICES INC,35,0.03,-0.13369376955365647,0.16148263348885433,11096.0118,1.1909634262872362,0.768128906421429
2026-03-31,80128,VMI,VALMONT INDUSTRIES INC,20,0.005993130755718981,-0.13243103717057692,0.2799192771976598,8984.73255,1.1975541414959894,0.8933896605468137
2026-03-31,80306,BCRX,BIOCRYST PHARMACEUTICALS INC,35,0.03,0.08509999999999995,0.37995260312523144,2194.50875,0.7507696678357648,0.8383235485545665
2026-03-31,81736,,,35,0.001008998849606897,-0.12691467259814254,0.24183514774494558,37331.444279999996,0.8899858397012658,0.6251296277893349
2026-03-31,82800,,,15,0.002991676394780754,-0.2147185982592763,0.19216100125897945,180329.3346,1.0018871708092243,1.1584329672155658
2026-03-31,83779,PEGA,PEGASYSTEMS INC,45,0.011904443592877583,-0.02965508804024692,0.22761608531437455,7392.29412,1.1330257308695095,1.5793719837810407
2026-03-31,84827,RMBS,RAMBUS INC,45,0.023969684268906,-0.13966500100341156,-0.05152558690661335,10742.45106,1.5702948211312378,2.036275259859973
2026-03-31,85072,RL,RALPH LAUREN CORP,25,0.016887710958890436,-0.05158309453802317,0.27275420276975487,14016.303000000002,1.4850152772623284,1.2360033250803388
2026-03-31,85621,MTD,METTLER TOLEDO INTERNATIONAL INC/,35,0.029772907751012205,-0.08008648705997702,0.27960453232614974,27777.97425,1.3714164797480741,1.097320226899613
2026-03-31,87430,,,20,-0.03,-0.18472873056393596,-0.5795563948752128,14678.953220000001,1.1941150387406978,1.5083868805661338
2026-03-31,87759,WULF,TERAWULF INC.,45,-0.01082391406517795,-0.11325758323057948,-0.718544027253203,6796.179999999999,3.7963555750086564,2.2619390386023306
2026-03-31,88159,EXEL,"EXELIXIS, INC.",35,0.029219212109070785,-0.029454698138901534,0.3958564763385914,11442.778540000001,0.4121474573991861,0.6637828137867628
2026-03-31,88351,INSM,INSMED Inc,35,-0.0255794992723082,0.09212444250987743,-0.30135895726875506,32188.38016,1.160428309727472,0.5939034240722657
2026-03-31,89968,,,40,0.03,0.05287114377482181,0.3300007405761682,5267.2921,1.5475434501273733,1.3862781157055142
2026-03-31,90126,CYTK,CYTOKINETICS INC,35,-0.005441705261695407,0.05640568948891028,-0.3453121528549211,7663.201859999999,0.6072742824355454,0.8070886732923482
2026-03-31,90436,HALO,"HALOZYME THERAPEUTICS, INC.",35,0.018712076058438578,-0.07337317704587956,0.08377767903428869,8205.72201,0.9565199655989425,0.6965410553861238
2026-03-31,90564,PBH,Prestige Consumer Healthcare Inc.,35,0.007693201831624028,-0.14763304473304467,0.19560468044138338,3279.2067,0.40409781686148,0.35949762417104963
2026-03-31,91413,EVR,Evercore Inc.,40,0.0035598385986678333,-0.03634773993006092,0.1212323187439828,12231.608199999999,1.6208249218688964,1.7203441528702765
2026-03-31,91516,AWI,ARMSTRONG WORLD INDUSTRIES INC,20,0.023099320701522194,-0.05116893806994801,0.16438939494927052,7431.6990000000005,1.3435845060433935,0.8740261403049115
2026-03-31,91733,AVAV,AeroVironment Inc,20,-0.03,-0.2772310208126858,-0.5887025105532103,12593.8335,1.2674772768601128,1.4131111497959963
2026-03-31,91832,MDGL,"MADRIGAL PHARMACEUTICALS, INC.",35,-0.021494042124603815,0.20883611111111117,-0.19453084499740794,9910.08,-0.2915687701017413,0.19690057434199107
2026-03-31,91907,SMCI,"Super Micro Computer, Inc.",45,-0.03,-0.29990524853349804,-0.4469192031400429,19401.25371,1.4890767891835135,1.4825932546772131
2026-03-31,92294,,,10,-0.00358040892892782,-0.12227377690802349,-0.47861586314152404,7410.16941,1.365945624009127,1.6807659369509254
2026-03-31,92469,,,50,-0.03,0.010429871029169917,-0.5184958898022661,18083.67984,1.090984396642125,1.3768661717076691
2026-03-31,92852,LOPE,"Grand Canyon Education, Inc.",25,0.01687615094657566,0.06600048406361984,0.3155039620825003,4317.63701,0.7051858739794306,0.6251424193593602
2026-03-31,93330,PRI,"Primerica, Inc.",40,0.018753118449043128,-0.015436466135772386,0.36173442938606243,8095.81256,0.9119114728197794,0.8167181095357027
2026-04-30,10693,EHC,Encompass Health Corp,35,0.022488176021425936,0.032922514675404094,0.28464902444494283,9616.50968,0.725786252380902,0.6232262711927151
2026-04-30,12400,,,40,-0.007717971330189967,0.10779374729913918,-0.2400014951035359,24090.466399999998,0.5980420925929687,1.0120976660613437
2026-04-30,13046,,,45,0.029741725791895664,0.2776552392159841,0.08230544965238844,47829.14109,1.395952841790122,1.4994050090408557
2026-04-30,13543,GMED,GLOBUS MEDICAL INC,35,0.03,0.04375738161559901,0.26495103535919867,9720.829679999999,1.055980842931111,1.3291111823140018
2026-04-30,13730,,,10,-0.002828042075323544,-0.0923582108357833,-0.2946475293414069,5568.06374,0.3357122319450852,0.8594520211242932
2026-04-30,13788,,,35,0.024337642155901545,-0.026108446994047907,0.15048217089033417,49899.75087999999,0.9542487338729766,0.7889833927841604
2026-04-30,14436,RARE,Ultragenyx Pharmaceutical Inc.,35,-0.014404768090173582,0.1756202863961815,-0.28597592883307177,2024.3984999999998,0.25474079973631275,1.2912801463210377
2026-04-30,14472,,,45,-0.0018541770704214456,0.222065067536097,-0.2886484264035284,2521.6085599999997,0.7389710339032444,1.744900665905201
2026-04-30,14593,,,45,0.029745659106200313,0.0662910634776785,0.36508559467743146,3725926.5206,1.0569046680167506,1.1926163499588154
2026-04-30,14960,,,40,0.024515892074981713,0.24432079069425,0.28072437766315317,3397.1083000000003,1.2766486673488953,1.296815864514551
2026-04-30,15293,,,10,-0.03,0.019293211488250642,-0.5227816401285789,2029.3638,1.884238262788409,1.009573637400455
2026-04-30,15303,,,35,-0.02749825873460457,-0.04469471419791025,-0.42870225013082147,3760.12716,0.8440574053221663,0.888734276105837
2026-04-30,16126,AZZ,AZZ INC,20,0.01655137221092353,0.14179077527529738,0.3340061299244973,3735.88128,1.1508398677465226,0.9392280237472971
2026-04-30,16260,,,35,0.03,-0.13103677919156997,0.17526351199820592,13628.27239,1.3826662680914097,1.582444436694496
2026-04-30,16631,,,20,0.03,0.03488866340097977,0.5144464379158257,2162.96298,0.6929168929154047,0.7357557148518473
2026-04-30,16653,,,15,-0.02079126332528641,-0.03832673107890515,-0.1250280331912985,4896.8955000000005,0.700771677619488,0.7296861624603815
2026-04-30,16680,QXO,"QXO, Inc.",20,-0.03,0.030570648815653932,-0.38889511848695524,13760.060420000002,2.7738541686992697,0.3575010637759516
2026-04-30,16738,,,10,0.03,-0.03426867055630867,0.2557748374074905,10786.2468,0.7527292238933773,0.6280033371623457
2026-04-30,16923,CELC,Celcuity Inc.,35,-0.03,0.060268039250043745,-0.5264072662031846,5517.18518,0.39777627128241444,1.2110682625566354
2026-04-30,16967,,,50,0.03,0.0678782672540383,0.3481722359273379,2757.1306499999996,1.3845128578842132,1.0646989555068127
2026-04-30,17045,ACMR,"ACM Research, Inc.",45,-0.0076136661463445795,0.3106959339263023,-0.49519697989085737,2388.7811,1.7279430252653076,1.8426036233913956
2026-04-30,17223,ADT,ADT Inc.,25,0.02228677629390252,0.14321872146118714,0.30685131195335275,5028.52689,1.0326509428672896,0.7393714866512741
2026-04-30,17332,VCTR,"Victory Capital Holdings, Inc.",40,0.02757094524256776,0.19609205864386064,0.2224900949390745,4193.994,1.0828405001725856,1.1476230864265018
2026-04-30,17366,HYMC,HYCROFT MINING HOLDING CORP,15,-0.0169799171260195,0.032895454545454485,-0.4433542647828362,3204.4672000000005,1.7826331360091716,0.8448834269733152
2026-04-30,17372,,,35,-0.0009530120323152301,-0.07304809041309437,-0.520015698587127,6247.27341,0.5325835449129627,1.1322895964859694
2026-04-30,17821,SRRK,Scholar Rock Holding Corp,35,-0.03,-0.054771440195280664,-0.3365664947297601,5647.648279999999,0.8920220318357244,0.5556625830525516
2026-04-30,17892,DNTH,"Dianthus Therapeutics, Inc. /DE/",35,-0.03,0.04333450905624399,-0.5989571652836958,4442.89264,1.2851447834130472,0.9040958404627019
2026-04-30,17959,CRNX,"Crinetics Pharmaceuticals, Inc.",35,-0.02167259484134363,0.06483127753303967,-0.29931972789115646,3802.8856,0.3318506785018716,0.9322552046836585
2026-04-30,18428,,,15,-0.03,-0.030751140456182373,-0.5605330044105553,29885.2911,0.4905118768963263,1.346721175916514
2026-04-30,18910,,,35,0.007502564951303219,0.019567481277098946,0.06174777603349032,4157.50875,0.9868383840449694,1.1458571173939018
2026-04-30,18973,BRC,BRADY CORP,20,0.006421915162030794,0.007184545431164721,0.3702623906705539,3549.29436,0.6284581672649999,0.6114363379940397
2026-04-30,19002,,,40,-0.016091257366656255,0.03265150410209652,-0.48917918815878003,2122.0587400000004,1.3299755342132102,1.277615233040723
2026-04-30,19098,,,10,0.0002487578537584693,0.003017159763313783,0.2538498916049936,5029.894609999999,0.5623951215004809,0.5902722976169404
2026-04-30,19201,,,35,-0.028510333856106646,0.4790537275064268,-0.36026388577408985,19272.32425,1.0411163130543593,1.0621658445530888
2026-04-30,19433,,,15,-0.00617980236710801,0.36552105263157914,-0.6262241160200344,8574.20942,1.7767667655945298,2.0004661719820307
2026-04-30,19484,,,35,-0.014294160106207458,-0.017871605575632377,-0.28797562981236446,8363.1912,1.3926391020827007,0.7155011139816294
2026-04-30,19577,,,40,-0.02186808346763769,0.023064912280701663,-0.5136241309710697,13835.838,2.3404316156311795,1.3583148915731906
2026-04-30,19628,,,35,-0.011693940744745767,0.02853572098842673,-0.39911788891380734,2439.9503999999997,0.8877182223012098,0.7485619495677971
2026-04-30,19655,,,40,-0.020237135387684225,0.10564987426655492,-0.3443410331165433,3824.47168,1.3331069187682132,1.6004893975473102
2026-04-30,19751,LCID,"Lucid Group, Inc.",25,-0.015261601490915735,-0.33448447009443855,-0.48295581969051354,3122.82852,1.2812470009593082,1.5959720983478256
2026-04-30,19813,TNGX,"Tango Therapeutics, Inc.",35,-0.03,0.03056080305927339,-0.586996336996337,2985.05388,1.3751385731111012,1.1111320468732722
2026-04-30,19849,,,35,-0.006131483613041704,0.12895654008438817,-0.304720789414667,14701.072080000002,-0.031503341422303335,0.3068859126480355
2026-04-30,20067,,,40,-0.01578271481276085,0.01095390428211591,-0.5022613440980788,20251.19232,2.4375218525666495,1.8886092459300086
2026-04-30,20138,GPGI,"GPGI, Inc.",45,-0.022763779510022276,-0.10056081871345035,-0.29980563654033043,4952.8953,1.1201348948304841,0.901258519245421
2026-04-30,20188,CRC,California Resources Corp,10,0.018435026731082087,-0.016768824039295,0.10407789489422144,6132.68434,1.0801767387196817,0.891795360730694
2026-04-30,20325,,,20,-0.025220392996108947,0.14654649446494472,-0.6335688121402406,3453.65652,2.8450309674834218,1.7847374764486537
2026-04-30,20648,RBLX,Roblox Corp,50,-0.0033116478817583404,-0.02588444130127306,-0.44671824773865587,37422.13216,1.7259711506142723,1.4691297962606418
2026-04-30,20894,,,45,0.0021813273909088845,0.11858241206030157,0.04702100620467967,122213.86,2.451930451283975,2.2156558796123624
2026-04-30,20930,SOC,Sable Offshore Corp.,10,-0.03,-0.13425593220338977,-0.45346490244449417,2432.47088,-0.10095107581956635,1.1681431222683543
2026-04-30,20975,DAVE,Dave Inc./DE,40,0.013407991215478839,0.5594528060198748,0.12050534499514087,2131.90614,3.6909578946962065,1.6488448053270228
2026-04-30,21007,RGTI,"Rigetti Computing, Inc.",45,-0.024092104477611936,0.23997749287749293,-0.5014764147417209,4663.4000399999995,2.251228349086755,1.8056750495371117
2026-04-30,21357,,,35,0.018518424360344107,0.046027038626609465,0.036050684009867696,3117.8196000000003,1.4750857364108045,1.097628836471618
2026-04-30,21619,,,55,-0.03,0.45908830409356716,-0.5513568064588472,8607.28671,1.0454287614143467,1.2054817737532715
2026-04-30,21927,DJT,Trump Media & Technology Group Corp.,50,-0.02082187877247495,-0.01690862068965507,-0.3030948643193541,2568.0636799999997,1.9814697114291053,0.5096394091945998
2026-04-30,22220,NN,NEXTNAV INC.,45,-0.03,0.15377915106117362,-0.3940345368916797,2172.24792,1.0991293364359722,0.8689927841766933
2026-04-30,22265,RIVN,"Rivian Automotive, Inc. / DE",25,-0.029365054794520548,0.08680099667774072,-0.5979292816027508,18618.008850000002,1.7809383189747339,1.6342278409646753
2026-04-30,22758,,,35,-0.03,-0.0007226789757882462,-0.348583389399716,6714.673599999999,0.23549142059688385,0.9387133790087135
2026-04-30,23054,SOUN,"SOUNDHOUND AI, INC.",45,-0.008136157828141215,0.1557608442503638,-0.5041862899005757,2681.21673,2.8271124531160914,1.5448503883671378
2026-04-30,23263,,,45,-0.016379057905966467,0.4025054054054055,-0.4878522837706511,5292.02934,3.0434965953257302,1.674544305977324
2026-04-30,27422,,,15,-0.0015809094970382093,0.2042005917159762,-0.40248187186962703,4819.795499999999,1.9230304905148947,1.9225469851464037
2026-04-30,37568,,,20,0.026513012430678735,0.08411312791580769,0.3322120056813934,4074.09834,1.0847282028447556,0.9345283867571313
2026-04-30,45911,,,45,0.0024748856885519785,0.3074641456582636,0.05391717126411003,8052.5277,1.3154828072413518,1.5611516766838918
2026-04-30,46463,,,20,0.02549254012200845,0.2515028618602089,0.3226433430515064,3385.3617200000003,1.445223219545259,0.9828759984452625
2026-04-30,46690,CBT,CABOT CORP,15,0.020100823348623297,0.01900944097729367,0.2246579950661583,3932.8388200000004,0.8751569411517895,0.9735476098037951
2026-04-30,48486,,,45,0.01808839883867803,0.2039707291959189,0.039153023846901405,266812.41186,1.724085133083856,1.9903309753130185
2026-04-30,49429,DDS,"DILLARD'S, INC.",25,0.001671898891562765,-0.007951476114733177,0.22204156387829851,6654.21141,1.3312438189696167,1.0643176345949874
2026-04-30,56274,,,30,-0.03,-0.06778549722720065,-0.22710622710622713,7519.960680000001,0.007837116304858265,0.1159990587575397
2026-04-30,59328,INTC,INTEL CORP,45,-0.002095790125627532,1.1380472014502607,-0.4949540255662704,220429.35,1.2954344283349797,1.7791015616220047
2026-04-30,65700,,,15,0.003081761133980761,-0.17853739376770544,0.0860805860805861,3744.5887000000007,0.9205172601301371,0.9247011248512459
2026-04-30,75510,ADBE,ADOBE INC.,45,0.024712099966005797,0.009523893368438183,0.3079913283994918,98252.936,1.4571511899510468,0.9966798394372561
2026-04-30,75603,CRUS,"CIRRUS LOGIC, INC.",45,0.02720644990494632,0.12474486239800862,0.2533079165732227,7376.63234,1.0651409104979777,1.2104052340908367
2026-04-30,75912,PTC,PTC INC.,45,0.027211678076505524,-0.04634164502772122,0.22462061747776035,16955.74004,1.0556086929545874,1.1654770583840302
2026-04-30,76123,,,60,0.026077817958988087,0.0252847133757962,0.3468640203334081,3613.7632,1.375470375367782,0.9358531383147899
2026-04-30,76128,,,20,0.02389512512413108,0.6695844720496893,-0.018838304552590248,5417.006,2.022686615862329,1.7777004612094278
2026-04-30,76661,IONS,IONIS PHARMACEUTICALS INC,35,-0.03,-0.00729472632840589,-0.5486843088883905,12404.267280000002,0.3813415227027084,0.7946806745758461
2026-04-30,76709,IDXX,IDEXX LABORATORIES INC /DE,35,0.03,-0.004839881471462443,0.2529154518950437,44739.929359999995,1.6953025199216358,1.4017565719222365
2026-04-30,76721,,,35,0.015465422794012201,0.048518115279048535,0.14539881886820663,2795.4568,1.068233248266133,0.7848993241747547
2026-04-30,79637,UHS,UNIVERSAL HEALTH SERVICES INC,35,0.025989186913390305,-0.06268655640610153,0.2846116468565448,9635.38686,1.2214644187537393,0.765668115590541
2026-04-30,80128,VMI,VALMONT INDUSTRIES INC,20,0.005199454233840233,0.26856682683885197,0.3202511773940345,7805.59995,1.2405328745400437,0.8208882075890381
2026-04-30,80306,,,35,0.03,-0.04071512605042011,0.3603012633624879,2387.6255199999996,0.7074242091416674,0.8382555059478959
2026-04-30,81736,,,35,0.0008809420909571354,-0.05043207412687093,0.32228825596172533,32701.79744,0.9334377179307489,0.6249618435777219
2026-04-30,82800,,,15,0.0023493078328480654,-0.0050504126467513025,0.2198736637512148,140934.86218,1.1102662733327278,1.258157319375425
2026-04-30,83779,,,45,0.011551416270060644,-0.14350319206376355,0.2692494580249682,7194.512640000001,1.1481157618636157,1.5567331273807252
2026-04-30,84827,,,45,0.020621958291437786,0.33512162036498894,-0.05670180159976076,9273.25973,1.6380164610904675,2.115392643974295
2026-04-30,85072,,,25,0.01601659056796718,0.03968844733858538,0.22250878373327354,13296.93345,1.4798360331330227,1.246617065610519
2026-04-30,85621,,,35,0.027388500159672875,0.009318522042499092,0.18227180982283023,25633.89,1.3731883963846,1.135185838674959
2026-04-30,87430,,,20,-0.024458138083081917,-0.10870059566019015,-0.5728489197876953,13017.203650000001,1.2742333599624371,1.5678563684865106
2026-04-30,87759,WULF,TERAWULF INC.,45,-0.009598023717060419,0.502990505890506,-0.7106040218285117,6119.30124,3.804868124552467,2.2598320576635107
2026-04-30,88159,,,35,0.02835856903654157,0.033705269293541625,0.34264035284443445,11138.91901,0.41746874074688306,0.6667134245964309
2026-04-30,88351,INSM,INSMED Inc,35,-0.02793599638245141,-0.16917935420743635,-0.36516034985422746,35247.06304,1.1233217226538756,0.6228882154308986
2026-04-30,88661,,,25,0.03,0.02495061299695264,0.31582193316887197,28569.695040000002,1.6150078261806389,1.350347218785348
2026-04-30,89968,,,40,0.03,0.136224755062051,0.34193017866487246,5457.2495,1.489383460865036,1.3881386207930038
2026-04-30,90126,,,35,-0.005748648398976768,-0.032334076771354844,-0.34518202885549826,8117.67333,0.5411802195747106,0.7940533469339204
2026-04-30,90436,HALO,"HALOZYME THERAPEUTICS, INC.",35,0.0173391115889068,-0.017908509979885485,0.13949315990132313,7627.438709999999,0.9933044574574063,0.7015066685139519
2026-04-30,90564,PBH,Prestige Consumer Healthcare Inc.,35,0.006557431021475536,-0.05267222878353303,0.21019286835613366,2804.59713,0.45974377249944626,0.379113753915236
2026-04-30,91413,,,40,0.0034304465110904622,0.07341235134501374,0.11788891380728114,11822.488549999998,1.5931226688372198,1.699758323328093
2026-04-30,91516,AWI,ARMSTRONG WORLD INDUSTRIES INC,20,0.021917352991088136,0.0310199029126213,0.18843911190849966,7059.043200000001,1.3344263160903425,0.8696121452044765
2026-04-30,91733,AVAV,AeroVironment Inc,20,-0.03,0.06249196940726577,-0.6324848620766987,9140.4187,1.375475379895452,1.4994839243074132
2026-04-30,91832,,,35,-0.02598277429396448,-0.014514801230252049,-0.25609254690887345,12008.401800000001,-0.34621097052011696,0.18767133761837662
2026-04-30,91907,SMCI,"Super Micro Computer, Inc.",45,-0.021002842543995058,0.20043772507685548,-0.4169656873738506,13638.97953,1.6017602214062292,1.5950232071458175
2026-04-30,92294,,,10,-0.003142618806312604,0.100062962962963,-0.5265941541451745,6617.9835,1.3573878491556532,1.7205562966549204
2026-04-30,92469,SATS,EchoStar CORP,50,-0.03,0.04894932091910818,-0.48981460716154596,18441.685889999997,1.0776241271795357,1.4190971274029769
2026-04-30,92852,,,25,0.017989985078180372,-0.008546062459566005,0.29748822605965464,4615.12429,0.6574959420991315,0.6193759171812889
2026-04-30,93330,,,40,0.018463636571164344,0.1200239859469818,0.37400014951035354,7930.1968,0.8956900038956478,0.8182614221791191
2026-05-31,10693,EHC,Encompass Health Corp,35,0.023228543326514403,0.05539999999999989,0.21628193960511036,9941.6,0.6980756860811426,0.8020182116117802
2026-05-31,12400,LPLA,LPL Financial Holdings Inc.,40,-0.008549920381418465,-0.1828942229358598,-0.23553644018583042,26793.21644,0.6061935046731953,1.3229375705635658
2026-05-31,13046,,,45,0.03,-0.4254047956353168,0.0854747386759582,61247.85721,1.526318749254276,2.2451598549859275
2026-05-31,13543,,,35,0.03,-0.09513814593036163,0.250635162601626,10174.37814,0.9782091453226044,1.896307754835733
2026-05-31,13788,,,35,0.023702224115714085,-0.32735850221796997,0.20100174216027877,48346.83949,0.8576085300559216,1.0962195754567883
2026-05-31,14593,AAPL,Apple Inc.,45,0.03,0.14798855476440143,0.317182055749129,3983727.339,1.0216461649154471,1.2758265674914053
2026-05-31,14960,ENVA,"Enova International, Inc.",40,0.03,-0.04973243019892572,0.24014590592334498,4215.76785,1.3858396759664775,1.6883225040761045
2026-05-31,15293,NEXT,NextDecade Corp,10,-0.03,0.0071171136653895364,-0.5135561846689896,2074.4019000000003,1.839152345127603,1.3523092341183665
2026-05-31,15303,VKTX,"Viking Therapeutics, Inc.",35,-0.026269231919521227,0.046932071840923746,-0.35614474448315914,3613.57492,0.7409873883915771,1.2220029932022778
2026-05-31,16005,SYRE,"Spyre Therapeutics, Inc.",35,-0.003379850358882378,-0.015860241773002052,-0.3765788327526132,6331.228000000001,2.870905418321745,0.40570477297267127
2026-05-31,16126,AZZ,AZZ INC,20,0.01889820410858039,-0.0557426174496644,0.34277003484320556,4274.035199999999,1.1709871561202863,1.252597036916833
2026-05-31,16260,MEDP,"Medpace Holdings, Inc.",35,0.0260688966242529,0.06485490374050538,0.0734066492450639,11956.9296,1.2013736099211694,2.342604286883433
2026-05-31,16631,,,20,0.03,-0.6989867161159812,0.5166775551684087,2252.76598,0.6844560744186541,1.008145645994692
2026-05-31,16680,QXO,"QXO, Inc.",20,-0.03,-0.14360822122571001,-0.4192980545876888,14549.30496,2.675377748734112,0.5171790361949293
2026-05-31,16738,AM,Antero Midstream Corp,10,0.02897193988331074,-0.04427108874656908,0.2690730255516841,10383.0628,0.68855255760729,0.7835275916545573
2026-05-31,16923,,,35,-0.03,0.0919144210960033,-0.5279653019744484,5865.69495,0.09951151545690318,1.739854216352281
2026-05-31,16967,,,50,0.03,-0.1841202962150302,0.4331990418118467,2769.90266,1.346887172205204,1.4149793400693014
2026-05-31,17045,ACMR,"ACM Research, Inc.",45,-0.00997920126028618,0.6714985683884699,-0.5323569976771196,3137.89314,1.8567167733874679,2.6012694161892576
2026-05-31,17223,ADT,ADT Inc.,25,0.025478659900206733,-0.11199774236387779,0.376451800232288,5619.533579999999,1.053969632617854,1.0331224433787263
2026-05-31,17332,VCTR,"Victory Capital Holdings, Inc.",40,0.03,0.07383287479301985,0.2602533391405343,5028.5655,1.1322237225440175,1.449558745148958
2026-05-31,17366,HYMC,HYCROFT MINING HOLDING CORP,15,-0.03,-0.09662715304443235,-0.5639336527293844,3331.0220600000002,1.7017520471028933,1.2149027199733
2026-05-31,17372,,,35,-0.0008833963232139004,-0.026290835428890703,-0.4627068815331011,5809.03911,0.4369138157679008,1.5927063574302374
2026-05-31,17821,,,35,-0.02835685679414158,0.054612937137953184,-0.17684741579558652,5354.6966299999995,0.9066792469644919,0.7818470023741461
2026-05-31,17892,,,35,-0.03,0.056239407744874806,-0.5355509581881533,4780.6222,1.25052396287774,1.2551037081994776
2026-05-31,17959,CRNX,"Crinetics Pharmaceuticals, Inc.",35,-0.023077656852363904,-0.08639035585353286,-0.23990998838559824,4060.4599,0.31023395931420483,1.2899104391573983
2026-05-31,18428,DOW,DOW INC.,15,-0.029077465786314528,-0.1609167446577398,-0.4334531068524971,29182.80309,0.45193099294514594,1.7457340183844963
2026-05-31,18910,,,35,0.007649371250518064,-0.09523569776407095,0.10266042392566783,4227.72714,0.9343688321998002,1.5655102580635145
2026-05-31,18973,BRC,BRADY CORP,20,0.006468053703267491,0.048965509655341195,0.3287420150987224,3574.6339799999996,0.5911819486895832,0.8504525859539019
2026-05-31,19002,,,40,-0.03,-0.14834647887323932,-0.508220818815331,2225.78752,1.264390778934987,1.8176019269751122
2026-05-31,19201,RVMD,"Revolution Medicines, Inc.",35,-0.03,0.08960052733832906,-0.5242995063879211,30638.903159999998,1.4072125281460584,1.9065921553380187
2026-05-31,19433,,,15,-0.008438650233388453,-0.023390732889158133,-0.6346544715447155,11733.128680000002,1.9897361800577484,2.8166390652200306
2026-05-31,19484,,,35,-0.01403870051475438,-0.1051265548567436,-0.22867668408826944,8264.71188,1.3180087154298776,0.9172129492191557
2026-05-31,19577,,,40,-0.022372468894565813,-0.010623939808481583,-0.4951183217189315,14195.08432,2.2466454011891273,1.863245868906516
2026-05-31,19628,,,35,-0.012027635775093026,0.05179006823351009,-0.31133855981416964,2516.652,0.9045331264016152,1.015693890047791
2026-05-31,19655,,,40,-0.02237518619690831,-0.07096389413988656,-0.3763973577235773,4239.6176000000005,1.35399003819406,2.089278724078431
2026-05-31,19751,LCID,"Lucid Group, Inc.",25,-0.011625770448990196,0.025157456828885358,-0.5040650406504065,2317.03654,1.0223261408388136,2.2910201361308147
2026-05-31,19813,TNGX,"Tango Therapeutics, Inc.",35,-0.03,0.013551248843663247,-0.5920985772357723,3084.93618,1.2907090731184596,1.6245287708437186
2026-05-31,19849,SMMT,Summit Therapeutics Inc.,35,-0.029495342358454205,-0.18576542404473445,-0.3031177409988386,16653.32482,0.011419378474111223,0.39483144330712344
2026-05-31,20067,SOFI,"SoFi Technologies, Inc.",40,-0.015955597160131767,0.1285770186335402,-0.45740781068524966,20531.7504,2.2829703868376687,2.515130218756689
2026-05-31,20138,,,45,-0.02047463520548197,-0.2148611820029852,-0.2933725319396051,4472.55523,0.9787630555609248,1.3104496572321371
2026-05-31,20325,SMR,NUSCALE POWER Corp,20,-0.02891635317871696,0.013753932584269586,-0.7089684959349594,4033.72564,2.72170700398261,2.631375074591259
2026-05-31,20648,RBLX,Roblox Corp,50,-0.0032259277265524813,-0.1498607672819399,-0.4502032520325204,36953.7435,1.5689703014861955,2.0543030939369866
2026-05-31,20894,APP,AppLovin Corp,45,0.02344748581595378,0.37046334714909823,0.05647502903600469,136606.75655000002,2.4274905667919597,2.9809730850619816
2026-05-31,20930,SOC,Sable Offshore Corp.,10,-0.03,0.017805923344947756,-0.43746370499419285,2112.9514,-0.21301852489217693,1.5191576818232082
2026-05-31,20975,,,40,0.020909129524068305,0.03576172285745797,0.11552700348432056,3127.61301,3.8809153397894516,2.3811965267787625
2026-05-31,21007,RGTI,"Rigetti Computing, Inc.",45,-0.02987366730829187,0.4605103151862464,-0.5383456736353077,5796.03495,2.1759515685089696,2.6049573050981154
2026-05-31,21619,OKLO,Oklo Inc.,55,-0.03,-0.08061724137931041,-0.595746225319396,12583.752499999999,1.2602467802165724,1.8075586460703852
2026-05-31,21927,DJT,Trump Media & Technology Group Corp.,50,-0.02046980952226519,0.014386338797814221,-0.29435249709639955,2532.08865,1.8236248226947949,0.6816974376366388
2026-05-31,22220,,,45,-0.03,0.10969007015650295,-0.4445049361207899,2520.59884,1.1201151336738218,1.4131714364709347
2026-05-31,22265,RIVN,"Rivian Automotive, Inc. / DE",25,-0.03,-0.009197560975609627,-0.4817436120789779,20288.0628,1.7361749649973657,2.2981782849999037
2026-05-31,23054,SOUN,"SOUNDHOUND AI, INC.",45,-0.009403452640406696,0.12755326633165837,-0.5060249709639953,3133.6530000000002,2.68825755829171,2.1494799149901698
2026-05-31,23263,QBTS,D-Wave Quantum Inc.,45,-0.022971717248566115,0.4830932938856015,-0.5449332171893148,7447.830000000001,3.0658675185860336,2.5077575451745426
2026-05-31,37568,FELE,FRANKLIN ELECTRIC CO INC,20,0.028743104836693813,-0.018414607891815857,0.20325203252032514,4426.59458,1.079154433323152,1.2680349494229919
2026-05-31,46463,,,20,0.03,-0.035676503611748234,0.27379137630662015,4246.60743,1.5408165871918875,1.3755589909521397
2026-05-31,46690,,,15,0.020482928763663956,0.14012375163028792,0.30340810104529625,4019.00512,0.8261929930466976,1.311653089742237
2026-05-31,48486,LRCX,LAM RESEARCH CORP,45,0.0217779027397898,0.23082538586830054,0.09636324041811847,322472.23806,1.7578449775216825,2.605335563702418
2026-05-31,49429,,,25,0.001658604827460255,0.033775021959875,0.2649716898954704,6620.597820000001,1.235662666360138,1.4277936845189283
2026-05-31,56274,CAG,CONAGRA BRANDS INC.,30,-0.027966435083183982,-0.07766445993031366,-0.009091898954703812,6865.57095,-0.03393498029940714,0.16146103063966352
2026-05-31,59328,INTC,INTEL CORP,45,-0.001740753906680069,0.21070186282811185,-0.4362478222996516,474856.48000000004,2.065830631886231,2.6190330265981
2026-05-31,75510,ADBE,ADOBE INC.,45,0.024947455370992223,0.050171028037383235,0.273755081300813,99473.62,1.371970226009157,1.437332327985081
2026-05-31,75603,,,45,0.03,0.03902656364974231,0.2412529036004646,8318.22156,1.134482799945556,1.5153161952442769
2026-05-31,75912,,,45,0.02595064415047548,0.014728319882611725,0.2547002032520325,16219.1548,0.9851622928669571,1.5569252142859664
2026-05-31,76123,JOE,ST JOE Co,60,0.026737188111547294,-0.017657844200092847,0.23461091753774685,3706.9636999999993,1.2993486324999766,1.3123593000717135
2026-05-31,76128,VICR,VICOR CORP,20,0.01865798128549664,0.2404102313662865,-0.11191565040650404,9059.85842,2.3557745626184374,2.4844996794129597
2026-05-31,76661,IONS,IONIS PHARMACEUTICALS INC,35,-0.02978115821014782,0.02017447833065804,-0.4137630662020907,12355.061880000001,0.3677613262448845,1.0920790731303383
2026-05-31,76709,,,35,0.03,0.0017680456490727857,0.2537565331010453,44541.53999999999,1.5660920616144127,1.9337399042349275
2026-05-31,76721,,,35,0.01621577595997131,0.07156063348416287,0.1685721544715447,2939.19392,1.0003837389141759,1.1141809544533465
2026-05-31,78015,MTX,MINERALS TECHNOLOGIES INC,15,0.005884005449586328,0.0675144008896303,0.41530560394889665,2232.1543199999996,1.0949236483131113,1.2392870794809836
2026-05-31,80128,VMI,VALMONT INDUSTRIES INC,20,0.0065958551587165385,0.020067467128572394,0.18980473286875726,9863.088560000002,1.3515911239219707,1.1939456878215429
2026-05-31,80306,,,35,0.03,-0.030392576419213974,0.4100065331010453,2327.61096,0.5943262792422122,1.1756868059098116
2026-05-31,81736,RMD,RESMED INC,35,0.0008365143541245045,-0.10915321168635207,0.27477134146341464,31147.41318,0.8592011809090465,0.760696968065323
2026-05-31,82800,SCCO,SOUTHERN COPPER CORP/,15,0.0023374428588579374,0.12806620750469594,0.3034625435540069,141827.09985,1.034479755117105,1.720183203626719
2026-05-31,84827,RMBS,RAMBUS INC,45,0.027532822369163636,0.2605608461471637,-0.16820920441347273,12447.65007,1.7878530410796218,3.045290626340623
2026-05-31,85072,,,25,0.016652264179267632,0.01156651795672538,0.21279761904761912,13863.2292,1.3992597033819456,1.4732725411450664
2026-05-31,85621,,,35,0.02764372050212178,-0.07832266001362984,0.23114474448315908,25947.098249999995,1.2666409324575991,1.421164420977504
2026-05-31,87430,,,20,-0.02179952390471173,0.014029262490087206,-0.569722706155633,11817.0832,1.1311028367204332,2.2555690951173992
2026-05-31,87759,WULF,TERAWULF INC.,45,-0.014425738522053713,0.17315402669121024,-0.718332607433217,10490.852859999999,3.9421519636158835,3.190478310210049
2026-05-31,88159,,,35,0.02931440224269769,0.13230260908681954,0.3385416666666666,11293.19568,0.38675880591263595,0.9617401376275032
2026-05-31,88351,INSM,INSMED Inc,35,-0.023209802555327,-0.21889989730800272,-0.26326582462253195,29427.103160000002,0.9356274207961581,0.8614402060136511
2026-05-31,88661,TPR,"TAPESTRY, INC.",25,0.03,-0.00020424710424703446,0.29549578977932633,29365.378559999997,1.4900887472957454,1.790804869568882
2026-05-31,88860,ALGN,ALIGN TECHNOLOGY INC,35,0.03,-0.009122385091756164,0.15654036004645766,12605.30817,1.744054842807818,2.3803357851314293
2026-05-31,89968,,,40,0.03,-0.10160917462669203,0.3887558072009291,6214.8312000000005,1.4840813264362456,1.7241764095465109
2026-05-31,90126,,,35,-0.005562771160312727,0.19683747068938576,-0.33656358885017423,7878.73711,0.4483015085504275,1.1020419616759307
2026-05-31,90436,HALO,"HALOZYME THERAPEUTICS, INC.",35,0.017028593935974515,0.042140339302544925,0.15378193960511036,7542.05484,0.8634333716888636,0.9969039889156889
2026-05-31,91413,EVR,Evercore Inc.,40,0.0176643272814441,0.06058078829344845,0.28106852497096396,12724.69045,1.5379452870109063,2.0234214124504204
2026-05-31,91733,AVAV,AeroVironment Inc,20,-0.03,0.059560239975387126,-0.6249092624854821,9738.12868,1.3596670681944623,2.1293988004190676
2026-05-31,91832,MDGL,"MADRIGAL PHARMACEUTICALS, INC.",35,-0.025605639489677083,-0.04198749299367983,-0.14196791521486643,11868.9266,-0.4107261319583467,0.26326646537373066
2026-05-31,91907,SMCI,"Super Micro Computer, Inc.",45,-0.025212604523660823,0.6790167883211681,-0.42162093495934966,16412.2986,1.6580734487468505,2.227189575091605
2026-05-31,92294,,,10,-0.0034570785555353735,-0.07831826729348564,-0.5238639663182346,7299.39069,1.3397196198428174,2.5202317651343553
2026-05-31,92469,,,50,-0.03,0.04603107032645774,-0.502812862950058,19397.87478,1.0357632649540685,2.046648812761952
2026-05-31,92852,LOPE,"Grand Canyon Education, Inc.",25,0.01783624154205558,-0.11678072396048975,0.41261977351916374,4589.06701,0.611516005845953,0.8412026018037467
2026-05-31,93330,,,40,0.020679715827511953,-0.03917602140565726,0.3795005807200929,8831.034189999998,0.9059694866849407,0.9736196700239054
2026-06-30,10693,EHC,Encompass Health Corp,35,0.024515404626803298,-0.04796376948512051,0.18716577540106952,10500.21415,0.7039804420396982,0.89553936837181
2026-06-30,12400,LPLA,LPL Financial Holdings Inc.,40,-0.0069861893370954655,0.025992866274610137,-0.18289133835352325,21896.94591,0.5256331805273728,1.3650567368443942
2026-06-30,13046,UI,Ubiquiti Inc.,45,0.017237856130940494,-0.08824580207584015,0.020389974171486802,35336.37492,1.3465396048440348,2.247413646941256
2026-06-30,13543,GMED,GLOBUS MEDICAL INC,35,0.02714585562208915,-0.03795129457743027,0.09809378296773257,9278.232199999999,0.9275701580089502,1.750292933245508
2026-06-30,13788,ZTS,Zoetis Inc.,35,0.015943099529959277,-0.07794183292573048,0.09039979628214923,32569.82332,0.7344334884434073,1.2552560421425538
2026-06-30,13967,PTCT,"PTC THERAPEUTICS, INC.",35,-0.02099971055668958,0.10163622207176709,-0.5030921459492887,6125.783649999999,0.5496311271410667,0.9910783975145723
2026-06-30,14263,VCYT,"VERACYTE, INC.",35,0.02401341641000833,0.26447160120845903,0.05966022772745462,3697.6076200000007,1.9842743624696324,2.5184852454839795
2026-06-30,14593,,,45,0.03,-0.07564242132923163,0.31085161337262174,4583336.31336,1.0502143367813643,1.2567850263713
2026-06-30,14960,ENVA,"Enova International, Inc.",40,0.028508027094032228,0.4875959445235589,0.26918039943250033,4019.17635,1.3397700040847969,1.7639073828849814
2026-06-30,15293,,,10,-0.03,-0.0496762326169406,-0.48424824475244643,2096.09463,1.7875109119967056,1.4366664931507096
2026-06-30,15303,VKTX,"Viking Therapeutics, Inc.",35,-0.027502101399174087,0.1886088576664629,-0.3770053475935829,3801.31044,0.7122424240606207,1.2914281998357044
2026-06-30,16005,SYRE,"Spyre Therapeutics, Inc.",35,-0.0033262451150339357,0.20499115646258503,-0.3423369347739095,6382.813499999999,2.804086800665847,0.4284562937217371
2026-06-30,16126,AZZ,AZZ INC,20,0.03,0.14129600029518125,0.41642111390010556,4067.6036699999995,1.1270846852767389,1.3318987707584538
2026-06-30,16260,MEDP,"Medpace Holdings, Inc.",35,0.03,0.1815736194672452,0.13367165047837312,12769.4616,1.1972614096415943,2.4326410344222706
2026-06-30,16680,QXO,"QXO, Inc.",20,-0.0256917533632287,-0.0011608695652173431,-0.40470733748044674,12509.148,2.5641078969196314,0.5294936495124339
2026-06-30,16738,AM,Antero Midstream Corp,10,0.027689320561576428,0.08250076335877865,0.26245043471934226,9955.580800000002,0.6592781337968984,0.8198058555721734
2026-06-30,16923,CELC,Celcuity Inc.,35,-0.03,-0.215573088500903,-0.566826730692277,6480.02608,0.10884157488470267,1.8242781407149975
2026-06-30,16967,CARG,"CarGurus, Inc.",50,0.03,0.13876108506363038,0.37998835897995564,2268.49406,1.2638041976908456,1.506851594520342
2026-06-30,17045,ACMR,"ACM Research, Inc.",45,-0.016680220620228763,0.4630195933456561,-0.49830841427480077,5300.32848,2.04570623549311,2.763121259692993
2026-06-30,17223,ADT,ADT Inc.,25,0.022625107512926512,-0.02626819658337949,0.38069773363891013,4931.5145,1.0047663044061472,1.0981101978083578
2026-06-30,17332,VCTR,"Victory Capital Holdings, Inc.",40,0.03,-0.0030371753046567742,0.3054494525082761,5286.99605,1.1357531001920902,1.5144682641713407
2026-06-30,17366,HYMC,HYCROFT MINING HOLDING CORP,15,-0.03,-0.29488184568835096,-0.5878897013350795,3019.48105,1.6345580316291488,1.3264755947401048
2026-06-30,17372,COGT,"Cogent Biosciences, Inc.",35,-0.0008601710958617967,0.104079405034325,-0.45107133762595947,5973.54528,0.400614849307447,1.6344470387085694
2026-06-30,17821,SRRK,Scholar Rock Holding Corp,35,-0.029905508031669973,0.11271866125760656,-0.3391356542617047,5907.520399999999,0.8852965081811526,0.8068064420687001
2026-06-30,17892,DNTH,"Dianthus Therapeutics, Inc. /DE/",35,-0.03,0.04515934845715513,-0.4146931499872676,5084.48466,1.2471999576342818,1.3221238446720658
2026-06-30,17959,CRNX,"Crinetics Pharmaceuticals, Inc.",35,-0.0010715564784501298,0.04970196905766539,-0.24948161082614864,3748.392,0.2680507897068452,1.3550592132773593
2026-06-30,18428,,,15,-0.024398414649083988,-0.19223333333333326,-0.36772890974571654,24325.00875,0.39458322609661833,1.8006143853745404
2026-06-30,18910,NVST,Envista Holdings Corp,35,0.006920878042018553,0.11599596602972402,0.04720069846120263,3832.2444000000005,0.8902515214245551,1.5867486125210695
2026-06-30,18973,BRC,BRADY CORP,20,0.0067847652493261005,0.06087788104089202,0.25328313143439196,3750.8499199999997,0.598467193024497,1.021988557259863
2026-06-30,19201,RVMD,"Revolution Medicines, Inc.",35,-0.03,0.186330378460757,-0.4550365600785769,33479.61808,1.3994573195390683,1.9877761426069316
2026-06-30,19433,MP,MP Materials Corp. / DE,15,-0.008241264019834231,-0.13721221020092744,-0.54227145403616,11518.0234,1.9364849116104905,2.9724614738347683
2026-06-30,19484,PCVX,"Vaxcyte, Inc.",35,-0.012562860294972658,0.1280338521400779,-0.30632252901160467,7422.057199999999,1.2558537790304276,0.8864202663703754
2026-06-30,19577,RKT,"Rocket Companies, Inc.",40,-0.02213478513166282,0.08255830461750524,-0.4022699989086544,14227.780499999999,2.1973834162737065,2.0108583916143736
2026-06-30,19628,IRON,"Disc Medicine, Inc.",35,-0.012650547852572903,0.048415222078482215,-0.2589217505183891,2657.5044299999995,0.9073615289086344,1.0100728110138648
2026-06-30,19655,STEP,StepStone Group Inc.,40,-0.020787355852270657,-0.1493282373602693,-0.28900651169558733,3979.66217,1.300854352583378,2.1465866981083948
2026-06-30,19751,LCID,"Lucid Group, Inc.",25,-0.03,0.018474045801526805,-0.5945287205791409,2556.18335,1.0270307951839315,2.337566619238016
2026-06-30,19813,TNGX,"Tango Therapeutics, Inc.",35,-0.03,0.41930200181983623,-0.6215940921823274,3179.36304,1.2530457703542923,1.429982232455038
2026-06-30,19849,,,35,-0.024016127577891344,-0.17222725199543892,-0.30152060824329735,13613.899019999999,-0.06609412306100587,0.38916358010297086
2026-06-30,20062,SHC,Sotera Health Co,35,0.002327440449544596,0.13201048593350379,0.2573756775437448,4460.01188,1.7857182113751344,1.065248168770842
2026-06-30,20067,,,40,-0.01800712027349929,-0.018816575192096553,-0.4473789515806323,23371.541019999997,2.2883693985442948,2.65214725756108
2026-06-30,20138,GPGI,"GPGI, Inc.",45,-0.01607543088415218,0.30055394736842117,-0.4357561206300703,3524.7097599999997,0.8816323516676867,1.5504394976917169
2026-06-30,20325,SMR,NUSCALE POWER Corp,20,-0.02931406675091996,-0.2112662194159432,-0.7147586307250172,4385.16302,2.663110687754942,2.694827947615053
2026-06-30,20648,RBLX,Roblox Corp,50,-0.0027424877222552426,0.15044040296924716,-0.4975444723343883,31665.7514,1.5010358583738903,2.332596425060257
2026-06-30,20894,APP,AppLovin Corp,45,0.03,-0.1625176744034318,0.01513332605769578,187441.23188000004,2.5091166292548213,3.1205099546270607
2026-06-30,20930,SOC,Sable Offshore Corp.,10,-0.03,-0.7926610921501707,-0.44725162792389683,2261.41795,-0.21747897311462436,1.514414546205718
2026-06-30,20975,DAVE,Dave Inc./DE,40,0.021656876019298728,0.31572259343148346,0.03137618683837175,3221.184,3.811927896060819,2.1645118678033892
2026-06-30,21007,RGTI,"Rigetti Computing, Inc.",45,-0.03,-0.24643954581049332,-0.5278838808250573,8489.47046,2.2743190136125637,2.7560442662755555
2026-06-30,21090,RCAT,"Red Cat Holdings, Inc.",20,-0.03,-0.26841724137931033,-0.5881079704609117,2206.784,1.5611502564614306,1.9782770734216042
2026-06-30,21219,GPOR,GULFPORT ENERGY CORP,10,0.0035480506279793045,0.0036840204045315485,0.49423405725926745,3029.5623,0.40557392717585644,0.8541312080103696
2026-06-30,21619,OKLO,Oklo Inc.,55,-0.03,-0.22045382775119615,-0.572137946087526,11636.51808,1.18787535488043,1.8775474647994732
2026-06-30,21927,DJT,Trump Media & Technology Group Corp.,50,-0.02076429513717922,-0.1715358754027927,-0.3129797373494853,2578.44174,1.7931861706923244,0.7037805309034235
2026-06-30,22220,NN,NEXTNAV INC.,45,-0.017627654397778053,-0.13820552861299723,-0.21299428862454076,2813.3309400000003,1.1313849387288637,1.5075988132919267
2026-06-30,22265,RIVN,"Rivian Automotive, Inc. / DE",25,-0.02972407317073171,0.061517177914110474,-0.5229364473061952,20481.0315,1.70839237597205,2.4212697190999455
2026-06-30,23054,SOUN,"SOUNDHOUND AI, INC.",45,-0.010602893739485628,-0.28401111111111116,-0.5834333733493399,3602.1059999999998,2.66116599772851,2.1670154664381616
2026-06-30,23263,QBTS,D-Wave Quantum Inc.,45,-0.03,-0.20694777704047784,-0.6385099494343193,11069.48766,3.1772773895978843,2.422857543419585
2026-06-30,37568,FELE,FRANKLIN ELECTRIC CO INC,20,0.028213811831532744,0.08665072169140076,0.24773545781949144,4346.62516,1.0562118279223172,1.3152755998950998
2026-06-30,46463,GFF,GRIFFON CORP,20,0.02892970489164755,0.1056473971357125,0.31392557022809126,4035.37866,1.4918239559837285,1.4339133457957374
2026-06-30,46690,CBT,CABOT CORP,15,0.023353073586404486,0.0349242486572962,0.1945687365855433,4517.35371,0.8657867084733866,1.43011727659478
2026-06-30,48486,,,45,0.0268047955431041,0.3599483837928667,0.09993088144348652,397906.68078,1.8014852560773293,2.778274893717225
2026-06-30,49429,DDS,"DILLARD'S, INC.",25,0.011351780728892449,-0.10708325421341232,0.42522463530866894,6864.732510000001,1.2277708311091988,1.4525851797842508
2026-06-30,50017,RRC,RANGE RESOURCES CORP,10,0.03,-0.04561188430551112,0.47799119647859145,9177.476900000001,0.522718151781871,0.9562433593527226
2026-06-30,56274,CAG,CONAGRA BRANDS INC.,30,-0.02579443700627232,0.010654216867469913,0.0035832514824111683,6353.64336,-0.054178394871143454,0.16671669056443605
2026-06-30,75510,,,45,0.026199094853871643,-0.2119582925041471,0.2708537960638801,104772.68199999999,1.3716265564124281,1.5542478234973434
2026-06-30,75603,CRUS,"CIRRUS LOGIC, INC.",45,0.03,-0.12893706972639007,0.1995343591982248,8596.580849999998,1.1269066878610896,1.612129731397595
2026-06-30,75912,PTC,PTC INC.,45,0.026332853538683514,-0.1839711453903265,0.27503728764232965,16024.147379999999,0.9759480712203344,1.647679128443333
2026-06-30,76123,JOE,ST JOE Co,60,0.026265067009525016,-0.01621076337554315,0.23202008075957656,3652.9982999999997,1.2710322026759802,1.3495981342579801
2026-06-30,76128,,,20,0.023143550883170733,0.13131335563254104,-0.15186074429771906,11339.021759999998,2.3866683711796304,2.8931737571114757
2026-06-30,76661,IONS,IONIS PHARMACEUTICALS INC,35,-0.03,0.0335705882352942,-0.4023427552839318,12642.6195,0.3586455264520253,1.1479768113268858
2026-06-30,76709,IDXX,IDEXX LABORATORIES INC /DE,35,0.03,-0.06871725906340376,0.1968241842191422,44452.936989999995,1.5422623661953667,1.9732721112643297
2026-06-30,76721,CRVL,CORVEL CORP,35,0.017376187160104115,0.009569635627530415,0.1860562406780894,3130.1692500000004,1.0094253995156945,1.2045376480802457
2026-06-30,78015,MTX,MINERALS TECHNOLOGIES INC,15,0.006281260552346468,-0.04099319941882733,0.36689221143002654,2388.31318,1.106601992360379,1.3089576061002117
2026-06-30,79507,MCRI,MONARCH CASINO & RESORT INC,25,0.03,0.0941827973214182,0.6035141329258976,2134.6150000000002,1.337407559028404,1.2759249374391968
2026-06-30,80128,,,20,0.006728217265298907,0.10977959851719167,0.30355778675106404,10091.591339999999,1.3324265264528248,1.2491289972412611
2026-06-30,81736,,,35,0.0007452061257500804,0.019716361441989766,0.21661391829459056,27643.321920000002,0.8109233379796563,0.8475061440755832
2026-06-30,82800,,,15,0.0026367903010508075,-0.09197475169890239,0.26596092982647607,159606.5638,1.0543744609754804,1.9364047039659265
2026-06-30,84827,,,45,0.03,-0.09034672074797194,-0.1688493579249882,15729.608020000001,1.8374571926045746,3.294809407975744
2026-06-30,85621,MTD,METTLER TOLEDO INTERNATIONAL INC/,35,0.025478590779722286,0.07920371173491002,0.022390774491614838,23857.16064,1.2196207445247884,1.546070307914804
2026-06-30,87430,,,20,-0.022105355147729863,-0.22541676282551065,-0.4731892757102841,12025.6576,1.1075424299034098,2.3976877984973437
2026-06-30,87759,WULF,TERAWULF INC.,45,-0.01692361323514182,-0.036546322378716724,-0.7470260831605371,12665.82348,3.9101421289660587,3.292979964736532
2026-06-30,88159,EXEL,"EXELIXIS, INC.",35,0.03,0.0749526148969889,0.2652151769798829,12688.400399999999,0.4182665589529401,0.9409850321090278
2026-06-30,88351,INSM,INSMED Inc,35,-0.0181291791594269,-0.005612561968010401,-0.2563025210084034,23172.95632,0.8195234323590865,0.9603350555541691
2026-06-30,88661,TPR,"TAPESTRY, INC.",25,0.029993872586872587,0.006297925684657681,0.24535268652915712,29389.4657,1.4549690073800372,1.9414065137603933
2026-06-30,88860,ALGN,ALIGN TECHNOLOGY INC,35,0.03,-0.03885312946556155,0.1373276583360617,12529.569099999999,1.718485516725426,2.4870884984824975
2026-06-30,89968,,,40,0.019016101328369832,-0.08031359520469328,0.2092473352977555,5570.560039999999,1.421716293090373,1.8124817262120212
2026-06-30,90126,CYTK,CYTOKINETICS INC,35,-0.006657732965532544,0.10692282438770183,-0.4044163119793372,9551.47708,0.4909666865875929,1.1727304631044082
2026-06-30,90436,HALO,"HALOZYME THERAPEUTICS, INC.",35,0.01774618466228174,0.17338494138863825,0.1721961511877478,7892.50902,0.8542111161165638,0.7107106200251274
2026-06-30,91413,,,40,0.01873444615282745,-0.0011984216393828935,0.30292116846738704,13185.146520000002,1.5304020786974024,2.0531435483269145
2026-06-30,91733,,,20,-0.03,-0.2063838834201892,-0.6343082687620502,10348.32216,1.3518612637127938,2.306338335465008
2026-06-30,91832,MDGL,"MADRIGAL PHARMACEUTICALS, INC.",35,-0.024530522881005573,0.0768956844370263,-0.30768671104805556,11465.05712,-0.44528218824454885,0.28208450125186163
2026-06-30,91907,SMCI,"Super Micro Computer, Inc.",45,-0.03,-0.3665363636363637,-0.4790643530139328,27719.355620000002,1.8418239815245656,2.4342577229474474
2026-06-30,92294,,,10,-0.0031863261531683766,-0.22875330428467677,-0.49887227618320046,6750.34317,1.280524401237173,2.57851633074174
2026-06-30,92469,SATS,EchoStar CORP,50,-0.03,-0.21723547488195682,-0.44501436938411726,20472.09335,1.0227496067136954,2.079601191028402
2026-06-30,92852,,,25,0.015753312342040166,-0.04787831164497818,0.43273673105605887,3973.1229,0.5513050795057414,0.8880787410387196
2026-07-31,10693,EHC,Encompass Health Corp,35,0.023339553410448848,0.09799176799378777,0.23802411181051958,10027.03492,0.7268530667810843,0.8730415918160629
2026-07-31,11499,CECO,CECO ENVIRONMENTAL CORP,20,-0.03,-0.27675937844390563,-0.48842419716206115,5299.488219999999,1.5237743244181936,1.5769124716501632
2026-07-31,12400,,,40,-0.007167780422303695,0.25278020448736144,-0.2111028130445606,22529.61144,0.5403570889879981,1.3127678444635729
2026-07-31,13046,,,45,0.01571668769059771,0.03921373892852465,0.04761904761904764,32320.563659999996,1.3592092572243664,2.1361206471389145
2026-07-31,13543,GMED,GLOBUS MEDICAL INC,35,0.026115635258818853,-0.005684457663586873,0.08840997190511755,8953.01815,0.9227683969182934,1.6510386823791117
2026-07-31,13788,,,35,0.0147004651300769,0.08014454972297028,0.1584160176393186,30125.72408,0.7326335860979873,1.1680355515634084
2026-07-31,13967,PTCT,"PTC THERAPEUTICS, INC.",35,-0.0273309277139339,-0.16913758734828965,-0.4839610227959742,6766.14993,0.5307878999008777,0.9588425099979312
2026-07-31,14263,VCYT,"VERACYTE, INC.",35,0.03,-0.21420597650263917,0.08085280415377502,4686.24289,1.954418676113276,2.402262542140433
2026-07-31,14593,,,45,0.02773072736012305,0.06466289742880846,0.2779970838223265,4249933.33216,1.0491581113430488,1.2809123939449225
2026-07-31,14960,ENVA,"Enova International, Inc.",40,0.03,0.05280556224816183,0.20050499662150148,5990.56605,1.306142978361594,1.6775559136034983
2026-07-31,15303,,,35,-0.03,-0.18926247116124073,-0.417706888580675,4529.2950599999995,0.6870842551511481,1.212013214550704
2026-07-31,16005,SYRE,"Spyre Therapeutics, Inc.",35,-0.004008095947842767,0.1046692723586393,-0.4091183897009141,7709.743979999999,2.7826215813019886,0.41242386392385305
2026-07-31,16126,AZZ,AZZ INC,20,0.03,-0.06793381853732351,0.32527828158896127,4654.135850000001,1.1214479795798267,1.3169224210061223
2026-07-31,16260,MEDP,"Medpace Holdings, Inc.",35,0.03,0.08682979097037327,0.058785874319854874,15125.090400000001,1.1734591256669122,2.2620276464619975
2026-07-31,16680,QXO,"QXO, Inc.",20,-0.03,-0.23322407407407403,-0.4661616700451652,12533.2704,2.4533372268285363,0.48727871857043203
2026-07-31,16738,AM,Antero Midstream Corp,10,0.017266199203717726,-0.027088793095758436,0.2635940111668266,10805.795,0.6422637992999527,0.7744298821523065
2026-07-31,16923,CELC,Celcuity Inc.,35,-0.03,-0.177245249474288,-0.5666808919236104,5101.89892,0.16792053028819434,1.6962367492467831
2026-07-31,16967,CARG,"CarGurus, Inc.",50,0.03,0.060168348489293005,0.35527579216899596,2589.8513900000003,1.2618901261152193,1.4689330513130223
2026-07-31,17045,ACMR,"ACM Research, Inc.",45,-0.024403489588722915,-0.3844903538497912,-0.5347985347985348,8135.9330199999995,1.9504361665129915,2.8853903975712654
2026-07-31,17223,,,25,0.022030786741056862,0.1724846153846154,0.3927415626444753,4777.175,1.0004090098046146,1.0395388669179548
2026-07-31,17332,VCTR,"Victory Capital Holdings, Inc.",40,0.029908884740860297,0.17518708065667377,0.33656957928802583,5256.35586,1.130676354021034,1.4329494951349686
2026-07-31,17366,HYMC,HYCROFT MINING HOLDING CORP,15,-0.03,-0.1682846153846153,-0.5801593228777694,2137.8474,1.718886592324163,1.3155865980765573
2026-07-31,17372,COGT,"Cogent Biosciences, Inc.",35,-0.0009496971917468158,0.0030431524547802806,-0.44124968882250437,6612.591600000001,0.41312058968120513,1.5606491782903165
2026-07-31,17821,SRRK,Scholar Rock Holding Corp,35,-0.03,-0.14299090909090906,-0.35593371030264237,6590.54,0.8753595244135578,0.7232183344575207
2026-07-31,17892,DNTH,"Dianthus Therapeutics, Inc. /DE/",35,-0.03,0.09394037751333605,-0.488388634019702,5328.8416799999995,1.280822240464717,1.281537768725391
2026-07-31,18428,,,15,-0.019708226073041745,0.10419064327485364,-0.33006152423628154,19719.47376,0.4284311479012864,1.6857673267175985
2026-07-31,18910,NVST,Envista Holdings Corp,35,0.0077236719762764,0.03353263757115739,0.036061026352288486,4287.8828,0.8764289486903066,1.4898172833694172
2026-07-31,18968,,,35,0.03,0.07687800901838365,0.2905153099327857,2258.3115599999996,1.0772577217201025,1.5761558386717827
2026-07-31,18973,BRC,BRADY CORP,20,0.0071978073810649535,0.029383156852728264,0.2820868451936413,3990.0711799999995,0.597140179289839,1.0931763678605273
2026-07-31,19002,BWIN,"Baldwin Insurance Group, Inc.",40,-0.008122689601804251,0.04074183596689241,-0.4002987303958178,2591.2841999999996,1.130621899842935,1.8229361412998337
2026-07-31,19076,ASTS,"AST SpaceMobile, Inc.",50,-0.021012867354586365,-0.33915928426738695,-0.7198691276361179,26546.56956,2.893453303678989,2.6250743132905834
2026-07-31,19201,RVMD,"Revolution Medicines, Inc.",35,-0.03,-0.001565100384451089,-0.4874995554607205,39814.97888,1.3790544872872075,1.9245999432311436
2026-07-31,19433,MP,MP Materials Corp. / DE,15,-0.007110461968823397,-0.264281896089984,-0.5389949855969274,9971.012219999999,1.914197781752959,2.7902485610719974
2026-07-31,19484,PCVX,"Vaxcyte, Inc.",35,-0.014171331692435642,-0.07257142611388274,-0.3075678366940503,8393.85574,1.238184954844291,0.8375996209294098
2026-07-31,19577,RKT,"Rocket Companies, Inc.",40,-0.023962195465205664,-0.18385238095238093,-0.4299583911234396,15443.662499999999,2.17758954878009,2.016326781862258
2026-07-31,19628,IRON,"Disc Medicine, Inc.",35,-0.013263026936269686,0.04987549904293136,-0.32488708702300945,2793.87486,0.9805236404802389,1.045723811169374
2026-07-31,19655,STEP,StepStone Group Inc.,40,-0.0176832166434704,0.05754487427466147,-0.3440734023258295,3338.0415199999998,1.3104311130480784,2.1709394384821676
2026-07-31,19751,LCID,"Lucid Group, Inc.",25,-0.03,0.10023901345291472,-0.6361179273800632,2610.8193300000003,0.9426796144816517,2.388376725891613
2026-07-31,19813,TNGX,"Tango Therapeutics, Inc.",35,-0.03,-0.1334182341650672,-0.6480137984992355,5089.5969000000005,1.2166275697055915,1.3936629654784165
2026-07-31,19849,SMMT,Summit Therapeutics Inc.,35,-0.01987989592157924,-0.1092829787234043,-0.26775489882286,11308.69491,-0.02356517737556415,0.3706243724131051
2026-07-31,20062,,,35,0.002634686994270271,0.0032971830985915173,0.2065507308225755,5061.714249999999,1.7730538202774189,0.9978189142229954
2026-07-31,20067,SOFI,"SoFi Technologies, Inc.",40,-0.017668287940879865,-0.09325136642498612,-0.421689960524912,22999.54613,2.3046356004026114,2.5563019883826477
2026-07-31,20138,GPGI,"GPGI, Inc.",45,-0.03,-0.17009242902208205,-0.42821579714783603,4594.29685,0.8500510439244588,1.54791769985601
2026-07-31,20325,SMR,NUSCALE POWER Corp,20,-0.03,-0.16341844466600197,-0.7105871474803512,3471.4431799999998,2.699469468933663,2.5676144726439833
2026-07-31,20648,,,50,-0.0031550686803295345,-0.3482475542478853,-0.5129094206764109,36521.39048,1.49166608569211,2.3520179462162387
2026-07-31,20894,APP,AppLovin Corp,45,0.025124469767897045,-0.23450530248626833,0.04080870585724954,157522.29836000002,2.5458693332025524,3.001837849952741
2026-07-31,20975,DAVE,Dave Inc./DE,40,0.028494441081735825,-0.0026316084704366117,-0.005334471353888822,4247.526,3.793073636069719,2.0437586018344804
2026-07-31,21007,RGTI,"Rigetti Computing, Inc.",45,-0.022606813625685198,-0.22909047619047623,-0.5012091468402148,6421.94868,2.3226466448865697,2.6994382376921306
2026-07-31,21219,GPOR,GULFPORT ENERGY CORP,10,0.0035611217188890915,-0.05198662345315254,0.49882641630214436,3049.5089999999996,0.4051993296960678,0.8024262512090448
2026-07-31,21619,OKLO,Oklo Inc.,55,-0.03,-0.26087821517294096,-0.5525089796934457,9104.94903,1.220188015654652,1.7864310134295243
2026-07-31,21927,DJT,Trump Media & Technology Group Corp.,50,-0.017202473593701233,0.2710018087855296,-0.2694619296561044,2143.62396,1.8156707502349592,0.6958323450995393
2026-07-31,22220,NN,NEXTNAV INC.,45,-0.015191415103525912,-0.26762237801458216,-0.23613926526547885,2432.67171,1.1497731911473552,1.4361266290073433
2026-07-31,22265,RIVN,"Rivian Automotive, Inc. / DE",25,-0.03,-0.12566657060518735,-0.53887051459867,21800.361750000004,1.696031416263104,2.437505307616223
2026-07-31,23054,,,45,-0.00759155410754127,-0.055450231839258124,-0.5118958711191721,2589.5139799999997,2.706918700585881,2.0873146370009024
2026-07-31,23263,QBTS,D-Wave Quantum Inc.,45,-0.023791566688785664,-0.24925264693622345,-0.6276716810697394,8810.783309999999,3.2370824641606446,2.3781874968326533
2026-07-31,37568,,,20,0.03,-0.025943194327829114,0.19458373341868487,4735.86858,1.0541024675740007,1.243242975228179
2026-07-31,46463,GFF,GRIFFON CORP,20,0.03,-0.11937698144160765,0.26988868736441546,4473.40851,1.4932911076885385,1.3905881774402744
2026-07-31,46690,,,15,0.024168662135248212,-0.033730213609337145,0.22152281375582344,4688.21922,0.8816699578060196,1.40742208008737
2026-07-31,48486,,,45,0.03,-0.3266947984215263,0.031206657420249664,541909.93143,1.768841554208451,2.9346314821890633
2026-07-31,49429,DDS,"DILLARD'S, INC.",25,0.01114520487597868,0.1104946481965104,0.4030193107863011,6147.109859999999,1.1925004355673996,1.43481511968678
2026-07-31,50017,,,10,0.028631643470834665,0.07642239849421897,0.45410576478537645,8762.78218,0.4953880201258801,0.9033063953546784
2026-07-31,56274,CAG,CONAGRA BRANDS INC.,30,-0.026069256532111437,0.08766058363696295,-0.015469966926277588,6439.76202,-0.05236049016082932,0.14553057551912404
2026-07-31,75510,ADBE,ADOBE INC.,45,0.020645979443490822,0.2184930348258704,0.2366371492585085,81495.45,1.3708798991751299,1.534267138460958
2026-07-31,75603,,,45,0.026131887908208296,-0.1320321618528244,0.2362992994060955,7493.78409,1.1335553010667994,1.6056535558868363
2026-07-31,75912,,,45,0.021488368311776196,0.20474017252002458,0.2816956506276894,13122.63666,0.9909668770086133,1.6226267743556806
2026-07-31,76123,,,60,0.02583929022319082,-0.009127047740699435,0.28494967815356165,3595.5883,1.2840230058553093,1.2636303910855342
2026-07-31,76128,VICR,VICOR CORP,20,0.005543442963241815,-0.4568733529938385,-0.16881823677940183,12860.869919999997,2.35819078314886,2.879621785696927
2026-07-31,76661,IONS,IONIS PHARMACEUTICALS INC,35,-0.03,-0.3499803379997478,-0.4081759664283936,13103.703270000002,0.34784518920026425,1.0725613310403574
2026-07-31,76709,,,35,0.03,0.059082372160170184,0.21359223300970878,41527.16652,1.532211800256593,1.8919538615088571
2026-07-31,76721,CRVL,CORVEL CORP,35,0.017542470939822082,-0.042247408829174674,0.22678615882499376,3189.08268,0.999468082708965,1.1337461318849835
2026-07-31,78015,MTX,MINERALS TECHNOLOGIES INC,15,0.006023771585922516,0.027788116804109673,0.4225968206550731,2293.73573,1.1277246317521186,1.2278675619668276
2026-07-31,79507,,,25,0.03,-0.07022011245346114,0.5950958426686581,2336.0775000000003,1.3428291061810893,1.2012798573367447
2026-07-31,80128,VMI,VALMONT INDUSTRIES INC,20,0.007466838255419858,-0.16893185595567872,0.23802411181051958,11213.5264,1.3322242614362425,1.2333214315430343
2026-07-31,81736,,,35,0.0007598988790741538,0.07971494252873561,0.21697073153383833,28268.513280000003,0.7782888460421087,0.8214282844374424
2026-07-31,82272,,,35,0.024687027671961227,0.04368507698381379,0.3839396849105587,2080.15026,0.6710737488514588,1.0083008753379687
2026-07-31,82800,SCCO,SOUTHERN COPPER CORP/,15,0.0023942721678295855,0.0455907609319409,0.26444752658344894,145390.17153999998,1.0861643897284292,1.9623430159639264
2026-07-31,84827,,,45,0.027289598377560842,-0.31712329365677266,-0.18147871545929803,14354.10538,1.8282736636828194,3.34606000273446
2026-07-31,85293,ORKA,"Oruka Therapeutics, Inc.",35,-0.03,0.011180067248082421,-0.4150040897613713,5739.89304,-0.388162107364687,0.8332992343824951
2026-07-31,85621,,,35,0.027496589739251145,0.10574102825026807,0.11013905188662469,25815.922079999997,1.2009596727024525,1.469898451711309
2026-07-31,86233,LEU,CENTRUS ENERGY CORP,10,-0.020372309791276244,0.05107033418716863,-0.6548241402610334,3181.80798,1.527041860454088,2.9160456343355663
2026-07-31,87430,,,20,-0.01712243754922036,-0.06828307260328917,-0.4572708844553505,9349.7472,1.120105937702556,2.3226555852995423
2026-07-31,87759,WULF,TERAWULF INC.,45,-0.01630511741003761,-0.28792024291497975,-0.7420960916106548,12239.6651,3.776050625569816,3.11339312903392
2026-07-31,88159,,,35,0.03,-0.028262984745451122,0.29417831359578933,13676.22555,0.4446306601882799,0.8987161694411964
2026-07-31,88351,,,35,-0.018027428017965454,-0.0781204089289065,-0.2125609018812902,23110.098240000003,0.8064926148273144,0.8191130456775709
2026-07-31,88661,,,25,0.03,0.038020890832080885,0.29698780184217083,29575.3471,1.4680098727888986,1.828657366070435
2026-07-31,88860,ALGN,ALIGN TECHNOLOGY INC,35,0.03,6.454405312462984e-05,0.13675806394252993,12079.091879999998,1.7162128767171436,2.3812858379386768
2026-07-31,89968,,,40,0.017488849863911707,0.04492969311584182,0.25564564884953234,5139.32296,1.4359155795669147,1.7075447793209606
2026-07-31,90126,,,35,-0.007369596578226394,-0.0975120436670971,-0.3736441551975533,10600.44727,0.5039727709175315,1.124878748614173
2026-07-31,91413,EVR,Evercore Inc.,40,0.01871199438715605,-0.06405276476101215,0.29273800633023933,13207.58208,1.5429718845513498,1.9744207478121645
2026-07-31,91733,AVAV,AeroVironment Inc,20,-0.023808483497394322,-0.0980111649603198,-0.4858992140545539,8353.86256,1.3975781038306938,2.2034066378791337
2026-07-31,91832,MDGL,"MADRIGAL PHARMACEUTICALS, INC.",35,-0.03,-0.1325768786665426,-0.31393363917635764,12379.919200000002,-0.4200572060021156,0.2706408146327883
2026-07-31,91907,SMCI,"Super Micro Computer, Inc.",45,-0.01900390909090909,-0.034608148653256045,-0.47668836018350574,18972.78509,1.9061841783115556,2.515142242363003
2026-07-31,92294,,,10,-0.0024574435171024274,-0.10233714821763606,-0.5774031793449269,5275.3355200000005,1.3485026300520269,2.6635640154810063
2026-07-31,92469,ECHO,EchoStar CORP,50,-0.023482935753541295,-0.17442709359605912,-0.4411963441089655,16084.1975,1.0748125722473063,1.7588783664391388
2026-07-31,92852,LOPE,"Grand Canyon Education, Inc.",25,0.014999070344287286,0.012682419118160782,0.4557772324762616,3794.41854,0.5620011536373336,0.8217126936655973
2026-08-31,10693,,,35,0.025626637513324172,0.08515257945439818,0.22255790533736156,11018.03293,0.7115165338120202,0.8003187881443132
2026-08-31,11499,,,20,-0.03,0.05446834117468516,-0.47329520932239966,3848.17367,1.5662404614335474,1.5296253352761637
2026-08-31,12400,LPLA,LPL Financial Holdings Inc.,40,-0.00897965342317413,0.04598328223375696,-0.2067867932671558,28289.987100000002,0.5063947925787134,1.2804550136465023
2026-08-31,13046,,,45,0.016332997778517967,0.0740603967512399,0.0686232196806215,33681.70344,1.354240036251724,2.0743099138707564
2026-08-31,13305,ZWS,Zurn Elkay Water Solutions Corp,20,0.03,-0.0494597873235148,0.42031722054380666,8377.79064,1.0772812131915108,1.1744323624644382
2026-08-31,13543,,,35,0.025967182035832422,0.050152417819520144,0.09149762624082862,8928.08885,0.9196713030517303,1.584591756390079
2026-08-31,13788,,,35,0.01587862728864514,-0.002253085780825553,0.17319450438785786,32402.132120000002,0.7149873674764359,1.1329894224218175
2026-08-31,13967,PTCT,"PTC THERAPEUTICS, INC.",35,-0.022708240540408615,0.027683737685634438,-0.27837721191195514,5676.182610000001,0.558274585464051,0.9378850737925278
2026-08-31,14263,VCYT,"VERACYTE, INC.",35,0.023573820704920825,-0.06723506044905002,0.006491871673140581,3696.0117600000003,1.9774009692301726,2.519703959283384
2026-08-31,14593,AAPL,Apple Inc.,45,0.029523876539036938,0.03293574724876069,0.2126672421234355,4508288.143800001,1.0381860098817854,1.3432859025059547
2026-08-31,14960,ENVA,"Enova International, Inc.",40,0.03,-0.0871842527740615,0.183031218529708,6327.577719999999,1.303861599578023,1.6860053916818523
2026-08-31,15303,VKTX,"Viking Therapeutics, Inc.",35,-0.024322125865162778,0.010332514177693704,-0.37271615594878443,3702.56622,0.7215696804937459,1.1962171188394435
2026-08-31,16005,,,35,-0.008906178697676518,-0.0839535950371199,-0.4137174507265141,8539.07553,2.7721259396401527,0.4053744180627057
2026-08-31,16044,NGVT,Ingevity Corp,15,0.03,-0.053235111475858195,0.35099266292619763,2513.37558,1.224239187418402,1.5415570717493439
2026-08-31,16126,AZZ,AZZ INC,20,0.014318834896826095,-0.04698512990602541,0.09933822471586821,4349.12544,1.1305539103242779,1.3049740169591764
2026-08-31,16260,MEDP,"Medpace Holdings, Inc.",35,0.03,0.03788945088458,0.08257804632426988,16108.294319999999,1.1632802606218424,1.3948130768374747
2026-08-31,16680,QXO,"QXO, Inc.",20,-0.03,0.013641353383458552,-0.4620917853546252,13798.4973,2.4927565998416283,0.48203244609318135
2026-08-31,16923,CELC,Celcuity Inc.,35,-0.03,0.02094811298911788,-0.538879297942742,4212.40708,0.2058410284696477,0.6998778302736072
2026-08-31,16967,,,50,0.03,0.005930022075055195,0.3522155085599195,2753.18904,1.2498829990513003,1.4841908626625875
2026-08-31,17045,,,45,-0.015020583241585145,-0.054512081050082796,-0.5221191195511438,5031.339459999999,2.0084469029126386,3.11353913341052
2026-08-31,17144,GIS,GENERAL MILLS INC,30,-0.021645497225301964,0.1593377622377622,-0.16172133505970368,19080.060999999998,-0.06606811683876762,0.005701937395508139
2026-08-31,17223,ADT,ADT Inc.,25,0.025830758518708537,-0.01598900523560219,0.27654294346137237,5163.2266,0.9753047715056671,1.0286912813980087
2026-08-31,17332,VCTR,"Victory Capital Holdings, Inc.",40,0.03,0.19178847823891754,0.2661847216227881,6192.44493,1.1101553820198944,1.3635805046700384
2026-08-31,17372,,,35,-0.0009525872650871781,-0.1123271769843308,-0.4470579772694577,6651.89124,0.42982464937796216,1.4921235342958579
2026-08-31,17821,,,35,-0.025710272727272727,0.21921650280156452,-0.34563372176665236,5667.26526,0.8984933985102057,0.7016951355527193
2026-08-31,17892,,,35,-0.03,-0.013001010101010084,-0.5138289454754712,5844.88872,1.2782489838401387,1.2650724043353385
2026-08-31,18428,DOW,DOW INC.,15,-0.021761638825398208,0.004363123142951634,-0.15848439073514606,21879.708889999998,0.412930063204058,1.4872960399701896
2026-08-31,18910,,,35,0.007982667069375381,-0.00949099231050896,0.03675730110775431,4444.10168,0.8690330597180855,1.4305268783437248
2026-08-31,18968,,,35,0.03,-0.1676928043687761,0.2848151345130197,2438.4751599999995,1.065975486534999,1.497615869571161
2026-08-31,18973,,,20,0.00740930168433851,-0.013719985149039961,0.3744784923032657,4107.72098,0.5940440430645781,1.0610708820351609
2026-08-31,19002,BWIN,"Baldwin Insurance Group, Inc.",40,-0.008453622889170943,0.10308413842826249,-0.3943677168752698,2686.3138599999997,1.1232316010421224,1.7907938186066261
2026-08-31,19076,ASTS,"AST SpaceMobile, Inc.",50,-0.03,-0.01866805696846388,-0.7113005322975111,17620.03908,2.9549033876734025,2.6072361458102926
2026-08-31,19201,,,35,-0.029953046988466465,0.10561597077800883,-0.4277082434182131,39868.12788,1.3859805225837536,1.8910362111829764
2026-08-31,19433,,,15,-0.005231295597627029,0.3538802755620016,-0.5074809379945332,7364.77014,1.9483409233914382,2.2179208862985016
2026-08-31,19484,PCVX,"Vaxcyte, Inc.",35,-0.013142897941582724,0.10351642011834325,-0.32894547547115527,7809.043839999999,1.250811284614974,0.8349426702181029
2026-08-31,19577,RKT,"Rocket Companies, Inc.",40,-0.019556688776081257,0.0645418604651161,-0.36469572723349153,12649.095,2.2023244436765017,1.953492358091949
2026-08-31,19628,IRON,"Disc Medicine, Inc.",35,-0.013924527023535976,0.036450649350649365,-0.24291468853402393,2956.261,0.9874269809188575,1.044890468835005
2026-08-31,19655,,,40,-0.018700795121990504,0.14438682170542644,-0.3499856135807797,3609.19554,1.2906094628031446,2.172533129622611
2026-08-31,19751,LCID,"Lucid Group, Inc.",25,-0.03,-0.32403821138211386,-0.6490792691699037,2880.09666,0.9261730002043418,2.305764673988776
2026-08-31,19813,,,35,-0.03,-0.14418035320088302,-0.6238131204143288,4425.3117,1.2459244714166329,1.37730497506989
2026-08-31,19849,SMMT,Summit Therapeutics Inc.,35,-0.017707361678557805,0.05163149001536105,-0.22683786505538772,10386.705,-4.1136760381914606e-05,0.35102551251216574
2026-08-31,20062,,,35,0.002643374039697858,0.07604736842105264,0.21665947345705652,5093.082619999999,1.771030499012085,0.9694331626869991
2026-08-31,20067,SOFI,"SoFi Technologies, Inc.",40,-0.016020695948002713,0.1043961373390558,-0.4419328154222414,20921.505709999998,2.3208732436669175,2.5574246829093266
2026-08-31,20138,,,45,-0.024897227129337538,0.0010781310489144562,-0.3774816573154941,3826.1651999999995,0.8742845496207063,1.5473694246507266
2026-08-31,20325,,,20,-0.03,0.10042541567695953,-0.7054380664652568,2914.21252,2.727696569397235,2.50701542733027
2026-08-31,20648,RBLX,Roblox Corp,50,-0.002056323728920671,0.07940337078651684,-0.3710257516904042,23851.7508,1.5404608028809548,2.46129269243023
2026-08-31,20894,,,45,0.019232648385169245,-0.20027307400858801,0.04713350597036398,121039.2988,2.5868370780438004,3.006704315998204
2026-08-31,20975,,,40,0.028419454869224772,0.01282352357186942,0.0280175514314487,4248.666,3.7955485563525966,1.8947151921218885
2026-08-31,21007,,,45,-0.017427807927027632,0.03990936454849502,-0.5069953963458494,4969.365049999999,2.3715772662435675,2.562371868236074
2026-08-31,21219,,,10,0.003375991025018361,0.09005408068414214,0.45498849086462373,2899.8188999999998,0.41233362893778613,0.734149221332018
2026-08-31,21605,RYAN,"RYAN SPECIALTY HOLDINGS, INC.",40,-0.0024960566445176788,-0.006404512055137827,-0.2672637030643073,5717.306879999999,0.6024453075126901,0.7307567063050935
2026-08-31,21619,OKLO,Oklo Inc.,55,-0.03,0.03083680144218394,-0.546180405697022,6756.07053,1.2629815844500523,1.7507512800026377
2026-08-31,21927,DJT,Trump Media & Technology Group Corp.,50,-0.02186437505317958,-0.025719472616632825,-0.30975758883613863,2730.76644,1.7714777960480488,0.7012779511261625
2026-08-31,22265,RIVN,"Rivian Automotive, Inc. / DE",25,-0.026230002881844378,0.05294756898817343,-0.5199072075960294,21976.888560000003,1.7074767276679748,2.530826072139688
2026-08-31,23054,SOUN,"SOUNDHOUND AI, INC.",45,-0.007170600672257834,0.15696949429037532,-0.5485901309164148,2471.2420700000002,2.7192896477504536,2.002967662413302
2026-08-31,23263,QBTS,D-Wave Quantum Inc.,45,-0.03,-0.06318761061946902,-0.6336318515321536,6640.22352,3.308303981066373,2.3440326030879564
2026-08-31,37568,FELE,FRANKLIN ELECTRIC CO INC,20,0.029221704170165126,-0.040165665521910955,0.22004028197381675,4629.77592,1.0556389584763943,1.2306711030182187
2026-08-31,46463,,,20,0.026418690556751768,0.14575962632006506,0.34426701194072795,3952.3593899999996,1.5146450251733177,1.3676649255134365
2026-08-31,46690,CBT,CABOT CORP,15,0.023353447998774392,-0.04717970960303521,0.24284275643792258,4543.68042,0.8871958753826531,1.3707395914842886
2026-08-31,48486,LRCX,LAM RESEARCH CORP,45,0.02019915604735421,0.02740509862807996,0.0023018270752409747,366442.31441999995,1.8154898885793496,3.159869861927661
2026-08-31,49429,,,25,0.012376690367827977,0.05140533365061018,0.42319450438785783,6844.15922,1.1791900333103849,1.3446701884961176
2026-08-31,50017,RRC,RANGE RESOURCES CORP,10,0.03,0.029984902840059786,0.2576068191627104,9379.915200000001,0.49189169093418933,0.8487616853777558
2026-08-31,53613,,,45,0.009811477103251373,0.13054592542191656,0.01301970939433174,929524.32079,2.1447432199325664,3.386185715849133
2026-08-31,56274,CAG,CONAGRA BRANDS INC.,30,-0.02835450277469804,0.10599042039972428,-0.13190548122572293,6943.99266,-0.06341784004926311,0.15266030685108795
2026-08-31,75510,ADBE,ADOBE INC.,45,0.025156982149051668,0.161270759953676,0.16565961732124876,99537.975,1.3343490413918995,1.5908122532155566
2026-08-31,75603,,,45,0.022681638254391873,-0.16424518747584066,0.28673931808372893,6526.09555,1.1515220520431233,1.5674886636065497
2026-08-31,76123,JOE,ST JOE Co,60,0.03,0.08123164509456293,0.44204071356639335,3543.3232000000003,1.283330387198942,1.1980622899018645
2026-08-31,76128,VICR,VICOR CORP,20,0.0030107915894954274,-0.09751349279066396,-0.18954107322687383,7131.246930000001,2.4176895242590732,2.9249730276767307
2026-08-31,76661,IONS,IONIS PHARMACEUTICALS INC,35,-0.03,0.17635439443693246,-0.6171054524528845,8603.34568,0.3982692901033876,1.091830628448666
2026-08-31,76709,,,35,0.03,-0.010197833902731393,0.175226586102719,44101.11881,1.51839654290778,1.8388324906019422
2026-08-31,76721,,,35,0.016801346998153503,0.1499471528471527,0.29384261257373046,3063.60054,1.002476771775142,1.092423693989989
2026-08-31,79507,MCRI,MONARCH CASINO & RESORT INC,25,0.027893396626396165,-0.004366395112016276,0.46466335779024603,2200.04825,1.353052741237489,0.9296770881239881
2026-08-31,80069,,,35,-0.0019438469395806086,0.0001714707619609084,-0.6979571284707237,11923.54505,1.3410548445426476,2.2130482246944347
2026-08-31,80128,VMI,VALMONT INDUSTRIES INC,20,0.006205451410810919,-0.014151816483288388,0.3178319666235074,9299.218499999999,1.3545139606727092,1.2333751496636494
2026-08-31,80539,,,35,-0.03,0.02327801047120411,-0.6335779024600777,2387.65662,1.215374134784085,1.673462586202013
2026-08-31,81736,RMD,RESMED INC,35,0.0008204741745472006,0.13950378848763795,0.13347000431592573,30603.91488,0.7621215261221702,0.8705989009956936
2026-08-31,82272,MD,"Pediatrix Medical Group, Inc.",35,0.025765482376312394,0.0008721614485099156,0.3071140843044166,2177.05422,0.6653958837249566,0.9948504634658165
2026-08-31,82800,SCCO,SOUTHERN COPPER CORP/,15,0.002503428857839104,0.16564194591773418,0.24196158826068187,152440.25159,1.0812623089511493,1.9474278250802188
2026-08-31,84827,RMBS,RAMBUS INC,45,0.018635431057498226,-0.060793002306931736,-0.15057186016400517,9873.29586,1.8725297629310165,3.30890639398673
2026-08-31,85293,,,35,-0.03,-0.05849009429074707,-0.4250467558624659,5820.71112,-0.3796619754506092,0.8034017897312941
2026-08-31,85621,,,35,0.03,-0.015411473557862054,0.13228312473025466,28620.590399999997,1.1820037702331443,1.4313160383032415
2026-08-31,86233,LEU,CENTRUS ENERGY CORP,10,-0.021412730460481248,-0.009399745662126252,-0.6663789382822615,3353.5312200000003,1.5294543570922117,2.8238126343669028
2026-08-31,87430,,,20,-0.01595326490290166,0.11297982832618023,-0.4760825780463242,8738.432,1.1310167602522456,2.244985335012456
2026-08-31,87759,WULF,TERAWULF INC.,45,-0.011610544044582316,-0.13370407701019255,-0.7732340670407136,8751.11278,3.813424233486869,3.1069693506155187
2026-08-31,88159,,,35,0.029152110457636465,0.023877295870262147,0.3367501078981442,13329.35565,0.45333503446449497,0.7752215825907124
2026-08-31,88351,INSM,INSMED Inc,35,-0.0022669711962288158,0.19933123732251534,-0.15163285858149905,21371.747199999998,0.8254442105390737,0.8138928009454514
2026-08-31,88661,,,25,0.03,-0.17931267966135073,0.28988634728816,30785.59665,1.4650338804731593,1.7716328059963937
2026-08-31,88860,ALGN,ALIGN TECHNOLOGY INC,35,0.03,-0.07135589973989113,0.021759459070637373,12114.90088,1.7055066518590556,1.7306823933481017
2026-08-31,89217,,,25,-0.005060137471864611,-0.23048372344256401,-0.2749604373471443,3349.062,1.0560775092810055,1.1208353509603566
2026-08-31,89968,,,40,0.018274618521246292,-0.002768072609102224,0.18626816285426556,5385.1352,1.4316419443794663,1.6968107876344536
2026-08-31,90071,NRG,"NRG ENERGY, INC.",55,-0.004470196051030707,-0.17259855973621796,-0.45817148611710545,28333.309939999996,1.2009870205246553,1.5641271079213717
2026-08-31,90126,,,35,-0.006650972154881492,-0.06824422403733946,-0.28199179974104444,9597.51729,0.5055314549836908,1.1699772468836056
2026-08-31,91413,EVR,Evercore Inc.,40,0.017513439412466164,-0.09511362591825909,0.0009710832973672692,12399.90192,1.553327167614538,2.0193552785313775
2026-08-31,91733,AVAV,AeroVironment Inc,20,-0.021474986293876154,-0.012473542210617973,-0.48930010070493457,7559.31696,1.4102102304197925,2.1624750106112134
2026-08-31,91832,MDGL,"MADRIGAL PHARMACEUTICALS, INC.",35,-0.02602269364000372,0.13927238722930751,-0.28080492015537334,10796.96128,-0.3890846000449023,0.25891862284267125
2026-08-31,91907,SMCI,"Super Micro Computer, Inc.",45,-0.018346218980097945,0.3027338028169014,-0.4773413897280966,18371.1932,1.9148187523625142,2.5267676746093573
2026-08-31,92293,,,45,0.01289877468061691,-0.0745360116166505,0.2890051791109193,2916.1589999999997,0.6339173036292266,2.0365161145828314
2026-08-31,92294,,,10,-0.0022059557556562475,0.2887666666666667,-0.5333764925909942,4750.7712,1.370736490669876,2.593092824919576
2026-08-31,92469,ECHO,EchoStar CORP,50,-0.019386875520948105,0.029803056249256797,-0.3594087181700475,13325.32185,1.1049181726883814,1.7081072839429994
2026-08-31,92601,NOG,"NORTHERN OIL & GAS, INC.",10,-0.03,0.21364846335697407,-0.4578118256365991,2300.7816,0.7351667865446808,1.2521334928577341
2026-08-31,92852,LOPE,"Grand Canyon Education, Inc.",25,0.015189294840776312,0.03735044722719137,0.32750683354912963,3788.2871000000005,0.5596261550250711,0.8356244730217885
