Date,PERMNO,TICKER,COMPANY NAME,WEIGHT
2021-01-01,10107,MSFT,MICROSOFT CORP,1.0
2021-01-01,10397,WERN,WERNER ENTERPRISES INC,1.0
2021-01-01,10874,BC,BRUNSWICK CORP,1.0
2021-01-01,11786,SIVB,S V B FINANCIAL GROUP,1.0
2021-01-01,11809,CLH,CLEAN HARBORS INC,1.0
2021-01-01,12062,LH,LABORATORY CORP AMERICA HLDGS,1.0
2021-01-01,12476,TRGP,TARGA RESOURCES CORP,1.0
2021-01-01,12981,FBHS,FORTUNE BRANDS HOME & SECUR INC,1.0
2021-01-01,13046,UI,UBIQUITI INC,1.0
2021-01-01,13407,FB,FACEBOOK INC,1.0
2021-01-01,13721,ABBV,ABBVIE INC,1.0
2021-01-01,13788,ZTS,ZOETIS INC,1.0
2021-01-01,13802,APAM,ARTISAN PARTNERS ASSET MGMT INC,1.0
2021-01-01,13837,EVTC,EVERTEC INC,1.0
2021-01-01,13901,MO,ALTRIA GROUP INC,1.0
2021-01-01,14008,AMGN,AMGEN INC,1.0
2021-01-01,14406,ESI,ELEMENT SOLUTIONS INC,1.0
2021-01-01,14702,AMAT,APPLIED MATERIALS INC,1.0
2021-01-01,14795,TKR,TIMKEN CO,1.0
2021-01-01,14926,CDK,C D K GLOBAL INC,1.0
2021-01-01,16736,VST,VISTRA CORP,1.0
2021-01-01,17929,UGI,U G I CORP NEW,1.0
2021-01-01,18163,PG,PROCTER & GAMBLE CO,1.0
2021-01-01,20482,ABT,ABBOTT LABORATORIES,1.0
2021-01-01,20512,CACI,CACI INTERNATIONAL INC,1.0
2021-01-01,22111,JNJ,JOHNSON & JOHNSON,1.0
2021-01-01,25953,DOV,DOVER CORP,1.0
2021-01-01,27430,CTB,COOPER TIRE & RUBBER CO,1.0
2021-01-01,29209,ARW,ARROW ELECTRONICS INC,1.0
2021-01-01,34032,MAS,MASCO CORP,1.0
2021-01-01,35124,CLGX,CORELOGIC INC,1.0
2021-01-01,38295,SPB,SPECTRUM BRANDS HOLDINGS INC NEW,1.0
2021-01-01,48653,HUM,HUMANA INC,1.0
2021-01-01,48725,UNP,UNION PACIFIC CORP,1.0
2021-01-01,49154,TGT,TARGET CORP,1.0
2021-01-01,49680,DHR,DANAHER CORP,1.0
2021-01-01,50948,SMTC,SEMTECH CORP,1.0
2021-01-01,55976,WMT,WALMART INC,1.0
2021-01-01,56223,LPX,LOUISIANA PACIFIC CORP,1.0
2021-01-01,57904,AFL,AFLAC INC,1.0
2021-01-01,58771,RBC,REGAL BELOIT CORP,1.0
2021-01-01,61241,AMD,ADVANCED MICRO DEVICES INC,1.0
2021-01-01,61313,DCI,DONALDSON INC,1.0
2021-01-01,62092,TMO,THERMO FISHER SCIENTIFIC INC,1.0
2021-01-01,62148,CSX,C S X CORP,1.0
2021-01-01,62498,WST,WEST PHARMACEUTICAL SERVICES INC,1.0
2021-01-01,64194,CHE,CHEMED CORP NEW,1.0
2021-01-01,65307,RPM,R P M INTERNATIONAL INC,1.0
2021-01-01,65402,AOS,SMITH A O CORP,1.0
2021-01-01,66181,HD,HOME DEPOT INC,1.0
2021-01-01,68196,SEIC,S E I INVESTMENTS CO,1.0
2021-01-01,75342,MTH,MERITAGE HOMES CORP,1.0
2021-01-01,75510,ADBE,ADOBE INC,1.0
2021-01-01,76076,CSCO,CISCO SYSTEMS INC,1.0
2021-01-01,76095,HOLX,HOLOGIC INC,1.0
2021-01-01,76709,IDXX,I D E X X LABORATORIES INC,1.0
2021-01-01,76744,VRTX,VERTEX PHARMACEUTICALS INC,1.0
2021-01-01,77496,MHK,MOHAWK INDUSTRIES INC,1.0
2021-01-01,77520,AGCO,A G C O CORP,1.0
2021-01-01,77661,DHI,D R HORTON INC,1.0
2021-01-01,79103,ORLY,O REILLY AUTOMOTIVE INC NEW,1.0
2021-01-01,79637,UHS,UNIVERSAL HEALTH SERVICES INC,1.0
2021-01-01,79878,UFPI,U F P INDUSTRIES INC,1.0
2021-01-01,80128,VMI,VALMONT INDUSTRIES INC,1.0
2021-01-01,80575,SSD,SIMPSON MANUFACTURING CO INC,1.0
2021-01-01,80864,RS,RELIANCE STEEL & ALUMINUM CO,1.0
2021-01-01,81061,MCK,MCKESSON H B O C INC,1.0
2021-01-01,81220,NSIT,INSIGHT ENTERPRISES INC,1.0
2021-01-01,82547,AEIS,ADVANCED ENERGY INDUSTRIES INC,1.0
2021-01-01,83011,WSM,WILLIAMS SONOMA INC,1.0
2021-01-01,83111,ALXN,ALEXION PHARMACEUTICALS INC,1.0
2021-01-01,84172,NUS,NU SKIN ENTERPRISES INC,1.0
2021-01-01,84373,DGX,QUEST DIAGNOSTICS INC,1.0
2021-01-01,85427,GPI,GROUP 1 AUTOMOTIVE INC,1.0
2021-01-01,85621,MTD,METTLER TOLEDO INTERNATIONAL INC,1.0
2021-01-01,85792,PWR,QUANTA SERVICES INC,1.0
2021-01-01,85914,BBY,BEST BUY COMPANY INC,1.0
2021-01-01,86047,AMKR,AMKOR TECHNOLOGY INC,1.0
2021-01-01,86102,FHI,FEDERATED HERMES INC,1.0
2021-01-01,86778,MKSI,M K S INSTRUMENTS INC,1.0
2021-01-01,87055,COST,COSTCO WHOLESALE CORP NEW,1.0
2021-01-01,87432,A,AGILENT TECHNOLOGIES INC,1.0
2021-01-01,88031,MNST,MONSTER BEVERAGE CORP NEW,1.0
2021-01-01,89394,OSTK,OVERSTOCK COM INC DEL,1.0
2021-01-01,89753,FORM,FORMFACTOR INC,1.0
2021-01-01,89866,LKQ,L K Q CORP,1.0
2021-01-01,89916,NXST,NEXSTAR MEDIA GROUP INC,1.0
2021-01-01,89946,AEL,AMERICAN EQUITY INVT LIFE HLDG C,1.0
2021-01-01,89971,TPX,TEMPUR SEALY INTERNATIONAL INC,1.0
2021-01-01,90037,HTH,HILLTOP HOLDINGS INC,1.0
2021-01-01,91277,QRTEA,QURATE RETAIL INC,1.0
2021-01-01,91658,AIMC,ALTRA INDUSTRIAL MOTION CORP,1.0
2021-01-01,92602,PM,PHILIP MORRIS INTERNATIONAL INC,1.0
2021-01-01,92655,UNH,UNITEDHEALTH GROUP INC,1.0
2021-01-01,93035,SEM,SELECT MEDICAL HOLDINGS CORP,1.0
2021-01-01,93096,DG,DOLLAR GENERAL CORP NEW,1.0
2021-01-01,93312,SSNC,S S & C TECHNOLOGIES HLDGS INC,1.0
2021-01-01,93330,PRI,PRIMERICA INC,1.0
2021-01-01,93374,FAF,FIRST AMERICAN FINL CORP NEW,1.0
2021-01-01,90708,MORN,MORNINGSTAR INC,0.548666
2021-01-01,47941,TGNA,TEGNA INC,0.410136
2021-01-01,90520,CE,CELANESE CORP DEL,0.041199
2021-01-01,71475,AWR,AMERICAN STATES WATER CO,-0.451334
2021-01-01,16816,BHF,BRIGHTHOUSE FINANCIAL INC,-0.548666
2021-01-01,10026,JJSF,J & J SNACK FOODS CORP,-1.0
2021-01-01,12089,RP,REALPAGE INC,-1.0
2021-01-01,12639,CSOD,CORNERSTONE ONDEMAND INC,-1.0
2021-01-01,12872,MPC,MARATHON PETROLEUM CORP,-1.0
2021-01-01,13262,CCXI,CHEMOCENTRYX INC,-1.0
2021-01-01,13323,ENPH,ENPHASE ENERGY INC,-1.0
2021-01-01,13356,PSX,PHILLIPS 66,-1.0
2021-01-01,13379,SPLK,SPLUNK INC,-1.0
2021-01-01,13511,PANW,PALO ALTO NETWORKS INC,-1.0
2021-01-01,13527,FIVE,FIVE BELOW INC,-1.0
2021-01-01,13610,OLN,OLIN CORP,-1.0
2021-01-01,13688,PCG,P G & E CORP,-1.0
2021-01-01,13704,NEO,NEOGENOMICS INC,-1.0
2021-01-01,13739,BFAM,BRIGHT HORIZONS FAM SOL INC NEW,-1.0
2021-01-01,13962,NSTG,NANOSTRING TECHNOLOGIES INC,-1.0
2021-01-01,13967,PTCT,P T C THERAPEUTICS INC,-1.0
2021-01-01,14044,AGIO,AGIOS PHARMACEUTICALS INC,-1.0
2021-01-01,14054,MRTX,MIRATI THERAPEUTICS INC,-1.0
2021-01-01,14136,RNG,RINGCENTRAL INC,-1.0
2021-01-01,14176,XLRN,ACCELERON PHARMA INC,-1.0
2021-01-01,14182,BURL,BURLINGTON STORES INC,-1.0
2021-01-01,14263,VCYT,VERACYTE INC,-1.0
2021-01-01,14295,TWTR,TWITTER INC,-1.0
2021-01-01,14325,TNDM,TANDEM DIABETES CARE INC,-1.0
2021-01-01,14329,ARMK,ARAMARK,-1.0
2021-01-01,14338,HLT,HILTON WORLDWIDE HOLDINGS INC,-1.0
2021-01-01,14359,XNCR,XENCOR INC,-1.0
2021-01-01,14432,ITCI,INTRA CELLULAR THERAPIES INC,-1.0
2021-01-01,14436,RARE,ULTRAGENYX PHARMACEUTICALS INC,-1.0
2021-01-01,14472,VRNS,VARONIS SYSTEMS INC,-1.0
2021-01-01,14596,FIVN,FIVE 9 INC,-1.0
2021-01-01,14634,PE,PARSLEY ENERGY INC,-1.0
2021-01-01,14641,ZEN,ZENDESK INC,-1.0
2021-01-01,14782,TRUP,TRUPANION INC,-1.0
2021-01-01,14797,CDNA,CAREDX INC,-1.0
2021-01-01,14811,FWONK,LIBERTY MEDIA CORP 3RD NEW,-1.0
2021-01-01,14882,CZR,CAESARS ENTERTAINMENT INC DE,-1.0
2021-01-01,14988,LBRDK,LIBERTY BROADBAND CORP,-1.0
2021-01-01,15046,NVRO,NEVRO CORP,-1.0
2021-01-01,15065,FGEN,FIBROGEN INC,-1.0
2021-01-01,15108,NEWR,NEW RELIC INC,-1.0
2021-01-01,15272,SEDG,SOLAREDGE TECHNOLOGIES INC,-1.0
2021-01-01,15431,MCRB,SERES THERAPEUTICS INC,-1.0
2021-01-01,15534,NTRA,NATERA INC,-1.0
2021-01-01,15627,PLNT,PLANET FITNESS INC,-1.0
2021-01-01,15729,PSTG,PURE STORAGE INC,-1.0
2021-01-01,16140,TWLO,TWILIO INC,-1.0
2021-01-01,16284,SMPL,SIMPLY GOOD FOODS CO,-1.0
2021-01-01,16381,BL,BLACKLINE INC,-1.0
2021-01-01,16382,COUP,COUPA SOFTWARE INC,-1.0
2021-01-01,16595,SNAP,SNAP INC,-1.0
2021-01-01,16597,AYX,ALTERYX INC,-1.0
2021-01-01,16649,OKTA,OKTA INC,-1.0
2021-01-01,16924,DCPH,DECIPHERA PHARMACEUTICALS INC,-1.0
2021-01-01,17036,CNNE,CANNAE HOLDINGS INC,-1.0
2021-01-01,17125,DNLI,DENALI THERAPEUTICS INC,-1.0
2021-01-01,18649,BCO,BRINKS CO,-1.0
2021-01-01,19561,BA,BOEING CO,-1.0
2021-01-01,23026,FE,FIRSTENERGY CORP,-1.0
2021-01-01,24328,EQT,E Q T CORP,-1.0
2021-01-01,26403,DIS,DISNEY WALT CO,-1.0
2021-01-01,28484,HES,HESS CORP,-1.0
2021-01-01,28804,ALK,ALASKA AIRGROUP INC,-1.0
2021-01-01,32870,HRL,HORMEL FOODS CORP,-1.0
2021-01-01,52898,WTRG,ESSENTIAL UTILITIES INC,-1.0
2021-01-01,58683,LUV,SOUTHWEST AIRLINES CO,-1.0
2021-01-01,75186,SCHW,SCHWAB CHARLES CORP NEW,-1.0
2021-01-01,76128,VICR,VICOR CORP,-1.0
2021-01-01,76661,IONS,IONIS PHARMACEUTICALS INC,-1.0
2021-01-01,77702,SBUX,STARBUCKS CORP,-1.0
2021-01-01,79839,ITRI,ITRON INC,-1.0
2021-01-01,80069,ARWR,ARROWHEAD PHARMACEUTICALS INC,-1.0
2021-01-01,80191,ALB,ALBEMARLE CORP,-1.0
2021-01-01,82670,TGTX,T G THERAPEUTICS INC,-1.0
2021-01-01,82759,NUAN,NUANCE COMMUNICATIONS INC,-1.0
2021-01-01,83779,PEGA,PEGASYSTEMS INC,-1.0
2021-01-01,86799,CNX,C N X RESOURCES CORP,-1.0
2021-01-01,86949,SKX,SKECHERS U S A INC,-1.0
2021-01-01,87430,KTOS,KRATOS DEFENSE & SECUR SOLS INC,-1.0
2021-01-01,88421,ARNA,ARENA PHARMACEUTICALS INC,-1.0
2021-01-01,88863,EXAS,EXACT SCIENCES CORP,-1.0
2021-01-01,89031,AAXN,AXON ENTERPRISE INC,-1.0
2021-01-01,89353,JBLU,JETBLUE AIRWAYS CORP,-1.0
2021-01-01,89922,XPER,XPERI HOLDING CORP,-1.0
2021-01-01,90178,ALNY,ALNYLAM PHARMACEUTICALS INC,-1.0
2021-01-01,90188,NUVA,NUVASIVE INC,-1.0
2021-01-01,90427,TXRH,TEXAS ROADHOUSE INC,-1.0
2021-01-01,90444,ORA,ORMAT TECHNOLOGIES INC,-1.0
2021-01-01,90505,LVS,LAS VEGAS SANDS CORP,-1.0
2021-01-01,90856,ATRC,ATRICURE INC,-1.0
2021-01-01,91041,LYV,LIVE NATION ENTERTAINMENT INC,-1.0
2021-01-01,91103,UAL,UNITED AIRLINES HOLDINGS INC,-1.0
2021-01-01,91152,TDG,TRANSDIGM GROUP INC,-1.0
2021-01-01,91237,VG,VONAGE HOLDINGS CORP,-1.0
2021-01-01,91594,SPR,SPIRIT AEROSYSTEMS HOLDINGS INC,-1.0
2021-01-01,91659,ALGT,ALLEGIANT TRAVEL CO,-1.0
2021-01-01,91926,DAL,DELTA AIR LINES INC,-1.0
2021-01-01,93150,CIT,C I T GROUP INC NEW,-1.0
2021-01-01,93289,MXL,MAXLINEAR INC,-1.0
2021-02-01,10107,MSFT,MICROSOFT CORP,1.0
2021-02-01,10874,BC,BRUNSWICK CORP,1.0
2021-02-01,11809,CLH,CLEAN HARBORS INC,1.0
2021-02-01,12062,LH,LABORATORY CORP AMERICA HLDGS,1.0
2021-02-01,12476,TRGP,TARGA RESOURCES CORP,1.0
2021-02-01,12981,FBHS,FORTUNE BRANDS HOME & SECUR INC,1.0
2021-02-01,13046,UI,UBIQUITI INC,1.0
2021-02-01,13407,FB,FACEBOOK INC,1.0
2021-02-01,13837,EVTC,EVERTEC INC,1.0
2021-02-01,13901,MO,ALTRIA GROUP INC,1.0
2021-02-01,14008,AMGN,AMGEN INC,1.0
2021-02-01,14593,AAPL,APPLE INC,1.0
2021-02-01,14702,AMAT,APPLIED MATERIALS INC,1.0
2021-02-01,14795,TKR,TIMKEN CO,1.0
2021-02-01,15579,TXN,TEXAS INSTRUMENTS INC,1.0
2021-02-01,16119,ATKR,ATKORE INTERNATIONAL GROUP INC,1.0
2021-02-01,16736,VST,VISTRA CORP,1.0
2021-02-01,17929,UGI,U G I CORP NEW,1.0
2021-02-01,20482,ABT,ABBOTT LABORATORIES,1.0
2021-02-01,22111,JNJ,JOHNSON & JOHNSON,1.0
2021-02-01,25953,DOV,DOVER CORP,1.0
2021-02-01,29209,ARW,ARROW ELECTRONICS INC,1.0
2021-02-01,34032,MAS,MASCO CORP,1.0
2021-02-01,35124,CLGX,CORELOGIC INC,1.0
2021-02-01,49154,TGT,TARGET CORP,1.0
2021-02-01,49680,DHR,DANAHER CORP,1.0
2021-02-01,56223,LPX,LOUISIANA PACIFIC CORP,1.0
2021-02-01,57904,AFL,AFLAC INC,1.0
2021-02-01,58771,RBC,REGAL BELOIT CORP,1.0
2021-02-01,61313,DCI,DONALDSON INC,1.0
2021-02-01,62092,TMO,THERMO FISHER SCIENTIFIC INC,1.0
2021-02-01,62498,WST,WEST PHARMACEUTICAL SERVICES INC,1.0
2021-02-01,64194,CHE,CHEMED CORP NEW,1.0
2021-02-01,65307,RPM,R P M INTERNATIONAL INC,1.0
2021-02-01,66181,HD,HOME DEPOT INC,1.0
2021-02-01,76076,CSCO,CISCO SYSTEMS INC,1.0
2021-02-01,76095,HOLX,HOLOGIC INC,1.0
2021-02-01,76709,IDXX,I D E X X LABORATORIES INC,1.0
2021-02-01,76744,VRTX,VERTEX PHARMACEUTICALS INC,1.0
2021-02-01,77496,MHK,MOHAWK INDUSTRIES INC,1.0
2021-02-01,77520,AGCO,A G C O CORP,1.0
2021-02-01,77661,DHI,D R HORTON INC,1.0
2021-02-01,79637,UHS,UNIVERSAL HEALTH SERVICES INC,1.0
2021-02-01,79878,UFPI,U F P INDUSTRIES INC,1.0
2021-02-01,80128,VMI,VALMONT INDUSTRIES INC,1.0
2021-02-01,81061,MCK,MCKESSON H B O C INC,1.0
2021-02-01,81220,NSIT,INSIGHT ENTERPRISES INC,1.0
2021-02-01,82547,AEIS,ADVANCED ENERGY INDUSTRIES INC,1.0
2021-02-01,83011,WSM,WILLIAMS SONOMA INC,1.0
2021-02-01,83111,ALXN,ALEXION PHARMACEUTICALS INC,1.0
2021-02-01,84172,NUS,NU SKIN ENTERPRISES INC,1.0
2021-02-01,84373,DGX,QUEST DIAGNOSTICS INC,1.0
2021-02-01,85427,GPI,GROUP 1 AUTOMOTIVE INC,1.0
2021-02-01,85621,MTD,METTLER TOLEDO INTERNATIONAL INC,1.0
2021-02-01,85914,BBY,BEST BUY COMPANY INC,1.0
2021-02-01,86047,AMKR,AMKOR TECHNOLOGY INC,1.0
2021-02-01,86778,MKSI,M K S INSTRUMENTS INC,1.0
2021-02-01,87432,A,AGILENT TECHNOLOGIES INC,1.0
2021-02-01,89394,OSTK,OVERSTOCK COM INC DEL,1.0
2021-02-01,89916,NXST,NEXSTAR MEDIA GROUP INC,1.0
2021-02-01,89946,AEL,AMERICAN EQUITY INVT LIFE HLDG C,1.0
2021-02-01,89971,TPX,TEMPUR SEALY INTERNATIONAL INC,1.0
2021-02-01,90037,HTH,HILLTOP HOLDINGS INC,1.0
2021-02-01,90520,CE,CELANESE CORP DEL,1.0
2021-02-01,91277,QRTEA,QURATE RETAIL INC,1.0
2021-02-01,93035,SEM,SELECT MEDICAL HOLDINGS CORP,1.0
2021-02-01,93330,PRI,PRIMERICA INC,1.0
2021-02-01,93374,FAF,FIRST AMERICAN FINL CORP NEW,1.0
2021-02-01,89866,LKQ,L K Q CORP,0.995697
2021-02-01,80575,SSD,SIMPSON MANUFACTURING CO INC,0.986742
2021-02-01,50948,SMTC,SEMTECH CORP,0.98414
2021-02-01,85792,PWR,QUANTA SERVICES INC,0.978432
2021-02-01,55976,WMT,WALMART INC,0.974564
2021-02-01,80864,RS,RELIANCE STEEL & ALUMINUM CO,0.969307
2021-02-01,75342,MTH,MERITAGE HOMES CORP,0.969044
2021-02-01,13721,ABBV,ABBVIE INC,0.967508
2021-02-01,20512,CACI,CACI INTERNATIONAL INC,0.967427
2021-02-01,14926,CDK,C D K GLOBAL INC,0.962717
2021-02-01,92602,PM,PHILIP MORRIS INTERNATIONAL INC,0.962027
2021-02-01,13802,APAM,ARTISAN PARTNERS ASSET MGMT INC,0.961416
2021-02-01,14406,ESI,ELEMENT SOLUTIONS INC,0.960473
2021-02-01,38295,SPB,SPECTRUM BRANDS HOLDINGS INC NEW,0.956778
2021-02-01,92655,UNH,UNITEDHEALTH GROUP INC,0.951192
2021-02-01,89753,FORM,FORMFACTOR INC,0.949977
2021-02-01,48725,UNP,UNION PACIFIC CORP,0.948326
2021-02-01,62148,CSX,C S X CORP,0.944913
2021-02-01,79103,ORLY,O REILLY AUTOMOTIVE INC NEW,0.940074
2021-02-01,88031,MNST,MONSTER BEVERAGE CORP NEW,0.93886
2021-02-01,86102,FHI,FEDERATED HERMES INC,0.934533
2021-02-01,61241,AMD,ADVANCED MICRO DEVICES INC,0.933767
2021-02-01,48653,HUM,HUMANA INC,0.933754
2021-02-01,13788,ZTS,ZOETIS INC,0.933411
2021-02-01,91658,AIMC,ALTRA INDUSTRIAL MOTION CORP,0.92743
2021-02-01,18163,PG,PROCTER & GAMBLE CO,0.926961
2021-02-01,93096,DG,DOLLAR GENERAL CORP NEW,0.926935
2021-02-01,68196,SEIC,S E I INVESTMENTS CO,0.919564
2021-02-01,75510,ADBE,ADOBE INC,0.917274
2021-02-01,93312,SSNC,S S & C TECHNOLOGIES HLDGS INC,0.864284
2021-02-01,14696,MIK,MICHAELS COMPANIES INC,0.836609
2021-02-01,21371,CAH,CARDINAL HEALTH INC,0.759057
2021-02-01,90708,MORN,MORNINGSTAR INC,0.54466
2021-02-01,47941,TGNA,TEGNA INC,0.47127
2021-02-01,15647,FLOW,S P X FLOW INC,0.359241
2021-02-01,10397,WERN,WERNER ENTERPRISES INC,0.267067
2021-02-01,87055,COST,COSTCO WHOLESALE CORP NEW,0.24081
2021-02-01,11786,SIVB,S V B FINANCIAL GROUP,0.033759
2021-02-01,88351,INSM,INSMED INC,-0.046854
2021-02-01,71475,AWR,AMERICAN STATES WATER CO,-0.438542
2021-02-01,16816,BHF,BRIGHTHOUSE FINANCIAL INC,-0.535835
2021-02-01,26403,DIS,DISNEY WALT CO,-0.702412
2021-02-01,16924,DCPH,DECIPHERA PHARMACEUTICALS INC,-0.774441
2021-02-01,90505,LVS,LAS VEGAS SANDS CORP,-0.806833
2021-02-01,93289,MXL,MAXLINEAR INC,-0.821897
2021-02-01,17036,CNNE,CANNAE HOLDINGS INC,-0.858097
2021-02-01,13739,BFAM,BRIGHT HORIZONS FAM SOL INC NEW,-0.878444
2021-02-01,91152,TDG,TRANSDIGM GROUP INC,-0.893999
2021-02-01,79839,ITRI,ITRON INC,-0.89693
2021-02-01,14176,XLRN,ACCELERON PHARMA INC,-0.902955
2021-02-01,15272,SEDG,SOLAREDGE TECHNOLOGIES INC,-0.90347
2021-02-01,77702,SBUX,STARBUCKS CORP,-0.904889
2021-02-01,19561,BA,BOEING CO,-0.90713
2021-02-01,14338,HLT,HILTON WORLDWIDE HOLDINGS INC,-0.911243
2021-02-01,89922,XPER,XPERI HOLDING CORP,-0.921485
2021-02-01,14988,LBRDK,LIBERTY BROADBAND CORP,-0.922161
2021-02-01,12639,CSOD,CORNERSTONE ONDEMAND INC,-0.928655
2021-02-01,14295,TWTR,TWITTER INC,-0.933103
2021-02-01,15046,NVRO,NEVRO CORP,-0.934616
2021-02-01,43123,ATI,ALLEGHENY TECHNOLOGIES,-0.936855
2021-02-01,76128,VICR,VICOR CORP,-0.938362
2021-02-01,28804,ALK,ALASKA AIRGROUP INC,-0.938992
2021-02-01,91926,DAL,DELTA AIR LINES INC,-0.943998
2021-02-01,14811,FWONK,LIBERTY MEDIA CORP 3RD NEW,-0.94432
2021-02-01,18649,BCO,BRINKS CO,-0.946204
2021-02-01,13967,PTCT,P T C THERAPEUTICS INC,-0.947357
2021-02-01,14882,CZR,CAESARS ENTERTAINMENT INC DE,-0.947712
2021-02-01,90188,NUVA,NUVASIVE INC,-0.953975
2021-02-01,83779,PEGA,PEGASYSTEMS INC,-0.956355
2021-02-01,91659,ALGT,ALLEGIANT TRAVEL CO,-0.959001
2021-02-01,86949,SKX,SKECHERS U S A INC,-0.959331
2021-02-01,87430,KTOS,KRATOS DEFENSE & SECUR SOLS INC,-0.967508
2021-02-01,91237,VG,VONAGE HOLDINGS CORP,-0.969274
2021-02-01,13356,PSX,PHILLIPS 66,-0.969356
2021-02-01,16381,BL,BLACKLINE INC,-0.971764
2021-02-01,90427,TXRH,TEXAS ROADHOUSE INC,-0.975005
2021-02-01,52898,WTRG,ESSENTIAL UTILITIES INC,-0.979019
2021-02-01,13704,NEO,NEOGENOMICS INC,-0.984724
2021-02-01,13511,PANW,PALO ALTO NETWORKS INC,-0.986898
2021-02-01,10026,JJSF,J & J SNACK FOODS CORP,-1.0
2021-02-01,12872,MPC,MARATHON PETROLEUM CORP,-1.0
2021-02-01,13168,TRIP,TRIPADVISOR INC,-1.0
2021-02-01,13262,CCXI,CHEMOCENTRYX INC,-1.0
2021-02-01,13379,SPLK,SPLUNK INC,-1.0
2021-02-01,13527,FIVE,FIVE BELOW INC,-1.0
2021-02-01,13688,PCG,P G & E CORP,-1.0
2021-02-01,13860,SEAS,SEAWORLD ENTERTAINMENT INC,-1.0
2021-02-01,13928,COP,CONOCOPHILLIPS,-1.0
2021-02-01,13962,NSTG,NANOSTRING TECHNOLOGIES INC,-1.0
2021-02-01,14044,AGIO,AGIOS PHARMACEUTICALS INC,-1.0
2021-02-01,14054,MRTX,MIRATI THERAPEUTICS INC,-1.0
2021-02-01,14136,RNG,RINGCENTRAL INC,-1.0
2021-02-01,14159,FEYE,FIREEYE INC,-1.0
2021-02-01,14182,BURL,BURLINGTON STORES INC,-1.0
2021-02-01,14263,VCYT,VERACYTE INC,-1.0
2021-02-01,14325,TNDM,TANDEM DIABETES CARE INC,-1.0
2021-02-01,14329,ARMK,ARAMARK,-1.0
2021-02-01,14359,XNCR,XENCOR INC,-1.0
2021-02-01,14432,ITCI,INTRA CELLULAR THERAPIES INC,-1.0
2021-02-01,14436,RARE,ULTRAGENYX PHARMACEUTICALS INC,-1.0
2021-02-01,14472,VRNS,VARONIS SYSTEMS INC,-1.0
2021-02-01,14596,FIVN,FIVE 9 INC,-1.0
2021-02-01,14641,ZEN,ZENDESK INC,-1.0
2021-02-01,14782,TRUP,TRUPANION INC,-1.0
2021-02-01,15065,FGEN,FIBROGEN INC,-1.0
2021-02-01,15108,NEWR,NEW RELIC INC,-1.0
2021-02-01,15431,MCRB,SERES THERAPEUTICS INC,-1.0
2021-02-01,15454,GKOS,GLAUKOS CORP,-1.0
2021-02-01,15534,NTRA,NATERA INC,-1.0
2021-02-01,15627,PLNT,PLANET FITNESS INC,-1.0
2021-02-01,15643,RUN,SUNRUN INC,-1.0
2021-02-01,15729,PSTG,PURE STORAGE INC,-1.0
2021-02-01,16068,RETA,REATA PHARMACEUTICALS INC,-1.0
2021-02-01,16140,TWLO,TWILIO INC,-1.0
2021-02-01,16382,COUP,COUPA SOFTWARE INC,-1.0
2021-02-01,16595,SNAP,SNAP INC,-1.0
2021-02-01,16649,OKTA,OKTA INC,-1.0
2021-02-01,16968,MDB,MONGODB INC,-1.0
2021-02-01,17125,DNLI,DENALI THERAPEUTICS INC,-1.0
2021-02-01,23026,FE,FIRSTENERGY CORP,-1.0
2021-02-01,24328,EQT,E Q T CORP,-1.0
2021-02-01,28484,HES,HESS CORP,-1.0
2021-02-01,32870,HRL,HORMEL FOODS CORP,-1.0
2021-02-01,58683,LUV,SOUTHWEST AIRLINES CO,-1.0
2021-02-01,76661,IONS,IONIS PHARMACEUTICALS INC,-1.0
2021-02-01,80069,ARWR,ARROWHEAD PHARMACEUTICALS INC,-1.0
2021-02-01,80191,ALB,ALBEMARLE CORP,-1.0
2021-02-01,82670,TGTX,T G THERAPEUTICS INC,-1.0
2021-02-01,82759,NUAN,NUANCE COMMUNICATIONS INC,-1.0
2021-02-01,88421,ARNA,ARENA PHARMACEUTICALS INC,-1.0
2021-02-01,88863,EXAS,EXACT SCIENCES CORP,-1.0
2021-02-01,89031,AXON,AXON ENTERPRISE INC,-1.0
2021-02-01,89353,JBLU,JETBLUE AIRWAYS CORP,-1.0
2021-02-01,90178,ALNY,ALNYLAM PHARMACEUTICALS INC,-1.0
2021-02-01,90444,ORA,ORMAT TECHNOLOGIES INC,-1.0
2021-02-01,90808,EXPE,EXPEDIA GROUP INC,-1.0
2021-02-01,90856,ATRC,ATRICURE INC,-1.0
2021-02-01,91041,LYV,LIVE NATION ENTERTAINMENT INC,-1.0
2021-02-01,91103,UAL,UNITED AIRLINES HOLDINGS INC,-1.0
2021-02-01,91594,SPR,SPIRIT AEROSYSTEMS HOLDINGS INC,-1.0
2021-02-01,93098,H,HYATT HOTELS CORP,-1.0
2021-02-01,93150,CIT,C I T GROUP INC NEW,-1.0
2021-02-01,93423,SIX,SIX FLAGS ENTERTAINMENT CORP,-1.0
2021-03-01,10107,MSFT,MICROSOFT CORP,1.0
2021-03-01,10874,BC,BRUNSWICK CORP,1.0
2021-03-01,11809,CLH,CLEAN HARBORS INC,1.0
2021-03-01,12062,LH,LABORATORY CORP AMERICA HLDGS,1.0
2021-03-01,12476,TRGP,TARGA RESOURCES CORP,1.0
2021-03-01,12622,HCA,H C A HEALTHCARE INC,1.0
2021-03-01,13046,UI,UBIQUITI INC,1.0
2021-03-01,13407,FB,FACEBOOK INC,1.0
2021-03-01,13721,ABBV,ABBVIE INC,1.0
2021-03-01,13837,EVTC,EVERTEC INC,1.0
2021-03-01,13901,MO,ALTRIA GROUP INC,1.0
2021-03-01,14406,ESI,ELEMENT SOLUTIONS INC,1.0
2021-03-01,14593,AAPL,APPLE INC,1.0
2021-03-01,14702,AMAT,APPLIED MATERIALS INC,1.0
2021-03-01,14795,TKR,TIMKEN CO,1.0
2021-03-01,15579,TXN,TEXAS INSTRUMENTS INC,1.0
2021-03-01,16119,ATKR,ATKORE INC,1.0
2021-03-01,17929,UGI,U G I CORP NEW,1.0
2021-03-01,25953,DOV,DOVER CORP,1.0
2021-03-01,29209,ARW,ARROW ELECTRONICS INC,1.0
2021-03-01,35124,CLGX,CORELOGIC INC,1.0
2021-03-01,42200,PKI,PERKINELMER INC,1.0
2021-03-01,49154,TGT,TARGET CORP,1.0
2021-03-01,50948,SMTC,SEMTECH CORP,1.0
2021-03-01,56223,LPX,LOUISIANA PACIFIC CORP,1.0
2021-03-01,57904,AFL,AFLAC INC,1.0
2021-03-01,58771,RBC,REGAL BELOIT CORP,1.0
2021-03-01,62092,TMO,THERMO FISHER SCIENTIFIC INC,1.0
2021-03-01,62148,CSX,C S X CORP,1.0
2021-03-01,64194,CHE,CHEMED CORP NEW,1.0
2021-03-01,75342,MTH,MERITAGE HOMES CORP,1.0
2021-03-01,76076,CSCO,CISCO SYSTEMS INC,1.0
2021-03-01,76095,HOLX,HOLOGIC INC,1.0
2021-03-01,76709,IDXX,I D E X X LABORATORIES INC,1.0
2021-03-01,77496,MHK,MOHAWK INDUSTRIES INC,1.0
2021-03-01,77520,AGCO,A G C O CORP,1.0
2021-03-01,77661,DHI,D R HORTON INC,1.0
2021-03-01,79637,UHS,UNIVERSAL HEALTH SERVICES INC,1.0
2021-03-01,79878,UFPI,U F P INDUSTRIES INC,1.0
2021-03-01,80128,VMI,VALMONT INDUSTRIES INC,1.0
2021-03-01,80575,SSD,SIMPSON MANUFACTURING CO INC,1.0
2021-03-01,80864,RS,RELIANCE STEEL & ALUMINUM CO,1.0
2021-03-01,81220,NSIT,INSIGHT ENTERPRISES INC,1.0
2021-03-01,82547,AEIS,ADVANCED ENERGY INDUSTRIES INC,1.0
2021-03-01,83011,WSM,WILLIAMS SONOMA INC,1.0
2021-03-01,84172,NUS,NU SKIN ENTERPRISES INC,1.0
2021-03-01,84373,DGX,QUEST DIAGNOSTICS INC,1.0
2021-03-01,85427,GPI,GROUP 1 AUTOMOTIVE INC,1.0
2021-03-01,85792,PWR,QUANTA SERVICES INC,1.0
2021-03-01,86047,AMKR,AMKOR TECHNOLOGY INC,1.0
2021-03-01,86778,MKSI,M K S INSTRUMENTS INC,1.0
2021-03-01,87432,A,AGILENT TECHNOLOGIES INC,1.0
2021-03-01,89753,FORM,FORMFACTOR INC,1.0
2021-03-01,89866,LKQ,L K Q CORP,1.0
2021-03-01,89916,NXST,NEXSTAR MEDIA GROUP INC,1.0
2021-03-01,89971,TPX,TEMPUR SEALY INTERNATIONAL INC,1.0
2021-03-01,90037,HTH,HILLTOP HOLDINGS INC,1.0
2021-03-01,90520,CE,CELANESE CORP DEL,1.0
2021-03-01,90550,DLB,DOLBY LABORATORIES INC,1.0
2021-03-01,92602,PM,PHILIP MORRIS INTERNATIONAL INC,1.0
2021-03-01,93035,SEM,SELECT MEDICAL HOLDINGS CORP,1.0
2021-03-01,93330,PRI,PRIMERICA INC,1.0
2021-03-01,93374,FAF,FIRST AMERICAN FINL CORP NEW,1.0
2021-03-01,83111,ALXN,ALEXION PHARMACEUTICALS INC,0.996172
2021-03-01,61313,DCI,DONALDSON INC,0.994432
2021-03-01,48725,UNP,UNION PACIFIC CORP,0.993653
2021-03-01,79103,ORLY,O REILLY AUTOMOTIVE INC NEW,0.988332
2021-03-01,38295,SPB,SPECTRUM BRANDS HOLDINGS INC NEW,0.986805
2021-03-01,91277,QRTEA,QURATE RETAIL INC,0.985669
2021-03-01,34032,MAS,MASCO CORP,0.979885
2021-03-01,22111,JNJ,JOHNSON & JOHNSON,0.977388
2021-03-01,68196,SEIC,S E I INVESTMENTS CO,0.974331
2021-03-01,20482,ABT,ABBOTT LABORATORIES,0.969127
2021-03-01,14926,CDK,C D K GLOBAL INC,0.967304
2021-03-01,12981,FBHS,FORTUNE BRANDS HOME & SECUR INC,0.966899
2021-03-01,13802,APAM,ARTISAN PARTNERS ASSET MGMT INC,0.96661
2021-03-01,65307,RPM,R P M INTERNATIONAL INC,0.965639
2021-03-01,85621,MTD,METTLER TOLEDO INTERNATIONAL INC,0.955395
2021-03-01,66181,HD,HOME DEPOT INC,0.953873
2021-03-01,88031,MNST,MONSTER BEVERAGE CORP NEW,0.948657
2021-03-01,92655,UNH,UNITEDHEALTH GROUP INC,0.947271
2021-03-01,13788,ZTS,ZOETIS INC,0.93936
2021-03-01,14008,AMGN,AMGEN INC,0.938547
2021-03-01,62498,WST,WEST PHARMACEUTICAL SERVICES INC,0.937048
2021-03-01,86102,FHI,FEDERATED HERMES INC,0.933686
2021-03-01,76744,VRTX,VERTEX PHARMACEUTICALS INC,0.927797
2021-03-01,48653,HUM,HUMANA INC,0.925279
2021-03-01,49680,DHR,DANAHER CORP,0.923559
2021-03-01,85914,BBY,BEST BUY COMPANY INC,0.92212
2021-03-01,61241,AMD,ADVANCED MICRO DEVICES INC,0.921404
2021-03-01,75510,ADBE,ADOBE INC,0.919032
2021-03-01,93312,SSNC,S S & C TECHNOLOGIES HLDGS INC,0.913177
2021-03-01,55976,WMT,WALMART INC,0.901197
2021-03-01,93096,DG,DOLLAR GENERAL CORP NEW,0.900125
2021-03-01,18163,PG,PROCTER & GAMBLE CO,0.893082
2021-03-01,20512,CACI,CACI INTERNATIONAL INC,0.887654
2021-03-01,89394,OSTK,OVERSTOCK COM INC DEL,0.865548
2021-03-01,16736,VST,VISTRA CORP,0.863751
2021-03-01,14696,MIK,MICHAELS COMPANIES INC,0.809584
2021-03-01,21371,CAH,CARDINAL HEALTH INC,0.727801
2021-03-01,47941,TGNA,TEGNA INC,0.535927
2021-03-01,90708,MORN,MORNINGSTAR INC,0.531273
2021-03-01,91658,AIMC,ALTRA INDUSTRIAL MOTION CORP,0.429421
2021-03-01,15647,FLOW,S P X FLOW INC,0.417482
2021-03-01,10397,WERN,WERNER ENTERPRISES INC,0.292102
2021-03-01,87055,COST,COSTCO WHOLESALE CORP NEW,0.226601
2021-03-01,16816,BHF,BRIGHTHOUSE FINANCIAL INC,-0.012924
2021-03-01,13169,ZNGA,ZYNGA INC,-0.106755
2021-03-01,17036,CNNE,CANNAE HOLDINGS INC,-0.530632
2021-03-01,14811,FWONK,LIBERTY MEDIA CORP 3RD NEW,-0.695655
2021-03-01,14516,QTWO,Q 2 HOLDINGS INC,-0.696955
2021-03-01,90444,ORA,ORMAT TECHNOLOGIES INC,-0.750393
2021-03-01,16924,DCPH,DECIPHERA PHARMACEUTICALS INC,-0.767047
2021-03-01,26403,DIS,DISNEY WALT CO,-0.78955
2021-03-01,15506,CYRX,CRYOPORT INC,-0.861769
2021-03-01,14782,TRUP,TRUPANION INC,-0.862344
2021-03-01,76661,IONS,IONIS PHARMACEUTICALS INC,-0.872271
2021-03-01,88351,INSM,INSMED INC,-0.872388
2021-03-01,52898,WTRG,ESSENTIAL UTILITIES INC,-0.893975
2021-03-01,13688,PCG,P G & E CORP,-0.919465
2021-03-01,14159,FEYE,FIREEYE INC,-0.919955
2021-03-01,13739,BFAM,BRIGHT HORIZONS FAM SOL INC NEW,-0.922855
2021-03-01,16381,BL,BLACKLINE INC,-0.929737
2021-03-01,91152,TDG,TRANSDIGM GROUP INC,-0.931753
2021-03-01,13967,PTCT,P T C THERAPEUTICS INC,-0.935518
2021-03-01,14988,LBRDK,LIBERTY BROADBAND CORP,-0.943966
2021-03-01,13704,NEO,NEOGENOMICS INC,-0.946605
2021-03-01,15046,NVRO,NEVRO CORP,-0.954157
2021-03-01,80191,ALB,ALBEMARLE CORP,-0.966449
2021-03-01,14054,MRTX,MIRATI THERAPEUTICS INC,-0.978477
2021-03-01,82759,NUAN,NUANCE COMMUNICATIONS INC,-0.979314
2021-03-01,90178,ALNY,ALNYLAM PHARMACEUTICALS INC,-0.984139
2021-03-01,32870,HRL,HORMEL FOODS CORP,-0.989498
2021-03-01,88863,EXAS,EXACT SCIENCES CORP,-0.992373
2021-03-01,83779,PEGA,PEGASYSTEMS INC,-0.99308
2021-03-01,10026,JJSF,J & J SNACK FOODS CORP,-1.0
2021-03-01,12639,CSOD,CORNERSTONE ONDEMAND INC,-1.0
2021-03-01,12872,MPC,MARATHON PETROLEUM CORP,-1.0
2021-03-01,13168,TRIP,TRIPADVISOR INC,-1.0
2021-03-01,13262,CCXI,CHEMOCENTRYX INC,-1.0
2021-03-01,13356,PSX,PHILLIPS 66,-1.0
2021-03-01,13379,SPLK,SPLUNK INC,-1.0
2021-03-01,13511,PANW,PALO ALTO NETWORKS INC,-1.0
2021-03-01,13527,FIVE,FIVE BELOW INC,-1.0
2021-03-01,13860,SEAS,SEAWORLD ENTERTAINMENT INC,-1.0
2021-03-01,13928,COP,CONOCOPHILLIPS,-1.0
2021-03-01,13962,NSTG,NANOSTRING TECHNOLOGIES INC,-1.0
2021-03-01,14044,AGIO,AGIOS PHARMACEUTICALS INC,-1.0
2021-03-01,14136,RNG,RINGCENTRAL INC,-1.0
2021-03-01,14176,XLRN,ACCELERON PHARMA INC,-1.0
2021-03-01,14182,BURL,BURLINGTON STORES INC,-1.0
2021-03-01,14263,VCYT,VERACYTE INC,-1.0
2021-03-01,14295,TWTR,TWITTER INC,-1.0
2021-03-01,14325,TNDM,TANDEM DIABETES CARE INC,-1.0
2021-03-01,14329,ARMK,ARAMARK,-1.0
2021-03-01,14338,HLT,HILTON WORLDWIDE HOLDINGS INC,-1.0
2021-03-01,14359,XNCR,XENCOR INC,-1.0
2021-03-01,14432,ITCI,INTRA CELLULAR THERAPIES INC,-1.0
2021-03-01,14436,RARE,ULTRAGENYX PHARMACEUTICALS INC,-1.0
2021-03-01,14472,VRNS,VARONIS SYSTEMS INC,-1.0
2021-03-01,14596,FIVN,FIVE 9 INC,-1.0
2021-03-01,14641,ZEN,ZENDESK INC,-1.0
2021-03-01,14882,CZR,CAESARS ENTERTAINMENT INC DE,-1.0
2021-03-01,15065,FGEN,FIBROGEN INC,-1.0
2021-03-01,15108,NEWR,NEW RELIC INC,-1.0
2021-03-01,15167,SHAK,SHAKE SHACK INC,-1.0
2021-03-01,15272,SEDG,SOLAREDGE TECHNOLOGIES INC,-1.0
2021-03-01,15454,GKOS,GLAUKOS CORP,-1.0
2021-03-01,15534,NTRA,NATERA INC,-1.0
2021-03-01,15585,TDOC,TELADOC HEALTH INC,-1.0
2021-03-01,15627,PLNT,PLANET FITNESS INC,-1.0
2021-03-01,15694,PEN,PENUMBRA INC,-1.0
2021-03-01,15729,PSTG,PURE STORAGE INC,-1.0
2021-03-01,16140,TWLO,TWILIO INC,-1.0
2021-03-01,16382,COUP,COUPA SOFTWARE INC,-1.0
2021-03-01,16595,SNAP,SNAP INC,-1.0
2021-03-01,16649,OKTA,OKTA INC,-1.0
2021-03-01,16968,MDB,MONGODB INC,-1.0
2021-03-01,18649,BCO,BRINKS CO,-1.0
2021-03-01,19561,BA,BOEING CO,-1.0
2021-03-01,23026,FE,FIRSTENERGY CORP,-1.0
2021-03-01,24328,EQT,E Q T CORP,-1.0
2021-03-01,28484,HES,HESS CORP,-1.0
2021-03-01,28804,ALK,ALASKA AIRGROUP INC,-1.0
2021-03-01,43123,ATI,ALLEGHENY TECHNOLOGIES,-1.0
2021-03-01,58683,LUV,SOUTHWEST AIRLINES CO,-1.0
2021-03-01,77702,SBUX,STARBUCKS CORP,-1.0
2021-03-01,78875,CREE,CREE INC,-1.0
2021-03-01,79839,ITRI,ITRON INC,-1.0
2021-03-01,80069,ARWR,ARROWHEAD PHARMACEUTICALS INC,-1.0
2021-03-01,82670,TGTX,T G THERAPEUTICS INC,-1.0
2021-03-01,87337,PLUG,PLUG POWER INC,-1.0
2021-03-01,87430,KTOS,KRATOS DEFENSE & SECUR SOLS INC,-1.0
2021-03-01,88421,ARNA,ARENA PHARMACEUTICALS INC,-1.0
2021-03-01,89031,AXON,AXON ENTERPRISE INC,-1.0
2021-03-01,89353,JBLU,JETBLUE AIRWAYS CORP,-1.0
2021-03-01,90188,NUVA,NUVASIVE INC,-1.0
2021-03-01,90427,TXRH,TEXAS ROADHOUSE INC,-1.0
2021-03-01,90505,LVS,LAS VEGAS SANDS CORP,-1.0
2021-03-01,90808,EXPE,EXPEDIA GROUP INC,-1.0
2021-03-01,90856,ATRC,ATRICURE INC,-1.0
2021-03-01,91041,LYV,LIVE NATION ENTERTAINMENT INC,-1.0
2021-03-01,91103,UAL,UNITED AIRLINES HOLDINGS INC,-1.0
2021-03-01,91237,VG,VONAGE HOLDINGS CORP,-1.0
2021-03-01,91594,SPR,SPIRIT AEROSYSTEMS HOLDINGS INC,-1.0
2021-03-01,91659,ALGT,ALLEGIANT TRAVEL CO,-1.0
2021-03-01,91926,DAL,DELTA AIR LINES INC,-1.0
2021-03-01,92143,PRO,P R O S HOLDINGS INC,-1.0
2021-03-01,93098,H,HYATT HOTELS CORP,-1.0
2021-03-01,93150,CIT,C I T GROUP INC NEW,-1.0
2021-03-01,93423,SIX,SIX FLAGS ENTERTAINMENT CORP,-1.0
2021-04-01,10107,MSFT,MICROSOFT CORP,1.0
2021-04-01,10874,BC,BRUNSWICK CORP,1.0
2021-04-01,12062,LH,LABORATORY CORP AMERICA HLDGS,1.0
2021-04-01,12476,TRGP,TARGA RESOURCES CORP,1.0
2021-04-01,12622,HCA,H C A HEALTHCARE INC,1.0
2021-04-01,12981,FBHS,FORTUNE BRANDS HOME & SECUR INC,1.0
2021-04-01,13407,FB,FACEBOOK INC,1.0
2021-04-01,13802,APAM,ARTISAN PARTNERS ASSET MGMT INC,1.0
2021-04-01,13862,TMHC,TAYLOR MORRISON HOME CORP,1.0
2021-04-01,13901,MO,ALTRIA GROUP INC,1.0
2021-04-01,14008,AMGN,AMGEN INC,1.0
2021-04-01,14406,ESI,ELEMENT SOLUTIONS INC,1.0
2021-04-01,14479,IBP,INSTALLED BUILDING PRODUCTS INC,1.0
2021-04-01,14593,AAPL,APPLE INC,1.0
2021-04-01,14696,MIK,MICHAELS COMPANIES INC,1.0
2021-04-01,14702,AMAT,APPLIED MATERIALS INC,1.0
2021-04-01,14795,TKR,TIMKEN CO,1.0
2021-04-01,14926,CDK,C D K GLOBAL INC,1.0
2021-04-01,15579,TXN,TEXAS INSTRUMENTS INC,1.0
2021-04-01,16119,ATKR,ATKORE INC,1.0
2021-04-01,16554,JELD,JELD WEN HOLDING INC,1.0
2021-04-01,17929,UGI,U G I CORP NEW,1.0
2021-04-01,22825,CMD,CANTEL MEDICAL CORP,1.0
2021-04-01,25953,DOV,DOVER CORP,1.0
2021-04-01,29209,ARW,ARROW ELECTRONICS INC,1.0
2021-04-01,42200,PKI,PERKINELMER INC,1.0
2021-04-01,48653,HUM,HUMANA INC,1.0
2021-04-01,48725,UNP,UNION PACIFIC CORP,1.0
2021-04-01,49154,TGT,TARGET CORP,1.0
2021-04-01,52716,HRC,HILL ROM HOLDINGS INC,1.0
2021-04-01,56223,LPX,LOUISIANA PACIFIC CORP,1.0
2021-04-01,57904,AFL,AFLAC INC,1.0
2021-04-01,58771,RBC,REGAL BELOIT CORP,1.0
2021-04-01,62092,TMO,THERMO FISHER SCIENTIFIC INC,1.0
2021-04-01,62148,CSX,C S X CORP,1.0
2021-04-01,64194,CHE,CHEMED CORP NEW,1.0
2021-04-01,65307,RPM,R P M INTERNATIONAL INC,1.0
2021-04-01,66181,HD,HOME DEPOT INC,1.0
2021-04-01,68196,SEIC,S E I INVESTMENTS CO,1.0
2021-04-01,75342,MTH,MERITAGE HOMES CORP,1.0
2021-04-01,76076,CSCO,CISCO SYSTEMS INC,1.0
2021-04-01,76095,HOLX,HOLOGIC INC,1.0
2021-04-01,77496,MHK,MOHAWK INDUSTRIES INC,1.0
2021-04-01,77520,AGCO,A G C O CORP,1.0
2021-04-01,77661,DHI,D R HORTON INC,1.0
2021-04-01,79103,ORLY,O REILLY AUTOMOTIVE INC NEW,1.0
2021-04-01,79637,UHS,UNIVERSAL HEALTH SERVICES INC,1.0
2021-04-01,79878,UFPI,U F P INDUSTRIES INC,1.0
2021-04-01,80128,VMI,VALMONT INDUSTRIES INC,1.0
2021-04-01,80575,SSD,SIMPSON MANUFACTURING CO INC,1.0
2021-04-01,80864,RS,RELIANCE STEEL & ALUMINUM CO,1.0
2021-04-01,82547,AEIS,ADVANCED ENERGY INDUSTRIES INC,1.0
2021-04-01,83011,WSM,WILLIAMS SONOMA INC,1.0
2021-04-01,84172,NUS,NU SKIN ENTERPRISES INC,1.0
2021-04-01,84373,DGX,QUEST DIAGNOSTICS INC,1.0
2021-04-01,85427,GPI,GROUP 1 AUTOMOTIVE INC,1.0
2021-04-01,85792,PWR,QUANTA SERVICES INC,1.0
2021-04-01,85914,BBY,BEST BUY COMPANY INC,1.0
2021-04-01,86102,FHI,FEDERATED HERMES INC,1.0
2021-04-01,86778,MKSI,M K S INSTRUMENTS INC,1.0
2021-04-01,87432,A,AGILENT TECHNOLOGIES INC,1.0
2021-04-01,89866,LKQ,L K Q CORP,1.0
2021-04-01,89916,NXST,NEXSTAR MEDIA GROUP INC,1.0
2021-04-01,89971,TPX,TEMPUR SEALY INTERNATIONAL INC,1.0
2021-04-01,90037,HTH,HILLTOP HOLDINGS INC,1.0
2021-04-01,90520,CE,CELANESE CORP DEL,1.0
2021-04-01,90550,DLB,DOLBY LABORATORIES INC,1.0
2021-04-01,92602,PM,PHILIP MORRIS INTERNATIONAL INC,1.0
2021-04-01,92655,UNH,UNITEDHEALTH GROUP INC,1.0
2021-04-01,93035,SEM,SELECT MEDICAL HOLDINGS CORP,1.0
2021-04-01,93330,PRI,PRIMERICA INC,1.0
2021-04-01,93374,FAF,FIRST AMERICAN FINL CORP NEW,1.0
2021-04-01,83111,ALXN,ALEXION PHARMACEUTICALS INC,0.997188
2021-04-01,89753,FORM,FORMFACTOR INC,0.994242
2021-04-01,86047,AMKR,AMKOR TECHNOLOGY INC,0.992438
2021-04-01,85621,MTD,METTLER TOLEDO INTERNATIONAL INC,0.989303
2021-04-01,20512,CACI,CACI INTERNATIONAL INC,0.989172
2021-04-01,11809,CLH,CLEAN HARBORS INC,0.987172
2021-04-01,88031,MNST,MONSTER BEVERAGE CORP NEW,0.984852
2021-04-01,61313,DCI,DONALDSON INC,0.981745
2021-04-01,18163,PG,PROCTER & GAMBLE CO,0.979092
2021-04-01,20482,ABT,ABBOTT LABORATORIES,0.969586
2021-04-01,93312,SSNC,S S & C TECHNOLOGIES HLDGS INC,0.962614
2021-04-01,13837,EVTC,EVERTEC INC,0.956785
2021-04-01,13788,ZTS,ZOETIS INC,0.952888
2021-04-01,75510,ADBE,ADOBE INC,0.950397
2021-04-01,49680,DHR,DANAHER CORP,0.947188
2021-04-01,55976,WMT,WALMART INC,0.946153
2021-04-01,50948,SMTC,SEMTECH CORP,0.941182
2021-04-01,62498,WST,WEST PHARMACEUTICAL SERVICES INC,0.940795
2021-04-01,76709,IDXX,I D E X X LABORATORIES INC,0.940646
2021-04-01,76744,VRTX,VERTEX PHARMACEUTICALS INC,0.937986
2021-04-01,35124,CLGX,CORELOGIC INC,0.93607
2021-04-01,13046,UI,UBIQUITI INC,0.935317
2021-04-01,91277,QRTEA,QURATE RETAIL INC,0.933264
2021-04-01,16736,VST,VISTRA CORP,0.892587
2021-04-01,21371,CAH,CARDINAL HEALTH INC,0.865034
2021-04-01,89394,OSTK,OVERSTOCK COM INC DEL,0.853798
2021-04-01,64186,CI,CIGNA CORP NEW,0.611371
2021-04-01,16290,FLGT,FULGENT GENETICS INC,0.603182
2021-04-01,47941,TGNA,TEGNA INC,0.555698
2021-04-01,15647,FLOW,S P X FLOW INC,0.430103
2021-04-01,91658,AIMC,ALTRA INDUSTRIAL MOTION CORP,0.410534
2021-04-01,10397,WERN,WERNER ENTERPRISES INC,0.321018
2021-04-01,38295,SPB,SPECTRUM BRANDS HOLDINGS INC NEW,0.310599
2021-04-01,93150,CIT,C I T GROUP INC NEW,-0.437133
2021-04-01,14813,MARA,MARATHON DIGITAL HOLDINGS INC,-0.494872
2021-04-01,18649,BCO,BRINKS CO,-0.544857
2021-04-01,17036,CNNE,CANNAE HOLDINGS INC,-0.562867
2021-04-01,14811,FWONK,LIBERTY MEDIA CORP 3RD NEW,-0.68597
2021-04-01,90444,ORA,ORMAT TECHNOLOGIES INC,-0.688797
2021-04-01,16968,MDB,MONGODB INC,-0.692922
2021-04-01,15065,FGEN,FIBROGEN INC,-0.693757
2021-04-01,87337,PLUG,PLUG POWER INC,-0.740775
2021-04-01,79839,ITRI,ITRON INC,-0.756114
2021-04-01,26403,DIS,DISNEY WALT CO,-0.770651
2021-04-01,14136,RNG,RINGCENTRAL INC,-0.787682
2021-04-01,16595,SNAP,SNAP INC,-0.796348
2021-04-01,14436,RARE,ULTRAGENYX PHARMACEUTICALS INC,-0.80441
2021-04-01,15046,NVRO,NEVRO CORP,-0.805791
2021-04-01,16381,BL,BLACKLINE INC,-0.812614
2021-04-01,14295,TWTR,TWITTER INC,-0.825693
2021-04-01,14472,VRNS,VARONIS SYSTEMS INC,-0.839136
2021-04-01,16649,OKTA,OKTA INC,-0.843079
2021-04-01,14596,FIVN,FIVE 9 INC,-0.843905
2021-04-01,15585,TDOC,TELADOC HEALTH INC,-0.850259
2021-04-01,12872,MPC,MARATHON PETROLEUM CORP,-0.855438
2021-04-01,83779,PEGA,PEGASYSTEMS INC,-0.858141
2021-04-01,89031,AXON,AXON ENTERPRISE INC,-0.860569
2021-04-01,12639,CSOD,CORNERSTONE ONDEMAND INC,-0.862602
2021-04-01,16140,TWLO,TWILIO INC,-0.867312
2021-04-01,14359,XNCR,XENCOR INC,-0.873933
2021-04-01,91237,VG,VONAGE HOLDINGS CORP,-0.894073
2021-04-01,13704,NEO,NEOGENOMICS INC,-0.895693
2021-04-01,15627,PLNT,PLANET FITNESS INC,-0.897871
2021-04-01,13511,PANW,PALO ALTO NETWORKS INC,-0.898804
2021-04-01,80191,ALB,ALBEMARLE CORP,-0.900357
2021-04-01,14325,TNDM,TANDEM DIABETES CARE INC,-0.91934
2021-04-01,15729,PSTG,PURE STORAGE INC,-0.921273
2021-04-01,14159,FEYE,FIREEYE INC,-0.931834
2021-04-01,14882,CZR,CAESARS ENTERTAINMENT INC DE,-0.935868
2021-04-01,93098,H,HYATT HOTELS CORP,-0.94028
2021-04-01,13379,SPLK,SPLUNK INC,-0.947319
2021-04-01,14988,LBRDK,LIBERTY BROADBAND CORP,-0.947982
2021-04-01,91152,TDG,TRANSDIGM GROUP INC,-0.949905
2021-04-01,52898,WTRG,ESSENTIAL UTILITIES INC,-0.951125
2021-04-01,15694,PEN,PENUMBRA INC,-0.951279
2021-04-01,91041,LYV,LIVE NATION ENTERTAINMENT INC,-0.952595
2021-04-01,78875,CREE,CREE INC,-0.952996
2021-04-01,82759,NUAN,NUANCE COMMUNICATIONS INC,-0.958208
2021-04-01,88863,EXAS,EXACT SCIENCES CORP,-0.960705
2021-04-01,15272,SEDG,SOLAREDGE TECHNOLOGIES INC,-0.963534
2021-04-01,91659,ALGT,ALLEGIANT TRAVEL CO,-0.967735
2021-04-01,90505,LVS,LAS VEGAS SANDS CORP,-0.97058
2021-04-01,14338,HLT,HILTON WORLDWIDE HOLDINGS INC,-0.977657
2021-04-01,13356,PSX,PHILLIPS 66,-0.981791
2021-04-01,13739,BFAM,BRIGHT HORIZONS FAM SOL INC NEW,-0.990978
2021-04-01,87430,KTOS,KRATOS DEFENSE & SECUR SOLS INC,-0.991973
2021-04-01,10026,JJSF,J & J SNACK FOODS CORP,-0.992616
2021-04-01,12503,NAV,NAVISTAR INTERNATIONAL CORP,-1.0
2021-04-01,13169,ZNGA,ZYNGA INC,-1.0
2021-04-01,13262,CCXI,CHEMOCENTRYX INC,-1.0
2021-04-01,13527,FIVE,FIVE BELOW INC,-1.0
2021-04-01,13688,PCG,P G & E CORP,-1.0
2021-04-01,13860,SEAS,SEAWORLD ENTERTAINMENT INC,-1.0
2021-04-01,13928,COP,CONOCOPHILLIPS,-1.0
2021-04-01,13962,NSTG,NANOSTRING TECHNOLOGIES INC,-1.0
2021-04-01,13967,PTCT,P T C THERAPEUTICS INC,-1.0
2021-04-01,14044,AGIO,AGIOS PHARMACEUTICALS INC,-1.0
2021-04-01,14054,MRTX,MIRATI THERAPEUTICS INC,-1.0
2021-04-01,14176,XLRN,ACCELERON PHARMA INC,-1.0
2021-04-01,14182,BURL,BURLINGTON STORES INC,-1.0
2021-04-01,14329,ARMK,ARAMARK,-1.0
2021-04-01,14432,ITCI,INTRA CELLULAR THERAPIES INC,-1.0
2021-04-01,14516,QTWO,Q 2 HOLDINGS INC,-1.0
2021-04-01,14641,ZEN,ZENDESK INC,-1.0
2021-04-01,14782,TRUP,TRUPANION INC,-1.0
2021-04-01,15167,SHAK,SHAKE SHACK INC,-1.0
2021-04-01,15222,IOVA,IOVANCE BIOTHERAPEUTICS INC,-1.0
2021-04-01,15454,GKOS,GLAUKOS CORP,-1.0
2021-04-01,15506,CYRX,CRYOPORT INC,-1.0
2021-04-01,15534,NTRA,NATERA INC,-1.0
2021-04-01,15831,AXSM,AXSOME THERAPEUTICS INC,-1.0
2021-04-01,16382,COUP,COUPA SOFTWARE INC,-1.0
2021-04-01,16924,DCPH,DECIPHERA PHARMACEUTICALS INC,-1.0
2021-04-01,17342,DBX,DROPBOX INC,-1.0
2021-04-01,19561,BA,BOEING CO,-1.0
2021-04-01,23026,FE,FIRSTENERGY CORP,-1.0
2021-04-01,24328,EQT,E Q T CORP,-1.0
2021-04-01,27562,CBRL,CRACKER BARREL OLD COUNTRY STORE,-1.0
2021-04-01,28484,HES,HESS CORP,-1.0
2021-04-01,28804,ALK,ALASKA AIRGROUP INC,-1.0
2021-04-01,32870,HRL,HORMEL FOODS CORP,-1.0
2021-04-01,40272,IFF,INTERNATIONAL FLAVORS & FRAG INC,-1.0
2021-04-01,58683,LUV,SOUTHWEST AIRLINES CO,-1.0
2021-04-01,76661,IONS,IONIS PHARMACEUTICALS INC,-1.0
2021-04-01,76750,MNRO,MONRO INC,-1.0
2021-04-01,77702,SBUX,STARBUCKS CORP,-1.0
2021-04-01,80069,ARWR,ARROWHEAD PHARMACEUTICALS INC,-1.0
2021-04-01,82670,TGTX,T G THERAPEUTICS INC,-1.0
2021-04-01,82779,NVAX,NOVAVAX INC,-1.0
2021-04-01,88351,INSM,INSMED INC,-1.0
2021-04-01,88421,ARNA,ARENA PHARMACEUTICALS INC,-1.0
2021-04-01,89353,JBLU,JETBLUE AIRWAYS CORP,-1.0
2021-04-01,90178,ALNY,ALNYLAM PHARMACEUTICALS INC,-1.0
2021-04-01,90188,NUVA,NUVASIVE INC,-1.0
2021-04-01,90427,TXRH,TEXAS ROADHOUSE INC,-1.0
2021-04-01,90808,EXPE,EXPEDIA GROUP INC,-1.0
2021-04-01,90856,ATRC,ATRICURE INC,-1.0
2021-04-01,91103,UAL,UNITED AIRLINES HOLDINGS INC,-1.0
2021-04-01,91594,SPR,SPIRIT AEROSYSTEMS HOLDINGS INC,-1.0
2021-04-01,91926,DAL,DELTA AIR LINES INC,-1.0
2021-04-01,93423,SIX,SIX FLAGS ENTERTAINMENT CORP,-1.0
2021-05-01,10107,MSFT,MICROSOFT CORP,1.0
2021-05-01,10874,BC,BRUNSWICK CORP,1.0
2021-05-01,11809,CLH,CLEAN HARBORS INC,1.0
2021-05-01,12062,LH,LABORATORY CORP AMERICA HLDGS,1.0
2021-05-01,12476,TRGP,TARGA RESOURCES CORP,1.0
2021-05-01,12622,HCA,H C A HEALTHCARE INC,1.0
2021-05-01,12981,FBHS,FORTUNE BRANDS HOME & SECUR INC,1.0
2021-05-01,13407,FB,FACEBOOK INC,1.0
2021-05-01,13748,TPH,TRI POINTE HOMES INC,1.0
2021-05-01,13788,ZTS,ZOETIS INC,1.0
2021-05-01,13837,EVTC,EVERTEC INC,1.0
2021-05-01,13862,TMHC,TAYLOR MORRISON HOME CORP,1.0
2021-05-01,14406,ESI,ELEMENT SOLUTIONS INC,1.0
2021-05-01,14479,IBP,INSTALLED BUILDING PRODUCTS INC,1.0
2021-05-01,14593,AAPL,APPLE INC,1.0
2021-05-01,14716,CCS,CENTURY COMMUNITIES INC,1.0
2021-05-01,14795,TKR,TIMKEN CO,1.0
2021-05-01,16119,ATKR,ATKORE INC,1.0
2021-05-01,16554,JELD,JELD WEN HOLDING INC,1.0
2021-05-01,17929,UGI,U G I CORP NEW,1.0
2021-05-01,22825,CMD,CANTEL MEDICAL CORP,1.0
2021-05-01,25953,DOV,DOVER CORP,1.0
2021-05-01,29209,ARW,ARROW ELECTRONICS INC,1.0
2021-05-01,37568,FELE,FRANKLIN ELECTRIC INC,1.0
2021-05-01,42200,PKI,PERKINELMER INC,1.0
2021-05-01,46886,KLAC,K L A CORP,1.0
2021-05-01,48653,HUM,HUMANA INC,1.0
2021-05-01,49154,TGT,TARGET CORP,1.0
2021-05-01,49680,DHR,DANAHER CORP,1.0
2021-05-01,56223,LPX,LOUISIANA PACIFIC CORP,1.0
2021-05-01,57904,AFL,AFLAC INC,1.0
2021-05-01,58771,RBC,REGAL BELOIT CORP,1.0
2021-05-01,61313,DCI,DONALDSON INC,1.0
2021-05-01,62092,TMO,THERMO FISHER SCIENTIFIC INC,1.0
2021-05-01,62148,CSX,C S X CORP,1.0
2021-05-01,62498,WST,WEST PHARMACEUTICAL SERVICES INC,1.0
2021-05-01,64194,CHE,CHEMED CORP NEW,1.0
2021-05-01,65307,RPM,R P M INTERNATIONAL INC,1.0
2021-05-01,66181,HD,HOME DEPOT INC,1.0
2021-05-01,68196,SEIC,S E I INVESTMENTS CO,1.0
2021-05-01,75342,MTH,MERITAGE HOMES CORP,1.0
2021-05-01,75510,ADBE,ADOBE INC,1.0
2021-05-01,76095,HOLX,HOLOGIC INC,1.0
2021-05-01,76709,IDXX,I D E X X LABORATORIES INC,1.0
2021-05-01,77496,MHK,MOHAWK INDUSTRIES INC,1.0
2021-05-01,77520,AGCO,A G C O CORP,1.0
2021-05-01,77661,DHI,D R HORTON INC,1.0
2021-05-01,79103,ORLY,O REILLY AUTOMOTIVE INC NEW,1.0
2021-05-01,79637,UHS,UNIVERSAL HEALTH SERVICES INC,1.0
2021-05-01,79878,UFPI,U F P INDUSTRIES INC,1.0
2021-05-01,80128,VMI,VALMONT INDUSTRIES INC,1.0
2021-05-01,80575,SSD,SIMPSON MANUFACTURING CO INC,1.0
2021-05-01,80864,RS,RELIANCE STEEL & ALUMINUM CO,1.0
2021-05-01,82547,AEIS,ADVANCED ENERGY INDUSTRIES INC,1.0
2021-05-01,84373,DGX,QUEST DIAGNOSTICS INC,1.0
2021-05-01,85427,GPI,GROUP 1 AUTOMOTIVE INC,1.0
2021-05-01,85621,MTD,METTLER TOLEDO INTERNATIONAL INC,1.0
2021-05-01,85792,PWR,QUANTA SERVICES INC,1.0
2021-05-01,85914,BBY,BEST BUY COMPANY INC,1.0
2021-05-01,86047,AMKR,AMKOR TECHNOLOGY INC,1.0
2021-05-01,86778,MKSI,M K S INSTRUMENTS INC,1.0
2021-05-01,87432,A,AGILENT TECHNOLOGIES INC,1.0
2021-05-01,88031,MNST,MONSTER BEVERAGE CORP NEW,1.0
2021-05-01,89394,OSTK,OVERSTOCK COM INC DEL,1.0
2021-05-01,89866,LKQ,L K Q CORP,1.0
2021-05-01,89916,NXST,NEXSTAR MEDIA GROUP INC,1.0
2021-05-01,89971,TPX,TEMPUR SEALY INTERNATIONAL INC,1.0
2021-05-01,90037,HTH,HILLTOP HOLDINGS INC,1.0
2021-05-01,90520,CE,CELANESE CORP DEL,1.0
2021-05-01,90550,DLB,DOLBY LABORATORIES INC,1.0
2021-05-01,91575,HRI,HERC HOLDINGS INC,1.0
2021-05-01,92602,PM,PHILIP MORRIS INTERNATIONAL INC,1.0
2021-05-01,92655,UNH,UNITEDHEALTH GROUP INC,1.0
2021-05-01,93035,SEM,SELECT MEDICAL HOLDINGS CORP,1.0
2021-05-01,93330,PRI,PRIMERICA INC,1.0
2021-05-01,93374,FAF,FIRST AMERICAN FINL CORP NEW,1.0
2021-05-01,84172,NUS,NU SKIN ENTERPRISES INC,0.999419
2021-05-01,52716,HRC,HILL ROM HOLDINGS INC,0.997633
2021-05-01,14702,AMAT,APPLIED MATERIALS INC,0.993324
2021-05-01,76076,CSCO,CISCO SYSTEMS INC,0.991466
2021-05-01,14926,CDK,C D K GLOBAL INC,0.991292
2021-05-01,13802,APAM,ARTISAN PARTNERS ASSET MGMT INC,0.976026
2021-05-01,20482,ABT,ABBOTT LABORATORIES,0.975113
2021-05-01,18163,PG,PROCTER & GAMBLE CO,0.970778
2021-05-01,15579,TXN,TEXAS INSTRUMENTS INC,0.960513
2021-05-01,83011,WSM,WILLIAMS SONOMA INC,0.956167
2021-05-01,76744,VRTX,VERTEX PHARMACEUTICALS INC,0.952421
2021-05-01,91277,QRTEA,QURATE RETAIL INC,0.944361
2021-05-01,13901,MO,ALTRIA GROUP INC,0.933332
2021-05-01,50948,SMTC,SEMTECH CORP,0.923982
2021-05-01,86102,FHI,FEDERATED HERMES INC,0.920114
2021-05-01,13046,UI,UBIQUITI INC,0.894636
2021-05-01,89753,FORM,FORMFACTOR INC,0.862868
2021-05-01,21371,CAH,CARDINAL HEALTH INC,0.859184
2021-05-01,16736,VST,VISTRA CORP,0.851681
2021-05-01,55976,WMT,WALMART INC,0.79532
2021-05-01,86582,STL,STERLING BANCORP DEL,0.667856
2021-05-01,64186,CI,CIGNA CORP NEW,0.629749
2021-05-01,93312,SSNC,S S & C TECHNOLOGIES HLDGS INC,0.609962
2021-05-01,47941,TGNA,TEGNA INC,0.591989
2021-05-01,14008,AMGN,AMGEN INC,0.585704
2021-05-01,16290,FLGT,FULGENT GENETICS INC,0.480814
2021-05-01,91658,AIMC,ALTRA INDUSTRIAL MOTION CORP,0.437912
2021-05-01,15647,FLOW,S P X FLOW INC,0.411991
2021-05-01,38295,SPB,SPECTRUM BRANDS HOLDINGS INC NEW,0.322068
2021-05-01,10397,WERN,WERNER ENTERPRISES INC,0.31527
2021-05-01,83601,WOR,WORTHINGTON INDUSTRIES INC,0.183046
2021-05-01,11691,MATX,MATSON INC,0.014009
2021-05-01,23026,FE,FIRSTENERGY CORP,-0.190828
2021-05-01,14813,MARA,MARATHON DIGITAL HOLDINGS INC,-0.379031
2021-05-01,17315,CDLX,CARDLYTICS INC,-0.491853
2021-05-01,14179,AR,ANTERO RESOURCES CORP,-0.511669
2021-05-01,17036,CNNE,CANNAE HOLDINGS INC,-0.563996
2021-05-01,87337,PLUG,PLUG POWER INC,-0.589261
2021-05-01,90444,ORA,ORMAT TECHNOLOGIES INC,-0.635021
2021-05-01,14295,TWTR,TWITTER INC,-0.71655
2021-05-01,14811,FWONK,LIBERTY MEDIA CORP 3RD NEW,-0.743798
2021-05-01,79839,ITRI,ITRON INC,-0.767106
2021-05-01,16968,MDB,MONGODB INC,-0.770721
2021-05-01,26403,DIS,DISNEY WALT CO,-0.776904
2021-05-01,14436,RARE,ULTRAGENYX PHARMACEUTICALS INC,-0.788714
2021-05-01,13739,BFAM,BRIGHT HORIZONS FAM SOL INC NEW,-0.837101
2021-05-01,14359,XNCR,XENCOR INC,-0.863773
2021-05-01,15729,PSTG,PURE STORAGE INC,-0.864804
2021-05-01,14472,VRNS,VARONIS SYSTEMS INC,-0.86544
2021-05-01,12639,CSOD,CORNERSTONE ONDEMAND INC,-0.876148
2021-05-01,15272,SEDG,SOLAREDGE TECHNOLOGIES INC,-0.883405
2021-05-01,12872,MPC,MARATHON PETROLEUM CORP,-0.88997
2021-05-01,13704,NEO,NEOGENOMICS INC,-0.909795
2021-05-01,89031,AXON,AXON ENTERPRISE INC,-0.916088
2021-05-01,19561,BA,BOEING CO,-0.919859
2021-05-01,91041,LYV,LIVE NATION ENTERTAINMENT INC,-0.92141
2021-05-01,91659,ALGT,ALLEGIANT TRAVEL CO,-0.934692
2021-05-01,16140,TWLO,TWILIO INC,-0.936123
2021-05-01,91594,SPR,SPIRIT AEROSYSTEMS HOLDINGS INC,-0.939143
2021-05-01,16595,SNAP,SNAP INC,-0.941474
2021-05-01,91103,UAL,UNITED AIRLINES HOLDINGS INC,-0.945415
2021-05-01,14159,FEYE,FIREEYE INC,-0.946344
2021-05-01,83779,PEGA,PEGASYSTEMS INC,-0.952695
2021-05-01,14325,TNDM,TANDEM DIABETES CARE INC,-0.957351
2021-05-01,88863,EXAS,EXACT SCIENCES CORP,-0.960984
2021-05-01,13928,COP,CONOCOPHILLIPS,-0.965438
2021-05-01,91926,DAL,DELTA AIR LINES INC,-0.971817
2021-05-01,32870,HRL,HORMEL FOODS CORP,-0.972029
2021-05-01,87430,KTOS,KRATOS DEFENSE & SECUR SOLS INC,-0.972323
2021-05-01,15627,PLNT,PLANET FITNESS INC,-0.975566
2021-05-01,90505,LVS,LAS VEGAS SANDS CORP,-0.978553
2021-05-01,13511,PANW,PALO ALTO NETWORKS INC,-0.986227
2021-05-01,91152,TDG,TRANSDIGM GROUP INC,-0.99161
2021-05-01,28804,ALK,ALASKA AIRGROUP INC,-0.998975
2021-05-01,10026,JJSF,J & J SNACK FOODS CORP,-1.0
2021-05-01,12503,NAV,NAVISTAR INTERNATIONAL CORP,-1.0
2021-05-01,12591,APO,APOLLO GLOBAL MANAGEMENT INC,-1.0
2021-05-01,13169,ZNGA,ZYNGA INC,-1.0
2021-05-01,13262,CCXI,CHEMOCENTRYX INC,-1.0
2021-05-01,13379,SPLK,SPLUNK INC,-1.0
2021-05-01,13527,FIVE,FIVE BELOW INC,-1.0
2021-05-01,13688,PCG,P G & E CORP,-1.0
2021-05-01,13860,SEAS,SEAWORLD ENTERTAINMENT INC,-1.0
2021-05-01,13962,NSTG,NANOSTRING TECHNOLOGIES INC,-1.0
2021-05-01,13967,PTCT,P T C THERAPEUTICS INC,-1.0
2021-05-01,14044,AGIO,AGIOS PHARMACEUTICALS INC,-1.0
2021-05-01,14054,MRTX,MIRATI THERAPEUTICS INC,-1.0
2021-05-01,14136,RNG,RINGCENTRAL INC,-1.0
2021-05-01,14176,XLRN,ACCELERON PHARMA INC,-1.0
2021-05-01,14182,BURL,BURLINGTON STORES INC,-1.0
2021-05-01,14329,ARMK,ARAMARK,-1.0
2021-05-01,14338,HLT,HILTON WORLDWIDE HOLDINGS INC,-1.0
2021-05-01,14432,ITCI,INTRA CELLULAR THERAPIES INC,-1.0
2021-05-01,14516,QTWO,Q 2 HOLDINGS INC,-1.0
2021-05-01,14596,FIVN,FIVE 9 INC,-1.0
2021-05-01,14641,ZEN,ZENDESK INC,-1.0
2021-05-01,14782,TRUP,TRUPANION INC,-1.0
2021-05-01,14882,CZR,CAESARS ENTERTAINMENT INC DE,-1.0
2021-05-01,14988,LBRDK,LIBERTY BROADBAND CORP,-1.0
2021-05-01,15454,GKOS,GLAUKOS CORP,-1.0
2021-05-01,15506,CYRX,CRYOPORT INC,-1.0
2021-05-01,15534,NTRA,NATERA INC,-1.0
2021-05-01,15541,RPD,RAPID7 INC,-1.0
2021-05-01,15639,PRPL,PURPLE INNOVATION INC,-1.0
2021-05-01,15694,PEN,PENUMBRA INC,-1.0
2021-05-01,15831,AXSM,AXSOME THERAPEUTICS INC,-1.0
2021-05-01,16381,BL,BLACKLINE INC,-1.0
2021-05-01,16382,COUP,COUPA SOFTWARE INC,-1.0
2021-05-01,16649,OKTA,OKTA INC,-1.0
2021-05-01,16924,DCPH,DECIPHERA PHARMACEUTICALS INC,-1.0
2021-05-01,17104,APLS,APELLIS PHARMACEUTICALS INC,-1.0
2021-05-01,17341,ZS,ZSCALER INC,-1.0
2021-05-01,17342,DBX,DROPBOX INC,-1.0
2021-05-01,17374,RCUS,ARCUS BIOSCIENCES INC,-1.0
2021-05-01,17700,CDAY,CERIDIAN H C M HOLDING INC,-1.0
2021-05-01,24328,EQT,E Q T CORP,-1.0
2021-05-01,27562,CBRL,CRACKER BARREL OLD COUNTRY STORE,-1.0
2021-05-01,40272,IFF,INTERNATIONAL FLAVORS & FRAG INC,-1.0
2021-05-01,52898,WTRG,ESSENTIAL UTILITIES INC,-1.0
2021-05-01,58683,LUV,SOUTHWEST AIRLINES CO,-1.0
2021-05-01,76661,IONS,IONIS PHARMACEUTICALS INC,-1.0
2021-05-01,76750,MNRO,MONRO INC,-1.0
2021-05-01,78875,CREE,CREE INC,-1.0
2021-05-01,80069,ARWR,ARROWHEAD PHARMACEUTICALS INC,-1.0
2021-05-01,80191,ALB,ALBEMARLE CORP,-1.0
2021-05-01,82670,TGTX,T G THERAPEUTICS INC,-1.0
2021-05-01,82779,NVAX,NOVAVAX INC,-1.0
2021-05-01,84588,MTN,VAIL RESORTS INC,-1.0
2021-05-01,88351,INSM,INSMED INC,-1.0
2021-05-01,88421,ARNA,ARENA PHARMACEUTICALS INC,-1.0
2021-05-01,89353,JBLU,JETBLUE AIRWAYS CORP,-1.0
2021-05-01,90178,ALNY,ALNYLAM PHARMACEUTICALS INC,-1.0
2021-05-01,90188,NUVA,NUVASIVE INC,-1.0
2021-05-01,90427,TXRH,TEXAS ROADHOUSE INC,-1.0
2021-05-01,90808,EXPE,EXPEDIA GROUP INC,-1.0
2021-05-01,90856,ATRC,ATRICURE INC,-1.0
2021-05-01,91237,VG,VONAGE HOLDINGS CORP,-1.0
2021-05-01,93098,H,HYATT HOTELS CORP,-1.0
2021-05-01,93423,SIX,SIX FLAGS ENTERTAINMENT CORP,-1.0
2021-06-01,10107,MSFT,MICROSOFT CORP,1.0
2021-06-01,10874,BC,BRUNSWICK CORP,1.0
2021-06-01,11809,CLH,CLEAN HARBORS INC,1.0
2021-06-01,12062,LH,LABORATORY CORP AMERICA HLDGS,1.0
2021-06-01,12476,TRGP,TARGA RESOURCES CORP,1.0
2021-06-01,12622,HCA,H C A HEALTHCARE INC,1.0
2021-06-01,13407,FB,FACEBOOK INC,1.0
2021-06-01,13748,TPH,TRI POINTE HOMES INC,1.0
2021-06-01,13766,BCC,BOISE CASCADE CO,1.0
2021-06-01,13788,ZTS,ZOETIS INC,1.0
2021-06-01,13837,EVTC,EVERTEC INC,1.0
2021-06-01,14406,ESI,ELEMENT SOLUTIONS INC,1.0
2021-06-01,14593,AAPL,APPLE INC,1.0
2021-06-01,14702,AMAT,APPLIED MATERIALS INC,1.0
2021-06-01,14716,CCS,CENTURY COMMUNITIES INC,1.0
2021-06-01,15579,TXN,TEXAS INSTRUMENTS INC,1.0
2021-06-01,16119,ATKR,ATKORE INC,1.0
2021-06-01,16554,JELD,JELD WEN HOLDING INC,1.0
2021-06-01,17929,UGI,U G I CORP NEW,1.0
2021-06-01,20482,ABT,ABBOTT LABORATORIES,1.0
2021-06-01,25953,DOV,DOVER CORP,1.0
2021-06-01,29209,ARW,ARROW ELECTRONICS INC,1.0
2021-06-01,37568,FELE,FRANKLIN ELECTRIC INC,1.0
2021-06-01,42200,PKI,PERKINELMER INC,1.0
2021-06-01,46886,KLAC,K L A CORP,1.0
2021-06-01,49154,TGT,TARGET CORP,1.0
2021-06-01,49680,DHR,DANAHER CORP,1.0
2021-06-01,52716,HRC,HILL ROM HOLDINGS INC,1.0
2021-06-01,56223,LPX,LOUISIANA PACIFIC CORP,1.0
2021-06-01,57904,AFL,AFLAC INC,1.0
2021-06-01,62092,TMO,THERMO FISHER SCIENTIFIC INC,1.0
2021-06-01,62498,WST,WEST PHARMACEUTICAL SERVICES INC,1.0
2021-06-01,64194,CHE,CHEMED CORP NEW,1.0
2021-06-01,68196,SEIC,S E I INVESTMENTS CO,1.0
2021-06-01,75342,MTH,MERITAGE HOMES CORP,1.0
2021-06-01,76076,CSCO,CISCO SYSTEMS INC,1.0
2021-06-01,76095,HOLX,HOLOGIC INC,1.0
2021-06-01,76282,AN,AUTONATION INC DEL,1.0
2021-06-01,76573,MLI,MUELLER INDUSTRIES INC,1.0
2021-06-01,76709,IDXX,I D E X X LABORATORIES INC,1.0
2021-06-01,77496,MHK,MOHAWK INDUSTRIES INC,1.0
2021-06-01,79637,UHS,UNIVERSAL HEALTH SERVICES INC,1.0
2021-06-01,80128,VMI,VALMONT INDUSTRIES INC,1.0
2021-06-01,80864,RS,RELIANCE STEEL & ALUMINUM CO,1.0
2021-06-01,82651,WAT,WATERS CORP,1.0
2021-06-01,85621,MTD,METTLER TOLEDO INTERNATIONAL INC,1.0
2021-06-01,86047,AMKR,AMKOR TECHNOLOGY INC,1.0
2021-06-01,86102,FHI,FEDERATED HERMES INC,1.0
2021-06-01,86778,MKSI,M K S INSTRUMENTS INC,1.0
2021-06-01,87432,A,AGILENT TECHNOLOGIES INC,1.0
2021-06-01,88504,BRKR,BRUKER CORP,1.0
2021-06-01,89394,OSTK,OVERSTOCK COM INC DEL,1.0
2021-06-01,89866,LKQ,L K Q CORP,1.0
2021-06-01,89916,NXST,NEXSTAR MEDIA GROUP INC,1.0
2021-06-01,89971,TPX,TEMPUR SEALY INTERNATIONAL INC,1.0
2021-06-01,90037,HTH,HILLTOP HOLDINGS INC,1.0
2021-06-01,90520,CE,CELANESE CORP DEL,1.0
2021-06-01,91277,QRTEA,QURATE RETAIL INC,1.0
2021-06-01,91575,HRI,HERC HOLDINGS INC,1.0
2021-06-01,92602,PM,PHILIP MORRIS INTERNATIONAL INC,1.0
2021-06-01,92655,UNH,UNITEDHEALTH GROUP INC,1.0
2021-06-01,93035,SEM,SELECT MEDICAL HOLDINGS CORP,1.0
2021-06-01,93330,PRI,PRIMERICA INC,1.0
2021-06-01,85914,BBY,BEST BUY COMPANY INC,0.999737
2021-06-01,84373,DGX,QUEST DIAGNOSTICS INC,0.998403
2021-06-01,93374,FAF,FIRST AMERICAN FINL CORP NEW,0.997049
2021-06-01,80575,SSD,SIMPSON MANUFACTURING CO INC,0.996623
2021-06-01,62148,CSX,C S X CORP,0.996528
2021-06-01,13802,APAM,ARTISAN PARTNERS ASSET MGMT INC,0.995979
2021-06-01,75510,ADBE,ADOBE INC,0.992598
2021-06-01,85792,PWR,QUANTA SERVICES INC,0.986646
2021-06-01,65307,RPM,R P M INTERNATIONAL INC,0.986182
2021-06-01,66181,HD,HOME DEPOT INC,0.985289
2021-06-01,12981,FBHS,FORTUNE BRANDS HOME & SECUR INC,0.985092
2021-06-01,58771,RBC,REGAL BELOIT CORP,0.984763
2021-06-01,48653,HUM,HUMANA INC,0.98306
2021-06-01,18163,PG,PROCTER & GAMBLE CO,0.981178
2021-06-01,61313,DCI,DONALDSON INC,0.97948
2021-06-01,77520,AGCO,A G C O CORP,0.974258
2021-06-01,85427,GPI,GROUP 1 AUTOMOTIVE INC,0.973496
2021-06-01,77661,DHI,D R HORTON INC,0.97134
2021-06-01,79103,ORLY,O REILLY AUTOMOTIVE INC NEW,0.967872
2021-06-01,90550,DLB,DOLBY LABORATORIES INC,0.96348
2021-06-01,13901,MO,ALTRIA GROUP INC,0.96206
2021-06-01,83011,WSM,WILLIAMS SONOMA INC,0.949387
2021-06-01,13862,TMHC,TAYLOR MORRISON HOME CORP,0.94905
2021-06-01,79878,UFPI,U F P INDUSTRIES INC,0.947996
2021-06-01,82547,AEIS,ADVANCED ENERGY INDUSTRIES INC,0.925696
2021-06-01,22825,CMD,CANTEL MEDICAL CORP,0.925146
2021-06-01,76744,VRTX,VERTEX PHARMACEUTICALS INC,0.910644
2021-06-01,14479,IBP,INSTALLED BUILDING PRODUCTS INC,0.880797
2021-06-01,50948,SMTC,SEMTECH CORP,0.859323
2021-06-01,21371,CAH,CARDINAL HEALTH INC,0.798378
2021-06-01,84172,NUS,NU SKIN ENTERPRISES INC,0.780118
2021-06-01,89753,FORM,FORMFACTOR INC,0.776907
2021-06-01,86582,STL,STERLING BANCORP DEL,0.707982
2021-06-01,64186,CI,CIGNA CORP NEW,0.654631
2021-06-01,90319,GOOGL,ALPHABET INC,0.634034
2021-06-01,78664,DDD,3 D SYSTEMS CORP DEL,0.622638
2021-06-01,93312,SSNC,S S & C TECHNOLOGIES HLDGS INC,0.608397
2021-06-01,14008,AMGN,AMGEN INC,0.585618
2021-06-01,47941,TGNA,TEGNA INC,0.572214
2021-06-01,91658,AIMC,ALTRA INDUSTRIAL MOTION CORP,0.487481
2021-06-01,16290,FLGT,FULGENT GENETICS INC,0.462395
2021-06-01,15647,FLOW,S P X FLOW INC,0.42461
2021-06-01,10397,WERN,WERNER ENTERPRISES INC,0.327271
2021-06-01,38295,SPB,SPECTRUM BRANDS HOLDINGS INC NEW,0.326313
2021-06-01,83601,WOR,WORTHINGTON INDUSTRIES INC,0.186159
2021-06-01,49429,DDS,DILLARDS INC,0.021788
2021-06-01,11691,MATX,MATSON INC,0.013911
2021-06-01,17787,EQH,EQUITABLE HOLDINGS INC,-0.191712
2021-06-01,17036,CNNE,CANNAE HOLDINGS INC,-0.509298
2021-06-01,13947,BLUE,BLUEBIRD BIO INC,-0.516363
2021-06-01,87445,TDY,TELEDYNE TECHNOLOGIES,-0.620939
2021-06-01,82779,NVAX,NOVAVAX INC,-0.623048
2021-06-01,14811,FWONK,LIBERTY MEDIA CORP 3RD NEW,-0.707508
2021-06-01,14179,AR,ANTERO RESOURCES CORP,-0.73233
2021-06-01,26403,DIS,DISNEY WALT CO,-0.74612
2021-06-01,14295,TWTR,TWITTER INC,-0.75262
2021-06-01,16968,MDB,MONGODB INC,-0.756415
2021-06-01,14359,XNCR,XENCOR INC,-0.780557
2021-06-01,15454,GKOS,GLAUKOS CORP,-0.781431
2021-06-01,13739,BFAM,BRIGHT HORIZONS FAM SOL INC NEW,-0.798949
2021-06-01,88863,EXAS,EXACT SCIENCES CORP,-0.805773
2021-06-01,79839,ITRI,ITRON INC,-0.813245
2021-06-01,15729,PSTG,PURE STORAGE INC,-0.814758
2021-06-01,14136,RNG,RINGCENTRAL INC,-0.822914
2021-06-01,89031,AXON,AXON ENTERPRISE INC,-0.849495
2021-06-01,15272,SEDG,SOLAREDGE TECHNOLOGIES INC,-0.864863
2021-06-01,12639,CSOD,CORNERSTONE ONDEMAND INC,-0.870305
2021-06-01,91659,ALGT,ALLEGIANT TRAVEL CO,-0.878105
2021-06-01,76750,MNRO,MONRO INC,-0.883123
2021-06-01,83779,PEGA,PEGASYSTEMS INC,-0.886645
2021-06-01,14325,TNDM,TANDEM DIABETES CARE INC,-0.889529
2021-06-01,15351,FTAI,FORTRESS TRANS AND INFR INV LLC,-0.892752
2021-06-01,87430,KTOS,KRATOS DEFENSE & SECUR SOLS INC,-0.909412
2021-06-01,14516,QTWO,Q 2 HOLDINGS INC,-0.912608
2021-06-01,13527,FIVE,FIVE BELOW INC,-0.914786
2021-06-01,15627,PLNT,PLANET FITNESS INC,-0.914929
2021-06-01,90505,LVS,LAS VEGAS SANDS CORP,-0.92248
2021-06-01,14641,ZEN,ZENDESK INC,-0.935062
2021-06-01,90427,TXRH,TEXAS ROADHOUSE INC,-0.944871
2021-06-01,90188,NUVA,NUVASIVE INC,-0.954509
2021-06-01,14329,ARMK,ARAMARK,-0.96374
2021-06-01,93423,SIX,SIX FLAGS ENTERTAINMENT CORP,-0.967002
2021-06-01,90856,ATRC,ATRICURE INC,-0.969633
2021-06-01,19561,BA,BOEING CO,-0.969751
2021-06-01,14338,HLT,HILTON WORLDWIDE HOLDINGS INC,-0.973344
2021-06-01,89353,JBLU,JETBLUE AIRWAYS CORP,-0.987225
2021-06-01,91926,DAL,DELTA AIR LINES INC,-0.987554
2021-06-01,80191,ALB,ALBEMARLE CORP,-0.993513
2021-06-01,13860,SEAS,SEAWORLD ENTERTAINMENT INC,-0.993969
2021-06-01,80069,ARWR,ARROWHEAD PHARMACEUTICALS INC,-0.997796
2021-06-01,12503,NAV,NAVISTAR INTERNATIONAL CORP,-0.999543
2021-06-01,14044,AGIO,AGIOS PHARMACEUTICALS INC,-0.999637
2021-06-01,28804,ALK,ALASKA AIRGROUP INC,-0.999837
2021-06-01,10026,JJSF,J & J SNACK FOODS CORP,-1.0
2021-06-01,12360,PACB,PACIFIC BIOSCIENCES CALIF INC,-1.0
2021-06-01,12591,APO,APOLLO GLOBAL MANAGEMENT INC,-1.0
2021-06-01,13169,ZNGA,ZYNGA INC,-1.0
2021-06-01,13379,SPLK,SPLUNK INC,-1.0
2021-06-01,13511,PANW,PALO ALTO NETWORKS INC,-1.0
2021-06-01,13688,PCG,P G & E CORP,-1.0
2021-06-01,13704,NEO,NEOGENOMICS INC,-1.0
2021-06-01,13928,COP,CONOCOPHILLIPS,-1.0
2021-06-01,13962,NSTG,NANOSTRING TECHNOLOGIES INC,-1.0
2021-06-01,13967,PTCT,P T C THERAPEUTICS INC,-1.0
2021-06-01,14054,MRTX,MIRATI THERAPEUTICS INC,-1.0
2021-06-01,14159,FEYE,FIREEYE INC,-1.0
2021-06-01,14176,XLRN,ACCELERON PHARMA INC,-1.0
2021-06-01,14273,CHGG,CHEGG INC,-1.0
2021-06-01,14426,DRNA,DICERNA PHARMACEUTICALS INC,-1.0
2021-06-01,14432,ITCI,INTRA CELLULAR THERAPIES INC,-1.0
2021-06-01,14436,RARE,ULTRAGENYX PHARMACEUTICALS INC,-1.0
2021-06-01,14472,VRNS,VARONIS SYSTEMS INC,-1.0
2021-06-01,14596,FIVN,FIVE 9 INC,-1.0
2021-06-01,14782,TRUP,TRUPANION INC,-1.0
2021-06-01,14882,CZR,CAESARS ENTERTAINMENT INC DE,-1.0
2021-06-01,14988,LBRDK,LIBERTY BROADBAND CORP,-1.0
2021-06-01,15506,CYRX,CRYOPORT INC,-1.0
2021-06-01,15534,NTRA,NATERA INC,-1.0
2021-06-01,15541,RPD,RAPID7 INC,-1.0
2021-06-01,15649,MSGS,MADISON SQUARE GARD SPORTS CORP,-1.0
2021-06-01,15694,PEN,PENUMBRA INC,-1.0
2021-06-01,15831,AXSM,AXSOME THERAPEUTICS INC,-1.0
2021-06-01,16064,NTLA,INTELLIA THERAPEUTICS INC,-1.0
2021-06-01,16140,TWLO,TWILIO INC,-1.0
2021-06-01,16381,BL,BLACKLINE INC,-1.0
2021-06-01,16595,SNAP,SNAP INC,-1.0
2021-06-01,16649,OKTA,OKTA INC,-1.0
2021-06-01,17037,SAIL,SAILPOINT TECHNOLOGIES HLDGS INC,-1.0
2021-06-01,17104,APLS,APELLIS PHARMACEUTICALS INC,-1.0
2021-06-01,17341,ZS,ZSCALER INC,-1.0
2021-06-01,17342,DBX,DROPBOX INC,-1.0
2021-06-01,17700,CDAY,CERIDIAN H C M HOLDING INC,-1.0
2021-06-01,24328,EQT,E Q T CORP,-1.0
2021-06-01,32870,HRL,HORMEL FOODS CORP,-1.0
2021-06-01,40272,IFF,INTERNATIONAL FLAVORS & FRAG INC,-1.0
2021-06-01,58683,LUV,SOUTHWEST AIRLINES CO,-1.0
2021-06-01,63765,SWN,SOUTHWESTERN ENERGY CO,-1.0
2021-06-01,76661,IONS,IONIS PHARMACEUTICALS INC,-1.0
2021-06-01,80539,NKTR,NEKTAR THERAPEUTICS,-1.0
2021-06-01,82670,TGTX,T G THERAPEUTICS INC,-1.0
2021-06-01,84588,MTN,VAIL RESORTS INC,-1.0
2021-06-01,85002,SRPT,SAREPTA THERAPEUTICS INC,-1.0
2021-06-01,87337,PLUG,PLUG POWER INC,-1.0
2021-06-01,88351,INSM,INSMED INC,-1.0
2021-06-01,88421,ARNA,ARENA PHARMACEUTICALS INC,-1.0
2021-06-01,90178,ALNY,ALNYLAM PHARMACEUTICALS INC,-1.0
2021-06-01,90444,ORA,ORMAT TECHNOLOGIES INC,-1.0
2021-06-01,90808,EXPE,EXPEDIA GROUP INC,-1.0
2021-06-01,91041,LYV,LIVE NATION ENTERTAINMENT INC,-1.0
2021-06-01,91103,UAL,UNITED AIRLINES HOLDINGS INC,-1.0
2021-06-01,91152,TDG,TRANSDIGM GROUP INC,-1.0
2021-06-01,91237,VG,VONAGE HOLDINGS CORP,-1.0
2021-06-01,91594,SPR,SPIRIT AEROSYSTEMS HOLDINGS INC,-1.0
2021-06-01,93098,H,HYATT HOTELS CORP,-1.0
2021-07-01,10107,MSFT,MICROSOFT CORP,1.0
2021-07-01,11809,CLH,CLEAN HARBORS INC,1.0
2021-07-01,12062,LH,LABORATORY CORP AMERICA HLDGS,1.0
2021-07-01,12476,TRGP,TARGA RESOURCES CORP,1.0
2021-07-01,12622,HCA,H C A HEALTHCARE INC,1.0
2021-07-01,13407,FB,FACEBOOK INC,1.0
2021-07-01,13766,BCC,BOISE CASCADE CO,1.0
2021-07-01,13788,ZTS,ZOETIS INC,1.0
2021-07-01,13837,EVTC,EVERTEC INC,1.0
2021-07-01,14593,AAPL,APPLE INC,1.0
2021-07-01,14702,AMAT,APPLIED MATERIALS INC,1.0
2021-07-01,14716,CCS,CENTURY COMMUNITIES INC,1.0
2021-07-01,15579,TXN,TEXAS INSTRUMENTS INC,1.0
2021-07-01,16119,ATKR,ATKORE INC,1.0
2021-07-01,16268,HOME,AT HOME GROUP INC,1.0
2021-07-01,16554,JELD,JELD WEN HOLDING INC,1.0
2021-07-01,17929,UGI,U G I CORP NEW,1.0
2021-07-01,20482,ABT,ABBOTT LABORATORIES,1.0
2021-07-01,25953,DOV,DOVER CORP,1.0
2021-07-01,42200,PKI,PERKINELMER INC,1.0
2021-07-01,46886,KLAC,K L A CORP,1.0
2021-07-01,49154,TGT,TARGET CORP,1.0
2021-07-01,49680,DHR,DANAHER CORP,1.0
2021-07-01,52716,HRC,HILL ROM HOLDINGS INC,1.0
2021-07-01,56223,LPX,LOUISIANA PACIFIC CORP,1.0
2021-07-01,61313,DCI,DONALDSON INC,1.0
2021-07-01,62092,TMO,THERMO FISHER SCIENTIFIC INC,1.0
2021-07-01,62498,WST,WEST PHARMACEUTICAL SERVICES INC,1.0
2021-07-01,64194,CHE,CHEMED CORP NEW,1.0
2021-07-01,75510,ADBE,ADOBE INC,1.0
2021-07-01,76076,CSCO,CISCO SYSTEMS INC,1.0
2021-07-01,76095,HOLX,HOLOGIC INC,1.0
2021-07-01,76709,IDXX,I D E X X LABORATORIES INC,1.0
2021-07-01,76795,ZBRA,ZEBRA TECHNOLOGIES CORP,1.0
2021-07-01,79103,ORLY,O REILLY AUTOMOTIVE INC NEW,1.0
2021-07-01,82547,AEIS,ADVANCED ENERGY INDUSTRIES INC,1.0
2021-07-01,82651,WAT,WATERS CORP,1.0
2021-07-01,82800,SCCO,SOUTHERN COPPER CORP,1.0
2021-07-01,83916,TTEC,T T E C HOLDINGS INC,1.0
2021-07-01,84373,DGX,QUEST DIAGNOSTICS INC,1.0
2021-07-01,85621,MTD,METTLER TOLEDO INTERNATIONAL INC,1.0
2021-07-01,86047,AMKR,AMKOR TECHNOLOGY INC,1.0
2021-07-01,86158,CTSH,COGNIZANT TECHNOLOGY SOLS CORP,1.0
2021-07-01,87432,A,AGILENT TECHNOLOGIES INC,1.0
2021-07-01,88504,BRKR,BRUKER CORP,1.0
2021-07-01,90319,GOOGL,ALPHABET INC,1.0
2021-07-01,91531,OC,OWENS CORNING NEW,1.0
2021-07-01,92602,PM,PHILIP MORRIS INTERNATIONAL INC,1.0
2021-07-01,92655,UNH,UNITEDHEALTH GROUP INC,1.0
2021-07-01,93035,SEM,SELECT MEDICAL HOLDINGS CORP,1.0
2021-07-01,14406,ESI,ELEMENT SOLUTIONS INC,0.999568
2021-07-01,48653,HUM,HUMANA INC,0.995905
2021-07-01,85914,BBY,BEST BUY COMPANY INC,0.995195
2021-07-01,13802,APAM,ARTISAN PARTNERS ASSET MGMT INC,0.990905
2021-07-01,66181,HD,HOME DEPOT INC,0.990413
2021-07-01,49429,DDS,DILLARDS INC,0.989329
2021-07-01,68196,SEIC,S E I INVESTMENTS CO,0.982593
2021-07-01,80575,SSD,SIMPSON MANUFACTURING CO INC,0.982156
2021-07-01,18163,PG,PROCTER & GAMBLE CO,0.981756
2021-07-01,90037,HTH,HILLTOP HOLDINGS INC,0.979808
2021-07-01,80864,RS,RELIANCE STEEL & ALUMINUM CO,0.976741
2021-07-01,10874,BC,BRUNSWICK CORP,0.974465
2021-07-01,91575,HRI,HERC HOLDINGS INC,0.974348
2021-07-01,93374,FAF,FIRST AMERICAN FINL CORP NEW,0.973601
2021-07-01,90550,DLB,DOLBY LABORATORIES INC,0.970884
2021-07-01,89866,LKQ,L K Q CORP,0.965852
2021-07-01,37568,FELE,FRANKLIN ELECTRIC INC,0.961016
2021-07-01,91277,QRTEA,QURATE RETAIL INC,0.960377
2021-07-01,62148,CSX,C S X CORP,0.957905
2021-07-01,80128,VMI,VALMONT INDUSTRIES INC,0.953868
2021-07-01,12981,FBHS,FORTUNE BRANDS HOME & SECUR INC,0.951188
2021-07-01,13901,MO,ALTRIA GROUP INC,0.948625
2021-07-01,29209,ARW,ARROW ELECTRONICS INC,0.945978
2021-07-01,86778,MKSI,M K S INSTRUMENTS INC,0.945382
2021-07-01,93330,PRI,PRIMERICA INC,0.944081
2021-07-01,85427,GPI,GROUP 1 AUTOMOTIVE INC,0.942666
2021-07-01,50948,SMTC,SEMTECH CORP,0.938433
2021-07-01,85792,PWR,QUANTA SERVICES INC,0.937801
2021-07-01,76573,MLI,MUELLER INDUSTRIES INC,0.935428
2021-07-01,65307,RPM,R P M INTERNATIONAL INC,0.93504
2021-07-01,76282,AN,AUTONATION INC DEL,0.928323
2021-07-01,58771,RBC,REGAL BELOIT CORP,0.924384
2021-07-01,77661,DHI,D R HORTON INC,0.921184
2021-07-01,79637,UHS,UNIVERSAL HEALTH SERVICES INC,0.918448
2021-07-01,77520,AGCO,A G C O CORP,0.917997
2021-07-01,90520,CE,CELANESE CORP DEL,0.916285
2021-07-01,77496,MHK,MOHAWK INDUSTRIES INC,0.912233
2021-07-01,83011,WSM,WILLIAMS SONOMA INC,0.894001
2021-07-01,13748,TPH,TRI POINTE HOMES INC,0.88847
2021-07-01,79878,UFPI,U F P INDUSTRIES INC,0.886239
2021-07-01,76744,VRTX,VERTEX PHARMACEUTICALS INC,0.880086
2021-07-01,89971,TPX,TEMPUR SEALY INTERNATIONAL INC,0.874888
2021-07-01,75342,MTH,MERITAGE HOMES CORP,0.873777
2021-07-01,13862,TMHC,TAYLOR MORRISON HOME CORP,0.846516
2021-07-01,78664,DDD,3 D SYSTEMS CORP DEL,0.846201
2021-07-01,21371,CAH,CARDINAL HEALTH INC,0.819888
2021-07-01,89753,FORM,FORMFACTOR INC,0.803572
2021-07-01,84172,NUS,NU SKIN ENTERPRISES INC,0.734599
2021-07-01,64186,CI,CIGNA CORP NEW,0.601968
2021-07-01,14008,AMGN,AMGEN INC,0.599915
2021-07-01,93312,SSNC,S S & C TECHNOLOGIES HLDGS INC,0.593487
2021-07-01,16290,FLGT,FULGENT GENETICS INC,0.57576
2021-07-01,89179,ANTM,ANTHEM INC,0.5205
2021-07-01,91658,AIMC,ALTRA INDUSTRIAL MOTION CORP,0.483122
2021-07-01,39490,APA,A P A CORP,0.457614
2021-07-01,15647,FLOW,S P X FLOW INC,0.404201
2021-07-01,38295,SPB,SPECTRUM BRANDS HOLDINGS INC NEW,0.312178
2021-07-01,10397,WERN,WERNER ENTERPRISES INC,0.303606
2021-07-01,80054,MED,MEDIFAST INC,0.193112
2021-07-01,83601,WOR,WORTHINGTON INDUSTRIES INC,0.172367
2021-07-01,11691,MATX,MATSON INC,0.013771
2021-07-01,17787,EQH,EQUITABLE HOLDINGS INC,-0.183862
2021-07-01,92143,PRO,P R O S HOLDINGS INC,-0.232086
2021-07-01,26403,DIS,DISNEY WALT CO,-0.429967
2021-07-01,83779,PEGA,PEGASYSTEMS INC,-0.472057
2021-07-01,76750,MNRO,MONRO INC,-0.480826
2021-07-01,17036,CNNE,CANNAE HOLDINGS INC,-0.481736
2021-07-01,13947,BLUE,BLUEBIRD BIO INC,-0.53063
2021-07-01,87445,TDY,TELEDYNE TECHNOLOGIES,-0.619989
2021-07-01,14359,XNCR,XENCOR INC,-0.699981
2021-07-01,14811,FWONK,LIBERTY MEDIA CORP 3RD NEW,-0.763915
2021-07-01,91659,ALGT,ALLEGIANT TRAVEL CO,-0.769221
2021-07-01,89353,JBLU,JETBLUE AIRWAYS CORP,-0.824157
2021-07-01,15729,PSTG,PURE STORAGE INC,-0.835284
2021-07-01,90505,LVS,LAS VEGAS SANDS CORP,-0.84165
2021-07-01,13739,BFAM,BRIGHT HORIZONS FAM SOL INC NEW,-0.850271
2021-07-01,14179,AR,ANTERO RESOURCES CORP,-0.852586
2021-07-01,79839,ITRI,ITRON INC,-0.852731
2021-07-01,58683,LUV,SOUTHWEST AIRLINES CO,-0.86381
2021-07-01,28804,ALK,ALASKA AIRGROUP INC,-0.871386
2021-07-01,14295,TWTR,TWITTER INC,-0.89289
2021-07-01,91926,DAL,DELTA AIR LINES INC,-0.896002
2021-07-01,91103,UAL,UNITED AIRLINES HOLDINGS INC,-0.89614
2021-07-01,15454,GKOS,GLAUKOS CORP,-0.900905
2021-07-01,90427,TXRH,TEXAS ROADHOUSE INC,-0.902554
2021-07-01,14159,FEYE,FIREEYE INC,-0.903885
2021-07-01,88863,EXAS,EXACT SCIENCES CORP,-0.906227
2021-07-01,14136,RNG,RINGCENTRAL INC,-0.911043
2021-07-01,93423,SIX,SIX FLAGS ENTERTAINMENT CORP,-0.921234
2021-07-01,15272,SEDG,SOLAREDGE TECHNOLOGIES INC,-0.926403
2021-07-01,15649,MSGS,MADISON SQUARE GARD SPORTS CORP,-0.932605
2021-07-01,16968,MDB,MONGODB INC,-0.936694
2021-07-01,14436,RARE,ULTRAGENYX PHARMACEUTICALS INC,-0.937465
2021-07-01,19561,BA,BOEING CO,-0.940461
2021-07-01,10158,AMRC,AMERESCO INC,-0.94912
2021-07-01,80539,NKTR,NEKTAR THERAPEUTICS,-0.949636
2021-07-01,91594,SPR,SPIRIT AEROSYSTEMS HOLDINGS INC,-0.959136
2021-07-01,14329,ARMK,ARAMARK,-0.961156
2021-07-01,13169,ZNGA,ZYNGA INC,-0.980623
2021-07-01,32870,HRL,HORMEL FOODS CORP,-0.983721
2021-07-01,14516,QTWO,Q 2 HOLDINGS INC,-0.986148
2021-07-01,14641,ZEN,ZENDESK INC,-0.987607
2021-07-01,14044,AGIO,AGIOS PHARMACEUTICALS INC,-0.987625
2021-07-01,10026,JJSF,J & J SNACK FOODS CORP,-0.996968
2021-07-01,91152,TDG,TRANSDIGM GROUP INC,-0.997607
2021-07-01,12360,PACB,PACIFIC BIOSCIENCES CALIF INC,-1.0
2021-07-01,12591,APO,APOLLO GLOBAL MANAGEMENT INC,-1.0
2021-07-01,12639,CSOD,CORNERSTONE ONDEMAND INC,-1.0
2021-07-01,13379,SPLK,SPLUNK INC,-1.0
2021-07-01,13511,PANW,PALO ALTO NETWORKS INC,-1.0
2021-07-01,13688,PCG,P G & E CORP,-1.0
2021-07-01,13704,NEO,NEOGENOMICS INC,-1.0
2021-07-01,13860,SEAS,SEAWORLD ENTERTAINMENT INC,-1.0
2021-07-01,13962,NSTG,NANOSTRING TECHNOLOGIES INC,-1.0
2021-07-01,13967,PTCT,P T C THERAPEUTICS INC,-1.0
2021-07-01,14054,MRTX,MIRATI THERAPEUTICS INC,-1.0
2021-07-01,14176,XLRN,ACCELERON PHARMA INC,-1.0
2021-07-01,14273,CHGG,CHEGG INC,-1.0
2021-07-01,14325,TNDM,TANDEM DIABETES CARE INC,-1.0
2021-07-01,14338,HLT,HILTON WORLDWIDE HOLDINGS INC,-1.0
2021-07-01,14426,DRNA,DICERNA PHARMACEUTICALS INC,-1.0
2021-07-01,14432,ITCI,INTRA CELLULAR THERAPIES INC,-1.0
2021-07-01,14472,VRNS,VARONIS SYSTEMS INC,-1.0
2021-07-01,14596,FIVN,FIVE 9 INC,-1.0
2021-07-01,14782,TRUP,TRUPANION INC,-1.0
2021-07-01,14882,CZR,CAESARS ENTERTAINMENT INC DE,-1.0
2021-07-01,14988,LBRDK,LIBERTY BROADBAND CORP,-1.0
2021-07-01,15067,FRPT,FRESHPET INC,-1.0
2021-07-01,15108,NEWR,NEW RELIC INC,-1.0
2021-07-01,15167,SHAK,SHAKE SHACK INC,-1.0
2021-07-01,15351,FTAI,FORTRESS TRANS AND INFR INV LLC,-1.0
2021-07-01,15506,CYRX,CRYOPORT INC,-1.0
2021-07-01,15534,NTRA,NATERA INC,-1.0
2021-07-01,15541,RPD,RAPID7 INC,-1.0
2021-07-01,15627,PLNT,PLANET FITNESS INC,-1.0
2021-07-01,15694,PEN,PENUMBRA INC,-1.0
2021-07-01,15831,AXSM,AXSOME THERAPEUTICS INC,-1.0
2021-07-01,16064,NTLA,INTELLIA THERAPEUTICS INC,-1.0
2021-07-01,16140,TWLO,TWILIO INC,-1.0
2021-07-01,16263,PTGX,PROTAGONIST THERAPEUTICS INC,-1.0
2021-07-01,16381,BL,BLACKLINE INC,-1.0
2021-07-01,16382,COUP,COUPA SOFTWARE INC,-1.0
2021-07-01,16595,SNAP,SNAP INC,-1.0
2021-07-01,16649,OKTA,OKTA INC,-1.0
2021-07-01,16678,KR,KROGER CO,-1.0
2021-07-01,17037,SAIL,SAILPOINT TECHNOLOGIES HLDGS INC,-1.0
2021-07-01,17104,APLS,APELLIS PHARMACEUTICALS INC,-1.0
2021-07-01,17341,ZS,ZSCALER INC,-1.0
2021-07-01,17342,DBX,DROPBOX INC,-1.0
2021-07-01,17700,CDAY,CERIDIAN H C M HOLDING INC,-1.0
2021-07-01,24328,EQT,E Q T CORP,-1.0
2021-07-01,40272,IFF,INTERNATIONAL FLAVORS & FRAG INC,-1.0
2021-07-01,63765,SWN,SOUTHWESTERN ENERGY CO,-1.0
2021-07-01,76661,IONS,IONIS PHARMACEUTICALS INC,-1.0
2021-07-01,80069,ARWR,ARROWHEAD PHARMACEUTICALS INC,-1.0
2021-07-01,82670,TGTX,T G THERAPEUTICS INC,-1.0
2021-07-01,85002,SRPT,SAREPTA THERAPEUTICS INC,-1.0
2021-07-01,87337,PLUG,PLUG POWER INC,-1.0
2021-07-01,87430,KTOS,KRATOS DEFENSE & SECUR SOLS INC,-1.0
2021-07-01,88351,INSM,INSMED INC,-1.0
2021-07-01,88421,ARNA,ARENA PHARMACEUTICALS INC,-1.0
2021-07-01,89031,AXON,AXON ENTERPRISE INC,-1.0
2021-07-01,90178,ALNY,ALNYLAM PHARMACEUTICALS INC,-1.0
2021-07-01,90444,ORA,ORMAT TECHNOLOGIES INC,-1.0
2021-07-01,90808,EXPE,EXPEDIA GROUP INC,-1.0
2021-07-01,90856,ATRC,ATRICURE INC,-1.0
2021-07-01,91041,LYV,LIVE NATION ENTERTAINMENT INC,-1.0
2021-07-01,91237,VG,VONAGE HOLDINGS CORP,-1.0
2021-07-01,93098,H,HYATT HOTELS CORP,-1.0
2021-08-01,10107,MSFT,MICROSOFT CORP,1.0
2021-08-01,10874,BC,BRUNSWICK CORP,1.0
2021-08-01,11809,CLH,CLEAN HARBORS INC,1.0
2021-08-01,12062,LH,LABORATORY CORP AMERICA HLDGS,1.0
2021-08-01,12622,HCA,H C A HEALTHCARE INC,1.0
2021-08-01,13407,FB,FACEBOOK INC,1.0
2021-08-01,13766,BCC,BOISE CASCADE CO,1.0
2021-08-01,13788,ZTS,ZOETIS INC,1.0
2021-08-01,13837,EVTC,EVERTEC INC,1.0
2021-08-01,14593,AAPL,APPLE INC,1.0
2021-08-01,14716,CCS,CENTURY COMMUNITIES INC,1.0
2021-08-01,16119,ATKR,ATKORE INC,1.0
2021-08-01,16434,GOLF,ACUSHNET HOLDINGS CORP,1.0
2021-08-01,16554,JELD,JELD WEN HOLDING INC,1.0
2021-08-01,17929,UGI,U G I CORP NEW,1.0
2021-08-01,18163,PG,PROCTER & GAMBLE CO,1.0
2021-08-01,20482,ABT,ABBOTT LABORATORIES,1.0
2021-08-01,22111,JNJ,JOHNSON & JOHNSON,1.0
2021-08-01,25953,DOV,DOVER CORP,1.0
2021-08-01,39490,APA,A P A CORP,1.0
2021-08-01,46886,KLAC,K L A CORP,1.0
2021-08-01,48725,UNP,UNION PACIFIC CORP,1.0
2021-08-01,49154,TGT,TARGET CORP,1.0
2021-08-01,49429,DDS,DILLARDS INC,1.0
2021-08-01,49680,DHR,DANAHER CORP,1.0
2021-08-01,56223,LPX,LOUISIANA PACIFIC CORP,1.0
2021-08-01,61313,DCI,DONALDSON INC,1.0
2021-08-01,62033,RAVN,RAVEN INDUSTRIES INC,1.0
2021-08-01,62092,TMO,THERMO FISHER SCIENTIFIC INC,1.0
2021-08-01,62498,WST,WEST PHARMACEUTICAL SERVICES INC,1.0
2021-08-01,64194,CHE,CHEMED CORP NEW,1.0
2021-08-01,66181,HD,HOME DEPOT INC,1.0
2021-08-01,68196,SEIC,S E I INVESTMENTS CO,1.0
2021-08-01,75510,ADBE,ADOBE INC,1.0
2021-08-01,76076,CSCO,CISCO SYSTEMS INC,1.0
2021-08-01,76095,HOLX,HOLOGIC INC,1.0
2021-08-01,76282,AN,AUTONATION INC DEL,1.0
2021-08-01,76709,IDXX,I D E X X LABORATORIES INC,1.0
2021-08-01,76795,ZBRA,ZEBRA TECHNOLOGIES CORP,1.0
2021-08-01,77496,MHK,MOHAWK INDUSTRIES INC,1.0
2021-08-01,79103,ORLY,O REILLY AUTOMOTIVE INC NEW,1.0
2021-08-01,79637,UHS,UNIVERSAL HEALTH SERVICES INC,1.0
2021-08-01,80575,SSD,SIMPSON MANUFACTURING CO INC,1.0
2021-08-01,80864,RS,RELIANCE STEEL & ALUMINUM CO,1.0
2021-08-01,82651,WAT,WATERS CORP,1.0
2021-08-01,82800,SCCO,SOUTHERN COPPER CORP,1.0
2021-08-01,83422,SYKE,SYKES ENTERPRISES INC,1.0
2021-08-01,83916,TTEC,T T E C HOLDINGS INC,1.0
2021-08-01,84373,DGX,QUEST DIAGNOSTICS INC,1.0
2021-08-01,85035,QRVO,QORVO INC,1.0
2021-08-01,85427,GPI,GROUP 1 AUTOMOTIVE INC,1.0
2021-08-01,85621,MTD,METTLER TOLEDO INTERNATIONAL INC,1.0
2021-08-01,86047,AMKR,AMKOR TECHNOLOGY INC,1.0
2021-08-01,86158,CTSH,COGNIZANT TECHNOLOGY SOLS CORP,1.0
2021-08-01,86778,MKSI,M K S INSTRUMENTS INC,1.0
2021-08-01,87432,A,AGILENT TECHNOLOGIES INC,1.0
2021-08-01,88504,BRKR,BRUKER CORP,1.0
2021-08-01,89455,RUSHA,RUSH ENTERPRISES INC,1.0
2021-08-01,89866,LKQ,L K Q CORP,1.0
2021-08-01,90319,GOOGL,ALPHABET INC,1.0
2021-08-01,91575,HRI,HERC HOLDINGS INC,1.0
2021-08-01,92402,MSCI,M S C I INC,1.0
2021-08-01,92602,PM,PHILIP MORRIS INTERNATIONAL INC,1.0
2021-08-01,92655,UNH,UNITEDHEALTH GROUP INC,1.0
2021-08-01,93035,SEM,SELECT MEDICAL HOLDINGS CORP,1.0
2021-08-01,93330,PRI,PRIMERICA INC,1.0
2021-08-01,93374,FAF,FIRST AMERICAN FINL CORP NEW,1.0
2021-08-01,13748,TPH,TRI POINTE HOMES INC,0.999968
2021-08-01,14406,ESI,ELEMENT SOLUTIONS INC,0.999965
2021-08-01,15579,TXN,TEXAS INSTRUMENTS INC,0.996644
2021-08-01,29209,ARW,ARROW ELECTRONICS INC,0.98534
2021-08-01,91531,OC,OWENS CORNING NEW,0.984943
2021-08-01,14702,AMAT,APPLIED MATERIALS INC,0.982623
2021-08-01,37568,FELE,FRANKLIN ELECTRIC INC,0.974575
2021-08-01,85914,BBY,BEST BUY COMPANY INC,0.9724
2021-08-01,89971,TPX,TEMPUR SEALY INTERNATIONAL INC,0.965944
2021-08-01,62148,CSX,C S X CORP,0.965041
2021-08-01,90550,DLB,DOLBY LABORATORIES INC,0.9591
2021-08-01,80128,VMI,VALMONT INDUSTRIES INC,0.957476
2021-08-01,13901,MO,ALTRIA GROUP INC,0.955758
2021-08-01,12476,TRGP,TARGA RESOURCES CORP,0.951739
2021-08-01,90520,CE,CELANESE CORP DEL,0.94565
2021-08-01,13802,APAM,ARTISAN PARTNERS ASSET MGMT INC,0.937644
2021-08-01,76573,MLI,MUELLER INDUSTRIES INC,0.937343
2021-08-01,12981,FBHS,FORTUNE BRANDS HOME & SECUR INC,0.930723
2021-08-01,77520,AGCO,A G C O CORP,0.930149
2021-08-01,82547,AEIS,ADVANCED ENERGY INDUSTRIES INC,0.920473
2021-08-01,65307,RPM,R P M INTERNATIONAL INC,0.91687
2021-08-01,79878,UFPI,U F P INDUSTRIES INC,0.885258
2021-08-01,76744,VRTX,VERTEX PHARMACEUTICALS INC,0.879841
2021-08-01,91277,QRTEA,QURATE RETAIL INC,0.870105
2021-08-01,13862,TMHC,TAYLOR MORRISON HOME CORP,0.859306
2021-08-01,21371,CAH,CARDINAL HEALTH INC,0.852749
2021-08-01,83011,WSM,WILLIAMS SONOMA INC,0.852702
2021-08-01,50948,SMTC,SEMTECH CORP,0.844424
2021-08-01,89753,FORM,FORMFACTOR INC,0.821179
2021-08-01,84172,NUS,NU SKIN ENTERPRISES INC,0.696193
2021-08-01,14008,AMGN,AMGEN INC,0.594457
2021-08-01,78664,DDD,3 D SYSTEMS CORP DEL,0.58302
2021-08-01,64186,CI,CIGNA CORP NEW,0.582702
2021-08-01,16290,FLGT,FULGENT GENETICS INC,0.575867
2021-08-01,89179,ANTM,ANTHEM INC,0.523496
2021-08-01,21936,PFE,PFIZER INC,0.452607
2021-08-01,58771,RBC,REGAL BELOIT CORP,0.386316
2021-08-01,77661,DHI,D R HORTON INC,0.359431
2021-08-01,38295,SPB,SPECTRUM BRANDS HOLDINGS INC NEW,0.320649
2021-08-01,10397,WERN,WERNER ENTERPRISES INC,0.312551
2021-08-01,80054,MED,MEDIFAST INC,0.194832
2021-08-01,83976,ANF,ABERCROMBIE & FITCH CO,0.187281
2021-08-01,83601,WOR,WORTHINGTON INDUSTRIES INC,0.180222
2021-08-01,11691,MATX,MATSON INC,0.014442
2021-08-01,12307,AMRS,AMYRIS INC,-0.042707
2021-08-01,17787,EQH,EQUITABLE HOLDINGS INC,-0.186392
2021-08-01,26403,DIS,DISNEY WALT CO,-0.430565
2021-08-01,17036,CNNE,CANNAE HOLDINGS INC,-0.472345
2021-08-01,14580,MGNI,MAGNITE INC,-0.484396
2021-08-01,14295,TWTR,TWITTER INC,-0.530277
2021-08-01,15454,GKOS,GLAUKOS CORP,-0.541598
2021-08-01,90248,DPZ,DOMINOS PIZZA INC,-0.600172
2021-08-01,87445,TDY,TELEDYNE TECHNOLOGIES,-0.670211
2021-08-01,90505,LVS,LAS VEGAS SANDS CORP,-0.676457
2021-08-01,89353,JBLU,JETBLUE AIRWAYS CORP,-0.726392
2021-08-01,14811,FWONK,LIBERTY MEDIA CORP 3RD NEW,-0.743609
2021-08-01,91659,ALGT,ALLEGIANT TRAVEL CO,-0.753813
2021-08-01,17855,AVLR,AVALARA INC,-0.768159
2021-08-01,14179,AR,ANTERO RESOURCES CORP,-0.771442
2021-08-01,14436,RARE,ULTRAGENYX PHARMACEUTICALS INC,-0.784846
2021-08-01,88863,EXAS,EXACT SCIENCES CORP,-0.786132
2021-08-01,87337,PLUG,PLUG POWER INC,-0.797863
2021-08-01,10026,JJSF,J & J SNACK FOODS CORP,-0.821308
2021-08-01,58683,LUV,SOUTHWEST AIRLINES CO,-0.821968
2021-08-01,91926,DAL,DELTA AIR LINES INC,-0.826382
2021-08-01,15729,PSTG,PURE STORAGE INC,-0.834831
2021-08-01,80069,ARWR,ARROWHEAD PHARMACEUTICALS INC,-0.836603
2021-08-01,28804,ALK,ALASKA AIRGROUP INC,-0.838416
2021-08-01,14044,AGIO,AGIOS PHARMACEUTICALS INC,-0.861789
2021-08-01,15272,SEDG,SOLAREDGE TECHNOLOGIES INC,-0.869758
2021-08-01,80539,NKTR,NEKTAR THERAPEUTICS,-0.87379
2021-08-01,16064,NTLA,INTELLIA THERAPEUTICS INC,-0.876073
2021-08-01,15649,MSGS,MADISON SQUARE GARD SPORTS CORP,-0.879453
2021-08-01,93423,SIX,SIX FLAGS ENTERTAINMENT CORP,-0.884382
2021-08-01,19561,BA,BOEING CO,-0.889083
2021-08-01,14641,ZEN,ZENDESK INC,-0.893085
2021-08-01,15067,FRPT,FRESHPET INC,-0.898656
2021-08-01,14159,FEYE,FIREEYE INC,-0.902963
2021-08-01,14329,ARMK,ARAMARK,-0.906424
2021-08-01,12639,CSOD,CORNERSTONE ONDEMAND INC,-0.929399
2021-08-01,16968,MDB,MONGODB INC,-0.929928
2021-08-01,13169,ZNGA,ZYNGA INC,-0.9317
2021-08-01,12591,APO,APOLLO GLOBAL MANAGEMENT INC,-0.946271
2021-08-01,10258,CLDX,CELLDEX THERAPEUTICS INC,-0.951392
2021-08-01,87430,KTOS,KRATOS DEFENSE & SECUR SOLS INC,-0.95469
2021-08-01,32870,HRL,HORMEL FOODS CORP,-0.960401
2021-08-01,15694,PEN,PENUMBRA INC,-0.971399
2021-08-01,15506,CYRX,CRYOPORT INC,-0.978099
2021-08-01,13379,SPLK,SPLUNK INC,-0.981986
2021-08-01,91237,VG,VONAGE HOLDINGS CORP,-0.98956
2021-08-01,14516,QTWO,Q 2 HOLDINGS INC,-0.993135
2021-08-01,15627,PLNT,PLANET FITNESS INC,-0.999703
2021-08-01,10158,AMRC,AMERESCO INC,-1.0
2021-08-01,12360,PACB,PACIFIC BIOSCIENCES CALIF INC,-1.0
2021-08-01,13511,PANW,PALO ALTO NETWORKS INC,-1.0
2021-08-01,13688,PCG,P G & E CORP,-1.0
2021-08-01,13704,NEO,NEOGENOMICS INC,-1.0
2021-08-01,13739,BFAM,BRIGHT HORIZONS FAM SOL INC NEW,-1.0
2021-08-01,13860,SEAS,SEAWORLD ENTERTAINMENT INC,-1.0
2021-08-01,13962,NSTG,NANOSTRING TECHNOLOGIES INC,-1.0
2021-08-01,13967,PTCT,P T C THERAPEUTICS INC,-1.0
2021-08-01,14054,MRTX,MIRATI THERAPEUTICS INC,-1.0
2021-08-01,14136,RNG,RINGCENTRAL INC,-1.0
2021-08-01,14176,XLRN,ACCELERON PHARMA INC,-1.0
2021-08-01,14273,CHGG,CHEGG INC,-1.0
2021-08-01,14325,TNDM,TANDEM DIABETES CARE INC,-1.0
2021-08-01,14338,HLT,HILTON WORLDWIDE HOLDINGS INC,-1.0
2021-08-01,14426,DRNA,DICERNA PHARMACEUTICALS INC,-1.0
2021-08-01,14432,ITCI,INTRA CELLULAR THERAPIES INC,-1.0
2021-08-01,14472,VRNS,VARONIS SYSTEMS INC,-1.0
2021-08-01,14596,FIVN,FIVE 9 INC,-1.0
2021-08-01,14782,TRUP,TRUPANION INC,-1.0
2021-08-01,14882,CZR,CAESARS ENTERTAINMENT INC DE,-1.0
2021-08-01,14988,LBRDK,LIBERTY BROADBAND CORP,-1.0
2021-08-01,15108,NEWR,NEW RELIC INC,-1.0
2021-08-01,15145,BOX,BOX INC,-1.0
2021-08-01,15167,SHAK,SHAKE SHACK INC,-1.0
2021-08-01,15351,FTAI,FORTRESS TRANS AND INFR INV LLC,-1.0
2021-08-01,15534,NTRA,NATERA INC,-1.0
2021-08-01,15541,RPD,RAPID7 INC,-1.0
2021-08-01,16140,TWLO,TWILIO INC,-1.0
2021-08-01,16263,PTGX,PROTAGONIST THERAPEUTICS INC,-1.0
2021-08-01,16381,BL,BLACKLINE INC,-1.0
2021-08-01,16382,COUP,COUPA SOFTWARE INC,-1.0
2021-08-01,16595,SNAP,SNAP INC,-1.0
2021-08-01,16649,OKTA,OKTA INC,-1.0
2021-08-01,16678,KR,KROGER CO,-1.0
2021-08-01,17037,SAIL,SAILPOINT TECHNOLOGIES HLDGS INC,-1.0
2021-08-01,17104,APLS,APELLIS PHARMACEUTICALS INC,-1.0
2021-08-01,17341,ZS,ZSCALER INC,-1.0
2021-08-01,17342,DBX,DROPBOX INC,-1.0
2021-08-01,17367,LPRO,OPEN LENDING CORP,-1.0
2021-08-01,17700,CDAY,CERIDIAN H C M HOLDING INC,-1.0
2021-08-01,17948,ALLK,ALLAKOS INC,-1.0
2021-08-01,17987,VRT,VERTIV HOLDINGS CO,-1.0
2021-08-01,24328,EQT,E Q T CORP,-1.0
2021-08-01,40272,IFF,INTERNATIONAL FLAVORS & FRAG INC,-1.0
2021-08-01,76661,IONS,IONIS PHARMACEUTICALS INC,-1.0
2021-08-01,79839,ITRI,ITRON INC,-1.0
2021-08-01,82670,TGTX,T G THERAPEUTICS INC,-1.0
2021-08-01,85002,SRPT,SAREPTA THERAPEUTICS INC,-1.0
2021-08-01,86799,CNX,C N X RESOURCES CORP,-1.0
2021-08-01,88351,INSM,INSMED INC,-1.0
2021-08-01,88421,ARNA,ARENA PHARMACEUTICALS INC,-1.0
2021-08-01,89031,AXON,AXON ENTERPRISE INC,-1.0
2021-08-01,90178,ALNY,ALNYLAM PHARMACEUTICALS INC,-1.0
2021-08-01,90444,ORA,ORMAT TECHNOLOGIES INC,-1.0
2021-08-01,90808,EXPE,EXPEDIA GROUP INC,-1.0
2021-08-01,90856,ATRC,ATRICURE INC,-1.0
2021-08-01,91041,LYV,LIVE NATION ENTERTAINMENT INC,-1.0
2021-08-01,91103,UAL,UNITED AIRLINES HOLDINGS INC,-1.0
2021-08-01,91152,TDG,TRANSDIGM GROUP INC,-1.0
2021-08-01,91594,SPR,SPIRIT AEROSYSTEMS HOLDINGS INC,-1.0
2021-08-01,93098,H,HYATT HOTELS CORP,-1.0
2021-09-01,10107,MSFT,MICROSOFT CORP,1.0
2021-09-01,11809,CLH,CLEAN HARBORS INC,1.0
2021-09-01,12062,LH,LABORATORY CORP AMERICA HLDGS,1.0
2021-09-01,12622,HCA,H C A HEALTHCARE INC,1.0
2021-09-01,13407,FB,FACEBOOK INC,1.0
2021-09-01,13766,BCC,BOISE CASCADE CO,1.0
2021-09-01,13788,ZTS,ZOETIS INC,1.0
2021-09-01,13802,APAM,ARTISAN PARTNERS ASSET MGMT INC,1.0
2021-09-01,13837,EVTC,EVERTEC INC,1.0
2021-09-01,14593,AAPL,APPLE INC,1.0
2021-09-01,14716,CCS,CENTURY COMMUNITIES INC,1.0
2021-09-01,16119,ATKR,ATKORE INC,1.0
2021-09-01,16554,JELD,JELD WEN HOLDING INC,1.0
2021-09-01,17929,UGI,U G I CORP NEW,1.0
2021-09-01,18163,PG,PROCTER & GAMBLE CO,1.0
2021-09-01,20204,CR,CRANE CO,1.0
2021-09-01,20482,ABT,ABBOTT LABORATORIES,1.0
2021-09-01,22111,JNJ,JOHNSON & JOHNSON,1.0
2021-09-01,25953,DOV,DOVER CORP,1.0
2021-09-01,29209,ARW,ARROW ELECTRONICS INC,1.0
2021-09-01,37568,FELE,FRANKLIN ELECTRIC INC,1.0
2021-09-01,38659,GNTX,GENTEX CORP,1.0
2021-09-01,39490,APA,A P A CORP,1.0
2021-09-01,48725,UNP,UNION PACIFIC CORP,1.0
2021-09-01,49429,DDS,DILLARDS INC,1.0
2021-09-01,49680,DHR,DANAHER CORP,1.0
2021-09-01,56223,LPX,LOUISIANA PACIFIC CORP,1.0
2021-09-01,57809,NDSN,NORDSON CORP,1.0
2021-09-01,61313,DCI,DONALDSON INC,1.0
2021-09-01,62092,TMO,THERMO FISHER SCIENTIFIC INC,1.0
2021-09-01,62148,CSX,C S X CORP,1.0
2021-09-01,62498,WST,WEST PHARMACEUTICAL SERVICES INC,1.0
2021-09-01,64194,CHE,CHEMED CORP NEW,1.0
2021-09-01,68196,SEIC,S E I INVESTMENTS CO,1.0
2021-09-01,75510,ADBE,ADOBE INC,1.0
2021-09-01,75825,EOG,EOG RESOURCES INC,1.0
2021-09-01,76076,CSCO,CISCO SYSTEMS INC,1.0
2021-09-01,76095,HOLX,HOLOGIC INC,1.0
2021-09-01,76573,MLI,MUELLER INDUSTRIES INC,1.0
2021-09-01,76795,ZBRA,ZEBRA TECHNOLOGIES CORP,1.0
2021-09-01,77496,MHK,MOHAWK INDUSTRIES INC,1.0
2021-09-01,80128,VMI,VALMONT INDUSTRIES INC,1.0
2021-09-01,80575,SSD,SIMPSON MANUFACTURING CO INC,1.0
2021-09-01,82651,WAT,WATERS CORP,1.0
2021-09-01,83916,TTEC,T T E C HOLDINGS INC,1.0
2021-09-01,84042,PAG,PENSKE AUTOMOTIVE GROUP INC,1.0
2021-09-01,84373,DGX,QUEST DIAGNOSTICS INC,1.0
2021-09-01,85035,QRVO,QORVO INC,1.0
2021-09-01,85427,GPI,GROUP 1 AUTOMOTIVE INC,1.0
2021-09-01,85621,MTD,METTLER TOLEDO INTERNATIONAL INC,1.0
2021-09-01,85863,COLM,COLUMBIA SPORTSWEAR CO,1.0
2021-09-01,85992,MANH,MANHATTAN ASSOCIATES INC,1.0
2021-09-01,86047,AMKR,AMKOR TECHNOLOGY INC,1.0
2021-09-01,86158,CTSH,COGNIZANT TECHNOLOGY SOLS CORP,1.0
2021-09-01,87432,A,AGILENT TECHNOLOGIES INC,1.0
2021-09-01,88504,BRKR,BRUKER CORP,1.0
2021-09-01,89866,LKQ,L K Q CORP,1.0
2021-09-01,89971,TPX,TEMPUR SEALY INTERNATIONAL INC,1.0
2021-09-01,90319,GOOGL,ALPHABET INC,1.0
2021-09-01,91575,HRI,HERC HOLDINGS INC,1.0
2021-09-01,92402,MSCI,M S C I INC,1.0
2021-09-01,92602,PM,PHILIP MORRIS INTERNATIONAL INC,1.0
2021-09-01,92655,UNH,UNITEDHEALTH GROUP INC,1.0
2021-09-01,93035,SEM,SELECT MEDICAL HOLDINGS CORP,1.0
2021-09-01,93330,PRI,PRIMERICA INC,1.0
2021-09-01,93374,FAF,FIRST AMERICAN FINL CORP NEW,1.0
2021-09-01,13901,MO,ALTRIA GROUP INC,0.999281
2021-09-01,15579,TXN,TEXAS INSTRUMENTS INC,0.998111
2021-09-01,73139,SYK,STRYKER CORP,0.997777
2021-09-01,76709,IDXX,I D E X X LABORATORIES INC,0.992921
2021-09-01,12476,TRGP,TARGA RESOURCES CORP,0.992601
2021-09-01,13748,TPH,TRI POINTE HOMES INC,0.985408
2021-09-01,79103,ORLY,O REILLY AUTOMOTIVE INC NEW,0.983788
2021-09-01,90550,DLB,DOLBY LABORATORIES INC,0.98115
2021-09-01,46886,KLAC,K L A CORP,0.979526
2021-09-01,91531,OC,OWENS CORNING NEW,0.978646
2021-09-01,16434,GOLF,ACUSHNET HOLDINGS CORP,0.975161
2021-09-01,14406,ESI,ELEMENT SOLUTIONS INC,0.974265
2021-09-01,79637,UHS,UNIVERSAL HEALTH SERVICES INC,0.97221
2021-09-01,77520,AGCO,A G C O CORP,0.970274
2021-09-01,82800,SCCO,SOUTHERN COPPER CORP,0.966383
2021-09-01,90520,CE,CELANESE CORP DEL,0.962784
2021-09-01,80864,RS,RELIANCE STEEL & ALUMINUM CO,0.958859
2021-09-01,50948,SMTC,SEMTECH CORP,0.953635
2021-09-01,14702,AMAT,APPLIED MATERIALS INC,0.950583
2021-09-01,86778,MKSI,M K S INSTRUMENTS INC,0.942136
2021-09-01,12981,FBHS,FORTUNE BRANDS HOME & SECUR INC,0.932142
2021-09-01,10874,BC,BRUNSWICK CORP,0.930899
2021-09-01,13862,TMHC,TAYLOR MORRISON HOME CORP,0.899954
2021-09-01,76282,AN,AUTONATION INC DEL,0.899069
2021-09-01,79878,UFPI,U F P INDUSTRIES INC,0.896778
2021-09-01,65307,RPM,R P M INTERNATIONAL INC,0.871294
2021-09-01,89753,FORM,FORMFACTOR INC,0.856842
2021-09-01,86228,RSG,REPUBLIC SERVICES INC,0.853096
2021-09-01,82547,AEIS,ADVANCED ENERGY INDUSTRIES INC,0.801001
2021-09-01,21371,CAH,CARDINAL HEALTH INC,0.753761
2021-09-01,78664,DDD,3 D SYSTEMS CORP DEL,0.644385
2021-09-01,11343,SAFM,SANDERSON FARMS INC,0.610767
2021-09-01,16290,FLGT,FULGENT GENETICS INC,0.569534
2021-09-01,14008,AMGN,AMGEN INC,0.559254
2021-09-01,64186,CI,CIGNA CORP NEW,0.537376
2021-09-01,89179,ANTM,ANTHEM INC,0.511365
2021-09-01,21936,PFE,PFIZER INC,0.487051
2021-09-01,91277,QRTEA,QURATE RETAIL INC,0.393325
2021-09-01,58771,RBC,REGAL BELOIT CORP,0.392044
2021-09-01,10397,WERN,WERNER ENTERPRISES INC,0.32245
2021-09-01,78015,MTX,MINERALS TECHNOLOGIES INC,0.310496
2021-09-01,83976,ANF,ABERCROMBIE & FITCH CO,0.177117
2021-09-01,80054,MED,MEDIFAST INC,0.15551
2021-09-01,11533,FICO,FAIR ISAAC CORP,0.101884
2021-09-01,11691,MATX,MATSON INC,0.017107
2021-09-01,12307,AMRS,AMYRIS INC,-0.044081
2021-09-01,14295,TWTR,TWITTER INC,-0.072983
2021-09-01,91579,KBR,K B R INC,-0.132344
2021-09-01,17787,EQH,EQUITABLE HOLDINGS INC,-0.188272
2021-09-01,17036,CNNE,CANNAE HOLDINGS INC,-0.453428
2021-09-01,14580,MGNI,MAGNITE INC,-0.463909
2021-09-01,90248,DPZ,DOMINOS PIZZA INC,-0.59032
2021-09-01,15454,GKOS,GLAUKOS CORP,-0.633218
2021-09-01,87445,TDY,TELEDYNE TECHNOLOGIES,-0.685883
2021-09-01,90505,LVS,LAS VEGAS SANDS CORP,-0.712523
2021-09-01,89353,JBLU,JETBLUE AIRWAYS CORP,-0.743055
2021-09-01,88863,EXAS,EXACT SCIENCES CORP,-0.76087
2021-09-01,91659,ALGT,ALLEGIANT TRAVEL CO,-0.762975
2021-09-01,82670,TGTX,T G THERAPEUTICS INC,-0.773601
2021-09-01,14179,AR,ANTERO RESOURCES CORP,-0.778212
2021-09-01,14596,FIVN,FIVE 9 INC,-0.786031
2021-09-01,15067,FRPT,FRESHPET INC,-0.786257
2021-09-01,14044,AGIO,AGIOS PHARMACEUTICALS INC,-0.800638
2021-09-01,14811,FWONK,LIBERTY MEDIA CORP 3RD NEW,-0.800773
2021-09-01,58683,LUV,SOUTHWEST AIRLINES CO,-0.809887
2021-09-01,80069,ARWR,ARROWHEAD PHARMACEUTICALS INC,-0.810361
2021-09-01,13169,ZNGA,ZYNGA INC,-0.816345
2021-09-01,17855,AVLR,AVALARA INC,-0.825698
2021-09-01,28804,ALK,ALASKA AIRGROUP INC,-0.828406
2021-09-01,91926,DAL,DELTA AIR LINES INC,-0.837526
2021-09-01,14641,ZEN,ZENDESK INC,-0.845626
2021-09-01,14516,QTWO,Q 2 HOLDINGS INC,-0.846773
2021-09-01,88421,ARNA,ARENA PHARMACEUTICALS INC,-0.855431
2021-09-01,80539,NKTR,NEKTAR THERAPEUTICS,-0.856593
2021-09-01,19561,BA,BOEING CO,-0.861637
2021-09-01,15167,SHAK,SHAKE SHACK INC,-0.862792
2021-09-01,87430,KTOS,KRATOS DEFENSE & SECUR SOLS INC,-0.867597
2021-09-01,14797,CDNA,CAREDX INC,-0.890536
2021-09-01,90808,EXPE,EXPEDIA GROUP INC,-0.898192
2021-09-01,93423,SIX,SIX FLAGS ENTERTAINMENT CORP,-0.899025
2021-09-01,14329,ARMK,ARAMARK,-0.900498
2021-09-01,91594,SPR,SPIRIT AEROSYSTEMS HOLDINGS INC,-0.908074
2021-09-01,86799,CNX,C N X RESOURCES CORP,-0.938794
2021-09-01,32870,HRL,HORMEL FOODS CORP,-0.94296
2021-09-01,91152,TDG,TRANSDIGM GROUP INC,-0.947509
2021-09-01,14338,HLT,HILTON WORLDWIDE HOLDINGS INC,-0.949818
2021-09-01,16140,TWLO,TWILIO INC,-0.955437
2021-09-01,15272,SEDG,SOLAREDGE TECHNOLOGIES INC,-0.971279
2021-09-01,17367,LPRO,OPEN LENDING CORP,-0.972846
2021-09-01,13739,BFAM,BRIGHT HORIZONS FAM SOL INC NEW,-0.974934
2021-09-01,89031,AXON,AXON ENTERPRISE INC,-0.977642
2021-09-01,91237,VG,VONAGE HOLDINGS CORP,-0.978409
2021-09-01,10158,AMRC,AMERESCO INC,-1.0
2021-09-01,10258,CLDX,CELLDEX THERAPEUTICS INC,-1.0
2021-09-01,12360,PACB,PACIFIC BIOSCIENCES CALIF INC,-1.0
2021-09-01,12591,APO,APOLLO GLOBAL MANAGEMENT INC,-1.0
2021-09-01,13379,SPLK,SPLUNK INC,-1.0
2021-09-01,13511,PANW,PALO ALTO NETWORKS INC,-1.0
2021-09-01,13688,PCG,P G & E CORP,-1.0
2021-09-01,13704,NEO,NEOGENOMICS INC,-1.0
2021-09-01,13962,NSTG,NANOSTRING TECHNOLOGIES INC,-1.0
2021-09-01,13967,PTCT,P T C THERAPEUTICS INC,-1.0
2021-09-01,14054,MRTX,MIRATI THERAPEUTICS INC,-1.0
2021-09-01,14136,RNG,RINGCENTRAL INC,-1.0
2021-09-01,14159,FEYE,FIREEYE INC,-1.0
2021-09-01,14176,XLRN,ACCELERON PHARMA INC,-1.0
2021-09-01,14273,CHGG,CHEGG INC,-1.0
2021-09-01,14325,TNDM,TANDEM DIABETES CARE INC,-1.0
2021-09-01,14432,ITCI,INTRA CELLULAR THERAPIES INC,-1.0
2021-09-01,14436,RARE,ULTRAGENYX PHARMACEUTICALS INC,-1.0
2021-09-01,14472,VRNS,VARONIS SYSTEMS INC,-1.0
2021-09-01,14782,TRUP,TRUPANION INC,-1.0
2021-09-01,14882,CZR,CAESARS ENTERTAINMENT INC DE,-1.0
2021-09-01,14988,LBRDK,LIBERTY BROADBAND CORP,-1.0
2021-09-01,15108,NEWR,NEW RELIC INC,-1.0
2021-09-01,15145,BOX,BOX INC,-1.0
2021-09-01,15351,FTAI,FORTRESS TRANS AND INFR INV LLC,-1.0
2021-09-01,15506,CYRX,CRYOPORT INC,-1.0
2021-09-01,15534,NTRA,NATERA INC,-1.0
2021-09-01,15541,RPD,RAPID7 INC,-1.0
2021-09-01,15627,PLNT,PLANET FITNESS INC,-1.0
2021-09-01,15649,MSGS,MADISON SQUARE GARD SPORTS CORP,-1.0
2021-09-01,15694,PEN,PENUMBRA INC,-1.0
2021-09-01,15729,PSTG,PURE STORAGE INC,-1.0
2021-09-01,16064,NTLA,INTELLIA THERAPEUTICS INC,-1.0
2021-09-01,16263,PTGX,PROTAGONIST THERAPEUTICS INC,-1.0
2021-09-01,16381,BL,BLACKLINE INC,-1.0
2021-09-01,16382,COUP,COUPA SOFTWARE INC,-1.0
2021-09-01,16595,SNAP,SNAP INC,-1.0
2021-09-01,16649,OKTA,OKTA INC,-1.0
2021-09-01,16678,KR,KROGER CO,-1.0
2021-09-01,16966,SWCH,SWITCH INC,-1.0
2021-09-01,16968,MDB,MONGODB INC,-1.0
2021-09-01,17037,SAIL,SAILPOINT TECHNOLOGIES HLDGS INC,-1.0
2021-09-01,17104,APLS,APELLIS PHARMACEUTICALS INC,-1.0
2021-09-01,17341,ZS,ZSCALER INC,-1.0
2021-09-01,17342,DBX,DROPBOX INC,-1.0
2021-09-01,17688,GSHD,GOOSEHEAD INSURANCE INC,-1.0
2021-09-01,17700,CDAY,CERIDIAN H C M HOLDING INC,-1.0
2021-09-01,17701,SMAR,SMARTSHEET INC,-1.0
2021-09-01,17948,ALLK,ALLAKOS INC,-1.0
2021-09-01,17987,VRT,VERTIV HOLDINGS CO,-1.0
2021-09-01,21792,CNP,CENTERPOINT ENERGY INC,-1.0
2021-09-01,24328,EQT,E Q T CORP,-1.0
2021-09-01,40272,IFF,INTERNATIONAL FLAVORS & FRAG INC,-1.0
2021-09-01,76038,BLFS,BIOLIFE SOLUTIONS INC,-1.0
2021-09-01,76661,IONS,IONIS PHARMACEUTICALS INC,-1.0
2021-09-01,85002,SRPT,SAREPTA THERAPEUTICS INC,-1.0
2021-09-01,87337,PLUG,PLUG POWER INC,-1.0
2021-09-01,88351,INSM,INSMED INC,-1.0
2021-09-01,88853,FLR,FLUOR CORP NEW,-1.0
2021-09-01,90178,ALNY,ALNYLAM PHARMACEUTICALS INC,-1.0
2021-09-01,90444,ORA,ORMAT TECHNOLOGIES INC,-1.0
2021-09-01,91041,LYV,LIVE NATION ENTERTAINMENT INC,-1.0
2021-09-01,91103,UAL,UNITED AIRLINES HOLDINGS INC,-1.0
2021-09-01,93098,H,HYATT HOTELS CORP,-1.0
2021-10-01,11809,CLH,CLEAN HARBORS INC,1.0
2021-10-01,12476,TRGP,TARGA RESOURCES CORP,1.0
2021-10-01,13543,GMED,GLOBUS MEDICAL INC,1.0
2021-10-01,13748,TPH,TRI POINTE HOMES INC,1.0
2021-10-01,13766,BCC,BOISE CASCADE CO,1.0
2021-10-01,13837,EVTC,EVERTEC INC,1.0
2021-10-01,14414,SC,SANTANDER CONSUMER USA HLDGS INC,1.0
2021-10-01,14593,AAPL,APPLE INC,1.0
2021-10-01,15579,TXN,TEXAS INSTRUMENTS INC,1.0
2021-10-01,16119,ATKR,ATKORE INC,1.0
2021-10-01,16434,GOLF,ACUSHNET HOLDINGS CORP,1.0
2021-10-01,16554,JELD,JELD WEN HOLDING INC,1.0
2021-10-01,17126,NMRK,NEWMARK GROUP INC,1.0
2021-10-01,20204,CR,CRANE CO,1.0
2021-10-01,20482,ABT,ABBOTT LABORATORIES,1.0
2021-10-01,21936,PFE,PFIZER INC,1.0
2021-10-01,22111,JNJ,JOHNSON & JOHNSON,1.0
2021-10-01,25953,DOV,DOVER CORP,1.0
2021-10-01,38659,GNTX,GENTEX CORP,1.0
2021-10-01,39490,APA,A P A CORP,1.0
2021-10-01,44943,DIOD,DIODES INC,1.0
2021-10-01,46674,GPC,GENUINE PARTS CO,1.0
2021-10-01,48725,UNP,UNION PACIFIC CORP,1.0
2021-10-01,49429,DDS,DILLARDS INC,1.0
2021-10-01,50948,SMTC,SEMTECH CORP,1.0
2021-10-01,56223,LPX,LOUISIANA PACIFIC CORP,1.0
2021-10-01,57809,NDSN,NORDSON CORP,1.0
2021-10-01,61313,DCI,DONALDSON INC,1.0
2021-10-01,62092,TMO,THERMO FISHER SCIENTIFIC INC,1.0
2021-10-01,62148,CSX,C S X CORP,1.0
2021-10-01,68196,SEIC,S E I INVESTMENTS CO,1.0
2021-10-01,75825,EOG,EOG RESOURCES INC,1.0
2021-10-01,76795,ZBRA,ZEBRA TECHNOLOGIES CORP,1.0
2021-10-01,80795,AMED,AMEDISYS INC,1.0
2021-10-01,80864,RS,RELIANCE STEEL & ALUMINUM CO,1.0
2021-10-01,84042,PAG,PENSKE AUTOMOTIVE GROUP INC,1.0
2021-10-01,84373,DGX,QUEST DIAGNOSTICS INC,1.0
2021-10-01,85035,QRVO,QORVO INC,1.0
2021-10-01,85427,GPI,GROUP 1 AUTOMOTIVE INC,1.0
2021-10-01,85863,COLM,COLUMBIA SPORTSWEAR CO,1.0
2021-10-01,86594,KFY,KORN FERRY,1.0
2021-10-01,88504,BRKR,BRUKER CORP,1.0
2021-10-01,88661,TPR,TAPESTRY INC,1.0
2021-10-01,89866,LKQ,L K Q CORP,1.0
2021-10-01,89971,TPX,TEMPUR SEALY INTERNATIONAL INC,1.0
2021-10-01,91575,HRI,HERC HOLDINGS INC,1.0
2021-10-01,93002,AVGO,BROADCOM INC,1.0
2021-10-01,93035,SEM,SELECT MEDICAL HOLDINGS CORP,1.0
2021-10-01,93330,PRI,PRIMERICA INC,1.0
2021-10-01,18163,PG,PROCTER & GAMBLE CO,0.981777
2021-10-01,64194,CHE,CHEMED CORP NEW,0.975675
2021-10-01,86158,CTSH,COGNIZANT TECHNOLOGY SOLS CORP,0.972448
2021-10-01,86778,MKSI,M K S INSTRUMENTS INC,0.965981
2021-10-01,46886,KLAC,K L A CORP,0.963791
2021-10-01,12622,HCA,H C A HEALTHCARE INC,0.961206
2021-10-01,92402,MSCI,M S C I INC,0.958617
2021-10-01,93374,FAF,FIRST AMERICAN FINL CORP NEW,0.957797
2021-10-01,73139,SYK,STRYKER CORP,0.951798
2021-10-01,13788,ZTS,ZOETIS INC,0.949028
2021-10-01,80128,VMI,VALMONT INDUSTRIES INC,0.946737
2021-10-01,80575,SSD,SIMPSON MANUFACTURING CO INC,0.945349
2021-10-01,92655,UNH,UNITEDHEALTH GROUP INC,0.942006
2021-10-01,13802,APAM,ARTISAN PARTNERS ASSET MGMT INC,0.94146
2021-10-01,62498,WST,WEST PHARMACEUTICAL SERVICES INC,0.940005
2021-10-01,49680,DHR,DANAHER CORP,0.939776
2021-10-01,37568,FELE,FRANKLIN ELECTRIC INC,0.9396
2021-10-01,85992,MANH,MANHATTAN ASSOCIATES INC,0.938859
2021-10-01,10107,MSFT,MICROSOFT CORP,0.933848
2021-10-01,76095,HOLX,HOLOGIC INC,0.9325
2021-10-01,92602,PM,PHILIP MORRIS INTERNATIONAL INC,0.931947
2021-10-01,14406,ESI,ELEMENT SOLUTIONS INC,0.929226
2021-10-01,12062,LH,LABORATORY CORP AMERICA HLDGS,0.927648
2021-10-01,90319,GOOGL,ALPHABET INC,0.923798
2021-10-01,13901,MO,ALTRIA GROUP INC,0.922396
2021-10-01,76076,CSCO,CISCO SYSTEMS INC,0.922197
2021-10-01,76709,IDXX,I D E X X LABORATORIES INC,0.916462
2021-10-01,10874,BC,BRUNSWICK CORP,0.915493
2021-10-01,90520,CE,CELANESE CORP DEL,0.914431
2021-10-01,86047,AMKR,AMKOR TECHNOLOGY INC,0.909509
2021-10-01,14702,AMAT,APPLIED MATERIALS INC,0.90553
2021-10-01,87432,A,AGILENT TECHNOLOGIES INC,0.897727
2021-10-01,77496,MHK,MOHAWK INDUSTRIES INC,0.897014
2021-10-01,13407,FB,FACEBOOK INC,0.894558
2021-10-01,85621,MTD,METTLER TOLEDO INTERNATIONAL INC,0.886967
2021-10-01,83916,TTEC,T T E C HOLDINGS INC,0.886844
2021-10-01,14716,CCS,CENTURY COMMUNITIES INC,0.876572
2021-10-01,91531,OC,OWENS CORNING NEW,0.875679
2021-10-01,90550,DLB,DOLBY LABORATORIES INC,0.871133
2021-10-01,75510,ADBE,ADOBE INC,0.867407
2021-10-01,82800,SCCO,SOUTHERN COPPER CORP,0.866763
2021-10-01,77520,AGCO,A G C O CORP,0.863851
2021-10-01,79637,UHS,UNIVERSAL HEALTH SERVICES INC,0.863635
2021-10-01,82651,WAT,WATERS CORP,0.862969
2021-10-01,12981,FBHS,FORTUNE BRANDS HOME & SECUR INC,0.856004
2021-10-01,86228,RSG,REPUBLIC SERVICES INC,0.828258
2021-10-01,13862,TMHC,TAYLOR MORRISON HOME CORP,0.825916
2021-10-01,89753,FORM,FORMFACTOR INC,0.822655
2021-10-01,65307,RPM,R P M INTERNATIONAL INC,0.822137
2021-10-01,79878,UFPI,U F P INDUSTRIES INC,0.811943
2021-10-01,82547,AEIS,ADVANCED ENERGY INDUSTRIES INC,0.779391
2021-10-01,21371,CAH,CARDINAL HEALTH INC,0.717273
2021-10-01,78664,DDD,3 D SYSTEMS CORP DEL,0.62685
2021-10-01,11343,SAFM,SANDERSON FARMS INC,0.584949
2021-10-01,79758,BYD,BOYD GAMING CORP,0.551743
2021-10-01,14008,AMGN,AMGEN INC,0.527296
2021-10-01,16290,FLGT,FULGENT GENETICS INC,0.526098
2021-10-01,91277,QRTEA,QURATE RETAIL INC,0.363358
2021-10-01,10397,WERN,WERNER ENTERPRISES INC,0.30268
2021-10-01,83976,ANF,ABERCROMBIE & FITCH CO,0.186374
2021-10-01,80054,MED,MEDIFAST INC,0.132306
2021-10-01,11533,FICO,FAIR ISAAC CORP,0.088183
2021-10-01,64311,NSC,NORFOLK SOUTHERN CORP,0.061133
2021-10-01,11691,MATX,MATSON INC,0.01744
2021-10-01,12307,AMRS,AMYRIS INC,-0.040214
2021-10-01,14295,TWTR,TWITTER INC,-0.06833
2021-10-01,14580,MGNI,MAGNITE INC,-0.088737
2021-10-01,14325,TNDM,TANDEM DIABETES CARE INC,-0.122824
2021-10-01,24205,NEE,NEXTERA ENERGY INC,-0.190821
2021-10-01,17036,CNNE,CANNAE HOLDINGS INC,-0.441907
2021-10-01,17104,APLS,APELLIS PHARMACEUTICALS INC,-0.500499
2021-10-01,90248,DPZ,DOMINOS PIZZA INC,-0.545708
2021-10-01,90505,LVS,LAS VEGAS SANDS CORP,-0.584561
2021-10-01,13169,ZNGA,ZYNGA INC,-0.694558
2021-10-01,93423,SIX,SIX FLAGS ENTERTAINMENT CORP,-0.742285
2021-10-01,89353,JBLU,JETBLUE AIRWAYS CORP,-0.750888
2021-10-01,80069,ARWR,ARROWHEAD PHARMACEUTICALS INC,-0.753711
2021-10-01,14797,CDNA,CAREDX INC,-0.770075
2021-10-01,14516,QTWO,Q 2 HOLDINGS INC,-0.770325
2021-10-01,91659,ALGT,ALLEGIANT TRAVEL CO,-0.775002
2021-10-01,87430,KTOS,KRATOS DEFENSE & SECUR SOLS INC,-0.782985
2021-10-01,14596,FIVN,FIVE 9 INC,-0.793506
2021-10-01,14641,ZEN,ZENDESK INC,-0.796271
2021-10-01,17855,AVLR,AVALARA INC,-0.803018
2021-10-01,14811,FWONK,LIBERTY MEDIA CORP 3RD NEW,-0.814531
2021-10-01,58683,LUV,SOUTHWEST AIRLINES CO,-0.836705
2021-10-01,76661,IONS,IONIS PHARMACEUTICALS INC,-0.843528
2021-10-01,28804,ALK,ALASKA AIRGROUP INC,-0.846582
2021-10-01,32870,HRL,HORMEL FOODS CORP,-0.848922
2021-10-01,14329,ARMK,ARAMARK,-0.850512
2021-10-01,13967,PTCT,P T C THERAPEUTICS INC,-0.85243
2021-10-01,17987,VRT,VERTIV HOLDINGS CO,-0.855132
2021-10-01,19561,BA,BOEING CO,-0.863337
2021-10-01,17701,SMAR,SMARTSHEET INC,-0.864866
2021-10-01,16678,KR,KROGER CO,-0.878307
2021-10-01,14472,VRNS,VARONIS SYSTEMS INC,-0.881723
2021-10-01,91926,DAL,DELTA AIR LINES INC,-0.88244
2021-10-01,40272,IFF,INTERNATIONAL FLAVORS & FRAG INC,-0.887854
2021-10-01,15272,SEDG,SOLAREDGE TECHNOLOGIES INC,-0.888927
2021-10-01,16649,OKTA,OKTA INC,-0.900346
2021-10-01,14988,LBRDK,LIBERTY BROADBAND CORP,-0.902643
2021-10-01,15145,BOX,BOX INC,-0.918121
2021-10-01,17342,DBX,DROPBOX INC,-0.921443
2021-10-01,13739,BFAM,BRIGHT HORIZONS FAM SOL INC NEW,-0.932496
2021-10-01,15351,FTAI,FORTRESS TRANS AND INFR INV LLC,-0.940664
2021-10-01,89031,AXON,AXON ENTERPRISE INC,-0.940788
2021-10-01,17341,ZS,ZSCALER INC,-0.942052
2021-10-01,17367,LPRO,OPEN LENDING CORP,-0.949131
2021-10-01,82670,TGTX,T G THERAPEUTICS INC,-0.951043
2021-10-01,88421,ARNA,ARENA PHARMACEUTICALS INC,-0.962574
2021-10-01,15627,PLNT,PLANET FITNESS INC,-0.966142
2021-10-01,15694,PEN,PENUMBRA INC,-0.969234
2021-10-01,16595,SNAP,SNAP INC,-0.970536
2021-10-01,15729,PSTG,PURE STORAGE INC,-0.974028
2021-10-01,91152,TDG,TRANSDIGM GROUP INC,-0.97415
2021-10-01,21792,CNP,CENTERPOINT ENERGY INC,-0.980437
2021-10-01,13704,NEO,NEOGENOMICS INC,-0.992151
2021-10-01,10258,CLDX,CELLDEX THERAPEUTICS INC,-1.0
2021-10-01,12360,PACB,PACIFIC BIOSCIENCES CALIF INC,-1.0
2021-10-01,12591,APO,APOLLO GLOBAL MANAGEMENT INC,-1.0
2021-10-01,13379,SPLK,SPLUNK INC,-1.0
2021-10-01,13511,PANW,PALO ALTO NETWORKS INC,-1.0
2021-10-01,13688,PCG,P G & E CORP,-1.0
2021-10-01,13962,NSTG,NANOSTRING TECHNOLOGIES INC,-1.0
2021-10-01,14054,MRTX,MIRATI THERAPEUTICS INC,-1.0
2021-10-01,14136,RNG,RINGCENTRAL INC,-1.0
2021-10-01,14159,FEYE,FIREEYE INC,-1.0
2021-10-01,14176,XLRN,ACCELERON PHARMA INC,-1.0
2021-10-01,14179,AR,ANTERO RESOURCES CORP,-1.0
2021-10-01,14273,CHGG,CHEGG INC,-1.0
2021-10-01,14338,HLT,HILTON WORLDWIDE HOLDINGS INC,-1.0
2021-10-01,14432,ITCI,INTRA CELLULAR THERAPIES INC,-1.0
2021-10-01,14436,RARE,ULTRAGENYX PHARMACEUTICALS INC,-1.0
2021-10-01,14782,TRUP,TRUPANION INC,-1.0
2021-10-01,14882,CZR,CAESARS ENTERTAINMENT INC DE,-1.0
2021-10-01,15067,FRPT,FRESHPET INC,-1.0
2021-10-01,15108,NEWR,NEW RELIC INC,-1.0
2021-10-01,15167,SHAK,SHAKE SHACK INC,-1.0
2021-10-01,15222,IOVA,IOVANCE BIOTHERAPEUTICS INC,-1.0
2021-10-01,15506,CYRX,CRYOPORT INC,-1.0
2021-10-01,15534,NTRA,NATERA INC,-1.0
2021-10-01,15541,RPD,RAPID7 INC,-1.0
2021-10-01,15649,MSGS,MADISON SQUARE GARD SPORTS CORP,-1.0
2021-10-01,16064,NTLA,INTELLIA THERAPEUTICS INC,-1.0
2021-10-01,16140,TWLO,TWILIO INC,-1.0
2021-10-01,16381,BL,BLACKLINE INC,-1.0
2021-10-01,16382,COUP,COUPA SOFTWARE INC,-1.0
2021-10-01,16968,MDB,MONGODB INC,-1.0
2021-10-01,17037,SAIL,SAILPOINT TECHNOLOGIES HLDGS INC,-1.0
2021-10-01,17688,GSHD,GOOSEHEAD INSURANCE INC,-1.0
2021-10-01,17700,CDAY,CERIDIAN H C M HOLDING INC,-1.0
2021-10-01,17948,ALLK,ALLAKOS INC,-1.0
2021-10-01,18100,ARVN,ARVINAS INC,-1.0
2021-10-01,18135,GH,GUARDANT HEALTH INC,-1.0
2021-10-01,18203,KOD,KODIAK SCIENCES INC,-1.0
2021-10-01,24328,EQT,E Q T CORP,-1.0
2021-10-01,80539,NKTR,NEKTAR THERAPEUTICS,-1.0
2021-10-01,85002,SRPT,SAREPTA THERAPEUTICS INC,-1.0
2021-10-01,86799,CNX,C N X RESOURCES CORP,-1.0
2021-10-01,87075,JCOM,J2 GLOBAL INC,-1.0
2021-10-01,87337,PLUG,PLUG POWER INC,-1.0
2021-10-01,88351,INSM,INSMED INC,-1.0
2021-10-01,88853,FLR,FLUOR CORP NEW,-1.0
2021-10-01,88863,EXAS,EXACT SCIENCES CORP,-1.0
2021-10-01,89301,GME,GAMESTOP CORP NEW,-1.0
2021-10-01,90178,ALNY,ALNYLAM PHARMACEUTICALS INC,-1.0
2021-10-01,90215,CRM,SALESFORCE COM INC,-1.0
2021-10-01,90444,ORA,ORMAT TECHNOLOGIES INC,-1.0
2021-10-01,90808,EXPE,EXPEDIA GROUP INC,-1.0
2021-10-01,91041,LYV,LIVE NATION ENTERTAINMENT INC,-1.0
2021-10-01,91103,UAL,UNITED AIRLINES HOLDINGS INC,-1.0
2021-10-01,91237,VG,VONAGE HOLDINGS CORP,-1.0
2021-10-01,91579,KBR,K B R INC,-1.0
2021-10-01,91594,SPR,SPIRIT AEROSYSTEMS HOLDINGS INC,-1.0
2021-10-01,92040,FOLD,AMICUS THERAPEUTICS INC,-1.0
2021-10-01,93098,H,HYATT HOTELS CORP,-1.0
2021-11-01,10107,MSFT,MICROSOFT CORP,1.0
2021-11-01,11600,XRAY,DENTSPLY SIRONA INC,1.0
2021-11-01,11809,CLH,CLEAN HARBORS INC,1.0
2021-11-01,13543,GMED,GLOBUS MEDICAL INC,1.0
2021-11-01,13748,TPH,TRI POINTE HOMES INC,1.0
2021-11-01,13766,BCC,BOISE CASCADE CO,1.0
2021-11-01,13788,ZTS,ZOETIS INC,1.0
2021-11-01,14593,AAPL,APPLE INC,1.0
2021-11-01,14702,AMAT,APPLIED MATERIALS INC,1.0
2021-11-01,16119,ATKR,ATKORE INC,1.0
2021-11-01,16434,GOLF,ACUSHNET HOLDINGS CORP,1.0
2021-11-01,16554,JELD,JELD WEN HOLDING INC,1.0
2021-11-01,17126,NMRK,NEWMARK GROUP INC,1.0
2021-11-01,18163,PG,PROCTER & GAMBLE CO,1.0
2021-11-01,20204,CR,CRANE CO,1.0
2021-11-01,20482,ABT,ABBOTT LABORATORIES,1.0
2021-11-01,21936,PFE,PFIZER INC,1.0
2021-11-01,22103,EMR,EMERSON ELECTRIC CO,1.0
2021-11-01,22111,JNJ,JOHNSON & JOHNSON,1.0
2021-11-01,25953,DOV,DOVER CORP,1.0
2021-11-01,37568,FELE,FRANKLIN ELECTRIC INC,1.0
2021-11-01,38659,GNTX,GENTEX CORP,1.0
2021-11-01,39490,APA,A P A CORP,1.0
2021-11-01,44943,DIOD,DIODES INC,1.0
2021-11-01,46674,GPC,GENUINE PARTS CO,1.0
2021-11-01,46886,KLAC,K L A CORP,1.0
2021-11-01,48725,UNP,UNION PACIFIC CORP,1.0
2021-11-01,49429,DDS,DILLARDS INC,1.0
2021-11-01,50948,SMTC,SEMTECH CORP,1.0
2021-11-01,53613,MU,MICRON TECHNOLOGY INC,1.0
2021-11-01,57809,NDSN,NORDSON CORP,1.0
2021-11-01,61313,DCI,DONALDSON INC,1.0
2021-11-01,62092,TMO,THERMO FISHER SCIENTIFIC INC,1.0
2021-11-01,62148,CSX,C S X CORP,1.0
2021-11-01,64194,CHE,CHEMED CORP NEW,1.0
2021-11-01,68196,SEIC,S E I INVESTMENTS CO,1.0
2021-11-01,75825,EOG,EOG RESOURCES INC,1.0
2021-11-01,76709,IDXX,I D E X X LABORATORIES INC,1.0
2021-11-01,76795,ZBRA,ZEBRA TECHNOLOGIES CORP,1.0
2021-11-01,78664,DDD,3 D SYSTEMS CORP DEL,1.0
2021-11-01,80795,AMED,AMEDISYS INC,1.0
2021-11-01,80864,RS,RELIANCE STEEL & ALUMINUM CO,1.0
2021-11-01,82651,WAT,WATERS CORP,1.0
2021-11-01,84042,PAG,PENSKE AUTOMOTIVE GROUP INC,1.0
2021-11-01,84373,DGX,QUEST DIAGNOSTICS INC,1.0
2021-11-01,85035,QRVO,QORVO INC,1.0
2021-11-01,85621,MTD,METTLER TOLEDO INTERNATIONAL INC,1.0
2021-11-01,85863,COLM,COLUMBIA SPORTSWEAR CO,1.0
2021-11-01,85992,MANH,MANHATTAN ASSOCIATES INC,1.0
2021-11-01,86158,CTSH,COGNIZANT TECHNOLOGY SOLS CORP,1.0
2021-11-01,86594,KFY,KORN FERRY,1.0
2021-11-01,88504,BRKR,BRUKER CORP,1.0
2021-11-01,88661,TPR,TAPESTRY INC,1.0
2021-11-01,89866,LKQ,L K Q CORP,1.0
2021-11-01,90319,GOOGL,ALPHABET INC,1.0
2021-11-01,91575,HRI,HERC HOLDINGS INC,1.0
2021-11-01,92402,MSCI,M S C I INC,1.0
2021-11-01,92655,UNH,UNITEDHEALTH GROUP INC,1.0
2021-11-01,93002,AVGO,BROADCOM INC,1.0
2021-11-01,93035,SEM,SELECT MEDICAL HOLDINGS CORP,1.0
2021-11-01,93330,PRI,PRIMERICA INC,1.0
2021-11-01,93374,FAF,FIRST AMERICAN FINL CORP NEW,1.0
2021-11-01,14414,SC,SANTANDER CONSUMER USA HLDGS INC,0.999963
2021-11-01,12622,HCA,H C A HEALTHCARE INC,0.991822
2021-11-01,13837,EVTC,EVERTEC INC,0.989902
2021-11-01,90520,CE,CELANESE CORP DEL,0.98451
2021-11-01,15579,TXN,TEXAS INSTRUMENTS INC,0.981337
2021-11-01,75510,ADBE,ADOBE INC,0.979831
2021-11-01,14406,ESI,ELEMENT SOLUTIONS INC,0.973339
2021-11-01,12981,FBHS,FORTUNE BRANDS HOME & SECUR INC,0.970656
2021-11-01,49680,DHR,DANAHER CORP,0.962368
2021-11-01,86778,MKSI,M K S INSTRUMENTS INC,0.960441
2021-11-01,73139,SYK,STRYKER CORP,0.960244
2021-11-01,56223,LPX,LOUISIANA PACIFIC CORP,0.960204
2021-11-01,91531,OC,OWENS CORNING NEW,0.959389
2021-11-01,85427,GPI,GROUP 1 AUTOMOTIVE INC,0.956957
2021-11-01,76076,CSCO,CISCO SYSTEMS INC,0.954725
2021-11-01,13802,APAM,ARTISAN PARTNERS ASSET MGMT INC,0.953357
2021-11-01,62498,WST,WEST PHARMACEUTICAL SERVICES INC,0.951794
2021-11-01,12062,LH,LABORATORY CORP AMERICA HLDGS,0.946006
2021-11-01,92602,PM,PHILIP MORRIS INTERNATIONAL INC,0.929455
2021-11-01,86228,RSG,REPUBLIC SERVICES INC,0.928534
2021-11-01,65307,RPM,R P M INTERNATIONAL INC,0.927642
2021-11-01,82800,SCCO,SOUTHERN COPPER CORP,0.926173
2021-11-01,76095,HOLX,HOLOGIC INC,0.926149
2021-11-01,83916,TTEC,T T E C HOLDINGS INC,0.899444
2021-11-01,87432,A,AGILENT TECHNOLOGIES INC,0.898609
2021-11-01,77496,MHK,MOHAWK INDUSTRIES INC,0.89602
2021-11-01,13901,MO,ALTRIA GROUP INC,0.893791
2021-11-01,89753,FORM,FORMFACTOR INC,0.876616
2021-11-01,90550,DLB,DOLBY LABORATORIES INC,0.874565
2021-11-01,77520,AGCO,A G C O CORP,0.861563
2021-11-01,13407,FB,FACEBOOK INC,0.852827
2021-11-01,89824,MODV,MODIVCARE INC,0.850633
2021-11-01,82547,AEIS,ADVANCED ENERGY INDUSTRIES INC,0.815512
2021-11-01,86047,AMKR,AMKOR TECHNOLOGY INC,0.799022
2021-11-01,79637,UHS,UNIVERSAL HEALTH SERVICES INC,0.774537
2021-11-01,14716,CCS,CENTURY COMMUNITIES INC,0.733397
2021-11-01,21371,CAH,CARDINAL HEALTH INC,0.693319
2021-11-01,91500,EXLS,EXLSERVICE HOLDINGS INC,0.650968
2021-11-01,11343,SAFM,SANDERSON FARMS INC,0.590204
2021-11-01,79758,BYD,BOYD GAMING CORP,0.556258
2021-11-01,14008,AMGN,AMGEN INC,0.513192
2021-11-01,16290,FLGT,FULGENT GENETICS INC,0.484961
2021-11-01,91277,QRTEA,QURATE RETAIL INC,0.372259
2021-11-01,10397,WERN,WERNER ENTERPRISES INC,0.310696
2021-11-01,79878,UFPI,U F P INDUSTRIES INC,0.21508
2021-11-01,83976,ANF,ABERCROMBIE & FITCH CO,0.195826
2021-11-01,80054,MED,MEDIFAST INC,0.134795
2021-11-01,11533,FICO,FAIR ISAAC CORP,0.08824
2021-11-01,64311,NSC,NORFOLK SOUTHERN CORP,0.074877
2021-11-01,11691,MATX,MATSON INC,0.017994
2021-11-01,12307,AMRS,AMYRIS INC,-0.043405
2021-11-01,92648,CFX,COLFAX CORP,-0.056134
2021-11-01,14295,TWTR,TWITTER INC,-0.060577
2021-11-01,14580,MGNI,MAGNITE INC,-0.08566
2021-11-01,14325,TNDM,TANDEM DIABETES CARE INC,-0.140259
2021-11-01,24205,NEE,NEXTERA ENERGY INC,-0.207364
2021-11-01,17036,CNNE,CANNAE HOLDINGS INC,-0.484363
2021-11-01,90248,DPZ,DOMINOS PIZZA INC,-0.559428
2021-11-01,14797,CDNA,CAREDX INC,-0.619726
2021-11-01,90505,LVS,LAS VEGAS SANDS CORP,-0.619837
2021-11-01,13169,ZNGA,ZYNGA INC,-0.680697
2021-11-01,89353,JBLU,JETBLUE AIRWAYS CORP,-0.688982
2021-11-01,16595,SNAP,SNAP INC,-0.690783
2021-11-01,91659,ALGT,ALLEGIANT TRAVEL CO,-0.694849
2021-11-01,14641,ZEN,ZENDESK INC,-0.696425
2021-11-01,82634,SAM,BOSTON BEER INC,-0.713908
2021-11-01,93423,SIX,SIX FLAGS ENTERTAINMENT CORP,-0.71833
2021-11-01,87430,KTOS,KRATOS DEFENSE & SECUR SOLS INC,-0.750668
2021-11-01,14516,QTWO,Q 2 HOLDINGS INC,-0.754148
2021-11-01,58683,LUV,SOUTHWEST AIRLINES CO,-0.769159
2021-11-01,80069,ARWR,ARROWHEAD PHARMACEUTICALS INC,-0.770464
2021-11-01,14596,FIVN,FIVE 9 INC,-0.784883
2021-11-01,91926,DAL,DELTA AIR LINES INC,-0.810338
2021-11-01,19561,BA,BOEING CO,-0.812629
2021-11-01,17855,AVLR,AVALARA INC,-0.825364
2021-11-01,17367,LPRO,OPEN LENDING CORP,-0.829369
2021-11-01,90178,ALNY,ALNYLAM PHARMACEUTICALS INC,-0.845045
2021-11-01,14988,LBRDK,LIBERTY BROADBAND CORP,-0.849036
2021-11-01,85002,SRPT,SAREPTA THERAPEUTICS INC,-0.855607
2021-11-01,17701,SMAR,SMARTSHEET INC,-0.867222
2021-11-01,16678,KR,KROGER CO,-0.869368
2021-11-01,14273,CHGG,CHEGG INC,-0.873824
2021-11-01,32870,HRL,HORMEL FOODS CORP,-0.881254
2021-11-01,14811,FWONK,LIBERTY MEDIA CORP 3RD NEW,-0.884055
2021-11-01,17987,VRT,VERTIV HOLDINGS CO,-0.911542
2021-11-01,88421,ARNA,ARENA PHARMACEUTICALS INC,-0.927624
2021-11-01,15452,EVH,EVOLENT HEALTH INC,-0.931334
2021-11-01,18135,GH,GUARDANT HEALTH INC,-0.934208
2021-11-01,91594,SPR,SPIRIT AEROSYSTEMS HOLDINGS INC,-0.934337
2021-11-01,14472,VRNS,VARONIS SYSTEMS INC,-0.938057
2021-11-01,14329,ARMK,ARAMARK,-0.944177
2021-11-01,13704,NEO,NEOGENOMICS INC,-0.946044
2021-11-01,17688,GSHD,GOOSEHEAD INSURANCE INC,-0.947497
2021-11-01,17342,DBX,DROPBOX INC,-0.961458
2021-11-01,89031,AXON,AXON ENTERPRISE INC,-0.967307
2021-11-01,91103,UAL,UNITED AIRLINES HOLDINGS INC,-0.969902
2021-11-01,91152,TDG,TRANSDIGM GROUP INC,-0.972944
2021-11-01,15627,PLNT,PLANET FITNESS INC,-0.978406
2021-11-01,40272,IFF,INTERNATIONAL FLAVORS & FRAG INC,-0.978983
2021-11-01,14159,MNDT,MANDIANT INC,-0.979738
2021-11-01,15222,IOVA,IOVANCE BIOTHERAPEUTICS INC,-0.98577
2021-11-01,88863,EXAS,EXACT SCIENCES CORP,-0.997553
2021-11-01,91237,VG,VONAGE HOLDINGS CORP,-0.999963
2021-11-01,12360,PACB,PACIFIC BIOSCIENCES CALIF INC,-1.0
2021-11-01,12591,APO,APOLLO GLOBAL MANAGEMENT INC,-1.0
2021-11-01,13181,GWRE,GUIDEWIRE SOFTWARE INC,-1.0
2021-11-01,13262,CCXI,CHEMOCENTRYX INC,-1.0
2021-11-01,13379,SPLK,SPLUNK INC,-1.0
2021-11-01,13511,PANW,PALO ALTO NETWORKS INC,-1.0
2021-11-01,13688,PCG,P G & E CORP,-1.0
2021-11-01,13739,BFAM,BRIGHT HORIZONS FAM SOL INC NEW,-1.0
2021-11-01,13962,NSTG,NANOSTRING TECHNOLOGIES INC,-1.0
2021-11-01,13967,PTCT,P T C THERAPEUTICS INC,-1.0
2021-11-01,14054,MRTX,MIRATI THERAPEUTICS INC,-1.0
2021-11-01,14136,RNG,RINGCENTRAL INC,-1.0
2021-11-01,14176,XLRN,ACCELERON PHARMA INC,-1.0
2021-11-01,14179,AR,ANTERO RESOURCES CORP,-1.0
2021-11-01,14338,HLT,HILTON WORLDWIDE HOLDINGS INC,-1.0
2021-11-01,14432,ITCI,INTRA CELLULAR THERAPIES INC,-1.0
2021-11-01,14436,RARE,ULTRAGENYX PHARMACEUTICALS INC,-1.0
2021-11-01,14882,CZR,CAESARS ENTERTAINMENT INC DE,-1.0
2021-11-01,15067,FRPT,FRESHPET INC,-1.0
2021-11-01,15108,NEWR,NEW RELIC INC,-1.0
2021-11-01,15145,BOX,BOX INC,-1.0
2021-11-01,15272,SEDG,SOLAREDGE TECHNOLOGIES INC,-1.0
2021-11-01,15284,BPMC,BLUEPRINT MEDICINES CORP,-1.0
2021-11-01,15351,FTAI,FORTRESS TRANS AND INFR INV LLC,-1.0
2021-11-01,15506,CYRX,CRYOPORT INC,-1.0
2021-11-01,15534,NTRA,NATERA INC,-1.0
2021-11-01,15541,RPD,RAPID7 INC,-1.0
2021-11-01,15638,GBT,GLOBAL BLOOD THERAPEUTICS INC,-1.0
2021-11-01,15649,MSGS,MADISON SQUARE GARD SPORTS CORP,-1.0
2021-11-01,15694,PEN,PENUMBRA INC,-1.0
2021-11-01,15729,PSTG,PURE STORAGE INC,-1.0
2021-11-01,16064,NTLA,INTELLIA THERAPEUTICS INC,-1.0
2021-11-01,16140,TWLO,TWILIO INC,-1.0
2021-11-01,16381,BL,BLACKLINE INC,-1.0
2021-11-01,16649,OKTA,OKTA INC,-1.0
2021-11-01,16966,SWCH,SWITCH INC,-1.0
2021-11-01,16968,MDB,MONGODB INC,-1.0
2021-11-01,17037,SAIL,SAILPOINT TECHNOLOGIES HLDGS INC,-1.0
2021-11-01,17104,APLS,APELLIS PHARMACEUTICALS INC,-1.0
2021-11-01,17341,ZS,ZSCALER INC,-1.0
2021-11-01,17700,CDAY,CERIDIAN H C M HOLDING INC,-1.0
2021-11-01,17948,ALLK,ALLAKOS INC,-1.0
2021-11-01,18100,ARVN,ARVINAS INC,-1.0
2021-11-01,18134,UPWK,UPWORK INC,-1.0
2021-11-01,18203,KOD,KODIAK SCIENCES INC,-1.0
2021-11-01,21792,CNP,CENTERPOINT ENERGY INC,-1.0
2021-11-01,24328,EQT,E Q T CORP,-1.0
2021-11-01,76661,IONS,IONIS PHARMACEUTICALS INC,-1.0
2021-11-01,80539,NKTR,NEKTAR THERAPEUTICS,-1.0
2021-11-01,82670,TGTX,T G THERAPEUTICS INC,-1.0
2021-11-01,87075,ZD,ZIFF DAVIS INC,-1.0
2021-11-01,88351,INSM,INSMED INC,-1.0
2021-11-01,88853,FLR,FLUOR CORP NEW,-1.0
2021-11-01,90215,CRM,SALESFORCE COM INC,-1.0
2021-11-01,90444,ORA,ORMAT TECHNOLOGIES INC,-1.0
2021-11-01,90808,EXPE,EXPEDIA GROUP INC,-1.0
2021-11-01,91041,LYV,LIVE NATION ENTERTAINMENT INC,-1.0
2021-11-01,91579,KBR,K B R INC,-1.0
2021-11-01,93098,H,HYATT HOTELS CORP,-1.0
2021-11-01,93263,CELH,CELSIUS HOLDINGS INC,-1.0
2021-12-01,10107,MSFT,MICROSOFT CORP,1.0
2021-12-01,13610,OLN,OLIN CORP,1.0
2021-12-01,13748,TPH,TRI POINTE HOMES INC,1.0
2021-12-01,13766,BCC,BOISE CASCADE CO,1.0
2021-12-01,13788,ZTS,ZOETIS INC,1.0
2021-12-01,14414,SC,SANTANDER CONSUMER USA HLDGS INC,1.0
2021-12-01,14521,TNET,TRINET GROUP INC,1.0
2021-12-01,14574,MC,MOELIS & CO,1.0
2021-12-01,14593,AAPL,APPLE INC,1.0
2021-12-01,14702,AMAT,APPLIED MATERIALS INC,1.0
2021-12-01,15579,TXN,TEXAS INSTRUMENTS INC,1.0
2021-12-01,15623,HLI,HOULIHAN LOKEY INC,1.0
2021-12-01,16119,ATKR,ATKORE INC,1.0
2021-12-01,17126,NMRK,NEWMARK GROUP INC,1.0
2021-12-01,17672,EAF,GRAFTECH INTERNATIONAL LTD NEW,1.0
2021-12-01,18163,PG,PROCTER & GAMBLE CO,1.0
2021-12-01,20204,CR,CRANE CO,1.0
2021-12-01,20482,ABT,ABBOTT LABORATORIES,1.0
2021-12-01,21936,PFE,PFIZER INC,1.0
2021-12-01,25487,CAR,AVIS BUDGET GROUP INC,1.0
2021-12-01,37568,FELE,FRANKLIN ELECTRIC INC,1.0
2021-12-01,44943,DIOD,DIODES INC,1.0
2021-12-01,46886,KLAC,K L A CORP,1.0
2021-12-01,49429,DDS,DILLARDS INC,1.0
2021-12-01,50948,SMTC,SEMTECH CORP,1.0
2021-12-01,53613,MU,MICRON TECHNOLOGY INC,1.0
2021-12-01,56223,LPX,LOUISIANA PACIFIC CORP,1.0
2021-12-01,57809,NDSN,NORDSON CORP,1.0
2021-12-01,61313,DCI,DONALDSON INC,1.0
2021-12-01,68196,SEIC,S E I INVESTMENTS CO,1.0
2021-12-01,75510,ADBE,ADOBE INC,1.0
2021-12-01,76795,ZBRA,ZEBRA TECHNOLOGIES CORP,1.0
2021-12-01,80864,RS,RELIANCE STEEL & ALUMINUM CO,1.0
2021-12-01,84373,DGX,QUEST DIAGNOSTICS INC,1.0
2021-12-01,85427,GPI,GROUP 1 AUTOMOTIVE INC,1.0
2021-12-01,85621,MTD,METTLER TOLEDO INTERNATIONAL INC,1.0
2021-12-01,86158,CTSH,COGNIZANT TECHNOLOGY SOLS CORP,1.0
2021-12-01,88417,ACLS,AXCELIS TECHNOLOGIES INC,1.0
2021-12-01,88504,BRKR,BRUKER CORP,1.0
2021-12-01,88661,TPR,TAPESTRY INC,1.0
2021-12-01,89866,LKQ,L K Q CORP,1.0
2021-12-01,90312,WLK,WESTLAKE CHEMICAL CORP,1.0
2021-12-01,90319,GOOGL,ALPHABET INC,1.0
2021-12-01,90520,CE,CELANESE CORP DEL,1.0
2021-12-01,91413,EVR,EVERCORE INC,1.0
2021-12-01,93002,AVGO,BROADCOM INC,1.0
2021-12-01,93374,FAF,FIRST AMERICAN FINL CORP NEW,1.0
2021-12-01,62092,TMO,THERMO FISHER SCIENTIFIC INC,0.999577
2021-12-01,49680,DHR,DANAHER CORP,0.992793
2021-12-01,39490,APA,A P A CORP,0.983168
2021-12-01,62498,WST,WEST PHARMACEUTICAL SERVICES INC,0.980474
2021-12-01,48725,UNP,UNION PACIFIC CORP,0.976095
2021-12-01,86778,MKSI,M K S INSTRUMENTS INC,0.975286
2021-12-01,46674,GPC,GENUINE PARTS CO,0.974252
2021-12-01,38659,GNTX,GENTEX CORP,0.97283
2021-12-01,25953,DOV,DOVER CORP,0.971844
2021-12-01,64194,CHE,CHEMED CORP NEW,0.965895
2021-12-01,92655,UNH,UNITEDHEALTH GROUP INC,0.964666
2021-12-01,22111,JNJ,JOHNSON & JOHNSON,0.963641
2021-12-01,62148,CSX,C S X CORP,0.960719
2021-12-01,92402,MSCI,M S C I INC,0.948202
2021-12-01,76095,HOLX,HOLOGIC INC,0.944047
2021-12-01,84042,PAG,PENSKE AUTOMOTIVE GROUP INC,0.94322
2021-12-01,86594,KFY,KORN FERRY,0.942062
2021-12-01,85863,COLM,COLUMBIA SPORTSWEAR CO,0.941507
2021-12-01,75825,EOG,EOG RESOURCES INC,0.940903
2021-12-01,12062,LH,LABORATORY CORP AMERICA HLDGS,0.940394
2021-12-01,91575,HRI,HERC HOLDINGS INC,0.936289
2021-12-01,76076,CSCO,CISCO SYSTEMS INC,0.935408
2021-12-01,13837,EVTC,EVERTEC INC,0.919355
2021-12-01,82800,SCCO,SOUTHERN COPPER CORP,0.918227
2021-12-01,76709,IDXX,I D E X X LABORATORIES INC,0.912782
2021-12-01,86228,RSG,REPUBLIC SERVICES INC,0.912351
2021-12-01,22103,EMR,EMERSON ELECTRIC CO,0.910236
2021-12-01,11809,CLH,CLEAN HARBORS INC,0.901324
2021-12-01,12622,HCA,H C A HEALTHCARE INC,0.893294
2021-12-01,82651,WAT,WATERS CORP,0.892542
2021-12-01,16554,JELD,JELD WEN HOLDING INC,0.88394
2021-12-01,13802,APAM,ARTISAN PARTNERS ASSET MGMT INC,0.879164
2021-12-01,93330,PRI,PRIMERICA INC,0.877236
2021-12-01,91531,OC,OWENS CORNING NEW,0.871326
2021-12-01,85035,QRVO,QORVO INC,0.869183
2021-12-01,13901,MO,ALTRIA GROUP INC,0.863965
2021-12-01,87432,A,AGILENT TECHNOLOGIES INC,0.860968
2021-12-01,85992,MANH,MANHATTAN ASSOCIATES INC,0.860152
2021-12-01,13407,FB,META PLATFORMS INC,0.855135
2021-12-01,73139,SYK,STRYKER CORP,0.853953
2021-12-01,11600,XRAY,DENTSPLY SIRONA INC,0.851905
2021-12-01,77496,MHK,MOHAWK INDUSTRIES INC,0.848755
2021-12-01,92602,PM,PHILIP MORRIS INTERNATIONAL INC,0.844864
2021-12-01,90550,DLB,DOLBY LABORATORIES INC,0.828035
2021-12-01,13543,GMED,GLOBUS MEDICAL INC,0.811411
2021-12-01,93035,SEM,SELECT MEDICAL HOLDINGS CORP,0.811221
2021-12-01,78664,DDD,3 D SYSTEMS CORP DEL,0.808905
2021-12-01,86047,AMKR,AMKOR TECHNOLOGY INC,0.785864
2021-12-01,82547,AEIS,ADVANCED ENERGY INDUSTRIES INC,0.779664
2021-12-01,14716,CCS,CENTURY COMMUNITIES INC,0.77886
2021-12-01,77520,AGCO,A G C O CORP,0.77814
2021-12-01,89753,FORM,FORMFACTOR INC,0.721659
2021-12-01,12981,FBHS,FORTUNE BRANDS HOME & SECUR INC,0.691915
2021-12-01,91500,EXLS,EXLSERVICE HOLDINGS INC,0.689372
2021-12-01,21371,CAH,CARDINAL HEALTH INC,0.670375
2021-12-01,11343,SAFM,SANDERSON FARMS INC,0.584975
2021-12-01,16290,FLGT,FULGENT GENETICS INC,0.546934
2021-12-01,76573,MLI,MUELLER INDUSTRIES INC,0.540446
2021-12-01,79758,BYD,BOYD GAMING CORP,0.511143
2021-12-01,14008,AMGN,AMGEN INC,0.497294
2021-12-01,91277,QRTEA,QURATE RETAIL INC,0.325805
2021-12-01,10397,WERN,WERNER ENTERPRISES INC,0.309243
2021-12-01,79878,UFPI,U F P INDUSTRIES INC,0.219407
2021-12-01,89968,PIPR,PIPER SANDLER COMPANIES,0.189085
2021-12-01,83976,ANF,ABERCROMBIE & FITCH CO,0.178286
2021-12-01,22752,MRK,MERCK & CO INC NEW,0.144075
2021-12-01,11533,FICO,FAIR ISAAC CORP,0.078248
2021-12-01,64311,NSC,NORFOLK SOUTHERN CORP,0.068036
2021-12-01,11691,MATX,MATSON INC,0.017673
2021-12-01,14295,TWTR,TWITTER INC,-0.049712
2021-12-01,92648,CFX,COLFAX CORP,-0.050499
2021-12-01,14580,MGNI,MAGNITE INC,-0.055867
2021-12-01,14325,TNDM,TANDEM DIABETES CARE INC,-0.132217
2021-12-01,24205,NEE,NEXTERA ENERGY INC,-0.211809
2021-12-01,87337,PLUG,PLUG POWER INC,-0.371165
2021-12-01,14273,CHGG,CHEGG INC,-0.409383
2021-12-01,17036,CNNE,CANNAE HOLDINGS INC,-0.419996
2021-12-01,82670,TGTX,T G THERAPEUTICS INC,-0.486823
2021-12-01,14797,CDNA,CAREDX INC,-0.524187
2021-12-01,13169,ZNGA,ZYNGA INC,-0.556149
2021-12-01,90505,LVS,LAS VEGAS SANDS CORP,-0.568863
2021-12-01,90248,DPZ,DOMINOS PIZZA INC,-0.599642
2021-12-01,17367,LPRO,OPEN LENDING CORP,-0.611465
2021-12-01,16595,SNAP,SNAP INC,-0.625458
2021-12-01,17855,AVLR,AVALARA INC,-0.64173
2021-12-01,89353,JBLU,JETBLUE AIRWAYS CORP,-0.658996
2021-12-01,91659,ALGT,ALLEGIANT TRAVEL CO,-0.686691
2021-12-01,87430,KTOS,KRATOS DEFENSE & SECUR SOLS INC,-0.691677
2021-12-01,14641,ZEN,ZENDESK INC,-0.698515
2021-12-01,93263,CELH,CELSIUS HOLDINGS INC,-0.708721
2021-12-01,58683,LUV,SOUTHWEST AIRLINES CO,-0.722272
2021-12-01,14054,MRTX,MIRATI THERAPEUTICS INC,-0.72353
2021-12-01,13379,SPLK,SPLUNK INC,-0.73409
2021-12-01,91926,DAL,DELTA AIR LINES INC,-0.749625
2021-12-01,14472,VRNS,VARONIS SYSTEMS INC,-0.750665
2021-12-01,17342,DBX,DROPBOX INC,-0.775998
2021-12-01,19561,BA,BOEING CO,-0.77656
2021-12-01,17948,ALLK,ALLAKOS INC,-0.778938
2021-12-01,18134,UPWK,UPWORK INC,-0.790703
2021-12-01,14988,LBRDK,LIBERTY BROADBAND CORP,-0.809277
2021-12-01,15506,CYRX,CRYOPORT INC,-0.814771
2021-12-01,14882,CZR,CAESARS ENTERTAINMENT INC DE,-0.822814
2021-12-01,76661,IONS,IONIS PHARMACEUTICALS INC,-0.831459
2021-12-01,80069,ARWR,ARROWHEAD PHARMACEUTICALS INC,-0.845641
2021-12-01,91594,SPR,SPIRIT AEROSYSTEMS HOLDINGS INC,-0.85668
2021-12-01,32870,HRL,HORMEL FOODS CORP,-0.862058
2021-12-01,17688,GSHD,GOOSEHEAD INSURANCE INC,-0.862226
2021-12-01,14329,ARMK,ARAMARK,-0.867185
2021-12-01,16381,BL,BLACKLINE INC,-0.867379
2021-12-01,18100,ARVN,ARVINAS INC,-0.873252
2021-12-01,85002,SRPT,SAREPTA THERAPEUTICS INC,-0.873735
2021-12-01,88421,ARNA,ARENA PHARMACEUTICALS INC,-0.880708
2021-12-01,14179,AR,ANTERO RESOURCES CORP,-0.8837
2021-12-01,87075,ZD,ZIFF DAVIS INC,-0.887693
2021-12-01,15694,PEN,PENUMBRA INC,-0.888222
2021-12-01,91103,UAL,UNITED AIRLINES HOLDINGS INC,-0.888298
2021-12-01,88863,EXAS,EXACT SCIENCES CORP,-0.894317
2021-12-01,91152,TDG,TRANSDIGM GROUP INC,-0.901515
2021-12-01,15145,BOX,BOX INC,-0.906266
2021-12-01,16678,KR,KROGER CO,-0.906597
2021-12-01,89031,AXON,AXON ENTERPRISE INC,-0.907224
2021-12-01,15649,MSGS,MADISON SQUARE GARD SPORTS CORP,-0.908984
2021-12-01,17987,VRT,VERTIV HOLDINGS CO,-0.910437
2021-12-01,15272,SEDG,SOLAREDGE TECHNOLOGIES INC,-0.924057
2021-12-01,93098,H,HYATT HOTELS CORP,-0.924486
2021-12-01,15351,FTAI,FORTRESS TRANS AND INFR INV LLC,-0.928704
2021-12-01,14338,HLT,HILTON WORLDWIDE HOLDINGS INC,-0.938268
2021-12-01,40272,IFF,INTERNATIONAL FLAVORS & FRAG INC,-0.943884
2021-12-01,15452,EVH,EVOLENT HEALTH INC,-0.95044
2021-12-01,90215,CRM,SALESFORCE COM INC,-0.950805
2021-12-01,14811,FWONK,LIBERTY MEDIA CORP 3RD NEW,-0.965134
2021-12-01,90808,EXPE,EXPEDIA GROUP INC,-0.979763
2021-12-01,16140,TWLO,TWILIO INC,-0.982074
2021-12-01,10158,AMRC,AMERESCO INC,-1.0
2021-12-01,12360,PACB,PACIFIC BIOSCIENCES CALIF INC,-1.0
2021-12-01,12591,APO,APOLLO GLOBAL MANAGEMENT INC,-1.0
2021-12-01,13181,GWRE,GUIDEWIRE SOFTWARE INC,-1.0
2021-12-01,13262,CCXI,CHEMOCENTRYX INC,-1.0
2021-12-01,13511,PANW,PALO ALTO NETWORKS INC,-1.0
2021-12-01,13688,PCG,P G & E CORP,-1.0
2021-12-01,13704,NEO,NEOGENOMICS INC,-1.0
2021-12-01,13967,PTCT,P T C THERAPEUTICS INC,-1.0
2021-12-01,14136,RNG,RINGCENTRAL INC,-1.0
2021-12-01,14159,MNDT,MANDIANT INC,-1.0
2021-12-01,14432,ITCI,INTRA CELLULAR THERAPIES INC,-1.0
2021-12-01,14436,RARE,ULTRAGENYX PHARMACEUTICALS INC,-1.0
2021-12-01,14516,QTWO,Q 2 HOLDINGS INC,-1.0
2021-12-01,14596,FIVN,FIVE 9 INC,-1.0
2021-12-01,14782,TRUP,TRUPANION INC,-1.0
2021-12-01,15067,FRPT,FRESHPET INC,-1.0
2021-12-01,15108,NEWR,NEW RELIC INC,-1.0
2021-12-01,15284,BPMC,BLUEPRINT MEDICINES CORP,-1.0
2021-12-01,15534,NTRA,NATERA INC,-1.0
2021-12-01,15541,RPD,RAPID7 INC,-1.0
2021-12-01,15627,PLNT,PLANET FITNESS INC,-1.0
2021-12-01,15729,PSTG,PURE STORAGE INC,-1.0
2021-12-01,16064,NTLA,INTELLIA THERAPEUTICS INC,-1.0
2021-12-01,16382,COUP,COUPA SOFTWARE INC,-1.0
2021-12-01,16597,AYX,ALTERYX INC,-1.0
2021-12-01,16649,OKTA,OKTA INC,-1.0
2021-12-01,16736,VST,VISTRA CORP,-1.0
2021-12-01,16966,SWCH,SWITCH INC,-1.0
2021-12-01,16968,MDB,MONGODB INC,-1.0
2021-12-01,17037,SAIL,SAILPOINT TECHNOLOGIES HLDGS INC,-1.0
2021-12-01,17104,APLS,APELLIS PHARMACEUTICALS INC,-1.0
2021-12-01,17341,ZS,ZSCALER INC,-1.0
2021-12-01,17700,CDAY,CERIDIAN H C M HOLDING INC,-1.0
2021-12-01,17701,SMAR,SMARTSHEET INC,-1.0
2021-12-01,17949,BE,BLOOM ENERGY CORP,-1.0
2021-12-01,18135,GH,GUARDANT HEALTH INC,-1.0
2021-12-01,18203,KOD,KODIAK SCIENCES INC,-1.0
2021-12-01,18214,TWST,TWIST BIOSCIENCE CORP,-1.0
2021-12-01,21792,CNP,CENTERPOINT ENERGY INC,-1.0
2021-12-01,24328,EQT,E Q T CORP,-1.0
2021-12-01,80539,NKTR,NEKTAR THERAPEUTICS,-1.0
2021-12-01,82634,SAM,BOSTON BEER INC,-1.0
2021-12-01,85738,MRCY,MERCURY SYSTEMS INC,-1.0
2021-12-01,88351,INSM,INSMED INC,-1.0
2021-12-01,88853,FLR,FLUOR CORP NEW,-1.0
2021-12-01,89301,GME,GAMESTOP CORP NEW,-1.0
2021-12-01,90178,ALNY,ALNYLAM PHARMACEUTICALS INC,-1.0
2021-12-01,90444,ORA,ORMAT TECHNOLOGIES INC,-1.0
2021-12-01,91041,LYV,LIVE NATION ENTERTAINMENT INC,-1.0
2021-12-01,91237,VG,VONAGE HOLDINGS CORP,-1.0
2021-12-01,91579,KBR,K B R INC,-1.0
2021-12-01,92040,FOLD,AMICUS THERAPEUTICS INC,-1.0
2022-01-01,10107,MSFT,MICROSOFT CORP,1.0
2022-01-01,12062,LH,LABORATORY CORP AMERICA HLDGS,1.0
2022-01-01,12622,HCA,H C A HEALTHCARE INC,1.0
2022-01-01,13610,OLN,OLIN CORP,1.0
2022-01-01,13748,TPH,TRI POINTE HOMES INC,1.0
2022-01-01,13766,BCC,BOISE CASCADE CO,1.0
2022-01-01,13788,ZTS,ZOETIS INC,1.0
2022-01-01,13837,EVTC,EVERTEC INC,1.0
2022-01-01,14574,MC,MOELIS & CO,1.0
2022-01-01,14593,AAPL,APPLE INC,1.0
2022-01-01,14702,AMAT,APPLIED MATERIALS INC,1.0
2022-01-01,15623,HLI,HOULIHAN LOKEY INC,1.0
2022-01-01,16119,ATKR,ATKORE INC,1.0
2022-01-01,17126,NMRK,NEWMARK GROUP INC,1.0
2022-01-01,17672,EAF,GRAFTECH INTERNATIONAL LTD NEW,1.0
2022-01-01,18163,PG,PROCTER & GAMBLE CO,1.0
2022-01-01,20204,CR,CRANE CO,1.0
2022-01-01,20482,ABT,ABBOTT LABORATORIES,1.0
2022-01-01,21936,PFE,PFIZER INC,1.0
2022-01-01,22111,JNJ,JOHNSON & JOHNSON,1.0
2022-01-01,22752,MRK,MERCK & CO INC NEW,1.0
2022-01-01,25487,CAR,AVIS BUDGET GROUP INC,1.0
2022-01-01,25953,DOV,DOVER CORP,1.0
2022-01-01,37568,FELE,FRANKLIN ELECTRIC INC,1.0
2022-01-01,39490,APA,A P A CORP,1.0
2022-01-01,44943,DIOD,DIODES INC,1.0
2022-01-01,46674,GPC,GENUINE PARTS CO,1.0
2022-01-01,46886,KLAC,K L A CORP,1.0
2022-01-01,48725,UNP,UNION PACIFIC CORP,1.0
2022-01-01,49429,DDS,DILLARDS INC,1.0
2022-01-01,49680,DHR,DANAHER CORP,1.0
2022-01-01,50948,SMTC,SEMTECH CORP,1.0
2022-01-01,53613,MU,MICRON TECHNOLOGY INC,1.0
2022-01-01,56223,LPX,LOUISIANA PACIFIC CORP,1.0
2022-01-01,57809,NDSN,NORDSON CORP,1.0
2022-01-01,61313,DCI,DONALDSON INC,1.0
2022-01-01,62092,TMO,THERMO FISHER SCIENTIFIC INC,1.0
2022-01-01,62148,CSX,C S X CORP,1.0
2022-01-01,62498,WST,WEST PHARMACEUTICAL SERVICES INC,1.0
2022-01-01,64194,CHE,CHEMED CORP NEW,1.0
2022-01-01,68196,SEIC,S E I INVESTMENTS CO,1.0
2022-01-01,75825,EOG,EOG RESOURCES INC,1.0
2022-01-01,76076,CSCO,CISCO SYSTEMS INC,1.0
2022-01-01,76573,MLI,MUELLER INDUSTRIES INC,1.0
2022-01-01,76795,ZBRA,ZEBRA TECHNOLOGIES CORP,1.0
2022-01-01,80864,RS,RELIANCE STEEL & ALUMINUM CO,1.0
2022-01-01,82651,WAT,WATERS CORP,1.0
2022-01-01,84042,PAG,PENSKE AUTOMOTIVE GROUP INC,1.0
2022-01-01,84373,DGX,QUEST DIAGNOSTICS INC,1.0
2022-01-01,85035,QRVO,QORVO INC,1.0
2022-01-01,85427,GPI,GROUP 1 AUTOMOTIVE INC,1.0
2022-01-01,85621,MTD,METTLER TOLEDO INTERNATIONAL INC,1.0
2022-01-01,85863,COLM,COLUMBIA SPORTSWEAR CO,1.0
2022-01-01,85992,MANH,MANHATTAN ASSOCIATES INC,1.0
2022-01-01,86158,CTSH,COGNIZANT TECHNOLOGY SOLS CORP,1.0
2022-01-01,86594,KFY,KORN FERRY,1.0
2022-01-01,88417,ACLS,AXCELIS TECHNOLOGIES INC,1.0
2022-01-01,88504,BRKR,BRUKER CORP,1.0
2022-01-01,88661,TPR,TAPESTRY INC,1.0
2022-01-01,89179,ANTM,ANTHEM INC,1.0
2022-01-01,89866,LKQ,L K Q CORP,1.0
2022-01-01,89968,PIPR,PIPER SANDLER COMPANIES,1.0
2022-01-01,90312,WLK,WESTLAKE CHEMICAL CORP,1.0
2022-01-01,90319,GOOGL,ALPHABET INC,1.0
2022-01-01,90520,CE,CELANESE CORP DEL,1.0
2022-01-01,90550,DLB,DOLBY LABORATORIES INC,1.0
2022-01-01,91413,EVR,EVERCORE INC,1.0
2022-01-01,92602,PM,PHILIP MORRIS INTERNATIONAL INC,1.0
2022-01-01,92655,UNH,UNITEDHEALTH GROUP INC,1.0
2022-01-01,93002,AVGO,BROADCOM INC,1.0
2022-01-01,93374,FAF,FIRST AMERICAN FINL CORP NEW,1.0
2022-01-01,76709,IDXX,I D E X X LABORATORIES INC,0.988362
2022-01-01,38659,GNTX,GENTEX CORP,0.984632
2022-01-01,15579,TXN,TEXAS INSTRUMENTS INC,0.97966
2022-01-01,13901,MO,ALTRIA GROUP INC,0.978585
2022-01-01,11600,XRAY,DENTSPLY SIRONA INC,0.97698
2022-01-01,82800,SCCO,SOUTHERN COPPER CORP,0.96855
2022-01-01,76095,HOLX,HOLOGIC INC,0.967102
2022-01-01,86228,RSG,REPUBLIC SERVICES INC,0.965061
2022-01-01,22103,EMR,EMERSON ELECTRIC CO,0.963335
2022-01-01,16554,JELD,JELD WEN HOLDING INC,0.961586
2022-01-01,14521,TNET,TRINET GROUP INC,0.949684
2022-01-01,13802,APAM,ARTISAN PARTNERS ASSET MGMT INC,0.936301
2022-01-01,91531,OC,OWENS CORNING NEW,0.929398
2022-01-01,92402,MSCI,M S C I INC,0.922892
2022-01-01,77496,MHK,MOHAWK INDUSTRIES INC,0.92105
2022-01-01,93330,PRI,PRIMERICA INC,0.913661
2022-01-01,87432,A,AGILENT TECHNOLOGIES INC,0.910833
2022-01-01,86047,AMKR,AMKOR TECHNOLOGY INC,0.90551
2022-01-01,93035,SEM,SELECT MEDICAL HOLDINGS CORP,0.88821
2022-01-01,11809,CLH,CLEAN HARBORS INC,0.886425
2022-01-01,13407,FB,META PLATFORMS INC,0.886415
2022-01-01,77462,M,MACYS INC,0.881528
2022-01-01,91575,HRI,HERC HOLDINGS INC,0.859873
2022-01-01,90925,FNF,FIDELITY NATIONAL FINL INC NEW,0.846601
2022-01-01,75510,ADBE,ADOBE INC,0.846481
2022-01-01,77520,AGCO,A G C O CORP,0.769131
2022-01-01,91500,EXLS,EXLSERVICE HOLDINGS INC,0.768417
2022-01-01,78664,DDD,3 D SYSTEMS CORP DEL,0.764819
2022-01-01,21371,CAH,CARDINAL HEALTH INC,0.753722
2022-01-01,11343,SAFM,SANDERSON FARMS INC,0.595216
2022-01-01,16290,FLGT,FULGENT GENETICS INC,0.588245
2022-01-01,79758,BYD,BOYD GAMING CORP,0.571808
2022-01-01,14008,AMGN,AMGEN INC,0.562499
2022-01-01,17929,UGI,U G I CORP NEW,0.227855
2022-01-01,92611,V,VISA INC,0.083708
2022-01-01,64311,NSC,NORFOLK SOUTHERN CORP,0.076351
2022-01-01,11691,MATX,MATSON INC,0.019514
2022-01-01,14295,TWTR,TWITTER INC,-0.048895
2022-01-01,14580,MGNI,MAGNITE INC,-0.055451
2022-01-01,14325,TNDM,TANDEM DIABETES CARE INC,-0.154841
2022-01-01,24205,NEE,NEXTERA ENERGY INC,-0.227855
2022-01-01,17036,CNNE,CANNAE HOLDINGS INC,-0.499223
2022-01-01,10777,FCNCA,FIRST CITIZENS BANCSHARES INC NC,-0.528803
2022-01-01,14797,CDNA,CAREDX INC,-0.552585
2022-01-01,13169,ZNGA,ZYNGA INC,-0.590237
2022-01-01,17367,LPRO,OPEN LENDING CORP,-0.591428
2022-01-01,90505,LVS,LAS VEGAS SANDS CORP,-0.601085
2022-01-01,16595,SNAP,SNAP INC,-0.617796
2022-01-01,91152,TDG,TRANSDIGM GROUP INC,-0.621439
2022-01-01,90248,DPZ,DOMINOS PIZZA INC,-0.646741
2022-01-01,87430,KTOS,KRATOS DEFENSE & SECUR SOLS INC,-0.680752
2022-01-01,58683,LUV,SOUTHWEST AIRLINES CO,-0.696847
2022-01-01,13379,SPLK,SPLUNK INC,-0.702008
2022-01-01,14472,VRNS,VARONIS SYSTEMS INC,-0.706714
2022-01-01,14641,ZEN,ZENDESK INC,-0.713382
2022-01-01,15506,CYRX,CRYOPORT INC,-0.725563
2022-01-01,92050,PODD,INSULET CORP,-0.749787
2022-01-01,17342,DBX,DROPBOX INC,-0.773739
2022-01-01,14054,MRTX,MIRATI THERAPEUTICS INC,-0.77596
2022-01-01,19561,BA,BOEING CO,-0.790128
2022-01-01,80069,ARWR,ARROWHEAD PHARMACEUTICALS INC,-0.800315
2022-01-01,16382,COUP,COUPA SOFTWARE INC,-0.803604
2022-01-01,16343,YUMC,YUM CHINA HOLDINGS INC,-0.808222
2022-01-01,91926,DAL,DELTA AIR LINES INC,-0.809213
2022-01-01,14988,LBRDK,LIBERTY BROADBAND CORP,-0.841887
2022-01-01,14882,CZR,CAESARS ENTERTAINMENT INC DE,-0.854367
2022-01-01,87075,ZD,ZIFF DAVIS INC,-0.864168
2022-01-01,14179,AR,ANTERO RESOURCES CORP,-0.880621
2022-01-01,17987,VRT,VERTIV HOLDINGS CO,-0.886585
2022-01-01,16140,TWLO,TWILIO INC,-0.903724
2022-01-01,15649,MSGS,MADISON SQUARE GARD SPORTS CORP,-0.916627
2022-01-01,91103,UAL,UNITED AIRLINES HOLDINGS INC,-0.920189
2022-01-01,17341,ZS,ZSCALER INC,-0.926036
2022-01-01,18100,ARVN,ARVINAS INC,-0.948611
2022-01-01,76661,IONS,IONIS PHARMACEUTICALS INC,-0.95471
2022-01-01,14329,ARMK,ARAMARK,-0.956701
2022-01-01,40272,IFF,INTERNATIONAL FLAVORS & FRAG INC,-0.96855
2022-01-01,85002,SRPT,SAREPTA THERAPEUTICS INC,-0.973581
2022-01-01,91594,SPR,SPIRIT AEROSYSTEMS HOLDINGS INC,-0.975205
2022-01-01,13181,GWRE,GUIDEWIRE SOFTWARE INC,-0.97578
2022-01-01,16678,KR,KROGER CO,-0.987962
2022-01-01,15108,NEWR,NEW RELIC INC,-0.992083
2022-01-01,10158,AMRC,AMERESCO INC,-1.0
2022-01-01,12360,PACB,PACIFIC BIOSCIENCES CALIF INC,-1.0
2022-01-01,12591,APO,APOLLO GLOBAL MANAGEMENT INC,-1.0
2022-01-01,13262,CCXI,CHEMOCENTRYX INC,-1.0
2022-01-01,13511,PANW,PALO ALTO NETWORKS INC,-1.0
2022-01-01,13688,PCG,P G & E CORP,-1.0
2022-01-01,13704,NEO,NEOGENOMICS INC,-1.0
2022-01-01,13967,PTCT,P T C THERAPEUTICS INC,-1.0
2022-01-01,14136,RNG,RINGCENTRAL INC,-1.0
2022-01-01,14159,MNDT,MANDIANT INC,-1.0
2022-01-01,14338,HLT,HILTON WORLDWIDE HOLDINGS INC,-1.0
2022-01-01,14432,ITCI,INTRA CELLULAR THERAPIES INC,-1.0
2022-01-01,14436,RARE,ULTRAGENYX PHARMACEUTICALS INC,-1.0
2022-01-01,14516,QTWO,Q 2 HOLDINGS INC,-1.0
2022-01-01,14596,FIVN,FIVE 9 INC,-1.0
2022-01-01,14782,TRUP,TRUPANION INC,-1.0
2022-01-01,14811,FWONK,LIBERTY MEDIA CORP 3RD NEW,-1.0
2022-01-01,15067,FRPT,FRESHPET INC,-1.0
2022-01-01,15145,BOX,BOX INC,-1.0
2022-01-01,15222,IOVA,IOVANCE BIOTHERAPEUTICS INC,-1.0
2022-01-01,15284,BPMC,BLUEPRINT MEDICINES CORP,-1.0
2022-01-01,15351,FTAI,FORTRESS TRANS AND INFR INV LLC,-1.0
2022-01-01,15452,EVH,EVOLENT HEALTH INC,-1.0
2022-01-01,15534,NTRA,NATERA INC,-1.0
2022-01-01,15541,RPD,RAPID7 INC,-1.0
2022-01-01,15627,PLNT,PLANET FITNESS INC,-1.0
2022-01-01,15694,PEN,PENUMBRA INC,-1.0
2022-01-01,16064,NTLA,INTELLIA THERAPEUTICS INC,-1.0
2022-01-01,16381,BL,BLACKLINE INC,-1.0
2022-01-01,16597,AYX,ALTERYX INC,-1.0
2022-01-01,16649,OKTA,OKTA INC,-1.0
2022-01-01,16736,VST,VISTRA CORP,-1.0
2022-01-01,16966,SWCH,SWITCH INC,-1.0
2022-01-01,16968,MDB,MONGODB INC,-1.0
2022-01-01,17037,SAIL,SAILPOINT TECHNOLOGIES HLDGS INC,-1.0
2022-01-01,17104,APLS,APELLIS PHARMACEUTICALS INC,-1.0
2022-01-01,17688,GSHD,GOOSEHEAD INSURANCE INC,-1.0
2022-01-01,17700,CDAY,CERIDIAN H C M HOLDING INC,-1.0
2022-01-01,17701,SMAR,SMARTSHEET INC,-1.0
2022-01-01,17855,AVLR,AVALARA INC,-1.0
2022-01-01,17949,BE,BLOOM ENERGY CORP,-1.0
2022-01-01,18134,UPWK,UPWORK INC,-1.0
2022-01-01,18135,GH,GUARDANT HEALTH INC,-1.0
2022-01-01,18203,KOD,KODIAK SCIENCES INC,-1.0
2022-01-01,18214,TWST,TWIST BIOSCIENCE CORP,-1.0
2022-01-01,21792,CNP,CENTERPOINT ENERGY INC,-1.0
2022-01-01,24328,EQT,E Q T CORP,-1.0
2022-01-01,32870,HRL,HORMEL FOODS CORP,-1.0
2022-01-01,53859,MSEX,MIDDLESEX WATER CO,-1.0
2022-01-01,80539,NKTR,NEKTAR THERAPEUTICS,-1.0
2022-01-01,82634,SAM,BOSTON BEER INC,-1.0
2022-01-01,82686,CTXS,CITRIX SYSTEMS INC,-1.0
2022-01-01,85738,MRCY,MERCURY SYSTEMS INC,-1.0
2022-01-01,87337,PLUG,PLUG POWER INC,-1.0
2022-01-01,88351,INSM,INSMED INC,-1.0
2022-01-01,88421,ARNA,ARENA PHARMACEUTICALS INC,-1.0
2022-01-01,88853,FLR,FLUOR CORP NEW,-1.0
2022-01-01,88863,EXAS,EXACT SCIENCES CORP,-1.0
2022-01-01,90178,ALNY,ALNYLAM PHARMACEUTICALS INC,-1.0
2022-01-01,90444,ORA,ORMAT TECHNOLOGIES INC,-1.0
2022-01-01,90808,EXPE,EXPEDIA GROUP INC,-1.0
2022-01-01,91041,LYV,LIVE NATION ENTERTAINMENT INC,-1.0
2022-01-01,91579,KBR,K B R INC,-1.0
2022-01-01,92040,FOLD,AMICUS THERAPEUTICS INC,-1.0
2022-01-01,92648,CFX,COLFAX CORP,-1.0
2022-01-01,93098,H,HYATT HOTELS CORP,-1.0
2022-01-01,93263,CELH,CELSIUS HOLDINGS INC,-1.0
2022-02-01,10107,MSFT,MICROSOFT CORP,1.0
2022-02-01,12062,LH,LABORATORY CORP AMERICA HLDGS,1.0
2022-02-01,13610,OLN,OLIN CORP,1.0
2022-02-01,13748,TPH,TRI POINTE HOMES INC,1.0
2022-02-01,13788,ZTS,ZOETIS INC,1.0
2022-02-01,13901,MO,ALTRIA GROUP INC,1.0
2022-02-01,13936,PVH,P V H CORP,1.0
2022-02-01,14541,CVX,CHEVRON CORP NEW,1.0
2022-02-01,15623,HLI,HOULIHAN LOKEY INC,1.0
2022-02-01,17672,EAF,GRAFTECH INTERNATIONAL LTD NEW,1.0
2022-02-01,17929,UGI,U G I CORP NEW,1.0
2022-02-01,20204,CR,CRANE CO,1.0
2022-02-01,20482,ABT,ABBOTT LABORATORIES,1.0
2022-02-01,21936,PFE,PFIZER INC,1.0
2022-02-01,22111,JNJ,JOHNSON & JOHNSON,1.0
2022-02-01,22752,MRK,MERCK & CO INC NEW,1.0
2022-02-01,22779,MSI,MOTOROLA SOLUTIONS INC,1.0
2022-02-01,25487,CAR,AVIS BUDGET GROUP INC,1.0
2022-02-01,39490,APA,A P A CORP,1.0
2022-02-01,44943,DIOD,DIODES INC,1.0
2022-02-01,49429,DDS,DILLARDS INC,1.0
2022-02-01,49680,DHR,DANAHER CORP,1.0
2022-02-01,50948,SMTC,SEMTECH CORP,1.0
2022-02-01,53613,MU,MICRON TECHNOLOGY INC,1.0
2022-02-01,70228,TOL,TOLL BROTHERS INC,1.0
2022-02-01,75825,EOG,EOG RESOURCES INC,1.0
2022-02-01,76076,CSCO,CISCO SYSTEMS INC,1.0
2022-02-01,76095,HOLX,HOLOGIC INC,1.0
2022-02-01,76573,MLI,MUELLER INDUSTRIES INC,1.0
2022-02-01,76795,ZBRA,ZEBRA TECHNOLOGIES CORP,1.0
2022-02-01,80864,RS,RELIANCE STEEL & ALUMINUM CO,1.0
2022-02-01,82800,SCCO,SOUTHERN COPPER CORP,1.0
2022-02-01,85035,QRVO,QORVO INC,1.0
2022-02-01,85621,MTD,METTLER TOLEDO INTERNATIONAL INC,1.0
2022-02-01,85863,COLM,COLUMBIA SPORTSWEAR CO,1.0
2022-02-01,85992,MANH,MANHATTAN ASSOCIATES INC,1.0
2022-02-01,86047,AMKR,AMKOR TECHNOLOGY INC,1.0
2022-02-01,86158,CTSH,COGNIZANT TECHNOLOGY SOLS CORP,1.0
2022-02-01,88417,ACLS,AXCELIS TECHNOLOGIES INC,1.0
2022-02-01,88615,ITGR,INTEGER HOLDINGS CORP,1.0
2022-02-01,89968,PIPR,PIPER SANDLER COMPANIES,1.0
2022-02-01,90312,WLK,WESTLAKE CHEMICAL CORP,1.0
2022-02-01,90319,GOOGL,ALPHABET INC,1.0
2022-02-01,90550,DLB,DOLBY LABORATORIES INC,1.0
2022-02-01,91413,EVR,EVERCORE INC,1.0
2022-02-01,91500,EXLS,EXLSERVICE HOLDINGS INC,1.0
2022-02-01,91516,AWI,ARMSTRONG WORLD INDS INC NEW,1.0
2022-02-01,92602,PM,PHILIP MORRIS INTERNATIONAL INC,1.0
2022-02-01,92655,UNH,UNITEDHEALTH GROUP INC,1.0
2022-02-01,93002,AVGO,BROADCOM INC,1.0
2022-02-01,18163,PG,PROCTER & GAMBLE CO,0.986088
2022-02-01,14593,AAPL,APPLE INC,0.984244
2022-02-01,48725,UNP,UNION PACIFIC CORP,0.970662
2022-02-01,16119,ATKR,ATKORE INC,0.969288
2022-02-01,68196,SEIC,S E I INVESTMENTS CO,0.961722
2022-02-01,22103,EMR,EMERSON ELECTRIC CO,0.952723
2022-02-01,93374,FAF,FIRST AMERICAN FINL CORP NEW,0.952404
2022-02-01,89179,ANTM,ANTHEM INC,0.951309
2022-02-01,46674,GPC,GENUINE PARTS CO,0.950241
2022-02-01,84042,PAG,PENSKE AUTOMOTIVE GROUP INC,0.94782
2022-02-01,61313,DCI,DONALDSON INC,0.939207
2022-02-01,15579,TXN,TEXAS INSTRUMENTS INC,0.938991
2022-02-01,25953,DOV,DOVER CORP,0.935584
2022-02-01,11600,XRAY,DENTSPLY SIRONA INC,0.935434
2022-02-01,88661,TPR,TAPESTRY INC,0.934685
2022-02-01,12622,HCA,H C A HEALTHCARE INC,0.934293
2022-02-01,13766,BCC,BOISE CASCADE CO,0.929661
2022-02-01,90520,CE,CELANESE CORP DEL,0.92647
2022-02-01,87432,A,AGILENT TECHNOLOGIES INC,0.921228
2022-02-01,93330,PRI,PRIMERICA INC,0.92
2022-02-01,37568,FELE,FRANKLIN ELECTRIC INC,0.917892
2022-02-01,89866,LKQ,L K Q CORP,0.914332
2022-02-01,91531,OC,OWENS CORNING NEW,0.914311
2022-02-01,57809,NDSN,NORDSON CORP,0.910913
2022-02-01,62148,CSX,C S X CORP,0.910062
2022-02-01,46886,KLAC,K L A CORP,0.905003
2022-02-01,14574,MC,MOELIS & CO,0.903331
2022-02-01,64194,CHE,CHEMED CORP NEW,0.886297
2022-02-01,86228,RSG,REPUBLIC SERVICES INC,0.883426
2022-02-01,91575,HRI,HERC HOLDINGS INC,0.881256
2022-02-01,14702,AMAT,APPLIED MATERIALS INC,0.87807
2022-02-01,86594,KFY,KORN FERRY,0.876491
2022-02-01,13837,EVTC,EVERTEC INC,0.873105
2022-02-01,62092,TMO,THERMO FISHER SCIENTIFIC INC,0.871157
2022-02-01,85427,GPI,GROUP 1 AUTOMOTIVE INC,0.869795
2022-02-01,77462,M,MACYS INC,0.86196
2022-02-01,82651,WAT,WATERS CORP,0.859108
2022-02-01,14521,TNET,TRINET GROUP INC,0.84935
2022-02-01,13802,APAM,ARTISAN PARTNERS ASSET MGMT INC,0.849194
2022-02-01,56223,LPX,LOUISIANA PACIFIC CORP,0.847946
2022-02-01,62498,WST,WEST PHARMACEUTICAL SERVICES INC,0.838766
2022-02-01,13407,FB,META PLATFORMS INC,0.825525
2022-02-01,11809,CLH,CLEAN HARBORS INC,0.822239
2022-02-01,17126,NMRK,NEWMARK GROUP INC,0.818673
2022-02-01,90925,FNF,FIDELITY NATIONAL FINL INC NEW,0.816872
2022-02-01,92402,MSCI,M S C I INC,0.807514
2022-02-01,77496,MHK,MOHAWK INDUSTRIES INC,0.798106
2022-02-01,75510,ADBE,ADOBE INC,0.797541
2022-02-01,88504,BRKR,BRUKER CORP,0.793664
2022-02-01,84373,DGX,QUEST DIAGNOSTICS INC,0.783859
2022-02-01,76709,IDXX,I D E X X LABORATORIES INC,0.761424
2022-02-01,21371,CAH,CARDINAL HEALTH INC,0.75486
2022-02-01,93035,SEM,SELECT MEDICAL HOLDINGS CORP,0.701768
2022-02-01,78664,DDD,3 D SYSTEMS CORP DEL,0.63554
2022-02-01,11343,SAFM,SANDERSON FARMS INC,0.574506
2022-02-01,14008,AMGN,AMGEN INC,0.5679
2022-02-01,89792,CVCO,CAVCO INDUSTRIES INC DEL,0.525739
2022-02-01,79758,BYD,BOYD GAMING CORP,0.5185
2022-02-01,92611,V,VISA INC,0.087358
2022-02-01,34817,NUE,NUCOR CORP,0.073673
2022-02-01,64311,NSC,NORFOLK SOUTHERN CORP,0.069752
2022-02-01,11691,MATX,MATSON INC,0.021167
2022-02-01,14295,TWTR,TWITTER INC,-0.042433
2022-02-01,10220,BWXT,B W X TECHNOLOGIES INC,-0.10182
2022-02-01,14325,TNDM,TANDEM DIABETES CARE INC,-0.121494
2022-02-01,58683,LUV,SOUTHWEST AIRLINES CO,-0.301441
2022-02-01,75182,PII,POLARIS INC,-0.404205
2022-02-01,17036,CNNE,CANNAE HOLDINGS INC,-0.424212
2022-02-01,16595,SNAP,SNAP INC,-0.427426
2022-02-01,10777,FCNCA,FIRST CITIZENS BANCSHARES INC NC,-0.496434
2022-02-01,17367,LPRO,OPEN LENDING CORP,-0.499584
2022-02-01,14797,CDNA,CAREDX INC,-0.507849
2022-02-01,15506,CYRX,CRYOPORT INC,-0.512166
2022-02-01,90248,DPZ,DOMINOS PIZZA INC,-0.521016
2022-02-01,14472,VRNS,VARONIS SYSTEMS INC,-0.539784
2022-02-01,12360,PACB,PACIFIC BIOSCIENCES CALIF INC,-0.546388
2022-02-01,87430,KTOS,KRATOS DEFENSE & SECUR SOLS INC,-0.588084
2022-02-01,91152,TDG,TRANSDIGM GROUP INC,-0.60179
2022-02-01,14054,MRTX,MIRATI THERAPEUTICS INC,-0.631039
2022-02-01,80069,ARWR,ARROWHEAD PHARMACEUTICALS INC,-0.636837
2022-02-01,14641,ZEN,ZENDESK INC,-0.673813
2022-02-01,14882,CZR,CAESARS ENTERTAINMENT INC DE,-0.695477
2022-02-01,90505,LVS,LAS VEGAS SANDS CORP,-0.699429
2022-02-01,16140,TWLO,TWILIO INC,-0.707318
2022-02-01,17987,VRT,VERTIV HOLDINGS CO,-0.740616
2022-02-01,15534,NTRA,NATERA INC,-0.756461
2022-02-01,16968,MDB,MONGODB INC,-0.765253
2022-02-01,85002,SRPT,SAREPTA THERAPEUTICS INC,-0.773741
2022-02-01,14988,LBRDK,LIBERTY BROADBAND CORP,-0.775534
2022-02-01,17342,DBX,DROPBOX INC,-0.780326
2022-02-01,16343,YUMC,YUM CHINA HOLDINGS INC,-0.781105
2022-02-01,19561,BA,BOEING CO,-0.785854
2022-02-01,15694,PEN,PENUMBRA INC,-0.78657
2022-02-01,14782,TRUP,TRUPANION INC,-0.790808
2022-02-01,18214,TWST,TWIST BIOSCIENCE CORP,-0.792685
2022-02-01,17701,SMAR,SMARTSHEET INC,-0.803313
2022-02-01,90178,ALNY,ALNYLAM PHARMACEUTICALS INC,-0.811372
2022-02-01,92040,FOLD,AMICUS THERAPEUTICS INC,-0.814675
2022-02-01,91926,DAL,DELTA AIR LINES INC,-0.821808
2022-02-01,13169,ZNGA,ZYNGA INC,-0.836451
2022-02-01,40272,IFF,INTERNATIONAL FLAVORS & FRAG INC,-0.848089
2022-02-01,90444,ORA,ORMAT TECHNOLOGIES INC,-0.859477
2022-02-01,15222,IOVA,IOVANCE BIOTHERAPEUTICS INC,-0.87214
2022-02-01,15649,MSGS,MADISON SQUARE GARD SPORTS CORP,-0.876171
2022-02-01,14329,ARMK,ARAMARK,-0.890196
2022-02-01,91103,UAL,UNITED AIRLINES HOLDINGS INC,-0.901232
2022-02-01,91579,KBR,K B R INC,-0.911338
2022-02-01,91041,LYV,LIVE NATION ENTERTAINMENT INC,-0.914903
2022-02-01,14338,HLT,HILTON WORLDWIDE HOLDINGS INC,-0.930208
2022-02-01,15108,NEWR,NEW RELIC INC,-0.948552
2022-02-01,16678,KR,KROGER CO,-0.951464
2022-02-01,14811,FWONK,LIBERTY MEDIA CORP 3RD NEW,-0.952359
2022-02-01,93098,H,HYATT HOTELS CORP,-0.955222
2022-02-01,16736,VST,VISTRA CORP,-0.957795
2022-02-01,32870,HRL,HORMEL FOODS CORP,-0.977655
2022-02-01,15627,PLNT,PLANET FITNESS INC,-0.978538
2022-02-01,14179,AR,ANTERO RESOURCES CORP,-0.982734
2022-02-01,76661,IONS,IONIS PHARMACEUTICALS INC,-0.99765
2022-02-01,15145,BOX,BOX INC,-0.997665
2022-02-01,12060,GE,GENERAL ELECTRIC CO,-1.0
2022-02-01,12591,APO,APOLLO GLOBAL MANAGEMENT INC NEW,-1.0
2022-02-01,13181,GWRE,GUIDEWIRE SOFTWARE INC,-1.0
2022-02-01,13201,REGI,RENEWABLE ENERGY GROUP INC,-1.0
2022-02-01,13379,SPLK,SPLUNK INC,-1.0
2022-02-01,13511,PANW,PALO ALTO NETWORKS INC,-1.0
2022-02-01,13688,PCG,P G & E CORP,-1.0
2022-02-01,13704,NEO,NEOGENOMICS INC,-1.0
2022-02-01,13967,PTCT,P T C THERAPEUTICS INC,-1.0
2022-02-01,14136,RNG,RINGCENTRAL INC,-1.0
2022-02-01,14159,MNDT,MANDIANT INC,-1.0
2022-02-01,14432,ITCI,INTRA CELLULAR THERAPIES INC,-1.0
2022-02-01,14436,RARE,ULTRAGENYX PHARMACEUTICALS INC,-1.0
2022-02-01,14516,QTWO,Q 2 HOLDINGS INC,-1.0
2022-02-01,14596,FIVN,FIVE 9 INC,-1.0
2022-02-01,15067,FRPT,FRESHPET INC,-1.0
2022-02-01,15284,BPMC,BLUEPRINT MEDICINES CORP,-1.0
2022-02-01,15351,FTAI,FORTRESS TRANS AND INFR INV LLC,-1.0
2022-02-01,15452,EVH,EVOLENT HEALTH INC,-1.0
2022-02-01,15541,RPD,RAPID7 INC,-1.0
2022-02-01,16064,NTLA,INTELLIA THERAPEUTICS INC,-1.0
2022-02-01,16381,BL,BLACKLINE INC,-1.0
2022-02-01,16382,COUP,COUPA SOFTWARE INC,-1.0
2022-02-01,16597,AYX,ALTERYX INC,-1.0
2022-02-01,16649,OKTA,OKTA INC,-1.0
2022-02-01,16966,SWCH,SWITCH INC,-1.0
2022-02-01,17037,SAIL,SAILPOINT TECHNOLOGIES HLDGS INC,-1.0
2022-02-01,17104,APLS,APELLIS PHARMACEUTICALS INC,-1.0
2022-02-01,17341,ZS,ZSCALER INC,-1.0
2022-02-01,17374,RCUS,ARCUS BIOSCIENCES INC,-1.0
2022-02-01,17700,CDAY,CERIDIAN H C M HOLDING INC,-1.0
2022-02-01,17855,AVLR,AVALARA INC,-1.0
2022-02-01,18100,ARVN,ARVINAS INC,-1.0
2022-02-01,18134,UPWK,UPWORK INC,-1.0
2022-02-01,18135,GH,GUARDANT HEALTH INC,-1.0
2022-02-01,18190,AXNX,AXONICS INC,-1.0
2022-02-01,18203,KOD,KODIAK SCIENCES INC,-1.0
2022-02-01,21792,CNP,CENTERPOINT ENERGY INC,-1.0
2022-02-01,24328,EQT,E Q T CORP,-1.0
2022-02-01,46578,CLX,CLOROX CO,-1.0
2022-02-01,50017,RRC,RANGE RESOURCES CORP,-1.0
2022-02-01,52090,MKC,MCCORMICK & CO INC,-1.0
2022-02-01,54114,MLKN,MILLERKNOLL INC,-1.0
2022-02-01,78875,WOLF,WOLFSPEED INC,-1.0
2022-02-01,80539,NKTR,NEKTAR THERAPEUTICS,-1.0
2022-02-01,82634,SAM,BOSTON BEER INC,-1.0
2022-02-01,82686,CTXS,CITRIX SYSTEMS INC,-1.0
2022-02-01,85738,MRCY,MERCURY SYSTEMS INC,-1.0
2022-02-01,87075,ZD,ZIFF DAVIS INC,-1.0
2022-02-01,88351,INSM,INSMED INC,-1.0
2022-02-01,88853,FLR,FLUOR CORP NEW,-1.0
2022-02-01,88863,EXAS,EXACT SCIENCES CORP,-1.0
2022-02-01,90126,CYTK,CYTOKINETICS INC,-1.0
2022-02-01,90454,MKTX,MARKETAXESS HLDGS INC,-1.0
2022-02-01,90808,EXPE,EXPEDIA GROUP INC,-1.0
2022-02-01,91594,SPR,SPIRIT AEROSYSTEMS HOLDINGS INC,-1.0
2022-02-01,92050,PODD,INSULET CORP,-1.0
2022-02-01,92648,CFX,COLFAX CORP,-1.0
2022-02-01,93263,CELH,CELSIUS HOLDINGS INC,-1.0
2022-03-01,11691,MATX,MATSON INC,1.0
2022-03-01,11850,XOM,EXXON MOBIL CORP,1.0
2022-03-01,13610,OLN,OLIN CORP,1.0
2022-03-01,13766,BCC,BOISE CASCADE CO,1.0
2022-03-01,13788,ZTS,ZOETIS INC,1.0
2022-03-01,13901,MO,ALTRIA GROUP INC,1.0
2022-03-01,13936,PVH,P V H CORP,1.0
2022-03-01,14541,CVX,CHEVRON CORP NEW,1.0
2022-03-01,14702,AMAT,APPLIED MATERIALS INC,1.0
2022-03-01,15069,MRO,MARATHON OIL CORP,1.0
2022-03-01,17672,EAF,GRAFTECH INTERNATIONAL LTD NEW,1.0
2022-03-01,20204,CR,CRANE CO,1.0
2022-03-01,21936,PFE,PFIZER INC,1.0
2022-03-01,22111,JNJ,JOHNSON & JOHNSON,1.0
2022-03-01,22752,MRK,MERCK & CO INC NEW,1.0
2022-03-01,25487,CAR,AVIS BUDGET GROUP INC,1.0
2022-03-01,39490,APA,A P A CORP,1.0
2022-03-01,49429,DDS,DILLARDS INC,1.0
2022-03-01,53613,MU,MICRON TECHNOLOGY INC,1.0
2022-03-01,62341,PDCE,P D C ENERGY INC,1.0
2022-03-01,68196,SEIC,S E I INVESTMENTS CO,1.0
2022-03-01,75825,EOG,EOG RESOURCES INC,1.0
2022-03-01,76076,CSCO,CISCO SYSTEMS INC,1.0
2022-03-01,76095,HOLX,HOLOGIC INC,1.0
2022-03-01,76573,MLI,MUELLER INDUSTRIES INC,1.0
2022-03-01,76841,BIIB,BIOGEN INC,1.0
2022-03-01,80864,RS,RELIANCE STEEL & ALUMINUM CO,1.0
2022-03-01,82800,SCCO,SOUTHERN COPPER CORP,1.0
2022-03-01,85593,AMG,AFFILIATED MANAGERS GROUP INC,1.0
2022-03-01,85863,COLM,COLUMBIA SPORTSWEAR CO,1.0
2022-03-01,86047,AMKR,AMKOR TECHNOLOGY INC,1.0
2022-03-01,86158,CTSH,COGNIZANT TECHNOLOGY SOLS CORP,1.0
2022-03-01,86228,RSG,REPUBLIC SERVICES INC,1.0
2022-03-01,88417,ACLS,AXCELIS TECHNOLOGIES INC,1.0
2022-03-01,88615,ITGR,INTEGER HOLDINGS CORP,1.0
2022-03-01,88661,TPR,TAPESTRY INC,1.0
2022-03-01,89792,CVCO,CAVCO INDUSTRIES INC DEL,1.0
2022-03-01,89968,PIPR,PIPER SANDLER COMPANIES,1.0
2022-03-01,90312,WLK,WESTLAKE CORP,1.0
2022-03-01,90829,CF,C F INDUSTRIES HOLDINGS INC,1.0
2022-03-01,90880,AMP,AMERIPRISE FINANCIAL INC,1.0
2022-03-01,91413,EVR,EVERCORE INC,1.0
2022-03-01,91500,EXLS,EXLSERVICE HOLDINGS INC,1.0
2022-03-01,91516,AWI,ARMSTRONG WORLD INDS INC NEW,1.0
2022-03-01,92655,UNH,UNITEDHEALTH GROUP INC,1.0
2022-03-01,93002,AVGO,BROADCOM INC,1.0
2022-03-01,12062,LH,LABORATORY CORP AMERICA HLDGS,0.999603
2022-03-01,85992,MANH,MANHATTAN ASSOCIATES INC,0.998553
2022-03-01,90319,GOOGL,ALPHABET INC,0.99815
2022-03-01,92602,PM,PHILIP MORRIS INTERNATIONAL INC,0.982665
2022-03-01,48725,UNP,UNION PACIFIC CORP,0.980867
2022-03-01,50948,SMTC,SEMTECH CORP,0.975781
2022-03-01,89179,ANTM,ANTHEM INC,0.974709
2022-03-01,12622,HCA,H C A HEALTHCARE INC,0.974199
2022-03-01,22103,EMR,EMERSON ELECTRIC CO,0.967866
2022-03-01,15623,HLI,HOULIHAN LOKEY INC,0.967793
2022-03-01,44943,DIOD,DIODES INC,0.965485
2022-03-01,10107,MSFT,MICROSOFT CORP,0.962762
2022-03-01,91531,OC,OWENS CORNING NEW,0.960568
2022-03-01,49680,DHR,DANAHER CORP,0.960153
2022-03-01,18163,PG,PROCTER & GAMBLE CO,0.958036
2022-03-01,85621,MTD,METTLER TOLEDO INTERNATIONAL INC,0.956555
2022-03-01,22779,MSI,MOTOROLA SOLUTIONS INC,0.950347
2022-03-01,11600,XRAY,DENTSPLY SIRONA INC,0.948016
2022-03-01,20482,ABT,ABBOTT LABORATORIES,0.946308
2022-03-01,13748,TPH,TRI POINTE HOMES INC,0.939493
2022-03-01,85427,GPI,GROUP 1 AUTOMOTIVE INC,0.933695
2022-03-01,14593,AAPL,APPLE INC,0.931004
2022-03-01,56223,LPX,LOUISIANA PACIFIC CORP,0.921148
2022-03-01,84042,PAG,PENSKE AUTOMOTIVE GROUP INC,0.920837
2022-03-01,70228,TOL,TOLL BROTHERS INC,0.920101
2022-03-01,61313,DCI,DONALDSON INC,0.919471
2022-03-01,16119,ATKR,ATKORE INC,0.914672
2022-03-01,64194,CHE,CHEMED CORP NEW,0.904679
2022-03-01,62148,CSX,C S X CORP,0.904421
2022-03-01,37568,FELE,FRANKLIN ELECTRIC INC,0.89619
2022-03-01,15579,TXN,TEXAS INSTRUMENTS INC,0.889266
2022-03-01,57809,NDSN,NORDSON CORP,0.889159
2022-03-01,91575,HRI,HERC HOLDINGS INC,0.87718
2022-03-01,86594,KFY,KORN FERRY,0.874882
2022-03-01,77462,M,MACYS INC,0.87271
2022-03-01,46674,GPC,GENUINE PARTS CO,0.87126
2022-03-01,14521,TNET,TRINET GROUP INC,0.87036
2022-03-01,25953,DOV,DOVER CORP,0.866415
2022-03-01,87432,A,AGILENT TECHNOLOGIES INC,0.861956
2022-03-01,90550,DLB,DOLBY LABORATORIES INC,0.857603
2022-03-01,82651,WAT,WATERS CORP,0.849986
2022-03-01,88504,BRKR,BRUKER CORP,0.839164
2022-03-01,90520,CE,CELANESE CORP DEL,0.832593
2022-03-01,62498,WST,WEST PHARMACEUTICAL SERVICES INC,0.825645
2022-03-01,62092,TMO,THERMO FISHER SCIENTIFIC INC,0.815233
2022-03-01,46886,KLAC,K L A CORP,0.812496
2022-03-01,76795,ZBRA,ZEBRA TECHNOLOGIES CORP,0.811843
2022-03-01,13837,EVTC,EVERTEC INC,0.808438
2022-03-01,76709,IDXX,I D E X X LABORATORIES INC,0.799001
2022-03-01,89866,LKQ,L K Q CORP,0.782046
2022-03-01,13802,APAM,ARTISAN PARTNERS ASSET MGMT INC,0.782031
2022-03-01,14574,MC,MOELIS & CO,0.780651
2022-03-01,93330,PRI,PRIMERICA INC,0.77738
2022-03-01,84373,DGX,QUEST DIAGNOSTICS INC,0.762066
2022-03-01,92402,MSCI,M S C I INC,0.757111
2022-03-01,77496,MHK,MOHAWK INDUSTRIES INC,0.711685
2022-03-01,75510,ADBE,ADOBE INC,0.698076
2022-03-01,13210,EPAM,EPAM SYSTEMS INC,0.633229
2022-03-01,79758,BYD,BOYD GAMING CORP,0.618592
2022-03-01,14008,AMGN,AMGEN INC,0.571132
2022-03-01,11343,SAFM,SANDERSON FARMS INC,0.557599
2022-03-01,13407,FB,META PLATFORMS INC,0.556098
2022-03-01,34817,NUE,NUCOR CORP,0.095628
2022-03-01,92611,V,VISA INC,0.083613
2022-03-01,64311,NSC,NORFOLK SOUTHERN CORP,0.066078
2022-03-01,13721,ABBV,ABBVIE INC,0.058551
2022-03-01,14776,SYF,SYNCHRONY FINANCIAL,0.049112
2022-03-01,14295,TWTR,TWITTER INC,-0.040214
2022-03-01,14401,OGS,ONE GAS INC,-0.045836
2022-03-01,14325,TNDM,TANDEM DIABETES CARE INC,-0.115854
2022-03-01,10220,BWXT,B W X TECHNOLOGIES INC,-0.122199
2022-03-01,17036,CNNE,CANNAE HOLDINGS INC,-0.38131
2022-03-01,84348,VSAT,VIASAT INC,-0.415771
2022-03-01,75182,PII,POLARIS INC,-0.438515
2022-03-01,14338,HLT,HILTON WORLDWIDE HOLDINGS INC,-0.44417
2022-03-01,17987,VRT,VERTIV HOLDINGS CO,-0.462243
2022-03-01,14797,CDNA,CAREDX INC,-0.466283
2022-03-01,90248,DPZ,DOMINOS PIZZA INC,-0.495286
2022-03-01,10777,FCNCA,FIRST CITIZENS BANCSHARES INC NC,-0.502693
2022-03-01,89031,AXON,AXON ENTERPRISE INC,-0.514909
2022-03-01,80069,ARWR,ARROWHEAD PHARMACEUTICALS INC,-0.531082
2022-03-01,17367,LPRO,OPEN LENDING CORP,-0.547976
2022-03-01,15108,NEWR,NEW RELIC INC,-0.597578
2022-03-01,16140,TWLO,TWILIO INC,-0.599821
2022-03-01,91152,TDG,TRANSDIGM GROUP INC,-0.611352
2022-03-01,14472,VRNS,VARONIS SYSTEMS INC,-0.631616
2022-03-01,90505,LVS,LAS VEGAS SANDS CORP,-0.684399
2022-03-01,17701,SMAR,SMARTSHEET INC,-0.686447
2022-03-01,16968,MDB,MONGODB INC,-0.721558
2022-03-01,87430,KTOS,KRATOS DEFENSE & SECUR SOLS INC,-0.734036
2022-03-01,14782,TRUP,TRUPANION INC,-0.744126
2022-03-01,18214,TWST,TWIST BIOSCIENCE CORP,-0.746239
2022-03-01,14988,LBRDK,LIBERTY BROADBAND CORP,-0.766576
2022-03-01,14882,CZR,CAESARS ENTERTAINMENT INC DE,-0.768988
2022-03-01,15694,PEN,PENUMBRA INC,-0.771687
2022-03-01,25320,CPB,CAMPBELL SOUP CO,-0.788776
2022-03-01,14641,ZEN,ZENDESK INC,-0.79801
2022-03-01,19561,BA,BOEING CO,-0.805847
2022-03-01,15222,IOVA,IOVANCE BIOTHERAPEUTICS INC,-0.820782
2022-03-01,91926,DAL,DELTA AIR LINES INC,-0.826548
2022-03-01,16343,YUMC,YUM CHINA HOLDINGS INC,-0.843513
2022-03-01,40272,IFF,INTERNATIONAL FLAVORS & FRAG INC,-0.855009
2022-03-01,46578,CLX,CLOROX CO,-0.868493
2022-03-01,13967,PTCT,P T C THERAPEUTICS INC,-0.873169
2022-03-01,90444,ORA,ORMAT TECHNOLOGIES INC,-0.899678
2022-03-01,18100,ARVN,ARVINAS INC,-0.906532
2022-03-01,82634,SAM,BOSTON BEER INC,-0.911171
2022-03-01,15649,MSGS,MADISON SQUARE GARD SPORTS CORP,-0.912709
2022-03-01,90178,ALNY,ALNYLAM PHARMACEUTICALS INC,-0.930756
2022-03-01,15534,NTRA,NATERA INC,-0.931761
2022-03-01,91103,UAL,UNITED AIRLINES HOLDINGS INC,-0.933154
2022-03-01,15627,PLNT,PLANET FITNESS INC,-0.934243
2022-03-01,12591,APO,APOLLO GLOBAL MANAGEMENT INC NEW,-0.937975
2022-03-01,52090,MKC,MCCORMICK & CO INC,-0.948731
2022-03-01,18135,GH,GUARDANT HEALTH INC,-0.952812
2022-03-01,13379,SPLK,SPLUNK INC,-0.953006
2022-03-01,87075,ZD,ZIFF DAVIS INC,-0.95752
2022-03-01,14811,FWONK,LIBERTY MEDIA CORP 3RD NEW,-0.960239
2022-03-01,14329,ARMK,ARAMARK,-0.962325
2022-03-01,21792,CNP,CENTERPOINT ENERGY INC,-0.970458
2022-03-01,15145,BOX,BOX INC,-0.977783
2022-03-01,92648,CFX,COLFAX CORP,-0.977842
2022-03-01,32870,HRL,HORMEL FOODS CORP,-0.981129
2022-03-01,77300,SMG,SCOTTS MIRACLE GRO CO,-0.99436
2022-03-01,14516,QTWO,Q 2 HOLDINGS INC,-0.996907
2022-03-01,12060,GE,GENERAL ELECTRIC CO,-1.0
2022-03-01,13181,GWRE,GUIDEWIRE SOFTWARE INC,-1.0
2022-03-01,13201,REGI,RENEWABLE ENERGY GROUP INC,-1.0
2022-03-01,13511,PANW,PALO ALTO NETWORKS INC,-1.0
2022-03-01,13688,PCG,P G & E CORP,-1.0
2022-03-01,13704,NEO,NEOGENOMICS INC,-1.0
2022-03-01,14054,MRTX,MIRATI THERAPEUTICS INC,-1.0
2022-03-01,14136,RNG,RINGCENTRAL INC,-1.0
2022-03-01,14159,MNDT,MANDIANT INC,-1.0
2022-03-01,14179,AR,ANTERO RESOURCES CORP,-1.0
2022-03-01,14432,ITCI,INTRA CELLULAR THERAPIES INC,-1.0
2022-03-01,14436,RARE,ULTRAGENYX PHARMACEUTICALS INC,-1.0
2022-03-01,14596,FIVN,FIVE 9 INC,-1.0
2022-03-01,14828,SAGE,SAGE THERAPEUTICS INC,-1.0
2022-03-01,15067,FRPT,FRESHPET INC,-1.0
2022-03-01,15284,BPMC,BLUEPRINT MEDICINES CORP,-1.0
2022-03-01,15351,FTAI,FORTRESS TRANS AND INFR INV LLC,-1.0
2022-03-01,15452,EVH,EVOLENT HEALTH INC,-1.0
2022-03-01,15541,RPD,RAPID7 INC,-1.0
2022-03-01,16064,NTLA,INTELLIA THERAPEUTICS INC,-1.0
2022-03-01,16381,BL,BLACKLINE INC,-1.0
2022-03-01,16382,COUP,COUPA SOFTWARE INC,-1.0
2022-03-01,16597,AYX,ALTERYX INC,-1.0
2022-03-01,16649,OKTA,OKTA INC,-1.0
2022-03-01,16678,KR,KROGER CO,-1.0
2022-03-01,16736,VST,VISTRA CORP,-1.0
2022-03-01,16966,SWCH,SWITCH INC,-1.0
2022-03-01,17037,SAIL,SAILPOINT TECHNOLOGIES HLDGS INC,-1.0
2022-03-01,17104,APLS,APELLIS PHARMACEUTICALS INC,-1.0
2022-03-01,17125,DNLI,DENALI THERAPEUTICS INC,-1.0
2022-03-01,17341,ZS,ZSCALER INC,-1.0
2022-03-01,17374,RCUS,ARCUS BIOSCIENCES INC,-1.0
2022-03-01,17700,CDAY,CERIDIAN H C M HOLDING INC,-1.0
2022-03-01,17855,AVLR,AVALARA INC,-1.0
2022-03-01,18134,UPWK,UPWORK INC,-1.0
2022-03-01,18190,AXNX,AXONICS INC,-1.0
2022-03-01,24328,EQT,E Q T CORP,-1.0
2022-03-01,54114,MLKN,MILLERKNOLL INC,-1.0
2022-03-01,76661,IONS,IONIS PHARMACEUTICALS INC,-1.0
2022-03-01,78875,WOLF,WOLFSPEED INC,-1.0
2022-03-01,83989,GTN,GRAY TELEVISION INC,-1.0
2022-03-01,85002,SRPT,SAREPTA THERAPEUTICS INC,-1.0
2022-03-01,85738,MRCY,MERCURY SYSTEMS INC,-1.0
2022-03-01,88351,INSM,INSMED INC,-1.0
2022-03-01,88853,FLR,FLUOR CORP NEW,-1.0
2022-03-01,88863,EXAS,EXACT SCIENCES CORP,-1.0
2022-03-01,90126,CYTK,CYTOKINETICS INC,-1.0
2022-03-01,90454,MKTX,MARKETAXESS HLDGS INC,-1.0
2022-03-01,90775,THS,TREEHOUSE FOODS INC,-1.0
2022-03-01,90808,EXPE,EXPEDIA GROUP INC,-1.0
2022-03-01,90978,SPWR,SUNPOWER CORP,-1.0
2022-03-01,91041,LYV,LIVE NATION ENTERTAINMENT INC,-1.0
2022-03-01,91579,KBR,K B R INC,-1.0
2022-03-01,91594,SPR,SPIRIT AEROSYSTEMS HOLDINGS INC,-1.0
2022-03-01,92040,FOLD,AMICUS THERAPEUTICS INC,-1.0
2022-03-01,92050,PODD,INSULET CORP,-1.0
2022-03-01,93098,H,HYATT HOTELS CORP,-1.0
2022-03-01,93263,CELH,CELSIUS HOLDINGS INC,-1.0
2022-04-01,10107,MSFT,MICROSOFT CORP,1.0
2022-04-01,11691,MATX,MATSON INC,1.0
2022-04-01,11850,XOM,EXXON MOBIL CORP,1.0
2022-04-01,13610,OLN,OLIN CORP,1.0
2022-04-01,13766,BCC,BOISE CASCADE CO,1.0
2022-04-01,13901,MO,ALTRIA GROUP INC,1.0
2022-04-01,13928,COP,CONOCOPHILLIPS,1.0
2022-04-01,13936,PVH,P V H CORP,1.0
2022-04-01,14541,CVX,CHEVRON CORP NEW,1.0
2022-04-01,14702,AMAT,APPLIED MATERIALS INC,1.0
2022-04-01,15069,MRO,MARATHON OIL CORP,1.0
2022-04-01,17672,EAF,GRAFTECH INTERNATIONAL LTD NEW,1.0
2022-04-01,20204,CR,CRANE CO,1.0
2022-04-01,21936,PFE,PFIZER INC,1.0
2022-04-01,22103,EMR,EMERSON ELECTRIC CO,1.0
2022-04-01,22111,JNJ,JOHNSON & JOHNSON,1.0
2022-04-01,22752,MRK,MERCK & CO INC NEW,1.0
2022-04-01,22779,MSI,MOTOROLA SOLUTIONS INC,1.0
2022-04-01,25487,CAR,AVIS BUDGET GROUP INC,1.0
2022-04-01,39490,APA,A P A CORP,1.0
2022-04-01,44943,DIOD,DIODES INC,1.0
2022-04-01,46886,KLAC,K L A CORP,1.0
2022-04-01,48725,UNP,UNION PACIFIC CORP,1.0
2022-04-01,49429,DDS,DILLARDS INC,1.0
2022-04-01,49680,DHR,DANAHER CORP,1.0
2022-04-01,53613,MU,MICRON TECHNOLOGY INC,1.0
2022-04-01,57809,NDSN,NORDSON CORP,1.0
2022-04-01,62341,PDCE,P D C ENERGY INC,1.0
2022-04-01,68196,SEIC,S E I INVESTMENTS CO,1.0
2022-04-01,75825,EOG,EOG RESOURCES INC,1.0
2022-04-01,76095,HOLX,HOLOGIC INC,1.0
2022-04-01,76841,BIIB,BIOGEN INC,1.0
2022-04-01,77357,SNPS,SYNOPSYS INC,1.0
2022-04-01,77462,M,MACYS INC,1.0
2022-04-01,79698,IT,GARTNER INC,1.0
2022-04-01,80575,SSD,SIMPSON MANUFACTURING CO INC,1.0
2022-04-01,80864,RS,RELIANCE STEEL & ALUMINUM CO,1.0
2022-04-01,82800,SCCO,SOUTHERN COPPER CORP,1.0
2022-04-01,85593,AMG,AFFILIATED MANAGERS GROUP INC,1.0
2022-04-01,85863,COLM,COLUMBIA SPORTSWEAR CO,1.0
2022-04-01,85992,MANH,MANHATTAN ASSOCIATES INC,1.0
2022-04-01,86047,AMKR,AMKOR TECHNOLOGY INC,1.0
2022-04-01,86158,CTSH,COGNIZANT TECHNOLOGY SOLS CORP,1.0
2022-04-01,86228,RSG,REPUBLIC SERVICES INC,1.0
2022-04-01,86594,KFY,KORN FERRY,1.0
2022-04-01,88417,ACLS,AXCELIS TECHNOLOGIES INC,1.0
2022-04-01,89179,ANTM,ANTHEM INC,1.0
2022-04-01,89968,PIPR,PIPER SANDLER COMPANIES,1.0
2022-04-01,90312,WLK,WESTLAKE CORP,1.0
2022-04-01,90319,GOOGL,ALPHABET INC,1.0
2022-04-01,90829,CF,C F INDUSTRIES HOLDINGS INC,1.0
2022-04-01,90880,AMP,AMERIPRISE FINANCIAL INC,1.0
2022-04-01,91516,AWI,ARMSTRONG WORLD INDS INC NEW,1.0
2022-04-01,92602,PM,PHILIP MORRIS INTERNATIONAL INC,1.0
2022-04-01,92655,UNH,UNITEDHEALTH GROUP INC,1.0
2022-04-01,93002,AVGO,BROADCOM INC,1.0
2022-04-01,76076,CSCO,CISCO SYSTEMS INC,0.999761
2022-04-01,62148,CSX,C S X CORP,0.998782
2022-04-01,14593,AAPL,APPLE INC,0.984456
2022-04-01,12622,HCA,H C A HEALTHCARE INC,0.977399
2022-04-01,50948,SMTC,SEMTECH CORP,0.975159
2022-04-01,13788,ZTS,ZOETIS INC,0.97381
2022-04-01,12062,LH,LABORATORY CORP AMERICA HLDGS,0.971537
2022-04-01,88615,ITGR,INTEGER HOLDINGS CORP,0.960593
2022-04-01,15579,TXN,TEXAS INSTRUMENTS INC,0.959783
2022-04-01,64194,CHE,CHEMED CORP NEW,0.958078
2022-04-01,76573,MLI,MUELLER INDUSTRIES INC,0.953497
2022-04-01,91531,OC,OWENS CORNING NEW,0.946707
2022-04-01,18163,PG,PROCTER & GAMBLE CO,0.938988
2022-04-01,85621,MTD,METTLER TOLEDO INTERNATIONAL INC,0.932359
2022-04-01,20482,ABT,ABBOTT LABORATORIES,0.92852
2022-04-01,13210,EPAM,EPAM SYSTEMS INC,0.92615
2022-04-01,91575,HRI,HERC HOLDINGS INC,0.921064
2022-04-01,88661,TPR,TAPESTRY INC,0.913958
2022-04-01,46674,GPC,GENUINE PARTS CO,0.905234
2022-04-01,90550,DLB,DOLBY LABORATORIES INC,0.893181
2022-04-01,62092,TMO,THERMO FISHER SCIENTIFIC INC,0.885575
2022-04-01,16119,ATKR,ATKORE INC,0.885211
2022-04-01,89792,CVCO,CAVCO INDUSTRIES INC DEL,0.883372
2022-04-01,37568,FELE,FRANKLIN ELECTRIC INC,0.880027
2022-04-01,61313,DCI,DONALDSON INC,0.879771
2022-04-01,84042,PAG,PENSKE AUTOMOTIVE GROUP INC,0.877968
2022-04-01,91413,EVR,EVERCORE INC,0.876406
2022-04-01,87432,A,AGILENT TECHNOLOGIES INC,0.87493
2022-04-01,25953,DOV,DOVER CORP,0.866584
2022-04-01,11600,XRAY,DENTSPLY SIRONA INC,0.863998
2022-04-01,85427,GPI,GROUP 1 AUTOMOTIVE INC,0.861276
2022-04-01,90520,CE,CELANESE CORP DEL,0.854003
2022-04-01,13748,TPH,TRI POINTE HOMES INC,0.843262
2022-04-01,82651,WAT,WATERS CORP,0.832921
2022-04-01,15623,HLI,HOULIHAN LOKEY INC,0.829599
2022-04-01,76709,IDXX,I D E X X LABORATORIES INC,0.821031
2022-04-01,13837,EVTC,EVERTEC INC,0.819808
2022-04-01,93330,PRI,PRIMERICA INC,0.818809
2022-04-01,76795,ZBRA,ZEBRA TECHNOLOGIES CORP,0.812501
2022-04-01,13802,APAM,ARTISAN PARTNERS ASSET MGMT INC,0.807429
2022-04-01,70228,TOL,TOLL BROTHERS INC,0.797275
2022-04-01,56223,LPX,LOUISIANA PACIFIC CORP,0.795243
2022-04-01,89866,LKQ,L K Q CORP,0.760336
2022-04-01,92402,MSCI,M S C I INC,0.758862
2022-04-01,75510,ADBE,ADOBE INC,0.680032
2022-04-01,62498,WST,WEST PHARMACEUTICAL SERVICES INC,0.645071
2022-04-01,77496,MHK,MOHAWK INDUSTRIES INC,0.627826
2022-04-01,14008,AMGN,AMGEN INC,0.609781
2022-04-01,13407,FB,META PLATFORMS INC,0.585921
2022-04-01,11343,SAFM,SANDERSON FARMS INC,0.585353
2022-04-01,79758,BYD,BOYD GAMING CORP,0.574935
2022-04-01,34817,NUE,NUCOR CORP,0.108357
2022-04-01,80080,EMN,EASTMAN CHEMICAL CO,0.091831
2022-04-01,92611,V,VISA INC,0.085794
2022-04-01,64311,NSC,NORFOLK SOUTHERN CORP,0.073467
2022-04-01,13721,ABBV,ABBVIE INC,0.06423
2022-04-01,14776,SYF,SYNCHRONY FINANCIAL,0.039959
2022-04-01,14574,MC,MOELIS & CO,0.022229
2022-04-01,14295,TWTR,TWITTER INC,-0.043764
2022-04-01,14401,OGS,ONE GAS INC,-0.048674
2022-04-01,88949,SGEN,SEAGEN INC,-0.088836
2022-04-01,14325,TNDM,TANDEM DIABETES CARE INC,-0.119612
2022-04-01,18452,LYFT,LYFT INC,-0.272631
2022-04-01,17036,CNNE,CANNAE HOLDINGS INC,-0.339677
2022-04-01,75182,PII,POLARIS INC,-0.380061
2022-04-01,15145,BOX,BOX INC,-0.401958
2022-04-01,10777,FCNCA,FIRST CITIZENS BANCSHARES INC NC,-0.424337
2022-04-01,14338,HLT,HILTON WORLDWIDE HOLDINGS INC,-0.452737
2022-04-01,90248,DPZ,DOMINOS PIZZA INC,-0.467707
2022-04-01,17987,VRT,VERTIV HOLDINGS CO,-0.497008
2022-04-01,17367,LPRO,OPEN LENDING CORP,-0.497433
2022-04-01,89031,AXON,AXON ENTERPRISE INC,-0.505627
2022-04-01,15534,NTRA,NATERA INC,-0.576431
2022-04-01,15108,NEWR,NEW RELIC INC,-0.603316
2022-04-01,90505,LVS,LAS VEGAS SANDS CORP,-0.620645
2022-04-01,16343,YUMC,YUM CHINA HOLDINGS INC,-0.675257
2022-04-01,14472,VRNS,VARONIS SYSTEMS INC,-0.688655
2022-04-01,14882,CZR,CAESARS ENTERTAINMENT INC DE,-0.706557
2022-04-01,14988,LBRDK,LIBERTY BROADBAND CORP,-0.707065
2022-04-01,17701,SMAR,SMARTSHEET INC,-0.707191
2022-04-01,87430,KTOS,KRATOS DEFENSE & SECUR SOLS INC,-0.718553
2022-04-01,19561,BA,BOEING CO,-0.751485
2022-04-01,15694,PEN,PENUMBRA INC,-0.772998
2022-04-01,25320,CPB,CAMPBELL SOUP CO,-0.781712
2022-04-01,91926,DAL,DELTA AIR LINES INC,-0.819251
2022-04-01,14641,ZEN,ZENDESK INC,-0.822723
2022-04-01,46578,CLX,CLOROX CO,-0.828171
2022-04-01,16968,MDB,MONGODB INC,-0.837874
2022-04-01,90808,EXPE,EXPEDIA GROUP INC,-0.848169
2022-04-01,17374,RCUS,ARCUS BIOSCIENCES INC,-0.848327
2022-04-01,40272,IFF,INTERNATIONAL FLAVORS & FRAG INC,-0.849434
2022-04-01,90454,MKTX,MARKETAXESS HLDGS INC,-0.891847
2022-04-01,87075,ZD,ZIFF DAVIS INC,-0.921104
2022-04-01,15627,PLNT,PLANET FITNESS INC,-0.932531
2022-04-01,18100,ARVN,ARVINAS INC,-0.941307
2022-04-01,14516,QTWO,Q 2 HOLDINGS INC,-0.944741
2022-04-01,61188,SWX,SOUTHWEST GAS HOLDINGS INC,-0.951326
2022-04-01,42585,SJM,SMUCKER J M CO,-0.951984
2022-04-01,18135,GH,GUARDANT HEALTH INC,-0.952323
2022-04-01,12060,GE,GENERAL ELECTRIC CO,-0.958852
2022-04-01,93263,CELH,CELSIUS HOLDINGS INC,-0.967645
2022-04-01,91041,LYV,LIVE NATION ENTERTAINMENT INC,-0.97362
2022-04-01,91103,UAL,UNITED AIRLINES HOLDINGS INC,-0.974291
2022-04-01,91594,SPR,SPIRIT AEROSYSTEMS HOLDINGS INC,-0.97795
2022-04-01,14329,ARMK,ARAMARK,-0.978931
2022-04-01,93098,H,HYATT HOTELS CORP,-0.982846
2022-04-01,52090,MKC,MCCORMICK & CO INC,-0.99483
2022-04-01,12591,APO,APOLLO GLOBAL MANAGEMENT INC NEW,-1.0
2022-04-01,13181,GWRE,GUIDEWIRE SOFTWARE INC,-1.0
2022-04-01,13379,SPLK,SPLUNK INC,-1.0
2022-04-01,13511,PANW,PALO ALTO NETWORKS INC,-1.0
2022-04-01,13688,PCG,P G & E CORP,-1.0
2022-04-01,13967,PTCT,P T C THERAPEUTICS INC,-1.0
2022-04-01,14054,MRTX,MIRATI THERAPEUTICS INC,-1.0
2022-04-01,14136,RNG,RINGCENTRAL INC,-1.0
2022-04-01,14159,MNDT,MANDIANT INC,-1.0
2022-04-01,14179,AR,ANTERO RESOURCES CORP,-1.0
2022-04-01,14432,ITCI,INTRA CELLULAR THERAPIES INC,-1.0
2022-04-01,14436,RARE,ULTRAGENYX PHARMACEUTICALS INC,-1.0
2022-04-01,14596,FIVN,FIVE 9 INC,-1.0
2022-04-01,14803,HQY,HEALTHEQUITY INC,-1.0
2022-04-01,14811,FWONK,LIBERTY MEDIA CORP 3RD NEW,-1.0
2022-04-01,15046,NVRO,NEVRO CORP,-1.0
2022-04-01,15067,FRPT,FRESHPET INC,-1.0
2022-04-01,15222,IOVA,IOVANCE BIOTHERAPEUTICS INC,-1.0
2022-04-01,15284,BPMC,BLUEPRINT MEDICINES CORP,-1.0
2022-04-01,15351,FTAI,FORTRESS TRANS AND INFR INV LLC,-1.0
2022-04-01,15452,EVH,EVOLENT HEALTH INC,-1.0
2022-04-01,15541,RPD,RAPID7 INC,-1.0
2022-04-01,16064,NTLA,INTELLIA THERAPEUTICS INC,-1.0
2022-04-01,16140,TWLO,TWILIO INC,-1.0
2022-04-01,16381,BL,BLACKLINE INC,-1.0
2022-04-01,16382,COUP,COUPA SOFTWARE INC,-1.0
2022-04-01,16597,AYX,ALTERYX INC,-1.0
2022-04-01,16649,OKTA,OKTA INC,-1.0
2022-04-01,16678,KR,KROGER CO,-1.0
2022-04-01,16736,VST,VISTRA CORP,-1.0
2022-04-01,16966,SWCH,SWITCH INC,-1.0
2022-04-01,17034,ALTR,ALTAIR ENGINEERING INC,-1.0
2022-04-01,17037,SAIL,SAILPOINT TECHNOLOGIES HLDGS INC,-1.0
2022-04-01,17104,APLS,APELLIS PHARMACEUTICALS INC,-1.0
2022-04-01,17125,DNLI,DENALI THERAPEUTICS INC,-1.0
2022-04-01,17341,ZS,ZSCALER INC,-1.0
2022-04-01,17700,CDAY,CERIDIAN H C M HOLDING INC,-1.0
2022-04-01,17855,AVLR,AVALARA INC,-1.0
2022-04-01,17949,BE,BLOOM ENERGY CORP,-1.0
2022-04-01,18134,UPWK,UPWORK INC,-1.0
2022-04-01,18150,ETRN,EQUITRANS MIDSTREAM CORP,-1.0
2022-04-01,18190,AXNX,AXONICS INC,-1.0
2022-04-01,21792,CNP,CENTERPOINT ENERGY INC,-1.0
2022-04-01,24328,EQT,E Q T CORP,-1.0
2022-04-01,32870,HRL,HORMEL FOODS CORP,-1.0
2022-04-01,54114,MLKN,MILLERKNOLL INC,-1.0
2022-04-01,76661,IONS,IONIS PHARMACEUTICALS INC,-1.0
2022-04-01,77300,SMG,SCOTTS MIRACLE GRO CO,-1.0
2022-04-01,78875,WOLF,WOLFSPEED INC,-1.0
2022-04-01,80069,ARWR,ARROWHEAD PHARMACEUTICALS INC,-1.0
2022-04-01,82634,SAM,BOSTON BEER INC,-1.0
2022-04-01,84348,VSAT,VIASAT INC,-1.0
2022-04-01,85002,SRPT,SAREPTA THERAPEUTICS INC,-1.0
2022-04-01,85738,MRCY,MERCURY SYSTEMS INC,-1.0
2022-04-01,88351,INSM,INSMED INC,-1.0
2022-04-01,88853,FLR,FLUOR CORP NEW,-1.0
2022-04-01,88863,EXAS,EXACT SCIENCES CORP,-1.0
2022-04-01,90126,CYTK,CYTOKINETICS INC,-1.0
2022-04-01,90178,ALNY,ALNYLAM PHARMACEUTICALS INC,-1.0
2022-04-01,90444,ORA,ORMAT TECHNOLOGIES INC,-1.0
2022-04-01,90978,SPWR,SUNPOWER CORP,-1.0
2022-04-01,91579,KBR,K B R INC,-1.0
2022-04-01,91733,AVAV,AEROVIRONMENT INC,-1.0
2022-04-01,92050,PODD,INSULET CORP,-1.0
2022-04-01,92052,TTGT,TECHTARGET INC,-1.0
2022-04-01,92648,CFX,COLFAX CORP,-1.0
2022-05-01,11403,CDNS,CADENCE DESIGN SYSTEMS INC,1.0
2022-05-01,11691,MATX,MATSON INC,1.0
2022-05-01,11850,XOM,EXXON MOBIL CORP,1.0
2022-05-01,13610,OLN,OLIN CORP,1.0
2022-05-01,13766,BCC,BOISE CASCADE CO,1.0
2022-05-01,13901,MO,ALTRIA GROUP INC,1.0
2022-05-01,13928,COP,CONOCOPHILLIPS,1.0
2022-05-01,13936,PVH,P V H CORP,1.0
2022-05-01,14702,AMAT,APPLIED MATERIALS INC,1.0
2022-05-01,14751,VRTV,VERITIV CORP,1.0
2022-05-01,15069,MRO,MARATHON OIL CORP,1.0
2022-05-01,16119,ATKR,ATKORE INC,1.0
2022-05-01,17672,EAF,GRAFTECH INTERNATIONAL LTD NEW,1.0
2022-05-01,17743,WRB,BERKLEY W R CORP,1.0
2022-05-01,20482,ABT,ABBOTT LABORATORIES,1.0
2022-05-01,21936,PFE,PFIZER INC,1.0
2022-05-01,22111,JNJ,JOHNSON & JOHNSON,1.0
2022-05-01,22752,MRK,MERCK & CO INC NEW,1.0
2022-05-01,23660,CTAS,CINTAS CORP,1.0
2022-05-01,25487,CAR,AVIS BUDGET GROUP INC,1.0
2022-05-01,39490,APA,A P A CORP,1.0
2022-05-01,44943,DIOD,DIODES INC,1.0
2022-05-01,49429,DDS,DILLARDS INC,1.0
2022-05-01,50948,SMTC,SEMTECH CORP,1.0
2022-05-01,53613,MU,MICRON TECHNOLOGY INC,1.0
2022-05-01,57809,NDSN,NORDSON CORP,1.0
2022-05-01,76076,CSCO,CISCO SYSTEMS INC,1.0
2022-05-01,76841,BIIB,BIOGEN INC,1.0
2022-05-01,77357,SNPS,SYNOPSYS INC,1.0
2022-05-01,77462,M,MACYS INC,1.0
2022-05-01,79698,IT,GARTNER INC,1.0
2022-05-01,80864,RS,RELIANCE STEEL & ALUMINUM CO,1.0
2022-05-01,85072,RL,RALPH LAUREN CORP,1.0
2022-05-01,85593,AMG,AFFILIATED MANAGERS GROUP INC,1.0
2022-05-01,85992,MANH,MANHATTAN ASSOCIATES INC,1.0
2022-05-01,86047,AMKR,AMKOR TECHNOLOGY INC,1.0
2022-05-01,86158,CTSH,COGNIZANT TECHNOLOGY SOLS CORP,1.0
2022-05-01,86228,RSG,REPUBLIC SERVICES INC,1.0
2022-05-01,86594,KFY,KORN FERRY,1.0
2022-05-01,88159,EXEL,EXELIXIS INC,1.0
2022-05-01,88661,TPR,TAPESTRY INC,1.0
2022-05-01,89179,ANTM,ANTHEM INC,1.0
2022-05-01,89792,CVCO,CAVCO INDUSTRIES INC DEL,1.0
2022-05-01,90312,WLK,WESTLAKE CORP,1.0
2022-05-01,90829,CF,C F INDUSTRIES HOLDINGS INC,1.0
2022-05-01,91531,OC,OWENS CORNING NEW,1.0
2022-05-01,92602,PM,PHILIP MORRIS INTERNATIONAL INC,1.0
2022-05-01,93002,AVGO,BROADCOM INC,1.0
2022-05-01,92655,UNH,UNITEDHEALTH GROUP INC,0.997179
2022-05-01,18163,PG,PROCTER & GAMBLE CO,0.99212
2022-05-01,75825,EOG,EOG RESOURCES INC,0.985191
2022-05-01,84042,PAG,PENSKE AUTOMOTIVE GROUP INC,0.98192
2022-05-01,14541,CVX,CHEVRON CORP NEW,0.962132
2022-05-01,62341,PDCE,P D C ENERGY INC,0.959512
2022-05-01,76573,MLI,MUELLER INDUSTRIES INC,0.95311
2022-05-01,80575,SSD,SIMPSON MANUFACTURING CO INC,0.95298
2022-05-01,91516,AWI,ARMSTRONG WORLD INDS INC NEW,0.940525
2022-05-01,76095,HOLX,HOLOGIC INC,0.937089
2022-05-01,46674,GPC,GENUINE PARTS CO,0.934149
2022-05-01,64194,CHE,CHEMED CORP NEW,0.92937
2022-05-01,68196,SEIC,S E I INVESTMENTS CO,0.925391
2022-05-01,22103,EMR,EMERSON ELECTRIC CO,0.919698
2022-05-01,13788,ZTS,ZOETIS INC,0.916802
2022-05-01,62148,CSX,C S X CORP,0.915803
2022-05-01,85863,COLM,COLUMBIA SPORTSWEAR CO,0.907507
2022-05-01,10107,MSFT,MICROSOFT CORP,0.900096
2022-05-01,85427,GPI,GROUP 1 AUTOMOTIVE INC,0.893626
2022-05-01,15579,TXN,TEXAS INSTRUMENTS INC,0.890542
2022-05-01,14593,AAPL,APPLE INC,0.888798
2022-05-01,20204,CR,CRANE CO,0.888677
2022-05-01,12062,LH,LABORATORY CORP AMERICA HLDGS,0.88535
2022-05-01,90550,DLB,DOLBY LABORATORIES INC,0.884584
2022-05-01,90880,AMP,AMERIPRISE FINANCIAL INC,0.883869
2022-05-01,90520,CE,CELANESE CORP DEL,0.882564
2022-05-01,22779,MSI,MOTOROLA SOLUTIONS INC,0.88225
2022-05-01,89968,PIPR,PIPER SANDLER COMPANIES,0.876001
2022-05-01,46886,KLAC,K L A CORP,0.872115
2022-05-01,19166,FMC,F M C CORP,0.86904
2022-05-01,13748,TPH,TRI POINTE HOMES INC,0.868008
2022-05-01,85621,MTD,METTLER TOLEDO INTERNATIONAL INC,0.867374
2022-05-01,48725,UNP,UNION PACIFIC CORP,0.857508
2022-05-01,49680,DHR,DANAHER CORP,0.856098
2022-05-01,12622,HCA,H C A HEALTHCARE INC,0.836692
2022-05-01,91413,EVR,EVERCORE INC,0.832522
2022-05-01,89866,LKQ,L K Q CORP,0.830967
2022-05-01,61313,DCI,DONALDSON INC,0.830777
2022-05-01,13210,EPAM,EPAM SYSTEMS INC,0.827384
2022-05-01,56223,LPX,LOUISIANA PACIFIC CORP,0.825938
2022-05-01,90319,GOOGL,ALPHABET INC,0.820496
2022-05-01,82800,SCCO,SOUTHERN COPPER CORP,0.820385
2022-05-01,82651,WAT,WATERS CORP,0.813113
2022-05-01,13837,EVTC,EVERTEC INC,0.790134
2022-05-01,87432,A,AGILENT TECHNOLOGIES INC,0.789777
2022-05-01,70228,TOL,TOLL BROTHERS INC,0.789664
2022-05-01,15623,HLI,HOULIHAN LOKEY INC,0.786954
2022-05-01,93330,PRI,PRIMERICA INC,0.775331
2022-05-01,25953,DOV,DOVER CORP,0.736206
2022-05-01,76795,ZBRA,ZEBRA TECHNOLOGIES CORP,0.725977
2022-05-01,91575,HRI,HERC HOLDINGS INC,0.704559
2022-05-01,11600,XRAY,DENTSPLY SIRONA INC,0.701945
2022-05-01,62092,TMO,THERMO FISHER SCIENTIFIC INC,0.674146
2022-05-01,76709,IDXX,I D E X X LABORATORIES INC,0.646037
2022-05-01,11343,SAFM,SANDERSON FARMS INC,0.644758
2022-05-01,92402,MSCI,M S C I INC,0.635651
2022-05-01,75510,ADBE,ADOBE INC,0.590947
2022-05-01,14008,AMGN,AMGEN INC,0.587997
2022-05-01,78170,SM,S M ENERGY CO,0.584477
2022-05-01,79758,BYD,BOYD GAMING CORP,0.529464
2022-05-01,13407,FB,META PLATFORMS INC,0.528219
2022-05-01,62498,WST,WEST PHARMACEUTICAL SERVICES INC,0.495057
2022-05-01,13802,APAM,ARTISAN PARTNERS ASSET MGMT INC,0.319456
2022-05-01,34817,NUE,NUCOR CORP,0.112821
2022-05-01,80080,EMN,EASTMAN CHEMICAL CO,0.084133
2022-05-01,92611,V,VISA INC,0.082448
2022-05-01,64311,NSC,NORFOLK SOUTHERN CORP,0.066422
2022-05-01,13721,ABBV,ABBVIE INC,0.058709
2022-05-01,14776,SYF,SYNCHRONY FINANCIAL,0.042506
2022-05-01,14574,MC,MOELIS & CO,0.020955
2022-05-01,32986,ATO,ATMOS ENERGY CORP,-0.004987
2022-05-01,14401,OGS,ONE GAS INC,-0.046537
2022-05-01,14295,TWTR,TWITTER INC,-0.055447
2022-05-01,88949,SGEN,SEAGEN INC,-0.080791
2022-05-01,14325,TNDM,TANDEM DIABETES CARE INC,-0.099231
2022-05-01,87075,ZD,ZIFF DAVIS INC,-0.104992
2022-05-01,92648,ENOV,ENOVIS CORP,-0.316412
2022-05-01,75182,PII,POLARIS INC,-0.342589
2022-05-01,10777,FCNCA,FIRST CITIZENS BANCSHARES INC NC,-0.407605
2022-05-01,15145,BOX,BOX INC,-0.423521
2022-05-01,14338,HLT,HILTON WORLDWIDE HOLDINGS INC,-0.463312
2022-05-01,90505,LVS,LAS VEGAS SANDS CORP,-0.565695
2022-05-01,15108,NEWR,NEW RELIC INC,-0.570728
2022-05-01,19561,BA,BOEING CO,-0.58405
2022-05-01,14988,LBRDK,LIBERTY BROADBAND CORP,-0.584248
2022-05-01,15694,PEN,PENUMBRA INC,-0.600469
2022-05-01,14882,CZR,CAESARS ENTERTAINMENT INC DE,-0.605333
2022-05-01,14472,VRNS,VARONIS SYSTEMS INC,-0.625761
2022-05-01,16968,MDB,MONGODB INC,-0.670378
2022-05-01,16343,YUMC,YUM CHINA HOLDINGS INC,-0.679459
2022-05-01,90454,MKTX,MARKETAXESS HLDGS INC,-0.691031
2022-05-01,90808,EXPE,EXPEDIA GROUP INC,-0.757456
2022-05-01,18100,ARVN,ARVINAS INC,-0.768815
2022-05-01,43350,SWK,STANLEY BLACK & DECKER INC,-0.769801
2022-05-01,12060,GE,GENERAL ELECTRIC CO,-0.781193
2022-05-01,40272,IFF,INTERNATIONAL FLAVORS & FRAG INC,-0.784528
2022-05-01,14516,QTWO,Q 2 HOLDINGS INC,-0.79269
2022-05-01,15917,GCP,G C P APPLIED TECHNOLOGIES INC,-0.810352
2022-05-01,13379,SPLK,SPLUNK INC,-0.821038
2022-05-01,17700,CDAY,CERIDIAN H C M HOLDING INC,-0.821057
2022-05-01,18190,AXNX,AXONICS INC,-0.827759
2022-05-01,92052,TTGT,TECHTARGET INC,-0.828088
2022-05-01,25320,CPB,CAMPBELL SOUP CO,-0.834988
2022-05-01,91594,SPR,SPIRIT AEROSYSTEMS HOLDINGS INC,-0.840893
2022-05-01,17034,ALTR,ALTAIR ENGINEERING INC,-0.843441
2022-05-01,15452,EVH,EVOLENT HEALTH INC,-0.851975
2022-05-01,15046,NVRO,NEVRO CORP,-0.852859
2022-05-01,46578,CLX,CLOROX CO,-0.861365
2022-05-01,91041,LYV,LIVE NATION ENTERTAINMENT INC,-0.867978
2022-05-01,15627,PLNT,PLANET FITNESS INC,-0.883375
2022-05-01,18135,GH,GUARDANT HEALTH INC,-0.887017
2022-05-01,91926,DAL,DELTA AIR LINES INC,-0.890856
2022-05-01,14811,FWONK,LIBERTY MEDIA CORP 3RD NEW,-0.892431
2022-05-01,80069,ARWR,ARROWHEAD PHARMACEUTICALS INC,-0.893853
2022-05-01,92050,PODD,INSULET CORP,-0.897106
2022-05-01,91579,KBR,K B R INC,-0.89947
2022-05-01,13181,GWRE,GUIDEWIRE SOFTWARE INC,-0.918796
2022-05-01,14803,HQY,HEALTHEQUITY INC,-0.924044
2022-05-01,18150,ETRN,EQUITRANS MIDSTREAM CORP,-0.931243
2022-05-01,90248,DPZ,DOMINOS PIZZA INC,-0.940041
2022-05-01,16678,KR,KROGER CO,-0.940524
2022-05-01,14329,ARMK,ARAMARK,-0.943748
2022-05-01,90444,ORA,ORMAT TECHNOLOGIES INC,-0.949492
2022-05-01,93098,H,HYATT HOTELS CORP,-0.977764
2022-05-01,76661,IONS,IONIS PHARMACEUTICALS INC,-0.992404
2022-05-01,21792,CNP,CENTERPOINT ENERGY INC,-0.998984
2022-05-01,12591,APO,APOLLO GLOBAL MANAGEMENT INC NEW,-1.0
2022-05-01,13168,TRIP,TRIPADVISOR INC,-1.0
2022-05-01,13511,PANW,PALO ALTO NETWORKS INC,-1.0
2022-05-01,13688,PCG,P G & E CORP,-1.0
2022-05-01,13967,PTCT,P T C THERAPEUTICS INC,-1.0
2022-05-01,14054,MRTX,MIRATI THERAPEUTICS INC,-1.0
2022-05-01,14136,RNG,RINGCENTRAL INC,-1.0
2022-05-01,14179,AR,ANTERO RESOURCES CORP,-1.0
2022-05-01,14432,ITCI,INTRA CELLULAR THERAPIES INC,-1.0
2022-05-01,14436,RARE,ULTRAGENYX PHARMACEUTICALS INC,-1.0
2022-05-01,14596,FIVN,FIVE 9 INC,-1.0
2022-05-01,14617,ARES,ARES MANAGEMENT CORP,-1.0
2022-05-01,14641,ZEN,ZENDESK INC,-1.0
2022-05-01,15067,FRPT,FRESHPET INC,-1.0
2022-05-01,15222,IOVA,IOVANCE BIOTHERAPEUTICS INC,-1.0
2022-05-01,15284,BPMC,BLUEPRINT MEDICINES CORP,-1.0
2022-05-01,15351,FTAI,FORTRESS TRANS AND INFR INV LLC,-1.0
2022-05-01,15534,NTRA,NATERA INC,-1.0
2022-05-01,15541,RPD,RAPID7 INC,-1.0
2022-05-01,16064,NTLA,INTELLIA THERAPEUTICS INC,-1.0
2022-05-01,16140,TWLO,TWILIO INC,-1.0
2022-05-01,16381,BL,BLACKLINE INC,-1.0
2022-05-01,16382,COUP,COUPA SOFTWARE INC,-1.0
2022-05-01,16597,AYX,ALTERYX INC,-1.0
2022-05-01,16649,OKTA,OKTA INC,-1.0
2022-05-01,16736,VST,VISTRA CORP,-1.0
2022-05-01,16966,SWCH,SWITCH INC,-1.0
2022-05-01,17104,APLS,APELLIS PHARMACEUTICALS INC,-1.0
2022-05-01,17125,DNLI,DENALI THERAPEUTICS INC,-1.0
2022-05-01,17341,ZS,ZSCALER INC,-1.0
2022-05-01,17701,SMAR,SMARTSHEET INC,-1.0
2022-05-01,17855,AVLR,AVALARA INC,-1.0
2022-05-01,17949,BE,BLOOM ENERGY CORP,-1.0
2022-05-01,17987,VRT,VERTIV HOLDINGS CO,-1.0
2022-05-01,18134,UPWK,UPWORK INC,-1.0
2022-05-01,18452,LYFT,LYFT INC,-1.0
2022-05-01,18482,PD,PAGERDUTY INC,-1.0
2022-05-01,24328,EQT,E Q T CORP,-1.0
2022-05-01,32870,HRL,HORMEL FOODS CORP,-1.0
2022-05-01,35991,ROG,ROGERS CORP,-1.0
2022-05-01,42585,SJM,SMUCKER J M CO,-1.0
2022-05-01,50017,RRC,RANGE RESOURCES CORP,-1.0
2022-05-01,52090,MKC,MCCORMICK & CO INC,-1.0
2022-05-01,54114,MLKN,MILLERKNOLL INC,-1.0
2022-05-01,61188,SWX,SOUTHWEST GAS HOLDINGS INC,-1.0
2022-05-01,77300,SMG,SCOTTS MIRACLE GRO CO,-1.0
2022-05-01,78875,WOLF,WOLFSPEED INC,-1.0
2022-05-01,82634,SAM,BOSTON BEER INC,-1.0
2022-05-01,84348,VSAT,VIASAT INC,-1.0
2022-05-01,84761,TTWO,TAKE TWO INTERACTIVE SOFTWR INC,-1.0
2022-05-01,85002,SRPT,SAREPTA THERAPEUTICS INC,-1.0
2022-05-01,85738,MRCY,MERCURY SYSTEMS INC,-1.0
2022-05-01,88351,INSM,INSMED INC,-1.0
2022-05-01,88863,EXAS,EXACT SCIENCES CORP,-1.0
2022-05-01,89031,AXON,AXON ENTERPRISE INC,-1.0
2022-05-01,89508,KMX,CARMAX INC,-1.0
2022-05-01,90126,CYTK,CYTOKINETICS INC,-1.0
2022-05-01,90178,ALNY,ALNYLAM PHARMACEUTICALS INC,-1.0
2022-05-01,91103,UAL,UNITED AIRLINES HOLDINGS INC,-1.0
2022-05-01,91733,AVAV,AEROVIRONMENT INC,-1.0
2022-05-01,93263,CELH,CELSIUS HOLDINGS INC,-1.0
2022-06-01,10107,MSFT,MICROSOFT CORP,1.0
2022-06-01,11403,CDNS,CADENCE DESIGN SYSTEMS INC,1.0
2022-06-01,11691,MATX,MATSON INC,1.0
2022-06-01,11850,XOM,EXXON MOBIL CORP,1.0
2022-06-01,13210,EPAM,EPAM SYSTEMS INC,1.0
2022-06-01,13610,OLN,OLIN CORP,1.0
2022-06-01,13766,BCC,BOISE CASCADE CO,1.0
2022-06-01,13901,MO,ALTRIA GROUP INC,1.0
2022-06-01,13928,COP,CONOCOPHILLIPS,1.0
2022-06-01,13936,PVH,P V H CORP,1.0
2022-06-01,14541,CVX,CHEVRON CORP NEW,1.0
2022-06-01,14702,AMAT,APPLIED MATERIALS INC,1.0
2022-06-01,14751,VRTV,VERITIV CORP,1.0
2022-06-01,15069,MRO,MARATHON OIL CORP,1.0
2022-06-01,16019,RRR,RED ROCK RESORTS INC,1.0
2022-06-01,16119,ATKR,ATKORE INC,1.0
2022-06-01,17672,EAF,GRAFTECH INTERNATIONAL LTD NEW,1.0
2022-06-01,17743,WRB,BERKLEY W R CORP,1.0
2022-06-01,20482,ABT,ABBOTT LABORATORIES,1.0
2022-06-01,21936,PFE,PFIZER INC,1.0
2022-06-01,22111,JNJ,JOHNSON & JOHNSON,1.0
2022-06-01,22752,MRK,MERCK & CO INC NEW,1.0
2022-06-01,23660,CTAS,CINTAS CORP,1.0
2022-06-01,25487,CAR,AVIS BUDGET GROUP INC,1.0
2022-06-01,39490,APA,A P A CORP,1.0
2022-06-01,44943,DIOD,DIODES INC,1.0
2022-06-01,50948,SMTC,SEMTECH CORP,1.0
2022-06-01,53613,MU,MICRON TECHNOLOGY INC,1.0
2022-06-01,57809,NDSN,NORDSON CORP,1.0
2022-06-01,62148,CSX,C S X CORP,1.0
2022-06-01,75825,EOG,EOG RESOURCES INC,1.0
2022-06-01,77357,SNPS,SYNOPSYS INC,1.0
2022-06-01,84042,PAG,PENSKE AUTOMOTIVE GROUP INC,1.0
2022-06-01,85593,AMG,AFFILIATED MANAGERS GROUP INC,1.0
2022-06-01,86047,AMKR,AMKOR TECHNOLOGY INC,1.0
2022-06-01,86594,KFY,KORN FERRY,1.0
2022-06-01,88417,ACLS,AXCELIS TECHNOLOGIES INC,1.0
2022-06-01,88661,TPR,TAPESTRY INC,1.0
2022-06-01,89179,ANTM,ANTHEM INC,1.0
2022-06-01,89968,PIPR,PIPER SANDLER COMPANIES,1.0
2022-06-01,90312,WLK,WESTLAKE CORP,1.0
2022-06-01,90829,CF,C F INDUSTRIES HOLDINGS INC,1.0
2022-06-01,90880,AMP,AMERIPRISE FINANCIAL INC,1.0
2022-06-01,91233,MA,MASTERCARD INC,1.0
2022-06-01,91531,OC,OWENS CORNING NEW,1.0
2022-06-01,92602,PM,PHILIP MORRIS INTERNATIONAL INC,1.0
2022-06-01,93002,AVGO,BROADCOM INC,1.0
2022-06-01,46886,KLAC,K L A CORP,0.999495
2022-06-01,86228,RSG,REPUBLIC SERVICES INC,0.99649
2022-06-01,80575,SSD,SIMPSON MANUFACTURING CO INC,0.995708
2022-06-01,49429,DDS,DILLARDS INC,0.992024
2022-06-01,80864,RS,RELIANCE STEEL & ALUMINUM CO,0.984582
2022-06-01,46674,GPC,GENUINE PARTS CO,0.981844
2022-06-01,76095,HOLX,HOLOGIC INC,0.979497
2022-06-01,77462,M,MACYS INC,0.978179
2022-06-01,92655,UNH,UNITEDHEALTH GROUP INC,0.973794
2022-06-01,68196,SEIC,S E I INVESTMENTS CO,0.970114
2022-06-01,85072,RL,RALPH LAUREN CORP,0.968545
2022-06-01,76841,BIIB,BIOGEN INC,0.963827
2022-06-01,76573,MLI,MUELLER INDUSTRIES INC,0.947537
2022-06-01,90520,CE,CELANESE CORP DEL,0.939834
2022-06-01,15579,TXN,TEXAS INSTRUMENTS INC,0.93067
2022-06-01,91516,AWI,ARMSTRONG WORLD INDS INC NEW,0.929798
2022-06-01,86158,CTSH,COGNIZANT TECHNOLOGY SOLS CORP,0.9266
2022-06-01,85992,MANH,MANHATTAN ASSOCIATES INC,0.926005
2022-06-01,85427,GPI,GROUP 1 AUTOMOTIVE INC,0.923218
2022-06-01,76076,CSCO,CISCO SYSTEMS INC,0.919456
2022-06-01,64194,CHE,CHEMED CORP NEW,0.916528
2022-06-01,18163,PG,PROCTER & GAMBLE CO,0.913521
2022-06-01,12062,LH,LABORATORY CORP AMERICA HLDGS,0.911507
2022-06-01,22779,MSI,MOTOROLA SOLUTIONS INC,0.906957
2022-06-01,91413,EVR,EVERCORE INC,0.904577
2022-06-01,79698,IT,GARTNER INC,0.902808
2022-06-01,49680,DHR,DANAHER CORP,0.899096
2022-06-01,90550,DLB,DOLBY LABORATORIES INC,0.888979
2022-06-01,20204,CR,CRANE HOLDINGS CO,0.887491
2022-06-01,56223,LPX,LOUISIANA PACIFIC CORP,0.886637
2022-06-01,61313,DCI,DONALDSON INC,0.885411
2022-06-01,13748,TPH,TRI POINTE HOMES INC,0.884539
2022-06-01,13788,ZTS,ZOETIS INC,0.883831
2022-06-01,82651,WAT,WATERS CORP,0.87976
2022-06-01,85621,MTD,METTLER TOLEDO INTERNATIONAL INC,0.872939
2022-06-01,89866,LKQ,L K Q CORP,0.864472
2022-06-01,85863,COLM,COLUMBIA SPORTSWEAR CO,0.862282
2022-06-01,70228,TOL,TOLL BROTHERS INC,0.859243
2022-06-01,87432,A,AGILENT TECHNOLOGIES INC,0.844429
2022-06-01,14593,AAPL,APPLE INC,0.840083
2022-06-01,82800,SCCO,SOUTHERN COPPER CORP,0.832543
2022-06-01,12622,HCA,H C A HEALTHCARE INC,0.820251
2022-06-01,88159,EXEL,EXELIXIS INC,0.820194
2022-06-01,90319,GOOGL,ALPHABET INC,0.817746
2022-06-01,15623,HLI,HOULIHAN LOKEY INC,0.811751
2022-06-01,48725,UNP,UNION PACIFIC CORP,0.808838
2022-06-01,19166,FMC,F M C CORP,0.803467
2022-06-01,78170,SM,S M ENERGY CO,0.793874
2022-06-01,13837,EVTC,EVERTEC INC,0.760612
2022-06-01,93330,PRI,PRIMERICA INC,0.757245
2022-06-01,25953,DOV,DOVER CORP,0.742097
2022-06-01,11600,XRAY,DENTSPLY SIRONA INC,0.694181
2022-06-01,11343,SAFM,SANDERSON FARMS INC,0.680624
2022-06-01,92402,MSCI,M S C I INC,0.669085
2022-06-01,76795,ZBRA,ZEBRA TECHNOLOGIES CORP,0.663951
2022-06-01,14008,AMGN,AMGEN INC,0.652348
2022-06-01,91575,HRI,HERC HOLDINGS INC,0.6491
2022-06-01,75510,ADBE,ADOBE INC,0.621407
2022-06-01,79758,BYD,BOYD GAMING CORP,0.513482
2022-06-01,13407,FB,META PLATFORMS INC,0.510061
2022-06-01,62498,WST,WEST PHARMACEUTICAL SERVICES INC,0.487551
2022-06-01,13802,APAM,ARTISAN PARTNERS ASSET MGMT INC,0.390081
2022-06-01,81774,FCX,FREEPORT MCMORAN INC,0.220767
2022-06-01,92326,CVI,C V R ENERGY,0.101291
2022-06-01,34817,NUE,NUCOR CORP,0.096517
2022-06-01,80080,EMN,EASTMAN CHEMICAL CO,0.090244
2022-06-01,92611,V,VISA INC,0.08221
2022-06-01,64311,NSC,NORFOLK SOUTHERN CORP,0.062007
2022-06-01,13721,ABBV,ABBVIE INC,0.058887
2022-06-01,14776,SYF,SYNCHRONY FINANCIAL,0.042759
2022-06-01,14574,MC,MOELIS & CO,0.02252
2022-06-01,32986,ATO,ATMOS ENERGY CORP,-0.005144
2022-06-01,14295,TWTR,TWITTER INC,-0.044775
2022-06-01,14401,OGS,ONE GAS INC,-0.048335
2022-06-01,14325,TNDM,TANDEM DIABETES CARE INC,-0.070084
2022-06-01,88949,SGEN,SEAGEN INC,-0.083646
2022-06-01,87075,ZD,ZIFF DAVIS INC,-0.090677
2022-06-01,24205,NEE,NEXTERA ENERGY INC,-0.258822
2022-06-01,92648,ENOV,ENOVIS CORP,-0.323485
2022-06-01,76136,KMPR,KEMPER CORP DE,-0.381312
2022-06-01,75182,PII,POLARIS INC,-0.386688
2022-06-01,15108,NEWR,NEW RELIC INC,-0.422526
2022-06-01,10777,FCNCA,FIRST CITIZENS BANCSHARES INC NC,-0.446683
2022-06-01,16968,MDB,MONGODB INC,-0.447714
2022-06-01,14472,VRNS,VARONIS SYSTEMS INC,-0.478834
2022-06-01,14763,CTLT,CATALENT INC,-0.485807
2022-06-01,15694,PEN,PENUMBRA INC,-0.511063
2022-06-01,19561,BA,BOEING CO,-0.515436
2022-06-01,18452,LYFT,LYFT INC,-0.542024
2022-06-01,90505,LVS,LAS VEGAS SANDS CORP,-0.566
2022-06-01,18135,GH,GUARDANT HEALTH INC,-0.588868
2022-06-01,91594,SPR,SPIRIT AEROSYSTEMS HOLDINGS INC,-0.628211
2022-06-01,14988,LBRDK,LIBERTY BROADBAND CORP,-0.653821
2022-06-01,16678,KR,KROGER CO,-0.657358
2022-06-01,13379,SPLK,SPLUNK INC,-0.689845
2022-06-01,80069,ARWR,ARROWHEAD PHARMACEUTICALS INC,-0.72507
2022-06-01,90775,THS,TREEHOUSE FOODS INC,-0.727724
2022-06-01,17701,SMAR,SMARTSHEET INC,-0.73733
2022-06-01,90454,MKTX,MARKETAXESS HLDGS INC,-0.740137
2022-06-01,15541,RPD,RAPID7 INC,-0.741632
2022-06-01,15067,FRPT,FRESHPET INC,-0.770662
2022-06-01,15627,PLNT,PLANET FITNESS INC,-0.776476
2022-06-01,14882,CZR,CAESARS ENTERTAINMENT INC DE,-0.786184
2022-06-01,91041,LYV,LIVE NATION ENTERTAINMENT INC,-0.78636
2022-06-01,14516,QTWO,Q 2 HOLDINGS INC,-0.80777
2022-06-01,76128,VICR,VICOR CORP,-0.813091
2022-06-01,78875,WOLF,WOLFSPEED INC,-0.819996
2022-06-01,12060,GE,GENERAL ELECTRIC CO,-0.820144
2022-06-01,13181,GWRE,GUIDEWIRE SOFTWARE INC,-0.844537
2022-06-01,25320,CPB,CAMPBELL SOUP CO,-0.846934
2022-06-01,17034,ALTR,ALTAIR ENGINEERING INC,-0.853119
2022-06-01,40272,IFF,INTERNATIONAL FLAVORS & FRAG INC,-0.854591
2022-06-01,91926,DAL,DELTA AIR LINES INC,-0.86284
2022-06-01,16597,AYX,ALTERYX INC,-0.866515
2022-06-01,15452,EVH,EVOLENT HEALTH INC,-0.870598
2022-06-01,46578,CLX,CLOROX CO,-0.872449
2022-06-01,92052,TTGT,TECHTARGET INC,-0.874338
2022-06-01,17987,VRT,VERTIV HOLDINGS CO,-0.876788
2022-06-01,14811,FWONK,LIBERTY MEDIA CORP 3RD NEW,-0.891584
2022-06-01,14329,ARMK,ARAMARK,-0.899986
2022-06-01,89031,AXON,AXON ENTERPRISE INC,-0.90308
2022-06-01,93098,H,HYATT HOTELS CORP,-0.909815
2022-06-01,16649,OKTA,OKTA INC,-0.909972
2022-06-01,42585,SJM,SMUCKER J M CO,-0.921534
2022-06-01,52090,MKC,MCCORMICK & CO INC,-0.921638
2022-06-01,32870,HRL,HORMEL FOODS CORP,-0.928687
2022-06-01,16140,TWLO,TWILIO INC,-0.940222
2022-06-01,91103,UAL,UNITED AIRLINES HOLDINGS INC,-0.942861
2022-06-01,82634,SAM,BOSTON BEER INC,-0.94716
2022-06-01,18150,ETRN,EQUITRANS MIDSTREAM CORP,-0.949538
2022-06-01,13688,PCG,P G & E CORP,-0.96412
2022-06-01,13168,TRIP,TRIPADVISOR INC,-0.967359
2022-06-01,11370,ENV,ENVESTNET INC,-1.0
2022-06-01,12591,APO,APOLLO GLOBAL MANAGEMENT INC NEW,-1.0
2022-06-01,13511,PANW,PALO ALTO NETWORKS INC,-1.0
2022-06-01,13967,PTCT,P T C THERAPEUTICS INC,-1.0
2022-06-01,14054,MRTX,MIRATI THERAPEUTICS INC,-1.0
2022-06-01,14179,AR,ANTERO RESOURCES CORP,-1.0
2022-06-01,14432,ITCI,INTRA CELLULAR THERAPIES INC,-1.0
2022-06-01,14436,RARE,ULTRAGENYX PHARMACEUTICALS INC,-1.0
2022-06-01,14596,FIVN,FIVE 9 INC,-1.0
2022-06-01,14617,ARES,ARES MANAGEMENT CORP,-1.0
2022-06-01,14641,ZEN,ZENDESK INC,-1.0
2022-06-01,14803,HQY,HEALTHEQUITY INC,-1.0
2022-06-01,15119,WK,WORKIVA INC,-1.0
2022-06-01,15284,BPMC,BLUEPRINT MEDICINES CORP,-1.0
2022-06-01,15534,NTRA,NATERA INC,-1.0
2022-06-01,15917,GCP,G C P APPLIED TECHNOLOGIES INC,-1.0
2022-06-01,15921,WBT,WELBILT INC,-1.0
2022-06-01,16064,NTLA,INTELLIA THERAPEUTICS INC,-1.0
2022-06-01,16343,YUMC,YUM CHINA HOLDINGS INC,-1.0
2022-06-01,16381,BL,BLACKLINE INC,-1.0
2022-06-01,16382,COUP,COUPA SOFTWARE INC,-1.0
2022-06-01,16966,SWCH,SWITCH INC,-1.0
2022-06-01,17104,APLS,APELLIS PHARMACEUTICALS INC,-1.0
2022-06-01,17125,DNLI,DENALI THERAPEUTICS INC,-1.0
2022-06-01,17341,ZS,ZSCALER INC,-1.0
2022-06-01,17700,CDAY,CERIDIAN H C M HOLDING INC,-1.0
2022-06-01,17855,AVLR,AVALARA INC,-1.0
2022-06-01,18100,ARVN,ARVINAS INC,-1.0
2022-06-01,18134,UPWK,UPWORK INC,-1.0
2022-06-01,18190,AXNX,AXONICS INC,-1.0
2022-06-01,24328,EQT,E Q T CORP,-1.0
2022-06-01,35991,ROG,ROGERS CORP,-1.0
2022-06-01,43350,SWK,STANLEY BLACK & DECKER INC,-1.0
2022-06-01,50017,RRC,RANGE RESOURCES CORP,-1.0
2022-06-01,54114,MLKN,MILLERKNOLL INC,-1.0
2022-06-01,59010,GPS,GAP INC,-1.0
2022-06-01,61188,SWX,SOUTHWEST GAS HOLDINGS INC,-1.0
2022-06-01,76226,PARA,PARAMOUNT GLOBAL,-1.0
2022-06-01,76661,IONS,IONIS PHARMACEUTICALS INC,-1.0
2022-06-01,77300,SMG,SCOTTS MIRACLE GRO CO,-1.0
2022-06-01,77366,ELY,CALLAWAY GOLF CO,-1.0
2022-06-01,84348,VSAT,VIASAT INC,-1.0
2022-06-01,84761,TTWO,TAKE TWO INTERACTIVE SOFTWR INC,-1.0
2022-06-01,85002,SRPT,SAREPTA THERAPEUTICS INC,-1.0
2022-06-01,85738,MRCY,MERCURY SYSTEMS INC,-1.0
2022-06-01,88351,INSM,INSMED INC,-1.0
2022-06-01,88863,EXAS,EXACT SCIENCES CORP,-1.0
2022-06-01,89508,KMX,CARMAX INC,-1.0
2022-06-01,90177,ACAD,ACADIA PHARMACEUTICALS,-1.0
2022-06-01,90178,ALNY,ALNYLAM PHARMACEUTICALS INC,-1.0
2022-06-01,90248,DPZ,DOMINOS PIZZA INC,-1.0
2022-06-01,90444,ORA,ORMAT TECHNOLOGIES INC,-1.0
2022-06-01,90978,SPWR,SUNPOWER CORP,-1.0
2022-06-01,91237,VG,VONAGE HOLDINGS CORP,-1.0
2022-06-01,91579,KBR,K B R INC,-1.0
2022-06-01,91733,AVAV,AEROVIRONMENT INC,-1.0
2022-06-01,92050,PODD,INSULET CORP,-1.0
2022-06-01,92601,NOG,NORTHERN OIL & GAS INC,-1.0
2022-06-01,93263,CELH,CELSIUS HOLDINGS INC,-1.0
2022-07-01,10107,MSFT,MICROSOFT CORP,1.0
2022-07-01,11403,CDNS,CADENCE DESIGN SYSTEMS INC,1.0
2022-07-01,11691,MATX,MATSON INC,1.0
2022-07-01,13284,ALSN,ALLISON TRANSMISSION HLDGS INC,1.0
2022-07-01,13610,OLN,OLIN CORP,1.0
2022-07-01,13766,BCC,BOISE CASCADE CO,1.0
2022-07-01,13901,MO,ALTRIA GROUP INC,1.0
2022-07-01,13928,COP,CONOCOPHILLIPS,1.0
2022-07-01,13936,PVH,P V H CORP,1.0
2022-07-01,14593,AAPL,APPLE INC,1.0
2022-07-01,14776,SYF,SYNCHRONY FINANCIAL,1.0
2022-07-01,15069,MRO,MARATHON OIL CORP,1.0
2022-07-01,17743,WRB,BERKLEY W R CORP,1.0
2022-07-01,20482,ABT,ABBOTT LABORATORIES,1.0
2022-07-01,21936,PFE,PFIZER INC,1.0
2022-07-01,22752,MRK,MERCK & CO INC NEW,1.0
2022-07-01,23660,CTAS,CINTAS CORP,1.0
2022-07-01,25487,CAR,AVIS BUDGET GROUP INC,1.0
2022-07-01,44943,DIOD,DIODES INC,1.0
2022-07-01,49429,DDS,DILLARDS INC,1.0
2022-07-01,50876,LLY,LILLY ELI & CO,1.0
2022-07-01,50948,SMTC,SEMTECH CORP,1.0
2022-07-01,53613,MU,MICRON TECHNOLOGY INC,1.0
2022-07-01,56223,LPX,LOUISIANA PACIFIC CORP,1.0
2022-07-01,62148,CSX,C S X CORP,1.0
2022-07-01,68196,SEIC,S E I INVESTMENTS CO,1.0
2022-07-01,70228,TOL,TOLL BROTHERS INC,1.0
2022-07-01,76076,CSCO,CISCO SYSTEMS INC,1.0
2022-07-01,77357,SNPS,SYNOPSYS INC,1.0
2022-07-01,77462,M,MACYS INC,1.0
2022-07-01,77606,KSS,KOHLS CORP,1.0
2022-07-01,78987,MCHP,MICROCHIP TECHNOLOGY INC,1.0
2022-07-01,84042,PAG,PENSKE AUTOMOTIVE GROUP INC,1.0
2022-07-01,85072,RL,RALPH LAUREN CORP,1.0
2022-07-01,86158,CTSH,COGNIZANT TECHNOLOGY SOLS CORP,1.0
2022-07-01,86228,RSG,REPUBLIC SERVICES INC,1.0
2022-07-01,87432,A,AGILENT TECHNOLOGIES INC,1.0
2022-07-01,88182,ON,ON SEMICONDUCTOR CORP,1.0
2022-07-01,90312,WLK,WESTLAKE CORP,1.0
2022-07-01,90455,MPWR,MONOLITHIC PWR SYS INC,1.0
2022-07-01,90829,CF,C F INDUSTRIES HOLDINGS INC,1.0
2022-07-01,91233,MA,MASTERCARD INC,1.0
2022-07-01,91531,OC,OWENS CORNING NEW,1.0
2022-07-01,92602,PM,PHILIP MORRIS INTERNATIONAL INC,1.0
2022-07-01,92655,UNH,UNITEDHEALTH GROUP INC,1.0
2022-07-01,93002,AVGO,BROADCOM INC,1.0
2022-07-01,22111,JNJ,JOHNSON & JOHNSON,0.988181
2022-07-01,76841,BIIB,BIOGEN INC,0.982268
2022-07-01,11995,COKE,COCA COLA CONSOLIDATED INC,0.975383
2022-07-01,85593,AMG,AFFILIATED MANAGERS GROUP INC,0.963721
2022-07-01,46674,GPC,GENUINE PARTS CO,0.960752
2022-07-01,89179,ELV,ELEVANCE HEALTH INC,0.948885
2022-07-01,86594,KFY,KORN FERRY,0.943462
2022-07-01,76573,MLI,MUELLER INDUSTRIES INC,0.941336
2022-07-01,88159,EXEL,EXELIXIS INC,0.931147
2022-07-01,57809,NDSN,NORDSON CORP,0.928568
2022-07-01,80575,SSD,SIMPSON MANUFACTURING CO INC,0.924015
2022-07-01,76095,HOLX,HOLOGIC INC,0.901253
2022-07-01,11850,XOM,EXXON MOBIL CORP,0.891516
2022-07-01,88661,TPR,TAPESTRY INC,0.890361
2022-07-01,13788,ZTS,ZOETIS INC,0.888294
2022-07-01,18163,PG,PROCTER & GAMBLE CO,0.887737
2022-07-01,64194,CHE,CHEMED CORP NEW,0.887608
2022-07-01,82651,WAT,WATERS CORP,0.887389
2022-07-01,85992,MANH,MANHATTAN ASSOCIATES INC,0.877009
2022-07-01,46886,KLAC,K L A CORP,0.873543
2022-07-01,85427,GPI,GROUP 1 AUTOMOTIVE INC,0.872367
2022-07-01,13210,EPAM,EPAM SYSTEMS INC,0.870223
2022-07-01,22779,MSI,MOTOROLA SOLUTIONS INC,0.867953
2022-07-01,81736,RMD,RESMED INC,0.867577
2022-07-01,12062,LH,LABORATORY CORP AMERICA HLDGS,0.865326
2022-07-01,49680,DHR,DANAHER CORP,0.86433
2022-07-01,90880,AMP,AMERIPRISE FINANCIAL INC,0.859751
2022-07-01,80864,RS,RELIANCE STEEL & ALUMINUM CO,0.859735
2022-07-01,89968,PIPR,PIPER SANDLER COMPANIES,0.859589
2022-07-01,91516,AWI,ARMSTRONG WORLD INDS INC NEW,0.834176
2022-07-01,79698,IT,GARTNER INC,0.831523
2022-07-01,86047,AMKR,AMKOR TECHNOLOGY INC,0.83071
2022-07-01,14541,CVX,CHEVRON CORP NEW,0.828358
2022-07-01,89866,LKQ,L K Q CORP,0.825292
2022-07-01,90550,DLB,DOLBY LABORATORIES INC,0.81907
2022-07-01,61313,DCI,DONALDSON INC,0.818349
2022-07-01,75825,EOG,EOG RESOURCES INC,0.816858
2022-07-01,20204,CR,CRANE HOLDINGS CO,0.811839
2022-07-01,15579,TXN,TEXAS INSTRUMENTS INC,0.808465
2022-07-01,85863,COLM,COLUMBIA SPORTSWEAR CO,0.793059
2022-07-01,48725,UNP,UNION PACIFIC CORP,0.784458
2022-07-01,90319,GOOGL,ALPHABET INC,0.782785
2022-07-01,85621,MTD,METTLER TOLEDO INTERNATIONAL INC,0.77922
2022-07-01,14702,AMAT,APPLIED MATERIALS INC,0.775117
2022-07-01,16119,ATKR,ATKORE INC,0.761552
2022-07-01,15623,HLI,HOULIHAN LOKEY INC,0.749795
2022-07-01,39490,APA,A P A CORP,0.741828
2022-07-01,91413,EVR,EVERCORE INC,0.740971
2022-07-01,13837,EVTC,EVERTEC INC,0.73893
2022-07-01,11343,SAFM,SANDERSON FARMS INC,0.734927
2022-07-01,93330,PRI,PRIMERICA INC,0.718894
2022-07-01,90520,CE,CELANESE CORP DEL,0.705664
2022-07-01,19166,FMC,F M C CORP,0.704391
2022-07-01,25953,DOV,DOVER CORP,0.671906
2022-07-01,82800,SCCO,SOUTHERN COPPER CORP,0.670764
2022-07-01,12622,HCA,H C A HEALTHCARE INC,0.656742
2022-07-01,11600,XRAY,DENTSPLY SIRONA INC,0.628761
2022-07-01,92402,MSCI,M S C I INC,0.623025
2022-07-01,14008,AMGN,AMGEN INC,0.617829
2022-07-01,76795,ZBRA,ZEBRA TECHNOLOGIES CORP,0.57672
2022-07-01,78170,SM,S M ENERGY CO,0.561856
2022-07-01,75510,ADBE,ADOBE INC,0.545826
2022-07-01,91575,HRI,HERC HOLDINGS INC,0.498833
2022-07-01,62498,WST,WEST PHARMACEUTICAL SERVICES INC,0.474693
2022-07-01,79758,BYD,BOYD GAMING CORP,0.435671
2022-07-01,13407,META,META PLATFORMS INC,0.424454
2022-07-01,81774,FCX,FREEPORT MCMORAN INC,0.423118
2022-07-01,13802,APAM,ARTISAN PARTNERS ASSET MGMT INC,0.361018
2022-07-01,85753,VRSN,VERISIGN INC,0.274192
2022-07-01,92326,CVI,C V R ENERGY,0.098498
2022-07-01,85926,SEE,SEALED AIR CORP NEW,0.095079
2022-07-01,34817,NUE,NUCOR CORP,0.076382
2022-07-01,92611,V,VISA INC,0.076243
2022-07-01,80080,EMN,EASTMAN CHEMICAL CO,0.07407
2022-07-01,13721,ABBV,ABBVIE INC,0.061168
2022-07-01,64311,NSC,NORFOLK SOUTHERN CORP,0.058771
2022-07-01,14574,MC,MOELIS & CO,0.018874
2022-07-01,26825,K,KELLOGG CO,-0.000952
2022-07-01,32986,ATO,ATMOS ENERGY CORP,-0.004955
2022-07-01,14295,TWTR,TWITTER INC,-0.042251
2022-07-01,14401,OGS,ONE GAS INC,-0.04507
2022-07-01,14325,TNDM,TANDEM DIABETES CARE INC,-0.060812
2022-07-01,87075,ZD,ZIFF DAVIS INC,-0.088476
2022-07-01,88949,SGEN,SEAGEN INC,-0.109035
2022-07-01,92648,ENOV,ENOVIS CORP,-0.268005
2022-07-01,91926,DAL,DELTA AIR LINES INC,-0.284767
2022-07-01,75182,PII,POLARIS INC,-0.360084
2022-07-01,18452,LYFT,LYFT INC,-0.406824
2022-07-01,10777,FCNCA,FIRST CITIZENS BANCSHARES INC NC,-0.416698
2022-07-01,14472,VRNS,VARONIS SYSTEMS INC,-0.424264
2022-07-01,15694,PEN,PENUMBRA INC,-0.432855
2022-07-01,15108,NEWR,NEW RELIC INC,-0.45105
2022-07-01,16968,MDB,MONGODB INC,-0.489654
2022-07-01,14763,CTLT,CATALENT INC,-0.505471
2022-07-01,90505,LVS,LAS VEGAS SANDS CORP,-0.535831
2022-07-01,19561,BA,BOEING CO,-0.536012
2022-07-01,15067,FRPT,FRESHPET INC,-0.555206
2022-07-01,18135,GH,GUARDANT HEALTH INC,-0.579338
2022-07-01,91594,SPR,SPIRIT AEROSYSTEMS HOLDINGS INC,-0.585668
2022-07-01,16678,KR,KROGER CO,-0.586993
2022-07-01,14516,QTWO,Q 2 HOLDINGS INC,-0.590395
2022-07-01,13379,SPLK,SPLUNK INC,-0.594614
2022-07-01,14882,CZR,CAESARS ENTERTAINMENT INC DE,-0.59973
2022-07-01,14988,LBRDK,LIBERTY BROADBAND CORP,-0.60367
2022-07-01,17701,SMAR,SMARTSHEET INC,-0.649632
2022-07-01,17987,VRT,VERTIV HOLDINGS CO,-0.655299
2022-07-01,12060,GE,GENERAL ELECTRIC CO,-0.667324
2022-07-01,90454,MKTX,MARKETAXESS HLDGS INC,-0.672268
2022-07-01,91041,LYV,LIVE NATION ENTERTAINMENT INC,-0.682748
2022-07-01,78875,WOLF,WOLFSPEED INC,-0.691131
2022-07-01,13168,TRIP,TRIPADVISOR INC,-0.692647
2022-07-01,15541,RPD,RAPID7 INC,-0.69862
2022-07-01,91103,UAL,UNITED AIRLINES HOLDINGS INC,-0.700623
2022-07-01,59010,GPS,GAP INC,-0.746486
2022-07-01,16140,TWLO,TWILIO INC,-0.74873
2022-07-01,15627,PLNT,PLANET FITNESS INC,-0.749995
2022-07-01,16597,AYX,ALTERYX INC,-0.753447
2022-07-01,93098,H,HYATT HOTELS CORP,-0.760254
2022-07-01,80069,ARWR,ARROWHEAD PHARMACEUTICALS INC,-0.764869
2022-07-01,18150,ETRN,EQUITRANS MIDSTREAM CORP,-0.766814
2022-07-01,40272,IFF,INTERNATIONAL FLAVORS & FRAG INC,-0.774956
2022-07-01,84348,VSAT,VIASAT INC,-0.775072
2022-07-01,13688,PCG,P G & E CORP,-0.788135
2022-07-01,88863,EXAS,EXACT SCIENCES CORP,-0.790238
2022-07-01,11370,ENV,ENVESTNET INC,-0.791537
2022-07-01,14329,ARMK,ARAMARK,-0.799216
2022-07-01,14617,ARES,ARES MANAGEMENT CORP,-0.806673
2022-07-01,14641,ZEN,ZENDESK INC,-0.809384
2022-07-01,16382,COUP,COUPA SOFTWARE INC,-0.829496
2022-07-01,89031,AXON,AXON ENTERPRISE INC,-0.829598
2022-07-01,17855,AVLR,AVALARA INC,-0.833258
2022-07-01,77300,SMG,SCOTTS MIRACLE GRO CO,-0.834246
2022-07-01,46578,CLX,CLOROX CO,-0.845665
2022-07-01,25320,CPB,CAMPBELL SOUP CO,-0.848928
2022-07-01,90177,ACAD,ACADIA PHARMACEUTICALS,-0.871879
2022-07-01,43350,SWK,STANLEY BLACK & DECKER INC,-0.888712
2022-07-01,32870,HRL,HORMEL FOODS CORP,-0.903164
2022-07-01,14811,FWONK,LIBERTY MEDIA CORP 3RD NEW,-0.907969
2022-07-01,15284,BPMC,BLUEPRINT MEDICINES CORP,-0.917797
2022-07-01,90444,ORA,ORMAT TECHNOLOGIES INC,-0.932615
2022-07-01,61188,SWX,SOUTHWEST GAS HOLDINGS INC,-0.93447
2022-07-01,42585,SJM,SMUCKER J M CO,-0.940417
2022-07-01,18735,GO,GROCERY OUTLET HOLDING CORP,-0.944564
2022-07-01,15452,EVH,EVOLENT HEALTH INC,-0.949953
2022-07-01,93263,CELH,CELSIUS HOLDINGS INC,-0.972156
2022-07-01,17341,ZS,ZSCALER INC,-0.976048
2022-07-01,14803,HQY,HEALTHEQUITY INC,-0.980417
2022-07-01,13511,PANW,PALO ALTO NETWORKS INC,-0.981851
2022-07-01,16649,OKTA,OKTA INC,-0.98999
2022-07-01,16966,SWCH,SWITCH INC,-0.992026
2022-07-01,10032,PLXS,PLEXUS CORP,-1.0
2022-07-01,10220,BWXT,B W X TECHNOLOGIES INC,-1.0
2022-07-01,12591,APO,APOLLO GLOBAL MANAGEMENT INC NEW,-1.0
2022-07-01,13181,GWRE,GUIDEWIRE SOFTWARE INC,-1.0
2022-07-01,13967,PTCT,P T C THERAPEUTICS INC,-1.0
2022-07-01,14136,RNG,RINGCENTRAL INC,-1.0
2022-07-01,14179,AR,ANTERO RESOURCES CORP,-1.0
2022-07-01,14432,ITCI,INTRA CELLULAR THERAPIES INC,-1.0
2022-07-01,14436,RARE,ULTRAGENYX PHARMACEUTICALS INC,-1.0
2022-07-01,14596,FIVN,FIVE 9 INC,-1.0
2022-07-01,15119,WK,WORKIVA INC,-1.0
2022-07-01,15534,NTRA,NATERA INC,-1.0
2022-07-01,15917,GCP,G C P APPLIED TECHNOLOGIES INC,-1.0
2022-07-01,15921,WBT,WELBILT INC,-1.0
2022-07-01,16064,NTLA,INTELLIA THERAPEUTICS INC,-1.0
2022-07-01,16343,YUMC,YUM CHINA HOLDINGS INC,-1.0
2022-07-01,16381,BL,BLACKLINE INC,-1.0
2022-07-01,16664,FND,FLOOR & DECOR HOLDINGS INC,-1.0
2022-07-01,17034,ALTR,ALTAIR ENGINEERING INC,-1.0
2022-07-01,17104,APLS,APELLIS PHARMACEUTICALS INC,-1.0
2022-07-01,17125,DNLI,DENALI THERAPEUTICS INC,-1.0
2022-07-01,17700,CDAY,CERIDIAN H C M HOLDING INC,-1.0
2022-07-01,17949,BE,BLOOM ENERGY CORP,-1.0
2022-07-01,18100,ARVN,ARVINAS INC,-1.0
2022-07-01,18134,UPWK,UPWORK INC,-1.0
2022-07-01,18190,AXNX,AXONICS INC,-1.0
2022-07-01,18777,KRTX,KARUNA THERAPEUTICS INC,-1.0
2022-07-01,24205,NEE,NEXTERA ENERGY INC,-1.0
2022-07-01,24328,EQT,E Q T CORP,-1.0
2022-07-01,35991,ROG,ROGERS CORP,-1.0
2022-07-01,50017,RRC,RANGE RESOURCES CORP,-1.0
2022-07-01,52090,MKC,MCCORMICK & CO INC,-1.0
2022-07-01,60186,OMI,OWENS & MINOR INC NEW,-1.0
2022-07-01,76136,KMPR,KEMPER CORP DE,-1.0
2022-07-01,76226,PARA,PARAMOUNT GLOBAL,-1.0
2022-07-01,76661,IONS,IONIS PHARMACEUTICALS INC,-1.0
2022-07-01,77366,ELY,CALLAWAY GOLF CO,-1.0
2022-07-01,82634,SAM,BOSTON BEER INC,-1.0
2022-07-01,84761,TTWO,TAKE TWO INTERACTIVE SOFTWR INC,-1.0
2022-07-01,85002,SRPT,SAREPTA THERAPEUTICS INC,-1.0
2022-07-01,85738,MRCY,MERCURY SYSTEMS INC,-1.0
2022-07-01,88351,INSM,INSMED INC,-1.0
2022-07-01,89508,KMX,CARMAX INC,-1.0
2022-07-01,90126,CYTK,CYTOKINETICS INC,-1.0
2022-07-01,90178,ALNY,ALNYLAM PHARMACEUTICALS INC,-1.0
2022-07-01,90248,DPZ,DOMINOS PIZZA INC,-1.0
2022-07-01,90775,THS,TREEHOUSE FOODS INC,-1.0
2022-07-01,90978,SPWR,SUNPOWER CORP,-1.0
2022-07-01,91237,VG,VONAGE HOLDINGS CORP,-1.0
2022-07-01,91579,KBR,K B R INC,-1.0
2022-07-01,91733,AVAV,AEROVIRONMENT INC,-1.0
2022-07-01,92050,PODD,INSULET CORP,-1.0
2022-08-01,10107,MSFT,MICROSOFT CORP,1.0
2022-08-01,11403,CDNS,CADENCE DESIGN SYSTEMS INC,1.0
2022-08-01,11691,MATX,MATSON INC,1.0
2022-08-01,11850,XOM,EXXON MOBIL CORP,1.0
2022-08-01,13210,EPAM,EPAM SYSTEMS INC,1.0
2022-08-01,13284,ALSN,ALLISON TRANSMISSION HLDGS INC,1.0
2022-08-01,13610,OLN,OLIN CORP,1.0
2022-08-01,13766,BCC,BOISE CASCADE CO,1.0
2022-08-01,13901,MO,ALTRIA GROUP INC,1.0
2022-08-01,13928,COP,CONOCOPHILLIPS,1.0
2022-08-01,13936,PVH,P V H CORP,1.0
2022-08-01,14593,AAPL,APPLE INC,1.0
2022-08-01,14776,SYF,SYNCHRONY FINANCIAL,1.0
2022-08-01,15069,MRO,MARATHON OIL CORP,1.0
2022-08-01,17672,EAF,GRAFTECH INTERNATIONAL LTD NEW,1.0
2022-08-01,20482,ABT,ABBOTT LABORATORIES,1.0
2022-08-01,22752,MRK,MERCK & CO INC NEW,1.0
2022-08-01,23660,CTAS,CINTAS CORP,1.0
2022-08-01,25487,CAR,AVIS BUDGET GROUP INC,1.0
2022-08-01,44943,DIOD,DIODES INC,1.0
2022-08-01,46674,GPC,GENUINE PARTS CO,1.0
2022-08-01,49429,DDS,DILLARDS INC,1.0
2022-08-01,50876,LLY,LILLY ELI & CO,1.0
2022-08-01,50948,SMTC,SEMTECH CORP,1.0
2022-08-01,53613,MU,MICRON TECHNOLOGY INC,1.0
2022-08-01,56223,LPX,LOUISIANA PACIFIC CORP,1.0
2022-08-01,57809,NDSN,NORDSON CORP,1.0
2022-08-01,62148,CSX,C S X CORP,1.0
2022-08-01,68196,SEIC,S E I INVESTMENTS CO,1.0
2022-08-01,70228,TOL,TOLL BROTHERS INC,1.0
2022-08-01,76076,CSCO,CISCO SYSTEMS INC,1.0
2022-08-01,76573,MLI,MUELLER INDUSTRIES INC,1.0
2022-08-01,76841,BIIB,BIOGEN INC,1.0
2022-08-01,77357,SNPS,SYNOPSYS INC,1.0
2022-08-01,77462,M,MACYS INC,1.0
2022-08-01,78987,MCHP,MICROCHIP TECHNOLOGY INC,1.0
2022-08-01,84042,PAG,PENSKE AUTOMOTIVE GROUP INC,1.0
2022-08-01,85072,RL,RALPH LAUREN CORP,1.0
2022-08-01,85593,AMG,AFFILIATED MANAGERS GROUP INC,1.0
2022-08-01,86158,CTSH,COGNIZANT TECHNOLOGY SOLS CORP,1.0
2022-08-01,86228,RSG,REPUBLIC SERVICES INC,1.0
2022-08-01,86594,KFY,KORN FERRY,1.0
2022-08-01,87432,A,AGILENT TECHNOLOGIES INC,1.0
2022-08-01,88182,ON,ON SEMICONDUCTOR CORP,1.0
2022-08-01,88417,ACLS,AXCELIS TECHNOLOGIES INC,1.0
2022-08-01,90312,WLK,WESTLAKE CORP,1.0
2022-08-01,90455,MPWR,MONOLITHIC PWR SYS INC,1.0
2022-08-01,90829,CF,C F INDUSTRIES HOLDINGS INC,1.0
2022-08-01,91233,MA,MASTERCARD INC,1.0
2022-08-01,91531,OC,OWENS CORNING NEW,1.0
2022-08-01,92655,UNH,UNITEDHEALTH GROUP INC,1.0
2022-08-01,93002,AVGO,BROADCOM INC,1.0
2022-08-01,81736,RMD,RESMED INC,0.994715
2022-08-01,91516,AWI,ARMSTRONG WORLD INDS INC NEW,0.993635
2022-08-01,86047,AMKR,AMKOR TECHNOLOGY INC,0.987846
2022-08-01,22779,MSI,MOTOROLA SOLUTIONS INC,0.987295
2022-08-01,92602,PM,PHILIP MORRIS INTERNATIONAL INC,0.983085
2022-08-01,88661,TPR,TAPESTRY INC,0.980366
2022-08-01,90880,AMP,AMERIPRISE FINANCIAL INC,0.975674
2022-08-01,82651,WAT,WATERS CORP,0.975279
2022-08-01,22111,JNJ,JOHNSON & JOHNSON,0.970734
2022-08-01,21936,PFE,PFIZER INC,0.970165
2022-08-01,12062,LH,LABORATORY CORP AMERICA HLDGS,0.96738
2022-08-01,80864,RS,RELIANCE STEEL & ALUMINUM CO,0.96224
2022-08-01,80575,SSD,SIMPSON MANUFACTURING CO INC,0.950206
2022-08-01,15579,TXN,TEXAS INSTRUMENTS INC,0.946665
2022-08-01,13788,ZTS,ZOETIS INC,0.944401
2022-08-01,89179,ELV,ELEVANCE HEALTH INC,0.937339
2022-08-01,14541,CVX,CHEVRON CORP NEW,0.936394
2022-08-01,88159,EXEL,EXELIXIS INC,0.934863
2022-08-01,76095,HOLX,HOLOGIC INC,0.927571
2022-08-01,89866,LKQ,L K Q CORP,0.921289
2022-08-01,20204,CR,CRANE HOLDINGS CO,0.9166
2022-08-01,17743,WRB,BERKLEY W R CORP,0.915244
2022-08-01,85621,MTD,METTLER TOLEDO INTERNATIONAL INC,0.9149
2022-08-01,79698,IT,GARTNER INC,0.912168
2022-08-01,16119,ATKR,ATKORE INC,0.910106
2022-08-01,64194,CHE,CHEMED CORP NEW,0.909012
2022-08-01,14702,AMAT,APPLIED MATERIALS INC,0.902282
2022-08-01,11995,COKE,COCA COLA CONSOLIDATED INC,0.886986
2022-08-01,90550,DLB,DOLBY LABORATORIES INC,0.885249
2022-08-01,18163,PG,PROCTER & GAMBLE CO,0.862452
2022-08-01,48725,UNP,UNION PACIFIC CORP,0.835387
2022-08-01,90319,GOOGL,ALPHABET INC,0.835002
2022-08-01,75825,EOG,EOG RESOURCES INC,0.82845
2022-08-01,18267,DELL,DELL TECHNOLOGIES INC,0.821576
2022-08-01,85863,COLM,COLUMBIA SPORTSWEAR CO,0.819338
2022-08-01,77606,KSS,KOHLS CORP,0.815663
2022-08-01,49680,DHR,DANAHER CORP,0.810701
2022-08-01,15623,HLI,HOULIHAN LOKEY INC,0.802668
2022-08-01,39490,APA,A P A CORP,0.792443
2022-08-01,91413,EVR,EVERCORE INC,0.790712
2022-08-01,13837,EVTC,EVERTEC INC,0.780606
2022-08-01,93330,PRI,PRIMERICA INC,0.772366
2022-08-01,25953,DOV,DOVER CORP,0.739813
2022-08-01,19166,FMC,F M C CORP,0.730741
2022-08-01,92402,MSCI,M S C I INC,0.727111
2022-08-01,90520,CE,CELANESE CORP DEL,0.708721
2022-08-01,76795,ZBRA,ZEBRA TECHNOLOGIES CORP,0.701308
2022-08-01,91575,HRI,HERC HOLDINGS INC,0.685843
2022-08-01,11600,XRAY,DENTSPLY SIRONA INC,0.635817
2022-08-01,14008,AMGN,AMGEN INC,0.627916
2022-08-01,75510,ADBE,ADOBE INC,0.61108
2022-08-01,82800,SCCO,SOUTHERN COPPER CORP,0.605864
2022-08-01,79758,BYD,BOYD GAMING CORP,0.485759
2022-08-01,81774,FCX,FREEPORT MCMORAN INC,0.458617
2022-08-01,13407,META,META PLATFORMS INC,0.41845
2022-08-01,13802,APAM,ARTISAN PARTNERS ASSET MGMT INC,0.403251
2022-08-01,46886,KLAC,K L A CORP,0.384501
2022-08-01,85753,VRSN,VERISIGN INC,0.309741
2022-08-01,78170,SM,S M ENERGY CO,0.193801
2022-08-01,85926,SEE,SEALED AIR CORP NEW,0.100602
2022-08-01,34817,NUE,NUCOR CORP,0.099283
2022-08-01,92326,CVI,C V R ENERGY,0.098535
2022-08-01,92611,V,VISA INC,0.082075
2022-08-01,80080,EMN,EASTMAN CHEMICAL CO,0.079093
2022-08-01,64311,NSC,NORFOLK SOUTHERN CORP,0.064898
2022-08-01,13721,ABBV,ABBVIE INC,0.057801
2022-08-01,14574,MC,MOELIS & CO,0.022326
2022-08-01,26825,K,KELLOGG CO,-0.000986
2022-08-01,32986,ATO,ATMOS ENERGY CORP,-0.005362
2022-08-01,14295,TWTR,TWITTER INC,-0.046985
2022-08-01,14401,OGS,ONE GAS INC,-0.047115
2022-08-01,14325,TNDM,TANDEM DIABETES CARE INC,-0.067975
2022-08-01,92648,ENOV,ENOVIS CORP,-0.290787
2022-08-01,14472,VRNS,VARONIS SYSTEMS INC,-0.367631
2022-08-01,75182,PII,POLARIS INC,-0.425077
2022-08-01,90454,MKTX,MARKETAXESS HLDGS INC,-0.43313
2022-08-01,15694,PEN,PENUMBRA INC,-0.484159
2022-08-01,91103,UAL,UNITED AIRLINES HOLDINGS INC,-0.509979
2022-08-01,14763,CTLT,CATALENT INC,-0.532433
2022-08-01,42585,SJM,SMUCKER J M CO,-0.534144
2022-08-01,15108,NEWR,NEW RELIC INC,-0.546391
2022-08-01,14988,LBRDK,LIBERTY BROADBAND CORP,-0.568152
2022-08-01,15067,FRPT,FRESHPET INC,-0.57134
2022-08-01,90505,LVS,LAS VEGAS SANDS CORP,-0.600799
2022-08-01,17701,SMAR,SMARTSHEET INC,-0.620788
2022-08-01,19561,BA,BOEING CO,-0.624141
2022-08-01,84381,ROK,ROCKWELL AUTOMATION INC,-0.642364
2022-08-01,91594,SPR,SPIRIT AEROSYSTEMS HOLDINGS INC,-0.655553
2022-08-01,15541,RPD,RAPID7 INC,-0.668456
2022-08-01,14516,QTWO,Q 2 HOLDINGS INC,-0.671502
2022-08-01,13379,SPLK,SPLUNK INC,-0.697984
2022-08-01,14882,CZR,CAESARS ENTERTAINMENT INC DE,-0.714961
2022-08-01,18135,GH,GUARDANT HEALTH INC,-0.72004
2022-08-01,13168,TRIP,TRIPADVISOR INC,-0.73917
2022-08-01,16597,AYX,ALTERYX INC,-0.752991
2022-08-01,16140,TWLO,TWILIO INC,-0.756966
2022-08-01,12060,GE,GENERAL ELECTRIC CO,-0.774107
2022-08-01,91041,LYV,LIVE NATION ENTERTAINMENT INC,-0.776528
2022-08-01,79299,PZZA,PAPA JOHNS INTL INC,-0.792984
2022-08-01,40272,IFF,INTERNATIONAL FLAVORS & FRAG INC,-0.8064
2022-08-01,14641,ZEN,ZENDESK INC,-0.823479
2022-08-01,84348,VSAT,VIASAT INC,-0.832643
2022-08-01,93098,H,HYATT HOTELS CORP,-0.850567
2022-08-01,46578,CLX,CLOROX CO,-0.85705
2022-08-01,15627,PLNT,PLANET FITNESS INC,-0.868486
2022-08-01,14329,ARMK,ARAMARK,-0.870844
2022-08-01,11370,ENV,ENVESTNET INC,-0.873393
2022-08-01,25320,CPB,CAMPBELL SOUP CO,-0.877878
2022-08-01,59010,GPS,GAP INC,-0.885889
2022-08-01,14436,RARE,ULTRAGENYX PHARMACEUTICALS INC,-0.892249
2022-08-01,88863,EXAS,EXACT SCIENCES CORP,-0.90415
2022-08-01,78875,WOLF,WOLFSPEED INC,-0.906787
2022-08-01,90177,ACAD,ACADIA PHARMACEUTICALS,-0.908298
2022-08-01,17987,VRT,VERTIV HOLDINGS CO,-0.909871
2022-08-01,80069,ARWR,ARROWHEAD PHARMACEUTICALS INC,-0.92326
2022-08-01,15284,BPMC,BLUEPRINT MEDICINES CORP,-0.927046
2022-08-01,14803,HQY,HEALTHEQUITY INC,-0.928196
2022-08-01,61188,SWX,SOUTHWEST GAS HOLDINGS INC,-0.932424
2022-08-01,77300,SMG,SCOTTS MIRACLE GRO CO,-0.93876
2022-08-01,32870,HRL,HORMEL FOODS CORP,-0.945334
2022-08-01,18735,GO,GROCERY OUTLET HOLDING CORP,-0.945791
2022-08-01,18150,ETRN,EQUITRANS MIDSTREAM CORP,-0.945838
2022-08-01,14136,RNG,RINGCENTRAL INC,-0.946184
2022-08-01,16382,COUP,COUPA SOFTWARE INC,-0.949687
2022-08-01,14811,FWONK,LIBERTY MEDIA CORP 3RD NEW,-0.968745
2022-08-01,76136,KMPR,KEMPER CORP DE,-0.976223
2022-08-01,89031,AXON,AXON ENTERPRISE INC,-0.980473
2022-08-01,13511,PANW,PALO ALTO NETWORKS INC,-0.991311
2022-08-01,15119,WK,WORKIVA INC,-0.991763
2022-08-01,10032,PLXS,PLEXUS CORP,-1.0
2022-08-01,10220,BWXT,B W X TECHNOLOGIES INC,-1.0
2022-08-01,11752,IIVI,II VI INC,-1.0
2022-08-01,12591,APO,APOLLO GLOBAL MANAGEMENT INC NEW,-1.0
2022-08-01,13181,GWRE,GUIDEWIRE SOFTWARE INC,-1.0
2022-08-01,13688,PCG,P G & E CORP,-1.0
2022-08-01,13967,PTCT,P T C THERAPEUTICS INC,-1.0
2022-08-01,14432,ITCI,INTRA CELLULAR THERAPIES INC,-1.0
2022-08-01,14596,FIVN,FIVE 9 INC,-1.0
2022-08-01,14617,ARES,ARES MANAGEMENT CORP,-1.0
2022-08-01,15351,FTAI,FORTRESS TRANS AND INFR INV LLC,-1.0
2022-08-01,15452,EVH,EVOLENT HEALTH INC,-1.0
2022-08-01,15534,NTRA,NATERA INC,-1.0
2022-08-01,15917,GCP,G C P APPLIED TECHNOLOGIES INC,-1.0
2022-08-01,16064,NTLA,INTELLIA THERAPEUTICS INC,-1.0
2022-08-01,16343,YUMC,YUM CHINA HOLDINGS INC,-1.0
2022-08-01,16381,BL,BLACKLINE INC,-1.0
2022-08-01,16649,OKTA,OKTA INC,-1.0
2022-08-01,16664,FND,FLOOR & DECOR HOLDINGS INC,-1.0
2022-08-01,16966,SWCH,SWITCH INC,-1.0
2022-08-01,17034,ALTR,ALTAIR ENGINEERING INC,-1.0
2022-08-01,17104,APLS,APELLIS PHARMACEUTICALS INC,-1.0
2022-08-01,17125,DNLI,DENALI THERAPEUTICS INC,-1.0
2022-08-01,17341,ZS,ZSCALER INC,-1.0
2022-08-01,17700,CDAY,CERIDIAN H C M HOLDING INC,-1.0
2022-08-01,17855,AVLR,AVALARA INC,-1.0
2022-08-01,18100,ARVN,ARVINAS INC,-1.0
2022-08-01,18134,UPWK,UPWORK INC,-1.0
2022-08-01,18190,AXNX,AXONICS INC,-1.0
2022-08-01,18777,KRTX,KARUNA THERAPEUTICS INC,-1.0
2022-08-01,24205,NEE,NEXTERA ENERGY INC,-1.0
2022-08-01,24328,EQT,E Q T CORP,-1.0
2022-08-01,35991,ROG,ROGERS CORP,-1.0
2022-08-01,43350,SWK,STANLEY BLACK & DECKER INC,-1.0
2022-08-01,52090,MKC,MCCORMICK & CO INC,-1.0
2022-08-01,52476,EFX,EQUIFAX INC,-1.0
2022-08-01,60186,OMI,OWENS & MINOR INC NEW,-1.0
2022-08-01,76226,PARA,PARAMOUNT GLOBAL,-1.0
2022-08-01,76661,IONS,IONIS PHARMACEUTICALS INC,-1.0
2022-08-01,77366,ELY,CALLAWAY GOLF CO,-1.0
2022-08-01,82634,SAM,BOSTON BEER INC,-1.0
2022-08-01,84761,TTWO,TAKE TWO INTERACTIVE SOFTWR INC,-1.0
2022-08-01,85002,SRPT,SAREPTA THERAPEUTICS INC,-1.0
2022-08-01,85738,MRCY,MERCURY SYSTEMS INC,-1.0
2022-08-01,88351,INSM,INSMED INC,-1.0
2022-08-01,89301,GME,GAMESTOP CORP NEW,-1.0
2022-08-01,89508,KMX,CARMAX INC,-1.0
2022-08-01,90178,ALNY,ALNYLAM PHARMACEUTICALS INC,-1.0
2022-08-01,90248,DPZ,DOMINOS PIZZA INC,-1.0
2022-08-01,90775,THS,TREEHOUSE FOODS INC,-1.0
2022-08-01,90978,SPWR,SUNPOWER CORP,-1.0
2022-08-01,91579,KBR,K B R INC,-1.0
2022-08-01,91733,AVAV,AEROVIRONMENT INC,-1.0
2022-08-01,92050,PODD,INSULET CORP,-1.0
2022-08-01,92601,NOG,NORTHERN OIL & GAS INC,-1.0
2022-08-01,93263,CELH,CELSIUS HOLDINGS INC,-1.0
2022-09-01,11403,CDNS,CADENCE DESIGN SYSTEMS INC,1.0
2022-09-01,11995,COKE,COCA COLA CONSOLIDATED INC,1.0
2022-09-01,13210,EPAM,EPAM SYSTEMS INC,1.0
2022-09-01,13610,OLN,OLIN CORP,1.0
2022-09-01,13837,EVTC,EVERTEC INC,1.0
2022-09-01,13901,MO,ALTRIA GROUP INC,1.0
2022-09-01,13928,COP,CONOCOPHILLIPS,1.0
2022-09-01,15069,MRO,MARATHON OIL CORP,1.0
2022-09-01,21936,PFE,PFIZER INC,1.0
2022-09-01,22752,MRK,MERCK & CO INC NEW,1.0
2022-09-01,25487,CAR,AVIS BUDGET GROUP INC,1.0
2022-09-01,46674,GPC,GENUINE PARTS CO,1.0
2022-09-01,49429,DDS,DILLARDS INC,1.0
2022-09-01,50948,SMTC,SEMTECH CORP,1.0
2022-09-01,66800,AIG,AMERICAN INTERNATIONAL GROUP INC,1.0
2022-09-01,75854,LSCC,LATTICE SEMICONDUCTOR CORP,1.0
2022-09-01,76744,VRTX,VERTEX PHARMACEUTICALS INC,1.0
2022-09-01,76841,BIIB,BIOGEN INC,1.0
2022-09-01,77462,M,MACYS INC,1.0
2022-09-01,79841,FWRD,FORWARD AIR CORP,1.0
2022-09-01,84042,PAG,PENSKE AUTOMOTIVE GROUP INC,1.0
2022-09-01,85593,AMG,AFFILIATED MANAGERS GROUP INC,1.0
2022-09-01,86228,RSG,REPUBLIC SERVICES INC,1.0
2022-09-01,86783,BKNG,BOOKING HOLDINGS INC,1.0
2022-09-01,88182,ON,ON SEMICONDUCTOR CORP,1.0
2022-09-01,88417,ACLS,AXCELIS TECHNOLOGIES INC,1.0
2022-09-01,88661,TPR,TAPESTRY INC,1.0
2022-09-01,89792,CVCO,CAVCO INDUSTRIES INC DEL,1.0
2022-09-01,90312,WLK,WESTLAKE CORP,1.0
2022-09-01,90455,MPWR,MONOLITHIC PWR SYS INC,1.0
2022-09-01,90829,CF,C F INDUSTRIES HOLDINGS INC,1.0
2022-09-01,91233,MA,MASTERCARD INC,1.0
2022-09-01,92326,CVI,C V R ENERGY,1.0
2022-09-01,92602,PM,PHILIP MORRIS INTERNATIONAL INC,1.0
2022-09-01,92655,UNH,UNITEDHEALTH GROUP INC,1.0
2022-09-01,93002,AVGO,BROADCOM INC,1.0
2022-09-01,11850,XOM,EXXON MOBIL CORP,0.993587
2022-09-01,68196,SEIC,S E I INVESTMENTS CO,0.986177
2022-09-01,57809,NDSN,NORDSON CORP,0.984302
2022-09-01,86047,AMKR,AMKOR TECHNOLOGY INC,0.984009
2022-09-01,76076,CSCO,CISCO SYSTEMS INC,0.983772
2022-09-01,62148,CSX,C S X CORP,0.980157
2022-09-01,79698,IT,GARTNER INC,0.978603
2022-09-01,14776,SYF,SYNCHRONY FINANCIAL,0.976295
2022-09-01,90880,AMP,AMERIPRISE FINANCIAL INC,0.971416
2022-09-01,14593,AAPL,APPLE INC,0.966893
2022-09-01,23660,CTAS,CINTAS CORP,0.956799
2022-09-01,87432,A,AGILENT TECHNOLOGIES INC,0.954475
2022-09-01,80864,RS,RELIANCE STEEL & ALUMINUM CO,0.953194
2022-09-01,89179,ELV,ELEVANCE HEALTH INC,0.951294
2022-09-01,78987,MCHP,MICROCHIP TECHNOLOGY INC,0.949598
2022-09-01,17743,WRB,BERKLEY W R CORP,0.94673
2022-09-01,20482,ABT,ABBOTT LABORATORIES,0.941226
2022-09-01,77357,SNPS,SYNOPSYS INC,0.93965
2022-09-01,76573,MLI,MUELLER INDUSTRIES INC,0.936314
2022-09-01,91516,AWI,ARMSTRONG WORLD INDS INC NEW,0.934573
2022-09-01,10107,MSFT,MICROSOFT CORP,0.931441
2022-09-01,86158,CTSH,COGNIZANT TECHNOLOGY SOLS CORP,0.931247
2022-09-01,86594,KFY,KORN FERRY,0.928033
2022-09-01,85072,RL,RALPH LAUREN CORP,0.924085
2022-09-01,50876,LLY,LILLY ELI & CO,0.914682
2022-09-01,53613,MU,MICRON TECHNOLOGY INC,0.911937
2022-09-01,14541,CVX,CHEVRON CORP NEW,0.90998
2022-09-01,81736,RMD,RESMED INC,0.909322
2022-09-01,13936,PVH,P V H CORP,0.906529
2022-09-01,75825,EOG,EOG RESOURCES INC,0.901958
2022-09-01,22111,JNJ,JOHNSON & JOHNSON,0.901628
2022-09-01,64194,CHE,CHEMED CORP NEW,0.898722
2022-09-01,89866,LKQ,L K Q CORP,0.896391
2022-09-01,70228,TOL,TOLL BROTHERS INC,0.888502
2022-09-01,13766,BCC,BOISE CASCADE CO,0.881284
2022-09-01,91531,OC,OWENS CORNING NEW,0.87938
2022-09-01,20204,CR,CRANE HOLDINGS CO,0.876828
2022-09-01,76095,HOLX,HOLOGIC INC,0.876168
2022-09-01,44943,DIOD,DIODES INC,0.872746
2022-09-01,15579,TXN,TEXAS INSTRUMENTS INC,0.872472
2022-09-01,13284,ALSN,ALLISON TRANSMISSION HLDGS INC,0.868813
2022-09-01,11691,MATX,MATSON INC,0.8594
2022-09-01,18163,PG,PROCTER & GAMBLE CO,0.85479
2022-09-01,56223,LPX,LOUISIANA PACIFIC CORP,0.853544
2022-09-01,80575,SSD,SIMPSON MANUFACTURING CO INC,0.850509
2022-09-01,90550,DLB,DOLBY LABORATORIES INC,0.838727
2022-09-01,39490,APA,A P A CORP,0.832296
2022-09-01,12062,LH,LABORATORY CORP AMERICA HLDGS,0.831683
2022-09-01,48725,UNP,UNION PACIFIC CORP,0.828307
2022-09-01,85621,MTD,METTLER TOLEDO INTERNATIONAL INC,0.820114
2022-09-01,13788,ZTS,ZOETIS INC,0.807995
2022-09-01,14702,AMAT,APPLIED MATERIALS INC,0.801221
2022-09-01,82651,WAT,WATERS CORP,0.79813
2022-09-01,88159,EXEL,EXELIXIS INC,0.790979
2022-09-01,85863,COLM,COLUMBIA SPORTSWEAR CO,0.790151
2022-09-01,90319,GOOGL,ALPHABET INC,0.775268
2022-09-01,16119,ATKR,ATKORE INC,0.77214
2022-09-01,93330,PRI,PRIMERICA INC,0.762371
2022-09-01,49680,DHR,DANAHER CORP,0.749192
2022-09-01,91413,EVR,EVERCORE INC,0.744873
2022-09-01,15623,HLI,HOULIHAN LOKEY INC,0.743619
2022-09-01,19166,FMC,F M C CORP,0.709488
2022-09-01,18267,DELL,DELL TECHNOLOGIES INC,0.696577
2022-09-01,25953,DOV,DOVER CORP,0.692919
2022-09-01,92402,MSCI,M S C I INC,0.678931
2022-09-01,90520,CE,CELANESE CORP DEL,0.667266
2022-09-01,91575,HRI,HERC HOLDINGS INC,0.623899
2022-09-01,14008,AMGN,AMGEN INC,0.61325
2022-09-01,82800,SCCO,SOUTHERN COPPER CORP,0.580391
2022-09-01,11600,XRAY,DENTSPLY SIRONA INC,0.575001
2022-09-01,75510,ADBE,ADOBE INC,0.555265
2022-09-01,79758,BYD,BOYD GAMING CORP,0.475385
2022-09-01,81774,FCX,FREEPORT MCMORAN INC,0.429399
2022-09-01,13407,META,META PLATFORMS INC,0.427728
2022-09-01,13802,APAM,ARTISAN PARTNERS ASSET MGMT INC,0.347043
2022-09-01,46886,KLAC,K L A CORP,0.345438
2022-09-01,85753,VRSN,VERISIGN INC,0.297788
2022-09-01,80415,EXP,EAGLE MATERIALS INC,0.263112
2022-09-01,22779,MSI,MOTOROLA SOLUTIONS INC,0.199633
2022-09-01,34817,NUE,NUCOR CORP,0.097004
2022-09-01,75694,TECH,BIO TECHNE CORP,0.090589
2022-09-01,85926,SEE,SEALED AIR CORP NEW,0.088379
2022-09-01,92611,V,VISA INC,0.07687
2022-09-01,80080,EMN,EASTMAN CHEMICAL CO,0.074878
2022-09-01,64311,NSC,NORFOLK SOUTHERN CORP,0.063008
2022-09-01,13721,ABBV,ABBVIE INC,0.054046
2022-09-01,14574,MC,MOELIS & CO,0.020193
2022-09-01,32986,ATO,ATMOS ENERGY CORP,-0.005027
2022-09-01,14401,OGS,ONE GAS INC,-0.043651
2022-09-01,14325,TNDM,TANDEM DIABETES CARE INC,-0.04683
2022-09-01,26825,K,KELLOGG CO,-0.324865
2022-09-01,90454,MKTX,MARKETAXESS HLDGS INC,-0.397836
2022-09-01,75182,PII,POLARIS INC,-0.412055
2022-09-01,14763,CTLT,CATALENT INC,-0.41326
2022-09-01,15067,FRPT,FRESHPET INC,-0.464304
2022-09-01,14295,TWTR,TWITTER INC,-0.486588
2022-09-01,42585,SJM,SMUCKER J M CO,-0.568435
2022-09-01,15694,PEN,PENUMBRA INC,-0.569351
2022-09-01,79857,PTEN,PATTERSON U T I ENERGY INC,-0.569378
2022-09-01,84381,ROK,ROCKWELL AUTOMATION INC,-0.597584
2022-09-01,90505,LVS,LAS VEGAS SANDS CORP,-0.5987
2022-09-01,15541,RPD,RAPID7 INC,-0.599577
2022-09-01,91594,SPR,SPIRIT AEROSYSTEMS HOLDINGS INC,-0.599977
2022-09-01,13379,SPLK,SPLUNK INC,-0.603422
2022-09-01,14516,QTWO,Q 2 HOLDINGS INC,-0.606288
2022-09-01,16140,TWLO,TWILIO INC,-0.619666
2022-09-01,64936,D,DOMINION ENERGY INC,-0.625182
2022-09-01,19561,BA,BOEING CO,-0.626637
2022-09-01,14882,CZR,CAESARS ENTERTAINMENT INC DE,-0.673386
2022-09-01,17701,SMAR,SMARTSHEET INC,-0.685899
2022-09-01,88863,EXAS,EXACT SCIENCES CORP,-0.710976
2022-09-01,40272,IFF,INTERNATIONAL FLAVORS & FRAG INC,-0.716654
2022-09-01,18135,GH,GUARDANT HEALTH INC,-0.717092
2022-09-01,15627,PLNT,PLANET FITNESS INC,-0.744953
2022-09-01,91041,LYV,LIVE NATION ENTERTAINMENT INC,-0.745062
2022-09-01,12060,GE,GENERAL ELECTRIC CO,-0.767713
2022-09-01,18100,ARVN,ARVINAS INC,-0.795312
2022-09-01,14436,RARE,ULTRAGENYX PHARMACEUTICALS INC,-0.796941
2022-09-01,17125,DNLI,DENALI THERAPEUTICS INC,-0.811444
2022-09-01,85738,MRCY,MERCURY SYSTEMS INC,-0.813723
2022-09-01,17478,SPGI,S & P GLOBAL INC,-0.815881
2022-09-01,14136,RNG,RINGCENTRAL INC,-0.82107
2022-09-01,60186,OMI,OWENS & MINOR INC NEW,-0.831479
2022-09-01,61188,SWX,SOUTHWEST GAS HOLDINGS INC,-0.839658
2022-09-01,59010,GPS,GAP INC,-0.840003
2022-09-01,16382,COUP,COUPA SOFTWARE INC,-0.845974
2022-09-01,80069,ARWR,ARROWHEAD PHARMACEUTICALS INC,-0.860287
2022-09-01,46578,CLX,CLOROX CO,-0.870527
2022-09-01,82634,SAM,BOSTON BEER INC,-0.884149
2022-09-01,18735,GO,GROCERY OUTLET HOLDING CORP,-0.886431
2022-09-01,25320,CPB,CAMPBELL SOUP CO,-0.894531
2022-09-01,52476,EFX,EQUIFAX INC,-0.901704
2022-09-01,43350,SWK,STANLEY BLACK & DECKER INC,-0.903267
2022-09-01,14596,FIVN,FIVE 9 INC,-0.905517
2022-09-01,14811,FWONK,LIBERTY MEDIA CORP 3RD NEW,-0.908439
2022-09-01,17987,VRT,VERTIV HOLDINGS CO,-0.916905
2022-09-01,93098,H,HYATT HOTELS CORP,-0.919565
2022-09-01,13181,GWRE,GUIDEWIRE SOFTWARE INC,-0.92077
2022-09-01,16064,NTLA,INTELLIA THERAPEUTICS INC,-0.925523
2022-09-01,16649,OKTA,OKTA INC,-0.926489
2022-09-01,14329,ARMK,ARAMARK,-0.93213
2022-09-01,18134,UPWK,UPWORK INC,-0.935599
2022-09-01,90248,DPZ,DOMINOS PIZZA INC,-0.946455
2022-09-01,84348,VSAT,VIASAT INC,-0.958751
2022-09-01,32870,HRL,HORMEL FOODS CORP,-0.961548
2022-09-01,77366,ELY,CALLAWAY GOLF CO,-0.962369
2022-09-01,76136,KMPR,KEMPER CORP DE,-0.963932
2022-09-01,16597,AYX,ALTERYX INC,-0.967522
2022-09-01,10032,PLXS,PLEXUS CORP,-0.995757
2022-09-01,11370,ENV,ENVESTNET INC,-1.0
2022-09-01,11752,IIVI,II VI INC,-1.0
2022-09-01,12591,APO,APOLLO GLOBAL MANAGEMENT INC NEW,-1.0
2022-09-01,13511,PANW,PALO ALTO NETWORKS INC,-1.0
2022-09-01,13527,FIVE,FIVE BELOW INC,-1.0
2022-09-01,13688,PCG,P G & E CORP,-1.0
2022-09-01,13967,PTCT,P T C THERAPEUTICS INC,-1.0
2022-09-01,14432,ITCI,INTRA CELLULAR THERAPIES INC,-1.0
2022-09-01,14617,ARES,ARES MANAGEMENT CORP,-1.0
2022-09-01,14803,HQY,HEALTHEQUITY INC,-1.0
2022-09-01,15119,WK,WORKIVA INC,-1.0
2022-09-01,15284,BPMC,BLUEPRINT MEDICINES CORP,-1.0
2022-09-01,15452,EVH,EVOLENT HEALTH INC,-1.0
2022-09-01,15534,NTRA,NATERA INC,-1.0
2022-09-01,15535,OLLI,OLLIES BARGAIN OUTLET HLD INC,-1.0
2022-09-01,15917,GCP,G C P APPLIED TECHNOLOGIES INC,-1.0
2022-09-01,16343,YUMC,YUM CHINA HOLDINGS INC,-1.0
2022-09-01,16381,BL,BLACKLINE INC,-1.0
2022-09-01,16664,FND,FLOOR & DECOR HOLDINGS INC,-1.0
2022-09-01,16736,VST,VISTRA CORP,-1.0
2022-09-01,16966,SWCH,SWITCH INC,-1.0
2022-09-01,17034,ALTR,ALTAIR ENGINEERING INC,-1.0
2022-09-01,17104,APLS,APELLIS PHARMACEUTICALS INC,-1.0
2022-09-01,17341,ZS,ZSCALER INC,-1.0
2022-09-01,17700,CDAY,CERIDIAN H C M HOLDING INC,-1.0
2022-09-01,17855,AVLR,AVALARA INC,-1.0
2022-09-01,17949,BE,BLOOM ENERGY CORP,-1.0
2022-09-01,18150,ETRN,EQUITRANS MIDSTREAM CORP,-1.0
2022-09-01,18777,KRTX,KARUNA THERAPEUTICS INC,-1.0
2022-09-01,20765,AJRD,AEROJET ROCKETDYNE HOLDINGS INC,-1.0
2022-09-01,23835,MDU,M D U RESOURCES GROUP INC,-1.0
2022-09-01,24328,EQT,E Q T CORP,-1.0
2022-09-01,35991,ROG,ROGERS CORP,-1.0
2022-09-01,52090,MKC,MCCORMICK & CO INC,-1.0
2022-09-01,76226,PARA,PARAMOUNT GLOBAL,-1.0
2022-09-01,76661,IONS,IONIS PHARMACEUTICALS INC,-1.0
2022-09-01,77300,SMG,SCOTTS MIRACLE GRO CO,-1.0
2022-09-01,78875,WOLF,WOLFSPEED INC,-1.0
2022-09-01,79299,PZZA,PAPA JOHNS INTL INC,-1.0
2022-09-01,84761,TTWO,TAKE TWO INTERACTIVE SOFTWR INC,-1.0
2022-09-01,85002,SRPT,SAREPTA THERAPEUTICS INC,-1.0
2022-09-01,88351,INSM,INSMED INC,-1.0
2022-09-01,89031,AXON,AXON ENTERPRISE INC,-1.0
2022-09-01,89217,AAP,ADVANCE AUTO PARTS INC,-1.0
2022-09-01,89508,KMX,CARMAX INC,-1.0
2022-09-01,90177,ACAD,ACADIA PHARMACEUTICALS,-1.0
2022-09-01,90178,ALNY,ALNYLAM PHARMACEUTICALS INC,-1.0
2022-09-01,90734,LHCG,L H C GROUP,-1.0
2022-09-01,90775,THS,TREEHOUSE FOODS INC,-1.0
2022-09-01,90978,SPWR,SUNPOWER CORP,-1.0
2022-09-01,91733,AVAV,AEROVIRONMENT INC,-1.0
2022-09-01,92040,FOLD,AMICUS THERAPEUTICS INC,-1.0
2022-09-01,92050,PODD,INSULET CORP,-1.0
2022-09-01,92601,NOG,NORTHERN OIL & GAS INC,-1.0
2022-09-01,93263,CELH,CELSIUS HOLDINGS INC,-1.0
2022-10-01,11403,CDNS,CADENCE DESIGN SYSTEMS INC,1.0
2022-10-01,11691,MATX,MATSON INC,1.0
2022-10-01,11850,XOM,EXXON MOBIL CORP,1.0
2022-10-01,11995,COKE,COCA COLA CONSOLIDATED INC,1.0
2022-10-01,13928,COP,CONOCOPHILLIPS,1.0
2022-10-01,15069,MRO,MARATHON OIL CORP,1.0
2022-10-01,20482,ABT,ABBOTT LABORATORIES,1.0
2022-10-01,21936,PFE,PFIZER INC,1.0
2022-10-01,22752,MRK,MERCK & CO INC NEW,1.0
2022-10-01,25487,CAR,AVIS BUDGET GROUP INC,1.0
2022-10-01,61807,MOGA,MOOG INC,1.0
2022-10-01,62148,CSX,C S X CORP,1.0
2022-10-01,64194,CHE,CHEMED CORP NEW,1.0
2022-10-01,64311,NSC,NORFOLK SOUTHERN CORP,1.0
2022-10-01,66800,AIG,AMERICAN INTERNATIONAL GROUP INC,1.0
2022-10-01,75241,PXD,PIONEER NATURAL RESOURCES CO,1.0
2022-10-01,75694,TECH,BIO TECHNE CORP,1.0
2022-10-01,76744,VRTX,VERTEX PHARMACEUTICALS INC,1.0
2022-10-01,76841,BIIB,BIOGEN INC,1.0
2022-10-01,77462,M,MACYS INC,1.0
2022-10-01,78987,MCHP,MICROCHIP TECHNOLOGY INC,1.0
2022-10-01,85593,AMG,AFFILIATED MANAGERS GROUP INC,1.0
2022-10-01,86594,KFY,KORN FERRY,1.0
2022-10-01,86783,BKNG,BOOKING HOLDINGS INC,1.0
2022-10-01,87432,A,AGILENT TECHNOLOGIES INC,1.0
2022-10-01,90455,MPWR,MONOLITHIC PWR SYS INC,1.0
2022-10-01,90829,CF,C F INDUSTRIES HOLDINGS INC,1.0
2022-10-01,91233,MA,MASTERCARD INC,1.0
2022-10-01,92655,UNH,UNITEDHEALTH GROUP INC,1.0
2022-10-01,93002,AVGO,BROADCOM INC,1.0
2022-10-01,50876,LLY,LILLY ELI & CO,0.980085
2022-10-01,46674,GPC,GENUINE PARTS CO,0.960653
2022-10-01,86228,RSG,REPUBLIC SERVICES INC,0.954734
2022-10-01,79698,IT,GARTNER INC,0.947115
2022-10-01,17743,WRB,BERKLEY W R CORP,0.943168
2022-10-01,13837,EVTC,EVERTEC INC,0.931107
2022-10-01,79841,FWRD,FORWARD AIR CORP,0.928203
2022-10-01,49429,DDS,DILLARDS INC,0.919513
2022-10-01,57809,NDSN,NORDSON CORP,0.917843
2022-10-01,13901,MO,ALTRIA GROUP INC,0.913163
2022-10-01,90880,AMP,AMERIPRISE FINANCIAL INC,0.911332
2022-10-01,22111,JNJ,JOHNSON & JOHNSON,0.911177
2022-10-01,23660,CTAS,CINTAS CORP,0.911093
2022-10-01,75854,LSCC,LATTICE SEMICONDUCTOR CORP,0.911058
2022-10-01,88182,ON,ON SEMICONDUCTOR CORP,0.904425
2022-10-01,81736,RMD,RESMED INC,0.900869
2022-10-01,89179,ELV,ELEVANCE HEALTH INC,0.891253
2022-10-01,92326,CVI,C V R ENERGY,0.885395
2022-10-01,76573,MLI,MUELLER INDUSTRIES INC,0.882718
2022-10-01,80864,RS,RELIANCE STEEL & ALUMINUM CO,0.882545
2022-10-01,68196,SEIC,S E I INVESTMENTS CO,0.882411
2022-10-01,92602,PM,PHILIP MORRIS INTERNATIONAL INC,0.880064
2022-10-01,91516,AWI,ARMSTRONG WORLD INDS INC NEW,0.879805
2022-10-01,90312,WLK,WESTLAKE CORP,0.878939
2022-10-01,76076,CSCO,CISCO SYSTEMS INC,0.878041
2022-10-01,85072,RL,RALPH LAUREN CORP,0.864932
2022-10-01,70228,TOL,TOLL BROTHERS INC,0.850469
2022-10-01,14593,AAPL,APPLE INC,0.848056
2022-10-01,13210,EPAM,EPAM SYSTEMS INC,0.847286
2022-10-01,86158,CTSH,COGNIZANT TECHNOLOGY SOLS CORP,0.844979
2022-10-01,91531,OC,OWENS CORNING NEW,0.844113
2022-10-01,13766,BCC,BOISE CASCADE CO,0.839005
2022-10-01,75825,EOG,EOG RESOURCES INC,0.838892
2022-10-01,14776,SYF,SYNCHRONY FINANCIAL,0.838475
2022-10-01,76095,HOLX,HOLOGIC INC,0.835053
2022-10-01,86047,AMKR,AMKOR TECHNOLOGY INC,0.833726
2022-10-01,84042,PAG,PENSKE AUTOMOTIVE GROUP INC,0.83286
2022-10-01,10107,MSFT,MICROSOFT CORP,0.827868
2022-10-01,77357,SNPS,SYNOPSYS INC,0.827829
2022-10-01,14541,CVX,CHEVRON CORP NEW,0.825379
2022-10-01,88661,TPR,TAPESTRY INC,0.823773
2022-10-01,15579,TXN,TEXAS INSTRUMENTS INC,0.815709
2022-10-01,20204,CR,CRANE HOLDINGS CO,0.811763
2022-10-01,13284,ALSN,ALLISON TRANSMISSION HLDGS INC,0.807235
2022-10-01,53613,MU,MICRON TECHNOLOGY INC,0.80645
2022-10-01,56223,LPX,LOUISIANA PACIFIC CORP,0.80405
2022-10-01,44943,DIOD,DIODES INC,0.794297
2022-10-01,89866,LKQ,L K Q CORP,0.792424
2022-10-01,13610,OLN,OLIN CORP,0.782557
2022-10-01,18163,PG,PROCTER & GAMBLE CO,0.7807
2022-10-01,85753,VRSN,VERISIGN INC,0.774693
2022-10-01,13788,ZTS,ZOETIS INC,0.763901
2022-10-01,12062,LH,LABORATORY CORP AMERICA HLDGS,0.754542
2022-10-01,85863,COLM,COLUMBIA SPORTSWEAR CO,0.744926
2022-10-01,90550,DLB,DOLBY LABORATORIES INC,0.744464
2022-10-01,93330,PRI,PRIMERICA INC,0.741052
2022-10-01,85621,MTD,METTLER TOLEDO INTERNATIONAL INC,0.731722
2022-10-01,39490,APA,A P A CORP,0.725989
2022-10-01,13936,PVH,P V H CORP,0.720754
2022-10-01,82651,WAT,WATERS CORP,0.718889
2022-10-01,80575,SSD,SIMPSON MANUFACTURING CO INC,0.718134
2022-10-01,85710,POWI,POWER INTEGRATIONS INC,0.717888
2022-10-01,15623,HLI,HOULIHAN LOKEY INC,0.717497
2022-10-01,48725,UNP,UNION PACIFIC CORP,0.717171
2022-10-01,49680,DHR,DANAHER CORP,0.716177
2022-10-01,16119,ATKR,ATKORE INC,0.710277
2022-10-01,88159,EXEL,EXELIXIS INC,0.697603
2022-10-01,14702,AMAT,APPLIED MATERIALS INC,0.696275
2022-10-01,19166,FMC,F M C CORP,0.695956
2022-10-01,90319,GOOGL,ALPHABET INC,0.683724
2022-10-01,17005,CVS,C V S HEALTH CORP,0.67384
2022-10-01,91413,EVR,EVERCORE INC,0.652484
2022-10-01,25953,DOV,DOVER CORP,0.645114
2022-10-01,92402,MSCI,M S C I INC,0.636136
2022-10-01,18267,DELL,DELL TECHNOLOGIES INC,0.620282
2022-10-01,89946,AEL,AMERICAN EQUITY INVT LIFE HLDG C,0.584959
2022-10-01,91575,HRI,HERC HOLDINGS INC,0.574737
2022-10-01,14008,AMGN,AMGEN INC,0.574042
2022-10-01,82800,SCCO,SOUTHERN COPPER CORP,0.551775
2022-10-01,90520,CE,CELANESE CORP DEL,0.542469
2022-10-01,11600,XRAY,DENTSPLY SIRONA INC,0.498469
2022-10-01,79758,BYD,BOYD GAMING CORP,0.416553
2022-10-01,75510,ADBE,ADOBE INC,0.408121
2022-10-01,81774,FCX,FREEPORT MCMORAN INC,0.395641
2022-10-01,87137,DVN,DEVON ENERGY CORP NEW,0.357673
2022-10-01,13407,META,META PLATFORMS INC,0.355365
2022-10-01,46886,KLAC,K L A CORP,0.303114
2022-10-01,80415,EXP,EAGLE MATERIALS INC,0.235758
2022-10-01,22779,MSI,MOTOROLA SOLUTIONS INC,0.183903
2022-10-01,34817,NUE,NUCOR CORP,0.078252
2022-10-01,85926,SEE,SEALED AIR CORP NEW,0.073203
2022-10-01,92611,V,VISA INC,0.068575
2022-10-01,80080,EMN,EASTMAN CHEMICAL CO,0.058859
2022-10-01,13721,ABBV,ABBVIE INC,0.053841
2022-10-01,14574,MC,MOELIS & CO,0.016349
2022-10-01,14401,OGS,ONE GAS INC,-0.039172
2022-10-01,14325,TNDM,TANDEM DIABETES CARE INC,-0.0489
2022-10-01,14763,CTLT,CATALENT INC,-0.339015
2022-10-01,90454,MKTX,MARKETAXESS HLDGS INC,-0.355299
2022-10-01,64929,KWR,QUAKER CHEMICAL CORP,-0.387309
2022-10-01,91594,SPR,SPIRIT AEROSYSTEMS HOLDINGS INC,-0.435916
2022-10-01,79857,PTEN,PATTERSON U T I ENERGY INC,-0.445233
2022-10-01,15541,RPD,RAPID7 INC,-0.44618
2022-10-01,19561,BA,BOEING CO,-0.472259
2022-10-01,14882,CZR,CAESARS ENTERTAINMENT INC DE,-0.502491
2022-10-01,13379,SPLK,SPLUNK INC,-0.502861
2022-10-01,84381,ROK,ROCKWELL AUTOMATION INC,-0.541374
2022-10-01,42585,SJM,SMUCKER J M CO,-0.556862
2022-10-01,15409,ALRM,ALARM COM HOLDINGS INC,-0.562077
2022-10-01,16649,OKTA,OKTA INC,-0.574684
2022-10-01,40272,IFF,INTERNATIONAL FLAVORS & FRAG INC,-0.592695
2022-10-01,90505,LVS,LAS VEGAS SANDS CORP,-0.595796
2022-10-01,16140,TWLO,TWILIO INC,-0.614552
2022-10-01,91041,LYV,LIVE NATION ENTERTAINMENT INC,-0.62555
2022-10-01,15627,PLNT,PLANET FITNESS INC,-0.63257
2022-10-01,12060,GE,GENERAL ELECTRIC CO,-0.646507
2022-10-01,88863,EXAS,EXACT SCIENCES CORP,-0.648406
2022-10-01,15694,PEN,PENUMBRA INC,-0.656445
2022-10-01,85738,MRCY,MERCURY SYSTEMS INC,-0.684846
2022-10-01,14596,FIVN,FIVE 9 INC,-0.690289
2022-10-01,17478,SPGI,S & P GLOBAL INC,-0.705818
2022-10-01,17701,SMAR,SMARTSHEET INC,-0.707047
2022-10-01,80069,ARWR,ARROWHEAD PHARMACEUTICALS INC,-0.714344
2022-10-01,18735,GO,GROCERY OUTLET HOLDING CORP,-0.733816
2022-10-01,11752,COHR,COHERENT CORP,-0.735949
2022-10-01,61188,SWX,SOUTHWEST GAS HOLDINGS INC,-0.750675
2022-10-01,59010,GPS,GAP INC,-0.752911
2022-10-01,14136,RNG,RINGCENTRAL INC,-0.76073
2022-10-01,18135,GH,GUARDANT HEALTH INC,-0.769713
2022-10-01,17987,VRT,VERTIV HOLDINGS CO,-0.771199
2022-10-01,46578,CLX,CLOROX CO,-0.772652
2022-10-01,43350,SWK,STANLEY BLACK & DECKER INC,-0.776559
2022-10-01,90248,DPZ,DOMINOS PIZZA INC,-0.790245
2022-10-01,18150,ETRN,EQUITRANS MIDSTREAM CORP,-0.804975
2022-10-01,14329,ARMK,ARAMARK,-0.812609
2022-10-01,93098,H,HYATT HOTELS CORP,-0.828934
2022-10-01,14811,FWONK,LIBERTY MEDIA CORP 3RD NEW,-0.832791
2022-10-01,25320,CPB,CAMPBELL SOUP CO,-0.834922
2022-10-01,11370,ENV,ENVESTNET INC,-0.845885
2022-10-01,24328,EQT,E Q T CORP,-0.850581
2022-10-01,76136,KMPR,KEMPER CORP DE,-0.862746
2022-10-01,16597,AYX,ALTERYX INC,-0.865054
2022-10-01,32870,HRL,HORMEL FOODS CORP,-0.867133
2022-10-01,92601,NOG,NORTHERN OIL & GAS INC,-0.872218
2022-10-01,88351,INSM,INSMED INC,-0.872969
2022-10-01,13511,PANW,PALO ALTO NETWORKS INC,-0.880544
2022-10-01,15534,NTRA,NATERA INC,-0.887637
2022-10-01,92050,PODD,INSULET CORP,-0.896024
2022-10-01,17125,DNLI,DENALI THERAPEUTICS INC,-0.898442
2022-10-01,10026,JJSF,J & J SNACK FOODS CORP,-0.90017
2022-10-01,90775,THS,TREEHOUSE FOODS INC,-0.908371
2022-10-01,78875,WOLF,WOLFSPEED INC,-0.908973
2022-10-01,23835,MDU,M D U RESOURCES GROUP INC,-0.911724
2022-10-01,89217,AAP,ADVANCE AUTO PARTS INC,-0.933431
2022-10-01,91733,AVAV,AEROVIRONMENT INC,-0.938398
2022-10-01,16343,YUMC,YUM CHINA HOLDINGS INC,-0.942593
2022-10-01,15452,EVH,EVOLENT HEALTH INC,-0.975758
2022-10-01,89031,AXON,AXON ENTERPRISE INC,-0.9901
2022-10-01,90177,ACAD,ACADIA PHARMACEUTICALS,-0.99381
2022-10-01,12591,APO,APOLLO GLOBAL MANAGEMENT INC NEW,-1.0
2022-10-01,13181,GWRE,GUIDEWIRE SOFTWARE INC,-1.0
2022-10-01,13688,PCG,P G & E CORP,-1.0
2022-10-01,13967,PTCT,P T C THERAPEUTICS INC,-1.0
2022-10-01,14295,TWTR,TWITTER INC,-1.0
2022-10-01,14432,ITCI,INTRA CELLULAR THERAPIES INC,-1.0
2022-10-01,14436,RARE,ULTRAGENYX PHARMACEUTICALS INC,-1.0
2022-10-01,14617,ARES,ARES MANAGEMENT CORP,-1.0
2022-10-01,14803,HQY,HEALTHEQUITY INC,-1.0
2022-10-01,14828,SAGE,SAGE THERAPEUTICS INC,-1.0
2022-10-01,15119,WK,WORKIVA INC,-1.0
2022-10-01,15284,BPMC,BLUEPRINT MEDICINES CORP,-1.0
2022-10-01,16064,NTLA,INTELLIA THERAPEUTICS INC,-1.0
2022-10-01,16381,BL,BLACKLINE INC,-1.0
2022-10-01,16664,FND,FLOOR & DECOR HOLDINGS INC,-1.0
2022-10-01,16736,VST,VISTRA CORP,-1.0
2022-10-01,16932,ROKU,ROKU INC,-1.0
2022-10-01,16966,SWCH,SWITCH INC,-1.0
2022-10-01,17034,ALTR,ALTAIR ENGINEERING INC,-1.0
2022-10-01,17104,APLS,APELLIS PHARMACEUTICALS INC,-1.0
2022-10-01,17341,ZS,ZSCALER INC,-1.0
2022-10-01,17684,AHCO,ADAPTHEALTH CORP,-1.0
2022-10-01,17700,CDAY,CERIDIAN H C M HOLDING INC,-1.0
2022-10-01,17855,AVLR,AVALARA INC,-1.0
2022-10-01,17949,BE,BLOOM ENERGY CORP,-1.0
2022-10-01,18726,CRWD,CROWDSTRIKE HOLDINGS INC,-1.0
2022-10-01,18777,KRTX,KARUNA THERAPEUTICS INC,-1.0
2022-10-01,20765,AJRD,AEROJET ROCKETDYNE HOLDINGS INC,-1.0
2022-10-01,26825,K,KELLOGG CO,-1.0
2022-10-01,32986,ATO,ATMOS ENERGY CORP,-1.0
2022-10-01,35991,ROG,ROGERS CORP,-1.0
2022-10-01,52090,MKC,MCCORMICK & CO INC,-1.0
2022-10-01,52476,EFX,EQUIFAX INC,-1.0
2022-10-01,64936,D,DOMINION ENERGY INC,-1.0
2022-10-01,75182,PII,POLARIS INC,-1.0
2022-10-01,76661,IONS,IONIS PHARMACEUTICALS INC,-1.0
2022-10-01,77300,SMG,SCOTTS MIRACLE GRO CO,-1.0
2022-10-01,77366,MODG,TOPGOLF CALLAWAY BRANDS CORP,-1.0
2022-10-01,79299,PZZA,PAPA JOHNS INTL INC,-1.0
2022-10-01,82634,SAM,BOSTON BEER INC,-1.0
2022-10-01,84032,NOV,N O V INC,-1.0
2022-10-01,84348,VSAT,VIASAT INC,-1.0
2022-10-01,84761,TTWO,TAKE TWO INTERACTIVE SOFTWR INC,-1.0
2022-10-01,85002,SRPT,SAREPTA THERAPEUTICS INC,-1.0
2022-10-01,85792,PWR,QUANTA SERVICES INC,-1.0
2022-10-01,88853,FLR,FLUOR CORP NEW,-1.0
2022-10-01,89110,OMCL,OMNICELL INC,-1.0
2022-10-01,89508,KMX,CARMAX INC,-1.0
2022-10-01,90178,ALNY,ALNYLAM PHARMACEUTICALS INC,-1.0
2022-10-01,90734,LHCG,L H C GROUP,-1.0
2022-10-01,90978,SPWR,SUNPOWER CORP,-1.0
2022-10-01,92040,FOLD,AMICUS THERAPEUTICS INC,-1.0
2022-11-01,11691,MATX,MATSON INC,1.0
2022-11-01,11850,XOM,EXXON MOBIL CORP,1.0
2022-11-01,11995,COKE,COCA COLA CONSOLIDATED INC,1.0
2022-11-01,13284,ALSN,ALLISON TRANSMISSION HLDGS INC,1.0
2022-11-01,13766,BCC,BOISE CASCADE CO,1.0
2022-11-01,13788,ZTS,ZOETIS INC,1.0
2022-11-01,13837,EVTC,EVERTEC INC,1.0
2022-11-01,13901,MO,ALTRIA GROUP INC,1.0
2022-11-01,13928,COP,CONOCOPHILLIPS,1.0
2022-11-01,14541,CVX,CHEVRON CORP NEW,1.0
2022-11-01,14776,SYF,SYNCHRONY FINANCIAL,1.0
2022-11-01,15069,MRO,MARATHON OIL CORP,1.0
2022-11-01,16505,BPOP,POPULAR INC,1.0
2022-11-01,17743,WRB,BERKLEY W R CORP,1.0
2022-11-01,20482,ABT,ABBOTT LABORATORIES,1.0
2022-11-01,21186,WRK,WESTROCK CO,1.0
2022-11-01,21936,PFE,PFIZER INC,1.0
2022-11-01,22752,MRK,MERCK & CO INC NEW,1.0
2022-11-01,23660,CTAS,CINTAS CORP,1.0
2022-11-01,25487,CAR,AVIS BUDGET GROUP INC,1.0
2022-11-01,49429,DDS,DILLARDS INC,1.0
2022-11-01,50876,LLY,LILLY ELI & CO,1.0
2022-11-01,61807,MOGA,MOOG INC,1.0
2022-11-01,62148,CSX,C S X CORP,1.0
2022-11-01,64194,CHE,CHEMED CORP NEW,1.0
2022-11-01,64311,NSC,NORFOLK SOUTHERN CORP,1.0
2022-11-01,66800,AIG,AMERICAN INTERNATIONAL GROUP INC,1.0
2022-11-01,75241,PXD,PIONEER NATURAL RESOURCES CO,1.0
2022-11-01,75694,TECH,BIO TECHNE CORP,1.0
2022-11-01,75825,EOG,EOG RESOURCES INC,1.0
2022-11-01,76076,CSCO,CISCO SYSTEMS INC,1.0
2022-11-01,76744,VRTX,VERTEX PHARMACEUTICALS INC,1.0
2022-11-01,76841,BIIB,BIOGEN INC,1.0
2022-11-01,77462,M,MACYS INC,1.0
2022-11-01,78987,MCHP,MICROCHIP TECHNOLOGY INC,1.0
2022-11-01,79698,IT,GARTNER INC,1.0
2022-11-01,79841,FWRD,FORWARD AIR CORP,1.0
2022-11-01,80864,RS,RELIANCE STEEL & ALUMINUM CO,1.0
2022-11-01,85593,AMG,AFFILIATED MANAGERS GROUP INC,1.0
2022-11-01,86047,AMKR,AMKOR TECHNOLOGY INC,1.0
2022-11-01,86594,KFY,KORN FERRY,1.0
2022-11-01,86783,BKNG,BOOKING HOLDINGS INC,1.0
2022-11-01,87432,A,AGILENT TECHNOLOGIES INC,1.0
2022-11-01,89179,ELV,ELEVANCE HEALTH INC,1.0
2022-11-01,90455,MPWR,MONOLITHIC PWR SYS INC,1.0
2022-11-01,90829,CF,C F INDUSTRIES HOLDINGS INC,1.0
2022-11-01,90880,AMP,AMERIPRISE FINANCIAL INC,1.0
2022-11-01,91233,MA,MASTERCARD INC,1.0
2022-11-01,92326,CVI,C V R ENERGY,1.0
2022-11-01,92655,UNH,UNITEDHEALTH GROUP INC,1.0
2022-11-01,93002,AVGO,BROADCOM INC,1.0
2022-11-01,93132,FTNT,FORTINET INC,1.0
2022-11-01,90312,WLK,WESTLAKE CORP,0.975734
2022-11-01,92602,PM,PHILIP MORRIS INTERNATIONAL INC,0.971737
2022-11-01,57809,NDSN,NORDSON CORP,0.970751
2022-11-01,39490,APA,A P A CORP,0.96942
2022-11-01,22111,JNJ,JOHNSON & JOHNSON,0.968237
2022-11-01,13610,OLN,OLIN CORP,0.964512
2022-11-01,84042,PAG,PENSKE AUTOMOTIVE GROUP INC,0.942529
2022-11-01,85072,RL,RALPH LAUREN CORP,0.941947
2022-11-01,14593,AAPL,APPLE INC,0.938988
2022-11-01,86228,RSG,REPUBLIC SERVICES INC,0.92851
2022-11-01,76573,MLI,MUELLER INDUSTRIES INC,0.928186
2022-11-01,11403,CDNS,CADENCE DESIGN SYSTEMS INC,0.924002
2022-11-01,91531,OC,OWENS CORNING NEW,0.921286
2022-11-01,81736,RMD,RESMED INC,0.921016
2022-11-01,88661,TPR,TAPESTRY INC,0.916027
2022-11-01,86158,CTSH,COGNIZANT TECHNOLOGY SOLS CORP,0.913771
2022-11-01,75854,LSCC,LATTICE SEMICONDUCTOR CORP,0.895978
2022-11-01,85753,VRSN,VERISIGN INC,0.892238
2022-11-01,88182,ON,ON SEMICONDUCTOR CORP,0.889261
2022-11-01,76095,HOLX,HOLOGIC INC,0.875561
2022-11-01,44943,DIOD,DIODES INC,0.87517
2022-11-01,70228,TOL,TOLL BROTHERS INC,0.874144
2022-11-01,53613,MU,MICRON TECHNOLOGY INC,0.870853
2022-11-01,16119,ATKR,ATKORE INC,0.868278
2022-11-01,93330,PRI,PRIMERICA INC,0.866887
2022-11-01,85621,MTD,METTLER TOLEDO INTERNATIONAL INC,0.852056
2022-11-01,15579,TXN,TEXAS INSTRUMENTS INC,0.851146
2022-11-01,91516,AWI,ARMSTRONG WORLD INDS INC NEW,0.837115
2022-11-01,18163,PG,PROCTER & GAMBLE CO,0.83694
2022-11-01,91413,EVR,EVERCORE INC,0.832233
2022-11-01,13936,PVH,P V H CORP,0.823972
2022-11-01,10107,MSFT,MICROSOFT CORP,0.823205
2022-11-01,85863,COLM,COLUMBIA SPORTSWEAR CO,0.822888
2022-11-01,13210,EPAM,EPAM SYSTEMS INC,0.816798
2022-11-01,82651,WAT,WATERS CORP,0.796272
2022-11-01,77357,SNPS,SYNOPSYS INC,0.790785
2022-11-01,80575,SSD,SIMPSON MANUFACTURING CO INC,0.783805
2022-11-01,19166,FMC,F M C CORP,0.781248
2022-11-01,90550,DLB,DOLBY LABORATORIES INC,0.762043
2022-11-01,14702,AMAT,APPLIED MATERIALS INC,0.748705
2022-11-01,85710,POWI,POWER INTEGRATIONS INC,0.742893
2022-11-01,88159,EXEL,EXELIXIS INC,0.736021
2022-11-01,48725,UNP,UNION PACIFIC CORP,0.724042
2022-11-01,89866,LKQ,L K Q CORP,0.720513
2022-11-01,92402,MSCI,M S C I INC,0.705646
2022-11-01,18267,DELL,DELL TECHNOLOGIES INC,0.702281
2022-11-01,49680,DHR,DANAHER CORP,0.696155
2022-11-01,14008,AMGN,AMGEN INC,0.687183
2022-11-01,89946,AEL,AMERICAN EQUITY INVT LIFE HLDG C,0.674424
2022-11-01,90319,GOOGL,ALPHABET INC,0.673984
2022-11-01,17005,CVS,C V S HEALTH CORP,0.671583
2022-11-01,91575,HRI,HERC HOLDINGS INC,0.649364
2022-11-01,90520,CE,CELANESE CORP DEL,0.580119
2022-11-01,11600,XRAY,DENTSPLY SIRONA INC,0.540738
2022-11-01,79758,BYD,BOYD GAMING CORP,0.503965
2022-11-01,75510,ADBE,ADOBE INC,0.471385
2022-11-01,87137,DVN,DEVON ENERGY CORP NEW,0.459271
2022-11-01,46886,KLAC,K L A CORP,0.31625
2022-11-01,80415,EXP,EAGLE MATERIALS INC,0.26849
2022-11-01,15429,LNTH,LANTHEUS HOLDINGS INC,0.265008
2022-11-01,56223,LPX,LOUISIANA PACIFIC CORP,0.264709
2022-11-01,13407,META,META PLATFORMS INC,0.243173
2022-11-01,12062,LH,LABORATORY CORP AMERICA HLDGS,0.114549
2022-11-01,34817,NUE,NUCOR CORP,0.095909
2022-11-01,92611,V,VISA INC,0.079807
2022-11-01,85926,SEE,SEALED AIR CORP NEW,0.078148
2022-11-01,80080,EMN,EASTMAN CHEMICAL CO,0.063494
2022-11-01,13721,ABBV,ABBVIE INC,0.059186
2022-11-01,25953,DOV,DOVER CORP,0.047475
2022-11-01,11990,KKR,K K R & CO INC,-0.02044
2022-11-01,14763,CTLT,CATALENT INC,-0.307164
2022-11-01,69649,RJF,RAYMOND JAMES FINANCIAL INC,-0.323051
2022-11-01,64929,KWR,QUAKER CHEMICAL CORP,-0.436806
2022-11-01,91594,SPR,SPIRIT AEROSYSTEMS HOLDINGS INC,-0.459561
2022-11-01,15541,RPD,RAPID7 INC,-0.469791
2022-11-01,14596,FIVN,FIVE 9 INC,-0.553166
2022-11-01,19561,BA,BOEING CO,-0.554745
2022-11-01,15694,PEN,PENUMBRA INC,-0.592147
2022-11-01,90505,LVS,LAS VEGAS SANDS CORP,-0.60219
2022-11-01,42585,SJM,SMUCKER J M CO,-0.609263
2022-11-01,40272,IFF,INTERNATIONAL FLAVORS & FRAG INC,-0.635557
2022-11-01,84381,ROK,ROCKWELL AUTOMATION INC,-0.641262
2022-11-01,91041,LYV,LIVE NATION ENTERTAINMENT INC,-0.653463
2022-11-01,16140,TWLO,TWILIO INC,-0.659609
2022-11-01,79857,PTEN,PATTERSON U T I ENERGY INC,-0.671769
2022-11-01,14136,RNG,RINGCENTRAL INC,-0.674434
2022-11-01,14882,CZR,CAESARS ENTERTAINMENT INC DE,-0.679983
2022-11-01,78875,WOLF,WOLFSPEED INC,-0.690431
2022-11-01,88863,EXAS,EXACT SCIENCES CORP,-0.692599
2022-11-01,18135,GH,GUARDANT HEALTH INC,-0.706008
2022-11-01,15627,PLNT,PLANET FITNESS INC,-0.716889
2022-11-01,17701,SMAR,SMARTSHEET INC,-0.716925
2022-11-01,90775,THS,TREEHOUSE FOODS INC,-0.722249
2022-11-01,17478,SPGI,S & P GLOBAL INC,-0.740928
2022-11-01,80069,ARWR,ARROWHEAD PHARMACEUTICALS INC,-0.750722
2022-11-01,13967,PTCT,P T C THERAPEUTICS INC,-0.751059
2022-11-01,16597,AYX,ALTERYX INC,-0.752895
2022-11-01,18735,GO,GROCERY OUTLET HOLDING CORP,-0.760324
2022-11-01,15284,BPMC,BLUEPRINT MEDICINES CORP,-0.784439
2022-11-01,61188,SWX,SOUTHWEST GAS HOLDINGS INC,-0.784659
2022-11-01,90978,SPWR,SUNPOWER CORP,-0.80019
2022-11-01,12060,GE,GENERAL ELECTRIC CO,-0.811041
2022-11-01,14811,FWONK,LIBERTY MEDIA CORP 3RD NEW,-0.819892
2022-11-01,16343,YUMC,YUM CHINA HOLDINGS INC,-0.821306
2022-11-01,90248,DPZ,DOMINOS PIZZA INC,-0.844554
2022-11-01,15452,EVH,EVOLENT HEALTH INC,-0.8616
2022-11-01,46578,CLX,CLOROX CO,-0.884455
2022-11-01,89110,OMCL,OMNICELL INC,-0.886102
2022-11-01,32870,HRL,HORMEL FOODS CORP,-0.889524
2022-11-01,18150,ETRN,EQUITRANS MIDSTREAM CORP,-0.904261
2022-11-01,13511,PANW,PALO ALTO NETWORKS INC,-0.920428
2022-11-01,17341,ZS,ZSCALER INC,-0.935192
2022-11-01,25320,CPB,CAMPBELL SOUP CO,-0.942862
2022-11-01,23835,MDU,M D U RESOURCES GROUP INC,-0.947271
2022-11-01,14329,ARMK,ARAMARK,-0.948757
2022-11-01,15534,NTRA,NATERA INC,-0.949177
2022-11-01,85738,MRCY,MERCURY SYSTEMS INC,-0.952427
2022-11-01,14828,SAGE,SAGE THERAPEUTICS INC,-0.959369
2022-11-01,93098,H,HYATT HOTELS CORP,-0.962669
2022-11-01,77366,MODG,TOPGOLF CALLAWAY BRANDS CORP,-0.969636
2022-11-01,90177,ACAD,ACADIA PHARMACEUTICALS,-0.971451
2022-11-01,14436,RARE,ULTRAGENYX PHARMACEUTICALS INC,-0.974732
2022-11-01,18726,CRWD,CROWDSTRIKE HOLDINGS INC,-0.975769
2022-11-01,17783,CHX,CHAMPIONX CORP,-0.976589
2022-11-01,52476,EFX,EQUIFAX INC,-0.986648
2022-11-01,76136,KMPR,KEMPER CORP DE,-0.994772
2022-11-01,76661,IONS,IONIS PHARMACEUTICALS INC,-0.996995
2022-11-01,15119,WK,WORKIVA INC,-0.997802
2022-11-01,10026,JJSF,J & J SNACK FOODS CORP,-1.0
2022-11-01,11370,ENV,ENVESTNET INC,-1.0
2022-11-01,11752,COHR,COHERENT CORP,-1.0
2022-11-01,12591,APO,APOLLO GLOBAL MANAGEMENT INC NEW,-1.0
2022-11-01,13181,GWRE,GUIDEWIRE SOFTWARE INC,-1.0
2022-11-01,13527,FIVE,FIVE BELOW INC,-1.0
2022-11-01,13628,WDAY,WORKDAY INC,-1.0
2022-11-01,13688,PCG,P G & E CORP,-1.0
2022-11-01,14325,TNDM,TANDEM DIABETES CARE INC,-1.0
2022-11-01,14432,ITCI,INTRA CELLULAR THERAPIES INC,-1.0
2022-11-01,14617,ARES,ARES MANAGEMENT CORP,-1.0
2022-11-01,14803,HQY,HEALTHEQUITY INC,-1.0
2022-11-01,15409,ALRM,ALARM COM HOLDINGS INC,-1.0
2022-11-01,15454,GKOS,GLAUKOS CORP,-1.0
2022-11-01,16064,NTLA,INTELLIA THERAPEUTICS INC,-1.0
2022-11-01,16381,BL,BLACKLINE INC,-1.0
2022-11-01,16664,FND,FLOOR & DECOR HOLDINGS INC,-1.0
2022-11-01,16736,VST,VISTRA CORP,-1.0
2022-11-01,16932,ROKU,ROKU INC,-1.0
2022-11-01,17034,ALTR,ALTAIR ENGINEERING INC,-1.0
2022-11-01,17104,APLS,APELLIS PHARMACEUTICALS INC,-1.0
2022-11-01,17125,DNLI,DENALI THERAPEUTICS INC,-1.0
2022-11-01,17684,AHCO,ADAPTHEALTH CORP,-1.0
2022-11-01,17700,CDAY,CERIDIAN H C M HOLDING INC,-1.0
2022-11-01,17949,BE,BLOOM ENERGY CORP,-1.0
2022-11-01,17987,VRT,VERTIV HOLDINGS CO,-1.0
2022-11-01,18777,KRTX,KARUNA THERAPEUTICS INC,-1.0
2022-11-01,20765,AJRD,AEROJET ROCKETDYNE HOLDINGS INC,-1.0
2022-11-01,26825,K,KELLOGG CO,-1.0
2022-11-01,32986,ATO,ATMOS ENERGY CORP,-1.0
2022-11-01,35991,ROG,ROGERS CORP,-1.0
2022-11-01,43350,SWK,STANLEY BLACK & DECKER INC,-1.0
2022-11-01,52090,MKC,MCCORMICK & CO INC,-1.0
2022-11-01,59010,GPS,GAP INC,-1.0
2022-11-01,64936,D,DOMINION ENERGY INC,-1.0
2022-11-01,75034,BKR,BAKER HUGHES CO,-1.0
2022-11-01,75182,PII,POLARIS INC,-1.0
2022-11-01,75470,MIDD,MIDDLEBY CORP,-1.0
2022-11-01,77300,SMG,SCOTTS MIRACLE GRO CO,-1.0
2022-11-01,79299,PZZA,PAPA JOHNS INTL INC,-1.0
2022-11-01,82515,POOL,POOL CORP,-1.0
2022-11-01,82634,SAM,BOSTON BEER INC,-1.0
2022-11-01,84032,NOV,N O V INC,-1.0
2022-11-01,84348,VSAT,VIASAT INC,-1.0
2022-11-01,84761,TTWO,TAKE TWO INTERACTIVE SOFTWR INC,-1.0
2022-11-01,85002,SRPT,SAREPTA THERAPEUTICS INC,-1.0
2022-11-01,85792,PWR,QUANTA SERVICES INC,-1.0
2022-11-01,88351,INSM,INSMED INC,-1.0
2022-11-01,89031,AXON,AXON ENTERPRISE INC,-1.0
2022-11-01,89217,AAP,ADVANCE AUTO PARTS INC,-1.0
2022-11-01,89508,KMX,CARMAX INC,-1.0
2022-11-01,90178,ALNY,ALNYLAM PHARMACEUTICALS INC,-1.0
2022-11-01,91733,AVAV,AEROVIRONMENT INC,-1.0
2022-11-01,92040,FOLD,AMICUS THERAPEUTICS INC,-1.0
2022-11-01,92050,PODD,INSULET CORP,-1.0
2022-12-01,11403,CDNS,CADENCE DESIGN SYSTEMS INC,1.0
2022-12-01,11850,XOM,EXXON MOBIL CORP,1.0
2022-12-01,11995,COKE,COCA COLA CONSOLIDATED INC,1.0
2022-12-01,13284,ALSN,ALLISON TRANSMISSION HLDGS INC,1.0
2022-12-01,13610,OLN,OLIN CORP,1.0
2022-12-01,13766,BCC,BOISE CASCADE CO,1.0
2022-12-01,13788,ZTS,ZOETIS INC,1.0
2022-12-01,13901,MO,ALTRIA GROUP INC,1.0
2022-12-01,14541,CVX,CHEVRON CORP NEW,1.0
2022-12-01,14776,SYF,SYNCHRONY FINANCIAL,1.0
2022-12-01,15069,MRO,MARATHON OIL CORP,1.0
2022-12-01,15071,SYNH,SYNEOS HEALTH INC,1.0
2022-12-01,15397,BLD,TOPBUILD CORP,1.0
2022-12-01,15429,LNTH,LANTHEUS HOLDINGS INC,1.0
2022-12-01,16505,BPOP,POPULAR INC,1.0
2022-12-01,17743,WRB,BERKLEY W R CORP,1.0
2022-12-01,20482,ABT,ABBOTT LABORATORIES,1.0
2022-12-01,21186,WRK,WESTROCK CO,1.0
2022-12-01,21936,PFE,PFIZER INC,1.0
2022-12-01,22752,MRK,MERCK & CO INC NEW,1.0
2022-12-01,23660,CTAS,CINTAS CORP,1.0
2022-12-01,44943,DIOD,DIODES INC,1.0
2022-12-01,49429,DDS,DILLARDS INC,1.0
2022-12-01,50876,LLY,LILLY ELI & CO,1.0
2022-12-01,57809,NDSN,NORDSON CORP,1.0
2022-12-01,61807,MOGA,MOOG INC,1.0
2022-12-01,62148,CSX,C S X CORP,1.0
2022-12-01,64194,CHE,CHEMED CORP NEW,1.0
2022-12-01,64311,NSC,NORFOLK SOUTHERN CORP,1.0
2022-12-01,66800,AIG,AMERICAN INTERNATIONAL GROUP INC,1.0
2022-12-01,75694,TECH,BIO TECHNE CORP,1.0
2022-12-01,75825,EOG,EOG RESOURCES INC,1.0
2022-12-01,75854,LSCC,LATTICE SEMICONDUCTOR CORP,1.0
2022-12-01,76076,CSCO,CISCO SYSTEMS INC,1.0
2022-12-01,76573,MLI,MUELLER INDUSTRIES INC,1.0
2022-12-01,76744,VRTX,VERTEX PHARMACEUTICALS INC,1.0
2022-12-01,76841,BIIB,BIOGEN INC,1.0
2022-12-01,77462,M,MACYS INC,1.0
2022-12-01,78987,MCHP,MICROCHIP TECHNOLOGY INC,1.0
2022-12-01,79698,IT,GARTNER INC,1.0
2022-12-01,79841,FWRD,FORWARD AIR CORP,1.0
2022-12-01,80415,EXP,EAGLE MATERIALS INC,1.0
2022-12-01,80864,RS,RELIANCE STEEL & ALUMINUM CO,1.0
2022-12-01,85593,AMG,AFFILIATED MANAGERS GROUP INC,1.0
2022-12-01,86047,AMKR,AMKOR TECHNOLOGY INC,1.0
2022-12-01,86594,KFY,KORN FERRY,1.0
2022-12-01,86783,BKNG,BOOKING HOLDINGS INC,1.0
2022-12-01,87432,A,AGILENT TECHNOLOGIES INC,1.0
2022-12-01,88182,ON,ON SEMICONDUCTOR CORP,1.0
2022-12-01,88661,TPR,TAPESTRY INC,1.0
2022-12-01,89792,CVCO,CAVCO INDUSTRIES INC DEL,1.0
2022-12-01,89946,AEL,AMERICAN EQUITY INVT LIFE HLDG C,1.0
2022-12-01,90312,WLK,WESTLAKE CORP,1.0
2022-12-01,90455,MPWR,MONOLITHIC PWR SYS INC,1.0
2022-12-01,90829,CF,C F INDUSTRIES HOLDINGS INC,1.0
2022-12-01,90880,AMP,AMERIPRISE FINANCIAL INC,1.0
2022-12-01,91233,MA,MASTERCARD INC,1.0
2022-12-01,92602,PM,PHILIP MORRIS INTERNATIONAL INC,1.0
2022-12-01,93002,AVGO,BROADCOM INC,1.0
2022-12-01,39490,APA,A P A CORP,0.996292
2022-12-01,22111,JNJ,JOHNSON & JOHNSON,0.994262
2022-12-01,85863,COLM,COLUMBIA SPORTSWEAR CO,0.990898
2022-12-01,85621,MTD,METTLER TOLEDO INTERNATIONAL INC,0.987461
2022-12-01,92655,UNH,UNITEDHEALTH GROUP INC,0.983832
2022-12-01,13928,COP,CONOCOPHILLIPS,0.980438
2022-12-01,92326,CVI,C V R ENERGY,0.976602
2022-12-01,86228,RSG,REPUBLIC SERVICES INC,0.972557
2022-12-01,89179,ELV,ELEVANCE HEALTH INC,0.971813
2022-12-01,70228,TOL,TOLL BROTHERS INC,0.969654
2022-12-01,91531,OC,OWENS CORNING NEW,0.953414
2022-12-01,81736,RMD,RESMED INC,0.947158
2022-12-01,25487,CAR,AVIS BUDGET GROUP INC,0.942758
2022-12-01,13837,EVTC,EVERTEC INC,0.940177
2022-12-01,75241,PXD,PIONEER NATURAL RESOURCES CO,0.939332
2022-12-01,14702,AMAT,APPLIED MATERIALS INC,0.929521
2022-12-01,93132,FTNT,FORTINET INC,0.927165
2022-12-01,53613,MU,MICRON TECHNOLOGY INC,0.92551
2022-12-01,18163,PG,PROCTER & GAMBLE CO,0.924601
2022-12-01,77357,SNPS,SYNOPSYS INC,0.915544
2022-12-01,91413,EVR,EVERCORE INC,0.91549
2022-12-01,86158,CTSH,COGNIZANT TECHNOLOGY SOLS CORP,0.914721
2022-12-01,14593,AAPL,APPLE INC,0.905297
2022-12-01,10107,MSFT,MICROSOFT CORP,0.905
2022-12-01,85710,POWI,POWER INTEGRATIONS INC,0.896217
2022-12-01,93330,PRI,PRIMERICA INC,0.893768
2022-12-01,85753,VRSN,VERISIGN INC,0.886797
2022-12-01,11691,MATX,MATSON INC,0.867778
2022-12-01,13210,EPAM,EPAM SYSTEMS INC,0.857826
2022-12-01,19166,FMC,F M C CORP,0.856156
2022-12-01,90550,DLB,DOLBY LABORATORIES INC,0.85461
2022-12-01,80575,SSD,SIMPSON MANUFACTURING CO INC,0.850979
2022-12-01,91516,AWI,ARMSTRONG WORLD INDS INC NEW,0.846951
2022-12-01,48725,UNP,UNION PACIFIC CORP,0.796494
2022-12-01,92402,MSCI,M S C I INC,0.764336
2022-12-01,88159,EXEL,EXELIXIS INC,0.756115
2022-12-01,49680,DHR,DANAHER CORP,0.754302
2022-12-01,14008,AMGN,AMGEN INC,0.730994
2022-12-01,17005,CVS,C V S HEALTH CORP,0.720583
2022-12-01,90319,GOOGL,ALPHABET INC,0.71827
2022-12-01,91575,HRI,HERC HOLDINGS INC,0.705815
2022-12-01,89866,LKQ,L K Q CORP,0.705054
2022-12-01,79758,BYD,BOYD GAMING CORP,0.533674
2022-12-01,75510,ADBE,ADOBE INC,0.509156
2022-12-01,84042,PAG,PENSKE AUTOMOTIVE GROUP INC,0.426966
2022-12-01,87137,DVN,DEVON ENERGY CORP NEW,0.405531
2022-12-01,46886,KLAC,K L A CORP,0.39335
2022-12-01,13407,META,META PLATFORMS INC,0.307578
2022-12-01,56223,LPX,LOUISIANA PACIFIC CORP,0.298578
2022-12-01,86719,EWBC,EAST WEST BANCORP INC,0.260394
2022-12-01,12062,LH,LABORATORY CORP AMERICA HLDGS,0.124316
2022-12-01,34817,NUE,NUCOR CORP,0.109191
2022-12-01,85926,SEE,SEALED AIR CORP NEW,0.087131
2022-12-01,92611,V,VISA INC,0.083563
2022-12-01,80080,EMN,EASTMAN CHEMICAL CO,0.071422
2022-12-01,13721,ABBV,ABBVIE INC,0.064992
2022-12-01,25953,DOV,DOVER CORP,0.051617
2022-12-01,15534,NTRA,NATERA INC,-0.024973
2022-12-01,14763,CTLT,CATALENT INC,-0.233386
2022-12-01,18484,ZM,ZOOM VIDEO COMMUNICATIONS INC,-0.239474
2022-12-01,69649,RJF,RAYMOND JAMES FINANCIAL INC,-0.318738
2022-12-01,49154,TGT,TARGET CORP,-0.353401
2022-12-01,16140,TWLO,TWILIO INC,-0.432889
2022-12-01,91594,SPR,SPIRIT AEROSYSTEMS HOLDINGS INC,-0.51877
2022-12-01,64929,KWR,QUAKER CHEMICAL CORP,-0.527276
2022-12-01,42585,SJM,SMUCKER J M CO,-0.557611
2022-12-01,14596,FIVN,FIVE 9 INC,-0.586928
2022-12-01,89110,OMCL,OMNICELL INC,-0.58893
2022-12-01,91041,LYV,LIVE NATION ENTERTAINMENT INC,-0.595369
2022-12-01,17701,SMAR,SMARTSHEET INC,-0.629061
2022-12-01,18735,GO,GROCERY OUTLET HOLDING CORP,-0.663579
2022-12-01,81220,NSIT,INSIGHT ENTERPRISES INC,-0.668468
2022-12-01,79857,PTEN,PATTERSON U T I ENERGY INC,-0.684313
2022-12-01,40272,IFF,INTERNATIONAL FLAVORS & FRAG INC,-0.687199
2022-12-01,16597,AYX,ALTERYX INC,-0.690798
2022-12-01,80069,ARWR,ARROWHEAD PHARMACEUTICALS INC,-0.69229
2022-12-01,19561,BA,BOEING CO,-0.694737
2022-12-01,77447,ICUI,I C U MEDICAL INC,-0.69601
2022-12-01,11990,KKR,K K R & CO INC,-0.701738
2022-12-01,14136,RNG,RINGCENTRAL INC,-0.701749
2022-12-01,18726,CRWD,CROWDSTRIKE HOLDINGS INC,-0.709367
2022-12-01,15284,BPMC,BLUEPRINT MEDICINES CORP,-0.720914
2022-12-01,61188,SWX,SOUTHWEST GAS HOLDINGS INC,-0.740106
2022-12-01,90505,LVS,LAS VEGAS SANDS CORP,-0.740363
2022-12-01,14325,TNDM,TANDEM DIABETES CARE INC,-0.746031
2022-12-01,14882,CZR,CAESARS ENTERTAINMENT INC DE,-0.788132
2022-12-01,89217,AAP,ADVANCE AUTO PARTS INC,-0.792163
2022-12-01,78875,WOLF,WOLFSPEED INC,-0.795159
2022-12-01,17341,ZS,ZSCALER INC,-0.807202
2022-12-01,14803,HQY,HEALTHEQUITY INC,-0.81193
2022-12-01,17478,SPGI,S & P GLOBAL INC,-0.813511
2022-12-01,13967,PTCT,P T C THERAPEUTICS INC,-0.821796
2022-12-01,84348,VSAT,VIASAT INC,-0.829419
2022-12-01,15409,ALRM,ALARM COM HOLDINGS INC,-0.845207
2022-12-01,15627,PLNT,PLANET FITNESS INC,-0.855855
2022-12-01,14811,FWONK,LIBERTY MEDIA CORP 3RD NEW,-0.863139
2022-12-01,64936,D,DOMINION ENERGY INC,-0.870518
2022-12-01,84761,TTWO,TAKE TWO INTERACTIVE SOFTWR INC,-0.889193
2022-12-01,88863,EXAS,EXACT SCIENCES CORP,-0.893143
2022-12-01,12060,GE,GENERAL ELECTRIC CO,-0.893779
2022-12-01,32870,HRL,HORMEL FOODS CORP,-0.897516
2022-12-01,46578,CLX,CLOROX CO,-0.897736
2022-12-01,13511,PANW,PALO ALTO NETWORKS INC,-0.908734
2022-12-01,18150,ETRN,EQUITRANS MIDSTREAM CORP,-0.915522
2022-12-01,76661,IONS,IONIS PHARMACEUTICALS INC,-0.91723
2022-12-01,90177,ACAD,ACADIA PHARMACEUTICALS,-0.941406
2022-12-01,25320,CPB,CAMPBELL SOUP CO,-0.953712
2022-12-01,26825,K,KELLOGG CO,-0.954447
2022-12-01,17987,VRT,VERTIV HOLDINGS CO,-0.965732
2022-12-01,16064,NTLA,INTELLIA THERAPEUTICS INC,-0.972134
2022-12-01,17684,AHCO,ADAPTHEALTH CORP,-0.975653
2022-12-01,90248,DPZ,DOMINOS PIZZA INC,-0.98574
2022-12-01,84032,NOV,N O V INC,-0.999823
2022-12-01,10026,JJSF,J & J SNACK FOODS CORP,-1.0
2022-12-01,11370,ENV,ENVESTNET INC,-1.0
2022-12-01,11752,COHR,COHERENT CORP,-1.0
2022-12-01,12591,APO,APOLLO GLOBAL MANAGEMENT INC NEW,-1.0
2022-12-01,13181,GWRE,GUIDEWIRE SOFTWARE INC,-1.0
2022-12-01,13527,FIVE,FIVE BELOW INC,-1.0
2022-12-01,13628,WDAY,WORKDAY INC,-1.0
2022-12-01,13688,PCG,P G & E CORP,-1.0
2022-12-01,14167,ISEE,IVERIC BIO INC,-1.0
2022-12-01,14329,ARMK,ARAMARK,-1.0
2022-12-01,14432,ITCI,INTRA CELLULAR THERAPIES INC,-1.0
2022-12-01,14436,RARE,ULTRAGENYX PHARMACEUTICALS INC,-1.0
2022-12-01,14617,ARES,ARES MANAGEMENT CORP,-1.0
2022-12-01,14828,SAGE,SAGE THERAPEUTICS INC,-1.0
2022-12-01,15119,WK,WORKIVA INC,-1.0
2022-12-01,15400,ENR,ENERGIZER HOLDINGS INC NEW,-1.0
2022-12-01,15452,EVH,EVOLENT HEALTH INC,-1.0
2022-12-01,15454,GKOS,GLAUKOS CORP,-1.0
2022-12-01,15694,PEN,PENUMBRA INC,-1.0
2022-12-01,16343,YUMC,YUM CHINA HOLDINGS INC,-1.0
2022-12-01,16381,BL,BLACKLINE INC,-1.0
2022-12-01,16736,VST,VISTRA CORP,-1.0
2022-12-01,17034,ALTR,ALTAIR ENGINEERING INC,-1.0
2022-12-01,17104,APLS,APELLIS PHARMACEUTICALS INC,-1.0
2022-12-01,17125,DNLI,DENALI THERAPEUTICS INC,-1.0
2022-12-01,17700,CDAY,CERIDIAN H C M HOLDING INC,-1.0
2022-12-01,17783,CHX,CHAMPIONX CORP,-1.0
2022-12-01,17949,BE,BLOOM ENERGY CORP,-1.0
2022-12-01,18011,SONO,SONOS INC,-1.0
2022-12-01,18777,KRTX,KARUNA THERAPEUTICS INC,-1.0
2022-12-01,20765,AJRD,AEROJET ROCKETDYNE HOLDINGS INC,-1.0
2022-12-01,23835,MDU,M D U RESOURCES GROUP INC,-1.0
2022-12-01,32651,HL,HECLA MINING CO,-1.0
2022-12-01,32986,ATO,ATMOS ENERGY CORP,-1.0
2022-12-01,35991,ROG,ROGERS CORP,-1.0
2022-12-01,43350,SWK,STANLEY BLACK & DECKER INC,-1.0
2022-12-01,52090,MKC,MCCORMICK & CO INC,-1.0
2022-12-01,52476,EFX,EQUIFAX INC,-1.0
2022-12-01,59010,GPS,GAP INC,-1.0
2022-12-01,75034,BKR,BAKER HUGHES CO,-1.0
2022-12-01,75470,MIDD,MIDDLEBY CORP,-1.0
2022-12-01,76136,KMPR,KEMPER CORP DE,-1.0
2022-12-01,77300,SMG,SCOTTS MIRACLE GRO CO,-1.0
2022-12-01,77366,MODG,TOPGOLF CALLAWAY BRANDS CORP,-1.0
2022-12-01,79299,PZZA,PAPA JOHNS INTL INC,-1.0
2022-12-01,80432,AEO,AMERICAN EAGLE OUTFITTERS INC NE,-1.0
2022-12-01,82515,POOL,POOL CORP,-1.0
2022-12-01,82634,SAM,BOSTON BEER INC,-1.0
2022-12-01,85002,SRPT,SAREPTA THERAPEUTICS INC,-1.0
2022-12-01,85738,MRCY,MERCURY SYSTEMS INC,-1.0
2022-12-01,85792,PWR,QUANTA SERVICES INC,-1.0
2022-12-01,88351,INSM,INSMED INC,-1.0
2022-12-01,89031,AXON,AXON ENTERPRISE INC,-1.0
2022-12-01,90178,ALNY,ALNYLAM PHARMACEUTICALS INC,-1.0
2022-12-01,90978,SPWR,SUNPOWER CORP,-1.0
2022-12-01,91733,AVAV,AEROVIRONMENT INC,-1.0
2022-12-01,92040,FOLD,AMICUS THERAPEUTICS INC,-1.0
2022-12-01,92050,PODD,INSULET CORP,-1.0
2022-12-01,93098,H,HYATT HOTELS CORP,-1.0
2023-01-01,11850,XOM,EXXON MOBIL CORP,1.0
2023-01-01,11995,COKE,COCA COLA CONSOLIDATED INC,1.0
2023-01-01,13284,ALSN,ALLISON TRANSMISSION HLDGS INC,1.0
2023-01-01,13721,ABBV,ABBVIE INC,1.0
2023-01-01,13766,BCC,BOISE CASCADE CO,1.0
2023-01-01,13837,EVTC,EVERTEC INC,1.0
2023-01-01,13901,MO,ALTRIA GROUP INC,1.0
2023-01-01,13911,IQV,IQVIA HOLDINGS INC,1.0
2023-01-01,13928,COP,CONOCOPHILLIPS,1.0
2023-01-01,15069,MRO,MARATHON OIL CORP,1.0
2023-01-01,15071,SYNH,SYNEOS HEALTH INC,1.0
2023-01-01,15397,BLD,TOPBUILD CORP,1.0
2023-01-01,15429,LNTH,LANTHEUS HOLDINGS INC,1.0
2023-01-01,16076,GMS,G M S INC,1.0
2023-01-01,16260,MEDP,MEDPACE HOLDINGS INC,1.0
2023-01-01,16505,BPOP,POPULAR INC,1.0
2023-01-01,20482,ABT,ABBOTT LABORATORIES,1.0
2023-01-01,21936,PFE,PFIZER INC,1.0
2023-01-01,22111,JNJ,JOHNSON & JOHNSON,1.0
2023-01-01,22752,MRK,MERCK & CO INC NEW,1.0
2023-01-01,48725,UNP,UNION PACIFIC CORP,1.0
2023-01-01,49680,DHR,DANAHER CORP,1.0
2023-01-01,57809,NDSN,NORDSON CORP,1.0
2023-01-01,66800,AIG,AMERICAN INTERNATIONAL GROUP INC,1.0
2023-01-01,70228,TOL,TOLL BROTHERS INC,1.0
2023-01-01,75825,EOG,EOG RESOURCES INC,1.0
2023-01-01,76082,CTRA,COTERRA ENERGY INC,1.0
2023-01-01,76841,BIIB,BIOGEN INC,1.0
2023-01-01,78987,MCHP,MICROCHIP TECHNOLOGY INC,1.0
2023-01-01,79841,FWRD,FORWARD AIR CORP,1.0
2023-01-01,80415,EXP,EAGLE MATERIALS INC,1.0
2023-01-01,80864,RS,RELIANCE STEEL & ALUMINUM CO,1.0
2023-01-01,81584,CBZ,CBIZ INC,1.0
2023-01-01,86047,AMKR,AMKOR TECHNOLOGY INC,1.0
2023-01-01,86158,CTSH,COGNIZANT TECHNOLOGY SOLS CORP,1.0
2023-01-01,86783,BKNG,BOOKING HOLDINGS INC,1.0
2023-01-01,88661,TPR,TAPESTRY INC,1.0
2023-01-01,89946,AEL,AMERICAN EQUITY INVT LIFE HLDG C,1.0
2023-01-01,90386,MOS,MOSAIC CO NEW,1.0
2023-01-01,90829,CF,C F INDUSTRIES HOLDINGS INC,1.0
2023-01-01,90880,AMP,AMERIPRISE FINANCIAL INC,1.0
2023-01-01,91233,MA,MASTERCARD INC,1.0
2023-01-01,92121,DFS,DISCOVER FINANCIAL SERVICES,1.0
2023-01-01,92602,PM,PHILIP MORRIS INTERNATIONAL INC,1.0
2023-01-01,92655,UNH,UNITEDHEALTH GROUP INC,1.0
2023-01-01,93002,AVGO,BROADCOM INC,1.0
2023-01-01,39490,APA,A P A CORP,0.98931
2023-01-01,85593,AMG,AFFILIATED MANAGERS GROUP INC,0.984216
2023-01-01,50876,LLY,LILLY ELI & CO,0.9825
2023-01-01,64194,CHE,CHEMED CORP NEW,0.978217
2023-01-01,14541,CVX,CHEVRON CORP NEW,0.975782
2023-01-01,23660,CTAS,CINTAS CORP,0.974619
2023-01-01,75694,TECH,BIO TECHNE CORP,0.971794
2023-01-01,85621,MTD,METTLER TOLEDO INTERNATIONAL INC,0.967924
2023-01-01,85863,COLM,COLUMBIA SPORTSWEAR CO,0.965318
2023-01-01,87432,A,AGILENT TECHNOLOGIES INC,0.963681
2023-01-01,64311,NSC,NORFOLK SOUTHERN CORP,0.957323
2023-01-01,79698,IT,GARTNER INC,0.956007
2023-01-01,76076,CSCO,CISCO SYSTEMS INC,0.954787
2023-01-01,17743,WRB,BERKLEY W R CORP,0.949305
2023-01-01,90312,WLK,WESTLAKE CORP,0.949152
2023-01-01,13788,ZTS,ZOETIS INC,0.94738
2023-01-01,62148,CSX,C S X CORP,0.944311
2023-01-01,49429,DDS,DILLARDS INC,0.938547
2023-01-01,18163,PG,PROCTER & GAMBLE CO,0.936354
2023-01-01,89179,ELV,ELEVANCE HEALTH INC,0.934436
2023-01-01,11403,CDNS,CADENCE DESIGN SYSTEMS INC,0.930357
2023-01-01,44943,DIOD,DIODES INC,0.929431
2023-01-01,13610,OLN,OLIN CORP,0.925719
2023-01-01,90455,MPWR,MONOLITHIC PWR SYS INC,0.924363
2023-01-01,21186,WRK,WESTROCK CO,0.923836
2023-01-01,91531,OC,OWENS CORNING NEW,0.912202
2023-01-01,76744,VRTX,VERTEX PHARMACEUTICALS INC,0.909326
2023-01-01,85753,VRSN,VERISIGN INC,0.908787
2023-01-01,75241,PXD,PIONEER NATURAL RESOURCES CO,0.905907
2023-01-01,86228,RSG,REPUBLIC SERVICES INC,0.90081
2023-01-01,75854,LSCC,LATTICE SEMICONDUCTOR CORP,0.887463
2023-01-01,86594,KFY,KORN FERRY,0.886886
2023-01-01,77462,M,MACYS INC,0.881705
2023-01-01,14776,SYF,SYNCHRONY FINANCIAL,0.871022
2023-01-01,77357,SNPS,SYNOPSYS INC,0.857847
2023-01-01,76573,MLI,MUELLER INDUSTRIES INC,0.857654
2023-01-01,81736,RMD,RESMED INC,0.85315
2023-01-01,93132,FTNT,FORTINET INC,0.849559
2023-01-01,11691,MATX,MATSON INC,0.847833
2023-01-01,10107,MSFT,MICROSOFT CORP,0.8476
2023-01-01,93330,PRI,PRIMERICA INC,0.847507
2023-01-01,92326,CVI,C V R ENERGY,0.827276
2023-01-01,88182,ON,ON SEMICONDUCTOR CORP,0.826009
2023-01-01,80575,SSD,SIMPSON MANUFACTURING CO INC,0.807955
2023-01-01,90550,DLB,DOLBY LABORATORIES INC,0.802297
2023-01-01,85710,POWI,POWER INTEGRATIONS INC,0.795639
2023-01-01,14593,AAPL,APPLE INC,0.791545
2023-01-01,13210,EPAM,EPAM SYSTEMS INC,0.759877
2023-01-01,91516,AWI,ARMSTRONG WORLD INDS INC NEW,0.75741
2023-01-01,91575,HRI,HERC HOLDINGS INC,0.725358
2023-01-01,61313,DCI,DONALDSON INC,0.720085
2023-01-01,88159,EXEL,EXELIXIS INC,0.70752
2023-01-01,92402,MSCI,M S C I INC,0.697545
2023-01-01,79785,NVR,N V R INC,0.668851
2023-01-01,14008,AMGN,AMGEN INC,0.66788
2023-01-01,17005,CVS,C V S HEALTH CORP,0.656685
2023-01-01,90319,GOOGL,ALPHABET INC,0.62509
2023-01-01,19166,FMC,F M C CORP,0.619118
2023-01-01,75510,ADBE,ADOBE INC,0.495036
2023-01-01,79758,BYD,BOYD GAMING CORP,0.473946
2023-01-01,46886,KLAC,K L A CORP,0.375893
2023-01-01,87137,DVN,DEVON ENERGY CORP NEW,0.370916
2023-01-01,13407,META,META PLATFORMS INC,0.312373
2023-01-01,56223,LPX,LOUISIANA PACIFIC CORP,0.276042
2023-01-01,76892,BOKF,B O K FINANCIAL CORP,0.244768
2023-01-01,86719,EWBC,EAST WEST BANCORP INC,0.243529
2023-01-01,62341,PDCE,P D C ENERGY INC,0.235144
2023-01-01,16044,NGVT,INGEVITY CORP,0.190201
2023-01-01,12062,LH,LABORATORY CORP AMERICA HLDGS,0.1212
2023-01-01,34817,NUE,NUCOR CORP,0.095979
2023-01-01,85926,SEE,SEALED AIR CORP NEW,0.081662
2023-01-01,92611,V,VISA INC,0.079723
2023-01-01,80080,EMN,EASTMAN CHEMICAL CO,0.067524
2023-01-01,14763,CTLT,CATALENT INC,-0.208761
2023-01-01,18484,ZM,ZOOM VIDEO COMMUNICATIONS INC,-0.214251
2023-01-01,69649,RJF,RAYMOND JAMES FINANCIAL INC,-0.291404
2023-01-01,49154,TGT,TARGET CORP,-0.314068
2023-01-01,16140,TWLO,TWILIO INC,-0.430896
2023-01-01,64929,KWR,QUAKER CHEMICAL CORP,-0.445407
2023-01-01,91041,LYV,LIVE NATION ENTERTAINMENT INC,-0.568646
2023-01-01,42585,SJM,SMUCKER J M CO,-0.571838
2023-01-01,89110,OMCL,OMNICELL INC,-0.57336
2023-01-01,91594,SPR,SPIRIT AEROSYSTEMS HOLDINGS INC,-0.584115
2023-01-01,14596,FIVN,FIVE 9 INC,-0.619276
2023-01-01,18726,CRWD,CROWDSTRIKE HOLDINGS INC,-0.632447
2023-01-01,79857,PTEN,PATTERSON U T I ENERGY INC,-0.639685
2023-01-01,14882,CZR,CAESARS ENTERTAINMENT INC DE,-0.642609
2023-01-01,81220,NSIT,INSIGHT ENTERPRISES INC,-0.642793
2023-01-01,13628,WDAY,WORKDAY INC,-0.649333
2023-01-01,18772,AKRO,AKERO THERAPEUTICS INC,-0.653157
2023-01-01,16064,NTLA,INTELLIA THERAPEUTICS INC,-0.655824
2023-01-01,15284,BPMC,BLUEPRINT MEDICINES CORP,-0.65844
2023-01-01,61188,SWX,SOUTHWEST GAS HOLDINGS INC,-0.66647
2023-01-01,14136,RNG,RINGCENTRAL INC,-0.667945
2023-01-01,17341,ZS,ZSCALER INC,-0.674124
2023-01-01,40272,IFF,INTERNATIONAL FLAVORS & FRAG INC,-0.683825
2023-01-01,18150,ETRN,EQUITRANS MIDSTREAM CORP,-0.728015
2023-01-01,19561,BA,BOEING CO,-0.737481
2023-01-01,90978,SPWR,SUNPOWER CORP,-0.740126
2023-01-01,13511,PANW,PALO ALTO NETWORKS INC,-0.743279
2023-01-01,13967,PTCT,P T C THERAPEUTICS INC,-0.75326
2023-01-01,90505,LVS,LAS VEGAS SANDS CORP,-0.757304
2023-01-01,84348,VSAT,VIASAT INC,-0.767251
2023-01-01,17478,SPGI,S & P GLOBAL INC,-0.769579
2023-01-01,59010,GPS,GAP INC,-0.772412
2023-01-01,89217,AAP,ADVANCE AUTO PARTS INC,-0.776789
2023-01-01,16597,AYX,ALTERYX INC,-0.778106
2023-01-01,15409,ALRM,ALARM COM HOLDINGS INC,-0.835237
2023-01-01,17684,AHCO,ADAPTHEALTH CORP,-0.837225
2023-01-01,14811,FWONK,LIBERTY MEDIA CORP 3RD NEW,-0.843793
2023-01-01,46578,CLX,CLOROX CO,-0.844456
2023-01-01,76661,IONS,IONIS PHARMACEUTICALS INC,-0.846221
2023-01-01,82634,SAM,BOSTON BEER INC,-0.85392
2023-01-01,15627,PLNT,PLANET FITNESS INC,-0.857768
2023-01-01,76136,KMPR,KEMPER CORP DE,-0.860992
2023-01-01,32870,HRL,HORMEL FOODS CORP,-0.866794
2023-01-01,17125,DNLI,DENALI THERAPEUTICS INC,-0.868135
2023-01-01,12060,GE,GENERAL ELECTRIC CO,-0.86895
2023-01-01,80069,ARWR,ARROWHEAD PHARMACEUTICALS INC,-0.869688
2023-01-01,16928,KRYS,KRYSTAL BIOTECH INC,-0.872164
2023-01-01,90248,DPZ,DOMINOS PIZZA INC,-0.877704
2023-01-01,89031,AXON,AXON ENTERPRISE INC,-0.898267
2023-01-01,18735,GO,GROCERY OUTLET HOLDING CORP,-0.911513
2023-01-01,10026,JJSF,J & J SNACK FOODS CORP,-0.913585
2023-01-01,43350,SWK,STANLEY BLACK & DECKER INC,-0.915857
2023-01-01,12591,APO,APOLLO GLOBAL MANAGEMENT INC NEW,-0.915918
2023-01-01,75470,MIDD,MIDDLEBY CORP,-0.925257
2023-01-01,14828,SAGE,SAGE THERAPEUTICS INC,-0.925958
2023-01-01,17700,CDAY,CERIDIAN H C M HOLDING INC,-0.933938
2023-01-01,17783,CHX,CHAMPIONX CORP,-0.936634
2023-01-01,77366,MODG,TOPGOLF CALLAWAY BRANDS CORP,-0.939342
2023-01-01,85792,PWR,QUANTA SERVICES INC,-0.947915
2023-01-01,17987,VRT,VERTIV HOLDINGS CO,-0.949221
2023-01-01,90177,ACAD,ACADIA PHARMACEUTICALS,-0.95877
2023-01-01,23835,MDU,M D U RESOURCES GROUP INC,-0.967156
2023-01-01,52090,MKC,MCCORMICK & CO INC,-0.974247
2023-01-01,88863,EXAS,EXACT SCIENCES CORP,-0.980731
2023-01-01,14329,ARMK,ARAMARK,-0.990371
2023-01-01,10258,CLDX,CELLDEX THERAPEUTICS INC,-1.0
2023-01-01,11370,ENV,ENVESTNET INC,-1.0
2023-01-01,11752,COHR,COHERENT CORP,-1.0
2023-01-01,11990,KKR,K K R & CO INC,-1.0
2023-01-01,12781,SR,SPIRE INC,-1.0
2023-01-01,13181,GWRE,GUIDEWIRE SOFTWARE INC,-1.0
2023-01-01,13527,FIVE,FIVE BELOW INC,-1.0
2023-01-01,13688,PCG,P G & E CORP,-1.0
2023-01-01,14167,ISEE,IVERIC BIO INC,-1.0
2023-01-01,14325,TNDM,TANDEM DIABETES CARE INC,-1.0
2023-01-01,14432,ITCI,INTRA CELLULAR THERAPIES INC,-1.0
2023-01-01,14436,RARE,ULTRAGENYX PHARMACEUTICALS INC,-1.0
2023-01-01,14617,ARES,ARES MANAGEMENT CORP,-1.0
2023-01-01,15119,WK,WORKIVA INC,-1.0
2023-01-01,15272,SEDG,SOLAREDGE TECHNOLOGIES INC,-1.0
2023-01-01,15400,ENR,ENERGIZER HOLDINGS INC NEW,-1.0
2023-01-01,15452,EVH,EVOLENT HEALTH INC,-1.0
2023-01-01,15454,GKOS,GLAUKOS CORP,-1.0
2023-01-01,15694,PEN,PENUMBRA INC,-1.0
2023-01-01,16381,BL,BLACKLINE INC,-1.0
2023-01-01,17034,ALTR,ALTAIR ENGINEERING INC,-1.0
2023-01-01,17104,APLS,APELLIS PHARMACEUTICALS INC,-1.0
2023-01-01,17949,BE,BLOOM ENERGY CORP,-1.0
2023-01-01,18011,SONO,SONOS INC,-1.0
2023-01-01,18777,KRTX,KARUNA THERAPEUTICS INC,-1.0
2023-01-01,20765,AJRD,AEROJET ROCKETDYNE HOLDINGS INC,-1.0
2023-01-01,25320,CPB,CAMPBELL SOUP CO,-1.0
2023-01-01,26825,K,KELLOGG CO,-1.0
2023-01-01,32651,HL,HECLA MINING CO,-1.0
2023-01-01,32986,ATO,ATMOS ENERGY CORP,-1.0
2023-01-01,35991,ROG,ROGERS CORP,-1.0
2023-01-01,52476,EFX,EQUIFAX INC,-1.0
2023-01-01,75034,BKR,BAKER HUGHES CO,-1.0
2023-01-01,75607,GEN,GEN DIGITAL INC,-1.0
2023-01-01,77300,SMG,SCOTTS MIRACLE GRO CO,-1.0
2023-01-01,77447,ICUI,I C U MEDICAL INC,-1.0
2023-01-01,79299,PZZA,PAPA JOHNS INTL INC,-1.0
2023-01-01,80432,AEO,AMERICAN EAGLE OUTFITTERS INC NE,-1.0
2023-01-01,82515,POOL,POOL CORP,-1.0
2023-01-01,84032,NOV,N O V INC,-1.0
2023-01-01,84319,LAD,LITHIA MOTORS INC,-1.0
2023-01-01,84761,TTWO,TAKE TWO INTERACTIVE SOFTWR INC,-1.0
2023-01-01,85002,SRPT,SAREPTA THERAPEUTICS INC,-1.0
2023-01-01,85738,MRCY,MERCURY SYSTEMS INC,-1.0
2023-01-01,88351,INSM,INSMED INC,-1.0
2023-01-01,90126,CYTK,CYTOKINETICS INC,-1.0
2023-01-01,90178,ALNY,ALNYLAM PHARMACEUTICALS INC,-1.0
2023-01-01,90734,LHCG,L H C GROUP,-1.0
2023-01-01,91611,FSLR,FIRST SOLAR INC,-1.0
2023-01-01,91733,AVAV,AEROVIRONMENT INC,-1.0
2023-01-01,92040,FOLD,AMICUS THERAPEUTICS INC,-1.0
2023-02-01,11403,CDNS,CADENCE DESIGN SYSTEMS INC,1.0
2023-02-01,11850,XOM,EXXON MOBIL CORP,1.0
2023-02-01,11995,COKE,COCA COLA CONSOLIDATED INC,1.0
2023-02-01,13284,ALSN,ALLISON TRANSMISSION HLDGS INC,1.0
2023-02-01,13610,OLN,OLIN CORP,1.0
2023-02-01,13721,ABBV,ABBVIE INC,1.0
2023-02-01,13766,BCC,BOISE CASCADE CO,1.0
2023-02-01,13788,ZTS,ZOETIS INC,1.0
2023-02-01,13837,EVTC,EVERTEC INC,1.0
2023-02-01,13901,MO,ALTRIA GROUP INC,1.0
2023-02-01,13911,IQV,IQVIA HOLDINGS INC,1.0
2023-02-01,13928,COP,CONOCOPHILLIPS,1.0
2023-02-01,15069,MRO,MARATHON OIL CORP,1.0
2023-02-01,15071,SYNH,SYNEOS HEALTH INC,1.0
2023-02-01,15397,BLD,TOPBUILD CORP,1.0
2023-02-01,15429,LNTH,LANTHEUS HOLDINGS INC,1.0
2023-02-01,16076,GMS,G M S INC,1.0
2023-02-01,16260,MEDP,MEDPACE HOLDINGS INC,1.0
2023-02-01,16505,BPOP,POPULAR INC,1.0
2023-02-01,16939,MAXR,MAXAR TECHNOLOGIES INC,1.0
2023-02-01,20482,ABT,ABBOTT LABORATORIES,1.0
2023-02-01,21186,WRK,WESTROCK CO,1.0
2023-02-01,44943,DIOD,DIODES INC,1.0
2023-02-01,49429,DDS,DILLARDS INC,1.0
2023-02-01,57809,NDSN,NORDSON CORP,1.0
2023-02-01,60871,ADI,ANALOG DEVICES INC,1.0
2023-02-01,70228,TOL,TOLL BROTHERS INC,1.0
2023-02-01,72726,STT,STATE STREET CORP,1.0
2023-02-01,75825,EOG,EOG RESOURCES INC,1.0
2023-02-01,75854,LSCC,LATTICE SEMICONDUCTOR CORP,1.0
2023-02-01,76082,CTRA,COTERRA ENERGY INC,1.0
2023-02-01,76744,VRTX,VERTEX PHARMACEUTICALS INC,1.0
2023-02-01,76841,BIIB,BIOGEN INC,1.0
2023-02-01,76892,BOKF,B O K FINANCIAL CORP,1.0
2023-02-01,77462,M,MACYS INC,1.0
2023-02-01,78987,MCHP,MICROCHIP TECHNOLOGY INC,1.0
2023-02-01,79785,NVR,N V R INC,1.0
2023-02-01,79841,FWRD,FORWARD AIR CORP,1.0
2023-02-01,80415,EXP,EAGLE MATERIALS INC,1.0
2023-02-01,80864,RS,RELIANCE STEEL & ALUMINUM CO,1.0
2023-02-01,81584,CBZ,CBIZ INC,1.0
2023-02-01,85593,AMG,AFFILIATED MANAGERS GROUP INC,1.0
2023-02-01,85863,COLM,COLUMBIA SPORTSWEAR CO,1.0
2023-02-01,86047,AMKR,AMKOR TECHNOLOGY INC,1.0
2023-02-01,86158,CTSH,COGNIZANT TECHNOLOGY SOLS CORP,1.0
2023-02-01,86783,BKNG,BOOKING HOLDINGS INC,1.0
2023-02-01,88661,TPR,TAPESTRY INC,1.0
2023-02-01,89792,CVCO,CAVCO INDUSTRIES INC DEL,1.0
2023-02-01,89946,AEL,AMERICAN EQUITY INVT LIFE HLDG C,1.0
2023-02-01,90386,MOS,MOSAIC CO NEW,1.0
2023-02-01,90829,CF,C F INDUSTRIES HOLDINGS INC,1.0
2023-02-01,90880,AMP,AMERIPRISE FINANCIAL INC,1.0
2023-02-01,91233,MA,MASTERCARD INC,1.0
2023-02-01,91531,OC,OWENS CORNING NEW,1.0
2023-02-01,92121,DFS,DISCOVER FINANCIAL SERVICES,1.0
2023-02-01,92602,PM,PHILIP MORRIS INTERNATIONAL INC,1.0
2023-02-01,92655,UNH,UNITEDHEALTH GROUP INC,1.0
2023-02-01,93002,AVGO,BROADCOM INC,1.0
2023-02-01,66800,AIG,AMERICAN INTERNATIONAL GROUP INC,0.996178
2023-02-01,49680,DHR,DANAHER CORP,0.992576
2023-02-01,48725,UNP,UNION PACIFIC CORP,0.982586
2023-02-01,76076,CSCO,CISCO SYSTEMS INC,0.979878
2023-02-01,80575,SSD,SIMPSON MANUFACTURING CO INC,0.975988
2023-02-01,87432,A,AGILENT TECHNOLOGIES INC,0.975951
2023-02-01,88182,ON,ON SEMICONDUCTOR CORP,0.969854
2023-02-01,64194,CHE,CHEMED CORP NEW,0.964649
2023-02-01,22752,MRK,MERCK & CO INC NEW,0.964588
2023-02-01,93330,PRI,PRIMERICA INC,0.963636
2023-02-01,85753,VRSN,VERISIGN INC,0.961384
2023-02-01,79698,IT,GARTNER INC,0.958343
2023-02-01,23660,CTAS,CINTAS CORP,0.954197
2023-02-01,85710,POWI,POWER INTEGRATIONS INC,0.952266
2023-02-01,86594,KFY,KORN FERRY,0.942821
2023-02-01,14541,CVX,CHEVRON CORP NEW,0.942624
2023-02-01,39490,APA,A P A CORP,0.941246
2023-02-01,62148,CSX,C S X CORP,0.939171
2023-02-01,81736,RMD,RESMED INC,0.933126
2023-02-01,75694,TECH,BIO TECHNE CORP,0.930632
2023-02-01,22111,JNJ,JOHNSON & JOHNSON,0.9216
2023-02-01,50876,LLY,LILLY ELI & CO,0.920805
2023-02-01,17743,WRB,BERKLEY W R CORP,0.920471
2023-02-01,75241,PXD,PIONEER NATURAL RESOURCES CO,0.910505
2023-02-01,89179,ELV,ELEVANCE HEALTH INC,0.907515
2023-02-01,93132,FTNT,FORTINET INC,0.906531
2023-02-01,90550,DLB,DOLBY LABORATORIES INC,0.902074
2023-02-01,11691,MATX,MATSON INC,0.893824
2023-02-01,14593,AAPL,APPLE INC,0.876252
2023-02-01,92326,CVI,C V R ENERGY,0.873473
2023-02-01,10107,MSFT,MICROSOFT CORP,0.872868
2023-02-01,86228,RSG,REPUBLIC SERVICES INC,0.86853
2023-02-01,21936,PFE,PFIZER INC,0.866306
2023-02-01,91575,HRI,HERC HOLDINGS INC,0.853751
2023-02-01,91516,AWI,ARMSTRONG WORLD INDS INC NEW,0.85215
2023-02-01,89070,ZBH,ZIMMER BIOMET HOLDINGS INC,0.844385
2023-02-01,88159,EXEL,EXELIXIS INC,0.774733
2023-02-01,13210,EPAM,EPAM SYSTEMS INC,0.768596
2023-02-01,61313,DCI,DONALDSON INC,0.760127
2023-02-01,90319,GOOGL,ALPHABET INC,0.698068
2023-02-01,14008,AMGN,AMGEN INC,0.639498
2023-02-01,17005,CVS,C V S HEALTH CORP,0.62366
2023-02-01,75510,ADBE,ADOBE INC,0.543035
2023-02-01,79758,BYD,BOYD GAMING CORP,0.539904
2023-02-01,46886,KLAC,K L A CORP,0.389978
2023-02-01,13407,META,META PLATFORMS INC,0.385594
2023-02-01,87137,DVN,DEVON ENERGY CORP NEW,0.380048
2023-02-01,62341,PDCE,P D C ENERGY INC,0.373252
2023-02-01,56223,LPX,LOUISIANA PACIFIC CORP,0.316527
2023-02-01,18163,PG,PROCTER & GAMBLE CO,0.312701
2023-02-01,86719,EWBC,EAST WEST BANCORP INC,0.289312
2023-02-01,14579,PAYC,PAYCOM SOFTWARE INC,0.263537
2023-02-01,16044,NGVT,INGEVITY CORP,0.221936
2023-02-01,12062,LH,LABORATORY CORP AMERICA HLDGS,0.12934
2023-02-01,85926,SEE,SEALED AIR CORP NEW,0.089365
2023-02-01,92611,V,VISA INC,0.088058
2023-02-01,23473,CINF,CINCINNATI FINANCIAL CORP,-0.004283
2023-02-01,16597,AYX,ALTERYX INC,-0.159529
2023-02-01,18484,ZM,ZOOM VIDEO COMMUNICATIONS INC,-0.236462
2023-02-01,14763,CTLT,CATALENT INC,-0.247638
2023-02-01,15535,OLLI,OLLIES BARGAIN OUTLET HLD INC,-0.2775
2023-02-01,67847,RGLD,ROYAL GOLD INC,-0.298356
2023-02-01,69649,RJF,RAYMOND JAMES FINANCIAL INC,-0.306528
2023-02-01,49154,TGT,TARGET CORP,-0.361645
2023-02-01,14882,CZR,CAESARS ENTERTAINMENT INC DE,-0.504462
2023-02-01,64929,KWR,QUAKER CHEMICAL CORP,-0.525008
2023-02-01,16140,TWLO,TWILIO INC,-0.52514
2023-02-01,18772,AKRO,AKERO THERAPEUTICS INC,-0.587697
2023-02-01,89110,OMCL,OMNICELL INC,-0.628777
2023-02-01,18726,CRWD,CROWDSTRIKE HOLDINGS INC,-0.633894
2023-02-01,79857,PTEN,PATTERSON U T I ENERGY INC,-0.635923
2023-02-01,91594,SPR,SPIRIT AEROSYSTEMS HOLDINGS INC,-0.711322
2023-02-01,90978,SPWR,SUNPOWER CORP,-0.712901
2023-02-01,14596,FIVN,FIVE 9 INC,-0.716759
2023-02-01,81220,NSIT,INSIGHT ENTERPRISES INC,-0.720352
2023-02-01,40272,IFF,INTERNATIONAL FLAVORS & FRAG INC,-0.731129
2023-02-01,14136,RNG,RINGCENTRAL INC,-0.734095
2023-02-01,17341,ZS,ZSCALER INC,-0.745619
2023-02-01,80069,ARWR,ARROWHEAD PHARMACEUTICALS INC,-0.747207
2023-02-01,18150,ETRN,EQUITRANS MIDSTREAM CORP,-0.785225
2023-02-01,16064,NTLA,INTELLIA THERAPEUTICS INC,-0.795441
2023-02-01,89217,AAP,ADVANCE AUTO PARTS INC,-0.801802
2023-02-01,84348,VSAT,VIASAT INC,-0.832438
2023-02-01,13511,PANW,PALO ALTO NETWORKS INC,-0.842412
2023-02-01,17478,SPGI,S & P GLOBAL INC,-0.858787
2023-02-01,32870,HRL,HORMEL FOODS CORP,-0.864332
2023-02-01,10026,JJSF,J & J SNACK FOODS CORP,-0.871266
2023-02-01,46578,CLX,CLOROX CO,-0.875021
2023-02-01,52090,MKC,MCCORMICK & CO INC,-0.879506
2023-02-01,76661,IONS,IONIS PHARMACEUTICALS INC,-0.890304
2023-02-01,90248,DPZ,DOMINOS PIZZA INC,-0.89135
2023-02-01,15409,ALRM,ALARM COM HOLDINGS INC,-0.901855
2023-02-01,14432,ITCI,INTRA CELLULAR THERAPIES INC,-0.902012
2023-02-01,14325,TNDM,TANDEM DIABETES CARE INC,-0.902834
2023-02-01,13967,PTCT,P T C THERAPEUTICS INC,-0.902968
2023-02-01,16928,KRYS,KRYSTAL BIOTECH INC,-0.912043
2023-02-01,25320,CPB,CAMPBELL SOUP CO,-0.917632
2023-02-01,90505,LVS,LAS VEGAS SANDS CORP,-0.926842
2023-02-01,17684,AHCO,ADAPTHEALTH CORP,-0.930558
2023-02-01,59010,GPS,GAP INC,-0.938817
2023-02-01,17125,DNLI,DENALI THERAPEUTICS INC,-0.941884
2023-02-01,18735,GO,GROCERY OUTLET HOLDING CORP,-0.94579
2023-02-01,26825,K,KELLOGG CO,-0.959155
2023-02-01,17987,VRT,VERTIV HOLDINGS CO,-0.984807
2023-02-01,20765,AJRD,AEROJET ROCKETDYNE HOLDINGS INC,-0.996315
2023-02-01,14811,FWONK,LIBERTY MEDIA CORP 3RD NEW,-0.996382
2023-02-01,10258,CLDX,CELLDEX THERAPEUTICS INC,-1.0
2023-02-01,11370,ENV,ENVESTNET INC,-1.0
2023-02-01,11752,COHR,COHERENT CORP,-1.0
2023-02-01,11990,KKR,K K R & CO INC,-1.0
2023-02-01,12591,APO,APOLLO GLOBAL MANAGEMENT INC NEW,-1.0
2023-02-01,12781,SR,SPIRE INC,-1.0
2023-02-01,13181,GWRE,GUIDEWIRE SOFTWARE INC,-1.0
2023-02-01,13527,FIVE,FIVE BELOW INC,-1.0
2023-02-01,13688,PCG,P G & E CORP,-1.0
2023-02-01,14167,ISEE,IVERIC BIO INC,-1.0
2023-02-01,14329,ARMK,ARAMARK,-1.0
2023-02-01,14436,RARE,ULTRAGENYX PHARMACEUTICALS INC,-1.0
2023-02-01,14617,ARES,ARES MANAGEMENT CORP,-1.0
2023-02-01,14828,SAGE,SAGE THERAPEUTICS INC,-1.0
2023-02-01,15065,FGEN,FIBROGEN INC,-1.0
2023-02-01,15119,WK,WORKIVA INC,-1.0
2023-02-01,15272,SEDG,SOLAREDGE TECHNOLOGIES INC,-1.0
2023-02-01,15284,BPMC,BLUEPRINT MEDICINES CORP,-1.0
2023-02-01,15400,ENR,ENERGIZER HOLDINGS INC NEW,-1.0
2023-02-01,15452,EVH,EVOLENT HEALTH INC,-1.0
2023-02-01,15454,GKOS,GLAUKOS CORP,-1.0
2023-02-01,15694,PEN,PENUMBRA INC,-1.0
2023-02-01,16381,BL,BLACKLINE INC,-1.0
2023-02-01,17034,ALTR,ALTAIR ENGINEERING INC,-1.0
2023-02-01,17104,APLS,APELLIS PHARMACEUTICALS INC,-1.0
2023-02-01,17700,CDAY,CERIDIAN H C M HOLDING INC,-1.0
2023-02-01,17783,CHX,CHAMPIONX CORP,-1.0
2023-02-01,17949,BE,BLOOM ENERGY CORP,-1.0
2023-02-01,18011,SONO,SONOS INC,-1.0
2023-02-01,18777,KRTX,KARUNA THERAPEUTICS INC,-1.0
2023-02-01,23835,MDU,M D U RESOURCES GROUP INC,-1.0
2023-02-01,32651,HL,HECLA MINING CO,-1.0
2023-02-01,32986,ATO,ATMOS ENERGY CORP,-1.0
2023-02-01,35991,ROG,ROGERS CORP,-1.0
2023-02-01,43350,SWK,STANLEY BLACK & DECKER INC,-1.0
2023-02-01,45306,IDCC,INTERDIGITAL INC,-1.0
2023-02-01,52476,EFX,EQUIFAX INC,-1.0
2023-02-01,60986,NWL,NEWELL BRANDS INC,-1.0
2023-02-01,61188,SWX,SOUTHWEST GAS HOLDINGS INC,-1.0
2023-02-01,66384,WDC,WESTERN DIGITAL CORP,-1.0
2023-02-01,75034,BKR,BAKER HUGHES CO,-1.0
2023-02-01,75470,MIDD,MIDDLEBY CORP,-1.0
2023-02-01,75607,GEN,GEN DIGITAL INC,-1.0
2023-02-01,76136,KMPR,KEMPER CORP DE,-1.0
2023-02-01,77300,SMG,SCOTTS MIRACLE GRO CO,-1.0
2023-02-01,77366,MODG,TOPGOLF CALLAWAY BRANDS CORP,-1.0
2023-02-01,77447,ICUI,I C U MEDICAL INC,-1.0
2023-02-01,79299,PZZA,PAPA JOHNS INTL INC,-1.0
2023-02-01,80432,AEO,AMERICAN EAGLE OUTFITTERS INC NE,-1.0
2023-02-01,82515,POOL,POOL CORP,-1.0
2023-02-01,82634,SAM,BOSTON BEER INC,-1.0
2023-02-01,84032,NOV,N O V INC,-1.0
2023-02-01,84761,TTWO,TAKE TWO INTERACTIVE SOFTWR INC,-1.0
2023-02-01,85002,SRPT,SAREPTA THERAPEUTICS INC,-1.0
2023-02-01,85738,MRCY,MERCURY SYSTEMS INC,-1.0
2023-02-01,85792,PWR,QUANTA SERVICES INC,-1.0
2023-02-01,88351,INSM,INSMED INC,-1.0
2023-02-01,89031,AXON,AXON ENTERPRISE INC,-1.0
2023-02-01,90177,ACAD,ACADIA PHARMACEUTICALS,-1.0
2023-02-01,90178,ALNY,ALNYLAM PHARMACEUTICALS INC,-1.0
2023-02-01,90734,LHCG,L H C GROUP,-1.0
2023-02-01,91611,FSLR,FIRST SOLAR INC,-1.0
2023-02-01,91733,AVAV,AEROVIRONMENT INC,-1.0
2023-02-01,92040,FOLD,AMICUS THERAPEUTICS INC,-1.0
2023-03-01,11403,CDNS,CADENCE DESIGN SYSTEMS INC,1.0
2023-03-01,11995,COKE,COCA COLA CONSOLIDATED INC,1.0
2023-03-01,13284,ALSN,ALLISON TRANSMISSION HLDGS INC,1.0
2023-03-01,13721,ABBV,ABBVIE INC,1.0
2023-03-01,13748,TPH,TRI POINTE HOMES INC,1.0
2023-03-01,13788,ZTS,ZOETIS INC,1.0
2023-03-01,13901,MO,ALTRIA GROUP INC,1.0
2023-03-01,13928,COP,CONOCOPHILLIPS,1.0
2023-03-01,15071,SYNH,SYNEOS HEALTH INC,1.0
2023-03-01,15397,BLD,TOPBUILD CORP,1.0
2023-03-01,16076,GMS,G M S INC,1.0
2023-03-01,16260,MEDP,MEDPACE HOLDINGS INC,1.0
2023-03-01,16505,BPOP,POPULAR INC,1.0
2023-03-01,17005,CVS,C V S HEALTH CORP,1.0
2023-03-01,21936,PFE,PFIZER INC,1.0
2023-03-01,44943,DIOD,DIODES INC,1.0
2023-03-01,49680,DHR,DANAHER CORP,1.0
2023-03-01,54148,PHM,PULTE GROUP INC,1.0
2023-03-01,60871,ADI,ANALOG DEVICES INC,1.0
2023-03-01,72726,STT,STATE STREET CORP,1.0
2023-03-01,75854,LSCC,LATTICE SEMICONDUCTOR CORP,1.0
2023-03-01,76841,BIIB,BIOGEN INC,1.0
2023-03-01,76892,BOKF,B O K FINANCIAL CORP,1.0
2023-03-01,77191,TTEK,TETRA TECH INC,1.0
2023-03-01,78987,MCHP,MICROCHIP TECHNOLOGY INC,1.0
2023-03-01,79785,NVR,N V R INC,1.0
2023-03-01,80415,EXP,EAGLE MATERIALS INC,1.0
2023-03-01,80864,RS,RELIANCE STEEL & ALUMINUM CO,1.0
2023-03-01,81584,CBZ,CBIZ INC,1.0
2023-03-01,85753,VRSN,VERISIGN INC,1.0
2023-03-01,86783,BKNG,BOOKING HOLDINGS INC,1.0
2023-03-01,87432,A,AGILENT TECHNOLOGIES INC,1.0
2023-03-01,88182,ON,ON SEMICONDUCTOR CORP,1.0
2023-03-01,88417,ACLS,AXCELIS TECHNOLOGIES INC,1.0
2023-03-01,89792,CVCO,CAVCO INDUSTRIES INC DEL,1.0
2023-03-01,90386,MOS,MOSAIC CO NEW,1.0
2023-03-01,90829,CF,C F INDUSTRIES HOLDINGS INC,1.0
2023-03-01,91531,OC,OWENS CORNING NEW,1.0
2023-03-01,92221,MELI,MERCADOLIBRE INC,1.0
2023-03-01,92655,UNH,UNITEDHEALTH GROUP INC,1.0
2023-03-01,93002,AVGO,BROADCOM INC,1.0
2023-03-01,93132,FTNT,FORTINET INC,1.0
2023-03-01,93330,PRI,PRIMERICA INC,1.0
2023-03-01,13837,EVTC,EVERTEC INC,0.994375
2023-03-01,76082,CTRA,COTERRA ENERGY INC,0.994153
2023-03-01,64194,CHE,CHEMED CORP NEW,0.99343
2023-03-01,80575,SSD,SIMPSON MANUFACTURING CO INC,0.979455
2023-03-01,90880,AMP,AMERIPRISE FINANCIAL INC,0.979358
2023-03-01,86594,KFY,KORN FERRY,0.972748
2023-03-01,76076,CSCO,CISCO SYSTEMS INC,0.971464
2023-03-01,92121,DFS,DISCOVER FINANCIAL SERVICES,0.961283
2023-03-01,66800,AIG,AMERICAN INTERNATIONAL GROUP INC,0.959493
2023-03-01,91233,MA,MASTERCARD INC,0.955239
2023-03-01,79841,FWRD,FORWARD AIR CORP,0.953527
2023-03-01,88661,TPR,TAPESTRY INC,0.951345
2023-03-01,11850,XOM,EXXON MOBIL CORP,0.951287
2023-03-01,22752,MRK,MERCK & CO INC NEW,0.950753
2023-03-01,14541,CVX,CHEVRON CORP NEW,0.944836
2023-03-01,23660,CTAS,CINTAS CORP,0.942019
2023-03-01,86158,CTSH,COGNIZANT TECHNOLOGY SOLS CORP,0.938927
2023-03-01,90550,DLB,DOLBY LABORATORIES INC,0.932823
2023-03-01,92602,PM,PHILIP MORRIS INTERNATIONAL INC,0.929973
2023-03-01,62148,CSX,C S X CORP,0.926181
2023-03-01,79698,IT,GARTNER INC,0.92576
2023-03-01,13766,BCC,BOISE CASCADE CO,0.920406
2023-03-01,85593,AMG,AFFILIATED MANAGERS GROUP INC,0.919438
2023-03-01,20482,ABT,ABBOTT LABORATORIES,0.916677
2023-03-01,15069,MRO,MARATHON OIL CORP,0.915465
2023-03-01,12570,ITT,I T T INC,0.912707
2023-03-01,85710,POWI,POWER INTEGRATIONS INC,0.908614
2023-03-01,85863,COLM,COLUMBIA SPORTSWEAR CO,0.90583
2023-03-01,13911,IQV,IQVIA HOLDINGS INC,0.905272
2023-03-01,49429,DDS,DILLARDS INC,0.902731
2023-03-01,11691,MATX,MATSON INC,0.900082
2023-03-01,76837,HAE,HAEMONETICS CORP MASS,0.89639
2023-03-01,76744,VRTX,VERTEX PHARMACEUTICALS INC,0.895002
2023-03-01,86228,RSG,REPUBLIC SERVICES INC,0.894132
2023-03-01,14593,AAPL,APPLE INC,0.893539
2023-03-01,13610,OLN,OLIN CORP,0.890651
2023-03-01,86047,AMKR,AMKOR TECHNOLOGY INC,0.879501
2023-03-01,10107,MSFT,MICROSOFT CORP,0.877745
2023-03-01,89946,AEL,AMERICAN EQUITY INVT LIFE HLDG C,0.870632
2023-03-01,81736,RMD,RESMED INC,0.868837
2023-03-01,22111,JNJ,JOHNSON & JOHNSON,0.867213
2023-03-01,17743,WRB,BERKLEY W R CORP,0.865458
2023-03-01,91516,AWI,ARMSTRONG WORLD INDS INC NEW,0.865062
2023-03-01,77462,M,MACYS INC,0.862398
2023-03-01,75825,EOG,EOG RESOURCES INC,0.851144
2023-03-01,89179,ELV,ELEVANCE HEALTH INC,0.849351
2023-03-01,75694,TECH,BIO TECHNE CORP,0.8463
2023-03-01,50876,LLY,LILLY ELI & CO,0.832228
2023-03-01,92326,CVI,C V R ENERGY,0.831785
2023-03-01,89070,ZBH,ZIMMER BIOMET HOLDINGS INC,0.818463
2023-03-01,39490,APA,A P A CORP,0.811664
2023-03-01,21186,WRK,WESTROCK CO,0.803496
2023-03-01,91575,HRI,HERC HOLDINGS INC,0.789812
2023-03-01,75241,PXD,PIONEER NATURAL RESOURCES CO,0.78902
2023-03-01,61313,DCI,DONALDSON INC,0.771309
2023-03-01,13210,EPAM,EPAM SYSTEMS INC,0.708182
2023-03-01,90319,GOOGL,ALPHABET INC,0.63365
2023-03-01,14579,PAYC,PAYCOM SOFTWARE INC,0.596301
2023-03-01,14008,AMGN,AMGEN INC,0.589931
2023-03-01,79758,BYD,BOYD GAMING CORP,0.562476
2023-03-01,70228,TOL,TOLL BROTHERS INC,0.558619
2023-03-01,75510,ADBE,ADOBE INC,0.47314
2023-03-01,13407,META,META PLATFORMS INC,0.451484
2023-03-01,16939,MAXR,MAXAR TECHNOLOGIES INC,0.451344
2023-03-01,46886,KLAC,K L A CORP,0.376855
2023-03-01,62341,PDCE,P D C ENERGY INC,0.368547
2023-03-01,87137,DVN,DEVON ENERGY CORP NEW,0.322727
2023-03-01,18163,PG,PROCTER & GAMBLE CO,0.301036
2023-03-01,86719,EWBC,EAST WEST BANCORP INC,0.28152
2023-03-01,56223,LPX,LOUISIANA PACIFIC CORP,0.270901
2023-03-01,76856,FCFS,FIRSTCASH HOLDINGS INC,0.209804
2023-03-01,12062,LH,LABORATORY CORP AMERICA HLDGS,0.122712
2023-03-01,92611,V,VISA INC,0.083991
2023-03-01,23473,CINF,CINCINNATI FINANCIAL CORP,-0.004553
2023-03-01,12226,MGPI,M G P INGREDIENTS INC,-0.05591
2023-03-01,18484,ZM,ZOOM VIDEO COMMUNICATIONS INC,-0.234353
2023-03-01,67847,RGLD,ROYAL GOLD INC,-0.277973
2023-03-01,69649,RJF,RAYMOND JAMES FINANCIAL INC,-0.293755
2023-03-01,14763,CTLT,CATALENT INC,-0.314624
2023-03-01,49154,TGT,TARGET CORP,-0.354984
2023-03-01,16932,ROKU,ROKU INC,-0.41778
2023-03-01,14882,CZR,CAESARS ENTERTAINMENT INC DE,-0.490124
2023-03-01,64929,KWR,QUAKER CHEMICAL CORP,-0.520289
2023-03-01,18772,AKRO,AKERO THERAPEUTICS INC,-0.538297
2023-03-01,40272,IFF,INTERNATIONAL FLAVORS & FRAG INC,-0.603393
2023-03-01,90978,SPWR,SUNPOWER CORP,-0.611871
2023-03-01,91594,SPR,SPIRIT AEROSYSTEMS HOLDINGS INC,-0.670104
2023-03-01,80069,ARWR,ARROWHEAD PHARMACEUTICALS INC,-0.687185
2023-03-01,17684,AHCO,ADAPTHEALTH CORP,-0.691125
2023-03-01,18726,CRWD,CROWDSTRIKE HOLDINGS INC,-0.720236
2023-03-01,90248,DPZ,DOMINOS PIZZA INC,-0.739321
2023-03-01,24969,AVA,AVISTA CORP,-0.748546
2023-03-01,16064,NTLA,INTELLIA THERAPEUTICS INC,-0.750151
2023-03-01,89217,AAP,ADVANCE AUTO PARTS INC,-0.760494
2023-03-01,84348,VSAT,VIASAT INC,-0.764566
2023-03-01,17478,SPGI,S & P GLOBAL INC,-0.780564
2023-03-01,17341,ZS,ZSCALER INC,-0.785023
2023-03-01,14329,ARMK,ARAMARK,-0.825387
2023-03-01,18735,GO,GROCERY OUTLET HOLDING CORP,-0.83858
2023-03-01,17125,DNLI,DENALI THERAPEUTICS INC,-0.841553
2023-03-01,90178,ALNY,ALNYLAM PHARMACEUTICALS INC,-0.842177
2023-03-01,32870,HRL,HORMEL FOODS CORP,-0.843609
2023-03-01,75607,GEN,GEN DIGITAL INC,-0.849406
2023-03-01,15409,ALRM,ALARM COM HOLDINGS INC,-0.852137
2023-03-01,81220,NSIT,INSIGHT ENTERPRISES INC,-0.853348
2023-03-01,10026,JJSF,J & J SNACK FOODS CORP,-0.855553
2023-03-01,13967,PTCT,P T C THERAPEUTICS INC,-0.85617
2023-03-01,52090,MKC,MCCORMICK & CO INC,-0.867105
2023-03-01,84032,NOV,N O V INC,-0.891804
2023-03-01,16928,KRYS,KRYSTAL BIOTECH INC,-0.89562
2023-03-01,59010,GPS,GAP INC,-0.896835
2023-03-01,90505,LVS,LAS VEGAS SANDS CORP,-0.899609
2023-03-01,17783,CHX,CHAMPIONX CORP,-0.922352
2023-03-01,25320,CPB,CAMPBELL SOUP CO,-0.924891
2023-03-01,26825,K,KELLOGG CO,-0.927175
2023-03-01,14828,SAGE,SAGE THERAPEUTICS INC,-0.935657
2023-03-01,79299,PZZA,PAPA JOHNS INTL INC,-0.936771
2023-03-01,46578,CLX,CLOROX CO,-0.937013
2023-03-01,16381,BL,BLACKLINE INC,-0.948639
2023-03-01,14811,FWONK,LIBERTY MEDIA CORP 3RD NEW,-0.95171
2023-03-01,13181,GWRE,GUIDEWIRE SOFTWARE INC,-0.955179
2023-03-01,32986,ATO,ATMOS ENERGY CORP,-0.962447
2023-03-01,75034,BKR,BAKER HUGHES CO,-0.966472
2023-03-01,14617,ARES,ARES MANAGEMENT CORP,-0.968113
2023-03-01,12781,SR,SPIRE INC,-0.971349
2023-03-01,15400,ENR,ENERGIZER HOLDINGS INC NEW,-0.981173
2023-03-01,15272,SEDG,SOLAREDGE TECHNOLOGIES INC,-0.992758
2023-03-01,75470,MIDD,MIDDLEBY CORP,-0.996807
2023-03-01,13511,PANW,PALO ALTO NETWORKS INC,-0.997378
2023-03-01,10258,CLDX,CELLDEX THERAPEUTICS INC,-1.0
2023-03-01,11370,ENV,ENVESTNET INC,-1.0
2023-03-01,11752,COHR,COHERENT CORP,-1.0
2023-03-01,11990,KKR,K K R & CO INC,-1.0
2023-03-01,12591,APO,APOLLO GLOBAL MANAGEMENT INC NEW,-1.0
2023-03-01,13527,FIVE,FIVE BELOW INC,-1.0
2023-03-01,13688,PCG,P G & E CORP,-1.0
2023-03-01,14167,ISEE,IVERIC BIO INC,-1.0
2023-03-01,14325,TNDM,TANDEM DIABETES CARE INC,-1.0
2023-03-01,14432,ITCI,INTRA CELLULAR THERAPIES INC,-1.0
2023-03-01,14436,RARE,ULTRAGENYX PHARMACEUTICALS INC,-1.0
2023-03-01,14596,FIVN,FIVE 9 INC,-1.0
2023-03-01,15119,WK,WORKIVA INC,-1.0
2023-03-01,15167,SHAK,SHAKE SHACK INC,-1.0
2023-03-01,15284,BPMC,BLUEPRINT MEDICINES CORP,-1.0
2023-03-01,15452,EVH,EVOLENT HEALTH INC,-1.0
2023-03-01,15454,GKOS,GLAUKOS CORP,-1.0
2023-03-01,15535,OLLI,OLLIES BARGAIN OUTLET HLD INC,-1.0
2023-03-01,17034,ALTR,ALTAIR ENGINEERING INC,-1.0
2023-03-01,17104,APLS,APELLIS PHARMACEUTICALS INC,-1.0
2023-03-01,17700,CDAY,CERIDIAN H C M HOLDING INC,-1.0
2023-03-01,17949,BE,BLOOM ENERGY CORP,-1.0
2023-03-01,17987,VRT,VERTIV HOLDINGS CO,-1.0
2023-03-01,18011,SONO,SONOS INC,-1.0
2023-03-01,18368,NFE,NEW FORTRESS ENERGY INC,-1.0
2023-03-01,18777,KRTX,KARUNA THERAPEUTICS INC,-1.0
2023-03-01,19201,RVMD,REVOLUTION MEDICINES INC,-1.0
2023-03-01,19502,WBA,WALGREENS BOOTS ALLIANCE INC,-1.0
2023-03-01,19880,MTZ,MASTEC INC,-1.0
2023-03-01,20765,AJRD,AEROJET ROCKETDYNE HOLDINGS INC,-1.0
2023-03-01,32651,HL,HECLA MINING CO,-1.0
2023-03-01,35991,ROG,ROGERS CORP,-1.0
2023-03-01,43350,SWK,STANLEY BLACK & DECKER INC,-1.0
2023-03-01,52476,EFX,EQUIFAX INC,-1.0
2023-03-01,52978,HAS,HASBRO INC,-1.0
2023-03-01,57568,BALL,BALL CORP,-1.0
2023-03-01,60986,NWL,NEWELL BRANDS INC,-1.0
2023-03-01,61188,SWX,SOUTHWEST GAS HOLDINGS INC,-1.0
2023-03-01,66384,WDC,WESTERN DIGITAL CORP,-1.0
2023-03-01,76136,KMPR,KEMPER CORP DE,-1.0
2023-03-01,76661,IONS,IONIS PHARMACEUTICALS INC,-1.0
2023-03-01,77300,SMG,SCOTTS MIRACLE GRO CO,-1.0
2023-03-01,77366,MODG,TOPGOLF CALLAWAY BRANDS CORP,-1.0
2023-03-01,77447,ICUI,I C U MEDICAL INC,-1.0
2023-03-01,80432,AEO,AMERICAN EAGLE OUTFITTERS INC NE,-1.0
2023-03-01,82515,POOL,POOL CORP,-1.0
2023-03-01,84319,LAD,LITHIA MOTORS INC,-1.0
2023-03-01,84761,TTWO,TAKE TWO INTERACTIVE SOFTWR INC,-1.0
2023-03-01,85002,SRPT,SAREPTA THERAPEUTICS INC,-1.0
2023-03-01,85738,MRCY,MERCURY SYSTEMS INC,-1.0
2023-03-01,85792,PWR,QUANTA SERVICES INC,-1.0
2023-03-01,88351,INSM,INSMED INC,-1.0
2023-03-01,89110,OMCL,OMNICELL INC,-1.0
2023-03-01,90126,CYTK,CYTOKINETICS INC,-1.0
2023-03-01,90177,ACAD,ACADIA PHARMACEUTICALS,-1.0
2023-03-01,91611,FSLR,FIRST SOLAR INC,-1.0
2023-03-01,91733,AVAV,AEROVIRONMENT INC,-1.0
2023-03-01,92040,FOLD,AMICUS THERAPEUTICS INC,-1.0
2023-04-01,10107,MSFT,MICROSOFT CORP,1.0
2023-04-01,11403,CDNS,CADENCE DESIGN SYSTEMS INC,1.0
2023-04-01,11995,COKE,COCA COLA CONSOLIDATED INC,1.0
2023-04-01,13721,ABBV,ABBVIE INC,1.0
2023-04-01,13748,TPH,TRI POINTE HOMES INC,1.0
2023-04-01,13766,BCC,BOISE CASCADE CO,1.0
2023-04-01,13901,MO,ALTRIA GROUP INC,1.0
2023-04-01,14479,IBP,INSTALLED BUILDING PRODUCTS INC,1.0
2023-04-01,16260,MEDP,MEDPACE HOLDINGS INC,1.0
2023-04-01,16505,BPOP,POPULAR INC,1.0
2023-04-01,21936,PFE,PFIZER INC,1.0
2023-04-01,44943,DIOD,DIODES INC,1.0
2023-04-01,49680,DHR,DANAHER CORP,1.0
2023-04-01,54148,PHM,PULTE GROUP INC,1.0
2023-04-01,55976,WMT,WALMART INC,1.0
2023-04-01,56223,LPX,LOUISIANA PACIFIC CORP,1.0
2023-04-01,60871,ADI,ANALOG DEVICES INC,1.0
2023-04-01,64194,CHE,CHEMED CORP NEW,1.0
2023-04-01,75510,ADBE,ADOBE INC,1.0
2023-04-01,75854,LSCC,LATTICE SEMICONDUCTOR CORP,1.0
2023-04-01,76076,CSCO,CISCO SYSTEMS INC,1.0
2023-04-01,76841,BIIB,BIOGEN INC,1.0
2023-04-01,77191,TTEK,TETRA TECH INC,1.0
2023-04-01,78987,MCHP,MICROCHIP TECHNOLOGY INC,1.0
2023-04-01,79785,NVR,N V R INC,1.0
2023-04-01,80415,EXP,EAGLE MATERIALS INC,1.0
2023-04-01,80864,RS,RELIANCE STEEL & ALUMINUM CO,1.0
2023-04-01,85631,ADSK,AUTODESK INC,1.0
2023-04-01,85753,VRSN,VERISIGN INC,1.0
2023-04-01,86783,BKNG,BOOKING HOLDINGS INC,1.0
2023-04-01,88182,ON,ON SEMICONDUCTOR CORP,1.0
2023-04-01,88417,ACLS,AXCELIS TECHNOLOGIES INC,1.0
2023-04-01,89792,CVCO,CAVCO INDUSTRIES INC DEL,1.0
2023-04-01,89946,AEL,AMERICAN EQUITY INVT LIFE HLDG C,1.0
2023-04-01,90829,CF,C F INDUSTRIES HOLDINGS INC,1.0
2023-04-01,92221,MELI,MERCADOLIBRE INC,1.0
2023-04-01,92852,LOPE,GRAND CANYON EDUCATION INC,1.0
2023-04-01,93002,AVGO,BROADCOM INC,1.0
2023-04-01,93132,FTNT,FORTINET INC,1.0
2023-04-01,15397,BLD,TOPBUILD CORP,0.999011
2023-04-01,76082,CTRA,COTERRA ENERGY INC,0.997863
2023-04-01,14593,AAPL,APPLE INC,0.996306
2023-04-01,79841,FWRD,FORWARD AIR CORP,0.99439
2023-04-01,13788,ZTS,ZOETIS INC,0.993009
2023-04-01,92655,UNH,UNITEDHEALTH GROUP INC,0.992882
2023-04-01,80575,SSD,SIMPSON MANUFACTURING CO INC,0.992056
2023-04-01,23660,CTAS,CINTAS CORP,0.990606
2023-04-01,81584,CBZ,CBIZ INC,0.984384
2023-04-01,91531,OC,OWENS CORNING NEW,0.981152
2023-04-01,91233,MA,MASTERCARD INC,0.973596
2023-04-01,87432,A,AGILENT TECHNOLOGIES INC,0.970793
2023-04-01,76744,VRTX,VERTEX PHARMACEUTICALS INC,0.968146
2023-04-01,90550,DLB,DOLBY LABORATORIES INC,0.965028
2023-04-01,13928,COP,CONOCOPHILLIPS,0.962185
2023-04-01,14541,CVX,CHEVRON CORP NEW,0.955444
2023-04-01,22752,MRK,MERCK & CO INC NEW,0.955134
2023-04-01,13284,ALSN,ALLISON TRANSMISSION HLDGS INC,0.953286
2023-04-01,76837,HAE,HAEMONETICS CORP MASS,0.950529
2023-04-01,16076,GMS,G M S INC,0.949912
2023-04-01,88661,TPR,TAPESTRY INC,0.945936
2023-04-01,11850,XOM,EXXON MOBIL CORP,0.945662
2023-04-01,92602,PM,PHILIP MORRIS INTERNATIONAL INC,0.938891
2023-04-01,86228,RSG,REPUBLIC SERVICES INC,0.937933
2023-04-01,85710,POWI,POWER INTEGRATIONS INC,0.931711
2023-04-01,79698,IT,GARTNER INC,0.916631
2023-04-01,50876,LLY,LILLY ELI & CO,0.915306
2023-04-01,86158,CTSH,COGNIZANT TECHNOLOGY SOLS CORP,0.910025
2023-04-01,20482,ABT,ABBOTT LABORATORIES,0.909197
2023-04-01,13837,EVTC,EVERTEC INC,0.908095
2023-04-01,62148,CSX,C S X CORP,0.906104
2023-04-01,93330,PRI,PRIMERICA INC,0.893726
2023-04-01,81736,RMD,RESMED INC,0.89011
2023-04-01,17005,CVS,C V S HEALTH CORP,0.885876
2023-04-01,86047,AMKR,AMKOR TECHNOLOGY INC,0.885178
2023-04-01,15071,SYNH,SYNEOS HEALTH INC,0.881991
2023-04-01,22111,JNJ,JOHNSON & JOHNSON,0.873903
2023-04-01,90880,AMP,AMERIPRISE FINANCIAL INC,0.87191
2023-04-01,92326,CVI,C V R ENERGY,0.869136
2023-04-01,15069,MRO,MARATHON OIL CORP,0.868818
2023-04-01,75825,EOG,EOG RESOURCES INC,0.868679
2023-04-01,90386,MOS,MOSAIC CO NEW,0.866756
2023-04-01,12570,ITT,I T T INC,0.866035
2023-04-01,75694,TECH,BIO TECHNE CORP,0.861279
2023-04-01,13911,IQV,IQVIA HOLDINGS INC,0.860378
2023-04-01,72726,STT,STATE STREET CORP,0.856984
2023-04-01,13610,OLN,OLIN CORP,0.855554
2023-04-01,89070,ZBH,ZIMMER BIOMET HOLDINGS INC,0.852327
2023-04-01,92121,DFS,DISCOVER FINANCIAL SERVICES,0.844835
2023-04-01,89179,ELV,ELEVANCE HEALTH INC,0.831107
2023-04-01,75241,PXD,PIONEER NATURAL RESOURCES CO,0.822612
2023-04-01,85593,AMG,AFFILIATED MANAGERS GROUP INC,0.818098
2023-04-01,17743,WRB,BERKLEY W R CORP,0.812173
2023-04-01,11691,MATX,MATSON INC,0.804241
2023-04-01,76892,BOKF,B O K FINANCIAL CORP,0.802724
2023-04-01,61313,DCI,DONALDSON INC,0.79399
2023-04-01,91516,AWI,ARMSTRONG WORLD INDS INC NEW,0.78098
2023-04-01,49429,DDS,DILLARDS INC,0.776544
2023-04-01,39490,APA,A P A CORP,0.759648
2023-04-01,77462,M,MACYS INC,0.740588
2023-04-01,90319,GOOGL,ALPHABET INC,0.727526
2023-04-01,13210,EPAM,EPAM SYSTEMS INC,0.685694
2023-04-01,14579,PAYC,PAYCOM SOFTWARE INC,0.624972
2023-04-01,91575,HRI,HERC HOLDINGS INC,0.62363
2023-04-01,70228,TOL,TOLL BROTHERS INC,0.557425
2023-04-01,79758,BYD,BOYD GAMING CORP,0.553177
2023-04-01,13407,META,META PLATFORMS INC,0.545331
2023-04-01,21186,WRK,WESTROCK CO,0.428621
2023-04-01,46886,KLAC,K L A CORP,0.395142
2023-04-01,18163,PG,PROCTER & GAMBLE CO,0.324298
2023-04-01,14008,AMGN,AMGEN INC,0.313085
2023-04-01,87137,DVN,DEVON ENERGY CORP NEW,0.307219
2023-04-01,76856,FCFS,FIRSTCASH HOLDINGS INC,0.225967
2023-04-01,86719,EWBC,EAST WEST BANCORP INC,0.203993
2023-04-01,78829,UMBF,U M B FINANCIAL CORP,0.191525
2023-04-01,62341,PDCE,P D C ENERGY INC,0.119217
2023-04-01,92611,V,VISA INC,0.085793
2023-04-01,23473,CINF,CINCINNATI FINANCIAL CORP,-0.00424
2023-04-01,18726,CRWD,CROWDSTRIKE HOLDINGS INC,-0.048477
2023-04-01,12226,MGPI,M G P INGREDIENTS INC,-0.053172
2023-04-01,18484,ZM,ZOOM VIDEO COMMUNICATIONS INC,-0.231144
2023-04-01,14882,CZR,CAESARS ENTERTAINMENT INC DE,-0.278899
2023-04-01,90444,ORA,ORMAT TECHNOLOGIES INC,-0.300267
2023-04-01,49154,TGT,TARGET CORP,-0.347646
2023-04-01,64929,KWR,QUAKER CHEMICAL CORP,-0.524163
2023-04-01,80069,ARWR,ARROWHEAD PHARMACEUTICALS INC,-0.537887
2023-04-01,90978,SPWR,SUNPOWER CORP,-0.561575
2023-04-01,14953,BOOT,BOOT BARN HOLDINGS INC,-0.566122
2023-04-01,90775,THS,TREEHOUSE FOODS INC,-0.575752
2023-04-01,40272,IFF,INTERNATIONAL FLAVORS & FRAG INC,-0.598945
2023-04-01,17125,DNLI,DENALI THERAPEUTICS INC,-0.711096
2023-04-01,75607,GEN,GEN DIGITAL INC,-0.744004
2023-04-01,84032,NOV,N O V INC,-0.753279
2023-04-01,32870,HRL,HORMEL FOODS CORP,-0.755001
2023-04-01,24969,AVA,AVISTA CORP,-0.770034
2023-04-01,17478,SPGI,S & P GLOBAL INC,-0.785891
2023-04-01,14329,ARMK,ARAMARK,-0.799955
2023-04-01,84348,VSAT,VIASAT INC,-0.811857
2023-04-01,17783,CHX,CHAMPIONX CORP,-0.815205
2023-04-01,90248,DPZ,DOMINOS PIZZA INC,-0.830073
2023-04-01,79299,PZZA,PAPA JOHNS INTL INC,-0.832712
2023-04-01,15409,ALRM,ALARM COM HOLDINGS INC,-0.839817
2023-04-01,77300,SMG,SCOTTS MIRACLE GRO CO,-0.841695
2023-04-01,93369,RCM,R1 R C M INC NEW,-0.871957
2023-04-01,18735,GO,GROCERY OUTLET HOLDING CORP,-0.87304
2023-04-01,17987,VRT,VERTIV HOLDINGS CO,-0.876977
2023-04-01,90178,ALNY,ALNYLAM PHARMACEUTICALS INC,-0.878132
2023-04-01,11752,COHR,COHERENT CORP,-0.879274
2023-04-01,76136,KMPR,KEMPER CORP DE,-0.8837
2023-04-01,12591,APO,APOLLO GLOBAL MANAGEMENT INC NEW,-0.887194
2023-04-01,90505,LVS,LAS VEGAS SANDS CORP,-0.896024
2023-04-01,10026,JJSF,J & J SNACK FOODS CORP,-0.899312
2023-04-01,90177,ACAD,ACADIA PHARMACEUTICALS,-0.90598
2023-04-01,81220,NSIT,INSIGHT ENTERPRISES INC,-0.907847
2023-04-01,75034,BKR,BAKER HUGHES CO,-0.907999
2023-04-01,11990,KKR,K K R & CO INC,-0.928394
2023-04-01,16381,BL,BLACKLINE INC,-0.928397
2023-04-01,80432,AEO,AMERICAN EAGLE OUTFITTERS INC NE,-0.931644
2023-04-01,15400,ENR,ENERGIZER HOLDINGS INC NEW,-0.936169
2023-04-01,75470,MIDD,MIDDLEBY CORP,-0.936253
2023-04-01,26825,K,KELLOGG CO,-0.938144
2023-04-01,46578,CLX,CLOROX CO,-0.950483
2023-04-01,32986,ATO,ATMOS ENERGY CORP,-0.955106
2023-04-01,25320,CPB,CAMPBELL SOUP CO,-0.964848
2023-04-01,19502,WBA,WALGREENS BOOTS ALLIANCE INC,-0.969624
2023-04-01,12781,SR,SPIRE INC,-0.974592
2023-04-01,11370,ENV,ENVESTNET INC,-1.0
2023-04-01,13181,GWRE,GUIDEWIRE SOFTWARE INC,-1.0
2023-04-01,13511,PANW,PALO ALTO NETWORKS INC,-1.0
2023-04-01,13527,FIVE,FIVE BELOW INC,-1.0
2023-04-01,13688,PCG,P G & E CORP,-1.0
2023-04-01,13967,PTCT,P T C THERAPEUTICS INC,-1.0
2023-04-01,14167,ISEE,IVERIC BIO INC,-1.0
2023-04-01,14432,ITCI,INTRA CELLULAR THERAPIES INC,-1.0
2023-04-01,14436,RARE,ULTRAGENYX PHARMACEUTICALS INC,-1.0
2023-04-01,14596,FIVN,FIVE 9 INC,-1.0
2023-04-01,14617,ARES,ARES MANAGEMENT CORP,-1.0
2023-04-01,14763,CTLT,CATALENT INC,-1.0
2023-04-01,14811,FWONK,LIBERTY MEDIA CORP 3RD NEW,-1.0
2023-04-01,14828,SAGE,SAGE THERAPEUTICS INC,-1.0
2023-04-01,15119,WK,WORKIVA INC,-1.0
2023-04-01,15167,SHAK,SHAKE SHACK INC,-1.0
2023-04-01,15272,SEDG,SOLAREDGE TECHNOLOGIES INC,-1.0
2023-04-01,15284,BPMC,BLUEPRINT MEDICINES CORP,-1.0
2023-04-01,15452,EVH,EVOLENT HEALTH INC,-1.0
2023-04-01,15534,NTRA,NATERA INC,-1.0
2023-04-01,16064,NTLA,INTELLIA THERAPEUTICS INC,-1.0
2023-04-01,16928,KRYS,KRYSTAL BIOTECH INC,-1.0
2023-04-01,17034,ALTR,ALTAIR ENGINEERING INC,-1.0
2023-04-01,17700,CDAY,CERIDIAN H C M HOLDING INC,-1.0
2023-04-01,17949,BE,BLOOM ENERGY CORP,-1.0
2023-04-01,18011,SONO,SONOS INC,-1.0
2023-04-01,18312,MRNA,MODERNA INC,-1.0
2023-04-01,18368,NFE,NEW FORTRESS ENERGY INC,-1.0
2023-04-01,18776,IMVT,IMMUNOVANT INC,-1.0
2023-04-01,18777,KRTX,KARUNA THERAPEUTICS INC,-1.0
2023-04-01,19201,RVMD,REVOLUTION MEDICINES INC,-1.0
2023-04-01,19880,MTZ,MASTEC INC,-1.0
2023-04-01,20765,AJRD,AEROJET ROCKETDYNE HOLDINGS INC,-1.0
2023-04-01,21207,NEM,NEWMONT CORP,-1.0
2023-04-01,25419,WHR,WHIRLPOOL CORP,-1.0
2023-04-01,32651,HL,HECLA MINING CO,-1.0
2023-04-01,35991,ROG,ROGERS CORP,-1.0
2023-04-01,43350,SWK,STANLEY BLACK & DECKER INC,-1.0
2023-04-01,52090,MKC,MCCORMICK & CO INC,-1.0
2023-04-01,52476,EFX,EQUIFAX INC,-1.0
2023-04-01,52978,HAS,HASBRO INC,-1.0
2023-04-01,57568,BALL,BALL CORP,-1.0
2023-04-01,59328,INTC,INTEL CORP,-1.0
2023-04-01,60986,NWL,NEWELL BRANDS INC,-1.0
2023-04-01,61188,SWX,SOUTHWEST GAS HOLDINGS INC,-1.0
2023-04-01,66384,WDC,WESTERN DIGITAL CORP,-1.0
2023-04-01,67847,RGLD,ROYAL GOLD INC,-1.0
2023-04-01,69649,RJF,RAYMOND JAMES FINANCIAL INC,-1.0
2023-04-01,75976,NEOG,NEOGEN CORP,-1.0
2023-04-01,76661,IONS,IONIS PHARMACEUTICALS INC,-1.0
2023-04-01,77366,MODG,TOPGOLF CALLAWAY BRANDS CORP,-1.0
2023-04-01,77447,ICUI,I C U MEDICAL INC,-1.0
2023-04-01,79338,LNW,LIGHT & WONDER INC,-1.0
2023-04-01,82515,POOL,POOL CORP,-1.0
2023-04-01,84319,LAD,LITHIA MOTORS INC,-1.0
2023-04-01,84761,TTWO,TAKE TWO INTERACTIVE SOFTWR INC,-1.0
2023-04-01,85002,SRPT,SAREPTA THERAPEUTICS INC,-1.0
2023-04-01,85738,MRCY,MERCURY SYSTEMS INC,-1.0
2023-04-01,88351,INSM,INSMED INC,-1.0
2023-04-01,89110,OMCL,OMNICELL INC,-1.0
2023-04-01,91594,SPR,SPIRIT AEROSYSTEMS HOLDINGS INC,-1.0
2023-04-01,91611,FSLR,FIRST SOLAR INC,-1.0
2023-04-01,91733,AVAV,AEROVIRONMENT INC,-1.0
2023-04-01,92040,FOLD,AMICUS THERAPEUTICS INC,-1.0
2023-05-01,10107,MSFT,MICROSOFT CORP,1.0
2023-05-01,11850,XOM,EXXON MOBIL CORP,1.0
2023-05-01,11995,COKE,COCA COLA CONSOLIDATED INC,1.0
2023-05-01,13284,ALSN,ALLISON TRANSMISSION HLDGS INC,1.0
2023-05-01,13748,TPH,TRI POINTE HOMES INC,1.0
2023-05-01,13766,BCC,BOISE CASCADE CO,1.0
2023-05-01,13788,ZTS,ZOETIS INC,1.0
2023-05-01,13901,MO,ALTRIA GROUP INC,1.0
2023-05-01,13928,COP,CONOCOPHILLIPS,1.0
2023-05-01,14479,IBP,INSTALLED BUILDING PRODUCTS INC,1.0
2023-05-01,14579,PAYC,PAYCOM SOFTWARE INC,1.0
2023-05-01,14593,AAPL,APPLE INC,1.0
2023-05-01,15071,SYNH,SYNEOS HEALTH INC,1.0
2023-05-01,15397,BLD,TOPBUILD CORP,1.0
2023-05-01,16260,MEDP,MEDPACE HOLDINGS INC,1.0
2023-05-01,16505,BPOP,POPULAR INC,1.0
2023-05-01,17005,CVS,C V S HEALTH CORP,1.0
2023-05-01,19393,BMY,BRISTOL MYERS SQUIBB CO,1.0
2023-05-01,21936,PFE,PFIZER INC,1.0
2023-05-01,44943,DIOD,DIODES INC,1.0
2023-05-01,54148,PHM,PULTE GROUP INC,1.0
2023-05-01,54253,MSA,M S A SAFETY INC,1.0
2023-05-01,55976,WMT,WALMART INC,1.0
2023-05-01,56223,LPX,LOUISIANA PACIFIC CORP,1.0
2023-05-01,60871,ADI,ANALOG DEVICES INC,1.0
2023-05-01,61313,DCI,DONALDSON INC,1.0
2023-05-01,64194,CHE,CHEMED CORP NEW,1.0
2023-05-01,71175,UNM,UNUM GROUP,1.0
2023-05-01,75510,ADBE,ADOBE INC,1.0
2023-05-01,75603,CRUS,CIRRUS LOGIC INC,1.0
2023-05-01,76082,CTRA,COTERRA ENERGY INC,1.0
2023-05-01,76721,CRVL,CORVEL CORP,1.0
2023-05-01,76744,VRTX,VERTEX PHARMACEUTICALS INC,1.0
2023-05-01,76841,BIIB,BIOGEN INC,1.0
2023-05-01,79785,NVR,N V R INC,1.0
2023-05-01,80415,EXP,EAGLE MATERIALS INC,1.0
2023-05-01,81584,CBZ,CBIZ INC,1.0
2023-05-01,82777,MSM,M S C INDUSTRIAL DIRECT INC,1.0
2023-05-01,83621,ANSS,ANSYS INC,1.0
2023-05-01,85631,ADSK,AUTODESK INC,1.0
2023-05-01,85753,VRSN,VERISIGN INC,1.0
2023-05-01,86783,BKNG,BOOKING HOLDINGS INC,1.0
2023-05-01,88417,ACLS,AXCELIS TECHNOLOGIES INC,1.0
2023-05-01,89946,AEL,AMERICAN EQUITY INVT LIFE HLDG C,1.0
2023-05-01,90829,CF,C F INDUSTRIES HOLDINGS INC,1.0
2023-05-01,91233,MA,MASTERCARD INC,1.0
2023-05-01,91531,OC,OWENS CORNING NEW,1.0
2023-05-01,92221,MELI,MERCADOLIBRE INC,1.0
2023-05-01,92655,UNH,UNITEDHEALTH GROUP INC,1.0
2023-05-01,92852,LOPE,GRAND CANYON EDUCATION INC,1.0
2023-05-01,93002,AVGO,BROADCOM INC,1.0
2023-05-01,93132,FTNT,FORTINET INC,1.0
2023-05-01,11403,CDNS,CADENCE DESIGN SYSTEMS INC,0.993314
2023-05-01,14541,CVX,CHEVRON CORP NEW,0.983705
2023-05-01,81736,RMD,RESMED INC,0.976169
2023-05-01,23660,CTAS,CINTAS CORP,0.972205
2023-05-01,79841,FWRD,FORWARD AIR CORP,0.970008
2023-05-01,80864,RS,RELIANCE STEEL & ALUMINUM CO,0.961539
2023-05-01,76837,HAE,HAEMONETICS CORP MASS,0.958096
2023-05-01,13721,ABBV,ABBVIE INC,0.95322
2023-05-01,16076,GMS,G M S INC,0.949244
2023-05-01,87432,A,AGILENT TECHNOLOGIES INC,0.94839
2023-05-01,93330,PRI,PRIMERICA INC,0.943762
2023-05-01,90550,DLB,DOLBY LABORATORIES INC,0.941971
2023-05-01,89792,CVCO,CAVCO INDUSTRIES INC DEL,0.941221
2023-05-01,77191,TTEK,TETRA TECH INC,0.938229
2023-05-01,49680,DHR,DANAHER CORP,0.93633
2023-05-01,13837,EVTC,EVERTEC INC,0.931427
2023-05-01,75694,TECH,BIO TECHNE CORP,0.9242
2023-05-01,62148,CSX,C S X CORP,0.92399
2023-05-01,11691,MATX,MATSON INC,0.913991
2023-05-01,89070,ZBH,ZIMMER BIOMET HOLDINGS INC,0.910181
2023-05-01,75825,EOG,EOG RESOURCES INC,0.908354
2023-05-01,76076,CSCO,CISCO SYSTEMS INC,0.907036
2023-05-01,88661,TPR,TAPESTRY INC,0.892025
2023-05-01,86158,CTSH,COGNIZANT TECHNOLOGY SOLS CORP,0.888491
2023-05-01,92121,DFS,DISCOVER FINANCIAL SERVICES,0.881335
2023-05-01,75241,PXD,PIONEER NATURAL RESOURCES CO,0.873226
2023-05-01,15069,MRO,MARATHON OIL CORP,0.872908
2023-05-01,88182,ON,ON SEMICONDUCTOR CORP,0.87051
2023-05-01,78987,MCHP,MICROCHIP TECHNOLOGY INC,0.86757
2023-05-01,90880,AMP,AMERIPRISE FINANCIAL INC,0.864811
2023-05-01,13610,OLN,OLIN CORP,0.850898
2023-05-01,79698,IT,GARTNER INC,0.847706
2023-05-01,12570,ITT,I T T INC,0.844217
2023-05-01,89179,ELV,ELEVANCE HEALTH INC,0.844059
2023-05-01,83601,WOR,WORTHINGTON INDUSTRIES INC,0.843783
2023-05-01,75854,LSCC,LATTICE SEMICONDUCTOR CORP,0.830915
2023-05-01,85593,AMG,AFFILIATED MANAGERS GROUP INC,0.826379
2023-05-01,72726,STT,STATE STREET CORP,0.815029
2023-05-01,13911,IQV,IQVIA HOLDINGS INC,0.811131
2023-05-01,90386,MOS,MOSAIC CO NEW,0.806359
2023-05-01,85710,POWI,POWER INTEGRATIONS INC,0.797765
2023-05-01,76892,BOKF,B O K FINANCIAL CORP,0.794667
2023-05-01,39490,APA,A P A CORP,0.778673
2023-05-01,86047,AMKR,AMKOR TECHNOLOGY INC,0.757786
2023-05-01,49429,DDS,DILLARDS INC,0.75027
2023-05-01,90319,GOOGL,ALPHABET INC,0.750197
2023-05-01,91516,AWI,ARMSTRONG WORLD INDS INC NEW,0.749853
2023-05-01,92326,CVI,C V R ENERGY,0.695221
2023-05-01,77462,M,MACYS INC,0.689197
2023-05-01,13407,META,META PLATFORMS INC,0.616369
2023-05-01,79758,BYD,BOYD GAMING CORP,0.596715
2023-05-01,70228,TOL,TOLL BROTHERS INC,0.593554
2023-05-01,91575,HRI,HERC HOLDINGS INC,0.545364
2023-05-01,12622,HCA,H C A HEALTHCARE INC,0.427583
2023-05-01,21186,WRK,WESTROCK CO,0.419465
2023-05-01,13210,EPAM,EPAM SYSTEMS INC,0.411791
2023-05-01,18163,PG,PROCTER & GAMBLE CO,0.342017
2023-05-01,87137,DVN,DEVON ENERGY CORP NEW,0.323219
2023-05-01,14008,AMGN,AMGEN INC,0.309343
2023-05-01,78829,UMBF,U M B FINANCIAL CORP,0.210371
2023-05-01,86719,EWBC,EAST WEST BANCORP INC,0.191011
2023-05-01,92611,V,VISA INC,0.088247
2023-05-01,82775,HIG,HARTFORD FINANCIAL SVCS GRP INC,0.025195
2023-05-01,11884,IPAR,INTERMEDIATE PARFUMS INC,0.018192
2023-05-01,18726,CRWD,CROWDSTRIKE HOLDINGS INC,-0.042222
2023-05-01,23229,CMS,C M S ENERGY CORP,-0.103128
2023-05-01,18484,ZM,ZOOM VIDEO COMMUNICATIONS INC,-0.191455
2023-05-01,90444,ORA,ORMAT TECHNOLOGIES INC,-0.302858
2023-05-01,49154,TGT,TARGET CORP,-0.329841
2023-05-01,14811,FWONK,LIBERTY MEDIA CORP 3RD NEW,-0.356732
2023-05-01,64929,KWR,QUAKER CHEMICAL CORP,-0.493366
2023-05-01,14953,BOOT,BOOT BARN HOLDINGS INC,-0.533259
2023-05-01,90978,SPWR,SUNPOWER CORP,-0.534374
2023-05-01,90775,THS,TREEHOUSE FOODS INC,-0.605851
2023-05-01,40272,IFF,INTERNATIONAL FLAVORS & FRAG INC,-0.629331
2023-05-01,84032,NOV,N O V INC,-0.678912
2023-05-01,15119,WK,WORKIVA INC,-0.701056
2023-05-01,80069,ARWR,ARROWHEAD PHARMACEUTICALS INC,-0.747907
2023-05-01,75034,BKR,BAKER HUGHES CO,-0.756393
2023-05-01,75607,GEN,GEN DIGITAL INC,-0.763408
2023-05-01,17125,DNLI,DENALI THERAPEUTICS INC,-0.764062
2023-05-01,81220,NSIT,INSIGHT ENTERPRISES INC,-0.764771
2023-05-01,16381,BL,BLACKLINE INC,-0.766851
2023-05-01,32870,HRL,HORMEL FOODS CORP,-0.768217
2023-05-01,76136,KMPR,KEMPER CORP DE,-0.783319
2023-05-01,11752,COHR,COHERENT CORP,-0.785098
2023-05-01,15409,ALRM,ALARM COM HOLDINGS INC,-0.793499
2023-05-01,24969,AVA,AVISTA CORP,-0.796618
2023-05-01,77300,SMG,SCOTTS MIRACLE GRO CO,-0.803269
2023-05-01,79299,PZZA,PAPA JOHNS INTL INC,-0.828125
2023-05-01,89533,WYNN,WYNN RESORTS LTD,-0.832606
2023-05-01,91611,FSLR,FIRST SOLAR INC,-0.835808
2023-05-01,84348,VSAT,VIASAT INC,-0.837451
2023-05-01,91594,SPR,SPIRIT AEROSYSTEMS HOLDINGS INC,-0.858219
2023-05-01,18312,MRNA,MODERNA INC,-0.861642
2023-05-01,17700,CDAY,CERIDIAN H C M HOLDING INC,-0.863336
2023-05-01,85002,SRPT,SAREPTA THERAPEUTICS INC,-0.887095
2023-05-01,12591,APO,APOLLO GLOBAL MANAGEMENT INC NEW,-0.887196
2023-05-01,61188,SWX,SOUTHWEST GAS HOLDINGS INC,-0.893077
2023-05-01,75470,MIDD,MIDDLEBY CORP,-0.896253
2023-05-01,15400,ENR,ENERGIZER HOLDINGS INC NEW,-0.898498
2023-05-01,93369,RCM,R1 R C M INC NEW,-0.90308
2023-05-01,13511,PANW,PALO ALTO NETWORKS INC,-0.909847
2023-05-01,15534,NTRA,NATERA INC,-0.909905
2023-05-01,17987,VRT,VERTIV HOLDINGS CO,-0.911169
2023-05-01,18735,GO,GROCERY OUTLET HOLDING CORP,-0.91682
2023-05-01,13181,GWRE,GUIDEWIRE SOFTWARE INC,-0.92494
2023-05-01,75976,NEOG,NEOGEN CORP,-0.926166
2023-05-01,10026,JJSF,J & J SNACK FOODS CORP,-0.926254
2023-05-01,80432,AEO,AMERICAN EAGLE OUTFITTERS INC NE,-0.931542
2023-05-01,11990,KKR,K K R & CO INC,-0.934737
2023-05-01,12781,SR,SPIRE INC,-0.937558
2023-05-01,17034,ALTR,ALTAIR ENGINEERING INC,-0.953925
2023-05-01,13527,FIVE,FIVE BELOW INC,-0.954558
2023-05-01,25320,CPB,CAMPBELL SOUP CO,-0.955748
2023-05-01,21207,NEM,NEWMONT CORP,-0.963312
2023-05-01,32986,ATO,ATMOS ENERGY CORP,-0.966761
2023-05-01,69649,RJF,RAYMOND JAMES FINANCIAL INC,-0.966983
2023-05-01,26825,K,KELLOGG CO,-0.974099
2023-05-01,35991,ROG,ROGERS CORP,-0.981185
2023-05-01,19502,WBA,WALGREENS BOOTS ALLIANCE INC,-0.984881
2023-05-01,90505,LVS,LAS VEGAS SANDS CORP,-0.99258
2023-05-01,91832,MDGL,MADRIGAL PHARMACEUTICALS INC,-0.998846
2023-05-01,11370,ENV,ENVESTNET INC,-1.0
2023-05-01,13688,PCG,P G & E CORP,-1.0
2023-05-01,13908,PFSI,PENNYMAC FINANCIAL SVCS INC NEW,-1.0
2023-05-01,13967,PTCT,P T C THERAPEUTICS INC,-1.0
2023-05-01,14167,ISEE,IVERIC BIO INC,-1.0
2023-05-01,14329,ARMK,ARAMARK,-1.0
2023-05-01,14432,ITCI,INTRA CELLULAR THERAPIES INC,-1.0
2023-05-01,14436,RARE,ULTRAGENYX PHARMACEUTICALS INC,-1.0
2023-05-01,14596,FIVN,FIVE 9 INC,-1.0
2023-05-01,14617,ARES,ARES MANAGEMENT CORP,-1.0
2023-05-01,14828,SAGE,SAGE THERAPEUTICS INC,-1.0
2023-05-01,15167,SHAK,SHAKE SHACK INC,-1.0
2023-05-01,15272,SEDG,SOLAREDGE TECHNOLOGIES INC,-1.0
2023-05-01,15284,BPMC,BLUEPRINT MEDICINES CORP,-1.0
2023-05-01,15452,EVH,EVOLENT HEALTH INC,-1.0
2023-05-01,15490,LITE,LUMENTUM HOLDINGS INC,-1.0
2023-05-01,16064,NTLA,INTELLIA THERAPEUTICS INC,-1.0
2023-05-01,16086,HTZ,HERTZ GLOBAL HOLDINGS INC NEW,-1.0
2023-05-01,16432,GT,GOODYEAR TIRE & RUBBER CO,-1.0
2023-05-01,16905,STR,SITIO ROYALTIES CORP NEW,-1.0
2023-05-01,16928,KRYS,KRYSTAL BIOTECH INC,-1.0
2023-05-01,17949,BE,BLOOM ENERGY CORP,-1.0
2023-05-01,18011,SONO,SONOS INC,-1.0
2023-05-01,18368,NFE,NEW FORTRESS ENERGY INC,-1.0
2023-05-01,18776,IMVT,IMMUNOVANT INC,-1.0
2023-05-01,18777,KRTX,KARUNA THERAPEUTICS INC,-1.0
2023-05-01,19201,RVMD,REVOLUTION MEDICINES INC,-1.0
2023-05-01,19880,MTZ,MASTEC INC,-1.0
2023-05-01,20765,AJRD,AEROJET ROCKETDYNE HOLDINGS INC,-1.0
2023-05-01,25419,WHR,WHIRLPOOL CORP,-1.0
2023-05-01,25785,F,FORD MOTOR CO DEL,-1.0
2023-05-01,32651,HL,HECLA MINING CO,-1.0
2023-05-01,43350,SWK,STANLEY BLACK & DECKER INC,-1.0
2023-05-01,52090,MKC,MCCORMICK & CO INC,-1.0
2023-05-01,52476,EFX,EQUIFAX INC,-1.0
2023-05-01,52978,HAS,HASBRO INC,-1.0
2023-05-01,57568,BALL,BALL CORP,-1.0
2023-05-01,59328,INTC,INTEL CORP,-1.0
2023-05-01,60986,NWL,NEWELL BRANDS INC,-1.0
2023-05-01,66384,WDC,WESTERN DIGITAL CORP,-1.0
2023-05-01,67847,RGLD,ROYAL GOLD INC,-1.0
2023-05-01,76661,IONS,IONIS PHARMACEUTICALS INC,-1.0
2023-05-01,77366,MODG,TOPGOLF CALLAWAY BRANDS CORP,-1.0
2023-05-01,77447,ICUI,I C U MEDICAL INC,-1.0
2023-05-01,79338,LNW,LIGHT & WONDER INC,-1.0
2023-05-01,80563,PENN,PENN ENTERTAINMENT INC,-1.0
2023-05-01,82515,POOL,POOL CORP,-1.0
2023-05-01,84761,TTWO,TAKE TWO INTERACTIVE SOFTWR INC,-1.0
2023-05-01,85738,MRCY,MERCURY SYSTEMS INC,-1.0
2023-05-01,88351,INSM,INSMED INC,-1.0
2023-05-01,89110,OMCL,OMNICELL INC,-1.0
2023-05-01,90177,ACAD,ACADIA PHARMACEUTICALS,-1.0
2023-05-01,91733,AVAV,AEROVIRONMENT INC,-1.0
2023-05-01,92040,FOLD,AMICUS THERAPEUTICS INC,-1.0
2023-06-01,10107,MSFT,MICROSOFT CORP,1.0
2023-06-01,11995,COKE,COCA COLA CONSOLIDATED INC,1.0
2023-06-01,12570,ITT,I T T INC,1.0
2023-06-01,13748,TPH,TRI POINTE HOMES INC,1.0
2023-06-01,13766,BCC,BOISE CASCADE CO,1.0
2023-06-01,13862,TMHC,TAYLOR MORRISON HOME CORP,1.0
2023-06-01,13901,MO,ALTRIA GROUP INC,1.0
2023-06-01,14169,PINC,PREMIER INC,1.0
2023-06-01,14593,AAPL,APPLE INC,1.0
2023-06-01,15071,SYNH,SYNEOS HEALTH INC,1.0
2023-06-01,15332,CWEN,CLEARWAY ENERGY INC,1.0
2023-06-01,16076,GMS,G M S INC,1.0
2023-06-01,16260,MEDP,MEDPACE HOLDINGS INC,1.0
2023-06-01,19393,BMY,BRISTOL MYERS SQUIBB CO,1.0
2023-06-01,23660,CTAS,CINTAS CORP,1.0
2023-06-01,44943,DIOD,DIODES INC,1.0
2023-06-01,48653,HUM,HUMANA INC,1.0
2023-06-01,64186,CI,CIGNA GROUP,1.0
2023-06-01,71175,UNM,UNUM GROUP,1.0
2023-06-01,73139,SYK,STRYKER CORP,1.0
2023-06-01,75510,ADBE,ADOBE INC,1.0
2023-06-01,75825,EOG,EOG RESOURCES INC,1.0
2023-06-01,76841,BIIB,BIOGEN INC,1.0
2023-06-01,80415,EXP,EAGLE MATERIALS INC,1.0
2023-06-01,83621,ANSS,ANSYS INC,1.0
2023-06-01,84723,LNG,CHENIERE ENERGY INC,1.0
2023-06-01,85631,ADSK,AUTODESK INC,1.0
2023-06-01,85753,VRSN,VERISIGN INC,1.0
2023-06-01,85992,MANH,MANHATTAN ASSOCIATES INC,1.0
2023-06-01,88417,ACLS,AXCELIS TECHNOLOGIES INC,1.0
2023-06-01,89070,ZBH,ZIMMER BIOMET HOLDINGS INC,1.0
2023-06-01,89946,AEL,AMERICAN EQUITY INVT LIFE HLDG C,1.0
2023-06-01,90550,DLB,DOLBY LABORATORIES INC,1.0
2023-06-01,90776,WAL,WESTERN ALLIANCE BANCORPORATION,1.0
2023-06-01,90829,CF,C F INDUSTRIES HOLDINGS INC,1.0
2023-06-01,92221,MELI,MERCADOLIBRE INC,1.0
2023-06-01,92655,UNH,UNITEDHEALTH GROUP INC,1.0
2023-06-01,92852,LOPE,GRAND CANYON EDUCATION INC,1.0
2023-06-01,93002,AVGO,BROADCOM INC,1.0
2023-06-01,93132,FTNT,FORTINET INC,1.0
2023-06-01,91531,OC,OWENS CORNING NEW,0.991844
2023-06-01,82777,MSM,M S C INDUSTRIAL DIRECT INC,0.98741
2023-06-01,21936,PFE,PFIZER INC,0.984633
2023-06-01,60871,ADI,ANALOG DEVICES INC,0.984163
2023-06-01,54148,PHM,PULTE GROUP INC,0.980403
2023-06-01,56223,LPX,LOUISIANA PACIFIC CORP,0.979669
2023-06-01,55976,WMT,WALMART INC,0.972865
2023-06-01,13284,ALSN,ALLISON TRANSMISSION HLDGS INC,0.970463
2023-06-01,13928,COP,CONOCOPHILLIPS,0.966354
2023-06-01,64194,CHE,CHEMED CORP NEW,0.965307
2023-06-01,76837,HAE,HAEMONETICS CORP MASS,0.964774
2023-06-01,76721,CRVL,CORVEL CORP,0.963719
2023-06-01,14579,PAYC,PAYCOM SOFTWARE INC,0.96236
2023-06-01,16505,BPOP,POPULAR INC,0.958344
2023-06-01,79698,IT,GARTNER INC,0.95783
2023-06-01,91233,MA,MASTERCARD INC,0.956841
2023-06-01,81584,CBZ,CBIZ INC,0.953256
2023-06-01,76076,CSCO,CISCO SYSTEMS INC,0.95017
2023-06-01,79785,NVR,N V R INC,0.947403
2023-06-01,76744,VRTX,VERTEX PHARMACEUTICALS INC,0.945975
2023-06-01,75694,TECH,BIO TECHNE CORP,0.943845
2023-06-01,93330,PRI,PRIMERICA INC,0.941101
2023-06-01,86783,BKNG,BOOKING HOLDINGS INC,0.930247
2023-06-01,62148,CSX,C S X CORP,0.924796
2023-06-01,17005,CVS,C V S HEALTH CORP,0.924315
2023-06-01,13788,ZTS,ZOETIS INC,0.92369
2023-06-01,13837,EVTC,EVERTEC INC,0.922377
2023-06-01,11691,MATX,MATSON INC,0.919001
2023-06-01,61313,DCI,DONALDSON INC,0.917345
2023-06-01,76082,CTRA,COTERRA ENERGY INC,0.911856
2023-06-01,80864,RS,RELIANCE STEEL & ALUMINUM CO,0.910955
2023-06-01,49680,DHR,DANAHER CORP,0.904089
2023-06-01,75603,CRUS,CIRRUS LOGIC INC,0.901805
2023-06-01,78987,MCHP,MICROCHIP TECHNOLOGY INC,0.895775
2023-06-01,79841,FWRD,FORWARD AIR CORP,0.892956
2023-06-01,15397,BLD,TOPBUILD CORP,0.890697
2023-06-01,14541,CVX,CHEVRON CORP NEW,0.883919
2023-06-01,88661,TPR,TAPESTRY INC,0.87149
2023-06-01,11850,XOM,EXXON MOBIL CORP,0.867261
2023-06-01,13721,ABBV,ABBVIE INC,0.86672
2023-06-01,90319,GOOGL,ALPHABET INC,0.855988
2023-06-01,81736,RMD,RESMED INC,0.85198
2023-06-01,90880,AMP,AMERIPRISE FINANCIAL INC,0.846718
2023-06-01,13911,IQV,IQVIA HOLDINGS INC,0.845566
2023-06-01,75854,LSCC,LATTICE SEMICONDUCTOR CORP,0.844658
2023-06-01,14479,IBP,INSTALLED BUILDING PRODUCTS INC,0.837571
2023-06-01,75241,PXD,PIONEER NATURAL RESOURCES CO,0.810743
2023-06-01,86158,CTSH,COGNIZANT TECHNOLOGY SOLS CORP,0.808865
2023-06-01,87432,A,AGILENT TECHNOLOGIES INC,0.806541
2023-06-01,89179,ELV,ELEVANCE HEALTH INC,0.803452
2023-06-01,15069,MRO,MARATHON OIL CORP,0.801095
2023-06-01,83601,WOR,WORTHINGTON INDUSTRIES INC,0.794377
2023-06-01,85593,AMG,AFFILIATED MANAGERS GROUP INC,0.793132
2023-06-01,89792,CVCO,CAVCO INDUSTRIES INC DEL,0.777131
2023-06-01,76892,BOKF,B O K FINANCIAL CORP,0.77309
2023-06-01,72726,STT,STATE STREET CORP,0.764221
2023-06-01,13610,OLN,OLIN CORP,0.726227
2023-06-01,49429,DDS,DILLARDS INC,0.689491
2023-06-01,91516,AWI,ARMSTRONG WORLD INDS INC NEW,0.681772
2023-06-01,13407,META,META PLATFORMS INC,0.676692
2023-06-01,23712,PEG,PUBLIC SERVICE ENTERPRISE GP INC,0.628548
2023-06-01,92326,CVI,C V R ENERGY,0.628305
2023-06-01,70228,TOL,TOLL BROTHERS INC,0.626579
2023-06-01,90386,MOS,MOSAIC CO NEW,0.602239
2023-06-01,77462,M,MACYS INC,0.570682
2023-06-01,91575,HRI,HERC HOLDINGS INC,0.554374
2023-06-01,79758,BYD,BOYD GAMING CORP,0.545779
2023-06-01,86102,FHI,FEDERATED HERMES INC,0.433373
2023-06-01,12622,HCA,H C A HEALTHCARE INC,0.391582
2023-06-01,18144,ACA,ARCOSA INC,0.342593
2023-06-01,18163,PG,PROCTER & GAMBLE CO,0.310408
2023-06-01,92782,MYRG,M Y R GROUP INC DE,0.308752
2023-06-01,14008,AMGN,AMGEN INC,0.286272
2023-06-01,87137,DVN,DEVON ENERGY CORP NEW,0.277693
2023-06-01,86719,EWBC,EAST WEST BANCORP INC,0.176122
2023-06-01,82775,HIG,HARTFORD FINANCIAL SVCS GRP INC,0.024377
2023-06-01,11884,IPAR,INTERMEDIATE PARFUMS INC,0.014987
2023-06-01,80563,PENN,PENN ENTERTAINMENT INC,-0.020019
2023-06-01,18726,CRWD,CROWDSTRIKE HOLDINGS INC,-0.056164
2023-06-01,23229,CMS,C M S ENERGY CORP,-0.096425
2023-06-01,10200,RGEN,REPLIGEN CORP,-0.120282
2023-06-01,18484,ZM,ZOOM VIDEO COMMUNICATIONS INC,-0.208519
2023-06-01,49154,TGT,TARGET CORP,-0.274439
2023-06-01,90444,ORA,ORMAT TECHNOLOGIES INC,-0.299668
2023-06-01,14811,FWONK,LIBERTY MEDIA CORP 3RD NEW,-0.34658
2023-06-01,12226,MGPI,M G P INGREDIENTS INC,-0.421625
2023-06-01,17929,UGI,U G I CORP NEW,-0.436162
2023-06-01,40272,IFF,INTERNATIONAL FLAVORS & FRAG INC,-0.499356
2023-06-01,64929,KWR,QUAKER CHEMICAL CORP,-0.499966
2023-06-01,90775,THS,TREEHOUSE FOODS INC,-0.536506
2023-06-01,84032,NOV,N O V INC,-0.5678
2023-06-01,75034,BKR,BAKER HUGHES CO,-0.579425
2023-06-01,76136,KMPR,KEMPER CORP DE,-0.698872
2023-06-01,80432,AEO,AMERICAN EAGLE OUTFITTERS INC NE,-0.704116
2023-06-01,16381,BL,BLACKLINE INC,-0.713938
2023-06-01,89533,WYNN,WYNN RESORTS LTD,-0.717705
2023-06-01,32870,HRL,HORMEL FOODS CORP,-0.723802
2023-06-01,13967,PTCT,P T C THERAPEUTICS INC,-0.757491
2023-06-01,75607,GEN,GEN DIGITAL INC,-0.760843
2023-06-01,91594,SPR,SPIRIT AEROSYSTEMS HOLDINGS INC,-0.76366
2023-06-01,77300,SMG,SCOTTS MIRACLE GRO CO,-0.764618
2023-06-01,79299,PZZA,PAPA JOHNS INTL INC,-0.777525
2023-06-01,18312,MRNA,MODERNA INC,-0.8249
2023-06-01,21207,NEM,NEWMONT CORP,-0.828701
2023-06-01,13527,FIVE,FIVE BELOW INC,-0.830921
2023-06-01,15409,ALRM,ALARM COM HOLDINGS INC,-0.832689
2023-06-01,75470,MIDD,MIDDLEBY CORP,-0.836479
2023-06-01,17700,CDAY,CERIDIAN H C M HOLDING INC,-0.838007
2023-06-01,11752,COHR,COHERENT CORP,-0.847073
2023-06-01,85738,MRCY,MERCURY SYSTEMS INC,-0.847817
2023-06-01,81220,NSIT,INSIGHT ENTERPRISES INC,-0.852201
2023-06-01,90505,LVS,LAS VEGAS SANDS CORP,-0.853389
2023-06-01,19502,WBA,WALGREENS BOOTS ALLIANCE INC,-0.857875
2023-06-01,15400,ENR,ENERGIZER HOLDINGS INC NEW,-0.880454
2023-06-01,18735,GO,GROCERY OUTLET HOLDING CORP,-0.880829
2023-06-01,25320,CPB,CAMPBELL SOUP CO,-0.886243
2023-06-01,91832,MDGL,MADRIGAL PHARMACEUTICALS INC,-0.887652
2023-06-01,12781,SR,SPIRE INC,-0.890382
2023-06-01,77447,ICUI,I C U MEDICAL INC,-0.920997
2023-06-01,91733,AVAV,AEROVIRONMENT INC,-0.924037
2023-06-01,91611,FSLR,FIRST SOLAR INC,-0.926042
2023-06-01,10026,JJSF,J & J SNACK FOODS CORP,-0.927397
2023-06-01,67847,RGLD,ROYAL GOLD INC,-0.931403
2023-06-01,25419,WHR,WHIRLPOOL CORP,-0.934678
2023-06-01,16086,HTZ,HERTZ GLOBAL HOLDINGS INC NEW,-0.936386
2023-06-01,26825,K,KELLOGG CO,-0.936884
2023-06-01,75976,NEOG,NEOGEN CORP,-0.937296
2023-06-01,12591,APO,APOLLO GLOBAL MANAGEMENT INC NEW,-0.938674
2023-06-01,61188,SWX,SOUTHWEST GAS HOLDINGS INC,-0.940434
2023-06-01,14432,ITCI,INTRA CELLULAR THERAPIES INC,-0.951768
2023-06-01,35991,ROG,ROGERS CORP,-0.956377
2023-06-01,69649,RJF,RAYMOND JAMES FINANCIAL INC,-0.96152
2023-06-01,79338,LNW,LIGHT & WONDER INC,-0.963165
2023-06-01,92040,FOLD,AMICUS THERAPEUTICS INC,-0.972075
2023-06-01,52090,MKC,MCCORMICK & CO INC,-0.972206
2023-06-01,32986,ATO,ATMOS ENERGY CORP,-0.979075
2023-06-01,13688,PCG,P G & E CORP,-0.986402
2023-06-01,14617,ARES,ARES MANAGEMENT CORP,-0.99063
2023-06-01,15272,SEDG,SOLAREDGE TECHNOLOGIES INC,-0.993537
2023-06-01,52978,HAS,HASBRO INC,-0.998533
2023-06-01,52476,EFX,EQUIFAX INC,-0.999369
2023-06-01,11370,ENV,ENVESTNET INC,-1.0
2023-06-01,11990,KKR,K K R & CO INC,-1.0
2023-06-01,13181,GWRE,GUIDEWIRE SOFTWARE INC,-1.0
2023-06-01,13511,PANW,PALO ALTO NETWORKS INC,-1.0
2023-06-01,13908,PFSI,PENNYMAC FINANCIAL SVCS INC NEW,-1.0
2023-06-01,14167,ISEE,IVERIC BIO INC,-1.0
2023-06-01,14329,ARMK,ARAMARK,-1.0
2023-06-01,14436,RARE,ULTRAGENYX PHARMACEUTICALS INC,-1.0
2023-06-01,14596,FIVN,FIVE 9 INC,-1.0
2023-06-01,14828,SAGE,SAGE THERAPEUTICS INC,-1.0
2023-06-01,15119,WK,WORKIVA INC,-1.0
2023-06-01,15167,SHAK,SHAKE SHACK INC,-1.0
2023-06-01,15284,BPMC,BLUEPRINT MEDICINES CORP,-1.0
2023-06-01,15452,EVH,EVOLENT HEALTH INC,-1.0
2023-06-01,15490,LITE,LUMENTUM HOLDINGS INC,-1.0
2023-06-01,15534,NTRA,NATERA INC,-1.0
2023-06-01,16064,NTLA,INTELLIA THERAPEUTICS INC,-1.0
2023-06-01,16432,GT,GOODYEAR TIRE & RUBBER CO,-1.0
2023-06-01,16905,STR,SITIO ROYALTIES CORP NEW,-1.0
2023-06-01,16928,KRYS,KRYSTAL BIOTECH INC,-1.0
2023-06-01,17034,ALTR,ALTAIR ENGINEERING INC,-1.0
2023-06-01,17104,APLS,APELLIS PHARMACEUTICALS INC,-1.0
2023-06-01,17125,DNLI,DENALI THERAPEUTICS INC,-1.0
2023-06-01,17987,VRT,VERTIV HOLDINGS CO,-1.0
2023-06-01,18368,NFE,NEW FORTRESS ENERGY INC,-1.0
2023-06-01,18776,IMVT,IMMUNOVANT INC,-1.0
2023-06-01,18777,KRTX,KARUNA THERAPEUTICS INC,-1.0
2023-06-01,18779,MORF,MORPHIC HOLDING INC,-1.0
2023-06-01,19032,VIR,VIR BIOTECHNOLOGY INC,-1.0
2023-06-01,19201,RVMD,REVOLUTION MEDICINES INC,-1.0
2023-06-01,19880,MTZ,MASTEC INC,-1.0
2023-06-01,20765,AJRD,AEROJET ROCKETDYNE HOLDINGS INC,-1.0
2023-06-01,24969,AVA,AVISTA CORP,-1.0
2023-06-01,25785,F,FORD MOTOR CO DEL,-1.0
2023-06-01,32651,HL,HECLA MINING CO,-1.0
2023-06-01,43350,SWK,STANLEY BLACK & DECKER INC,-1.0
2023-06-01,57568,BALL,BALL CORP,-1.0
2023-06-01,59328,INTC,INTEL CORP,-1.0
2023-06-01,60986,NWL,NEWELL BRANDS INC,-1.0
2023-06-01,61241,AMD,ADVANCED MICRO DEVICES INC,-1.0
2023-06-01,66384,WDC,WESTERN DIGITAL CORP,-1.0
2023-06-01,76661,IONS,IONIS PHARMACEUTICALS INC,-1.0
2023-06-01,77366,MODG,TOPGOLF CALLAWAY BRANDS CORP,-1.0
2023-06-01,80069,ARWR,ARROWHEAD PHARMACEUTICALS INC,-1.0
2023-06-01,84348,VSAT,VIASAT INC,-1.0
2023-06-01,84761,TTWO,TAKE TWO INTERACTIVE SOFTWR INC,-1.0
2023-06-01,85002,SRPT,SAREPTA THERAPEUTICS INC,-1.0
2023-06-01,88351,INSM,INSMED INC,-1.0
2023-06-01,89110,OMCL,OMNICELL INC,-1.0
2023-06-01,90071,NRG,N R G ENERGY INC,-1.0
2023-06-01,90126,CYTK,CYTOKINETICS INC,-1.0
2023-06-01,90177,ACAD,ACADIA PHARMACEUTICALS,-1.0
2023-07-01,10107,MSFT,MICROSOFT CORP,1.0
2023-07-01,11691,MATX,MATSON INC,1.0
2023-07-01,11995,COKE,COCA COLA CONSOLIDATED INC,1.0
2023-07-01,12570,ITT,I T T INC,1.0
2023-07-01,13284,ALSN,ALLISON TRANSMISSION HLDGS INC,1.0
2023-07-01,13748,TPH,TRI POINTE HOMES INC,1.0
2023-07-01,13766,BCC,BOISE CASCADE CO,1.0
2023-07-01,13862,TMHC,TAYLOR MORRISON HOME CORP,1.0
2023-07-01,13901,MO,ALTRIA GROUP INC,1.0
2023-07-01,13928,COP,CONOCOPHILLIPS,1.0
2023-07-01,14169,PINC,PREMIER INC,1.0
2023-07-01,14479,IBP,INSTALLED BUILDING PRODUCTS INC,1.0
2023-07-01,14579,PAYC,PAYCOM SOFTWARE INC,1.0
2023-07-01,14593,AAPL,APPLE INC,1.0
2023-07-01,15071,SYNH,SYNEOS HEALTH INC,1.0
2023-07-01,16076,GMS,G M S INC,1.0
2023-07-01,16260,MEDP,MEDPACE HOLDINGS INC,1.0
2023-07-01,16505,BPOP,POPULAR INC,1.0
2023-07-01,16655,CVNA,CARVANA CO,1.0
2023-07-01,19393,BMY,BRISTOL MYERS SQUIBB CO,1.0
2023-07-01,23660,CTAS,CINTAS CORP,1.0
2023-07-01,23712,PEG,PUBLIC SERVICE ENTERPRISE GP INC,1.0
2023-07-01,44943,DIOD,DIODES INC,1.0
2023-07-01,54148,PHM,PULTE GROUP INC,1.0
2023-07-01,55976,WMT,WALMART INC,1.0
2023-07-01,60871,ADI,ANALOG DEVICES INC,1.0
2023-07-01,62148,CSX,C S X CORP,1.0
2023-07-01,62341,PDCE,P D C ENERGY INC,1.0
2023-07-01,64186,CI,CIGNA GROUP,1.0
2023-07-01,71175,UNM,UNUM GROUP,1.0
2023-07-01,73139,SYK,STRYKER CORP,1.0
2023-07-01,75510,ADBE,ADOBE INC,1.0
2023-07-01,75825,EOG,EOG RESOURCES INC,1.0
2023-07-01,76744,VRTX,VERTEX PHARMACEUTICALS INC,1.0
2023-07-01,76841,BIIB,BIOGEN INC,1.0
2023-07-01,78987,MCHP,MICROCHIP TECHNOLOGY INC,1.0
2023-07-01,79785,NVR,N V R INC,1.0
2023-07-01,80415,EXP,EAGLE MATERIALS INC,1.0
2023-07-01,80864,RS,RELIANCE STEEL & ALUMINUM CO,1.0
2023-07-01,81584,CBZ,CBIZ INC,1.0
2023-07-01,82777,MSM,M S C INDUSTRIAL DIRECT INC,1.0
2023-07-01,83621,ANSS,ANSYS INC,1.0
2023-07-01,84723,LNG,CHENIERE ENERGY INC,1.0
2023-07-01,85631,ADSK,AUTODESK INC,1.0
2023-07-01,85753,VRSN,VERISIGN INC,1.0
2023-07-01,85992,MANH,MANHATTAN ASSOCIATES INC,1.0
2023-07-01,87432,A,AGILENT TECHNOLOGIES INC,1.0
2023-07-01,88417,ACLS,AXCELIS TECHNOLOGIES INC,1.0
2023-07-01,89070,ZBH,ZIMMER BIOMET HOLDINGS INC,1.0
2023-07-01,89946,AEL,AMERICAN EQUITY INVT LIFE HLDG C,1.0
2023-07-01,90550,DLB,DOLBY LABORATORIES INC,1.0
2023-07-01,90776,WAL,WESTERN ALLIANCE BANCORPORATION,1.0
2023-07-01,90829,CF,C F INDUSTRIES HOLDINGS INC,1.0
2023-07-01,91233,MA,MASTERCARD INC,1.0
2023-07-01,91500,EXLS,EXLSERVICE HOLDINGS INC,1.0
2023-07-01,91531,OC,OWENS CORNING NEW,1.0
2023-07-01,92655,UNH,UNITEDHEALTH GROUP INC,1.0
2023-07-01,92852,LOPE,GRAND CANYON EDUCATION INC,1.0
2023-07-01,93002,AVGO,BROADCOM INC,1.0
2023-07-01,93132,FTNT,FORTINET INC,1.0
2023-07-01,93330,PRI,PRIMERICA INC,1.0
2023-07-01,86783,BKNG,BOOKING HOLDINGS INC,0.997483
2023-07-01,75854,LSCC,LATTICE SEMICONDUCTOR CORP,0.994541
2023-07-01,15332,CWEN,CLEARWAY ENERGY INC,0.990005
2023-07-01,76082,CTRA,COTERRA ENERGY INC,0.988538
2023-07-01,76076,CSCO,CISCO SYSTEMS INC,0.985894
2023-07-01,83601,WOR,WORTHINGTON INDUSTRIES INC,0.98489
2023-07-01,13837,EVTC,EVERTEC INC,0.981481
2023-07-01,61313,DCI,DONALDSON INC,0.980111
2023-07-01,64194,CHE,CHEMED CORP NEW,0.975657
2023-07-01,79698,IT,GARTNER INC,0.974737
2023-07-01,13788,ZTS,ZOETIS INC,0.972054
2023-07-01,79841,FWRD,FORWARD AIR CORP,0.970468
2023-07-01,76837,HAE,HAEMONETICS CORP MASS,0.966998
2023-07-01,13911,IQV,IQVIA HOLDINGS INC,0.961753
2023-07-01,92221,MELI,MERCADOLIBRE INC,0.952016
2023-07-01,21936,PFE,PFIZER INC,0.945914
2023-07-01,49680,DHR,DANAHER CORP,0.942345
2023-07-01,90880,AMP,AMERIPRISE FINANCIAL INC,0.938839
2023-07-01,17005,CVS,C V S HEALTH CORP,0.935491
2023-07-01,88661,TPR,TAPESTRY INC,0.935047
2023-07-01,14541,CVX,CHEVRON CORP NEW,0.91981
2023-07-01,11850,XOM,EXXON MOBIL CORP,0.906756
2023-07-01,48653,HUM,HUMANA INC,0.888626
2023-07-01,81736,RMD,RESMED INC,0.879668
2023-07-01,85593,AMG,AFFILIATED MANAGERS GROUP INC,0.851482
2023-07-01,13721,ABBV,ABBVIE INC,0.842893
2023-07-01,86158,CTSH,COGNIZANT TECHNOLOGY SOLS CORP,0.84168
2023-07-01,75241,PXD,PIONEER NATURAL RESOURCES CO,0.838901
2023-07-01,90319,GOOGL,ALPHABET INC,0.830413
2023-07-01,72726,STT,STATE STREET CORP,0.826157
2023-07-01,91516,AWI,ARMSTRONG WORLD INDS INC NEW,0.799317
2023-07-01,89179,ELV,ELEVANCE HEALTH INC,0.796373
2023-07-01,13610,OLN,OLIN CORP,0.785895
2023-07-01,76892,BOKF,B O K FINANCIAL CORP,0.764804
2023-07-01,91575,HRI,HERC HOLDINGS INC,0.745778
2023-07-01,13407,META,META PLATFORMS INC,0.730835
2023-07-01,70228,TOL,TOLL BROTHERS INC,0.729256
2023-07-01,15069,MRO,MARATHON OIL CORP,0.721429
2023-07-01,90386,MOS,MOSAIC CO NEW,0.657068
2023-07-01,79758,BYD,BOYD GAMING CORP,0.593224
2023-07-01,86102,FHI,FEDERATED HERMES INC,0.44948
2023-07-01,12622,HCA,H C A HEALTHCARE INC,0.449165
2023-07-01,76721,CRVL,CORVEL CORP,0.423902
2023-07-01,18144,ACA,ARCOSA INC,0.393947
2023-07-01,82775,HIG,HARTFORD FINANCIAL SVCS GRP INC,0.372177
2023-07-01,92782,MYRG,M Y R GROUP INC DE,0.333743
2023-07-01,18163,PG,PROCTER & GAMBLE CO,0.329269
2023-07-01,87137,DVN,DEVON ENERGY CORP NEW,0.294337
2023-07-01,14008,AMGN,AMGEN INC,0.286882
2023-07-01,86719,EWBC,EAST WEST BANCORP INC,0.193586
2023-07-01,75603,CRUS,CIRRUS LOGIC INC,0.132735
2023-07-01,11884,IPAR,INTERMEDIATE PARFUMS INC,0.016149
2023-07-01,18484,ZM,ZOOM VIDEO COMMUNICATIONS INC,-0.209998
2023-07-01,90444,ORA,ORMAT TECHNOLOGIES INC,-0.282107
2023-07-01,14811,FWONK,LIBERTY MEDIA CORP 3RD NEW,-0.369191
2023-07-01,32986,ATO,ATMOS ENERGY CORP,-0.402716
2023-07-01,17929,UGI,U G I CORP NEW,-0.424483
2023-07-01,64929,KWR,QUAKER CHEMICAL CORP,-0.511334
2023-07-01,40272,IFF,INTERNATIONAL FLAVORS & FRAG INC,-0.517572
2023-07-01,90775,THS,TREEHOUSE FOODS INC,-0.56865
2023-07-01,12477,WD,WALKER & DUNLOP INC,-0.601569
2023-07-01,75034,BKR,BAKER HUGHES CO,-0.669771
2023-07-01,13967,PTCT,P T C THERAPEUTICS INC,-0.730939
2023-07-01,16381,BL,BLACKLINE INC,-0.735022
2023-07-01,17987,VRT,VERTIV HOLDINGS CO,-0.752463
2023-07-01,77300,SMG,SCOTTS MIRACLE GRO CO,-0.75533
2023-07-01,32870,HRL,HORMEL FOODS CORP,-0.758128
2023-07-01,89533,WYNN,WYNN RESORTS LTD,-0.765024
2023-07-01,76136,KMPR,KEMPER CORP DE,-0.776438
2023-07-01,18312,MRNA,MODERNA INC,-0.781424
2023-07-01,25320,CPB,CAMPBELL SOUP CO,-0.797774
2023-07-01,80432,AEO,AMERICAN EAGLE OUTFITTERS INC NE,-0.814096
2023-07-01,79299,PZZA,PAPA JOHNS INTL INC,-0.81561
2023-07-01,91594,SPR,SPIRIT AEROSYSTEMS HOLDINGS INC,-0.835217
2023-07-01,15409,ALRM,ALARM COM HOLDINGS INC,-0.853502
2023-07-01,67847,RGLD,ROYAL GOLD INC,-0.859464
2023-07-01,91611,FSLR,FIRST SOLAR INC,-0.863543
2023-07-01,21207,NEM,NEWMONT CORP,-0.868443
2023-07-01,12781,SR,SPIRE INC,-0.880699
2023-07-01,90505,LVS,LAS VEGAS SANDS CORP,-0.894335
2023-07-01,18776,IMVT,IMMUNOVANT INC,-0.898825
2023-07-01,15400,ENR,ENERGIZER HOLDINGS INC NEW,-0.90333
2023-07-01,17700,CDAY,CERIDIAN H C M HOLDING INC,-0.90396
2023-07-01,13181,GWRE,GUIDEWIRE SOFTWARE INC,-0.912769
2023-07-01,19433,MP,M P MATERIALS CORP,-0.919152
2023-07-01,84348,VSAT,VIASAT INC,-0.920827
2023-07-01,12226,MGPI,M G P INGREDIENTS INC,-0.929545
2023-07-01,14436,RARE,ULTRAGENYX PHARMACEUTICALS INC,-0.930484
2023-07-01,75470,MIDD,MIDDLEBY CORP,-0.933381
2023-07-01,15272,SEDG,SOLAREDGE TECHNOLOGIES INC,-0.934441
2023-07-01,77447,ICUI,I C U MEDICAL INC,-0.934619
2023-07-01,26825,K,KELLOGG CO,-0.941903
2023-07-01,13527,FIVE,FIVE BELOW INC,-0.943221
2023-07-01,10026,JJSF,J & J SNACK FOODS CORP,-0.954471
2023-07-01,66384,WDC,WESTERN DIGITAL CORP,-0.975266
2023-07-01,52090,MKC,MCCORMICK & CO INC,-0.985252
2023-07-01,16928,KRYS,KRYSTAL BIOTECH INC,-0.992104
2023-07-01,16432,GT,GOODYEAR TIRE & RUBBER CO,-0.99228
2023-07-01,89110,OMCL,OMNICELL INC,-0.999327
2023-07-01,11370,ENV,ENVESTNET INC,-1.0
2023-07-01,11752,COHR,COHERENT CORP,-1.0
2023-07-01,11990,KKR,K K R & CO INC,-1.0
2023-07-01,12591,APO,APOLLO GLOBAL MANAGEMENT INC NEW,-1.0
2023-07-01,13511,PANW,PALO ALTO NETWORKS INC,-1.0
2023-07-01,13688,PCG,P G & E CORP,-1.0
2023-07-01,13908,PFSI,PENNYMAC FINANCIAL SVCS INC NEW,-1.0
2023-07-01,14329,ARMK,ARAMARK,-1.0
2023-07-01,14432,ITCI,INTRA CELLULAR THERAPIES INC,-1.0
2023-07-01,14596,FIVN,FIVE 9 INC,-1.0
2023-07-01,14617,ARES,ARES MANAGEMENT CORP,-1.0
2023-07-01,14828,SAGE,SAGE THERAPEUTICS INC,-1.0
2023-07-01,15119,WK,WORKIVA INC,-1.0
2023-07-01,15167,SHAK,SHAKE SHACK INC,-1.0
2023-07-01,15284,BPMC,BLUEPRINT MEDICINES CORP,-1.0
2023-07-01,15452,EVH,EVOLENT HEALTH INC,-1.0
2023-07-01,15534,NTRA,NATERA INC,-1.0
2023-07-01,16064,NTLA,INTELLIA THERAPEUTICS INC,-1.0
2023-07-01,16082,SITE,SITEONE LANDSCAPE SUPPLY INC,-1.0
2023-07-01,16086,HTZ,HERTZ GLOBAL HOLDINGS INC NEW,-1.0
2023-07-01,16905,STR,SITIO ROYALTIES CORP NEW,-1.0
2023-07-01,17034,ALTR,ALTAIR ENGINEERING INC,-1.0
2023-07-01,17104,APLS,APELLIS PHARMACEUTICALS INC,-1.0
2023-07-01,17125,DNLI,DENALI THERAPEUTICS INC,-1.0
2023-07-01,18368,NFE,NEW FORTRESS ENERGY INC,-1.0
2023-07-01,18777,KRTX,KARUNA THERAPEUTICS INC,-1.0
2023-07-01,18779,MORF,MORPHIC HOLDING INC,-1.0
2023-07-01,19032,VIR,VIR BIOTECHNOLOGY INC,-1.0
2023-07-01,19484,PCVX,VAXCYTE INC,-1.0
2023-07-01,19502,WBA,WALGREENS BOOTS ALLIANCE INC,-1.0
2023-07-01,19880,MTZ,MASTEC INC,-1.0
2023-07-01,20765,AJRD,AEROJET ROCKETDYNE HOLDINGS INC,-1.0
2023-07-01,23229,CMS,C M S ENERGY CORP,-1.0
2023-07-01,24969,AVA,AVISTA CORP,-1.0
2023-07-01,25419,WHR,WHIRLPOOL CORP,-1.0
2023-07-01,32651,HL,HECLA MINING CO,-1.0
2023-07-01,43350,SWK,STANLEY BLACK & DECKER INC,-1.0
2023-07-01,52476,EFX,EQUIFAX INC,-1.0
2023-07-01,52978,HAS,HASBRO INC,-1.0
2023-07-01,57568,BALL,BALL CORP,-1.0
2023-07-01,59328,INTC,INTEL CORP,-1.0
2023-07-01,60986,NWL,NEWELL BRANDS INC,-1.0
2023-07-01,61188,SWX,SOUTHWEST GAS HOLDINGS INC,-1.0
2023-07-01,61241,AMD,ADVANCED MICRO DEVICES INC,-1.0
2023-07-01,69649,RJF,RAYMOND JAMES FINANCIAL INC,-1.0
2023-07-01,75976,NEOG,NEOGEN CORP,-1.0
2023-07-01,76661,IONS,IONIS PHARMACEUTICALS INC,-1.0
2023-07-01,77366,MODG,TOPGOLF CALLAWAY BRANDS CORP,-1.0
2023-07-01,79338,LNW,LIGHT & WONDER INC,-1.0
2023-07-01,80069,ARWR,ARROWHEAD PHARMACEUTICALS INC,-1.0
2023-07-01,84032,NOV,N O V INC,-1.0
2023-07-01,84761,TTWO,TAKE TWO INTERACTIVE SOFTWR INC,-1.0
2023-07-01,85002,SRPT,SAREPTA THERAPEUTICS INC,-1.0
2023-07-01,86810,TREX,TREX COMPANY INC,-1.0
2023-07-01,88351,INSM,INSMED INC,-1.0
2023-07-01,90071,NRG,N R G ENERGY INC,-1.0
2023-07-01,90126,CYTK,CYTOKINETICS INC,-1.0
2023-07-01,90177,ACAD,ACADIA PHARMACEUTICALS,-1.0
2023-07-01,91733,AVAV,AEROVIRONMENT INC,-1.0
2023-07-01,91832,MDGL,MADRIGAL PHARMACEUTICALS INC,-1.0
2023-07-01,92040,FOLD,AMICUS THERAPEUTICS INC,-1.0
2023-07-01,92502,KW,KENNEDY WILSON HOLDINGS INC,-1.0
2023-07-01,93246,GNRC,GENERAC HOLDINGS INC,-1.0
2023-08-01,11018,FBP,FIRST BANCORP P R,1.0
2023-08-01,11691,MATX,MATSON INC,1.0
2023-08-01,11995,COKE,COCA COLA CONSOLIDATED INC,1.0
2023-08-01,12570,ITT,I T T INC,1.0
2023-08-01,12622,HCA,H C A HEALTHCARE INC,1.0
2023-08-01,13284,ALSN,ALLISON TRANSMISSION HLDGS INC,1.0
2023-08-01,13766,BCC,BOISE CASCADE CO,1.0
2023-08-01,13788,ZTS,ZOETIS INC,1.0
2023-08-01,13837,EVTC,EVERTEC INC,1.0
2023-08-01,13901,MO,ALTRIA GROUP INC,1.0
2023-08-01,13928,COP,CONOCOPHILLIPS,1.0
2023-08-01,14479,IBP,INSTALLED BUILDING PRODUCTS INC,1.0
2023-08-01,14579,PAYC,PAYCOM SOFTWARE INC,1.0
2023-08-01,14593,AAPL,APPLE INC,1.0
2023-08-01,15071,SYNH,SYNEOS HEALTH INC,1.0
2023-08-01,15332,CWEN,CLEARWAY ENERGY INC,1.0
2023-08-01,16076,GMS,G M S INC,1.0
2023-08-01,16260,MEDP,MEDPACE HOLDINGS INC,1.0
2023-08-01,16505,BPOP,POPULAR INC,1.0
2023-08-01,16655,CVNA,CARVANA CO,1.0
2023-08-01,17005,CVS,C V S HEALTH CORP,1.0
2023-08-01,23660,CTAS,CINTAS CORP,1.0
2023-08-01,23712,PEG,PUBLIC SERVICE ENTERPRISE GP INC,1.0
2023-08-01,44943,DIOD,DIODES INC,1.0
2023-08-01,54148,PHM,PULTE GROUP INC,1.0
2023-08-01,55976,WMT,WALMART INC,1.0
2023-08-01,60871,ADI,ANALOG DEVICES INC,1.0
2023-08-01,62341,PDCE,P D C ENERGY INC,1.0
2023-08-01,64186,CI,CIGNA GROUP,1.0
2023-08-01,71175,UNM,UNUM GROUP,1.0
2023-08-01,75510,ADBE,ADOBE INC,1.0
2023-08-01,75825,EOG,EOG RESOURCES INC,1.0
2023-08-01,76082,CTRA,COTERRA ENERGY INC,1.0
2023-08-01,76837,HAE,HAEMONETICS CORP MASS,1.0
2023-08-01,78987,MCHP,MICROCHIP TECHNOLOGY INC,1.0
2023-08-01,79841,FWRD,FORWARD AIR CORP,1.0
2023-08-01,80415,EXP,EAGLE MATERIALS INC,1.0
2023-08-01,80864,RS,RELIANCE STEEL & ALUMINUM CO,1.0
2023-08-01,82777,MSM,M S C INDUSTRIAL DIRECT INC,1.0
2023-08-01,83601,WOR,WORTHINGTON INDUSTRIES INC,1.0
2023-08-01,83621,ANSS,ANSYS INC,1.0
2023-08-01,84723,LNG,CHENIERE ENERGY INC,1.0
2023-08-01,85631,ADSK,AUTODESK INC,1.0
2023-08-01,85753,VRSN,VERISIGN INC,1.0
2023-08-01,85992,MANH,MANHATTAN ASSOCIATES INC,1.0
2023-08-01,86783,BKNG,BOOKING HOLDINGS INC,1.0
2023-08-01,87432,A,AGILENT TECHNOLOGIES INC,1.0
2023-08-01,88417,ACLS,AXCELIS TECHNOLOGIES INC,1.0
2023-08-01,89946,AEL,AMERICAN EQUITY INVT LIFE HLDG C,1.0
2023-08-01,90249,ENS,ENERSYS,1.0
2023-08-01,90550,DLB,DOLBY LABORATORIES INC,1.0
2023-08-01,90776,WAL,WESTERN ALLIANCE BANCORPORATION,1.0
2023-08-01,90829,CF,C F INDUSTRIES HOLDINGS INC,1.0
2023-08-01,91531,OC,OWENS CORNING NEW,1.0
2023-08-01,92655,UNH,UNITEDHEALTH GROUP INC,1.0
2023-08-01,92852,LOPE,GRAND CANYON EDUCATION INC,1.0
2023-08-01,93002,AVGO,BROADCOM INC,1.0
2023-08-01,93132,FTNT,FORTINET INC,1.0
2023-08-01,93330,PRI,PRIMERICA INC,1.0
2023-08-01,91233,MA,MASTERCARD INC,0.999554
2023-08-01,14169,PINC,PREMIER INC,0.998863
2023-08-01,76744,VRTX,VERTEX PHARMACEUTICALS INC,0.996831
2023-08-01,76076,CSCO,CISCO SYSTEMS INC,0.994789
2023-08-01,92221,MELI,MERCADOLIBRE INC,0.990792
2023-08-01,79785,NVR,N V R INC,0.988652
2023-08-01,13862,TMHC,TAYLOR MORRISON HOME CORP,0.988432
2023-08-01,10107,MSFT,MICROSOFT CORP,0.982042
2023-08-01,61313,DCI,DONALDSON INC,0.980824
2023-08-01,90880,AMP,AMERIPRISE FINANCIAL INC,0.98076
2023-08-01,79698,IT,GARTNER INC,0.979583
2023-08-01,19393,BMY,BRISTOL MYERS SQUIBB CO,0.976825
2023-08-01,62148,CSX,C S X CORP,0.972735
2023-08-01,13748,TPH,TRI POINTE HOMES INC,0.965785
2023-08-01,13911,IQV,IQVIA HOLDINGS INC,0.953209
2023-08-01,89070,ZBH,ZIMMER BIOMET HOLDINGS INC,0.944441
2023-08-01,76841,BIIB,BIOGEN INC,0.944143
2023-08-01,13721,ABBV,ABBVIE INC,0.942463
2023-08-01,88661,TPR,TAPESTRY INC,0.938588
2023-08-01,21936,PFE,PFIZER INC,0.936305
2023-08-01,91500,EXLS,EXLSERVICE HOLDINGS INC,0.928682
2023-08-01,73139,SYK,STRYKER CORP,0.924548
2023-08-01,90319,GOOGL,ALPHABET INC,0.917092
2023-08-01,75241,PXD,PIONEER NATURAL RESOURCES CO,0.910086
2023-08-01,48653,HUM,HUMANA INC,0.904002
2023-08-01,11850,XOM,EXXON MOBIL CORP,0.90269
2023-08-01,81736,RMD,RESMED INC,0.891305
2023-08-01,13610,OLN,OLIN CORP,0.878636
2023-08-01,86158,CTSH,COGNIZANT TECHNOLOGY SOLS CORP,0.847655
2023-08-01,89179,ELV,ELEVANCE HEALTH INC,0.841882
2023-08-01,76892,BOKF,B O K FINANCIAL CORP,0.840028
2023-08-01,91516,AWI,ARMSTRONG WORLD INDS INC NEW,0.838243
2023-08-01,15069,MRO,MARATHON OIL CORP,0.820114
2023-08-01,72726,STT,STATE STREET CORP,0.814175
2023-08-01,13407,META,META PLATFORMS INC,0.808151
2023-08-01,85593,AMG,AFFILIATED MANAGERS GROUP INC,0.783835
2023-08-01,90386,MOS,MOSAIC CO NEW,0.762317
2023-08-01,42550,NEU,NEWMARKET CORP,0.753329
2023-08-01,70228,TOL,TOLL BROTHERS INC,0.739711
2023-08-01,91575,HRI,HERC HOLDINGS INC,0.726045
2023-08-01,45306,IDCC,INTERDIGITAL INC,0.582375
2023-08-01,79758,BYD,BOYD GAMING CORP,0.58164
2023-08-01,52337,THC,TENET HEALTHCARE CORP,0.560091
2023-08-01,86102,FHI,FEDERATED HERMES INC,0.422179
2023-08-01,18144,ACA,ARCOSA INC,0.399811
2023-08-01,82775,HIG,HARTFORD FINANCIAL SVCS GRP INC,0.36982
2023-08-01,92782,MYRG,M Y R GROUP INC DE,0.342458
2023-08-01,18163,PG,PROCTER & GAMBLE CO,0.339837
2023-08-01,87137,DVN,DEVON ENERGY CORP NEW,0.327508
2023-08-01,14008,AMGN,AMGEN INC,0.301297
2023-08-01,92402,MSCI,M S C I INC,0.295641
2023-08-01,75603,CRUS,CIRRUS LOGIC INC,0.131808
2023-08-01,14541,CVX,CHEVRON CORP NEW,0.039602
2023-08-01,11884,IPAR,INTERMEDIATE PARFUMS INC,0.017789
2023-08-01,18772,AKRO,AKERO THERAPEUTICS INC,-0.06148
2023-08-01,64929,KWR,QUAKER CHEMICAL CORP,-0.200328
2023-08-01,18484,ZM,ZOOM VIDEO COMMUNICATIONS INC,-0.225998
2023-08-01,90444,ORA,ORMAT TECHNOLOGIES INC,-0.283814
2023-08-01,32986,ATO,ATMOS ENERGY CORP,-0.313687
2023-08-01,14811,FWONK,LIBERTY MEDIA CORP 3RD NEW,-0.360105
2023-08-01,17929,UGI,U G I CORP NEW,-0.422934
2023-08-01,89031,AXON,AXON ENTERPRISE INC,-0.523286
2023-08-01,40272,IFF,INTERNATIONAL FLAVORS & FRAG INC,-0.547944
2023-08-01,90775,THS,TREEHOUSE FOODS INC,-0.580036
2023-08-01,12477,WD,WALKER & DUNLOP INC,-0.689364
2023-08-01,13967,PTCT,P T C THERAPEUTICS INC,-0.721798
2023-08-01,18312,MRNA,MODERNA INC,-0.753296
2023-08-01,89533,WYNN,WYNN RESORTS LTD,-0.786077
2023-08-01,16381,BL,BLACKLINE INC,-0.789974
2023-08-01,25320,CPB,CAMPBELL SOUP CO,-0.802626
2023-08-01,76136,KMPR,KEMPER CORP DE,-0.816629
2023-08-01,15272,SEDG,SOLAREDGE TECHNOLOGIES INC,-0.834515
2023-08-01,77300,SMG,SCOTTS MIRACLE GRO CO,-0.840571
2023-08-01,89110,OMCL,OMNICELL INC,-0.852236
2023-08-01,52476,EFX,EQUIFAX INC,-0.862927
2023-08-01,14436,RARE,ULTRAGENYX PHARMACEUTICALS INC,-0.865684
2023-08-01,67847,RGLD,ROYAL GOLD INC,-0.898809
2023-08-01,91594,SPR,SPIRIT AEROSYSTEMS HOLDINGS INC,-0.906802
2023-08-01,15409,ALRM,ALARM COM HOLDINGS INC,-0.908052
2023-08-01,79299,PZZA,PAPA JOHNS INTL INC,-0.910017
2023-08-01,11752,COHR,COHERENT CORP,-0.924601
2023-08-01,91733,AVAV,AEROVIRONMENT INC,-0.926974
2023-08-01,77447,ICUI,I C U MEDICAL INC,-0.930463
2023-08-01,26825,K,KELLOGG CO,-0.93064
2023-08-01,91611,FSLR,FIRST SOLAR INC,-0.938387
2023-08-01,17700,CDAY,CERIDIAN H C M HOLDING INC,-0.951823
2023-08-01,19433,MP,M P MATERIALS CORP,-0.954083
2023-08-01,75470,MIDD,MIDDLEBY CORP,-0.954664
2023-08-01,15400,ENR,ENERGIZER HOLDINGS INC NEW,-0.956394
2023-08-01,17125,DNLI,DENALI THERAPEUTICS INC,-0.959011
2023-08-01,10026,JJSF,J & J SNACK FOODS CORP,-0.962093
2023-08-01,25419,WHR,WHIRLPOOL CORP,-0.965163
2023-08-01,14432,ITCI,INTRA CELLULAR THERAPIES INC,-0.972236
2023-08-01,80432,AEO,AMERICAN EAGLE OUTFITTERS INC NE,-0.973898
2023-08-01,24969,AVA,AVISTA CORP,-0.979566
2023-08-01,17034,ALTR,ALTAIR ENGINEERING INC,-0.983742
2023-08-01,12226,MGPI,M G P INGREDIENTS INC,-0.993071
2023-08-01,19880,MTZ,MASTEC INC,-0.993744
2023-08-01,15167,SHAK,SHAKE SHACK INC,-0.994837
2023-08-01,13527,FIVE,FIVE BELOW INC,-0.99571
2023-08-01,61241,AMD,ADVANCED MICRO DEVICES INC,-0.999911
2023-08-01,10200,RGEN,REPLIGEN CORP,-1.0
2023-08-01,11370,ENV,ENVESTNET INC,-1.0
2023-08-01,11990,KKR,K K R & CO INC,-1.0
2023-08-01,12591,APO,APOLLO GLOBAL MANAGEMENT INC NEW,-1.0
2023-08-01,13181,GWRE,GUIDEWIRE SOFTWARE INC,-1.0
2023-08-01,13688,PCG,P G & E CORP,-1.0
2023-08-01,13908,PFSI,PENNYMAC FINANCIAL SVCS INC NEW,-1.0
2023-08-01,14329,ARMK,ARAMARK,-1.0
2023-08-01,14596,FIVN,FIVE 9 INC,-1.0
2023-08-01,14617,ARES,ARES MANAGEMENT CORP,-1.0
2023-08-01,15119,WK,WORKIVA INC,-1.0
2023-08-01,15284,BPMC,BLUEPRINT MEDICINES CORP,-1.0
2023-08-01,15452,EVH,EVOLENT HEALTH INC,-1.0
2023-08-01,15534,NTRA,NATERA INC,-1.0
2023-08-01,15859,AGR,AVANGRID INC,-1.0
2023-08-01,16064,NTLA,INTELLIA THERAPEUTICS INC,-1.0
2023-08-01,16082,SITE,SITEONE LANDSCAPE SUPPLY INC,-1.0
2023-08-01,16086,HTZ,HERTZ GLOBAL HOLDINGS INC NEW,-1.0
2023-08-01,16432,GT,GOODYEAR TIRE & RUBBER CO,-1.0
2023-08-01,16698,APPN,APPIAN CORP,-1.0
2023-08-01,16905,STR,SITIO ROYALTIES CORP NEW,-1.0
2023-08-01,16917,BKI,BLACK KNIGHT INC,-1.0
2023-08-01,16928,KRYS,KRYSTAL BIOTECH INC,-1.0
2023-08-01,17104,APLS,APELLIS PHARMACEUTICALS INC,-1.0
2023-08-01,17950,FOCS,FOCUS FINANCIAL PARTNERS INC,-1.0
2023-08-01,18368,NFE,NEW FORTRESS ENERGY INC,-1.0
2023-08-01,18776,IMVT,IMMUNOVANT INC,-1.0
2023-08-01,18777,KRTX,KARUNA THERAPEUTICS INC,-1.0
2023-08-01,18779,MORF,MORPHIC HOLDING INC,-1.0
2023-08-01,19484,PCVX,VAXCYTE INC,-1.0
2023-08-01,19502,WBA,WALGREENS BOOTS ALLIANCE INC,-1.0
2023-08-01,21207,NEM,NEWMONT CORP,-1.0
2023-08-01,22592,MMM,3M CO,-1.0
2023-08-01,23229,CMS,C M S ENERGY CORP,-1.0
2023-08-01,32651,HL,HECLA MINING CO,-1.0
2023-08-01,32870,HRL,HORMEL FOODS CORP,-1.0
2023-08-01,43350,SWK,STANLEY BLACK & DECKER INC,-1.0
2023-08-01,43553,VFC,V F CORP,-1.0
2023-08-01,52978,HAS,HASBRO INC,-1.0
2023-08-01,57568,BALL,BALL CORP,-1.0
2023-08-01,59328,INTC,INTEL CORP,-1.0
2023-08-01,60986,NWL,NEWELL BRANDS INC,-1.0
2023-08-01,61188,SWX,SOUTHWEST GAS HOLDINGS INC,-1.0
2023-08-01,66384,WDC,WESTERN DIGITAL CORP,-1.0
2023-08-01,69649,RJF,RAYMOND JAMES FINANCIAL INC,-1.0
2023-08-01,75976,NEOG,NEOGEN CORP,-1.0
2023-08-01,76591,QDEL,QUIDELORTHO CORP,-1.0
2023-08-01,76661,IONS,IONIS PHARMACEUTICALS INC,-1.0
2023-08-01,77366,MODG,TOPGOLF CALLAWAY BRANDS CORP,-1.0
2023-08-01,79338,LNW,LIGHT & WONDER INC,-1.0
2023-08-01,80069,ARWR,ARROWHEAD PHARMACEUTICALS INC,-1.0
2023-08-01,84032,NOV,N O V INC,-1.0
2023-08-01,84761,TTWO,TAKE TWO INTERACTIVE SOFTWR INC,-1.0
2023-08-01,85002,SRPT,SAREPTA THERAPEUTICS INC,-1.0
2023-08-01,86810,TREX,TREX COMPANY INC,-1.0
2023-08-01,88351,INSM,INSMED INC,-1.0
2023-08-01,90071,NRG,N R G ENERGY INC,-1.0
2023-08-01,90177,ACAD,ACADIA PHARMACEUTICALS,-1.0
2023-08-01,90199,CBRE,C B R E GROUP INC,-1.0
2023-08-01,92040,FOLD,AMICUS THERAPEUTICS INC,-1.0
2023-08-01,92220,MASI,MASIMO CORP,-1.0
2023-08-01,92502,KW,KENNEDY WILSON HOLDINGS INC,-1.0
2023-08-01,93246,GNRC,GENERAC HOLDINGS INC,-1.0
2023-09-01,11995,COKE,COCA COLA CONSOLIDATED INC,1.0
2023-09-01,12570,ITT,I T T INC,1.0
2023-09-01,12622,HCA,H C A HEALTHCARE INC,1.0
2023-09-01,13284,ALSN,ALLISON TRANSMISSION HLDGS INC,1.0
2023-09-01,13407,META,META PLATFORMS INC,1.0
2023-09-01,13766,BCC,BOISE CASCADE CO,1.0
2023-09-01,13788,ZTS,ZOETIS INC,1.0
2023-09-01,13901,MO,ALTRIA GROUP INC,1.0
2023-09-01,13928,COP,CONOCOPHILLIPS,1.0
2023-09-01,15071,SYNH,SYNEOS HEALTH INC,1.0
2023-09-01,16260,MEDP,MEDPACE HOLDINGS INC,1.0
2023-09-01,16655,CVNA,CARVANA CO,1.0
2023-09-01,16736,VST,VISTRA CORP,1.0
2023-09-01,18973,BRC,BRADY CORP,1.0
2023-09-01,22779,MSI,MOTOROLA SOLUTIONS INC,1.0
2023-09-01,23660,CTAS,CINTAS CORP,1.0
2023-09-01,32707,HP,HELMERICH & PAYNE INC,1.0
2023-09-01,42550,NEU,NEWMARKET CORP,1.0
2023-09-01,44943,DIOD,DIODES INC,1.0
2023-09-01,47941,TGNA,TEGNA INC,1.0
2023-09-01,55976,WMT,WALMART INC,1.0
2023-09-01,71175,UNM,UNUM GROUP,1.0
2023-09-01,75510,ADBE,ADOBE INC,1.0
2023-09-01,76076,CSCO,CISCO SYSTEMS INC,1.0
2023-09-01,80415,EXP,EAGLE MATERIALS INC,1.0
2023-09-01,82777,MSM,M S C INDUSTRIAL DIRECT INC,1.0
2023-09-01,83601,WOR,WORTHINGTON INDUSTRIES INC,1.0
2023-09-01,84723,LNG,CHENIERE ENERGY INC,1.0
2023-09-01,85631,ADSK,AUTODESK INC,1.0
2023-09-01,85753,VRSN,VERISIGN INC,1.0
2023-09-01,85992,MANH,MANHATTAN ASSOCIATES INC,1.0
2023-09-01,86783,BKNG,BOOKING HOLDINGS INC,1.0
2023-09-01,87179,NTCT,NETSCOUT SYSTEMS INC,1.0
2023-09-01,88661,TPR,TAPESTRY INC,1.0
2023-09-01,89269,CNC,CENTENE CORP DEL,1.0
2023-09-01,91233,MA,MASTERCARD INC,1.0
2023-09-01,91531,OC,OWENS CORNING NEW,1.0
2023-09-01,92221,MELI,MERCADOLIBRE INC,1.0
2023-09-01,92402,MSCI,M S C I INC,1.0
2023-09-01,92655,UNH,UNITEDHEALTH GROUP INC,1.0
2023-09-01,92852,LOPE,GRAND CANYON EDUCATION INC,1.0
2023-09-01,93132,FTNT,FORTINET INC,1.0
2023-09-01,93312,SSNC,S S & C TECHNOLOGIES HLDGS INC,1.0
2023-09-01,61313,DCI,DONALDSON INC,0.996585
2023-09-01,89946,AEL,AMERICAN EQUITY INVT LIFE HLDG C,0.995649
2023-09-01,87432,A,AGILENT TECHNOLOGIES INC,0.989714
2023-09-01,46690,CBT,CABOT CORP,0.982557
2023-09-01,76744,VRTX,VERTEX PHARMACEUTICALS INC,0.980991
2023-09-01,14479,IBP,INSTALLED BUILDING PRODUCTS INC,0.973236
2023-09-01,80864,RS,RELIANCE STEEL & ALUMINUM CO,0.971983
2023-09-01,76837,HAE,HAEMONETICS CORP MASS,0.968251
2023-09-01,75825,EOG,EOG RESOURCES INC,0.96596
2023-09-01,90776,WAL,WESTERN ALLIANCE BANCORPORATION,0.964836
2023-09-01,90249,ENS,ENERSYS,0.964628
2023-09-01,79698,IT,GARTNER INC,0.964307
2023-09-01,19393,BMY,BRISTOL MYERS SQUIBB CO,0.963911
2023-09-01,23712,PEG,PUBLIC SERVICE ENTERPRISE GP INC,0.963144
2023-09-01,13862,TMHC,TAYLOR MORRISON HOME CORP,0.963125
2023-09-01,91500,EXLS,EXLSERVICE HOLDINGS INC,0.95873
2023-09-01,10107,MSFT,MICROSOFT CORP,0.955765
2023-09-01,75241,PXD,PIONEER NATURAL RESOURCES CO,0.955399
2023-09-01,88417,ACLS,AXCELIS TECHNOLOGIES INC,0.953913
2023-09-01,14593,AAPL,APPLE INC,0.953079
2023-09-01,90550,DLB,DOLBY LABORATORIES INC,0.952098
2023-09-01,90880,AMP,AMERIPRISE FINANCIAL INC,0.949435
2023-09-01,13911,IQV,IQVIA HOLDINGS INC,0.94407
2023-09-01,93330,PRI,PRIMERICA INC,0.943306
2023-09-01,11850,XOM,EXXON MOBIL CORP,0.939719
2023-09-01,90829,CF,C F INDUSTRIES HOLDINGS INC,0.939236
2023-09-01,11691,MATX,MATSON INC,0.938943
2023-09-01,11018,FBP,FIRST BANCORP P R,0.938383
2023-09-01,13748,TPH,TRI POINTE HOMES INC,0.937773
2023-09-01,90319,GOOGL,ALPHABET INC,0.936771
2023-09-01,16505,BPOP,POPULAR INC,0.936607
2023-09-01,16076,GMS,G M S INC,0.936432
2023-09-01,64186,CI,CIGNA GROUP,0.93162
2023-09-01,76841,BIIB,BIOGEN INC,0.92997
2023-09-01,83621,ANSS,ANSYS INC,0.927559
2023-09-01,13721,ABBV,ABBVIE INC,0.921679
2023-09-01,73139,SYK,STRYKER CORP,0.92081
2023-09-01,86158,CTSH,COGNIZANT TECHNOLOGY SOLS CORP,0.919316
2023-09-01,48653,HUM,HUMANA INC,0.909399
2023-09-01,60871,ADI,ANALOG DEVICES INC,0.906504
2023-09-01,13610,OLN,OLIN CORP,0.882848
2023-09-01,62148,CSX,C S X CORP,0.880393
2023-09-01,86102,FHI,FEDERATED HERMES INC,0.871676
2023-09-01,78987,MCHP,MICROCHIP TECHNOLOGY INC,0.871093
2023-09-01,17005,CVS,C V S HEALTH CORP,0.868003
2023-09-01,91516,AWI,ARMSTRONG WORLD INDS INC NEW,0.828819
2023-09-01,15069,MRO,MARATHON OIL CORP,0.822072
2023-09-01,89070,ZBH,ZIMMER BIOMET HOLDINGS INC,0.81006
2023-09-01,14579,PAYC,PAYCOM SOFTWARE INC,0.796054
2023-09-01,89179,ELV,ELEVANCE HEALTH INC,0.785189
2023-09-01,76892,BOKF,B O K FINANCIAL CORP,0.784908
2023-09-01,14169,PINC,PREMIER INC,0.778
2023-09-01,72726,STT,STATE STREET CORP,0.768896
2023-09-01,85593,AMG,AFFILIATED MANAGERS GROUP INC,0.754156
2023-09-01,70228,TOL,TOLL BROTHERS INC,0.751088
2023-09-01,90386,MOS,MOSAIC CO NEW,0.723136
2023-09-01,91575,HRI,HERC HOLDINGS INC,0.706237
2023-09-01,81736,RMD,RESMED INC,0.637452
2023-09-01,52337,THC,TENET HEALTHCARE CORP,0.578761
2023-09-01,79758,BYD,BOYD GAMING CORP,0.566656
2023-09-01,45306,IDCC,INTERDIGITAL INC,0.542161
2023-09-01,93002,AVGO,BROADCOM INC,0.421147
2023-09-01,18144,ACA,ARCOSA INC,0.403384
2023-09-01,82775,HIG,HARTFORD FINANCIAL SVCS GRP INC,0.37002
2023-09-01,92782,MYRG,M Y R GROUP INC DE,0.339728
2023-09-01,18163,PG,PROCTER & GAMBLE CO,0.334034
2023-09-01,14008,AMGN,AMGEN INC,0.331146
2023-09-01,87137,DVN,DEVON ENERGY CORP NEW,0.308373
2023-09-01,23473,CINF,CINCINNATI FINANCIAL CORP,0.22199
2023-09-01,75603,CRUS,CIRRUS LOGIC INC,0.133233
2023-09-01,14541,CVX,CHEVRON CORP NEW,0.039172
2023-09-01,79785,NVR,N V R INC,0.028183
2023-09-01,11884,IPAR,INTERMEDIATE PARFUMS INC,0.016539
2023-09-01,18368,NFE,NEW FORTRESS ENERGY INC,-0.09087
2023-09-01,14763,CTLT,CATALENT INC,-0.193303
2023-09-01,18484,ZM,ZOOM VIDEO COMMUNICATIONS INC,-0.217825
2023-09-01,90444,ORA,ORMAT TECHNOLOGIES INC,-0.26423
2023-09-01,32986,ATO,ATMOS ENERGY CORP,-0.299309
2023-09-01,14811,FWONK,LIBERTY MEDIA CORP 3RD NEW,-0.346996
2023-09-01,40272,IFF,INTERNATIONAL FLAVORS & FRAG INC,-0.453756
2023-09-01,90775,THS,TREEHOUSE FOODS INC,-0.520199
2023-09-01,91594,SPR,SPIRIT AEROSYSTEMS HOLDINGS INC,-0.60346
2023-09-01,13967,PTCT,P T C THERAPEUTICS INC,-0.703493
2023-09-01,25320,CPB,CAMPBELL SOUP CO,-0.726815
2023-09-01,89533,WYNN,WYNN RESORTS LTD,-0.729639
2023-09-01,11752,COHR,COHERENT CORP,-0.730449
2023-09-01,14436,RARE,ULTRAGENYX PHARMACEUTICALS INC,-0.734674
2023-09-01,15284,BPMC,BLUEPRINT MEDICINES CORP,-0.750918
2023-09-01,77447,ICUI,I C U MEDICAL INC,-0.753131
2023-09-01,76136,KMPR,KEMPER CORP DE,-0.753711
2023-09-01,89110,OMCL,OMNICELL INC,-0.763483
2023-09-01,17929,UGI,U G I CORP NEW,-0.766451
2023-09-01,93246,GNRC,GENERAC HOLDINGS INC,-0.768462
2023-09-01,17125,DNLI,DENALI THERAPEUTICS INC,-0.774529
2023-09-01,16432,GT,GOODYEAR TIRE & RUBBER CO,-0.798324
2023-09-01,16381,BL,BLACKLINE INC,-0.81332
2023-09-01,13527,FIVE,FIVE BELOW INC,-0.817323
2023-09-01,14596,FIVN,FIVE 9 INC,-0.820192
2023-09-01,79299,PZZA,PAPA JOHNS INTL INC,-0.833528
2023-09-01,67847,RGLD,ROYAL GOLD INC,-0.834506
2023-09-01,19880,MTZ,MASTEC INC,-0.835132
2023-09-01,12591,APO,APOLLO GLOBAL MANAGEMENT INC NEW,-0.848398
2023-09-01,24969,AVA,AVISTA CORP,-0.851089
2023-09-01,91611,FSLR,FIRST SOLAR INC,-0.851421
2023-09-01,26825,K,KELLOGG CO,-0.853096
2023-09-01,17034,ALTR,ALTAIR ENGINEERING INC,-0.868224
2023-09-01,14432,ITCI,INTRA CELLULAR THERAPIES INC,-0.868463
2023-09-01,52476,EFX,EQUIFAX INC,-0.87009
2023-09-01,11370,ENV,ENVESTNET INC,-0.876876
2023-09-01,15167,SHAK,SHAKE SHACK INC,-0.892198
2023-09-01,75470,MIDD,MIDDLEBY CORP,-0.910977
2023-09-01,14329,ARMK,ARAMARK,-0.919143
2023-09-01,61241,AMD,ADVANCED MICRO DEVICES INC,-0.919507
2023-09-01,90177,ACAD,ACADIA PHARMACEUTICALS,-0.91954
2023-09-01,13688,PCG,P G & E CORP,-0.921073
2023-09-01,23229,CMS,C M S ENERGY CORP,-0.923242
2023-09-01,15400,ENR,ENERGIZER HOLDINGS INC NEW,-0.92401
2023-09-01,84761,TTWO,TAKE TWO INTERACTIVE SOFTWR INC,-0.925239
2023-09-01,57568,BALL,BALL CORP,-0.926627
2023-09-01,92220,MASI,MASIMO CORP,-0.929886
2023-09-01,92040,FOLD,AMICUS THERAPEUTICS INC,-0.936726
2023-09-01,15859,AGR,AVANGRID INC,-0.93775
2023-09-01,76591,QDEL,QUIDELORTHO CORP,-0.938229
2023-09-01,16905,STR,SITIO ROYALTIES CORP NEW,-0.939823
2023-09-01,91733,AVAV,AEROVIRONMENT INC,-0.939992
2023-09-01,25419,WHR,WHIRLPOOL CORP,-0.944286
2023-09-01,69649,RJF,RAYMOND JAMES FINANCIAL INC,-0.945676
2023-09-01,60986,NWL,NEWELL BRANDS INC,-0.949758
2023-09-01,13908,PFSI,PENNYMAC FINANCIAL SVCS INC NEW,-0.952077
2023-09-01,15409,ALRM,ALARM COM HOLDINGS INC,-0.959196
2023-09-01,92502,KW,KENNEDY WILSON HOLDINGS INC,-0.963342
2023-09-01,10026,JJSF,J & J SNACK FOODS CORP,-0.96859
2023-09-01,17700,CDAY,CERIDIAN H C M HOLDING INC,-0.97049
2023-09-01,59328,INTC,INTEL CORP,-0.981345
2023-09-01,18776,IMVT,IMMUNOVANT INC,-0.990207
2023-09-01,75976,NEOG,NEOGEN CORP,-0.992444
2023-09-01,43553,VFC,V F CORP,-0.992939
2023-09-01,10200,RGEN,REPLIGEN CORP,-1.0
2023-09-01,11990,KKR,K K R & CO INC,-1.0
2023-09-01,12226,MGPI,M G P INGREDIENTS INC,-1.0
2023-09-01,12477,WD,WALKER & DUNLOP INC,-1.0
2023-09-01,13181,GWRE,GUIDEWIRE SOFTWARE INC,-1.0
2023-09-01,14574,MC,MOELIS & CO,-1.0
2023-09-01,14617,ARES,ARES MANAGEMENT CORP,-1.0
2023-09-01,15119,WK,WORKIVA INC,-1.0
2023-09-01,15452,EVH,EVOLENT HEALTH INC,-1.0
2023-09-01,15534,NTRA,NATERA INC,-1.0
2023-09-01,16064,NTLA,INTELLIA THERAPEUTICS INC,-1.0
2023-09-01,16082,SITE,SITEONE LANDSCAPE SUPPLY INC,-1.0
2023-09-01,16086,HTZ,HERTZ GLOBAL HOLDINGS INC NEW,-1.0
2023-09-01,16698,APPN,APPIAN CORP,-1.0
2023-09-01,16917,BKI,BLACK KNIGHT INC,-1.0
2023-09-01,16928,KRYS,KRYSTAL BIOTECH INC,-1.0
2023-09-01,17864,BJ,B J S WHOLESALE CLUB HLDGS INC,-1.0
2023-09-01,18312,MRNA,MODERNA INC,-1.0
2023-09-01,18770,BBIO,BRIDGEBIO PHARMA INC,-1.0
2023-09-01,18777,KRTX,KARUNA THERAPEUTICS INC,-1.0
2023-09-01,18779,MORF,MORPHIC HOLDING INC,-1.0
2023-09-01,19081,SITM,SITIME CORP,-1.0
2023-09-01,19433,MP,M P MATERIALS CORP,-1.0
2023-09-01,19484,PCVX,VAXCYTE INC,-1.0
2023-09-01,19502,WBA,WALGREENS BOOTS ALLIANCE INC,-1.0
2023-09-01,21207,NEM,NEWMONT CORP,-1.0
2023-09-01,22592,MMM,3M CO,-1.0
2023-09-01,27684,AVT,AVNET INC,-1.0
2023-09-01,32870,HRL,HORMEL FOODS CORP,-1.0
2023-09-01,43350,SWK,STANLEY BLACK & DECKER INC,-1.0
2023-09-01,52978,HAS,HASBRO INC,-1.0
2023-09-01,61188,SWX,SOUTHWEST GAS HOLDINGS INC,-1.0
2023-09-01,66384,WDC,WESTERN DIGITAL CORP,-1.0
2023-09-01,76661,IONS,IONIS PHARMACEUTICALS INC,-1.0
2023-09-01,77366,MODG,TOPGOLF CALLAWAY BRANDS CORP,-1.0
2023-09-01,79338,LNW,LIGHT & WONDER INC,-1.0
2023-09-01,80069,ARWR,ARROWHEAD PHARMACEUTICALS INC,-1.0
2023-09-01,80432,AEO,AMERICAN EAGLE OUTFITTERS INC NE,-1.0
2023-09-01,84032,NOV,N O V INC,-1.0
2023-09-01,84319,LAD,LITHIA MOTORS INC,-1.0
2023-09-01,84372,NCR,N C R CORP NEW,-1.0
2023-09-01,85002,SRPT,SAREPTA THERAPEUTICS INC,-1.0
2023-09-01,85246,JLL,JONES LANG LASALLE INC,-1.0
2023-09-01,85738,MRCY,MERCURY SYSTEMS INC,-1.0
2023-09-01,86810,TREX,TREX COMPANY INC,-1.0
2023-09-01,88351,INSM,INSMED INC,-1.0
2023-09-01,89031,AXON,AXON ENTERPRISE INC,-1.0
2023-09-01,90071,NRG,N R G ENERGY INC,-1.0
2023-09-01,90199,CBRE,C B R E GROUP INC,-1.0
2023-10-01,11995,COKE,COCA COLA CONSOLIDATED INC,1.0
2023-10-01,13284,ALSN,ALLISON TRANSMISSION HLDGS INC,1.0
2023-10-01,13407,META,META PLATFORMS INC,1.0
2023-10-01,13788,ZTS,ZOETIS INC,1.0
2023-10-01,13901,MO,ALTRIA GROUP INC,1.0
2023-10-01,13928,COP,CONOCOPHILLIPS,1.0
2023-10-01,14318,NMIH,N M I HOLDINGS INC,1.0
2023-10-01,14593,AAPL,APPLE INC,1.0
2023-10-01,14751,VRTV,VERITIV CORP,1.0
2023-10-01,16260,MEDP,MEDPACE HOLDINGS INC,1.0
2023-10-01,16655,CVNA,CARVANA CO,1.0
2023-10-01,16736,VST,VISTRA CORP,1.0
2023-10-01,18973,BRC,BRADY CORP,1.0
2023-10-01,22779,MSI,MOTOROLA SOLUTIONS INC,1.0
2023-10-01,32707,HP,HELMERICH & PAYNE INC,1.0
2023-10-01,75510,ADBE,ADOBE INC,1.0
2023-10-01,76927,STRL,STERLING CONSTRUCTION CO INC,1.0
2023-10-01,79862,ROCK,GIBRALTAR INDUSTRIES INC,1.0
2023-10-01,84723,LNG,CHENIERE ENERGY INC,1.0
2023-10-01,85753,VRSN,VERISIGN INC,1.0
2023-10-01,85992,MANH,MANHATTAN ASSOCIATES INC,1.0
2023-10-01,86580,NVDA,NVIDIA CORP,1.0
2023-10-01,87179,NTCT,NETSCOUT SYSTEMS INC,1.0
2023-10-01,88661,TPR,TAPESTRY INC,1.0
2023-10-01,89269,CNC,CENTENE CORP DEL,1.0
2023-10-01,89946,AEL,AMERICAN EQUITY INVT LIFE HLDG C,1.0
2023-10-01,90215,CRM,SALESFORCE INC,1.0
2023-10-01,90319,GOOGL,ALPHABET INC,1.0
2023-10-01,90829,CF,C F INDUSTRIES HOLDINGS INC,1.0
2023-10-01,92655,UNH,UNITEDHEALTH GROUP INC,1.0
2023-10-01,92852,LOPE,GRAND CANYON EDUCATION INC,1.0
2023-10-01,93132,FTNT,FORTINET INC,1.0
2023-10-01,93312,SSNC,S S & C TECHNOLOGIES HLDGS INC,1.0
2023-10-01,71175,UNM,UNUM GROUP,0.995733
2023-10-01,11850,XOM,EXXON MOBIL CORP,0.989713
2023-10-01,86783,BKNG,BOOKING HOLDINGS INC,0.988944
2023-10-01,55976,WMT,WALMART INC,0.979252
2023-10-01,76744,VRTX,VERTEX PHARMACEUTICALS INC,0.975116
2023-10-01,42550,NEU,NEWMARKET CORP,0.969491
2023-10-01,64186,CI,CIGNA GROUP,0.964983
2023-10-01,76837,HAE,HAEMONETICS CORP MASS,0.962501
2023-10-01,44943,DIOD,DIODES INC,0.958958
2023-10-01,82777,MSM,M S C INDUSTRIAL DIRECT INC,0.957422
2023-10-01,48653,HUM,HUMANA INC,0.956264
2023-10-01,91233,MA,MASTERCARD INC,0.955189
2023-10-01,12570,ITT,I T T INC,0.953007
2023-10-01,23660,CTAS,CINTAS CORP,0.949796
2023-10-01,75825,EOG,EOG RESOURCES INC,0.94787
2023-10-01,11691,MATX,MATSON INC,0.943911
2023-10-01,91531,OC,OWENS CORNING NEW,0.943617
2023-10-01,79698,IT,GARTNER INC,0.943453
2023-10-01,92402,MSCI,M S C I INC,0.939554
2023-10-01,13766,BCC,BOISE CASCADE CO,0.937856
2023-10-01,46690,CBT,CABOT CORP,0.935108
2023-10-01,76076,CSCO,CISCO SYSTEMS INC,0.933135
2023-10-01,13721,ABBV,ABBVIE INC,0.930917
2023-10-01,85631,ADSK,AUTODESK INC,0.928012
2023-10-01,61313,DCI,DONALDSON INC,0.926331
2023-10-01,17005,CVS,C V S HEALTH CORP,0.926233
2023-10-01,75241,PXD,PIONEER NATURAL RESOURCES CO,0.924651
2023-10-01,90880,AMP,AMERIPRISE FINANCIAL INC,0.923165
2023-10-01,92221,MELI,MERCADOLIBRE INC,0.919601
2023-10-01,10107,MSFT,MICROSOFT CORP,0.916664
2023-10-01,91500,EXLS,EXLSERVICE HOLDINGS INC,0.915608
2023-10-01,87432,A,AGILENT TECHNOLOGIES INC,0.909875
2023-10-01,11018,FBP,FIRST BANCORP P R,0.907297
2023-10-01,93330,PRI,PRIMERICA INC,0.906658
2023-10-01,19393,BMY,BRISTOL MYERS SQUIBB CO,0.903356
2023-10-01,23712,PEG,PUBLIC SERVICE ENTERPRISE GP INC,0.901782
2023-10-01,62148,CSX,C S X CORP,0.89267
2023-10-01,80864,RS,RELIANCE STEEL & ALUMINUM CO,0.890304
2023-10-01,90550,DLB,DOLBY LABORATORIES INC,0.889311
2023-10-01,73139,SYK,STRYKER CORP,0.885932
2023-10-01,12622,HCA,H C A HEALTHCARE INC,0.884806
2023-10-01,47941,TGNA,TEGNA INC,0.883757
2023-10-01,90776,WAL,WESTERN ALLIANCE BANCORPORATION,0.882776
2023-10-01,80415,EXP,EAGLE MATERIALS INC,0.876538
2023-10-01,60871,ADI,ANALOG DEVICES INC,0.87339
2023-10-01,90249,ENS,ENERSYS,0.867802
2023-10-01,16505,BPOP,POPULAR INC,0.86772
2023-10-01,86158,CTSH,COGNIZANT TECHNOLOGY SOLS CORP,0.865711
2023-10-01,13862,TMHC,TAYLOR MORRISON HOME CORP,0.861687
2023-10-01,83621,ANSS,ANSYS INC,0.861584
2023-10-01,16076,GMS,G M S INC,0.859914
2023-10-01,86102,FHI,FEDERATED HERMES INC,0.845638
2023-10-01,14479,IBP,INSTALLED BUILDING PRODUCTS INC,0.837745
2023-10-01,13911,IQV,IQVIA HOLDINGS INC,0.830297
2023-10-01,78987,MCHP,MICROCHIP TECHNOLOGY INC,0.827036
2023-10-01,83601,WOR,WORTHINGTON INDUSTRIES INC,0.820771
2023-10-01,13748,TPH,TRI POINTE HOMES INC,0.820696
2023-10-01,88417,ACLS,AXCELIS TECHNOLOGIES INC,0.805378
2023-10-01,91516,AWI,ARMSTRONG WORLD INDS INC NEW,0.775611
2023-10-01,14169,PINC,PREMIER INC,0.773597
2023-10-01,89179,ELV,ELEVANCE HEALTH INC,0.772674
2023-10-01,89070,ZBH,ZIMMER BIOMET HOLDINGS INC,0.76131
2023-10-01,13610,OLN,OLIN CORP,0.756742
2023-10-01,72726,STT,STATE STREET CORP,0.753422
2023-10-01,49656,BK,BANK OF NEW YORK MELLON CORP,0.741993
2023-10-01,85593,AMG,AFFILIATED MANAGERS GROUP INC,0.730285
2023-10-01,14579,PAYC,PAYCOM SOFTWARE INC,0.69662
2023-10-01,70228,TOL,TOLL BROTHERS INC,0.674819
2023-10-01,90386,MOS,MOSAIC CO NEW,0.663027
2023-10-01,76892,BOKF,B O K FINANCIAL CORP,0.601145
2023-10-01,81736,RMD,RESMED INC,0.587919
2023-10-01,91575,HRI,HERC HOLDINGS INC,0.555371
2023-10-01,79758,BYD,BOYD GAMING CORP,0.514325
2023-10-01,45306,IDCC,INTERDIGITAL INC,0.499393
2023-10-01,52337,THC,TENET HEALTHCARE CORP,0.489209
2023-10-01,93002,AVGO,BROADCOM INC,0.379325
2023-10-01,18144,ACA,ARCOSA INC,0.36907
2023-10-01,82775,HIG,HARTFORD FINANCIAL SVCS GRP INC,0.363752
2023-10-01,14008,AMGN,AMGEN INC,0.345777
2023-10-01,92782,MYRG,M Y R GROUP INC DE,0.320798
2023-10-01,18163,PG,PROCTER & GAMBLE CO,0.314256
2023-10-01,87137,DVN,DEVON ENERGY CORP NEW,0.289365
2023-10-01,23473,CINF,CINCINNATI FINANCIAL CORP,0.2152
2023-10-01,75603,CRUS,CIRRUS LOGIC INC,0.119542
2023-10-01,14541,CVX,CHEVRON CORP NEW,0.040833
2023-10-01,79785,NVR,N V R INC,0.026233
2023-10-01,11884,IPAR,INTERMEDIATE PARFUMS INC,0.015905
2023-10-01,18368,NFE,NEW FORTRESS ENERGY INC,-0.095874
2023-10-01,12788,KOS,KOSMOS ENERGY LTD DE,-0.161013
2023-10-01,14763,CTLT,CATALENT INC,-0.175303
2023-10-01,18484,ZM,ZOOM VIDEO COMMUNICATIONS INC,-0.213553
2023-10-01,90444,ORA,ORMAT TECHNOLOGIES INC,-0.242156
2023-10-01,32986,ATO,ATMOS ENERGY CORP,-0.272166
2023-10-01,14811,FWONK,LIBERTY MEDIA CORP 3RD NEW,-0.312778
2023-10-01,40272,IFF,INTERNATIONAL FLAVORS & FRAG INC,-0.442325
2023-10-01,19880,MTZ,MASTEC INC,-0.600561
2023-10-01,77447,ICUI,I C U MEDICAL INC,-0.614797
2023-10-01,25320,CPB,CAMPBELL SOUP CO,-0.627881
2023-10-01,11752,COHR,COHERENT CORP,-0.630469
2023-10-01,89533,WYNN,WYNN RESORTS LTD,-0.661968
2023-10-01,18909,NET,CLOUDFLARE INC,-0.677019
2023-10-01,17125,DNLI,DENALI THERAPEUTICS INC,-0.688706
2023-10-01,93246,GNRC,GENERAC HOLDINGS INC,-0.701473
2023-10-01,11370,ENV,ENVESTNET INC,-0.702991
2023-10-01,90177,ACAD,ACADIA PHARMACEUTICALS,-0.7053
2023-10-01,17929,UGI,U G I CORP NEW,-0.707722
2023-10-01,92220,MASI,MASIMO CORP,-0.709476
2023-10-01,91611,FSLR,FIRST SOLAR INC,-0.723848
2023-10-01,14596,FIVN,FIVE 9 INC,-0.725233
2023-10-01,15167,SHAK,SHAKE SHACK INC,-0.736334
2023-10-01,79299,PZZA,PAPA JOHNS INTL INC,-0.747609
2023-10-01,16381,BL,BLACKLINE INC,-0.747693
2023-10-01,15534,NTRA,NATERA INC,-0.749181
2023-10-01,13527,FIVE,FIVE BELOW INC,-0.761268
2023-10-01,52476,EFX,EQUIFAX INC,-0.768846
2023-10-01,58683,LUV,SOUTHWEST AIRLINES CO,-0.775892
2023-10-01,67847,RGLD,ROYAL GOLD INC,-0.788063
2023-10-01,75976,NEOG,NEOGEN CORP,-0.791609
2023-10-01,75470,MIDD,MIDDLEBY CORP,-0.797027
2023-10-01,60986,NWL,NEWELL BRANDS INC,-0.806563
2023-10-01,14432,ITCI,INTRA CELLULAR THERAPIES INC,-0.811104
2023-10-01,17034,ALTR,ALTAIR ENGINEERING INC,-0.813325
2023-10-01,24969,AVA,AVISTA CORP,-0.823937
2023-10-01,76591,QDEL,QUIDELORTHO CORP,-0.828054
2023-10-01,26825,K,KELLOGG CO,-0.828345
2023-10-01,86810,TREX,TREX COMPANY INC,-0.859261
2023-10-01,90199,CBRE,C B R E GROUP INC,-0.864163
2023-10-01,12591,APO,APOLLO GLOBAL MANAGEMENT INC NEW,-0.868285
2023-10-01,12226,MGPI,M G P INGREDIENTS INC,-0.875466
2023-10-01,18770,BBIO,BRIDGEBIO PHARMA INC,-0.877378
2023-10-01,13908,PFSI,PENNYMAC FINANCIAL SVCS INC NEW,-0.879431
2023-10-01,43350,SWK,STANLEY BLACK & DECKER INC,-0.888897
2023-10-01,61241,AMD,ADVANCED MICRO DEVICES INC,-0.890361
2023-10-01,43553,VFC,V F CORP,-0.897848
2023-10-01,92502,KW,KENNEDY WILSON HOLDINGS INC,-0.899592
2023-10-01,15119,WK,WORKIVA INC,-0.901768
2023-10-01,17700,CDAY,CERIDIAN H C M HOLDING INC,-0.903853
2023-10-01,13688,PCG,P G & E CORP,-0.907537
2023-10-01,69649,RJF,RAYMOND JAMES FINANCIAL INC,-0.907824
2023-10-01,14436,RARE,ULTRAGENYX PHARMACEUTICALS INC,-0.909856
2023-10-01,79338,LNW,LIGHT & WONDER INC,-0.926084
2023-10-01,16082,SITE,SITEONE LANDSCAPE SUPPLY INC,-0.95052
2023-10-01,27684,AVT,AVNET INC,-0.951425
2023-10-01,61188,SWX,SOUTHWEST GAS HOLDINGS INC,-0.971189
2023-10-01,11990,KKR,K K R & CO INC,-0.976469
2023-10-01,23229,CMS,C M S ENERGY CORP,-0.977075
2023-10-01,10026,JJSF,J & J SNACK FOODS CORP,-0.97772
2023-10-01,84032,NOV,N O V INC,-0.98722
2023-10-01,59328,INTC,INTEL CORP,-0.988608
2023-10-01,15409,ALRM,ALARM COM HOLDINGS INC,-0.997191
2023-10-01,14617,ARES,ARES MANAGEMENT CORP,-0.997518
2023-10-01,10200,RGEN,REPLIGEN CORP,-1.0
2023-10-01,12477,WD,WALKER & DUNLOP INC,-1.0
2023-10-01,13181,GWRE,GUIDEWIRE SOFTWARE INC,-1.0
2023-10-01,14329,ARMK,ARAMARK,-1.0
2023-10-01,14574,MC,MOELIS & CO,-1.0
2023-10-01,15284,BPMC,BLUEPRINT MEDICINES CORP,-1.0
2023-10-01,15398,CC,CHEMOURS CO,-1.0
2023-10-01,15452,EVH,EVOLENT HEALTH INC,-1.0
2023-10-01,15859,AGR,AVANGRID INC,-1.0
2023-10-01,16064,NTLA,INTELLIA THERAPEUTICS INC,-1.0
2023-10-01,16086,HTZ,HERTZ GLOBAL HOLDINGS INC NEW,-1.0
2023-10-01,16432,GT,GOODYEAR TIRE & RUBBER CO,-1.0
2023-10-01,16499,PK,PARK HOTELS & RESORTS INC,-1.0
2023-10-01,16816,BHF,BRIGHTHOUSE FINANCIAL INC,-1.0
2023-10-01,16928,KRYS,KRYSTAL BIOTECH INC,-1.0
2023-10-01,17864,BJ,B J S WHOLESALE CLUB HLDGS INC,-1.0
2023-10-01,18312,MRNA,MODERNA INC,-1.0
2023-10-01,18776,IMVT,IMMUNOVANT INC,-1.0
2023-10-01,18777,KRTX,KARUNA THERAPEUTICS INC,-1.0
2023-10-01,19081,SITM,SITIME CORP,-1.0
2023-10-01,19285,CARR,CARRIER GLOBAL CORP,-1.0
2023-10-01,19433,MP,M P MATERIALS CORP,-1.0
2023-10-01,19484,PCVX,VAXCYTE INC,-1.0
2023-10-01,19502,WBA,WALGREENS BOOTS ALLIANCE INC,-1.0
2023-10-01,19751,LCID,LUCID GROUP INC,-1.0
2023-10-01,21207,NEM,NEWMONT CORP,-1.0
2023-10-01,22592,MMM,3M CO,-1.0
2023-10-01,32870,HRL,HORMEL FOODS CORP,-1.0
2023-10-01,52978,HAS,HASBRO INC,-1.0
2023-10-01,53613,MU,MICRON TECHNOLOGY INC,-1.0
2023-10-01,57568,BALL,BALL CORP,-1.0
2023-10-01,66384,WDC,WESTERN DIGITAL CORP,-1.0
2023-10-01,76136,KMPR,KEMPER CORP DE,-1.0
2023-10-01,76661,IONS,IONIS PHARMACEUTICALS INC,-1.0
2023-10-01,77730,TSN,TYSON FOODS INC,-1.0
2023-10-01,80069,ARWR,ARROWHEAD PHARMACEUTICALS INC,-1.0
2023-10-01,81501,NATI,NATIONAL INSTRUMENTS CORP,-1.0
2023-10-01,84319,LAD,LITHIA MOTORS INC,-1.0
2023-10-01,84372,NCR,N C R CORP NEW,-1.0
2023-10-01,84761,TTWO,TAKE TWO INTERACTIVE SOFTWR INC,-1.0
2023-10-01,85002,SRPT,SAREPTA THERAPEUTICS INC,-1.0
2023-10-01,85246,JLL,JONES LANG LASALLE INC,-1.0
2023-10-01,85464,CWST,CASELLA WASTE SYSTEMS INC,-1.0
2023-10-01,85738,MRCY,MERCURY SYSTEMS INC,-1.0
2023-10-01,87356,TKO,T K O GROUP HOLDINGS INC,-1.0
2023-10-01,88351,INSM,INSMED INC,-1.0
2023-10-01,88949,SGEN,SEAGEN INC,-1.0
2023-10-01,89031,AXON,AXON ENTERPRISE INC,-1.0
2023-10-01,90071,NRG,N R G ENERGY INC,-1.0
2023-10-01,90775,THS,TREEHOUSE FOODS INC,-1.0
2023-10-01,91579,KBR,K B R INC,-1.0
2023-10-01,92040,FOLD,AMICUS THERAPEUTICS INC,-1.0
2023-11-01,11018,FBP,FIRST BANCORP P R,1.0
2023-11-01,11995,COKE,COCA COLA CONSOLIDATED INC,1.0
2023-11-01,13407,META,META PLATFORMS INC,1.0
2023-11-01,13788,ZTS,ZOETIS INC,1.0
2023-11-01,14229,OMF,ONEMAIN HOLDINGS INC,1.0
2023-11-01,14318,NMIH,N M I HOLDINGS INC,1.0
2023-11-01,14593,AAPL,APPLE INC,1.0
2023-11-01,14751,VRTV,VERITIV CORP,1.0
2023-11-01,16076,GMS,G M S INC,1.0
2023-11-01,16655,CVNA,CARVANA CO,1.0
2023-11-01,16736,VST,VISTRA CORP,1.0
2023-11-01,18973,BRC,BRADY CORP,1.0
2023-11-01,19393,BMY,BRISTOL MYERS SQUIBB CO,1.0
2023-11-01,22111,JNJ,JOHNSON & JOHNSON,1.0
2023-11-01,22779,MSI,MOTOROLA SOLUTIONS INC,1.0
2023-11-01,24248,ALE,ALLETE INC,1.0
2023-11-01,35991,ROG,ROGERS CORP,1.0
2023-11-01,42550,NEU,NEWMARKET CORP,1.0
2023-11-01,44943,DIOD,DIODES INC,1.0
2023-11-01,47941,TGNA,TEGNA INC,1.0
2023-11-01,48653,HUM,HUMANA INC,1.0
2023-11-01,64186,CI,CIGNA GROUP,1.0
2023-11-01,65307,RPM,R P M INTERNATIONAL INC,1.0
2023-11-01,75510,ADBE,ADOBE INC,1.0
2023-11-01,76076,CSCO,CISCO SYSTEMS INC,1.0
2023-11-01,76744,VRTX,VERTEX PHARMACEUTICALS INC,1.0
2023-11-01,79133,ATR,APTARGROUP INC,1.0
2023-11-01,82800,SCCO,SOUTHERN COPPER CORP,1.0
2023-11-01,83601,WOR,WORTHINGTON INDUSTRIES INC,1.0
2023-11-01,84723,LNG,CHENIERE ENERGY INC,1.0
2023-11-01,86356,EBAY,EBAY INC,1.0
2023-11-01,86580,NVDA,NVIDIA CORP,1.0
2023-11-01,88661,TPR,TAPESTRY INC,1.0
2023-11-01,89946,AEL,AMERICAN EQUITY INVT LIFE HLDG C,1.0
2023-11-01,90249,ENS,ENERSYS,1.0
2023-11-01,90319,GOOGL,ALPHABET INC,1.0
2023-11-01,92402,MSCI,M S C I INC,1.0
2023-11-01,92655,UNH,UNITEDHEALTH GROUP INC,1.0
2023-11-01,92852,LOPE,GRAND CANYON EDUCATION INC,1.0
2023-11-01,93132,FTNT,FORTINET INC,1.0
2023-11-01,93312,SSNC,S S & C TECHNOLOGIES HLDGS INC,1.0
2023-11-01,16260,MEDP,MEDPACE HOLDINGS INC,0.997515
2023-11-01,23660,CTAS,CINTAS CORP,0.996875
2023-11-01,89269,CNC,CENTENE CORP DEL,0.996737
2023-11-01,55976,WMT,WALMART INC,0.995943
2023-11-01,71175,UNM,UNUM GROUP,0.992612
2023-11-01,13928,COP,CONOCOPHILLIPS,0.986938
2023-11-01,76927,STRL,STERLING CONSTRUCTION CO INC,0.986711
2023-11-01,90215,CRM,SALESFORCE INC,0.985669
2023-11-01,85992,MANH,MANHATTAN ASSOCIATES INC,0.981726
2023-11-01,85753,VRSN,VERISIGN INC,0.981114
2023-11-01,10107,MSFT,MICROSOFT CORP,0.977257
2023-11-01,23712,PEG,PUBLIC SERVICE ENTERPRISE GP INC,0.972639
2023-11-01,85631,ADSK,AUTODESK INC,0.969148
2023-11-01,75241,PXD,PIONEER NATURAL RESOURCES CO,0.958357
2023-11-01,13901,MO,ALTRIA GROUP INC,0.950576
2023-11-01,75825,EOG,EOG RESOURCES INC,0.945397
2023-11-01,32707,HP,HELMERICH & PAYNE INC,0.933852
2023-11-01,90829,CF,C F INDUSTRIES HOLDINGS INC,0.925772
2023-11-01,11691,MATX,MATSON INC,0.921693
2023-11-01,17005,CVS,C V S HEALTH CORP,0.918965
2023-11-01,76837,HAE,HAEMONETICS CORP MASS,0.911223
2023-11-01,91233,MA,MASTERCARD INC,0.904807
2023-11-01,12570,ITT,I T T INC,0.904129
2023-11-01,90550,DLB,DOLBY LABORATORIES INC,0.903968
2023-11-01,92221,MELI,MERCADOLIBRE INC,0.89558
2023-11-01,46690,CBT,CABOT CORP,0.893036
2023-11-01,61313,DCI,DONALDSON INC,0.89121
2023-11-01,86783,BKNG,BOOKING HOLDINGS INC,0.889878
2023-11-01,93330,PRI,PRIMERICA INC,0.889064
2023-11-01,11850,XOM,EXXON MOBIL CORP,0.886311
2023-11-01,13721,ABBV,ABBVIE INC,0.886115
2023-11-01,90880,AMP,AMERIPRISE FINANCIAL INC,0.876502
2023-11-01,73139,SYK,STRYKER CORP,0.871867
2023-11-01,62148,CSX,C S X CORP,0.862335
2023-11-01,80864,RS,RELIANCE STEEL & ALUMINUM CO,0.859454
2023-11-01,13284,ALSN,ALLISON TRANSMISSION HLDGS INC,0.848993
2023-11-01,13766,BCC,BOISE CASCADE CO,0.848878
2023-11-01,91500,EXLS,EXLSERVICE HOLDINGS INC,0.848269
2023-11-01,87432,A,AGILENT TECHNOLOGIES INC,0.838534
2023-11-01,86158,CTSH,COGNIZANT TECHNOLOGY SOLS CORP,0.819839
2023-11-01,91516,AWI,ARMSTRONG WORLD INDS INC NEW,0.813859
2023-11-01,12622,HCA,H C A HEALTHCARE INC,0.809268
2023-11-01,80415,EXP,EAGLE MATERIALS INC,0.806028
2023-11-01,83621,ANSS,ANSYS INC,0.801666
2023-11-01,89179,ELV,ELEVANCE HEALTH INC,0.795063
2023-11-01,86102,FHI,FEDERATED HERMES INC,0.787472
2023-11-01,90776,WAL,WESTERN ALLIANCE BANCORPORATION,0.785093
2023-11-01,91531,OC,OWENS CORNING NEW,0.782989
2023-11-01,60871,ADI,ANALOG DEVICES INC,0.780681
2023-11-01,13862,TMHC,TAYLOR MORRISON HOME CORP,0.770869
2023-11-01,13911,IQV,IQVIA HOLDINGS INC,0.759198
2023-11-01,78987,MCHP,MICROCHIP TECHNOLOGY INC,0.751506
2023-11-01,13748,TPH,TRI POINTE HOMES INC,0.74811
2023-11-01,14479,IBP,INSTALLED BUILDING PRODUCTS INC,0.745117
2023-11-01,49656,BK,BANK OF NEW YORK MELLON CORP,0.743257
2023-11-01,72726,STT,STATE STREET CORP,0.723653
2023-11-01,89070,ZBH,ZIMMER BIOMET HOLDINGS INC,0.704737
2023-11-01,14169,PINC,PREMIER INC,0.687912
2023-11-01,85593,AMG,AFFILIATED MANAGERS GROUP INC,0.684371
2023-11-01,14579,PAYC,PAYCOM SOFTWARE INC,0.654913
2023-11-01,70228,TOL,TOLL BROTHERS INC,0.643899
2023-11-01,13610,OLN,OLIN CORP,0.643251
2023-11-01,88417,ACLS,AXCELIS TECHNOLOGIES INC,0.625983
2023-11-01,90386,MOS,MOSAIC CO NEW,0.601793
2023-11-01,79698,IT,GARTNER INC,0.545487
2023-11-01,91575,HRI,HERC HOLDINGS INC,0.49602
2023-11-01,79758,BYD,BOYD GAMING CORP,0.46472
2023-11-01,52337,THC,TENET HEALTHCARE CORP,0.396396
2023-11-01,93002,AVGO,BROADCOM INC,0.382464
2023-11-01,82775,HIG,HARTFORD FINANCIAL SVCS GRP INC,0.375067
2023-11-01,18144,ACA,ARCOSA INC,0.35306
2023-11-01,14008,AMGN,AMGEN INC,0.327344
2023-11-01,18163,PG,PROCTER & GAMBLE CO,0.323809
2023-11-01,87137,DVN,DEVON ENERGY CORP NEW,0.281146
2023-11-01,23473,CINF,CINCINNATI FINANCIAL CORP,0.208673
2023-11-01,10933,MKL,MARKEL GROUP INC,0.108264
2023-11-01,75603,CRUS,CIRRUS LOGIC INC,0.107616
2023-11-01,14541,CVX,CHEVRON CORP NEW,0.035097
2023-11-01,79785,NVR,N V R INC,0.023687
2023-11-01,11884,IPAR,INTERMEDIATE PARFUMS INC,0.014974
2023-11-01,18368,NFE,NEW FORTRESS ENERGY INC,-0.088168
2023-11-01,16678,KR,KROGER CO,-0.125375
2023-11-01,14763,CTLT,CATALENT INC,-0.131584
2023-11-01,12788,KOS,KOSMOS ENERGY LTD DE,-0.141751
2023-11-01,18484,ZM,ZOOM VIDEO COMMUNICATIONS INC,-0.182134
2023-11-01,90444,ORA,ORMAT TECHNOLOGIES INC,-0.211992
2023-11-01,32986,ATO,ATMOS ENERGY CORP,-0.275328
2023-11-01,14811,FWONK,LIBERTY MEDIA CORP 3RD NEW,-0.323302
2023-11-01,14179,AR,ANTERO RESOURCES CORP,-0.333077
2023-11-01,19547,CERE,CEREVEL THERAPEUTICS HLDGS INC,-0.368048
2023-11-01,40272,IFF,INTERNATIONAL FLAVORS & FRAG INC,-0.441407
2023-11-01,11990,KKR,K K R & CO INC,-0.469061
2023-11-01,19880,MTZ,MASTEC INC,-0.493172
2023-11-01,77447,ICUI,I C U MEDICAL INC,-0.503672
2023-11-01,93246,GNRC,GENERAC HOLDINGS INC,-0.537927
2023-11-01,90520,CE,CELANESE CORP DEL,-0.549623
2023-11-01,11752,COHR,COHERENT CORP,-0.568777
2023-11-01,11370,ENV,ENVESTNET INC,-0.587434
2023-11-01,60986,NWL,NEWELL BRANDS INC,-0.59643
2023-11-01,18909,NET,CLOUDFLARE INC,-0.605631
2023-11-01,25320,CPB,CAMPBELL SOUP CO,-0.620405
2023-11-01,17125,DNLI,DENALI THERAPEUTICS INC,-0.625368
2023-11-01,89533,WYNN,WYNN RESORTS LTD,-0.62568
2023-11-01,75976,NEOG,NEOGEN CORP,-0.632031
2023-11-01,58683,LUV,SOUTHWEST AIRLINES CO,-0.633507
2023-11-01,16381,BL,BLACKLINE INC,-0.658305
2023-11-01,15534,NTRA,NATERA INC,-0.66472
2023-11-01,16086,HTZ,HERTZ GLOBAL HOLDINGS INC NEW,-0.683448
2023-11-01,52978,HAS,HASBRO INC,-0.688511
2023-11-01,76591,QDEL,QUIDELORTHO CORP,-0.688559
2023-11-01,75470,MIDD,MIDDLEBY CORP,-0.699058
2023-11-01,52476,EFX,EQUIFAX INC,-0.708096
2023-11-01,26825,K,KELLANOVA,-0.743268
2023-11-01,43553,VFC,V F CORP,-0.744227
2023-11-01,90177,ACAD,ACADIA PHARMACEUTICALS,-0.760524
2023-11-01,14432,ITCI,INTRA CELLULAR THERAPIES INC,-0.770999
2023-11-01,67847,RGLD,ROYAL GOLD INC,-0.772317
2023-11-01,16082,SITE,SITEONE LANDSCAPE SUPPLY INC,-0.7967
2023-11-01,24969,AVA,AVISTA CORP,-0.802743
2023-11-01,17034,ALTR,ALTAIR ENGINEERING INC,-0.80377
2023-11-01,13527,FIVE,FIVE BELOW INC,-0.819564
2023-11-01,15409,ALRM,ALARM COM HOLDINGS INC,-0.829226
2023-11-01,17700,CDAY,CERIDIAN H C M HOLDING INC,-0.848438
2023-11-01,61241,AMD,ADVANCED MICRO DEVICES INC,-0.848754
2023-11-01,17929,UGI,U G I CORP NEW,-0.851643
2023-11-01,18776,IMVT,IMMUNOVANT INC,-0.856186
2023-11-01,69649,RJF,RAYMOND JAMES FINANCIAL INC,-0.858438
2023-11-01,19285,CARR,CARRIER GLOBAL CORP,-0.862133
2023-11-01,12477,WD,WALKER & DUNLOP INC,-0.86813
2023-11-01,13908,PFSI,PENNYMAC FINANCIAL SVCS INC NEW,-0.883207
2023-11-01,14436,RARE,ULTRAGENYX PHARMACEUTICALS INC,-0.899185
2023-11-01,43350,SWK,STANLEY BLACK & DECKER INC,-0.90034
2023-11-01,85246,JLL,JONES LANG LASALLE INC,-0.901362
2023-11-01,27684,AVT,AVNET INC,-0.910217
2023-11-01,13688,PCG,P G & E CORP,-0.912822
2023-11-01,77730,TSN,TYSON FOODS INC,-0.913289
2023-11-01,10026,JJSF,J & J SNACK FOODS CORP,-0.931049
2023-11-01,16499,PK,PARK HOTELS & RESORTS INC,-0.931162
2023-11-01,84372,VYX,N C R VOYIX CORP,-0.936074
2023-11-01,61188,SWX,SOUTHWEST GAS HOLDINGS INC,-0.937672
2023-11-01,84032,NOV,N O V INC,-0.938164
2023-11-01,79338,LNW,LIGHT & WONDER INC,-0.944827
2023-11-01,84761,TTWO,TAKE TWO INTERACTIVE SOFTWR INC,-0.947988
2023-11-01,90775,THS,TREEHOUSE FOODS INC,-0.951916
2023-11-01,16432,GT,GOODYEAR TIRE & RUBBER CO,-0.952646
2023-11-01,87356,TKO,T K O GROUP HOLDINGS INC,-0.970541
2023-11-01,53613,MU,MICRON TECHNOLOGY INC,-0.979849
2023-11-01,91579,KBR,K B R INC,-0.981881
2023-11-01,15859,AGR,AVANGRID INC,-0.985341
2023-11-01,23229,CMS,C M S ENERGY CORP,-0.995097
2023-11-01,13181,GWRE,GUIDEWIRE SOFTWARE INC,-0.996729
2023-11-01,10397,WERN,WERNER ENTERPRISES INC,-1.0
2023-11-01,14328,AMC,A M C ENTERTAINMENT HOLDINGS INC,-1.0
2023-11-01,14329,ARMK,ARAMARK,-1.0
2023-11-01,14574,MC,MOELIS & CO,-1.0
2023-11-01,14596,FIVN,FIVE 9 INC,-1.0
2023-11-01,14617,ARES,ARES MANAGEMENT CORP,-1.0
2023-11-01,14988,LBRDK,LIBERTY BROADBAND CORP,-1.0
2023-11-01,15119,WK,WORKIVA INC,-1.0
2023-11-01,15167,SHAK,SHAKE SHACK INC,-1.0
2023-11-01,15284,BPMC,BLUEPRINT MEDICINES CORP,-1.0
2023-11-01,15398,CC,CHEMOURS CO,-1.0
2023-11-01,15452,EVH,EVOLENT HEALTH INC,-1.0
2023-11-01,16064,NTLA,INTELLIA THERAPEUTICS INC,-1.0
2023-11-01,16595,SNAP,SNAP INC,-1.0
2023-11-01,16816,BHF,BRIGHTHOUSE FINANCIAL INC,-1.0
2023-11-01,16928,KRYS,KRYSTAL BIOTECH INC,-1.0
2023-11-01,17864,BJ,B J S WHOLESALE CLUB HLDGS INC,-1.0
2023-11-01,18312,MRNA,MODERNA INC,-1.0
2023-11-01,18770,BBIO,BRIDGEBIO PHARMA INC,-1.0
2023-11-01,18777,KRTX,KARUNA THERAPEUTICS INC,-1.0
2023-11-01,19081,SITM,SITIME CORP,-1.0
2023-11-01,19166,FMC,F M C CORP,-1.0
2023-11-01,19201,RVMD,REVOLUTION MEDICINES INC,-1.0
2023-11-01,19413,ACI,ALBERTSONS COMPANIES INC,-1.0
2023-11-01,19433,MP,M P MATERIALS CORP,-1.0
2023-11-01,19484,PCVX,VAXCYTE INC,-1.0
2023-11-01,19502,WBA,WALGREENS BOOTS ALLIANCE INC,-1.0
2023-11-01,21207,NEM,NEWMONT CORP,-1.0
2023-11-01,22592,MMM,3M CO,-1.0
2023-11-01,25419,WHR,WHIRLPOOL CORP,-1.0
2023-11-01,32870,HRL,HORMEL FOODS CORP,-1.0
2023-11-01,55511,PNM,P N M RESOURCES INC,-1.0
2023-11-01,57568,BALL,BALL CORP,-1.0
2023-11-01,59328,INTC,INTEL CORP,-1.0
2023-11-01,65294,RLI,R L I CORP,-1.0
2023-11-01,66384,WDC,WESTERN DIGITAL CORP,-1.0
2023-11-01,76136,KMPR,KEMPER CORP DE,-1.0
2023-11-01,76661,IONS,IONIS PHARMACEUTICALS INC,-1.0
2023-11-01,80069,ARWR,ARROWHEAD PHARMACEUTICALS INC,-1.0
2023-11-01,84319,LAD,LITHIA MOTORS INC,-1.0
2023-11-01,85002,SRPT,SAREPTA THERAPEUTICS INC,-1.0
2023-11-01,85464,CWST,CASELLA WASTE SYSTEMS INC,-1.0
2023-11-01,85738,MRCY,MERCURY SYSTEMS INC,-1.0
2023-11-01,88351,INSM,INSMED INC,-1.0
2023-11-01,88949,SGEN,SEAGEN INC,-1.0
2023-11-01,89031,AXON,AXON ENTERPRISE INC,-1.0
2023-11-01,90071,NRG,N R G ENERGY INC,-1.0
2023-11-01,90199,CBRE,C B R E GROUP INC,-1.0
2023-11-01,92040,FOLD,AMICUS THERAPEUTICS INC,-1.0
2023-11-01,92220,MASI,MASIMO CORP,-1.0
2023-12-01,10107,MSFT,MICROSOFT CORP,1.0
2023-12-01,11018,FBP,FIRST BANCORP P R,1.0
2023-12-01,11691,MATX,MATSON INC,1.0
2023-12-01,11995,COKE,COCA COLA CONSOLIDATED INC,1.0
2023-12-01,12570,ITT,I T T INC,1.0
2023-12-01,13407,META,META PLATFORMS INC,1.0
2023-12-01,13766,BCC,BOISE CASCADE CO,1.0
2023-12-01,13788,ZTS,ZOETIS INC,1.0
2023-12-01,14229,OMF,ONEMAIN HOLDINGS INC,1.0
2023-12-01,14318,NMIH,N M I HOLDINGS INC,1.0
2023-12-01,14479,IBP,INSTALLED BUILDING PRODUCTS INC,1.0
2023-12-01,14593,AAPL,APPLE INC,1.0
2023-12-01,16076,GMS,G M S INC,1.0
2023-12-01,16260,MEDP,MEDPACE HOLDINGS INC,1.0
2023-12-01,16655,CVNA,CARVANA CO,1.0
2023-12-01,16736,VST,VISTRA CORP,1.0
2023-12-01,18091,CW,CURTISS WRIGHT CORP,1.0
2023-12-01,18973,BRC,BRADY CORP,1.0
2023-12-01,19393,BMY,BRISTOL MYERS SQUIBB CO,1.0
2023-12-01,22111,JNJ,JOHNSON & JOHNSON,1.0
2023-12-01,22779,MSI,MOTOROLA SOLUTIONS INC,1.0
2023-12-01,23660,CTAS,CINTAS CORP,1.0
2023-12-01,24248,ALE,ALLETE INC,1.0
2023-12-01,35991,ROG,ROGERS CORP,1.0
2023-12-01,42550,NEU,NEWMARKET CORP,1.0
2023-12-01,44943,DIOD,DIODES INC,1.0
2023-12-01,46690,CBT,CABOT CORP,1.0
2023-12-01,65307,RPM,R P M INTERNATIONAL INC,1.0
2023-12-01,65402,AOS,SMITH A O CORP,1.0
2023-12-01,75510,ADBE,ADOBE INC,1.0
2023-12-01,76076,CSCO,CISCO SYSTEMS INC,1.0
2023-12-01,77357,SNPS,SYNOPSYS INC,1.0
2023-12-01,79133,ATR,APTARGROUP INC,1.0
2023-12-01,79862,ROCK,GIBRALTAR INDUSTRIES INC,1.0
2023-12-01,82694,EME,EMCOR GROUP INC,1.0
2023-12-01,82800,SCCO,SOUTHERN COPPER CORP,1.0
2023-12-01,83601,WOR,WORTHINGTON INDUSTRIES INC,1.0
2023-12-01,84723,LNG,CHENIERE ENERGY INC,1.0
2023-12-01,85631,ADSK,AUTODESK INC,1.0
2023-12-01,85753,VRSN,VERISIGN INC,1.0
2023-12-01,85992,MANH,MANHATTAN ASSOCIATES INC,1.0
2023-12-01,86356,EBAY,EBAY INC,1.0
2023-12-01,86580,NVDA,NVIDIA CORP,1.0
2023-12-01,87432,A,AGILENT TECHNOLOGIES INC,1.0
2023-12-01,88661,TPR,TAPESTRY INC,1.0
2023-12-01,89269,CNC,CENTENE CORP DEL,1.0
2023-12-01,89525,CMCSA,COMCAST CORP NEW,1.0
2023-12-01,89946,AEL,AMERICAN EQUITY INVT LIFE HLDG C,1.0
2023-12-01,90215,CRM,SALESFORCE INC,1.0
2023-12-01,90249,ENS,ENERSYS,1.0
2023-12-01,90319,GOOGL,ALPHABET INC,1.0
2023-12-01,92221,MELI,MERCADOLIBRE INC,1.0
2023-12-01,92402,MSCI,M S C I INC,1.0
2023-12-01,92655,UNH,UNITEDHEALTH GROUP INC,1.0
2023-12-01,92852,LOPE,GRAND CANYON EDUCATION INC,1.0
2023-12-01,93312,SSNC,S S & C TECHNOLOGIES HLDGS INC,1.0
2023-12-01,86783,BKNG,BOOKING HOLDINGS INC,0.99317
2023-12-01,91233,MA,MASTERCARD INC,0.990912
2023-12-01,13901,MO,ALTRIA GROUP INC,0.990622
2023-12-01,90880,AMP,AMERIPRISE FINANCIAL INC,0.985085
2023-12-01,90776,WAL,WESTERN ALLIANCE BANCORPORATION,0.982466
2023-12-01,23712,PEG,PUBLIC SERVICE ENTERPRISE GP INC,0.980642
2023-12-01,93330,PRI,PRIMERICA INC,0.973521
2023-12-01,90550,DLB,DOLBY LABORATORIES INC,0.961258
2023-12-01,13928,COP,CONOCOPHILLIPS,0.960565
2023-12-01,73139,SYK,STRYKER CORP,0.952254
2023-12-01,80415,EXP,EAGLE MATERIALS INC,0.944594
2023-12-01,55976,WMT,WALMART INC,0.944486
2023-12-01,75241,PXD,PIONEER NATURAL RESOURCES CO,0.937535
2023-12-01,61313,DCI,DONALDSON INC,0.936418
2023-12-01,91531,OC,OWENS CORNING NEW,0.932918
2023-12-01,80864,RS,RELIANCE STEEL & ALUMINUM CO,0.929619
2023-12-01,48653,HUM,HUMANA INC,0.921429
2023-12-01,91500,EXLS,EXLSERVICE HOLDINGS INC,0.91794
2023-12-01,75825,EOG,EOG RESOURCES INC,0.917402
2023-12-01,93132,FTNT,FORTINET INC,0.914939
2023-12-01,91516,AWI,ARMSTRONG WORLD INDS INC NEW,0.909217
2023-12-01,60871,ADI,ANALOG DEVICES INC,0.906489
2023-12-01,17005,CVS,C V S HEALTH CORP,0.900784
2023-12-01,13284,ALSN,ALLISON TRANSMISSION HLDGS INC,0.900664
2023-12-01,13911,IQV,IQVIA HOLDINGS INC,0.895521
2023-12-01,12622,HCA,H C A HEALTHCARE INC,0.892791
2023-12-01,13721,ABBV,ABBVIE INC,0.889789
2023-12-01,78987,MCHP,MICROCHIP TECHNOLOGY INC,0.880941
2023-12-01,90829,CF,C F INDUSTRIES HOLDINGS INC,0.872307
2023-12-01,13748,TPH,TRI POINTE HOMES INC,0.867794
2023-12-01,11850,XOM,EXXON MOBIL CORP,0.864185
2023-12-01,32707,HP,HELMERICH & PAYNE INC,0.860335
2023-12-01,64186,CI,CIGNA GROUP,0.84577
2023-12-01,49656,BK,BANK OF NEW YORK MELLON CORP,0.841751
2023-12-01,89179,ELV,ELEVANCE HEALTH INC,0.836754
2023-12-01,72726,STT,STATE STREET CORP,0.812154
2023-12-01,86102,FHI,FEDERATED HERMES INC,0.793756
2023-12-01,89070,ZBH,ZIMMER BIOMET HOLDINGS INC,0.781941
2023-12-01,70228,TOL,TOLL BROTHERS INC,0.779282
2023-12-01,85593,AMG,AFFILIATED MANAGERS GROUP INC,0.752702
2023-12-01,14169,PINC,PREMIER INC,0.741419
2023-12-01,71175,UNM,UNUM GROUP,0.731668
2023-12-01,90386,MOS,MOSAIC CO NEW,0.662312
2023-12-01,88417,ACLS,AXCELIS TECHNOLOGIES INC,0.607405
2023-12-01,91575,HRI,HERC HOLDINGS INC,0.572184
2023-12-01,52337,THC,TENET HEALTHCARE CORP,0.507656
2023-12-01,79758,BYD,BOYD GAMING CORP,0.494627
2023-12-01,14579,PAYC,PAYCOM SOFTWARE INC,0.48378
2023-12-01,82775,HIG,HARTFORD FINANCIAL SVCS GRP INC,0.399859
2023-12-01,18144,ACA,ARCOSA INC,0.377721
2023-12-01,14008,AMGN,AMGEN INC,0.346475
2023-12-01,18163,PG,PROCTER & GAMBLE CO,0.329909
2023-12-01,62148,CSX,C S X CORP,0.32101
2023-12-01,86822,EXTR,EXTREME NETWORKS INC,0.278858
2023-12-01,87137,DVN,DEVON ENERGY CORP NEW,0.270243
2023-12-01,23473,CINF,CINCINNATI FINANCIAL CORP,0.214282
2023-12-01,88860,ALGN,ALIGN TECHNOLOGY INC,0.204532
2023-12-01,75603,CRUS,CIRRUS LOGIC INC,0.121579
2023-12-01,10933,MKL,MARKEL GROUP INC,0.105472
2023-12-01,14541,CVX,CHEVRON CORP NEW,0.034798
2023-12-01,79785,NVR,N V R INC,0.026832
2023-12-01,11884,IPAR,INTERMEDIATE PARFUMS INC,0.014678
2023-12-01,76712,AES,A E S CORP,-0.097065
2023-12-01,18368,NFE,NEW FORTRESS ENERGY INC,-0.111581
2023-12-01,16678,KR,KROGER CO,-0.122583
2023-12-01,12788,KOS,KOSMOS ENERGY LTD DE,-0.132313
2023-12-01,14763,CTLT,CATALENT INC,-0.148067
2023-12-01,10026,JJSF,J & J SNACK FOODS CORP,-0.165048
2023-12-01,18484,ZM,ZOOM VIDEO COMMUNICATIONS INC,-0.205166
2023-12-01,90444,ORA,ORMAT TECHNOLOGIES INC,-0.231388
2023-12-01,14179,AR,ANTERO RESOURCES CORP,-0.265871
2023-12-01,11752,COHR,COHERENT CORP,-0.301312
2023-12-01,16021,PR,PERMIAN RESOURCES CORP,-0.314795
2023-12-01,19547,CERE,CEREVEL THERAPEUTICS HLDGS INC,-0.401902
2023-12-01,77447,ICUI,I C U MEDICAL INC,-0.448539
2023-12-01,19880,MTZ,MASTEC INC,-0.500946
2023-12-01,89533,WYNN,WYNN RESORTS LTD,-0.600694
2023-12-01,17125,DNLI,DENALI THERAPEUTICS INC,-0.612305
2023-12-01,25320,CPB,CAMPBELL SOUP CO,-0.614129
2023-12-01,11990,KKR,K K R & CO INC,-0.641652
2023-12-01,90520,CE,CELANESE CORP DEL,-0.663106
2023-12-01,16086,HTZ,HERTZ GLOBAL HOLDINGS INC NEW,-0.673128
2023-12-01,60986,NWL,NEWELL BRANDS INC,-0.680731
2023-12-01,52978,HAS,HASBRO INC,-0.704679
2023-12-01,75976,NEOG,NEOGEN CORP,-0.717524
2023-12-01,90177,ACAD,ACADIA PHARMACEUTICALS,-0.747387
2023-12-01,76591,QDEL,QUIDELORTHO CORP,-0.771752
2023-12-01,16381,BL,BLACKLINE INC,-0.772707
2023-12-01,75470,MIDD,MIDDLEBY CORP,-0.77871
2023-12-01,26825,K,KELLANOVA,-0.778711
2023-12-01,16082,SITE,SITEONE LANDSCAPE SUPPLY INC,-0.810813
2023-12-01,18909,NET,CLOUDFLARE INC,-0.82153
2023-12-01,43553,VFC,V F CORP,-0.841984
2023-12-01,24969,AVA,AVISTA CORP,-0.86775
2023-12-01,91579,KBR,K B R INC,-0.86812
2023-12-01,84032,NOV,N O V INC,-0.880431
2023-12-01,13527,FIVE,FIVE BELOW INC,-0.884149
2023-12-01,17929,UGI,U G I CORP NEW,-0.896599
2023-12-01,67847,RGLD,ROYAL GOLD INC,-0.898224
2023-12-01,52476,EFX,EQUIFAX INC,-0.907672
2023-12-01,17700,CDAY,CERIDIAN H C M HOLDING INC,-0.9095
2023-12-01,87356,TKO,T K O GROUP HOLDINGS INC,-0.911197
2023-12-01,27684,AVT,AVNET INC,-0.914638
2023-12-01,90775,THS,TREEHOUSE FOODS INC,-0.925328
2023-12-01,77730,TSN,TYSON FOODS INC,-0.928559
2023-12-01,17034,ALTR,ALTAIR ENGINEERING INC,-0.934003
2023-12-01,19285,CARR,CARRIER GLOBAL CORP,-0.936102
2023-12-01,15534,NTRA,NATERA INC,-0.939321
2023-12-01,69649,RJF,RAYMOND JAMES FINANCIAL INC,-0.941977
2023-12-01,14432,ITCI,INTRA CELLULAR THERAPIES INC,-0.947478
2023-12-01,61188,SWX,SOUTHWEST GAS HOLDINGS INC,-0.951087
2023-12-01,13688,PCG,P G & E CORP,-0.957505
2023-12-01,43350,SWK,STANLEY BLACK & DECKER INC,-0.96686
2023-12-01,55511,PNM,P N M RESOURCES INC,-0.979248
2023-12-01,14436,RARE,ULTRAGENYX PHARMACEUTICALS INC,-0.98284
2023-12-01,14988,LBRDK,LIBERTY BROADBAND CORP,-0.993295
2023-12-01,10397,WERN,WERNER ENTERPRISES INC,-1.0
2023-12-01,12477,WD,WALKER & DUNLOP INC,-1.0
2023-12-01,13181,GWRE,GUIDEWIRE SOFTWARE INC,-1.0
2023-12-01,13908,PFSI,PENNYMAC FINANCIAL SVCS INC NEW,-1.0
2023-12-01,14329,ARMK,ARAMARK,-1.0
2023-12-01,14574,MC,MOELIS & CO,-1.0
2023-12-01,14596,FIVN,FIVE 9 INC,-1.0
2023-12-01,14617,ARES,ARES MANAGEMENT CORP,-1.0
2023-12-01,15119,WK,WORKIVA INC,-1.0
2023-12-01,15167,SHAK,SHAKE SHACK INC,-1.0
2023-12-01,15284,BPMC,BLUEPRINT MEDICINES CORP,-1.0
2023-12-01,15398,CC,CHEMOURS CO,-1.0
2023-12-01,15452,EVH,EVOLENT HEALTH INC,-1.0
2023-12-01,15859,AGR,AVANGRID INC,-1.0
2023-12-01,16432,GT,GOODYEAR TIRE & RUBBER CO,-1.0
2023-12-01,16499,PK,PARK HOTELS & RESORTS INC,-1.0
2023-12-01,16595,SNAP,SNAP INC,-1.0
2023-12-01,16816,BHF,BRIGHTHOUSE FINANCIAL INC,-1.0
2023-12-01,16928,KRYS,KRYSTAL BIOTECH INC,-1.0
2023-12-01,17864,BJ,B J S WHOLESALE CLUB HLDGS INC,-1.0
2023-12-01,17959,CRNX,CRINETICS PHARMACEUTICALS INC,-1.0
2023-12-01,18312,MRNA,MODERNA INC,-1.0
2023-12-01,18770,BBIO,BRIDGEBIO PHARMA INC,-1.0
2023-12-01,18776,IMVT,IMMUNOVANT INC,-1.0
2023-12-01,18777,KRTX,KARUNA THERAPEUTICS INC,-1.0
2023-12-01,19081,SITM,SITIME CORP,-1.0
2023-12-01,19166,FMC,F M C CORP,-1.0
2023-12-01,19413,ACI,ALBERTSONS COMPANIES INC,-1.0
2023-12-01,19433,MP,M P MATERIALS CORP,-1.0
2023-12-01,19484,PCVX,VAXCYTE INC,-1.0
2023-12-01,19502,WBA,WALGREENS BOOTS ALLIANCE INC,-1.0
2023-12-01,21207,NEM,NEWMONT CORP,-1.0
2023-12-01,22592,MMM,3M CO,-1.0
2023-12-01,23229,CMS,C M S ENERGY CORP,-1.0
2023-12-01,25419,WHR,WHIRLPOOL CORP,-1.0
2023-12-01,32870,HRL,HORMEL FOODS CORP,-1.0
2023-12-01,53613,MU,MICRON TECHNOLOGY INC,-1.0
2023-12-01,57568,BALL,BALL CORP,-1.0
2023-12-01,58683,LUV,SOUTHWEST AIRLINES CO,-1.0
2023-12-01,59328,INTC,INTEL CORP,-1.0
2023-12-01,61241,AMD,ADVANCED MICRO DEVICES INC,-1.0
2023-12-01,65294,RLI,R L I CORP,-1.0
2023-12-01,66384,WDC,WESTERN DIGITAL CORP,-1.0
2023-12-01,76136,KMPR,KEMPER CORP DE,-1.0
2023-12-01,76661,IONS,IONIS PHARMACEUTICALS INC,-1.0
2023-12-01,79338,LNW,LIGHT & WONDER INC,-1.0
2023-12-01,80069,ARWR,ARROWHEAD PHARMACEUTICALS INC,-1.0
2023-12-01,82547,AEIS,ADVANCED ENERGY INDUSTRIES INC,-1.0
2023-12-01,84319,LAD,LITHIA MOTORS INC,-1.0
2023-12-01,84372,VYX,N C R VOYIX CORP,-1.0
2023-12-01,84761,TTWO,TAKE TWO INTERACTIVE SOFTWR INC,-1.0
2023-12-01,85246,JLL,JONES LANG LASALLE INC,-1.0
2023-12-01,85464,CWST,CASELLA WASTE SYSTEMS INC,-1.0
2023-12-01,85738,MRCY,MERCURY SYSTEMS INC,-1.0
2023-12-01,88351,INSM,INSMED INC,-1.0
2023-12-01,88949,SGEN,SEAGEN INC,-1.0
2023-12-01,89031,AXON,AXON ENTERPRISE INC,-1.0
2023-12-01,90071,NRG,N R G ENERGY INC,-1.0
2023-12-01,90199,CBRE,C B R E GROUP INC,-1.0
2023-12-01,92040,FOLD,AMICUS THERAPEUTICS INC,-1.0
2023-12-01,92220,MASI,MASIMO CORP,-1.0
2023-12-01,92294,UEC,URANIUM ENERGY CORP,-1.0
2023-12-01,92601,NOG,NORTHERN OIL & GAS INC,-1.0
2024-01-01,10107,MSFT,MICROSOFT CORP,1.0
2024-01-01,11018,FBP,FIRST BANCORP P R,1.0
2024-01-01,11691,MATX,MATSON INC,1.0
2024-01-01,11995,COKE,COCA COLA CONSOLIDATED INC,1.0
2024-01-01,12570,ITT,I T T INC,1.0
2024-01-01,12622,HCA,H C A HEALTHCARE INC,1.0
2024-01-01,13407,META,META PLATFORMS INC,1.0
2024-01-01,13748,TPH,TRI POINTE HOMES INC,1.0
2024-01-01,13766,BCC,BOISE CASCADE CO,1.0
2024-01-01,13788,ZTS,ZOETIS INC,1.0
2024-01-01,13901,MO,ALTRIA GROUP INC,1.0
2024-01-01,13936,PVH,P V H CORP,1.0
2024-01-01,14229,OMF,ONEMAIN HOLDINGS INC,1.0
2024-01-01,14318,NMIH,N M I HOLDINGS INC,1.0
2024-01-01,14593,AAPL,APPLE INC,1.0
2024-01-01,16076,GMS,G M S INC,1.0
2024-01-01,16260,MEDP,MEDPACE HOLDINGS INC,1.0
2024-01-01,16655,CVNA,CARVANA CO,1.0
2024-01-01,16736,VST,VISTRA CORP,1.0
2024-01-01,17005,CVS,C V S HEALTH CORP,1.0
2024-01-01,17223,ADT,A D T INC,1.0
2024-01-01,18064,FTDR,FRONTDOOR INC,1.0
2024-01-01,18091,CW,CURTISS WRIGHT CORP,1.0
2024-01-01,18973,BRC,BRADY CORP,1.0
2024-01-01,19393,BMY,BRISTOL MYERS SQUIBB CO,1.0
2024-01-01,22111,JNJ,JOHNSON & JOHNSON,1.0
2024-01-01,23660,CTAS,CINTAS CORP,1.0
2024-01-01,24248,ALE,ALLETE INC,1.0
2024-01-01,35991,ROG,ROGERS CORP,1.0
2024-01-01,42550,NEU,NEWMARKET CORP,1.0
2024-01-01,46690,CBT,CABOT CORP,1.0
2024-01-01,61313,DCI,DONALDSON INC,1.0
2024-01-01,65307,RPM,R P M INTERNATIONAL INC,1.0
2024-01-01,65402,AOS,SMITH A O CORP,1.0
2024-01-01,75510,ADBE,ADOBE INC,1.0
2024-01-01,76076,CSCO,CISCO SYSTEMS INC,1.0
2024-01-01,79862,ROCK,GIBRALTAR INDUSTRIES INC,1.0
2024-01-01,80415,EXP,EAGLE MATERIALS INC,1.0
2024-01-01,82694,EME,EMCOR GROUP INC,1.0
2024-01-01,82800,SCCO,SOUTHERN COPPER CORP,1.0
2024-01-01,83601,WOR,WORTHINGTON ENTERPRISES INC,1.0
2024-01-01,83779,PEGA,PEGASYSTEMS INC,1.0
2024-01-01,84723,LNG,CHENIERE ENERGY INC,1.0
2024-01-01,85631,ADSK,AUTODESK INC,1.0
2024-01-01,86356,EBAY,EBAY INC,1.0
2024-01-01,86580,NVDA,NVIDIA CORP,1.0
2024-01-01,86783,BKNG,BOOKING HOLDINGS INC,1.0
2024-01-01,87432,A,AGILENT TECHNOLOGIES INC,1.0
2024-01-01,88661,TPR,TAPESTRY INC,1.0
2024-01-01,89269,CNC,CENTENE CORP DEL,1.0
2024-01-01,89525,CMCSA,COMCAST CORP NEW,1.0
2024-01-01,89946,AEL,AMERICAN EQUITY INVT LIFE HLDG C,1.0
2024-01-01,90215,CRM,SALESFORCE INC,1.0
2024-01-01,90249,ENS,ENERSYS,1.0
2024-01-01,90319,GOOGL,ALPHABET INC,1.0
2024-01-01,90776,WAL,WESTERN ALLIANCE BANCORPORATION,1.0
2024-01-01,90880,AMP,AMERIPRISE FINANCIAL INC,1.0
2024-01-01,91233,MA,MASTERCARD INC,1.0
2024-01-01,91516,AWI,ARMSTRONG WORLD INDS INC NEW,1.0
2024-01-01,91531,OC,OWENS CORNING NEW,1.0
2024-01-01,92402,MSCI,M S C I INC,1.0
2024-01-01,93132,FTNT,FORTINET INC,1.0
2024-01-01,93312,SSNC,S S & C TECHNOLOGIES HLDGS INC,1.0
2024-01-01,91500,EXLS,EXLSERVICE HOLDINGS INC,0.994267
2024-01-01,13284,ALSN,ALLISON TRANSMISSION HLDGS INC,0.975469
2024-01-01,79133,ATR,APTARGROUP INC,0.969964
2024-01-01,22779,MSI,MOTOROLA SOLUTIONS INC,0.968452
2024-01-01,85753,VRSN,VERISIGN INC,0.966328
2024-01-01,92221,MELI,MERCADOLIBRE INC,0.965545
2024-01-01,23712,PEG,PUBLIC SERVICE ENTERPRISE GP INC,0.965123
2024-01-01,13721,ABBV,ABBVIE INC,0.964606
2024-01-01,64186,CI,CIGNA GROUP,0.964416
2024-01-01,13911,IQV,IQVIA HOLDINGS INC,0.963978
2024-01-01,92852,LOPE,GRAND CANYON EDUCATION INC,0.961503
2024-01-01,85992,MANH,MANHATTAN ASSOCIATES INC,0.961078
2024-01-01,73139,SYK,STRYKER CORP,0.960823
2024-01-01,13928,COP,CONOCOPHILLIPS,0.960623
2024-01-01,90550,DLB,DOLBY LABORATORIES INC,0.957716
2024-01-01,55976,WMT,WALMART INC,0.955923
2024-01-01,93330,PRI,PRIMERICA INC,0.951943
2024-01-01,92655,UNH,UNITEDHEALTH GROUP INC,0.951082
2024-01-01,77357,SNPS,SYNOPSYS INC,0.943601
2024-01-01,80864,RS,RELIANCE STEEL & ALUMINUM CO,0.940581
2024-01-01,90829,CF,C F INDUSTRIES HOLDINGS INC,0.919078
2024-01-01,75825,EOG,EOG RESOURCES INC,0.9089
2024-01-01,75241,PXD,PIONEER NATURAL RESOURCES CO,0.906176
2024-01-01,49656,BK,BANK OF NEW YORK MELLON CORP,0.903138
2024-01-01,72726,STT,STATE STREET CORP,0.868134
2024-01-01,48653,HUM,HUMANA INC,0.867782
2024-01-01,32707,HP,HELMERICH & PAYNE INC,0.856427
2024-01-01,86102,FHI,FEDERATED HERMES INC,0.841258
2024-01-01,11850,XOM,EXXON MOBIL CORP,0.837283
2024-01-01,89179,ELV,ELEVANCE HEALTH INC,0.821872
2024-01-01,89070,ZBH,ZIMMER BIOMET HOLDINGS INC,0.816459
2024-01-01,14169,PINC,PREMIER INC,0.801991
2024-01-01,91575,HRI,HERC HOLDINGS INC,0.689987
2024-01-01,90386,MOS,MOSAIC CO NEW,0.660293
2024-01-01,88417,ACLS,AXCELIS TECHNOLOGIES INC,0.631255
2024-01-01,18163,PG,PROCTER & GAMBLE CO,0.574888
2024-01-01,88860,ALGN,ALIGN TECHNOLOGY INC,0.557181
2024-01-01,52337,THC,TENET HEALTHCARE CORP,0.553747
2024-01-01,14579,PAYC,PAYCOM SOFTWARE INC,0.548454
2024-01-01,79758,BYD,BOYD GAMING CORP,0.523694
2024-01-01,77274,GILD,GILEAD SCIENCES INC,0.4643
2024-01-01,82775,HIG,HARTFORD FINANCIAL SVCS GRP INC,0.40951
2024-01-01,14008,AMGN,AMGEN INC,0.368614
2024-01-01,86822,EXTR,EXTREME NETWORKS INC,0.303584
2024-01-01,87137,DVN,DEVON ENERGY CORP NEW,0.275732
2024-01-01,23473,CINF,CINCINNATI FINANCIAL CORP,0.216352
2024-01-01,44943,DIOD,DIODES INC,0.135146
2024-01-01,75603,CRUS,CIRRUS LOGIC INC,0.13272
2024-01-01,41355,PH,PARKER HANNIFIN CORP,0.10983
2024-01-01,10933,MKL,MARKEL GROUP INC,0.103615
2024-01-01,18144,ACA,ARCOSA INC,0.102275
2024-01-01,79785,NVR,N V R INC,0.030402
2024-01-01,11884,IPAR,INTERMEDIATE PARFUMS INC,0.0169
2024-01-01,76712,AES,A E S CORP,-0.108157
2024-01-01,18368,NFE,NEW FORTRESS ENERGY INC,-0.10923
2024-01-01,16678,KR,KROGER CO,-0.126047
2024-01-01,12788,KOS,KOSMOS ENERGY LTD DE,-0.13019
2024-01-01,14763,CTLT,CATALENT INC,-0.170608
2024-01-01,18484,ZM,ZOOM VIDEO COMMUNICATIONS INC,-0.216631
2024-01-01,14179,AR,ANTERO RESOURCES CORP,-0.254048
2024-01-01,90444,ORA,ORMAT TECHNOLOGIES INC,-0.259513
2024-01-01,89482,BANC,BANC OF CALIFORNIA INC,-0.31763
2024-01-01,16021,PR,PERMIAN RESOURCES CORP,-0.324472
2024-01-01,77447,ICUI,I C U MEDICAL INC,-0.507855
2024-01-01,13116,CIVI,CIVITAS RESOURCES INC,-0.552238
2024-01-01,19880,MTZ,MASTEC INC,-0.623385
2024-01-01,89533,WYNN,WYNN RESORTS LTD,-0.645735
2024-01-01,25320,CPB,CAMPBELL SOUP CO,-0.658126
2024-01-01,17125,DNLI,DENALI THERAPEUTICS INC,-0.706895
2024-01-01,17929,UGI,U G I CORP NEW,-0.711875
2024-01-01,90520,CE,CELANESE CORP DEL,-0.740189
2024-01-01,60986,NWL,NEWELL BRANDS INC,-0.771505
2024-01-01,52978,HAS,HASBRO INC,-0.772278
2024-01-01,76591,QDEL,QUIDELORTHO CORP,-0.824267
2024-01-01,26825,K,KELLANOVA,-0.825337
2024-01-01,16381,BL,BLACKLINE INC,-0.83072
2024-01-01,16086,HTZ,HERTZ GLOBAL HOLDINGS INC NEW,-0.835713
2024-01-01,75976,NEOG,NEOGEN CORP,-0.847228
2024-01-01,17700,CDAY,CERIDIAN H C M HOLDING INC,-0.882123
2024-01-01,18909,NET,CLOUDFLARE INC,-0.883087
2024-01-01,75470,MIDD,MIDDLEBY CORP,-0.904566
2024-01-01,24969,AVA,AVISTA CORP,-0.9098
2024-01-01,91579,KBR,K B R INC,-0.929585
2024-01-01,16082,SITE,SITEONE LANDSCAPE SUPPLY INC,-0.932183
2024-01-01,90775,THS,TREEHOUSE FOODS INC,-0.9382
2024-01-01,43553,VFC,V F CORP,-0.947265
2024-01-01,84032,NOV,N O V INC,-0.947547
2024-01-01,87356,TKO,T K O GROUP HOLDINGS INC,-0.957389
2024-01-01,14988,LBRDK,LIBERTY BROADBAND CORP,-0.958824
2024-01-01,55511,PNM,P N M RESOURCES INC,-0.975778
2024-01-01,65294,RLI,R L I CORP,-0.977445
2024-01-01,27684,AVT,AVNET INC,-0.988512
2024-01-01,69649,RJF,RAYMOND JAMES FINANCIAL INC,-0.998876
2024-01-01,14329,ARMK,ARAMARK,-0.998947
2024-01-01,10397,WERN,WERNER ENTERPRISES INC,-1.0
2024-01-01,12477,WD,WALKER & DUNLOP INC,-1.0
2024-01-01,13527,FIVE,FIVE BELOW INC,-1.0
2024-01-01,13688,PCG,P G & E CORP,-1.0
2024-01-01,13908,PFSI,PENNYMAC FINANCIAL SVCS INC NEW,-1.0
2024-01-01,14432,ITCI,INTRA CELLULAR THERAPIES INC,-1.0
2024-01-01,14436,RARE,ULTRAGENYX PHARMACEUTICALS INC,-1.0
2024-01-01,14596,FIVN,FIVE 9 INC,-1.0
2024-01-01,14617,ARES,ARES MANAGEMENT CORP,-1.0
2024-01-01,14691,CBAY,CYMABAY THERAPEUTICS INC,-1.0
2024-01-01,15119,WK,WORKIVA INC,-1.0
2024-01-01,15167,SHAK,SHAKE SHACK INC,-1.0
2024-01-01,15284,BPMC,BLUEPRINT MEDICINES CORP,-1.0
2024-01-01,15398,CC,CHEMOURS CO,-1.0
2024-01-01,15452,EVH,EVOLENT HEALTH INC,-1.0
2024-01-01,15534,NTRA,NATERA INC,-1.0
2024-01-01,15859,AGR,AVANGRID INC,-1.0
2024-01-01,16432,GT,GOODYEAR TIRE & RUBBER CO,-1.0
2024-01-01,16499,PK,PARK HOTELS & RESORTS INC,-1.0
2024-01-01,16595,SNAP,SNAP INC,-1.0
2024-01-01,16816,BHF,BRIGHTHOUSE FINANCIAL INC,-1.0
2024-01-01,16928,KRYS,KRYSTAL BIOTECH INC,-1.0
2024-01-01,17034,ALTR,ALTAIR ENGINEERING INC,-1.0
2024-01-01,17864,BJ,B J S WHOLESALE CLUB HLDGS INC,-1.0
2024-01-01,17959,CRNX,CRINETICS PHARMACEUTICALS INC,-1.0
2024-01-01,18312,MRNA,MODERNA INC,-1.0
2024-01-01,18770,BBIO,BRIDGEBIO PHARMA INC,-1.0
2024-01-01,18776,IMVT,IMMUNOVANT INC,-1.0
2024-01-01,18777,KRTX,KARUNA THERAPEUTICS INC,-1.0
2024-01-01,19081,SITM,SITIME CORP,-1.0
2024-01-01,19166,FMC,F M C CORP,-1.0
2024-01-01,19201,RVMD,REVOLUTION MEDICINES INC,-1.0
2024-01-01,19285,CARR,CARRIER GLOBAL CORP,-1.0
2024-01-01,19413,ACI,ALBERTSONS COMPANIES INC,-1.0
2024-01-01,19433,MP,M P MATERIALS CORP,-1.0
2024-01-01,19484,PCVX,VAXCYTE INC,-1.0
2024-01-01,19502,WBA,WALGREENS BOOTS ALLIANCE INC,-1.0
2024-01-01,21207,NEM,NEWMONT CORP,-1.0
2024-01-01,22592,MMM,3M CO,-1.0
2024-01-01,23229,CMS,C M S ENERGY CORP,-1.0
2024-01-01,25419,WHR,WHIRLPOOL CORP,-1.0
2024-01-01,32870,HRL,HORMEL FOODS CORP,-1.0
2024-01-01,42585,SJM,SMUCKER J M CO,-1.0
2024-01-01,43350,SWK,STANLEY BLACK & DECKER INC,-1.0
2024-01-01,50606,TDW,TIDEWATER INC NEW,-1.0
2024-01-01,52476,EFX,EQUIFAX INC,-1.0
2024-01-01,53613,MU,MICRON TECHNOLOGY INC,-1.0
2024-01-01,57568,BALL,BALL CORP,-1.0
2024-01-01,58683,LUV,SOUTHWEST AIRLINES CO,-1.0
2024-01-01,59328,INTC,INTEL CORP,-1.0
2024-01-01,61188,SWX,SOUTHWEST GAS HOLDINGS INC,-1.0
2024-01-01,61241,AMD,ADVANCED MICRO DEVICES INC,-1.0
2024-01-01,66384,WDC,WESTERN DIGITAL CORP,-1.0
2024-01-01,76136,KMPR,KEMPER CORP DE,-1.0
2024-01-01,76661,IONS,IONIS PHARMACEUTICALS INC,-1.0
2024-01-01,77730,TSN,TYSON FOODS INC,-1.0
2024-01-01,80069,ARWR,ARROWHEAD PHARMACEUTICALS INC,-1.0
2024-01-01,82547,AEIS,ADVANCED ENERGY INDUSTRIES INC,-1.0
2024-01-01,84372,VYX,N C R VOYIX CORP,-1.0
2024-01-01,84761,TTWO,TAKE TWO INTERACTIVE SOFTWR INC,-1.0
2024-01-01,85246,JLL,JONES LANG LASALLE INC,-1.0
2024-01-01,85464,CWST,CASELLA WASTE SYSTEMS INC,-1.0
2024-01-01,85738,MRCY,MERCURY SYSTEMS INC,-1.0
2024-01-01,88351,INSM,INSMED INC,-1.0
2024-01-01,89031,AXON,AXON ENTERPRISE INC,-1.0
2024-01-01,90071,NRG,N R G ENERGY INC,-1.0
2024-01-01,90177,ACAD,ACADIA PHARMACEUTICALS,-1.0
2024-01-01,90199,CBRE,C B R E GROUP INC,-1.0
2024-01-01,92040,FOLD,AMICUS THERAPEUTICS INC,-1.0
2024-01-01,92220,MASI,MASIMO CORP,-1.0
2024-01-01,92294,UEC,URANIUM ENERGY CORP,-1.0
2024-01-01,92601,NOG,NORTHERN OIL & GAS INC,-1.0
2024-02-01,10107,MSFT,MICROSOFT CORP,1.0
2024-02-01,11018,FBP,FIRST BANCORP P R,1.0
2024-02-01,11691,MATX,MATSON INC,1.0
2024-02-01,12570,ITT,I T T INC,1.0
2024-02-01,12622,HCA,H C A HEALTHCARE INC,1.0
2024-02-01,13284,ALSN,ALLISON TRANSMISSION HLDGS INC,1.0
2024-02-01,13407,META,META PLATFORMS INC,1.0
2024-02-01,13721,ABBV,ABBVIE INC,1.0
2024-02-01,13788,ZTS,ZOETIS INC,1.0
2024-02-01,13936,PVH,P V H CORP,1.0
2024-02-01,14318,NMIH,N M I HOLDINGS INC,1.0
2024-02-01,14593,AAPL,APPLE INC,1.0
2024-02-01,15850,MTCH,MATCH GROUP INC NEW,1.0
2024-02-01,16076,GMS,G M S INC,1.0
2024-02-01,16655,CVNA,CARVANA CO,1.0
2024-02-01,16736,VST,VISTRA CORP,1.0
2024-02-01,17223,ADT,A D T INC,1.0
2024-02-01,18064,FTDR,FRONTDOOR INC,1.0
2024-02-01,18091,CW,CURTISS WRIGHT CORP,1.0
2024-02-01,18973,BRC,BRADY CORP,1.0
2024-02-01,19393,BMY,BRISTOL MYERS SQUIBB CO,1.0
2024-02-01,22111,JNJ,JOHNSON & JOHNSON,1.0
2024-02-01,22779,MSI,MOTOROLA SOLUTIONS INC,1.0
2024-02-01,42550,NEU,NEWMARKET CORP,1.0
2024-02-01,45306,IDCC,INTERDIGITAL INC,1.0
2024-02-01,62308,GL,GLOBE LIFE INC,1.0
2024-02-01,65307,RPM,R P M INTERNATIONAL INC,1.0
2024-02-01,65402,AOS,SMITH A O CORP,1.0
2024-02-01,73139,SYK,STRYKER CORP,1.0
2024-02-01,75510,ADBE,ADOBE INC,1.0
2024-02-01,76076,CSCO,CISCO SYSTEMS INC,1.0
2024-02-01,79133,ATR,APTARGROUP INC,1.0
2024-02-01,79862,ROCK,GIBRALTAR INDUSTRIES INC,1.0
2024-02-01,80415,EXP,EAGLE MATERIALS INC,1.0
2024-02-01,82694,EME,EMCOR GROUP INC,1.0
2024-02-01,82800,SCCO,SOUTHERN COPPER CORP,1.0
2024-02-01,83779,PEGA,PEGASYSTEMS INC,1.0
2024-02-01,84723,LNG,CHENIERE ENERGY INC,1.0
2024-02-01,85631,ADSK,AUTODESK INC,1.0
2024-02-01,85875,IBOC,INTERNATIONAL BANCSHARES CORP,1.0
2024-02-01,86580,NVDA,NVIDIA CORP,1.0
2024-02-01,87432,A,AGILENT TECHNOLOGIES INC,1.0
2024-02-01,88661,TPR,TAPESTRY INC,1.0
2024-02-01,88860,ALGN,ALIGN TECHNOLOGY INC,1.0
2024-02-01,89269,CNC,CENTENE CORP DEL,1.0
2024-02-01,89525,CMCSA,COMCAST CORP NEW,1.0
2024-02-01,90215,CRM,SALESFORCE INC,1.0
2024-02-01,90249,ENS,ENERSYS,1.0
2024-02-01,90319,GOOGL,ALPHABET INC,1.0
2024-02-01,90880,AMP,AMERIPRISE FINANCIAL INC,1.0
2024-02-01,91233,MA,MASTERCARD INC,1.0
2024-02-01,91363,PGTI,P G T INNOVATIONS INC,1.0
2024-02-01,91516,AWI,ARMSTRONG WORLD INDS INC NEW,1.0
2024-02-01,91531,OC,OWENS CORNING NEW,1.0
2024-02-01,92221,MELI,MERCADOLIBRE INC,1.0
2024-02-01,92402,MSCI,M S C I INC,1.0
2024-02-01,92852,LOPE,GRAND CANYON EDUCATION INC,1.0
2024-02-01,93089,VRSK,VERISK ANALYTICS INC,1.0
2024-02-01,93132,FTNT,FORTINET INC,1.0
2024-02-01,93312,SSNC,S S & C TECHNOLOGIES HLDGS INC,1.0
2024-02-01,93330,PRI,PRIMERICA INC,1.0
2024-02-01,23660,CTAS,CINTAS CORP,0.99844
2024-02-01,55976,WMT,WALMART INC,0.997485
2024-02-01,13901,MO,ALTRIA GROUP INC,0.989817
2024-02-01,89946,AEL,AMERICAN EQUITY INVT LIFE HLDG C,0.984697
2024-02-01,86783,BKNG,BOOKING HOLDINGS INC,0.984065
2024-02-01,61313,DCI,DONALDSON INC,0.983641
2024-02-01,77357,SNPS,SYNOPSYS INC,0.972931
2024-02-01,13748,TPH,TRI POINTE HOMES INC,0.970695
2024-02-01,90776,WAL,WESTERN ALLIANCE BANCORPORATION,0.967455
2024-02-01,49656,BK,BANK OF NEW YORK MELLON CORP,0.965379
2024-02-01,64186,CI,CIGNA GROUP,0.964686
2024-02-01,14229,OMF,ONEMAIN HOLDINGS INC,0.962751
2024-02-01,24248,ALE,ALLETE INC,0.961752
2024-02-01,80864,RS,RELIANCE STEEL & ALUMINUM CO,0.955438
2024-02-01,16260,MEDP,MEDPACE HOLDINGS INC,0.946499
2024-02-01,17005,CVS,C V S HEALTH CORP,0.945695
2024-02-01,11995,COKE,COCA COLA CONSOLIDATED INC,0.941316
2024-02-01,86356,EBAY,EBAY INC,0.936812
2024-02-01,85753,VRSN,VERISIGN INC,0.92854
2024-02-01,13928,COP,CONOCOPHILLIPS,0.92132
2024-02-01,92655,UNH,UNITEDHEALTH GROUP INC,0.919974
2024-02-01,90550,DLB,DOLBY LABORATORIES INC,0.919848
2024-02-01,23712,PEG,PUBLIC SERVICE ENTERPRISE GP INC,0.910685
2024-02-01,90829,CF,C F INDUSTRIES HOLDINGS INC,0.868604
2024-02-01,35991,ROG,ROGERS CORP,0.868066
2024-02-01,86102,FHI,FEDERATED HERMES INC,0.86461
2024-02-01,13911,IQV,IQVIA HOLDINGS INC,0.862971
2024-02-01,46690,CBT,CABOT CORP,0.858744
2024-02-01,75825,EOG,EOG RESOURCES INC,0.857735
2024-02-01,89179,ELV,ELEVANCE HEALTH INC,0.85612
2024-02-01,89070,ZBH,ZIMMER BIOMET HOLDINGS INC,0.838762
2024-02-01,11884,IPAR,INTERMEDIATE PARFUMS INC,0.802283
2024-02-01,14169,PINC,PREMIER INC,0.771657
2024-02-01,91575,HRI,HERC HOLDINGS INC,0.680236
2024-02-01,72726,STT,STATE STREET CORP,0.664126
2024-02-01,88417,ACLS,AXCELIS TECHNOLOGIES INC,0.630022
2024-02-01,41355,PH,PARKER HANNIFIN CORP,0.619897
2024-02-01,18163,PG,PROCTER & GAMBLE CO,0.617669
2024-02-01,52337,THC,TENET HEALTHCARE CORP,0.603667
2024-02-01,57665,NKE,NIKE INC,0.579514
2024-02-01,90386,MOS,MOSAIC CO NEW,0.564401
2024-02-01,79758,BYD,BOYD GAMING CORP,0.528578
2024-02-01,14579,PAYC,PAYCOM SOFTWARE INC,0.502137
2024-02-01,39490,APA,A P A CORP,0.469632
2024-02-01,77274,GILD,GILEAD SCIENCES INC,0.446343
2024-02-01,82775,HIG,HARTFORD FINANCIAL SVCS GRP INC,0.441097
2024-02-01,87137,DVN,DEVON ENERGY CORP NEW,0.254463
2024-02-01,48653,HUM,HUMANA INC,0.24794
2024-02-01,23473,CINF,CINCINNATI FINANCIAL CORP,0.230677
2024-02-01,75603,CRUS,CIRRUS LOGIC INC,0.122536
2024-02-01,44943,DIOD,DIODES INC,0.112352
2024-02-01,10933,MKL,MARKEL GROUP INC,0.108783
2024-02-01,18144,ACA,ARCOSA INC,0.096457
2024-02-01,46578,CLX,CLOROX CO,-0.004379
2024-02-01,18368,NFE,NEW FORTRESS ENERGY INC,-0.095686
2024-02-01,12788,KOS,KOSMOS ENERGY LTD DE,-0.116963
2024-02-01,16678,KR,KROGER CO,-0.126637
2024-02-01,18484,ZM,ZOOM VIDEO COMMUNICATIONS INC,-0.193615
2024-02-01,14763,CTLT,CATALENT INC,-0.19528
2024-02-01,65294,RLI,R L I CORP,-0.224991
2024-02-01,14179,AR,ANTERO RESOURCES CORP,-0.249038
2024-02-01,16021,PR,PERMIAN RESOURCES CORP,-0.320075
2024-02-01,91204,POR,PORTLAND GENERAL ELECTRIC CO,-0.380652
2024-02-01,13116,CIVI,CIVITAS RESOURCES INC,-0.520795
2024-02-01,17125,DNLI,DENALI THERAPEUTICS INC,-0.524028
2024-02-01,75976,NEOG,NEOGEN CORP,-0.559033
2024-02-01,89533,WYNN,WYNN RESORTS LTD,-0.666212
2024-02-01,16086,HTZ,HERTZ GLOBAL HOLDINGS INC NEW,-0.667675
2024-02-01,25320,CPB,CAMPBELL SOUP CO,-0.681973
2024-02-01,90520,CE,CELANESE CORP DEL,-0.693431
2024-02-01,60986,NWL,NEWELL BRANDS INC,-0.735859
2024-02-01,52978,HAS,HASBRO INC,-0.747299
2024-02-01,76591,QDEL,QUIDELORTHO CORP,-0.762323
2024-02-01,16381,BL,BLACKLINE INC,-0.776767
2024-02-01,26825,K,KELLANOVA,-0.804458
2024-02-01,90177,ACAD,ACADIA PHARMACEUTICALS,-0.822802
2024-02-01,43553,VFC,V F CORP,-0.824881
2024-02-01,21207,NEM,NEWMONT CORP,-0.829047
2024-02-01,18909,NET,CLOUDFLARE INC,-0.834258
2024-02-01,13527,FIVE,FIVE BELOW INC,-0.837174
2024-02-01,18770,BBIO,BRIDGEBIO PHARMA INC,-0.844664
2024-02-01,55511,PNM,P N M RESOURCES INC,-0.845203
2024-02-01,59328,INTC,INTEL CORP,-0.852584
2024-02-01,15284,BPMC,BLUEPRINT MEDICINES CORP,-0.857478
2024-02-01,22592,MMM,3M CO,-0.858334
2024-02-01,19502,WBA,WALGREENS BOOTS ALLIANCE INC,-0.859691
2024-02-01,24969,AVA,AVISTA CORP,-0.861459
2024-02-01,75470,MIDD,MIDDLEBY CORP,-0.862795
2024-02-01,19081,SITM,SITIME CORP,-0.868223
2024-02-01,91579,KBR,K B R INC,-0.869827
2024-02-01,16082,SITE,SITEONE LANDSCAPE SUPPLY INC,-0.882169
2024-02-01,27684,AVT,AVNET INC,-0.88381
2024-02-01,19166,FMC,F M C CORP,-0.886627
2024-02-01,84032,NOV,N O V INC,-0.90709
2024-02-01,17700,CDAY,CERIDIAN H C M HOLDING INC,-0.909494
2024-02-01,14436,RARE,ULTRAGENYX PHARMACEUTICALS INC,-0.917688
2024-02-01,61188,SWX,SOUTHWEST GAS HOLDINGS INC,-0.921554
2024-02-01,90199,CBRE,C B R E GROUP INC,-0.922438
2024-02-01,19413,ACI,ALBERTSONS COMPANIES INC,-0.922956
2024-02-01,50606,TDW,TIDEWATER INC NEW,-0.927042
2024-02-01,14988,LBRDK,LIBERTY BROADBAND CORP,-0.928829
2024-02-01,13688,PCG,P G & E CORP,-0.930934
2024-02-01,15859,AGR,AVANGRID INC,-0.932636
2024-02-01,85246,JLL,JONES LANG LASALLE INC,-0.932741
2024-02-01,16595,SNAP,SNAP INC,-0.933842
2024-02-01,14432,ITCI,INTRA CELLULAR THERAPIES INC,-0.935511
2024-02-01,43350,SWK,STANLEY BLACK & DECKER INC,-0.946341
2024-02-01,19285,CARR,CARRIER GLOBAL CORP,-0.947577
2024-02-01,90775,THS,TREEHOUSE FOODS INC,-0.948476
2024-02-01,82547,AEIS,ADVANCED ENERGY INDUSTRIES INC,-0.951753
2024-02-01,57568,BALL,BALL CORP,-0.959283
2024-02-01,14596,FIVN,FIVE 9 INC,-0.959307
2024-02-01,89031,AXON,AXON ENTERPRISE INC,-0.959387
2024-02-01,16432,GT,GOODYEAR TIRE & RUBBER CO,-0.968735
2024-02-01,16499,PK,PARK HOTELS & RESORTS INC,-0.980892
2024-02-01,13908,PFSI,PENNYMAC FINANCIAL SVCS INC NEW,-0.982257
2024-02-01,69649,RJF,RAYMOND JAMES FINANCIAL INC,-0.982326
2024-02-01,52476,EFX,EQUIFAX INC,-0.983342
2024-02-01,18777,KRTX,KARUNA THERAPEUTICS INC,-0.985508
2024-02-01,85464,CWST,CASELLA WASTE SYSTEMS INC,-0.993867
2024-02-01,10397,WERN,WERNER ENTERPRISES INC,-1.0
2024-02-01,12473,KNX,KNIGHT SWIFT TRANSPORT HDLGS INC,-1.0
2024-02-01,14329,ARMK,ARAMARK,-1.0
2024-02-01,14574,MC,MOELIS & CO,-1.0
2024-02-01,14617,ARES,ARES MANAGEMENT CORP,-1.0
2024-02-01,14691,CBAY,CYMABAY THERAPEUTICS INC,-1.0
2024-02-01,15119,WK,WORKIVA INC,-1.0
2024-02-01,15167,SHAK,SHAKE SHACK INC,-1.0
2024-02-01,15221,RCKT,ROCKET PHARMACEUTICALS INC,-1.0
2024-02-01,15398,CC,CHEMOURS CO,-1.0
2024-02-01,15452,EVH,EVOLENT HEALTH INC,-1.0
2024-02-01,15534,NTRA,NATERA INC,-1.0
2024-02-01,15623,HLI,HOULIHAN LOKEY INC,-1.0
2024-02-01,16928,KRYS,KRYSTAL BIOTECH INC,-1.0
2024-02-01,17034,ALTR,ALTAIR ENGINEERING INC,-1.0
2024-02-01,17864,BJ,B J S WHOLESALE CLUB HLDGS INC,-1.0
2024-02-01,17959,CRNX,CRINETICS PHARMACEUTICALS INC,-1.0
2024-02-01,18100,ARVN,ARVINAS INC,-1.0
2024-02-01,18312,MRNA,MODERNA INC,-1.0
2024-02-01,19201,RVMD,REVOLUTION MEDICINES INC,-1.0
2024-02-01,19433,MP,M P MATERIALS CORP,-1.0
2024-02-01,19484,PCVX,VAXCYTE INC,-1.0
2024-02-01,19880,MTZ,MASTEC INC,-1.0
2024-02-01,23229,CMS,C M S ENERGY CORP,-1.0
2024-02-01,32870,HRL,HORMEL FOODS CORP,-1.0
2024-02-01,42585,SJM,SMUCKER J M CO,-1.0
2024-02-01,53613,MU,MICRON TECHNOLOGY INC,-1.0
2024-02-01,58683,LUV,SOUTHWEST AIRLINES CO,-1.0
2024-02-01,61241,AMD,ADVANCED MICRO DEVICES INC,-1.0
2024-02-01,66384,WDC,WESTERN DIGITAL CORP,-1.0
2024-02-01,76136,KMPR,KEMPER CORP DE,-1.0
2024-02-01,76661,IONS,IONIS PHARMACEUTICALS INC,-1.0
2024-02-01,76712,AES,A E S CORP,-1.0
2024-02-01,77730,TSN,TYSON FOODS INC,-1.0
2024-02-01,79859,NYCB,NEW YORK COMMUNITY BANCORP INC,-1.0
2024-02-01,80069,ARWR,ARROWHEAD PHARMACEUTICALS INC,-1.0
2024-02-01,84372,VYX,N C R VOYIX CORP,-1.0
2024-02-01,84761,TTWO,TAKE TWO INTERACTIVE SOFTWR INC,-1.0
2024-02-01,85789,CADE,CADENCE BANK,-1.0
2024-02-01,87356,TKO,T K O GROUP HOLDINGS INC,-1.0
2024-02-01,88351,INSM,INSMED INC,-1.0
2024-02-01,89297,CCOI,COGENT COMMUNICATIONS HLDS INC,-1.0
2024-02-01,89482,BANC,BANC OF CALIFORNIA INC,-1.0
2024-02-01,90071,NRG,N R G ENERGY INC,-1.0
2024-02-01,92040,FOLD,AMICUS THERAPEUTICS INC,-1.0
2024-02-01,92220,MASI,MASIMO CORP,-1.0
2024-02-01,92294,UEC,URANIUM ENERGY CORP,-1.0
2024-02-01,92601,NOG,NORTHERN OIL & GAS INC,-1.0
2024-02-01,93096,DG,DOLLAR GENERAL CORP NEW,-1.0
2024-03-01,10107,MSFT,MICROSOFT CORP,1.0
2024-03-01,11018,FBP,FIRST BANCORP P R,1.0
2024-03-01,12570,ITT,I T T INC,1.0
2024-03-01,12622,HCA,H C A HEALTHCARE INC,1.0
2024-03-01,13284,ALSN,ALLISON TRANSMISSION HLDGS INC,1.0
2024-03-01,13407,META,META PLATFORMS INC,1.0
2024-03-01,13721,ABBV,ABBVIE INC,1.0
2024-03-01,13788,ZTS,ZOETIS INC,1.0
2024-03-01,13901,MO,ALTRIA GROUP INC,1.0
2024-03-01,13911,IQV,IQVIA HOLDINGS INC,1.0
2024-03-01,13936,PVH,P V H CORP,1.0
2024-03-01,14593,AAPL,APPLE INC,1.0
2024-03-01,16076,GMS,G M S INC,1.0
2024-03-01,16260,MEDP,MEDPACE HOLDINGS INC,1.0
2024-03-01,16655,CVNA,CARVANA CO,1.0
2024-03-01,16736,VST,VISTRA CORP,1.0
2024-03-01,17223,ADT,A D T INC,1.0
2024-03-01,18091,CW,CURTISS WRIGHT CORP,1.0
2024-03-01,19393,BMY,BRISTOL MYERS SQUIBB CO,1.0
2024-03-01,22111,JNJ,JOHNSON & JOHNSON,1.0
2024-03-01,22779,MSI,MOTOROLA SOLUTIONS INC,1.0
2024-03-01,23660,CTAS,CINTAS CORP,1.0
2024-03-01,34032,MAS,MASCO CORP,1.0
2024-03-01,42550,NEU,NEWMARKET CORP,1.0
2024-03-01,46690,CBT,CABOT CORP,1.0
2024-03-01,55976,WMT,WALMART INC,1.0
2024-03-01,61313,DCI,DONALDSON INC,1.0
2024-03-01,62308,GL,GLOBE LIFE INC,1.0
2024-03-01,63715,POWL,POWELL INDUSTRIES INC,1.0
2024-03-01,64186,CI,CIGNA GROUP,1.0
2024-03-01,65307,RPM,R P M INTERNATIONAL INC,1.0
2024-03-01,65402,AOS,SMITH A O CORP,1.0
2024-03-01,73139,SYK,STRYKER CORP,1.0
2024-03-01,77357,SNPS,SYNOPSYS INC,1.0
2024-03-01,78015,MTX,MINERALS TECHNOLOGIES INC,1.0
2024-03-01,79133,ATR,APTARGROUP INC,1.0
2024-03-01,80415,EXP,EAGLE MATERIALS INC,1.0
2024-03-01,80864,RS,RELIANCE INC,1.0
2024-03-01,82694,EME,EMCOR GROUP INC,1.0
2024-03-01,83779,PEGA,PEGASYSTEMS INC,1.0
2024-03-01,85631,ADSK,AUTODESK INC,1.0
2024-03-01,86580,NVDA,NVIDIA CORP,1.0
2024-03-01,87432,A,AGILENT TECHNOLOGIES INC,1.0
2024-03-01,88661,TPR,TAPESTRY INC,1.0
2024-03-01,88860,ALGN,ALIGN TECHNOLOGY INC,1.0
2024-03-01,89070,ZBH,ZIMMER BIOMET HOLDINGS INC,1.0
2024-03-01,89269,CNC,CENTENE CORP DEL,1.0
2024-03-01,90215,CRM,SALESFORCE INC,1.0
2024-03-01,90319,GOOGL,ALPHABET INC,1.0
2024-03-01,90880,AMP,AMERIPRISE FINANCIAL INC,1.0
2024-03-01,91233,MA,MASTERCARD INC,1.0
2024-03-01,91363,PGTI,P G T INNOVATIONS INC,1.0
2024-03-01,91668,IPGP,I P G PHOTONICS CORP,1.0
2024-03-01,92852,LOPE,GRAND CANYON EDUCATION INC,1.0
2024-03-01,93132,FTNT,FORTINET INC,1.0
2024-03-01,93312,SSNC,S S & C TECHNOLOGIES HLDGS INC,1.0
2024-03-01,93330,PRI,PRIMERICA INC,1.0
2024-03-01,93089,VRSK,VERISK ANALYTICS INC,0.997308
2024-03-01,82800,SCCO,SOUTHERN COPPER CORP,0.990487
2024-03-01,85875,IBOC,INTERNATIONAL BANCSHARES CORP,0.989833
2024-03-01,11691,MATX,MATSON INC,0.989747
2024-03-01,91531,OC,OWENS CORNING NEW,0.984227
2024-03-01,23712,PEG,PUBLIC SERVICE ENTERPRISE GP INC,0.976094
2024-03-01,49656,BK,BANK OF NEW YORK MELLON CORP,0.972268
2024-03-01,14229,OMF,ONEMAIN HOLDINGS INC,0.971731
2024-03-01,86783,BKNG,BOOKING HOLDINGS INC,0.969067
2024-03-01,18973,BRC,BRADY CORP,0.9634
2024-03-01,76076,CSCO,CISCO SYSTEMS INC,0.959706
2024-03-01,90249,ENS,ENERSYS,0.957166
2024-03-01,18064,FTDR,FRONTDOOR INC,0.953041
2024-03-01,79862,ROCK,GIBRALTAR INDUSTRIES INC,0.952894
2024-03-01,84723,LNG,CHENIERE ENERGY INC,0.944751
2024-03-01,17005,CVS,C V S HEALTH CORP,0.9417
2024-03-01,14318,NMIH,N M I HOLDINGS INC,0.938132
2024-03-01,92402,MSCI,M S C I INC,0.935486
2024-03-01,15850,MTCH,MATCH GROUP INC NEW,0.934807
2024-03-01,90829,CF,C F INDUSTRIES HOLDINGS INC,0.930851
2024-03-01,13928,COP,CONOCOPHILLIPS,0.929459
2024-03-01,24248,ALE,ALLETE INC,0.928818
2024-03-01,92221,MELI,MERCADOLIBRE INC,0.927713
2024-03-01,89525,CMCSA,COMCAST CORP NEW,0.916489
2024-03-01,11995,COKE,COCA COLA CONSOLIDATED INC,0.91484
2024-03-01,85753,VRSN,VERISIGN INC,0.907857
2024-03-01,75510,ADBE,ADOBE INC,0.902701
2024-03-01,90550,DLB,DOLBY LABORATORIES INC,0.89522
2024-03-01,92655,UNH,UNITEDHEALTH GROUP INC,0.883477
2024-03-01,86102,FHI,FEDERATED HERMES INC,0.874586
2024-03-01,90776,WAL,WESTERN ALLIANCE BANCORPORATION,0.874305
2024-03-01,89179,ELV,ELEVANCE HEALTH INC,0.866054
2024-03-01,75825,EOG,EOG RESOURCES INC,0.859162
2024-03-01,11884,IPAR,INTERMEDIATE PARFUMS INC,0.84254
2024-03-01,86356,EBAY,EBAY INC,0.783562
2024-03-01,66093,T,A T & T INC,0.774842
2024-03-01,14169,PINC,PREMIER INC,0.748767
2024-03-01,91575,HRI,HERC HOLDINGS INC,0.732277
2024-03-01,41355,PH,PARKER HANNIFIN CORP,0.714016
2024-03-01,52337,THC,TENET HEALTHCARE CORP,0.675974
2024-03-01,72726,STT,STATE STREET CORP,0.660062
2024-03-01,18163,PG,PROCTER & GAMBLE CO,0.622136
2024-03-01,57665,NKE,NIKE INC,0.590764
2024-03-01,90386,MOS,MOSAIC CO NEW,0.570287
2024-03-01,79758,BYD,BOYD GAMING CORP,0.548324
2024-03-01,88417,ACLS,AXCELIS TECHNOLOGIES INC,0.543164
2024-03-01,82775,HIG,HARTFORD FINANCIAL SVCS GRP INC,0.484276
2024-03-01,14579,PAYC,PAYCOM SOFTWARE INC,0.479296
2024-03-01,39490,APA,A P A CORP,0.444564
2024-03-01,77274,GILD,GILEAD SCIENCES INC,0.409325
2024-03-01,87137,DVN,DEVON ENERGY CORP NEW,0.265742
2024-03-01,88352,ISRG,INTUITIVE SURGICAL INC,0.24361
2024-03-01,23473,CINF,CINCINNATI FINANCIAL CORP,0.236365
2024-03-01,48653,HUM,HUMANA INC,0.2287
2024-03-01,75603,CRUS,CIRRUS LOGIC INC,0.145224
2024-03-01,44943,DIOD,DIODES INC,0.112978
2024-03-01,10933,MKL,MARKEL GROUP INC,0.107964
2024-03-01,18144,ACA,ARCOSA INC,0.101865
2024-03-01,46578,CLX,CLOROX CO,-0.004603
2024-03-01,18368,NFE,NEW FORTRESS ENERGY INC,-0.10081
2024-03-01,12788,KOS,KOSMOS ENERGY LTD DE,-0.118013
2024-03-01,49015,LNC,LINCOLN NATIONAL CORP,-0.134396
2024-03-01,16678,KR,KROGER CO,-0.13649
2024-03-01,14763,CTLT,CATALENT INC,-0.143843
2024-03-01,18484,ZM,ZOOM VIDEO COMMUNICATIONS INC,-0.211137
2024-03-01,16021,PR,PERMIAN RESOURCES CORP,-0.368111
2024-03-01,91204,POR,PORTLAND GENERAL ELECTRIC CO,-0.371976
2024-03-01,76591,QDEL,QUIDELORTHO CORP,-0.504179
2024-03-01,13116,CIVI,CIVITAS RESOURCES INC,-0.549693
2024-03-01,38295,SPB,SPECTRUM BRANDS HOLDINGS INC NEW,-0.565482
2024-03-01,17104,APLS,APELLIS PHARMACEUTICALS INC,-0.567148
2024-03-01,75976,NEOG,NEOGEN CORP,-0.617624
2024-03-01,16086,HTZ,HERTZ GLOBAL HOLDINGS INC NEW,-0.624874
2024-03-01,16595,SNAP,SNAP INC,-0.643692
2024-03-01,17125,DNLI,DENALI THERAPEUTICS INC,-0.645212
2024-03-01,25320,CPB,CAMPBELL SOUP CO,-0.648684
2024-03-01,15398,CC,CHEMOURS CO,-0.653277
2024-03-01,14988,LBRDK,LIBERTY BROADBAND CORP,-0.708593
2024-03-01,90520,CE,CELANESE CORP DEL,-0.720764
2024-03-01,90177,ACAD,ACADIA PHARMACEUTICALS,-0.734538
2024-03-01,16381,BL,BLACKLINE INC,-0.747673
2024-03-01,19081,SITM,SITIME CORP,-0.749928
2024-03-01,52978,HAS,HASBRO INC,-0.7646
2024-03-01,14596,FIVN,FIVE 9 INC,-0.767339
2024-03-01,26825,K,KELLANOVA,-0.815015
2024-03-01,19502,WBA,WALGREENS BOOTS ALLIANCE INC,-0.815372
2024-03-01,43553,VFC,V F CORP,-0.815383
2024-03-01,16432,GT,GOODYEAR TIRE & RUBBER CO,-0.821487
2024-03-01,18770,BBIO,BRIDGEBIO PHARMA INC,-0.837647
2024-03-01,22592,MMM,3M CO,-0.84812
2024-03-01,24969,AVA,AVISTA CORP,-0.849054
2024-03-01,59328,INTC,INTEL CORP,-0.850881
2024-03-01,19413,ACI,ALBERTSONS COMPANIES INC,-0.878172
2024-03-01,19166,FMC,F M C CORP,-0.88588
2024-03-01,55511,PNM,P N M RESOURCES INC,-0.894537
2024-03-01,43350,SWK,STANLEY BLACK & DECKER INC,-0.90167
2024-03-01,27684,AVT,AVNET INC,-0.905245
2024-03-01,76712,AES,A E S CORP,-0.907047
2024-03-01,17700,DAY,DAYFORCE INC,-0.908792
2024-03-01,13688,PCG,P G & E CORP,-0.917069
2024-03-01,82547,AEIS,ADVANCED ENERGY INDUSTRIES INC,-0.921401
2024-03-01,15119,WK,WORKIVA INC,-0.922395
2024-03-01,75470,MIDD,MIDDLEBY CORP,-0.926979
2024-03-01,13527,FIVE,FIVE BELOW INC,-0.932629
2024-03-01,13908,PFSI,PENNYMAC FINANCIAL SVCS INC NEW,-0.954395
2024-03-01,76136,KMPR,KEMPER CORP DE,-0.956216
2024-03-01,16082,SITE,SITEONE LANDSCAPE SUPPLY INC,-0.957956
2024-03-01,19285,CARR,CARRIER GLOBAL CORP,-0.958643
2024-03-01,14432,ITCI,INTRA CELLULAR THERAPIES INC,-0.961845
2024-03-01,50606,TDW,TIDEWATER INC NEW,-0.96231
2024-03-01,15859,AGR,AVANGRID INC,-0.965229
2024-03-01,12473,KNX,KNIGHT SWIFT TRANSPORT HDLGS INC,-0.977651
2024-03-01,90199,CBRE,C B R E GROUP INC,-0.978178
2024-03-01,92220,MASI,MASIMO CORP,-0.992674
2024-03-01,88351,INSM,INSMED INC,-0.992898
2024-03-01,77730,TSN,TYSON FOODS INC,-0.995228
2024-03-01,87356,TKO,T K O GROUP HOLDINGS INC,-0.996254
2024-03-01,17034,ALTR,ALTAIR ENGINEERING INC,-0.996482
2024-03-01,85246,JLL,JONES LANG LASALLE INC,-0.998232
2024-03-01,91579,KBR,K B R INC,-0.998354
2024-03-01,10200,RGEN,REPLIGEN CORP,-1.0
2024-03-01,10397,WERN,WERNER ENTERPRISES INC,-1.0
2024-03-01,11644,CRK,COMSTOCK RESOURCES INC,-1.0
2024-03-01,14179,AR,ANTERO RESOURCES CORP,-1.0
2024-03-01,14329,ARMK,ARAMARK,-1.0
2024-03-01,14436,RARE,ULTRAGENYX PHARMACEUTICALS INC,-1.0
2024-03-01,14574,MC,MOELIS & CO,-1.0
2024-03-01,14617,ARES,ARES MANAGEMENT CORP,-1.0
2024-03-01,14691,CBAY,CYMABAY THERAPEUTICS INC,-1.0
2024-03-01,15167,SHAK,SHAKE SHACK INC,-1.0
2024-03-01,15284,BPMC,BLUEPRINT MEDICINES CORP,-1.0
2024-03-01,15432,ALPN,ALPINE IMMUNE SCIENCES INC,-1.0
2024-03-01,15452,EVH,EVOLENT HEALTH INC,-1.0
2024-03-01,15534,NTRA,NATERA INC,-1.0
2024-03-01,15623,HLI,HOULIHAN LOKEY INC,-1.0
2024-03-01,16499,PK,PARK HOTELS & RESORTS INC,-1.0
2024-03-01,16928,KRYS,KRYSTAL BIOTECH INC,-1.0
2024-03-01,17864,BJ,B J S WHOLESALE CLUB HLDGS INC,-1.0
2024-03-01,17959,CRNX,CRINETICS PHARMACEUTICALS INC,-1.0
2024-03-01,18312,MRNA,MODERNA INC,-1.0
2024-03-01,18777,KRTX,KARUNA THERAPEUTICS INC,-1.0
2024-03-01,19349,KROS,KEROS THERAPEUTICS INC,-1.0
2024-03-01,19433,MP,M P MATERIALS CORP,-1.0
2024-03-01,19484,PCVX,VAXCYTE INC,-1.0
2024-03-01,19880,MTZ,MASTEC INC,-1.0
2024-03-01,21207,NEM,NEWMONT CORP,-1.0
2024-03-01,23229,CMS,C M S ENERGY CORP,-1.0
2024-03-01,32870,HRL,HORMEL FOODS CORP,-1.0
2024-03-01,42585,SJM,SMUCKER J M CO,-1.0
2024-03-01,52476,EFX,EQUIFAX INC,-1.0
2024-03-01,53613,MU,MICRON TECHNOLOGY INC,-1.0
2024-03-01,57568,BALL,BALL CORP,-1.0
2024-03-01,58683,LUV,SOUTHWEST AIRLINES CO,-1.0
2024-03-01,61188,SWX,SOUTHWEST GAS HOLDINGS INC,-1.0
2024-03-01,61241,AMD,ADVANCED MICRO DEVICES INC,-1.0
2024-03-01,66384,WDC,WESTERN DIGITAL CORP,-1.0
2024-03-01,69649,RJF,RAYMOND JAMES FINANCIAL INC,-1.0
2024-03-01,76661,IONS,IONIS PHARMACEUTICALS INC,-1.0
2024-03-01,80069,ARWR,ARROWHEAD PHARMACEUTICALS INC,-1.0
2024-03-01,80286,TSCO,TRACTOR SUPPLY CO NEW,-1.0
2024-03-01,84372,VYX,N C R VOYIX CORP,-1.0
2024-03-01,84761,TTWO,TAKE TWO INTERACTIVE SOFTWR INC,-1.0
2024-03-01,85464,CWST,CASELLA WASTE SYSTEMS INC,-1.0
2024-03-01,85789,CADE,CADENCE BANK,-1.0
2024-03-01,87812,SLAB,SILICON LABORATORIES INC,-1.0
2024-03-01,88853,FLR,FLUOR CORP NEW,-1.0
2024-03-01,89031,AXON,AXON ENTERPRISE INC,-1.0
2024-03-01,89297,CCOI,COGENT COMMUNICATIONS HLDS INC,-1.0
2024-03-01,89482,BANC,BANC OF CALIFORNIA INC,-1.0
2024-03-01,90071,NRG,N R G ENERGY INC,-1.0
2024-03-01,92040,FOLD,AMICUS THERAPEUTICS INC,-1.0
2024-03-01,92294,UEC,URANIUM ENERGY CORP,-1.0
2024-03-01,93096,DG,DOLLAR GENERAL CORP NEW,-1.0
2024-03-01,93098,H,HYATT HOTELS CORP,-1.0
2024-04-01,10107,MSFT,MICROSOFT CORP,1.0
2024-04-01,11018,FBP,FIRST BANCORP P R,1.0
2024-04-01,12570,ITT,I T T INC,1.0
2024-04-01,12622,HCA,H C A HEALTHCARE INC,1.0
2024-04-01,13284,ALSN,ALLISON TRANSMISSION HLDGS INC,1.0
2024-04-01,13407,META,META PLATFORMS INC,1.0
2024-04-01,13721,ABBV,ABBVIE INC,1.0
2024-04-01,13788,ZTS,ZOETIS INC,1.0
2024-04-01,13901,MO,ALTRIA GROUP INC,1.0
2024-04-01,13911,IQV,IQVIA HOLDINGS INC,1.0
2024-04-01,13928,COP,CONOCOPHILLIPS,1.0
2024-04-01,13936,PVH,P V H CORP,1.0
2024-04-01,14229,OMF,ONEMAIN HOLDINGS INC,1.0
2024-04-01,14318,NMIH,N M I HOLDINGS INC,1.0
2024-04-01,14593,AAPL,APPLE INC,1.0
2024-04-01,15850,MTCH,MATCH GROUP INC NEW,1.0
2024-04-01,16076,GMS,G M S INC,1.0
2024-04-01,16260,MEDP,MEDPACE HOLDINGS INC,1.0
2024-04-01,16655,CVNA,CARVANA CO,1.0
2024-04-01,16736,VST,VISTRA CORP,1.0
2024-04-01,17005,CVS,C V S HEALTH CORP,1.0
2024-04-01,17223,ADT,A D T INC,1.0
2024-04-01,17332,VCTR,VICTORY CAPITAL HOLDINGS INC,1.0
2024-04-01,18091,CW,CURTISS WRIGHT CORP,1.0
2024-04-01,18973,BRC,BRADY CORP,1.0
2024-04-01,19393,BMY,BRISTOL MYERS SQUIBB CO,1.0
2024-04-01,22779,MSI,MOTOROLA SOLUTIONS INC,1.0
2024-04-01,23712,PEG,PUBLIC SERVICE ENTERPRISE GP INC,1.0
2024-04-01,34032,MAS,MASCO CORP,1.0
2024-04-01,46690,CBT,CABOT CORP,1.0
2024-04-01,55976,WMT,WALMART INC,1.0
2024-04-01,61313,DCI,DONALDSON INC,1.0
2024-04-01,64186,CI,CIGNA GROUP,1.0
2024-04-01,65307,RPM,R P M INTERNATIONAL INC,1.0
2024-04-01,65402,AOS,SMITH A O CORP,1.0
2024-04-01,73139,SYK,STRYKER CORP,1.0
2024-04-01,78015,MTX,MINERALS TECHNOLOGIES INC,1.0
2024-04-01,79133,ATR,APTARGROUP INC,1.0
2024-04-01,79686,DECK,DECKERS OUTDOOR CORP,1.0
2024-04-01,79862,ROCK,GIBRALTAR INDUSTRIES INC,1.0
2024-04-01,80415,EXP,EAGLE MATERIALS INC,1.0
2024-04-01,80864,RS,RELIANCE INC,1.0
2024-04-01,82694,EME,EMCOR GROUP INC,1.0
2024-04-01,83779,PEGA,PEGASYSTEMS INC,1.0
2024-04-01,83976,ANF,ABERCROMBIE & FITCH CO,1.0
2024-04-01,85631,ADSK,AUTODESK INC,1.0
2024-04-01,85875,IBOC,INTERNATIONAL BANCSHARES CORP,1.0
2024-04-01,86580,NVDA,NVIDIA CORP,1.0
2024-04-01,86783,BKNG,BOOKING HOLDINGS INC,1.0
2024-04-01,87432,A,AGILENT TECHNOLOGIES INC,1.0
2024-04-01,88661,TPR,TAPESTRY INC,1.0
2024-04-01,88860,ALGN,ALIGN TECHNOLOGY INC,1.0
2024-04-01,89070,ZBH,ZIMMER BIOMET HOLDINGS INC,1.0
2024-04-01,89397,VRNT,VERINT SYSTEMS INC,1.0
2024-04-01,90319,GOOGL,ALPHABET INC,1.0
2024-04-01,90880,AMP,AMERIPRISE FINANCIAL INC,1.0
2024-04-01,91233,MA,MASTERCARD INC,1.0
2024-04-01,91531,OC,OWENS CORNING NEW,1.0
2024-04-01,91668,IPGP,I P G PHOTONICS CORP,1.0
2024-04-01,92852,LOPE,GRAND CANYON EDUCATION INC,1.0
2024-04-01,93312,SSNC,S S & C TECHNOLOGIES HLDGS INC,1.0
2024-04-01,93330,PRI,PRIMERICA INC,1.0
2024-04-01,11691,MATX,MATSON INC,0.997665
2024-04-01,89269,CNC,CENTENE CORP DEL,0.996481
2024-04-01,49656,BK,BANK OF NEW YORK MELLON CORP,0.994748
2024-04-01,77357,SNPS,SYNOPSYS INC,0.991956
2024-04-01,42550,NEU,NEWMARKET CORP,0.988845
2024-04-01,76076,CSCO,CISCO SYSTEMS INC,0.986272
2024-04-01,18064,FTDR,FRONTDOOR INC,0.986155
2024-04-01,93132,FTNT,FORTINET INC,0.984267
2024-04-01,90249,ENS,ENERSYS,0.982504
2024-04-01,84723,LNG,CHENIERE ENERGY INC,0.977834
2024-04-01,22111,JNJ,JOHNSON & JOHNSON,0.976076
2024-04-01,90215,CRM,SALESFORCE INC,0.972384
2024-04-01,93089,VRSK,VERISK ANALYTICS INC,0.969352
2024-04-01,90776,WAL,WESTERN ALLIANCE BANCORPORATION,0.968505
2024-04-01,75825,EOG,EOG RESOURCES INC,0.956024
2024-04-01,90829,CF,C F INDUSTRIES HOLDINGS INC,0.955695
2024-04-01,92402,MSCI,M S C I INC,0.93073
2024-04-01,89525,CMCSA,COMCAST CORP NEW,0.923374
2024-04-01,90550,DLB,DOLBY LABORATORIES INC,0.922113
2024-04-01,11995,COKE,COCA COLA CONSOLIDATED INC,0.91714
2024-04-01,62308,GL,GLOBE LIFE INC,0.912647
2024-04-01,89179,ELV,ELEVANCE HEALTH INC,0.895239
2024-04-01,86102,FHI,FEDERATED HERMES INC,0.893045
2024-04-01,92655,UNH,UNITEDHEALTH GROUP INC,0.885266
2024-04-01,85753,VRSN,VERISIGN INC,0.877213
2024-04-01,86356,EBAY,EBAY INC,0.876143
2024-04-01,92221,MELI,MERCADOLIBRE INC,0.875392
2024-04-01,59010,GPS,GAP INC,0.820417
2024-04-01,75510,ADBE,ADOBE INC,0.809239
2024-04-01,11884,IPAR,INTERMEDIATE PARFUMS INC,0.807892
2024-04-01,66093,T,A T & T INC,0.802285
2024-04-01,14169,PINC,PREMIER INC,0.790164
2024-04-01,91575,HRI,HERC HOLDINGS INC,0.773627
2024-04-01,52337,THC,TENET HEALTHCARE CORP,0.761186
2024-04-01,41355,PH,PARKER HANNIFIN CORP,0.738171
2024-04-01,90386,MOS,MOSAIC CO NEW,0.595676
2024-04-01,79758,BYD,BOYD GAMING CORP,0.557446
2024-04-01,57665,NKE,NIKE INC,0.53369
2024-04-01,14579,PAYC,PAYCOM SOFTWARE INC,0.52204
2024-04-01,82775,HIG,HARTFORD FINANCIAL SVCS GRP INC,0.521286
2024-04-01,39490,APA,A P A CORP,0.511214
2024-04-01,77274,GILD,GILEAD SCIENCES INC,0.418468
2024-04-01,89968,PIPR,PIPER SANDLER COMPANIES,0.403384
2024-04-01,18163,PG,PROCTER & GAMBLE CO,0.328275
2024-04-01,87137,DVN,DEVON ENERGY CORP NEW,0.304332
2024-04-01,93035,SEM,SELECT MEDICAL HOLDINGS CORP,0.282171
2024-04-01,23473,CINF,CINCINNATI FINANCIAL CORP,0.258233
2024-04-01,88352,ISRG,INTUITIVE SURGICAL INC,0.25112
2024-04-01,48653,HUM,HUMANA INC,0.225972
2024-04-01,75603,CRUS,CIRRUS LOGIC INC,0.145791
2024-04-01,10933,MKL,MARKEL GROUP INC,0.109613
2024-04-01,18144,ACA,ARCOSA INC,0.099349
2024-04-01,82307,DVA,DAVITA INC,0.035894
2024-04-01,46578,CLX,CLOROX CO,-0.004578
2024-04-01,18368,NFE,NEW FORTRESS ENERGY INC,-0.087595
2024-04-01,15534,NTRA,NATERA INC,-0.175038
2024-04-01,18484,ZM,ZOOM VIDEO COMMUNICATIONS INC,-0.194259
2024-04-01,91204,POR,PORTLAND GENERAL ELECTRIC CO,-0.391894
2024-04-01,16021,PR,PERMIAN RESOURCES CORP,-0.420169
2024-04-01,76591,QDEL,QUIDELORTHO CORP,-0.527956
2024-04-01,75976,NEOG,NEOGEN CORP,-0.564397
2024-04-01,13116,CIVI,CIVITAS RESOURCES INC,-0.617808
2024-04-01,38295,SPB,SPECTRUM BRANDS HOLDINGS INC NEW,-0.623532
2024-04-01,17125,DNLI,DENALI THERAPEUTICS INC,-0.666669
2024-04-01,16595,SNAP,SNAP INC,-0.667885
2024-04-01,14988,LBRDK,LIBERTY BROADBAND CORP,-0.670912
2024-04-01,25320,CPB,CAMPBELL SOUP CO,-0.673523
2024-04-01,13688,PCG,P G & E CORP,-0.716036
2024-04-01,19081,SITM,SITIME CORP,-0.752729
2024-04-01,18770,BBIO,BRIDGEBIO PHARMA INC,-0.754938
2024-04-01,14596,FIVN,FIVE 9 INC,-0.778113
2024-04-01,90520,CE,CELANESE CORP DEL,-0.812103
2024-04-01,89297,CCOI,COGENT COMMUNICATIONS HLDS INC,-0.81542
2024-04-01,13527,FIVE,FIVE BELOW INC,-0.839058
2024-04-01,26825,K,KELLANOVA,-0.843252
2024-04-01,16381,BL,BLACKLINE INC,-0.848025
2024-04-01,58683,LUV,SOUTHWEST AIRLINES CO,-0.852064
2024-04-01,17700,DAY,DAYFORCE INC,-0.858766
2024-04-01,59328,INTC,INTEL CORP,-0.86948
2024-04-01,12373,HHH,HOWARD HUGHES HOLDINGS INC,-0.876187
2024-04-01,24969,AVA,AVISTA CORP,-0.892069
2024-04-01,14436,RARE,ULTRAGENYX PHARMACEUTICALS INC,-0.898589
2024-04-01,15119,WK,WORKIVA INC,-0.904422
2024-04-01,82547,AEIS,ADVANCED ENERGY INDUSTRIES INC,-0.924673
2024-04-01,19413,ACI,ALBERTSONS COMPANIES INC,-0.924752
2024-04-01,61241,AMD,ADVANCED MICRO DEVICES INC,-0.933307
2024-04-01,16432,GT,GOODYEAR TIRE & RUBBER CO,-0.945998
2024-04-01,12473,KNX,KNIGHT SWIFT TRANSPORT HDLGS INC,-0.953391
2024-04-01,15452,EVH,EVOLENT HEALTH INC,-0.962814
2024-04-01,27684,AVT,AVNET INC,-0.965896
2024-04-01,88351,INSM,INSMED INC,-0.967638
2024-04-01,10397,WERN,WERNER ENTERPRISES INC,-0.970432
2024-04-01,22592,MMM,3M CO,-0.973028
2024-04-01,52476,EFX,EQUIFAX INC,-0.973656
2024-04-01,15167,SHAK,SHAKE SHACK INC,-0.974304
2024-04-01,75470,MIDD,MIDDLEBY CORP,-0.975701
2024-04-01,32870,HRL,HORMEL FOODS CORP,-0.983669
2024-04-01,16082,SITE,SITEONE LANDSCAPE SUPPLY INC,-0.988487
2024-04-01,15623,HLI,HOULIHAN LOKEY INC,-0.99219
2024-04-01,43350,SWK,STANLEY BLACK & DECKER INC,-0.993961
2024-04-01,19285,CARR,CARRIER GLOBAL CORP,-0.99864
2024-04-01,10200,RGEN,REPLIGEN CORP,-1.0
2024-04-01,10258,CLDX,CELLDEX THERAPEUTICS INC,-1.0
2024-04-01,11644,CRK,COMSTOCK RESOURCES INC,-1.0
2024-04-01,13908,PFSI,PENNYMAC FINANCIAL SVCS INC NEW,-1.0
2024-04-01,14179,AR,ANTERO RESOURCES CORP,-1.0
2024-04-01,14329,ARMK,ARAMARK,-1.0
2024-04-01,14432,ITCI,INTRA CELLULAR THERAPIES INC,-1.0
2024-04-01,14574,MC,MOELIS & CO,-1.0
2024-04-01,14617,ARES,ARES MANAGEMENT CORP,-1.0
2024-04-01,15284,BPMC,BLUEPRINT MEDICINES CORP,-1.0
2024-04-01,15432,ALPN,ALPINE IMMUNE SCIENCES INC,-1.0
2024-04-01,15976,SNDX,SYNDAX PHARMACEUTICALS INC,-1.0
2024-04-01,16086,HTZ,HERTZ GLOBAL HOLDINGS INC NEW,-1.0
2024-04-01,16499,PK,PARK HOTELS & RESORTS INC,-1.0
2024-04-01,16928,KRYS,KRYSTAL BIOTECH INC,-1.0
2024-04-01,17034,ALTR,ALTAIR ENGINEERING INC,-1.0
2024-04-01,17104,APLS,APELLIS PHARMACEUTICALS INC,-1.0
2024-04-01,17864,BJ,B J S WHOLESALE CLUB HLDGS INC,-1.0
2024-04-01,17959,CRNX,CRINETICS PHARMACEUTICALS INC,-1.0
2024-04-01,18312,MRNA,MODERNA INC,-1.0
2024-04-01,19166,FMC,F M C CORP,-1.0
2024-04-01,19201,RVMD,REVOLUTION MEDICINES INC,-1.0
2024-04-01,19349,KROS,KEROS THERAPEUTICS INC,-1.0
2024-04-01,19484,PCVX,VAXCYTE INC,-1.0
2024-04-01,19488,RNA,AVIDITY BIOSCIENCES INC,-1.0
2024-04-01,19502,WBA,WALGREENS BOOTS ALLIANCE INC,-1.0
2024-04-01,19547,CERE,CEREVEL THERAPEUTICS HLDGS INC,-1.0
2024-04-01,19880,MTZ,MASTEC INC,-1.0
2024-04-01,21207,NEM,NEWMONT CORP,-1.0
2024-04-01,23229,CMS,C M S ENERGY CORP,-1.0
2024-04-01,42585,SJM,SMUCKER J M CO,-1.0
2024-04-01,49015,LNC,LINCOLN NATIONAL CORP,-1.0
2024-04-01,50606,TDW,TIDEWATER INC NEW,-1.0
2024-04-01,52978,HAS,HASBRO INC,-1.0
2024-04-01,53613,MU,MICRON TECHNOLOGY INC,-1.0
2024-04-01,55511,PNM,P N M RESOURCES INC,-1.0
2024-04-01,57568,BALL,BALL CORP,-1.0
2024-04-01,61188,SWX,SOUTHWEST GAS HOLDINGS INC,-1.0
2024-04-01,66384,WDC,WESTERN DIGITAL CORP,-1.0
2024-04-01,69649,RJF,RAYMOND JAMES FINANCIAL INC,-1.0
2024-04-01,76136,KMPR,KEMPER CORP DE,-1.0
2024-04-01,76661,IONS,IONIS PHARMACEUTICALS INC,-1.0
2024-04-01,76712,AES,A E S CORP,-1.0
2024-04-01,77730,TSN,TYSON FOODS INC,-1.0
2024-04-01,80069,ARWR,ARROWHEAD PHARMACEUTICALS INC,-1.0
2024-04-01,80286,TSCO,TRACTOR SUPPLY CO NEW,-1.0
2024-04-01,84319,LAD,LITHIA MOTORS INC,-1.0
2024-04-01,84761,TTWO,TAKE TWO INTERACTIVE SOFTWR INC,-1.0
2024-04-01,85464,CWST,CASELLA WASTE SYSTEMS INC,-1.0
2024-04-01,85517,CHH,CHOICE HOTELS INTERNATIONAL INC,-1.0
2024-04-01,85789,CADE,CADENCE BANK,-1.0
2024-04-01,87356,TKO,T K O GROUP HOLDINGS INC,-1.0
2024-04-01,87812,SLAB,SILICON LABORATORIES INC,-1.0
2024-04-01,88853,FLR,FLUOR CORP NEW,-1.0
2024-04-01,89031,AXON,AXON ENTERPRISE INC,-1.0
2024-04-01,89482,BANC,BANC OF CALIFORNIA INC,-1.0
2024-04-01,90071,NRG,N R G ENERGY INC,-1.0
2024-04-01,90199,CBRE,C B R E GROUP INC,-1.0
2024-04-01,91579,KBR,K B R INC,-1.0
2024-04-01,92220,MASI,MASIMO CORP,-1.0
2024-04-01,92294,UEC,URANIUM ENERGY CORP,-1.0
2024-04-01,93096,DG,DOLLAR GENERAL CORP NEW,-1.0
2024-04-01,93098,H,HYATT HOTELS CORP,-1.0
2024-05-01,12981,FBIN,FORTUNE BRANDS INNOVATIONS INC,1.0
2024-05-01,13407,META,META PLATFORMS INC,1.0
2024-05-01,13788,ZTS,ZOETIS INC,1.0
2024-05-01,13936,PVH,P V H CORP,1.0
2024-05-01,14229,OMF,ONEMAIN HOLDINGS INC,1.0
2024-05-01,14318,NMIH,N M I HOLDINGS INC,1.0
2024-05-01,14593,AAPL,APPLE INC,1.0
2024-05-01,16655,CVNA,CARVANA CO,1.0
2024-05-01,16736,VST,VISTRA CORP,1.0
2024-05-01,17223,ADT,A D T INC,1.0
2024-05-01,17332,VCTR,VICTORY CAPITAL HOLDINGS INC,1.0
2024-05-01,18973,BRC,BRADY CORP,1.0
2024-05-01,22111,JNJ,JOHNSON & JOHNSON,1.0
2024-05-01,27334,CSL,CARLISLE COMPANIES,1.0
2024-05-01,47706,FSS,FEDERAL SIGNAL CORP,1.0
2024-05-01,54253,MSA,M S A SAFETY INC,1.0
2024-05-01,61313,DCI,DONALDSON INC,1.0
2024-05-01,62308,GL,GLOBE LIFE INC,1.0
2024-05-01,64186,CI,CIGNA GROUP,1.0
2024-05-01,65307,RPM,R P M INTERNATIONAL INC,1.0
2024-05-01,66093,T,A T & T INC,1.0
2024-05-01,75510,ADBE,ADOBE INC,1.0
2024-05-01,79133,ATR,APTARGROUP INC,1.0
2024-05-01,79686,DECK,DECKERS OUTDOOR CORP,1.0
2024-05-01,79862,ROCK,GIBRALTAR INDUSTRIES INC,1.0
2024-05-01,82694,EME,EMCOR GROUP INC,1.0
2024-05-01,83779,PEGA,PEGASYSTEMS INC,1.0
2024-05-01,85067,MMS,MAXIMUS INC,1.0
2024-05-01,85072,RL,RALPH LAUREN CORP,1.0
2024-05-01,86580,NVDA,NVIDIA CORP,1.0
2024-05-01,88860,ALGN,ALIGN TECHNOLOGY INC,1.0
2024-05-01,89968,PIPR,PIPER SANDLER COMPANIES,1.0
2024-05-01,90249,ENS,ENERSYS,1.0
2024-05-01,90319,GOOGL,ALPHABET INC,1.0
2024-05-01,91531,OC,OWENS CORNING NEW,1.0
2024-05-01,92852,LOPE,GRAND CANYON EDUCATION INC,1.0
2024-05-01,93035,SEM,SELECT MEDICAL HOLDINGS CORP,1.0
2024-05-01,93312,SSNC,S S & C TECHNOLOGIES HLDGS INC,1.0
2024-05-01,13901,MO,ALTRIA GROUP INC,0.999492
2024-05-01,75825,EOG,EOG RESOURCES INC,0.990248
2024-05-01,85875,IBOC,INTERNATIONAL BANCSHARES CORP,0.986408
2024-05-01,18091,CW,CURTISS WRIGHT CORP,0.98529
2024-05-01,46690,CBT,CABOT CORP,0.984615
2024-05-01,13928,COP,CONOCOPHILLIPS,0.982094
2024-05-01,55976,WMT,WALMART INC,0.981508
2024-05-01,11018,FBP,FIRST BANCORP P R,0.978602
2024-05-01,49656,BK,BANK OF NEW YORK MELLON CORP,0.977564
2024-05-01,83976,ANF,ABERCROMBIE & FITCH CO,0.964736
2024-05-01,78015,MTX,MINERALS TECHNOLOGIES INC,0.963388
2024-05-01,16260,MEDP,MEDPACE HOLDINGS INC,0.956042
2024-05-01,84723,LNG,CHENIERE ENERGY INC,0.952101
2024-05-01,11691,MATX,MATSON INC,0.951805
2024-05-01,22779,MSI,MOTOROLA SOLUTIONS INC,0.950542
2024-05-01,86783,BKNG,BOOKING HOLDINGS INC,0.946664
2024-05-01,12570,ITT,I T T INC,0.945956
2024-05-01,16076,GMS,G M S INC,0.945619
2024-05-01,87432,A,AGILENT TECHNOLOGIES INC,0.938454
2024-05-01,73139,SYK,STRYKER CORP,0.935422
2024-05-01,90880,AMP,AMERIPRISE FINANCIAL INC,0.934352
2024-05-01,91233,MA,MASTERCARD INC,0.933363
2024-05-01,76076,CSCO,CISCO SYSTEMS INC,0.931193
2024-05-01,65402,AOS,SMITH A O CORP,0.924651
2024-05-01,18064,FTDR,FRONTDOOR INC,0.924151
2024-05-01,12622,HCA,H C A HEALTHCARE INC,0.924048
2024-05-01,89269,CNC,CENTENE CORP DEL,0.922815
2024-05-01,91668,IPGP,I P G PHOTONICS CORP,0.921148
2024-05-01,10107,MSFT,MICROSOFT CORP,0.920526
2024-05-01,80415,EXP,EAGLE MATERIALS INC,0.917712
2024-05-01,77357,SNPS,SYNOPSYS INC,0.916123
2024-05-01,13911,IQV,IQVIA HOLDINGS INC,0.911621
2024-05-01,89179,ELV,ELEVANCE HEALTH INC,0.908219
2024-05-01,89070,ZBH,ZIMMER BIOMET HOLDINGS INC,0.906486
2024-05-01,93132,FTNT,FORTINET INC,0.905562
2024-05-01,90829,CF,C F INDUSTRIES HOLDINGS INC,0.902349
2024-05-01,13284,ALSN,ALLISON TRANSMISSION HLDGS INC,0.901371
2024-05-01,13721,ABBV,ABBVIE INC,0.896802
2024-05-01,93089,VRSK,VERISK ANALYTICS INC,0.891565
2024-05-01,11995,COKE,COCA COLA CONSOLIDATED INC,0.891103
2024-05-01,90215,CRM,SALESFORCE INC,0.863565
2024-05-01,34032,MAS,MASCO CORP,0.86291
2024-05-01,90776,WAL,WESTERN ALLIANCE BANCORPORATION,0.852745
2024-05-01,17005,CVS,C V S HEALTH CORP,0.852151
2024-05-01,86356,EBAY,EBAY INC,0.851298
2024-05-01,90550,DLB,DOLBY LABORATORIES INC,0.850371
2024-05-01,80864,RS,RELIANCE INC,0.847132
2024-05-01,15850,MTCH,MATCH GROUP INC NEW,0.84464
2024-05-01,92221,MELI,MERCADOLIBRE INC,0.840297
2024-05-01,88661,TPR,TAPESTRY INC,0.835911
2024-05-01,93330,PRI,PRIMERICA INC,0.83266
2024-05-01,42550,NEU,NEWMARKET CORP,0.81622
2024-05-01,89525,CMCSA,COMCAST CORP NEW,0.813287
2024-05-01,85631,ADSK,AUTODESK INC,0.81247
2024-05-01,52337,THC,TENET HEALTHCARE CORP,0.80948
2024-05-01,86102,FHI,FEDERATED HERMES INC,0.807852
2024-05-01,85753,VRSN,VERISIGN INC,0.78023
2024-05-01,92402,MSCI,M S C I INC,0.769003
2024-05-01,14169,PINC,PREMIER INC,0.742701
2024-05-01,41355,PH,PARKER HANNIFIN CORP,0.72013
2024-05-01,11884,IPAR,INTERMEDIATE PARFUMS INC,0.665221
2024-05-01,91575,HRI,HERC HOLDINGS INC,0.653705
2024-05-01,59010,GPS,GAP INC,0.61104
2024-05-01,90386,MOS,MOSAIC CO NEW,0.573142
2024-05-01,57665,NKE,NIKE INC,0.521327
2024-05-01,86026,IOSP,INNOSPEC INC,0.494926
2024-05-01,14579,PAYC,PAYCOM SOFTWARE INC,0.490567
2024-05-01,82775,HIG,HARTFORD FINANCIAL SVCS GRP INC,0.48759
2024-05-01,39490,APA,A P A CORP,0.468623
2024-05-01,20894,APP,APPLOVIN CORP,0.452126
2024-05-01,79758,BYD,BOYD GAMING CORP,0.44038
2024-05-01,77274,GILD,GILEAD SCIENCES INC,0.370443
2024-05-01,18163,PG,PROCTER & GAMBLE CO,0.330713
2024-05-01,87137,DVN,DEVON ENERGY CORP NEW,0.308917
2024-05-01,23473,CINF,CINCINNATI FINANCIAL CORP,0.239341
2024-05-01,88352,ISRG,INTUITIVE SURGICAL INC,0.231984
2024-05-01,23712,PEG,PUBLIC SERVICE ENTERPRISE GP INC,0.149296
2024-05-01,75603,CRUS,CIRRUS LOGIC INC,0.138797
2024-05-01,11731,AIN,ALBANY INTERNATIONAL CORP NEW,0.122175
2024-05-01,10933,MKL,MARKEL GROUP INC,0.104535
2024-05-01,18144,ACA,ARCOSA INC,0.087534
2024-05-01,82307,DVA,DAVITA INC,0.035969
2024-05-01,40539,TJX,T J X COMPANIES INC NEW,0.014885
2024-05-01,46578,CLX,CLOROX CO,-0.004436
2024-05-01,18368,NFE,NEW FORTRESS ENERGY INC,-0.074598
2024-05-01,13908,PFSI,PENNYMAC FINANCIAL SVCS INC NEW,-0.136487
2024-05-01,76712,AES,A E S CORP,-0.142996
2024-05-01,15534,NTRA,NATERA INC,-0.176904
2024-05-01,18484,ZM,ZOOM VIDEO COMMUNICATIONS INC,-0.180625
2024-05-01,91204,POR,PORTLAND GENERAL ELECTRIC CO,-0.401465
2024-05-01,75976,NEOG,NEOGEN CORP,-0.438257
2024-05-01,76591,QDEL,QUIDELORTHO CORP,-0.444003
2024-05-01,17125,DNLI,DENALI THERAPEUTICS INC,-0.498383
2024-05-01,38295,SPB,SPECTRUM BRANDS HOLDINGS INC NEW,-0.570482
2024-05-01,14988,LBRDK,LIBERTY BROADBAND CORP,-0.579726
2024-05-01,59328,INTC,INTEL CORP,-0.595569
2024-05-01,82651,WAT,WATERS CORP,-0.603453
2024-05-01,18770,BBIO,BRIDGEBIO PHARMA INC,-0.621862
2024-05-01,25320,CPB,CAMPBELL SOUP CO,-0.695306
2024-05-01,19081,SITM,SITIME CORP,-0.715883
2024-05-01,14596,FIVN,FIVE 9 INC,-0.717451
2024-05-01,90520,CE,CELANESE CORP DEL,-0.725204
2024-05-01,13688,PCG,P G & E CORP,-0.727506
2024-05-01,16021,PR,PERMIAN RESOURCES CORP,-0.738151
2024-05-01,58683,LUV,SOUTHWEST AIRLINES CO,-0.753052
2024-05-01,16381,BL,BLACKLINE INC,-0.758152
2024-05-01,12373,HHH,HOWARD HUGHES HOLDINGS INC,-0.781917
2024-05-01,17700,DAY,DAYFORCE INC,-0.791813
2024-05-01,12473,KNX,KNIGHT SWIFT TRANSPORT HDLGS INC,-0.79644
2024-05-01,52476,EFX,EQUIFAX INC,-0.79666
2024-05-01,89297,CCOI,COGENT COMMUNICATIONS HLDS INC,-0.7971
2024-05-01,19502,WBA,WALGREENS BOOTS ALLIANCE INC,-0.812563
2024-05-01,14436,RARE,ULTRAGENYX PHARMACEUTICALS INC,-0.814348
2024-05-01,61241,AMD,ADVANCED MICRO DEVICES INC,-0.814437
2024-05-01,15119,WK,WORKIVA INC,-0.836031
2024-05-01,75470,MIDD,MIDDLEBY CORP,-0.838547
2024-05-01,10397,WERN,WERNER ENTERPRISES INC,-0.846916
2024-05-01,26825,K,KELLANOVA,-0.84754
2024-05-01,82547,AEIS,ADVANCED ENERGY INDUSTRIES INC,-0.864502
2024-05-01,16595,SNAP,SNAP INC,-0.872332
2024-05-01,88351,INSM,INSMED INC,-0.876974
2024-05-01,19413,ACI,ALBERTSONS COMPANIES INC,-0.8807
2024-05-01,16082,SITE,SITEONE LANDSCAPE SUPPLY INC,-0.883669
2024-05-01,91041,LYV,LIVE NATION ENTERTAINMENT INC,-0.883925
2024-05-01,90199,CBRE,C B R E GROUP INC,-0.888698
2024-05-01,93096,DG,DOLLAR GENERAL CORP NEW,-0.890394
2024-05-01,89482,BANC,BANC OF CALIFORNIA INC,-0.895202
2024-05-01,85464,CWST,CASELLA WASTE SYSTEMS INC,-0.909468
2024-05-01,92220,MASI,MASIMO CORP,-0.910424
2024-05-01,24969,AVA,AVISTA CORP,-0.912185
2024-05-01,16499,PK,PARK HOTELS & RESORTS INC,-0.917377
2024-05-01,19166,FMC,F M C CORP,-0.92151
2024-05-01,43350,SWK,STANLEY BLACK & DECKER INC,-0.922849
2024-05-01,17034,ALTR,ALTAIR ENGINEERING INC,-0.928972
2024-05-01,69649,RJF,RAYMOND JAMES FINANCIAL INC,-0.945144
2024-05-01,19880,MTZ,MASTEC INC,-0.946235
2024-05-01,27684,AVT,AVNET INC,-0.947366
2024-05-01,85789,CADE,CADENCE BANK,-0.949274
2024-05-01,53613,MU,MICRON TECHNOLOGY INC,-0.953317
2024-05-01,15284,BPMC,BLUEPRINT MEDICINES CORP,-0.958029
2024-05-01,14329,ARMK,ARAMARK,-0.964078
2024-05-01,61188,SWX,SOUTHWEST GAS HOLDINGS INC,-0.975301
2024-05-01,15623,HLI,HOULIHAN LOKEY INC,-0.981946
2024-05-01,17864,BJ,B J S WHOLESALE CLUB HLDGS INC,-0.982314
2024-05-01,15167,SHAK,SHAKE SHACK INC,-0.98661
2024-05-01,55511,PNM,P N M RESOURCES INC,-0.990232
2024-05-01,50606,TDW,TIDEWATER INC NEW,-0.993506
2024-05-01,14617,ARES,ARES MANAGEMENT CORP,-0.995963
2024-05-01,89031,AXON,AXON ENTERPRISE INC,-0.997629
2024-05-01,23229,CMS,C M S ENERGY CORP,-0.999611
2024-05-01,10200,RGEN,REPLIGEN CORP,-1.0
2024-05-01,11370,ENV,ENVESTNET INC,-1.0
2024-05-01,14179,AR,ANTERO RESOURCES CORP,-1.0
2024-05-01,14432,ITCI,INTRA CELLULAR THERAPIES INC,-1.0
2024-05-01,14574,MC,MOELIS & CO,-1.0
2024-05-01,15432,ALPN,ALPINE IMMUNE SCIENCES INC,-1.0
2024-05-01,15452,EVH,EVOLENT HEALTH INC,-1.0
2024-05-01,16432,GT,GOODYEAR TIRE & RUBBER CO,-1.0
2024-05-01,16924,DCPH,DECIPHERA PHARMACEUTICALS INC,-1.0
2024-05-01,16928,KRYS,KRYSTAL BIOTECH INC,-1.0
2024-05-01,17104,APLS,APELLIS PHARMACEUTICALS INC,-1.0
2024-05-01,17959,CRNX,CRINETICS PHARMACEUTICALS INC,-1.0
2024-05-01,18312,MRNA,MODERNA INC,-1.0
2024-05-01,19201,RVMD,REVOLUTION MEDICINES INC,-1.0
2024-05-01,19285,CARR,CARRIER GLOBAL CORP,-1.0
2024-05-01,19349,KROS,KEROS THERAPEUTICS INC,-1.0
2024-05-01,19484,PCVX,VAXCYTE INC,-1.0
2024-05-01,19547,CERE,CEREVEL THERAPEUTICS HLDGS INC,-1.0
2024-05-01,19561,BA,BOEING CO,-1.0
2024-05-01,20646,OSCR,OSCAR HEALTH INC,-1.0
2024-05-01,20657,ACVA,A C V AUCTIONS INC,-1.0
2024-05-01,21207,NEM,NEWMONT CORP,-1.0
2024-05-01,22592,MMM,3M CO,-1.0
2024-05-01,24328,EQT,E Q T CORP,-1.0
2024-05-01,32870,HRL,HORMEL FOODS CORP,-1.0
2024-05-01,42585,SJM,SMUCKER J M CO,-1.0
2024-05-01,43123,ATI,A T I INC,-1.0
2024-05-01,49015,LNC,LINCOLN NATIONAL CORP,-1.0
2024-05-01,50017,RRC,RANGE RESOURCES CORP,-1.0
2024-05-01,52978,HAS,HASBRO INC,-1.0
2024-05-01,57568,BALL,BALL CORP,-1.0
2024-05-01,66384,WDC,WESTERN DIGITAL CORP,-1.0
2024-05-01,76136,KMPR,KEMPER CORP DE,-1.0
2024-05-01,76661,IONS,IONIS PHARMACEUTICALS INC,-1.0
2024-05-01,77730,TSN,TYSON FOODS INC,-1.0
2024-05-01,80069,ARWR,ARROWHEAD PHARMACEUTICALS INC,-1.0
2024-05-01,80286,TSCO,TRACTOR SUPPLY CO NEW,-1.0
2024-05-01,84319,LAD,LITHIA MOTORS INC,-1.0
2024-05-01,84761,TTWO,TAKE TWO INTERACTIVE SOFTWR INC,-1.0
2024-05-01,86288,CSGP,COSTAR GROUP INC,-1.0
2024-05-01,87356,TKO,T K O GROUP HOLDINGS INC,-1.0
2024-05-01,87812,SLAB,SILICON LABORATORIES INC,-1.0
2024-05-01,88853,FLR,FLUOR CORP NEW,-1.0
2024-05-01,89455,RUSHA,RUSH ENTERPRISES INC,-1.0
2024-05-01,90071,NRG,N R G ENERGY INC,-1.0
2024-05-01,91579,KBR,K B R INC,-1.0
2024-05-01,92294,UEC,URANIUM ENERGY CORP,-1.0
2024-05-01,93098,H,HYATT HOTELS CORP,-1.0
2024-05-01,93436,TSLA,TESLA INC,-1.0
2024-06-01,10107,MSFT,MICROSOFT CORP,1.0
2024-06-01,11018,FBP,FIRST BANCORP P R,1.0
2024-06-01,11691,MATX,MATSON INC,1.0
2024-06-01,11995,COKE,COCA COLA CONSOLIDATED INC,1.0
2024-06-01,12622,HCA,H C A HEALTHCARE INC,1.0
2024-06-01,12981,FBIN,FORTUNE BRANDS INNOVATIONS INC,1.0
2024-06-01,13407,META,META PLATFORMS INC,1.0
2024-06-01,13788,ZTS,ZOETIS INC,1.0
2024-06-01,13901,MO,ALTRIA GROUP INC,1.0
2024-06-01,13936,PVH,P V H CORP,1.0
2024-06-01,14318,NMIH,N M I HOLDINGS INC,1.0
2024-06-01,14593,AAPL,APPLE INC,1.0
2024-06-01,15850,MTCH,MATCH GROUP INC NEW,1.0
2024-06-01,16655,CVNA,CARVANA CO,1.0
2024-06-01,17223,ADT,A D T INC,1.0
2024-06-01,17332,VCTR,VICTORY CAPITAL HOLDINGS INC,1.0
2024-06-01,18064,FTDR,FRONTDOOR INC,1.0
2024-06-01,18091,CW,CURTISS WRIGHT CORP,1.0
2024-06-01,18973,BRC,BRADY CORP,1.0
2024-06-01,22111,JNJ,JOHNSON & JOHNSON,1.0
2024-06-01,22779,MSI,MOTOROLA SOLUTIONS INC,1.0
2024-06-01,27334,CSL,CARLISLE COMPANIES,1.0
2024-06-01,46690,CBT,CABOT CORP,1.0
2024-06-01,47706,FSS,FEDERAL SIGNAL CORP,1.0
2024-06-01,54253,MSA,M S A SAFETY INC,1.0
2024-06-01,55976,WMT,WALMART INC,1.0
2024-06-01,61313,DCI,DONALDSON INC,1.0
2024-06-01,62308,GL,GLOBE LIFE INC,1.0
2024-06-01,65307,RPM,R P M INTERNATIONAL INC,1.0
2024-06-01,66093,T,A T & T INC,1.0
2024-06-01,75603,CRUS,CIRRUS LOGIC INC,1.0
2024-06-01,78015,MTX,MINERALS TECHNOLOGIES INC,1.0
2024-06-01,79133,ATR,APTARGROUP INC,1.0
2024-06-01,79686,DECK,DECKERS OUTDOOR CORP,1.0
2024-06-01,79862,ROCK,GIBRALTAR INDUSTRIES INC,1.0
2024-06-01,82694,EME,EMCOR GROUP INC,1.0
2024-06-01,83779,PEGA,PEGASYSTEMS INC,1.0
2024-06-01,83799,STRA,STRATEGIC EDUCATION INC,1.0
2024-06-01,83976,ANF,ABERCROMBIE & FITCH CO,1.0
2024-06-01,85067,MMS,MAXIMUS INC,1.0
2024-06-01,85072,RL,RALPH LAUREN CORP,1.0
2024-06-01,85875,IBOC,INTERNATIONAL BANCSHARES CORP,1.0
2024-06-01,86026,IOSP,INNOSPEC INC,1.0
2024-06-01,86580,NVDA,NVIDIA CORP,1.0
2024-06-01,86783,BKNG,BOOKING HOLDINGS INC,1.0
2024-06-01,88860,ALGN,ALIGN TECHNOLOGY INC,1.0
2024-06-01,89968,PIPR,PIPER SANDLER COMPANIES,1.0
2024-06-01,90249,ENS,ENERSYS,1.0
2024-06-01,90319,GOOGL,ALPHABET INC,1.0
2024-06-01,91463,CVLT,COMMVAULT SYSTEMS INC,1.0
2024-06-01,91531,OC,OWENS CORNING NEW,1.0
2024-06-01,92852,LOPE,GRAND CANYON EDUCATION INC,1.0
2024-06-01,93035,SEM,SELECT MEDICAL HOLDINGS CORP,1.0
2024-06-01,93089,VRSK,VERISK ANALYTICS INC,1.0
2024-06-01,93312,SSNC,S S & C TECHNOLOGIES HLDGS INC,1.0
2024-06-01,92221,MELI,MERCADOLIBRE INC,0.990326
2024-06-01,90880,AMP,AMERIPRISE FINANCIAL INC,0.990043
2024-06-01,52337,THC,TENET HEALTHCARE CORP,0.971204
2024-06-01,12570,ITT,I T T INC,0.96767
2024-06-01,64186,CI,CIGNA GROUP,0.960799
2024-06-01,14229,OMF,ONEMAIN HOLDINGS INC,0.957331
2024-06-01,75510,ADBE,ADOBE INC,0.956543
2024-06-01,16076,GMS,G M S INC,0.956162
2024-06-01,84723,LNG,CHENIERE ENERGY INC,0.95034
2024-06-01,91668,IPGP,I P G PHOTONICS CORP,0.947245
2024-06-01,16260,MEDP,MEDPACE HOLDINGS INC,0.946873
2024-06-01,73139,SYK,STRYKER CORP,0.944051
2024-06-01,65402,AOS,SMITH A O CORP,0.929498
2024-06-01,75825,EOG,EOG RESOURCES INC,0.929068
2024-06-01,13284,ALSN,ALLISON TRANSMISSION HLDGS INC,0.92818
2024-06-01,89179,ELV,ELEVANCE HEALTH INC,0.921219
2024-06-01,91233,MA,MASTERCARD INC,0.920699
2024-06-01,90829,CF,C F INDUSTRIES HOLDINGS INC,0.913174
2024-06-01,13928,COP,CONOCOPHILLIPS,0.912128
2024-06-01,88661,TPR,TAPESTRY INC,0.906975
2024-06-01,89269,CNC,CENTENE CORP DEL,0.900174
2024-06-01,80864,RS,RELIANCE INC,0.894405
2024-06-01,87432,A,AGILENT TECHNOLOGIES INC,0.888908
2024-06-01,93330,PRI,PRIMERICA INC,0.887044
2024-06-01,90550,DLB,DOLBY LABORATORIES INC,0.886536
2024-06-01,13721,ABBV,ABBVIE INC,0.885123
2024-06-01,34032,MAS,MASCO CORP,0.88135
2024-06-01,85645,INGR,INGREDION INC,0.863984
2024-06-01,89070,ZBH,ZIMMER BIOMET HOLDINGS INC,0.863821
2024-06-01,59010,GPS,GAP INC,0.859666
2024-06-01,13911,IQV,IQVIA HOLDINGS INC,0.857722
2024-06-01,89525,CMCSA,COMCAST CORP NEW,0.850671
2024-06-01,80415,EXP,EAGLE MATERIALS INC,0.8466
2024-06-01,93132,FTNT,FORTINET INC,0.846239
2024-06-01,86102,FHI,FEDERATED HERMES INC,0.845486
2024-06-01,42550,NEU,NEWMARKET CORP,0.825241
2024-06-01,92402,MSCI,M S C I INC,0.816758
2024-06-01,85753,VRSN,VERISIGN INC,0.799067
2024-06-01,85631,ADSK,AUTODESK INC,0.765941
2024-06-01,90215,CRM,SALESFORCE INC,0.748973
2024-06-01,17005,CVS,C V S HEALTH CORP,0.746322
2024-06-01,41355,PH,PARKER HANNIFIN CORP,0.701297
2024-06-01,11884,IPAR,INTERMEDIATE PARFUMS INC,0.681719
2024-06-01,91575,HRI,HERC HOLDINGS INC,0.663182
2024-06-01,90386,MOS,MOSAIC CO NEW,0.562213
2024-06-01,57665,NKE,NIKE INC,0.53479
2024-06-01,85593,AMG,AFFILIATED MANAGERS GROUP INC,0.529211
2024-06-01,20894,APP,APPLOVIN CORP,0.520028
2024-06-01,82775,HIG,HARTFORD FINANCIAL SVCS GRP INC,0.51845
2024-06-01,39490,APA,A P A CORP,0.45299
2024-06-01,79758,BYD,BOYD GAMING CORP,0.436872
2024-06-01,14579,PAYC,PAYCOM SOFTWARE INC,0.377906
2024-06-01,77274,GILD,GILEAD SCIENCES INC,0.363524
2024-06-01,18163,PG,PROCTER & GAMBLE CO,0.331969
2024-06-01,87137,DVN,DEVON ENERGY CORP NEW,0.294877
2024-06-01,17783,CHX,CHAMPIONX CORP,0.260298
2024-06-01,88352,ISRG,INTUITIVE SURGICAL INC,0.250677
2024-06-01,23473,CINF,CINCINNATI FINANCIAL CORP,0.242194
2024-06-01,56223,LPX,LOUISIANA PACIFIC CORP,0.198663
2024-06-01,11731,AIN,ALBANY INTERNATIONAL CORP NEW,0.133846
2024-06-01,10933,MKL,MARKEL GROUP INC,0.117204
2024-06-01,18144,ACA,ARCOSA INC,0.100838
2024-06-01,82307,DVA,DAVITA INC,0.037909
2024-06-01,40539,TJX,T J X COMPANIES INC NEW,0.016307
2024-06-01,77357,SNPS,SYNOPSYS INC,0.013478
2024-06-01,46578,CLX,CLOROX CO,-0.003927
2024-06-01,91594,SPR,SPIRIT AEROSYSTEMS HOLDINGS INC,-0.004375
2024-06-01,18368,NFE,NEW FORTRESS ENERGY INC,-0.071848
2024-06-01,19849,SMMT,SUMMIT THERAPEUTICS INC,-0.166771
2024-06-01,76712,AES,A E S CORP,-0.171842
2024-06-01,15534,NTRA,NATERA INC,-0.202122
2024-06-01,91204,POR,PORTLAND GENERAL ELECTRIC CO,-0.412044
2024-06-01,75976,NEOG,NEOGEN CORP,-0.465468
2024-06-01,16595,SNAP,SNAP INC,-0.524516
2024-06-01,14596,FIVN,FIVE 9 INC,-0.579567
2024-06-01,17125,DNLI,DENALI THERAPEUTICS INC,-0.596893
2024-06-01,82651,WAT,WATERS CORP,-0.600515
2024-06-01,59328,INTC,INTEL CORP,-0.602801
2024-06-01,16381,BL,BLACKLINE INC,-0.619891
2024-06-01,38295,SPB,SPECTRUM BRANDS HOLDINGS INC NEW,-0.625647
2024-06-01,14988,LBRDK,LIBERTY BROADBAND CORP,-0.627993
2024-06-01,16924,DCPH,DECIPHERA PHARMACEUTICALS INC,-0.630369
2024-06-01,17700,DAY,DAYFORCE INC,-0.634651
2024-06-01,25320,CPB,CAMPBELL SOUP CO,-0.672005
2024-06-01,18770,BBIO,BRIDGEBIO PHARMA INC,-0.677128
2024-06-01,90520,CE,CELANESE CORP DEL,-0.714589
2024-06-01,16021,PR,PERMIAN RESOURCES CORP,-0.727852
2024-06-01,89297,CCOI,COGENT COMMUNICATIONS HLDS INC,-0.744164
2024-06-01,15452,EVH,EVOLENT HEALTH INC,-0.759464
2024-06-01,14436,RARE,ULTRAGENYX PHARMACEUTICALS INC,-0.764809
2024-06-01,58683,LUV,SOUTHWEST AIRLINES CO,-0.775855
2024-06-01,13688,PCG,P G & E CORP,-0.785097
2024-06-01,12373,HHH,HOWARD HUGHES HOLDINGS INC,-0.792145
2024-06-01,15119,WK,WORKIVA INC,-0.812924
2024-06-01,12473,KNX,KNIGHT SWIFT TRANSPORT HDLGS INC,-0.827724
2024-06-01,52476,EFX,EQUIFAX INC,-0.835041
2024-06-01,92220,MASI,MASIMO CORP,-0.839279
2024-06-01,86288,CSGP,COSTAR GROUP INC,-0.849622
2024-06-01,61241,AMD,ADVANCED MICRO DEVICES INC,-0.854654
2024-06-01,32870,HRL,HORMEL FOODS CORP,-0.866789
2024-06-01,16082,SITE,SITEONE LANDSCAPE SUPPLY INC,-0.868109
2024-06-01,93096,DG,DOLLAR GENERAL CORP NEW,-0.871877
2024-06-01,43350,SWK,STANLEY BLACK & DECKER INC,-0.876065
2024-06-01,15167,SHAK,SHAKE SHACK INC,-0.880098
2024-06-01,26825,K,KELLANOVA,-0.880126
2024-06-01,19413,ACI,ALBERTSONS COMPANIES INC,-0.887173
2024-06-01,89031,AXON,AXON ENTERPRISE INC,-0.891477
2024-06-01,90199,CBRE,C B R E GROUP INC,-0.896843
2024-06-01,16499,PK,PARK HOTELS & RESORTS INC,-0.897971
2024-06-01,89482,BANC,BANC OF CALIFORNIA INC,-0.902366
2024-06-01,10200,RGEN,REPLIGEN CORP,-0.903563
2024-06-01,10397,WERN,WERNER ENTERPRISES INC,-0.926631
2024-06-01,91041,LYV,LIVE NATION ENTERTAINMENT INC,-0.928042
2024-06-01,14432,ITCI,INTRA CELLULAR THERAPIES INC,-0.931945
2024-06-01,69649,RJF,RAYMOND JAMES FINANCIAL INC,-0.946782
2024-06-01,77730,TSN,TYSON FOODS INC,-0.947605
2024-06-01,19166,FMC,F M C CORP,-0.947737
2024-06-01,54704,MOD,MODINE MANUFACTURING CO,-0.956885
2024-06-01,82547,AEIS,ADVANCED ENERGY INDUSTRIES INC,-0.966127
2024-06-01,93436,TSLA,TESLA INC,-0.967213
2024-06-01,52978,HAS,HASBRO INC,-0.970789
2024-06-01,85789,CADE,CADENCE BANK,-0.975273
2024-06-01,19081,SITM,SITIME CORP,-0.975395
2024-06-01,14329,ARMK,ARAMARK,-0.98221
2024-06-01,93098,H,HYATT HOTELS CORP,-0.987741
2024-06-01,57568,BALL,BALL CORP,-0.993573
2024-06-01,11370,ENV,ENVESTNET INC,-1.0
2024-06-01,11644,CRK,COMSTOCK RESOURCES INC,-1.0
2024-06-01,14179,AR,ANTERO RESOURCES CORP,-1.0
2024-06-01,14574,MC,MOELIS & CO,-1.0
2024-06-01,14617,ARES,ARES MANAGEMENT CORP,-1.0
2024-06-01,15284,BPMC,BLUEPRINT MEDICINES CORP,-1.0
2024-06-01,15623,HLI,HOULIHAN LOKEY INC,-1.0
2024-06-01,16386,IRTC,IRHYTHM TECHNOLOGIES INC,-1.0
2024-06-01,16432,GT,GOODYEAR TIRE & RUBBER CO,-1.0
2024-06-01,16928,KRYS,KRYSTAL BIOTECH INC,-1.0
2024-06-01,17034,ALTR,ALTAIR ENGINEERING INC,-1.0
2024-06-01,17864,BJ,B J S WHOLESALE CLUB HLDGS INC,-1.0
2024-06-01,17959,CRNX,CRINETICS PHARMACEUTICALS INC,-1.0
2024-06-01,18312,MRNA,MODERNA INC,-1.0
2024-06-01,19201,RVMD,REVOLUTION MEDICINES INC,-1.0
2024-06-01,19285,CARR,CARRIER GLOBAL CORP,-1.0
2024-06-01,19484,PCVX,VAXCYTE INC,-1.0
2024-06-01,19502,WBA,WALGREENS BOOTS ALLIANCE INC,-1.0
2024-06-01,19547,CERE,CEREVEL THERAPEUTICS HLDGS INC,-1.0
2024-06-01,19561,BA,BOEING CO,-1.0
2024-06-01,19825,DYN,DYNE THERAPEUTICS INC,-1.0
2024-06-01,19880,MTZ,MASTEC INC,-1.0
2024-06-01,20646,OSCR,OSCAR HEALTH INC,-1.0
2024-06-01,20657,ACVA,A C V AUCTIONS INC,-1.0
2024-06-01,21087,PRVA,PRIVIA HEALTH GROUP INC,-1.0
2024-06-01,21207,NEM,NEWMONT CORP,-1.0
2024-06-01,22592,MMM,3M CO,-1.0
2024-06-01,23229,CMS,C M S ENERGY CORP,-1.0
2024-06-01,24328,EQT,E Q T CORP,-1.0
2024-06-01,27684,AVT,AVNET INC,-1.0
2024-06-01,42585,SJM,SMUCKER J M CO,-1.0
2024-06-01,43123,ATI,A T I INC,-1.0
2024-06-01,50017,RRC,RANGE RESOURCES CORP,-1.0
2024-06-01,50606,TDW,TIDEWATER INC NEW,-1.0
2024-06-01,53613,MU,MICRON TECHNOLOGY INC,-1.0
2024-06-01,55511,PNM,P N M RESOURCES INC,-1.0
2024-06-01,60580,TTC,TORO CO,-1.0
2024-06-01,61188,SWX,SOUTHWEST GAS HOLDINGS INC,-1.0
2024-06-01,63765,SWN,SOUTHWESTERN ENERGY CO,-1.0
2024-06-01,66384,WDC,WESTERN DIGITAL CORP,-1.0
2024-06-01,76136,KMPR,KEMPER CORP DE,-1.0
2024-06-01,76591,QDEL,QUIDELORTHO CORP,-1.0
2024-06-01,76661,IONS,IONIS PHARMACEUTICALS INC,-1.0
2024-06-01,79444,TALO,TALOS ENERGY INC,-1.0
2024-06-01,80069,ARWR,ARROWHEAD PHARMACEUTICALS INC,-1.0
2024-06-01,80286,TSCO,TRACTOR SUPPLY CO NEW,-1.0
2024-06-01,84761,TTWO,TAKE TWO INTERACTIVE SOFTWR INC,-1.0
2024-06-01,85464,CWST,CASELLA WASTE SYSTEMS INC,-1.0
2024-06-01,87356,TKO,T K O GROUP HOLDINGS INC,-1.0
2024-06-01,87812,SLAB,SILICON LABORATORIES INC,-1.0
2024-06-01,88853,FLR,FLUOR CORP NEW,-1.0
2024-06-01,89217,AAP,ADVANCE AUTO PARTS INC,-1.0
2024-06-01,89455,RUSHA,RUSH ENTERPRISES INC,-1.0
2024-06-01,91579,KBR,K B R INC,-1.0
2024-06-01,92294,UEC,URANIUM ENERGY CORP,-1.0
2024-07-01,10107,MSFT,MICROSOFT CORP,1.0
2024-07-01,11018,FBP,FIRST BANCORP P R,1.0
2024-07-01,11581,EPAC,ENERPAC TOOL GROUP CORP,1.0
2024-07-01,11691,MATX,MATSON INC,1.0
2024-07-01,11995,COKE,COCA COLA CONSOLIDATED INC,1.0
2024-07-01,12981,FBIN,FORTUNE BRANDS INNOVATIONS INC,1.0
2024-07-01,13407,META,META PLATFORMS INC,1.0
2024-07-01,13788,ZTS,ZOETIS INC,1.0
2024-07-01,13901,MO,ALTRIA GROUP INC,1.0
2024-07-01,14318,NMIH,N M I HOLDINGS INC,1.0
2024-07-01,14593,AAPL,APPLE INC,1.0
2024-07-01,16260,MEDP,MEDPACE HOLDINGS INC,1.0
2024-07-01,16655,CVNA,CARVANA CO,1.0
2024-07-01,17223,ADT,A D T INC,1.0
2024-07-01,18786,AMK,ASSETMARK FINANCIAL HOLDINGS INC,1.0
2024-07-01,22111,JNJ,JOHNSON & JOHNSON,1.0
2024-07-01,22779,MSI,MOTOROLA SOLUTIONS INC,1.0
2024-07-01,27334,CSL,CARLISLE COMPANIES,1.0
2024-07-01,54253,MSA,M S A SAFETY INC,1.0
2024-07-01,55976,WMT,WALMART INC,1.0
2024-07-01,56223,LPX,LOUISIANA PACIFIC CORP,1.0
2024-07-01,59010,GPS,GAP INC,1.0
2024-07-01,61313,DCI,DONALDSON INC,1.0
2024-07-01,62308,GL,GLOBE LIFE INC,1.0
2024-07-01,65307,RPM,R P M INTERNATIONAL INC,1.0
2024-07-01,66093,T,A T & T INC,1.0
2024-07-01,75510,ADBE,ADOBE INC,1.0
2024-07-01,75603,CRUS,CIRRUS LOGIC INC,1.0
2024-07-01,76582,DORM,DORMAN PRODUCTS INC,1.0
2024-07-01,79133,ATR,APTARGROUP INC,1.0
2024-07-01,79862,ROCK,GIBRALTAR INDUSTRIES INC,1.0
2024-07-01,83779,PEGA,PEGASYSTEMS INC,1.0
2024-07-01,83799,STRA,STRATEGIC EDUCATION INC,1.0
2024-07-01,83976,ANF,ABERCROMBIE & FITCH CO,1.0
2024-07-01,84723,LNG,CHENIERE ENERGY INC,1.0
2024-07-01,85768,IESC,I E S HOLDINGS INC,1.0
2024-07-01,86026,IOSP,INNOSPEC INC,1.0
2024-07-01,86580,NVDA,NVIDIA CORP,1.0
2024-07-01,89968,PIPR,PIPER SANDLER COMPANIES,1.0
2024-07-01,90319,GOOGL,ALPHABET INC,1.0
2024-07-01,91234,MWA,MUELLER WATER PRODUCTS INC,1.0
2024-07-01,91463,CVLT,COMMVAULT SYSTEMS INC,1.0
2024-07-01,92852,LOPE,GRAND CANYON EDUCATION INC,1.0
2024-07-01,93089,VRSK,VERISK ANALYTICS INC,1.0
2024-07-01,93312,SSNC,S S & C TECHNOLOGIES HLDGS INC,1.0
2024-07-01,85067,MMS,MAXIMUS INC,0.991229
2024-07-01,15850,MTCH,MATCH GROUP INC NEW,0.987713
2024-07-01,90880,AMP,AMERIPRISE FINANCIAL INC,0.964599
2024-07-01,18973,BRC,BRADY CORP,0.962918
2024-07-01,90249,ENS,ENERSYS,0.957909
2024-07-01,91531,OC,OWENS CORNING NEW,0.955283
2024-07-01,18091,CW,CURTISS WRIGHT CORP,0.954754
2024-07-01,78015,MTX,MINERALS TECHNOLOGIES INC,0.954492
2024-07-01,52337,THC,TENET HEALTHCARE CORP,0.951468
2024-07-01,18064,FTDR,FRONTDOOR INC,0.951204
2024-07-01,12622,HCA,H C A HEALTHCARE INC,0.943361
2024-07-01,14229,OMF,ONEMAIN HOLDINGS INC,0.941103
2024-07-01,73139,SYK,STRYKER CORP,0.940047
2024-07-01,92221,MELI,MERCADOLIBRE INC,0.939076
2024-07-01,12570,ITT,I T T INC,0.939057
2024-07-01,13721,ABBV,ABBVIE INC,0.937904
2024-07-01,85072,RL,RALPH LAUREN CORP,0.93704
2024-07-01,85631,ADSK,AUTODESK INC,0.93698
2024-07-01,82694,EME,EMCOR GROUP INC,0.935205
2024-07-01,75825,EOG,EOG RESOURCES INC,0.935082
2024-07-01,88860,ALGN,ALIGN TECHNOLOGY INC,0.934524
2024-07-01,13284,ALSN,ALLISON TRANSMISSION HLDGS INC,0.925453
2024-07-01,93330,PRI,PRIMERICA INC,0.925364
2024-07-01,64186,CI,CIGNA GROUP,0.921493
2024-07-01,17332,VCTR,VICTORY CAPITAL HOLDINGS INC,0.920191
2024-07-01,91668,IPGP,I P G PHOTONICS CORP,0.917781
2024-07-01,47706,FSS,FEDERAL SIGNAL CORP,0.905134
2024-07-01,65402,AOS,SMITH A O CORP,0.904994
2024-07-01,91233,MA,MASTERCARD INC,0.904731
2024-07-01,89179,ELV,ELEVANCE HEALTH INC,0.895902
2024-07-01,88661,TPR,TAPESTRY INC,0.895836
2024-07-01,46690,CBT,CABOT CORP,0.894115
2024-07-01,13928,COP,CONOCOPHILLIPS,0.89192
2024-07-01,79686,DECK,DECKERS OUTDOOR CORP,0.88072
2024-07-01,87432,A,AGILENT TECHNOLOGIES INC,0.879925
2024-07-01,13936,PVH,P V H CORP,0.878319
2024-07-01,90550,DLB,DOLBY LABORATORIES INC,0.863399
2024-07-01,93132,FTNT,FORTINET INC,0.8563
2024-07-01,80864,RS,RELIANCE INC,0.845576
2024-07-01,90829,CF,C F INDUSTRIES HOLDINGS INC,0.845154
2024-07-01,85645,INGR,INGREDION INC,0.839258
2024-07-01,34032,MAS,MASCO CORP,0.836748
2024-07-01,86102,FHI,FEDERATED HERMES INC,0.834606
2024-07-01,89269,CNC,CENTENE CORP DEL,0.829944
2024-07-01,89525,CMCSA,COMCAST CORP NEW,0.828673
2024-07-01,13911,IQV,IQVIA HOLDINGS INC,0.824235
2024-07-01,90215,CRM,SALESFORCE INC,0.818276
2024-07-01,89070,ZBH,ZIMMER BIOMET HOLDINGS INC,0.812404
2024-07-01,85753,VRSN,VERISIGN INC,0.811723
2024-07-01,42550,NEU,NEWMARKET CORP,0.795558
2024-07-01,92402,MSCI,M S C I INC,0.791237
2024-07-01,80415,EXP,EAGLE MATERIALS INC,0.789579
2024-07-01,17005,CVS,C V S HEALTH CORP,0.736481
2024-07-01,41355,PH,PARKER HANNIFIN CORP,0.664482
2024-07-01,91575,HRI,HERC HOLDINGS INC,0.606594
2024-07-01,16076,GMS,G M S INC,0.581953
2024-07-01,20894,APP,APPLOVIN CORP,0.528988
2024-07-01,85593,AMG,AFFILIATED MANAGERS GROUP INC,0.506295
2024-07-01,82775,HIG,HARTFORD FINANCIAL SVCS GRP INC,0.504058
2024-07-01,79637,UHS,UNIVERSAL HEALTH SERVICES INC,0.50362
2024-07-01,79758,BYD,BOYD GAMING CORP,0.451084
2024-07-01,57665,NKE,NIKE INC,0.423519
2024-07-01,14579,PAYC,PAYCOM SOFTWARE INC,0.370417
2024-07-01,18163,PG,PROCTER & GAMBLE CO,0.331366
2024-07-01,87137,DVN,DEVON ENERGY CORP NEW,0.285755
2024-07-01,88352,ISRG,INTUITIVE SURGICAL INC,0.276281
2024-07-01,17783,CHX,CHAMPIONX CORP,0.263932
2024-07-01,23473,CINF,CINCINNATI FINANCIAL CORP,0.244
2024-07-01,70228,TOL,TOLL BROTHERS INC,0.209153
2024-07-01,39490,APA,A P A CORP,0.206179
2024-07-01,81677,WAB,WABTEC CORP,0.201477
2024-07-01,11731,AIN,ALBANY INTERNATIONAL CORP NEW,0.128701
2024-07-01,10933,MKL,MARKEL GROUP INC,0.112013
2024-07-01,18144,ACA,ARCOSA INC,0.095261
2024-07-01,82307,DVA,DAVITA INC,0.03555
2024-07-01,40539,TJX,T J X COMPANIES INC NEW,0.017347
2024-07-01,46578,CLX,CLOROX CO,-0.004057
2024-07-01,18368,NFE,NEW FORTRESS ENERGY INC,-0.062283
2024-07-01,76712,AES,A E S CORP,-0.139137
2024-07-01,19849,SMMT,SUMMIT THERAPEUTICS INC,-0.149089
2024-07-01,15534,NTRA,NATERA INC,-0.204627
2024-07-01,26825,K,KELLANOVA,-0.362365
2024-07-01,91204,POR,PORTLAND GENERAL ELECTRIC CO,-0.402824
2024-07-01,82651,WAT,WATERS CORP,-0.561529
2024-07-01,16595,SNAP,SNAP INC,-0.577877
2024-07-01,59328,INTC,INTEL CORP,-0.602659
2024-07-01,16381,BL,BLACKLINE INC,-0.626817
2024-07-01,90520,CE,CELANESE CORP DEL,-0.631037
2024-07-01,14988,LBRDK,LIBERTY BROADBAND CORP,-0.633878
2024-07-01,16021,PR,PERMIAN RESOURCES CORP,-0.714192
2024-07-01,13688,PCG,P G & E CORP,-0.736549
2024-07-01,19502,WBA,WALGREENS BOOTS ALLIANCE INC,-0.741559
2024-07-01,76591,QDEL,QUIDELORTHO CORP,-0.747629
2024-07-01,10200,RGEN,REPLIGEN CORP,-0.760262
2024-07-01,15119,WK,WORKIVA INC,-0.767536
2024-07-01,12373,HHH,HOWARD HUGHES HOLDINGS INC,-0.771194
2024-07-01,17700,DAY,DAYFORCE INC,-0.773108
2024-07-01,20646,OSCR,OSCAR HEALTH INC,-0.78846
2024-07-01,86288,CSGP,COSTAR GROUP INC,-0.802316
2024-07-01,43350,SWK,STANLEY BLACK & DECKER INC,-0.807121
2024-07-01,61241,AMD,ADVANCED MICRO DEVICES INC,-0.827112
2024-07-01,58683,LUV,SOUTHWEST AIRLINES CO,-0.829055
2024-07-01,15167,SHAK,SHAKE SHACK INC,-0.831113
2024-07-01,93096,DG,DOLLAR GENERAL CORP NEW,-0.838477
2024-07-01,19413,ACI,ALBERTSONS COMPANIES INC,-0.845259
2024-07-01,32870,HRL,HORMEL FOODS CORP,-0.849503
2024-07-01,57568,BALL,BALL CORP,-0.85728
2024-07-01,16499,PK,PARK HOTELS & RESORTS INC,-0.858597
2024-07-01,52476,EFX,EQUIFAX INC,-0.871546
2024-07-01,87812,SLAB,SILICON LABORATORIES INC,-0.872708
2024-07-01,10397,WERN,WERNER ENTERPRISES INC,-0.879892
2024-07-01,43123,ATI,A T I INC,-0.899853
2024-07-01,19166,FMC,F M C CORP,-0.899979
2024-07-01,61188,SWX,SOUTHWEST GAS HOLDINGS INC,-0.902951
2024-07-01,90199,CBRE,C B R E GROUP INC,-0.903734
2024-07-01,50017,RRC,RANGE RESOURCES CORP,-0.906363
2024-07-01,14179,AR,ANTERO RESOURCES CORP,-0.911676
2024-07-01,14401,OGS,ONE GAS INC,-0.916812
2024-07-01,50606,TDW,TIDEWATER INC NEW,-0.917292
2024-07-01,16432,GT,GOODYEAR TIRE & RUBBER CO,-0.91789
2024-07-01,89455,RUSHA,RUSH ENTERPRISES INC,-0.923639
2024-07-01,91041,LYV,LIVE NATION ENTERTAINMENT INC,-0.924214
2024-07-01,89031,AXON,AXON ENTERPRISE INC,-0.927584
2024-07-01,23229,CMS,C M S ENERGY CORP,-0.941847
2024-07-01,77730,TSN,TYSON FOODS INC,-0.941876
2024-07-01,80286,TSCO,TRACTOR SUPPLY CO NEW,-0.94228
2024-07-01,27684,AVT,AVNET INC,-0.944284
2024-07-01,52978,HAS,HASBRO INC,-0.945998
2024-07-01,54704,MOD,MODINE MANUFACTURING CO,-0.946017
2024-07-01,19880,MTZ,MASTEC INC,-0.949015
2024-07-01,69649,RJF,RAYMOND JAMES FINANCIAL INC,-0.94951
2024-07-01,14617,ARES,ARES MANAGEMENT CORP,-0.953388
2024-07-01,55511,PNM,P N M RESOURCES INC,-0.959881
2024-07-01,85789,CADE,CADENCE BANK,-0.970994
2024-07-01,42585,SJM,SMUCKER J M CO,-0.972586
2024-07-01,82547,AEIS,ADVANCED ENERGY INDUSTRIES INC,-0.974102
2024-07-01,91579,KBR,K B R INC,-0.975023
2024-07-01,85464,CWST,CASELLA WASTE SYSTEMS INC,-0.982255
2024-07-01,76136,KMPR,KEMPER CORP DE,-0.987352
2024-07-01,19081,SITM,SITIME CORP,-0.99187
2024-07-01,17864,BJ,B J S WHOLESALE CLUB HLDGS INC,-0.993263
2024-07-01,19002,BWIN,BALDWIN INSURANCE GROUP INC,-0.998494
2024-07-01,88853,FLR,FLUOR CORP NEW,-0.999331
2024-07-01,10258,CLDX,CELLDEX THERAPEUTICS INC,-1.0
2024-07-01,11644,CRK,COMSTOCK RESOURCES INC,-1.0
2024-07-01,12473,KNX,KNIGHT SWIFT TRANSPORT HDLGS INC,-1.0
2024-07-01,14044,AGIO,AGIOS PHARMACEUTICALS INC,-1.0
2024-07-01,14329,ARMK,ARAMARK,-1.0
2024-07-01,14432,ITCI,INTRA CELLULAR THERAPIES INC,-1.0
2024-07-01,14436,RARE,ULTRAGENYX PHARMACEUTICALS INC,-1.0
2024-07-01,14472,VRNS,VARONIS SYSTEMS INC,-1.0
2024-07-01,14574,MC,MOELIS & CO,-1.0
2024-07-01,14596,FIVN,FIVE 9 INC,-1.0
2024-07-01,15284,BPMC,BLUEPRINT MEDICINES CORP,-1.0
2024-07-01,16386,IRTC,IRHYTHM TECHNOLOGIES INC,-1.0
2024-07-01,17034,ALTR,ALTAIR ENGINEERING INC,-1.0
2024-07-01,17125,DNLI,DENALI THERAPEUTICS INC,-1.0
2024-07-01,17959,CRNX,CRINETICS PHARMACEUTICALS INC,-1.0
2024-07-01,18312,MRNA,MODERNA INC,-1.0
2024-07-01,18735,GO,GROCERY OUTLET HOLDING CORP,-1.0
2024-07-01,18770,BBIO,BRIDGEBIO PHARMA INC,-1.0
2024-07-01,19201,RVMD,REVOLUTION MEDICINES INC,-1.0
2024-07-01,19285,CARR,CARRIER GLOBAL CORP,-1.0
2024-07-01,19484,PCVX,VAXCYTE INC,-1.0
2024-07-01,19547,CERE,CEREVEL THERAPEUTICS HLDGS INC,-1.0
2024-07-01,19561,BA,BOEING CO,-1.0
2024-07-01,20657,ACVA,A C V AUCTIONS INC,-1.0
2024-07-01,21087,PRVA,PRIVIA HEALTH GROUP INC,-1.0
2024-07-01,21207,NEM,NEWMONT CORP,-1.0
2024-07-01,22592,MMM,3M CO,-1.0
2024-07-01,24328,EQT,E Q T CORP,-1.0
2024-07-01,25320,CPB,CAMPBELL SOUP CO,-1.0
2024-07-01,53613,MU,MICRON TECHNOLOGY INC,-1.0
2024-07-01,54594,AIR,A A R CORP,-1.0
2024-07-01,60580,TTC,TORO CO,-1.0
2024-07-01,63765,SWN,SOUTHWESTERN ENERGY CO,-1.0
2024-07-01,66376,WSO,WATSCO INC,-1.0
2024-07-01,66384,WDC,WESTERN DIGITAL CORP,-1.0
2024-07-01,76661,IONS,IONIS PHARMACEUTICALS INC,-1.0
2024-07-01,79444,TALO,TALOS ENERGY INC,-1.0
2024-07-01,80069,ARWR,ARROWHEAD PHARMACEUTICALS INC,-1.0
2024-07-01,84319,LAD,LITHIA MOTORS INC,-1.0
2024-07-01,84761,TTWO,TAKE TWO INTERACTIVE SOFTWR INC,-1.0
2024-07-01,85002,SRPT,SAREPTA THERAPEUTICS INC,-1.0
2024-07-01,87356,TKO,T K O GROUP HOLDINGS INC,-1.0
2024-07-01,89297,CCOI,COGENT COMMUNICATIONS HLDS INC,-1.0
2024-07-01,89482,BANC,BANC OF CALIFORNIA INC,-1.0
2024-07-01,91594,SPR,SPIRIT AEROSYSTEMS HOLDINGS INC,-1.0
2024-07-01,93098,H,HYATT HOTELS CORP,-1.0
2024-07-01,93436,TSLA,TESLA INC,-1.0
2024-08-01,11018,FBP,FIRST BANCORP P R,1.0
2024-08-01,11581,EPAC,ENERPAC TOOL GROUP CORP,1.0
2024-08-01,11691,MATX,MATSON INC,1.0
2024-08-01,11995,COKE,COCA COLA CONSOLIDATED INC,1.0
2024-08-01,12570,ITT,I T T INC,1.0
2024-08-01,12622,HCA,H C A HEALTHCARE INC,1.0
2024-08-01,12981,FBIN,FORTUNE BRANDS INNOVATIONS INC,1.0
2024-08-01,13284,ALSN,ALLISON TRANSMISSION HLDGS INC,1.0
2024-08-01,13407,META,META PLATFORMS INC,1.0
2024-08-01,13721,ABBV,ABBVIE INC,1.0
2024-08-01,13788,ZTS,ZOETIS INC,1.0
2024-08-01,13901,MO,ALTRIA GROUP INC,1.0
2024-08-01,14229,OMF,ONEMAIN HOLDINGS INC,1.0
2024-08-01,14318,NMIH,N M I HOLDINGS INC,1.0
2024-08-01,14593,AAPL,APPLE INC,1.0
2024-08-01,15850,MTCH,MATCH GROUP INC NEW,1.0
2024-08-01,16655,CVNA,CARVANA CO,1.0
2024-08-01,17223,ADT,A D T INC,1.0
2024-08-01,17332,VCTR,VICTORY CAPITAL HOLDINGS INC,1.0
2024-08-01,18064,FTDR,FRONTDOOR INC,1.0
2024-08-01,18091,CW,CURTISS WRIGHT CORP,1.0
2024-08-01,18973,BRC,BRADY CORP,1.0
2024-08-01,22111,JNJ,JOHNSON & JOHNSON,1.0
2024-08-01,22779,MSI,MOTOROLA SOLUTIONS INC,1.0
2024-08-01,27334,CSL,CARLISLE COMPANIES,1.0
2024-08-01,47706,FSS,FEDERAL SIGNAL CORP,1.0
2024-08-01,52337,THC,TENET HEALTHCARE CORP,1.0
2024-08-01,54253,MSA,M S A SAFETY INC,1.0
2024-08-01,55976,WMT,WALMART INC,1.0
2024-08-01,56223,LPX,LOUISIANA PACIFIC CORP,1.0
2024-08-01,58246,NTRS,NORTHERN TRUST CORP,1.0
2024-08-01,61313,DCI,DONALDSON INC,1.0
2024-08-01,62308,GL,GLOBE LIFE INC,1.0
2024-08-01,65307,RPM,R P M INTERNATIONAL INC,1.0
2024-08-01,66093,T,A T & T INC,1.0
2024-08-01,75510,ADBE,ADOBE INC,1.0
2024-08-01,75603,CRUS,CIRRUS LOGIC INC,1.0
2024-08-01,76582,DORM,DORMAN PRODUCTS INC,1.0
2024-08-01,79133,ATR,APTARGROUP INC,1.0
2024-08-01,79862,ROCK,GIBRALTAR INDUSTRIES INC,1.0
2024-08-01,83779,PEGA,PEGASYSTEMS INC,1.0
2024-08-01,84723,LNG,CHENIERE ENERGY INC,1.0
2024-08-01,85067,MMS,MAXIMUS INC,1.0
2024-08-01,85768,IESC,I E S HOLDINGS INC,1.0
2024-08-01,86026,IOSP,INNOSPEC INC,1.0
2024-08-01,86580,NVDA,NVIDIA CORP,1.0
2024-08-01,89968,PIPR,PIPER SANDLER COMPANIES,1.0
2024-08-01,90249,ENS,ENERSYS,1.0
2024-08-01,90319,GOOGL,ALPHABET INC,1.0
2024-08-01,91234,MWA,MUELLER WATER PRODUCTS INC,1.0
2024-08-01,91463,CVLT,COMMVAULT SYSTEMS INC,1.0
2024-08-01,91531,OC,OWENS CORNING NEW,1.0
2024-08-01,92852,LOPE,GRAND CANYON EDUCATION INC,1.0
2024-08-01,93179,PPC,PILGRIMS PRIDE CORP NEW,1.0
2024-08-01,93312,SSNC,S S & C TECHNOLOGIES HLDGS INC,1.0
2024-08-01,93330,PRI,PRIMERICA INC,1.0
2024-08-01,18786,AMK,ASSETMARK FINANCIAL HOLDINGS INC,0.993842
2024-08-01,59010,GPS,GAP INC,0.984627
2024-08-01,14406,ESI,ELEMENT SOLUTIONS INC,0.983467
2024-08-01,34032,MAS,MASCO CORP,0.973122
2024-08-01,46690,CBT,CABOT CORP,0.971637
2024-08-01,64186,CI,CIGNA GROUP,0.967607
2024-08-01,90880,AMP,AMERIPRISE FINANCIAL INC,0.966558
2024-08-01,93089,VRSK,VERISK ANALYTICS INC,0.966352
2024-08-01,82694,EME,EMCOR GROUP INC,0.95797
2024-08-01,87432,A,AGILENT TECHNOLOGIES INC,0.957475
2024-08-01,13911,IQV,IQVIA HOLDINGS INC,0.95597
2024-08-01,92221,MELI,MERCADOLIBRE INC,0.949224
2024-08-01,91233,MA,MASTERCARD INC,0.948125
2024-08-01,83799,STRA,STRATEGIC EDUCATION INC,0.947756
2024-08-01,75825,EOG,EOG RESOURCES INC,0.944061
2024-08-01,65402,AOS,SMITH A O CORP,0.940347
2024-08-01,85072,RL,RALPH LAUREN CORP,0.935463
2024-08-01,85631,ADSK,AUTODESK INC,0.932831
2024-08-01,10107,MSFT,MICROSOFT CORP,0.9313
2024-08-01,16260,MEDP,MEDPACE HOLDINGS INC,0.924074
2024-08-01,85645,INGR,INGREDION INC,0.912298
2024-08-01,73139,SYK,STRYKER CORP,0.900254
2024-08-01,80864,RS,RELIANCE INC,0.897728
2024-08-01,78015,MTX,MINERALS TECHNOLOGIES INC,0.895131
2024-08-01,88860,ALGN,ALIGN TECHNOLOGY INC,0.893155
2024-08-01,92402,MSCI,M S C I INC,0.884429
2024-08-01,89525,CMCSA,COMCAST CORP NEW,0.876535
2024-08-01,91668,IPGP,I P G PHOTONICS CORP,0.870064
2024-08-01,90829,CF,C F INDUSTRIES HOLDINGS INC,0.867056
2024-08-01,13928,COP,CONOCOPHILLIPS,0.862921
2024-08-01,42550,NEU,NEWMARKET CORP,0.861711
2024-08-01,90550,DLB,DOLBY LABORATORIES INC,0.85421
2024-08-01,85753,VRSN,VERISIGN INC,0.849946
2024-08-01,13936,PVH,P V H CORP,0.841992
2024-08-01,79686,DECK,DECKERS OUTDOOR CORP,0.835335
2024-08-01,88661,TPR,TAPESTRY INC,0.835089
2024-08-01,89070,ZBH,ZIMMER BIOMET HOLDINGS INC,0.829686
2024-08-01,83976,ANF,ABERCROMBIE & FITCH CO,0.824574
2024-08-01,90215,CRM,SALESFORCE INC,0.821137
2024-08-01,93132,FTNT,FORTINET INC,0.820583
2024-08-01,17005,CVS,C V S HEALTH CORP,0.757425
2024-08-01,41355,PH,PARKER HANNIFIN CORP,0.734064
2024-08-01,85593,AMG,AFFILIATED MANAGERS GROUP INC,0.599154
2024-08-01,79637,UHS,UNIVERSAL HEALTH SERVICES INC,0.57976
2024-08-01,82775,HIG,HARTFORD FINANCIAL SVCS GRP INC,0.553724
2024-08-01,89179,ELV,ELEVANCE HEALTH INC,0.541878
2024-08-01,79758,BYD,BOYD GAMING CORP,0.496197
2024-08-01,20894,APP,APPLOVIN CORP,0.487594
2024-08-01,57665,NKE,NIKE INC,0.477326
2024-08-01,14579,PAYC,PAYCOM SOFTWARE INC,0.430175
2024-08-01,87137,DVN,DEVON ENERGY CORP NEW,0.282178
2024-08-01,88352,ISRG,INTUITIVE SURGICAL INC,0.27483
2024-08-01,17783,CHX,CHAMPIONX CORP,0.271833
2024-08-01,23473,CINF,CINCINNATI FINANCIAL CORP,0.268717
2024-08-01,70228,TOL,TOLL BROTHERS INC,0.258705
2024-08-01,81677,WAB,WABTEC CORP,0.20448
2024-08-01,11731,AIN,ALBANY INTERNATIONAL CORP NEW,0.142009
2024-08-01,10933,MKL,MARKEL GROUP INC,0.115978
2024-08-01,18144,ACA,ARCOSA INC,0.105722
2024-08-01,82307,DVA,DAVITA INC,0.034882
2024-08-01,40539,TJX,T J X COMPANIES INC NEW,0.017725
2024-08-01,46578,CLX,CLOROX CO,-0.003903
2024-08-01,18368,NFE,NEW FORTRESS ENERGY INC,-0.055642
2024-08-01,76712,AES,A E S CORP,-0.140224
2024-08-01,15534,NTRA,NATERA INC,-0.192515
2024-08-01,26825,K,KELLANOVA,-0.363611
2024-08-01,91204,POR,PORTLAND GENERAL ELECTRIC CO,-0.439495
2024-08-01,90775,THS,TREEHOUSE FOODS INC,-0.450567
2024-08-01,16595,SNAP,SNAP INC,-0.460693
2024-08-01,59328,INTC,INTEL CORP,-0.595344
2024-08-01,16381,BL,BLACKLINE INC,-0.611833
2024-08-01,52476,EFX,EQUIFAX INC,-0.627495
2024-08-01,82651,WAT,WATERS CORP,-0.648227
2024-08-01,61188,SWX,SOUTHWEST GAS HOLDINGS INC,-0.65839
2024-08-01,90520,CE,CELANESE CORP DEL,-0.660664
2024-08-01,19502,WBA,WALGREENS BOOTS ALLIANCE INC,-0.72427
2024-08-01,17944,TENB,TENABLE HOLDINGS INC,-0.724574
2024-08-01,61241,AMD,ADVANCED MICRO DEVICES INC,-0.73281
2024-08-01,93096,DG,DOLLAR GENERAL CORP NEW,-0.762953
2024-08-01,13688,PCG,P G & E CORP,-0.766405
2024-08-01,15119,WK,WORKIVA INC,-0.772122
2024-08-01,14988,LBRDK,LIBERTY BROADBAND CORP,-0.776237
2024-08-01,50017,RRC,RANGE RESOURCES CORP,-0.839921
2024-08-01,86288,CSGP,COSTAR GROUP INC,-0.840524
2024-08-01,19413,ACI,ALBERTSONS COMPANIES INC,-0.84968
2024-08-01,16499,PK,PARK HOTELS & RESORTS INC,-0.859137
2024-08-01,20646,OSCR,OSCAR HEALTH INC,-0.877447
2024-08-01,12373,HHH,HOWARD HUGHES HOLDINGS INC,-0.878803
2024-08-01,76591,QDEL,QUIDELORTHO CORP,-0.880714
2024-08-01,92782,MYRG,M Y R GROUP INC DE,-0.885342
2024-08-01,69649,RJF,RAYMOND JAMES FINANCIAL INC,-0.889835
2024-08-01,85002,SRPT,SAREPTA THERAPEUTICS INC,-0.895542
2024-08-01,17034,ALTR,ALTAIR ENGINEERING INC,-0.896186
2024-08-01,32870,HRL,HORMEL FOODS CORP,-0.898911
2024-08-01,16021,PR,PERMIAN RESOURCES CORP,-0.907178
2024-08-01,57568,BALL,BALL CORP,-0.90766
2024-08-01,19166,FMC,F M C CORP,-0.908406
2024-08-01,80286,TSCO,TRACTOR SUPPLY CO NEW,-0.914528
2024-08-01,89031,AXON,AXON ENTERPRISE INC,-0.941404
2024-08-01,16432,GT,GOODYEAR TIRE & RUBBER CO,-0.941871
2024-08-01,87812,SLAB,SILICON LABORATORIES INC,-0.943538
2024-08-01,91041,LYV,LIVE NATION ENTERTAINMENT INC,-0.944015
2024-08-01,93098,H,HYATT HOTELS CORP,-0.965076
2024-08-01,27684,AVT,AVNET INC,-0.981465
2024-08-01,17864,BJ,B J S WHOLESALE CLUB HLDGS INC,-0.989941
2024-08-01,14401,OGS,ONE GAS INC,-0.995487
2024-08-01,77730,TSN,TYSON FOODS INC,-0.999417
2024-08-01,10200,RGEN,REPLIGEN CORP,-1.0
2024-08-01,10397,WERN,WERNER ENTERPRISES INC,-1.0
2024-08-01,11644,CRK,COMSTOCK RESOURCES INC,-1.0
2024-08-01,12473,KNX,KNIGHT SWIFT TRANSPORT HDLGS INC,-1.0
2024-08-01,13877,IBTX,INDEPENDENT BANK GROUP INC,-1.0
2024-08-01,14044,AGIO,AGIOS PHARMACEUTICALS INC,-1.0
2024-08-01,14179,AR,ANTERO RESOURCES CORP,-1.0
2024-08-01,14329,ARMK,ARAMARK,-1.0
2024-08-01,14432,ITCI,INTRA CELLULAR THERAPIES INC,-1.0
2024-08-01,14436,RARE,ULTRAGENYX PHARMACEUTICALS INC,-1.0
2024-08-01,14472,VRNS,VARONIS SYSTEMS INC,-1.0
2024-08-01,14574,MC,MOELIS & CO,-1.0
2024-08-01,14596,FIVN,FIVE 9 INC,-1.0
2024-08-01,14617,ARES,ARES MANAGEMENT CORP,-1.0
2024-08-01,14882,CZR,CAESARS ENTERTAINMENT INC DE,-1.0
2024-08-01,15284,BPMC,BLUEPRINT MEDICINES CORP,-1.0
2024-08-01,16386,IRTC,IRHYTHM TECHNOLOGIES INC,-1.0
2024-08-01,17125,DNLI,DENALI THERAPEUTICS INC,-1.0
2024-08-01,17959,CRNX,CRINETICS PHARMACEUTICALS INC,-1.0
2024-08-01,18190,AXNX,AXONICS INC,-1.0
2024-08-01,18312,MRNA,MODERNA INC,-1.0
2024-08-01,19002,BWIN,BALDWIN INSURANCE GROUP INC,-1.0
2024-08-01,19081,SITM,SITIME CORP,-1.0
2024-08-01,19201,RVMD,REVOLUTION MEDICINES INC,-1.0
2024-08-01,19285,CARR,CARRIER GLOBAL CORP,-1.0
2024-08-01,19561,BA,BOEING CO,-1.0
2024-08-01,19825,DYN,DYNE THERAPEUTICS INC,-1.0
2024-08-01,19849,SMMT,SUMMIT THERAPEUTICS INC,-1.0
2024-08-01,20657,ACVA,A C V AUCTIONS INC,-1.0
2024-08-01,21087,PRVA,PRIVIA HEALTH GROUP INC,-1.0
2024-08-01,21207,NEM,NEWMONT CORP,-1.0
2024-08-01,22592,MMM,3M CO,-1.0
2024-08-01,23229,CMS,C M S ENERGY CORP,-1.0
2024-08-01,24328,EQT,E Q T CORP,-1.0
2024-08-01,25320,CPB,CAMPBELL SOUP CO,-1.0
2024-08-01,42585,SJM,SMUCKER J M CO,-1.0
2024-08-01,43123,ATI,A T I INC,-1.0
2024-08-01,43350,SWK,STANLEY BLACK & DECKER INC,-1.0
2024-08-01,52978,HAS,HASBRO INC,-1.0
2024-08-01,54594,AIR,A A R CORP,-1.0
2024-08-01,54704,MOD,MODINE MANUFACTURING CO,-1.0
2024-08-01,55511,PNM,P N M RESOURCES INC,-1.0
2024-08-01,58683,LUV,SOUTHWEST AIRLINES CO,-1.0
2024-08-01,60580,TTC,TORO CO,-1.0
2024-08-01,63765,SWN,SOUTHWESTERN ENERGY CO,-1.0
2024-08-01,66376,WSO,WATSCO INC,-1.0
2024-08-01,66384,WDC,WESTERN DIGITAL CORP,-1.0
2024-08-01,76136,KMPR,KEMPER CORP DE,-1.0
2024-08-01,76282,AN,AUTONATION INC DEL,-1.0
2024-08-01,76661,IONS,IONIS PHARMACEUTICALS INC,-1.0
2024-08-01,79444,TALO,TALOS ENERGY INC,-1.0
2024-08-01,80069,ARWR,ARROWHEAD PHARMACEUTICALS INC,-1.0
2024-08-01,82547,AEIS,ADVANCED ENERGY INDUSTRIES INC,-1.0
2024-08-01,84319,LAD,LITHIA MOTORS INC,-1.0
2024-08-01,84385,NSP,INSPERITY INC,-1.0
2024-08-01,84761,TTWO,TAKE TWO INTERACTIVE SOFTWR INC,-1.0
2024-08-01,85464,CWST,CASELLA WASTE SYSTEMS INC,-1.0
2024-08-01,85738,MRCY,MERCURY SYSTEMS INC,-1.0
2024-08-01,85789,CADE,CADENCE BANK,-1.0
2024-08-01,87356,TKO,T K O GROUP HOLDINGS INC,-1.0
2024-08-01,88853,FLR,FLUOR CORP NEW,-1.0
2024-08-01,89297,CCOI,COGENT COMMUNICATIONS HLDS INC,-1.0
2024-08-01,89455,RUSHA,RUSH ENTERPRISES INC,-1.0
2024-08-01,89482,BANC,BANC OF CALIFORNIA INC,-1.0
2024-08-01,90199,CBRE,C B R E GROUP INC,-1.0
2024-08-01,93436,TSLA,TESLA INC,-1.0
2024-09-01,11581,EPAC,ENERPAC TOOL GROUP CORP,1.0
2024-09-01,11691,MATX,MATSON INC,1.0
2024-09-01,11995,COKE,COCA COLA CONSOLIDATED INC,1.0
2024-09-01,12622,HCA,H C A HEALTHCARE INC,1.0
2024-09-01,13407,META,META PLATFORMS INC,1.0
2024-09-01,13788,ZTS,ZOETIS INC,1.0
2024-09-01,13901,MO,ALTRIA GROUP INC,1.0
2024-09-01,14318,NMIH,N M I HOLDINGS INC,1.0
2024-09-01,14406,ESI,ELEMENT SOLUTIONS INC,1.0
2024-09-01,14593,AAPL,APPLE INC,1.0
2024-09-01,16655,CVNA,CARVANA CO,1.0
2024-09-01,17223,ADT,A D T INC,1.0
2024-09-01,17332,VCTR,VICTORY CAPITAL HOLDINGS INC,1.0
2024-09-01,18064,FTDR,FRONTDOOR INC,1.0
2024-09-01,18091,CW,CURTISS WRIGHT CORP,1.0
2024-09-01,18786,AMK,ASSETMARK FINANCIAL HOLDINGS INC,1.0
2024-09-01,18973,BRC,BRADY CORP,1.0
2024-09-01,22111,JNJ,JOHNSON & JOHNSON,1.0
2024-09-01,22779,MSI,MOTOROLA SOLUTIONS INC,1.0
2024-09-01,27334,CSL,CARLISLE COMPANIES,1.0
2024-09-01,42439,HNI,H N I CORP,1.0
2024-09-01,46690,CBT,CABOT CORP,1.0
2024-09-01,52337,THC,TENET HEALTHCARE CORP,1.0
2024-09-01,56223,LPX,LOUISIANA PACIFIC CORP,1.0
2024-09-01,58246,NTRS,NORTHERN TRUST CORP,1.0
2024-09-01,62308,GL,GLOBE LIFE INC,1.0
2024-09-01,66093,T,A T & T INC,1.0
2024-09-01,75510,ADBE,ADOBE INC,1.0
2024-09-01,75603,CRUS,CIRRUS LOGIC INC,1.0
2024-09-01,76582,DORM,DORMAN PRODUCTS INC,1.0
2024-09-01,79133,ATR,APTARGROUP INC,1.0
2024-09-01,79637,UHS,UNIVERSAL HEALTH SERVICES INC,1.0
2024-09-01,83779,PEGA,PEGASYSTEMS INC,1.0
2024-09-01,84723,LNG,CHENIERE ENERGY INC,1.0
2024-09-01,85067,MMS,MAXIMUS INC,1.0
2024-09-01,85768,IESC,I E S HOLDINGS INC,1.0
2024-09-01,86580,NVDA,NVIDIA CORP,1.0
2024-09-01,87432,A,AGILENT TECHNOLOGIES INC,1.0
2024-09-01,89968,PIPR,PIPER SANDLER COMPANIES,1.0
2024-09-01,90319,GOOGL,ALPHABET INC,1.0
2024-09-01,90708,MORN,MORNINGSTAR INC,1.0
2024-09-01,90880,AMP,AMERIPRISE FINANCIAL INC,1.0
2024-09-01,91234,MWA,MUELLER WATER PRODUCTS INC,1.0
2024-09-01,91463,CVLT,COMMVAULT SYSTEMS INC,1.0
2024-09-01,92221,MELI,MERCADOLIBRE INC,1.0
2024-09-01,92852,LOPE,GRAND CANYON EDUCATION INC,1.0
2024-09-01,93089,VRSK,VERISK ANALYTICS INC,1.0
2024-09-01,93132,FTNT,FORTINET INC,1.0
2024-09-01,93179,PPC,PILGRIMS PRIDE CORP NEW,1.0
2024-09-01,93312,SSNC,S S & C TECHNOLOGIES HLDGS INC,1.0
2024-09-01,93330,PRI,PRIMERICA INC,1.0
2024-09-01,11018,FBP,FIRST BANCORP P R,0.999844
2024-09-01,64186,CI,CIGNA GROUP,0.999796
2024-09-01,82694,EME,EMCOR GROUP INC,0.998696
2024-09-01,34032,MAS,MASCO CORP,0.994044
2024-09-01,73139,SYK,STRYKER CORP,0.98692
2024-09-01,91233,MA,MASTERCARD INC,0.984072
2024-09-01,85645,INGR,INGREDION INC,0.98118
2024-09-01,12981,FBIN,FORTUNE BRANDS INNOVATIONS INC,0.981154
2024-09-01,12570,ITT,I T T INC,0.979746
2024-09-01,13911,IQV,IQVIA HOLDINGS INC,0.9724
2024-09-01,61313,DCI,DONALDSON INC,0.97129
2024-09-01,15850,MTCH,MATCH GROUP INC NEW,0.971197
2024-09-01,85631,ADSK,AUTODESK INC,0.969712
2024-09-01,54253,MSA,M S A SAFETY INC,0.966415
2024-09-01,14229,OMF,ONEMAIN HOLDINGS INC,0.963192
2024-09-01,75825,EOG,EOG RESOURCES INC,0.954929
2024-09-01,65307,RPM,R P M INTERNATIONAL INC,0.952686
2024-09-01,92402,MSCI,M S C I INC,0.948369
2024-09-01,90829,CF,C F INDUSTRIES HOLDINGS INC,0.945183
2024-09-01,47706,FSS,FEDERAL SIGNAL CORP,0.941956
2024-09-01,59010,GAP,GAP INC,0.936244
2024-09-01,79862,ROCK,GIBRALTAR INDUSTRIES INC,0.933645
2024-09-01,10107,MSFT,MICROSOFT CORP,0.926145
2024-09-01,65402,AOS,SMITH A O CORP,0.921596
2024-09-01,90249,ENS,ENERSYS,0.917349
2024-09-01,88860,ALGN,ALIGN TECHNOLOGY INC,0.909777
2024-09-01,85072,RL,RALPH LAUREN CORP,0.908261
2024-09-01,91531,OC,OWENS CORNING NEW,0.900882
2024-09-01,13928,COP,CONOCOPHILLIPS,0.885467
2024-09-01,86047,AMKR,AMKOR TECHNOLOGY INC,0.880223
2024-09-01,78015,MTX,MINERALS TECHNOLOGIES INC,0.877745
2024-09-01,42550,NEU,NEWMARKET CORP,0.877723
2024-09-01,86026,IOSP,INNOSPEC INC,0.874489
2024-09-01,79686,DECK,DECKERS OUTDOOR CORP,0.864835
2024-09-01,83799,STRA,STRATEGIC EDUCATION INC,0.863539
2024-09-01,89070,ZBH,ZIMMER BIOMET HOLDINGS INC,0.856645
2024-09-01,16260,MEDP,MEDPACE HOLDINGS INC,0.854161
2024-09-01,80864,RS,RELIANCE INC,0.84427
2024-09-01,89525,CMCSA,COMCAST CORP NEW,0.836555
2024-09-01,85753,VRSN,VERISIGN INC,0.832055
2024-09-01,83976,ANF,ABERCROMBIE & FITCH CO,0.821433
2024-09-01,13936,PVH,P V H CORP,0.811027
2024-09-01,85621,MTD,METTLER TOLEDO INTERNATIONAL INC,0.810002
2024-09-01,90215,CRM,SALESFORCE INC,0.798788
2024-09-01,41355,PH,PARKER HANNIFIN CORP,0.784066
2024-09-01,90550,DLB,DOLBY LABORATORIES INC,0.773404
2024-09-01,91668,IPGP,I P G PHOTONICS CORP,0.736034
2024-09-01,17005,CVS,C V S HEALTH CORP,0.715284
2024-09-01,11731,AIN,ALBANY INTERNATIONAL CORP NEW,0.673727
2024-09-01,76230,TRMB,TRIMBLE INC,0.67216
2024-09-01,20894,APP,APPLOVIN CORP,0.585172
2024-09-01,82775,HIG,HARTFORD FINANCIAL SVCS GRP INC,0.577136
2024-09-01,85593,AMG,AFFILIATED MANAGERS GROUP INC,0.558484
2024-09-01,57665,NKE,NIKE INC,0.52916
2024-09-01,79758,BYD,BOYD GAMING CORP,0.487075
2024-09-01,14579,PAYC,PAYCOM SOFTWARE INC,0.418888
2024-09-01,88352,ISRG,INTUITIVE SURGICAL INC,0.303298
2024-09-01,87137,DVN,DEVON ENERGY CORP NEW,0.267431
2024-09-01,81677,WAB,WABTEC CORP,0.214536
2024-09-01,10933,MKL,MARKEL GROUP INC,0.112764
2024-09-01,18144,ACA,ARCOSA INC,0.103639
2024-09-01,82307,DVA,DAVITA INC,0.038379
2024-09-01,17783,CHX,CHAMPIONX CORP,0.025349
2024-09-01,40539,TJX,T J X COMPANIES INC NEW,0.018375
2024-09-01,46578,CLX,CLOROX CO,-0.004706
2024-09-01,13105,ACHC,ACADIA HEALTHCARE CO INC,-0.148475
2024-09-01,15534,NTRA,NATERA INC,-0.221503
2024-09-01,79859,NYCB,NEW YORK COMMUNITY BANCORP INC,-0.367396
2024-09-01,59328,INTC,INTEL CORP,-0.427029
2024-09-01,91204,POR,PORTLAND GENERAL ELECTRIC CO,-0.444324
2024-09-01,90775,THS,TREEHOUSE FOODS INC,-0.457636
2024-09-01,93096,DG,DOLLAR GENERAL CORP NEW,-0.522438
2024-09-01,90520,CE,CELANESE CORP DEL,-0.608365
2024-09-01,16381,BL,BLACKLINE INC,-0.635266
2024-09-01,18312,MRNA,MODERNA INC,-0.644801
2024-09-01,17944,TENB,TENABLE HOLDINGS INC,-0.648158
2024-09-01,82651,WAT,WATERS CORP,-0.664773
2024-09-01,16432,GT,GOODYEAR TIRE & RUBBER CO,-0.705863
2024-09-01,14988,LBRDK,LIBERTY BROADBAND CORP,-0.715099
2024-09-01,14596,FIVN,FIVE 9 INC,-0.719487
2024-09-01,50017,RRC,RANGE RESOURCES CORP,-0.799901
2024-09-01,15119,WK,WORKIVA INC,-0.814763
2024-09-01,13688,PCG,P G & E CORP,-0.82391
2024-09-01,57568,BALL,BALL CORP,-0.824715
2024-09-01,86288,CSGP,COSTAR GROUP INC,-0.829053
2024-09-01,19413,ACI,ALBERTSONS COMPANIES INC,-0.836927
2024-09-01,16021,PR,PERMIAN RESOURCES CORP,-0.850206
2024-09-01,17864,BJ,B J S WHOLESALE CLUB HLDGS INC,-0.895531
2024-09-01,10200,RGEN,REPLIGEN CORP,-0.897463
2024-09-01,20646,OSCR,OSCAR HEALTH INC,-0.90434
2024-09-01,32870,HRL,HORMEL FOODS CORP,-0.907256
2024-09-01,82547,AEIS,ADVANCED ENERGY INDUSTRIES INC,-0.908073
2024-09-01,84385,NSP,INSPERITY INC,-0.910593
2024-09-01,17034,ALTR,ALTAIR ENGINEERING INC,-0.912511
2024-09-01,93436,TSLA,TESLA INC,-0.918191
2024-09-01,14179,AR,ANTERO RESOURCES CORP,-0.925629
2024-09-01,14432,ITCI,INTRA CELLULAR THERAPIES INC,-0.926475
2024-09-01,12373,HHH,HOWARD HUGHES HOLDINGS INC,-0.926543
2024-09-01,80286,TSCO,TRACTOR SUPPLY CO NEW,-0.928924
2024-09-01,14882,CZR,CAESARS ENTERTAINMENT INC DE,-0.937759
2024-09-01,10397,WERN,WERNER ENTERPRISES INC,-0.938679
2024-09-01,43123,ATI,A T I INC,-0.939016
2024-09-01,76591,QDEL,QUIDELORTHO CORP,-0.943173
2024-09-01,14617,ARES,ARES MANAGEMENT CORP,-0.951195
2024-09-01,91041,LYV,LIVE NATION ENTERTAINMENT INC,-0.954368
2024-09-01,12473,KNX,KNIGHT SWIFT TRANSPORT HDLGS INC,-0.957918
2024-09-01,60580,TTC,TORO CO,-0.962885
2024-09-01,43350,SWK,STANLEY BLACK & DECKER INC,-0.964716
2024-09-01,66376,WSO,WATSCO INC,-0.966837
2024-09-01,24328,EQT,E Q T CORP,-0.971665
2024-09-01,66384,WDC,WESTERN DIGITAL CORP,-0.973806
2024-09-01,76136,KMPR,KEMPER CORP DE,-0.976182
2024-09-01,42585,SJM,SMUCKER J M CO,-0.976695
2024-09-01,85789,CADE,CADENCE BANK,-0.977631
2024-09-01,12591,APO,APOLLO GLOBAL MANAGEMENT INC NEW,-0.979463
2024-09-01,55511,TXNM,T X N M ENERGY INC,-0.981151
2024-09-01,14574,MC,MOELIS & CO,-0.987655
2024-09-01,14401,OGS,ONE GAS INC,-0.990999
2024-09-01,93098,H,HYATT HOTELS CORP,-0.991883
2024-09-01,11644,CRK,COMSTOCK RESOURCES INC,-1.0
2024-09-01,13877,IBTX,INDEPENDENT BANK GROUP INC,-1.0
2024-09-01,14044,AGIO,AGIOS PHARMACEUTICALS INC,-1.0
2024-09-01,14329,ARMK,ARAMARK,-1.0
2024-09-01,14436,RARE,ULTRAGENYX PHARMACEUTICALS INC,-1.0
2024-09-01,14472,VRNS,VARONIS SYSTEMS INC,-1.0
2024-09-01,15284,BPMC,BLUEPRINT MEDICINES CORP,-1.0
2024-09-01,16386,IRTC,IRHYTHM TECHNOLOGIES INC,-1.0
2024-09-01,16968,MDB,MONGODB INC,-1.0
2024-09-01,17125,DNLI,DENALI THERAPEUTICS INC,-1.0
2024-09-01,17959,CRNX,CRINETICS PHARMACEUTICALS INC,-1.0
2024-09-01,18190,AXNX,AXONICS INC,-1.0
2024-09-01,18770,BBIO,BRIDGEBIO PHARMA INC,-1.0
2024-09-01,19002,BWIN,BALDWIN INSURANCE GROUP INC,-1.0
2024-09-01,19081,SITM,SITIME CORP,-1.0
2024-09-01,19285,CARR,CARRIER GLOBAL CORP,-1.0
2024-09-01,19502,WBA,WALGREENS BOOTS ALLIANCE INC,-1.0
2024-09-01,19561,BA,BOEING CO,-1.0
2024-09-01,19825,DYN,DYNE THERAPEUTICS INC,-1.0
2024-09-01,19849,SMMT,SUMMIT THERAPEUTICS INC,-1.0
2024-09-01,20188,CRC,CALIFORNIA RESOURCES CORP,-1.0
2024-09-01,20342,DRVN,DRIVEN BRANDS HOLDINGS INC,-1.0
2024-09-01,20657,ACVA,A C V AUCTIONS INC,-1.0
2024-09-01,20923,EDR,ENDEAVOR GROUP HOLDINGS INC,-1.0
2024-09-01,21087,PRVA,PRIVIA HEALTH GROUP INC,-1.0
2024-09-01,21207,NEM,NEWMONT CORP,-1.0
2024-09-01,21612,PWSC,POWERSCHOOL HOLDINGS INC,-1.0
2024-09-01,23229,CMS,C M S ENERGY CORP,-1.0
2024-09-01,25320,CPB,CAMPBELL SOUP CO,-1.0
2024-09-01,27684,AVT,AVNET INC,-1.0
2024-09-01,54594,AIR,A A R CORP,-1.0
2024-09-01,54704,MOD,MODINE MANUFACTURING CO,-1.0
2024-09-01,58683,LUV,SOUTHWEST AIRLINES CO,-1.0
2024-09-01,63765,SWN,SOUTHWESTERN ENERGY CO,-1.0
2024-09-01,76282,AN,AUTONATION INC DEL,-1.0
2024-09-01,76644,X,UNITED STATES STEEL CORP NEW,-1.0
2024-09-01,76661,IONS,IONIS PHARMACEUTICALS INC,-1.0
2024-09-01,77730,TSN,TYSON FOODS INC,-1.0
2024-09-01,79444,TALO,TALOS ENERGY INC,-1.0
2024-09-01,80069,ARWR,ARROWHEAD PHARMACEUTICALS INC,-1.0
2024-09-01,84319,LAD,LITHIA MOTORS INC,-1.0
2024-09-01,84761,TTWO,TAKE TWO INTERACTIVE SOFTWR INC,-1.0
2024-09-01,85002,SRPT,SAREPTA THERAPEUTICS INC,-1.0
2024-09-01,85464,CWST,CASELLA WASTE SYSTEMS INC,-1.0
2024-09-01,85738,MRCY,MERCURY SYSTEMS INC,-1.0
2024-09-01,86822,EXTR,EXTREME NETWORKS INC,-1.0
2024-09-01,87356,TKO,T K O GROUP HOLDINGS INC,-1.0
2024-09-01,87812,SLAB,SILICON LABORATORIES INC,-1.0
2024-09-01,88853,FLR,FLUOR CORP NEW,-1.0
2024-09-01,89031,AXON,AXON ENTERPRISE INC,-1.0
2024-09-01,89455,RUSHA,RUSH ENTERPRISES INC,-1.0
2024-09-01,89482,BANC,BANC OF CALIFORNIA INC,-1.0
2024-09-01,90199,CBRE,C B R E GROUP INC,-1.0
2024-09-01,91594,SPR,SPIRIT AEROSYSTEMS HOLDINGS INC,-1.0
2024-09-01,91733,AVAV,AEROVIRONMENT INC,-1.0
2024-09-01,92469,SATS,ECHOSTAR CORP,-1.0
2024-10-01,11581,EPAC,ENERPAC TOOL GROUP CORP,1.0
2024-10-01,11691,MATX,MATSON INC,1.0
2024-10-01,11731,AIN,ALBANY INTERNATIONAL CORP NEW,1.0
2024-10-01,12570,ITT,I T T INC,1.0
2024-10-01,12622,HCA,H C A HEALTHCARE INC,1.0
2024-10-01,12981,FBIN,FORTUNE BRANDS INNOVATIONS INC,1.0
2024-10-01,13407,META,META PLATFORMS INC,1.0
2024-10-01,13788,ZTS,ZOETIS INC,1.0
2024-10-01,13911,IQV,IQVIA HOLDINGS INC,1.0
2024-10-01,14406,ESI,ELEMENT SOLUTIONS INC,1.0
2024-10-01,14593,AAPL,APPLE INC,1.0
2024-10-01,16655,CVNA,CARVANA CO,1.0
2024-10-01,17332,VCTR,VICTORY CAPITAL HOLDINGS INC,1.0
2024-10-01,18091,CW,CURTISS WRIGHT CORP,1.0
2024-10-01,18973,BRC,BRADY CORP,1.0
2024-10-01,22752,MRK,MERCK & CO INC NEW,1.0
2024-10-01,22779,MSI,MOTOROLA SOLUTIONS INC,1.0
2024-10-01,27334,CSL,CARLISLE COMPANIES,1.0
2024-10-01,34032,MAS,MASCO CORP,1.0
2024-10-01,42439,HNI,H N I CORP,1.0
2024-10-01,46690,CBT,CABOT CORP,1.0
2024-10-01,56223,LPX,LOUISIANA PACIFIC CORP,1.0
2024-10-01,62308,GL,GLOBE LIFE INC,1.0
2024-10-01,66093,T,A T & T INC,1.0
2024-10-01,75603,CRUS,CIRRUS LOGIC INC,1.0
2024-10-01,79133,ATR,APTARGROUP INC,1.0
2024-10-01,79637,UHS,UNIVERSAL HEALTH SERVICES INC,1.0
2024-10-01,82694,EME,EMCOR GROUP INC,1.0
2024-10-01,83779,PEGA,PEGASYSTEMS INC,1.0
2024-10-01,83799,STRA,STRATEGIC EDUCATION INC,1.0
2024-10-01,85067,MMS,MAXIMUS INC,1.0
2024-10-01,85072,RL,RALPH LAUREN CORP,1.0
2024-10-01,85631,ADSK,AUTODESK INC,1.0
2024-10-01,85768,IESC,I E S HOLDINGS INC,1.0
2024-10-01,86580,NVDA,NVIDIA CORP,1.0
2024-10-01,87432,A,AGILENT TECHNOLOGIES INC,1.0
2024-10-01,87657,EW,EDWARDS LIFESCIENCES CORP,1.0
2024-10-01,89968,PIPR,PIPER SANDLER COMPANIES,1.0
2024-10-01,90319,GOOGL,ALPHABET INC,1.0
2024-10-01,90708,MORN,MORNINGSTAR INC,1.0
2024-10-01,90880,AMP,AMERIPRISE FINANCIAL INC,1.0
2024-10-01,91233,MA,MASTERCARD INC,1.0
2024-10-01,91234,MWA,MUELLER WATER PRODUCTS INC,1.0
2024-10-01,92852,LOPE,GRAND CANYON EDUCATION INC,1.0
2024-10-01,93132,FTNT,FORTINET INC,1.0
2024-10-01,93312,SSNC,S S & C TECHNOLOGIES HLDGS INC,1.0
2024-10-01,93330,PRI,PRIMERICA INC,1.0
2024-10-01,85645,INGR,INGREDION INC,0.999441
2024-10-01,14318,NMIH,N M I HOLDINGS INC,0.998303
2024-10-01,52337,THC,TENET HEALTHCARE CORP,0.997552
2024-10-01,17223,ADT,A D T INC,0.994943
2024-10-01,18064,FTDR,FRONTDOOR INC,0.993509
2024-10-01,76582,DORM,DORMAN PRODUCTS INC,0.992736
2024-10-01,58246,NTRS,NORTHERN TRUST CORP,0.990986
2024-10-01,92221,MELI,MERCADOLIBRE INC,0.990676
2024-10-01,65307,RPM,R P M INTERNATIONAL INC,0.987212
2024-10-01,73139,SYK,STRYKER CORP,0.986852
2024-10-01,91463,CVLT,COMMVAULT SYSTEMS INC,0.985407
2024-10-01,11018,FBP,FIRST BANCORP P R,0.985405
2024-10-01,65402,AOS,SMITH A O CORP,0.984598
2024-10-01,93179,PPC,PILGRIMS PRIDE CORP NEW,0.984003
2024-10-01,15850,MTCH,MATCH GROUP INC NEW,0.983154
2024-10-01,61313,DCI,DONALDSON INC,0.979758
2024-10-01,93089,VRSK,VERISK ANALYTICS INC,0.978992
2024-10-01,11995,COKE,COCA COLA CONSOLIDATED INC,0.976013
2024-10-01,22111,JNJ,JOHNSON & JOHNSON,0.97247
2024-10-01,88860,ALGN,ALIGN TECHNOLOGY INC,0.971156
2024-10-01,84723,LNG,CHENIERE ENERGY INC,0.966125
2024-10-01,13901,MO,ALTRIA GROUP INC,0.963337
2024-10-01,64186,CI,CIGNA GROUP,0.956361
2024-10-01,10107,MSFT,MICROSOFT CORP,0.951085
2024-10-01,92402,MSCI,M S C I INC,0.94781
2024-10-01,91531,OC,OWENS CORNING NEW,0.938313
2024-10-01,54253,MSA,M S A SAFETY INC,0.933958
2024-10-01,79862,ROCK,GIBRALTAR INDUSTRIES INC,0.932817
2024-10-01,47706,FSS,FEDERAL SIGNAL CORP,0.927337
2024-10-01,90249,ENS,ENERSYS,0.921844
2024-10-01,65541,COO,COOPER COMPANIES INC,0.920303
2024-10-01,59010,GAP,GAP INC,0.916058
2024-10-01,14229,OMF,ONEMAIN HOLDINGS INC,0.913127
2024-10-01,75825,EOG,EOG RESOURCES INC,0.906856
2024-10-01,75510,ADBE,ADOBE INC,0.896793
2024-10-01,89525,CMCSA,COMCAST CORP NEW,0.879202
2024-10-01,78015,MTX,MINERALS TECHNOLOGIES INC,0.875171
2024-10-01,90215,CRM,SALESFORCE INC,0.862197
2024-10-01,79686,DECK,DECKERS OUTDOOR CORP,0.858505
2024-10-01,85753,VRSN,VERISIGN INC,0.855631
2024-10-01,86026,IOSP,INNOSPEC INC,0.853986
2024-10-01,80864,RS,RELIANCE INC,0.847911
2024-10-01,42550,NEU,NEWMARKET CORP,0.843963
2024-10-01,85621,MTD,METTLER TOLEDO INTERNATIONAL INC,0.840381
2024-10-01,90550,DLB,DOLBY LABORATORIES INC,0.825865
2024-10-01,13936,PVH,P V H CORP,0.82519
2024-10-01,41355,PH,PARKER HANNIFIN CORP,0.82175
2024-10-01,20894,APP,APPLOVIN CORP,0.81989
2024-10-01,86047,AMKR,AMKOR TECHNOLOGY INC,0.8168
2024-10-01,89070,ZBH,ZIMMER BIOMET HOLDINGS INC,0.798748
2024-10-01,16260,MEDP,MEDPACE HOLDINGS INC,0.798596
2024-10-01,83976,ANF,ABERCROMBIE & FITCH CO,0.774945
2024-10-01,76230,TRMB,TRIMBLE INC,0.733082
2024-10-01,17799,INSP,INSPIRE MEDICAL SYSTEMS INC,0.68451
2024-10-01,82775,HIG,HARTFORD FINANCIAL SVCS GRP INC,0.584341
2024-10-01,85593,AMG,AFFILIATED MANAGERS GROUP INC,0.568659
2024-10-01,57665,NKE,NIKE INC,0.561532
2024-10-01,79758,BYD,BOYD GAMING CORP,0.523854
2024-10-01,14579,PAYC,PAYCOM SOFTWARE INC,0.403185
2024-10-01,88352,ISRG,INTUITIVE SURGICAL INC,0.30106
2024-10-01,87137,DVN,DEVON ENERGY CORP NEW,0.235
2024-10-01,81677,WAB,WABTEC CORP,0.22898
2024-10-01,10933,MKL,MARKEL GROUP INC,0.109982
2024-10-01,13928,COP,CONOCOPHILLIPS,0.08195
2024-10-01,82307,DVA,DAVITA INC,0.04151
2024-10-01,40539,TJX,T J X COMPANIES INC NEW,0.018332
2024-10-01,46578,CLX,CLOROX CO,-0.004821
2024-10-01,13105,ACHC,ACADIA HEALTHCARE CO INC,-0.114227
2024-10-01,15534,NTRA,NATERA INC,-0.236756
2024-10-01,84385,NSP,INSPERITY INC,-0.238076
2024-10-01,91204,POR,PORTLAND GENERAL ELECTRIC CO,-0.445
2024-10-01,59328,INTC,INTEL CORP,-0.45257
2024-10-01,43123,ATI,A T I INC,-0.531599
2024-10-01,18312,MRNA,MODERNA INC,-0.553767
2024-10-01,17944,TENB,TENABLE HOLDINGS INC,-0.633231
2024-10-01,14596,FIVN,FIVE 9 INC,-0.637634
2024-10-01,16381,BL,BLACKLINE INC,-0.703999
2024-10-01,16432,GT,GOODYEAR TIRE & RUBBER CO,-0.705004
2024-10-01,90444,ORA,ORMAT TECHNOLOGIES INC,-0.73155
2024-10-01,19825,DYN,DYNE THERAPEUTICS INC,-0.774726
2024-10-01,17864,BJ,B J S WHOLESALE CLUB HLDGS INC,-0.775401
2024-10-01,79859,NYCB,NEW YORK COMMUNITY BANCORP INC,-0.786693
2024-10-01,86288,CSGP,COSTAR GROUP INC,-0.805275
2024-10-01,16021,PR,PERMIAN RESOURCES CORP,-0.808664
2024-10-01,15119,WK,WORKIVA INC,-0.820901
2024-10-01,50017,RRC,RANGE RESOURCES CORP,-0.822034
2024-10-01,13688,PCG,P G & E CORP,-0.82345
2024-10-01,57568,BALL,BALL CORP,-0.876643
2024-10-01,32870,HRL,HORMEL FOODS CORP,-0.879373
2024-10-01,10200,RGEN,REPLIGEN CORP,-0.880771
2024-10-01,14988,LBRDK,LIBERTY BROADBAND CORP,-0.882718
2024-10-01,82547,AEIS,ADVANCED ENERGY INDUSTRIES INC,-0.896603
2024-10-01,21087,PRVA,PRIVIA HEALTH GROUP INC,-0.899552
2024-10-01,85002,SRPT,SAREPTA THERAPEUTICS INC,-0.915178
2024-10-01,85464,CWST,CASELLA WASTE SYSTEMS INC,-0.91778
2024-10-01,14432,ITCI,INTRA CELLULAR THERAPIES INC,-0.920805
2024-10-01,77730,TSN,TYSON FOODS INC,-0.92152
2024-10-01,16968,MDB,MONGODB INC,-0.92509
2024-10-01,88853,FLR,FLUOR CORP NEW,-0.948247
2024-10-01,12373,HHH,HOWARD HUGHES HOLDINGS INC,-0.949486
2024-10-01,76136,KMPR,KEMPER CORP DE,-0.951996
2024-10-01,17034,ALTR,ALTAIR ENGINEERING INC,-0.960304
2024-10-01,85789,CADE,CADENCE BANK,-0.967699
2024-10-01,14436,RARE,ULTRAGENYX PHARMACEUTICALS INC,-0.973718
2024-10-01,91733,AVAV,AEROVIRONMENT INC,-0.979382
2024-10-01,12473,KNX,KNIGHT SWIFT TRANSPORT HDLGS INC,-0.985358
2024-10-01,27684,AVT,AVNET INC,-0.986096
2024-10-01,54594,AIR,A A R CORP,-0.988996
2024-10-01,14472,VRNS,VARONIS SYSTEMS INC,-0.993614
2024-10-01,66376,WSO,WATSCO INC,-0.995845
2024-10-01,89455,RUSHA,RUSH ENTERPRISES INC,-0.997848
2024-10-01,10397,WERN,WERNER ENTERPRISES INC,-1.0
2024-10-01,11644,CRK,COMSTOCK RESOURCES INC,-1.0
2024-10-01,12591,APO,APOLLO GLOBAL MANAGEMENT INC NEW,-1.0
2024-10-01,13877,IBTX,INDEPENDENT BANK GROUP INC,-1.0
2024-10-01,14044,AGIO,AGIOS PHARMACEUTICALS INC,-1.0
2024-10-01,14179,AR,ANTERO RESOURCES CORP,-1.0
2024-10-01,14329,ARMK,ARAMARK,-1.0
2024-10-01,14401,OGS,ONE GAS INC,-1.0
2024-10-01,14574,MC,MOELIS & CO,-1.0
2024-10-01,14617,ARES,ARES MANAGEMENT CORP,-1.0
2024-10-01,14882,CZR,CAESARS ENTERTAINMENT INC DE,-1.0
2024-10-01,15284,BPMC,BLUEPRINT MEDICINES CORP,-1.0
2024-10-01,16386,IRTC,IRHYTHM TECHNOLOGIES INC,-1.0
2024-10-01,17125,DNLI,DENALI THERAPEUTICS INC,-1.0
2024-10-01,17959,CRNX,CRINETICS PHARMACEUTICALS INC,-1.0
2024-10-01,18190,AXNX,AXONICS INC,-1.0
2024-10-01,18776,IMVT,IMMUNOVANT INC,-1.0
2024-10-01,18835,DKNG,DRAFTKINGS INC,-1.0
2024-10-01,19002,BWIN,BALDWIN INSURANCE GROUP INC,-1.0
2024-10-01,19081,SITM,SITIME CORP,-1.0
2024-10-01,19285,CARR,CARRIER GLOBAL CORP,-1.0
2024-10-01,19349,KROS,KEROS THERAPEUTICS INC,-1.0
2024-10-01,19484,PCVX,VAXCYTE INC,-1.0
2024-10-01,19561,BA,BOEING CO,-1.0
2024-10-01,19849,SMMT,SUMMIT THERAPEUTICS INC,-1.0
2024-10-01,20126,JOBY,JOBY AVIATION INC,-1.0
2024-10-01,20188,CRC,CALIFORNIA RESOURCES CORP,-1.0
2024-10-01,20342,DRVN,DRIVEN BRANDS HOLDINGS INC,-1.0
2024-10-01,20646,OSCR,OSCAR HEALTH INC,-1.0
2024-10-01,20657,ACVA,A C V AUCTIONS INC,-1.0
2024-10-01,20791,EWTX,EDGEWISE THERAPEUTICS INC,-1.0
2024-10-01,20923,EDR,ENDEAVOR GROUP HOLDINGS INC,-1.0
2024-10-01,21207,NEM,NEWMONT CORP,-1.0
2024-10-01,21747,NUVL,NUVALENT INC,-1.0
2024-10-01,23229,CMS,C M S ENERGY CORP,-1.0
2024-10-01,24328,EQT,E Q T CORP,-1.0
2024-10-01,25320,CPB,CAMPBELL SOUP CO,-1.0
2024-10-01,42585,SJM,SMUCKER J M CO,-1.0
2024-10-01,43350,SWK,STANLEY BLACK & DECKER INC,-1.0
2024-10-01,54704,MOD,MODINE MANUFACTURING CO,-1.0
2024-10-01,55511,TXNM,T X N M ENERGY INC,-1.0
2024-10-01,57808,VSH,VISHAY INTERTECHNOLOGY INC,-1.0
2024-10-01,58683,LUV,SOUTHWEST AIRLINES CO,-1.0
2024-10-01,66384,WDC,WESTERN DIGITAL CORP,-1.0
2024-10-01,76282,AN,AUTONATION INC DEL,-1.0
2024-10-01,76591,QDEL,QUIDELORTHO CORP,-1.0
2024-10-01,76661,IONS,IONIS PHARMACEUTICALS INC,-1.0
2024-10-01,80069,ARWR,ARROWHEAD PHARMACEUTICALS INC,-1.0
2024-10-01,80286,TSCO,TRACTOR SUPPLY CO NEW,-1.0
2024-10-01,84319,LAD,LITHIA MOTORS INC,-1.0
2024-10-01,84761,TTWO,TAKE TWO INTERACTIVE SOFTWR INC,-1.0
2024-10-01,85738,MRCY,MERCURY SYSTEMS INC,-1.0
2024-10-01,87356,TKO,T K O GROUP HOLDINGS INC,-1.0
2024-10-01,87812,SLAB,SILICON LABORATORIES INC,-1.0
2024-10-01,89031,AXON,AXON ENTERPRISE INC,-1.0
2024-10-01,89297,CCOI,COGENT COMMUNICATIONS HLDS INC,-1.0
2024-10-01,89301,GME,GAMESTOP CORP NEW,-1.0
2024-10-01,89482,BANC,BANC OF CALIFORNIA INC,-1.0
2024-10-01,89915,MGRC,MCGRATH RENTCORP,-1.0
2024-10-01,90199,CBRE,C B R E GROUP INC,-1.0
2024-10-01,90520,CE,CELANESE CORP DEL,-1.0
2024-10-01,90775,THS,TREEHOUSE FOODS INC,-1.0
2024-10-01,91041,LYV,LIVE NATION ENTERTAINMENT INC,-1.0
2024-10-01,91594,SPR,SPIRIT AEROSYSTEMS HOLDINGS INC,-1.0
2024-10-01,93436,TSLA,TESLA INC,-1.0
2024-11-01,10933,MKL,MARKEL GROUP INC,1.0
2024-11-01,11581,EPAC,ENERPAC TOOL GROUP CORP,1.0
2024-11-01,11691,MATX,MATSON INC,1.0
2024-11-01,12622,HCA,H C A HEALTHCARE INC,1.0
2024-11-01,13407,META,META PLATFORMS INC,1.0
2024-11-01,13788,ZTS,ZOETIS INC,1.0
2024-11-01,13901,MO,ALTRIA GROUP INC,1.0
2024-11-01,15056,ADMA,ADMA BIOLOGICS INC,1.0
2024-11-01,17332,VCTR,VICTORY CAPITAL HOLDINGS INC,1.0
2024-11-01,18064,FTDR,FRONTDOOR INC,1.0
2024-11-01,18091,CW,CURTISS WRIGHT CORP,1.0
2024-11-01,20482,ABT,ABBOTT LABORATORIES,1.0
2024-11-01,48486,LRCX,LAM RESH CORP,1.0
2024-11-01,52936,MCY,MERCURY GENERAL CORP NEW,1.0
2024-11-01,56223,LPX,LOUISIANA PACIFIC CORP,1.0
2024-11-01,61313,DCI,DONALDSON INC,1.0
2024-11-01,65306,UNF,UNIFIRST CORP,1.0
2024-11-01,65307,RPM,R P M INTERNATIONAL INC,1.0
2024-11-01,75510,ADBE,ADOBE INC,1.0
2024-11-01,75603,CRUS,CIRRUS LOGIC INC,1.0
2024-11-01,76095,HOLX,HOLOGIC INC,1.0
2024-11-01,77496,MHK,MOHAWK INDUSTRIES INC,1.0
2024-11-01,79133,ATR,APTARGROUP INC,1.0
2024-11-01,79637,UHS,UNIVERSAL HEALTH SERVICES INC,1.0
2024-11-01,82694,EME,EMCOR GROUP INC,1.0
2024-11-01,83779,PEGA,PEGASYSTEMS INC,1.0
2024-11-01,83799,STRA,STRATEGIC EDUCATION INC,1.0
2024-11-01,84723,LNG,CHENIERE ENERGY INC,1.0
2024-11-01,85067,MMS,MAXIMUS INC,1.0
2024-11-01,85072,RL,RALPH LAUREN CORP,1.0
2024-11-01,85621,MTD,METTLER TOLEDO INTERNATIONAL INC,1.0
2024-11-01,85631,ADSK,AUTODESK INC,1.0
2024-11-01,85768,IESC,I E S HOLDINGS INC,1.0
2024-11-01,86580,NVDA,NVIDIA CORP,1.0
2024-11-01,87432,A,AGILENT TECHNOLOGIES INC,1.0
2024-11-01,87657,EW,EDWARDS LIFESCIENCES CORP,1.0
2024-11-01,90319,GOOGL,ALPHABET INC,1.0
2024-11-01,90708,MORN,MORNINGSTAR INC,1.0
2024-11-01,90880,AMP,AMERIPRISE FINANCIAL INC,1.0
2024-11-01,91233,MA,MASTERCARD INC,1.0
2024-11-01,92852,LOPE,GRAND CANYON EDUCATION INC,1.0
2024-11-01,93132,FTNT,FORTINET INC,1.0
2024-11-01,93179,PPC,PILGRIMS PRIDE CORP NEW,1.0
2024-11-01,93330,PRI,PRIMERICA INC,1.0
2024-11-01,93089,VRSK,VERISK ANALYTICS INC,0.999865
2024-11-01,76582,DORM,DORMAN PRODUCTS INC,0.996844
2024-11-01,91463,CVLT,COMMVAULT SYSTEMS INC,0.996545
2024-11-01,89968,PIPR,PIPER SANDLER COMPANIES,0.995494
2024-11-01,22779,MSI,MOTOROLA SOLUTIONS INC,0.99547
2024-11-01,62308,GL,GLOBE LIFE INC,0.995412
2024-11-01,14406,ESI,ELEMENT SOLUTIONS INC,0.993884
2024-11-01,91234,MWA,MUELLER WATER PRODUCTS INC,0.991024
2024-11-01,17223,ADT,A D T INC,0.986928
2024-11-01,92221,MELI,MERCADOLIBRE INC,0.97967
2024-11-01,73139,SYK,STRYKER CORP,0.969393
2024-11-01,85645,INGR,INGREDION INC,0.967252
2024-11-01,14593,AAPL,APPLE INC,0.965664
2024-11-01,46690,CBT,CABOT CORP,0.960842
2024-11-01,22111,JNJ,JOHNSON & JOHNSON,0.955469
2024-11-01,34032,MAS,MASCO CORP,0.948082
2024-11-01,91531,OC,OWENS CORNING NEW,0.939056
2024-11-01,93312,SSNC,S S & C TECHNOLOGIES HLDGS INC,0.938419
2024-11-01,27334,CSL,CARLISLE COMPANIES,0.934903
2024-11-01,14318,NMIH,N M I HOLDINGS INC,0.933569
2024-11-01,12570,ITT,I T T INC,0.933288
2024-11-01,15850,MTCH,MATCH GROUP INC NEW,0.932286
2024-11-01,18973,BRC,BRADY CORP,0.927463
2024-11-01,12981,FBIN,FORTUNE BRANDS INNOVATIONS INC,0.926842
2024-11-01,52337,THC,TENET HEALTHCARE CORP,0.926551
2024-11-01,92402,MSCI,M S C I INC,0.925034
2024-11-01,89525,CMCSA,COMCAST CORP NEW,0.922659
2024-11-01,90215,CRM,SALESFORCE INC,0.914459
2024-11-01,42439,HNI,H N I CORP,0.911398
2024-11-01,75825,EOG,EOG RESOURCES INC,0.902602
2024-11-01,22752,MRK,MERCK & CO INC NEW,0.897114
2024-11-01,79862,ROCK,GIBRALTAR INDUSTRIES INC,0.896624
2024-11-01,10107,MSFT,MICROSOFT CORP,0.894433
2024-11-01,58246,NTRS,NORTHERN TRUST CORP,0.884114
2024-11-01,90249,ENS,ENERSYS,0.87136
2024-11-01,54253,MSA,M S A SAFETY INC,0.870324
2024-11-01,65541,COO,COOPER COMPANIES INC,0.869499
2024-11-01,59010,GAP,GAP INC,0.865548
2024-11-01,64186,CI,CIGNA GROUP,0.865309
2024-11-01,13911,IQV,IQVIA HOLDINGS INC,0.864642
2024-11-01,79686,DECK,DECKERS OUTDOOR CORP,0.862904
2024-11-01,78015,MTX,MINERALS TECHNOLOGIES INC,0.851013
2024-11-01,11995,COKE,COCA COLA CONSOLIDATED INC,0.831411
2024-11-01,65402,AOS,SMITH A O CORP,0.823027
2024-11-01,41355,PH,PARKER HANNIFIN CORP,0.821466
2024-11-01,86026,IOSP,INNOSPEC INC,0.810551
2024-11-01,13936,PVH,P V H CORP,0.80257
2024-11-01,42550,NEU,NEWMARKET CORP,0.799499
2024-11-01,85753,VRSN,VERISIGN INC,0.793192
2024-11-01,89070,ZBH,ZIMMER BIOMET HOLDINGS INC,0.788007
2024-11-01,90550,DLB,DOLBY LABORATORIES INC,0.783466
2024-11-01,88860,ALGN,ALIGN TECHNOLOGY INC,0.779141
2024-11-01,11731,AIN,ALBANY INTERNATIONAL CORP NEW,0.760527
2024-11-01,16260,MEDP,MEDPACE HOLDINGS INC,0.748632
2024-11-01,80864,RS,RELIANCE INC,0.744636
2024-11-01,83976,ANF,ABERCROMBIE & FITCH CO,0.726994
2024-11-01,76230,TRMB,TRIMBLE INC,0.711445
2024-11-01,84827,RMBS,RAMBUS INC,0.685938
2024-11-01,86047,AMKR,AMKOR TECHNOLOGY INC,0.676141
2024-11-01,17799,INSP,INSPIRE MEDICAL SYSTEMS INC,0.629909
2024-11-01,85593,AMG,AFFILIATED MANAGERS GROUP INC,0.61793
2024-11-01,79758,BYD,BOYD GAMING CORP,0.559405
2024-11-01,82775,HIG,HARTFORD FINANCIAL SVCS GRP INC,0.546434
2024-11-01,57665,NKE,NIKE INC,0.487749
2024-11-01,88352,ISRG,INTUITIVE SURGICAL INC,0.307587
2024-11-01,81677,WAB,WABTEC CORP,0.235908
2024-11-01,87137,DVN,DEVON ENERGY CORP NEW,0.231438
2024-11-01,13928,COP,CONOCOPHILLIPS,0.084946
2024-11-01,82307,DVA,DAVITA INC,0.03524
2024-11-01,40539,TJX,T J X COMPANIES INC NEW,0.017557
2024-11-01,21619,OKLO,OKLO INC,-0.180184
2024-11-01,76644,X,UNITED STATES STEEL CORP NEW,-0.208341
2024-11-01,20646,OSCR,OSCAR HEALTH INC,-0.301823
2024-11-01,54594,AIR,A A R CORP,-0.379742
2024-11-01,90178,ALNY,ALNYLAM PHARMACEUTICALS INC,-0.408399
2024-11-01,59328,INTC,INTEL CORP,-0.413377
2024-11-01,43123,ATI,A T I INC,-0.416703
2024-11-01,91204,POR,PORTLAND GENERAL ELECTRIC CO,-0.438616
2024-11-01,13688,PCG,P G & E CORP,-0.446132
2024-11-01,18312,MRNA,MODERNA INC,-0.448274
2024-11-01,63773,TDS,TELEPHONE & DATA SYSTEMS INC,-0.601003
2024-11-01,17944,TENB,TENABLE HOLDINGS INC,-0.616536
2024-11-01,19825,DYN,DYNE THERAPEUTICS INC,-0.619428
2024-11-01,16432,GT,GOODYEAR TIRE & RUBBER CO,-0.635334
2024-11-01,16381,BL,BLACKLINE INC,-0.704185
2024-11-01,79859,FLG,FLAGSTAR FINANCIAL INC,-0.705861
2024-11-01,57568,BALL,BALL CORP,-0.761427
2024-11-01,86288,CSGP,COSTAR GROUP INC,-0.773842
2024-11-01,10200,RGEN,REPLIGEN CORP,-0.791218
2024-11-01,17864,BJ,B J S WHOLESALE CLUB HLDGS INC,-0.793524
2024-11-01,50017,RRC,RANGE RESOURCES CORP,-0.799314
2024-11-01,15119,WK,WORKIVA INC,-0.824334
2024-11-01,76591,QDEL,QUIDELORTHO CORP,-0.830523
2024-11-01,43350,SWK,STANLEY BLACK & DECKER INC,-0.840005
2024-11-01,19849,SMMT,SUMMIT THERAPEUTICS INC,-0.844951
2024-11-01,21207,NEM,NEWMONT CORP,-0.846233
2024-11-01,20657,ACVA,A C V AUCTIONS INC,-0.84656
2024-11-01,32870,HRL,HORMEL FOODS CORP,-0.851724
2024-11-01,76282,AN,AUTONATION INC DEL,-0.865029
2024-11-01,54704,MOD,MODINE MANUFACTURING CO,-0.882982
2024-11-01,14436,RARE,ULTRAGENYX PHARMACEUTICALS INC,-0.889983
2024-11-01,57808,VSH,VISHAY INTERTECHNOLOGY INC,-0.892973
2024-11-01,87812,SLAB,SILICON LABORATORIES INC,-0.894769
2024-11-01,18835,DKNG,DRAFTKINGS INC,-0.897113
2024-11-01,85464,CWST,CASELLA WASTE SYSTEMS INC,-0.899342
2024-11-01,14179,AR,ANTERO RESOURCES CORP,-0.899409
2024-11-01,19285,CARR,CARRIER GLOBAL CORP,-0.901888
2024-11-01,77730,TSN,TYSON FOODS INC,-0.902912
2024-11-01,21087,PRVA,PRIVIA HEALTH GROUP INC,-0.903447
2024-11-01,80286,TSCO,TRACTOR SUPPLY CO NEW,-0.908718
2024-11-01,14988,LBRDK,LIBERTY BROADBAND CORP,-0.919585
2024-11-01,85002,SRPT,SAREPTA THERAPEUTICS INC,-0.919737
2024-11-01,82547,AEIS,ADVANCED ENERGY INDUSTRIES INC,-0.92113
2024-11-01,16968,MDB,MONGODB INC,-0.921647
2024-11-01,19002,BWIN,BALDWIN INSURANCE GROUP INC,-0.925009
2024-11-01,90520,CE,CELANESE CORP DEL,-0.927721
2024-11-01,12373,HHH,HOWARD HUGHES HOLDINGS INC,-0.928731
2024-11-01,42585,SJM,SMUCKER J M CO,-0.933417
2024-11-01,12473,KNX,KNIGHT SWIFT TRANSPORT HDLGS INC,-0.947353
2024-11-01,93436,TSLA,TESLA INC,-0.951068
2024-11-01,66384,WDC,WESTERN DIGITAL CORP,-0.952456
2024-11-01,14401,OGS,ONE GAS INC,-0.953766
2024-11-01,14882,CZR,CAESARS ENTERTAINMENT INC DE,-0.955604
2024-11-01,10397,WERN,WERNER ENTERPRISES INC,-0.955709
2024-11-01,66376,WSO,WATSCO INC,-0.958978
2024-11-01,14574,MC,MOELIS & CO,-0.965295
2024-11-01,14329,ARMK,ARAMARK,-0.972855
2024-11-01,27684,AVT,AVNET INC,-0.980428
2024-11-01,19081,SITM,SITIME CORP,-0.981517
2024-11-01,23229,CMS,C M S ENERGY CORP,-0.981651
2024-11-01,80069,ARWR,ARROWHEAD PHARMACEUTICALS INC,-0.988865
2024-11-01,19349,KROS,KEROS THERAPEUTICS INC,-0.995576
2024-11-01,14044,AGIO,AGIOS PHARMACEUTICALS INC,-0.996093
2024-11-01,55511,TXNM,T X N M ENERGY INC,-0.999651
2024-11-01,11644,CRK,COMSTOCK RESOURCES INC,-1.0
2024-11-01,12591,APO,APOLLO GLOBAL MANAGEMENT INC NEW,-1.0
2024-11-01,13730,PBF,P B F ENERGY INC,-1.0
2024-11-01,13877,IBTX,INDEPENDENT BANK GROUP INC,-1.0
2024-11-01,14432,ITCI,INTRA CELLULAR THERAPIES INC,-1.0
2024-11-01,14472,VRNS,VARONIS SYSTEMS INC,-1.0
2024-11-01,14596,FIVN,FIVE 9 INC,-1.0
2024-11-01,14617,ARES,ARES MANAGEMENT CORP,-1.0
2024-11-01,15284,BPMC,BLUEPRINT MEDICINES CORP,-1.0
2024-11-01,16386,IRTC,IRHYTHM TECHNOLOGIES INC,-1.0
2024-11-01,17034,ALTR,ALTAIR ENGINEERING INC,-1.0
2024-11-01,17125,DNLI,DENALI THERAPEUTICS INC,-1.0
2024-11-01,17959,CRNX,CRINETICS PHARMACEUTICALS INC,-1.0
2024-11-01,18770,BBIO,BRIDGEBIO PHARMA INC,-1.0
2024-11-01,18772,AKRO,AKERO THERAPEUTICS INC,-1.0
2024-11-01,18776,IMVT,IMMUNOVANT INC,-1.0
2024-11-01,19201,RVMD,REVOLUTION MEDICINES INC,-1.0
2024-11-01,19484,PCVX,VAXCYTE INC,-1.0
2024-11-01,19495,DNB,DUN & BRADSTREET HOLDINGS INC,-1.0
2024-11-01,19561,BA,BOEING CO,-1.0
2024-11-01,20188,CRC,CALIFORNIA RESOURCES CORP,-1.0
2024-11-01,20342,DRVN,DRIVEN BRANDS HOLDINGS INC,-1.0
2024-11-01,20583,EXE,EXPAND ENERGY CORP,-1.0
2024-11-01,20791,EWTX,EDGEWISE THERAPEUTICS INC,-1.0
2024-11-01,20923,EDR,ENDEAVOR GROUP HOLDINGS INC,-1.0
2024-11-01,21342,VERA,VERA THERAPEUTICS INC,-1.0
2024-11-01,21747,NUVL,NUVALENT INC,-1.0
2024-11-01,24328,EQT,E Q T CORP,-1.0
2024-11-01,25320,CPB,CAMPBELL SOUP CO,-1.0
2024-11-01,58683,LUV,SOUTHWEST AIRLINES CO,-1.0
2024-11-01,76661,IONS,IONIS PHARMACEUTICALS INC,-1.0
2024-11-01,79864,VSEC,V S E CORP,-1.0
2024-11-01,84319,LAD,LITHIA MOTORS INC,-1.0
2024-11-01,84385,NSP,INSPERITY INC,-1.0
2024-11-01,84761,TTWO,TAKE TWO INTERACTIVE SOFTWR INC,-1.0
2024-11-01,85789,CADE,CADENCE BANK,-1.0
2024-11-01,87356,TKO,T K O GROUP HOLDINGS INC,-1.0
2024-11-01,88853,FLR,FLUOR CORP NEW,-1.0
2024-11-01,89031,AXON,AXON ENTERPRISE INC,-1.0
2024-11-01,89297,CCOI,COGENT COMMUNICATIONS HLDS INC,-1.0
2024-11-01,89301,GME,GAMESTOP CORP NEW,-1.0
2024-11-01,89455,RUSHA,RUSH ENTERPRISES INC,-1.0
2024-11-01,89482,BANC,BANC OF CALIFORNIA INC,-1.0
2024-11-01,90199,CBRE,C B R E GROUP INC,-1.0
2024-11-01,90444,ORA,ORMAT TECHNOLOGIES INC,-1.0
2024-11-01,91041,LYV,LIVE NATION ENTERTAINMENT INC,-1.0
2024-11-01,91594,SPR,SPIRIT AEROSYSTEMS HOLDINGS INC,-1.0
2024-11-01,91733,AVAV,AEROVIRONMENT INC,-1.0
2024-11-01,92469,SATS,ECHOSTAR CORP,-1.0
2024-12-01,10693,EHC,ENCOMPASS HEALTH CORP,1.0
2024-12-01,10933,MKL,MARKEL GROUP INC,1.0
2024-12-01,11581,EPAC,ENERPAC TOOL GROUP CORP,1.0
2024-12-01,11691,MATX,MATSON INC,1.0
2024-12-01,12570,ITT,I T T INC,1.0
2024-12-01,12622,HCA,H C A HEALTHCARE INC,1.0
2024-12-01,13407,META,META PLATFORMS INC,1.0
2024-12-01,13788,ZTS,ZOETIS INC,1.0
2024-12-01,13901,MO,ALTRIA GROUP INC,1.0
2024-12-01,13911,IQV,IQVIA HOLDINGS INC,1.0
2024-12-01,14406,ESI,ELEMENT SOLUTIONS INC,1.0
2024-12-01,14593,AAPL,APPLE INC,1.0
2024-12-01,15056,ADMA,ADMA BIOLOGICS INC,1.0
2024-12-01,17223,ADT,A D T INC,1.0
2024-12-01,17332,VCTR,VICTORY CAPITAL HOLDINGS INC,1.0
2024-12-01,18064,FTDR,FRONTDOOR INC,1.0
2024-12-01,18091,CW,CURTISS WRIGHT CORP,1.0
2024-12-01,20482,ABT,ABBOTT LABORATORIES,1.0
2024-12-01,22779,MSI,MOTOROLA SOLUTIONS INC,1.0
2024-12-01,27334,CSL,CARLISLE COMPANIES,1.0
2024-12-01,42439,HNI,H N I CORP,1.0
2024-12-01,52936,MCY,MERCURY GENERAL CORP NEW,1.0
2024-12-01,56223,LPX,LOUISIANA PACIFIC CORP,1.0
2024-12-01,61313,DCI,DONALDSON INC,1.0
2024-12-01,62308,GL,GLOBE LIFE INC,1.0
2024-12-01,65306,UNF,UNIFIRST CORP,1.0
2024-12-01,65307,RPM,R P M INTERNATIONAL INC,1.0
2024-12-01,73139,SYK,STRYKER CORP,1.0
2024-12-01,75510,ADBE,ADOBE INC,1.0
2024-12-01,75603,CRUS,CIRRUS LOGIC INC,1.0
2024-12-01,76095,HOLX,HOLOGIC INC,1.0
2024-12-01,76582,DORM,DORMAN PRODUCTS INC,1.0
2024-12-01,77496,MHK,MOHAWK INDUSTRIES INC,1.0
2024-12-01,79133,ATR,APTARGROUP INC,1.0
2024-12-01,79637,UHS,UNIVERSAL HEALTH SERVICES INC,1.0
2024-12-01,79686,DECK,DECKERS OUTDOOR CORP,1.0
2024-12-01,82694,EME,EMCOR GROUP INC,1.0
2024-12-01,83779,PEGA,PEGASYSTEMS INC,1.0
2024-12-01,83799,STRA,STRATEGIC EDUCATION INC,1.0
2024-12-01,84723,LNG,CHENIERE ENERGY INC,1.0
2024-12-01,85072,RL,RALPH LAUREN CORP,1.0
2024-12-01,85593,AMG,AFFILIATED MANAGERS GROUP INC,1.0
2024-12-01,85621,MTD,METTLER TOLEDO INTERNATIONAL INC,1.0
2024-12-01,85631,ADSK,AUTODESK INC,1.0
2024-12-01,85645,INGR,INGREDION INC,1.0
2024-12-01,85768,IESC,I E S HOLDINGS INC,1.0
2024-12-01,86580,NVDA,NVIDIA CORP,1.0
2024-12-01,87432,A,AGILENT TECHNOLOGIES INC,1.0
2024-12-01,87657,EW,EDWARDS LIFESCIENCES CORP,1.0
2024-12-01,89968,PIPR,PIPER SANDLER COMPANIES,1.0
2024-12-01,90215,CRM,SALESFORCE INC,1.0
2024-12-01,90377,ONTO,ONTO INNOVATION INC,1.0
2024-12-01,90708,MORN,MORNINGSTAR INC,1.0
2024-12-01,91233,MA,MASTERCARD INC,1.0
2024-12-01,91234,MWA,MUELLER WATER PRODUCTS INC,1.0
2024-12-01,91463,CVLT,COMMVAULT SYSTEMS INC,1.0
2024-12-01,91531,OC,OWENS CORNING NEW,1.0
2024-12-01,92852,LOPE,GRAND CANYON EDUCATION INC,1.0
2024-12-01,93089,VRSK,VERISK ANALYTICS INC,1.0
2024-12-01,93132,FTNT,FORTINET INC,1.0
2024-12-01,93179,PPC,PILGRIMS PRIDE CORP NEW,1.0
2024-12-01,93312,SSNC,S S & C TECHNOLOGIES HLDGS INC,1.0
2024-12-01,93330,PRI,PRIMERICA INC,1.0
2024-12-01,48486,LRCX,LAM RESH CORP,0.989724
2024-12-01,92402,MSCI,M S C I INC,0.986272
2024-12-01,90319,GOOGL,ALPHABET INC,0.983421
2024-12-01,58246,NTRS,NORTHERN TRUST CORP,0.974201
2024-12-01,18973,BRC,BRADY CORP,0.972684
2024-12-01,14318,NMIH,N M I HOLDINGS INC,0.961495
2024-12-01,11995,COKE,COCA COLA CONSOLIDATED INC,0.961258
2024-12-01,79862,ROCK,GIBRALTAR INDUSTRIES INC,0.95884
2024-12-01,34032,MAS,MASCO CORP,0.955469
2024-12-01,92221,MELI,MERCADOLIBRE INC,0.950784
2024-12-01,10107,MSFT,MICROSOFT CORP,0.930431
2024-12-01,22111,JNJ,JOHNSON & JOHNSON,0.930137
2024-12-01,11731,AIN,ALBANY INTERNATIONAL CORP NEW,0.925256
2024-12-01,78015,MTX,MINERALS TECHNOLOGIES INC,0.918631
2024-12-01,54253,MSA,M S A SAFETY INC,0.910806
2024-12-01,41355,PH,PARKER HANNIFIN CORP,0.909523
2024-12-01,89525,CMCSA,COMCAST CORP NEW,0.908868
2024-12-01,86026,IOSP,INNOSPEC INC,0.894831
2024-12-01,22752,MRK,MERCK & CO INC NEW,0.887604
2024-12-01,13936,PVH,P V H CORP,0.880484
2024-12-01,12981,FBIN,FORTUNE BRANDS INNOVATIONS INC,0.869962
2024-12-01,90249,ENS,ENERSYS,0.866115
2024-12-01,65541,COO,COOPER COMPANIES INC,0.864233
2024-12-01,85067,MMS,MAXIMUS INC,0.86118
2024-12-01,52337,THC,TENET HEALTHCARE CORP,0.84913
2024-12-01,15850,MTCH,MATCH GROUP INC NEW,0.843469
2024-12-01,90550,DLB,DOLBY LABORATORIES INC,0.838616
2024-12-01,85753,VRSN,VERISIGN INC,0.836434
2024-12-01,10517,PRG,PROG HOLDINGS INC,0.827103
2024-12-01,84827,RMBS,RAMBUS INC,0.826523
2024-12-01,89070,ZBH,ZIMMER BIOMET HOLDINGS INC,0.823067
2024-12-01,83976,ANF,ABERCROMBIE & FITCH CO,0.82286
2024-12-01,65402,AOS,SMITH A O CORP,0.813087
2024-12-01,42550,NEU,NEWMARKET CORP,0.809419
2024-12-01,16260,MEDP,MEDPACE HOLDINGS INC,0.808593
2024-12-01,86047,AMKR,AMKOR TECHNOLOGY INC,0.699768
2024-12-01,17799,INSP,INSPIRE MEDICAL SYSTEMS INC,0.620054
2024-12-01,90880,AMP,AMERIPRISE FINANCIAL INC,0.618317
2024-12-01,82775,HIG,HARTFORD FINANCIAL SVCS GRP INC,0.607951
2024-12-01,79758,BYD,BOYD GAMING CORP,0.594007
2024-12-01,64186,CI,CIGNA GROUP,0.58114
2024-12-01,46690,CBT,CABOT CORP,0.455728
2024-12-01,59010,GAP,GAP INC,0.348013
2024-12-01,88352,ISRG,INTUITIVE SURGICAL INC,0.329666
2024-12-01,89134,OVV,OVINTIV INC,0.256338
2024-12-01,81677,WAB,WABTEC CORP,0.251091
2024-12-01,87137,DVN,DEVON ENERGY CORP NEW,0.226155
2024-12-01,82307,DVA,DAVITA INC,0.041745
2024-12-01,40539,TJX,T J X COMPANIES INC NEW,0.019515
2024-12-01,21207,NEM,NEWMONT CORP,-0.055192
2024-12-01,76837,HAE,HAEMONETICS CORP MASS,-0.085458
2024-12-01,76644,X,UNITED STATES STEEL CORP NEW,-0.218079
2024-12-01,91204,POR,PORTLAND GENERAL ELECTRIC CO,-0.441693
2024-12-01,54594,AIR,A A R CORP,-0.448237
2024-12-01,59328,INTC,INTEL CORP,-0.46034
2024-12-01,43123,ATI,A T I INC,-0.474031
2024-12-01,90520,CE,CELANESE CORP DEL,-0.535494
2024-12-01,86136,SRE,SEMPRA ENERGY,-0.571648
2024-12-01,17944,TENB,TENABLE HOLDINGS INC,-0.650986
2024-12-01,63773,TDS,TELEPHONE & DATA SYSTEMS INC,-0.68812
2024-12-01,16381,BL,BLACKLINE INC,-0.785847
2024-12-01,57568,BALL,BALL CORP,-0.795812
2024-12-01,14436,RARE,ULTRAGENYX PHARMACEUTICALS INC,-0.827818
2024-12-01,16432,GT,GOODYEAR TIRE & RUBBER CO,-0.849358
2024-12-01,10200,RGEN,REPLIGEN CORP,-0.883964
2024-12-01,17864,BJ,B J S WHOLESALE CLUB HLDGS INC,-0.898742
2024-12-01,32870,HRL,HORMEL FOODS CORP,-0.90077
2024-12-01,91733,AVAV,AEROVIRONMENT INC,-0.900864
2024-12-01,14882,CZR,CAESARS ENTERTAINMENT INC DE,-0.914603
2024-12-01,50017,RRC,RANGE RESOURCES CORP,-0.948136
2024-12-01,87812,SLAB,SILICON LABORATORIES INC,-0.949728
2024-12-01,19285,CARR,CARRIER GLOBAL CORP,-0.955991
2024-12-01,17125,DNLI,DENALI THERAPEUTICS INC,-0.959065
2024-12-01,14988,LBRDK,LIBERTY BROADBAND CORP,-0.965102
2024-12-01,80286,TSCO,TRACTOR SUPPLY CO NEW,-0.971012
2024-12-01,82547,AEIS,ADVANCED ENERGY INDUSTRIES INC,-0.973571
2024-12-01,42585,SJM,SMUCKER J M CO,-0.974705
2024-12-01,19002,BWIN,BALDWIN INSURANCE GROUP INC,-0.97534
2024-12-01,20791,EWTX,EDGEWISE THERAPEUTICS INC,-0.979066
2024-12-01,27684,AVT,AVNET INC,-0.985593
2024-12-01,23229,CMS,C M S ENERGY CORP,-0.986658
2024-12-01,76282,AN,AUTONATION INC DEL,-0.991916
2024-12-01,84385,NSP,INSPERITY INC,-0.997061
2024-12-01,10397,WERN,WERNER ENTERPRISES INC,-1.0
2024-12-01,11644,CRK,COMSTOCK RESOURCES INC,-1.0
2024-12-01,12373,HHH,HOWARD HUGHES HOLDINGS INC,-1.0
2024-12-01,12473,KNX,KNIGHT SWIFT TRANSPORT HDLGS INC,-1.0
2024-12-01,12591,APO,APOLLO GLOBAL MANAGEMENT INC NEW,-1.0
2024-12-01,13877,IBTX,INDEPENDENT BANK GROUP INC,-1.0
2024-12-01,14044,AGIO,AGIOS PHARMACEUTICALS INC,-1.0
2024-12-01,14179,AR,ANTERO RESOURCES CORP,-1.0
2024-12-01,14329,ARMK,ARAMARK,-1.0
2024-12-01,14401,OGS,ONE GAS INC,-1.0
2024-12-01,14432,ITCI,INTRA CELLULAR THERAPIES INC,-1.0
2024-12-01,14472,VRNS,VARONIS SYSTEMS INC,-1.0
2024-12-01,14574,MC,MOELIS & CO,-1.0
2024-12-01,14596,FIVN,FIVE 9 INC,-1.0
2024-12-01,15119,WK,WORKIVA INC,-1.0
2024-12-01,15284,BPMC,BLUEPRINT MEDICINES CORP,-1.0
2024-12-01,16386,IRTC,IRHYTHM TECHNOLOGIES INC,-1.0
2024-12-01,16968,MDB,MONGODB INC,-1.0
2024-12-01,17787,EQH,EQUITABLE HOLDINGS INC,-1.0
2024-12-01,17959,CRNX,CRINETICS PHARMACEUTICALS INC,-1.0
2024-12-01,18770,BBIO,BRIDGEBIO PHARMA INC,-1.0
2024-12-01,18772,AKRO,AKERO THERAPEUTICS INC,-1.0
2024-12-01,18776,IMVT,IMMUNOVANT INC,-1.0
2024-12-01,18835,DKNG,DRAFTKINGS INC,-1.0
2024-12-01,19081,SITM,SITIME CORP,-1.0
2024-12-01,19201,RVMD,REVOLUTION MEDICINES INC,-1.0
2024-12-01,19349,KROS,KEROS THERAPEUTICS INC,-1.0
2024-12-01,19484,PCVX,VAXCYTE INC,-1.0
2024-12-01,19495,DNB,DUN & BRADSTREET HOLDINGS INC,-1.0
2024-12-01,19561,BA,BOEING CO,-1.0
2024-12-01,19825,DYN,DYNE THERAPEUTICS INC,-1.0
2024-12-01,19849,SMMT,SUMMIT THERAPEUTICS INC,-1.0
2024-12-01,20342,DRVN,DRIVEN BRANDS HOLDINGS INC,-1.0
2024-12-01,20583,EXE,EXPAND ENERGY CORP,-1.0
2024-12-01,20657,ACVA,A C V AUCTIONS INC,-1.0
2024-12-01,20923,EDR,ENDEAVOR GROUP HOLDINGS INC,-1.0
2024-12-01,20930,SOC,SABLE OFFSHORE CORP,-1.0
2024-12-01,21087,PRVA,PRIVIA HEALTH GROUP INC,-1.0
2024-12-01,21747,NUVL,NUVALENT INC,-1.0
2024-12-01,24328,EQT,E Q T CORP,-1.0
2024-12-01,25320,CPB,CAMPBELLS CO,-1.0
2024-12-01,54704,MOD,MODINE MANUFACTURING CO,-1.0
2024-12-01,55511,TXNM,T X N M ENERGY INC,-1.0
2024-12-01,57808,VSH,VISHAY INTERTECHNOLOGY INC,-1.0
2024-12-01,58683,LUV,SOUTHWEST AIRLINES CO,-1.0
2024-12-01,64995,KEY,KEYCORP NEW,-1.0
2024-12-01,66376,WSO,WATSCO INC,-1.0
2024-12-01,66384,WDC,WESTERN DIGITAL CORP,-1.0
2024-12-01,76591,QDEL,QUIDELORTHO CORP,-1.0
2024-12-01,76661,IONS,IONIS PHARMACEUTICALS INC,-1.0
2024-12-01,77520,AGCO,A G C O CORP,-1.0
2024-12-01,79864,VSEC,V S E CORP,-1.0
2024-12-01,80069,ARWR,ARROWHEAD PHARMACEUTICALS INC,-1.0
2024-12-01,84319,LAD,LITHIA MOTORS INC,-1.0
2024-12-01,84761,TTWO,TAKE TWO INTERACTIVE SOFTWR INC,-1.0
2024-12-01,85002,SRPT,SAREPTA THERAPEUTICS INC,-1.0
2024-12-01,85464,CWST,CASELLA WASTE SYSTEMS INC,-1.0
2024-12-01,85789,CADE,CADENCE BANK,-1.0
2024-12-01,86288,CSGP,COSTAR GROUP INC,-1.0
2024-12-01,87356,TKO,T K O GROUP HOLDINGS INC,-1.0
2024-12-01,88853,FLR,FLUOR CORP NEW,-1.0
2024-12-01,89031,AXON,AXON ENTERPRISE INC,-1.0
2024-12-01,89297,CCOI,COGENT COMMUNICATIONS HLDS INC,-1.0
2024-12-01,89301,GME,GAMESTOP CORP NEW,-1.0
2024-12-01,89455,RUSHA,RUSH ENTERPRISES INC,-1.0
2024-12-01,89482,BANC,BANC OF CALIFORNIA INC,-1.0
2024-12-01,90178,ALNY,ALNYLAM PHARMACEUTICALS INC,-1.0
2024-12-01,90199,CBRE,C B R E GROUP INC,-1.0
2024-12-01,90444,ORA,ORMAT TECHNOLOGIES INC,-1.0
2024-12-01,90776,WAL,WESTERN ALLIANCE BANCORPORATION,-1.0
2024-12-01,91041,LYV,LIVE NATION ENTERTAINMENT INC,-1.0
2024-12-01,91594,SPR,SPIRIT AEROSYSTEMS HOLDINGS INC,-1.0
2024-12-01,92469,SATS,ECHOSTAR CORP,-1.0
2024-12-01,93436,TSLA,TESLA INC,-1.0
2025-01-01,10693,EHC,ENCOMPASS HEALTH CORP,1.0
2025-01-01,10933,MKL,MARKEL GROUP INC,1.0
2025-01-01,13046,UI,UBIQUITI INC,1.0
2025-01-01,13407,META,META PLATFORMS INC,1.0
2025-01-01,13788,ZTS,ZOETIS INC,1.0
2025-01-01,13963,NWSA,NEWS CORP NEW,1.0
2025-01-01,14406,ESI,ELEMENT SOLUTIONS INC,1.0
2025-01-01,14593,AAPL,APPLE INC,1.0
2025-01-01,17223,ADT,A D T INC,1.0
2025-01-01,17332,VCTR,VICTORY CAPITAL HOLDINGS INC,1.0
2025-01-01,20482,ABT,ABBOTT LABORATORIES,1.0
2025-01-01,27334,CSL,CARLISLE COMPANIES,1.0
2025-01-01,46463,GFF,GRIFFON CORP,1.0
2025-01-01,62308,GL,GLOBE LIFE INC,1.0
2025-01-01,65306,UNF,UNIFIRST CORP,1.0
2025-01-01,75603,CRUS,CIRRUS LOGIC INC,1.0
2025-01-01,76095,HOLX,HOLOGIC INC,1.0
2025-01-01,77496,MHK,MOHAWK INDUSTRIES INC,1.0
2025-01-01,79637,UHS,UNIVERSAL HEALTH SERVICES INC,1.0
2025-01-01,79686,DECK,DECKERS OUTDOOR CORP,1.0
2025-01-01,80128,VMI,VALMONT INDUSTRIES INC,1.0
2025-01-01,82694,EME,EMCOR GROUP INC,1.0
2025-01-01,85593,AMG,AFFILIATED MANAGERS GROUP INC,1.0
2025-01-01,85621,MTD,METTLER TOLEDO INTERNATIONAL INC,1.0
2025-01-01,85631,ADSK,AUTODESK INC,1.0
2025-01-01,85645,INGR,INGREDION INC,1.0
2025-01-01,85768,IESC,I E S HOLDINGS INC,1.0
2025-01-01,87657,EW,EDWARDS LIFESCIENCES CORP,1.0
2025-01-01,89916,NXST,NEXSTAR MEDIA GROUP INC,1.0
2025-01-01,89968,PIPR,PIPER SANDLER COMPANIES,1.0
2025-01-01,90215,CRM,SALESFORCE INC,1.0
2025-01-01,90319,GOOGL,ALPHABET INC,1.0
2025-01-01,90377,ONTO,ONTO INNOVATION INC,1.0
2025-01-01,92293,TDC,TERADATA CORP DE,1.0
2025-01-01,92852,LOPE,GRAND CANYON EDUCATION INC,1.0
2025-01-01,93330,PRI,PRIMERICA INC,1.0
2025-01-01,85072,RL,RALPH LAUREN CORP,0.998109
2025-01-01,89134,OVV,OVINTIV INC,0.997655
2025-01-01,93132,FTNT,FORTINET INC,0.99034
2025-01-01,91233,MA,MASTERCARD INC,0.984384
2025-01-01,93312,SSNC,S S & C TECHNOLOGIES HLDGS INC,0.979348
2025-01-01,83779,PEGA,PEGASYSTEMS INC,0.977699
2025-01-01,13911,IQV,IQVIA HOLDINGS INC,0.974777
2025-01-01,87432,A,AGILENT TECHNOLOGIES INC,0.971824
2025-01-01,86580,NVDA,NVIDIA CORP,0.96776
2025-01-01,92402,MSCI,M S C I INC,0.967096
2025-01-01,48486,LRCX,LAM RESH CORP,0.96684
2025-01-01,18973,BRC,BRADY CORP,0.955614
2025-01-01,84723,LNG,CHENIERE ENERGY INC,0.955535
2025-01-01,83799,STRA,STRATEGIC EDUCATION INC,0.947498
2025-01-01,90708,MORN,MORNINGSTAR INC,0.947233
2025-01-01,93089,VRSK,VERISK ANALYTICS INC,0.933794
2025-01-01,18064,FTDR,FRONTDOOR INC,0.929272
2025-01-01,11995,COKE,COCA COLA CONSOLIDATED INC,0.925088
2025-01-01,22779,MSI,MOTOROLA SOLUTIONS INC,0.923498
2025-01-01,10107,MSFT,MICROSOFT CORP,0.922716
2025-01-01,76582,DORM,DORMAN PRODUCTS INC,0.921826
2025-01-01,85753,VRSN,VERISIGN INC,0.921759
2025-01-01,13901,MO,ALTRIA GROUP INC,0.91951
2025-01-01,73139,SYK,STRYKER CORP,0.916623
2025-01-01,12622,HCA,H C A HEALTHCARE INC,0.915538
2025-01-01,12570,ITT,I T T INC,0.91153
2025-01-01,79133,ATR,APTARGROUP INC,0.904639
2025-01-01,58246,NTRS,NORTHERN TRUST CORP,0.900979
2025-01-01,52936,MCY,MERCURY GENERAL CORP NEW,0.895652
2025-01-01,91234,MWA,MUELLER WATER PRODUCTS INC,0.894899
2025-01-01,11731,AIN,ALBANY INTERNATIONAL CORP NEW,0.892173
2025-01-01,42439,HNI,H N I CORP,0.885481
2025-01-01,65307,RPM,R P M INTERNATIONAL INC,0.883064
2025-01-01,14318,NMIH,N M I HOLDINGS INC,0.880313
2025-01-01,11691,MATX,MATSON INC,0.876609
2025-01-01,93179,PPC,PILGRIMS PRIDE CORP NEW,0.875818
2025-01-01,91463,CVLT,COMMVAULT SYSTEMS INC,0.875817
2025-01-01,22752,MRK,MERCK & CO INC NEW,0.872522
2025-01-01,56223,LPX,LOUISIANA PACIFIC CORP,0.872395
2025-01-01,54253,MSA,M S A SAFETY INC,0.865338
2025-01-01,22111,JNJ,JOHNSON & JOHNSON,0.864385
2025-01-01,61313,DCI,DONALDSON INC,0.862456
2025-01-01,85067,MMS,MAXIMUS INC,0.859759
2025-01-01,75510,ADBE,ADOBE INC,0.858237
2025-01-01,34032,MAS,MASCO CORP,0.857204
2025-01-01,13936,PVH,P V H CORP,0.855972
2025-01-01,78015,MTX,MINERALS TECHNOLOGIES INC,0.854903
2025-01-01,49680,DHR,DANAHER CORP,0.850049
2025-01-01,15056,ADMA,ADMA BIOLOGICS INC,0.849147
2025-01-01,11581,EPAC,ENERPAC TOOL GROUP CORP,0.847767
2025-01-01,15850,MTCH,MATCH GROUP INC NEW,0.839607
2025-01-01,90550,DLB,DOLBY LABORATORIES INC,0.836655
2025-01-01,90249,ENS,ENERSYS,0.827171
2025-01-01,86026,IOSP,INNOSPEC INC,0.827049
2025-01-01,91531,OC,OWENS CORNING NEW,0.824661
2025-01-01,41355,PH,PARKER HANNIFIN CORP,0.819665
2025-01-01,83976,ANF,ABERCROMBIE & FITCH CO,0.818636
2025-01-01,92221,MELI,MERCADOLIBRE INC,0.810931
2025-01-01,42550,NEU,NEWMARKET CORP,0.802203
2025-01-01,89525,CMCSA,COMCAST CORP NEW,0.786433
2025-01-01,16260,MEDP,MEDPACE HOLDINGS INC,0.785691
2025-01-01,89070,ZBH,ZIMMER BIOMET HOLDINGS INC,0.774313
2025-01-01,65541,COO,COOPER COMPANIES INC,0.757402
2025-01-01,12981,FBIN,FORTUNE BRANDS INNOVATIONS INC,0.756002
2025-01-01,84827,RMBS,RAMBUS INC,0.752724
2025-01-01,52337,THC,TENET HEALTHCARE CORP,0.748121
2025-01-01,65402,AOS,SMITH A O CORP,0.74156
2025-01-01,86047,AMKR,AMKOR TECHNOLOGY INC,0.689861
2025-01-01,17799,INSP,INSPIRE MEDICAL SYSTEMS INC,0.594044
2025-01-01,79758,BYD,BOYD GAMING CORP,0.582639
2025-01-01,90880,AMP,AMERIPRISE FINANCIAL INC,0.571303
2025-01-01,82775,HIG,HARTFORD FINANCIAL SVCS GRP INC,0.539458
2025-01-01,81282,ACIW,A C I WORLDWIDE INC,0.53091
2025-01-01,46690,CBT,CABOT CORP,0.377937
2025-01-01,59010,GAP,GAP INC,0.337841
2025-01-01,88352,ISRG,INTUITIVE SURGICAL INC,0.31627
2025-01-01,81677,WAB,WABTEC CORP,0.236367
2025-01-01,82307,DVA,DAVITA INC,0.037417
2025-01-01,40539,TJX,T J X COMPANIES INC NEW,0.018686
2025-01-01,21207,NEM,NEWMONT CORP,-0.048778
2025-01-01,76644,X,UNITED STATES STEEL CORP NEW,-0.181014
2025-01-01,80924,SIRI,SIRIUS X M HOLDINGS INC NEW,-0.27789
2025-01-01,57568,BALL,BALL CORP,-0.356243
2025-01-01,21890,BROS,DUTCH BROS INC,-0.372826
2025-01-01,59328,INTC,INTEL CORP,-0.38209
2025-01-01,54594,AIR,A A R CORP,-0.393467
2025-01-01,43123,ATI,A T I INC,-0.43188
2025-01-01,90520,CE,CELANESE CORP DEL,-0.504275
2025-01-01,32870,HRL,HORMEL FOODS CORP,-0.511029
2025-01-01,17944,TENB,TENABLE HOLDINGS INC,-0.608284
2025-01-01,63773,TDS,TELEPHONE & DATA SYSTEMS INC,-0.684985
2025-01-01,16432,GT,GOODYEAR TIRE & RUBBER CO,-0.708642
2025-01-01,91733,AVAV,AEROVIRONMENT INC,-0.709471
2025-01-01,16968,MDB,MONGODB INC,-0.718251
2025-01-01,14436,RARE,ULTRAGENYX PHARMACEUTICALS INC,-0.728152
2025-01-01,21593,XMTR,XOMETRY INC,-0.737901
2025-01-01,16381,BL,BLACKLINE INC,-0.767127
2025-01-01,17125,DNLI,DENALI THERAPEUTICS INC,-0.778317
2025-01-01,14882,CZR,CAESARS ENTERTAINMENT INC DE,-0.790778
2025-01-01,17864,BJ,B J S WHOLESALE CLUB HLDGS INC,-0.830588
2025-01-01,10200,RGEN,REPLIGEN CORP,-0.841971
2025-01-01,19285,CARR,CARRIER GLOBAL CORP,-0.842696
2025-01-01,14988,LBRDK,LIBERTY BROADBAND CORP,-0.843904
2025-01-01,54704,MOD,MODINE MANUFACTURING CO,-0.850082
2025-01-01,66376,WSO,WATSCO INC,-0.855456
2025-01-01,10397,WERN,WERNER ENTERPRISES INC,-0.875006
2025-01-01,88853,FLR,FLUOR CORP NEW,-0.875012
2025-01-01,89455,RUSHA,RUSH ENTERPRISES INC,-0.88076
2025-01-01,64995,KEY,KEYCORP NEW,-0.885803
2025-01-01,12473,KNX,KNIGHT SWIFT TRANSPORT HDLGS INC,-0.892444
2025-01-01,25320,CPB,CAMPBELLS CO,-0.90283
2025-01-01,85789,CADE,CADENCE BANK,-0.904601
2025-01-01,42585,SJM,SMUCKER J M CO,-0.907666
2025-01-01,85002,SRPT,SAREPTA THERAPEUTICS INC,-0.908216
2025-01-01,89031,AXON,AXON ENTERPRISE INC,-0.914972
2025-01-01,14329,ARMK,ARAMARK,-0.915658
2025-01-01,84319,LAD,LITHIA MOTORS INC,-0.920167
2025-01-01,91041,LYV,LIVE NATION ENTERTAINMENT INC,-0.933046
2025-01-01,90199,CBRE,C B R E GROUP INC,-0.93419
2025-01-01,76282,AN,AUTONATION INC DEL,-0.938101
2025-01-01,12591,APO,APOLLO GLOBAL MANAGEMENT INC NEW,-0.939947
2025-01-01,27684,AVT,AVNET INC,-0.944555
2025-01-01,50017,RRC,RANGE RESOURCES CORP,-0.95319
2025-01-01,20342,DRVN,DRIVEN BRANDS HOLDINGS INC,-0.9542
2025-01-01,14574,MC,MOELIS & CO,-0.956067
2025-01-01,14432,ITCI,INTRA CELLULAR THERAPIES INC,-0.971468
2025-01-01,82547,AEIS,ADVANCED ENERGY INDUSTRIES INC,-0.974999
2025-01-01,14596,FIVN,FIVE 9 INC,-0.980833
2025-01-01,19495,DNB,DUN & BRADSTREET HOLDINGS INC,-0.981389
2025-01-01,55511,TXNM,T X N M ENERGY INC,-0.998783
2025-01-01,11644,CRK,COMSTOCK RESOURCES INC,-1.0
2025-01-01,14179,AR,ANTERO RESOURCES CORP,-1.0
2025-01-01,14401,OGS,ONE GAS INC,-1.0
2025-01-01,15058,SLNO,SOLENO THERAPEUTICS INC,-1.0
2025-01-01,15119,WK,WORKIVA INC,-1.0
2025-01-01,15284,BPMC,BLUEPRINT MEDICINES CORP,-1.0
2025-01-01,15293,NEXT,NEXTDECADE CORP,-1.0
2025-01-01,16386,IRTC,IRHYTHM TECHNOLOGIES INC,-1.0
2025-01-01,16431,LW,LAMB WESTON HOLDINGS INC,-1.0
2025-01-01,17000,RYTM,RHYTHM PHARMACEUTICALS INC,-1.0
2025-01-01,17787,EQH,EQUITABLE HOLDINGS INC,-1.0
2025-01-01,17959,CRNX,CRINETICS PHARMACEUTICALS INC,-1.0
2025-01-01,18770,BBIO,BRIDGEBIO PHARMA INC,-1.0
2025-01-01,18772,AKRO,AKERO THERAPEUTICS INC,-1.0
2025-01-01,18776,IMVT,IMMUNOVANT INC,-1.0
2025-01-01,18835,DKNG,DRAFTKINGS INC,-1.0
2025-01-01,19002,BWIN,BALDWIN INSURANCE GROUP INC,-1.0
2025-01-01,19081,SITM,SITIME CORP,-1.0
2025-01-01,19201,RVMD,REVOLUTION MEDICINES INC,-1.0
2025-01-01,19561,BA,BOEING CO,-1.0
2025-01-01,19849,SMMT,SUMMIT THERAPEUTICS INC,-1.0
2025-01-01,19938,ALGM,ALLEGRO MICROSYSTEMS INC,-1.0
2025-01-01,20583,EXE,EXPAND ENERGY CORP,-1.0
2025-01-01,20657,ACVA,A C V AUCTIONS INC,-1.0
2025-01-01,20791,EWTX,EDGEWISE THERAPEUTICS INC,-1.0
2025-01-01,20923,EDR,ENDEAVOR GROUP HOLDINGS INC,-1.0
2025-01-01,20930,SOC,SABLE OFFSHORE CORP,-1.0
2025-01-01,21087,PRVA,PRIVIA HEALTH GROUP INC,-1.0
2025-01-01,21747,NUVL,NUVALENT INC,-1.0
2025-01-01,21792,CNP,CENTERPOINT ENERGY INC,-1.0
2025-01-01,22220,NN,NEXTNAV INC,-1.0
2025-01-01,24328,EQT,E Q T CORP,-1.0
2025-01-01,57808,VSH,VISHAY INTERTECHNOLOGY INC,-1.0
2025-01-01,58683,LUV,SOUTHWEST AIRLINES CO,-1.0
2025-01-01,66384,WDC,WESTERN DIGITAL CORP,-1.0
2025-01-01,75976,NEOG,NEOGEN CORP,-1.0
2025-01-01,76591,QDEL,QUIDELORTHO CORP,-1.0
2025-01-01,76661,IONS,IONIS PHARMACEUTICALS INC,-1.0
2025-01-01,76837,HAE,HAEMONETICS CORP MASS,-1.0
2025-01-01,77520,AGCO,A G C O CORP,-1.0
2025-01-01,77702,SBUX,STARBUCKS CORP,-1.0
2025-01-01,80069,ARWR,ARROWHEAD PHARMACEUTICALS INC,-1.0
2025-01-01,80286,TSCO,TRACTOR SUPPLY CO NEW,-1.0
2025-01-01,81655,DRI,DARDEN RESTAURANTS INC,-1.0
2025-01-01,84385,NSP,INSPERITY INC,-1.0
2025-01-01,84761,TTWO,TAKE TWO INTERACTIVE SOFTWR INC,-1.0
2025-01-01,85464,CWST,CASELLA WASTE SYSTEMS INC,-1.0
2025-01-01,86136,SRE,SEMPRA ENERGY,-1.0
2025-01-01,86288,CSGP,COSTAR GROUP INC,-1.0
2025-01-01,86822,EXTR,EXTREME NETWORKS INC,-1.0
2025-01-01,87356,TKO,T K O GROUP HOLDINGS INC,-1.0
2025-01-01,87812,SLAB,SILICON LABORATORIES INC,-1.0
2025-01-01,89297,CCOI,COGENT COMMUNICATIONS HLDS INC,-1.0
2025-01-01,89301,GME,GAMESTOP CORP NEW,-1.0
2025-01-01,89482,BANC,BANC OF CALIFORNIA INC,-1.0
2025-01-01,90178,ALNY,ALNYLAM PHARMACEUTICALS INC,-1.0
2025-01-01,90444,ORA,ORMAT TECHNOLOGIES INC,-1.0
2025-01-01,90776,WAL,WESTERN ALLIANCE BANCORPORATION,-1.0
2025-01-01,91594,SPR,SPIRIT AEROSYSTEMS HOLDINGS INC,-1.0
2025-01-01,92469,SATS,ECHOSTAR CORP,-1.0
2025-01-01,93436,TSLA,TESLA INC,-1.0
2025-02-01,10693,EHC,ENCOMPASS HEALTH CORP,1.0
2025-02-01,10933,MKL,MARKEL GROUP INC,1.0
2025-02-01,11691,MATX,MATSON INC,1.0
2025-02-01,11995,COKE,COCA COLA CONSOLIDATED INC,1.0
2025-02-01,12622,HCA,H C A HEALTHCARE INC,1.0
2025-02-01,13046,UI,UBIQUITI INC,1.0
2025-02-01,13407,META,META PLATFORMS INC,1.0
2025-02-01,13788,ZTS,ZOETIS INC,1.0
2025-02-01,13963,NWSA,NEWS CORP NEW,1.0
2025-02-01,14406,ESI,ELEMENT SOLUTIONS INC,1.0
2025-02-01,17223,ADT,A D T INC,1.0
2025-02-01,17332,VCTR,VICTORY CAPITAL HOLDINGS INC,1.0
2025-02-01,18064,FTDR,FRONTDOOR INC,1.0
2025-02-01,20482,ABT,ABBOTT LABORATORIES,1.0
2025-02-01,27334,CSL,CARLISLE COMPANIES,1.0
2025-02-01,46463,GFF,GRIFFON CORP,1.0
2025-02-01,48486,LRCX,LAM RESH CORP,1.0
2025-02-01,52936,MCY,MERCURY GENERAL CORP NEW,1.0
2025-02-01,62308,GL,GLOBE LIFE INC,1.0
2025-02-01,65306,UNF,UNIFIRST CORP,1.0
2025-02-01,75510,ADBE,ADOBE INC,1.0
2025-02-01,75603,CRUS,CIRRUS LOGIC INC,1.0
2025-02-01,76095,HOLX,HOLOGIC INC,1.0
2025-02-01,76708,ATGE,ADTALEM GLOBAL EDUCATION INC,1.0
2025-02-01,77496,MHK,MOHAWK INDUSTRIES INC,1.0
2025-02-01,79637,UHS,UNIVERSAL HEALTH SERVICES INC,1.0
2025-02-01,79758,BYD,BOYD GAMING CORP,1.0
2025-02-01,80128,VMI,VALMONT INDUSTRIES INC,1.0
2025-02-01,81282,ACIW,A C I WORLDWIDE INC,1.0
2025-02-01,83779,PEGA,PEGASYSTEMS INC,1.0
2025-02-01,85072,RL,RALPH LAUREN CORP,1.0
2025-02-01,85593,AMG,AFFILIATED MANAGERS GROUP INC,1.0
2025-02-01,85621,MTD,METTLER TOLEDO INTERNATIONAL INC,1.0
2025-02-01,85631,ADSK,AUTODESK INC,1.0
2025-02-01,85768,IESC,I E S HOLDINGS INC,1.0
2025-02-01,87432,A,AGILENT TECHNOLOGIES INC,1.0
2025-02-01,89134,OVV,OVINTIV INC,1.0
2025-02-01,89916,NXST,NEXSTAR MEDIA GROUP INC,1.0
2025-02-01,89968,PIPR,PIPER SANDLER COMPANIES,1.0
2025-02-01,90215,CRM,SALESFORCE INC,1.0
2025-02-01,90319,GOOGL,ALPHABET INC,1.0
2025-02-01,90377,ONTO,ONTO INNOVATION INC,1.0
2025-02-01,91080,HEES,H & E EQUIPMENT SERVICES INC,1.0
2025-02-01,91233,MA,MASTERCARD INC,1.0
2025-02-01,92293,TDC,TERADATA CORP DE,1.0
2025-02-01,92852,LOPE,GRAND CANYON EDUCATION INC,1.0
2025-02-01,93132,FTNT,FORTINET INC,1.0
2025-02-01,93312,SSNC,S S & C TECHNOLOGIES HLDGS INC,1.0
2025-02-01,93330,PRI,PRIMERICA INC,1.0
2025-02-01,13911,IQV,IQVIA HOLDINGS INC,0.995622
2025-02-01,85645,INGR,INGREDION INC,0.994374
2025-02-01,83799,STRA,STRATEGIC EDUCATION INC,0.993159
2025-02-01,82694,EME,EMCOR GROUP INC,0.98432
2025-02-01,56223,LPX,LOUISIANA PACIFIC CORP,0.98258
2025-02-01,84723,LNG,CHENIERE ENERGY INC,0.978129
2025-02-01,87657,EW,EDWARDS LIFESCIENCES CORP,0.97536
2025-02-01,93089,VRSK,VERISK ANALYTICS INC,0.971433
2025-02-01,18973,BRC,BRADY CORP,0.964011
2025-02-01,71175,UNM,UNUM GROUP,0.963671
2025-02-01,12570,ITT,I T T INC,0.960455
2025-02-01,92402,MSCI,M S C I INC,0.958685
2025-02-01,85753,VRSN,VERISIGN INC,0.954528
2025-02-01,14593,AAPL,APPLE INC,0.93912
2025-02-01,22779,MSI,MOTOROLA SOLUTIONS INC,0.934478
2025-02-01,34032,MAS,MASCO CORP,0.933638
2025-02-01,76582,DORM,DORMAN PRODUCTS INC,0.931097
2025-02-01,11581,EPAC,ENERPAC TOOL GROUP CORP,0.929563
2025-02-01,90708,MORN,MORNINGSTAR INC,0.922526
2025-02-01,14318,NMIH,N M I HOLDINGS INC,0.921954
2025-02-01,15850,MTCH,MATCH GROUP INC NEW,0.918803
2025-02-01,13901,MO,ALTRIA GROUP INC,0.915424
2025-02-01,92221,MELI,MERCADOLIBRE INC,0.914009
2025-02-01,91234,MWA,MUELLER WATER PRODUCTS INC,0.911835
2025-02-01,65307,RPM,R P M INTERNATIONAL INC,0.909217
2025-02-01,61313,DCI,DONALDSON INC,0.908786
2025-02-01,41355,PH,PARKER HANNIFIN CORP,0.908487
2025-02-01,22111,JNJ,JOHNSON & JOHNSON,0.906542
2025-02-01,79133,ATR,APTARGROUP INC,0.901944
2025-02-01,11731,AIN,ALBANY INTERNATIONAL CORP NEW,0.897934
2025-02-01,93179,PPC,PILGRIMS PRIDE CORP NEW,0.89512
2025-02-01,91531,OC,OWENS CORNING NEW,0.894443
2025-02-01,90550,DLB,DOLBY LABORATORIES INC,0.894208
2025-02-01,84827,RMBS,RAMBUS INC,0.874985
2025-02-01,42439,HNI,H N I CORP,0.87342
2025-02-01,79686,DECK,DECKERS OUTDOOR CORP,0.87001
2025-02-01,90249,ENS,ENERSYS,0.865967
2025-02-01,22752,MRK,MERCK & CO INC NEW,0.863857
2025-02-01,86580,NVDA,NVIDIA CORP,0.862093
2025-02-01,78015,MTX,MINERALS TECHNOLOGIES INC,0.857469
2025-02-01,54253,MSA,M S A SAFETY INC,0.857056
2025-02-01,52337,THC,TENET HEALTHCARE CORP,0.832539
2025-02-01,16260,MEDP,MEDPACE HOLDINGS INC,0.823115
2025-02-01,49680,DHR,DANAHER CORP,0.822028
2025-02-01,89070,ZBH,ZIMMER BIOMET HOLDINGS INC,0.799982
2025-02-01,15056,ADMA,ADMA BIOLOGICS INC,0.796834
2025-02-01,65541,COO,COOPER COMPANIES INC,0.792969
2025-02-01,12981,FBIN,FORTUNE BRANDS INNOVATIONS INC,0.790463
2025-02-01,73139,SYK,STRYKER CORP,0.77219
2025-02-01,42550,NEU,NEWMARKET CORP,0.753507
2025-02-01,13936,PVH,P V H CORP,0.722427
2025-02-01,89525,CMCSA,COMCAST CORP NEW,0.708627
2025-02-01,86047,AMKR,AMKOR TECHNOLOGY INC,0.658585
2025-02-01,83976,ANF,ABERCROMBIE & FITCH CO,0.651137
2025-02-01,17799,INSP,INSPIRE MEDICAL SYSTEMS INC,0.618106
2025-02-01,90880,AMP,AMERIPRISE FINANCIAL INC,0.581147
2025-02-01,82775,HIG,HARTFORD FINANCIAL SVCS GRP INC,0.548282
2025-02-01,46690,CBT,CABOT CORP,0.356658
2025-02-01,59010,GAP,GAP INC,0.345185
2025-02-01,81677,WAB,WABTEC CORP,0.25844
2025-02-01,86026,IOSP,INNOSPEC INC,0.256938
2025-02-01,85067,MMS,MAXIMUS INC,0.157328
2025-02-01,82307,DVA,DAVITA INC,0.043961
2025-02-01,40539,TJX,T J X COMPANIES INC NEW,0.01924
2025-02-01,21207,NEM,NEWMONT CORP,-0.055826
2025-02-01,32870,HRL,HORMEL FOODS CORP,-0.058187
2025-02-01,55511,TXNM,T X N M ENERGY INC,-0.113917
2025-02-01,80924,SIRI,SIRIUS X M HOLDINGS INC NEW,-0.291722
2025-02-01,59328,INTC,INTEL CORP,-0.369015
2025-02-01,86979,JNPR,JUNIPER NETWORKS INC,-0.391658
2025-02-01,54594,AIR,A A R CORP,-0.433776
2025-02-01,21890,BROS,DUTCH BROS INC,-0.443771
2025-02-01,43123,ATI,A T I INC,-0.446542
2025-02-01,90520,CE,CELANESE CORP DEL,-0.515946
2025-02-01,17944,TENB,TENABLE HOLDINGS INC,-0.663585
2025-02-01,48653,HUM,HUMANA INC,-0.684647
2025-02-01,16432,GT,GOODYEAR TIRE & RUBBER CO,-0.696069
2025-02-01,54704,MOD,MODINE MANUFACTURING CO,-0.698529
2025-02-01,63773,TDS,TELEPHONE & DATA SYSTEMS INC,-0.707628
2025-02-01,14436,RARE,ULTRAGENYX PHARMACEUTICALS INC,-0.742367
2025-02-01,16381,BL,BLACKLINE INC,-0.803611
2025-02-01,16968,MDB,MONGODB INC,-0.840862
2025-02-01,85002,SRPT,SAREPTA THERAPEUTICS INC,-0.846436
2025-02-01,14882,CZR,CAESARS ENTERTAINMENT INC DE,-0.850402
2025-02-01,88853,FLR,FLUOR CORP NEW,-0.852434
2025-02-01,14988,LBRDK,LIBERTY BROADBAND CORP,-0.86257
2025-02-01,66376,WSO,WATSCO INC,-0.86582
2025-02-01,42585,SJM,SMUCKER J M CO,-0.878049
2025-02-01,17125,DNLI,DENALI THERAPEUTICS INC,-0.887266
2025-02-01,15119,WK,WORKIVA INC,-0.893689
2025-02-01,16431,LW,LAMB WESTON HOLDINGS INC,-0.899142
2025-02-01,17864,BJ,B J S WHOLESALE CLUB HLDGS INC,-0.91802
2025-02-01,63125,AGYS,AGILYSYS INC,-0.922766
2025-02-01,64995,KEY,KEYCORP NEW,-0.926294
2025-02-01,75976,NEOG,NEOGEN CORP,-0.94069
2025-02-01,86822,EXTR,EXTREME NETWORKS INC,-0.941147
2025-02-01,86136,SRE,SEMPRA ENERGY,-0.942097
2025-02-01,90444,ORA,ORMAT TECHNOLOGIES INC,-0.943986
2025-02-01,19081,SITM,SITIME CORP,-0.948551
2025-02-01,14329,ARMK,ARAMARK,-0.951906
2025-02-01,19495,DNB,DUN & BRADSTREET HOLDINGS INC,-0.965551
2025-02-01,82547,AEIS,ADVANCED ENERGY INDUSTRIES INC,-0.967146
2025-02-01,10200,RGEN,REPLIGEN CORP,-0.969462
2025-02-01,12591,APO,APOLLO GLOBAL MANAGEMENT INC NEW,-0.969971
2025-02-01,76591,QDEL,QUIDELORTHO CORP,-0.972236
2025-02-01,89455,RUSHA,RUSH ENTERPRISES INC,-0.973664
2025-02-01,20657,ACVA,A C V AUCTIONS INC,-0.976333
2025-02-01,50017,RRC,RANGE RESOURCES CORP,-0.978129
2025-02-01,93436,TSLA,TESLA INC,-0.998585
2025-02-01,10397,WERN,WERNER ENTERPRISES INC,-1.0
2025-02-01,11404,ED,CONSOLIDATED EDISON INC,-1.0
2025-02-01,11644,CRK,COMSTOCK RESOURCES INC,-1.0
2025-02-01,12473,KNX,KNIGHT SWIFT TRANSPORT HDLGS INC,-1.0
2025-02-01,14179,AR,ANTERO RESOURCES CORP,-1.0
2025-02-01,14401,OGS,ONE GAS INC,-1.0
2025-02-01,14432,ITCI,INTRA CELLULAR THERAPIES INC,-1.0
2025-02-01,14472,VRNS,VARONIS SYSTEMS INC,-1.0
2025-02-01,14574,MC,MOELIS & CO,-1.0
2025-02-01,14596,FIVN,FIVE 9 INC,-1.0
2025-02-01,15284,BPMC,BLUEPRINT MEDICINES CORP,-1.0
2025-02-01,15293,NEXT,NEXTDECADE CORP,-1.0
2025-02-01,16386,IRTC,IRHYTHM TECHNOLOGIES INC,-1.0
2025-02-01,17000,RYTM,RHYTHM PHARMACEUTICALS INC,-1.0
2025-02-01,17787,EQH,EQUITABLE HOLDINGS INC,-1.0
2025-02-01,17801,ROAD,CONSTRUCTION PARTNERS INC,-1.0
2025-02-01,17959,CRNX,CRINETICS PHARMACEUTICALS INC,-1.0
2025-02-01,18772,AKRO,AKERO THERAPEUTICS INC,-1.0
2025-02-01,18776,IMVT,IMMUNOVANT INC,-1.0
2025-02-01,18835,DKNG,DRAFTKINGS INC,-1.0
2025-02-01,19002,BWIN,BALDWIN INSURANCE GROUP INC,-1.0
2025-02-01,19201,RVMD,REVOLUTION MEDICINES INC,-1.0
2025-02-01,19561,BA,BOEING CO,-1.0
2025-02-01,19849,SMMT,SUMMIT THERAPEUTICS INC,-1.0
2025-02-01,19938,ALGM,ALLEGRO MICROSYSTEMS INC,-1.0
2025-02-01,20583,EXE,EXPAND ENERGY CORP,-1.0
2025-02-01,20791,EWTX,EDGEWISE THERAPEUTICS INC,-1.0
2025-02-01,20923,EDR,ENDEAVOR GROUP HOLDINGS INC,-1.0
2025-02-01,20930,SOC,SABLE OFFSHORE CORP,-1.0
2025-02-01,21087,PRVA,PRIVIA HEALTH GROUP INC,-1.0
2025-02-01,21559,INTA,INTAPP INC,-1.0
2025-02-01,21747,NUVL,NUVALENT INC,-1.0
2025-02-01,21792,CNP,CENTERPOINT ENERGY INC,-1.0
2025-02-01,21896,TOST,TOAST INC,-1.0
2025-02-01,24328,EQT,E Q T CORP,-1.0
2025-02-01,25320,CPB,CAMPBELLS CO,-1.0
2025-02-01,58683,LUV,SOUTHWEST AIRLINES CO,-1.0
2025-02-01,66384,WDC,WESTERN DIGITAL CORP,-1.0
2025-02-01,75182,PII,POLARIS INC,-1.0
2025-02-01,76282,AN,AUTONATION INC DEL,-1.0
2025-02-01,76661,IONS,IONIS PHARMACEUTICALS INC,-1.0
2025-02-01,76837,HAE,HAEMONETICS CORP MASS,-1.0
2025-02-01,77520,AGCO,A G C O CORP,-1.0
2025-02-01,77702,SBUX,STARBUCKS CORP,-1.0
2025-02-01,79864,VSEC,V S E CORP,-1.0
2025-02-01,80069,ARWR,ARROWHEAD PHARMACEUTICALS INC,-1.0
2025-02-01,80286,TSCO,TRACTOR SUPPLY CO NEW,-1.0
2025-02-01,81655,DRI,DARDEN RESTAURANTS INC,-1.0
2025-02-01,84319,LAD,LITHIA MOTORS INC,-1.0
2025-02-01,84385,NSP,INSPERITY INC,-1.0
2025-02-01,84761,TTWO,TAKE TWO INTERACTIVE SOFTWR INC,-1.0
2025-02-01,85464,CWST,CASELLA WASTE SYSTEMS INC,-1.0
2025-02-01,86288,CSGP,COSTAR GROUP INC,-1.0
2025-02-01,87356,TKO,T K O GROUP HOLDINGS INC,-1.0
2025-02-01,87812,SLAB,SILICON LABORATORIES INC,-1.0
2025-02-01,88351,INSM,INSMED INC,-1.0
2025-02-01,89031,AXON,AXON ENTERPRISE INC,-1.0
2025-02-01,89297,CCOI,COGENT COMMUNICATIONS HLDS INC,-1.0
2025-02-01,89301,GME,GAMESTOP CORP NEW,-1.0
2025-02-01,89482,BANC,BANC OF CALIFORNIA INC,-1.0
2025-02-01,90178,ALNY,ALNYLAM PHARMACEUTICALS INC,-1.0
2025-02-01,90199,CBRE,C B R E GROUP INC,-1.0
2025-02-01,90776,WAL,WESTERN ALLIANCE BANCORPORATION,-1.0
2025-02-01,91041,LYV,LIVE NATION ENTERTAINMENT INC,-1.0
2025-02-01,91594,SPR,SPIRIT AEROSYSTEMS HOLDINGS INC,-1.0
2025-02-01,91733,AVAV,AEROVIRONMENT INC,-1.0
2025-03-01,10693,EHC,ENCOMPASS HEALTH CORP,1.0
2025-03-01,11691,MATX,MATSON INC,1.0
2025-03-01,11995,COKE,COCA COLA CONSOLIDATED INC,1.0
2025-03-01,12570,ITT,I T T INC,1.0
2025-03-01,13046,UI,UBIQUITI INC,1.0
2025-03-01,13407,META,META PLATFORMS INC,1.0
2025-03-01,13963,NWSA,NEWS CORP NEW,1.0
2025-03-01,14406,ESI,ELEMENT SOLUTIONS INC,1.0
2025-03-01,17223,ADT,A D T INC,1.0
2025-03-01,20482,ABT,ABBOTT LABORATORIES,1.0
2025-03-01,22752,MRK,MERCK & CO INC NEW,1.0
2025-03-01,52936,MCY,MERCURY GENERAL CORP NEW,1.0
2025-03-01,54148,PHM,PULTE GROUP INC,1.0
2025-03-01,59619,SXT,SENSIENT TECHNOLOGIES CORP,1.0
2025-03-01,62308,GL,GLOBE LIFE INC,1.0
2025-03-01,65307,RPM,R P M INTERNATIONAL INC,1.0
2025-03-01,71175,UNM,UNUM GROUP,1.0
2025-03-01,75603,CRUS,CIRRUS LOGIC INC,1.0
2025-03-01,76095,HOLX,HOLOGIC INC,1.0
2025-03-01,76708,ATGE,ADTALEM GLOBAL EDUCATION INC,1.0
2025-03-01,77178,QCOM,QUALCOMM INC,1.0
2025-03-01,77496,MHK,MOHAWK INDUSTRIES INC,1.0
2025-03-01,78015,MTX,MINERALS TECHNOLOGIES INC,1.0
2025-03-01,79686,DECK,DECKERS OUTDOOR CORP,1.0
2025-03-01,79758,BYD,BOYD GAMING CORP,1.0
2025-03-01,80128,VMI,VALMONT INDUSTRIES INC,1.0
2025-03-01,81282,ACIW,A C I WORLDWIDE INC,1.0
2025-03-01,85072,RL,RALPH LAUREN CORP,1.0
2025-03-01,85621,MTD,METTLER TOLEDO INTERNATIONAL INC,1.0
2025-03-01,85753,VRSN,VERISIGN INC,1.0
2025-03-01,89134,OVV,OVINTIV INC,1.0
2025-03-01,89916,NXST,NEXSTAR MEDIA GROUP INC,1.0
2025-03-01,90319,GOOGL,ALPHABET INC,1.0
2025-03-01,90409,HURN,HURON CONSULTING GROUP INC,1.0
2025-03-01,90550,DLB,DOLBY LABORATORIES INC,1.0
2025-03-01,91080,HEES,H & E EQUIPMENT SERVICES INC,1.0
2025-03-01,91233,MA,MASTERCARD INC,1.0
2025-03-01,91234,MWA,MUELLER WATER PRODUCTS INC,1.0
2025-03-01,91531,OC,OWENS CORNING NEW,1.0
2025-03-01,92221,MELI,MERCADOLIBRE INC,1.0
2025-03-01,92852,LOPE,GRAND CANYON EDUCATION INC,1.0
2025-03-01,93089,VRSK,VERISK ANALYTICS INC,1.0
2025-03-01,93132,FTNT,FORTINET INC,1.0
2025-03-01,93179,PPC,PILGRIMS PRIDE CORP NEW,1.0
2025-03-01,93312,SSNC,S S & C TECHNOLOGIES HLDGS INC,1.0
2025-03-01,93330,PRI,PRIMERICA INC,0.999901
2025-03-01,65306,UNF,UNIFIRST CORP,0.999485
2025-03-01,75510,ADBE,ADOBE INC,0.999222
2025-03-01,84723,LNG,CHENIERE ENERGY INC,0.998659
2025-03-01,53225,GHC,GRAHAM HOLDINGS CO,0.998474
2025-03-01,22111,JNJ,JOHNSON & JOHNSON,0.988085
2025-03-01,13901,MO,ALTRIA GROUP INC,0.975836
2025-03-01,13788,ZTS,ZOETIS INC,0.975269
2025-03-01,17332,VCTR,VICTORY CAPITAL HOLDINGS INC,0.971001
2025-03-01,87657,EW,EDWARDS LIFESCIENCES CORP,0.960953
2025-03-01,14593,AAPL,APPLE INC,0.960303
2025-03-01,46463,GFF,GRIFFON CORP,0.953779
2025-03-01,11581,EPAC,ENERPAC TOOL GROUP CORP,0.948697
2025-03-01,85645,INGR,INGREDION INC,0.948589
2025-03-01,92402,MSCI,M S C I INC,0.948433
2025-03-01,48486,LRCX,LAM RESH CORP,0.943508
2025-03-01,18973,BRC,BRADY CORP,0.934673
2025-03-01,13911,IQV,IQVIA HOLDINGS INC,0.930218
2025-03-01,76582,DORM,DORMAN PRODUCTS INC,0.929287
2025-03-01,79637,UHS,UNIVERSAL HEALTH SERVICES INC,0.926097
2025-03-01,12622,HCA,H C A HEALTHCARE INC,0.92512
2025-03-01,89968,PIPR,PIPER SANDLER COMPANIES,0.909909
2025-03-01,85593,AMG,AFFILIATED MANAGERS GROUP INC,0.905805
2025-03-01,90249,ENS,ENERSYS,0.902528
2025-03-01,82694,EME,EMCOR GROUP INC,0.89505
2025-03-01,86580,NVDA,NVIDIA CORP,0.894058
2025-03-01,34032,MAS,MASCO CORP,0.885927
2025-03-01,61313,DCI,DONALDSON INC,0.882363
2025-03-01,90708,MORN,MORNINGSTAR INC,0.877586
2025-03-01,85631,ADSK,AUTODESK INC,0.877426
2025-03-01,27334,CSL,CARLISLE COMPANIES,0.874105
2025-03-01,90215,CRM,SALESFORCE INC,0.868356
2025-03-01,14318,NMIH,N M I HOLDINGS INC,0.866856
2025-03-01,42550,NEU,NEWMARKET CORP,0.860082
2025-03-01,41355,PH,PARKER HANNIFIN CORP,0.858002
2025-03-01,54253,MSA,M S A SAFETY INC,0.851601
2025-03-01,11731,AIN,ALBANY INTERNATIONAL CORP NEW,0.848475
2025-03-01,79133,ATR,APTARGROUP INC,0.841658
2025-03-01,87432,A,AGILENT TECHNOLOGIES INC,0.84093
2025-03-01,56223,LPX,LOUISIANA PACIFIC CORP,0.836354
2025-03-01,42439,HNI,H N I CORP,0.819252
2025-03-01,15850,MTCH,MATCH GROUP INC NEW,0.813067
2025-03-01,15056,ADMA,ADMA BIOLOGICS INC,0.806035
2025-03-01,85768,IESC,I E S HOLDINGS INC,0.802587
2025-03-01,84827,RMBS,RAMBUS INC,0.79072
2025-03-01,16260,MEDP,MEDPACE HOLDINGS INC,0.768923
2025-03-01,49680,DHR,DANAHER CORP,0.764019
2025-03-01,89070,ZBH,ZIMMER BIOMET HOLDINGS INC,0.759626
2025-03-01,73139,SYK,STRYKER CORP,0.759566
2025-03-01,18064,FTDR,FRONTDOOR INC,0.756204
2025-03-01,89525,CMCSA,COMCAST CORP NEW,0.753015
2025-03-01,52337,THC,TENET HEALTHCARE CORP,0.745278
2025-03-01,92293,TDC,TERADATA CORP DE,0.743786
2025-03-01,65541,COO,COOPER COMPANIES INC,0.739666
2025-03-01,83779,PEGA,PEGASYSTEMS INC,0.721683
2025-03-01,12981,FBIN,FORTUNE BRANDS INNOVATIONS INC,0.713918
2025-03-01,90377,ONTO,ONTO INNOVATION INC,0.708054
2025-03-01,13936,PVH,P V H CORP,0.601025
2025-03-01,17799,INSP,INSPIRE MEDICAL SYSTEMS INC,0.590789
2025-03-01,82775,HIG,HARTFORD INSURANCE GROUP INC,0.579543
2025-03-01,90880,AMP,AMERIPRISE FINANCIAL INC,0.574347
2025-03-01,86047,AMKR,AMKOR TECHNOLOGY INC,0.562471
2025-03-01,83976,ANF,ABERCROMBIE & FITCH CO,0.559582
2025-03-01,22779,MSI,MOTOROLA SOLUTIONS INC,0.388065
2025-03-01,46690,CBT,CABOT CORP,0.355311
2025-03-01,59010,GAP,GAP INC,0.323104
2025-03-01,81677,WAB,WABTEC CORP,0.229853
2025-03-01,62092,TMO,THERMO FISHER SCIENTIFIC INC,0.1751
2025-03-01,85067,MMS,MAXIMUS INC,0.136324
2025-03-01,20892,COIN,COINBASE GLOBAL INC,0.129679
2025-03-01,82307,DVA,DAVITA INC,0.03675
2025-03-01,83443,BRKB,BERKSHIRE HATHAWAY INC DEL,-0.018841
2025-03-01,32870,HRL,HORMEL FOODS CORP,-0.055374
2025-03-01,55511,TXNM,T X N M ENERGY INC,-0.122728
2025-03-01,80924,SIRI,SIRIUS X M HOLDINGS INC NEW,-0.296061
2025-03-01,86979,JNPR,JUNIPER NETWORKS INC,-0.405415
2025-03-01,54594,AIR,A A R CORP,-0.414797
2025-03-01,90520,CE,CELANESE CORP DEL,-0.439974
2025-03-01,59328,INTC,INTEL CORP,-0.449458
2025-03-01,43123,ATI,A T I INC,-0.45343
2025-03-01,14329,ARMK,ARAMARK,-0.548674
2025-03-01,21890,BROS,DUTCH BROS INC,-0.560411
2025-03-01,17125,DNLI,DENALI THERAPEUTICS INC,-0.627665
2025-03-01,48653,HUM,HUMANA INC,-0.62912
2025-03-01,19495,DNB,DUN & BRADSTREET HOLDINGS INC,-0.708795
2025-03-01,93436,TSLA,TESLA INC,-0.719788
2025-03-01,63773,TDS,TELEPHONE & DATA SYSTEMS INC,-0.720296
2025-03-01,20657,ACVA,A C V AUCTIONS INC,-0.73778
2025-03-01,16432,GT,GOODYEAR TIRE & RUBBER CO,-0.739277
2025-03-01,16431,LW,LAMB WESTON HOLDINGS INC,-0.775105
2025-03-01,14882,CZR,CAESARS ENTERTAINMENT INC DE,-0.780824
2025-03-01,85002,SRPT,SAREPTA THERAPEUTICS INC,-0.791752
2025-03-01,15119,WK,WORKIVA INC,-0.793369
2025-03-01,89031,AXON,AXON ENTERPRISE INC,-0.806967
2025-03-01,86136,SRE,SEMPRA ENERGY,-0.809923
2025-03-01,16968,MDB,MONGODB INC,-0.819954
2025-03-01,63125,AGYS,AGILYSYS INC,-0.825303
2025-03-01,21415,S,SENTINELONE INC,-0.833982
2025-03-01,14596,FIVN,FIVE 9 INC,-0.879827
2025-03-01,12473,KNX,KNIGHT SWIFT TRANSPORT HDLGS INC,-0.880202
2025-03-01,64995,KEY,KEYCORP NEW,-0.889221
2025-03-01,76591,QDEL,QUIDELORTHO CORP,-0.891386
2025-03-01,10397,WERN,WERNER ENTERPRISES INC,-0.898624
2025-03-01,17801,ROAD,CONSTRUCTION PARTNERS INC,-0.899173
2025-03-01,90178,ALNY,ALNYLAM PHARMACEUTICALS INC,-0.906161
2025-03-01,66376,WSO,WATSCO INC,-0.909516
2025-03-01,84319,LAD,LITHIA MOTORS INC,-0.912505
2025-03-01,86822,EXTR,EXTREME NETWORKS INC,-0.916597
2025-03-01,17000,RYTM,RHYTHM PHARMACEUTICALS INC,-0.920629
2025-03-01,21559,INTA,INTAPP INC,-0.92192
2025-03-01,19938,ALGM,ALLEGRO MICROSYSTEMS INC,-0.92238
2025-03-01,14988,LBRDK,LIBERTY BROADBAND CORP,-0.922721
2025-03-01,89482,BANC,BANC OF CALIFORNIA INC,-0.9249
2025-03-01,10200,RGEN,REPLIGEN CORP,-0.92571
2025-03-01,89455,RUSHA,RUSH ENTERPRISES INC,-0.93149
2025-03-01,17864,BJ,B J S WHOLESALE CLUB HLDGS INC,-0.935459
2025-03-01,21896,TOST,TOAST INC,-0.939989
2025-03-01,24328,EQT,E Q T CORP,-0.941737
2025-03-01,82547,AEIS,ADVANCED ENERGY INDUSTRIES INC,-0.965466
2025-03-01,87356,TKO,T K O GROUP HOLDINGS INC,-0.967241
2025-03-01,50017,RRC,RANGE RESOURCES CORP,-0.976999
2025-03-01,90199,CBRE,C B R E GROUP INC,-0.97734
2025-03-01,14179,AR,ANTERO RESOURCES CORP,-0.980072
2025-03-01,91041,LYV,LIVE NATION ENTERTAINMENT INC,-0.987561
2025-03-01,90776,WAL,WESTERN ALLIANCE BANCORPORATION,-0.990109
2025-03-01,11404,ED,CONSOLIDATED EDISON INC,-1.0
2025-03-01,11644,CRK,COMSTOCK RESOURCES INC,-1.0
2025-03-01,12591,APO,APOLLO GLOBAL MANAGEMENT INC NEW,-1.0
2025-03-01,12623,HII,HUNTINGTON INGALLS INDS INC,-1.0
2025-03-01,14401,OGS,ONE GAS INC,-1.0
2025-03-01,14436,RARE,ULTRAGENYX PHARMACEUTICALS INC,-1.0
2025-03-01,14472,VRNS,VARONIS SYSTEMS INC,-1.0
2025-03-01,14811,FWONK,LIBERTY MEDIA CORP 3RD NEW,-1.0
2025-03-01,15058,SLNO,SOLENO THERAPEUTICS INC,-1.0
2025-03-01,15167,SHAK,SHAKE SHACK INC,-1.0
2025-03-01,15284,BPMC,BLUEPRINT MEDICINES CORP,-1.0
2025-03-01,15293,NEXT,NEXTDECADE CORP,-1.0
2025-03-01,16386,IRTC,IRHYTHM TECHNOLOGIES INC,-1.0
2025-03-01,17959,CRNX,CRINETICS PHARMACEUTICALS INC,-1.0
2025-03-01,18772,AKRO,AKERO THERAPEUTICS INC,-1.0
2025-03-01,18776,IMVT,IMMUNOVANT INC,-1.0
2025-03-01,18835,DKNG,DRAFTKINGS INC,-1.0
2025-03-01,19002,BWIN,BALDWIN INSURANCE GROUP INC,-1.0
2025-03-01,19201,RVMD,REVOLUTION MEDICINES INC,-1.0
2025-03-01,19506,VERX,VERTEX INC,-1.0
2025-03-01,19561,BA,BOEING CO,-1.0
2025-03-01,19655,STEP,STEPSTONE GROUP INC,-1.0
2025-03-01,19849,SMMT,SUMMIT THERAPEUTICS INC,-1.0
2025-03-01,20126,JOBY,JOBY AVIATION INC,-1.0
2025-03-01,20583,EXE,EXPAND ENERGY CORP,-1.0
2025-03-01,20791,EWTX,EDGEWISE THERAPEUTICS INC,-1.0
2025-03-01,20923,EDR,ENDEAVOR GROUP HOLDINGS INC,-1.0
2025-03-01,20930,SOC,SABLE OFFSHORE CORP,-1.0
2025-03-01,21087,PRVA,PRIVIA HEALTH GROUP INC,-1.0
2025-03-01,21237,PCOR,PROCORE TECHNOLOGIES INC,-1.0
2025-03-01,21352,FA,FIRST ADVANTAGE CORP,-1.0
2025-03-01,21747,NUVL,NUVALENT INC,-1.0
2025-03-01,21792,CNP,CENTERPOINT ENERGY INC,-1.0
2025-03-01,21927,DJT,TRUMP MEDIA & TECH GRP CORP,-1.0
2025-03-01,25320,CPB,CAMPBELLS CO,-1.0
2025-03-01,27422,CLF,CLEVELAND CLIFFS INC NEW,-1.0
2025-03-01,27887,BAX,BAXTER INTERNATIONAL INC,-1.0
2025-03-01,42585,SJM,SMUCKER J M CO,-1.0
2025-03-01,58683,LUV,SOUTHWEST AIRLINES CO,-1.0
2025-03-01,66384,WDC,WESTERN DIGITAL CORP,-1.0
2025-03-01,76661,IONS,IONIS PHARMACEUTICALS INC,-1.0
2025-03-01,77520,AGCO,A G C O CORP,-1.0
2025-03-01,77702,SBUX,STARBUCKS CORP,-1.0
2025-03-01,79864,VSEC,V S E CORP,-1.0
2025-03-01,80069,ARWR,ARROWHEAD PHARMACEUTICALS INC,-1.0
2025-03-01,80286,TSCO,TRACTOR SUPPLY CO NEW,-1.0
2025-03-01,81655,DRI,DARDEN RESTAURANTS INC,-1.0
2025-03-01,84385,NSP,INSPERITY INC,-1.0
2025-03-01,84761,TTWO,TAKE TWO INTERACTIVE SOFTWR INC,-1.0
2025-03-01,85464,CWST,CASELLA WASTE SYSTEMS INC,-1.0
2025-03-01,86288,CSGP,COSTAR GROUP INC,-1.0
2025-03-01,87812,SLAB,SILICON LABORATORIES INC,-1.0
2025-03-01,88351,INSM,INSMED INC,-1.0
2025-03-01,89297,CCOI,COGENT COMMUNICATIONS HLDS INC,-1.0
2025-03-01,89301,GME,GAMESTOP CORP NEW,-1.0
2025-03-01,90444,ORA,ORMAT TECHNOLOGIES INC,-1.0
2025-03-01,91594,SPR,SPIRIT AEROSYSTEMS HOLDINGS INC,-1.0
2025-03-01,92220,MASI,MASIMO CORP,-1.0
2025-03-01,92729,JBTM,J B T MAREL CORP,-1.0
2025-04-01,10693,EHC,ENCOMPASS HEALTH CORP,1.0
2025-04-01,11691,MATX,MATSON INC,1.0
2025-04-01,11995,COKE,COCA COLA CONSOLIDATED INC,1.0
2025-04-01,12373,HHH,HOWARD HUGHES HOLDINGS INC,1.0
2025-04-01,12622,HCA,H C A HEALTHCARE INC,1.0
2025-04-01,13046,UI,UBIQUITI INC,1.0
2025-04-01,13407,META,META PLATFORMS INC,1.0
2025-04-01,13901,MO,ALTRIA GROUP INC,1.0
2025-04-01,14593,AAPL,APPLE INC,1.0
2025-04-01,17223,ADT,A D T INC,1.0
2025-04-01,17332,VCTR,VICTORY CAPITAL HOLDINGS INC,1.0
2025-04-01,22752,MRK,MERCK & CO INC NEW,1.0
2025-04-01,53225,GHC,GRAHAM HOLDINGS CO,1.0
2025-04-01,56223,LPX,LOUISIANA PACIFIC CORP,1.0
2025-04-01,59619,SXT,SENSIENT TECHNOLOGIES CORP,1.0
2025-04-01,62308,GL,GLOBE LIFE INC,1.0
2025-04-01,65307,RPM,R P M INTERNATIONAL INC,1.0
2025-04-01,75510,ADBE,ADOBE INC,1.0
2025-04-01,79758,BYD,BOYD GAMING CORP,1.0
2025-04-01,80128,VMI,VALMONT INDUSTRIES INC,1.0
2025-04-01,82702,AMRX,AMNEAL PHARMACEUTICALS INC,1.0
2025-04-01,83799,STRA,STRATEGIC EDUCATION INC,1.0
2025-04-01,84723,LNG,CHENIERE ENERGY INC,1.0
2025-04-01,85020,PPBI,PACIFIC PREMIER BANCORP INC,1.0
2025-04-01,85621,MTD,METTLER TOLEDO INTERNATIONAL INC,1.0
2025-04-01,85753,VRSN,VERISIGN INC,1.0
2025-04-01,89916,NXST,NEXSTAR MEDIA GROUP INC,1.0
2025-04-01,90319,GOOGL,ALPHABET INC,1.0
2025-04-01,90409,HURN,HURON CONSULTING GROUP INC,1.0
2025-04-01,90880,AMP,AMERIPRISE FINANCIAL INC,1.0
2025-04-01,91080,HEES,H & E EQUIPMENT SERVICES INC,1.0
2025-04-01,91516,AWI,ARMSTRONG WORLD INDS INC NEW,1.0
2025-04-01,92852,LOPE,GRAND CANYON EDUCATION INC,1.0
2025-04-01,93089,VRSK,VERISK ANALYTICS INC,1.0
2025-04-01,93312,SSNC,S S & C TECHNOLOGIES HLDGS INC,1.0
2025-04-01,54148,PHM,PULTE GROUP INC,0.994043
2025-04-01,79637,UHS,UNIVERSAL HEALTH SERVICES INC,0.990902
2025-04-01,22111,JNJ,JOHNSON & JOHNSON,0.989611
2025-04-01,89134,OVV,OVINTIV INC,0.988678
2025-04-01,71175,UNM,UNUM GROUP,0.986489
2025-04-01,91234,MWA,MUELLER WATER PRODUCTS INC,0.983376
2025-04-01,90550,DLB,DOLBY LABORATORIES INC,0.980646
2025-04-01,76708,ATGE,ADTALEM GLOBAL EDUCATION INC,0.980252
2025-04-01,77178,QCOM,QUALCOMM INC,0.979248
2025-04-01,85645,INGR,INGREDION INC,0.978748
2025-04-01,93330,PRI,PRIMERICA INC,0.977616
2025-04-01,15056,ADMA,ADMA BIOLOGICS INC,0.972939
2025-04-01,76095,HOLX,HOLOGIC INC,0.971019
2025-04-01,87657,EW,EDWARDS LIFESCIENCES CORP,0.969201
2025-04-01,77496,MHK,MOHAWK INDUSTRIES INC,0.967576
2025-04-01,20482,ABT,ABBOTT LABORATORIES,0.957737
2025-04-01,13788,ZTS,ZOETIS INC,0.956825
2025-04-01,75603,CRUS,CIRRUS LOGIC INC,0.952865
2025-04-01,13963,NWSA,NEWS CORP NEW,0.951211
2025-04-01,81282,ACIW,A C I WORLDWIDE INC,0.950542
2025-04-01,91233,MA,MASTERCARD INC,0.94766
2025-04-01,46463,GFF,GRIFFON CORP,0.939437
2025-04-01,91531,OC,OWENS CORNING NEW,0.928314
2025-04-01,78015,MTX,MINERALS TECHNOLOGIES INC,0.921364
2025-04-01,11581,EPAC,ENERPAC TOOL GROUP CORP,0.916538
2025-04-01,92221,MELI,MERCADOLIBRE INC,0.915986
2025-04-01,12570,ITT,I T T INC,0.913381
2025-04-01,18973,BRC,BRADY CORP,0.907869
2025-04-01,92402,MSCI,M S C I INC,0.905015
2025-04-01,48486,LRCX,LAM RESH CORP,0.893206
2025-04-01,93132,FTNT,FORTINET INC,0.887789
2025-04-01,85593,AMG,AFFILIATED MANAGERS GROUP INC,0.887751
2025-04-01,27334,CSL,CARLISLE COMPANIES,0.870444
2025-04-01,13911,IQV,IQVIA HOLDINGS INC,0.865444
2025-04-01,14406,ESI,ELEMENT SOLUTIONS INC,0.865254
2025-04-01,42550,NEU,NEWMARKET CORP,0.856024
2025-04-01,14318,NMIH,N M I HOLDINGS INC,0.854609
2025-04-01,61313,DCI,DONALDSON INC,0.853416
2025-04-01,76582,DORM,DORMAN PRODUCTS INC,0.848911
2025-04-01,79133,ATR,APTARGROUP INC,0.848124
2025-04-01,90708,MORN,MORNINGSTAR INC,0.835837
2025-04-01,85631,ADSK,AUTODESK INC,0.834711
2025-04-01,34032,MAS,MASCO CORP,0.81643
2025-04-01,85072,RL,RALPH LAUREN CORP,0.813807
2025-04-01,90249,ENS,ENERSYS,0.813355
2025-04-01,65306,UNF,UNIFIRST CORP,0.807115
2025-04-01,82694,EME,EMCOR GROUP INC,0.806006
2025-04-01,79686,DECK,DECKERS OUTDOOR CORP,0.798886
2025-04-01,89968,PIPR,PIPER SANDLER COMPANIES,0.785802
2025-04-01,90215,CRM,SALESFORCE INC,0.779406
2025-04-01,41355,PH,PARKER HANNIFIN CORP,0.777209
2025-04-01,42439,HNI,H N I CORP,0.777057
2025-04-01,86580,NVDA,NVIDIA CORP,0.772685
2025-04-01,89525,CMCSA,COMCAST CORP NEW,0.771842
2025-04-01,87432,A,AGILENT TECHNOLOGIES INC,0.766132
2025-04-01,11731,AIN,ALBANY INTERNATIONAL CORP NEW,0.765045
2025-04-01,54253,MSA,M S A SAFETY INC,0.760195
2025-04-01,49680,DHR,DANAHER CORP,0.752424
2025-04-01,85768,IESC,I E S HOLDINGS INC,0.740341
2025-04-01,13862,TMHC,TAYLOR MORRISON HOME CORP,0.739039
2025-04-01,73139,SYK,STRYKER CORP,0.731199
2025-04-01,84827,RMBS,RAMBUS INC,0.729794
2025-04-01,16260,MEDP,MEDPACE HOLDINGS INC,0.713129
2025-04-01,92293,TDC,TERADATA CORP DE,0.698808
2025-04-01,65541,COO,COOPER COMPANIES INC,0.687784
2025-04-01,12981,FBIN,FORTUNE BRANDS INNOVATIONS INC,0.669113
2025-04-01,83779,PEGA,PEGASYSTEMS INC,0.636573
2025-04-01,18064,FTDR,FRONTDOOR INC,0.636226
2025-04-01,82775,HIG,HARTFORD INSURANCE GROUP INC,0.606894
2025-04-01,90377,ONTO,ONTO INNOVATION INC,0.587409
2025-04-01,20892,COIN,COINBASE GLOBAL INC,0.531661
2025-04-01,13936,PVH,P V H CORP,0.517326
2025-04-01,17799,INSP,INSPIRE MEDICAL SYSTEMS INC,0.505013
2025-04-01,86047,AMKR,AMKOR TECHNOLOGY INC,0.481602
2025-04-01,93179,PPC,PILGRIMS PRIDE CORP NEW,0.454147
2025-04-01,18183,SWI,SOLARWINDS CORP,0.441817
2025-04-01,83976,ANF,ABERCROMBIE & FITCH CO,0.413029
2025-04-01,22779,MSI,MOTOROLA SOLUTIONS INC,0.385618
2025-04-01,46690,CBT,CABOT CORP,0.342278
2025-04-01,59010,GAP,GAP INC,0.293417
2025-04-01,20894,APP,APPLOVIN CORP,0.290234
2025-04-01,81677,WAB,WABTEC CORP,0.224093
2025-04-01,62092,TMO,THERMO FISHER SCIENTIFIC INC,0.164255
2025-04-01,85067,MMS,MAXIMUS INC,0.142109
2025-04-01,52337,THC,TENET HEALTHCARE CORP,0.047877
2025-04-01,82307,DVA,DAVITA INC,0.037889
2025-04-01,16738,AM,ANTERO MIDSTREAM CORP,0.011322
2025-04-01,83443,BRKB,BERKSHIRE HATHAWAY INC DEL,-0.019464
2025-04-01,32870,HRL,HORMEL FOODS CORP,-0.059652
2025-04-01,64936,D,DOMINION ENERGY INC,-0.06259
2025-04-01,55511,TXNM,T X N M ENERGY INC,-0.125197
2025-04-01,80924,SIRI,SIRIUS X M HOLDINGS INC NEW,-0.274914
2025-04-01,43123,ATI,A T I INC,-0.404086
2025-04-01,86979,JNPR,JUNIPER NETWORKS INC,-0.406389
2025-04-01,59328,INTC,INTEL CORP,-0.428599
2025-04-01,21890,BROS,DUTCH BROS INC,-0.435167
2025-04-01,85002,SRPT,SAREPTA THERAPEUTICS INC,-0.470633
2025-04-01,14329,ARMK,ARAMARK,-0.509328
2025-04-01,16968,MDB,MONGODB INC,-0.534977
2025-04-01,48653,HUM,HUMANA INC,-0.615484
2025-04-01,93436,TSLA,TESLA INC,-0.634234
2025-04-01,20657,ACVA,A C V AUCTIONS INC,-0.644753
2025-04-01,15119,WK,WORKIVA INC,-0.685407
2025-04-01,19495,DNB,DUN & BRADSTREET HOLDINGS INC,-0.700299
2025-04-01,16432,GT,GOODYEAR TIRE & RUBBER CO,-0.720317
2025-04-01,21415,S,SENTINELONE INC,-0.732083
2025-04-01,63125,AGYS,AGILYSYS INC,-0.736369
2025-04-01,10200,RGEN,REPLIGEN CORP,-0.736421
2025-04-01,12473,KNX,KNIGHT SWIFT TRANSPORT HDLGS INC,-0.758806
2025-04-01,63773,TDS,TELEPHONE & DATA SYSTEMS INC,-0.771376
2025-04-01,84319,LAD,LITHIA MOTORS INC,-0.775885
2025-04-01,76591,QDEL,QUIDELORTHO CORP,-0.776436
2025-04-01,16431,LW,LAMB WESTON HOLDINGS INC,-0.79382
2025-04-01,82547,AEIS,ADVANCED ENERGY INDUSTRIES INC,-0.795673
2025-04-01,87812,SLAB,SILICON LABORATORIES INC,-0.798927
2025-04-01,89031,AXON,AXON ENTERPRISE INC,-0.800385
2025-04-01,21896,TOST,TOAST INC,-0.804538
2025-04-01,86136,SRE,SEMPRA ENERGY,-0.812213
2025-04-01,64995,KEY,KEYCORP NEW,-0.828255
2025-04-01,15831,AXSM,AXSOME THERAPEUTICS INC,-0.838255
2025-04-01,77702,SBUX,STARBUCKS CORP,-0.843566
2025-04-01,89455,RUSHA,RUSH ENTERPRISES INC,-0.85257
2025-04-01,21237,PCOR,PROCORE TECHNOLOGIES INC,-0.85992
2025-04-01,90776,WAL,WESTERN ALLIANCE BANCORPORATION,-0.871782
2025-04-01,92220,MASI,MASIMO CORP,-0.87913
2025-04-01,89482,BANC,BANC OF CALIFORNIA INC,-0.885759
2025-04-01,21087,PRVA,PRIVIA HEALTH GROUP INC,-0.895654
2025-04-01,91041,LYV,LIVE NATION ENTERTAINMENT INC,-0.896141
2025-04-01,90199,CBRE,C B R E GROUP INC,-0.897149
2025-04-01,66376,WSO,WATSCO INC,-0.913561
2025-04-01,92729,JBTM,J B T MAREL CORP,-0.923058
2025-04-01,88351,INSM,INSMED INC,-0.932075
2025-04-01,16386,IRTC,IRHYTHM TECHNOLOGIES INC,-0.946829
2025-04-01,14988,LBRDK,LIBERTY BROADBAND CORP,-0.950857
2025-04-01,87356,TKO,T K O GROUP HOLDINGS INC,-0.980532
2025-04-01,27887,BAX,BAXTER INTERNATIONAL INC,-0.988461
2025-04-01,85464,CWST,CASELLA WASTE SYSTEMS INC,-0.992022
2025-04-01,11404,ED,CONSOLIDATED EDISON INC,-1.0
2025-04-01,11644,CRK,COMSTOCK RESOURCES INC,-1.0
2025-04-01,12591,APO,APOLLO GLOBAL MANAGEMENT INC NEW,-1.0
2025-04-01,12623,HII,HUNTINGTON INGALLS INDS INC,-1.0
2025-04-01,13511,PANW,PALO ALTO NETWORKS INC,-1.0
2025-04-01,14179,AR,ANTERO RESOURCES CORP,-1.0
2025-04-01,14401,OGS,ONE GAS INC,-1.0
2025-04-01,14436,RARE,ULTRAGENYX PHARMACEUTICALS INC,-1.0
2025-04-01,14472,VRNS,VARONIS SYSTEMS INC,-1.0
2025-04-01,14811,FWONK,LIBERTY MEDIA CORP 3RD NEW,-1.0
2025-04-01,15284,BPMC,BLUEPRINT MEDICINES CORP,-1.0
2025-04-01,15293,NEXT,NEXTDECADE CORP,-1.0
2025-04-01,15535,OLLI,OLLIES BARGAIN OUTLET HLD INC,-1.0
2025-04-01,16680,QXO,Q X O INC,-1.0
2025-04-01,17000,RYTM,RHYTHM PHARMACEUTICALS INC,-1.0
2025-04-01,17341,ZS,ZSCALER INC,-1.0
2025-04-01,17801,ROAD,CONSTRUCTION PARTNERS INC,-1.0
2025-04-01,17864,BJ,B J S WHOLESALE CLUB HLDGS INC,-1.0
2025-04-01,17959,CRNX,CRINETICS PHARMACEUTICALS INC,-1.0
2025-04-01,18772,AKRO,AKERO THERAPEUTICS INC,-1.0
2025-04-01,18776,IMVT,IMMUNOVANT INC,-1.0
2025-04-01,18835,DKNG,DRAFTKINGS INC,-1.0
2025-04-01,19002,BWIN,BALDWIN INSURANCE GROUP INC,-1.0
2025-04-01,19201,RVMD,REVOLUTION MEDICINES INC,-1.0
2025-04-01,19484,PCVX,VAXCYTE INC,-1.0
2025-04-01,19506,VERX,VERTEX INC,-1.0
2025-04-01,19561,BA,BOEING CO,-1.0
2025-04-01,19655,STEP,STEPSTONE GROUP INC,-1.0
2025-04-01,19849,SMMT,SUMMIT THERAPEUTICS INC,-1.0
2025-04-01,19938,ALGM,ALLEGRO MICROSYSTEMS INC,-1.0
2025-04-01,20126,JOBY,JOBY AVIATION INC,-1.0
2025-04-01,20583,EXE,EXPAND ENERGY CORP,-1.0
2025-04-01,20791,EWTX,EDGEWISE THERAPEUTICS INC,-1.0
2025-04-01,20930,SOC,SABLE OFFSHORE CORP,-1.0
2025-04-01,21352,FA,FIRST ADVANTAGE CORP,-1.0
2025-04-01,21559,INTA,INTAPP INC,-1.0
2025-04-01,21573,IP,INTERNATIONAL PAPER CO,-1.0
2025-04-01,21747,NUVL,NUVALENT INC,-1.0
2025-04-01,21792,CNP,CENTERPOINT ENERGY INC,-1.0
2025-04-01,21927,DJT,TRUMP MEDIA & TECH GRP CORP,-1.0
2025-04-01,22618,TPG,T P G INC,-1.0
2025-04-01,24328,EQT,E Q T CORP,-1.0
2025-04-01,25320,CPB,CAMPBELLS CO,-1.0
2025-04-01,42585,SJM,SMUCKER J M CO,-1.0
2025-04-01,50017,RRC,RANGE RESOURCES CORP,-1.0
2025-04-01,54594,AIR,A A R CORP,-1.0
2025-04-01,58683,LUV,SOUTHWEST AIRLINES CO,-1.0
2025-04-01,66384,WDC,WESTERN DIGITAL CORP,-1.0
2025-04-01,76644,X,UNITED STATES STEEL CORP NEW,-1.0
2025-04-01,76661,IONS,IONIS PHARMACEUTICALS INC,-1.0
2025-04-01,77520,AGCO,A G C O CORP,-1.0
2025-04-01,80286,TSCO,TRACTOR SUPPLY CO NEW,-1.0
2025-04-01,81655,DRI,DARDEN RESTAURANTS INC,-1.0
2025-04-01,84385,NSP,INSPERITY INC,-1.0
2025-04-01,84761,TTWO,TAKE TWO INTERACTIVE SOFTWR INC,-1.0
2025-04-01,86288,CSGP,COSTAR GROUP INC,-1.0
2025-04-01,87430,KTOS,KRATOS DEFENSE & SECUR SOLS INC,-1.0
2025-04-01,88863,EXAS,EXACT SCIENCES CORP,-1.0
2025-04-01,89297,CCOI,COGENT COMMUNICATIONS HLDS INC,-1.0
2025-04-01,89301,GME,GAMESTOP CORP NEW,-1.0
2025-04-01,90178,ALNY,ALNYLAM PHARMACEUTICALS INC,-1.0
2025-04-01,90444,ORA,ORMAT TECHNOLOGIES INC,-1.0
2025-04-01,90520,CE,CELANESE CORP DEL,-1.0
2025-04-01,91594,SPR,SPIRIT AEROSYSTEMS HOLDINGS INC,-1.0
2025-04-01,91612,GSAT,GLOBALSTAR INC,-1.0
2025-05-01,10693,EHC,ENCOMPASS HEALTH CORP,1.0
2025-05-01,11995,COKE,COCA COLA CONSOLIDATED INC,1.0
2025-05-01,12570,ITT,I T T INC,1.0
2025-05-01,13046,UI,UBIQUITI INC,1.0
2025-05-01,14593,AAPL,APPLE INC,1.0
2025-05-01,15056,ADMA,ADMA BIOLOGICS INC,1.0
2025-05-01,17223,ADT,A D T INC,1.0
2025-05-01,17332,VCTR,VICTORY CAPITAL HOLDINGS INC,1.0
2025-05-01,21903,SLVM,SYLVAMO CORP,1.0
2025-05-01,46886,KLAC,K L A CORP,1.0
2025-05-01,47941,TGNA,TEGNA INC,1.0
2025-05-01,48486,LRCX,LAM RESH CORP,1.0
2025-05-01,59619,SXT,SENSIENT TECHNOLOGIES CORP,1.0
2025-05-01,75510,ADBE,ADOBE INC,1.0
2025-05-01,76708,ATGE,ADTALEM GLOBAL EDUCATION INC,1.0
2025-05-01,77178,QCOM,QUALCOMM INC,1.0
2025-05-01,77274,GILD,GILEAD SCIENCES INC,1.0
2025-05-01,79758,BYD,BOYD GAMING CORP,1.0
2025-05-01,80128,VMI,VALMONT INDUSTRIES INC,1.0
2025-05-01,83601,WOR,WORTHINGTON ENTERPRISES INC,1.0
2025-05-01,83779,PEGA,PEGASYSTEMS INC,1.0
2025-05-01,85621,MTD,METTLER TOLEDO INTERNATIONAL INC,1.0
2025-05-01,85753,VRSN,VERISIGN INC,1.0
2025-05-01,87657,EW,EDWARDS LIFESCIENCES CORP,1.0
2025-05-01,89916,NXST,NEXSTAR MEDIA GROUP INC,1.0
2025-05-01,89968,PIPR,PIPER SANDLER COMPANIES,1.0
2025-05-01,90319,GOOGL,ALPHABET INC,1.0
2025-05-01,90377,ONTO,ONTO INNOVATION INC,1.0
2025-05-01,90409,HURN,HURON CONSULTING GROUP INC,1.0
2025-05-01,91080,HEES,H & E EQUIPMENT SERVICES INC,1.0
2025-05-01,91233,MA,MASTERCARD INC,1.0
2025-05-01,91234,MWA,MUELLER WATER PRODUCTS INC,1.0
2025-05-01,91516,AWI,ARMSTRONG WORLD INDS INC NEW,1.0
2025-05-01,92221,MELI,MERCADOLIBRE INC,1.0
2025-05-01,92852,LOPE,GRAND CANYON EDUCATION INC,1.0
2025-05-01,84723,LNG,CHENIERE ENERGY INC,0.995212
2025-05-01,12622,HCA,H C A HEALTHCARE INC,0.995105
2025-05-01,93089,VRSK,VERISK ANALYTICS INC,0.992467
2025-05-01,54148,PHM,PULTE GROUP INC,0.988402
2025-05-01,13901,MO,ALTRIA GROUP INC,0.98197
2025-05-01,90880,AMP,AMERIPRISE FINANCIAL INC,0.969426
2025-05-01,27334,CSL,CARLISLE COMPANIES,0.967015
2025-05-01,85645,INGR,INGREDION INC,0.963645
2025-05-01,53225,GHC,GRAHAM HOLDINGS CO,0.955891
2025-05-01,93132,FTNT,FORTINET INC,0.953822
2025-05-01,13407,META,META PLATFORMS INC,0.948995
2025-05-01,22752,MRK,MERCK & CO INC NEW,0.945663
2025-05-01,20482,ABT,ABBOTT LABORATORIES,0.945046
2025-05-01,13963,NWSA,NEWS CORP NEW,0.944354
2025-05-01,71175,UNM,UNUM GROUP,0.942017
2025-05-01,91531,OC,OWENS CORNING NEW,0.941867
2025-05-01,62308,GL,GLOBE LIFE INC,0.934828
2025-05-01,56223,LPX,LOUISIANA PACIFIC CORP,0.934821
2025-05-01,90550,DLB,DOLBY LABORATORIES INC,0.934198
2025-05-01,79637,UHS,UNIVERSAL HEALTH SERVICES INC,0.930287
2025-05-01,22111,JNJ,JOHNSON & JOHNSON,0.929244
2025-05-01,42550,NEU,NEWMARKET CORP,0.926821
2025-05-01,65307,RPM,R P M INTERNATIONAL INC,0.923832
2025-05-01,81282,ACIW,A C I WORLDWIDE INC,0.923726
2025-05-01,75603,CRUS,CIRRUS LOGIC INC,0.914931
2025-05-01,76095,HOLX,HOLOGIC INC,0.911466
2025-05-01,82702,AMRX,AMNEAL PHARMACEUTICALS INC,0.910546
2025-05-01,13788,ZTS,ZOETIS INC,0.908594
2025-05-01,18973,BRC,BRADY CORP,0.90335
2025-05-01,93312,SSNC,S S & C TECHNOLOGIES HLDGS INC,0.901529
2025-05-01,77496,MHK,MOHAWK INDUSTRIES INC,0.897803
2025-05-01,93330,PRI,PRIMERICA INC,0.89699
2025-05-01,12373,HHH,HOWARD HUGHES HOLDINGS INC,0.894548
2025-05-01,46463,GFF,GRIFFON CORP,0.891575
2025-05-01,85768,IESC,I E S HOLDINGS INC,0.879281
2025-05-01,85593,AMG,AFFILIATED MANAGERS GROUP INC,0.871933
2025-05-01,82694,EME,EMCOR GROUP INC,0.871484
2025-05-01,85631,ADSK,AUTODESK INC,0.871455
2025-05-01,92402,MSCI,M S C I INC,0.869184
2025-05-01,14318,NMIH,N M I HOLDINGS INC,0.854433
2025-05-01,79133,ATR,APTARGROUP INC,0.8541
2025-05-01,11691,MATX,MATSON INC,0.8476
2025-05-01,61313,DCI,DONALDSON INC,0.833473
2025-05-01,85072,RL,RALPH LAUREN CORP,0.826451
2025-05-01,65306,UNF,UNIFIRST CORP,0.824997
2025-05-01,11581,EPAC,ENERPAC TOOL GROUP CORP,0.821563
2025-05-01,54253,MSA,M S A SAFETY INC,0.813114
2025-05-01,76582,DORM,DORMAN PRODUCTS INC,0.794922
2025-05-01,90708,MORN,MORNINGSTAR INC,0.791997
2025-05-01,79686,DECK,DECKERS OUTDOOR CORP,0.78906
2025-05-01,90215,CRM,SALESFORCE INC,0.77894
2025-05-01,14406,ESI,ELEMENT SOLUTIONS INC,0.778004
2025-05-01,86580,NVDA,NVIDIA CORP,0.773803
2025-05-01,89134,OVV,OVINTIV INC,0.772201
2025-05-01,41355,PH,PARKER HANNIFIN CORP,0.770895
2025-05-01,90249,ENS,ENERSYS,0.766251
2025-05-01,13911,IQV,IQVIA HOLDINGS INC,0.758168
2025-05-01,73139,SYK,STRYKER CORP,0.731894
2025-05-01,49680,DHR,DANAHER CORP,0.728953
2025-05-01,11731,AIN,ALBANY INTERNATIONAL CORP NEW,0.725994
2025-05-01,16260,MEDP,MEDPACE HOLDINGS INC,0.719268
2025-05-01,89525,CMCSA,COMCAST CORP NEW,0.719086
2025-05-01,34032,MAS,MASCO CORP,0.708702
2025-05-01,87432,A,AGILENT TECHNOLOGIES INC,0.703524
2025-05-01,13862,TMHC,TAYLOR MORRISON HOME CORP,0.703315
2025-05-01,84827,RMBS,RAMBUS INC,0.685139
2025-05-01,18064,FTDR,FRONTDOOR INC,0.678523
2025-05-01,92293,TDC,TERADATA CORP DE,0.665874
2025-05-01,65541,COO,COOPER COMPANIES INC,0.6635
2025-05-01,20892,COIN,COINBASE GLOBAL INC,0.624427
2025-05-01,82775,HIG,HARTFORD INSURANCE GROUP INC,0.599549
2025-05-01,12981,FBIN,FORTUNE BRANDS INNOVATIONS INC,0.589154
2025-05-01,13936,PVH,P V H CORP,0.550231
2025-05-01,93179,PPC,PILGRIMS PRIDE CORP NEW,0.509231
2025-05-01,86047,AMKR,AMKOR TECHNOLOGY INC,0.463633
2025-05-01,22779,MSI,MOTOROLA SOLUTIONS INC,0.386527
2025-05-01,83976,ANF,ABERCROMBIE & FITCH CO,0.373982
2025-05-01,46690,CBT,CABOT CORP,0.32213
2025-05-01,20894,APP,APPLOVIN CORP,0.317633
2025-05-01,59010,GAP,GAP INC,0.31328
2025-05-01,81677,WAB,WABTEC CORP,0.22749
2025-05-01,21906,ACT,ENACT HOLDINGS INC,0.199441
2025-05-01,62092,TMO,THERMO FISHER SCIENTIFIC INC,0.14103
2025-05-01,85067,MMS,MAXIMUS INC,0.139043
2025-05-01,52337,THC,TENET HEALTHCARE CORP,0.050715
2025-05-01,82307,DVA,DAVITA INC,0.034926
2025-05-01,16738,AM,ANTERO MIDSTREAM CORP,0.01051
2025-05-01,83443,BRKB,BERKSHIRE HATHAWAY INC DEL,-0.019419
2025-05-01,32870,HRL,HORMEL FOODS CORP,-0.057983
2025-05-01,64936,D,DOMINION ENERGY INC,-0.060482
2025-05-01,55511,TXNM,T X N M ENERGY INC,-0.125057
2025-05-01,80924,SIRI,SIRIUS X M HOLDINGS INC NEW,-0.260224
2025-05-01,91575,HRI,HERC HOLDINGS INC,-0.356579
2025-05-01,59328,INTC,INTEL CORP,-0.377826
2025-05-01,86979,JNPR,JUNIPER NETWORKS INC,-0.406412
2025-05-01,21890,BROS,DUTCH BROS INC,-0.419532
2025-05-01,43123,ATI,A T I INC,-0.420909
2025-05-01,85002,SRPT,SAREPTA THERAPEUTICS INC,-0.458498
2025-05-01,14329,ARMK,ARAMARK,-0.491445
2025-05-01,16968,MDB,MONGODB INC,-0.523235
2025-05-01,14179,AR,ANTERO RESOURCES CORP,-0.538932
2025-05-01,48653,HUM,HUMANA INC,-0.607819
2025-05-01,81540,COR,CENCORA INC,-0.634255
2025-05-01,76837,HAE,HAEMONETICS CORP MASS,-0.642915
2025-05-01,14558,ALLY,ALLY FINANCIAL INC,-0.646946
2025-05-01,15119,WK,WORKIVA INC,-0.677206
2025-05-01,12473,KNX,KNIGHT SWIFT TRANSPORT HDLGS INC,-0.680749
2025-05-01,77702,SBUX,STARBUCKS CORP,-0.685441
2025-05-01,93436,TSLA,TESLA INC,-0.688279
2025-05-01,87812,SLAB,SILICON LABORATORIES INC,-0.719383
2025-05-01,21415,S,SENTINELONE INC,-0.742381
2025-05-01,63773,TDS,TELEPHONE & DATA SYSTEMS INC,-0.74376
2025-05-01,63125,AGYS,AGILYSYS INC,-0.75214
2025-05-01,19938,ALGM,ALLEGRO MICROSYSTEMS INC,-0.755319
2025-05-01,64995,KEY,KEYCORP NEW,-0.765759
2025-05-01,90520,CE,CELANESE CORP DEL,-0.781043
2025-05-01,16431,LW,LAMB WESTON HOLDINGS INC,-0.783716
2025-05-01,90776,WAL,WESTERN ALLIANCE BANCORPORATION,-0.787911
2025-05-01,92729,JBTM,J B T MAREL CORP,-0.791836
2025-05-01,10200,RGEN,REPLIGEN CORP,-0.796035
2025-05-01,86136,SRE,SEMPRA ENERGY,-0.814461
2025-05-01,66376,WSO,WATSCO INC,-0.828092
2025-05-01,58683,LUV,SOUTHWEST AIRLINES CO,-0.829103
2025-05-01,21237,PCOR,PROCORE TECHNOLOGIES INC,-0.831741
2025-05-01,90199,CBRE,C B R E GROUP INC,-0.834982
2025-05-01,16432,GT,GOODYEAR TIRE & RUBBER CO,-0.845619
2025-05-01,50017,RRC,RANGE RESOURCES CORP,-0.846202
2025-05-01,21896,TOST,TOAST INC,-0.860148
2025-05-01,91041,LYV,LIVE NATION ENTERTAINMENT INC,-0.905807
2025-05-01,15535,OLLI,OLLIES BARGAIN OUTLET HLD INC,-0.908376
2025-05-01,80286,TSCO,TRACTOR SUPPLY CO NEW,-0.915158
2025-05-01,91612,GSAT,GLOBALSTAR INC,-0.917846
2025-05-01,25320,CPB,CAMPBELLS CO,-0.918737
2025-05-01,24328,EQT,E Q T CORP,-0.921788
2025-05-01,20583,EXE,EXPAND ENERGY CORP,-0.92981
2025-05-01,89031,AXON,AXON ENTERPRISE INC,-0.930484
2025-05-01,21087,PRVA,PRIVIA HEALTH GROUP INC,-0.93358
2025-05-01,84319,LAD,LITHIA MOTORS INC,-0.948773
2025-05-01,16386,IRTC,IRHYTHM TECHNOLOGIES INC,-0.963471
2025-05-01,81655,DRI,DARDEN RESTAURANTS INC,-0.969235
2025-05-01,90178,ALNY,ALNYLAM PHARMACEUTICALS INC,-0.971356
2025-05-01,22618,TPG,T P G INC,-0.975803
2025-05-01,11404,ED,CONSOLIDATED EDISON INC,-1.0
2025-05-01,11644,CRK,COMSTOCK RESOURCES INC,-1.0
2025-05-01,12591,APO,APOLLO GLOBAL MANAGEMENT INC NEW,-1.0
2025-05-01,12623,HII,HUNTINGTON INGALLS INDS INC,-1.0
2025-05-01,13181,GWRE,GUIDEWIRE SOFTWARE INC,-1.0
2025-05-01,13511,PANW,PALO ALTO NETWORKS INC,-1.0
2025-05-01,14401,OGS,ONE GAS INC,-1.0
2025-05-01,14436,RARE,ULTRAGENYX PHARMACEUTICALS INC,-1.0
2025-05-01,14472,VRNS,VARONIS SYSTEMS INC,-1.0
2025-05-01,14811,FWONK,LIBERTY MEDIA CORP 3RD NEW,-1.0
2025-05-01,14988,LBRDK,LIBERTY BROADBAND CORP,-1.0
2025-05-01,15284,BPMC,BLUEPRINT MEDICINES CORP,-1.0
2025-05-01,15831,AXSM,AXSOME THERAPEUTICS INC,-1.0
2025-05-01,16673,KNTK,KINETIK HOLDINGS INC,-1.0
2025-05-01,16680,QXO,Q X O INC,-1.0
2025-05-01,17000,RYTM,RHYTHM PHARMACEUTICALS INC,-1.0
2025-05-01,17125,DNLI,DENALI THERAPEUTICS INC,-1.0
2025-05-01,17341,ZS,ZSCALER INC,-1.0
2025-05-01,17801,ROAD,CONSTRUCTION PARTNERS INC,-1.0
2025-05-01,17864,BJ,B J S WHOLESALE CLUB HLDGS INC,-1.0
2025-05-01,18428,DOW,DOW INC,-1.0
2025-05-01,18772,AKRO,AKERO THERAPEUTICS INC,-1.0
2025-05-01,18835,DKNG,DRAFTKINGS INC,-1.0
2025-05-01,19002,BWIN,BALDWIN INSURANCE GROUP INC,-1.0
2025-05-01,19201,RVMD,REVOLUTION MEDICINES INC,-1.0
2025-05-01,19484,PCVX,VAXCYTE INC,-1.0
2025-05-01,19506,VERX,VERTEX INC,-1.0
2025-05-01,19561,BA,BOEING CO,-1.0
2025-05-01,19655,STEP,STEPSTONE GROUP INC,-1.0
2025-05-01,19849,SMMT,SUMMIT THERAPEUTICS INC,-1.0
2025-05-01,19854,EBC,EASTERN BANKSHARES INC,-1.0
2025-05-01,20126,JOBY,JOBY AVIATION INC,-1.0
2025-05-01,20657,ACVA,A C V AUCTIONS INC,-1.0
2025-05-01,21352,FA,FIRST ADVANTAGE CORP,-1.0
2025-05-01,21559,INTA,INTAPP INC,-1.0
2025-05-01,21573,IP,INTERNATIONAL PAPER CO,-1.0
2025-05-01,21747,NUVL,NUVALENT INC,-1.0
2025-05-01,21792,CNP,CENTERPOINT ENERGY INC,-1.0
2025-05-01,21927,DJT,TRUMP MEDIA & TECH GRP CORP,-1.0
2025-05-01,27887,BAX,BAXTER INTERNATIONAL INC,-1.0
2025-05-01,42585,SJM,SMUCKER J M CO,-1.0
2025-05-01,66384,WDC,WESTERN DIGITAL CORP,-1.0
2025-05-01,76644,X,UNITED STATES STEEL CORP NEW,-1.0
2025-05-01,76661,IONS,IONIS PHARMACEUTICALS INC,-1.0
2025-05-01,77520,AGCO,A G C O CORP,-1.0
2025-05-01,84385,NSP,INSPERITY INC,-1.0
2025-05-01,84389,SSB,SOUTHSTATE CORP,-1.0
2025-05-01,84761,TTWO,TAKE TWO INTERACTIVE SOFTWR INC,-1.0
2025-05-01,85464,CWST,CASELLA WASTE SYSTEMS INC,-1.0
2025-05-01,86288,CSGP,COSTAR GROUP INC,-1.0
2025-05-01,87356,TKO,T K O GROUP HOLDINGS INC,-1.0
2025-05-01,87430,KTOS,KRATOS DEFENSE & SECUR SOLS INC,-1.0
2025-05-01,88351,INSM,INSMED INC,-1.0
2025-05-01,88615,ITGR,INTEGER HOLDINGS CORP,-1.0
2025-05-01,88863,EXAS,EXACT SCIENCES CORP,-1.0
2025-05-01,89297,CCOI,COGENT COMMUNICATIONS HLDS INC,-1.0
2025-05-01,90175,XPO,X P O INC,-1.0
2025-05-01,90444,ORA,ORMAT TECHNOLOGIES INC,-1.0
2025-05-01,91594,SPR,SPIRIT AEROSYSTEMS HOLDINGS INC,-1.0
2025-05-01,91611,FSLR,FIRST SOLAR INC,-1.0
2025-05-01,92220,MASI,MASIMO CORP,-1.0
2025-05-01,92469,SATS,ECHOSTAR CORP,-1.0
2025-06-01,10693,EHC,ENCOMPASS HEALTH CORP,1.0
2025-06-01,11691,MATX,MATSON INC,1.0
2025-06-01,12373,HHH,HOWARD HUGHES HOLDINGS INC,1.0
2025-06-01,12570,ITT,I T T INC,1.0
2025-06-01,12622,HCA,H C A HEALTHCARE INC,1.0
2025-06-01,13046,UI,UBIQUITI INC,1.0
2025-06-01,13407,META,META PLATFORMS INC,1.0
2025-06-01,13901,MO,ALTRIA GROUP INC,1.0
2025-06-01,14593,AAPL,APPLE INC,1.0
2025-06-01,15623,HLI,HOULIHAN LOKEY INC,1.0
2025-06-01,16816,BHF,BRIGHTHOUSE FINANCIAL INC,1.0
2025-06-01,17223,ADT,A D T INC,1.0
2025-06-01,17332,VCTR,VICTORY CAPITAL HOLDINGS INC,1.0
2025-06-01,21207,NEM,NEWMONT CORP,1.0
2025-06-01,46886,KLAC,K L A CORP,1.0
2025-06-01,47941,TGNA,TEGNA INC,1.0
2025-06-01,48486,LRCX,LAM RESH CORP,1.0
2025-06-01,56223,LPX,LOUISIANA PACIFIC CORP,1.0
2025-06-01,59619,SXT,SENSIENT TECHNOLOGIES CORP,1.0
2025-06-01,64282,BBWI,BATH & BODY WORKS INC,1.0
2025-06-01,75510,ADBE,ADOBE INC,1.0
2025-06-01,75603,CRUS,CIRRUS LOGIC INC,1.0
2025-06-01,76478,ESE,E S C O TECHNOLOGIES INC,1.0
2025-06-01,76708,ATGE,ADTALEM GLOBAL EDUCATION INC,1.0
2025-06-01,77274,GILD,GILEAD SCIENCES INC,1.0
2025-06-01,79758,BYD,BOYD GAMING CORP,1.0
2025-06-01,80128,VMI,VALMONT INDUSTRIES INC,1.0
2025-06-01,81282,ACIW,A C I WORLDWIDE INC,1.0
2025-06-01,82694,EME,EMCOR GROUP INC,1.0
2025-06-01,83601,WOR,WORTHINGTON ENTERPRISES INC,1.0
2025-06-01,83779,PEGA,PEGASYSTEMS INC,1.0
2025-06-01,84723,LNG,CHENIERE ENERGY INC,1.0
2025-06-01,85072,RL,RALPH LAUREN CORP,1.0
2025-06-01,85621,MTD,METTLER TOLEDO INTERNATIONAL INC,1.0
2025-06-01,85645,INGR,INGREDION INC,1.0
2025-06-01,85768,IESC,I E S HOLDINGS INC,1.0
2025-06-01,86102,FHI,FEDERATED HERMES INC,1.0
2025-06-01,87657,EW,EDWARDS LIFESCIENCES CORP,1.0
2025-06-01,89916,NXST,NEXSTAR MEDIA GROUP INC,1.0
2025-06-01,89968,PIPR,PIPER SANDLER COMPANIES,1.0
2025-06-01,90319,GOOGL,ALPHABET INC,1.0
2025-06-01,90377,ONTO,ONTO INNOVATION INC,1.0
2025-06-01,90409,HURN,HURON CONSULTING GROUP INC,1.0
2025-06-01,91233,MA,MASTERCARD INC,1.0
2025-06-01,91516,AWI,ARMSTRONG WORLD INDS INC NEW,1.0
2025-06-01,92221,MELI,MERCADOLIBRE INC,1.0
2025-06-01,92852,LOPE,GRAND CANYON EDUCATION INC,1.0
2025-06-01,93089,VRSK,VERISK ANALYTICS INC,1.0
2025-06-01,79637,UHS,UNIVERSAL HEALTH SERVICES INC,0.996563
2025-06-01,53225,GHC,GRAHAM HOLDINGS CO,0.987998
2025-06-01,65307,RPM,R P M INTERNATIONAL INC,0.981719
2025-06-01,13963,NWSA,NEWS CORP NEW,0.979806
2025-06-01,13788,ZTS,ZOETIS INC,0.97623
2025-06-01,77178,QCOM,QUALCOMM INC,0.974284
2025-06-01,76095,HOLX,HOLOGIC INC,0.970216
2025-06-01,27334,CSL,CARLISLE COMPANIES,0.967552
2025-06-01,42550,NEU,NEWMARKET CORP,0.966659
2025-06-01,85753,VRSN,VERISIGN INC,0.96467
2025-06-01,20482,ABT,ABBOTT LABORATORIES,0.96195
2025-06-01,93312,SSNC,S S & C TECHNOLOGIES HLDGS INC,0.960271
2025-06-01,21903,SLVM,SYLVAMO CORP,0.959805
2025-06-01,86580,NVDA,NVIDIA CORP,0.9571
2025-06-01,54148,PHM,PULTE GROUP INC,0.940847
2025-06-01,85631,ADSK,AUTODESK INC,0.937675
2025-06-01,14318,NMIH,N M I HOLDINGS INC,0.935084
2025-06-01,91234,MWA,MUELLER WATER PRODUCTS INC,0.933541
2025-06-01,93132,FTNT,FORTINET INC,0.932037
2025-06-01,22111,JNJ,JOHNSON & JOHNSON,0.927041
2025-06-01,93330,PRI,PRIMERICA INC,0.926403
2025-06-01,85593,AMG,AFFILIATED MANAGERS GROUP INC,0.9233
2025-06-01,62308,GL,GLOBE LIFE INC,0.920175
2025-06-01,18064,FTDR,FRONTDOOR INC,0.905394
2025-06-01,76582,DORM,DORMAN PRODUCTS INC,0.904263
2025-06-01,90550,DLB,DOLBY LABORATORIES INC,0.903751
2025-06-01,79133,ATR,APTARGROUP INC,0.901759
2025-06-01,46463,GFF,GRIFFON CORP,0.898959
2025-06-01,92402,MSCI,M S C I INC,0.8989
2025-06-01,18973,BRC,BRADY CORP,0.893273
2025-06-01,11581,EPAC,ENERPAC TOOL GROUP CORP,0.869557
2025-06-01,65306,UNF,UNIFIRST CORP,0.868539
2025-06-01,82702,AMRX,AMNEAL PHARMACEUTICALS INC,0.86671
2025-06-01,91531,OC,OWENS CORNING NEW,0.864098
2025-06-01,90708,MORN,MORNINGSTAR INC,0.854948
2025-06-01,22752,MRK,MERCK & CO INC NEW,0.84932
2025-06-01,41355,PH,PARKER HANNIFIN CORP,0.846338
2025-06-01,77496,MHK,MOHAWK INDUSTRIES INC,0.845973
2025-06-01,11995,COKE,COCA COLA CONSOLIDATED INC,0.841863
2025-06-01,54253,MSA,M S A SAFETY INC,0.84154
2025-06-01,15056,ADMA,ADMA BIOLOGICS INC,0.829856
2025-06-01,14406,ESI,ELEMENT SOLUTIONS INC,0.812057
2025-06-01,89134,OVV,OVINTIV INC,0.783744
2025-06-01,90215,CRM,SALESFORCE INC,0.766331
2025-06-01,20892,COIN,COINBASE GLOBAL INC,0.756667
2025-06-01,84827,RMBS,RAMBUS INC,0.748284
2025-06-01,90249,ENS,ENERSYS,0.737092
2025-06-01,34032,MAS,MASCO CORP,0.730866
2025-06-01,87432,A,AGILENT TECHNOLOGIES INC,0.729126
2025-06-01,89525,CMCSA,COMCAST CORP NEW,0.724164
2025-06-01,49680,DHR,DANAHER CORP,0.691728
2025-06-01,13862,TMHC,TAYLOR MORRISON HOME CORP,0.687551
2025-06-01,13911,IQV,IQVIA HOLDINGS INC,0.683253
2025-06-01,92293,TDC,TERADATA CORP DE,0.677618
2025-06-01,82775,HIG,HARTFORD INSURANCE GROUP INC,0.632341
2025-06-01,13967,PTCT,P T C THERAPEUTICS INC,0.553664
2025-06-01,12981,FBIN,FORTUNE BRANDS INNOVATIONS INC,0.552177
2025-06-01,86047,AMKR,AMKOR TECHNOLOGY INC,0.477036
2025-06-01,20894,APP,APPLOVIN CORP,0.462323
2025-06-01,93179,PPC,PILGRIMS PRIDE CORP NEW,0.456749
2025-06-01,22779,MSI,MOTOROLA SOLUTIONS INC,0.363124
2025-06-01,59010,GAP,GAP INC,0.317968
2025-06-01,46690,CBT,CABOT CORP,0.306975
2025-06-01,81677,WAB,WABTEC CORP,0.24859
2025-06-01,21906,ACT,ENACT HOLDINGS INC,0.197652
2025-06-01,62092,TMO,THERMO FISHER SCIENTIFIC INC,0.131893
2025-06-01,52337,THC,TENET HEALTHCARE CORP,0.059685
2025-06-01,82307,DVA,DAVITA INC,0.03349
2025-06-01,16738,AM,ANTERO MIDSTREAM CORP,0.011887
2025-06-01,32870,HRL,HORMEL FOODS CORP,-0.059278
2025-06-01,64936,D,DOMINION ENERGY INC,-0.063553
2025-06-01,15119,WK,WORKIVA INC,-0.095453
2025-06-01,55511,TXNM,T X N M ENERGY INC,-0.132791
2025-06-01,16263,PTGX,PROTAGONIST THERAPEUTICS INC,-0.17161
2025-06-01,80924,SIRI,SIRIUS X M HOLDINGS INC NEW,-0.265702
2025-06-01,85002,SRPT,SAREPTA THERAPEUTICS INC,-0.274552
2025-06-01,21605,RYAN,RYAN SPECIALTY HOLDINGS INC,-0.298903
2025-06-01,59328,INTC,INTEL CORP,-0.366068
2025-06-01,21890,BROS,DUTCH BROS INC,-0.505458
2025-06-01,21896,TOST,TOAST INC,-0.518993
2025-06-01,14329,ARMK,ARAMARK,-0.595136
2025-06-01,43123,ATI,A T I INC,-0.614843
2025-06-01,81540,COR,CENCORA INC,-0.629969
2025-06-01,10200,RGEN,REPLIGEN CORP,-0.67813
2025-06-01,63773,TDS,TELEPHONE & DATA SYSTEMS INC,-0.67887
2025-06-01,76837,HAE,HAEMONETICS CORP MASS,-0.688346
2025-06-01,77702,SBUX,STARBUCKS CORP,-0.721385
2025-06-01,12473,KNX,KNIGHT SWIFT TRANSPORT HDLGS INC,-0.767695
2025-06-01,66376,WSO,WATSCO INC,-0.795682
2025-06-01,90776,WAL,WESTERN ALLIANCE BANCORPORATION,-0.819436
2025-06-01,64995,KEY,KEYCORP NEW,-0.826161
2025-06-01,16431,LW,LAMB WESTON HOLDINGS INC,-0.830794
2025-06-01,93436,TSLA,TESLA INC,-0.842542
2025-06-01,87812,SLAB,SILICON LABORATORIES INC,-0.849373
2025-06-01,16673,KNTK,KINETIK HOLDINGS INC,-0.850106
2025-06-01,90199,CBRE,C B R E GROUP INC,-0.851253
2025-06-01,25320,CPB,CAMPBELLS CO,-0.854305
2025-06-01,86136,SRE,SEMPRA ENERGY,-0.858775
2025-06-01,92729,JBTM,J B T MAREL CORP,-0.861432
2025-06-01,21237,PCOR,PROCORE TECHNOLOGIES INC,-0.868587
2025-06-01,80286,TSCO,TRACTOR SUPPLY CO NEW,-0.875686
2025-06-01,91612,GSAT,GLOBALSTAR INC,-0.878104
2025-06-01,16432,GT,GOODYEAR TIRE & RUBBER CO,-0.883635
2025-06-01,21087,PRVA,PRIVIA HEALTH GROUP INC,-0.901446
2025-06-01,90520,CE,CELANESE CORP DEL,-0.924104
2025-06-01,18428,DOW,DOW INC,-0.925959
2025-06-01,11404,ED,CONSOLIDATED EDISON INC,-0.930919
2025-06-01,91041,LYV,LIVE NATION ENTERTAINMENT INC,-0.93482
2025-06-01,88615,ITGR,INTEGER HOLDINGS CORP,-0.936469
2025-06-01,50017,RRC,RANGE RESOURCES CORP,-0.945525
2025-06-01,15535,OLLI,OLLIES BARGAIN OUTLET HLD INC,-0.950677
2025-06-01,14401,OGS,ONE GAS INC,-0.956903
2025-06-01,12591,APO,APOLLO GLOBAL MANAGEMENT INC NEW,-0.957214
2025-06-01,21792,CNP,CENTERPOINT ENERGY INC,-0.962206
2025-06-01,87356,TKO,T K O GROUP HOLDINGS INC,-0.964937
2025-06-01,84761,TTWO,TAKE TWO INTERACTIVE SOFTWR INC,-0.96607
2025-06-01,12623,HII,HUNTINGTON INGALLS INDS INC,-0.970498
2025-06-01,42585,SJM,SMUCKER J M CO,-0.973981
2025-06-01,27887,BAX,BAXTER INTERNATIONAL INC,-0.980202
2025-06-01,19506,VERX,VERTEX INC,-0.984752
2025-06-01,58683,LUV,SOUTHWEST AIRLINES CO,-0.986708
2025-06-01,86288,CSGP,COSTAR GROUP INC,-0.988019
2025-06-01,84385,NSP,INSPERITY INC,-0.991782
2025-06-01,85464,CWST,CASELLA WASTE SYSTEMS INC,-0.9942
2025-06-01,11644,CRK,COMSTOCK RESOURCES INC,-1.0
2025-06-01,13181,GWRE,GUIDEWIRE SOFTWARE INC,-1.0
2025-06-01,13511,PANW,PALO ALTO NETWORKS INC,-1.0
2025-06-01,14436,RARE,ULTRAGENYX PHARMACEUTICALS INC,-1.0
2025-06-01,14472,VRNS,VARONIS SYSTEMS INC,-1.0
2025-06-01,14558,ALLY,ALLY FINANCIAL INC,-1.0
2025-06-01,14811,FWONK,LIBERTY MEDIA CORP 3RD NEW,-1.0
2025-06-01,14988,LBRDK,LIBERTY BROADBAND CORP,-1.0
2025-06-01,15058,SLNO,SOLENO THERAPEUTICS INC,-1.0
2025-06-01,15284,BPMC,BLUEPRINT MEDICINES CORP,-1.0
2025-06-01,15293,NEXT,NEXTDECADE CORP,-1.0
2025-06-01,15831,AXSM,AXSOME THERAPEUTICS INC,-1.0
2025-06-01,16386,IRTC,IRHYTHM TECHNOLOGIES INC,-1.0
2025-06-01,16680,QXO,Q X O INC,-1.0
2025-06-01,17000,RYTM,RHYTHM PHARMACEUTICALS INC,-1.0
2025-06-01,17341,ZS,ZSCALER INC,-1.0
2025-06-01,17801,ROAD,CONSTRUCTION PARTNERS INC,-1.0
2025-06-01,18772,AKRO,AKERO THERAPEUTICS INC,-1.0
2025-06-01,18835,DKNG,DRAFTKINGS INC,-1.0
2025-06-01,19002,BWIN,BALDWIN INSURANCE GROUP INC,-1.0
2025-06-01,19561,BA,BOEING CO,-1.0
2025-06-01,19655,STEP,STEPSTONE GROUP INC,-1.0
2025-06-01,19849,SMMT,SUMMIT THERAPEUTICS INC,-1.0
2025-06-01,19854,EBC,EASTERN BANKSHARES INC,-1.0
2025-06-01,19938,ALGM,ALLEGRO MICROSYSTEMS INC,-1.0
2025-06-01,20126,JOBY,JOBY AVIATION INC,-1.0
2025-06-01,20583,EXE,EXPAND ENERGY CORP,-1.0
2025-06-01,20657,ACVA,A C V AUCTIONS INC,-1.0
2025-06-01,21352,FA,FIRST ADVANTAGE CORP,-1.0
2025-06-01,21415,S,SENTINELONE INC,-1.0
2025-06-01,21559,INTA,INTAPP INC,-1.0
2025-06-01,21573,IP,INTERNATIONAL PAPER CO,-1.0
2025-06-01,21747,NUVL,NUVALENT INC,-1.0
2025-06-01,21927,DJT,TRUMP MEDIA & TECH GRP CORP,-1.0
2025-06-01,22618,TPG,T P G INC,-1.0
2025-06-01,24328,EQT,E Q T CORP,-1.0
2025-06-01,63125,AGYS,AGILYSYS INC,-1.0
2025-06-01,66384,WDC,WESTERN DIGITAL CORP,-1.0
2025-06-01,76644,X,UNITED STATES STEEL CORP NEW,-1.0
2025-06-01,76661,IONS,IONIS PHARMACEUTICALS INC,-1.0
2025-06-01,76672,RDNT,RADNET INC,-1.0
2025-06-01,77357,SNPS,SYNOPSYS INC,-1.0
2025-06-01,77520,AGCO,A G C O CORP,-1.0
2025-06-01,79864,VSEC,V S E CORP,-1.0
2025-06-01,81655,DRI,DARDEN RESTAURANTS INC,-1.0
2025-06-01,84319,LAD,LITHIA MOTORS INC,-1.0
2025-06-01,84389,SSB,SOUTHSTATE CORP,-1.0
2025-06-01,87430,KTOS,KRATOS DEFENSE & SECUR SOLS INC,-1.0
2025-06-01,88351,INSM,INSMED INC,-1.0
2025-06-01,88863,EXAS,EXACT SCIENCES CORP,-1.0
2025-06-01,89031,AXON,AXON ENTERPRISE INC,-1.0
2025-06-01,89297,CCOI,COGENT COMMUNICATIONS HLDS INC,-1.0
2025-06-01,90175,XPO,X P O INC,-1.0
2025-06-01,90178,ALNY,ALNYLAM PHARMACEUTICALS INC,-1.0
2025-06-01,90444,ORA,ORMAT TECHNOLOGIES INC,-1.0
2025-06-01,91594,SPR,SPIRIT AEROSYSTEMS HOLDINGS INC,-1.0
2025-06-01,92220,MASI,MASIMO CORP,-1.0
2025-06-01,92326,CVI,C V R ENERGY,-1.0
2025-06-01,92469,SATS,ECHOSTAR CORP,-1.0
2025-07-01,10693,EHC,ENCOMPASS HEALTH CORP,1.0
2025-07-01,11691,MATX,MATSON INC,1.0
2025-07-01,12570,ITT,I T T INC,1.0
2025-07-01,12622,HCA,H C A HEALTHCARE INC,1.0
2025-07-01,13046,UI,UBIQUITI INC,1.0
2025-07-01,13407,META,META PLATFORMS INC,1.0
2025-07-01,13963,NWSA,NEWS CORP NEW,1.0
2025-07-01,13967,PTCT,P T C THERAPEUTICS INC,1.0
2025-07-01,14593,AAPL,APPLE INC,1.0
2025-07-01,15623,HLI,HOULIHAN LOKEY INC,1.0
2025-07-01,17223,ADT,A D T INC,1.0
2025-07-01,17332,VCTR,VICTORY CAPITAL HOLDINGS INC,1.0
2025-07-01,20892,COIN,COINBASE GLOBAL INC,1.0
2025-07-01,20894,APP,APPLOVIN CORP,1.0
2025-07-01,21207,NEM,NEWMONT CORP,1.0
2025-07-01,21903,SLVM,SYLVAMO CORP,1.0
2025-07-01,26403,DIS,DISNEY WALT CO,1.0
2025-07-01,42550,NEU,NEWMARKET CORP,1.0
2025-07-01,46886,KLAC,K L A CORP,1.0
2025-07-01,47941,TGNA,TEGNA INC,1.0
2025-07-01,48486,LRCX,LAM RESH CORP,1.0
2025-07-01,64282,BBWI,BATH & BODY WORKS INC,1.0
2025-07-01,65700,USLM,UNITED STATES LIME MINERALS INC,1.0
2025-07-01,68196,SEIC,S E I INVESTMENTS CO,1.0
2025-07-01,75510,ADBE,ADOBE INC,1.0
2025-07-01,75603,CRUS,CIRRUS LOGIC INC,1.0
2025-07-01,76095,HOLX,HOLOGIC INC,1.0
2025-07-01,76478,ESE,E S C O TECHNOLOGIES INC,1.0
2025-07-01,77178,QCOM,QUALCOMM INC,1.0
2025-07-01,77274,GILD,GILEAD SCIENCES INC,1.0
2025-07-01,79758,BYD,BOYD GAMING CORP,1.0
2025-07-01,80128,VMI,VALMONT INDUSTRIES INC,1.0
2025-07-01,81282,ACIW,A C I WORLDWIDE INC,1.0
2025-07-01,83601,WOR,WORTHINGTON ENTERPRISES INC,1.0
2025-07-01,83779,PEGA,PEGASYSTEMS INC,1.0
2025-07-01,84723,LNG,CHENIERE ENERGY INC,1.0
2025-07-01,85072,RL,RALPH LAUREN CORP,1.0
2025-07-01,85593,AMG,AFFILIATED MANAGERS GROUP INC,1.0
2025-07-01,85621,MTD,METTLER TOLEDO INTERNATIONAL INC,1.0
2025-07-01,85753,VRSN,VERISIGN INC,1.0
2025-07-01,85768,IESC,I E S HOLDINGS INC,1.0
2025-07-01,86102,FHI,FEDERATED HERMES INC,1.0
2025-07-01,86580,NVDA,NVIDIA CORP,1.0
2025-07-01,87056,BMRN,BIOMARIN PHARMACEUTICAL INC,1.0
2025-07-01,89916,NXST,NEXSTAR MEDIA GROUP INC,1.0
2025-07-01,89968,PIPR,PIPER SANDLER COMPANIES,1.0
2025-07-01,90249,ENS,ENERSYS,1.0
2025-07-01,90319,GOOGL,ALPHABET INC,1.0
2025-07-01,90377,ONTO,ONTO INNOVATION INC,1.0
2025-07-01,91516,AWI,ARMSTRONG WORLD INDS INC NEW,1.0
2025-07-01,91531,OC,OWENS CORNING NEW,1.0
2025-07-01,92221,MELI,MERCADOLIBRE INC,1.0
2025-07-01,87657,EW,EDWARDS LIFESCIENCES CORP,0.996463
2025-07-01,14318,NMIH,N M I HOLDINGS INC,0.990044
2025-07-01,93089,VRSK,VERISK ANALYTICS INC,0.989625
2025-07-01,12373,HHH,HOWARD HUGHES HOLDINGS INC,0.984733
2025-07-01,93312,SSNC,S S & C TECHNOLOGIES HLDGS INC,0.983746
2025-07-01,85631,ADSK,AUTODESK INC,0.977069
2025-07-01,53225,GHC,GRAHAM HOLDINGS CO,0.9761
2025-07-01,85645,INGR,INGREDION INC,0.971433
2025-07-01,18064,FTDR,FRONTDOOR INC,0.966991
2025-07-01,56223,LPX,LOUISIANA PACIFIC CORP,0.965356
2025-07-01,76708,ATGE,ADTALEM GLOBAL EDUCATION INC,0.960236
2025-07-01,90409,HURN,HURON CONSULTING GROUP INC,0.959554
2025-07-01,91233,MA,MASTERCARD INC,0.956188
2025-07-01,82702,AMRX,AMNEAL PHARMACEUTICALS INC,0.954925
2025-07-01,92852,LOPE,GRAND CANYON EDUCATION INC,0.951884
2025-07-01,27334,CSL,CARLISLE COMPANIES,0.946998
2025-07-01,79637,UHS,UNIVERSAL HEALTH SERVICES INC,0.946012
2025-07-01,65307,RPM,R P M INTERNATIONAL INC,0.943878
2025-07-01,46463,GFF,GRIFFON CORP,0.943229
2025-07-01,62308,GL,GLOBE LIFE INC,0.93531
2025-07-01,93330,PRI,PRIMERICA INC,0.933754
2025-07-01,92402,MSCI,M S C I INC,0.916107
2025-07-01,91234,MWA,MUELLER WATER PRODUCTS INC,0.91171
2025-07-01,22111,JNJ,JOHNSON & JOHNSON,0.909187
2025-07-01,90550,DLB,DOLBY LABORATORIES INC,0.90067
2025-07-01,13788,ZTS,ZOETIS INC,0.899495
2025-07-01,20482,ABT,ABBOTT LABORATORIES,0.897093
2025-07-01,16816,BHF,BRIGHTHOUSE FINANCIAL INC,0.895605
2025-07-01,84827,RMBS,RAMBUS INC,0.893375
2025-07-01,79133,ATR,APTARGROUP INC,0.88747
2025-07-01,41355,PH,PARKER HANNIFIN CORP,0.886451
2025-07-01,22752,MRK,MERCK & CO INC NEW,0.880822
2025-07-01,77496,MHK,MOHAWK INDUSTRIES INC,0.878657
2025-07-01,90708,MORN,MORNINGSTAR INC,0.867307
2025-07-01,18973,BRC,BRADY CORP,0.867182
2025-07-01,65306,UNF,UNIFIRST CORP,0.865625
2025-07-01,54253,MSA,M S A SAFETY INC,0.862218
2025-07-01,14406,ESI,ELEMENT SOLUTIONS INC,0.860779
2025-07-01,76582,DORM,DORMAN PRODUCTS INC,0.854746
2025-07-01,11581,EPAC,ENERPAC TOOL GROUP CORP,0.819545
2025-07-01,11995,COKE,COCA COLA CONSOLIDATED INC,0.816964
2025-07-01,90215,CRM,SALESFORCE INC,0.786119
2025-07-01,87432,A,AGILENT TECHNOLOGIES INC,0.766315
2025-07-01,34032,MAS,MASCO CORP,0.75109
2025-07-01,13862,TMHC,TAYLOR MORRISON HOME CORP,0.748
2025-07-01,89525,CMCSA,COMCAST CORP NEW,0.745157
2025-07-01,49680,DHR,DANAHER CORP,0.718358
2025-07-01,92293,TDC,TERADATA CORP DE,0.686108
2025-07-01,82775,HIG,HARTFORD INSURANCE GROUP INC,0.618194
2025-07-01,12981,FBIN,FORTUNE BRANDS INNOVATIONS INC,0.562127
2025-07-01,86047,AMKR,AMKOR TECHNOLOGY INC,0.556473
2025-07-01,89792,CVCO,CAVCO INDUSTRIES INC DEL,0.488795
2025-07-01,82694,EME,EMCOR GROUP INC,0.437104
2025-07-01,93179,PPC,PILGRIMS PRIDE CORP NEW,0.416355
2025-07-01,22779,MSI,MOTOROLA SOLUTIONS INC,0.367308
2025-07-01,59010,GAP,GAP INC,0.309758
2025-07-01,46690,CBT,CABOT CORP,0.307202
2025-07-01,51369,TER,TERADYNE INC,0.288568
2025-07-01,81677,WAB,WABTEC CORP,0.256381
2025-07-01,21906,ACT,ENACT HOLDINGS INC,0.206749
2025-07-01,62092,TMO,THERMO FISHER SCIENTIFIC INC,0.13245
2025-07-01,82307,DVA,DAVITA INC,0.034897
2025-07-01,16738,AM,ANTERO MIDSTREAM CORP,0.011954
2025-07-01,16673,KNTK,KINETIK HOLDINGS INC,-0.011954
2025-07-01,32870,HRL,HORMEL FOODS CORP,-0.058245
2025-07-01,64936,D,DOMINION ENERGY INC,-0.063168
2025-07-01,15119,WK,WORKIVA INC,-0.096773
2025-07-01,21087,PRVA,PRIVIA HEALTH GROUP INC,-0.099146
2025-07-01,91611,FSLR,FIRST SOLAR INC,-0.125849
2025-07-01,55511,TXNM,T X N M ENERGY INC,-0.131472
2025-07-01,80924,SIRI,SIRIUS X M HOLDINGS INC NEW,-0.280606
2025-07-01,59328,INTC,INTEL CORP,-0.418186
2025-07-01,21890,BROS,DUTCH BROS INC,-0.476922
2025-07-01,21896,TOST,TOAST INC,-0.543185
2025-07-01,14329,ARMK,ARAMARK,-0.613239
2025-07-01,81540,COR,CENCORA INC,-0.646445
2025-07-01,63773,TDS,TELEPHONE & DATA SYSTEMS INC,-0.701488
2025-07-01,76837,HAE,HAEMONETICS CORP MASS,-0.756146
2025-07-01,16263,PTGX,PROTAGONIST THERAPEUTICS INC,-0.757217
2025-07-01,25320,CPB,CAMPBELLS CO,-0.766313
2025-07-01,12473,KNX,KNIGHT SWIFT TRANSPORT HDLGS INC,-0.766628
2025-07-01,16431,LW,LAMB WESTON HOLDINGS INC,-0.769429
2025-07-01,93436,TSLA,TESLA INC,-0.769631
2025-07-01,77702,SBUX,STARBUCKS CORP,-0.78492
2025-07-01,66376,WSO,WATSCO INC,-0.789471
2025-07-01,86136,SRE,SEMPRA ENERGY,-0.832159
2025-07-01,42585,SJM,SMUCKER J M CO,-0.846026
2025-07-01,90776,WAL,WESTERN ALLIANCE BANCORPORATION,-0.879676
2025-07-01,21237,PCOR,PROCORE TECHNOLOGIES INC,-0.881791
2025-07-01,11404,ED,CONSOLIDATED EDISON INC,-0.890862
2025-07-01,92729,JBTM,J B T MAREL CORP,-0.899388
2025-07-01,64995,KEY,KEYCORP NEW,-0.904606
2025-07-01,14401,OGS,ONE GAS INC,-0.916522
2025-07-01,84385,NSP,INSPERITY INC,-0.926714
2025-07-01,21559,INTA,INTAPP INC,-0.933093
2025-07-01,88863,EXAS,EXACT SCIENCES CORP,-0.940798
2025-07-01,21792,CNP,CENTERPOINT ENERGY INC,-0.946007
2025-07-01,80286,TSCO,TRACTOR SUPPLY CO NEW,-0.951766
2025-07-01,58683,LUV,SOUTHWEST AIRLINES CO,-0.961097
2025-07-01,90520,CE,CELANESE CORP DEL,-0.964684
2025-07-01,88615,ITGR,INTEGER HOLDINGS CORP,-0.966474
2025-07-01,27887,BAX,BAXTER INTERNATIONAL INC,-0.96979
2025-07-01,85464,CWST,CASELLA WASTE SYSTEMS INC,-0.975288
2025-07-01,20657,ACVA,A C V AUCTIONS INC,-0.986823
2025-07-01,11644,CRK,COMSTOCK RESOURCES INC,-1.0
2025-07-01,12591,APO,APOLLO GLOBAL MANAGEMENT INC NEW,-1.0
2025-07-01,12623,HII,HUNTINGTON INGALLS INDS INC,-1.0
2025-07-01,13511,PANW,PALO ALTO NETWORKS INC,-1.0
2025-07-01,14436,RARE,ULTRAGENYX PHARMACEUTICALS INC,-1.0
2025-07-01,14472,VRNS,VARONIS SYSTEMS INC,-1.0
2025-07-01,14558,ALLY,ALLY FINANCIAL INC,-1.0
2025-07-01,14811,FWONK,LIBERTY MEDIA CORP 3RD NEW,-1.0
2025-07-01,15058,SLNO,SOLENO THERAPEUTICS INC,-1.0
2025-07-01,15284,BPMC,BLUEPRINT MEDICINES CORP,-1.0
2025-07-01,15293,NEXT,NEXTDECADE CORP,-1.0
2025-07-01,15535,OLLI,OLLIES BARGAIN OUTLET HLD INC,-1.0
2025-07-01,15831,AXSM,AXSOME THERAPEUTICS INC,-1.0
2025-07-01,16386,IRTC,IRHYTHM TECHNOLOGIES INC,-1.0
2025-07-01,16600,HSY,HERSHEY CO,-1.0
2025-07-01,16680,QXO,Q X O INC,-1.0
2025-07-01,17000,RYTM,RHYTHM PHARMACEUTICALS INC,-1.0
2025-07-01,17341,ZS,ZSCALER INC,-1.0
2025-07-01,17801,ROAD,CONSTRUCTION PARTNERS INC,-1.0
2025-07-01,18428,DOW,DOW INC,-1.0
2025-07-01,18772,AKRO,AKERO THERAPEUTICS INC,-1.0
2025-07-01,18835,DKNG,DRAFTKINGS INC,-1.0
2025-07-01,19002,BWIN,BALDWIN INSURANCE GROUP INC,-1.0
2025-07-01,19201,RVMD,REVOLUTION MEDICINES INC,-1.0
2025-07-01,19506,VERX,VERTEX INC,-1.0
2025-07-01,19561,BA,BOEING CO,-1.0
2025-07-01,19655,STEP,STEPSTONE GROUP INC,-1.0
2025-07-01,19849,SMMT,SUMMIT THERAPEUTICS INC,-1.0
2025-07-01,19854,EBC,EASTERN BANKSHARES INC,-1.0
2025-07-01,19938,ALGM,ALLEGRO MICROSYSTEMS INC,-1.0
2025-07-01,20126,JOBY,JOBY AVIATION INC,-1.0
2025-07-01,20583,EXE,EXPAND ENERGY CORP,-1.0
2025-07-01,21352,FA,FIRST ADVANTAGE CORP,-1.0
2025-07-01,21415,S,SENTINELONE INC,-1.0
2025-07-01,21573,IP,INTERNATIONAL PAPER CO,-1.0
2025-07-01,21605,RYAN,RYAN SPECIALTY HOLDINGS INC,-1.0
2025-07-01,21608,GXO,G X O LOGISTICS INC,-1.0
2025-07-01,21747,NUVL,NUVALENT INC,-1.0
2025-07-01,21927,DJT,TRUMP MEDIA & TECH GRP CORP,-1.0
2025-07-01,22618,TPG,T P G INC,-1.0
2025-07-01,24328,EQT,E Q T CORP,-1.0
2025-07-01,50017,RRC,RANGE RESOURCES CORP,-1.0
2025-07-01,63125,AGYS,AGILYSYS INC,-1.0
2025-07-01,66384,WDC,WESTERN DIGITAL CORP,-1.0
2025-07-01,76661,IONS,IONIS PHARMACEUTICALS INC,-1.0
2025-07-01,76672,RDNT,RADNET INC,-1.0
2025-07-01,77357,SNPS,SYNOPSYS INC,-1.0
2025-07-01,77520,AGCO,A G C O CORP,-1.0
2025-07-01,79864,VSEC,V S E CORP,-1.0
2025-07-01,81655,DRI,DARDEN RESTAURANTS INC,-1.0
2025-07-01,84319,LAD,LITHIA MOTORS INC,-1.0
2025-07-01,84389,SSB,SOUTHSTATE CORP,-1.0
2025-07-01,84761,TTWO,TAKE TWO INTERACTIVE SOFTWR INC,-1.0
2025-07-01,86211,MSTR,MICROSTRATEGY INC,-1.0
2025-07-01,86288,CSGP,COSTAR GROUP INC,-1.0
2025-07-01,86810,TREX,TREX COMPANY INC,-1.0
2025-07-01,87356,TKO,T K O GROUP HOLDINGS INC,-1.0
2025-07-01,87430,KTOS,KRATOS DEFENSE & SECUR SOLS INC,-1.0
2025-07-01,87812,SLAB,SILICON LABORATORIES INC,-1.0
2025-07-01,88351,INSM,INSMED INC,-1.0
2025-07-01,89031,AXON,AXON ENTERPRISE INC,-1.0
2025-07-01,89971,SGI,SOMNIGROUP INTERNATIONAL INC,-1.0
2025-07-01,90175,XPO,X P O INC,-1.0
2025-07-01,90178,ALNY,ALNYLAM PHARMACEUTICALS INC,-1.0
2025-07-01,90444,ORA,ORMAT TECHNOLOGIES INC,-1.0
2025-07-01,91041,LYV,LIVE NATION ENTERTAINMENT INC,-1.0
2025-07-01,91594,SPR,SPIRIT AEROSYSTEMS HOLDINGS INC,-1.0
2025-07-01,91612,GSAT,GLOBALSTAR INC,-1.0
2025-07-01,91733,AVAV,AEROVIRONMENT INC,-1.0
2025-07-01,92220,MASI,MASIMO CORP,-1.0
2025-07-01,92326,CVI,C V R ENERGY,-1.0
2025-07-01,92469,SATS,ECHOSTAR CORP,-1.0
2025-08-01,10693,EHC,ENCOMPASS HEALTH CORP,1.0
2025-08-01,11581,EPAC,ENERPAC TOOL GROUP CORP,1.0
2025-08-01,12570,ITT,I T T INC,1.0
2025-08-01,13046,UI,UBIQUITI INC,1.0
2025-08-01,13407,META,META PLATFORMS INC,1.0
2025-08-01,13967,PTCT,P T C THERAPEUTICS INC,1.0
2025-08-01,14593,AAPL,APPLE INC,1.0
2025-08-01,15623,HLI,HOULIHAN LOKEY INC,1.0
2025-08-01,16126,AZZ,A Z Z INC,1.0
2025-08-01,16738,AM,ANTERO MIDSTREAM CORP,1.0
2025-08-01,17223,ADT,A D T INC,1.0
2025-08-01,17332,VCTR,VICTORY CAPITAL HOLDINGS INC,1.0
2025-08-01,18424,LEVI,LEVI STRAUSS & CO,1.0
2025-08-01,20892,COIN,COINBASE GLOBAL INC,1.0
2025-08-01,20894,APP,APPLOVIN CORP,1.0
2025-08-01,21207,NEM,NEWMONT CORP,1.0
2025-08-01,26403,DIS,DISNEY WALT CO,1.0
2025-08-01,46463,GFF,GRIFFON CORP,1.0
2025-08-01,48486,LRCX,LAM RESH CORP,1.0
2025-08-01,48725,UNP,UNION PACIFIC CORP,1.0
2025-08-01,56223,LPX,LOUISIANA PACIFIC CORP,1.0
2025-08-01,64282,BBWI,BATH & BODY WORKS INC,1.0
2025-08-01,65307,RPM,R P M INTERNATIONAL INC,1.0
2025-08-01,67847,RGLD,ROYAL GOLD INC,1.0
2025-08-01,68196,SEIC,S E I INVESTMENTS CO,1.0
2025-08-01,75510,ADBE,ADOBE INC,1.0
2025-08-01,76095,HOLX,HOLOGIC INC,1.0
2025-08-01,76478,ESE,E S C O TECHNOLOGIES INC,1.0
2025-08-01,76573,MLI,MUELLER INDUSTRIES INC,1.0
2025-08-01,76708,ATGE,ADTALEM GLOBAL EDUCATION INC,1.0
2025-08-01,77274,GILD,GILEAD SCIENCES INC,1.0
2025-08-01,79668,BDC,BELDEN INC NEW,1.0
2025-08-01,79758,BYD,BOYD GAMING CORP,1.0
2025-08-01,80128,VMI,VALMONT INDUSTRIES INC,1.0
2025-08-01,81282,ACIW,A C I WORLDWIDE INC,1.0
2025-08-01,83601,WOR,WORTHINGTON ENTERPRISES INC,1.0
2025-08-01,83779,PEGA,PEGASYSTEMS INC,1.0
2025-08-01,84827,RMBS,RAMBUS INC,1.0
2025-08-01,85072,RL,RALPH LAUREN CORP,1.0
2025-08-01,85593,AMG,AFFILIATED MANAGERS GROUP INC,1.0
2025-08-01,85621,MTD,METTLER TOLEDO INTERNATIONAL INC,1.0
2025-08-01,86102,FHI,FEDERATED HERMES INC,1.0
2025-08-01,86580,NVDA,NVIDIA CORP,1.0
2025-08-01,87056,BMRN,BIOMARIN PHARMACEUTICAL INC,1.0
2025-08-01,89916,NXST,NEXSTAR MEDIA GROUP INC,1.0
2025-08-01,89968,PIPR,PIPER SANDLER COMPANIES,1.0
2025-08-01,90249,ENS,ENERSYS,1.0
2025-08-01,90319,GOOGL,ALPHABET INC,1.0
2025-08-01,90377,ONTO,ONTO INNOVATION INC,1.0
2025-08-01,91233,MA,MASTERCARD INC,1.0
2025-08-01,91516,AWI,ARMSTRONG WORLD INDS INC NEW,1.0
2025-08-01,91531,OC,OWENS CORNING NEW,1.0
2025-08-01,92852,LOPE,GRAND CANYON EDUCATION INC,1.0
2025-08-01,93312,SSNC,S S & C TECHNOLOGIES HLDGS INC,1.0
2025-08-01,12373,HHH,HOWARD HUGHES HOLDINGS INC,0.999262
2025-08-01,65700,USLM,UNITED STATES LIME MINERALS INC,0.994328
2025-08-01,47941,TGNA,TEGNA INC,0.992952
2025-08-01,42550,NEU,NEWMARKET CORP,0.990945
2025-08-01,13963,NWSA,NEWS CORP NEW,0.983073
2025-08-01,53225,GHC,GRAHAM HOLDINGS CO,0.982946
2025-08-01,46886,KLAC,K L A CORP,0.977877
2025-08-01,84723,LNG,CHENIERE ENERGY INC,0.965159
2025-08-01,75603,CRUS,CIRRUS LOGIC INC,0.962529
2025-08-01,77496,MHK,MOHAWK INDUSTRIES INC,0.956654
2025-08-01,18064,FTDR,FRONTDOOR INC,0.956419
2025-08-01,11691,MATX,MATSON INC,0.95549
2025-08-01,85631,ADSK,AUTODESK INC,0.953291
2025-08-01,85645,INGR,INGREDION INC,0.944347
2025-08-01,91234,MWA,MUELLER WATER PRODUCTS INC,0.935854
2025-08-01,85753,VRSN,VERISIGN INC,0.927522
2025-08-01,41355,PH,PARKER HANNIFIN CORP,0.925804
2025-08-01,12622,HCA,H C A HEALTHCARE INC,0.920547
2025-08-01,82702,AMRX,AMNEAL PHARMACEUTICALS INC,0.919743
2025-08-01,77178,QCOM,QUALCOMM INC,0.918044
2025-08-01,54253,MSA,M S A SAFETY INC,0.912444
2025-08-01,90550,DLB,DOLBY LABORATORIES INC,0.910646
2025-08-01,92221,MELI,MERCADOLIBRE INC,0.904805
2025-08-01,93330,PRI,PRIMERICA INC,0.903084
2025-08-01,18973,BRC,BRADY CORP,0.900456
2025-08-01,14406,ESI,ELEMENT SOLUTIONS INC,0.893897
2025-08-01,79133,ATR,APTARGROUP INC,0.890899
2025-08-01,92402,MSCI,M S C I INC,0.8885
2025-08-01,93089,VRSK,VERISK ANALYTICS INC,0.88202
2025-08-01,14318,NMIH,N M I HOLDINGS INC,0.87233
2025-08-01,22752,MRK,MERCK & CO INC NEW,0.866195
2025-08-01,79637,UHS,UNIVERSAL HEALTH SERVICES INC,0.865964
2025-08-01,13788,ZTS,ZOETIS INC,0.840603
2025-08-01,76582,DORM,DORMAN PRODUCTS INC,0.837497
2025-08-01,20482,ABT,ABBOTT LABORATORIES,0.832945
2025-08-01,11995,COKE,COCA COLA CONSOLIDATED INC,0.816583
2025-08-01,16816,BHF,BRIGHTHOUSE FINANCIAL INC,0.793894
2025-08-01,34032,MAS,MASCO CORP,0.792481
2025-08-01,65306,UNF,UNIFIRST CORP,0.783567
2025-08-01,90708,MORN,MORNINGSTAR INC,0.761962
2025-08-01,87432,A,AGILENT TECHNOLOGIES INC,0.744413
2025-08-01,87657,EW,EDWARDS LIFESCIENCES CORP,0.743209
2025-08-01,90215,CRM,SALESFORCE INC,0.741995
2025-08-01,13862,TMHC,TAYLOR MORRISON HOME CORP,0.719344
2025-08-01,49680,DHR,DANAHER CORP,0.714484
2025-08-01,89525,CMCSA,COMCAST CORP NEW,0.697601
2025-08-01,92293,TDC,TERADATA CORP DE,0.641289
2025-08-01,82775,HIG,HARTFORD INSURANCE GROUP INC,0.603966
2025-08-01,12981,FBIN,FORTUNE BRANDS INNOVATIONS INC,0.593591
2025-08-01,14702,AMAT,APPLIED MATERIALS INC,0.54604
2025-08-01,82694,EME,EMCOR GROUP INC,0.511493
2025-08-01,89792,CVCO,CAVCO INDUSTRIES INC DEL,0.452491
2025-08-01,93179,PPC,PILGRIMS PRIDE CORP NEW,0.437219
2025-08-01,22779,MSI,MOTOROLA SOLUTIONS INC,0.382213
2025-08-01,46690,CBT,CABOT CORP,0.294586
2025-08-01,59010,GAP,GAP INC,0.277322
2025-08-01,81677,WAB,WABTEC CORP,0.234305
2025-08-01,21906,ACT,ENACT HOLDINGS INC,0.192731
2025-08-01,62092,TMO,THERMO FISHER SCIENTIFIC INC,0.152316
2025-08-01,11018,FBP,FIRST BANCORP P R,0.005832
2025-08-01,32870,HRL,HORMEL FOODS CORP,-0.054411
2025-08-01,21087,PRVA,PRIVIA HEALTH GROUP INC,-0.059419
2025-08-01,64936,D,DOMINION ENERGY INC,-0.065106
2025-08-01,21928,IDA,IDACORP INC,-0.068808
2025-08-01,86211,MSTR,MICROSTRATEGY INC,-0.072274
2025-08-01,15119,WK,WORKIVA INC,-0.089906
2025-08-01,55511,TXNM,T X N M ENERGY INC,-0.132113
2025-08-01,91611,FSLR,FIRST SOLAR INC,-0.132399
2025-08-01,80924,SIRI,SIRIUS X M HOLDINGS INC NEW,-0.257033
2025-08-01,59328,INTC,INTEL CORP,-0.368196
2025-08-01,21890,BROS,DUTCH BROS INC,-0.41179
2025-08-01,81655,DRI,DARDEN RESTAURANTS INC,-0.461201
2025-08-01,88504,BRKR,BRUKER CORP,-0.506804
2025-08-01,21896,TOST,TOAST INC,-0.597104
2025-08-01,81540,COR,CENCORA INC,-0.614517
2025-08-01,14329,ARMK,ARAMARK,-0.621219
2025-08-01,11644,CRK,COMSTOCK RESOURCES INC,-0.642358
2025-08-01,27887,BAX,BAXTER INTERNATIONAL INC,-0.693553
2025-08-01,21559,INTA,INTAPP INC,-0.720715
2025-08-01,12473,KNX,KNIGHT SWIFT TRANSPORT HDLGS INC,-0.733984
2025-08-01,16263,PTGX,PROTAGONIST THERAPEUTICS INC,-0.735274
2025-08-01,17144,GIS,GENERAL MILLS INC,-0.744209
2025-08-01,93436,TSLA,TESLA INC,-0.744212
2025-08-01,76837,HAE,HAEMONETICS CORP MASS,-0.747747
2025-08-01,14436,RARE,ULTRAGENYX PHARMACEUTICALS INC,-0.747907
2025-08-01,63773,TDS,TELEPHONE & DATA SYSTEMS INC,-0.767272
2025-08-01,88863,EXAS,EXACT SCIENCES CORP,-0.827946
2025-08-01,16431,LW,LAMB WESTON HOLDINGS INC,-0.844222
2025-08-01,13511,PANW,PALO ALTO NETWORKS INC,-0.844851
2025-08-01,84319,LAD,LITHIA MOTORS INC,-0.849057
2025-08-01,88615,ITGR,INTEGER HOLDINGS CORP,-0.849475
2025-08-01,20657,ACVA,A C V AUCTIONS INC,-0.861113
2025-08-01,90776,WAL,WESTERN ALLIANCE BANCORPORATION,-0.871888
2025-08-01,20583,EXE,EXPAND ENERGY CORP,-0.892547
2025-08-01,86136,SRE,SEMPRA ENERGY,-0.894181
2025-08-01,21605,RYAN,RYAN SPECIALTY HOLDINGS INC,-0.896517
2025-08-01,17341,ZS,ZSCALER INC,-0.906133
2025-08-01,16386,IRTC,IRHYTHM TECHNOLOGIES INC,-0.907028
2025-08-01,90520,CE,CELANESE CORP DEL,-0.90777
2025-08-01,89031,AXON,AXON ENTERPRISE INC,-0.909026
2025-08-01,92220,MASI,MASIMO CORP,-0.910751
2025-08-01,58683,LUV,SOUTHWEST AIRLINES CO,-0.913027
2025-08-01,19938,ALGM,ALLEGRO MICROSYSTEMS INC,-0.915222
2025-08-01,85464,CWST,CASELLA WASTE SYSTEMS INC,-0.915694
2025-08-01,11404,ED,CONSOLIDATED EDISON INC,-0.915736
2025-08-01,21237,PCOR,PROCORE TECHNOLOGIES INC,-0.920103
2025-08-01,42585,SJM,SMUCKER J M CO,-0.921836
2025-08-01,14401,OGS,ONE GAS INC,-0.924056
2025-08-01,64995,KEY,KEYCORP NEW,-0.927434
2025-08-01,16680,QXO,Q X O INC,-0.927823
2025-08-01,91733,AVAV,AEROVIRONMENT INC,-0.935784
2025-08-01,17801,ROAD,CONSTRUCTION PARTNERS INC,-0.94544
2025-08-01,90175,XPO,X P O INC,-0.949022
2025-08-01,14558,ALLY,ALLY FINANCIAL INC,-0.968291
2025-08-01,91041,LYV,LIVE NATION ENTERTAINMENT INC,-0.972867
2025-08-01,63125,AGYS,AGILYSYS INC,-0.991647
2025-08-01,91612,GSAT,GLOBALSTAR INC,-0.993984
2025-08-01,12591,APO,APOLLO GLOBAL MANAGEMENT INC NEW,-1.0
2025-08-01,12623,HII,HUNTINGTON INGALLS INDS INC,-1.0
2025-08-01,14472,VRNS,VARONIS SYSTEMS INC,-1.0
2025-08-01,14811,FWONK,LIBERTY MEDIA CORP 3RD NEW,-1.0
2025-08-01,14823,OCUL,OCULAR THERAPEUTIX INC,-1.0
2025-08-01,15293,NEXT,NEXTDECADE CORP,-1.0
2025-08-01,15535,OLLI,OLLIES BARGAIN OUTLET HLD INC,-1.0
2025-08-01,15831,AXSM,AXSOME THERAPEUTICS INC,-1.0
2025-08-01,16182,PI,IMPINJ INC,-1.0
2025-08-01,16600,HSY,HERSHEY CO,-1.0
2025-08-01,17000,RYTM,RHYTHM PHARMACEUTICALS INC,-1.0
2025-08-01,17039,CNR,CORE NATURAL RESOURCES INC,-1.0
2025-08-01,18428,DOW,DOW INC,-1.0
2025-08-01,18726,CRWD,CROWDSTRIKE HOLDINGS INC,-1.0
2025-08-01,18835,DKNG,DRAFTKINGS INC,-1.0
2025-08-01,19002,BWIN,BALDWIN INSURANCE GROUP INC,-1.0
2025-08-01,19166,FMC,F M C CORP,-1.0
2025-08-01,19201,RVMD,REVOLUTION MEDICINES INC,-1.0
2025-08-01,19506,VERX,VERTEX INC,-1.0
2025-08-01,19561,BA,BOEING CO,-1.0
2025-08-01,19628,IRON,DISC MEDICINE INC,-1.0
2025-08-01,19655,STEP,STEPSTONE GROUP INC,-1.0
2025-08-01,19849,SMMT,SUMMIT THERAPEUTICS INC,-1.0
2025-08-01,19854,EBC,EASTERN BANKSHARES INC,-1.0
2025-08-01,20126,JOBY,JOBY AVIATION INC,-1.0
2025-08-01,20648,RBLX,ROBLOX CORP,-1.0
2025-08-01,21017,ALKT,ALKAMI TECHNOLOGY INC,-1.0
2025-08-01,21352,FA,FIRST ADVANTAGE CORP,-1.0
2025-08-01,21415,S,SENTINELONE INC,-1.0
2025-08-01,21573,IP,INTERNATIONAL PAPER CO,-1.0
2025-08-01,21608,GXO,G X O LOGISTICS INC,-1.0
2025-08-01,21747,NUVL,NUVALENT INC,-1.0
2025-08-01,21792,CNP,CENTERPOINT ENERGY INC,-1.0
2025-08-01,21927,DJT,TRUMP MEDIA & TECH GRP CORP,-1.0
2025-08-01,22618,TPG,T P G INC,-1.0
2025-08-01,25320,CPB,CAMPBELLS CO,-1.0
2025-08-01,66376,WSO,WATSCO INC,-1.0
2025-08-01,66384,WDC,WESTERN DIGITAL CORP,-1.0
2025-08-01,76661,IONS,IONIS PHARMACEUTICALS INC,-1.0
2025-08-01,76672,RDNT,RADNET INC,-1.0
2025-08-01,77357,SNPS,SYNOPSYS INC,-1.0
2025-08-01,77520,AGCO,A G C O CORP,-1.0
2025-08-01,77702,SBUX,STARBUCKS CORP,-1.0
2025-08-01,79864,VSEC,V S E CORP,-1.0
2025-08-01,80286,TSCO,TRACTOR SUPPLY CO NEW,-1.0
2025-08-01,84385,NSP,INSPERITY INC,-1.0
2025-08-01,84389,SSB,SOUTHSTATE CORP,-1.0
2025-08-01,84761,TTWO,TAKE TWO INTERACTIVE SOFTWR INC,-1.0
2025-08-01,86288,CSGP,COSTAR GROUP INC,-1.0
2025-08-01,86810,TREX,TREX COMPANY INC,-1.0
2025-08-01,87356,TKO,T K O GROUP HOLDINGS INC,-1.0
2025-08-01,87430,KTOS,KRATOS DEFENSE & SECUR SOLS INC,-1.0
2025-08-01,88351,INSM,INSMED INC,-1.0
2025-08-01,89971,SGI,SOMNIGROUP INTERNATIONAL INC,-1.0
2025-08-01,90178,ALNY,ALNYLAM PHARMACEUTICALS INC,-1.0
2025-08-01,90444,ORA,ORMAT TECHNOLOGIES INC,-1.0
2025-08-01,91594,SPR,SPIRIT AEROSYSTEMS HOLDINGS INC,-1.0
2025-08-01,92326,CVI,C V R ENERGY,-1.0
2025-08-01,92469,SATS,ECHOSTAR CORP,-1.0
2025-08-01,92729,JBTM,J B T MAREL CORP,-1.0
2025-09-01,10693,EHC,ENCOMPASS HEALTH CORP,1.0
2025-09-01,10696,FI,FISERV INC,1.0
2025-09-01,11581,EPAC,ENERPAC TOOL GROUP CORP,1.0
2025-09-01,12622,HCA,H C A HEALTHCARE INC,1.0
2025-09-01,13046,UI,UBIQUITI INC,1.0
2025-09-01,13788,ZTS,ZOETIS INC,1.0
2025-09-01,14593,AAPL,APPLE INC,1.0
2025-09-01,15623,HLI,HOULIHAN LOKEY INC,1.0
2025-09-01,16126,AZZ,A Z Z INC,1.0
2025-09-01,16738,AM,ANTERO MIDSTREAM CORP,1.0
2025-09-01,16967,CARG,CARGURUS INC,1.0
2025-09-01,17223,ADT,A D T INC,1.0
2025-09-01,17332,VCTR,VICTORY CAPITAL HOLDINGS INC,1.0
2025-09-01,18424,LEVI,LEVI STRAUSS & CO,1.0
2025-09-01,18592,CTVA,CORTEVA INC,1.0
2025-09-01,20053,SNV,SYNOVUS FINANCIAL CORP,1.0
2025-09-01,20894,APP,APPLOVIN CORP,1.0
2025-09-01,21207,NEM,NEWMONT CORP,1.0
2025-09-01,42550,NEU,NEWMARKET CORP,1.0
2025-09-01,47941,TGNA,TEGNA INC,1.0
2025-09-01,48486,LRCX,LAM RESH CORP,1.0
2025-09-01,48725,UNP,UNION PACIFIC CORP,1.0
2025-09-01,53225,GHC,GRAHAM HOLDINGS CO,1.0
2025-09-01,64282,BBWI,BATH & BODY WORKS INC,1.0
2025-09-01,65307,RPM,R P M INTERNATIONAL INC,1.0
2025-09-01,65700,USLM,UNITED STATES LIME MINERALS INC,1.0
2025-09-01,67847,RGLD,ROYAL GOLD INC,1.0
2025-09-01,75603,CRUS,CIRRUS LOGIC INC,1.0
2025-09-01,76095,HOLX,HOLOGIC INC,1.0
2025-09-01,76478,ESE,E S C O TECHNOLOGIES INC,1.0
2025-09-01,76573,MLI,MUELLER INDUSTRIES INC,1.0
2025-09-01,76708,ATGE,ADTALEM GLOBAL EDUCATION INC,1.0
2025-09-01,77178,QCOM,QUALCOMM INC,1.0
2025-09-01,77274,GILD,GILEAD SCIENCES INC,1.0
2025-09-01,77496,MHK,MOHAWK INDUSTRIES INC,1.0
2025-09-01,79668,BDC,BELDEN INC NEW,1.0
2025-09-01,79758,BYD,BOYD GAMING CORP,1.0
2025-09-01,80128,VMI,VALMONT INDUSTRIES INC,1.0
2025-09-01,81282,ACIW,A C I WORLDWIDE INC,1.0
2025-09-01,82702,AMRX,AMNEAL PHARMACEUTICALS INC,1.0
2025-09-01,83601,WOR,WORTHINGTON ENTERPRISES INC,1.0
2025-09-01,85072,RL,RALPH LAUREN CORP,1.0
2025-09-01,85593,AMG,AFFILIATED MANAGERS GROUP INC,1.0
2025-09-01,85621,MTD,METTLER TOLEDO INTERNATIONAL INC,1.0
2025-09-01,86102,FHI,FEDERATED HERMES INC,1.0
2025-09-01,87056,BMRN,BIOMARIN PHARMACEUTICAL INC,1.0
2025-09-01,89525,CMCSA,COMCAST CORP NEW,1.0
2025-09-01,89916,NXST,NEXSTAR MEDIA GROUP INC,1.0
2025-09-01,89968,PIPR,PIPER SANDLER COMPANIES,1.0
2025-09-01,90249,ENS,ENERSYS,1.0
2025-09-01,90319,GOOGL,ALPHABET INC,1.0
2025-09-01,90377,ONTO,ONTO INNOVATION INC,1.0
2025-09-01,90436,HALO,HALOZYME THERAPEUTICS INC,1.0
2025-09-01,91233,MA,MASTERCARD INC,1.0
2025-09-01,91516,AWI,ARMSTRONG WORLD INDS INC NEW,1.0
2025-09-01,91531,OC,OWENS CORNING NEW,1.0
2025-09-01,92852,LOPE,GRAND CANYON EDUCATION INC,1.0
2025-09-01,68196,SEIC,S E I INVESTMENTS CO,0.998011
2025-09-01,12570,ITT,I T T INC,0.997901
2025-09-01,91234,MWA,MUELLER WATER PRODUCTS INC,0.995248
2025-09-01,84827,RMBS,RAMBUS INC,0.994031
2025-09-01,75510,ADBE,ADOBE INC,0.993427
2025-09-01,18973,BRC,BRADY CORP,0.992855
2025-09-01,26403,DIS,DISNEY WALT CO,0.990066
2025-09-01,18064,FTDR,FRONTDOOR INC,0.989565
2025-09-01,84723,LNG,CHENIERE ENERGY INC,0.987935
2025-09-01,85631,ADSK,AUTODESK INC,0.986115
2025-09-01,13963,NWSA,NEWS CORP NEW,0.98235
2025-09-01,86580,NVDA,NVIDIA CORP,0.975449
2025-09-01,46886,KLAC,K L A CORP,0.968422
2025-09-01,41355,PH,PARKER HANNIFIN CORP,0.957004
2025-09-01,13407,META,META PLATFORMS INC,0.951279
2025-09-01,13967,PTCT,P T C THERAPEUTICS INC,0.942846
2025-09-01,85753,VRSN,VERISIGN INC,0.942214
2025-09-01,79637,UHS,UNIVERSAL HEALTH SERVICES INC,0.941384
2025-09-01,92221,MELI,MERCADOLIBRE INC,0.939103
2025-09-01,46463,GFF,GRIFFON CORP,0.935533
2025-09-01,11691,MATX,MATSON INC,0.93047
2025-09-01,22752,MRK,MERCK & CO INC NEW,0.929427
2025-09-01,85645,INGR,INGREDION INC,0.926395
2025-09-01,83779,PEGA,PEGASYSTEMS INC,0.919547
2025-09-01,14318,NMIH,N M I HOLDINGS INC,0.91646
2025-09-01,93330,PRI,PRIMERICA INC,0.915791
2025-09-01,92402,MSCI,M S C I INC,0.89809
2025-09-01,20482,ABT,ABBOTT LABORATORIES,0.872483
2025-09-01,90550,DLB,DOLBY LABORATORIES INC,0.866892
2025-09-01,34032,MAS,MASCO CORP,0.854469
2025-09-01,11995,COKE,COCA COLA CONSOLIDATED INC,0.853593
2025-09-01,93089,VRSK,VERISK ANALYTICS INC,0.84515
2025-09-01,13862,TMHC,TAYLOR MORRISON HOME CORP,0.814777
2025-09-01,87432,A,AGILENT TECHNOLOGIES INC,0.811931
2025-09-01,65306,UNF,UNIFIRST CORP,0.811694
2025-09-01,20892,COIN,COINBASE GLOBAL INC,0.802368
2025-09-01,79133,ATR,APTARGROUP INC,0.786196
2025-09-01,16816,BHF,BRIGHTHOUSE FINANCIAL INC,0.781084
2025-09-01,87657,EW,EDWARDS LIFESCIENCES CORP,0.759404
2025-09-01,49680,DHR,DANAHER CORP,0.743149
2025-09-01,90215,CRM,SALESFORCE INC,0.733197
2025-09-01,90708,MORN,MORNINGSTAR INC,0.720366
2025-09-01,82775,HIG,HARTFORD INSURANCE GROUP INC,0.640123
2025-09-01,12981,FBIN,FORTUNE BRANDS INNOVATIONS INC,0.637238
2025-09-01,89792,CVCO,CAVCO INDUSTRIES INC DEL,0.592928
2025-09-01,82694,EME,EMCOR GROUP INC,0.503441
2025-09-01,14702,AMAT,APPLIED MATERIALS INC,0.486837
2025-09-01,93312,SSNC,S S & C TECHNOLOGIES HLDGS INC,0.471037
2025-09-01,93179,PPC,PILGRIMS PRIDE CORP NEW,0.426685
2025-09-01,46690,CBT,CABOT CORP,0.333584
2025-09-01,59010,GAP,GAP INC,0.312606
2025-09-01,81677,WAB,WABTEC CORP,0.235491
2025-09-01,21906,ACT,ENACT HOLDINGS INC,0.209198
2025-09-01,62092,TMO,THERMO FISHER SCIENTIFIC INC,0.159891
2025-09-01,18065,GTX,GARRETT MOTION INC,0.030915
2025-09-01,11018,FBP,FIRST BANCORP P R,0.006252
2025-09-01,20188,CRC,CALIFORNIA RESOURCES CORP,0.000101
2025-09-01,32870,HRL,HORMEL FOODS CORP,-0.049071
2025-09-01,86211,MSTR,STRATEGY INC,-0.059868
2025-09-01,64936,D,DOMINION ENERGY INC,-0.066473
2025-09-01,21928,IDA,IDACORP INC,-0.068891
2025-09-01,21087,PRVA,PRIVIA HEALTH GROUP INC,-0.069907
2025-09-01,55511,TXNM,T X N M ENERGY INC,-0.132207
2025-09-01,80924,SIRI,SIRIUS X M HOLDINGS INC NEW,-0.29035
2025-09-01,84389,SSB,SOUTHSTATE CORP,-0.405694
2025-09-01,88504,BRKR,BRUKER CORP,-0.44619
2025-09-01,59328,INTC,INTEL CORP,-0.451406
2025-09-01,81655,DRI,DARDEN RESTAURANTS INC,-0.471498
2025-09-01,21890,BROS,DUTCH BROS INC,-0.497486
2025-09-01,88863,EXAS,EXACT SCIENCES CORP,-0.576159
2025-09-01,11644,CRK,COMSTOCK RESOURCES INC,-0.577367
2025-09-01,81540,COR,CENCORA INC,-0.625234
2025-09-01,61567,HXL,HEXCEL CORP NEW,-0.629817
2025-09-01,20657,ACVA,A C V AUCTIONS INC,-0.703309
2025-09-01,17144,GIS,GENERAL MILLS INC,-0.746695
2025-09-01,18909,NET,CLOUDFLARE INC,-0.752411
2025-09-01,12473,KNX,KNIGHT SWIFT TRANSPORT HDLGS INC,-0.755369
2025-09-01,63773,TDS,TELEPHONE & DATA SYSTEMS INC,-0.784989
2025-09-01,27887,BAX,BAXTER INTERNATIONAL INC,-0.78972
2025-09-01,93436,TSLA,TESLA INC,-0.803183
2025-09-01,92220,MASI,MASIMO CORP,-0.823904
2025-09-01,90520,CE,CELANESE CORP DEL,-0.824367
2025-09-01,21605,RYAN,RYAN SPECIALTY HOLDINGS INC,-0.826499
2025-09-01,85464,CWST,CASELLA WASTE SYSTEMS INC,-0.826562
2025-09-01,91733,AVAV,AEROVIRONMENT INC,-0.840302
2025-09-01,88615,ITGR,INTEGER HOLDINGS CORP,-0.841232
2025-09-01,20126,JOBY,JOBY AVIATION INC,-0.845535
2025-09-01,16431,LW,LAMB WESTON HOLDINGS INC,-0.853439
2025-09-01,27991,PNW,PINNACLE WEST CAPITAL CORP,-0.854373
2025-09-01,77520,AGCO,A G C O CORP,-0.880338
2025-09-01,66376,WSO,WATSCO INC,-0.888628
2025-09-01,21237,PCOR,PROCORE TECHNOLOGIES INC,-0.88937
2025-09-01,19938,ALGM,ALLEGRO MICROSYSTEMS INC,-0.895422
2025-09-01,89031,AXON,AXON ENTERPRISE INC,-0.895701
2025-09-01,86136,SRE,SEMPRA ENERGY,-0.900412
2025-09-01,84385,NSP,INSPERITY INC,-0.923016
2025-09-01,13511,PANW,PALO ALTO NETWORKS INC,-0.92398
2025-09-01,15535,OLLI,OLLIES BARGAIN OUTLET HLD INC,-0.924542
2025-09-01,86288,CSGP,COSTAR GROUP INC,-0.936315
2025-09-01,12591,APO,APOLLO GLOBAL MANAGEMENT INC NEW,-0.937073
2025-09-01,63125,AGYS,AGILYSYS INC,-0.944759
2025-09-01,77357,SNPS,SYNOPSYS INC,-0.948916
2025-09-01,86810,TREX,TREX COMPANY INC,-0.955566
2025-09-01,58683,LUV,SOUTHWEST AIRLINES CO,-0.967705
2025-09-01,12623,HII,HUNTINGTON INGALLS INDS INC,-0.972097
2025-09-01,14401,OGS,ONE GAS INC,-0.977643
2025-09-01,76661,IONS,IONIS PHARMACEUTICALS INC,-0.988168
2025-09-01,16600,HSY,HERSHEY CO,-0.991007
2025-09-01,84319,LAD,LITHIA MOTORS INC,-0.99121
2025-09-01,14811,FWONK,LIBERTY MEDIA CORP 3RD NEW,-0.991711
2025-09-01,77702,SBUX,STARBUCKS CORP,-0.991975
2025-09-01,25320,CPB,CAMPBELLS CO,-0.996508
2025-09-01,64995,KEY,KEYCORP NEW,-0.998431
2025-09-01,14436,RARE,ULTRAGENYX PHARMACEUTICALS INC,-1.0
2025-09-01,14472,VRNS,VARONIS SYSTEMS INC,-1.0
2025-09-01,14558,ALLY,ALLY FINANCIAL INC,-1.0
2025-09-01,14823,OCUL,OCULAR THERAPEUTIX INC,-1.0
2025-09-01,15293,NEXT,NEXTDECADE CORP,-1.0
2025-09-01,15831,AXSM,AXSOME THERAPEUTICS INC,-1.0
2025-09-01,16386,IRTC,IRHYTHM TECHNOLOGIES INC,-1.0
2025-09-01,16680,QXO,Q X O INC,-1.0
2025-09-01,17000,RYTM,RHYTHM PHARMACEUTICALS INC,-1.0
2025-09-01,17039,CNR,CORE NATURAL RESOURCES INC,-1.0
2025-09-01,17341,ZS,ZSCALER INC,-1.0
2025-09-01,17801,ROAD,CONSTRUCTION PARTNERS INC,-1.0
2025-09-01,18428,DOW,DOW INC,-1.0
2025-09-01,18726,CRWD,CROWDSTRIKE HOLDINGS INC,-1.0
2025-09-01,18776,IMVT,IMMUNOVANT INC,-1.0
2025-09-01,18835,DKNG,DRAFTKINGS INC,-1.0
2025-09-01,19002,BWIN,BALDWIN INSURANCE GROUP INC,-1.0
2025-09-01,19166,FMC,F M C CORP,-1.0
2025-09-01,19201,RVMD,REVOLUTION MEDICINES INC,-1.0
2025-09-01,19484,PCVX,VAXCYTE INC,-1.0
2025-09-01,19561,BA,BOEING CO,-1.0
2025-09-01,19628,IRON,DISC MEDICINE INC,-1.0
2025-09-01,19655,STEP,STEPSTONE GROUP INC,-1.0
2025-09-01,19849,SMMT,SUMMIT THERAPEUTICS INC,-1.0
2025-09-01,19854,EBC,EASTERN BANKSHARES INC,-1.0
2025-09-01,20648,RBLX,ROBLOX CORP,-1.0
2025-09-01,21017,ALKT,ALKAMI TECHNOLOGY INC,-1.0
2025-09-01,21352,FA,FIRST ADVANTAGE CORP,-1.0
2025-09-01,21415,S,SENTINELONE INC,-1.0
2025-09-01,21573,IP,INTERNATIONAL PAPER CO,-1.0
2025-09-01,21608,GXO,G X O LOGISTICS INC,-1.0
2025-09-01,21747,NUVL,NUVALENT INC,-1.0
2025-09-01,21792,CNP,CENTERPOINT ENERGY INC,-1.0
2025-09-01,21927,DJT,TRUMP MEDIA & TECH GRP CORP,-1.0
2025-09-01,22618,TPG,T P G INC,-1.0
2025-09-01,42585,SJM,SMUCKER J M CO,-1.0
2025-09-01,66384,WDC,WESTERN DIGITAL CORP,-1.0
2025-09-01,76672,RDNT,RADNET INC,-1.0
2025-09-01,76868,AAON,AAON INC,-1.0
2025-09-01,79864,VSEC,V S E CORP,-1.0
2025-09-01,80286,TSCO,TRACTOR SUPPLY CO NEW,-1.0
2025-09-01,81593,COOP,MR COOPER GROUP INC,-1.0
2025-09-01,84761,TTWO,TAKE TWO INTERACTIVE SOFTWR INC,-1.0
2025-09-01,87356,TKO,T K O GROUP HOLDINGS INC,-1.0
2025-09-01,87430,KTOS,KRATOS DEFENSE & SECUR SOLS INC,-1.0
2025-09-01,88351,INSM,INSMED INC,-1.0
2025-09-01,89971,SGI,SOMNIGROUP INTERNATIONAL INC,-1.0
2025-09-01,90175,XPO,X P O INC,-1.0
2025-09-01,90178,ALNY,ALNYLAM PHARMACEUTICALS INC,-1.0
2025-09-01,90444,ORA,ORMAT TECHNOLOGIES INC,-1.0
2025-09-01,90776,WAL,WESTERN ALLIANCE BANCORPORATION,-1.0
2025-09-01,91041,LYV,LIVE NATION ENTERTAINMENT INC,-1.0
2025-09-01,91575,HRI,HERC HOLDINGS INC,-1.0
2025-09-01,91594,SPR,SPIRIT AEROSYSTEMS HOLDINGS INC,-1.0
2025-09-01,91611,FSLR,FIRST SOLAR INC,-1.0
2025-09-01,91612,GSAT,GLOBALSTAR INC,-1.0
2025-09-01,92040,FOLD,AMICUS THERAPEUTICS INC,-1.0
2025-09-01,92326,CVI,C V R ENERGY,-1.0
2025-09-01,92729,JBTM,J B T MAREL CORP,-1.0
2025-10-01,10421,SKYW,SKYWEST INC,1.0
2025-10-01,10693,EHC,ENCOMPASS HEALTH CORP,1.0
2025-10-01,10696,FI,FISERV INC,1.0
2025-10-01,12570,ITT,I T T INC,1.0
2025-10-01,12622,HCA,H C A HEALTHCARE INC,1.0
2025-10-01,13046,UI,UBIQUITI INC,1.0
2025-10-01,13788,ZTS,ZOETIS INC,1.0
2025-10-01,13963,NWSA,NEWS CORP NEW,1.0
2025-10-01,13967,PTCT,P T C THERAPEUTICS INC,1.0
2025-10-01,14593,AAPL,APPLE INC,1.0
2025-10-01,15623,HLI,HOULIHAN LOKEY INC,1.0
2025-10-01,16738,AM,ANTERO MIDSTREAM CORP,1.0
2025-10-01,16967,CARG,CARGURUS INC,1.0
2025-10-01,17223,ADT,A D T INC,1.0
2025-10-01,18064,FTDR,FRONTDOOR INC,1.0
2025-10-01,18424,LEVI,LEVI STRAUSS & CO,1.0
2025-10-01,18563,PLMR,PALOMAR HOLDINGS INC,1.0
2025-10-01,20053,SNV,SYNOVUS FINANCIAL CORP,1.0
2025-10-01,20894,APP,APPLOVIN CORP,1.0
2025-10-01,21207,NEM,NEWMONT CORP,1.0
2025-10-01,42550,NEU,NEWMARKET CORP,1.0
2025-10-01,46886,KLAC,K L A CORP,1.0
2025-10-01,48486,LRCX,LAM RESH CORP,1.0
2025-10-01,48725,UNP,UNION PACIFIC CORP,1.0
2025-10-01,53225,GHC,GRAHAM HOLDINGS CO,1.0
2025-10-01,65700,USLM,UNITED STATES LIME MINERALS INC,1.0
2025-10-01,67847,RGLD,ROYAL GOLD INC,1.0
2025-10-01,68196,SEIC,S E I INVESTMENTS CO,1.0
2025-10-01,75510,ADBE,ADOBE INC,1.0
2025-10-01,75603,CRUS,CIRRUS LOGIC INC,1.0
2025-10-01,75912,PTC,P T C INC,1.0
2025-10-01,76095,HOLX,HOLOGIC INC,1.0
2025-10-01,76478,ESE,E S C O TECHNOLOGIES INC,1.0
2025-10-01,76573,MLI,MUELLER INDUSTRIES INC,1.0
2025-10-01,76708,ATGE,ADTALEM GLOBAL EDUCATION INC,1.0
2025-10-01,77178,QCOM,QUALCOMM INC,1.0
2025-10-01,77274,GILD,GILEAD SCIENCES INC,1.0
2025-10-01,77605,BSX,BOSTON SCIENTIFIC CORP,1.0
2025-10-01,79637,UHS,UNIVERSAL HEALTH SERVICES INC,1.0
2025-10-01,79758,BYD,BOYD GAMING CORP,1.0
2025-10-01,80128,VMI,VALMONT INDUSTRIES INC,1.0
2025-10-01,81282,ACIW,A C I WORLDWIDE INC,1.0
2025-10-01,82702,AMRX,AMNEAL PHARMACEUTICALS INC,1.0
2025-10-01,84827,RMBS,RAMBUS INC,1.0
2025-10-01,85072,RL,RALPH LAUREN CORP,1.0
2025-10-01,85593,AMG,AFFILIATED MANAGERS GROUP INC,1.0
2025-10-01,86580,NVDA,NVIDIA CORP,1.0
2025-10-01,88860,ALGN,ALIGN TECHNOLOGY INC,1.0
2025-10-01,89525,CMCSA,COMCAST CORP NEW,1.0
2025-10-01,90249,ENS,ENERSYS,1.0
2025-10-01,90319,GOOGL,ALPHABET INC,1.0
2025-10-01,90377,ONTO,ONTO INNOVATION INC,1.0
2025-10-01,91516,AWI,ARMSTRONG WORLD INDS INC NEW,1.0
2025-10-01,91531,OC,OWENS CORNING NEW,1.0
2025-10-01,92852,LOPE,GRAND CANYON EDUCATION INC,1.0
2025-10-01,90436,HALO,HALOZYME THERAPEUTICS INC,0.999288
2025-10-01,85631,ADSK,AUTODESK INC,0.992159
2025-10-01,18973,BRC,BRADY CORP,0.988935
2025-10-01,86102,FHI,FEDERATED HERMES INC,0.974657
2025-10-01,83779,PEGA,PEGASYSTEMS INC,0.972312
2025-10-01,18592,CTVA,CORTEVA INC,0.965655
2025-10-01,11581,EPAC,ENERPAC TOOL GROUP CORP,0.965042
2025-10-01,89916,NXST,NEXSTAR MEDIA GROUP INC,0.963493
2025-10-01,16126,AZZ,A Z Z INC,0.963384
2025-10-01,47941,TGNA,TEGNA INC,0.961369
2025-10-01,85753,VRSN,VERISIGN INC,0.960466
2025-10-01,91234,MWA,MUELLER WATER PRODUCTS INC,0.960239
2025-10-01,84723,LNG,CHENIERE ENERGY INC,0.956721
2025-10-01,41355,PH,PARKER HANNIFIN CORP,0.954618
2025-10-01,26403,DIS,DISNEY WALT CO,0.954339
2025-10-01,87432,A,AGILENT TECHNOLOGIES INC,0.953765
2025-10-01,91233,MA,MASTERCARD INC,0.952208
2025-10-01,90550,DLB,DOLBY LABORATORIES INC,0.944157
2025-10-01,13407,META,META PLATFORMS INC,0.943217
2025-10-01,85621,MTD,METTLER TOLEDO INTERNATIONAL INC,0.940251
2025-10-01,65307,RPM,R P M INTERNATIONAL INC,0.937398
2025-10-01,22752,MRK,MERCK & CO INC NEW,0.933523
2025-10-01,46463,GFF,GRIFFON CORP,0.932315
2025-10-01,87056,BMRN,BIOMARIN PHARMACEUTICAL INC,0.926157
2025-10-01,79668,BDC,BELDEN INC NEW,0.92077
2025-10-01,92402,MSCI,M S C I INC,0.894628
2025-10-01,14318,NMIH,N M I HOLDINGS INC,0.889905
2025-10-01,20892,COIN,COINBASE GLOBAL INC,0.886526
2025-10-01,92221,MELI,MERCADOLIBRE INC,0.88436
2025-10-01,64282,BBWI,BATH & BODY WORKS INC,0.878581
2025-10-01,11691,MATX,MATSON INC,0.878565
2025-10-01,20482,ABT,ABBOTT LABORATORIES,0.878014
2025-10-01,85645,INGR,INGREDION INC,0.870194
2025-10-01,19455,OPEN,OPENDOOR TECHNOLOGIES INC,0.850759
2025-10-01,11995,COKE,COCA COLA CONSOLIDATED INC,0.850187
2025-10-01,83601,WOR,WORTHINGTON ENTERPRISES INC,0.842516
2025-10-01,34032,MAS,MASCO CORP,0.816713
2025-10-01,13862,TMHC,TAYLOR MORRISON HOME CORP,0.795633
2025-10-01,93089,VRSK,VERISK ANALYTICS INC,0.791395
2025-10-01,65306,UNF,UNIFIRST CORP,0.761988
2025-10-01,79133,ATR,APTARGROUP INC,0.751925
2025-10-01,87657,EW,EDWARDS LIFESCIENCES CORP,0.723561
2025-10-01,49680,DHR,DANAHER CORP,0.714632
2025-10-01,90215,CRM,SALESFORCE INC,0.676856
2025-10-01,89792,CVCO,CAVCO INDUSTRIES INC DEL,0.647119
2025-10-01,82775,HIG,HARTFORD INSURANCE GROUP INC,0.645774
2025-10-01,90708,MORN,MORNINGSTAR INC,0.634505
2025-10-01,14702,AMAT,APPLIED MATERIALS INC,0.618413
2025-10-01,17332,VCTR,VICTORY CAPITAL HOLDINGS INC,0.61627
2025-10-01,82694,EME,EMCOR GROUP INC,0.525762
2025-10-01,93179,PPC,PILGRIMS PRIDE CORP NEW,0.389468
2025-10-01,46690,CBT,CABOT CORP,0.309944
2025-10-01,59010,GAP,GAP INC,0.302766
2025-10-01,81677,WAB,WABTEC CORP,0.243195
2025-10-01,21906,ACT,ENACT HOLDINGS INC,0.212339
2025-10-01,62092,TMO,THERMO FISHER SCIENTIFIC INC,0.157006
2025-10-01,25590,NFG,NATIONAL FUEL GAS CO N J,0.105317
2025-10-01,18065,GTX,GARRETT MOTION INC,0.03246
2025-10-01,11018,FBP,FIRST BANCORP P R,0.006181
2025-10-01,20188,CRC,CALIFORNIA RESOURCES CORP,0.000108
2025-10-01,86211,MSTR,STRATEGY INC,-0.057486
2025-10-01,64936,D,DOMINION ENERGY INC,-0.068441
2025-10-01,21928,IDA,IDACORP INC,-0.072546
2025-10-01,21087,PRVA,PRIVIA HEALTH GROUP INC,-0.075319
2025-10-01,63467,BRO,BROWN & BROWN INC,-0.112752
2025-10-01,55511,TXNM,T X N M ENERGY INC,-0.13156
2025-10-01,16673,KNTK,KINETIK HOLDINGS INC,-0.173767
2025-10-01,80924,SIRI,SIRIUS X M HOLDINGS INC NEW,-0.284906
2025-10-01,21890,BROS,DUTCH BROS INC,-0.360855
2025-10-01,88504,BRKR,BRUKER CORP,-0.425789
2025-10-01,59328,INTC,INTEL CORP,-0.620464
2025-10-01,88863,EXAS,EXACT SCIENCES CORP,-0.662827
2025-10-01,81540,COR,CENCORA INC,-0.668019
2025-10-01,12473,KNX,KNIGHT SWIFT TRANSPORT HDLGS INC,-0.680171
2025-10-01,11644,CRK,COMSTOCK RESOURCES INC,-0.707897
2025-10-01,90520,CE,CELANESE CORP DEL,-0.725581
2025-10-01,27887,BAX,BAXTER INTERNATIONAL INC,-0.725695
2025-10-01,17144,GIS,GENERAL MILLS INC,-0.760723
2025-10-01,63773,TDS,TELEPHONE & DATA SYSTEMS INC,-0.766541
2025-10-01,77357,SNPS,SYNOPSYS INC,-0.772619
2025-10-01,18835,DKNG,DRAFTKINGS INC,-0.776182
2025-10-01,85464,CWST,CASELLA WASTE SYSTEMS INC,-0.792964
2025-10-01,88615,ITGR,INTEGER HOLDINGS CORP,-0.803043
2025-10-01,21605,RYAN,RYAN SPECIALTY HOLDINGS INC,-0.821279
2025-10-01,19938,ALGM,ALLEGRO MICROSYSTEMS INC,-0.844567
2025-10-01,27991,PNW,PINNACLE WEST CAPITAL CORP,-0.854414
2025-10-01,89031,AXON,AXON ENTERPRISE INC,-0.857198
2025-10-01,16431,LW,LAMB WESTON HOLDINGS INC,-0.858774
2025-10-01,92220,MASI,MASIMO CORP,-0.867411
2025-10-01,19166,FMC,F M C CORP,-0.871627
2025-10-01,86288,CSGP,COSTAR GROUP INC,-0.879647
2025-10-01,66376,WSO,WATSCO INC,-0.889928
2025-10-01,63125,AGYS,AGILYSYS INC,-0.908126
2025-10-01,12591,APO,APOLLO GLOBAL MANAGEMENT INC NEW,-0.913612
2025-10-01,19561,BA,BOEING CO,-0.916369
2025-10-01,80286,TSCO,TRACTOR SUPPLY CO NEW,-0.917513
2025-10-01,84319,LAD,LITHIA MOTORS INC,-0.927047
2025-10-01,21415,S,SENTINELONE INC,-0.930413
2025-10-01,15535,OLLI,OLLIES BARGAIN OUTLET HLD INC,-0.932854
2025-10-01,58683,LUV,SOUTHWEST AIRLINES CO,-0.940609
2025-10-01,77702,SBUX,STARBUCKS CORP,-0.948311
2025-10-01,22618,TPG,T P G INC,-0.948638
2025-10-01,14558,ALLY,ALLY FINANCIAL INC,-0.951624
2025-10-01,20126,JOBY,JOBY AVIATION INC,-0.96165
2025-10-01,90776,WAL,WESTERN ALLIANCE BANCORPORATION,-0.965088
2025-10-01,21017,ALKT,ALKAMI TECHNOLOGY INC,-0.967003
2025-10-01,92729,JBTM,J B T MAREL CORP,-0.976871
2025-10-01,91041,LYV,LIVE NATION ENTERTAINMENT INC,-0.978131
2025-10-01,86136,SRE,SEMPRA ENERGY,-0.978356
2025-10-01,83509,FCN,F T I CONSULTING INC,-0.984244
2025-10-01,13511,PANW,PALO ALTO NETWORKS INC,-0.984454
2025-10-01,15831,AXSM,AXSOME THERAPEUTICS INC,-0.998093
2025-10-01,12623,HII,HUNTINGTON INGALLS INDS INC,-1.0
2025-10-01,14401,OGS,ONE GAS INC,-1.0
2025-10-01,14436,RARE,ULTRAGENYX PHARMACEUTICALS INC,-1.0
2025-10-01,14472,VRNS,VARONIS SYSTEMS INC,-1.0
2025-10-01,14811,FWONK,LIBERTY MEDIA CORP 3RD NEW,-1.0
2025-10-01,14823,OCUL,OCULAR THERAPEUTIX INC,-1.0
2025-10-01,15286,CDTX,CIDARA THERAPEUTICS INC,-1.0
2025-10-01,15649,MSGS,MADISON SQUARE GARD SPORTS CORP,-1.0
2025-10-01,16386,IRTC,IRHYTHM TECHNOLOGIES INC,-1.0
2025-10-01,16600,HSY,HERSHEY CO,-1.0
2025-10-01,16680,QXO,Q X O INC,-1.0
2025-10-01,17000,RYTM,RHYTHM PHARMACEUTICALS INC,-1.0
2025-10-01,17039,CNR,CORE NATURAL RESOURCES INC,-1.0
2025-10-01,17341,ZS,ZSCALER INC,-1.0
2025-10-01,17801,ROAD,CONSTRUCTION PARTNERS INC,-1.0
2025-10-01,18428,DOW,DOW INC,-1.0
2025-10-01,18575,PSN,PARSONS CORP,-1.0
2025-10-01,18726,CRWD,CROWDSTRIKE HOLDINGS INC,-1.0
2025-10-01,18776,IMVT,IMMUNOVANT INC,-1.0
2025-10-01,18909,NET,CLOUDFLARE INC,-1.0
2025-10-01,19002,BWIN,BALDWIN INSURANCE GROUP INC,-1.0
2025-10-01,19201,RVMD,REVOLUTION MEDICINES INC,-1.0
2025-10-01,19484,PCVX,VAXCYTE INC,-1.0
2025-10-01,19628,IRON,DISC MEDICINE INC,-1.0
2025-10-01,19655,STEP,STEPSTONE GROUP INC,-1.0
2025-10-01,19849,SMMT,SUMMIT THERAPEUTICS INC,-1.0
2025-10-01,19854,EBC,EASTERN BANKSHARES INC,-1.0
2025-10-01,20204,CXT,CRANE N X T CO,-1.0
2025-10-01,20648,RBLX,ROBLOX CORP,-1.0
2025-10-01,21237,PCOR,PROCORE TECHNOLOGIES INC,-1.0
2025-10-01,21331,AUR,AURORA INNOVATION INC,-1.0
2025-10-01,21352,FA,FIRST ADVANTAGE CORP,-1.0
2025-10-01,21573,IP,INTERNATIONAL PAPER CO,-1.0
2025-10-01,21608,GXO,G X O LOGISTICS INC,-1.0
2025-10-01,21747,NUVL,NUVALENT INC,-1.0
2025-10-01,21792,CNP,CENTERPOINT ENERGY INC,-1.0
2025-10-01,21905,WRBY,WARBY PARKER INC,-1.0
2025-10-01,21927,DJT,TRUMP MEDIA & TECH GRP CORP,-1.0
2025-10-01,42585,SJM,SMUCKER J M CO,-1.0
2025-10-01,61567,HXL,HEXCEL CORP NEW,-1.0
2025-10-01,76661,IONS,IONIS PHARMACEUTICALS INC,-1.0
2025-10-01,76672,RDNT,RADNET INC,-1.0
2025-10-01,76868,AAON,AAON INC,-1.0
2025-10-01,79864,VSEC,V S E CORP,-1.0
2025-10-01,84761,TTWO,TAKE TWO INTERACTIVE SOFTWR INC,-1.0
2025-10-01,86810,TREX,TREX COMPANY INC,-1.0
2025-10-01,87356,TKO,T K O GROUP HOLDINGS INC,-1.0
2025-10-01,87430,KTOS,KRATOS DEFENSE & SECUR SOLS INC,-1.0
2025-10-01,88351,INSM,INSMED INC,-1.0
2025-10-01,89971,SGI,SOMNIGROUP INTERNATIONAL INC,-1.0
2025-10-01,90175,XPO,X P O INC,-1.0
2025-10-01,90178,ALNY,ALNYLAM PHARMACEUTICALS INC,-1.0
2025-10-01,90312,WLK,WESTLAKE CORP,-1.0
2025-10-01,90444,ORA,ORMAT TECHNOLOGIES INC,-1.0
2025-10-01,90988,BKD,BROOKDALE SENIOR LIVING INC,-1.0
2025-10-01,91575,HRI,HERC HOLDINGS INC,-1.0
2025-10-01,91594,SPR,SPIRIT AEROSYSTEMS HOLDINGS INC,-1.0
2025-10-01,91611,FSLR,FIRST SOLAR INC,-1.0
2025-10-01,91733,AVAV,AEROVIRONMENT INC,-1.0
2025-10-01,92040,FOLD,AMICUS THERAPEUTICS INC,-1.0
2025-10-01,92326,CVI,C V R ENERGY,-1.0
2025-10-01,93436,TSLA,TESLA INC,-1.0
2025-11-01,12570,ITT,I T T INC,1.0
2025-11-01,12622,HCA,H C A HEALTHCARE INC,1.0
2025-11-01,13046,UI,UBIQUITI INC,1.0
2025-11-01,13788,ZTS,ZOETIS INC,1.0
2025-11-01,13967,PTCT,P T C THERAPEUTICS INC,1.0
2025-11-01,14593,AAPL,APPLE INC,1.0
2025-11-01,16126,AZZ,A Z Z INC,1.0
2025-11-01,16631,VRRM,VERRA MOBILITY CORP,1.0
2025-11-01,16738,AM,ANTERO MIDSTREAM CORP,1.0
2025-11-01,16967,CARG,CARGURUS INC,1.0
2025-11-01,17223,ADT,A D T INC,1.0
2025-11-01,18424,LEVI,LEVI STRAUSS & CO,1.0
2025-11-01,18563,PLMR,PALOMAR HOLDINGS INC,1.0
2025-11-01,20894,APP,APPLOVIN CORP,1.0
2025-11-01,46886,KLAC,K L A CORP,1.0
2025-11-01,48486,LRCX,LAM RESH CORP,1.0
2025-11-01,75603,CRUS,CIRRUS LOGIC INC,1.0
2025-11-01,75912,PTC,P T C INC,1.0
2025-11-01,76095,HOLX,HOLOGIC INC,1.0
2025-11-01,76478,ESE,E S C O TECHNOLOGIES INC,1.0
2025-11-01,76573,MLI,MUELLER INDUSTRIES INC,1.0
2025-11-01,77178,QCOM,QUALCOMM INC,1.0
2025-11-01,77274,GILD,GILEAD SCIENCES INC,1.0
2025-11-01,77605,BSX,BOSTON SCIENTIFIC CORP,1.0
2025-11-01,79637,UHS,UNIVERSAL HEALTH SERVICES INC,1.0
2025-11-01,80128,VMI,VALMONT INDUSTRIES INC,1.0
2025-11-01,82702,AMRX,AMNEAL PHARMACEUTICALS INC,1.0
2025-11-01,83779,PEGA,PEGASYSTEMS INC,1.0
2025-11-01,85072,RL,RALPH LAUREN CORP,1.0
2025-11-01,85621,MTD,METTLER TOLEDO INTERNATIONAL INC,1.0
2025-11-01,85645,INGR,INGREDION INC,1.0
2025-11-01,86580,NVDA,NVIDIA CORP,1.0
2025-11-01,87432,A,AGILENT TECHNOLOGIES INC,1.0
2025-11-01,88664,JKHY,HENRY JACK & ASSOC INC,1.0
2025-11-01,88860,ALGN,ALIGN TECHNOLOGY INC,1.0
2025-11-01,90249,ENS,ENERSYS,1.0
2025-11-01,90319,GOOGL,ALPHABET INC,1.0
2025-11-01,90377,ONTO,ONTO INNOVATION INC,1.0
2025-11-01,91233,MA,MASTERCARD INC,1.0
2025-11-01,91413,EVR,EVERCORE INC,1.0
2025-11-01,91531,OC,OWENS CORNING NEW,1.0
2025-11-01,92852,LOPE,GRAND CANYON EDUCATION INC,1.0
2025-11-01,10421,SKYW,SKYWEST INC,0.995341
2025-11-01,85593,AMG,AFFILIATED MANAGERS GROUP INC,0.994761
2025-11-01,18064,FTDR,FRONTDOOR INC,0.983951
2025-11-01,84827,RMBS,RAMBUS INC,0.98368
2025-11-01,41355,PH,PARKER HANNIFIN CORP,0.969983
2025-11-01,91516,AWI,ARMSTRONG WORLD INDS INC NEW,0.968264
2025-11-01,11581,EPAC,ENERPAC TOOL GROUP CORP,0.9638
2025-11-01,91234,MWA,MUELLER WATER PRODUCTS INC,0.962369
2025-11-01,18973,BRC,BRADY CORP,0.962085
2025-11-01,75510,ADBE,ADOBE INC,0.961466
2025-11-01,21207,NEM,NEWMONT CORP,0.957116
2025-11-01,22752,MRK,MERCK & CO INC NEW,0.953274
2025-11-01,89916,NXST,NEXSTAR MEDIA GROUP INC,0.95055
2025-11-01,68196,SEIC,S E I INVESTMENTS CO,0.946761
2025-11-01,11995,COKE,COCA COLA CONSOLIDATED INC,0.945193
2025-11-01,85631,ADSK,AUTODESK INC,0.937913
2025-11-01,26403,DIS,DISNEY WALT CO,0.935551
2025-11-01,79668,BDC,BELDEN INC NEW,0.929857
2025-11-01,48725,UNP,UNION PACIFIC CORP,0.929041
2025-11-01,47941,TGNA,TEGNA INC,0.927017
2025-11-01,42550,NEU,NEWMARKET CORP,0.923912
2025-11-01,87056,BMRN,BIOMARIN PHARMACEUTICAL INC,0.913041
2025-11-01,86102,FHI,FEDERATED HERMES INC,0.90672
2025-11-01,20053,SNV,SYNOVUS FINANCIAL CORP,0.906267
2025-11-01,46463,GFF,GRIFFON CORP,0.903068
2025-11-01,81282,ACIW,A C I WORLDWIDE INC,0.899328
2025-11-01,79758,BYD,BOYD GAMING CORP,0.897484
2025-11-01,11691,MATX,MATSON INC,0.896725
2025-11-01,10693,EHC,ENCOMPASS HEALTH CORP,0.894415
2025-11-01,89525,CMCSA,COMCAST CORP NEW,0.892082
2025-11-01,65700,USLM,UNITED STATES LIME MINERALS INC,0.8878
2025-11-01,90436,HALO,HALOZYME THERAPEUTICS INC,0.884975
2025-11-01,92221,MELI,MERCADOLIBRE INC,0.877807
2025-11-01,18592,CTVA,CORTEVA INC,0.874115
2025-11-01,65307,RPM,R P M INTERNATIONAL INC,0.870135
2025-11-01,67847,RGLD,ROYAL GOLD INC,0.870112
2025-11-01,15623,HLI,HOULIHAN LOKEY INC,0.868931
2025-11-01,90550,DLB,DOLBY LABORATORIES INC,0.862142
2025-11-01,84723,LNG,CHENIERE ENERGY INC,0.860031
2025-11-01,13963,NWSA,NEWS CORP NEW,0.859643
2025-11-01,53225,GHC,GRAHAM HOLDINGS CO,0.858058
2025-11-01,83601,WOR,WORTHINGTON ENTERPRISES INC,0.848873
2025-11-01,14318,NMIH,N M I HOLDINGS INC,0.842664
2025-11-01,64282,BBWI,BATH & BODY WORKS INC,0.832054
2025-11-01,13407,META,META PLATFORMS INC,0.82964
2025-11-01,19455,OPEN,OPENDOOR TECHNOLOGIES INC,0.82663
2025-11-01,85753,VRSN,VERISIGN INC,0.820697
2025-11-01,20482,ABT,ABBOTT LABORATORIES,0.811188
2025-11-01,49680,DHR,DANAHER CORP,0.774006
2025-11-01,87657,EW,EDWARDS LIFESCIENCES CORP,0.755041
2025-11-01,34032,MAS,MASCO CORP,0.748721
2025-11-01,90215,CRM,SALESFORCE INC,0.741502
2025-11-01,13862,TMHC,TAYLOR MORRISON HOME CORP,0.711794
2025-11-01,14702,AMAT,APPLIED MATERIALS INC,0.702053
2025-11-01,65306,UNF,UNIFIRST CORP,0.700978
2025-11-01,79133,ATR,APTARGROUP INC,0.65257
2025-11-01,76708,ATGE,ADTALEM GLOBAL EDUCATION INC,0.631371
2025-11-01,82775,HIG,HARTFORD INSURANCE GROUP INC,0.599076
2025-11-01,17332,VCTR,VICTORY CAPITAL HOLDINGS INC,0.59056
2025-11-01,89792,CVCO,CAVCO INDUSTRIES INC DEL,0.588252
2025-11-01,90708,MORN,MORNINGSTAR INC,0.579696
2025-11-01,20188,CRC,CALIFORNIA RESOURCES CORP,0.576788
2025-11-01,20892,COIN,COINBASE GLOBAL INC,0.575101
2025-11-01,93002,AVGO,BROADCOM INC,0.56388
2025-11-01,80864,RS,RELIANCE INC,0.563416
2025-11-01,82694,EME,EMCOR GROUP INC,0.545481
2025-11-01,10696,FI,FISERV INC,0.513989
2025-11-01,92402,MSCI,M S C I INC,0.435379
2025-11-01,93179,PPC,PILGRIMS PRIDE CORP NEW,0.363136
2025-11-01,59010,GAP,GAP INC,0.325022
2025-11-01,46690,CBT,CABOT CORP,0.274004
2025-11-01,81677,WAB,WABTEC CORP,0.247216
2025-11-01,25590,NFG,NATIONAL FUEL GAS CO N J,0.238458
2025-11-01,21906,ACT,ENACT HOLDINGS INC,0.197135
2025-11-01,62092,TMO,THERMO FISHER SCIENTIFIC INC,0.183157
2025-11-01,18065,GTX,GARRETT MOTION INC,0.040266
2025-11-01,11018,FBP,FIRST BANCORP P R,0.005443
2025-11-01,86211,MSTR,STRATEGY INC,-0.047896
2025-11-01,64936,D,DOMINION ENERGY INC,-0.065443
2025-11-01,21928,IDA,IDACORP INC,-0.07059
2025-11-01,21087,PRVA,PRIVIA HEALTH GROUP INC,-0.073258
2025-11-01,63467,BRO,BROWN & BROWN INC,-0.095493
2025-11-01,55511,TXNM,T X N M ENERGY INC,-0.132659
2025-11-01,80924,SIRI,SIRIUS X M HOLDINGS INC NEW,-0.264573
2025-11-01,15398,CC,CHEMOURS CO,-0.331489
2025-11-01,21890,BROS,DUTCH BROS INC,-0.381738
2025-11-01,88615,ITGR,INTEGER HOLDINGS CORP,-0.49919
2025-11-01,88504,BRKR,BRUKER CORP,-0.508926
2025-11-01,27887,BAX,BAXTER INTERNATIONAL INC,-0.58628
2025-11-01,18835,DKNG,DRAFTKINGS INC,-0.632314
2025-11-01,90520,CE,CELANESE CORP DEL,-0.660928
2025-11-01,11644,CRK,COMSTOCK RESOURCES INC,-0.667029
2025-11-01,21905,WRBY,WARBY PARKER INC,-0.707029
2025-11-01,77357,SNPS,SYNOPSYS INC,-0.70813
2025-11-01,17144,GIS,GENERAL MILLS INC,-0.709447
2025-11-01,86288,CSGP,COSTAR GROUP INC,-0.714543
2025-11-01,81540,COR,CENCORA INC,-0.719871
2025-11-01,59328,INTC,INTEL CORP,-0.737535
2025-11-01,63773,TDS,TELEPHONE & DATA SYSTEMS INC,-0.755832
2025-11-01,12473,KNX,KNIGHT SWIFT TRANSPORT HDLGS INC,-0.774525
2025-11-01,88863,EXAS,EXACT SCIENCES CORP,-0.781572
2025-11-01,66376,WSO,WATSCO INC,-0.81372
2025-11-01,21352,FA,FIRST ADVANTAGE CORP,-0.817395
2025-11-01,12591,APO,APOLLO GLOBAL MANAGEMENT INC NEW,-0.849202
2025-11-01,19561,BA,BOEING CO,-0.850494
2025-11-01,90776,WAL,WESTERN ALLIANCE BANCORPORATION,-0.857657
2025-11-01,80286,TSCO,TRACTOR SUPPLY CO NEW,-0.869986
2025-11-01,89031,AXON,AXON ENTERPRISE INC,-0.871824
2025-11-01,92729,JBTM,J B T MAREL CORP,-0.87387
2025-11-01,15535,OLLI,OLLIES BARGAIN OUTLET HLD INC,-0.874662
2025-11-01,90312,WLK,WESTLAKE CORP,-0.889673
2025-11-01,58683,LUV,SOUTHWEST AIRLINES CO,-0.890078
2025-11-01,91041,LYV,LIVE NATION ENTERTAINMENT INC,-0.891907
2025-11-01,17801,ROAD,CONSTRUCTION PARTNERS INC,-0.897126
2025-11-01,77702,SBUX,STARBUCKS CORP,-0.903401
2025-11-01,16600,HSY,HERSHEY CO,-0.903602
2025-11-01,22618,TPG,T P G INC,-0.905742
2025-11-01,84319,LAD,LITHIA MOTORS INC,-0.918385
2025-11-01,87356,TKO,T K O GROUP HOLDINGS INC,-0.92959
2025-11-01,86810,TREX,TREX COMPANY INC,-0.931897
2025-11-01,89971,SGI,SOMNIGROUP INTERNATIONAL INC,-0.93756
2025-11-01,21415,S,SENTINELONE INC,-0.940053
2025-11-01,17039,CNR,CORE NATURAL RESOURCES INC,-0.943066
2025-11-01,14558,ALLY,ALLY FINANCIAL INC,-0.950214
2025-11-01,19854,EBC,EASTERN BANKSHARES INC,-0.962572
2025-11-01,21331,AUR,AURORA INNOVATION INC,-0.968903
2025-11-01,92326,CVI,C V R ENERGY,-0.972335
2025-11-01,21792,CNP,CENTERPOINT ENERGY INC,-0.982299
2025-11-01,14401,OGS,ONE GAS INC,-0.987466
2025-11-01,84761,TTWO,TAKE TWO INTERACTIVE SOFTWR INC,-0.98903
2025-11-01,12400,LPLA,L P L FINANCIAL HOLDINGS INC,-1.0
2025-11-01,12623,HII,HUNTINGTON INGALLS INDS INC,-1.0
2025-11-01,13511,PANW,PALO ALTO NETWORKS INC,-1.0
2025-11-01,14044,AGIO,AGIOS PHARMACEUTICALS INC,-1.0
2025-11-01,14436,RARE,ULTRAGENYX PHARMACEUTICALS INC,-1.0
2025-11-01,14472,VRNS,VARONIS SYSTEMS INC,-1.0
2025-11-01,14773,PARR,PAR PACIFIC HOLDINGS INC,-1.0
2025-11-01,14823,OCUL,OCULAR THERAPEUTIX INC,-1.0
2025-11-01,15649,MSGS,MADISON SQUARE GARD SPORTS CORP,-1.0
2025-11-01,15831,AXSM,AXSOME THERAPEUTICS INC,-1.0
2025-11-01,16386,IRTC,IRHYTHM TECHNOLOGIES INC,-1.0
2025-11-01,16680,QXO,Q X O INC,-1.0
2025-11-01,17000,RYTM,RHYTHM PHARMACEUTICALS INC,-1.0
2025-11-01,17341,ZS,ZSCALER INC,-1.0
2025-11-01,17374,RCUS,ARCUS BIOSCIENCES INC,-1.0
2025-11-01,18428,DOW,DOW INC,-1.0
2025-11-01,18575,PSN,PARSONS CORP,-1.0
2025-11-01,18656,IDYA,IDEAYA BIOSCIENCES INC,-1.0
2025-11-01,18726,CRWD,CROWDSTRIKE HOLDINGS INC,-1.0
2025-11-01,18770,BBIO,BRIDGEBIO PHARMA INC,-1.0
2025-11-01,18776,IMVT,IMMUNOVANT INC,-1.0
2025-11-01,18909,NET,CLOUDFLARE INC,-1.0
2025-11-01,19484,PCVX,VAXCYTE INC,-1.0
2025-11-01,19565,NCNO,NCINO INC NEW,-1.0
2025-11-01,19577,RKT,ROCKET COMPANIES INC,-1.0
2025-11-01,19628,IRON,DISC MEDICINE INC,-1.0
2025-11-01,19655,STEP,STEPSTONE GROUP INC,-1.0
2025-11-01,19849,SMMT,SUMMIT THERAPEUTICS INC,-1.0
2025-11-01,20067,SOFI,SOFI TECHNOLOGIES INC,-1.0
2025-11-01,20126,JOBY,JOBY AVIATION INC,-1.0
2025-11-01,20512,CACI,CACI INTERNATIONAL INC,-1.0
2025-11-01,20648,RBLX,ROBLOX CORP,-1.0
2025-11-01,21017,ALKT,ALKAMI TECHNOLOGY INC,-1.0
2025-11-01,21237,PCOR,PROCORE TECHNOLOGIES INC,-1.0
2025-11-01,21605,RYAN,RYAN SPECIALTY HOLDINGS INC,-1.0
2025-11-01,21608,GXO,G X O LOGISTICS INC,-1.0
2025-11-01,21747,NUVL,NUVALENT INC,-1.0
2025-11-01,21927,DJT,TRUMP MEDIA & TECH GRP CORP,-1.0
2025-11-01,27991,PNW,PINNACLE WEST CAPITAL CORP,-1.0
2025-11-01,32707,HP,HELMERICH & PAYNE INC,-1.0
2025-11-01,42585,SJM,SMUCKER J M CO,-1.0
2025-11-01,61567,HXL,HEXCEL CORP NEW,-1.0
2025-11-01,63125,AGYS,AGILYSYS INC,-1.0
2025-11-01,76661,IONS,IONIS PHARMACEUTICALS INC,-1.0
2025-11-01,76672,RDNT,RADNET INC,-1.0
2025-11-01,76868,AAON,AAON INC,-1.0
2025-11-01,79839,ITRI,ITRON INC,-1.0
2025-11-01,79864,VSEC,V S E CORP,-1.0
2025-11-01,81584,CBZ,CBIZ INC,-1.0
2025-11-01,83509,FCN,F T I CONSULTING INC,-1.0
2025-11-01,85464,CWST,CASELLA WASTE SYSTEMS INC,-1.0
2025-11-01,86136,SRE,SEMPRA ENERGY,-1.0
2025-11-01,87430,KTOS,KRATOS DEFENSE & SECUR SOLS INC,-1.0
2025-11-01,88351,INSM,INSMED INC,-1.0
2025-11-01,90175,XPO,X P O INC,-1.0
2025-11-01,90444,ORA,ORMAT TECHNOLOGIES INC,-1.0
2025-11-01,90988,BKD,BROOKDALE SENIOR LIVING INC,-1.0
2025-11-01,91575,HRI,HERC HOLDINGS INC,-1.0
2025-11-01,91611,FSLR,FIRST SOLAR INC,-1.0
2025-11-01,91733,AVAV,AEROVIRONMENT INC,-1.0
2025-11-01,92040,FOLD,AMICUS THERAPEUTICS INC,-1.0
2025-11-01,93436,TSLA,TESLA INC,-1.0
2025-12-01,10421,SKYW,SKYWEST INC,1.0
2025-12-01,10696,FISV,FISERV INC,1.0
2025-12-01,11995,COKE,COCA COLA CONSOLIDATED INC,1.0
2025-12-01,12622,HCA,H C A HEALTHCARE INC,1.0
2025-12-01,13543,GMED,GLOBUS MEDICAL INC,1.0
2025-12-01,14593,AAPL,APPLE INC,1.0
2025-12-01,16126,AZZ,A Z Z INC,1.0
2025-12-01,16560,REVG,R E V GROUP INC,1.0
2025-12-01,16631,VRRM,VERRA MOBILITY CORP,1.0
2025-12-01,16738,AM,ANTERO MIDSTREAM CORP,1.0
2025-12-01,16967,CARG,CARGURUS INC,1.0
2025-12-01,18065,GTX,GARRETT MOTION INC,1.0
2025-12-01,18424,LEVI,LEVI STRAUSS & CO,1.0
2025-12-01,18563,PLMR,PALOMAR HOLDINGS INC,1.0
2025-12-01,18973,BRC,BRADY CORP,1.0
2025-12-01,21207,NEM,NEWMONT CORP,1.0
2025-12-01,22752,MRK,MERCK & CO INC NEW,1.0
2025-12-01,41355,PH,PARKER HANNIFIN CORP,1.0
2025-12-01,75603,CRUS,CIRRUS LOGIC INC,1.0
2025-12-01,76095,HOLX,HOLOGIC INC,1.0
2025-12-01,76128,VICR,VICOR CORP,1.0
2025-12-01,76573,MLI,MUELLER INDUSTRIES INC,1.0
2025-12-01,77274,GILD,GILEAD SCIENCES INC,1.0
2025-12-01,77605,BSX,BOSTON SCIENTIFIC CORP,1.0
2025-12-01,79637,UHS,UNIVERSAL HEALTH SERVICES INC,1.0
2025-12-01,80128,VMI,VALMONT INDUSTRIES INC,1.0
2025-12-01,82702,AMRX,AMNEAL PHARMACEUTICALS INC,1.0
2025-12-01,85072,RL,RALPH LAUREN CORP,1.0
2025-12-01,85593,AMG,AFFILIATED MANAGERS GROUP INC,1.0
2025-12-01,85621,MTD,METTLER TOLEDO INTERNATIONAL INC,1.0
2025-12-01,87137,DVN,DEVON ENERGY CORP NEW,1.0
2025-12-01,87432,A,AGILENT TECHNOLOGIES INC,1.0
2025-12-01,88664,JKHY,HENRY JACK & ASSOC INC,1.0
2025-12-01,88860,ALGN,ALIGN TECHNOLOGY INC,1.0
2025-12-01,88873,GPN,GLOBAL PAYMENTS INC,1.0
2025-12-01,90249,ENS,ENERSYS,1.0
2025-12-01,90319,GOOGL,ALPHABET INC,1.0
2025-12-01,90377,ONTO,ONTO INNOVATION INC,1.0
2025-12-01,91413,EVR,EVERCORE INC,1.0
2025-12-01,91233,MA,MASTERCARD INC,0.994343
2025-12-01,12570,ITT,I T T INC,0.992071
2025-12-01,48486,LRCX,LAM RESH CORP,0.987716
2025-12-01,20053,SNV,SYNOVUS FINANCIAL CORP,0.975811
2025-12-01,48725,UNP,UNION PACIFIC CORP,0.974556
2025-12-01,46886,KLAC,K L A CORP,0.971093
2025-12-01,11691,MATX,MATSON INC,0.968583
2025-12-01,76478,ESE,E S C O TECHNOLOGIES INC,0.967098
2025-12-01,90436,HALO,HALOZYME THERAPEUTICS INC,0.966613
2025-12-01,91516,AWI,ARMSTRONG WORLD INDS INC NEW,0.963587
2025-12-01,79758,BYD,BOYD GAMING CORP,0.957364
2025-12-01,18592,CTVA,CORTEVA INC,0.957273
2025-12-01,87056,BMRN,BIOMARIN PHARMACEUTICAL INC,0.950515
2025-12-01,68196,SEIC,S E I INVESTMENTS CO,0.946845
2025-12-01,86102,FHI,FEDERATED HERMES INC,0.942047
2025-12-01,85631,ADSK,AUTODESK INC,0.941313
2025-12-01,20894,APP,APPLOVIN CORP,0.9376
2025-12-01,17223,ADT,A D T INC,0.930246
2025-12-01,85645,INGR,INGREDION INC,0.928796
2025-12-01,77178,QCOM,QUALCOMM INC,0.926175
2025-12-01,65700,USLM,UNITED STATES LIME MINERALS INC,0.918537
2025-12-01,42550,NEU,NEWMARKET CORP,0.915871
2025-12-01,46463,GFF,GRIFFON CORP,0.915112
2025-12-01,84827,RMBS,RAMBUS INC,0.911179
2025-12-01,10693,EHC,ENCOMPASS HEALTH CORP,0.91034
2025-12-01,91234,MWA,MUELLER WATER PRODUCTS INC,0.908871
2025-12-01,75510,ADBE,ADOBE INC,0.901556
2025-12-01,13788,ZTS,ZOETIS INC,0.886571
2025-12-01,91531,OC,OWENS CORNING NEW,0.88647
2025-12-01,11581,EPAC,ENERPAC TOOL GROUP CORP,0.886451
2025-12-01,75912,PTC,P T C INC,0.880588
2025-12-01,14318,NMIH,N M I HOLDINGS INC,0.879912
2025-12-01,90550,DLB,DOLBY LABORATORIES INC,0.874235
2025-12-01,86580,NVDA,NVIDIA CORP,0.871105
2025-12-01,26403,DIS,DISNEY WALT CO,0.86503
2025-12-01,85753,VRSN,VERISIGN INC,0.862604
2025-12-01,79668,BDC,BELDEN INC NEW,0.862573
2025-12-01,83779,PEGA,PEGASYSTEMS INC,0.857475
2025-12-01,89525,CMCSA,COMCAST CORP NEW,0.852699
2025-12-01,65307,RPM,R P M INTERNATIONAL INC,0.851351
2025-12-01,15623,HLI,HOULIHAN LOKEY INC,0.848457
2025-12-01,84723,LNG,CHENIERE ENERGY INC,0.845337
2025-12-01,20482,ABT,ABBOTT LABORATORIES,0.843392
2025-12-01,76708,ATGE,ADTALEM GLOBAL EDUCATION INC,0.835709
2025-12-01,89916,NXST,NEXSTAR MEDIA GROUP INC,0.834982
2025-12-01,92852,LOPE,GRAND CANYON EDUCATION INC,0.834694
2025-12-01,13963,NWSA,NEWS CORP NEW,0.830454
2025-12-01,19455,OPEN,OPENDOOR TECHNOLOGIES INC,0.829575
2025-12-01,83601,WOR,WORTHINGTON ENTERPRISES INC,0.827701
2025-12-01,13407,META,META PLATFORMS INC,0.82663
2025-12-01,49680,DHR,DANAHER CORP,0.812642
2025-12-01,18064,FTDR,FRONTDOOR INC,0.795839
2025-12-01,87657,EW,EDWARDS LIFESCIENCES CORP,0.791413
2025-12-01,65306,UNF,UNIFIRST CORP,0.781522
2025-12-01,92221,MELI,MERCADOLIBRE INC,0.7788
2025-12-01,14702,AMAT,APPLIED MATERIALS INC,0.759202
2025-12-01,34032,MAS,MASCO CORP,0.751488
2025-12-01,13046,UI,UBIQUITI INC,0.738815
2025-12-01,79133,ATR,APTARGROUP INC,0.699768
2025-12-01,89792,CVCO,CAVCO INDUSTRIES INC DEL,0.659595
2025-12-01,82775,HIG,HARTFORD INSURANCE GROUP INC,0.659263
2025-12-01,90215,CRM,SALESFORCE INC,0.654215
2025-12-01,93002,AVGO,BROADCOM INC,0.613027
2025-12-01,64282,BBWI,BATH & BODY WORKS INC,0.597214
2025-12-01,17332,VCTR,VICTORY CAPITAL HOLDINGS INC,0.594662
2025-12-01,90708,MORN,MORNINGSTAR INC,0.58494
2025-12-01,13967,PTCT,P T C THERAPEUTICS INC,0.583586
2025-12-01,20188,CRC,CALIFORNIA RESOURCES CORP,0.58251
2025-12-01,80864,RS,RELIANCE INC,0.557946
2025-12-01,82694,EME,EMCOR GROUP INC,0.494834
2025-12-01,92402,MSCI,M S C I INC,0.417027
2025-12-01,93179,PPC,PILGRIMS PRIDE CORP NEW,0.36147
2025-12-01,36281,SEB,SEABOARD CORP,0.300082
2025-12-01,25590,NFG,NATIONAL FUEL GAS CO N J,0.27829
2025-12-01,46690,CBT,CABOT CORP,0.255068
2025-12-01,81677,WAB,WABTEC CORP,0.251742
2025-12-01,21906,ACT,ENACT HOLDINGS INC,0.214208
2025-12-01,62092,TMO,THERMO FISHER SCIENTIFIC INC,0.190172
2025-12-01,11018,FBP,FIRST BANCORP P R,0.005555
2025-12-01,19593,MIR,MIRION TECHNOLOGIES INC,-0.067999
2025-12-01,64936,D,DOMINION ENERGY INC,-0.069795
2025-12-01,21928,IDA,IDACORP INC,-0.072382
2025-12-01,63467,BRO,BROWN & BROWN INC,-0.096235
2025-12-01,55511,TXNM,T X N M ENERGY INC,-0.136113
2025-12-01,21890,BROS,DUTCH BROS INC,-0.401689
2025-12-01,88615,ITGR,INTEGER HOLDINGS CORP,-0.55652
2025-12-01,27887,BAX,BAXTER INTERNATIONAL INC,-0.593402
2025-12-01,11644,CRK,COMSTOCK RESOURCES INC,-0.617952
2025-12-01,16655,CVNA,CARVANA CO,-0.623491
2025-12-01,89031,AXON,AXON ENTERPRISE INC,-0.640488
2025-12-01,77357,SNPS,SYNOPSYS INC,-0.65012
2025-12-01,18835,DKNG,DRAFTKINGS INC,-0.683532
2025-12-01,86288,CSGP,COSTAR GROUP INC,-0.712287
2025-12-01,90520,CE,CELANESE CORP DEL,-0.71413
2025-12-01,17144,GIS,GENERAL MILLS INC,-0.718574
2025-12-01,59328,INTC,INTEL CORP,-0.745826
2025-12-01,17341,ZS,ZSCALER INC,-0.756485
2025-12-01,66376,WSO,WATSCO INC,-0.763487
2025-12-01,91041,LYV,LIVE NATION ENTERTAINMENT INC,-0.781378
2025-12-01,63773,TDS,TELEPHONE & DATA SYSTEMS INC,-0.781787
2025-12-01,12473,KNX,KNIGHT SWIFT TRANSPORT HDLGS INC,-0.783865
2025-12-01,81540,COR,CENCORA INC,-0.785322
2025-12-01,18909,NET,CLOUDFLARE INC,-0.787395
2025-12-01,19561,BA,BOEING CO,-0.797077
2025-12-01,20126,JOBY,JOBY AVIATION INC,-0.829168
2025-12-01,20648,RBLX,ROBLOX CORP,-0.832637
2025-12-01,87430,KTOS,KRATOS DEFENSE & SECUR SOLS INC,-0.836944
2025-12-01,21415,S,SENTINELONE INC,-0.850852
2025-12-01,13511,PANW,PALO ALTO NETWORKS INC,-0.860274
2025-12-01,90312,WLK,WESTLAKE CORP,-0.868416
2025-12-01,80286,TSCO,TRACTOR SUPPLY CO NEW,-0.881958
2025-12-01,81584,CBZ,CBIZ INC,-0.882443
2025-12-01,15535,OLLI,OLLIES BARGAIN OUTLET HLD INC,-0.88868
2025-12-01,21352,FA,FIRST ADVANTAGE CORP,-0.895831
2025-12-01,21608,GXO,G X O LOGISTICS INC,-0.899674
2025-12-01,12591,APO,APOLLO GLOBAL MANAGEMENT INC NEW,-0.901846
2025-12-01,90776,WAL,WESTERN ALLIANCE BANCORPORATION,-0.906279
2025-12-01,84319,LAD,LITHIA MOTORS INC,-0.931286
2025-12-01,18726,CRWD,CROWDSTRIKE HOLDINGS INC,-0.93465
2025-12-01,14472,VRNS,VARONIS SYSTEMS INC,-0.935677
2025-12-01,93436,TSLA,TESLA INC,-0.939186
2025-12-01,12400,LPLA,L P L FINANCIAL HOLDINGS INC,-0.941375
2025-12-01,91575,HRI,HERC HOLDINGS INC,-0.942219
2025-12-01,84761,TTWO,TAKE TWO INTERACTIVE SOFTWR INC,-0.946316
2025-12-01,17039,CNR,CORE NATURAL RESOURCES INC,-0.953357
2025-12-01,87356,TKO,T K O GROUP HOLDINGS INC,-0.953878
2025-12-01,92729,JBTM,J B T MAREL CORP,-0.971237
2025-12-01,22618,TPG,T P G INC,-0.977057
2025-12-01,63125,AGYS,AGILYSYS INC,-0.977061
2025-12-01,77702,SBUX,STARBUCKS CORP,-0.977503
2025-12-01,79839,ITRI,ITRON INC,-0.98413
2025-12-01,90175,XPO,X P O INC,-0.984407
2025-12-01,83509,FCN,F T I CONSULTING INC,-0.985716
2025-12-01,79864,VSEC,V S E CORP,-0.994276
2025-12-01,20067,SOFI,SOFI TECHNOLOGIES INC,-0.998336
2025-12-01,14401,OGS,ONE GAS INC,-1.0
2025-12-01,14436,RARE,ULTRAGENYX PHARMACEUTICALS INC,-1.0
2025-12-01,14558,ALLY,ALLY FINANCIAL INC,-1.0
2025-12-01,14773,PARR,PAR PACIFIC HOLDINGS INC,-1.0
2025-12-01,14823,OCUL,OCULAR THERAPEUTIX INC,-1.0
2025-12-01,15649,MSGS,MADISON SQUARE GARD SPORTS CORP,-1.0
2025-12-01,15831,AXSM,AXSOME THERAPEUTICS INC,-1.0
2025-12-01,16263,PTGX,PROTAGONIST THERAPEUTICS INC,-1.0
2025-12-01,16386,IRTC,IRHYTHM TECHNOLOGIES INC,-1.0
2025-12-01,16600,HSY,HERSHEY CO,-1.0
2025-12-01,16653,HCC,WARRIOR MET COAL INC,-1.0
2025-12-01,17000,RYTM,RHYTHM PHARMACEUTICALS INC,-1.0
2025-12-01,17374,RCUS,ARCUS BIOSCIENCES INC,-1.0
2025-12-01,18428,DOW,DOW INC,-1.0
2025-12-01,18575,PSN,PARSONS CORP,-1.0
2025-12-01,18656,IDYA,IDEAYA BIOSCIENCES INC,-1.0
2025-12-01,18776,IMVT,IMMUNOVANT INC,-1.0
2025-12-01,19201,RVMD,REVOLUTION MEDICINES INC,-1.0
2025-12-01,19484,PCVX,VAXCYTE INC,-1.0
2025-12-01,19577,RKT,ROCKET COMPANIES INC,-1.0
2025-12-01,19628,IRON,DISC MEDICINE INC,-1.0
2025-12-01,19655,STEP,STEPSTONE GROUP INC,-1.0
2025-12-01,19849,SMMT,SUMMIT THERAPEUTICS INC,-1.0
2025-12-01,19854,EBC,EASTERN BANKSHARES INC,-1.0
2025-12-01,20138,CMPO,COMPOSECURE INC,-1.0
2025-12-01,20512,CACI,CACI INTERNATIONAL INC,-1.0
2025-12-01,20916,COMP,COMPASS INC,-1.0
2025-12-01,21017,ALKT,ALKAMI TECHNOLOGY INC,-1.0
2025-12-01,21237,PCOR,PROCORE TECHNOLOGIES INC,-1.0
2025-12-01,21605,RYAN,RYAN SPECIALTY HOLDINGS INC,-1.0
2025-12-01,21747,NUVL,NUVALENT INC,-1.0
2025-12-01,21792,CNP,CENTERPOINT ENERGY INC,-1.0
2025-12-01,21927,DJT,TRUMP MEDIA & TECH GRP CORP,-1.0
2025-12-01,23147,IE,IVANHOE ELECTRIC INC,-1.0
2025-12-01,27991,PNW,PINNACLE WEST CAPITAL CORP,-1.0
2025-12-01,32707,HP,HELMERICH & PAYNE INC,-1.0
2025-12-01,42585,SJM,SMUCKER J M CO,-1.0
2025-12-01,52708,LEN,LENNAR CORP,-1.0
2025-12-01,58683,LUV,SOUTHWEST AIRLINES CO,-1.0
2025-12-01,61567,HXL,HEXCEL CORP NEW,-1.0
2025-12-01,75342,MTH,MERITAGE HOMES CORP,-1.0
2025-12-01,76661,IONS,IONIS PHARMACEUTICALS INC,-1.0
2025-12-01,76672,RDNT,RADNET INC,-1.0
2025-12-01,76868,AAON,AAON INC,-1.0
2025-12-01,85464,CWST,CASELLA WASTE SYSTEMS INC,-1.0
2025-12-01,86136,SRE,SEMPRA ENERGY,-1.0
2025-12-01,88351,INSM,INSMED INC,-1.0
2025-12-01,88504,BRKR,BRUKER CORP,-1.0
2025-12-01,88863,EXAS,EXACT SCIENCES CORP,-1.0
2025-12-01,89971,SGI,SOMNIGROUP INTERNATIONAL INC,-1.0
2025-12-01,90444,ORA,ORMAT TECHNOLOGIES INC,-1.0
2025-12-01,90988,BKD,BROOKDALE SENIOR LIVING INC,-1.0
2025-12-01,91402,GTLS,CHART INDUSTRIES INC,-1.0
2025-12-01,91611,FSLR,FIRST SOLAR INC,-1.0
2025-12-01,91733,AVAV,AEROVIRONMENT INC,-1.0
2025-12-01,92040,FOLD,AMICUS THERAPEUTICS INC,-1.0
2025-12-01,92294,UEC,URANIUM ENERGY CORP,-1.0
2026-01-01,10696,FISV,FISERV INC,1.0
2026-01-01,13543,GMED,GLOBUS MEDICAL INC,1.0
2026-01-01,14593,AAPL,APPLE INC,1.0
2026-01-01,16126,AZZ,A Z Z INC,1.0
2026-01-01,16560,REVG,R E V GROUP INC,1.0
2026-01-01,16631,VRRM,VERRA MOBILITY CORP,1.0
2026-01-01,16967,CARG,CARGURUS INC,1.0
2026-01-01,18065,GTX,GARRETT MOTION INC,1.0
2026-01-01,18563,PLMR,PALOMAR HOLDINGS INC,1.0
2026-01-01,18973,BRC,BRADY CORP,1.0
2026-01-01,20894,APP,APPLOVIN CORP,1.0
2026-01-01,21207,NEM,NEWMONT CORP,1.0
2026-01-01,22752,MRK,MERCK & CO INC NEW,1.0
2026-01-01,29612,AIT,APPLIED INDUSTRIAL TECHS INC,1.0
2026-01-01,30940,FLS,FLOWSERVE CORP,1.0
2026-01-01,36281,SEB,SEABOARD CORP,1.0
2026-01-01,41355,PH,PARKER HANNIFIN CORP,1.0
2026-01-01,46886,KLAC,K L A CORP,1.0
2026-01-01,48486,LRCX,LAM RESH CORP,1.0
2026-01-01,49680,DHR,DANAHER CORP,1.0
2026-01-01,50876,LLY,LILLY ELI & CO,1.0
2026-01-01,76128,VICR,VICOR CORP,1.0
2026-01-01,76573,MLI,MUELLER INDUSTRIES INC,1.0
2026-01-01,76709,IDXX,I D E X X LABORATORIES INC,1.0
2026-01-01,79637,UHS,UNIVERSAL HEALTH SERVICES INC,1.0
2026-01-01,80128,VMI,VALMONT INDUSTRIES INC,1.0
2026-01-01,82702,AMRX,AMNEAL PHARMACEUTICALS INC,1.0
2026-01-01,85072,RL,RALPH LAUREN CORP,1.0
2026-01-01,85593,AMG,AFFILIATED MANAGERS GROUP INC,1.0
2026-01-01,86102,FHI,FEDERATED HERMES INC,1.0
2026-01-01,88664,JKHY,HENRY JACK & ASSOC INC,1.0
2026-01-01,88860,ALGN,ALIGN TECHNOLOGY INC,1.0
2026-01-01,88873,GPN,GLOBAL PAYMENTS INC,1.0
2026-01-01,89964,NNI,NELNET INC,1.0
2026-01-01,90249,ENS,ENERSYS,1.0
2026-01-01,90319,GOOGL,ALPHABET INC,1.0
2026-01-01,90377,ONTO,ONTO INNOVATION INC,1.0
2026-01-01,91233,MA,MASTERCARD INC,1.0
2026-01-01,91234,MWA,MUELLER WATER PRODUCTS INC,1.0
2026-01-01,91413,EVR,EVERCORE INC,1.0
2026-01-01,87137,DVN,DEVON ENERGY CORP NEW,0.991829
2026-01-01,76095,HOLX,HOLOGIC INC,0.99047
2026-01-01,10421,SKYW,SKYWEST INC,0.985939
2026-01-01,16738,AM,ANTERO MIDSTREAM CORP,0.984658
2026-01-01,75510,ADBE,ADOBE INC,0.98283
2026-01-01,75603,CRUS,CIRRUS LOGIC INC,0.981583
2026-01-01,79758,BYD,BOYD GAMING CORP,0.978739
2026-01-01,77274,GILD,GILEAD SCIENCES INC,0.978671
2026-01-01,48725,UNP,UNION PACIFIC CORP,0.975067
2026-01-01,91516,AWI,ARMSTRONG WORLD INDS INC NEW,0.967481
2026-01-01,68196,SEIC,S E I INVESTMENTS CO,0.963407
2026-01-01,89525,CMCSA,COMCAST CORP NEW,0.952267
2026-01-01,18592,CTVA,CORTEVA INC,0.950609
2026-01-01,85645,INGR,INGREDION INC,0.949384
2026-01-01,26403,DIS,DISNEY WALT CO,0.945726
2026-01-01,77178,QCOM,QUALCOMM INC,0.944399
2026-01-01,85621,MTD,METTLER TOLEDO INTERNATIONAL INC,0.940986
2026-01-01,18424,LEVI,LEVI STRAUSS & CO,0.938316
2026-01-01,14318,NMIH,N M I HOLDINGS INC,0.938051
2026-01-01,11995,COKE,COCA COLA CONSOLIDATED INC,0.937652
2026-01-01,77605,BSX,BOSTON SCIENTIFIC CORP,0.935542
2026-01-01,12570,ITT,I T T INC,0.933397
2026-01-01,75912,PTC,P T C INC,0.932362
2026-01-01,83779,PEGA,PEGASYSTEMS INC,0.932291
2026-01-01,76708,ATGE,ADTALEM GLOBAL EDUCATION INC,0.9316
2026-01-01,12622,HCA,H C A HEALTHCARE INC,0.916751
2026-01-01,85631,ADSK,AUTODESK INC,0.915624
2026-01-01,86580,NVDA,NVIDIA CORP,0.915186
2026-01-01,17223,ADT,A D T INC,0.913196
2026-01-01,90436,HALO,HALOZYME THERAPEUTICS INC,0.908084
2026-01-01,65700,USLM,UNITED STATES LIME MINERALS INC,0.901838
2026-01-01,46463,GFF,GRIFFON CORP,0.895779
2026-01-01,11581,EPAC,ENERPAC TOOL GROUP CORP,0.89234
2026-01-01,76478,ESE,E S C O TECHNOLOGIES INC,0.884493
2026-01-01,79668,BDC,BELDEN INC NEW,0.88419
2026-01-01,87432,A,AGILENT TECHNOLOGIES INC,0.883323
2026-01-01,92852,LOPE,GRAND CANYON EDUCATION INC,0.877433
2026-01-01,91531,OC,OWENS CORNING NEW,0.873286
2026-01-01,84827,RMBS,RAMBUS INC,0.873244
2026-01-01,13788,ZTS,ZOETIS INC,0.867475
2026-01-01,18064,FTDR,FRONTDOOR INC,0.848837
2026-01-01,15623,HLI,HOULIHAN LOKEY INC,0.842862
2026-01-01,13963,NWSA,NEWS CORP NEW,0.842086
2026-01-01,13407,META,META PLATFORMS INC,0.840215
2026-01-01,90550,DLB,DOLBY LABORATORIES INC,0.834156
2026-01-01,85753,VRSN,VERISIGN INC,0.828962
2026-01-01,10693,EHC,ENCOMPASS HEALTH CORP,0.828538
2026-01-01,42550,NEU,NEWMARKET CORP,0.824871
2026-01-01,65307,RPM,R P M INTERNATIONAL INC,0.82289
2026-01-01,20482,ABT,ABBOTT LABORATORIES,0.817135
2026-01-01,84723,LNG,CHENIERE ENERGY INC,0.785638
2026-01-01,83601,WOR,WORTHINGTON ENTERPRISES INC,0.778035
2026-01-01,87657,EW,EDWARDS LIFESCIENCES CORP,0.775971
2026-01-01,14702,AMAT,APPLIED MATERIALS INC,0.771094
2026-01-01,92221,MELI,MERCADOLIBRE INC,0.754742
2026-01-01,90215,CRM,SALESFORCE INC,0.750916
2026-01-01,34032,MAS,MASCO CORP,0.732804
2026-01-01,21357,DOCS,DOXIMITY INC,0.707723
2026-01-01,13046,UI,UBIQUITI INC,0.698822
2026-01-01,64282,BBWI,BATH & BODY WORKS INC,0.686936
2026-01-01,79133,ATR,APTARGROUP INC,0.68193
2026-01-01,82775,HIG,HARTFORD INSURANCE GROUP INC,0.663842
2026-01-01,89792,CVCO,CAVCO INDUSTRIES INC DEL,0.652095
2026-01-01,19455,OPEN,OPENDOOR TECHNOLOGIES INC,0.625512
2026-01-01,17332,VCTR,VICTORY CAPITAL HOLDINGS INC,0.5993
2026-01-01,90708,MORN,MORNINGSTAR INC,0.589781
2026-01-01,80864,RS,RELIANCE INC,0.575277
2026-01-01,93002,AVGO,BROADCOM INC,0.52561
2026-01-01,82694,EME,EMCOR GROUP INC,0.490647
2026-01-01,92402,MSCI,M S C I INC,0.423129
2026-01-01,25590,NFG,NATIONAL FUEL GAS CO N J,0.271159
2026-01-01,46690,CBT,CABOT CORP,0.269395
2026-01-01,81677,WAB,WABTEC CORP,0.202649
2026-01-01,62092,TMO,THERMO FISHER SCIENTIFIC INC,0.186054
2026-01-01,21906,ACT,ENACT HOLDINGS INC,0.119085
2026-01-01,11018,FBP,FIRST BANCORP P R,0.005807
2026-01-01,19593,MIR,MIRION TECHNOLOGIES INC,-0.060992
2026-01-01,64936,D,DOMINION ENERGY INC,-0.065673
2026-01-01,21928,IDA,IDACORP INC,-0.069288
2026-01-01,63467,BRO,BROWN & BROWN INC,-0.095061
2026-01-01,55511,TXNM,T X N M ENERGY INC,-0.136689
2026-01-01,23931,XEL,X C E L ENERGY INC,-0.240177
2026-01-01,80286,TSCO,TRACTOR SUPPLY CO NEW,-0.249719
2026-01-01,84348,VSAT,VIASAT INC,-0.392339
2026-01-01,60599,LUMN,LUMEN TECHOLOGIES INC,-0.447407
2026-01-01,11644,CRK,COMSTOCK RESOURCES INC,-0.531356
2026-01-01,88615,ITGR,INTEGER HOLDINGS CORP,-0.602968
2026-01-01,27887,BAX,BAXTER INTERNATIONAL INC,-0.603262
2026-01-01,89031,AXON,AXON ENTERPRISE INC,-0.671438
2026-01-01,17341,ZS,ZSCALER INC,-0.67417
2026-01-01,59328,INTC,INTEL CORP,-0.676193
2026-01-01,86288,CSGP,COSTAR GROUP INC,-0.693909
2026-01-01,17144,GIS,GENERAL MILLS INC,-0.703428
2026-01-01,20648,RBLX,ROBLOX CORP,-0.707368
2026-01-01,81540,COR,CENCORA INC,-0.716495
2026-01-01,90520,CE,CELANESE CORP DEL,-0.722699
2026-01-01,18575,PSN,PARSONS CORP,-0.726679
2026-01-01,77357,SNPS,SYNOPSYS INC,-0.72851
2026-01-01,66376,WSO,WATSCO INC,-0.74027
2026-01-01,18909,NET,CLOUDFLARE INC,-0.772898
2026-01-01,52708,LEN,LENNAR CORP,-0.779813
2026-01-01,15535,OLLI,OLLIES BARGAIN OUTLET HLD INC,-0.78845
2026-01-01,63773,TDS,TELEPHONE & DATA SYSTEMS INC,-0.794357
2026-01-01,13511,PANW,PALO ALTO NETWORKS INC,-0.830753
2026-01-01,91041,LYV,LIVE NATION ENTERTAINMENT INC,-0.844619
2026-01-01,18726,CRWD,CROWDSTRIKE HOLDINGS INC,-0.857567
2026-01-01,20067,SOFI,SOFI TECHNOLOGIES INC,-0.8763
2026-01-01,21605,RYAN,RYAN SPECIALTY HOLDINGS INC,-0.885972
2026-01-01,12473,KNX,KNIGHT SWIFT TRANSPORT HDLGS INC,-0.895459
2026-01-01,17374,RCUS,ARCUS BIOSCIENCES INC,-0.9099
2026-01-01,81584,CBZ,CBIZ INC,-0.911393
2026-01-01,19561,BA,BOEING CO,-0.913176
2026-01-01,14401,OGS,ONE GAS INC,-0.919371
2026-01-01,79839,ITRI,ITRON INC,-0.919644
2026-01-01,14472,VRNS,VARONIS SYSTEMS INC,-0.925111
2026-01-01,21608,GXO,G X O LOGISTICS INC,-0.93055
2026-01-01,90776,WAL,WESTERN ALLIANCE BANCORPORATION,-0.931679
2026-01-01,21352,FA,FIRST ADVANTAGE CORP,-0.934982
2026-01-01,42585,SJM,SMUCKER J M CO,-0.935729
2026-01-01,86136,SRE,SEMPRA ENERGY,-0.935746
2026-01-01,90175,XPO,X P O INC,-0.938712
2026-01-01,16386,IRTC,IRHYTHM TECHNOLOGIES INC,-0.940653
2026-01-01,12400,LPLA,L P L FINANCIAL HOLDINGS INC,-0.941419
2026-01-01,77702,SBUX,STARBUCKS CORP,-0.941905
2026-01-01,79864,VSEC,V S E CORP,-0.950224
2026-01-01,91611,FSLR,FIRST SOLAR INC,-0.95404
2026-01-01,21792,CNP,CENTERPOINT ENERGY INC,-0.955852
2026-01-01,90312,WLK,WESTLAKE CORP,-0.958379
2026-01-01,16600,HSY,HERSHEY CO,-0.96444
2026-01-01,61567,HXL,HEXCEL CORP NEW,-0.966308
2026-01-01,18656,IDYA,IDEAYA BIOSCIENCES INC,-0.967395
2026-01-01,84319,LAD,LITHIA MOTORS INC,-0.967776
2026-01-01,89971,SGI,SOMNIGROUP INTERNATIONAL INC,-0.972397
2026-01-01,27991,PNW,PINNACLE WEST CAPITAL CORP,-0.9731
2026-01-01,90444,ORA,ORMAT TECHNOLOGIES INC,-0.975263
2026-01-01,18428,DOW,DOW INC,-0.977166
2026-01-01,93436,TSLA,TESLA INC,-0.978932
2026-01-01,21237,PCOR,PROCORE TECHNOLOGIES INC,-0.97905
2026-01-01,84761,TTWO,TAKE TWO INTERACTIVE SOFTWR INC,-0.98166
2026-01-01,19854,EBC,EASTERN BANKSHARES INC,-0.982391
2026-01-01,12591,APO,APOLLO GLOBAL MANAGEMENT INC NEW,-0.98733
2026-01-01,14823,OCUL,OCULAR THERAPEUTIX INC,-0.99605
2026-01-01,11499,CECO,C E C O ENVIRONMENTAL CORP,-1.0
2026-01-01,13410,SUPN,SUPERNUS PHARMACEUTICALS INC,-1.0
2026-01-01,14436,RARE,ULTRAGENYX PHARMACEUTICALS INC,-1.0
2026-01-01,14558,ALLY,ALLY FINANCIAL INC,-1.0
2026-01-01,14708,VRDN,VIRIDIAN THERAPEUTICS INC,-1.0
2026-01-01,15649,MSGS,MADISON SQUARE GARD SPORTS CORP,-1.0
2026-01-01,15831,AXSM,AXSOME THERAPEUTICS INC,-1.0
2026-01-01,16653,HCC,WARRIOR MET COAL INC,-1.0
2026-01-01,16680,QXO,Q X O INC,-1.0
2026-01-01,17000,RYTM,RHYTHM PHARMACEUTICALS INC,-1.0
2026-01-01,17039,CNR,CORE NATURAL RESOURCES INC,-1.0
2026-01-01,18770,BBIO,BRIDGEBIO PHARMA INC,-1.0
2026-01-01,18776,IMVT,IMMUNOVANT INC,-1.0
2026-01-01,18835,DKNG,DRAFTKINGS INC,-1.0
2026-01-01,19201,RVMD,REVOLUTION MEDICINES INC,-1.0
2026-01-01,19484,PCVX,VAXCYTE INC,-1.0
2026-01-01,19488,RNA,AVIDITY BIOSCIENCES INC,-1.0
2026-01-01,19577,RKT,ROCKET COMPANIES INC,-1.0
2026-01-01,19628,IRON,DISC MEDICINE INC,-1.0
2026-01-01,19655,STEP,STEPSTONE GROUP INC,-1.0
2026-01-01,19849,SMMT,SUMMIT THERAPEUTICS INC,-1.0
2026-01-01,19930,CCC,C C C INTEL SOLUTIONS HLDGS INC,-1.0
2026-01-01,20126,JOBY,JOBY AVIATION INC,-1.0
2026-01-01,20138,CMPO,COMPOSECURE INC,-1.0
2026-01-01,20916,COMP,COMPASS INC,-1.0
2026-01-01,21017,ALKT,ALKAMI TECHNOLOGY INC,-1.0
2026-01-01,21573,IP,INTERNATIONAL PAPER CO,-1.0
2026-01-01,21747,NUVL,NUVALENT INC,-1.0
2026-01-01,21898,CWAN,CLEARWATER ANALYTICS HLDGS INC,-1.0
2026-01-01,21927,DJT,TRUMP MEDIA & TECH GRP CORP,-1.0
2026-01-01,22618,TPG,T P G INC,-1.0
2026-01-01,23147,IE,IVANHOE ELECTRIC INC,-1.0
2026-01-01,32707,HP,HELMERICH & PAYNE INC,-1.0
2026-01-01,75342,MTH,MERITAGE HOMES CORP,-1.0
2026-01-01,76661,IONS,IONIS PHARMACEUTICALS INC,-1.0
2026-01-01,76868,AAON,AAON INC,-1.0
2026-01-01,83509,FCN,F T I CONSULTING INC,-1.0
2026-01-01,85464,CWST,CASELLA WASTE SYSTEMS INC,-1.0
2026-01-01,87430,KTOS,KRATOS DEFENSE & SECUR SOLS INC,-1.0
2026-01-01,88351,INSM,INSMED INC,-1.0
2026-01-01,88504,BRKR,BRUKER CORP,-1.0
2026-01-01,90988,BKD,BROOKDALE SENIOR LIVING INC,-1.0
2026-01-01,91402,GTLS,CHART INDUSTRIES INC,-1.0
2026-01-01,91575,HRI,HERC HOLDINGS INC,-1.0
2026-01-01,91612,GSAT,GLOBALSTAR INC,-1.0
2026-01-01,91733,AVAV,AEROVIRONMENT INC,-1.0
2026-01-01,92040,FOLD,AMICUS THERAPEUTICS INC,-1.0
2026-01-01,92294,UEC,URANIUM ENERGY CORP,-1.0
2026-01-01,92729,JBTM,J B T MAREL CORP,-1.0
2026-02-01,13543,GMED,GLOBUS MEDICAL INC,1.0
2026-02-01,14593,AAPL,Apple Inc.,1.0
2026-02-01,16126,AZZ,AZZ INC,1.0
2026-02-01,16260,,,1.0
2026-02-01,16738,,,1.0
2026-02-01,16967,,,1.0
2026-02-01,17223,,,1.0
2026-02-01,18065,,,1.0
2026-02-01,18592,,,1.0
2026-02-01,18973,,,1.0
2026-02-01,19635,HRMY,"Harmony Biosciences Holdings, Inc.",1.0
2026-02-01,21207,,,1.0
2026-02-01,22752,,,1.0
2026-02-01,29612,,,1.0
2026-02-01,30940,,,1.0
2026-02-01,36281,,,1.0
2026-02-01,41355,PH,Parker-Hannifin Corp,1.0
2026-02-01,46886,KLAC,KLA CORP,1.0
2026-02-01,48486,LRCX,LAM RESEARCH CORP,1.0
2026-02-01,60628,FDX,FEDEX CORP,1.0
2026-02-01,68196,SEIC,SEI INVESTMENTS CO,1.0
2026-02-01,75510,ADBE,ADOBE INC.,1.0
2026-02-01,75603,,,1.0
2026-02-01,75912,,,1.0
2026-02-01,76123,,,1.0
2026-02-01,76128,,,1.0
2026-02-01,76478,,,1.0
2026-02-01,76573,,,1.0
2026-02-01,76709,IDXX,IDEXX LABORATORIES INC /DE,1.0
2026-02-01,77274,,,1.0
2026-02-01,79637,,,1.0
2026-02-01,80128,,,1.0
2026-02-01,82702,AMRX,"Amneal Pharmaceuticals, Inc.",1.0
2026-02-01,84827,,,1.0
2026-02-01,85593,,,1.0
2026-02-01,85621,MTD,METTLER TOLEDO INTERNATIONAL INC/,1.0
2026-02-01,85645,INGR,Ingredion Inc,1.0
2026-02-01,86102,FHI,"FEDERATED HERMES, INC.",1.0
2026-02-01,86580,NVDA,NVIDIA CORP,1.0
2026-02-01,87137,,,1.0
2026-02-01,88860,,,1.0
2026-02-01,89525,CMCSA,COMCAST CORP,1.0
2026-02-01,89964,NNI,NELNET INC,1.0
2026-02-01,90249,,,1.0
2026-02-01,90319,,,1.0
2026-02-01,91233,MA,Mastercard Inc,1.0
2026-02-01,91234,,,1.0
2026-02-01,91392,,,1.0
2026-02-01,91413,,,1.0
2026-02-01,85072,RL,RALPH LAUREN CORP,0.996434
2026-02-01,76095,,,0.993349
2026-02-01,46463,,,0.98796
2026-02-01,88664,JKHY,JACK HENRY & ASSOCIATES INC,0.97908
2026-02-01,12570,,,0.977883
2026-02-01,79758,BYD,BOYD GAMING CORP,0.967765
2026-02-01,90436,HALO,"HALOZYME THERAPEUTICS, INC.",0.964864
2026-02-01,14702,,,0.964802
2026-02-01,50876,,,0.962078
2026-02-01,12622,HCA,"HCA Healthcare, Inc.",0.956043
2026-02-01,49680,DHR,DANAHER CORP /DE/,0.953186
2026-02-01,10696,,,0.945787
2026-02-01,10421,SKYW,SKYWEST INC,0.944785
2026-02-01,11581,,,0.939134
2026-02-01,26403,,,0.934825
2026-02-01,76708,ATGE,Adtalem Global Education Inc.,0.929526
2026-02-01,11995,,,0.928803
2026-02-01,91516,AWI,ARMSTRONG WORLD INDUSTRIES INC,0.927317
2026-02-01,88873,GPN,GLOBAL PAYMENTS INC,0.923873
2026-02-01,77605,BSX,BOSTON SCIENTIFIC CORP,0.914878
2026-02-01,92852,,,0.914528
2026-02-01,18563,,,0.914112
2026-02-01,13407,META,"Meta Platforms, Inc.",0.909498
2026-02-01,65700,,,0.905082
2026-02-01,18424,LEVI,LEVI STRAUSS & CO,0.896593
2026-02-01,79668,BDC,BELDEN INC.,0.888821
2026-02-01,14318,,,0.887633
2026-02-01,13963,,,0.868897
2026-02-01,87432,,,0.867763
2026-02-01,18064,,,0.867184
2026-02-01,13788,,,0.861679
2026-02-01,16631,,,0.858223
2026-02-01,84723,LNG,"Cheniere Energy, Inc.",0.852513
2026-02-01,65307,RPM,RPM INTERNATIONAL INC/DE/,0.847962
2026-02-01,83601,WOR,"WORTHINGTON ENTERPRISES, INC.",0.836049
2026-02-01,77178,QCOM,QUALCOMM INC/DE,0.834124
2026-02-01,90550,DLB,"Dolby Laboratories, Inc.",0.831263
2026-02-01,85753,,,0.830842
2026-02-01,15623,HLI,"HOULIHAN LOKEY, INC.",0.81193
2026-02-01,42550,,,0.802629
2026-02-01,92221,,,0.802512
2026-02-01,85631,ADSK,"Autodesk, Inc.",0.779435
2026-02-01,19455,OPEN,Opendoor Technologies Inc.,0.777205
2026-02-01,34032,MAS,MASCO CORP /DE/,0.760975
2026-02-01,64282,,,0.743716
2026-02-01,87657,EW,Edwards Lifesciences Corp,0.738235
2026-02-01,10693,,,0.736742
2026-02-01,20894,,,0.699131
2026-02-01,79133,,,0.696602
2026-02-01,13046,,,0.694288
2026-02-01,83779,PEGA,PEGASYSTEMS INC,0.679614
2026-02-01,80864,,,0.654465
2026-02-01,82775,HIG,"HARTFORD INSURANCE GROUP, INC.",0.64865
2026-02-01,21357,,,0.630339
2026-02-01,90215,,,0.599506
2026-02-01,90708,MORN,"Morningstar, Inc.",0.548008
2026-02-01,89792,CVCO,"CAVCO INDUSTRIES, INC.",0.541166
2026-02-01,90377,,,0.514406
2026-02-01,93002,AVGO,Broadcom Inc.,0.501557
2026-02-01,92402,MSCI,MSCI Inc.,0.448033
2026-02-01,17332,VCTR,"Victory Capital Holdings, Inc.",0.302879
2026-02-01,46690,CBT,CABOT CORP,0.292608
2026-02-01,25590,NFG,NATIONAL FUEL GAS CO,0.282843
2026-02-01,81677,,,0.217886
2026-02-01,62092,TMO,THERMO FISHER SCIENTIFIC INC.,0.185226
2026-02-01,21906,,,0.119118
2026-02-01,87179,,,0.01898
2026-02-01,11018,,,0.006179
2026-02-01,19593,,,-0.064507
2026-02-01,64936,D,"DOMINION ENERGY, INC",-0.067247
2026-02-01,21928,,,-0.072491
2026-02-01,63467,BRO,"BROWN & BROWN, INC.",-0.085711
2026-02-01,55511,TXNM,TXNM ENERGY INC,-0.137353
2026-02-01,23931,XEL,XCEL ENERGY INC,-0.24661
2026-02-01,80286,TSCO,TRACTOR SUPPLY CO /DE/,-0.253315
2026-02-01,21237,,,-0.393287
2026-02-01,60599,LUMN,"Lumen Technologies, Inc.",-0.506525
2026-02-01,84348,VSAT,VIASAT INC,-0.513099
2026-02-01,89971,SGI,SOMNIGROUP INTERNATIONAL INC.,-0.538334
2026-02-01,89031,,,-0.5697
2026-02-01,20648,,,-0.571943
2026-02-01,17341,ZS,"Zscaler, Inc.",-0.597482
2026-02-01,27887,,,-0.631758
2026-02-01,86288,CSGP,"COSTAR GROUP, INC.",-0.632591
2026-02-01,18909,,,-0.692957
2026-02-01,17144,GIS,GENERAL MILLS INC,-0.707258
2026-02-01,81584,CBZ,"CBIZ, Inc.",-0.708135
2026-02-01,77357,,,-0.719182
2026-02-01,90520,CE,Celanese Corp,-0.757452
2026-02-01,81540,COR,"Cencora, Inc.",-0.759892
2026-02-01,20067,SOFI,"SoFi Technologies, Inc.",-0.76087
2026-02-01,15535,,,-0.79112
2026-02-01,18835,,,-0.795317
2026-02-01,13511,PANW,Palo Alto Networks Inc,-0.795653
2026-02-01,20126,JOBY,"Joby Aviation, Inc.",-0.797758
2026-02-01,17374,,,-0.80064
2026-02-01,18726,,,-0.80495
2026-02-01,16386,,,-0.816273
2026-02-01,18575,PSN,PARSONS CORP,-0.821625
2026-02-01,21605,,,-0.825828
2026-02-01,52708,,,-0.82716
2026-02-01,14472,,,-0.83885
2026-02-01,14401,OGS,"ONE Gas, Inc.",-0.83977
2026-02-01,84761,,,-0.84172
2026-02-01,59328,INTC,INTEL CORP,-0.849535
2026-02-01,66376,,,-0.853475
2026-02-01,91041,,,-0.85957
2026-02-01,21352,FA,FIRST ADVANTAGE CORP,-0.865898
2026-02-01,63773,TDS,TELEPHONE & DATA SYSTEMS INC /DE/,-0.871991
2026-02-01,18656,IDYA,"IDEAYA Biosciences, Inc.",-0.897892
2026-02-01,21017,,,-0.915509
2026-02-01,86136,SRE,SEMPRA,-0.919373
2026-02-01,22618,TPG,TPG Inc.,-0.919776
2026-02-01,93436,TSLA,"Tesla, Inc.",-0.933962
2026-02-01,88504,BRKR,BRUKER CORP,-0.93714
2026-02-01,84319,,,-0.938984
2026-02-01,12473,KNX,Knight-Swift Transportation Holdings Inc.,-0.941074
2026-02-01,19930,,,-0.950459
2026-02-01,17000,RYTM,"RHYTHM PHARMACEUTICALS, INC.",-0.954773
2026-02-01,12400,LPLA,LPL Financial Holdings Inc.,-0.957915
2026-02-01,21927,DJT,Trump Media & Technology Group Corp.,-0.962257
2026-02-01,91575,HRI,HERC HOLDINGS INC,-0.963033
2026-02-01,13410,SUPN,"SUPERNUS PHARMACEUTICALS, INC.",-0.966014
2026-02-01,79839,,,-0.978485
2026-02-01,90776,WAL,WESTERN ALLIANCE BANCORPORATION,-0.985181
2026-02-01,21898,,,-0.995756
2026-02-01,21608,GXO,"GXO Logistics, Inc.",-0.997585
2026-02-01,11499,,,-1.0
2026-02-01,14436,RARE,Ultragenyx Pharmaceutical Inc.,-1.0
2026-02-01,14708,,,-1.0
2026-02-01,15303,,,-1.0
2026-02-01,15649,,,-1.0
2026-02-01,15831,AXSM,"Axsome Therapeutics, Inc.",-1.0
2026-02-01,16600,,,-1.0
2026-02-01,16653,HCC,"WARRIOR MET COAL, INC.",-1.0
2026-02-01,16680,QXO,"QXO, Inc.",-1.0
2026-02-01,16923,,,-1.0
2026-02-01,17039,CNR,"Core Natural Resources, Inc.",-1.0
2026-02-01,17366,,,-1.0
2026-02-01,18428,DOW,DOW INC.,-1.0
2026-02-01,18770,BBIO,"BridgeBio Pharma, Inc.",-1.0
2026-02-01,18776,,,-1.0
2026-02-01,19002,BWIN,"Baldwin Insurance Group, Inc.",-1.0
2026-02-01,19201,,,-1.0
2026-02-01,19433,,,-1.0
2026-02-01,19484,,,-1.0
2026-02-01,19488,,,-1.0
2026-02-01,19577,,,-1.0
2026-02-01,19655,,,-1.0
2026-02-01,19849,SMMT,Summit Therapeutics Inc.,-1.0
2026-02-01,19854,EBC,"Eastern Bankshares, Inc.",-1.0
2026-02-01,19969,,,-1.0
2026-02-01,20138,CMPO,"CompoSecure, Inc.",-1.0
2026-02-01,20916,COMP,"Compass, Inc.",-1.0
2026-02-01,21573,IP,INTERNATIONAL PAPER CO /NEW/,-1.0
2026-02-01,21619,,,-1.0
2026-02-01,21747,,,-1.0
2026-02-01,22758,,,-1.0
2026-02-01,23054,,,-1.0
2026-02-01,23147,,,-1.0
2026-02-01,27991,,,-1.0
2026-02-01,32707,,,-1.0
2026-02-01,42585,,,-1.0
2026-02-01,56274,,,-1.0
2026-02-01,61567,HXL,HEXCEL CORP /DE/,-1.0
2026-02-01,75342,MTH,Meritage Homes CORP,-1.0
2026-02-01,76661,IONS,IONIS PHARMACEUTICALS INC,-1.0
2026-02-01,76868,,,-1.0
2026-02-01,77702,SBUX,STARBUCKS CORP,-1.0
2026-02-01,79864,VSEC,VSE CORP,-1.0
2026-02-01,83509,,,-1.0
2026-02-01,85464,,,-1.0
2026-02-01,87430,,,-1.0
2026-02-01,88351,INSM,INSMED Inc,-1.0
2026-02-01,90175,,,-1.0
2026-02-01,90312,WLK,WESTLAKE CORP,-1.0
2026-02-01,90444,,,-1.0
2026-02-01,90988,BKD,Brookdale Senior Living Inc.,-1.0
2026-02-01,91402,,,-1.0
2026-02-01,91612,,,-1.0
2026-02-01,91733,AVAV,AeroVironment Inc,-1.0
2026-02-01,92040,,,-1.0
2026-02-01,92294,,,-1.0
2026-02-01,92469,,,-1.0
2026-03-01,10421,,,1.0
2026-03-01,11995,COKE,"Coca-Cola Consolidated, Inc.",1.0
2026-03-01,12570,ITT,ITT INC.,1.0
2026-03-01,12622,HCA,"HCA Healthcare, Inc.",1.0
2026-03-01,13543,GMED,GLOBUS MEDICAL INC,1.0
2026-03-01,14593,AAPL,Apple Inc.,1.0
2026-03-01,14702,AMAT,APPLIED MATERIALS INC /DE,1.0
2026-03-01,16126,AZZ,AZZ INC,1.0
2026-03-01,16591,LAUR,"LAUREATE EDUCATION, INC.",1.0
2026-03-01,16631,VRRM,VERRA MOBILITY Corp,1.0
2026-03-01,16738,AM,Antero Midstream Corp,1.0
2026-03-01,17223,ADT,ADT Inc.,1.0
2026-03-01,18064,FTDR,"Frontdoor, Inc.",1.0
2026-03-01,18065,GTX,Garrett Motion Inc.,1.0
2026-03-01,18424,,,1.0
2026-03-01,18592,CTVA,"Corteva, Inc.",1.0
2026-03-01,18973,BRC,BRADY CORP,1.0
2026-03-01,20894,APP,AppLovin Corp,1.0
2026-03-01,21207,NEM,NEWMONT Corp /DE/,1.0
2026-03-01,22752,MRK,"Merck & Co., Inc.",1.0
2026-03-01,29612,,,1.0
2026-03-01,30940,FLS,FLOWSERVE CORP,1.0
2026-03-01,36281,,,1.0
2026-03-01,41355,,,1.0
2026-03-01,46463,GFF,GRIFFON CORP,1.0
2026-03-01,46886,KLAC,KLA CORP,1.0
2026-03-01,60628,FDX,FEDEX CORP,1.0
2026-03-01,75603,CRUS,"CIRRUS LOGIC, INC.",1.0
2026-03-01,75912,PTC,PTC INC.,1.0
2026-03-01,76123,JOE,ST JOE Co,1.0
2026-03-01,76128,VICR,VICOR CORP,1.0
2026-03-01,76478,ESE,ESCO TECHNOLOGIES INC,1.0
2026-03-01,77274,GILD,"GILEAD SCIENCES, INC.",1.0
2026-03-01,79637,UHS,UNIVERSAL HEALTH SERVICES INC,1.0
2026-03-01,79668,BDC,BELDEN INC.,1.0
2026-03-01,80128,VMI,VALMONT INDUSTRIES INC,1.0
2026-03-01,82702,AMRX,"Amneal Pharmaceuticals, Inc.",1.0
2026-03-01,83779,PEGA,PEGASYSTEMS INC,1.0
2026-03-01,85072,RL,RALPH LAUREN CORP,1.0
2026-03-01,85753,VRSN,VERISIGN INC/CA,1.0
2026-03-01,86102,,,1.0
2026-03-01,87137,DVN,DEVON ENERGY CORP/DE,1.0
2026-03-01,88860,ALGN,ALIGN TECHNOLOGY INC,1.0
2026-03-01,89525,CMCSA,COMCAST CORP,1.0
2026-03-01,90319,GOOGL,Alphabet Inc.,1.0
2026-03-01,91234,MWA,"Mueller Water Products, Inc.",1.0
2026-03-01,91392,TNL,Travel & Leisure Co.,1.0
2026-03-01,48486,LRCX,LAM RESEARCH CORP,0.999042
2026-03-01,76095,,,0.996268
2026-03-01,85621,MTD,METTLER TOLEDO INTERNATIONAL INC/,0.99243
2026-03-01,85645,INGR,Ingredion Inc,0.991781
2026-03-01,89964,NNI,NELNET INC,0.981203
2026-03-01,76709,IDXX,IDEXX LABORATORIES INC /DE,0.976722
2026-03-01,85593,AMG,"AFFILIATED MANAGERS GROUP, INC.",0.975163
2026-03-01,50876,LLY,ELI LILLY & Co,0.974773
2026-03-01,13046,UI,Ubiquiti Inc.,0.964877
2026-03-01,91233,MA,Mastercard Inc,0.957147
2026-03-01,84723,LNG,"Cheniere Energy, Inc.",0.950176
2026-03-01,79758,BYD,BOYD GAMING CORP,0.95006
2026-03-01,11581,EPAC,ENERPAC TOOL GROUP CORP,0.946742
2026-03-01,16967,CARG,"CarGurus, Inc.",0.944731
2026-03-01,90436,HALO,"HALOZYME THERAPEUTICS, INC.",0.932831
2026-03-01,86580,NVDA,NVIDIA CORP,0.924265
2026-03-01,68196,,,0.922869
2026-03-01,10696,FISV,FISERV INC,0.921768
2026-03-01,90249,ENS,EnerSys,0.919282
2026-03-01,49680,DHR,DANAHER CORP /DE/,0.914591
2026-03-01,18563,PLMR,"Palomar Holdings, Inc.",0.91244
2026-03-01,13788,ZTS,Zoetis Inc.,0.90262
2026-03-01,65307,,,0.902352
2026-03-01,14318,NMIH,"NMI Holdings, Inc.",0.898673
2026-03-01,75510,,,0.892034
2026-03-01,88664,,,0.884828
2026-03-01,76708,CVSA,Covista Inc.,0.877103
2026-03-01,26403,DIS,Walt Disney Co,0.876185
2026-03-01,91413,EVR,Evercore Inc.,0.87381
2026-03-01,91516,AWI,ARMSTRONG WORLD INDUSTRIES INC,0.873041
2026-03-01,84827,RMBS,RAMBUS INC,0.872716
2026-03-01,90550,DLB,"Dolby Laboratories, Inc.",0.864308
2026-03-01,76573,MLI,MUELLER INDUSTRIES INC,0.863661
2026-03-01,65700,USLM,UNITED STATES LIME & MINERALS INC,0.855187
2026-03-01,83601,,,0.840327
2026-03-01,10693,EHC,Encompass Health Corp,0.838725
2026-03-01,92852,LOPE,"Grand Canyon Education, Inc.",0.834266
2026-03-01,34032,MAS,MASCO CORP /DE/,0.82603
2026-03-01,13407,,,0.820228
2026-03-01,19455,OPEN,Opendoor Technologies Inc.,0.815776
2026-03-01,79133,ATR,"APTARGROUP, INC.",0.802215
2026-03-01,15623,HLI,"HOULIHAN LOKEY, INC.",0.787708
2026-03-01,87432,A,"AGILENT TECHNOLOGIES, INC.",0.784489
2026-03-01,87657,EW,Edwards Lifesciences Corp,0.782535
2026-03-01,77178,QCOM,QUALCOMM INC/DE,0.781
2026-03-01,64282,BBWI,"Bath & Body Works, Inc.",0.780754
2026-03-01,13963,,,0.778385
2026-03-01,16260,MEDP,"Medpace Holdings, Inc.",0.77278
2026-03-01,85631,ADSK,"Autodesk, Inc.",0.755677
2026-03-01,77605,BSX,BOSTON SCIENTIFIC CORP,0.749158
2026-03-01,42550,NEU,NEWMARKET CORP,0.7468
2026-03-01,82775,,,0.674546
2026-03-01,92221,MELI,MERCADOLIBRE INC,0.654464
2026-03-01,89792,,,0.633405
2026-03-01,80864,RS,"RELIANCE, INC.",0.625103
2026-03-01,88873,GPN,GLOBAL PAYMENTS INC,0.572845
2026-03-01,90215,CRM,"Salesforce, Inc.",0.548407
2026-03-01,90377,ONTO,ONTO INNOVATION INC.,0.548202
2026-03-01,90708,MORN,"Morningstar, Inc.",0.495087
2026-03-01,93002,,,0.482364
2026-03-01,44134,KMT,KENNAMETAL INC,0.466123
2026-03-01,92402,,,0.42092
2026-03-01,21357,DOCS,"Doximity, Inc.",0.410891
2026-03-01,25590,,,0.311946
2026-03-01,46690,CBT,CABOT CORP,0.309623
2026-03-01,17332,VCTR,"Victory Capital Holdings, Inc.",0.296233
2026-03-01,81677,WAB,WESTINGHOUSE AIR BRAKE TECHNOLOGIES CORP,0.249584
2026-03-01,62092,TMO,THERMO FISHER SCIENTIFIC INC.,0.1663
2026-03-01,21906,ACT,"Enact Holdings, Inc.",0.125603
2026-03-01,87179,NTCT,NETSCOUT SYSTEMS INC,0.019882
2026-03-01,11018,,,0.005939
2026-03-01,19593,MIR,"Mirion Technologies, Inc.",-0.055938
2026-03-01,64936,D,"DOMINION ENERGY, INC",-0.071124
2026-03-01,21928,IDA,IDACORP INC,-0.078902
2026-03-01,63467,,,-0.085329
2026-03-01,55511,TXNM,TXNM ENERGY INC,-0.137201
2026-03-01,80286,TSCO,TRACTOR SUPPLY CO /DE/,-0.258548
2026-03-01,23931,XEL,XCEL ENERGY INC,-0.269589
2026-03-01,21237,PCOR,"PROCORE TECHNOLOGIES, INC.",-0.382091
2026-03-01,60599,LUMN,"Lumen Technologies, Inc.",-0.406903
2026-03-01,17341,ZS,"Zscaler, Inc.",-0.437425
2026-03-01,86288,CSGP,"COSTAR GROUP, INC.",-0.457295
2026-03-01,84348,VSAT,VIASAT INC,-0.518592
2026-03-01,89971,SGI,SOMNIGROUP INTERNATIONAL INC.,-0.546999
2026-03-01,20648,RBLX,Roblox Corp,-0.595564
2026-03-01,19655,STEP,StepStone Group Inc.,-0.611431
2026-03-01,89031,AXON,"AXON ENTERPRISE, INC.",-0.6374
2026-03-01,77357,SNPS,SYNOPSYS INC,-0.638132
2026-03-01,14472,VRNS,VARONIS SYSTEMS INC,-0.647029
2026-03-01,13511,PANW,Palo Alto Networks Inc,-0.667313
2026-03-01,18909,NET,"Cloudflare, Inc.",-0.670855
2026-03-01,18726,,,-0.676092
2026-03-01,22618,TPG,TPG Inc.,-0.684628
2026-03-01,18835,,,-0.68699
2026-03-01,17144,,,-0.68953
2026-03-01,15058,,,-0.722176
2026-03-01,19930,,,-0.728365
2026-03-01,21352,FA,FIRST ADVANTAGE CORP,-0.735834
2026-03-01,20126,JOBY,"Joby Aviation, Inc.",-0.757032
2026-03-01,15535,,,-0.765883
2026-03-01,18575,PSN,PARSONS CORP,-0.771711
2026-03-01,20916,COMP,"Compass, Inc.",-0.775954
2026-03-01,81540,COR,"Cencora, Inc.",-0.786404
2026-03-01,12400,,,-0.786724
2026-03-01,84761,TTWO,TAKE TWO INTERACTIVE SOFTWARE INC,-0.805664
2026-03-01,21605,RYAN,"RYAN SPECIALTY HOLDINGS, INC.",-0.807805
2026-03-01,84319,LAD,LITHIA MOTORS INC,-0.809024
2026-03-01,90444,ORA,"ORMAT TECHNOLOGIES, INC.",-0.827198
2026-03-01,59328,,,-0.831434
2026-03-01,88504,BRKR,BRUKER CORP,-0.846071
2026-03-01,90520,CE,Celanese Corp,-0.849556
2026-03-01,17039,CNR,"Core Natural Resources, Inc.",-0.857758
2026-03-01,63773,TDS,TELEPHONE & DATA SYSTEMS INC /DE/,-0.862207
2026-03-01,52708,,,-0.866494
2026-03-01,93436,,,-0.870806
2026-03-01,15831,AXSM,"Axsome Therapeutics, Inc.",-0.886698
2026-03-01,90776,WAL,WESTERN ALLIANCE BANCORPORATION,-0.888837
2026-03-01,20067,,,-0.889983
2026-03-01,11499,CECO,CECO ENVIRONMENTAL CORP,-0.893685
2026-03-01,79839,ITRI,"ITRON, INC.",-0.925083
2026-03-01,14401,OGS,"ONE Gas, Inc.",-0.927932
2026-03-01,16653,HCC,"WARRIOR MET COAL, INC.",-0.930196
2026-03-01,17045,ACMR,"ACM Research, Inc.",-0.936266
2026-03-01,83509,FCN,"FTI CONSULTING, INC",-0.938518
2026-03-01,91575,HRI,HERC HOLDINGS INC,-0.940954
2026-03-01,19854,,,-0.952045
2026-03-01,21898,,,-0.964034
2026-03-01,17000,RYTM,"RHYTHM PHARMACEUTICALS, INC.",-0.9657
2026-03-01,21747,,,-0.988064
2026-03-01,91402,,,-0.997007
2026-03-01,12473,KNX,Knight-Swift Transportation Holdings Inc.,-1.0
2026-03-01,13410,SUPN,"SUPERNUS PHARMACEUTICALS, INC.",-1.0
2026-03-01,14708,VRDN,"Viridian Therapeutics, Inc.\DE",-1.0
2026-03-01,15649,MSGS,Madison Square Garden Sports Corp.,-1.0
2026-03-01,15707,HPE,Hewlett Packard Enterprise Co,-1.0
2026-03-01,16600,HSY,HERSHEY CO,-1.0
2026-03-01,16680,QXO,"QXO, Inc.",-1.0
2026-03-01,17226,COLD,AMERICOLD REALTY TRUST,-1.0
2026-03-01,17366,HYMC,HYCROFT MINING HOLDING CORP,-1.0
2026-03-01,17374,RCUS,"Arcus Biosciences, Inc.",-1.0
2026-03-01,17821,,,-1.0
2026-03-01,17892,,,-1.0
2026-03-01,18428,DOW,DOW INC.,-1.0
2026-03-01,18776,IMVT,"Immunovant, Inc.",-1.0
2026-03-01,19002,BWIN,"Baldwin Insurance Group, Inc.",-1.0
2026-03-01,19201,RVMD,"Revolution Medicines, Inc.",-1.0
2026-03-01,19484,PCVX,"Vaxcyte, Inc.",-1.0
2026-03-01,19577,RKT,"Rocket Companies, Inc.",-1.0
2026-03-01,19628,IRON,"Disc Medicine, Inc.",-1.0
2026-03-01,19849,SMMT,Summit Therapeutics Inc.,-1.0
2026-03-01,19969,,,-1.0
2026-03-01,20138,,,-1.0
2026-03-01,20791,EWTX,"Edgewise Therapeutics, Inc.",-1.0
2026-03-01,21007,,,-1.0
2026-03-01,21573,IP,INTERNATIONAL PAPER CO /NEW/,-1.0
2026-03-01,21608,GXO,"GXO Logistics, Inc.",-1.0
2026-03-01,21619,,,-1.0
2026-03-01,21927,DJT,Trump Media & Technology Group Corp.,-1.0
2026-03-01,22199,COCO,"Vita Coco Company, Inc.",-1.0
2026-03-01,22758,,,-1.0
2026-03-01,23147,,,-1.0
2026-03-01,23730,,,-1.0
2026-03-01,27887,BAX,BAXTER INTERNATIONAL INC,-1.0
2026-03-01,27991,PNW,PINNACLE WEST CAPITAL CORP,-1.0
2026-03-01,30681,OMC,OMNICOM GROUP INC.,-1.0
2026-03-01,32707,HP,"Helmerich & Payne, Inc.",-1.0
2026-03-01,42585,SJM,J M SMUCKER Co,-1.0
2026-03-01,56274,CAG,CONAGRA BRANDS INC.,-1.0
2026-03-01,61567,,,-1.0
2026-03-01,75342,MTH,Meritage Homes CORP,-1.0
2026-03-01,76661,IONS,IONIS PHARMACEUTICALS INC,-1.0
2026-03-01,76868,,,-1.0
2026-03-01,77702,,,-1.0
2026-03-01,79864,VSEC,VSE CORP,-1.0
2026-03-01,79879,,,-1.0
2026-03-01,85464,CWST,CASELLA WASTE SYSTEMS INC,-1.0
2026-03-01,86136,,,-1.0
2026-03-01,87430,,,-1.0
2026-03-01,88351,INSM,INSMED Inc,-1.0
2026-03-01,88853,FLR,FLUOR CORP,-1.0
2026-03-01,89353,,,-1.0
2026-03-01,90175,XPO,"XPO, Inc.",-1.0
2026-03-01,90312,WLK,WESTLAKE CORP,-1.0
2026-03-01,91041,LYV,"Live Nation Entertainment, Inc.",-1.0
2026-03-01,91612,GSAT,"Globalstar, Inc.",-1.0
2026-03-01,91733,AVAV,AeroVironment Inc,-1.0
2026-03-01,92040,,,-1.0
2026-03-01,92294,,,-1.0
2026-03-01,92469,,,-1.0
2026-04-01,13543,GMED,GLOBUS MEDICAL INC,1.0
2026-04-01,16260,,,1.0
2026-04-01,16591,,,1.0
2026-04-01,16631,,,1.0
2026-04-01,16738,,,1.0
2026-04-01,16967,,,1.0
2026-04-01,18592,,,1.0
2026-04-01,20975,DAVE,Dave Inc./DE,1.0
2026-04-01,21219,GPOR,GULFPORT ENERGY CORP,1.0
2026-04-01,36281,,,1.0
2026-04-01,52337,THC,TENET HEALTHCARE CORP,1.0
2026-04-01,73139,SYK,STRYKER CORP,1.0
2026-04-01,75603,CRUS,"CIRRUS LOGIC, INC.",1.0
2026-04-01,76478,,,1.0
2026-04-01,76708,CVSA,Covista Inc.,1.0
2026-04-01,76709,IDXX,IDEXX LABORATORIES INC /DE,1.0
2026-04-01,79637,UHS,UNIVERSAL HEALTH SERVICES INC,1.0
2026-04-01,80306,,,1.0
2026-04-01,84438,HLIO,"HELIOS TECHNOLOGIES, INC.",1.0
2026-04-01,84723,LNG,"Cheniere Energy, Inc.",1.0
2026-04-01,85753,,,1.0
2026-04-01,86102,,,1.0
2026-04-01,87137,DVN,DEVON ENERGY CORP/DE,1.0
2026-04-01,76095,,,0.99642
2026-04-01,13046,,,0.991391
2026-04-01,65700,,,0.975936
2026-04-01,22752,,,0.975745
2026-04-01,89964,NNI,NELNET INC,0.974568
2026-04-01,83779,,,0.970345
2026-04-01,46886,KLAC,KLA CORP,0.9629
2026-04-01,90249,ENS,EnerSys,0.960067
2026-04-01,14593,,,0.957771
2026-04-01,85072,,,0.948417
2026-04-01,85645,INGR,Ingredion Inc,0.948376
2026-04-01,11995,,,0.944432
2026-04-01,91392,TNL,Travel & Leisure Co.,0.944121
2026-04-01,12570,ITT,ITT INC.,0.940365
2026-04-01,77274,,,0.938075
2026-04-01,79758,,,0.937663
2026-04-01,29612,,,0.93602
2026-04-01,89525,CMCSA,COMCAST CORP,0.924426
2026-04-01,91233,,,0.921894
2026-04-01,60628,FDX,FEDEX CORP,0.921157
2026-04-01,90319,GOOGL,Alphabet Inc.,0.920108
2026-04-01,16126,AZZ,AZZ INC,0.917309
2026-04-01,91234,,,0.915576
2026-04-01,14702,AMAT,APPLIED MATERIALS INC /DE,0.91515
2026-04-01,85621,,,0.91295
2026-04-01,20894,,,0.912527
2026-04-01,48486,,,0.910798
2026-04-01,86580,NVDA,NVIDIA CORP,0.907081
2026-04-01,75912,PTC,PTC INC.,0.907056
2026-04-01,88860,,,0.898889
2026-04-01,82702,,,0.897172
2026-04-01,18065,,,0.893095
2026-04-01,12622,,,0.891878
2026-04-01,92852,,,0.889328
2026-04-01,68196,SEIC,SEI INVESTMENTS CO,0.887849
2026-04-01,41355,PH,Parker-Hannifin Corp,0.884196
2026-04-01,10421,,,0.879402
2026-04-01,18563,,,0.878742
2026-04-01,85593,,,0.878443
2026-04-01,18973,BRC,BRADY CORP,0.876892
2026-04-01,76123,,,0.869261
2026-04-01,80128,VMI,VALMONT INDUSTRIES INC,0.867569
2026-04-01,53613,MU,MICRON TECHNOLOGY INC,0.865062
2026-04-01,90436,HALO,"HALOZYME THERAPEUTICS, INC.",0.864386
2026-04-01,88664,JKHY,JACK HENRY & ASSOCIATES INC,0.861332
2026-04-01,14318,,,0.854916
2026-04-01,88661,,,0.852862
2026-04-01,46463,,,0.849751
2026-04-01,50876,,,0.849431
2026-04-01,91413,,,0.842049
2026-04-01,21207,,,0.831619
2026-04-01,30940,FLS,FLOWSERVE CORP,0.830066
2026-04-01,91516,AWI,ARMSTRONG WORLD INDUSTRIES INC,0.828368
2026-04-01,75510,ADBE,ADOBE INC.,0.823737
2026-04-01,17223,ADT,ADT Inc.,0.823364
2026-04-01,10696,,,0.823056
2026-04-01,49680,,,0.822398
2026-04-01,76573,MLI,MUELLER INDUSTRIES INC,0.811323
2026-04-01,13788,,,0.811255
2026-04-01,13963,NWSA,NEWS CORP,0.799933
2026-04-01,79668,,,0.798769
2026-04-01,76128,,,0.796504
2026-04-01,26403,DIS,Walt Disney Co,0.793825
2026-04-01,65307,RPM,RPM INTERNATIONAL INC/DE/,0.783343
2026-04-01,83601,WOR,"WORTHINGTON ENTERPRISES, INC.",0.782968
2026-04-01,90550,,,0.77728
2026-04-01,18064,FTDR,"Frontdoor, Inc.",0.767991
2026-04-01,42550,,,0.766241
2026-04-01,84827,,,0.750828
2026-04-01,10693,EHC,Encompass Health Corp,0.749606
2026-04-01,87432,A,"AGILENT TECHNOLOGIES, INC.",0.736035
2026-04-01,85631,,,0.7336
2026-04-01,87657,,,0.722437
2026-04-01,13407,,,0.722219
2026-04-01,77178,QCOM,QUALCOMM INC/DE,0.708824
2026-04-01,79133,ATR,"APTARGROUP, INC.",0.70114
2026-04-01,34032,MAS,MASCO CORP /DE/,0.693882
2026-04-01,15623,,,0.691038
2026-04-01,82775,,,0.648506
2026-04-01,92221,,,0.641932
2026-04-01,64282,BBWI,"Bath & Body Works, Inc.",0.638187
2026-04-01,77605,BSX,BOSTON SCIENTIFIC CORP,0.609535
2026-04-01,80864,,,0.60256
2026-04-01,89792,,,0.529556
2026-04-01,90215,CRM,"Salesforce, Inc.",0.523956
2026-04-01,90377,,,0.519137
2026-04-01,88873,GPN,GLOBAL PAYMENTS INC,0.504241
2026-04-01,93002,AVGO,Broadcom Inc.,0.466752
2026-04-01,90708,MORN,"Morningstar, Inc.",0.455561
2026-04-01,44134,,,0.416747
2026-04-01,92402,MSCI,MSCI Inc.,0.395541
2026-04-01,21357,,,0.389096
2026-04-01,25590,NFG,NATIONAL FUEL GAS CO,0.322916
2026-04-01,46690,CBT,CABOT CORP,0.30535
2026-04-01,17332,VCTR,"Victory Capital Holdings, Inc.",0.281593
2026-04-01,81677,WAB,WESTINGHOUSE AIR BRAKE TECHNOLOGIES CORP,0.235584
2026-04-01,62092,TMO,THERMO FISHER SCIENTIFIC INC.,0.156537
2026-04-01,21906,,,0.122147
2026-04-01,87179,,,0.02158
2026-04-01,11018,,,0.005986
2026-04-01,19593,,,-0.047959
2026-04-01,64936,,,-0.069431
2026-04-01,63467,BRO,"BROWN & BROWN, INC.",-0.077228
2026-04-01,21928,,,-0.078125
2026-04-01,89781,,,-0.095182
2026-04-01,55511,TXNM,TXNM ENERGY INC,-0.135502
2026-04-01,86051,,,-0.154871
2026-04-01,80286,,,-0.22518
2026-04-01,19166,,,-0.257005
2026-04-01,23931,XEL,XCEL ENERGY INC,-0.257988
2026-04-01,21262,,,-0.354791
2026-04-01,23263,,,-0.370411
2026-04-01,21237,PCOR,"PROCORE TECHNOLOGIES, INC.",-0.394589
2026-04-01,86288,CSGP,"COSTAR GROUP, INC.",-0.412012
2026-04-01,17341,,,-0.416218
2026-04-01,89971,SGI,SOMNIGROUP INTERNATIONAL INC.,-0.451072
2026-04-01,20648,RBLX,Roblox Corp,-0.48888
2026-04-01,89031,AXON,"AXON ENTERPRISE, INC.",-0.497225
2026-04-01,84348,,,-0.517315
2026-04-01,17144,GIS,GENERAL MILLS INC,-0.565418
2026-04-01,20916,,,-0.579516
2026-04-01,14472,,,-0.599497
2026-04-01,77357,SNPS,SYNOPSYS INC,-0.609277
2026-04-01,20126,JOBY,"Joby Aviation, Inc.",-0.619384
2026-04-01,18835,,,-0.621025
2026-04-01,18575,PSN,PARSONS CORP,-0.631149
2026-04-01,23340,CRBG,"Corebridge Financial, Inc.",-0.631765
2026-04-01,22618,,,-0.636759
2026-04-01,52708,LEN,LENNAR CORP /NEW/,-0.655465
2026-04-01,15535,OLLI,"Ollie's Bargain Outlet Holdings, Inc.",-0.655966
2026-04-01,17045,ACMR,"ACM Research, Inc.",-0.65896
2026-04-01,81540,COR,"Cencora, Inc.",-0.661558
2026-04-01,91575,,,-0.667362
2026-04-01,19655,,,-0.674571
2026-04-01,21605,,,-0.690296
2026-04-01,18726,CRWD,"CrowdStrike Holdings, Inc.",-0.707629
2026-04-01,13511,PANW,Palo Alto Networks Inc,-0.716461
2026-04-01,84319,LAD,LITHIA MOTORS INC,-0.721803
2026-04-01,19930,,,-0.747491
2026-04-01,21352,,,-0.749682
2026-04-01,84761,,,-0.750069
2026-04-01,88504,,,-0.760546
2026-04-01,90776,WAL,WESTERN ALLIANCE BANCORPORATION,-0.781463
2026-04-01,12400,,,-0.786388
2026-04-01,20067,,,-0.793192
2026-04-01,93436,,,-0.801733
2026-04-01,18909,,,-0.801958
2026-04-01,59328,INTC,INTEL CORP,-0.802044
2026-04-01,79864,,,-0.809184
2026-04-01,63773,TDS,TELEPHONE & DATA SYSTEMS INC /DE/,-0.809407
2026-04-01,76868,AAON,"AAON, INC.",-0.815829
2026-04-01,21573,,,-0.816847
2026-04-01,27887,BAX,BAXTER INTERNATIONAL INC,-0.821842
2026-04-01,22199,,,-0.822281
2026-04-01,21608,GXO,"GXO Logistics, Inc.",-0.822343
2026-04-01,75342,MTH,Meritage Homes CORP,-0.823174
2026-04-01,42585,SJM,J M SMUCKER Co,-0.828838
2026-04-01,17226,,,-0.87014
2026-04-01,61567,HXL,HEXCEL CORP /DE/,-0.870225
2026-04-01,16600,HSY,HERSHEY CO,-0.876946
2026-04-01,11499,,,-0.878232
2026-04-01,79839,,,-0.879863
2026-04-01,90444,ORA,"ORMAT TECHNOLOGIES, INC.",-0.891336
2026-04-01,18776,,,-0.892881
2026-04-01,17000,RYTM,"RHYTHM PHARMACEUTICALS, INC.",-0.902915
2026-04-01,77702,SBUX,STARBUCKS CORP,-0.911097
2026-04-01,14401,,,-0.911339
2026-04-01,15831,,,-0.911882
2026-04-01,12473,,,-0.915449
2026-04-01,90175,XPO,"XPO, Inc.",-0.92146
2026-04-01,19484,,,-0.938305
2026-04-01,13410,,,-0.941555
2026-04-01,19201,,,-0.950344
2026-04-01,19854,,,-0.955801
2026-04-01,15649,,,-0.966165
2026-04-01,21619,,,-0.979196
2026-04-01,21747,,,-0.990044
2026-04-01,91402,,,-0.991471
2026-04-01,13730,,,-1.0
2026-04-01,15293,,,-1.0
2026-04-01,15303,,,-1.0
2026-04-01,15707,HPE,Hewlett Packard Enterprise Co,-1.0
2026-04-01,16005,,,-1.0
2026-04-01,16263,,,-1.0
2026-04-01,16653,,,-1.0
2026-04-01,16680,QXO,"QXO, Inc.",-1.0
2026-04-01,17039,,,-1.0
2026-04-01,17366,HYMC,HYCROFT MINING HOLDING CORP,-1.0
2026-04-01,17372,,,-1.0
2026-04-01,17374,RCUS,"Arcus Biosciences, Inc.",-1.0
2026-04-01,18428,,,-1.0
2026-04-01,19002,,,-1.0
2026-04-01,19433,,,-1.0
2026-04-01,19577,,,-1.0
2026-04-01,19628,,,-1.0
2026-04-01,19849,,,-1.0
2026-04-01,19986,,,-1.0
2026-04-01,20138,GPGI,"GPGI, Inc.",-1.0
2026-04-01,20325,,,-1.0
2026-04-01,20632,,,-1.0
2026-04-01,20791,,,-1.0
2026-04-01,21898,,,-1.0
2026-04-01,21927,DJT,Trump Media & Technology Group Corp.,-1.0
2026-04-01,22758,,,-1.0
2026-04-01,27991,PNW,PINNACLE WEST CAPITAL CORP,-1.0
2026-04-01,32707,HP,"Helmerich & Payne, Inc.",-1.0
2026-04-01,56274,,,-1.0
2026-04-01,60599,LUMN,"Lumen Technologies, Inc.",-1.0
2026-04-01,76661,IONS,IONIS PHARMACEUTICALS INC,-1.0
2026-04-01,79879,,,-1.0
2026-04-01,83509,FCN,"FTI CONSULTING, INC",-1.0
2026-04-01,85293,,,-1.0
2026-04-01,85464,CWST,CASELLA WASTE SYSTEMS INC,-1.0
2026-04-01,86136,SRE,SEMPRA,-1.0
2026-04-01,87430,,,-1.0
2026-04-01,88351,INSM,INSMED Inc,-1.0
2026-04-01,88853,FLR,FLUOR CORP,-1.0
2026-04-01,90312,,,-1.0
2026-04-01,90520,CE,Celanese Corp,-1.0
2026-04-01,91041,,,-1.0
2026-04-01,91612,,,-1.0
2026-04-01,91733,AVAV,AeroVironment Inc,-1.0
2026-04-01,91832,,,-1.0
2026-04-01,92040,,,-1.0
2026-04-01,92294,,,-1.0
2026-05-01,11154,PLAB,PHOTRONICS INC,1.0
2026-05-01,11995,,,1.0
2026-05-01,13046,,,1.0
2026-05-01,13543,,,1.0
2026-05-01,14593,AAPL,Apple Inc.,1.0
2026-05-01,14702,,,1.0
2026-05-01,16126,AZZ,AZZ INC,1.0
2026-05-01,16631,,,1.0
2026-05-01,16967,,,1.0
2026-05-01,18065,GTX,Garrett Motion Inc.,1.0
2026-05-01,18424,LEVI,LEVI STRAUSS & CO,1.0
2026-05-01,20894,APP,AppLovin Corp,1.0
2026-05-01,20975,,,1.0
2026-05-01,29612,,,1.0
2026-05-01,46463,,,1.0
2026-05-01,46886,KLAC,KLA CORP,1.0
2026-05-01,48486,LRCX,LAM RESEARCH CORP,1.0
2026-05-01,53613,MU,MICRON TECHNOLOGY INC,1.0
2026-05-01,60628,FDX,FEDEX CORP,1.0
2026-05-01,68196,SEIC,SEI INVESTMENTS CO,1.0
2026-05-01,75603,,,1.0
2026-05-01,76128,VICR,VICOR CORP,1.0
2026-05-01,76478,ESE,ESCO TECHNOLOGIES INC,1.0
2026-05-01,76709,,,1.0
2026-05-01,78015,MTX,MINERALS TECHNOLOGIES INC,1.0
2026-05-01,79507,MCRI,MONARCH CASINO & RESORT INC,1.0
2026-05-01,80128,VMI,VALMONT INDUSTRIES INC,1.0
2026-05-01,80306,,,1.0
2026-05-01,84438,,,1.0
2026-05-01,84827,RMBS,RAMBUS INC,1.0
2026-05-01,85753,VRSN,VERISIGN INC/CA,1.0
2026-05-01,86102,FHI,"FEDERATED HERMES, INC.",1.0
2026-05-01,86580,NVDA,NVIDIA CORP,1.0
2026-05-01,87137,DVN,DEVON ENERGY CORP/DE,1.0
2026-05-01,88860,ALGN,ALIGN TECHNOLOGY INC,1.0
2026-05-01,89964,NNI,NELNET INC,1.0
2026-05-01,89968,,,1.0
2026-05-01,90249,,,1.0
2026-05-01,90319,GOOGL,Alphabet Inc.,1.0
2026-05-01,91413,EVR,Evercore Inc.,1.0
2026-05-01,76708,CVSA,Covista Inc.,0.99684
2026-05-01,18064,FTDR,"Frontdoor, Inc.",0.994883
2026-05-01,76573,MLI,MUELLER INDUSTRIES INC,0.989322
2026-05-01,85072,,,0.986058
2026-05-01,84723,LNG,"Cheniere Energy, Inc.",0.966053
2026-05-01,16738,AM,Antero Midstream Corp,0.965731
2026-05-01,73139,SYK,STRYKER CORP,0.956137
2026-05-01,85645,,,0.944813
2026-05-01,17223,ADT,ADT Inc.,0.941285
2026-05-01,79637,UHS,UNIVERSAL HEALTH SERVICES INC,0.937313
2026-05-01,52337,THC,TENET HEALTHCARE CORP,0.935683
2026-05-01,85593,,,0.932946
2026-05-01,91233,MA,Mastercard Inc,0.926838
2026-05-01,82702,AMRX,"Amneal Pharmaceuticals, Inc.",0.926329
2026-05-01,91234,,,0.926244
2026-05-01,10696,,,0.921707
2026-05-01,85621,,,0.921457
2026-05-01,21219,,,0.907153
2026-05-01,41355,PH,Parker-Hannifin Corp,0.895637
2026-05-01,76123,JOE,ST JOE Co,0.89124
2026-05-01,18973,BRC,BRADY CORP,0.883192
2026-05-01,18563,,,0.882665
2026-05-01,92852,LOPE,"Grand Canyon Education, Inc.",0.881728
2026-05-01,91392,TNL,Travel & Leisure Co.,0.879569
2026-05-01,89525,CMCSA,COMCAST CORP,0.878216
2026-05-01,77274,GILD,"GILEAD SCIENCES, INC.",0.877941
2026-05-01,88661,TPR,"TAPESTRY, INC.",0.874141
2026-05-01,16260,MEDP,"Medpace Holdings, Inc.",0.868963
2026-05-01,75912,,,0.865021
2026-05-01,16591,LAUR,"LAUREATE EDUCATION, INC.",0.860906
2026-05-01,50876,LLY,ELI LILLY & Co,0.860664
2026-05-01,91516,AWI,ARMSTRONG WORLD INDUSTRIES INC,0.854064
2026-05-01,26403,,,0.852225
2026-05-01,21207,NEM,NEWMONT Corp /DE/,0.851025
2026-05-01,14318,NMIH,"NMI Holdings, Inc.",0.850923
2026-05-01,90436,HALO,"HALOZYME THERAPEUTICS, INC.",0.848906
2026-05-01,92293,,,0.84472
2026-05-01,13963,NWSA,NEWS CORP,0.842214
2026-05-01,88664,JKHY,JACK HENRY & ASSOCIATES INC,0.835453
2026-05-01,75510,ADBE,ADOBE INC.,0.831582
2026-05-01,83779,PEGA,PEGASYSTEMS INC,0.831097
2026-05-01,30940,FLS,FLOWSERVE CORP,0.829127
2026-05-01,90550,DLB,"Dolby Laboratories, Inc.",0.827828
2026-05-01,34032,MAS,MASCO CORP /DE/,0.823474
2026-05-01,12622,HCA,"HCA Healthcare, Inc.",0.816187
2026-05-01,83601,,,0.812683
2026-05-01,65307,RPM,RPM INTERNATIONAL INC/DE/,0.804798
2026-05-01,65700,USLM,UNITED STATES LIME & MINERALS INC,0.801695
2026-05-01,13788,,,0.790074
2026-05-01,10421,SKYW,SKYWEST INC,0.783865
2026-05-01,79668,BDC,BELDEN INC.,0.780106
2026-05-01,10693,EHC,Encompass Health Corp,0.774285
2026-05-01,49680,DHR,DANAHER CORP /DE/,0.773818
2026-05-01,13407,META,"Meta Platforms, Inc.",0.770341
2026-05-01,87657,EW,Edwards Lifesciences Corp,0.751196
2026-05-01,90377,ONTO,ONTO INNOVATION INC.,0.745443
2026-05-01,87432,A,"AGILENT TECHNOLOGIES, INC.",0.744039
2026-05-01,15623,,,0.742587
2026-05-01,85631,ADSK,"Autodesk, Inc.",0.724118
2026-05-01,80864,RS,"RELIANCE, INC.",0.716955
2026-05-01,79133,ATR,"APTARGROUP, INC.",0.686088
2026-05-01,92221,MELI,MERCADOLIBRE INC,0.663687
2026-05-01,64282,,,0.662657
2026-05-01,82775,HIG,"HARTFORD INSURANCE GROUP, INC.",0.654202
2026-05-01,93002,AVGO,Broadcom Inc.,0.628145
2026-05-01,77605,BSX,BOSTON SCIENTIFIC CORP,0.557839
2026-05-01,89792,,,0.552853
2026-05-01,90215,,,0.495251
2026-05-01,90708,MORN,"Morningstar, Inc.",0.454638
2026-05-01,44134,,,0.445298
2026-05-01,92402,MSCI,MSCI Inc.,0.432846
2026-05-01,21357,DOCS,"Doximity, Inc.",0.407005
2026-05-01,17332,VCTR,"Victory Capital Holdings, Inc.",0.336811
2026-05-01,46690,,,0.311154
2026-05-01,25590,NFG,NATIONAL FUEL GAS CO,0.289055
2026-05-01,81677,WAB,WESTINGHOUSE AIR BRAKE TECHNOLOGIES CORP,0.253736
2026-05-01,62092,TMO,THERMO FISHER SCIENTIFIC INC.,0.15208
2026-05-01,14179,AR,ANTERO RESOURCES Corp,0.128009
2026-05-01,21906,,,0.127539
2026-05-01,87179,,,0.022814
2026-05-01,11018,,,0.006787
2026-05-01,19593,MIR,"Mirion Technologies, Inc.",-0.050812
2026-05-01,63467,BRO,"BROWN & BROWN, INC.",-0.071011
2026-05-01,64936,D,"DOMINION ENERGY, INC",-0.072239
2026-05-01,55511,,,-0.137481
2026-05-01,89781,MOH,"MOLINA HEALTHCARE, INC.",-0.138691
2026-05-01,80286,TSCO,TRACTOR SUPPLY CO /DE/,-0.173824
2026-05-01,23931,XEL,XCEL ENERGY INC,-0.268639
2026-05-01,17341,ZS,"Zscaler, Inc.",-0.3865
2026-05-01,21237,PCOR,"PROCORE TECHNOLOGIES, INC.",-0.390537
2026-05-01,34746,FITB,FIFTH THIRD BANCORP,-0.414528
2026-05-01,20512,CACI,CACI INTERNATIONAL INC /DE/,-0.416961
2026-05-01,89971,SGI,SOMNIGROUP INTERNATIONAL INC.,-0.461602
2026-05-01,89031,AXON,"AXON ENTERPRISE, INC.",-0.468937
2026-05-01,20648,RBLX,Roblox Corp,-0.476226
2026-05-01,17144,GIS,GENERAL MILLS INC,-0.543957
2026-05-01,18575,PSN,PARSONS CORP,-0.58551
2026-05-01,20916,COMP,"Compass, Inc.",-0.598448
2026-05-01,15535,,,-0.614652
2026-05-01,81540,,,-0.64673
2026-05-01,19930,,,-0.650641
2026-05-01,18835,,,-0.668055
2026-05-01,20295,,,-0.681697
2026-05-01,52708,LEN,LENNAR CORP /NEW/,-0.683288
2026-05-01,22618,TPG,TPG Inc.,-0.683797
2026-05-01,20126,JOBY,"Joby Aviation, Inc.",-0.687324
2026-05-01,21573,IP,INTERNATIONAL PAPER CO /NEW/,-0.693668
2026-05-01,21605,RYAN,"RYAN SPECIALTY HOLDINGS, INC.",-0.709367
2026-05-01,23340,CRBG,"Corebridge Financial, Inc.",-0.727372
2026-05-01,14472,VRNS,VARONIS SYSTEMS INC,-0.732624
2026-05-01,77357,SNPS,SYNOPSYS INC,-0.739852
2026-05-01,84348,,,-0.742958
2026-05-01,19655,,,-0.74584
2026-05-01,79864,,,-0.751355
2026-05-01,88504,BRKR,BRUKER CORP,-0.770763
2026-05-01,16600,HSY,HERSHEY CO,-0.780967
2026-05-01,18909,,,-0.794308
2026-05-01,13511,PANW,Palo Alto Networks Inc,-0.799293
2026-05-01,18726,CRWD,"CrowdStrike Holdings, Inc.",-0.805882
2026-05-01,84761,,,-0.809646
2026-05-01,93436,TSLA,"Tesla, Inc.",-0.820716
2026-05-01,42585,,,-0.840099
2026-05-01,21342,,,-0.846712
2026-05-01,91575,HRI,HERC HOLDINGS INC,-0.848909
2026-05-01,17039,CNR,"Core Natural Resources, Inc.",-0.85397
2026-05-01,27887,BAX,BAXTER INTERNATIONAL INC,-0.857616
2026-05-01,17045,ACMR,"ACM Research, Inc.",-0.863696
2026-05-01,63773,,,-0.863968
2026-05-01,12400,LPLA,LPL Financial Holdings Inc.,-0.871156
2026-05-01,13410,SUPN,"SUPERNUS PHARMACEUTICALS, INC.",-0.871609
2026-05-01,75342,MTH,Meritage Homes CORP,-0.893999
2026-05-01,90776,WAL,WESTERN ALLIANCE BANCORPORATION,-0.897105
2026-05-01,21608,,,-0.903699
2026-05-01,90444,,,-0.912484
2026-05-01,76868,AAON,"AAON, INC.",-0.917573
2026-05-01,19484,,,-0.921536
2026-05-01,17226,,,-0.926081
2026-05-01,17372,,,-0.926952
2026-05-01,56274,CAG,CONAGRA BRANDS INC.,-0.932215
2026-05-01,14401,OGS,"ONE Gas, Inc.",-0.941391
2026-05-01,21754,,,-0.957326
2026-05-01,16653,HCC,"WARRIOR MET COAL, INC.",-0.961673
2026-05-01,21747,,,-0.966203
2026-05-01,18428,DOW,DOW INC.,-0.969249
2026-05-01,18776,,,-0.973145
2026-05-01,86136,SRE,SEMPRA,-0.976003
2026-05-01,89301,,,-0.978469
2026-05-01,20791,,,-0.979957
2026-05-01,21928,IDA,IDACORP INC,-0.980818
2026-05-01,90312,WLK,WESTLAKE CORP,-0.983917
2026-05-01,19854,EBC,"Eastern Bankshares, Inc.",-0.985769
2026-05-01,11499,CECO,CECO ENVIRONMENTAL CORP,-1.0
2026-05-01,12473,KNX,Knight-Swift Transportation Holdings Inc.,-1.0
2026-05-01,14823,,,-1.0
2026-05-01,15293,NEXT,NextDecade Corp,-1.0
2026-05-01,15649,,,-1.0
2026-05-01,15707,HPE,Hewlett Packard Enterprise Co,-1.0
2026-05-01,15831,AXSM,"Axsome Therapeutics, Inc.",-1.0
2026-05-01,16263,,,-1.0
2026-05-01,16923,,,-1.0
2026-05-01,17374,RCUS,"Arcus Biosciences, Inc.",-1.0
2026-05-01,17892,,,-1.0
2026-05-01,17942,KDP,Keurig Dr Pepper Inc.,-1.0
2026-05-01,19002,,,-1.0
2026-05-01,19201,RVMD,"Revolution Medicines, Inc.",-1.0
2026-05-01,19433,,,-1.0
2026-05-01,19577,,,-1.0
2026-05-01,19628,,,-1.0
2026-05-01,19849,SMMT,Summit Therapeutics Inc.,-1.0
2026-05-01,19969,,,-1.0
2026-05-01,20138,,,-1.0
2026-05-01,20632,,,-1.0
2026-05-01,20646,OSCR,"Oscar Health, Inc.",-1.0
2026-05-01,21898,,,-1.0
2026-05-01,21927,DJT,Trump Media & Technology Group Corp.,-1.0
2026-05-01,22220,,,-1.0
2026-05-01,22313,,,-1.0
2026-05-01,23147,,,-1.0
2026-05-01,23738,,,-1.0
2026-05-01,27991,PNW,PINNACLE WEST CAPITAL CORP,-1.0
2026-05-01,32707,,,-1.0
2026-05-01,51625,SCI,SERVICE CORP INTERNATIONAL,-1.0
2026-05-01,59328,INTC,INTEL CORP,-1.0
2026-05-01,60599,LUMN,"Lumen Technologies, Inc.",-1.0
2026-05-01,61567,HXL,HEXCEL CORP /DE/,-1.0
2026-05-01,76661,IONS,IONIS PHARMACEUTICALS INC,-1.0
2026-05-01,77702,SBUX,STARBUCKS CORP,-1.0
2026-05-01,79879,VIAV,VIAVI SOLUTIONS INC.,-1.0
2026-05-01,83509,,,-1.0
2026-05-01,85293,ORKA,"Oruka Therapeutics, Inc.",-1.0
2026-05-01,85464,CWST,CASELLA WASTE SYSTEMS INC,-1.0
2026-05-01,87430,,,-1.0
2026-05-01,88351,INSM,INSMED Inc,-1.0
2026-05-01,88853,FLR,FLUOR CORP,-1.0
2026-05-01,90175,XPO,"XPO, Inc.",-1.0
2026-05-01,91041,,,-1.0
2026-05-01,91402,,,-1.0
2026-05-01,91612,GSAT,"Globalstar, Inc.",-1.0
2026-05-01,91733,AVAV,AeroVironment Inc,-1.0
2026-05-01,92294,,,-1.0
2026-05-01,92469,,,-1.0
2026-06-01,13407,META,"Meta Platforms, Inc.",1.0
2026-06-01,13543,GMED,GLOBUS MEDICAL INC,1.0
2026-06-01,14593,,,1.0
2026-06-01,14702,AMAT,APPLIED MATERIALS INC /DE,1.0
2026-06-01,16126,AZZ,AZZ INC,1.0
2026-06-01,17223,ADT,ADT Inc.,1.0
2026-06-01,18065,GTX,Garrett Motion Inc.,1.0
2026-06-01,18424,,,1.0
2026-06-01,18968,PGNY,"Progyny, Inc.",1.0
2026-06-01,20894,APP,AppLovin Corp,1.0
2026-06-01,20975,DAVE,Dave Inc./DE,1.0
2026-06-01,21207,NEM,NEWMONT Corp /DE/,1.0
2026-06-01,21219,GPOR,GULFPORT ENERGY CORP,1.0
2026-06-01,46886,KLAC,KLA CORP,1.0
2026-06-01,48486,,,1.0
2026-06-01,50876,LLY,ELI LILLY & Co,1.0
2026-06-01,53613,,,1.0
2026-06-01,60628,FDX,FEDEX CORP,1.0
2026-06-01,75603,CRUS,"CIRRUS LOGIC, INC.",1.0
2026-06-01,75654,CGNX,COGNEX CORP,1.0
2026-06-01,76128,,,1.0
2026-06-01,76708,CVSA,Covista Inc.,1.0
2026-06-01,76709,IDXX,IDEXX LABORATORIES INC /DE,1.0
2026-06-01,78015,MTX,MINERALS TECHNOLOGIES INC,1.0
2026-06-01,79499,INOD,INNODATA INC,1.0
2026-06-01,79507,MCRI,MONARCH CASINO & RESORT INC,1.0
2026-06-01,80128,,,1.0
2026-06-01,82800,,,1.0
2026-06-01,84438,HLIO,"HELIOS TECHNOLOGIES, INC.",1.0
2026-06-01,84827,,,1.0
2026-06-01,85059,FIX,COMFORT SYSTEMS USA INC,1.0
2026-06-01,85753,VRSN,VERISIGN INC/CA,1.0
2026-06-01,86580,NVDA,NVIDIA CORP,1.0
2026-06-01,90249,ENS,EnerSys,1.0
2026-06-01,90505,LVS,LAS VEGAS SANDS CORP,1.0
2026-06-01,91233,MA,Mastercard Inc,1.0
2026-06-01,91413,,,1.0
2026-06-01,92293,TDC,TERADATA CORP /DE/,1.0
2026-06-01,29612,,,0.992205
2026-06-01,88860,ALGN,ALIGN TECHNOLOGY INC,0.990878
2026-06-01,90319,GOOGL,Alphabet Inc.,0.98531
2026-06-01,86102,,,0.968509
2026-06-01,68196,SEIC,SEI INVESTMENTS CO,0.966022
2026-06-01,46463,GFF,GRIFFON CORP,0.964323
2026-06-01,85593,AMG,"AFFILIATED MANAGERS GROUP, INC.",0.955984
2026-06-01,82702,AMRX,"Amneal Pharmaceuticals, Inc.",0.94505
2026-06-01,76573,MLI,MUELLER INDUSTRIES INC,0.936361
2026-06-01,52337,THC,TENET HEALTHCARE CORP,0.929949
2026-06-01,18973,BRC,BRADY CORP,0.926438
2026-06-01,16260,MEDP,"Medpace Holdings, Inc.",0.92532
2026-06-01,16738,AM,Antero Midstream Corp,0.922977
2026-06-01,73139,SYK,STRYKER CORP,0.922711
2026-06-01,91392,TNL,Travel & Leisure Co.,0.922277
2026-06-01,89964,NNI,NELNET INC,0.918354
2026-06-01,16591,LAUR,"LAUREATE EDUCATION, INC.",0.912446
2026-06-01,77274,GILD,"GILEAD SCIENCES, INC.",0.899308
2026-06-01,89968,,,0.898391
2026-06-01,76478,ESE,ESCO TECHNOLOGIES INC,0.897965
2026-06-01,18064,FTDR,"Frontdoor, Inc.",0.896703
2026-06-01,14179,AR,ANTERO RESOURCES Corp,0.878436
2026-06-01,75912,PTC,PTC INC.,0.877762
2026-06-01,76123,JOE,ST JOE Co,0.875502
2026-06-01,88661,TPR,"TAPESTRY, INC.",0.873963
2026-06-01,75510,,,0.873303
2026-06-01,87432,A,"AGILENT TECHNOLOGIES, INC.",0.870386
2026-06-01,85645,INGR,Ingredion Inc,0.854793
2026-06-01,85621,MTD,METTLER TOLEDO INTERNATIONAL INC/,0.849286
2026-06-01,30940,FLS,FLOWSERVE CORP,0.847611
2026-06-01,83601,,,0.8476
2026-06-01,65700,USLM,UNITED STATES LIME & MINERALS INC,0.846747
2026-06-01,11995,COKE,"Coca-Cola Consolidated, Inc.",0.841782
2026-06-01,91234,MWA,"Mueller Water Products, Inc.",0.836635
2026-06-01,65307,,,0.83453
2026-06-01,26403,DIS,Walt Disney Co,0.833812
2026-06-01,13963,NWSA,NEWS CORP,0.832564
2026-06-01,41355,,,0.830946
2026-06-01,10696,FISV,FISERV INC,0.829254
2026-06-01,10693,EHC,Encompass Health Corp,0.81718
2026-06-01,16967,CARG,"CarGurus, Inc.",0.81588
2026-06-01,10421,SKYW,SKYWEST INC,0.81513
2026-06-01,79637,UHS,UNIVERSAL HEALTH SERVICES INC,0.81097
2026-06-01,83779,,,0.809875
2026-06-01,34032,MAS,MASCO CORP /DE/,0.806752
2026-06-01,89525,CMCSA,COMCAST CORP,0.805015
2026-06-01,91516,AWI,ARMSTRONG WORLD INDUSTRIES INC,0.790494
2026-06-01,84723,LNG,"Cheniere Energy, Inc.",0.788885
2026-06-01,49680,DHR,DANAHER CORP /DE/,0.787505
2026-06-01,14318,NMIH,"NMI Holdings, Inc.",0.786516
2026-06-01,18563,PLMR,"Palomar Holdings, Inc.",0.782116
2026-06-01,92852,,,0.778759
2026-06-01,87657,EW,Edwards Lifesciences Corp,0.775586
2026-06-01,80864,RS,"RELIANCE, INC.",0.753432
2026-06-01,18580,FSLY,"Fastly, Inc.",0.747592
2026-06-01,90436,HALO,"HALOZYME THERAPEUTICS, INC.",0.739104
2026-06-01,88664,JKHY,JACK HENRY & ASSOCIATES INC,0.738152
2026-06-01,79668,BDC,BELDEN INC.,0.726365
2026-06-01,90550,,,0.722432
2026-06-01,12622,,,0.708621
2026-06-01,85631,ADSK,"Autodesk, Inc.",0.704488
2026-06-01,64282,BBWI,"Bath & Body Works, Inc.",0.680373
2026-06-01,15623,HLI,"HOULIHAN LOKEY, INC.",0.677471
2026-06-01,93002,,,0.670349
2026-06-01,79133,ATR,"APTARGROUP, INC.",0.643041
2026-06-01,92221,MELI,MERCADOLIBRE INC,0.625724
2026-06-01,82775,HIG,"HARTFORD INSURANCE GROUP, INC.",0.605886
2026-06-01,89792,CVCO,"CAVCO INDUSTRIES, INC.",0.583328
2026-06-01,13046,UI,Ubiquiti Inc.,0.574595
2026-06-01,90215,,,0.534592
2026-06-01,13788,ZTS,Zoetis Inc.,0.531437
2026-06-01,90708,MORN,"Morningstar, Inc.",0.489097
2026-06-01,77605,BSX,BOSTON SCIENTIFIC CORP,0.466057
2026-06-01,92402,,,0.462445
2026-06-01,44134,KMT,KENNAMETAL INC,0.378039
2026-06-01,17332,VCTR,"Victory Capital Holdings, Inc.",0.361679
2026-06-01,21357,DOCS,"Doximity, Inc.",0.355117
2026-06-01,46690,CBT,CABOT CORP,0.354755
2026-06-01,25590,NFG,NATIONAL FUEL GAS CO,0.263734
2026-06-01,81677,WAB,WESTINGHOUSE AIR BRAKE TECHNOLOGIES CORP,0.245039
2026-06-01,19455,OPEN,Opendoor Technologies Inc.,0.158195
2026-06-01,62092,TMO,THERMO FISHER SCIENTIFIC INC.,0.155911
2026-06-01,21906,ACT,"Enact Holdings, Inc.",0.125049
2026-06-01,87179,NTCT,NETSCOUT SYSTEMS INC,0.028105
2026-06-01,11018,,,0.006738
2026-06-01,63467,BRO,"BROWN & BROWN, INC.",-0.066385
2026-06-01,64936,D,"DOMINION ENERGY, INC",-0.075496
2026-06-01,89781,MOH,"MOLINA HEALTHCARE, INC.",-0.123282
2026-06-01,80286,TSCO,TRACTOR SUPPLY CO /DE/,-0.156828
2026-06-01,55511,TXNM,TXNM ENERGY INC,-0.228924
2026-06-01,23931,XEL,XCEL ENERGY INC,-0.256633
2026-06-01,19313,ELVN,"Enliven Therapeutics, Inc.",-0.261261
2026-06-01,21237,PCOR,"PROCORE TECHNOLOGIES, INC.",-0.340389
2026-06-01,20648,RBLX,Roblox Corp,-0.404858
2026-06-01,17341,ZS,"Zscaler, Inc.",-0.412068
2026-06-01,89971,SGI,SOMNIGROUP INTERNATIONAL INC.,-0.430532
2026-06-01,89031,AXON,"AXON ENTERPRISE, INC.",-0.522295
2026-06-01,81540,COR,"Cencora, Inc.",-0.564888
2026-06-01,15535,,,-0.578074
2026-06-01,20916,COMP,"Compass, Inc.",-0.648769
2026-06-01,22618,TPG,TPG Inc.,-0.674249
2026-06-01,52708,,,-0.677235
2026-06-01,18575,,,-0.684629
2026-06-01,18835,,,-0.699502
2026-06-01,23340,CRBG,"Corebridge Financial, Inc.",-0.710855
2026-06-01,12400,LPLA,LPL Financial Holdings Inc.,-0.711826
2026-06-01,77357,SNPS,SYNOPSYS INC,-0.726857
2026-06-01,90312,WLK,WESTLAKE CORP,-0.742519
2026-06-01,63773,TDS,TELEPHONE & DATA SYSTEMS INC /DE/,-0.747206
2026-06-01,22027,JXN,Jackson Financial Inc.,-0.749008
2026-06-01,88351,INSM,INSMED Inc,-0.7811
2026-06-01,21608,GXO,"GXO Logistics, Inc.",-0.789853
2026-06-01,79864,VSEC,VSE CORP,-0.807977
2026-06-01,16600,HSY,HERSHEY CO,-0.819738
2026-06-01,14401,OGS,"ONE Gas, Inc.",-0.824044
2026-06-01,13410,SUPN,"SUPERNUS PHARMACEUTICALS, INC.",-0.835859
2026-06-01,17039,CNR,"Core Natural Resources, Inc.",-0.839903
2026-06-01,84761,TTWO,TAKE TWO INTERACTIVE SOFTWARE INC,-0.846528
2026-06-01,83509,FCN,"FTI CONSULTING, INC",-0.851222
2026-06-01,88853,FLR,FLUOR CORP,-0.854632
2026-06-01,56274,CAG,CONAGRA BRANDS INC.,-0.859815
2026-06-01,75342,MTH,Meritage Homes CORP,-0.863348
2026-06-01,90776,WAL,WESTERN ALLIANCE BANCORPORATION,-0.878378
2026-06-01,20126,JOBY,"Joby Aviation, Inc.",-0.887876
2026-06-01,42585,,,-0.891477
2026-06-01,91575,HRI,HERC HOLDINGS INC,-0.891626
2026-06-01,84348,VSAT,VIASAT INC,-0.906471
2026-06-01,86136,SRE,SEMPRA,-0.911515
2026-06-01,27887,BAX,BAXTER INTERNATIONAL INC,-0.913985
2026-06-01,51625,SCI,SERVICE CORP INTERNATIONAL,-0.924828
2026-06-01,18909,NET,"Cloudflare, Inc.",-0.934648
2026-06-01,77702,SBUX,STARBUCKS CORP,-0.943787
2026-06-01,32707,HP,"Helmerich & Payne, Inc.",-0.947362
2026-06-01,14472,,,-0.949026
2026-06-01,61567,HXL,HEXCEL CORP /DE/,-0.955334
2026-06-01,19854,EBC,"Eastern Bankshares, Inc.",-0.958349
2026-06-01,27991,PNW,PINNACLE WEST CAPITAL CORP,-0.967122
2026-06-01,90175,XPO,"XPO, Inc.",-0.970189
2026-06-01,93436,,,-0.99944
2026-06-01,10258,CLDX,"Celldex Therapeutics, Inc.",-1.0
2026-06-01,12473,KNX,Knight-Swift Transportation Holdings Inc.,-1.0
2026-06-01,13511,,,-1.0
2026-06-01,15293,,,-1.0
2026-06-01,15649,MSGS,Madison Square Garden Sports Corp.,-1.0
2026-06-01,15707,HPE,Hewlett Packard Enterprise Co,-1.0
2026-06-01,15831,AXSM,"Axsome Therapeutics, Inc.",-1.0
2026-06-01,16182,PI,IMPINJ INC,-1.0
2026-06-01,16252,,,-1.0
2026-06-01,16653,,,-1.0
2026-06-01,17045,ACMR,"ACM Research, Inc.",-1.0
2026-06-01,17144,GIS,GENERAL MILLS INC,-1.0
2026-06-01,17226,COLD,AMERICOLD REALTY TRUST,-1.0
2026-06-01,17366,HYMC,HYCROFT MINING HOLDING CORP,-1.0
2026-06-01,17372,COGT,"Cogent Biosciences, Inc.",-1.0
2026-06-01,17374,RCUS,"Arcus Biosciences, Inc.",-1.0
2026-06-01,17942,KDP,Keurig Dr Pepper Inc.,-1.0
2026-06-01,18135,GH,"Guardant Health, Inc.",-1.0
2026-06-01,18428,,,-1.0
2026-06-01,18677,TRVI,"Trevi Therapeutics, Inc.",-1.0
2026-06-01,18726,,,-1.0
2026-06-01,18776,IMVT,"Immunovant, Inc.",-1.0
2026-06-01,19201,RVMD,"Revolution Medicines, Inc.",-1.0
2026-06-01,19484,PCVX,"Vaxcyte, Inc.",-1.0
2026-06-01,19489,,,-1.0
2026-06-01,19577,RKT,"Rocket Companies, Inc.",-1.0
2026-06-01,19655,STEP,StepStone Group Inc.,-1.0
2026-06-01,19849,,,-1.0
2026-06-01,20512,,,-1.0
2026-06-01,20646,OSCR,"Oscar Health, Inc.",-1.0
2026-06-01,20791,EWTX,"Edgewise Therapeutics, Inc.",-1.0
2026-06-01,21573,IP,INTERNATIONAL PAPER CO /NEW/,-1.0
2026-06-01,21747,,,-1.0
2026-06-01,21898,,,-1.0
2026-06-01,21927,DJT,Trump Media & Technology Group Corp.,-1.0
2026-06-01,21928,IDA,IDACORP INC,-1.0
2026-06-01,23147,,,-1.0
2026-06-01,23681,NXT,Nextpower Inc.,-1.0
2026-06-01,23738,,,-1.0
2026-06-01,32870,HRL,HORMEL FOODS CORP /DE/,-1.0
2026-06-01,34746,FITB,FIFTH THIRD BANCORP,-1.0
2026-06-01,59328,INTC,INTEL CORP,-1.0
2026-06-01,60599,LUMN,"Lumen Technologies, Inc.",-1.0
2026-06-01,76661,IONS,IONIS PHARMACEUTICALS INC,-1.0
2026-06-01,76868,AAON,"AAON, INC.",-1.0
2026-06-01,79879,VIAV,VIAVI SOLUTIONS INC.,-1.0
2026-06-01,80069,ARWR,"ARROWHEAD PHARMACEUTICALS, INC.",-1.0
2026-06-01,82651,WAT,WATERS CORP /DE/,-1.0
2026-06-01,85272,,,-1.0
2026-06-01,85293,,,-1.0
2026-06-01,85464,CWST,CASELLA WASTE SYSTEMS INC,-1.0
2026-06-01,87430,,,-1.0
2026-06-01,88504,BRKR,BRUKER CORP,-1.0
2026-06-01,89973,UTI,UNIVERSAL TECHNICAL INSTITUTE INC,-1.0
2026-06-01,90125,CORT,CORCEPT THERAPEUTICS INC,-1.0
2026-06-01,90444,ORA,"ORMAT TECHNOLOGIES, INC.",-1.0
2026-06-01,91041,LYV,"Live Nation Entertainment, Inc.",-1.0
2026-06-01,91402,,,-1.0
2026-06-01,91612,GSAT,"Globalstar, Inc.",-1.0
2026-06-01,91733,,,-1.0
2026-06-01,92213,,,-1.0
2026-06-01,92294,,,-1.0
2026-07-01,14702,,,1.0
2026-07-01,16126,AZZ,AZZ INC,1.0
2026-07-01,16260,MEDP,"Medpace Holdings, Inc.",1.0
2026-07-01,16591,,,1.0
2026-07-01,18064,FTDR,"Frontdoor, Inc.",1.0
2026-07-01,18065,GTX,Garrett Motion Inc.,1.0
2026-07-01,18424,LEVI,LEVI STRAUSS & CO,1.0
2026-07-01,18968,,,1.0
2026-07-01,20975,DAVE,Dave Inc./DE,1.0
2026-07-01,21219,GPOR,GULFPORT ENERGY CORP,1.0
2026-07-01,29612,,,1.0
2026-07-01,46463,GFF,GRIFFON CORP,1.0
2026-07-01,46886,KLAC,KLA CORP,1.0
2026-07-01,48486,,,1.0
2026-07-01,50876,,,1.0
2026-07-01,53613,MU,MICRON TECHNOLOGY INC,1.0
2026-07-01,75654,,,1.0
2026-07-01,76128,VICR,VICOR CORP,1.0
2026-07-01,76478,ESE,ESCO TECHNOLOGIES INC,1.0
2026-07-01,76708,,,1.0
2026-07-01,79507,,,1.0
2026-07-01,80128,VMI,VALMONT INDUSTRIES INC,1.0
2026-07-01,82702,,,1.0
2026-07-01,84438,HLIO,"HELIOS TECHNOLOGIES, INC.",1.0
2026-07-01,85059,FIX,COMFORT SYSTEMS USA INC,1.0
2026-07-01,85593,AMG,"AFFILIATED MANAGERS GROUP, INC.",1.0
2026-07-01,90249,,,1.0
2026-07-01,91233,MA,Mastercard Inc,1.0
2026-07-01,91392,,,1.0
2026-07-01,92293,TDC,TERADATA CORP /DE/,1.0
2026-07-01,16738,AM,Antero Midstream Corp,0.999124
2026-07-01,91413,EVR,Evercore Inc.,0.998802
2026-07-01,52337,,,0.989631
2026-07-01,18973,BRC,BRADY CORP,0.982838
2026-07-01,17223,,,0.973732
2026-07-01,79499,INOD,INNODATA INC,0.969981
2026-07-01,68196,,,0.967034
2026-07-01,13543,GMED,GLOBUS MEDICAL INC,0.962049
2026-07-01,41355,,,0.959863
2026-07-01,78015,MTX,MINERALS TECHNOLOGIES INC,0.959007
2026-07-01,88860,ALGN,ALIGN TECHNOLOGY INC,0.952379
2026-07-01,73139,SYK,STRYKER CORP,0.952184
2026-07-01,86102,,,0.951188
2026-07-01,86580,NVDA,NVIDIA CORP,0.945849
2026-07-01,60628,FDX,FEDEX CORP,0.945321
2026-07-01,10421,,,0.942958
2026-07-01,89964,,,0.937499
2026-07-01,34032,,,0.932115
2026-07-01,76709,,,0.931283
2026-07-01,16967,CARG,"CarGurus, Inc.",0.929092
2026-07-01,11995,,,0.925142
2026-07-01,14593,,,0.924358
2026-07-01,90319,GOOGL,Alphabet Inc.,0.923507
2026-07-01,18563,,,0.921233
2026-07-01,85621,,,0.916553
2026-07-01,90505,,,0.910487
2026-07-01,84827,,,0.909653
2026-07-01,82800,SCCO,SOUTHERN COPPER CORP/,0.908025
2026-07-01,14318,,,0.89794
2026-07-01,76573,MLI,MUELLER INDUSTRIES INC,0.89472
2026-07-01,13407,,,0.888451
2026-07-01,88661,,,0.879467
2026-07-01,85753,VRSN,VERISIGN INC/CA,0.878591
2026-07-01,65307,RPM,RPM INTERNATIONAL INC/DE/,0.872903
2026-07-01,75603,,,0.871063
2026-07-01,90436,,,0.867253
2026-07-01,76123,,,0.86131
2026-07-01,14179,AR,ANTERO RESOURCES Corp,0.8609
2026-07-01,91234,MWA,"Mueller Water Products, Inc.",0.854784
2026-07-01,87432,A,"AGILENT TECHNOLOGIES, INC.",0.85216
2026-07-01,77274,,,0.848155
2026-07-01,21207,NEM,NEWMONT Corp /DE/,0.84766
2026-07-01,20894,APP,AppLovin Corp,0.837482
2026-07-01,84723,LNG,"Cheniere Energy, Inc.",0.836241
2026-07-01,30940,FLS,FLOWSERVE CORP,0.832523
2026-07-01,79668,,,0.827121
2026-07-01,89968,,,0.826238
2026-07-01,79637,,,0.824094
2026-07-01,49680,DHR,DANAHER CORP /DE/,0.820565
2026-07-01,87657,,,0.809125
2026-07-01,83601,WOR,"WORTHINGTON ENTERPRISES, INC.",0.80275
2026-07-01,91516,AWI,ARMSTRONG WORLD INDUSTRIES INC,0.800818
2026-07-01,85645,INGR,Ingredion Inc,0.795603
2026-07-01,64282,BBWI,"Bath & Body Works, Inc.",0.793112
2026-07-01,89525,CMCSA,COMCAST CORP,0.792323
2026-07-01,26403,,,0.791845
2026-07-01,13963,NWSA,NEWS CORP,0.789637
2026-07-01,10693,EHC,Encompass Health Corp,0.777985
2026-07-01,65700,,,0.77506
2026-07-01,18580,FSLY,"Fastly, Inc.",0.770463
2026-07-01,88664,JKHY,JACK HENRY & ASSOCIATES INC,0.746945
2026-07-01,92852,LOPE,"Grand Canyon Education, Inc.",0.741473
2026-07-01,80864,,,0.73706
2026-07-01,12622,HCA,"HCA Healthcare, Inc.",0.729247
2026-07-01,10696,FISV,FISERV INC,0.716741
2026-07-01,75912,,,0.716279
2026-07-01,79133,,,0.693075
2026-07-01,75510,ADBE,ADOBE INC.,0.688199
2026-07-01,90550,,,0.678526
2026-07-01,83779,PEGA,PEGASYSTEMS INC,0.676967
2026-07-01,89792,,,0.66629
2026-07-01,15623,,,0.642694
2026-07-01,82775,HIG,"HARTFORD INSURANCE GROUP, INC.",0.632811
2026-07-01,92221,MELI,MERCADOLIBRE INC,0.624552
2026-07-01,85631,ADSK,"Autodesk, Inc.",0.590091
2026-07-01,93002,AVGO,Broadcom Inc.,0.565784
2026-07-01,13046,,,0.52389
2026-07-01,13788,,,0.490016
2026-07-01,90215,CRM,"Salesforce, Inc.",0.437856
2026-07-01,90708,MORN,"Morningstar, Inc.",0.417815
2026-07-01,77605,,,0.410392
2026-07-01,92402,,,0.408852
2026-07-01,44134,KMT,KENNAMETAL INC,0.402875
2026-07-01,46690,,,0.367144
2026-07-01,17332,VCTR,"Victory Capital Holdings, Inc.",0.36058
2026-07-01,21357,,,0.343135
2026-07-01,25590,NFG,NATIONAL FUEL GAS CO,0.264728
2026-07-01,81677,,,0.252247
2026-07-01,62092,,,0.158418
2026-07-01,21906,,,0.136416
2026-07-01,87179,NTCT,NETSCOUT SYSTEMS INC,0.029327
2026-07-01,11018,,,0.007306
2026-07-01,63467,BRO,"BROWN & BROWN, INC.",-0.075516
2026-07-01,64936,D,"DOMINION ENERGY, INC",-0.076799
2026-07-01,90071,,,-0.151289
2026-07-01,80286,,,-0.156771
2026-07-01,55511,TXNM,TXNM ENERGY INC,-0.218865
2026-07-01,23931,XEL,XCEL ENERGY INC,-0.260407
2026-07-01,21237,PCOR,"PROCORE TECHNOLOGIES, INC.",-0.278394
2026-07-01,19313,ELVN,"Enliven Therapeutics, Inc.",-0.334319
2026-07-01,19187,,,-0.340479
2026-07-01,17341,,,-0.41506
2026-07-01,89971,SGI,SOMNIGROUP INTERNATIONAL INC.,-0.475431
2026-07-01,81540,COR,"Cencora, Inc.",-0.591813
2026-07-01,18575,,,-0.604914
2026-07-01,90312,WLK,WESTLAKE CORP,-0.6221
2026-07-01,22618,TPG,TPG Inc.,-0.6403
2026-07-01,89031,AXON,"AXON ENTERPRISE, INC.",-0.651017
2026-07-01,77357,,,-0.67959
2026-07-01,52708,LEN,LENNAR CORP /NEW/,-0.680627
2026-07-01,21890,,,-0.68906
2026-07-01,60599,LUMN,"Lumen Technologies, Inc.",-0.695917
2026-07-01,63773,TDS,TELEPHONE & DATA SYSTEMS INC /DE/,-0.705637
2026-07-01,18835,,,-0.719467
2026-07-01,12400,,,-0.730329
2026-07-01,16600,HSY,HERSHEY CO,-0.738864
2026-07-01,22027,JXN,Jackson Financial Inc.,-0.747792
2026-07-01,17039,CNR,"Core Natural Resources, Inc.",-0.757504
2026-07-01,23340,,,-0.75816
2026-07-01,23681,NXT,Nextpower Inc.,-0.758865
2026-07-01,87430,,,-0.774583
2026-07-01,90444,ORA,"ORMAT TECHNOLOGIES, INC.",-0.790658
2026-07-01,21608,,,-0.796862
2026-07-01,18428,,,-0.807767
2026-07-01,32707,HP,"Helmerich & Payne, Inc.",-0.81027
2026-07-01,14401,,,-0.814553
2026-07-01,83509,FCN,"FTI CONSULTING, INC",-0.825581
2026-07-01,19655,STEP,StepStone Group Inc.,-0.850672
2026-07-01,16653,,,-0.855573
2026-07-01,76868,AAON,"AAON, INC.",-0.902633
2026-07-01,90776,WAL,WESTERN ALLIANCE BANCORPORATION,-0.903952
2026-07-01,90175,XPO,"XPO, Inc.",-0.926801
2026-07-01,51625,SCI,SERVICE CORP INTERNATIONAL,-0.936165
2026-07-01,84761,,,-0.94158
2026-07-01,18909,NET,"Cloudflare, Inc.",-0.945311
2026-07-01,16182,,,-0.945643
2026-07-01,86136,SRE,SEMPRA,-0.952156
2026-07-01,91575,,,-0.958359
2026-07-01,93436,,,-0.961705
2026-07-01,91612,,,-0.962425
2026-07-01,42585,SJM,J M SMUCKER Co,-0.969228
2026-07-01,77702,SBUX,STARBUCKS CORP,-0.969889
2026-07-01,20916,,,-0.97009
2026-07-01,88853,,,-0.975978
2026-07-01,46578,CLX,CLOROX CO /DE/,-0.98018
2026-07-01,79879,,,-0.98042
2026-07-01,79864,,,-0.994809
2026-07-01,85488,,,-0.997836
2026-07-01,10258,CLDX,"Celldex Therapeutics, Inc.",-1.0
2026-07-01,11499,CECO,CECO ENVIRONMENTAL CORP,-1.0
2026-07-01,12473,KNX,Knight-Swift Transportation Holdings Inc.,-1.0
2026-07-01,13511,PANW,Palo Alto Networks Inc,-1.0
2026-07-01,14436,,,-1.0
2026-07-01,14472,VRNS,VARONIS SYSTEMS INC,-1.0
2026-07-01,15303,,,-1.0
2026-07-01,15649,,,-1.0
2026-07-01,15707,HPE,Hewlett Packard Enterprise Co,-1.0
2026-07-01,15831,AXSM,"Axsome Therapeutics, Inc.",-1.0
2026-07-01,17045,ACMR,"ACM Research, Inc.",-1.0
2026-07-01,17144,,,-1.0
2026-07-01,17226,COLD,AMERICOLD REALTY TRUST,-1.0
2026-07-01,17372,COGT,"Cogent Biosciences, Inc.",-1.0
2026-07-01,17942,KDP,Keurig Dr Pepper Inc.,-1.0
2026-07-01,18135,GH,"Guardant Health, Inc.",-1.0
2026-07-01,18312,,,-1.0
2026-07-01,18726,CRWD,"CrowdStrike Holdings, Inc.",-1.0
2026-07-01,18776,,,-1.0
2026-07-01,19201,RVMD,"Revolution Medicines, Inc.",-1.0
2026-07-01,19577,RKT,"Rocket Companies, Inc.",-1.0
2026-07-01,19849,SMMT,Summit Therapeutics Inc.,-1.0
2026-07-01,19854,,,-1.0
2026-07-01,20188,CRC,California Resources Corp,-1.0
2026-07-01,20512,CACI,CACI INTERNATIONAL INC /DE/,-1.0
2026-07-01,20646,OSCR,"Oscar Health, Inc.",-1.0
2026-07-01,20648,,,-1.0
2026-07-01,20791,EWTX,"Edgewise Therapeutics, Inc.",-1.0
2026-07-01,21573,,,-1.0
2026-07-01,21747,,,-1.0
2026-07-01,21927,DJT,Trump Media & Technology Group Corp.,-1.0
2026-07-01,21928,,,-1.0
2026-07-01,23054,,,-1.0
2026-07-01,23568,MBC,"MasterBrand, Inc.",-1.0
2026-07-01,23738,,,-1.0
2026-07-01,27887,,,-1.0
2026-07-01,27991,PNW,PINNACLE WEST CAPITAL CORP,-1.0
2026-07-01,32870,HRL,HORMEL FOODS CORP /DE/,-1.0
2026-07-01,34746,FITB,FIFTH THIRD BANCORP,-1.0
2026-07-01,42439,HNI,HNI CORP,-1.0
2026-07-01,59328,,,-1.0
2026-07-01,61567,,,-1.0
2026-07-01,75342,MTH,Meritage Homes CORP,-1.0
2026-07-01,80069,ARWR,"ARROWHEAD PHARMACEUTICALS, INC.",-1.0
2026-07-01,82651,,,-1.0
2026-07-01,84348,,,-1.0
2026-07-01,85272,,,-1.0
2026-07-01,85464,CWST,CASELLA WASTE SYSTEMS INC,-1.0
2026-07-01,88351,,,-1.0
2026-07-01,88504,,,-1.0
2026-07-01,89781,MOH,"MOLINA HEALTHCARE, INC.",-1.0
2026-07-01,89973,,,-1.0
2026-07-01,90125,CORT,CORCEPT THERAPEUTICS INC,-1.0
2026-07-01,90126,,,-1.0
2026-07-01,91041,LYV,"Live Nation Entertainment, Inc.",-1.0
2026-07-01,91402,,,-1.0
2026-07-01,91733,AVAV,AeroVironment Inc,-1.0
2026-07-01,92294,,,-1.0
2026-07-01,92469,ECHO,EchoStar CORP,-1.0
2026-08-01,10421,SKYW,SKYWEST INC,1.0
2026-08-01,16260,MEDP,"Medpace Holdings, Inc.",1.0
2026-08-01,16591,LAUR,"LAUREATE EDUCATION, INC.",1.0
2026-08-01,17223,ADT,ADT Inc.,1.0
2026-08-01,18968,,,1.0
2026-08-01,18973,,,1.0
2026-08-01,29612,,,1.0
2026-08-01,52337,THC,TENET HEALTHCARE CORP,1.0
2026-08-01,68196,SEIC,SEI INVESTMENTS CO,1.0
2026-08-01,76123,JOE,ST JOE Co,1.0
2026-08-01,76709,,,1.0
2026-08-01,76721,,,1.0
2026-08-01,79507,MCRI,MONARCH CASINO & RESORT INC,1.0
2026-08-01,82702,AMRX,"Amneal Pharmaceuticals, Inc.",1.0
2026-08-01,85593,AMG,"AFFILIATED MANAGERS GROUP, INC.",1.0
2026-08-01,85621,,,1.0
2026-08-01,85753,VRSN,VERISIGN INC/CA,1.0
2026-08-01,86102,FHI,"FEDERATED HERMES, INC.",1.0
2026-08-01,88159,,,1.0
2026-08-01,91233,MA,Mastercard Inc,1.0
2026-08-01,76708,CVSA,Covista Inc.,0.998624
2026-08-01,20975,,,0.997368
2026-08-01,91392,TNL,Travel & Leisure Co.,0.991736
2026-08-01,18424,LEVI,LEVI STRAUSS & CO,0.991002
2026-08-01,78015,MTX,MINERALS TECHNOLOGIES INC,0.985656
2026-08-01,16967,,,0.984994
2026-08-01,14593,AAPL,Apple Inc.,0.984129
2026-08-01,73139,SYK,STRYKER CORP,0.982267
2026-08-01,18563,,,0.972499
2026-08-01,16738,AM,Antero Midstream Corp,0.972059
2026-08-01,14318,NMIH,"NMI Holdings, Inc.",0.965485
2026-08-01,76573,MLI,MUELLER INDUSTRIES INC,0.964108
2026-08-01,90505,LVS,LAS VEGAS SANDS CORP,0.961069
2026-08-01,13543,,,0.95658
2026-08-01,41355,,,0.955519
2026-08-01,50876,,,0.954922
2026-08-01,89964,NNI,NELNET INC,0.95264
2026-08-01,88860,ALGN,ALIGN TECHNOLOGY INC,0.95244
2026-08-01,82800,SCCO,SOUTHERN COPPER CORP/,0.949423
2026-08-01,18580,,,0.948675
2026-08-01,21219,,,0.948013
2026-08-01,86580,NVDA,NVIDIA CORP,0.946225
2026-08-01,91413,EVR,Evercore Inc.,0.934826
2026-08-01,18064,,,0.933174
2026-08-01,16126,AZZ,AZZ INC,0.932066
2026-08-01,79637,UHS,UNIVERSAL HEALTH SERVICES INC,0.931165
2026-08-01,60628,FDX,FEDEX CORP,0.925281
2026-08-01,90319,GOOGL,Alphabet Inc.,0.917624
2026-08-01,88661,,,0.912905
2026-08-01,90436,HALO,"HALOZYME THERAPEUTICS, INC.",0.912051
2026-08-01,11995,,,0.909058
2026-08-01,76478,,,0.898042
2026-08-01,75654,,,0.897956
2026-08-01,92293,,,0.891472
2026-08-01,87432,,,0.88523
2026-08-01,14179,AR,ANTERO RESOURCES Corp,0.882903
2026-08-01,46463,,,0.880623
2026-08-01,13407,META,"Meta Platforms, Inc.",0.875496
2026-08-01,13963,NWSA,NEWS CORP,0.874166
2026-08-01,77274,,,0.871676
2026-08-01,84438,,,0.87135
2026-08-01,85059,FIX,COMFORT SYSTEMS USA INC,0.869821
2026-08-01,91516,AWI,ARMSTRONG WORLD INDUSTRIES INC,0.869581
2026-08-01,89968,,,0.86336
2026-08-01,75912,PTC,PTC INC.,0.86293
2026-08-01,18065,GTX,Garrett Motion Inc.,0.856885
2026-08-01,10693,,,0.854221
2026-08-01,79668,BDC,BELDEN INC.,0.853279
2026-08-01,30940,FLS,FLOWSERVE CORP,0.850652
2026-08-01,21207,NEM,NEWMONT Corp /DE/,0.848015
2026-08-01,65307,RPM,RPM INTERNATIONAL INC/DE/,0.842763
2026-08-01,85645,INGR,Ingredion Inc,0.840363
2026-08-01,75510,ADBE,ADOBE INC.,0.838566
2026-08-01,49680,DHR,DANAHER CORP /DE/,0.837571
2026-08-01,83601,,,0.837006
2026-08-01,88664,,,0.833172
2026-08-01,91234,,,0.832781
2026-08-01,80128,VMI,VALMONT INDUSTRIES INC,0.831068
2026-08-01,34032,MAS,MASCO CORP /DE/,0.816119
2026-08-01,65700,USLM,UNITED STATES LIME & MINERALS INC,0.814502
2026-08-01,79499,,,0.803537
2026-08-01,80864,RS,"RELIANCE, INC.",0.799041
2026-08-01,90249,ENS,EnerSys,0.792798
2026-08-01,26403,,,0.789055
2026-08-01,10696,FISV,FISERV INC,0.786118
2026-08-01,89525,CMCSA,COMCAST CORP,0.781737
2026-08-01,87657,EW,Edwards Lifesciences Corp,0.767512
2026-08-01,75603,,,0.756055
2026-08-01,12622,HCA,"HCA Healthcare, Inc.",0.750886
2026-08-01,92852,LOPE,"Grand Canyon Education, Inc.",0.750877
2026-08-01,79133,ATR,"APTARGROUP, INC.",0.742217
2026-08-01,76712,AES,AES CORP,0.723993
2026-08-01,53613,,,0.710227
2026-08-01,85631,ADSK,"Autodesk, Inc.",0.709118
2026-08-01,14702,,,0.699272
2026-08-01,92221,,,0.689177
2026-08-01,83779,PEGA,PEGASYSTEMS INC,0.688771
2026-08-01,64282,BBWI,"Bath & Body Works, Inc.",0.687601
2026-08-01,82775,HIG,"HARTFORD INSURANCE GROUP, INC.",0.675815
2026-08-01,48486,LRCX,LAM RESEARCH CORP,0.673305
2026-08-01,20894,,,0.641088
2026-08-01,84827,RMBS,RAMBUS INC,0.621181
2026-08-01,46886,KLAC,KLA CORP,0.603046
2026-08-01,15623,HLI,"HOULIHAN LOKEY, INC.",0.599431
2026-08-01,89792,CVCO,"CAVCO INDUSTRIES, INC.",0.591317
2026-08-01,93002,AVGO,Broadcom Inc.,0.581413
2026-08-01,13046,,,0.544433
2026-08-01,76128,VICR,VICOR CORP,0.543127
2026-08-01,84723,LNG,"Cheniere Energy, Inc.",0.532566
2026-08-01,13788,,,0.529288
2026-08-01,90708,MORN,"Morningstar, Inc.",0.516044
2026-08-01,90215,,,0.513056
2026-08-01,77605,BSX,BOSTON SCIENTIFIC CORP,0.448145
2026-08-01,17332,VCTR,"Victory Capital Holdings, Inc.",0.423749
2026-08-01,92402,MSCI,MSCI Inc.,0.416572
2026-08-01,44134,KMT,KENNAMETAL INC,0.389293
2026-08-01,75470,MIDD,MIDDLEBY Corp,0.369543
2026-08-01,46690,CBT,CABOT CORP,0.35476
2026-08-01,21357,,,0.344953
2026-08-01,25590,NFG,NATIONAL FUEL GAS CO,0.281446
2026-08-01,81677,WAB,WESTINGHOUSE AIR BRAKE TECHNOLOGIES CORP,0.271407
2026-08-01,13721,ABBV,AbbVie Inc.,0.244657
2026-08-01,62092,TMO,THERMO FISHER SCIENTIFIC INC.,0.181005
2026-08-01,21906,,,0.140826
2026-08-01,87179,,,0.027303
2026-08-01,11018,,,0.008086
2026-08-01,64936,D,"DOMINION ENERGY, INC",-0.077566
2026-08-01,90071,NRG,"NRG ENERGY, INC.",-0.138659
2026-08-01,80286,TSCO,TRACTOR SUPPLY CO /DE/,-0.15215
2026-08-01,55511,TXNM,TXNM ENERGY INC,-0.222625
2026-08-01,23931,XEL,XCEL ENERGY INC,-0.252841
2026-08-01,85293,,,-0.32032
2026-08-01,19313,,,-0.360095
2026-08-01,21237,PCOR,"PROCORE TECHNOLOGIES, INC.",-0.374566
2026-08-01,89971,SGI,SOMNIGROUP INTERNATIONAL INC.,-0.394794
2026-08-01,17341,,,-0.443409
2026-08-01,15408,KHC,Kraft Heinz Co,-0.447078
2026-08-01,18575,PSN,PARSONS CORP,-0.50871
2026-08-01,23681,NXT,Nextpower Inc.,-0.570228
2026-08-01,60599,,,-0.5761
2026-08-01,77357,,,-0.590307
2026-08-01,90312,WLK,WESTLAKE CORP,-0.598991
2026-08-01,89031,AXON,"AXON ENTERPRISE, INC.",-0.610981
2026-08-01,17045,,,-0.61551
2026-08-01,52708,,,-0.621102
2026-08-01,21890,,,-0.62968
2026-08-01,76868,AAON,"AAON, INC.",-0.631061
2026-08-01,63773,,,-0.638193
2026-08-01,59328,INTC,INTEL CORP,-0.643093
2026-08-01,81540,,,-0.649408
2026-08-01,20648,RBLX,Roblox Corp,-0.651752
2026-08-01,18835,,,-0.666681
2026-08-01,22618,,,-0.687551
2026-08-01,90444,,,-0.706178
2026-08-01,93436,TSLA,"Tesla, Inc.",-0.708795
2026-08-01,16600,HSY,HERSHEY CO,-0.735037
2026-08-01,14436,,,-0.743132
2026-08-01,17039,,,-0.753603
2026-08-01,21608,,,-0.786064
2026-08-01,14401,OGS,"ONE Gas, Inc.",-0.81832
2026-08-01,23340,CRBG,"Corebridge Financial, Inc.",-0.823753
2026-08-01,18677,,,-0.826275
2026-08-01,75342,MTH,Meritage Homes CORP,-0.834309
2026-08-01,16653,,,-0.834643
2026-08-01,79864,,,-0.843836
2026-08-01,89781,MOH,"MOLINA HEALTHCARE, INC.",-0.852456
2026-08-01,32707,,,-0.853211
2026-08-01,84348,,,-0.853686
2026-08-01,83509,FCN,"FTI CONSULTING, INC",-0.880641
2026-08-01,90776,WAL,WESTERN ALLIANCE BANCORPORATION,-0.882525
2026-08-01,15831,AXSM,"Axsome Therapeutics, Inc.",-0.887691
2026-08-01,12473,KNX,Knight-Swift Transportation Holdings Inc.,-0.889998
2026-08-01,22027,JXN,Jackson Financial Inc.,-0.890888
2026-08-01,18428,DOW,DOW INC.,-0.891928
2026-08-01,20916,,,-0.89332
2026-08-01,17226,COLD,AMERICOLD REALTY TRUST,-0.89341
2026-08-01,19655,,,-0.899624
2026-08-01,91733,AVAV,AeroVironment Inc,-0.901989
2026-08-01,90126,,,-0.902488
2026-08-01,90175,XPO,"XPO, Inc.",-0.904611
2026-08-01,86136,SRE,SEMPRA,-0.906671
2026-08-01,84761,,,-0.912258
2026-08-01,89973,,,-0.916202
2026-08-01,88351,INSM,INSMED Inc,-0.92188
2026-08-01,88853,,,-0.931791
2026-08-01,27991,,,-0.940932
2026-08-01,21928,IDA,IDACORP INC,-0.941647
2026-08-01,20791,EWTX,"Edgewise Therapeutics, Inc.",-0.942953
2026-08-01,17942,,,-0.94791
2026-08-01,14472,VRNS,VARONIS SYSTEMS INC,-0.949197
2026-08-01,15649,,,-0.976793
2026-08-01,46578,,,-0.978262
2026-08-01,91612,,,-0.984378
2026-08-01,20188,CRC,California Resources Corp,-0.992371
2026-08-01,77702,SBUX,STARBUCKS CORP,-0.996119
2026-08-01,18726,,,-0.997493
2026-08-01,19201,,,-0.998435
2026-08-01,34746,FITB,FIFTH THIRD BANCORP,-0.999406
2026-08-01,18776,,,-0.999436
2026-08-01,10258,CLDX,"Celldex Therapeutics, Inc.",-1.0
2026-08-01,11499,,,-1.0
2026-08-01,12400,LPLA,LPL Financial Holdings Inc.,-1.0
2026-08-01,13511,,,-1.0
2026-08-01,14708,,,-1.0
2026-08-01,15707,HPE,Hewlett Packard Enterprise Co,-1.0
2026-08-01,16005,,,-1.0
2026-08-01,17372,,,-1.0
2026-08-01,17892,,,-1.0
2026-08-01,18135,GH,"Guardant Health, Inc.",-1.0
2026-08-01,18909,,,-1.0
2026-08-01,19433,,,-1.0
2026-08-01,19484,PCVX,"Vaxcyte, Inc.",-1.0
2026-08-01,19813,,,-1.0
2026-08-01,19849,SMMT,Summit Therapeutics Inc.,-1.0
2026-08-01,19854,EBC,"Eastern Bankshares, Inc.",-1.0
2026-08-01,20138,,,-1.0
2026-08-01,20295,,,-1.0
2026-08-01,20325,,,-1.0
2026-08-01,20512,,,-1.0
2026-08-01,20646,,,-1.0
2026-08-01,21007,,,-1.0
2026-08-01,21573,IP,INTERNATIONAL PAPER CO /NEW/,-1.0
2026-08-01,21927,DJT,Trump Media & Technology Group Corp.,-1.0
2026-08-01,23229,CMS,CMS ENERGY CORP,-1.0
2026-08-01,27887,BAX,BAXTER INTERNATIONAL INC,-1.0
2026-08-01,32870,HRL,HORMEL FOODS CORP /DE/,-1.0
2026-08-01,42439,HNI,HNI CORP,-1.0
2026-08-01,42585,,,-1.0
2026-08-01,51625,SCI,SERVICE CORP INTERNATIONAL,-1.0
2026-08-01,63467,BRO,"BROWN & BROWN, INC.",-1.0
2026-08-01,79879,,,-1.0
2026-08-01,80069,,,-1.0
2026-08-01,80539,,,-1.0
2026-08-01,82651,,,-1.0
2026-08-01,85464,CWST,CASELLA WASTE SYSTEMS INC,-1.0
2026-08-01,85488,,,-1.0
2026-08-01,87430,,,-1.0
2026-08-01,88504,BRKR,BRUKER CORP,-1.0
2026-08-01,89217,,,-1.0
2026-08-01,89482,BANC,"BANC OF CALIFORNIA, INC.",-1.0
2026-08-01,90125,CORT,CORCEPT THERAPEUTICS INC,-1.0
2026-08-01,90386,,,-1.0
2026-08-01,91575,HRI,HERC HOLDINGS INC,-1.0
2026-08-01,91832,MDGL,"MADRIGAL PHARMACEUTICALS, INC.",-1.0
2026-08-01,92294,,,-1.0
